# 6x3F - rebuilt from the APC geometry file, millimetres
o 6x3F
v 33.27146 -8.76184 -6.54770
v 33.27146 -8.75262 -6.53332
v 33.35891 -8.76667 -6.53197
v 33.35891 -8.75740 -6.51769
v 33.46805 -8.77268 -6.51234
v 33.46805 -8.76334 -6.49819
v 33.53889 -8.77656 -6.49960
v 33.53889 -8.76718 -6.48554
v 33.62054 -8.78102 -6.48493
v 33.62054 -8.77159 -6.47096
v 33.71294 -8.78604 -6.46832
v 33.71294 -8.77656 -6.45447
v 33.81606 -8.79163 -6.44980
v 33.35891 -8.85532 -6.34910
v 33.46805 -8.86110 -6.32935
v 33.27146 -8.85067 -6.36493
v 33.27146 -8.84279 -6.34780
v 33.35891 -8.84738 -6.33208
v 33.81606 -8.78208 -6.43607
v 33.92984 -8.79776 -6.42936
v 33.92984 -8.78814 -6.41577
v 33.81606 -8.75325 -6.39537
v 33.92984 -8.75910 -6.37548
v 33.27146 -8.72481 -6.49067
v 33.35891 -8.72942 -6.47535
v 33.46805 -8.73516 -6.45624
v 33.53889 -8.73886 -6.44384
v 33.27146 -8.67818 -6.42058
v 33.35891 -8.68253 -6.40577
v 33.46805 -8.68793 -6.38731
v 33.53889 -8.69142 -6.37532
v 33.62054 -8.74312 -6.42956
v 33.71294 -8.74792 -6.41339
v 33.71294 -8.69994 -6.34591
v 33.62054 -8.69543 -6.36152
v 33.81606 -8.70496 -6.32850
v 34.03346 -8.80332 -6.41076
v 34.03346 -8.79363 -6.39729
v 34.18913 -8.81036 -6.38280
v 34.03346 -8.76441 -6.35738
v 34.18913 -8.80057 -6.36955
v 34.18913 -8.77103 -6.33029
v 34.33452 -8.81689 -6.35670
v 34.33452 -8.80700 -6.34365
v 34.49030 -8.82382 -6.32876
v 33.53889 -8.86483 -6.31653
v 33.53889 -8.85678 -6.29972
v 33.27146 -8.81967 -6.29548
v 33.35891 -8.82409 -6.28007
v 33.46805 -8.85309 -6.31245
v 33.46805 -8.82957 -6.26085
v 33.53889 -8.83312 -6.24837
v 33.62054 -8.86913 -6.30175
v 33.62054 -8.86101 -6.28505
v 33.71294 -8.87397 -6.28503
v 33.71294 -8.86579 -6.26844
v 33.81606 -8.87934 -6.26638
v 33.81606 -8.87110 -6.24991
v 33.92984 -8.88525 -6.24580
v 33.92984 -8.87693 -6.22947
v 33.62054 -8.83719 -6.23399
v 33.71294 -8.84178 -6.21773
v 33.27146 -8.78139 -6.20821
v 33.35891 -8.78551 -6.19333
v 33.46805 -8.79063 -6.17476
v 33.53889 -8.79393 -6.16271
v 33.81606 -8.84688 -6.19958
v 33.92984 -8.85248 -6.17956
v 33.71294 -8.80201 -6.13313
v 33.62054 -8.79773 -6.14883
v 33.81606 -8.80677 -6.11561
v 33.27146 -8.61210 -6.32500
v 33.35891 -8.61609 -6.31090
v 33.46805 -8.62104 -6.29331
v 33.53889 -8.62423 -6.28190
v 33.92984 -8.71047 -6.30930
v 33.62054 -8.62790 -6.26875
v 33.71294 -8.63204 -6.25389
v 33.81606 -8.63663 -6.23731
v 33.92984 -8.64167 -6.21904
v 33.62054 -8.53931 -6.15475
v 33.71294 -8.54299 -6.14080
v 33.81606 -8.54707 -6.12525
v 33.92984 -8.55154 -6.10810
v 34.03346 -8.89060 -6.22706
v 34.33452 -8.77716 -6.30501
v 34.49030 -8.81383 -6.31593
v 34.49030 -8.78368 -6.27794
v 34.03346 -8.88221 -6.21086
v 34.03346 -8.85755 -6.16133
v 34.18913 -8.89734 -6.19890
v 34.18913 -8.88885 -6.18291
v 34.18913 -8.86384 -6.13406
v 34.33452 -8.90359 -6.17261
v 34.33452 -8.89499 -6.15683
v 34.33452 -8.86967 -6.10859
v 34.49030 -8.91024 -6.14445
v 34.49030 -8.90153 -6.12889
v 34.03346 -8.71545 -6.29182
v 34.18913 -8.72155 -6.26580
v 34.33452 -8.72720 -6.24153
v 34.49030 -8.73320 -6.21555
v 34.03346 -8.64623 -6.20241
v 34.18913 -8.65163 -6.17786
v 34.33452 -8.65662 -6.15496
v 34.49030 -8.66192 -6.13046
v 33.27146 -8.52526 -6.20758
v 33.35891 -8.52881 -6.19433
v 33.46805 -8.53321 -6.17780
v 33.53889 -8.53605 -6.16709
v 34.65639 -8.83115 -6.29899
v 34.65639 -8.82105 -6.28639
v 34.79546 -8.83724 -6.27408
v 34.65639 -8.79057 -6.24911
v 34.79546 -8.82704 -6.26168
v 34.79546 -8.79628 -6.22498
v 35.01919 -8.84372 -6.23379
v 35.01919 -8.83337 -6.22174
v 34.65639 -8.91726 -6.11445
v 35.01919 -8.80213 -6.18611
v 35.21570 -8.84932 -6.19844
v 35.21570 -8.83882 -6.18670
v 35.01919 -8.74986 -6.12761
v 35.21570 -8.80717 -6.15201
v 34.65639 -8.73954 -6.18787
v 34.79546 -8.74481 -6.16472
v 34.65639 -8.66753 -6.10436
v 35.42216 -8.85510 -6.16135
v 35.56000 -8.85890 -6.13662
v 35.42216 -8.84446 -6.14994
v 35.42216 -8.81237 -6.11623
v 35.56000 -8.84817 -6.12542
v 35.63845 -8.86044 -6.12246
v 35.63845 -8.84965 -6.11139
v 33.92984 -8.81198 -6.09629
v 33.81606 -8.75029 -5.99964
v 33.92984 -8.75499 -5.98128
v 33.27146 -8.72742 -6.08774
v 33.35891 -8.73113 -6.07358
v 33.46805 -8.73575 -6.05590
v 33.53889 -8.73873 -6.04444
v 33.62054 -8.74215 -6.03124
v 33.71294 -8.74601 -6.01630
v 33.27146 -8.65657 -5.93741
v 33.35891 -8.65980 -5.92411
v 33.46805 -8.66380 -5.90754
v 33.53889 -8.66638 -5.89679
v 33.62054 -8.66935 -5.88441
v 34.03346 -8.81671 -6.07870
v 34.18913 -8.82243 -6.05253
v 34.49030 -8.87587 -6.08133
v 34.33452 -8.82773 -6.02810
v 34.49030 -8.83336 -6.00194
v 34.03346 -8.75924 -5.96456
v 34.18913 -8.76419 -5.93989
v 34.33452 -8.76877 -5.91686
v 34.49030 -8.77363 -5.89222
v 34.03346 -8.55559 -6.09251
v 34.18913 -8.56014 -6.06974
v 34.33452 -8.56434 -6.04852
v 34.49030 -8.56880 -6.02580
v 33.71294 -8.67269 -5.87041
v 33.81606 -8.67640 -5.85481
v 33.92984 -8.68046 -5.83761
v 33.27146 -8.56261 -5.77122
v 33.35891 -8.56532 -5.75886
v 33.46805 -8.56868 -5.74346
v 33.53889 -8.57085 -5.73347
v 33.62054 -8.57334 -5.72198
v 33.71294 -8.57614 -5.70898
v 33.81606 -8.57924 -5.69450
v 33.92984 -8.58265 -5.67854
v 34.03346 -8.68414 -5.82196
v 34.18913 -8.68814 -5.79911
v 34.33452 -8.69184 -5.77781
v 34.03346 -8.58572 -5.66402
v 34.49030 -8.69577 -5.75501
v 33.27146 -8.41517 -6.07458
v 33.35891 -8.41825 -6.06224
v 33.46805 -8.42208 -6.04686
v 33.53889 -8.42455 -6.03689
v 33.81606 -8.43411 -5.99798
v 33.62054 -8.42738 -6.02542
v 33.71294 -8.43057 -6.01244
v 33.92984 -8.43799 -5.98205
v 33.27146 -8.28385 -5.92326
v 33.35891 -8.28645 -5.91189
v 33.46805 -8.28967 -5.89772
v 33.53889 -8.29175 -5.88854
v 34.03346 -8.44150 -5.96756
v 34.18913 -8.44516 -5.94670
v 34.33452 -8.44854 -5.92726
v 34.49030 -8.45212 -5.90646
v 33.62054 -8.29413 -5.87798
v 33.71294 -8.29681 -5.86604
v 33.81606 -8.29978 -5.85274
v 33.92984 -8.30304 -5.83809
v 33.27146 -8.12855 -5.76097
v 33.35891 -8.13066 -5.75059
v 33.46805 -8.13327 -5.73766
v 33.53889 -8.13496 -5.72929
v 33.62054 -8.13689 -5.71966
v 33.71294 -8.13906 -5.70878
v 33.81606 -8.14147 -5.69667
v 33.92984 -8.14410 -5.68333
v 34.03346 -8.30599 -5.82477
v 34.18913 -8.30871 -5.80592
v 34.33452 -8.31123 -5.78836
v 34.03346 -8.14648 -5.67121
v 34.49030 -8.31389 -5.76958
v 34.65639 -8.90843 -6.09912
v 34.65639 -8.88241 -6.05227
v 34.79546 -8.92309 -6.08934
v 34.79546 -8.91416 -6.07421
v 34.79546 -8.88784 -6.02796
v 35.01919 -8.92919 -6.04871
v 35.01919 -8.92009 -6.03395
v 35.21570 -8.93445 -6.01307
v 35.21570 -8.92520 -5.99861
v 35.21570 -8.75421 -6.09505
v 34.65639 -8.83931 -5.97407
v 34.79546 -8.84424 -5.95076
v 35.01919 -8.89325 -5.98878
v 35.21570 -8.89791 -5.95440
v 35.01919 -8.84879 -5.91338
v 34.79546 -8.67217 -6.08253
v 34.65639 -8.57351 -6.00162
v 35.01919 -8.67615 -6.04781
v 35.21570 -8.67957 -6.01735
v 34.79546 -8.57742 -5.98140
v 35.01919 -8.58012 -5.94958
v 35.21570 -8.58242 -5.92168
v 35.42216 -8.75870 -6.06090
v 35.56000 -8.81579 -6.09237
v 35.56000 -8.76165 -6.03812
v 35.86448 -8.86479 -6.08173
v 35.63845 -8.81711 -6.07872
v 35.86448 -8.85386 -6.07102
v 35.63845 -8.76271 -6.02509
v 35.86448 -8.82086 -6.03943
v 35.42216 -8.93987 -5.97566
v 35.42216 -8.93047 -5.96153
v 35.56000 -8.94344 -5.95070
v 35.42216 -8.90272 -5.91833
v 35.56000 -8.93394 -5.93680
v 35.56000 -8.90587 -5.89426
v 35.63845 -8.94486 -5.93642
v 35.63845 -8.93530 -5.92265
v 35.86448 -8.94885 -5.89533
v 35.86448 -8.76571 -5.98759
v 35.42216 -8.68310 -5.98541
v 35.56000 -8.68541 -5.96410
v 35.42216 -8.58478 -5.89242
v 35.63845 -8.68612 -5.95191
v 35.86448 -8.68811 -5.91684
v 34.65639 -8.77876 -5.86597
v 34.79546 -8.78301 -5.84402
v 35.21570 -8.85270 -5.88058
v 35.01919 -8.78639 -5.80909
v 35.21570 -8.78928 -5.77845
v 34.65639 -8.69991 -5.73074
v 34.79546 -8.70334 -5.71045
v 35.01919 -8.70529 -5.67851
v 35.42216 -8.85673 -5.84617
v 35.56000 -8.85937 -5.82321
v 35.63845 -8.90706 -5.88049
v 35.86448 -8.93913 -5.88192
v 35.86448 -8.91040 -5.84086
v 35.63845 -8.86027 -5.81008
v 35.86448 -8.86280 -5.77228
v 35.42216 -8.79225 -5.74631
v 35.56000 -8.79420 -5.72487
v 35.63845 -8.79471 -5.71260
v 35.86448 -8.79612 -5.67730
v 35.56000 -8.58633 -5.87290
v 35.63845 -8.58662 -5.86174
v 35.86448 -8.58739 -5.82961
v 34.65639 -8.45590 -5.88433
v 34.79546 -8.45903 -5.86582
v 35.01919 -8.46038 -5.83710
v 35.21570 -8.46152 -5.81193
v 34.65639 -8.31669 -5.74961
v 34.79546 -8.31901 -5.73292
v 35.01919 -8.31897 -5.70746
v 35.21570 -8.31890 -5.68516
v 35.42216 -8.46268 -5.78552
v 35.56000 -8.46342 -5.76791
v 35.63845 -8.46327 -5.75784
v 35.86448 -8.46279 -5.72886
v 35.42216 -8.31879 -5.66177
v 36.10012 -8.86920 -6.03935
v 36.10012 -8.85811 -6.02901
v 36.10012 -8.82465 -5.99854
v 36.32200 -8.87324 -5.99951
v 36.10012 -8.76873 -5.94856
v 36.32200 -8.86200 -5.98953
v 36.59975 -8.87488 -5.94974
v 36.59975 -8.86343 -5.94027
v 36.32200 -8.82811 -5.96011
v 36.32200 -8.77148 -5.91187
v 36.59975 -8.82891 -5.91243
v 36.86349 -8.87627 -5.90259
v 36.86349 -8.86463 -5.89362
v 36.10012 -8.95289 -5.85255
v 36.10012 -8.94300 -5.83951
v 36.10012 -8.91377 -5.79961
v 36.32200 -8.95657 -5.81233
v 36.32200 -8.94653 -5.79965
v 36.59975 -8.77124 -5.86680
v 36.10012 -8.86533 -5.73293
v 36.32200 -8.91683 -5.76083
v 36.59975 -8.95780 -5.76207
v 36.59975 -8.94754 -5.74992
v 36.32200 -8.86762 -5.69594
v 36.59975 -8.91716 -5.71270
v 36.10012 -8.69010 -5.88033
v 36.10012 -8.58814 -5.79617
v 36.32200 -8.69189 -5.84601
v 36.59975 -8.69024 -5.80447
v 36.32200 -8.58878 -5.76472
v 36.59975 -8.58544 -5.72747
v 36.86349 -8.82952 -5.86727
v 36.86349 -8.77088 -5.82408
v 37.11702 -8.87746 -5.85737
v 37.11702 -8.86563 -5.84887
v 37.11702 -8.82997 -5.82394
v 37.11702 -8.77043 -5.78309
v 36.86349 -8.95880 -5.71445
v 36.86349 -8.94834 -5.70280
v 36.86349 -8.91733 -5.66710
v 37.11702 -8.95962 -5.66877
v 36.86349 -8.68858 -5.76508
v 36.86349 -8.58221 -5.69213
v 37.11702 -8.68690 -5.72726
v 36.10012 -8.46224 -5.69869
v 36.32200 -8.46169 -5.67030
v 37.41814 -8.87486 -5.80330
v 37.41814 -8.86285 -5.79529
v 37.41814 -8.82667 -5.77179
v 37.41814 -8.76627 -5.73333
v 37.70877 -8.87215 -5.75128
v 37.70877 -8.85998 -5.74372
v 37.70877 -8.82331 -5.72161
v 37.70877 -8.76211 -5.68542
v 37.41814 -8.68159 -5.68074
v 38.00806 -8.86916 -5.69788
v 38.00806 -8.85683 -5.69079
v 38.00806 -8.81967 -5.67008
v 34.18913 -8.58875 -5.64313
v 34.33452 -8.59154 -5.62365
v 34.49030 -8.59449 -5.60281
v 33.27146 -8.44336 -5.59507
v 33.35891 -8.44555 -5.58369
v 33.46805 -8.44826 -5.56951
v 33.53889 -8.45001 -5.56033
v 33.62054 -8.45201 -5.54975
v 33.71294 -8.45426 -5.53780
v 33.81606 -8.45676 -5.52449
v 33.92984 -8.45949 -5.50982
v 34.03346 -8.46196 -5.49649
v 34.18913 -8.46400 -5.47761
v 34.33452 -8.46587 -5.46002
v 34.49030 -8.46785 -5.44121
v 34.18913 -8.14828 -5.65441
v 34.33452 -8.14993 -5.63877
v 34.49030 -8.15168 -5.62205
v 33.27146 -8.30052 -5.40712
v 33.35891 -8.30218 -5.39675
v 33.46805 -8.30424 -5.38383
v 33.53889 -8.30557 -5.37546
v 33.62054 -8.30709 -5.36583
v 33.71294 -8.30879 -5.35495
v 33.81606 -8.31068 -5.34283
v 33.92984 -8.31274 -5.32949
v 34.03346 -8.31460 -5.31736
v 34.18913 -8.31566 -5.30053
v 34.33452 -8.31662 -5.28487
v 34.49030 -8.31763 -5.26812
v 34.65639 -8.59760 -5.58063
v 34.79546 -8.60017 -5.56209
v 35.21570 -8.70695 -5.65051
v 35.01919 -8.60066 -5.53332
v 35.21570 -8.60105 -5.50810
v 35.42216 -8.70864 -5.62113
v 35.56000 -8.70973 -5.60153
v 35.63845 -8.70977 -5.59033
v 35.86448 -8.70984 -5.55807
v 35.42216 -8.60141 -5.48164
v 35.56000 -8.60162 -5.46400
v 35.63845 -8.60118 -5.45391
v 35.86448 -8.59986 -5.42488
v 34.65639 -8.15352 -5.60428
v 34.79546 -8.15503 -5.58944
v 35.01919 -8.15361 -5.56731
v 35.21570 -8.15233 -5.54792
v 35.56000 -8.31870 -5.64617
v 35.63845 -8.31809 -5.63726
v 35.86448 -8.31630 -5.61161
v 35.42216 -8.15098 -5.52760
v 35.56000 -8.15007 -5.51406
v 35.63845 -8.14900 -5.50632
v 35.86448 -8.14593 -5.48405
v 34.65639 -8.46993 -5.42120
v 34.79546 -8.47164 -5.40448
v 35.01919 -8.47066 -5.37897
v 35.21570 -8.46977 -5.35661
v 34.65639 -8.31868 -5.25031
v 34.79546 -8.31955 -5.23542
v 35.42216 -8.46881 -5.33317
v 35.56000 -8.46815 -5.31753
v 35.63845 -8.46722 -5.30859
v 35.86448 -8.46453 -5.28287
v 33.27146 -8.13546 -5.20646
v 33.35891 -8.13661 -5.19711
v 33.46805 -8.13801 -5.18547
v 33.53889 -8.13892 -5.17793
v 33.62054 -8.13995 -5.16926
v 33.71294 -8.14110 -5.15947
v 33.81606 -8.14238 -5.14856
v 33.92984 -8.14377 -5.13656
v 34.03346 -8.14503 -5.12565
v 34.18913 -8.14511 -5.11091
v 34.33452 -8.14517 -5.09719
v 34.49030 -8.14522 -5.08252
v 35.01919 -8.31712 -5.21322
v 35.21570 -8.31497 -5.19377
v 34.65639 -8.14525 -5.06693
v 34.79546 -8.14527 -5.05391
v 35.01919 -8.14141 -5.03505
v 35.21570 -8.13802 -5.01853
v 35.42216 -8.31270 -5.17337
v 35.56000 -8.31118 -5.15977
v 35.63845 -8.30978 -5.15200
v 35.86448 -8.30574 -5.12963
v 35.42216 -8.13446 -5.00120
v 35.56000 -8.13210 -4.98965
v 35.63845 -8.13023 -4.98305
v 35.86448 -8.12487 -4.96406
v 33.27146 -7.94864 -5.59086
v 33.35891 -7.95027 -5.58149
v 33.46805 -7.95229 -5.56982
v 33.53889 -7.95359 -5.56227
v 33.62054 -7.95508 -5.55359
v 33.71294 -7.95675 -5.54379
v 33.81606 -7.95860 -5.53287
v 33.92984 -7.96062 -5.52086
v 34.03346 -7.96244 -5.50996
v 34.18913 -7.96333 -5.49522
v 34.33452 -7.96415 -5.48152
v 34.49030 -7.96500 -5.46688
v 33.27146 -7.74644 -5.41034
v 33.35891 -7.74759 -5.40200
v 33.46805 -7.74900 -5.39163
v 33.53889 -7.74992 -5.38493
v 33.62054 -7.75096 -5.37722
v 33.71294 -7.75212 -5.36852
v 33.81606 -7.75341 -5.35883
v 33.92984 -7.75481 -5.34819
v 34.03346 -7.75607 -5.33853
v 34.18913 -7.75606 -5.32591
v 34.33452 -7.75604 -5.31418
v 34.49030 -7.75600 -5.30167
v 33.27146 -7.52201 -5.22160
v 34.65639 -7.96589 -5.45132
v 34.79546 -7.96662 -5.43834
v 35.01919 -7.96385 -5.41955
v 35.21570 -7.96141 -5.40310
v 34.65639 -7.75594 -5.28838
v 34.79546 -7.75588 -5.27730
v 35.01919 -7.75178 -5.26192
v 35.21570 -7.74818 -5.24846
v 35.42216 -7.95885 -5.38586
v 35.56000 -7.95714 -5.37437
v 35.63845 -7.95564 -5.36782
v 35.86448 -7.95132 -5.34895
v 35.42216 -7.74441 -5.23437
v 35.56000 -7.74191 -5.22499
v 35.63845 -7.73997 -5.21964
v 33.27146 -7.94880 -4.99396
v 33.35891 -7.94941 -4.98566
v 33.46805 -7.95016 -4.97534
v 33.53889 -7.95063 -4.96866
v 33.62054 -7.95117 -4.96097
v 33.71294 -7.95178 -4.95229
v 33.81606 -7.95244 -4.94264
v 33.92984 -7.95316 -4.93201
v 34.03346 -7.95380 -4.92235
v 34.18913 -7.95291 -4.90974
v 34.33452 -7.95206 -4.89800
v 34.49030 -7.95114 -4.88547
v 33.35891 -7.52268 -5.21431
v 33.46805 -7.52351 -5.20525
v 33.53889 -7.52404 -5.19938
v 33.62054 -7.52464 -5.19265
v 33.71294 -7.52531 -5.18506
v 33.81606 -7.52605 -5.17661
v 33.92984 -7.52685 -5.16734
v 34.03346 -7.52757 -5.15892
v 34.18913 -7.52667 -5.14842
v 34.33452 -7.52583 -5.13867
v 34.49030 -7.52492 -5.12828
v 35.86448 -7.73441 -5.20425
v 34.65639 -7.95015 -4.87215
v 34.79546 -7.94933 -4.86103
v 35.01919 -7.94404 -4.84556
v 35.21570 -7.93942 -4.83202
v 35.42216 -7.93458 -4.81783
v 35.56000 -7.93137 -4.80836
v 35.63845 -7.92904 -4.80296
v 35.86448 -7.92237 -4.78741
v 34.65639 -7.52394 -5.11726
v 34.79546 -7.52312 -5.10808
v 35.01919 -7.51772 -5.09609
v 35.21570 -7.51301 -5.08562
v 35.42216 -7.50808 -5.07467
v 35.56000 -7.50480 -5.06739
v 35.63845 -7.50245 -5.06324
v 35.86448 -7.49571 -5.05131
v 36.10012 -8.79751 -5.64055
v 36.59975 -8.86682 -5.65048
v 36.32200 -8.79874 -5.60600
v 36.59975 -8.79641 -5.56417
v 36.10012 -8.70984 -5.52450
v 36.32200 -8.70979 -5.49292
v 36.59975 -8.70560 -5.45552
v 36.86349 -8.86594 -5.60738
v 37.11702 -8.94896 -5.65760
v 37.11702 -8.91736 -5.62334
v 37.11702 -8.86499 -5.56602
v 36.86349 -8.79412 -5.52450
v 37.11702 -8.79183 -5.48640
v 37.11702 -8.57907 -5.65817
v 36.10012 -8.59844 -5.39465
v 36.32200 -8.59707 -5.36622
v 36.59975 -8.59098 -5.33349
v 36.86349 -8.70158 -5.42003
v 37.11702 -8.69767 -5.38592
v 36.86349 -8.58518 -5.30241
v 37.11702 -8.57960 -5.27252
v 36.59975 -8.45659 -5.63763
v 36.10012 -8.31441 -5.58490
v 36.32200 -8.31261 -5.55977
v 36.10012 -8.14271 -5.46087
v 36.59975 -8.30569 -5.53193
v 36.32200 -8.13969 -5.43905
v 36.86349 -8.45174 -5.60661
v 37.11702 -8.44706 -5.57676
v 36.86349 -8.29914 -5.50547
v 37.11702 -8.29287 -5.48000
v 36.10012 -8.46171 -5.25609
v 36.32200 -8.45903 -5.23088
v 36.59975 -8.13096 -5.41614
v 36.86349 -8.12274 -5.39433
v 37.41814 -8.95661 -5.61415
v 37.41814 -8.94577 -5.60346
v 37.41814 -8.91360 -5.57067
v 37.70877 -8.95351 -5.56158
v 37.70877 -8.94249 -5.55135
v 37.41814 -8.86029 -5.51579
v 37.41814 -8.78585 -5.43951
v 37.70877 -8.90980 -5.51997
v 37.70877 -8.85561 -5.46742
v 37.41814 -8.57238 -5.61559
v 37.70877 -8.67635 -5.63593
v 37.70877 -8.56585 -5.57453
v 38.00806 -8.75768 -5.63620
v 38.31588 -8.86587 -5.64315
v 38.31588 -8.85339 -5.63653
v 38.31588 -8.81575 -5.61724
v 38.31588 -8.75296 -5.58570
v 38.00806 -8.95013 -5.50760
v 38.00806 -8.93894 -5.49784
v 38.00806 -8.90571 -5.46789
v 38.31588 -8.94644 -5.45225
v 38.31588 -8.93507 -5.44297
v 38.00806 -8.67084 -5.58985
v 38.00806 -8.55906 -5.53227
v 38.31588 -8.66506 -5.54254
v 38.31588 -8.55201 -5.48883
v 37.70877 -8.77997 -5.39433
v 37.41814 -8.69014 -5.34311
v 37.41814 -8.57050 -5.23403
v 37.70877 -8.68281 -5.30183
v 38.00806 -8.85064 -5.41772
v 38.00806 -8.77380 -5.34787
v 38.31588 -8.90132 -5.41447
v 38.31588 -8.84538 -5.36671
v 38.31588 -8.76735 -5.30016
v 38.00806 -8.67519 -5.25934
v 37.41814 -8.43895 -5.53841
v 37.70877 -8.43109 -5.50139
v 37.41814 -8.28327 -5.44615
v 38.00806 -8.42297 -5.46324
v 37.70877 -8.27402 -5.41344
v 38.31588 -8.41460 -5.42398
v 38.00806 -8.26452 -5.37969
v 38.31588 -8.25477 -5.34492
v 36.59975 -8.45105 -5.20296
v 36.10012 -8.30154 -5.10632
v 36.32200 -8.29758 -5.08439
v 36.59975 -8.28774 -5.06132
v 36.86349 -8.44349 -5.17642
v 37.11702 -8.43626 -5.15086
v 36.86349 -8.27846 -5.03937
v 37.11702 -8.26961 -5.01819
v 36.10012 -8.11931 -4.94427
v 37.70877 -8.56169 -5.19687
v 38.00806 -8.55260 -5.15858
v 38.31588 -8.66729 -5.21566
v 38.31588 -8.54323 -5.11918
v 37.41814 -8.42562 -5.11679
v 37.70877 -8.41538 -5.08387
v 38.00806 -8.40485 -5.04990
v 38.31588 -8.39405 -5.01490
v 37.41814 -8.25748 -4.98862
v 37.70877 -8.24584 -4.96000
v 38.00806 -8.23392 -4.93043
v 38.31588 -8.22173 -4.89990
v 36.10012 -7.94683 -5.32931
v 36.32200 -7.94262 -5.31083
v 36.59975 -7.93216 -5.29285
v 37.11702 -8.11490 -5.37331
v 36.86349 -7.92232 -5.27571
v 37.11702 -7.91296 -5.25916
v 37.41814 -8.10386 -5.34406
v 37.70877 -8.09326 -5.31576
v 37.41814 -7.90054 -5.23455
v 38.00806 -8.08240 -5.28653
v 38.31588 -8.07129 -5.25636
v 36.10012 -7.72866 -5.18822
v 36.32200 -7.72328 -5.17315
v 36.59975 -7.71110 -5.16020
v 36.86349 -7.69966 -5.14783
v 36.32200 -8.11410 -4.92564
v 36.59975 -8.10244 -4.90747
v 36.86349 -8.09147 -4.89013
v 37.11702 -8.08103 -4.87338
v 36.10012 -7.48874 -5.03890
v 36.32200 -7.48223 -5.02722
v 36.59975 -7.46840 -5.01929
v 37.11702 -7.68879 -5.13585
v 36.86349 -7.45542 -5.01167
v 37.11702 -7.44311 -5.00424
v 37.70877 -7.88865 -5.21071
v 38.00806 -7.87650 -5.18605
v 38.31588 -7.86411 -5.16054
v 37.41814 -8.06746 -4.84836
v 37.70877 -8.05447 -4.82411
v 38.00806 -8.04119 -4.79900
v 37.41814 -7.67503 -5.11599
v 37.70877 -7.66186 -5.09672
v 38.00806 -7.64844 -5.07674
v 38.31588 -7.63479 -5.05602
v 37.41814 -7.42807 -4.98914
v 37.70877 -7.41371 -4.97444
v 38.00806 -7.39909 -4.95915
v 38.31588 -7.38424 -4.94324
v 33.27146 -7.27400 -5.03001
v 33.35891 -7.27422 -5.02375
v 33.46805 -7.27449 -5.01597
v 33.53889 -7.27466 -5.01095
v 33.62054 -7.27484 -5.00518
v 33.71294 -7.27505 -4.99868
v 33.81606 -7.27526 -4.99146
v 33.92984 -7.27549 -4.98353
v 33.27146 -7.00504 -4.83291
v 33.35891 -7.00483 -4.82767
v 33.46805 -7.00456 -4.82118
v 33.53889 -7.00438 -4.81698
v 33.62054 -7.00417 -4.81217
v 33.71294 -7.00392 -4.80676
v 33.81606 -7.00363 -4.80075
v 33.92984 -7.00331 -4.79416
v 34.03346 -7.27569 -4.97634
v 34.18913 -7.27397 -4.96791
v 34.33452 -7.27235 -4.96010
v 34.49030 -7.27063 -4.95180
v 34.03346 -7.00300 -4.78819
v 34.18913 -7.00049 -4.78182
v 34.33452 -6.99814 -4.77593
v 34.65639 -7.26878 -4.94300
v 34.79546 -7.26724 -4.93568
v 35.01919 -7.26064 -4.92701
v 35.21570 -7.25488 -4.91946
v 35.42216 -7.24887 -4.91157
v 35.56000 -7.24488 -4.90633
v 35.63845 -7.24215 -4.90336
v 35.86448 -7.23431 -4.89482
v 36.10012 -7.22622 -4.88593
v 36.32200 -7.21867 -4.87756
v 36.59975 -7.20332 -4.87451
v 36.86349 -7.18893 -4.87152
v 37.11702 -7.17528 -4.86853
v 37.41814 -7.15909 -4.85808
v 37.70877 -7.14365 -4.84786
v 38.00806 -7.12796 -4.83716
v 38.31588 -7.11204 -4.82596
v 38.63205 -8.85830 -5.58702
v 38.63205 -8.84566 -5.58090
v 38.63205 -8.80754 -5.56310
v 38.95643 -8.84962 -5.52965
v 38.95643 -8.83682 -5.52403
v 38.95643 -8.79823 -5.50773
v 38.63205 -8.74397 -5.53401
v 38.63205 -8.65501 -5.49417
v 38.63205 -8.54070 -5.44452
v 38.95643 -8.73388 -5.48113
v 38.95643 -8.64390 -5.44466
v 39.28884 -8.84049 -5.47110
v 39.28884 -8.82753 -5.46598
v 39.28884 -8.78848 -5.45120
v 38.63205 -8.93848 -5.39550
v 38.63205 -8.92695 -5.38671
v 38.63205 -8.89268 -5.35973
v 38.95643 -8.92941 -5.33747
v 38.95643 -8.91771 -5.32919
v 38.63205 -8.83586 -5.31449
v 38.63205 -8.75665 -5.25138
v 38.95643 -8.88293 -5.30374
v 38.95643 -8.82526 -5.26106
v 39.62912 -8.83090 -5.41141
v 39.62912 -8.81779 -5.40680
v 39.62912 -8.77830 -5.39354
v 39.85260 -8.82446 -5.37236
v 39.85260 -8.81126 -5.36807
v 39.85260 -8.77149 -5.35578
v 39.28884 -8.91989 -5.27823
v 39.28884 -8.90802 -5.27046
v 39.28884 -8.87273 -5.24656
v 39.62912 -8.90989 -5.21784
v 39.28884 -8.72339 -5.42709
v 39.28884 -8.63239 -5.39401
v 39.62912 -8.71247 -5.37192
v 39.85260 -8.70520 -5.33577
v 39.62912 -8.62049 -5.34223
v 39.85260 -8.61261 -5.30826
v 38.63205 -8.40199 -5.38405
v 38.95643 -8.52835 -5.39912
v 38.95643 -8.38837 -5.34309
v 38.63205 -8.24081 -5.30969
v 38.95643 -8.22586 -5.27352
v 39.28884 -8.51564 -5.35259
v 39.28884 -8.37441 -5.30104
v 39.62912 -8.50257 -5.30495
v 39.85260 -8.49396 -5.27365
v 39.62912 -8.36014 -5.25790
v 39.85260 -8.35076 -5.22950
v 39.28884 -8.21060 -5.23632
v 39.97708 -8.81870 -5.35046
v 39.97708 -8.80544 -5.34638
v 39.97708 -8.76550 -5.33470
v 40.33256 -8.80208 -5.28816
v 40.33256 -8.78867 -5.28465
v 39.97708 -8.69894 -5.31569
v 39.97708 -8.60597 -5.28955
v 40.33256 -8.74825 -5.27467
v 40.33256 -8.68092 -5.25846
v 40.33256 -8.58693 -5.23614
v 40.69537 -8.78485 -5.22490
v 40.69537 -8.77128 -5.22195
v 39.97708 -8.48687 -5.25659
v 38.63205 -8.65516 -5.17111
v 38.95643 -8.74488 -5.20145
v 38.95643 -8.64198 -5.12545
v 39.28884 -8.81422 -5.20645
v 39.62912 -8.89787 -5.21057
v 39.62912 -8.86208 -5.18823
v 39.85260 -8.90320 -5.17830
v 39.85260 -8.89107 -5.17137
v 39.85260 -8.85497 -5.15002
v 39.62912 -8.80276 -5.15069
v 39.85260 -8.79513 -5.11414
v 39.28884 -8.73270 -5.15035
v 39.28884 -8.62841 -5.07867
v 39.62912 -8.72012 -5.09811
v 39.85260 -8.71179 -5.06384
v 39.62912 -8.61447 -5.03075
v 39.85260 -8.60529 -4.99928
v 38.63205 -8.52965 -5.07910
v 38.95643 -8.51504 -5.03800
v 39.28884 -8.50007 -4.99581
v 39.62912 -8.19504 -5.19805
v 39.85260 -8.18487 -5.17282
v 38.63205 -8.37907 -4.97943
v 38.95643 -8.36308 -4.94302
v 38.63205 -8.20541 -4.86913
v 38.95643 -8.18810 -4.83751
v 39.28884 -8.34677 -4.90556
v 39.62912 -8.48476 -4.95251
v 39.85260 -8.47471 -4.92402
v 39.62912 -8.33013 -4.86703
v 39.28884 -8.17049 -4.80489
v 39.85260 -8.31925 -4.84162
v 39.97708 -8.89731 -5.15615
v 39.97708 -8.88512 -5.14942
v 39.97708 -8.84884 -5.12869
v 39.97708 -8.78868 -5.09384
v 40.33256 -8.88031 -5.09309
v 40.33256 -8.86796 -5.08693
v 40.33256 -8.83116 -5.06795
v 40.33256 -8.77014 -5.03599
v 39.97708 -8.70491 -5.04495
v 41.06533 -8.76700 -5.16072
v 41.06533 -8.75329 -5.15833
v 40.69537 -8.86269 -5.02904
v 40.69537 -8.85018 -5.02345
v 40.69537 -8.81289 -5.00620
v 40.69537 -8.73043 -5.21366
v 40.69537 -8.66237 -5.20023
v 40.69537 -8.56739 -5.18169
v 41.06533 -8.71201 -5.15171
v 41.06533 -8.64326 -5.14103
v 41.06533 -8.54736 -5.12622
v 39.97708 -8.59790 -4.98213
v 40.33256 -8.68521 -4.99107
v 40.33256 -8.57678 -4.93311
v 40.69537 -8.75105 -4.97711
v 41.06533 -8.84445 -4.96406
v 41.06533 -8.83179 -4.95903
v 41.06533 -8.79402 -4.94349
v 40.69537 -8.66499 -4.93612
v 41.06533 -8.73140 -4.91724
v 40.69537 -8.55521 -4.88301
v 41.06533 -8.64428 -4.88014
v 39.97708 -8.34321 -5.21426
v 40.33256 -8.46660 -5.20785
v 39.97708 -8.17683 -5.15955
v 40.33256 -8.32167 -5.17061
v 40.33256 -8.15396 -5.12145
v 40.69537 -8.44590 -5.15803
v 41.06533 -8.42477 -5.10713
v 40.69537 -8.29975 -5.12586
v 40.69537 -8.13076 -5.08224
v 41.06533 -8.27747 -5.08001
v 39.97708 -8.46680 -4.90873
v 40.33256 -8.44426 -4.86494
v 39.97708 -8.31084 -4.82825
v 40.33256 -8.28693 -4.78988
v 40.69537 -8.42131 -4.82004
v 41.06533 -8.53319 -4.83184
v 41.06533 -8.39798 -4.77404
v 38.63205 -8.05602 -5.22598
v 38.95643 -8.03977 -5.19475
v 38.63205 -7.84759 -5.13506
v 38.95643 -7.83012 -5.10884
v 39.28884 -8.02324 -5.16255
v 39.62912 -8.00644 -5.12935
v 39.85260 -7.99549 -5.10741
v 39.28884 -7.81239 -5.08173
v 39.62912 -7.79442 -5.05368
v 39.85260 -7.78272 -5.03510
v 38.63205 -7.61706 -5.03557
v 38.95643 -7.59840 -5.01452
v 38.63205 -7.36537 -4.92786
v 38.95643 -7.34559 -4.91200
v 39.28884 -7.57949 -4.99265
v 39.62912 -7.56038 -4.96994
v 39.85260 -7.54795 -4.95482
v 39.28884 -7.32559 -4.89541
v 39.62912 -7.30540 -4.87807
v 39.85260 -7.29229 -4.86646
v 39.97708 -7.98697 -5.09618
v 40.33256 -7.96280 -5.06384
v 39.97708 -7.77376 -5.02595
v 40.33256 -7.74836 -4.99951
v 40.69537 -7.93835 -5.03042
v 41.06533 -8.10726 -5.04192
v 41.06533 -7.91366 -4.99590
v 40.69537 -7.72273 -4.97203
v 39.97708 -7.53856 -4.94783
v 40.33256 -7.51197 -4.92749
v 39.97708 -7.28250 -4.86164
v 41.06533 -7.69691 -4.94347
v 40.69537 -7.48519 -4.90617
v 41.06533 -7.45827 -4.88381
v 41.36136 -8.75252 -5.10962
v 41.36136 -8.73871 -5.10766
v 41.36136 -8.69711 -5.10233
v 41.44224 -8.74733 -5.09561
v 41.44224 -8.73349 -5.09377
v 41.44224 -8.69181 -5.08882
v 41.36136 -8.62785 -5.09378
v 41.44224 -8.62240 -5.08088
v 41.82592 -8.72255 -5.02939
v 41.82592 -8.70858 -5.02813
v 41.82592 -8.66651 -5.02490
v 41.82592 -8.59647 -5.01980
v 41.36136 -8.82966 -4.91231
v 41.36136 -8.81688 -4.90771
v 41.44224 -8.82439 -4.89812
v 41.44224 -8.81158 -4.89365
v 41.36136 -8.77876 -4.89349
v 41.44224 -8.77336 -4.87982
v 41.82592 -8.79925 -4.83107
v 41.82592 -8.78629 -4.82718
v 41.36136 -8.71555 -4.86946
v 41.44224 -8.70999 -4.85641
v 41.36136 -8.62762 -4.83539
v 41.44224 -8.62185 -4.82321
v 41.82592 -8.74764 -4.81510
v 41.82592 -8.68354 -4.79463
v 42.21616 -8.69706 -4.96245
v 42.21616 -8.68296 -4.96175
v 42.21616 -8.64053 -4.96021
v 42.21616 -8.56990 -4.95788
v 42.61277 -8.67084 -4.89483
v 42.61277 -8.65664 -4.89468
v 42.61277 -8.61388 -4.89478
v 42.61277 -8.54272 -4.89514
v 41.36136 -8.53126 -5.08187
v 41.44224 -8.52562 -5.06981
v 41.36136 -8.40784 -5.06634
v 41.44224 -8.40198 -5.05530
v 41.82592 -8.49883 -5.01259
v 41.82592 -8.37418 -5.00283
v 41.36136 -8.25969 -5.04315
v 41.44224 -8.25360 -5.03323
v 41.36136 -8.51556 -4.79082
v 41.44224 -8.50952 -4.77971
v 41.82592 -8.22474 -4.98603
v 42.21616 -8.47149 -4.95444
v 42.21616 -8.34590 -4.94932
v 42.61277 -8.44359 -4.89539
v 42.21616 -8.19549 -4.93770
v 42.61277 -8.31716 -4.89479
v 42.61277 -8.16586 -4.88826
v 42.86758 -8.65384 -4.85161
v 42.86758 -8.63957 -4.85180
v 42.86758 -8.59662 -4.85292
v 43.01555 -8.58487 -4.82876
v 43.01555 -8.64227 -4.82655
v 43.01555 -8.62795 -4.82697
v 42.86758 -8.52516 -4.85495
v 42.86758 -8.42562 -4.85747
v 43.01555 -8.51318 -4.83192
v 43.01555 -8.41335 -4.83597
v 42.86758 -8.29870 -4.85968
v 42.86758 -8.14688 -4.85632
v 43.01555 -8.28608 -4.84007
v 43.01555 -8.13389 -4.83883
v 43.42430 -8.37942 -4.77657
v 43.42430 -8.25125 -4.78571
v 41.36136 -8.08856 -5.00940
v 41.44224 -8.08221 -5.00073
v 41.82592 -8.05223 -4.95935
v 41.36136 -7.89406 -4.96794
v 41.44224 -7.88747 -4.96059
v 41.82592 -7.85638 -4.92535
v 42.21616 -8.02193 -4.91679
v 42.61277 -7.99134 -4.87304
v 42.21616 -7.82505 -4.88890
v 42.61277 -7.79352 -4.85122
v 41.36136 -7.67646 -4.92021
v 41.44224 -7.66964 -4.91421
v 41.82592 -7.63752 -4.88533
v 41.36136 -7.43699 -4.86546
v 41.44224 -7.42995 -4.86087
v 41.82592 -7.39682 -4.83863
v 42.21616 -7.60523 -4.85523
v 42.61277 -7.57279 -4.82388
v 42.21616 -7.36360 -4.81518
v 42.61277 -7.33030 -4.79047
v 42.86758 -7.97179 -4.84467
v 43.01555 -7.95839 -4.82956
v 42.86758 -7.77341 -4.82667
v 43.01555 -7.75960 -4.81409
v 43.42430 -8.09811 -4.79018
v 43.42430 -7.92158 -4.78732
v 43.42430 -7.72177 -4.77873
v 42.86758 -7.55216 -4.80334
v 43.01555 -7.53797 -4.79341
v 42.86758 -7.30914 -4.77414
v 38.63205 -7.09216 -4.81554
v 38.95643 -7.07141 -4.80478
v 39.28884 -7.05044 -4.79339
v 39.62912 -7.02930 -4.78134
v 40.33256 -7.25480 -4.84747
v 40.69537 -7.22696 -4.83238
v 41.06533 -7.19901 -4.81631
v 41.36136 -7.17696 -4.80295
v 41.44224 -7.16972 -4.79980
v 41.82592 -7.13568 -4.78432
v 33.27146 -7.73994 -4.77319
v 33.35891 -7.74003 -4.76595
v 33.46805 -7.74013 -4.75695
v 33.53889 -7.74018 -4.75112
v 33.62054 -7.74024 -4.74443
v 33.71294 -7.74031 -4.73687
v 33.81606 -7.74037 -4.72846
v 33.92984 -7.74043 -4.71921
v 34.03346 -7.74047 -4.71081
v 34.18913 -7.73862 -4.70032
v 34.33452 -7.73689 -4.69056
v 34.49030 -7.73504 -4.68015
v 33.27146 -7.51104 -4.54228
v 33.35891 -7.51062 -4.53609
v 33.46805 -7.51008 -4.52840
v 33.53889 -7.50973 -4.52343
v 33.62054 -7.50932 -4.51771
v 33.71294 -7.50885 -4.51127
v 33.81606 -7.50833 -4.50410
v 33.92984 -7.50774 -4.49622
v 34.03346 -7.50720 -4.48907
v 34.18913 -7.50443 -4.48067
v 34.33452 -7.50184 -4.47288
v 34.49030 -7.49908 -4.46456
v 34.65639 -7.73306 -4.66909
v 34.79546 -7.73141 -4.65986
v 35.01919 -7.72475 -4.64778
v 35.21570 -7.71893 -4.63720
v 35.42216 -7.71286 -4.62611
v 35.56000 -7.70883 -4.61872
v 35.63845 -7.70607 -4.61451
v 35.86448 -7.69814 -4.60238
v 34.65639 -7.49614 -4.45574
v 34.79546 -7.49369 -4.44838
v 35.01919 -7.48571 -4.43963
v 35.21570 -7.47874 -4.43198
v 35.42216 -7.47148 -4.42396
v 35.56000 -7.46667 -4.41862
v 35.63845 -7.46348 -4.41558
v 35.86448 -7.45436 -4.40682
v 36.10012 -7.91547 -4.77120
v 36.32200 -7.90902 -4.75593
v 36.59975 -7.89555 -4.74274
v 36.86349 -7.88291 -4.73011
v 37.11702 -7.87089 -4.71786
v 36.10012 -7.68995 -4.58973
v 36.32200 -7.68231 -4.57780
v 36.59975 -7.66712 -4.56954
v 36.86349 -7.65287 -4.56158
v 37.11702 -7.63935 -4.55379
v 36.10012 -7.44494 -4.39768
v 36.32200 -7.43616 -4.38905
v 36.59975 -7.41932 -4.38565
v 36.86349 -7.40355 -4.38229
v 37.11702 -7.38858 -4.37892
v 37.41814 -7.85591 -4.69749
v 37.70877 -7.84159 -4.67768
v 38.31588 -8.02766 -4.77301
v 38.00806 -7.82699 -4.65713
v 38.31588 -7.81214 -4.63580
v 37.41814 -7.62304 -4.53803
v 37.70877 -7.60748 -4.52266
v 37.41814 -7.37103 -4.36773
v 37.70877 -7.35429 -4.35675
v 38.00806 -7.59163 -4.50664
v 38.31588 -7.57554 -4.48995
v 38.00806 -7.33727 -4.34524
v 38.31588 -7.32001 -4.33316
v 34.49030 -6.99563 -4.76968
v 33.27146 -6.71709 -4.62926
v 33.35891 -6.71646 -4.62504
v 33.46805 -6.71566 -4.61982
v 33.53889 -6.71514 -4.61646
v 33.62054 -6.71453 -4.61261
v 33.71294 -6.71384 -4.60827
v 33.81606 -6.71307 -4.60347
v 33.92984 -6.71221 -4.59822
v 34.03346 -6.71143 -4.59347
v 34.18913 -6.70815 -4.58914
v 34.33452 -6.70509 -4.58515
v 34.49030 -6.70183 -4.58095
v 34.65639 -6.99296 -4.76308
v 34.79546 -6.99074 -4.75761
v 35.01919 -6.98300 -4.75221
v 35.21570 -6.97625 -4.74754
v 35.42216 -6.96921 -4.74267
v 35.56000 -6.96454 -4.73945
v 35.63845 -6.96144 -4.73764
v 35.86448 -6.95259 -4.73243
v 34.65639 -6.69836 -4.57653
v 34.79546 -6.69548 -4.57287
v 35.01919 -6.68664 -4.57072
v 35.21570 -6.67895 -4.56889
v 35.42216 -6.67093 -4.56702
v 35.56000 -6.66561 -4.56580
v 35.63845 -6.66218 -4.56513
v 35.86448 -6.65234 -4.56323
v 33.27146 -7.26220 -4.30379
v 33.35891 -7.26128 -4.29865
v 33.46805 -7.26013 -4.29227
v 33.53889 -7.25937 -4.28815
v 33.62054 -7.25851 -4.28341
v 33.71294 -7.25752 -4.27807
v 33.81606 -7.25642 -4.27214
v 33.92984 -7.25521 -4.26562
v 34.03346 -7.25410 -4.25971
v 34.18913 -7.25043 -4.25339
v 34.33452 -7.24702 -4.24754
v 34.49030 -7.24337 -4.24130
v 33.27146 -6.99393 -4.05965
v 33.35891 -6.99252 -4.05556
v 33.46805 -6.99076 -4.05048
v 33.53889 -6.98962 -4.04720
v 33.62054 -6.98831 -4.04344
v 33.71294 -6.98683 -4.03920
v 33.81606 -6.98517 -4.03449
v 33.92984 -6.98334 -4.02933
v 34.03346 -6.98169 -4.02465
v 34.18913 -6.97715 -4.02039
v 34.33452 -6.97294 -4.01646
v 34.49030 -6.96846 -4.01228
v 34.65639 -7.23951 -4.23469
v 34.79546 -7.23629 -4.22919
v 35.01919 -7.22704 -4.22373
v 35.21570 -7.21898 -4.21897
v 35.42216 -7.21058 -4.21398
v 35.56000 -7.20501 -4.21065
v 35.63845 -7.20142 -4.20877
v 35.86448 -7.19116 -4.20335
v 34.65639 -6.96370 -4.00786
v 34.79546 -6.95975 -4.00419
v 35.01919 -6.94928 -4.00198
v 35.21570 -6.94017 -4.00006
v 35.42216 -6.93068 -3.99805
v 35.56000 -6.92440 -3.99672
v 35.63845 -6.92043 -3.99598
v 35.86448 -6.90909 -3.99384
v 33.27146 -6.41118 -4.42005
v 33.35891 -6.41014 -4.41685
v 33.46805 -6.40884 -4.41290
v 33.53889 -6.40799 -4.41035
v 33.62054 -6.40701 -4.40745
v 33.71294 -6.40589 -4.40418
v 33.81606 -6.40465 -4.40058
v 33.92984 -6.40328 -4.39665
v 34.03346 -6.40202 -4.39310
v 34.18913 -6.39801 -4.39078
v 34.33452 -6.39428 -4.38868
v 34.49030 -6.39029 -4.38649
v 34.65639 -6.38607 -4.38422
v 34.79546 -6.38255 -4.38236
v 35.01919 -6.37269 -4.38340
v 35.21570 -6.36410 -4.38438
v 35.42216 -6.35515 -4.38545
v 35.56000 -6.34922 -4.38620
v 35.63845 -6.34546 -4.38666
v 35.86448 -6.33471 -4.38801
v 33.27146 -6.08321 -4.21704
v 33.35891 -6.08182 -4.21478
v 33.46805 -6.08008 -4.21200
v 33.53889 -6.07895 -4.21022
v 33.62054 -6.07765 -4.20819
v 33.71294 -6.07618 -4.20593
v 33.81606 -6.07454 -4.20343
v 33.92984 -6.07272 -4.20072
v 34.03346 -6.07108 -4.19828
v 34.18913 -6.06645 -4.19781
v 34.33452 -6.06215 -4.19743
v 34.49030 -6.05757 -4.19709
v 33.27146 -5.73939 -4.01092
v 33.35891 -5.73767 -4.00958
v 33.46805 -5.73553 -4.00796
v 33.53889 -5.73413 -4.00692
v 33.62054 -5.73253 -4.00575
v 33.71294 -5.73072 -4.00446
v 33.81606 -5.72870 -4.00305
v 33.92984 -5.72647 -4.00153
v 34.03346 -5.72445 -4.00019
v 34.18913 -5.71926 -4.00152
v 34.33452 -5.71443 -4.00282
v 34.49030 -5.70929 -4.00427
v 34.65639 -6.05272 -4.19678
v 34.79546 -6.04868 -4.19658
v 35.01919 -6.03797 -4.20052
v 35.21570 -6.02865 -4.20404
v 35.42216 -6.01895 -4.20779
v 35.56000 -6.01252 -4.21032
v 35.63845 -6.00852 -4.21181
v 35.86448 -5.99705 -4.21611
v 34.65639 -5.70385 -4.00589
v 34.79546 -5.69933 -4.00728
v 35.01919 -5.68785 -4.01404
v 35.21570 -5.67787 -4.02004
v 35.42216 -5.66747 -4.02639
v 35.56000 -5.66060 -4.03066
v 35.63845 -5.65636 -4.03314
v 35.86448 -5.64425 -4.04031
v 36.10012 -6.94344 -4.72702
v 36.32200 -6.93492 -4.72193
v 36.59975 -6.91813 -4.72368
v 36.86349 -6.90241 -4.72524
v 37.11702 -6.88751 -4.72664
v 36.10012 -6.64220 -4.56126
v 36.32200 -6.63275 -4.55941
v 36.59975 -6.61461 -4.56591
v 36.86349 -6.59764 -4.57198
v 37.11702 -6.58155 -4.57770
v 37.41814 -6.87027 -4.72078
v 37.70877 -6.85384 -4.71499
v 37.41814 -6.56332 -4.57641
v 37.70877 -6.54598 -4.57502
v 38.00806 -6.83715 -4.70884
v 38.31588 -6.82025 -4.70230
v 38.00806 -6.52837 -4.57339
v 38.31588 -6.51055 -4.57151
v 36.10012 -7.18057 -4.19768
v 36.32200 -7.17070 -4.19231
v 36.59975 -7.15231 -4.19369
v 36.86349 -7.13508 -4.19486
v 37.11702 -7.11875 -4.19584
v 36.10012 -6.89740 -3.99159
v 36.32200 -6.88651 -3.98943
v 36.59975 -6.86664 -3.99552
v 36.86349 -6.84805 -4.00115
v 37.11702 -6.83043 -4.00640
v 37.41814 -7.10003 -4.18918
v 37.70877 -7.08220 -4.18255
v 38.00806 -7.06409 -4.17551
v 38.31588 -7.04573 -4.16801
v 37.41814 -6.81064 -4.00420
v 37.70877 -6.79180 -4.00187
v 38.00806 -6.77269 -3.99923
v 38.31588 -6.75333 -3.99624
v 36.10012 -6.32363 -4.38943
v 36.32200 -6.31332 -4.39078
v 36.59975 -6.29391 -4.40194
v 36.86349 -6.27575 -4.41243
v 37.11702 -6.25855 -4.42241
v 37.41814 -6.23944 -4.42562
v 37.70877 -6.22125 -4.42857
v 38.00806 -6.20281 -4.43141
v 38.31588 -6.18416 -4.43412
v 36.10012 -5.98523 -4.22061
v 36.32200 -5.97424 -4.22486
v 36.59975 -5.95384 -4.24022
v 36.86349 -5.93476 -4.25471
v 37.11702 -5.91669 -4.26852
v 36.10012 -5.63177 -4.04780
v 36.32200 -5.62017 -4.05487
v 36.59975 -5.59888 -4.07430
v 37.41814 -5.89693 -4.27583
v 37.70877 -5.87816 -4.28272
v 38.00806 -5.85913 -4.28964
v 38.31588 -5.83989 -4.29654
v 33.27146 -6.70717 -3.81104
v 33.35891 -6.70529 -3.80798
v 33.46805 -6.70296 -3.80420
v 33.53889 -6.70144 -3.80175
v 33.62054 -6.69970 -3.79895
v 33.71294 -6.69773 -3.79580
v 33.81606 -6.69554 -3.79231
v 33.92984 -6.69313 -3.78848
v 34.03346 -6.69094 -3.78502
v 34.18913 -6.68558 -3.78279
v 34.33452 -6.68061 -3.78075
v 34.49030 -6.67532 -3.77859
v 34.65639 -6.66971 -3.77633
v 35.01919 -6.65344 -3.77543
v 34.79546 -6.66505 -3.77446
v 35.21570 -6.64334 -3.77630
v 35.42216 -6.63282 -3.77722
v 35.56000 -6.62586 -3.77784
v 35.63845 -6.62154 -3.77822
v 35.86448 -6.60919 -3.77930
v 33.27146 -6.40287 -3.55932
v 33.35891 -6.40057 -3.55723
v 33.46805 -6.39771 -3.55465
v 33.53889 -6.39586 -3.55299
v 33.62054 -6.39372 -3.55110
v 33.71294 -6.39132 -3.54897
v 33.81606 -6.38864 -3.54662
v 33.92984 -6.38569 -3.54404
v 34.03346 -6.38302 -3.54172
v 34.18913 -6.37694 -3.54138
v 34.33452 -6.37129 -3.54110
v 34.49030 -6.36527 -3.54083
v 34.65639 -6.35891 -3.54057
v 34.79546 -6.35362 -3.54038
v 35.01919 -6.34100 -3.54429
v 35.21570 -6.33003 -3.54775
v 35.56000 -6.31107 -3.55381
v 35.63845 -6.30644 -3.55523
v 35.86448 -6.29322 -3.55930
v 35.42216 -6.31862 -3.55139
v 33.27146 -6.08268 -3.30458
v 33.35891 -6.07997 -3.30345
v 33.46805 -6.07661 -3.30206
v 33.53889 -6.07443 -3.30117
v 33.62054 -6.07193 -3.30016
v 33.71294 -6.06910 -3.29903
v 33.81606 -6.06596 -3.29780
v 33.92984 -6.06251 -3.29645
v 34.03346 -6.05938 -3.29525
v 34.18913 -6.05260 -3.29675
v 34.33452 -6.04631 -3.29819
v 34.49030 -6.03962 -3.29975
v 33.27146 -5.74763 -3.04828
v 33.35891 -5.74455 -3.04808
v 33.46805 -5.74071 -3.04784
v 33.53889 -5.73823 -3.04770
v 33.62054 -5.73538 -3.04755
v 33.71294 -5.73216 -3.04740
v 33.81606 -5.72858 -3.04725
v 33.92984 -5.72466 -3.04710
v 34.03346 -5.72109 -3.04699
v 34.18913 -5.71367 -3.05027
v 34.33452 -5.70679 -3.05336
v 34.49030 -5.69947 -3.05670
v 34.65639 -6.03254 -3.30145
v 34.79546 -6.02666 -3.30289
v 35.01919 -6.01312 -3.30967
v 35.21570 -6.00134 -3.31564
v 35.86448 -5.96207 -3.33549
v 35.42216 -5.98909 -3.32191
v 35.56000 -5.98099 -3.32610
v 35.63845 -5.97609 -3.32853
v 34.65639 -5.69173 -3.06029
v 34.79546 -5.68530 -3.06331
v 35.01919 -5.67091 -3.07285
v 35.21570 -5.65840 -3.08124
v 35.42216 -5.64539 -3.09005
v 35.56000 -5.63678 -3.09593
v 35.63845 -5.63163 -3.09933
v 35.86448 -5.61689 -3.10909
v 36.10012 -6.59646 -3.78039
v 36.32200 -6.58462 -3.78138
v 36.59975 -6.56339 -3.79207
v 36.86349 -6.54352 -3.80205
v 37.11702 -6.52470 -3.81148
v 37.41814 -6.50393 -3.81365
v 37.70877 -6.48419 -3.81553
v 38.00806 -6.46416 -3.81721
v 38.31588 -6.44390 -3.81866
v 36.10012 -6.27960 -3.56350
v 36.32200 -6.26693 -3.56742
v 36.59975 -6.24453 -3.58234
v 36.86349 -6.22357 -3.59635
v 37.11702 -6.20373 -3.60965
v 37.41814 -6.18216 -3.61590
v 37.70877 -6.16167 -3.62171
v 38.00806 -6.14090 -3.62744
v 38.31588 -6.11989 -3.63305
v 38.31588 -5.78154 -3.44263
v 36.10012 -5.94763 -3.34272
v 36.32200 -5.93421 -3.34948
v 36.59975 -5.91074 -3.36850
v 36.86349 -5.88879 -3.38640
v 37.11702 -5.86801 -3.40345
v 36.10012 -5.60172 -3.11923
v 37.41814 -5.84576 -3.41366
v 37.70877 -5.82462 -3.42329
v 38.00806 -5.80320 -3.43296
v 39.62912 -8.15259 -4.77125
v 39.85260 -8.14090 -4.74901
v 39.97708 -8.13202 -4.73762
v 40.69537 -8.26266 -4.75039
v 41.06533 -8.23807 -4.70978
v 38.63205 -8.01003 -4.74703
v 38.95643 -7.99145 -4.72029
v 38.63205 -7.79325 -4.61471
v 38.95643 -7.77343 -4.59297
v 39.28884 -7.97258 -4.69262
v 39.62912 -7.95345 -4.66399
v 39.85260 -7.94099 -4.64501
v 39.28884 -7.75334 -4.57038
v 39.62912 -7.73302 -4.54689
v 39.85260 -7.71981 -4.53126
v 38.63205 -7.55548 -4.47374
v 38.95643 -7.53451 -4.45699
v 39.28884 -7.51330 -4.43947
v 39.62912 -7.49187 -4.42114
v 39.85260 -7.47796 -4.40887
v 40.33256 -8.10678 -4.70481
v 39.97708 -7.93164 -4.63564
v 40.33256 -7.90514 -4.60857
v 40.69537 -8.08125 -4.67091
v 41.06533 -8.05545 -4.63589
v 40.69537 -7.87838 -4.58043
v 39.97708 -7.71001 -4.52398
v 41.06533 -7.85141 -4.55118
v 40.33256 -7.68228 -4.50281
v 39.97708 -7.46775 -4.40367
v 40.33256 -7.43890 -4.38842
v 40.69537 -7.65434 -4.48061
v 41.06533 -7.62622 -4.45735
v 40.69537 -7.40987 -4.37219
v 41.06533 -7.38072 -4.35495
v 38.63205 -7.29886 -4.32181
v 41.82592 -8.59440 -4.76545
v 42.21616 -8.77337 -4.76326
v 42.21616 -8.76028 -4.75994
v 42.21616 -8.72122 -4.74959
v 42.21616 -8.65645 -4.73199
v 42.21616 -8.56639 -4.70675
v 42.61277 -8.74677 -4.69476
v 42.61277 -8.73356 -4.69199
v 42.61277 -8.69413 -4.68333
v 42.61277 -8.62873 -4.66852
v 41.36136 -8.37936 -4.73706
v 41.44224 -8.37305 -4.72711
v 41.82592 -8.48087 -4.72693
v 41.82592 -8.34318 -4.67973
v 41.36136 -8.21850 -4.67702
v 41.44224 -8.21194 -4.66828
v 41.82592 -8.18091 -4.62656
v 42.21616 -8.45173 -4.67311
v 42.61277 -8.53781 -4.64713
v 42.61277 -8.42211 -4.61827
v 42.21616 -8.31290 -4.63123
v 42.21616 -8.14956 -4.58366
v 42.61277 -8.28224 -4.58162
v 42.86758 -8.72952 -4.65098
v 42.86758 -8.71624 -4.64855
v 42.86758 -8.67658 -4.64093
v 42.86758 -8.61082 -4.62786
v 43.01555 -8.71782 -4.62559
v 43.01555 -8.70449 -4.62340
v 43.01555 -8.66468 -4.61648
v 43.01555 -8.59865 -4.60456
v 43.42430 -8.61010 -4.75765
v 43.42430 -8.59566 -4.75868
v 43.42430 -8.55224 -4.76229
v 43.83879 -8.57716 -4.68825
v 43.83879 -8.56263 -4.68987
v 43.42430 -8.68528 -4.55580
v 43.42430 -8.67182 -4.55422
v 43.42430 -8.63162 -4.54916
v 43.42430 -8.56494 -4.54036
v 43.83879 -8.65196 -4.48550
v 43.83879 -8.63839 -4.48451
v 43.83879 -8.59784 -4.48126
v 42.86758 -8.51940 -4.60885
v 42.86758 -8.40308 -4.58296
v 43.01555 -8.50689 -4.58715
v 43.01555 -8.39014 -4.56325
v 43.42430 -8.47999 -4.76843
v 43.83879 -8.51890 -4.69523
v 43.83879 -8.44617 -4.70426
v 43.83879 -8.34493 -4.71632
v 43.83879 -8.21599 -4.73034
v 42.86758 -8.26259 -4.54958
v 43.01555 -8.24922 -4.53205
v 43.42430 -8.47229 -4.52722
v 43.42430 -8.35445 -4.50863
v 43.83879 -8.53058 -4.47545
v 43.83879 -8.43713 -4.46643
v 43.42430 -8.21241 -4.48329
v 43.83879 -8.31831 -4.45300
v 43.83879 -8.17527 -4.43338
v 41.36136 -8.03497 -4.60752
v 41.44224 -8.02816 -4.60005
v 41.82592 -7.99602 -4.56423
v 41.36136 -7.83004 -4.52738
v 41.44224 -7.82299 -4.52122
v 41.82592 -7.78979 -4.49155
v 42.21616 -7.96363 -4.52720
v 42.61277 -8.11790 -4.53957
v 42.61277 -7.93101 -4.48892
v 42.21616 -7.75641 -4.46065
v 42.61277 -7.72285 -4.42849
v 41.36136 -7.60400 -4.43827
v 41.44224 -7.59673 -4.43347
v 41.82592 -7.56250 -4.41019
v 41.36136 -7.35770 -4.34063
v 41.44224 -7.35023 -4.33720
v 42.21616 -7.52815 -4.38568
v 42.61277 -7.49370 -4.35991
v 43.83879 -8.06201 -4.74035
v 43.83879 -7.88455 -4.74378
v 42.86758 -8.09766 -4.51099
v 42.86758 -7.91021 -4.46400
v 43.01555 -8.08387 -4.49577
v 43.01555 -7.89602 -4.45123
v 42.86758 -7.70149 -4.40743
v 43.42430 -8.04600 -4.45327
v 43.83879 -8.00789 -4.40947
v 43.42430 -7.85711 -4.41536
v 43.83879 -7.81805 -4.37810
v 43.01555 -7.29459 -4.76700
v 43.42430 -7.49915 -4.76526
v 43.83879 -7.68381 -4.74198
v 43.83879 -7.46030 -4.73565
v 43.01555 -7.68691 -4.39723
v 42.86758 -7.47181 -4.34289
v 43.01555 -7.45685 -4.33539
v 43.42430 -7.64698 -4.36837
v 43.83879 -7.60700 -4.33804
v 41.82592 -7.31508 -4.32038
v 42.21616 -7.27987 -4.30234
v 43.42430 -7.41593 -4.31387
v 43.83879 -7.37504 -4.29083
v 39.85260 -7.01560 -4.77319
v 38.63205 -6.79946 -4.69682
v 38.95643 -6.77782 -4.69112
v 38.63205 -6.48894 -4.57092
v 38.95643 -6.46650 -4.57027
v 39.28884 -6.75599 -4.68490
v 39.62912 -6.73401 -4.67811
v 39.85260 -6.71977 -4.67342
v 39.28884 -6.44388 -4.56920
v 39.97708 -7.00546 -4.77051
v 40.33256 -6.97680 -4.76244
v 40.69537 -6.94804 -4.75351
v 41.06533 -6.91920 -4.74368
v 39.97708 -6.70932 -4.67287
v 40.33256 -6.67981 -4.67087
v 40.69537 -6.65022 -4.66811
v 41.06533 -6.62060 -4.66453
v 38.95643 -7.27682 -4.31005
v 38.63205 -7.02357 -4.16148
v 38.95643 -7.00056 -4.15467
v 39.28884 -7.25455 -4.29761
v 39.62912 -7.23209 -4.28444
v 39.85260 -7.21752 -4.27554
v 39.28884 -6.97732 -4.14728
v 39.62912 -6.95392 -4.13925
v 39.85260 -6.93875 -4.13371
v 38.63205 -6.73026 -3.99448
v 38.95643 -6.70636 -3.99257
v 39.28884 -6.68227 -3.99016
v 39.62912 -6.65801 -3.98723
v 39.85260 -6.64231 -3.98503
v 39.97708 -7.20694 -4.27244
v 40.33256 -7.17704 -4.26312
v 39.97708 -6.92783 -4.13270
v 40.33256 -6.89699 -4.12931
v 40.69537 -7.14701 -4.25291
v 41.06533 -7.11689 -4.24175
v 40.69537 -6.86605 -4.12511
v 41.06533 -6.83505 -4.12004
v 39.97708 -6.63109 -3.98607
v 40.33256 -6.59943 -3.98856
v 40.69537 -6.56769 -3.99032
v 41.06533 -6.53593 -3.99130
v 39.62912 -6.42113 -4.56769
v 39.85260 -6.40641 -4.56644
v 38.95643 -6.13866 -4.44272
v 38.63205 -6.16181 -4.43839
v 39.28884 -6.11535 -4.44677
v 39.62912 -6.09191 -4.45047
v 39.85260 -6.07676 -4.45265
v 39.62912 -5.74586 -4.33133
v 39.85260 -5.73045 -4.33666
v 39.97708 -6.39568 -4.56803
v 40.33256 -6.36541 -4.57209
v 40.69537 -6.33510 -4.57550
v 41.06533 -6.30478 -4.57818
v 39.97708 -6.06579 -4.45635
v 40.33256 -6.03488 -4.46643
v 39.97708 -5.71935 -4.34229
v 40.33256 -5.68807 -4.35790
v 40.69537 -6.00394 -4.47597
v 41.06533 -5.97303 -4.48488
v 40.69537 -5.65679 -4.37308
v 41.06533 -5.62556 -4.38775
v 38.63205 -5.81706 -4.30523
v 38.95643 -5.79347 -4.31412
v 39.28884 -5.76972 -4.32284
v 41.36136 -6.89648 -4.73528
v 41.44224 -6.88907 -4.73356
v 42.21616 -7.10159 -4.76765
v 42.61277 -7.06750 -4.74975
v 41.82592 -6.85425 -4.72481
v 41.36136 -6.59730 -4.66109
v 41.44224 -6.58973 -4.66080
v 41.82592 -6.55426 -4.65883
v 42.21616 -6.81945 -4.71493
v 42.61277 -6.78469 -4.70385
v 42.21616 -6.51884 -4.65577
v 42.61277 -6.48352 -4.65158
v 42.86758 -7.04588 -4.73774
v 43.01555 -7.03098 -4.73345
v 43.42430 -7.25481 -4.74645
v 43.83879 -7.21509 -4.72440
v 43.42430 -6.99032 -4.72070
v 43.83879 -6.94980 -4.70643
v 42.86758 -6.76269 -4.69619
v 43.01555 -6.74750 -4.69477
v 42.86758 -6.46118 -4.64831
v 43.01555 -6.44574 -4.64978
v 43.42430 -6.70608 -4.68987
v 43.83879 -6.66489 -4.68345
v 41.36136 -7.09314 -4.23226
v 41.44224 -7.08548 -4.23022
v 41.82592 -7.04949 -4.21994
v 42.61277 -7.24462 -4.28305
v 42.21616 -7.01348 -4.20850
v 42.61277 -6.97750 -4.19583
v 41.36136 -6.81064 -4.11539
v 41.44224 -6.80282 -4.11474
v 41.82592 -6.76608 -4.11105
v 41.36136 -6.51094 -3.99147
v 41.44224 -6.50298 -3.99221
v 41.82592 -6.46562 -3.99507
v 42.21616 -6.72938 -4.10624
v 42.61277 -6.69276 -4.10026
v 42.86758 -7.22226 -4.27014
v 43.01555 -7.20695 -4.26539
v 42.86758 -6.95470 -4.18714
v 43.01555 -6.93907 -4.18518
v 43.42430 -7.16514 -4.25134
v 43.83879 -7.12344 -4.23577
v 43.42430 -6.89643 -4.17880
v 43.83879 -6.85399 -4.17090
v 42.86758 -6.66958 -4.09583
v 43.01555 -6.65366 -4.09670
v 43.42430 -6.61030 -4.09807
v 43.83879 -6.56719 -4.09795
v 41.36136 -6.28096 -4.57974
v 41.44224 -6.27327 -4.58089
v 41.82592 -6.23722 -4.58571
v 42.21616 -6.20128 -4.58953
v 42.61277 -6.16549 -4.59228
v 41.36136 -5.94876 -4.49141
v 41.44224 -5.94097 -4.49399
v 41.82592 -5.90446 -4.50558
v 41.36136 -5.60106 -4.39888
v 42.21616 -5.86810 -4.51626
v 42.61277 -5.83194 -4.52595
v 42.86758 -6.14288 -4.59344
v 43.01555 -6.12722 -4.59783
v 43.42430 -6.40368 -4.65282
v 43.83879 -6.36191 -4.65436
v 43.42430 -6.08461 -4.60888
v 43.83879 -6.04236 -4.61848
v 43.42430 -5.75026 -4.55791
v 43.83879 -5.70764 -4.57558
v 42.86758 -5.80912 -4.53156
v 43.01555 -5.79329 -4.53886
v 42.61277 -6.39118 -3.99758
v 42.21616 -6.42834 -3.99688
v 42.61277 -6.07401 -3.88811
v 42.86758 -6.36769 -3.99743
v 43.01555 -6.35154 -4.00113
v 42.86758 -6.05029 -3.89220
v 43.01555 -6.03395 -3.89869
v 43.42430 -6.30757 -4.01026
v 43.83879 -6.26392 -4.01795
v 43.42430 -5.98952 -3.91553
v 43.83879 -5.94545 -3.93098
v 38.63205 -6.42003 -3.82157
v 38.95643 -6.39536 -3.82446
v 39.28884 -6.37051 -3.82697
v 39.62912 -6.34552 -3.82904
v 39.85260 -6.32935 -3.83012
v 38.63205 -6.09540 -3.64036
v 38.95643 -6.07013 -3.64777
v 39.28884 -6.04469 -3.65492
v 39.62912 -6.01913 -3.66174
v 39.85260 -6.00260 -3.66594
v 38.63205 -5.75654 -3.45421
v 38.95643 -5.73078 -3.46602
v 39.28884 -5.70486 -3.47768
v 39.62912 -5.67884 -3.48912
v 39.85260 -5.66202 -3.49636
v 39.97708 -6.31788 -3.83319
v 40.33256 -6.28551 -3.84146
v 40.69537 -6.25310 -3.84910
v 41.06533 -6.22069 -3.85604
v 39.97708 -5.99093 -3.67093
v 40.33256 -5.95805 -3.68467
v 40.69537 -5.92515 -3.69790
v 41.06533 -5.89228 -3.71054
v 39.97708 -5.65021 -3.50322
v 40.33256 -5.61695 -3.52229
v 41.36136 -6.19523 -3.86098
v 41.44224 -6.18715 -3.86308
v 41.82592 -6.14931 -3.87242
v 42.21616 -6.11158 -3.88078
v 41.36136 -5.86646 -3.72003
v 41.44224 -5.85832 -3.72345
v 41.82592 -5.82016 -3.73899
v 42.21616 -5.78215 -3.75367
v 42.61277 -5.74434 -3.76741
v 42.86758 -5.72048 -3.77562
v 43.01555 -5.70403 -3.78481
v 43.42430 -5.65930 -3.80911
v 43.83879 -5.61500 -3.83210
v 37.11702 -5.56012 -4.11019
v 36.59975 -5.23036 -3.90496
v 36.86349 -5.57897 -4.09265
v 36.86349 -5.20974 -3.92703
v 37.11702 -5.19022 -3.94813
v 37.41814 -5.53983 -4.12148
v 37.70877 -5.52056 -4.13221
v 38.00806 -5.50103 -4.14309
v 38.31588 -5.48130 -4.15407
v 37.41814 -5.16950 -3.96325
v 37.70877 -5.14983 -3.97770
v 38.31588 -5.10980 -4.00731
v 38.00806 -5.12992 -3.99240
v 33.27146 -5.38094 -3.80278
v 33.35891 -5.37891 -3.80234
v 33.46805 -5.37639 -3.80183
v 33.53889 -5.37475 -3.80153
v 33.62054 -5.37287 -3.80120
v 33.71294 -5.37074 -3.80085
v 33.81606 -5.36837 -3.80049
v 33.92984 -5.36576 -3.80014
v 34.03346 -5.36339 -3.79985
v 34.18913 -5.35768 -3.80292
v 34.33452 -5.35237 -3.80585
v 34.49030 -5.34673 -3.80904
v 33.27146 -5.00821 -3.59563
v 33.35891 -5.00591 -3.59604
v 33.46805 -5.00305 -3.59660
v 33.53889 -5.00119 -3.59699
v 33.62054 -4.99906 -3.59745
v 33.71294 -4.99665 -3.59801
v 33.81606 -4.99397 -3.59865
v 33.92984 -4.99102 -3.59941
v 34.03346 -4.98835 -3.60012
v 34.18913 -4.98218 -3.60484
v 34.33452 -4.97646 -3.60930
v 34.49030 -4.97037 -3.61414
v 34.65639 -5.34075 -3.81251
v 34.79546 -5.33578 -3.81546
v 35.21570 -5.31303 -3.83331
v 35.01919 -5.32361 -3.82493
v 35.42216 -5.30202 -3.84217
v 35.56000 -5.29473 -3.84811
v 35.63845 -5.29030 -3.85155
v 35.86448 -5.27762 -3.86148
v 35.56000 -4.91559 -3.66513
v 35.63845 -4.91100 -3.66947
v 35.86448 -4.89786 -3.68200
v 34.65639 -4.96393 -3.61936
v 34.79546 -4.95857 -3.62377
v 35.01919 -4.94582 -3.63579
v 35.21570 -4.93474 -3.64642
v 35.42216 -4.92322 -3.65762
v 35.01919 -4.55431 -3.45100
v 35.21570 -4.54287 -3.46363
v 35.42216 -4.53098 -3.47694
v 35.56000 -4.52312 -3.48585
v 35.86448 -4.50499 -3.50584
v 35.63845 -4.51842 -3.49100
v 33.27146 -4.62064 -3.39448
v 33.35891 -4.61812 -3.39568
v 33.46805 -4.61498 -3.39722
v 33.53889 -4.61294 -3.39824
v 33.62054 -4.61061 -3.39944
v 33.71294 -4.60797 -3.40082
v 33.81606 -4.60504 -3.40238
v 33.92984 -4.60182 -3.40415
v 34.03346 -4.59890 -3.40579
v 34.18913 -4.59239 -3.41199
v 34.33452 -4.58634 -3.41784
v 34.49030 -4.57992 -3.42416
v 34.18913 -4.19195 -3.22066
v 34.33452 -4.18567 -3.22776
v 34.49030 -4.17899 -3.23542
v 33.27146 -4.22196 -3.19556
v 33.35891 -4.21926 -3.19749
v 33.46805 -4.21590 -3.19993
v 33.53889 -4.21373 -3.20153
v 33.62054 -4.21123 -3.20339
v 33.71294 -4.20841 -3.20552
v 33.81606 -4.20528 -3.20793
v 33.92984 -4.20184 -3.21062
v 34.03346 -4.19873 -3.21310
v 34.65639 -4.57312 -3.43096
v 34.79546 -4.56748 -3.43669
v 34.65639 -4.17193 -3.24365
v 34.79546 -4.16607 -3.25058
v 35.21570 -4.14095 -3.28135
v 35.01919 -4.15263 -3.26693
v 35.42216 -4.12882 -3.29655
v 35.56000 -4.12080 -3.30671
v 35.63845 -4.11604 -3.31258
v 35.86448 -4.10246 -3.32950
v 36.10012 -5.26457 -3.87186
v 36.32200 -5.25243 -3.88163
v 36.10012 -4.88434 -3.69508
v 36.32200 -4.87178 -3.70740
v 36.59975 -4.84910 -3.73437
v 37.11702 -4.80785 -3.78433
v 36.86349 -4.82790 -3.75990
v 37.41814 -4.78685 -3.80306
v 37.70877 -4.76693 -3.82099
v 36.32200 -5.58762 -3.12872
v 36.59975 -5.56321 -3.15168
v 36.86349 -5.54038 -3.17331
v 37.11702 -5.51878 -3.19394
v 37.70877 -5.47426 -3.22128
v 38.00806 -5.45230 -3.23474
v 38.31588 -5.43012 -3.24831
v 37.41814 -5.49594 -3.20797
v 37.41814 -5.13421 -2.99938
v 37.70877 -5.11211 -3.01618
v 38.00806 -5.08975 -3.03323
v 38.31588 -5.06715 -3.05050
v 36.59975 -4.45529 -3.56613
v 36.10012 -4.49118 -3.52134
v 36.32200 -4.47835 -3.53594
v 36.86349 -4.43374 -3.59471
v 37.11702 -4.41336 -3.62210
v 37.11702 -4.01002 -3.45815
v 37.70877 -4.37233 -3.66510
v 38.00806 -4.74677 -3.83928
v 38.31588 -4.72641 -3.85790
v 38.00806 -4.35213 -3.68662
v 37.41814 -4.39230 -3.64405
v 38.31588 -4.33174 -3.70856
v 37.41814 -3.98908 -3.48299
v 37.70877 -3.96922 -3.50684
v 38.31588 -3.92890 -3.55620
v 38.00806 -3.94915 -3.53126
v 36.10012 -4.08850 -3.34717
v 36.59975 -4.05228 -3.39684
v 36.32200 -4.07553 -3.36380
v 36.86349 -4.03056 -3.42814
v 33.35891 -3.81150 -3.00106
v 33.46805 -3.80796 -3.00434
v 33.53889 -3.80567 -3.00649
v 33.62054 -3.80304 -3.00898
v 33.71294 -3.80007 -3.01182
v 33.81606 -3.79678 -3.01501
v 33.92984 -3.79316 -3.01857
v 34.03346 -3.78988 -3.02183
v 34.18913 -3.78291 -3.03064
v 34.33452 -3.77644 -3.03891
v 34.49030 -3.76957 -3.04781
v 34.65639 -3.76232 -3.05736
v 34.79546 -3.75629 -3.06539
v 35.01919 -3.74267 -3.08363
v 35.21570 -3.73084 -3.09970
v 35.42216 -3.71856 -3.11662
v 35.56000 -3.71044 -3.12795
v 35.63845 -3.70566 -3.13448
v 35.86448 -3.69202 -3.15331
v 36.59975 -3.64170 -3.22710
v 36.86349 -3.61995 -3.26086
v 37.11702 -3.59938 -3.29324
v 36.10012 -3.67800 -3.17296
v 36.32200 -3.66499 -3.19147
v 36.10012 -3.26000 -3.00238
v 36.59975 -3.22394 -3.06034
v 36.32200 -3.24708 -3.02252
v 37.11702 -3.18193 -3.13059
v 36.86349 -3.20234 -3.09619
v 37.70877 -3.55906 -3.34718
v 37.41814 -3.57867 -3.32075
v 38.00806 -3.53924 -3.37426
v 38.31588 -3.51926 -3.40196
v 38.31588 -3.10354 -3.24855
v 37.41814 -3.16166 -3.16040
v 37.70877 -3.14246 -3.18906
v 38.00806 -3.12307 -3.21846
v 37.41814 -2.73970 -3.00251
v 37.70877 -2.72109 -3.03305
v 38.00806 -2.70232 -3.06439
v 38.31588 -2.68341 -3.09650
v 38.63205 -5.45811 -4.16706
v 38.95643 -5.43417 -4.18040
v 39.28884 -5.41010 -4.19368
v 39.62912 -5.38594 -4.20684
v 39.85260 -5.37033 -4.21523
v 38.63205 -5.08636 -4.02446
v 38.95643 -5.06220 -4.04208
v 39.28884 -5.03792 -4.05976
v 39.62912 -5.01357 -4.07743
v 39.85260 -4.99785 -4.08880
v 39.97708 -5.35914 -4.22275
v 40.33256 -5.32762 -4.24375
v 40.69537 -5.29613 -4.26443
v 41.06533 -5.26472 -4.28472
v 40.33256 -4.95500 -4.12434
v 40.69537 -4.92344 -4.15034
v 41.06533 -4.89197 -4.17606
v 39.97708 -4.98662 -4.09814
v 38.95643 -4.67865 -3.90062
v 39.28884 -4.65432 -3.92245
v 39.62912 -4.62993 -3.94438
v 39.85260 -4.61420 -3.95856
v 40.33256 -4.57146 -4.00071
v 39.97708 -4.60299 -3.96961
v 40.69537 -4.53999 -4.03173
v 41.06533 -4.50865 -4.06260
v 40.69537 -4.14686 -3.91020
v 41.06533 -4.11588 -3.94574
v 41.44224 -5.59323 -4.40279
v 41.82592 -5.55655 -4.42068
v 42.61277 -5.48379 -4.45393
v 42.21616 -5.52005 -4.43775
v 42.21616 -5.15903 -4.35293
v 42.61277 -5.12281 -4.37547
v 42.86758 -5.46093 -4.46371
v 43.01555 -5.44504 -4.47373
v 43.42430 -5.40186 -4.50030
v 43.83879 -5.35915 -4.52558
v 42.86758 -5.09999 -4.38933
v 43.01555 -5.08409 -4.40202
v 43.83879 -4.99827 -4.46867
v 43.42430 -5.04093 -4.43595
v 41.44224 -5.23224 -4.30556
v 41.36136 -5.24009 -4.30036
v 41.82592 -5.19553 -4.32960
v 41.82592 -4.82290 -4.23250
v 41.36136 -4.86732 -4.19606
v 41.44224 -4.85950 -4.20251
v 42.21616 -4.78656 -4.26189
v 43.42430 -4.66901 -4.36474
v 43.83879 -4.62658 -4.40469
v 43.83879 -4.24563 -4.33366
v 41.82592 -4.44006 -4.12998
v 42.61277 -4.75051 -4.29060
v 42.21616 -4.40405 -4.16512
v 42.61277 -4.36837 -4.19970
v 41.36136 -4.48411 -4.08672
v 41.44224 -4.47635 -4.09436
v 41.82592 -4.04825 -4.02311
v 41.36136 -4.09164 -3.97362
v 41.44224 -4.08399 -3.98235
v 42.21616 -4.01282 -4.06353
v 42.61277 -3.97773 -4.10350
v 42.86758 -4.72783 -4.30842
v 43.01555 -4.71199 -4.32369
v 42.86758 -4.34593 -4.22130
v 43.01555 -4.33022 -4.23901
v 42.86758 -3.95568 -4.12859
v 43.01555 -3.94020 -4.14855
v 43.42430 -4.28763 -4.28683
v 41.06533 -5.55048 -3.55916
v 40.69537 -5.58369 -3.54096
v 38.63205 -5.40471 -3.26401
v 38.95643 -5.37859 -3.28007
v 39.28884 -5.35232 -3.29608
v 39.62912 -5.32595 -3.31198
v 39.85260 -5.30892 -3.32215
v 38.63205 -5.04149 -3.07009
v 38.95643 -5.01514 -3.09017
v 39.28884 -4.98866 -3.11031
v 39.62912 -4.96209 -3.13046
v 39.85260 -4.94494 -3.14342
v 40.33256 -5.26353 -3.35501
v 39.97708 -5.29702 -3.33081
v 40.69537 -5.23005 -3.37894
v 41.06533 -5.19664 -3.40250
v 41.06533 -4.83245 -3.24045
v 39.97708 -4.93301 -3.15378
v 40.33256 -4.89943 -3.18286
v 40.69537 -4.86590 -3.21178
v 38.63205 -4.70287 -3.87896
v 38.63205 -4.30831 -3.73314
v 38.95643 -4.28425 -3.75843
v 39.28884 -4.26009 -3.78400
v 39.62912 -4.23588 -3.80978
v 39.85260 -4.22028 -3.82650
v 39.97708 -4.20918 -3.83909
v 40.33256 -4.17798 -3.87463
v 40.33256 -4.52667 -3.00511
v 40.69537 -4.49326 -3.03867
v 41.06533 -4.45995 -3.07211
v 41.36136 -5.52441 -3.57310
v 41.44224 -5.51623 -3.57780
v 41.82592 -5.47790 -3.59940
v 42.21616 -5.43975 -3.62024
v 42.61277 -5.40184 -3.64025
v 41.82592 -5.12390 -3.45413
v 42.21616 -5.08577 -3.48093
v 42.61277 -5.04790 -3.50701
v 43.01555 -5.36142 -3.66432
v 43.42430 -5.31656 -3.69590
v 43.83879 -5.27217 -3.72628
v 42.86758 -5.37792 -3.65249
v 42.86758 -5.02404 -3.52315
v 43.01555 -5.00754 -3.53753
v 43.42430 -4.96273 -3.57615
v 43.83879 -4.91842 -3.61368
v 41.36136 -5.17044 -3.42074
v 41.44224 -5.16224 -3.42667
v 41.36136 -4.80623 -3.26279
v 41.44224 -4.79807 -3.26989
v 41.82592 -4.75988 -3.30293
v 43.42430 -4.59955 -3.44937
v 43.83879 -4.55551 -3.49374
v 42.21616 -4.72194 -3.33543
v 42.61277 -4.68427 -3.36731
v 41.82592 -4.38791 -3.14477
v 41.36136 -4.43385 -3.09830
v 41.44224 -4.42576 -3.10650
v 42.21616 -4.35032 -3.18263
v 42.61277 -4.31304 -3.22000
v 42.21616 -3.97142 -3.02568
v 42.61277 -3.93477 -3.06800
v 42.86758 -4.66055 -3.38719
v 43.01555 -4.64413 -3.40401
v 42.86758 -4.28957 -3.24343
v 43.01555 -4.27329 -3.26253
v 43.83879 -4.18554 -3.36512
v 43.42430 -4.22913 -3.31425
v 41.82592 -3.65028 -3.90908
v 42.61277 -3.58138 -3.99915
v 42.21616 -3.61564 -3.95427
v 42.61277 -3.18009 -3.88910
v 43.83879 -3.85693 -4.25580
v 43.42430 -3.89826 -4.20260
v 43.42430 -3.50366 -4.10911
v 42.86758 -3.55986 -4.02741
v 43.01555 -3.54470 -4.04940
v 43.83879 -3.46326 -4.16809
v 42.86758 -3.15921 -3.92030
v 43.01555 -3.14446 -3.94416
v 43.42430 -3.10452 -4.00906
v 43.83879 -3.06524 -4.07337
v 43.42430 -2.70229 -3.90315
v 43.83879 -2.66438 -3.97218
v 39.62912 -3.83440 -3.67070
v 39.85260 -3.81904 -3.68972
v 38.63205 -3.90577 -3.58394
v 38.95643 -3.88205 -3.61250
v 39.28884 -3.85824 -3.64144
v 38.95643 -3.47331 -3.46417
v 39.28884 -3.45000 -3.49622
v 39.62912 -3.42667 -3.52869
v 39.85260 -3.41164 -3.54982
v 39.97708 -3.80813 -3.70370
v 40.33256 -3.77747 -3.74322
v 40.69537 -3.74691 -3.78290
v 41.06533 -3.71650 -3.82266
v 41.06533 -3.31151 -3.69535
v 39.97708 -3.40098 -3.56508
v 40.33256 -3.37102 -3.60826
v 40.69537 -3.34118 -3.65171
v 38.63205 -3.49656 -3.43260
v 38.63205 -3.08147 -3.28171
v 40.33256 -2.95968 -3.47162
v 41.06533 -2.90206 -3.56540
v 40.69537 -2.93078 -3.51836
v 38.95643 -3.05888 -3.31589
v 39.28884 -3.03625 -3.35064
v 39.85260 -2.99905 -3.40889
v 39.62912 -3.01362 -3.38591
v 38.63205 -2.66216 -3.13177
v 39.62912 -2.59695 -3.24283
v 39.85260 -2.58296 -3.26739
v 38.95643 -2.64044 -3.16816
v 39.28884 -2.61868 -3.20519
v 39.97708 -2.98872 -3.42526
v 40.33256 -2.54513 -3.33372
v 39.97708 -2.57303 -3.28468
v 40.69537 -2.51738 -3.38325
v 41.06533 -2.48984 -3.43319
v 41.44224 -3.68524 -3.86365
v 41.36136 -3.69273 -3.85395
v 41.36136 -3.28832 -3.72978
v 41.82592 -3.24703 -3.79010
v 41.44224 -3.28104 -3.74038
v 42.21616 -3.21337 -3.83970
v 43.83879 -3.80937 -3.22994
v 43.01555 -3.89569 -3.11579
v 42.86758 -3.91171 -3.09463
v 43.42430 -3.85224 -3.17322
v 43.42430 -3.47016 -3.02738
v 43.83879 -3.42822 -3.08951
v 41.82592 -2.83978 -3.66745
v 42.21616 -2.80731 -3.72094
v 42.61277 -2.77525 -3.77435
v 41.44224 -2.87260 -3.61398
v 41.36136 -2.87964 -3.60259
v 41.36136 -2.46834 -3.47273
v 41.44224 -2.46160 -3.48478
v 41.82592 -2.43019 -3.54148
v 42.21616 -2.39914 -3.59830
v 42.61277 -2.36851 -3.65517
v 42.86758 -2.75514 -3.80816
v 43.01555 -2.74088 -3.83366
v 42.86758 -2.34932 -3.69124
v 43.01555 -2.33564 -3.71815
v 43.42430 -2.29865 -3.79159
v 43.83879 -2.26235 -3.86471
v 44.25882 -8.54347 -4.61842
v 44.25882 -8.61788 -4.41475
v 44.25882 -8.60421 -4.41433
v 44.25882 -8.56335 -4.41281
v 44.37634 -8.60829 -4.39505
v 44.37634 -8.59459 -4.39478
v 44.37634 -8.55365 -4.39373
v 44.68418 -8.58014 -4.34369
v 44.68418 -8.56640 -4.34377
v 44.25882 -8.52884 -4.62060
v 44.25882 -8.48485 -4.62764
v 44.25882 -8.41171 -4.63943
v 44.37634 -8.47528 -4.60880
v 44.37634 -8.53398 -4.59897
v 44.37634 -8.51934 -4.60130
v 44.37634 -8.40203 -4.62133
v 44.25882 -8.18030 -4.67397
v 44.25882 -8.30992 -4.65527
v 44.37634 -8.30010 -4.63818
v 44.37634 -8.17032 -4.65816
v 44.68418 -8.44728 -4.55946
v 44.68418 -8.37387 -4.57367
v 44.68418 -8.27174 -4.59284
v 44.68418 -8.14173 -4.61570
v 44.25882 -8.49558 -4.40988
v 44.25882 -8.40142 -4.40484
v 44.37634 -8.48575 -4.39158
v 44.37634 -8.39141 -4.38761
v 44.25882 -8.28173 -4.39638
v 44.25882 -8.13779 -4.38231
v 44.37634 -8.27150 -4.38049
v 44.37634 -8.12733 -4.36794
v 44.68418 -8.50610 -4.54825
v 44.68418 -8.49143 -4.55093
v 45.11465 -8.46685 -4.47778
v 45.11465 -8.45214 -4.48092
v 45.11465 -8.33432 -4.50726
v 45.11465 -8.40789 -4.49081
v 44.68418 -8.52533 -4.34379
v 44.68418 -8.45720 -4.34342
v 44.68418 -8.36256 -4.34192
v 45.11465 -8.23200 -4.52949
v 44.68418 -8.24227 -4.33792
v 45.55001 -8.42683 -4.40704
v 45.55001 -8.41210 -4.41062
v 45.55001 -8.36778 -4.42180
v 45.88510 -8.39581 -4.35297
v 45.88510 -8.33673 -4.36898
v 45.88510 -8.38107 -4.35686
v 45.55001 -8.19168 -4.46550
v 45.55001 -8.29413 -4.44037
v 45.88510 -8.26305 -4.38907
v 45.88510 -8.16057 -4.41631
v 45.99003 -8.38475 -4.33602
v 45.99003 -8.37001 -4.33997
v 45.99003 -8.32572 -4.35226
v 45.99003 -8.25210 -4.37264
v 45.99003 -8.14972 -4.40027
v 45.11465 -8.54051 -4.27232
v 45.11465 -8.48550 -4.27432
v 45.11465 -8.52672 -4.27287
v 45.11465 -8.41712 -4.27632
v 45.11465 -8.32212 -4.27810
v 45.11465 -8.20139 -4.27825
v 45.55001 -8.50010 -4.20069
v 45.55001 -8.48628 -4.20169
v 45.55001 -8.44494 -4.20449
v 45.55001 -8.37637 -4.20874
v 45.88510 -8.46877 -4.14594
v 45.88510 -8.45493 -4.14726
v 45.88510 -8.41354 -4.15104
v 45.88510 -8.34486 -4.15692
v 45.55001 -8.28111 -4.21364
v 45.55001 -8.16004 -4.21776
v 45.88510 -8.24945 -4.16411
v 45.88510 -8.12820 -4.17112
v 46.43449 -8.33767 -4.26456
v 45.99003 -8.45762 -4.12878
v 45.99003 -8.44379 -4.13016
v 45.99003 -8.40241 -4.13414
v 45.99003 -8.33378 -4.14034
v 46.43449 -8.27888 -4.28175
v 46.43449 -8.32299 -4.26876
v 46.43449 -8.20557 -4.30328
v 45.99003 -8.23844 -4.14797
v 46.43449 -8.41015 -4.05646
v 46.43449 -8.39637 -4.05810
v 46.43449 -8.35512 -4.06285
v 46.43449 -8.28671 -4.07035
v 46.43449 -8.19165 -4.07981
v 44.25882 -8.02560 -4.68937
v 44.37634 -8.01544 -4.67502
v 44.25882 -7.84732 -4.69895
v 44.37634 -7.83695 -4.68628
v 44.68418 -7.98659 -4.63593
v 45.11465 -8.10175 -4.55619
v 45.11465 -7.94636 -4.58093
v 44.68418 -7.80780 -4.65111
v 45.11465 -7.76723 -4.60140
v 44.25882 -7.96956 -4.36439
v 44.37634 -7.95888 -4.35165
v 44.25882 -7.77888 -4.33944
v 44.25882 -7.64574 -4.70382
v 44.37634 -7.63516 -4.69298
v 44.25882 -7.42145 -4.70457
v 44.37634 -7.41066 -4.69568
v 44.68418 -7.60572 -4.66211
v 45.11465 -7.56482 -4.61826
v 44.68418 -7.38095 -4.66941
v 45.11465 -7.33976 -4.63184
v 45.55001 -8.06131 -4.49584
v 45.88510 -8.03016 -4.44931
v 45.55001 -7.90576 -4.52493
v 45.55001 -7.72641 -4.55054
v 45.88510 -7.87457 -4.48159
v 45.99003 -8.01943 -4.43377
v 46.43449 -8.10363 -4.33249
v 46.43449 -7.97390 -4.36804
v 45.99003 -7.86396 -4.46670
v 46.43449 -7.81902 -4.40360
v 45.55001 -7.52376 -4.57312
v 45.55001 -7.29851 -4.59290
v 45.88510 -7.69511 -4.51102
v 45.88510 -7.49236 -4.53787
v 45.99003 -7.68463 -4.49694
v 46.43449 -7.64026 -4.43717
v 45.99003 -7.48202 -4.52473
v 46.43449 -7.43825 -4.46885
v 44.37634 -7.76799 -4.32846
v 44.68418 -8.09772 -4.32888
v 44.68418 -7.92894 -4.31641
v 45.11465 -8.05642 -4.27394
v 44.68418 -7.73773 -4.29736
v 45.11465 -7.88726 -4.26662
v 44.25882 -7.56698 -4.30624
v 44.37634 -7.55588 -4.29715
v 44.25882 -7.33422 -4.26628
v 44.37634 -7.32290 -4.25919
v 44.68418 -7.52532 -4.27052
v 45.11465 -7.69569 -4.25320
v 44.68418 -7.29206 -4.23732
v 45.11465 -7.48294 -4.23248
v 45.55001 -8.01474 -4.21800
v 45.88510 -7.98271 -4.17472
v 45.55001 -7.84530 -4.21569
v 45.88510 -7.81313 -4.17612
v 45.99003 -8.11725 -4.15557
v 45.99003 -7.97185 -4.15987
v 45.99003 -7.80239 -4.16205
v 46.43449 -8.07081 -4.08979
v 46.43449 -7.92582 -4.09695
v 46.43449 -7.75688 -4.10237
v 45.55001 -7.65348 -4.20778
v 45.88510 -7.62118 -4.17233
v 45.55001 -7.44047 -4.19307
v 45.88510 -7.40804 -4.16214
v 45.99003 -7.61056 -4.15916
v 45.99003 -7.39756 -4.14998
v 46.43449 -7.56562 -4.10318
v 46.43449 -7.35322 -4.09819
v 46.88317 -8.15836 -4.23367
v 46.88317 -8.28982 -4.19300
v 46.88317 -8.27522 -4.19743
v 46.88317 -8.23131 -4.21108
v 47.33583 -8.22670 -4.12604
v 47.33583 -8.24124 -4.12140
v 47.39386 -8.23498 -4.11227
v 47.33583 -8.18303 -4.14029
v 47.39386 -8.22046 -4.11693
v 47.39386 -8.17682 -4.13126
v 46.88317 -8.36191 -3.98406
v 46.88317 -8.34818 -3.98593
v 46.88317 -8.23893 -4.00013
v 46.88317 -8.14421 -4.01129
v 46.88317 -8.30709 -3.99141
v 47.79225 -8.17517 -4.05466
v 47.79225 -8.13192 -4.06902
v 47.79225 -8.18957 -4.04999
v 47.33583 -8.31290 -3.91163
v 47.33583 -8.29923 -3.91372
v 47.39386 -8.30659 -3.90239
v 47.39386 -8.29293 -3.90451
v 47.33583 -8.25833 -3.91987
v 47.39386 -8.25205 -3.91074
v 47.33583 -8.19046 -3.92972
v 47.39386 -8.18422 -3.92073
v 48.25219 -8.12260 -3.98334
v 48.25219 -8.13685 -3.97865
v 46.88317 -7.77357 -4.33987
v 46.88317 -7.59547 -4.37666
v 46.88317 -7.39414 -4.41213
v 47.33583 -7.34969 -4.35463
v 47.39386 -7.34399 -4.34724
v 46.88317 -8.05691 -4.26436
v 46.88317 -7.92779 -4.30181
v 47.33583 -8.11047 -4.16387
v 47.39386 -8.10431 -4.15495
v 47.33583 -8.00957 -4.19592
v 47.39386 -8.00349 -4.18717
v 47.79225 -7.96014 -4.12500
v 47.33583 -7.88113 -4.23515
v 47.39386 -7.87514 -4.22662
v 47.33583 -7.72764 -4.27559
v 47.39386 -7.72175 -4.26735
v 47.79225 -7.83292 -4.16459
v 46.88317 -8.02379 -4.02352
v 46.88317 -7.87929 -4.03343
v 46.88317 -7.71093 -4.04196
v 47.79225 -8.06007 -4.09273
v 47.33583 -8.09615 -3.94250
v 47.39386 -8.08997 -3.93370
v 47.33583 -7.97621 -3.95685
v 47.39386 -7.97009 -3.94831
v 47.79225 -7.92707 -3.88636
v 47.33583 -7.83225 -3.96937
v 47.39386 -7.82622 -3.96116
v 47.79225 -7.78426 -3.89996
v 47.33583 -7.55026 -4.31548
v 47.39386 -7.54446 -4.30763
v 47.79225 -7.50474 -4.24712
v 47.79225 -7.68075 -4.20584
v 47.79225 -7.30564 -4.28813
v 46.88317 -7.52031 -4.04638
v 46.88317 -7.30859 -4.04552
v 47.33583 -7.66455 -3.98092
v 47.39386 -7.65860 -3.97309
v 47.79225 -7.61787 -3.91283
v 47.33583 -7.47464 -3.98885
v 47.39386 -7.46879 -3.98146
v 47.79225 -7.42936 -3.92250
v 48.25219 -8.07980 -3.99771
v 48.25219 -7.90983 -4.05372
v 48.25219 -8.00871 -4.02143
v 48.25219 -7.78391 -4.09344
v 48.71541 -8.08344 -3.90743
v 48.71541 -8.06934 -3.91212
v 48.71541 -8.02700 -3.92649
v 48.71541 -7.95668 -3.95019
v 48.90262 -8.00558 -3.89787
v 48.90262 -7.93556 -3.92157
v 48.71541 -7.73426 -4.02230
v 48.71541 -7.85887 -3.98248
v 48.90262 -7.83818 -3.95385
v 48.90262 -7.71412 -3.99370
v 49.18168 -7.80569 -3.90997
v 48.25219 -7.63317 -4.13523
v 48.25219 -7.45867 -4.17761
v 48.71541 -7.41201 -4.10804
v 48.71541 -7.58498 -4.06460
v 48.90262 -7.56543 -4.03620
v 49.18168 -7.68270 -3.94910
v 49.18168 -7.53520 -3.99102
v 48.90262 -7.39307 -4.08005
v 49.18168 -7.36412 -4.03452
v 47.79225 -8.26083 -3.83942
v 47.79225 -8.24728 -3.84157
v 47.79225 -8.20675 -3.84790
v 47.79225 -8.13948 -3.85805
v 48.25219 -8.15414 -3.77592
v 48.25219 -8.20769 -3.76732
v 48.25219 -8.19428 -3.76950
v 48.71541 -8.15384 -3.69535
v 48.71541 -8.14057 -3.69756
v 48.90262 -8.13199 -3.66645
v 48.90262 -8.11877 -3.66867
v 47.79225 -8.04600 -3.87130
v 48.25219 -8.08754 -3.78624
v 48.25219 -7.99496 -3.79977
v 48.25219 -7.87713 -3.81532
v 48.25219 -7.73558 -3.82972
v 48.90262 -8.06177 -3.87881
v 48.90262 -8.04773 -3.88351
v 49.18168 -8.02730 -3.83637
v 49.18168 -8.01338 -3.84099
v 49.18168 -7.97160 -3.85507
v 48.71541 -8.10084 -3.70405
v 48.71541 -8.03491 -3.71452
v 48.90262 -8.07921 -3.67519
v 48.71541 -7.94325 -3.72830
v 48.90262 -8.01355 -3.68571
v 48.90262 -7.92226 -3.69958
v 49.18168 -7.90221 -3.87831
v 48.71541 -7.82655 -3.74430
v 48.90262 -7.80602 -3.71575
v 49.18168 -7.77404 -3.67131
v 49.18168 -8.09726 -3.62362
v 49.18168 -8.08416 -3.62575
v 49.18168 -8.04494 -3.63206
v 49.18168 -7.97984 -3.64222
v 49.18168 -7.88932 -3.65564
v 48.25219 -7.57061 -3.84365
v 48.25219 -7.38363 -3.85478
v 48.71541 -7.68627 -3.75948
v 48.90262 -7.66626 -3.73124
v 48.71541 -7.52275 -3.77443
v 48.90262 -7.50333 -3.74660
v 49.18168 -7.63537 -3.68640
v 48.71541 -7.33733 -3.78698
v 48.90262 -7.31855 -3.75971
v 49.18168 -7.47366 -3.70142
v 49.18168 -7.29020 -3.71435
v 44.25882 -7.17545 -4.70082
v 44.37634 -7.16447 -4.69400
v 44.25882 -6.90945 -4.69059
v 44.37634 -6.89829 -4.68592
v 44.68418 -7.13451 -4.67265
v 45.11465 -7.09306 -4.64182
v 44.68418 -6.86813 -4.66968
v 44.25882 -6.62394 -4.67547
v 44.37634 -6.61263 -4.67297
v 45.11465 -6.82649 -4.64588
v 44.68418 -6.58236 -4.66194
v 45.11465 -6.54064 -4.64534
v 45.88510 -7.26702 -4.56230
v 45.55001 -7.05164 -4.60954
v 45.88510 -7.02008 -4.58396
v 45.99003 -7.01005 -4.57301
v 45.99003 -7.25683 -4.55020
v 46.43449 -7.21374 -4.49865
v 46.43449 -6.96769 -4.52622
v 45.55001 -6.78497 -4.62057
v 45.88510 -6.75339 -4.60026
v 45.55001 -6.49911 -4.62718
v 45.88510 -6.46759 -4.61230
v 45.99003 -6.74354 -4.59052
v 45.99003 -6.45795 -4.60383
v 46.43449 -6.70199 -4.54882
v 44.25882 -7.08189 -4.21864
v 44.37634 -7.07039 -4.21361
v 45.11465 -7.24938 -4.20579
v 44.68418 -7.03934 -4.19663
v 45.11465 -6.99644 -4.17184
v 44.25882 -6.81176 -4.16144
v 44.37634 -6.80008 -4.15853
v 44.68418 -6.76886 -4.14666
v 45.11465 -6.72577 -4.12892
v 44.25882 -6.52437 -4.09630
v 44.37634 -6.51254 -4.09556
v 44.68418 -6.48120 -4.08892
v 45.11465 -6.43803 -4.07841
v 45.55001 -7.20670 -4.17282
v 45.88510 -7.17416 -4.14675
v 45.55001 -6.95362 -4.14557
v 45.88510 -6.92103 -4.12456
v 45.99003 -7.16382 -4.13569
v 45.99003 -6.91086 -4.11466
v 46.43449 -7.12016 -4.08849
v 46.43449 -6.86797 -4.07231
v 45.55001 -6.68286 -4.10967
v 45.88510 -6.65025 -4.09399
v 45.99003 -6.64026 -4.08534
v 46.43449 -6.59817 -4.04823
v 44.25882 -6.32046 -4.65437
v 44.37634 -6.30902 -4.65409
v 44.68418 -6.27871 -4.64839
v 45.11465 -6.23700 -4.63915
v 44.25882 -6.00050 -4.62658
v 44.37634 -5.98896 -4.62855
v 44.25882 -5.66547 -4.59180
v 44.37634 -5.65385 -4.59603
v 44.68418 -5.95868 -4.62827
v 45.11465 -5.91705 -4.62655
v 44.68418 -5.62367 -4.60122
v 45.55001 -6.19556 -4.62835
v 45.88510 -6.16416 -4.61907
v 46.43449 -6.41732 -4.56746
v 45.99003 -6.15474 -4.61192
v 46.43449 -6.11511 -4.58111
v 45.55001 -5.87579 -4.62327
v 45.88510 -5.84456 -4.61972
v 45.99003 -5.83540 -4.61394
v 46.43449 -5.79686 -4.58889
v 44.25882 -6.22062 -4.02414
v 44.37634 -6.20866 -4.02559
v 44.68418 -6.17730 -4.02422
v 45.11465 -6.13414 -4.02102
v 44.25882 -5.90180 -3.94498
v 44.37634 -5.88976 -3.94861
v 44.68418 -5.85846 -3.95251
v 45.11465 -5.81545 -3.95663
v 45.55001 -6.39509 -4.06638
v 45.88510 -6.36251 -4.05620
v 45.55001 -6.09129 -4.01632
v 45.88510 -6.05882 -4.01172
v 45.99003 -6.35273 -4.04885
v 46.43449 -6.31152 -4.01721
v 45.99003 -6.04927 -4.00570
v 45.55001 -5.77280 -3.95927
v 45.88510 -5.74054 -3.96028
v 46.43449 -6.00906 -3.97968
v 45.99003 -5.73124 -3.95562
v 46.43449 -5.69214 -3.93529
v 46.88317 -7.17038 -4.44617
v 46.88317 -6.92514 -4.47843
v 47.33583 -7.12674 -4.39282
v 47.39386 -7.12116 -4.38596
v 47.33583 -6.88238 -4.42969
v 47.39386 -6.87691 -4.42340
v 46.88317 -6.66032 -4.50605
v 47.79225 -6.84156 -4.36807
v 47.33583 -6.61853 -4.46227
v 47.39386 -6.61319 -4.45661
v 47.79225 -6.57946 -4.40361
v 48.25219 -6.54041 -4.34254
v 47.79225 -7.08425 -4.32858
v 46.88317 -7.07627 -4.04033
v 47.33583 -7.26366 -3.99202
v 47.39386 -7.25791 -3.98514
v 47.79225 -7.21986 -3.92786
v 47.33583 -7.03215 -3.99129
v 47.39386 -7.02650 -3.98497
v 47.79225 -6.98992 -3.92964
v 46.88317 -6.82491 -4.02896
v 46.88317 -6.55599 -4.01006
v 47.33583 -6.78169 -3.98466
v 47.39386 -6.77616 -3.97894
v 47.79225 -6.74116 -3.92579
v 47.33583 -6.51370 -3.97091
v 47.39386 -6.50830 -3.96585
v 47.79225 -6.47491 -3.91523
v 48.25219 -7.26115 -4.22018
v 48.25219 -7.04147 -4.26258
v 48.71541 -7.21612 -4.15212
v 48.90262 -7.19785 -4.12473
v 48.71541 -6.99818 -4.19642
v 48.90262 -6.98062 -4.16978
v 49.18168 -6.95452 -4.12410
v 49.18168 -7.17028 -4.07904
v 48.25219 -6.80059 -4.30437
v 48.71541 -6.75915 -4.24046
v 48.90262 -6.74235 -4.21472
v 49.18168 -6.71782 -4.16919
v 48.71541 -6.50093 -4.28120
v 48.90262 -6.48493 -4.25648
v 49.18168 -6.46205 -4.21127
v 46.88317 -6.37663 -4.52997
v 46.88317 -6.07550 -4.54913
v 47.33583 -6.33589 -4.49140
v 47.39386 -6.33069 -4.48641
v 47.79225 -6.29870 -4.43595
v 47.33583 -6.03591 -4.51605
v 47.39386 -6.03086 -4.51175
v 46.88317 -5.75841 -4.56265
v 47.79225 -6.00068 -4.46406
v 47.33583 -5.72005 -4.53526
v 47.39386 -5.71516 -4.53169
v 47.79225 -5.68688 -4.48698
v 48.25219 -6.26168 -4.37776
v 48.25219 -5.96579 -4.40900
v 48.25219 -5.65421 -4.43530
v 48.71541 -5.93057 -4.35360
v 48.90262 -5.91630 -4.33123
v 48.71541 -5.62126 -4.38322
v 48.90262 -5.60792 -4.36218
v 46.88317 -6.27029 -3.98450
v 47.33583 -6.22902 -3.95076
v 47.39386 -6.22375 -3.94639
v 47.79225 -6.19206 -3.89854
v 46.88317 -5.96888 -3.95256
v 46.88317 -5.65312 -3.91386
v 47.33583 -5.92873 -3.92440
v 47.39386 -5.92361 -3.92074
v 47.33583 -5.61420 -3.89137
v 47.39386 -5.60924 -3.88843
v 48.71541 -6.22427 -4.31926
v 48.90262 -6.20912 -4.29566
v 49.18168 -6.18797 -4.25090
v 49.18168 -5.89696 -4.28707
v 48.25219 -7.17574 -3.86202
v 48.25219 -6.94753 -3.86601
v 48.71541 -7.13108 -3.79607
v 48.90262 -7.11297 -3.76954
v 49.18168 -7.08602 -3.72420
v 48.71541 -6.90463 -3.80224
v 48.90262 -6.88723 -3.77658
v 49.18168 -6.86179 -3.73138
v 48.25219 -6.70060 -3.86464
v 48.71541 -6.65957 -3.80333
v 48.90262 -6.64293 -3.77864
v 49.18168 -6.61907 -3.73373
v 47.79225 -5.89370 -3.87581
v 48.25219 -6.43624 -3.85696
v 48.25219 -6.15537 -3.84341
v 48.71541 -6.39715 -3.79849
v 48.90262 -6.38130 -3.77494
v 49.18168 -6.35908 -3.73054
v 48.71541 -6.11831 -3.78806
v 48.90262 -6.10329 -3.76575
v 49.18168 -6.08277 -3.72200
v 48.25219 -5.85911 -3.82400
v 48.71541 -5.82418 -3.77195
v 48.90262 -5.81003 -3.75096
v 49.18168 -5.79128 -3.70797
v 49.65077 -7.48405 -3.91577
v 49.65077 -7.31512 -3.95870
v 49.65077 -7.91424 -3.78366
v 49.65077 -7.96911 -3.76554
v 49.65077 -7.95540 -3.77001
v 49.65077 -7.84588 -3.80615
v 49.65077 -7.75078 -3.83681
v 50.12242 -7.91031 -3.69495
v 50.12242 -7.89680 -3.69929
v 50.12242 -7.85625 -3.71251
v 50.12242 -7.78890 -3.73430
v 50.41138 -7.82056 -3.66926
v 50.41138 -7.75383 -3.69063
v 49.65077 -8.02572 -3.55415
v 49.65077 -7.98706 -3.56011
v 49.65077 -7.92290 -3.56970
v 49.65077 -8.03863 -3.55214
v 49.65077 -7.83366 -3.58238
v 49.65077 -7.71997 -3.59727
v 50.12242 -7.97936 -3.48094
v 50.12242 -7.96663 -3.48285
v 50.12242 -7.92854 -3.48846
v 50.41138 -7.87413 -3.65201
v 50.41138 -7.86074 -3.65628
v 50.59641 -7.85011 -3.62475
v 50.59641 -7.83681 -3.62894
v 50.59641 -7.79689 -3.64168
v 50.59641 -7.73060 -3.66266
v 50.12242 -7.86530 -3.49752
v 50.12242 -7.77733 -3.50951
v 50.41138 -7.89252 -3.44492
v 50.41138 -7.82984 -3.45367
v 50.41138 -7.74263 -3.46527
v 49.65077 -7.62957 -3.87478
v 50.12242 -7.57575 -3.80087
v 50.12242 -7.69521 -3.76401
v 50.41138 -7.66099 -3.71978
v 50.59641 -7.63837 -3.69127
v 50.41138 -7.54258 -3.75601
v 50.59641 -7.52073 -3.72686
v 50.12242 -7.43221 -3.84098
v 50.41138 -7.40024 -3.79560
v 50.59641 -7.37924 -3.76585
v 49.65077 -7.58310 -3.61172
v 49.65077 -7.42343 -3.62621
v 50.12242 -7.66519 -3.52366
v 50.12242 -7.53012 -3.53754
v 50.41138 -7.63144 -3.47900
v 50.59641 -7.60921 -3.45002
v 50.41138 -7.49745 -3.49254
v 50.12242 -7.37248 -3.55153
v 50.59641 -7.47601 -3.46309
v 50.41138 -7.34104 -3.50626
v 50.59641 -7.32050 -3.47634
v 51.07248 -7.78811 -3.55505
v 51.07248 -7.77503 -3.55905
v 51.07248 -7.73578 -3.57121
v 51.55040 -7.72558 -3.48572
v 51.55040 -7.71272 -3.48955
v 51.07248 -7.32489 -3.69005
v 51.07248 -7.67060 -3.59121
v 51.07248 -7.57990 -3.61851
v 51.07248 -7.46419 -3.65253
v 51.55040 -7.67412 -3.50117
v 51.55040 -7.61003 -3.52026
v 51.55040 -7.52083 -3.54634
v 51.91760 -7.62653 -3.44782
v 51.91760 -7.56326 -3.46627
v 51.55040 -7.40700 -3.57888
v 51.91760 -7.47518 -3.49147
v 51.91760 -7.36277 -3.52297
v 50.41138 -7.94289 -3.43766
v 50.41138 -7.93028 -3.43950
v 50.59641 -7.91869 -3.41020
v 50.59641 -7.86864 -3.41719
v 50.59641 -7.90616 -3.41197
v 50.59641 -7.80637 -3.42562
v 50.59641 -7.71971 -3.43679
v 51.07248 -7.85621 -3.34001
v 51.07248 -7.84389 -3.34162
v 51.07248 -7.80699 -3.34636
v 51.07248 -7.74573 -3.35399
v 51.55040 -7.79319 -3.27024
v 51.55040 -7.78106 -3.27169
v 51.55040 -7.74476 -3.27599
v 51.91760 -7.74455 -3.21710
v 51.91760 -7.73258 -3.21845
v 51.07248 -7.66046 -3.36411
v 51.07248 -7.55171 -3.37615
v 51.07248 -7.42052 -3.38808
v 51.91760 -7.67735 -3.43288
v 51.91760 -7.66464 -3.43658
v 51.55040 -7.68449 -3.28290
v 51.55040 -7.60060 -3.29206
v 51.55040 -7.49355 -3.30300
v 51.91760 -7.69673 -3.22243
v 51.91760 -7.63721 -3.22883
v 51.91760 -7.55434 -3.23732
v 51.55040 -7.36433 -3.31387
v 51.91760 -7.44857 -3.24748
v 51.91760 -7.32084 -3.25761
v 52.02992 -7.54847 -3.45001
v 52.02992 -7.46072 -3.47502
v 52.02992 -7.34872 -3.50628
v 52.02992 -7.72923 -3.20102
v 52.02992 -7.71730 -3.20235
v 52.02992 -7.66214 -3.41688
v 52.02992 -7.64948 -3.42056
v 52.02992 -7.61151 -3.43171
v 52.51080 -7.59685 -3.34879
v 52.51080 -7.54702 -3.36315
v 52.51080 -7.58439 -3.35235
v 52.02992 -7.53969 -3.22092
v 52.51080 -7.39860 -3.40508
v 52.51080 -7.48497 -3.38087
v 52.51080 -7.28833 -3.43542
v 52.02992 -7.43430 -3.23094
v 52.02992 -7.30700 -3.24094
v 52.99279 -7.53115 -3.28116
v 52.99279 -7.51888 -3.28463
v 52.99279 -7.33599 -3.33582
v 52.99279 -7.48210 -3.29511
v 52.99279 -7.42102 -3.31231
v 52.02992 -7.68158 -3.20627
v 52.02992 -7.62227 -3.21256
v 52.51080 -7.66343 -3.13262
v 52.51080 -7.65169 -3.13386
v 52.51080 -7.61651 -3.13753
v 52.51080 -7.55810 -3.14343
v 52.51080 -7.47677 -3.15127
v 52.51080 -7.37294 -3.16072
v 52.99279 -7.59720 -3.06474
v 52.99279 -7.58563 -3.06592
v 52.99279 -7.55099 -3.06937
v 52.99279 -7.49346 -3.07493
v 52.99279 -7.41335 -3.08233
v 52.99279 -7.31104 -3.09131
v 53.42636 -7.47182 -3.22088
v 53.42636 -7.45972 -3.22426
v 53.42636 -7.42344 -3.23450
v 53.42636 -7.36322 -3.25129
v 53.42636 -7.27937 -3.27424
v 53.42636 -7.53737 -3.00428
v 53.42636 -7.52596 -3.00540
v 53.42636 -7.49179 -3.00870
v 53.95911 -7.39653 -3.14790
v 53.95911 -7.38464 -3.15120
v 53.95911 -7.28980 -3.17749
v 53.95911 -7.34899 -3.16116
v 53.42636 -7.43504 -3.01400
v 53.42636 -7.35599 -3.02107
v 54.44295 -7.32789 -3.08227
v 54.44295 -7.31618 -3.08551
v 54.44295 -7.28109 -3.09527
v 49.65077 -7.12357 -4.00297
v 49.65077 -6.91029 -4.04804
v 50.12242 -7.07616 -3.92742
v 50.12242 -6.86535 -3.97250
v 49.65077 -6.67622 -4.09338
v 50.41138 -6.83759 -3.92670
v 50.59641 -6.81967 -3.89565
v 50.12242 -6.63393 -4.01809
v 50.41138 -6.60779 -3.97243
v 50.59641 -6.59105 -3.94108
v 49.65077 -6.42322 -4.13598
v 49.65077 -6.15205 -4.17635
v 50.12242 -6.38371 -4.06119
v 50.41138 -6.35928 -4.01583
v 50.59641 -6.34380 -3.98426
v 50.12242 -6.11548 -4.10228
v 50.41138 -6.09285 -4.05735
v 50.59641 -6.07869 -4.02562
v 49.65077 -5.86408 -4.21348
v 50.12242 -5.83057 -4.14034
v 50.41138 -5.80982 -4.09597
v 50.59641 -5.79703 -4.06417
v 51.07248 -6.30355 -3.90391
v 51.07248 -6.04182 -3.94488
v 51.07248 -5.76370 -3.98322
v 51.55040 -5.72963 -3.90324
v 50.12242 -7.26541 -3.88338
v 50.41138 -7.23473 -3.83770
v 50.59641 -7.21468 -3.80744
v 50.41138 -7.04689 -3.88160
v 50.59641 -7.02786 -3.85091
v 49.65077 -7.24218 -3.63886
v 49.65077 -7.04036 -3.64876
v 50.12242 -7.19343 -3.56395
v 50.41138 -7.16334 -3.51856
v 50.59641 -7.14378 -3.48824
v 50.12242 -6.99396 -3.57391
v 50.41138 -6.96529 -3.52857
v 50.59641 -6.94679 -3.49794
v 49.65077 -6.81863 -3.65620
v 49.65077 -6.57858 -3.65904
v 50.12242 -6.77475 -3.58163
v 50.41138 -6.74763 -3.53647
v 50.59641 -6.73025 -3.50558
v 50.12242 -6.53737 -3.58497
v 50.41138 -6.51187 -3.54012
v 50.59641 -6.49569 -3.50904
v 51.07248 -7.16273 -3.73038
v 51.07248 -6.97853 -3.77278
v 51.55040 -6.92847 -3.69557
v 51.55040 -7.26985 -3.61503
v 51.55040 -7.11007 -3.65418
v 51.91760 -7.22725 -3.55813
v 51.91760 -7.06926 -3.59642
v 51.91760 -6.88964 -3.63707
v 51.07248 -6.77317 -3.81661
v 51.07248 -6.54760 -3.86128
v 51.55040 -6.72593 -3.73853
v 51.91760 -6.68925 -3.67939
v 51.55040 -6.50339 -3.78246
v 51.91760 -6.46903 -3.72278
v 51.07248 -7.26729 -3.40019
v 51.07248 -7.09307 -3.41109
v 51.07248 -6.89876 -3.42003
v 51.55040 -7.21336 -3.32493
v 51.91760 -7.17158 -3.26792
v 51.55040 -7.04161 -3.33493
v 51.91760 -7.00170 -3.27728
v 51.07248 -6.68511 -3.42703
v 51.07248 -6.45361 -3.43004
v 51.55040 -6.84997 -3.34315
v 51.91760 -6.81209 -3.28500
v 51.55040 -6.63919 -3.34957
v 51.91760 -6.60350 -3.29101
v 49.65077 -6.32134 -3.65668
v 49.65077 -6.04789 -3.64923
v 50.12242 -6.28289 -3.58345
v 50.41138 -6.25909 -3.53911
v 50.59641 -6.24415 -3.50795
v 49.65077 -5.75939 -3.63646
v 50.12242 -6.01232 -3.57707
v 50.41138 -5.99029 -3.53337
v 50.59641 -5.97664 -3.50222
v 50.12242 -5.72683 -3.56554
v 50.41138 -5.70665 -3.52260
v 50.59641 -5.69435 -3.49153
v 51.55040 -6.26255 -3.82454
v 51.91760 -6.23065 -3.76444
v 51.55040 -6.00421 -3.86512
v 51.91760 -5.97490 -3.80471
v 51.91760 -5.70304 -3.84264
v 51.07248 -6.20526 -3.42878
v 51.55040 -6.41075 -3.35216
v 51.91760 -6.37739 -3.29330
v 51.55040 -6.16558 -3.35074
v 51.91760 -6.13465 -3.29178
v 51.07248 -5.94108 -3.42308
v 51.07248 -5.66225 -3.41257
v 51.55040 -5.90473 -3.34508
v 51.91760 -5.87636 -3.28615
v 51.55040 -5.62937 -3.33476
v 51.91760 -5.60367 -3.27597
v 52.02992 -7.21367 -3.54124
v 52.51080 -7.15528 -3.46955
v 52.02992 -7.05621 -3.57937
v 52.02992 -6.87717 -3.61992
v 52.51080 -7.00005 -3.50706
v 52.02992 -6.45787 -3.70550
v 52.02992 -6.67741 -3.66216
v 52.51080 -6.82347 -3.54715
v 52.51080 -6.62641 -3.58908
v 52.99279 -6.76919 -3.47535
v 52.99279 -6.57480 -3.51700
v 53.42636 -6.52797 -3.45315
v 52.02992 -7.15822 -3.25115
v 52.02992 -6.98889 -3.26044
v 52.99279 -7.22742 -3.36533
v 52.99279 -7.09633 -3.39872
v 52.99279 -6.94332 -3.43567
v 52.51080 -7.24746 -3.17025
v 52.51080 -7.10077 -3.18004
v 52.51080 -6.93376 -3.18907
v 52.99279 -7.18736 -3.10045
v 52.99279 -7.04274 -3.10989
v 52.99279 -6.87802 -3.11873
v 52.02992 -6.79987 -3.26814
v 52.02992 -6.59193 -3.27416
v 52.51080 -6.74726 -3.19671
v 52.51080 -6.54204 -3.20282
v 52.99279 -6.69402 -3.12636
v 52.99279 -6.49152 -3.13259
v 53.42636 -7.17229 -3.30309
v 53.95911 -7.10215 -3.22795
v 53.42636 -7.04295 -3.33590
v 53.42636 -6.89190 -3.37239
v 53.95911 -6.97495 -3.26009
v 53.95911 -7.20740 -3.19983
v 53.42636 -7.25504 -3.02969
v 53.42636 -7.13294 -3.03856
v 53.42636 -6.99015 -3.04777
v 54.44295 -7.22282 -3.11126
v 54.44295 -7.14169 -3.13313
v 54.44295 -7.03806 -3.16071
v 54.44295 -6.91277 -3.19235
v 53.42636 -6.71996 -3.41173
v 53.95911 -6.65712 -3.33496
v 53.95911 -6.82634 -3.29605
v 53.95911 -6.46814 -3.37605
v 54.44295 -6.76635 -3.22789
v 54.44295 -6.59958 -3.26645
v 53.42636 -6.82747 -3.05649
v 53.42636 -6.64571 -3.06415
v 53.42636 -6.44563 -3.07052
v 52.02992 -6.22021 -3.74717
v 52.51080 -6.17522 -3.67392
v 52.51080 -6.40978 -3.63225
v 52.99279 -6.36108 -3.56000
v 52.99279 -6.12962 -3.60167
v 52.02992 -5.96523 -3.78747
v 52.51080 -5.92353 -3.71437
v 52.02992 -5.69418 -3.82548
v 52.51080 -5.65593 -3.75268
v 52.99279 -5.61709 -3.68082
v 52.99279 -5.88123 -3.64224
v 53.42636 -6.31685 -3.49602
v 53.42636 -6.08819 -3.53767
v 53.95911 -6.03511 -3.46025
v 53.42636 -5.84275 -3.57834
v 53.95911 -5.79341 -3.50094
v 52.02992 -6.36649 -3.27651
v 52.02992 -6.12448 -3.27510
v 52.51080 -6.31951 -3.20541
v 52.51080 -6.08056 -3.20449
v 52.99279 -6.27190 -3.13546
v 52.99279 -6.03602 -3.13502
v 52.02992 -5.86693 -3.26963
v 52.51080 -5.82625 -3.19968
v 52.99279 -5.78493 -3.13087
v 53.95911 -6.26028 -3.41869
v 54.44295 -6.41331 -3.30727
v 54.44295 -6.20841 -3.34971
v 53.42636 -6.22862 -3.07366
v 53.95911 -6.17317 -2.99964
v 54.44295 -5.98641 -3.39118
v 54.44295 -5.74809 -3.43187
v 53.42636 -5.99549 -3.07367
v 53.95911 -5.94348 -3.00021
v 53.42636 -5.74731 -3.07011
v 44.37634 -5.30532 -4.55587
v 45.11465 -5.58226 -4.60708
v 44.68418 -5.27542 -4.56627
v 45.11465 -5.23443 -4.57938
v 44.25882 -5.31694 -4.54949
v 44.25882 -4.95617 -4.50013
v 44.37634 -4.94459 -4.50862
v 44.68418 -4.91507 -4.52414
v 45.11465 -4.87466 -4.54441
v 45.55001 -5.54126 -4.61140
v 45.88510 -5.51029 -4.61364
v 45.55001 -5.19393 -4.59101
v 45.99003 -5.50140 -4.60927
v 46.43449 -5.46405 -4.59012
v 45.88510 -5.16337 -4.59885
v 45.55001 -4.83478 -4.56324
v 45.88510 -4.80475 -4.57660
v 45.99003 -5.15479 -4.59585
v 46.43449 -5.11880 -4.58248
v 45.99003 -4.79651 -4.57497
v 46.43449 -4.76198 -4.56736
v 45.55001 -5.44285 -3.88992
v 45.88510 -5.41087 -3.89654
v 45.99003 -5.40184 -3.89326
v 44.25882 -4.58475 -4.44347
v 44.37634 -4.57325 -4.45401
v 44.68418 -4.54423 -4.47453
v 45.11465 -4.50454 -4.50177
v 44.25882 -4.20426 -4.37942
v 44.37634 -4.19290 -4.39192
v 45.11465 -4.12571 -4.45116
v 44.68418 -4.16450 -4.41722
v 45.55001 -4.46545 -4.52763
v 45.88510 -4.43604 -4.54640
v 45.99003 -4.42818 -4.54611
v 46.43449 -4.39525 -4.54419
v 45.55001 -4.08757 -4.48379
v 45.88510 -4.05892 -4.50776
v 45.99003 -4.05146 -4.50879
v 46.43449 -4.02025 -4.51241
v 46.88317 -5.42685 -4.56976
v 47.33583 -5.38981 -4.54823
v 47.39386 -5.38509 -4.54540
v 47.79225 -5.35879 -4.50383
v 46.88317 -5.08301 -4.56790
v 47.33583 -5.04744 -4.55214
v 47.39386 -5.04291 -4.55004
v 47.79225 -5.01868 -4.51169
v 48.25219 -5.32843 -4.45571
v 48.71541 -5.29785 -4.40716
v 48.90262 -5.28548 -4.38752
v 49.18168 -5.26992 -4.34495
v 48.25219 -4.99073 -4.46723
v 48.71541 -4.96262 -4.42229
v 48.90262 -4.95126 -4.40409
v 49.18168 -4.93767 -4.36250
v 49.18168 -5.59044 -4.31874
v 46.88317 -4.72773 -4.55855
v 46.88317 -4.36264 -4.54108
v 47.33583 -4.69374 -4.54856
v 47.39386 -4.68943 -4.54720
v 47.79225 -4.66734 -4.51213
v 46.88317 -3.98943 -4.51487
v 47.33583 -4.33037 -4.53679
v 47.39386 -4.32628 -4.53616
v 47.79225 -4.30642 -4.50440
v 47.33583 -3.95899 -4.51617
v 47.39386 -3.95514 -4.51625
v 47.79225 -3.93758 -4.48782
v 48.25219 -4.64191 -4.47139
v 48.71541 -4.61636 -4.43015
v 48.90262 -4.60605 -4.41343
v 49.18168 -4.59448 -4.37291
v 48.25219 -4.28360 -4.46744
v 48.25219 -3.91744 -4.45466
v 48.71541 -4.26071 -4.42994
v 48.90262 -4.25148 -4.41472
v 49.18168 -4.24196 -4.37536
v 44.25882 -5.57115 -3.85374
v 44.37634 -5.55907 -3.85949
v 44.25882 -5.22828 -3.75539
v 44.37634 -5.21619 -3.76324
v 44.68418 -5.52793 -3.86860
v 45.11465 -5.48517 -3.87998
v 44.68418 -5.18532 -3.77746
v 45.11465 -5.14298 -3.79598
v 44.68418 -4.83211 -3.67911
v 45.11465 -4.79034 -3.70458
v 44.25882 -4.87465 -3.65004
v 44.37634 -4.86261 -3.65991
v 46.43449 -5.36391 -3.87876
v 45.55001 -5.10112 -3.81312
v 45.88510 -5.06953 -3.82525
v 45.99003 -5.06079 -3.82335
v 46.43449 -5.02416 -3.81466
v 44.25882 -4.51204 -3.53706
v 44.37634 -4.50008 -3.54888
v 44.68418 -4.47009 -3.57289
v 45.11465 -4.42904 -3.60508
v 44.68418 -4.10133 -3.45737
v 45.11465 -4.06116 -3.49604
v 45.55001 -4.74910 -3.72874
v 45.88510 -4.71801 -3.74627
v 45.99003 -4.70961 -3.74572
v 46.43449 -4.67440 -3.74275
v 45.55001 -4.38857 -3.63604
v 45.88510 -4.35810 -3.65879
v 45.99003 -4.35006 -3.65958
v 45.88510 -3.99184 -3.56141
v 45.55001 -4.02159 -3.53357
v 46.43449 -4.31638 -3.66224
v 45.99003 -3.98417 -3.56351
v 46.43449 -3.95211 -3.57175
v 44.25882 -4.14254 -3.41506
v 44.37634 -4.13072 -3.42875
v 46.88317 -5.32612 -3.86317
v 47.79225 -5.58122 -3.84654
v 47.33583 -5.28848 -3.84653
v 47.39386 -5.28369 -3.84434
v 47.79225 -5.25756 -3.80577
v 46.88317 -4.98772 -3.80489
v 47.33583 -4.95149 -3.79409
v 47.39386 -4.94688 -3.79264
v 47.79225 -4.92272 -3.75745
v 48.25219 -5.54883 -3.79819
v 48.25219 -5.22738 -3.76121
v 48.71541 -5.51614 -3.74958
v 48.90262 -5.50291 -3.72997
v 49.18168 -5.48600 -3.68784
v 48.71541 -5.19696 -3.71637
v 48.90262 -5.18465 -3.69827
v 48.25219 -4.89486 -3.71676
v 48.71541 -4.86680 -3.67576
v 49.18168 -5.16958 -3.65726
v 48.90262 -4.85545 -3.65920
v 49.18168 -4.84226 -3.61939
v 46.88317 -4.63943 -3.73873
v 47.33583 -4.60473 -3.73368
v 47.39386 -4.60032 -3.73297
v 47.79225 -4.57823 -3.70120
v 47.33583 -4.24993 -3.66452
v 47.39386 -4.24573 -3.66453
v 46.88317 -4.28300 -3.66388
v 46.88317 -3.92039 -3.57902
v 47.79225 -4.22576 -3.63623
v 48.25219 -4.55277 -3.66441
v 48.71541 -4.52716 -3.62729
v 48.90262 -4.51682 -3.61228
v 49.18168 -4.50555 -3.57375
v 48.25219 -4.20278 -3.60340
v 48.71541 -4.17970 -3.57023
v 48.90262 -4.17038 -3.55680
v 49.18168 -4.16107 -3.51967
v 44.68418 -3.77748 -4.35216
v 45.11465 -3.73981 -4.39240
v 45.88510 -3.67506 -4.46030
v 45.55001 -3.70281 -4.43141
v 45.99003 -3.66804 -4.46259
v 46.43449 -3.63870 -4.47155
v 45.55001 -3.31398 -4.36704
v 45.88510 -3.28730 -4.40047
v 45.99003 -3.28074 -4.40395
v 46.43449 -3.25341 -4.41795
v 44.25882 -3.81626 -4.30805
v 44.37634 -3.80510 -4.32237
v 44.25882 -3.42354 -4.22625
v 44.37634 -3.41264 -4.24223
v 44.68418 -3.38596 -4.27613
v 45.11465 -3.34962 -4.32215
v 45.88510 -2.89605 -4.33166
v 45.99003 -2.88999 -4.33627
v 46.43449 -2.86480 -4.35503
v 44.25882 -3.02666 -4.13698
v 44.37634 -3.01609 -4.15450
v 45.11465 -2.95564 -4.24362
v 44.68418 -2.99048 -4.19222
v 45.11465 -2.55949 -4.15695
v 44.25882 -2.62719 -4.04066
v 44.37634 -2.61700 -4.05955
v 44.68418 -2.59262 -4.10071
v 45.55001 -2.92154 -4.29398
v 45.88510 -2.50297 -4.25381
v 45.55001 -2.52712 -4.21228
v 45.99003 -2.49745 -4.25946
v 46.43449 -2.47454 -4.28265
v 46.88317 -3.60979 -4.47938
v 47.33583 -3.58131 -4.48608
v 47.39386 -3.57771 -4.48685
v 47.79225 -3.56252 -4.46175
v 46.88317 -3.22656 -4.43086
v 47.33583 -3.20018 -4.44266
v 47.39386 -3.19685 -4.44409
v 47.79225 -3.18407 -4.42227
v 48.25219 -3.54514 -4.43239
v 48.71541 -3.89729 -4.42093
v 48.90262 -3.88918 -4.40721
v 49.18168 -3.88175 -4.36908
v 48.71541 -3.52779 -4.40243
v 48.90262 -3.52083 -4.39022
v 49.18168 -3.51550 -4.35343
v 48.25219 -3.16951 -4.39665
v 48.71541 -3.15503 -4.37042
v 48.90262 -3.14923 -4.35970
v 49.18168 -3.14600 -4.32433
v 46.88317 -2.84013 -4.37275
v 47.33583 -2.81597 -4.38941
v 47.39386 -2.81293 -4.39145
v 47.79225 -2.80262 -4.37284
v 48.25219 -2.79094 -4.35089
v 46.88317 -2.45217 -4.30486
v 47.33583 -2.43036 -4.32604
v 47.39386 -2.42761 -4.32867
v 47.79225 -2.41984 -4.31316
v 48.71541 -2.77939 -4.32830
v 48.90262 -2.77478 -4.31904
v 49.18168 -2.77366 -4.28515
v 48.25219 -2.41109 -4.29476
v 48.71541 -2.40252 -4.27571
v 48.90262 -2.39912 -4.26787
v 49.18168 -2.40011 -4.23550
v 45.88510 -3.62060 -3.45468
v 45.99003 -3.61335 -3.45801
v 46.43449 -3.58308 -3.47147
v 44.25882 -3.76713 -3.28587
v 44.37634 -3.75552 -3.30124
v 44.68418 -3.72693 -3.33406
v 45.11465 -3.68787 -3.37864
v 45.11465 -3.31016 -3.25476
v 44.25882 -3.38693 -3.15098
v 44.37634 -3.37559 -3.16791
v 44.68418 -3.34791 -3.20465
v 45.55001 -3.64945 -3.42219
v 45.88510 -3.24524 -3.34077
v 45.55001 -3.27306 -3.30393
v 45.99003 -3.23844 -3.34527
v 46.43449 -3.21009 -3.36370
v 44.25882 -3.00405 -3.00923
v 44.37634 -2.99303 -3.02759
v 45.11465 -2.93010 -3.12320
v 44.68418 -2.96640 -3.06797
v 45.99003 -2.86149 -3.22415
v 46.43449 -2.83515 -3.24732
v 45.55001 -2.89448 -3.17762
v 45.88510 -2.86781 -3.21852
v 45.55001 -2.51523 -3.04370
v 45.88510 -2.48981 -3.08836
v 46.43449 -2.45976 -3.12273
v 45.99003 -2.48399 -3.09505
v 46.88317 -3.55320 -3.48400
v 47.33583 -3.88903 -3.58532
v 47.39386 -3.88505 -3.58605
v 47.79225 -3.86722 -3.56135
v 47.33583 -3.52371 -3.49561
v 47.39386 -3.51998 -3.49702
v 47.79225 -3.50436 -3.47581
v 48.25219 -3.84673 -3.53264
v 48.71541 -3.82619 -3.50357
v 48.90262 -3.81791 -3.49178
v 49.18168 -3.81053 -3.45622
v 48.25219 -3.48645 -3.45111
v 46.88317 -3.18217 -3.38124
v 47.33583 -3.15468 -3.39790
v 47.39386 -3.15121 -3.39996
v 47.79225 -3.13786 -3.38219
v 48.25219 -3.12260 -3.36141
v 48.71541 -3.46854 -3.42602
v 48.90262 -3.46133 -3.41583
v 49.18168 -3.45590 -3.38189
v 48.71541 -3.10739 -3.34024
v 48.90262 -3.10128 -3.33162
v 49.18168 -3.09781 -3.29936
v 46.88317 -2.80928 -3.26967
v 47.33583 -2.78388 -3.29120
v 47.39386 -2.78067 -3.29388
v 47.79225 -2.76962 -3.27954
v 46.88317 -2.43602 -3.14966
v 47.33583 -2.41279 -3.17581
v 47.39386 -2.40986 -3.17909
v 47.79225 -2.40111 -3.16816
v 48.25219 -2.75703 -3.26269
v 48.71541 -2.74453 -3.24545
v 48.90262 -2.73953 -3.23840
v 49.18168 -2.73800 -3.20792
v 48.25219 -2.39121 -3.15523
v 48.71541 -2.38144 -3.14189
v 48.90262 -2.37754 -3.13641
v 49.18168 -2.37794 -3.10781
v 49.65077 -5.56071 -4.24635
v 49.65077 -5.24344 -4.27396
v 50.12242 -5.53039 -4.17437
v 50.41138 -5.51159 -4.13068
v 50.12242 -5.21639 -4.20334
v 50.41138 -5.19962 -4.16045
v 50.59641 -5.18972 -4.12874
v 50.59641 -5.50022 -4.09889
v 49.65077 -4.91451 -4.29312
v 50.12242 -4.89082 -4.22406
v 50.41138 -4.87611 -4.18210
v 50.59641 -4.86771 -4.15056
v 51.07248 -5.47055 -4.01793
v 51.55040 -5.44016 -3.93790
v 51.07248 -5.16382 -4.04797
v 51.07248 -4.84567 -4.07021
v 51.55040 -5.13722 -3.96808
v 51.91760 -5.11638 -3.90753
v 51.55040 -4.82295 -3.99070
v 51.91760 -4.80509 -3.93039
v 49.65077 -4.57473 -4.30529
v 50.12242 -4.55449 -4.23793
v 50.41138 -4.54190 -4.19698
v 50.59641 -4.53502 -4.16569
v 49.65077 -4.22569 -4.30963
v 50.12242 -4.20896 -4.24411
v 50.41138 -4.19854 -4.20425
v 50.59641 -4.19322 -4.17328
v 51.07248 -4.51692 -4.08593
v 51.55040 -4.49816 -4.00696
v 51.91760 -4.48336 -3.94702
v 51.07248 -4.17912 -4.09428
v 51.55040 -4.16440 -4.01601
v 51.91760 -4.15271 -3.95658
v 52.02992 -5.10923 -3.89063
v 52.02992 -4.79883 -3.91369
v 52.02992 -4.47803 -3.93055
v 52.02992 -4.14831 -3.94037
v 49.65077 -5.45720 -3.61775
v 50.12242 -5.42777 -3.54825
v 50.41138 -5.40949 -3.50616
v 50.59641 -5.39859 -3.47522
v 49.65077 -5.14387 -3.58902
v 49.65077 -4.81974 -3.55314
v 50.12242 -5.11757 -3.52133
v 50.41138 -5.10122 -3.48033
v 50.59641 -5.09172 -3.44970
v 50.12242 -4.79665 -3.48741
v 50.41138 -4.78228 -3.44758
v 51.91760 -5.41640 -3.87726
v 50.59641 -4.77421 -3.41733
v 51.07248 -5.37009 -3.39662
v 51.55040 -5.34080 -3.31915
v 51.91760 -5.31786 -3.26062
v 51.07248 -5.06681 -3.37187
v 51.55040 -5.04116 -3.29514
v 51.91760 -5.02100 -3.23715
v 49.65077 -4.48629 -3.50963
v 50.12242 -4.46649 -3.44598
v 49.65077 -4.14509 -3.45784
v 50.41138 -4.45415 -3.40740
v 50.59641 -4.44753 -3.37760
v 50.12242 -4.12863 -3.39645
v 50.41138 -4.11834 -3.35923
v 50.59641 -4.11320 -3.32995
v 51.07248 -4.75300 -3.34043
v 51.07248 -4.43008 -3.30180
v 51.55040 -4.73105 -3.26460
v 51.55040 -4.41191 -3.22704
v 51.91760 -4.71376 -3.20727
v 51.91760 -4.39753 -3.17050
v 51.07248 -4.09953 -3.25548
v 51.55040 -4.08519 -3.18199
v 51.91760 -4.07375 -3.12639
v 52.02992 -5.40837 -3.86021
v 52.51080 -5.37373 -3.78788
v 52.99279 -5.33852 -3.71644
v 52.51080 -5.07832 -3.81892
v 52.51080 -4.77177 -3.84278
v 52.99279 -5.04687 -3.74804
v 53.42636 -5.58174 -3.61714
v 53.95911 -5.53633 -3.53988
v 53.42636 -5.30643 -3.65309
v 53.95911 -5.26514 -3.57611
v 54.44295 -5.49458 -3.47091
v 54.44295 -5.22714 -3.50735
v 53.42636 -5.01818 -3.68516
v 53.95911 -4.98117 -3.60861
v 54.44295 -4.94708 -3.54017
v 52.02992 -5.59503 -3.25964
v 52.02992 -5.31004 -3.24451
v 52.51080 -5.55772 -3.19049
v 52.51080 -5.27624 -3.17631
v 52.99279 -5.51978 -3.12248
v 52.99279 -5.24183 -3.10922
v 52.02992 -5.01402 -3.22134
v 52.51080 -4.98379 -3.15440
v 52.99279 -4.95297 -3.08853
v 53.42636 -5.48520 -3.06242
v 53.42636 -5.21043 -3.04997
v 53.42636 -4.92481 -3.03033
v 52.51080 -4.45491 -3.86057
v 52.99279 -4.74419 -3.77265
v 52.99279 -4.43130 -3.79131
v 52.51080 -4.12923 -3.87146
v 52.99279 -4.10968 -3.80320
v 53.42636 -4.71899 -3.71038
v 53.42636 -4.40969 -3.72976
v 53.95911 -4.68639 -3.63441
v 53.95911 -4.38164 -3.65452
v 54.44295 -4.65632 -3.56644
v 54.44295 -4.35571 -3.58714
v 53.42636 -4.09174 -3.74250
v 53.95911 -4.06833 -3.66812
v 54.44295 -4.04664 -3.60144
v 52.02992 -4.70763 -3.19180
v 52.51080 -4.68107 -3.12626
v 52.02992 -4.39228 -3.15539
v 52.51080 -4.36949 -3.09137
v 52.99279 -4.65396 -3.06173
v 52.99279 -4.34616 -3.02833
v 52.02992 -4.06939 -3.11169
v 52.51080 -4.05042 -3.04936
v 53.42636 -4.62914 -3.00471
v 49.65077 -3.86900 -4.30539
v 49.65077 -3.50630 -4.29192
v 50.12242 -3.85585 -4.24184
v 50.41138 -3.84763 -4.20317
v 50.59641 -3.84387 -4.17258
v 50.12242 -3.49675 -4.23050
v 49.65077 -3.14036 -4.26517
v 50.41138 -3.49075 -4.19309
v 50.59641 -3.48856 -4.16298
v 50.12242 -3.13440 -4.20603
v 50.41138 -3.13061 -4.16999
v 50.59641 -3.12999 -4.14045
v 51.07248 -3.83382 -4.09454
v 51.55040 -3.82318 -4.01716
v 51.91760 -3.81464 -3.95836
v 51.07248 -3.48258 -4.08610
v 51.07248 -3.12804 -4.06500
v 51.55040 -3.47604 -4.00981
v 51.91760 -3.47066 -3.95181
v 51.55040 -3.12558 -3.99007
v 51.91760 -3.12334 -3.93304
v 49.65077 -2.77157 -4.22841
v 50.12242 -2.76923 -4.17164
v 50.41138 -2.76767 -4.13701
v 50.59641 -2.76861 -4.10811
v 49.65077 -2.40159 -4.18126
v 50.12242 -2.40285 -4.12694
v 50.41138 -2.40351 -4.09376
v 50.59641 -2.40600 -4.06557
v 51.07248 -2.77068 -4.03425
v 51.55040 -2.77229 -3.96083
v 51.91760 -2.77319 -3.90492
v 51.07248 -2.41208 -3.99347
v 51.55040 -2.41772 -3.92173
v 52.02992 -3.81119 -3.94244
v 52.02992 -3.46818 -3.93622
v 52.02992 -3.12183 -3.91783
v 52.02992 -2.77265 -3.89012
v 49.65077 -3.79783 -3.39698
v 50.12242 -3.78469 -3.33811
v 50.41138 -3.77645 -3.30241
v 50.59641 -3.77277 -3.27379
v 49.65077 -3.44651 -3.32534
v 49.65077 -3.09174 -3.24557
v 50.12242 -3.43671 -3.26911
v 50.41138 -3.43054 -3.23498
v 50.59641 -3.42831 -3.20710
v 50.12242 -3.08531 -3.19205
v 50.41138 -3.08121 -3.15956
v 50.59641 -3.08044 -3.13248
v 51.07248 -3.76288 -3.20096
v 51.55040 -3.75235 -3.12905
v 51.91760 -3.74386 -3.07462
v 51.07248 -3.42219 -3.13613
v 51.07248 -3.07809 -3.06351
v 51.55040 -3.41547 -3.06600
v 51.91760 -3.40992 -3.01289
v 51.91760 -2.42175 -3.86705
v 49.65077 -2.73522 -3.15707
v 50.12242 -2.73212 -3.10644
v 50.41138 -2.73008 -3.07568
v 50.59641 -2.73076 -3.04950
v 49.65077 -2.37839 -3.06007
v 50.12242 -2.37860 -3.01248
v 52.51080 -3.79621 -3.87475
v 52.99279 -3.78079 -3.80764
v 52.51080 -3.45734 -3.86990
v 52.51080 -3.11513 -3.85307
v 52.99279 -3.44609 -3.80408
v 52.99279 -3.10806 -3.78872
v 53.42636 -3.76658 -3.74789
v 53.95911 -3.74790 -3.67452
v 54.44295 -3.73053 -3.60868
v 53.42636 -3.43565 -3.74542
v 53.95911 -3.42175 -3.67322
v 53.42636 -3.10140 -3.73132
v 53.95911 -3.09230 -3.66048
v 54.44295 -3.40874 -3.60834
v 54.44295 -3.08367 -3.59675
v 52.02992 -3.74039 -3.06038
v 52.51080 -3.72526 -2.99998
v 52.02992 -3.40735 -2.99914
v 52.51080 -2.77010 -3.82703
v 52.99279 -2.76722 -3.76428
v 52.02992 -2.42217 -3.85268
v 52.51080 -2.42377 -3.79140
v 52.99279 -2.42508 -3.73036
v 53.42636 -2.76436 -3.70824
v 53.95911 -2.76007 -3.63890
v 54.44295 -2.75583 -3.57644
v 53.42636 -2.42600 -3.67578
v 53.95911 -2.42652 -3.60808
v 54.44295 -2.42668 -3.54702
v 33.27146 -5.39886 -2.79185
v 33.35891 -5.39542 -2.79253
v 33.46805 -5.39115 -2.79340
v 33.53889 -5.38839 -2.79397
v 33.62054 -5.38522 -2.79465
v 33.71294 -5.38164 -2.79543
v 33.81606 -5.37767 -2.79631
v 33.92984 -5.37330 -2.79731
v 34.03346 -5.36935 -2.79823
v 34.18913 -5.36135 -2.80320
v 34.33452 -5.35393 -2.80787
v 34.49030 -5.34605 -2.81289
v 34.18913 -4.99692 -2.55672
v 34.33452 -4.98905 -2.56283
v 34.49030 -4.98069 -2.56940
v 34.65639 -5.33771 -2.81828
v 34.79546 -5.33079 -2.82280
v 35.01919 -5.31565 -2.83494
v 35.21570 -5.30249 -2.84561
v 35.42216 -5.28881 -2.85682
v 35.56000 -5.27977 -2.86430
v 35.63845 -5.27439 -2.86861
v 35.86448 -5.25904 -2.88101
v 34.65639 -4.97185 -2.57643
v 34.79546 -4.96451 -2.58232
v 35.01919 -4.94875 -2.59684
v 35.21570 -4.93507 -2.60959
v 35.42216 -4.92084 -2.62298
v 35.56000 -4.91144 -2.63191
v 35.63845 -4.90590 -2.63706
v 35.86448 -4.89007 -2.65187
v 33.27146 -5.03753 -2.53670
v 33.35891 -5.03378 -2.53820
v 33.46805 -5.02913 -2.54010
v 33.53889 -5.02613 -2.54134
v 33.62054 -5.02267 -2.54278
v 33.71294 -5.01878 -2.54441
v 33.81606 -5.01446 -2.54626
v 33.92984 -5.00971 -2.54831
v 34.03346 -5.00541 -2.55020
v 33.27146 -4.66299 -2.28813
v 33.35891 -4.65899 -2.29039
v 33.46805 -4.65402 -2.29322
v 33.53889 -4.65081 -2.29506
v 33.62054 -4.64712 -2.29720
v 33.71294 -4.64296 -2.29963
v 33.81606 -4.63835 -2.30235
v 33.92984 -4.63329 -2.30537
v 34.03346 -4.62870 -2.30813
v 34.18913 -4.61982 -2.31605
v 34.33452 -4.61159 -2.32347
v 34.49030 -4.60285 -2.33143
v 34.65639 -4.59361 -2.33994
v 34.79546 -4.58594 -2.34708
v 35.01919 -4.56972 -2.36371
v 35.21570 -4.55564 -2.37832
v 35.42216 -4.54102 -2.39366
v 35.56000 -4.53135 -2.40389
v 35.63845 -4.52569 -2.40979
v 35.86448 -4.50954 -2.42673
v 34.79546 -4.19828 -2.11429
v 35.01919 -4.18172 -2.13288
v 35.21570 -4.16734 -2.14920
v 35.56000 -4.14253 -2.17777
v 35.42216 -4.15240 -2.16633
v 35.63845 -4.13679 -2.18435
v 35.86448 -4.12041 -2.20328
v 36.10012 -5.24325 -2.89389
v 36.32200 -5.22857 -2.90597
v 36.59975 -5.20336 -2.93261
v 36.86349 -5.17979 -2.95775
v 37.11702 -5.15749 -2.98175
v 36.10012 -4.87379 -2.66725
v 36.32200 -4.85866 -2.68169
v 36.59975 -4.83283 -2.71167
v 36.86349 -4.80870 -2.73997
v 37.11702 -4.78587 -2.76702
v 37.41814 -4.76231 -2.78796
v 37.70877 -4.73996 -2.80795
v 38.00806 -4.71735 -2.82830
v 38.31588 -4.69451 -2.84898
v 37.41814 -4.37999 -2.57853
v 37.70877 -4.35758 -2.60138
v 38.00806 -4.33491 -2.62468
v 38.31588 -4.31202 -2.64840
v 36.10012 -4.49293 -2.44436
v 36.32200 -4.47749 -2.46091
v 36.59975 -4.45128 -2.49381
v 36.86349 -4.42680 -2.52491
v 37.11702 -4.40362 -2.55465
v 37.11702 -4.01339 -2.34288
v 36.10012 -4.10357 -2.22297
v 36.32200 -4.08794 -2.24146
v 36.59975 -4.06148 -2.27704
v 36.86349 -4.03677 -2.31068
v 37.41814 -3.98982 -2.36948
v 37.70877 -3.96747 -2.39495
v 38.31588 -3.92206 -2.44751
v 38.00806 -3.94487 -2.42098
v 33.27146 -4.27877 -2.04289
v 33.35891 -4.27455 -2.04585
v 33.46805 -4.26930 -2.04956
v 33.53889 -4.26591 -2.05198
v 33.71294 -4.25764 -2.05794
v 33.81606 -4.25277 -2.06149
v 33.92984 -4.24743 -2.06541
v 33.62054 -4.26202 -2.05477
v 34.03346 -4.24260 -2.06900
v 34.18913 -4.23339 -2.07822
v 34.33452 -4.22486 -2.08685
v 34.49030 -4.21580 -2.09611
v 34.65639 -4.20623 -2.10600
v 33.27146 -3.81435 -2.99846
v 33.27146 -3.39755 -2.80777
v 33.35891 -3.39460 -2.81098
v 33.46805 -3.39093 -2.81501
v 33.53889 -3.38856 -2.81765
v 33.92984 -3.37563 -2.83241
v 33.62054 -3.38584 -2.82070
v 33.71294 -3.38277 -2.82418
v 33.81606 -3.37936 -2.82808
v 34.03346 -3.37225 -2.83638
v 34.18913 -3.36516 -2.84629
v 34.33452 -3.35860 -2.85559
v 34.49030 -3.35163 -2.86559
v 35.01919 -3.32451 -2.90517
v 35.21570 -3.31266 -2.92267
v 34.65639 -3.34427 -2.87630
v 34.79546 -3.33817 -2.88530
v 35.56000 -3.29222 -2.95342
v 35.42216 -3.30035 -2.94110
v 35.63845 -3.28747 -2.96052
v 35.86448 -3.27392 -2.98101
v 33.27146 -2.97321 -2.62422
v 33.35891 -2.97020 -2.62797
v 33.46805 -2.96647 -2.63268
v 33.53889 -2.96405 -2.63575
v 33.62054 -2.96128 -2.63930
v 33.71294 -2.95816 -2.64333
v 33.81606 -2.95470 -2.64786
v 33.92984 -2.95091 -2.65287
v 34.18913 -2.94038 -2.66832
v 34.33452 -2.93380 -2.67850
v 34.49030 -2.92683 -2.68944
v 34.03346 -2.94747 -2.65746
v 35.56000 -2.86781 -2.78378
v 35.63845 -2.86315 -2.79136
v 35.86448 -2.84982 -2.81323
v 34.65639 -2.91947 -2.70115
v 34.79546 -2.91336 -2.71098
v 35.01919 -2.89981 -2.73223
v 35.21570 -2.88806 -2.75093
v 35.42216 -2.87587 -2.77062
v 35.01919 -2.47187 -2.56198
v 35.21570 -2.46031 -2.58172
v 35.42216 -2.44832 -2.60249
v 35.56000 -2.44041 -2.61637
v 35.63845 -2.43585 -2.62437
v 35.86448 -2.42286 -2.64743
v 33.27146 -2.54493 -2.44461
v 33.35891 -2.54190 -2.44884
v 33.46805 -2.53814 -2.45415
v 33.53889 -2.53571 -2.45761
v 33.62054 -2.53292 -2.46160
v 33.71294 -2.52978 -2.46614
v 33.92984 -2.52249 -2.47685
v 33.81606 -2.52630 -2.47122
v 34.03346 -2.51904 -2.48199
v 34.18913 -2.51199 -2.49368
v 34.33452 -2.50547 -2.50464
v 34.49030 -2.49856 -2.51640
v 34.65639 -2.49126 -2.52899
v 34.79546 -2.48521 -2.53955
v 37.11702 -3.61714 -2.13158
v 37.41814 -3.59378 -2.16059
v 37.70877 -3.57164 -2.18842
v 38.31588 -3.52666 -2.24593
v 38.00806 -3.54925 -2.21687
v 36.59975 -2.80069 -2.89716
v 36.10012 -2.83614 -2.83605
v 36.32200 -2.82346 -2.85754
v 36.86349 -2.77944 -2.93472
v 37.11702 -2.75935 -2.97078
v 37.11702 -2.33451 -2.81168
v 36.10012 -2.40953 -2.67148
v 36.59975 -2.37490 -2.73525
v 36.32200 -2.39717 -2.69415
v 36.86349 -2.35414 -2.77424
v 37.41814 -2.31560 -2.84507
v 37.70877 -2.29772 -2.87722
v 38.00806 -2.27968 -2.91023
v 38.31588 -2.26153 -2.94407
v 33.27146 -3.88646 -1.80179
v 33.35891 -3.88206 -1.80540
v 33.46805 -3.87659 -1.80991
v 33.53889 -3.87305 -1.81285
v 33.62054 -3.86900 -1.81623
v 33.71294 -3.86443 -1.82007
v 33.81606 -3.85936 -1.82437
v 33.92984 -3.85379 -1.82912
v 34.18913 -3.83931 -1.84385
v 34.03346 -3.84876 -1.83345
v 34.33452 -3.83055 -1.85356
v 34.49030 -3.82125 -1.86399
v 35.01919 -3.78649 -1.90475
v 35.21570 -3.77192 -1.92259
v 35.56000 -3.74678 -1.95382
v 35.42216 -3.75679 -1.94132
v 35.63845 -3.74101 -1.96101
v 35.86448 -3.72453 -1.98169
v 34.65639 -3.81143 -1.87511
v 34.79546 -3.80329 -1.88443
v 35.01919 -3.38552 -1.68043
v 35.21570 -3.37087 -1.69959
v 35.56000 -3.34560 -1.73312
v 35.42216 -3.35565 -1.71970
v 35.63845 -3.33983 -1.74084
v 35.86448 -3.32337 -1.76305
v 33.27146 -3.48751 -1.56601
v 33.35891 -3.48297 -1.57020
v 33.46805 -3.47732 -1.57543
v 33.53889 -3.47368 -1.57882
v 33.71294 -3.46479 -1.58719
v 33.62054 -3.46950 -1.58275
v 33.81606 -3.45956 -1.59215
v 33.92984 -3.45383 -1.59764
v 34.18913 -3.43903 -1.61406
v 34.03346 -3.44864 -1.60264
v 34.33452 -3.43012 -1.62473
v 34.49030 -3.42067 -1.63618
v 33.27146 -3.08319 -1.33709
v 33.35891 -3.07855 -1.34180
v 34.65639 -3.41069 -1.64839
v 34.79546 -3.40241 -1.65861
v 33.46805 -3.07278 -1.34767
v 33.53889 -3.06905 -1.35149
v 33.62054 -3.06478 -1.35589
v 33.71294 -3.05997 -1.36088
v 33.81606 -3.05463 -1.36645
v 33.92984 -3.04877 -1.37260
v 34.03346 -3.04348 -1.37821
v 34.18913 -3.03377 -1.39053
v 34.33452 -3.02479 -1.40205
v 34.49030 -3.01525 -1.41440
v 35.01919 -2.97996 -1.46172
v 35.21570 -2.96532 -1.48203
v 35.42216 -2.95012 -1.50334
v 35.56000 -2.94008 -1.51757
v 35.63845 -2.93436 -1.52575
v 35.86448 -2.91803 -1.54929
v 34.65639 -3.00518 -1.42757
v 34.79546 -2.99683 -1.43860
v 34.79546 -2.58650 -1.22883
v 35.01919 -2.56980 -1.25297
v 35.21570 -2.55532 -1.27416
v 35.86448 -2.50870 -1.34438
v 35.42216 -2.54029 -1.29642
v 35.56000 -2.53036 -1.31127
v 35.63845 -2.52474 -1.31981
v 36.10012 -3.70759 -2.00322
v 36.59975 -3.66535 -2.06135
v 36.32200 -3.69186 -2.02344
v 36.86349 -3.64058 -2.09722
v 37.11702 -3.21636 -1.92174
v 36.10012 -3.30646 -1.78616
v 36.32200 -3.29076 -1.80789
v 36.59975 -3.26435 -1.84778
v 36.86349 -3.23969 -1.88555
v 37.41814 -3.19337 -1.95286
v 37.70877 -3.17158 -1.98274
v 38.00806 -3.14955 -2.01333
v 38.31588 -3.12734 -2.04460
v 36.86349 -2.83514 -1.67778
v 37.11702 -2.81204 -1.71553
v 37.70877 -2.76825 -1.78016
v 37.41814 -2.78955 -1.74850
v 38.00806 -2.74672 -1.81262
v 38.31588 -2.72501 -1.84583
v 36.10012 -2.90126 -1.57379
v 36.32200 -2.88569 -1.59683
v 36.59975 -2.85955 -1.63841
v 36.86349 -2.42734 -1.47741
v 37.11702 -2.40468 -1.51632
v 36.10012 -2.49223 -1.36997
v 36.32200 -2.47694 -1.39403
v 36.59975 -2.45129 -1.43684
v 37.70877 -2.36226 -1.58378
v 37.41814 -2.38290 -1.55071
v 38.00806 -2.34142 -1.61770
v 38.31588 -2.32041 -1.65245
v 38.95643 -4.64234 -2.89596
v 38.63205 -4.66875 -2.87216
v 39.28884 -4.61581 -2.91993
v 39.62912 -4.58920 -2.94401
v 39.85260 -4.57203 -2.95957
v 38.63205 -4.28637 -2.67479
v 38.95643 -4.26012 -2.70191
v 39.28884 -4.23376 -2.72930
v 39.62912 -4.20732 -2.75691
v 39.85260 -4.19027 -2.77480
v 39.97708 -4.56014 -2.97151
v 39.97708 -4.17850 -2.78815
v 40.33256 -4.14539 -2.82579
v 41.06533 -4.07941 -2.90122
v 40.69537 -4.11234 -2.86350
v 41.36136 -4.05362 -2.93086
v 41.44224 -4.04565 -2.94004
v 41.82592 -4.00840 -2.98300
v 39.62912 -3.81853 -2.56848
v 39.85260 -3.80168 -2.58854
v 39.97708 -3.79009 -2.60317
v 40.33256 -3.75750 -2.64453
v 40.69537 -3.72498 -2.68608
v 41.06533 -3.69260 -2.72775
v 38.63205 -3.89667 -2.47687
v 38.95643 -3.87071 -2.50705
v 39.28884 -3.84465 -2.53760
v 38.63205 -3.50168 -2.27794
v 39.28884 -3.45056 -2.34427
v 39.85260 -3.40837 -2.40011
v 39.62912 -3.42491 -2.37810
v 38.95643 -3.47617 -2.31087
v 38.95643 -3.07800 -2.11428
v 40.33256 -3.36513 -2.46060
v 39.97708 -3.39703 -2.41590
v 40.69537 -3.33331 -2.50561
v 41.06533 -3.30164 -2.55085
v 38.63205 -2.24122 -2.98117
v 39.28884 -3.05301 -2.15020
v 39.62912 -3.02798 -2.18664
v 39.85260 -3.01184 -2.21038
v 41.06533 -2.90806 -2.37132
v 39.97708 -3.00080 -2.22720
v 40.33256 -2.96977 -2.27484
v 40.69537 -2.93884 -2.32290
v 40.69537 -2.54242 -2.14043
v 41.06533 -2.51269 -2.19163
v 41.82592 -3.62296 -2.81797
v 42.61277 -3.55092 -2.91201
v 42.21616 -3.58677 -2.86511
v 41.36136 -3.66724 -2.76058
v 41.44224 -3.65944 -2.77067
v 41.36136 -3.27686 -2.58657
v 41.44224 -3.26925 -2.59749
v 41.82592 -3.23373 -2.64872
v 42.21616 -3.19850 -2.69991
v 42.61277 -3.16363 -2.75100
v 42.86758 -3.52838 -2.94161
v 43.01555 -3.51269 -2.96467
v 42.86758 -3.14171 -2.78332
v 43.01555 -3.12643 -2.80810
v 43.42430 -3.08501 -2.87560
v 42.61277 -2.77441 -2.58566
v 43.83879 -3.04420 -2.94268
v 43.83879 -2.65884 -2.79004
v 42.86758 -2.75323 -2.62043
v 43.01555 -2.73842 -2.64674
v 43.42430 -2.69832 -2.71853
v 43.42430 -2.31095 -2.55857
v 43.83879 -2.27298 -2.63397
v 41.44224 -2.87661 -2.42126
v 41.36136 -2.88397 -2.40962
v 41.82592 -2.84222 -2.47599
v 42.21616 -2.80814 -2.53081
v 42.21616 -2.41651 -2.36028
v 42.61277 -2.38411 -2.41845
v 41.36136 -2.48943 -2.23221
v 41.44224 -2.48235 -2.24448
v 41.82592 -2.44927 -2.30227
v 42.86758 -2.36377 -2.45539
v 43.01555 -2.34952 -2.48303
v 38.63205 -3.10291 -2.07893
v 38.95643 -2.67712 -1.91967
v 39.28884 -2.65288 -1.95779
v 38.63205 -2.70128 -1.88220
v 39.85260 -2.61297 -2.02180
v 39.62912 -2.62861 -1.99652
v 38.63205 -2.29758 -1.69041
v 38.95643 -2.27436 -1.72955
v 39.28884 -2.25109 -1.76942
v 39.97708 -2.60230 -2.03949
v 40.33256 -2.57231 -2.08970
v 33.27146 -2.67312 -1.12001
v 33.35891 -2.66843 -1.12515
v 33.46805 -2.66260 -1.13156
v 33.53889 -2.65884 -1.13573
v 33.62054 -2.65453 -1.14054
v 33.71294 -2.64967 -1.14598
v 33.81606 -2.64428 -1.15205
v 33.92984 -2.63838 -1.15876
v 34.18913 -2.62335 -1.17793
v 34.03346 -2.63304 -1.16487
v 34.33452 -2.61438 -1.19013
v 34.49030 -2.60487 -1.20321
v 33.27146 -2.26013 -0.91312
v 33.35891 -2.25544 -0.91862
v 33.46805 -2.24962 -0.92547
v 33.53889 -2.24587 -0.92992
v 33.62054 -2.24156 -0.93505
v 33.71294 -2.23672 -0.94085
v 34.65639 -2.59483 -1.21715
v 53.95911 -7.46148 -2.93119
v 53.95911 -7.45026 -2.93226
v 53.95911 -7.41665 -2.93540
v 53.95911 -7.28311 -2.94723
v 53.95911 -7.36085 -2.94046
v 54.44295 -7.39227 -2.86553
v 54.44295 -7.38122 -2.86656
v 54.44295 -7.34812 -2.86961
v 54.44295 -7.29314 -2.87451
v 53.95911 -7.18380 -2.95551
v 53.95911 -7.06366 -2.96413
v 53.95911 -6.92313 -2.97314
v 54.44295 -7.11872 -2.88917
v 54.44295 -7.21656 -2.88108
v 54.44295 -7.00032 -2.89765
v 54.44295 -6.86180 -2.90657
v 53.95911 -6.76297 -2.98180
v 53.95911 -6.58398 -2.98955
v 54.44295 -6.70391 -2.91524
v 54.44295 -6.52742 -2.92314
v 53.95911 -6.38693 -2.99614
v 54.44295 -6.33310 -2.92996
v 54.44295 -6.12227 -2.93382
v 53.95911 -5.69893 -2.99735
v 54.44295 -5.89571 -2.93490
v 54.44295 -5.65447 -2.93269
v 44.25882 -2.62001 -2.86117
v 44.37634 -2.60936 -2.88083
v 44.68418 -2.58389 -2.92452
v 45.11465 -2.54921 -2.98446
v 44.25882 -2.23569 -2.70914
v 53.95911 -5.44066 -2.99051
v 54.44295 -5.39966 -2.92659
v 53.95911 -5.16986 -2.97904
v 53.95911 -4.88833 -2.96065
v 54.44295 -5.13249 -2.91599
v 54.44295 -4.85469 -2.89868
v 52.99279 -4.03095 -2.98795
v 53.95911 -4.59687 -2.93640
v 54.44295 -4.56707 -2.87564
v 53.42636 -4.32476 -2.97258
v 53.95911 -4.29682 -2.90580
v 53.42636 -4.01303 -2.93363
v 53.95911 -3.98948 -2.86851
v 54.44295 -4.27095 -2.84635
v 54.44295 -3.96762 -2.81052
v 51.55040 -3.07518 -2.99533
v 50.41138 -2.37859 -2.98355
v 50.59641 -2.38068 -2.95836
v 51.07248 -2.73213 -2.98279
v 51.91760 -3.07258 -2.94366
v 51.55040 -2.73299 -2.91679
v 51.91760 -2.73330 -2.86673
v 51.07248 -2.38572 -2.89414
v 51.55040 -2.39029 -2.83055
v 51.91760 -2.39348 -2.78228
v 52.99279 -3.70966 -2.94042
v 52.51080 -3.39610 -2.94080
v 52.99279 -3.38440 -2.88323
v 53.42636 -3.69525 -2.88769
v 53.95911 -3.67614 -2.82446
v 54.44295 -3.65835 -2.76808
v 53.42636 -3.37352 -2.83222
v 53.95911 -3.35888 -2.77102
v 54.44295 -3.34518 -2.71640
v 52.02992 -3.07091 -2.93043
v 52.51080 -3.06354 -2.87427
v 52.02992 -2.73254 -2.85406
v 52.51080 -2.72904 -2.80024
v 52.99279 -3.05577 -2.81880
v 52.99279 -2.72518 -2.74703
v 52.02992 -2.39360 -2.77020
v 52.51080 -2.39394 -2.71889
v 52.99279 -2.39396 -2.66808
v 53.42636 -3.04844 -2.76960
v 53.95911 -3.03831 -2.71055
v 53.42636 -2.72140 -2.69979
v 53.95911 -2.71576 -2.64304
v 54.44295 -3.02872 -2.65779
v 54.44295 -2.71029 -2.59228
v 53.42636 -2.39371 -2.62292
v 53.95911 -2.39255 -2.56863
v 54.44295 -2.39118 -2.51999
v 38.95643 -2.22049 -3.01944
v 39.85260 -2.16574 -3.12405
v 39.28884 -2.19975 -3.05845
v 39.62912 -2.17905 -3.09813
v 40.69537 -2.10323 -3.24539
v 41.06533 -2.07702 -3.29782
v 39.97708 -2.15626 -3.14213
v 40.33256 -2.12967 -3.19347
v 40.33256 -1.71546 -3.05009
v 41.06533 -1.66587 -3.15821
v 40.69537 -1.69055 -3.10384
v 41.06533 -1.25722 -3.01692
v 42.21616 -1.99087 -3.47121
v 42.61277 -1.96184 -3.53108
v 43.42430 -1.89547 -3.67408
v 43.83879 -1.86097 -3.75074
v 42.86758 -1.94367 -3.56911
v 43.01555 -1.93065 -3.59724
v 43.01555 -1.52842 -3.46897
v 43.83879 -1.46285 -3.62792
v 43.42430 -1.49529 -3.54847
v 41.36136 -2.05657 -3.33940
v 41.44224 -2.05017 -3.35203
v 41.82592 -2.02033 -3.41150
v 41.82592 -1.61258 -3.27608
v 42.21616 -1.58493 -3.33805
v 42.61277 -1.55772 -3.40031
v 41.36136 -1.64663 -3.20137
v 41.44224 -1.64061 -3.21445
v 42.86758 -1.54070 -3.43991
v 43.83879 -1.06876 -3.49892
v 42.61277 -1.15694 -3.26542
v 41.82592 -1.20776 -3.13777
v 41.36136 -1.23936 -3.06122
v 41.44224 -1.23377 -3.07461
v 42.21616 -1.18213 -3.20140
v 42.61277 -0.76120 -3.12668
v 42.21616 -0.78420 -3.06145
v 43.01555 -1.12977 -3.33593
v 42.86758 -1.14121 -3.30620
v 43.42430 -1.09893 -3.41738
v 43.83879 -0.68027 -3.36420
v 43.42430 -0.70797 -3.28122
v 42.86758 -0.74685 -3.16830
v 43.01555 -0.73633 -3.19847
v 43.83879 -0.29917 -3.22364
v 42.86758 -0.35939 -3.02623
v 43.01555 -0.34985 -3.05660
v 43.42430 -0.32418 -3.13994
v 43.83879 0.07261 -3.07658
v 44.25882 -2.22678 -3.93741
v 44.37634 -2.21704 -3.95750
v 44.68418 -2.19403 -4.00169
v 45.11465 -2.16282 -4.06223
v 44.68418 -1.79646 -3.89510
v 45.11465 -1.76734 -3.95943
v 45.55001 -2.13238 -4.12197
v 45.88510 -2.10972 -4.16694
v 45.99003 -2.10477 -4.17354
v 46.43449 -2.08426 -4.20079
v 46.43449 -1.69560 -4.10953
v 45.55001 -1.73900 -4.02308
v 45.88510 -1.71795 -4.07110
v 45.99003 -1.71359 -4.07857
v 45.55001 -1.34975 -3.91257
v 45.88510 -1.33045 -3.96314
v 46.43449 -1.31135 -4.00558
v 45.99003 -1.32671 -3.97137
v 46.43449 -0.93213 -3.89198
v 46.88317 -2.06432 -4.22711
v 47.33583 -2.04498 -4.25247
v 47.39386 -2.04256 -4.25564
v 47.79225 -2.03735 -4.24311
v 46.88317 -1.67820 -4.13962
v 47.33583 -1.66143 -4.16881
v 47.39386 -1.65934 -4.17246
v 47.79225 -1.65672 -4.16279
v 48.25219 -2.03158 -4.22813
v 48.71541 -2.02603 -4.21249
v 48.90262 -2.02386 -4.20602
v 49.18168 -2.02695 -4.17520
v 48.25219 -1.65397 -4.15108
v 48.71541 -1.65148 -4.13872
v 48.90262 -1.65055 -4.13355
v 49.18168 -1.65571 -4.10432
v 46.88317 -1.29661 -4.03900
v 47.33583 -1.28252 -4.07157
v 47.39386 -1.28076 -4.07567
v 47.79225 -1.28076 -4.06870
v 46.88317 -0.92013 -3.92835
v 47.33583 -0.90878 -3.96393
v 47.39386 -0.90738 -3.96842
v 47.79225 -0.90998 -3.96404
v 48.25219 -1.28103 -4.06010
v 48.71541 -1.28160 -4.05084
v 48.90262 -1.28192 -4.04693
v 49.18168 -1.28912 -4.01933
v 48.25219 -0.91327 -3.95842
v 48.71541 -0.91690 -3.95215
v 48.90262 -0.91845 -3.94943
v 49.18168 -0.92764 -3.92352
v 44.25882 -1.82720 -3.82711
v 44.37634 -1.81797 -3.84825
v 44.25882 -1.43113 -3.70723
v 44.37634 -1.42247 -3.72920
v 44.68418 -1.40261 -3.77823
v 45.11465 -1.37578 -3.84569
v 45.11465 -0.98885 -3.72381
v 44.25882 -1.03932 -3.58047
v 44.37634 -1.03128 -3.60308
v 44.68418 -1.01321 -3.65385
v 44.25882 -0.65329 -3.44732
v 44.37634 -0.64594 -3.47040
v 45.11465 -0.60804 -3.59435
v 44.68418 -0.62977 -3.52247
v 45.55001 -0.96528 -3.79335
v 45.88510 -0.94786 -3.84601
v 45.55001 -0.58709 -3.66593
v 45.88510 -0.57168 -3.72024
v 45.99003 -0.94477 -3.85491
v 45.99003 -0.56925 -3.72970
v 46.43449 -0.55941 -3.76922
v 46.88317 -2.06341 -3.02300
v 47.39386 -2.03983 -3.05727
v 47.33583 -2.04246 -3.05344
v 47.79225 -2.03342 -3.04963
v 48.25219 -2.02624 -3.04047
v 48.71541 -2.01924 -3.03089
v 48.90262 -2.01647 -3.02692
v 49.18168 -2.01877 -3.00022
v 48.25219 -0.55219 -3.84631
v 48.71541 -0.55886 -3.84283
v 48.90262 -0.56165 -3.84124
v 49.18168 -0.57278 -3.81703
v 45.11465 -0.23519 -3.45689
v 45.88510 -0.20377 -3.58519
v 45.55001 -0.21705 -3.52979
v 45.99003 -0.20203 -3.59509
v 46.43449 -0.19512 -3.63649
v 45.99003 0.15462 -3.44929
v 46.43449 0.15844 -3.49179
v 44.25882 -0.27485 -3.30760
v 44.37634 -0.26824 -3.33093
v 44.68418 -0.25411 -3.38380
v 44.68418 0.11171 -3.23677
v 45.11465 0.12757 -3.31014
v 44.25882 0.09399 -3.16044
v 44.37634 0.09980 -3.18376
v 45.55001 0.14265 -3.38340
v 45.88510 0.15361 -3.43913
v 44.25882 0.45064 -3.00328
v 44.37634 0.45552 -3.02620
v 45.11465 0.47740 -3.15074
v 44.68418 0.46496 -3.07843
v 45.55001 0.48907 -3.22302
v 45.88510 0.49743 -3.27804
v 45.99003 0.49764 -3.28819
v 46.43449 0.49813 -3.33072
v 45.55001 0.82230 -3.05343
v 45.88510 0.82791 -3.10705
v 45.99003 0.82730 -3.11704
v 46.43449 0.82434 -3.15889
v 46.88317 -0.55023 -3.80810
v 46.88317 -0.18886 -3.67733
v 47.33583 -0.54171 -3.84628
v 47.39386 -0.54068 -3.85110
v 47.79225 -0.54588 -3.84914
v 47.39386 -0.18263 -3.72263
v 47.33583 -0.18329 -3.71754
v 47.79225 -0.19045 -3.72280
v 46.88317 0.16160 -3.53380
v 47.33583 0.16406 -3.57524
v 47.39386 0.16433 -3.58049
v 47.79225 0.15383 -3.58237
v 48.25219 -0.19979 -3.72245
v 48.71541 -0.20953 -3.72146
v 48.90262 -0.21355 -3.72087
v 49.18168 -0.22659 -3.69830
v 48.25219 0.14140 -3.58399
v 48.71541 0.12856 -3.58500
v 48.90262 0.12328 -3.58522
v 49.18168 0.10838 -3.56419
v 46.88317 0.49794 -3.37281
v 47.39386 0.49691 -3.41965
v 47.33583 0.49707 -3.41439
v 47.79225 0.48367 -3.42266
v 47.39386 0.81577 -3.24651
v 47.33583 0.81637 -3.24132
v 47.79225 0.79978 -3.25026
v 46.88317 0.82070 -3.20034
v 46.88317 1.12875 -3.01755
v 47.33583 1.12090 -3.05731
v 47.39386 1.11985 -3.06234
v 47.79225 1.10113 -3.06652
v 48.25219 0.46808 -3.42560
v 48.71541 0.45207 -3.42795
v 48.90262 0.44550 -3.42871
v 49.18168 0.42878 -3.40910
v 48.25219 0.78103 -3.25408
v 48.71541 0.76184 -3.25733
v 48.90262 0.75399 -3.25847
v 49.18168 0.73551 -3.24018
v 48.25219 1.07925 -3.07085
v 48.71541 1.05692 -3.07465
v 48.90262 1.04781 -3.07602
v 49.18168 1.02764 -3.05900
v 49.65077 -2.03197 -4.12353
v 50.12242 -2.03683 -4.07171
v 50.41138 -2.03970 -4.04005
v 50.59641 -2.04372 -4.01262
v 49.65077 -1.66425 -4.05525
v 50.12242 -1.67267 -4.00600
v 50.41138 -1.67774 -3.97586
v 50.59641 -1.68326 -3.94926
v 51.07248 -2.05375 -3.94244
v 49.65077 -1.30110 -3.97296
v 50.12242 -1.31300 -3.92636
v 50.41138 -1.32022 -3.89781
v 51.55040 -2.06340 -3.87255
v 51.91760 -2.07052 -3.81924
v 51.07248 -1.69719 -3.88116
v 51.55040 -1.71077 -3.81327
v 51.91760 -1.72094 -3.76143
v 50.59641 -1.32721 -3.87212
v 50.59641 -0.97602 -3.78445
v 49.65077 -0.94298 -3.87993
v 49.65077 -0.59141 -3.77624
v 50.12242 -0.95829 -3.83606
v 50.41138 -0.96762 -3.80915
v 50.12242 -0.61006 -3.73512
v 50.41138 -0.62144 -3.70987
v 50.59641 -0.63122 -3.68621
v 51.07248 -1.34493 -3.80631
v 51.07248 -0.99742 -3.72111
v 51.55040 -1.36234 -3.74063
v 51.91760 -1.37547 -3.69045
v 51.55040 -1.01856 -3.65784
v 51.91760 -1.03457 -3.60944
v 51.07248 -0.65618 -3.62548
v 51.55040 -0.68093 -3.56474
v 51.91760 -0.69974 -3.51823
v 52.02992 -2.07189 -3.80532
v 52.51080 -2.07762 -3.74594
v 52.99279 -2.08309 -3.68673
v 52.02992 -1.72327 -3.74800
v 52.51080 -1.73308 -3.69063
v 52.51080 -1.39254 -3.62233
v 52.99279 -1.74267 -3.63335
v 52.99279 -1.40616 -3.56714
v 53.42636 -2.08777 -3.63373
v 53.95911 -2.09307 -3.56781
v 54.44295 -2.09760 -3.50827
v 53.42636 -1.75108 -3.58203
v 53.95911 -1.76112 -3.51800
v 53.42636 -1.41823 -3.51762
v 53.95911 -1.43291 -3.45567
v 54.44295 -1.76997 -3.46010
v 54.44295 -1.44602 -3.39957
v 52.02992 -1.37872 -3.67753
v 52.02992 -1.03873 -3.59707
v 52.51080 -1.05646 -3.54415
v 52.99279 -1.07404 -3.49117
v 52.02992 -0.70479 -3.50643
v 52.51080 -0.72634 -3.45589
v 53.42636 -1.08969 -3.44357
v 52.99279 -0.74778 -3.40521
v 53.95911 -1.10892 -3.38384
v 54.44295 -1.12620 -3.32966
v 53.42636 -0.76692 -3.35961
v 53.95911 -0.79061 -3.30221
v 54.44295 -0.81195 -3.25007
v 49.65077 -0.24844 -3.66025
v 50.12242 -0.27034 -3.62183
v 50.41138 -0.28373 -3.59820
v 50.59641 -0.29485 -3.57561
v 49.65077 0.08337 -3.52871
v 50.12242 0.05828 -3.49283
v 50.41138 0.04293 -3.47075
v 50.59641 0.03053 -3.44924
v 51.07248 -0.32326 -3.51758
v 51.55040 -0.35149 -3.45949
v 51.91760 -0.37300 -3.41495
v 51.07248 -0.00118 -3.39397
v 51.55040 -0.03277 -3.33858
v 51.91760 -0.05686 -3.29609
v 51.55040 0.27208 -3.19643
v 51.91760 0.24556 -3.15608
v 49.65077 0.40071 -3.37598
v 50.12242 0.37252 -3.34246
v 50.41138 0.35527 -3.32182
v 50.59641 0.34166 -3.30142
v 49.65077 0.70447 -3.20928
v 50.12242 0.67330 -3.17800
v 50.41138 0.65422 -3.15872
v 50.59641 0.63946 -3.13945
v 49.65077 0.99377 -3.03022
v 50.12242 0.95974 -3.00108
v 51.07248 0.30682 -3.24899
v 51.07248 0.60166 -3.08992
v 51.55040 0.56395 -3.04025
v 51.91760 0.53512 -3.00212
v 52.02992 -0.37892 -3.40372
v 52.51080 -0.40418 -3.35561
v 52.99279 -0.42937 -3.30729
v 52.02992 -0.06361 -3.28544
v 52.51080 -0.09247 -3.23977
v 52.02992 0.23800 -3.14602
v 52.51080 0.20572 -3.10282
v 52.99279 -0.12127 -3.19386
v 52.99279 0.17348 -3.05937
v 53.42636 -0.45190 -3.26376
v 53.95911 -0.47991 -3.20880
v 53.42636 -0.14707 -3.15245
v 53.95911 -0.17923 -3.10002
v 54.44295 -0.50519 -3.15880
v 54.44295 -0.20831 -3.05227
v 53.42636 0.14457 -3.02016
v 34.33452 -2.07482 -2.33571
v 34.49030 -2.06805 -2.34813
v 33.46805 -2.10701 -2.28140
v 33.53889 -2.10460 -2.28518
v 33.27146 -2.11375 -2.27095
v 33.35891 -2.11074 -2.27560
v 33.62054 -2.10184 -2.28955
v 33.71294 -2.09873 -2.29450
v 33.92984 -2.09152 -2.30618
v 33.81606 -2.09529 -2.30005
v 34.03346 -2.08811 -2.31179
v 34.18913 -2.08120 -2.32414
v 33.35891 -1.67709 -2.11169
v 33.46805 -1.67345 -2.11789
v 33.53889 -1.67111 -2.12193
v 33.62054 -1.66842 -2.12658
v 33.71294 -1.66540 -2.13186
v 33.92984 -1.65839 -2.14429
v 33.81606 -1.66205 -2.13776
v 34.03346 -1.65508 -2.15025
v 34.18913 -1.64842 -2.16308
v 34.33452 -1.64227 -2.17509
v 34.49030 -1.63574 -2.18798
v 34.65639 -2.06091 -2.36141
v 34.79546 -2.05500 -2.37255
v 35.01919 -2.04202 -2.39588
v 35.21570 -2.03077 -2.41640
v 35.56000 -2.01142 -2.45243
v 35.63845 -2.00703 -2.46074
v 35.86448 -1.99450 -2.48470
v 35.42216 -2.01911 -2.43800
v 35.01919 -1.61072 -2.23722
v 34.65639 -1.62887 -2.20175
v 34.79546 -1.62319 -2.21330
v 35.21570 -1.59993 -2.25826
v 35.42216 -1.58875 -2.28039
v 35.56000 -1.58138 -2.29518
v 35.63845 -1.57720 -2.30369
v 35.86448 -1.56531 -2.32824
v 35.42216 -1.16006 -2.12784
v 35.56000 -1.15307 -2.14284
v 35.86448 -1.13799 -2.17637
v 35.63845 -1.14915 -2.15148
v 36.59975 -1.94821 -2.57541
v 36.86349 -1.92811 -2.61541
v 37.11702 -1.90913 -2.65383
v 38.31588 -1.83977 -2.79133
v 37.41814 -1.89114 -2.68848
v 37.70877 -1.87414 -2.72186
v 38.00806 -1.85700 -2.75615
v 37.70877 -1.45104 -2.56989
v 38.00806 -1.43500 -2.60502
v 38.31588 -1.41888 -2.64109
v 36.10012 -1.98166 -2.50970
v 36.32200 -1.96976 -2.53325
v 36.10012 -1.55311 -2.35385
v 36.59975 -1.52121 -2.42071
v 36.32200 -1.54183 -2.37797
v 36.86349 -1.50199 -2.46127
v 37.11702 -1.48384 -2.50024
v 37.41814 -1.46697 -2.53571
v 37.11702 -1.06112 -2.34970
v 36.32200 -1.11600 -2.22679
v 36.59975 -1.09647 -2.26974
v 36.10012 -1.12657 -2.20233
v 36.86349 -1.07828 -2.31052
v 36.59975 -0.67616 -2.12202
v 36.86349 -0.65912 -2.16272
v 37.11702 -0.64305 -2.20184
v 37.41814 -1.04551 -2.38565
v 37.70877 -1.03078 -2.42030
v 38.00806 -1.01597 -2.45594
v 38.31588 -1.00110 -2.49256
v 38.31588 -0.58841 -2.34555
v 37.41814 -0.62880 -2.23798
v 37.70877 -0.61539 -2.27283
v 38.00806 -0.60191 -2.30869
v 33.27146 -1.68002 -2.10673
v 33.27146 -1.24694 -1.94953
v 33.35891 -1.24412 -1.95474
v 33.46805 -1.24063 -1.96125
v 33.53889 -1.23838 -1.96548
v 33.62054 -1.23580 -1.97036
v 33.71294 -1.23291 -1.97589
v 33.81606 -1.22970 -1.98207
v 33.92984 -1.22620 -1.98890
v 34.18913 -1.21669 -2.00830
v 34.33452 -1.21084 -2.02062
v 34.49030 -1.20464 -2.03383
v 34.03346 -1.22303 -1.99513
v 33.27146 -0.81705 -1.79827
v 33.35891 -0.81437 -1.80367
v 33.46805 -0.81106 -1.81042
v 33.53889 -0.80893 -1.81480
v 33.92984 -0.79741 -1.83902
v 33.62054 -0.80649 -1.81985
v 33.71294 -0.80375 -1.82557
v 33.81606 -0.80072 -1.83197
v 34.03346 -0.79443 -1.84546
v 34.18913 -0.78846 -1.85885
v 34.33452 -0.78296 -1.87136
v 34.49030 -0.77714 -1.88478
v 34.79546 -1.19272 -2.05977
v 34.65639 -1.19811 -2.04794
v 35.01919 -1.18089 -2.08405
v 35.21570 -1.17065 -2.10540
v 34.65639 -0.77102 -1.89911
v 34.79546 -0.76597 -1.91111
v 35.21570 -0.74525 -1.95704
v 35.01919 -0.75486 -1.93555
v 35.63845 -0.72515 -2.00340
v 35.86448 -0.71481 -2.02844
v 35.42216 -0.73532 -1.97963
v 35.56000 -0.72878 -1.99472
v 36.59975 -2.04227 -1.24145
v 36.86349 -2.01897 -1.28279
v 37.11702 -1.99694 -1.32246
v 38.31588 -1.91611 -1.46289
v 37.41814 -1.97604 -1.35790
v 37.70877 -1.95625 -1.39199
v 38.00806 -1.93626 -1.42700
v 38.00806 -1.53265 -1.24166
v 38.31588 -1.51351 -1.27838
v 36.10012 -0.70424 -2.05455
v 36.32200 -0.69447 -2.07915
v 37.70877 -0.20655 -2.12794
v 38.00806 -0.19451 -2.16374
v 38.31588 -0.18247 -2.20054
v 33.53889 -0.38462 -1.67013
v 33.62054 -0.38234 -1.67530
v 33.71294 -0.37979 -1.68116
v 33.81606 -0.37696 -1.68770
v 33.92984 -0.37388 -1.69491
v 34.03346 -0.37111 -1.70149
v 34.18913 -0.36557 -1.71499
v 34.33452 -0.36047 -1.72760
v 34.49030 -0.35508 -1.74112
v 34.65639 -0.34942 -1.75554
v 34.79546 -0.34476 -1.76762
v 35.01919 -0.33444 -1.79205
v 35.21570 -0.32553 -1.81352
v 35.42216 -0.31633 -1.83608
v 35.56000 -0.31028 -1.85116
v 35.63845 -0.30696 -1.85983
v 35.86448 -0.29752 -1.88483
v 35.21570 0.08870 -1.67943
v 35.42216 0.09703 -1.70168
v 35.56000 0.10251 -1.71654
v 35.63845 0.10547 -1.72510
v 35.86448 0.11387 -1.74974
v 33.27146 -0.39221 -1.65319
v 33.35891 -0.38971 -1.65873
v 33.46805 -0.38661 -1.66564
v 33.92984 0.04496 -1.56185
v 33.27146 0.02832 -1.51986
v 33.35891 0.03060 -1.52544
v 33.46805 0.03342 -1.53240
v 33.53889 0.03523 -1.53692
v 33.62054 0.03730 -1.54213
v 33.71294 0.03962 -1.54802
v 33.81606 0.04217 -1.55460
v 34.03346 0.04747 -1.56846
v 34.18913 0.05248 -1.58188
v 34.33452 0.05709 -1.59441
v 34.49030 0.06195 -1.60783
v 34.65639 0.06705 -1.62215
v 34.79546 0.07125 -1.63415
v 35.01919 0.08062 -1.65825
v 34.18913 0.46157 -1.45482
v 34.33452 0.46565 -1.46717
v 34.49030 0.46994 -1.48039
v 33.27146 0.44017 -1.39320
v 33.35891 0.44220 -1.39876
v 33.46805 0.44471 -1.40570
v 33.53889 0.44631 -1.41020
v 33.71294 0.45020 -1.42126
v 33.62054 0.44815 -1.41539
v 33.81606 0.45246 -1.42781
v 33.92984 0.45492 -1.43503
v 34.03346 0.45713 -1.44161
v 33.46805 0.84523 -1.28522
v 33.53889 0.84661 -1.28966
v 33.27146 0.84131 -1.27289
v 33.35891 0.84307 -1.27838
v 33.62054 0.84819 -1.29478
v 33.71294 0.84995 -1.30056
v 33.92984 0.85400 -1.31413
v 33.81606 0.85189 -1.30701
v 34.33452 0.86320 -1.34555
v 34.49030 0.86687 -1.35845
v 34.03346 0.85589 -1.32060
v 34.18913 0.85970 -1.33351
v 34.79546 0.47811 -1.50629
v 34.65639 0.47442 -1.49448
v 35.01919 0.48647 -1.52988
v 35.21570 0.49365 -1.55061
v 35.42216 0.50105 -1.57238
v 35.56000 0.50591 -1.58691
v 35.86448 0.51578 -1.61938
v 35.63845 0.50848 -1.59528
v 35.42216 0.89376 -1.44784
v 35.56000 0.89795 -1.46194
v 35.63845 0.90012 -1.47005
v 35.86448 0.90624 -1.49342
v 34.65639 0.87070 -1.37220
v 34.79546 0.87385 -1.38371
v 35.01919 0.88111 -1.40661
v 35.21570 0.88735 -1.42672
v 36.10012 -0.28787 -1.91091
v 36.59975 -0.26201 -1.97796
v 36.32200 -0.27898 -1.93547
v 36.86349 -0.24622 -2.01831
v 37.11702 -0.23134 -2.05710
v 37.11702 0.17356 -1.91878
v 36.59975 0.14574 -1.84126
v 36.32200 0.13031 -1.79964
v 36.10012 0.12243 -1.77544
v 36.86349 0.16007 -1.88078
v 37.41814 -0.21856 -2.09316
v 37.41814 0.18468 -1.95428
v 37.70877 0.19511 -1.98852
v 38.00806 0.20553 -2.02376
v 38.31588 0.21592 -2.06000
v 36.32200 0.52999 -1.66815
v 36.59975 0.54378 -1.70862
v 37.11702 0.56856 -1.78395
v 36.86349 0.55655 -1.74703
v 38.31588 0.60405 -1.92183
v 37.41814 0.57794 -1.81862
v 37.70877 0.58670 -1.85205
v 38.00806 0.59541 -1.88646
v 37.41814 0.95929 -1.68588
v 37.70877 0.96630 -1.71824
v 38.31588 0.98006 -1.78576
v 38.00806 0.97323 -1.75153
v 36.10012 0.52319 -1.64450
v 36.10012 0.91244 -1.51777
v 36.32200 0.91811 -1.54069
v 36.59975 0.93015 -1.57970
v 36.86349 0.94128 -1.61674
v 37.11702 0.95172 -1.65233
v 38.63205 -1.82059 -2.82981
v 38.95643 -1.80104 -2.86954
v 39.28884 -1.78150 -2.91006
v 39.62912 -1.76201 -2.95133
v 39.85260 -1.74948 -2.97831
v 38.63205 -1.40102 -2.68049
v 39.97708 -1.74054 -2.99700
v 39.85260 -1.33500 -2.83283
v 39.62912 -1.34661 -2.80511
v 38.95643 -1.38285 -2.72119
v 39.28884 -1.36470 -2.76274
v 38.95643 -0.96805 -2.57380
v 39.85260 -0.92431 -2.68725
v 39.28884 -0.95144 -2.61599
v 39.62912 -0.93491 -2.65904
v 40.33256 -1.30332 -2.90618
v 39.97708 -1.32667 -2.85192
v 40.69537 -1.28015 -2.96120
v 40.69537 -0.87393 -2.81733
v 41.06533 -0.85291 -2.87392
v 39.97708 -0.91665 -2.70657
v 40.33256 -0.89519 -2.76153
v 38.63205 -0.98471 -2.53251
v 38.63205 -0.57359 -2.38573
v 38.95643 -0.55857 -2.42727
v 41.82592 -2.05626 -2.12874
v 42.21616 -2.02506 -2.18931
v 42.61277 -1.99422 -2.25016
v 43.83879 -1.88834 -2.47464
v 43.42430 -1.92450 -2.39610
v 42.86758 -1.97487 -2.28887
v 43.01555 -1.96128 -2.31757
v 42.86758 -1.58858 -2.12017
v 43.01555 -1.57572 -2.14970
v 43.42430 -1.54094 -2.23062
v 43.83879 -1.50677 -2.31169
v 41.36136 -0.83656 -2.91896
v 41.44224 -0.83144 -2.93255
v 41.82592 -0.80763 -2.99671
v 43.83879 -1.12934 -2.14701
v 39.85260 -2.21278 -1.83648
v 39.62912 -2.22779 -1.80998
v 40.33256 -2.17383 -1.90708
v 41.06533 -2.11677 -2.01333
v 40.69537 -2.14522 -1.95992
v 39.97708 -2.20256 -1.85487
v 39.97708 -1.80400 -1.67194
v 40.33256 -1.77673 -1.72567
v 40.69537 -1.74959 -1.78013
v 41.06533 -1.72261 -1.83526
v 38.63205 -1.89436 -1.50204
v 38.95643 -1.87227 -1.54243
v 39.28884 -1.85012 -1.58363
v 39.62912 -1.82797 -1.62559
v 39.85260 -1.81370 -1.65304
v 39.85260 -1.41698 -1.47301
v 38.95643 -1.47216 -1.35967
v 38.63205 -1.49299 -1.31837
v 39.28884 -1.45129 -1.40184
v 39.62912 -1.43042 -1.44485
v 39.97708 -1.40786 -1.49227
v 39.28884 -1.05596 -1.22526
v 39.85260 -1.02399 -1.29760
v 39.62912 -1.03651 -1.26896
v 40.33256 -1.38222 -1.54708
v 40.69537 -1.35671 -1.60271
v 41.06533 -1.33136 -1.65912
v 40.33256 -0.99164 -1.37254
v 39.97708 -1.01549 -1.31708
v 41.06533 -0.94435 -1.48613
v 40.69537 -0.96791 -1.42891
v 40.69537 -0.58469 -1.25952
v 41.06533 -0.56310 -1.31704
v 41.44224 -2.08778 -2.06851
v 41.36136 -2.09453 -2.05573
v 41.44224 -1.69514 -1.89226
v 41.82592 -1.66537 -1.95440
v 42.21616 -1.63591 -2.01701
v 42.61277 -1.60682 -2.08002
v 41.36136 -1.70152 -1.87908
v 42.61277 -1.22300 -1.90988
v 41.82592 -1.27773 -1.78105
v 41.36136 -1.31155 -1.70402
v 41.44224 -1.30558 -1.71748
v 42.21616 -1.25018 -1.84520
v 42.21616 -0.86921 -1.67502
v 42.61277 -0.84411 -1.74081
v 42.86758 -1.20596 -1.95115
v 43.01555 -1.19391 -1.98130
v 43.42430 -1.16133 -2.06400
v 43.42430 -0.78706 -1.89717
v 43.83879 -0.75747 -1.98141
v 42.86758 -0.82840 -1.78285
v 43.01555 -0.81723 -1.81337
v 41.82592 -0.89467 -1.60986
v 41.36136 -0.92596 -1.53174
v 41.44224 -0.92043 -1.54538
v 39.97708 -0.51231 -2.56098
v 40.33256 -0.49290 -2.61620
v 40.69537 -0.47369 -2.67233
v 41.06533 -0.45473 -2.72930
v 41.06533 -0.06438 -2.58330
v 39.28884 -0.54362 -2.46975
v 39.62912 -0.52876 -2.51314
v 39.85260 -0.51924 -2.54158
v 38.63205 -0.16934 -2.24062
v 38.95643 -0.15607 -2.28206
v 39.28884 -0.14289 -2.32447
v 39.85260 -0.12149 -2.39623
v 39.62912 -0.12983 -2.36781
v 38.95643 0.23847 -2.14021
v 39.62912 0.26070 -2.22459
v 39.85260 0.26773 -2.25257
v 39.28884 0.24966 -2.18193
v 40.33256 -0.09811 -2.47054
v 39.97708 -0.11532 -2.41554
v 40.69537 -0.08112 -2.52647
v 39.97708 0.27302 -2.27152
v 40.33256 0.28778 -2.32552
v 40.69537 0.30229 -2.38046
v 41.06533 0.31651 -2.43629
v 39.97708 0.65061 -2.12805
v 40.33256 0.66278 -2.18058
v 40.69537 0.67467 -2.23402
v 41.06533 0.68626 -2.28835
v 41.06533 1.04314 -2.13942
v 41.44224 -0.43539 -2.78838
v 41.82592 -0.41394 -2.85300
v 42.21616 -0.39287 -2.91829
v 42.61277 -0.37224 -2.98416
v 41.36136 -0.44001 -2.77470
v 42.61277 0.00813 -2.83770
v 41.82592 -0.02845 -2.70670
v 41.44224 -0.04735 -2.64225
v 41.36136 -0.05143 -2.62862
v 42.21616 -0.00994 -2.77187
v 43.01555 0.02781 -2.91001
v 42.86758 0.01935 -2.87977
v 43.42430 0.05054 -2.99307
v 41.82592 0.34700 -2.55754
v 42.61277 0.37783 -2.68632
v 42.21616 0.36264 -2.62159
v 43.83879 0.43259 -2.92088
v 43.42430 0.41385 -2.83889
v 42.86758 0.38721 -2.72771
v 43.01555 0.39446 -2.75738
v 42.86758 0.74319 -2.57186
v 43.01555 0.74914 -2.60066
v 43.42430 0.76500 -2.67980
v 43.83879 0.78019 -2.75944
v 43.83879 1.11397 -2.59269
v 41.36136 0.32749 -2.48084
v 41.44224 0.33096 -2.49423
v 41.44224 0.69797 -2.34472
v 41.36136 0.69514 -2.33170
v 41.82592 0.71100 -2.40629
v 42.21616 0.72361 -2.46859
v 42.61277 0.73575 -2.53158
v 42.61277 1.08031 -2.37365
v 41.82592 1.06190 -2.25301
v 41.36136 1.04983 -2.18119
v 41.44224 1.05200 -2.19373
v 42.21616 1.07135 -2.31300
v 42.86758 1.08573 -2.41244
v 43.01555 1.09033 -2.44011
v 43.42430 1.10248 -2.51616
v 38.63205 0.22716 -2.09943
v 38.63205 0.61331 -1.96028
v 38.95643 0.62256 -2.00005
v 39.28884 0.63166 -2.04073
v 39.62912 0.64058 -2.08233
v 39.85260 0.64623 -2.10962
v 39.28884 1.00130 -1.90065
v 39.85260 1.01222 -1.96720
v 39.62912 1.00802 -1.94084
v 38.63205 0.98725 -1.82292
v 38.95643 0.99437 -1.86134
v 40.33256 1.02513 -2.03557
v 39.97708 1.01565 -1.98496
v 40.69537 1.03430 -2.08707
v 43.83879 -0.39294 -1.81470
v 43.42430 -0.41986 -1.73012
v 42.61277 -0.47180 -1.57313
v 42.21616 -0.49459 -1.50690
v 41.44224 -0.54122 -1.37661
v 41.36136 -0.54626 -1.36292
v 41.82592 -0.51775 -1.44138
v 41.82592 -0.14905 -1.27476
v 42.21616 -0.12847 -1.33976
v 42.61277 -0.10826 -1.40552
v 42.61277 0.24610 -1.24140
v 42.86758 -0.45754 -1.61548
v 43.01555 -0.44735 -1.64607
v 42.86758 -0.09565 -1.44759
v 43.01555 -0.08657 -1.47783
v 43.42430 -0.06212 -1.56099
v 43.83879 -0.03823 -1.64472
v 42.86758 0.25694 -1.28276
v 43.01555 0.26482 -1.31237
v 43.42430 0.28601 -1.39380
v 43.83879 0.30662 -1.47583
v 43.42430 0.62345 -1.23002
v 43.83879 0.64057 -1.30954
v 33.81606 -2.23134 -0.94733
v 33.92984 -2.22545 -0.95448
v 34.03346 -2.22012 -0.96100
v 34.18913 -2.21055 -0.97461
v 34.33452 -2.20170 -0.98733
v 34.49030 -2.19230 -1.00095
v 34.18913 -1.79733 -0.78071
v 34.33452 -1.78866 -0.79381
v 34.49030 -1.77947 -0.80784
v 34.65639 -2.18239 -1.01548
v 34.79546 -2.17418 -1.02764
v 35.21570 -2.14362 -1.07434
v 35.01919 -2.15781 -1.05251
v 35.63845 -2.11370 -1.12136
v 35.86448 -2.09810 -1.14668
v 35.42216 -2.12889 -1.09727
v 35.56000 -2.11917 -1.11257
v 34.65639 -1.76977 -0.82280
v 34.79546 -1.76173 -0.83533
v 35.01919 -1.74582 -0.86069
v 35.21570 -1.73203 -0.88296
v 35.42216 -1.71772 -0.90634
v 35.56000 -1.70827 -0.92195
v 35.86448 -1.68795 -0.95674
v 35.63845 -1.70299 -0.93091
v 33.46805 -1.83586 -0.72937
v 33.53889 -1.83215 -0.73405
v 33.27146 -1.84626 -0.71640
v 33.35891 -1.84162 -0.72217
v 33.62054 -1.82789 -0.73944
v 33.71294 -1.82310 -0.74553
v 33.92984 -1.81196 -0.75985
v 33.81606 -1.81778 -0.75234
v 33.71294 -1.41061 -0.56047
v 33.81606 -1.40540 -0.56753
v 33.92984 -1.39969 -0.57532
v 34.03346 -1.80670 -0.76668
v 34.03346 -1.39453 -0.58241
v 33.35891 -1.42878 -0.53622
v 33.27146 -1.43333 -0.53023
v 33.46805 -1.42313 -0.54370
v 33.53889 -1.41949 -0.54856
v 33.62054 -1.41531 -0.55415
v 34.18913 -1.38542 -0.59673
v 34.49030 -1.36808 -0.62442
v 34.33452 -1.37701 -0.61010
v 33.27146 -1.02292 -0.35546
v 33.35891 -1.01849 -0.36162
v 33.46805 -1.01299 -0.36930
v 33.53889 -1.00945 -0.37428
v 33.81606 -0.99574 -0.39377
v 33.92984 -0.99019 -0.40176
v 33.62054 -1.00538 -0.38003
v 33.71294 -1.00081 -0.38652
v 34.03346 -0.98518 -0.40904
v 34.18913 -0.97641 -0.42354
v 34.49030 -0.95970 -0.45158
v 34.33452 -0.96830 -0.43708
v 35.01919 -1.33552 -0.67814
v 35.21570 -1.32221 -0.70067
v 34.65639 -1.35867 -0.63969
v 34.79546 -1.35087 -0.65248
v 35.56000 -1.29930 -0.74013
v 35.42216 -1.30841 -0.72433
v 35.63845 -1.29425 -0.74921
v 35.86448 -1.27986 -0.77534
v 35.56000 -0.89376 -0.56806
v 35.63845 -0.88897 -0.57718
v 35.86448 -0.87532 -0.60345
v 34.65639 -0.95064 -0.46704
v 34.79546 -0.94314 -0.47998
v 35.01919 -0.92843 -0.50577
v 35.21570 -0.91569 -0.52841
v 35.42216 -0.90248 -0.55219
v 36.10012 -2.08208 -1.17304
v 36.32200 -2.06722 -1.19784
v 36.32200 -1.65818 -1.00895
v 36.59975 -1.63409 -1.05301
v 36.86349 -1.61161 -1.09479
v 37.11702 -1.59034 -1.13490
v 36.10012 -1.67250 -0.98364
v 37.41814 -1.57046 -1.17107
v 37.70877 -1.55165 -1.20589
v 36.10012 -1.26508 -0.80258
v 36.59975 -1.22830 -0.87241
v 36.32200 -1.25139 -0.82821
v 36.86349 -1.20676 -0.91435
v 37.11702 -1.18639 -0.95463
v 37.11702 -0.78655 -0.78266
v 37.70877 -1.14994 -1.02652
v 38.00806 -1.13205 -1.06279
v 38.31588 -1.11404 -1.10004
v 37.41814 -1.16766 -0.99124
v 37.41814 -0.76907 -0.81945
v 37.70877 -0.75255 -0.85492
v 38.31588 -0.71912 -0.92891
v 38.00806 -0.73589 -0.89141
v 36.59975 -0.82639 -0.70066
v 36.10012 -0.86131 -0.63082
v 36.32200 -0.84833 -0.65659
v 36.86349 -0.80591 -0.74248
v 33.71294 -0.59411 -0.22690
v 33.81606 -0.58925 -0.23423
v 33.92984 -0.58393 -0.24231
v 33.35891 -0.61108 -0.20171
v 33.27146 -0.61534 -0.19548
v 33.46805 -0.60580 -0.20948
v 33.53889 -0.60240 -0.21452
v 33.62054 -0.59850 -0.22033
v 34.03346 -0.57912 -0.24968
v 34.18913 -0.57078 -0.26418
v 34.49030 -0.55490 -0.29221
v 34.33452 -0.56307 -0.27771
v 35.01919 -0.52526 -0.34623
v 35.21570 -0.51321 -0.36872
v 35.56000 -0.49249 -0.40813
v 35.42216 -0.50073 -0.39235
v 35.63845 -0.48801 -0.41719
v 35.86448 -0.47523 -0.44330
v 36.86349 -0.41017 -0.58088
v 37.11702 -0.39201 -0.62055
v 36.10012 -0.46214 -0.47051
v 36.32200 -0.45000 -0.49614
v 36.59975 -0.42939 -0.53961
v 36.32200 -0.05816 -0.34704
v 36.59975 -0.03902 -0.38962
v 37.11702 -0.00433 -0.46892
v 36.86349 -0.02118 -0.43005
v 37.70877 -0.36082 -0.69236
v 37.41814 -0.37597 -0.65711
v 38.00806 -0.34555 -0.72865
v 38.31588 -0.33020 -0.76596
v 38.00806 0.03759 -0.57552
v 38.31588 0.05141 -0.61232
v 37.41814 0.01016 -0.50496
v 37.70877 0.02383 -0.53972
v 37.41814 0.38815 -0.36445
v 37.70877 0.40023 -0.39843
v 38.31588 0.42453 -0.46941
v 38.00806 0.41237 -0.43342
v 38.31588 0.78757 -0.33750
v 34.18913 -0.17074 -0.11797
v 34.33452 -0.16350 -0.13139
v 34.49030 -0.15583 -0.14577
v 33.46805 -0.20391 -0.06334
v 33.53889 -0.20068 -0.06839
v 33.27146 -0.21297 -0.04933
v 33.35891 -0.20892 -0.05556
v 33.62054 -0.19698 -0.07420
v 33.71294 -0.19282 -0.08078
v 33.81606 -0.18820 -0.08812
v 33.92984 -0.18315 -0.09622
v 34.03346 -0.17858 -0.10360
v 33.27146 0.18312 0.08137
v 33.35891 0.18691 0.07520
v 33.46805 0.19160 0.06749
v 33.53889 0.19463 0.06249
v 33.71294 0.20200 0.05021
v 33.81606 0.20632 0.04293
v 33.92984 0.21106 0.03490
v 33.62054 0.19810 0.05673
v 34.49030 0.23643 -0.01385
v 34.03346 0.21533 0.02759
v 34.18913 0.22260 0.01347
v 34.33452 0.22931 0.00028
v 34.65639 -0.54629 -0.30767
v 34.79546 -0.53916 -0.32061
v 34.79546 -0.14104 -0.17394
v 34.65639 -0.14774 -0.16110
v 35.01919 -0.12803 -0.19919
v 35.21570 -0.11677 -0.22136
v 35.42216 -0.10510 -0.24466
v 35.56000 -0.09740 -0.26022
v 35.86448 -0.08145 -0.29491
v 35.63845 -0.09325 -0.26916
v 35.56000 0.29039 -0.12589
v 34.65639 0.24392 -0.02891
v 34.79546 0.25012 -0.04153
v 35.01919 0.26213 -0.06621
v 35.21570 0.27253 -0.08789
v 35.42216 0.28329 -0.11068
v 34.49030 0.62013 0.10340
v 35.63845 0.29416 -0.13463
v 35.86448 0.30489 -0.15981
v 34.65639 0.62696 0.08873
v 34.79546 0.63261 0.07644
v 35.21570 0.65297 0.03152
v 35.01919 0.64353 0.05253
v 35.56000 0.66919 -0.00530
v 35.63845 0.67255 -0.01378
v 35.86448 0.68212 -0.03819
v 35.42216 0.66274 0.00944
v 35.56000 1.03677 0.10263
v 35.63845 1.03971 0.09449
v 35.86448 1.04805 0.07103
v 33.27146 0.57117 0.19648
v 33.35891 0.57467 0.19043
v 33.46805 0.57900 0.18287
v 33.53889 0.58180 0.17797
v 33.81606 0.59259 0.15878
v 33.92984 0.59695 0.15091
v 33.62054 0.58500 0.17232
v 33.71294 0.58860 0.16592
v 34.03346 0.60089 0.14373
v 34.18913 0.60753 0.12999
v 34.33452 0.61365 0.11716
v 33.27146 0.94882 0.29729
v 33.35891 0.95199 0.29141
v 33.46805 0.95592 0.28408
v 33.53889 0.95846 0.27932
v 33.71294 0.96463 0.26763
v 33.81606 0.96825 0.26069
v 33.92984 0.97220 0.25304
v 33.62054 0.96136 0.27384
v 34.49030 0.99301 0.20718
v 34.03346 0.97578 0.24607
v 34.18913 0.98172 0.23282
v 34.33452 0.98720 0.22044
v 34.65639 0.99911 0.19302
v 34.79546 1.00416 0.18116
v 35.01919 1.01391 0.15820
v 35.21570 1.02233 0.13801
v 35.42216 1.03104 0.11680
v 36.10012 -0.06936 -0.32176
v 36.59975 0.34358 -0.25217
v 36.10012 0.31588 -0.18607
v 36.32200 0.32605 -0.21080
v 36.86349 0.35991 -0.29146
v 37.11702 0.37532 -0.32923
v 36.10012 0.69191 -0.06364
v 36.32200 0.70096 -0.08762
v 36.59975 0.71676 -0.12748
v 36.86349 0.73146 -0.16533
v 37.11702 0.74532 -0.20172
v 36.59975 1.07839 -0.01457
v 36.10012 1.05657 0.04656
v 36.32200 1.06443 0.02351
v 36.86349 1.09137 -0.05073
v 37.11702 1.10359 -0.08551
v 37.41814 0.75637 -0.23583
v 37.70877 0.76676 -0.26874
v 37.41814 1.11280 -0.11825
v 37.70877 1.12142 -0.14986
v 38.00806 0.77717 -0.30263
v 38.00806 1.13002 -0.18240
v 38.63205 -1.09485 -1.14058
v 38.95643 -1.07542 -1.18245
v 38.95643 -0.68349 -1.01177
v 39.85260 -0.63617 -1.12775
v 39.28884 -0.66557 -1.05486
v 39.62912 -0.64768 -1.09888
v 38.63205 -0.70141 -0.96965
v 39.97708 -0.62836 -1.14728
v 40.33256 -0.60646 -1.20293
v 38.63205 -0.31413 -0.80645
v 38.95643 -0.29792 -0.84832
v 39.85260 -0.25523 -0.96371
v 39.62912 -0.26559 -0.93497
v 39.28884 -0.28174 -0.89116
v 39.85260 0.11781 -0.80730
v 40.33256 -0.22847 -1.03821
v 41.06533 -0.18953 -1.15142
v 40.69537 -0.20890 -1.09434
v 39.97708 -0.24819 -0.98306
v 39.97708 0.12402 -0.82630
v 40.33256 0.14140 -0.88048
v 40.69537 0.15861 -0.93564
v 41.06533 0.17560 -0.99176
v 38.95643 0.08008 -0.69349
v 38.63205 0.06571 -0.65223
v 39.28884 0.09441 -0.73574
v 39.62912 0.10867 -0.77894
v 40.69537 0.51668 -0.78476
v 41.06533 0.53112 -0.83939
v 39.28884 0.46170 -0.58993
v 39.62912 0.47394 -0.63214
v 39.85260 0.48176 -0.65985
v 38.63205 0.43694 -0.50838
v 38.95643 0.44935 -0.54867
v 38.63205 0.79799 -0.37521
v 38.95643 0.80833 -0.41419
v 39.28884 0.81858 -0.45412
v 39.85260 0.83513 -0.52178
v 39.62912 0.82869 -0.49497
v 39.97708 0.48710 -0.67834
v 40.33256 0.50199 -0.73107
v 40.33256 0.85181 -0.59043
v 41.06533 0.87562 -0.69486
v 40.69537 0.86385 -0.64219
v 39.97708 0.83954 -0.53961
v 41.36136 -0.17445 -1.19698
v 41.44224 -0.16995 -1.21055
v 41.36136 0.18879 -1.03657
v 41.44224 0.19270 -1.04989
v 41.82592 0.21086 -1.11293
v 42.21616 0.22867 -1.17678
v 42.21616 0.57570 -1.01933
v 42.61277 0.59017 -1.08217
v 41.44224 0.54559 -0.89597
v 41.82592 0.56083 -0.95725
v 41.36136 0.54230 -0.88302
v 41.82592 0.89950 -0.80837
v 42.21616 0.91128 -0.86812
v 42.61277 0.92265 -0.92861
v 42.86758 0.59913 -1.12241
v 43.01555 0.60574 -1.15110
v 43.83879 0.96241 -1.14685
v 43.42430 0.94896 -1.07056
v 42.86758 0.92963 -0.96734
v 43.01555 0.93491 -0.99486
v 41.36136 0.88468 -0.73693
v 41.44224 0.88732 -0.74939
v 34.33452 1.24821 -1.23012
v 34.49030 1.25123 -1.24258
v 34.65639 1.25436 -1.25587
v 34.79546 1.25692 -1.26698
v 35.01919 1.26303 -1.28901
v 35.21570 1.26827 -1.30834
v 35.56000 1.27712 -1.34219
v 35.63845 1.27886 -1.34998
v 35.86448 1.28376 -1.37243
v 35.42216 1.27363 -1.32864
v 35.56000 1.64234 -1.22904
v 35.63845 1.64363 -1.23645
v 35.86448 1.64725 -1.25780
v 36.59975 1.30337 -1.45511
v 36.86349 1.31278 -1.49050
v 37.11702 1.32157 -1.52450
v 36.10012 1.28869 -1.39582
v 36.32200 1.29316 -1.41783
v 36.59975 1.66238 -1.33625
v 36.10012 1.65085 -1.28004
v 36.32200 1.65408 -1.30096
v 36.86349 1.66999 -1.36973
v 37.11702 1.67707 -1.40189
v 37.70877 1.33247 -1.58770
v 37.41814 1.32726 -1.55668
v 38.00806 1.33755 -1.61961
v 38.31588 1.34249 -1.65241
v 37.70877 1.68415 -1.46187
v 38.00806 1.68733 -1.49214
v 38.31588 1.69032 -1.52324
v 37.41814 1.68080 -1.43244
v 36.86349 2.01078 -1.25329
v 37.11702 2.01606 -1.28332
v 37.70877 2.01919 -1.33948
v 37.41814 2.01778 -1.31193
v 38.00806 2.02039 -1.36780
v 38.31588 2.02136 -1.39688
v 38.00806 2.33531 -1.24679
v 38.31588 2.33427 -1.27369
v 42.21616 1.40461 -2.15572
v 42.61277 1.41029 -2.21350
v 43.42430 1.42514 -2.34904
v 43.83879 1.43279 -2.42180
v 42.86758 1.41362 -2.25045
v 43.01555 1.41683 -2.27675
v 43.01555 1.72775 -2.11232
v 43.83879 1.73582 -2.24860
v 43.42430 1.73213 -2.18025
v 38.63205 1.34756 -1.68798
v 38.95643 1.35247 -1.72475
v 39.62912 1.36160 -1.80079
v 39.85260 1.36432 -1.82600
v 39.28884 1.35716 -1.76236
v 39.85260 1.70151 -1.68754
v 40.33256 1.37347 -1.89124
v 40.69537 1.37983 -1.94037
v 41.06533 1.38583 -1.99030
v 39.97708 1.36677 -1.84295
v 39.97708 1.70296 -1.70354
v 40.33256 1.70681 -1.74911
v 40.69537 1.71028 -1.79546
v 41.06533 1.71336 -1.84255
v 38.95643 1.69584 -1.59174
v 38.63205 1.69319 -1.55693
v 39.28884 1.69822 -1.62734
v 39.62912 1.70032 -1.66370
v 41.06533 2.02350 -1.69437
v 38.95643 2.02230 -1.46086
v 39.28884 2.02230 -1.49407
v 39.62912 2.02198 -1.52798
v 39.85260 2.02160 -1.55020
v 38.63205 2.02198 -1.42836
v 38.63205 2.33263 -1.30278
v 38.95643 2.33062 -1.33278
v 39.28884 2.32826 -1.36343
v 39.62912 2.32553 -1.39470
v 39.85260 2.32358 -1.41518
v 39.28884 2.61491 -1.23600
v 39.85260 2.60630 -1.28309
v 39.62912 2.60981 -1.26446
v 39.97708 2.02202 -1.56509
v 40.33256 2.02293 -1.60750
v 40.33256 2.32095 -1.46790
v 40.69537 2.02343 -1.65060
v 40.69537 2.31850 -1.50753
v 41.06533 2.31558 -1.54775
v 39.97708 2.32297 -1.42889
v 40.33256 2.59977 -1.33100
v 39.97708 2.60467 -1.29555
v 40.69537 2.59439 -1.36697
v 41.06533 2.58852 -1.40344
v 41.36136 1.39027 -2.03013
v 41.44224 1.39175 -2.04208
v 41.82592 1.39842 -2.09856
v 41.44224 1.71626 -1.89136
v 41.82592 1.71962 -1.94458
v 42.61277 1.72479 -2.05281
v 42.21616 1.72247 -1.99841
v 41.36136 1.71549 -1.88010
v 42.86758 1.72598 -2.08759
v 41.82592 2.02325 -1.78913
v 41.36136 2.02325 -1.72927
v 41.44224 2.02330 -1.73972
v 42.21616 2.02267 -1.83908
v 42.61277 2.02154 -1.88953
v 42.21616 2.30486 -1.68053
v 42.61277 2.30030 -1.72676
v 42.86758 2.02053 -1.92177
v 43.01555 2.02082 -1.94466
v 43.42430 2.02114 -2.00755
v 43.83879 2.02077 -2.07079
v 43.83879 2.28781 -1.89256
v 42.86758 2.29711 -1.75628
v 43.01555 2.29592 -1.77723
v 43.42430 2.29222 -1.83475
v 43.83879 2.53606 -1.71515
v 41.44224 2.31229 -1.58938
v 41.36136 2.31295 -1.57979
v 41.82592 2.30885 -1.63472
v 41.82592 2.57540 -1.48224
v 42.61277 2.56011 -1.56549
v 42.21616 2.56805 -1.52369
v 41.36136 2.58355 -1.43248
v 41.44224 2.58218 -1.44117
v 42.21616 2.81107 -1.36886
v 42.61277 2.79985 -1.40610
v 42.86758 2.55477 -1.59217
v 43.01555 2.55213 -1.61109
v 43.01555 2.78836 -1.44670
v 43.42430 2.54445 -1.66301
v 43.42430 2.77681 -1.49288
v 43.83879 2.76454 -1.53922
v 42.86758 2.79241 -1.42986
v 40.69537 2.84981 -1.22896
v 41.06533 2.84105 -1.26156
v 41.36136 2.83380 -1.28748
v 41.44224 2.83173 -1.29525
v 41.82592 2.82170 -1.33190
v 42.61277 3.01828 -1.24849
v 42.86758 3.00884 -1.26929
v 43.01555 3.00343 -1.28404
v 43.83879 2.97218 -1.36498
v 43.42430 2.98815 -1.32446
v 33.46805 1.23344 -1.17152
v 33.53889 1.23458 -1.17585
v 33.27146 1.23019 -1.15949
v 33.35891 1.23165 -1.16484
v 33.62054 1.23588 -1.18083
v 33.71294 1.23733 -1.18647
v 33.92984 1.24064 -1.19969
v 33.81606 1.23892 -1.19276
v 34.03346 1.24218 -1.20600
v 34.18913 1.24534 -1.21847
v 33.35891 1.60684 -1.05947
v 33.46805 1.60823 -1.06590
v 33.53889 1.60911 -1.07008
v 33.27146 1.60571 -1.05431
v 33.62054 1.61011 -1.07488
v 33.71294 1.61123 -1.08032
v 33.81606 1.61244 -1.08638
v 33.92984 1.61375 -1.09306
v 34.33452 1.61959 -1.12221
v 34.49030 1.62190 -1.13413
v 34.03346 1.61492 -1.09914
v 34.18913 1.61737 -1.11107
v 33.27146 1.96585 -0.95670
v 33.35891 1.96664 -0.96161
v 33.46805 1.96760 -0.96772
v 33.53889 1.96820 -0.97169
v 33.62054 1.96888 -0.97625
v 33.71294 1.96963 -0.98141
v 33.81606 1.97045 -0.98717
v 33.92984 1.97131 -0.99351
v 34.03346 1.97208 -0.99928
v 34.65639 1.62429 -1.14683
v 34.79546 1.62623 -1.15746
v 35.01919 1.63114 -1.17843
v 35.21570 1.63532 -1.19683
v 35.42216 1.63957 -1.21615
v 34.18913 1.97377 -1.01055
v 34.33452 1.97530 -1.02106
v 34.49030 1.97687 -1.03230
v 33.81606 2.31054 -0.89349
v 33.92984 2.31096 -0.89944
v 33.27146 2.30815 -0.86486
v 33.35891 2.30858 -0.86947
v 33.46805 2.30909 -0.87522
v 33.53889 2.30941 -0.87894
v 33.62054 2.30976 -0.88323
v 33.71294 2.31014 -0.88808
v 34.03346 2.31131 -0.90486
v 34.18913 2.31224 -0.91538
v 34.33452 2.31306 -0.92519
v 34.49030 2.31387 -0.93569
v 33.35891 2.63127 -0.78335
v 33.46805 2.63133 -0.78868
v 33.53889 2.63136 -0.79214
v 33.62054 2.63138 -0.79612
v 33.71294 2.63138 -0.80061
v 33.92984 2.63131 -0.81115
v 33.81606 2.63136 -0.80563
v 34.03346 2.63125 -0.81617
v 34.18913 2.63141 -0.82588
v 34.49030 2.63154 -0.84461
v 34.33452 2.63150 -0.83493
v 34.65639 1.97847 -1.04429
v 34.79546 1.97975 -1.05431
v 35.01919 1.98338 -1.07401
v 35.21570 1.98644 -1.09130
v 35.56000 1.99153 -1.12155
v 35.63845 1.99235 -1.12851
v 35.86448 1.99462 -1.14855
v 35.42216 1.98954 -1.10944
v 35.42216 2.32146 -1.00749
v 35.56000 2.32267 -1.01873
v 35.63845 2.32302 -1.02520
v 35.86448 2.32394 -1.04381
v 34.79546 2.31528 -0.95622
v 34.65639 2.31467 -0.94687
v 35.01919 2.31761 -0.97455
v 35.21570 2.31955 -0.99062
v 35.21570 2.63329 -0.89514
v 34.65639 2.63153 -0.85492
v 34.79546 2.63147 -0.86354
v 35.01919 2.63249 -0.88038
v 35.42216 2.63401 -0.91063
v 35.56000 2.63443 -0.92095
v 35.63845 2.63431 -0.92689
v 35.86448 2.63387 -0.94397
v 33.27146 2.63120 -0.77907
v 36.10012 1.99683 -1.16941
v 36.32200 1.99876 -1.18904
v 36.59975 2.00506 -1.22201
v 36.10012 2.32474 -1.06318
v 36.32200 2.32536 -1.08140
v 36.59975 2.32963 -1.11189
v 36.86349 2.33345 -1.14081
v 37.11702 2.33691 -1.16856
v 36.59975 2.63481 -1.00630
v 36.86349 2.63672 -1.03271
v 37.11702 2.63836 -1.05805
v 36.10012 2.63326 -0.96174
v 36.32200 2.63256 -0.97843
v 37.41814 2.33661 -1.19507
v 37.70877 2.33609 -1.22058
v 37.41814 2.63605 -1.08231
v 37.70877 2.63360 -1.10565
v 38.00806 2.63086 -1.12961
v 38.31588 2.62781 -1.15418
v 34.18913 1.34546 0.31785
v 34.33452 1.35023 0.30606
v 34.49030 1.35527 0.29342
v 33.27146 1.31643 0.37953
v 33.35891 1.31924 0.37391
v 33.46805 1.32272 0.36689
v 33.53889 1.32496 0.36234
v 33.71294 1.33042 0.35113
v 33.62054 1.32753 0.35708
v 33.81606 1.33362 0.34449
v 33.92984 1.33712 0.33715
v 34.03346 1.34028 0.33047
v 33.46805 1.67629 0.43441
v 33.53889 1.67822 0.43009
v 33.62054 1.68044 0.42511
v 33.71294 1.68292 0.41947
v 33.92984 1.68869 0.40621
v 33.81606 1.68568 0.41317
v 33.27146 1.67087 0.44638
v 33.35891 1.67329 0.44105
v 34.03346 1.69141 0.39986
v 34.18913 1.69577 0.38797
v 34.33452 1.69980 0.37685
v 34.49030 1.70405 0.36492
v 34.79546 1.36497 0.26863
v 34.65639 1.36058 0.27993
v 35.01919 1.37343 0.24683
v 35.21570 1.38074 0.22768
v 35.42216 1.38829 0.20753
v 35.56000 1.39326 0.19408
v 35.63845 1.39573 0.18635
v 35.86448 1.40274 0.16407
v 35.01919 1.71933 0.32104
v 35.21570 1.72547 0.30302
v 35.56000 1.73598 0.27142
v 35.42216 1.73181 0.28408
v 35.63845 1.73797 0.26415
v 35.86448 1.74360 0.24319
v 34.65639 1.70852 0.35219
v 34.79546 1.71220 0.34152
v 33.35891 2.01255 0.49301
v 33.46805 2.01504 0.48678
v 33.53889 2.01664 0.48274
v 33.27146 2.01054 0.49799
v 33.62054 2.01848 0.47807
v 33.71294 2.02054 0.47278
v 33.81606 2.02283 0.46687
v 33.92984 2.02532 0.46035
v 33.27146 2.33451 0.53327
v 33.35891 2.33609 0.52868
v 33.53889 2.33931 0.51919
v 33.46805 2.33805 0.52293
v 33.62054 2.34075 0.51488
v 33.71294 2.34237 0.50999
v 33.81606 2.34416 0.50452
v 33.92984 2.34611 0.49848
v 34.33452 2.03434 0.43293
v 34.49030 2.03776 0.42180
v 34.03346 2.02758 0.45439
v 34.18913 2.03110 0.44330
v 34.03346 2.34787 0.49297
v 34.18913 2.35052 0.48277
v 34.33452 2.35294 0.47322
v 34.49030 2.35550 0.46297
v 33.27146 2.64246 0.55017
v 33.35891 2.64358 0.54600
v 33.46805 2.64498 0.54078
v 33.53889 2.64587 0.53739
v 33.62054 2.64689 0.53348
v 33.71294 2.64804 0.52904
v 33.92984 2.65068 0.51859
v 33.81606 2.64930 0.52408
v 34.03346 2.65192 0.51359
v 34.18913 2.65364 0.50437
v 34.49030 2.65685 0.48647
v 34.33452 2.65521 0.49574
v 35.63845 2.06491 0.32796
v 35.86448 2.06912 0.30845
v 34.65639 2.04135 0.40991
v 34.79546 2.04431 0.39995
v 35.01919 2.05006 0.38090
v 35.21570 2.05500 0.36414
v 35.01919 2.36468 0.42536
v 35.21570 2.36838 0.40997
v 34.65639 2.35817 0.45203
v 34.79546 2.36037 0.44284
v 35.42216 2.06008 0.34651
v 35.56000 2.06342 0.33473
v 35.56000 2.37464 0.38296
v 35.42216 2.37217 0.39379
v 35.63845 2.37563 0.37675
v 35.86448 2.37837 0.35882
v 35.21570 2.66517 0.43862
v 34.65639 2.65856 0.47657
v 34.79546 2.65996 0.46826
v 35.01919 2.66278 0.45249
v 35.42216 2.66761 0.42402
v 35.56000 2.66919 0.41425
v 35.63845 2.66964 0.40864
v 35.86448 2.67087 0.39247
v 36.59975 1.42845 0.08296
v 36.86349 1.43958 0.04881
v 37.11702 1.45003 0.01596
v 37.11702 1.78236 0.10438
v 38.31588 1.13859 -0.21589
v 37.41814 1.45728 -0.01510
v 37.70877 1.46402 -0.04509
v 38.00806 1.47071 -0.07597
v 38.31588 1.47732 -0.10774
v 37.41814 1.78760 0.07519
v 37.70877 1.79242 0.04701
v 38.31588 1.80175 -0.01187
v 38.00806 1.79714 0.01798
v 36.10012 1.40988 0.14082
v 36.32200 1.41646 0.11892
v 36.32200 1.75457 0.20071
v 36.10012 1.74932 0.22132
v 36.59975 1.76452 0.16707
v 36.86349 1.77373 0.13511
v 38.00806 2.10792 0.09936
v 38.31588 2.11050 0.07159
v 36.10012 2.07338 0.28809
v 36.32200 2.07726 0.26889
v 36.59975 2.08512 0.23775
v 36.32200 2.38359 0.32247
v 36.59975 2.38931 0.29400
v 36.86349 2.09237 0.20816
v 37.11702 2.09914 0.17970
v 36.10012 2.38112 0.34011
v 36.86349 2.39455 0.26695
v 37.11702 2.39941 0.24094
v 36.86349 2.67973 0.30978
v 37.11702 2.68261 0.28641
v 36.10012 2.67204 0.37557
v 36.32200 2.67305 0.35964
v 36.59975 2.67657 0.33408
v 37.41814 2.10233 0.15255
v 37.70877 2.10519 0.12635
v 37.41814 2.40051 0.21602
v 37.70877 2.40139 0.19197
v 37.41814 2.68159 0.26394
v 37.70877 2.68043 0.24225
v 38.00806 2.40209 0.16719
v 38.31588 2.40261 0.14171
v 38.31588 2.67746 0.19691
v 38.00806 2.67906 0.21990
v 35.01919 2.92648 -0.79122
v 35.21570 2.92613 -0.80459
v 35.42216 2.92567 -0.81860
v 35.56000 2.92530 -0.82794
v 35.86448 2.92289 -0.84875
v 35.63845 2.92470 -0.83331
v 33.27146 2.93343 -0.69904
v 33.35891 2.93313 -0.70295
v 33.46805 2.93274 -0.70782
v 33.53889 2.93247 -0.71098
v 33.92984 2.93082 -0.72835
v 33.62054 2.93215 -0.71462
v 33.71294 2.93177 -0.71873
v 33.81606 2.93133 -0.72331
v 33.27146 3.21313 -0.62403
v 33.35891 3.21247 -0.62754
v 33.46805 3.21161 -0.63191
v 33.53889 3.21105 -0.63474
v 33.62054 3.21038 -0.63800
v 33.71294 3.20962 -0.64168
v 33.81606 3.20875 -0.64578
v 33.92984 3.20777 -0.65029
v 34.03346 2.93033 -0.73294
v 34.18913 2.92970 -0.74176
v 34.33452 2.92907 -0.74999
v 34.49030 2.92834 -0.75878
v 34.49030 3.20258 -0.67744
v 34.03346 3.20685 -0.65440
v 34.18913 3.20544 -0.66227
v 34.33452 3.20408 -0.66960
v 33.46805 3.46597 -0.55941
v 33.53889 3.46511 -0.56188
v 33.62054 3.46410 -0.56473
v 33.71294 3.46295 -0.56794
v 33.81606 3.46166 -0.57152
v 33.92984 3.46021 -0.57546
v 34.03346 3.45887 -0.57905
v 34.18913 3.45667 -0.58589
v 34.33452 3.45459 -0.59227
v 34.49030 3.45231 -0.59909
v 33.27146 3.46832 -0.55252
v 33.35891 3.46728 -0.55559
v 34.65639 2.92751 -0.76814
v 34.79546 2.92677 -0.77597
v 34.65639 3.20092 -0.68578
v 34.79546 3.19949 -0.69275
v 35.01919 3.19790 -0.70631
v 35.21570 3.19641 -0.71819
v 35.42216 3.19475 -0.73063
v 35.56000 3.19359 -0.73892
v 35.63845 3.19252 -0.74369
v 35.86448 3.18936 -0.75739
v 35.21570 3.44220 -0.63445
v 34.65639 3.44984 -0.60634
v 34.79546 3.44773 -0.61240
v 35.01919 3.44483 -0.62416
v 35.42216 3.43936 -0.64524
v 35.56000 3.43742 -0.65242
v 35.63845 3.43589 -0.65655
v 35.86448 3.43139 -0.66841
v 35.86448 3.64855 -0.58332
v 33.27146 3.69817 -0.48519
v 33.35891 3.69678 -0.48780
v 33.46805 3.69502 -0.49105
v 33.53889 3.69387 -0.49316
v 33.92984 3.68740 -0.50472
v 33.62054 3.69254 -0.49558
v 33.71294 3.69102 -0.49832
v 33.81606 3.68931 -0.50137
v 33.27146 3.90092 -0.42050
v 33.35891 3.89919 -0.42267
v 33.46805 3.89701 -0.42536
v 33.53889 3.89559 -0.42710
v 33.35891 4.07322 -0.35943
v 33.46805 4.07067 -0.36158
v 33.53889 4.06900 -0.36296
v 33.62054 3.89395 -0.42910
v 33.71294 3.89208 -0.43136
v 33.81606 3.88998 -0.43387
v 33.92984 3.88765 -0.43663
v 33.71294 4.06489 -0.36635
v 33.62054 4.06707 -0.36456
v 33.81606 4.06243 -0.36835
v 33.92984 4.05972 -0.37054
v 34.03346 3.68565 -0.50776
v 34.18913 3.68270 -0.51357
v 34.33452 3.67991 -0.51897
v 34.49030 3.67689 -0.52475
v 34.33452 3.87841 -0.44836
v 34.49030 3.87468 -0.45311
v 34.03346 3.88552 -0.43914
v 34.18913 3.88186 -0.44392
v 34.03346 4.05723 -0.37253
v 34.18913 4.05292 -0.37632
v 34.33452 4.04886 -0.37984
v 34.49030 4.04449 -0.38359
v 33.27146 4.07526 -0.35771
v 35.42216 3.65900 -0.56376
v 35.56000 3.65631 -0.56982
v 35.63845 3.65432 -0.57331
v 34.65639 3.67363 -0.53089
v 34.79546 3.67086 -0.53601
v 35.01919 3.66670 -0.54595
v 35.21570 3.66298 -0.55465
v 35.01919 3.86195 -0.47051
v 35.21570 3.85720 -0.47764
v 34.65639 3.87067 -0.45815
v 34.79546 3.86729 -0.46236
v 34.65639 4.03981 -0.38757
v 34.79546 4.03586 -0.39089
v 35.01919 4.02944 -0.39733
v 35.21570 4.02375 -0.40296
v 35.42216 3.85215 -0.48510
v 35.56000 3.84875 -0.49006
v 35.63845 3.84635 -0.49291
v 35.86448 3.83937 -0.50110
v 35.42216 4.01772 -0.40884
v 35.56000 4.01367 -0.41275
v 35.63845 4.01088 -0.41500
v 35.86448 4.00282 -0.42145
v 35.56000 4.15045 -0.33826
v 35.63845 4.14732 -0.33994
v 35.86448 4.13828 -0.34478
v 36.59975 2.91909 -0.90500
v 36.10012 2.92088 -0.86481
v 36.32200 2.91887 -0.87989
v 36.32200 3.18265 -0.78501
v 36.59975 3.18085 -0.80722
v 36.86349 2.91910 -0.92878
v 37.11702 2.91892 -0.95158
v 36.86349 3.17896 -0.82824
v 37.11702 3.17698 -0.84839
v 38.00806 2.90558 -1.01607
v 38.31588 2.90055 -1.03818
v 37.41814 2.91462 -0.97346
v 37.70877 2.91027 -0.99449
v 37.41814 3.17072 -0.86776
v 37.70877 3.16450 -0.88638
v 38.00806 3.15791 -0.90546
v 38.31588 3.15094 -0.92500
v 38.00806 3.38604 -0.79635
v 38.31588 3.37719 -0.81321
v 36.10012 3.18596 -0.77164
v 36.10012 3.42661 -0.68074
v 36.32200 3.42201 -0.69231
v 36.59975 3.41823 -0.71149
v 36.10012 3.64244 -0.59371
v 36.59975 3.63091 -0.61962
v 36.32200 3.63661 -0.60346
v 36.86349 3.41447 -0.72964
v 37.11702 3.41071 -0.74703
v 36.86349 3.62536 -0.63490
v 37.11702 3.61990 -0.64953
v 37.41814 3.40254 -0.76378
v 37.70877 3.39449 -0.77987
v 37.70877 3.60012 -0.67720
v 37.41814 3.60991 -0.66365
v 38.00806 3.58991 -0.69108
v 38.31588 3.57926 -0.70527
v 36.10012 3.83203 -0.50961
v 36.32200 3.82505 -0.51758
v 36.59975 3.81755 -0.53079
v 36.10012 3.99434 -0.42815
v 36.32200 3.98631 -0.43442
v 36.59975 3.97718 -0.44484
v 36.86349 3.81032 -0.54328
v 37.11702 3.80328 -0.55524
v 36.86349 3.96842 -0.45468
v 37.11702 3.95992 -0.46411
v 36.10012 4.12881 -0.34979
v 36.32200 4.11985 -0.35449
v 36.59975 4.10926 -0.36232
v 36.86349 4.09914 -0.36972
v 37.11702 4.08936 -0.37681
v 37.41814 3.79158 -0.56680
v 37.70877 3.78019 -0.57788
v 38.00806 3.76834 -0.58924
v 38.31588 3.75603 -0.60085
v 37.41814 3.94670 -0.47324
v 37.70877 3.93384 -0.48199
v 37.70877 4.06065 -0.39029
v 38.00806 3.92052 -0.49096
v 38.31588 3.90672 -0.50013
v 38.00806 4.04603 -0.39706
v 38.31588 4.03093 -0.40399
v 37.41814 4.07478 -0.38369
v 33.27146 2.93411 0.54665
v 33.35891 2.93476 0.54295
v 33.46805 2.93555 0.53833
v 33.53889 2.93605 0.53533
v 33.62054 2.93663 0.53186
v 33.71294 2.93728 0.52793
v 33.92984 2.93875 0.51866
v 33.81606 2.93798 0.52352
v 33.27146 3.20565 0.52822
v 33.35891 3.20580 0.52503
v 33.46805 3.20599 0.52103
v 33.53889 3.20611 0.51842
v 33.62054 3.20623 0.51542
v 33.71294 3.20637 0.51201
v 33.81606 3.20652 0.50820
v 33.92984 3.20666 0.50398
v 34.03346 2.93944 0.51421
v 34.18913 2.94019 0.50607
v 34.49030 2.94155 0.49026
v 34.33452 2.94086 0.49845
v 34.18913 3.20656 0.49310
v 34.03346 3.20679 0.50012
v 34.33452 3.20633 0.48652
v 34.49030 3.20605 0.47945
v 33.35891 3.45531 0.49301
v 33.46805 3.45489 0.48964
v 33.53889 3.45462 0.48745
v 33.27146 3.45563 0.49571
v 33.62054 3.45430 0.48491
v 33.71294 3.45393 0.48204
v 33.81606 3.45352 0.47882
v 33.92984 3.45305 0.47526
v 34.03346 3.45261 0.47201
v 34.18913 3.45142 0.46612
v 34.33452 3.45029 0.46059
v 34.49030 3.44906 0.45466
v 34.65639 2.94224 0.48151
v 34.79546 2.94279 0.47416
v 35.01919 2.94405 0.46027
v 35.21570 2.94509 0.44805
v 34.65639 3.20572 0.47189
v 34.79546 3.20543 0.46555
v 35.01919 3.20513 0.45359
v 35.21570 3.20481 0.44306
v 35.42216 2.94612 0.43517
v 35.56000 2.94676 0.42656
v 35.63845 2.94666 0.42161
v 35.86448 2.94631 0.40734
v 35.42216 3.20442 0.43196
v 35.56000 3.20413 0.42454
v 35.63845 3.20348 0.42028
v 35.86448 3.20156 0.40797
v 35.21570 3.44309 0.42413
v 35.01919 3.44474 0.43296
v 34.65639 3.44772 0.44831
v 34.79546 3.44657 0.44297
v 35.42216 3.44130 0.41483
v 35.56000 3.44009 0.40861
v 35.63845 3.43890 0.40503
v 35.86448 3.43543 0.39471
v 35.56000 3.65332 0.37968
v 35.63845 3.65160 0.37679
v 35.86448 3.64664 0.36843
v 33.27146 4.22040 -0.29683
v 33.35891 4.21809 -0.29814
v 33.46805 4.21520 -0.29977
v 33.53889 4.21332 -0.30082
v 33.62054 4.21114 -0.30203
v 33.71294 4.20867 -0.30339
v 33.81606 4.20590 -0.30489
v 33.92984 4.20284 -0.30655
v 33.27146 4.33448 -0.23544
v 33.35891 4.33193 -0.23635
v 33.46805 4.32874 -0.23748
v 33.53889 4.32666 -0.23820
v 33.62054 4.32427 -0.23904
v 33.71294 4.32155 -0.23997
v 33.81606 4.31851 -0.24101
v 33.92984 4.31515 -0.24214
v 33.27146 4.41806 -0.17587
v 33.35891 4.41530 -0.17640
v 33.46805 4.41186 -0.17706
v 33.53889 4.40962 -0.17748
v 33.62054 4.40703 -0.17796
v 33.71294 4.40411 -0.17849
v 33.81606 4.40083 -0.17908
v 33.92984 4.39721 -0.17972
v 34.03346 4.20005 -0.30805
v 34.18913 4.19515 -0.31090
v 34.33452 4.19056 -0.31355
v 34.49030 4.18562 -0.31638
v 34.03346 4.31208 -0.24317
v 34.18913 4.30667 -0.24512
v 34.33452 4.30160 -0.24694
v 34.49030 4.29615 -0.24886
v 34.18913 4.38805 -0.18141
v 34.03346 4.39391 -0.18030
v 34.33452 4.38258 -0.18243
v 34.49030 4.37669 -0.18352
v 33.27146 4.46718 -0.11091
v 33.35891 4.46429 -0.11114
v 33.46805 4.46068 -0.11141
v 33.53889 4.45833 -0.11158
v 33.27146 4.48902 -0.05597
v 33.27146 4.49502 -0.03497
v 33.35891 4.48600 -0.05588
v 33.35891 4.49187 -0.03458
v 33.46805 4.48223 -0.05574
v 33.46805 4.48793 -0.03406
v 33.53889 4.47977 -0.05564
v 33.53889 4.48536 -0.03372
v 33.62054 4.45562 -0.11178
v 33.71294 4.45255 -0.11199
v 33.81606 4.44913 -0.11222
v 33.92984 4.44534 -0.11246
v 33.62054 4.47694 -0.05552
v 33.62054 4.48240 -0.03330
v 33.71294 4.47373 -0.05538
v 33.71294 4.47904 -0.03281
v 33.81606 4.47015 -0.05520
v 33.81606 4.47529 -0.03224
v 33.92984 4.46618 -0.05499
v 33.92984 4.47113 -0.03159
v 33.27146 4.44238 0.03999
v 33.35891 4.43951 0.04004
v 33.46805 4.43591 0.04011
v 33.53889 4.43357 0.04017
v 33.62054 4.43088 0.04025
v 33.71294 4.42782 0.04035
v 33.81606 4.42440 0.04047
v 33.92984 4.42062 0.04062
v 34.03346 4.44188 -0.11268
v 34.18913 4.43573 -0.11311
v 34.03346 4.46257 -0.05479
v 34.03346 4.46734 -0.03098
v 34.18913 4.45610 -0.05447
v 34.18913 4.46055 -0.02993
v 34.33452 4.42997 -0.11351
v 34.49030 4.42379 -0.11392
v 34.33452 4.45005 -0.05415
v 34.33452 4.45419 -0.02891
v 34.49030 4.44356 -0.05379
v 34.49030 4.44738 -0.02779
v 34.03346 4.41717 0.04077
v 34.18913 4.41093 0.04102
v 34.33452 4.40511 0.04127
v 34.49030 4.39885 0.04156
v 34.79546 4.17588 -0.32186
v 34.65639 4.18033 -0.31937
v 35.01919 4.16849 -0.32670
v 35.21570 4.16196 -0.33092
v 35.01919 4.27719 -0.25589
v 35.21570 4.26992 -0.25877
v 34.65639 4.29033 -0.25090
v 34.79546 4.28544 -0.25259
v 34.65639 4.37041 -0.18466
v 34.79546 4.36514 -0.18560
v 35.01919 4.35615 -0.18747
v 35.21570 4.34824 -0.18909
v 35.01919 4.40216 -0.11542
v 35.21570 4.39381 -0.11605
v 35.42216 4.15507 -0.33533
v 35.42216 4.26226 -0.26177
v 35.56000 4.25713 -0.26377
v 35.63845 4.25370 -0.26492
v 35.86448 4.24380 -0.26821
v 35.42216 4.33991 -0.19078
v 35.56000 4.33434 -0.19190
v 35.42216 4.38502 -0.11670
v 35.56000 4.37915 -0.11714
v 35.63845 4.33066 -0.19255
v 35.86448 4.32002 -0.19440
v 35.63845 4.37529 -0.11739
v 35.86448 4.36415 -0.11812
v 34.65639 4.41719 -0.11435
v 34.79546 4.41167 -0.11470
v 34.65639 4.43663 -0.05338
v 34.65639 4.44010 -0.02657
v 34.79546 4.43083 -0.05304
v 34.79546 4.43400 -0.02552
v 35.01919 4.42079 -0.05247
v 35.01919 4.42342 -0.02369
v 35.21570 4.41197 -0.05196
v 35.21570 4.41412 -0.02207
v 34.79546 4.38658 0.04218
v 34.65639 4.39217 0.04189
v 35.01919 4.37686 0.04266
v 35.21570 4.36832 0.04309
v 35.42216 4.40270 -0.05142
v 35.42216 4.40437 -0.02035
v 35.56000 4.39652 -0.05107
v 35.56000 4.39786 -0.01921
v 35.86448 4.38081 -0.05030
v 35.86448 4.38143 -0.01670
v 35.63845 4.39247 -0.05087
v 35.63845 4.39362 -0.01856
v 35.42216 4.35934 0.04355
v 35.56000 4.35335 0.04386
v 35.63845 4.34941 0.04403
v 35.86448 4.33805 0.04452
v 33.27146 4.06367 0.32177
v 33.35891 4.06198 0.32053
v 33.46805 4.05986 0.31899
v 33.53889 4.05848 0.31798
v 33.62054 4.05689 0.31682
v 33.71294 4.05509 0.31551
v 33.81606 4.05308 0.31404
v 33.92984 4.05085 0.31242
v 34.03346 4.04881 0.31093
v 34.18913 4.04491 0.30829
v 34.33452 4.04126 0.30581
v 34.49030 4.03733 0.30315
v 33.71294 3.67845 0.43925
v 33.81606 3.67748 0.43663
v 33.92984 3.67641 0.43373
v 33.27146 3.68251 0.45039
v 33.35891 3.68172 0.44820
v 33.46805 3.68072 0.44545
v 33.53889 3.68006 0.44366
v 33.62054 3.67931 0.44160
v 33.27146 3.88453 0.39426
v 33.35891 3.88328 0.39255
v 33.46805 3.88172 0.39040
v 33.53889 3.88070 0.38900
v 33.81606 3.87669 0.38352
v 33.92984 3.87504 0.38125
v 33.62054 3.87952 0.38739
v 33.71294 3.87819 0.38556
v 34.03346 3.67542 0.43108
v 34.18913 3.67329 0.42629
v 34.33452 3.67129 0.42181
v 34.49030 3.66912 0.41699
v 34.03346 3.87353 0.37918
v 34.18913 3.87050 0.37547
v 34.33452 3.86767 0.37200
v 34.49030 3.86461 0.36826
v 33.27146 4.21731 0.23717
v 33.35891 4.21520 0.23639
v 33.46805 4.21255 0.23543
v 33.53889 4.21082 0.23481
v 33.62054 4.20884 0.23409
v 33.71294 4.20658 0.23328
v 33.81606 4.20406 0.23237
v 33.92984 4.20128 0.23138
v 33.27146 4.34364 0.14327
v 33.35891 4.34114 0.14290
v 33.53889 4.33598 0.14216
v 33.46805 4.33801 0.14245
v 33.62054 4.33364 0.14182
v 33.71294 4.33098 0.14145
v 33.81606 4.32801 0.14105
v 33.92984 4.32473 0.14061
v 34.03346 4.19874 0.23047
v 34.18913 4.19400 0.22886
v 34.33452 4.18956 0.22736
v 34.49030 4.18480 0.22575
v 34.03346 4.32173 0.14021
v 34.18913 4.31624 0.13950
v 34.33452 4.31111 0.13885
v 34.49030 4.30560 0.13816
v 34.65639 4.03313 0.30031
v 34.79546 4.02961 0.29792
v 35.01919 4.02350 0.29347
v 35.21570 4.01812 0.28955
v 35.42216 4.01245 0.28541
v 35.56000 4.00865 0.28264
v 35.63845 4.00596 0.28104
v 35.86448 3.99820 0.27644
v 34.65639 3.66680 0.41184
v 34.79546 3.66483 0.40751
v 34.65639 3.86134 0.36426
v 34.79546 3.85859 0.36090
v 35.01919 3.66151 0.39940
v 35.21570 3.65857 0.39226
v 35.01919 3.85386 0.35463
v 35.21570 3.84968 0.34910
v 35.42216 3.65543 0.38473
v 35.42216 3.84526 0.34328
v 35.56000 3.84230 0.33937
v 35.63845 3.84009 0.33713
v 35.86448 3.83371 0.33066
v 35.21570 4.27867 0.13467
v 34.79546 4.17545 0.22258
v 34.65639 4.17972 0.22403
v 35.01919 4.16804 0.21990
v 35.21570 4.16151 0.21753
v 34.65639 4.29972 0.13743
v 34.79546 4.29479 0.13682
v 35.01919 4.28621 0.13568
v 35.42216 4.15464 0.21503
v 35.56000 4.15005 0.21336
v 35.42216 4.27074 0.13361
v 35.56000 4.26545 0.13291
v 35.63845 4.14691 0.21239
v 35.86448 4.13784 0.20961
v 35.63845 4.26190 0.13250
v 35.86448 4.25167 0.13132
v 37.11702 2.94846 0.31404
v 37.11702 3.19417 0.32772
v 36.10012 2.94586 0.39244
v 36.32200 2.94535 0.37838
v 36.59975 2.94659 0.35592
v 36.10012 3.19948 0.39512
v 36.32200 3.19745 0.38299
v 36.59975 3.19643 0.36371
v 36.86349 2.94761 0.33458
v 36.86349 3.19534 0.34537
v 37.11702 3.41870 0.32753
v 36.86349 3.62595 0.32599
v 37.11702 3.62092 0.31404
v 36.10012 3.43175 0.38393
v 36.32200 3.42823 0.37375
v 36.59975 3.42500 0.35763
v 36.10012 3.64142 0.35968
v 36.32200 3.63646 0.35142
v 36.59975 3.63111 0.33839
v 36.86349 3.42184 0.34229
v 37.41814 2.94526 0.29423
v 37.70877 2.94201 0.27510
v 37.41814 3.18881 0.31065
v 37.70877 3.18351 0.29415
v 38.00806 2.93852 0.25539
v 38.31588 2.93477 0.23511
v 38.00806 3.17792 0.27715
v 38.31588 3.17204 0.25964
v 37.41814 3.41124 0.31320
v 37.70877 3.40394 0.29934
v 37.41814 3.61145 0.30241
v 37.70877 3.60224 0.29116
v 38.00806 3.39632 0.28505
v 38.31588 3.38838 0.27033
v 38.00806 3.59267 0.27954
v 38.31588 3.58274 0.26755
v 36.10012 4.23345 -0.27162
v 36.32200 4.22368 -0.27482
v 36.59975 4.21180 -0.28020
v 36.10012 4.30892 -0.19633
v 36.10012 4.35254 -0.11889
v 36.32200 4.29846 -0.19814
v 36.59975 4.28546 -0.20127
v 36.32200 4.34160 -0.11962
v 36.59975 4.32783 -0.12099
v 36.86349 4.20047 -0.28529
v 37.11702 4.18955 -0.29019
v 36.86349 4.27311 -0.20425
v 37.11702 4.26122 -0.20714
v 36.86349 4.31475 -0.12233
v 37.11702 4.30220 -0.12366
v 36.10012 4.36867 -0.04973
v 36.10012 4.36874 -0.01480
v 36.32200 4.35725 -0.04922
v 36.32200 4.35683 -0.01305
v 36.59975 4.34271 -0.04870
v 36.59975 4.34157 -0.01074
v 36.10012 4.32622 0.04502
v 36.32200 4.31510 0.04546
v 36.59975 4.30092 0.04589
v 37.11702 4.27461 0.04646
v 36.86349 4.32895 -0.04829
v 36.86349 4.32715 -0.00869
v 37.11702 4.31575 -0.04798
v 37.11702 4.31337 -0.00687
v 36.86349 4.28749 0.04622
v 37.41814 4.17380 -0.29494
v 37.70877 4.15855 -0.29953
v 37.41814 4.24447 -0.20995
v 37.41814 4.28477 -0.12497
v 37.70877 4.22829 -0.21268
v 37.70877 4.26796 -0.12629
v 38.00806 4.14281 -0.30424
v 38.31588 4.12659 -0.30908
v 38.00806 4.21162 -0.21552
v 38.00806 4.25068 -0.12772
v 38.31588 4.19447 -0.21848
v 38.31588 4.23291 -0.12925
v 37.70877 4.28033 -0.04750
v 37.41814 4.25689 0.04675
v 37.70877 4.27682 -0.00340
v 37.70877 4.23983 0.04692
v 37.41814 4.29770 -0.04768
v 37.41814 4.29472 -0.00501
v 38.00806 4.26249 -0.04745
v 38.31588 4.24421 -0.04755
v 38.00806 4.22232 0.04697
v 38.00806 4.25848 -0.00197
v 38.31588 4.20437 0.04687
v 38.31588 4.23974 -0.00074
v 36.10012 3.82703 0.32388
v 36.32200 3.82070 0.31747
v 36.59975 3.81335 0.30740
v 36.10012 3.99010 0.27162
v 36.32200 3.98244 0.26706
v 36.59975 3.97316 0.25988
v 36.86349 3.80632 0.29780
v 37.11702 3.79950 0.28854
v 36.86349 3.96432 0.25303
v 37.11702 3.95579 0.24641
v 36.10012 4.12838 0.20669
v 36.10012 4.24101 0.13007
v 36.32200 4.11946 0.20391
v 36.59975 4.10837 0.19952
v 36.32200 4.23097 0.12888
v 36.59975 4.21829 0.12691
v 36.86349 4.09783 0.19530
v 36.86349 4.20626 0.12499
v 37.11702 4.08769 0.19119
v 37.11702 4.19470 0.12309
v 37.41814 3.78814 0.27951
v 37.70877 3.77712 0.27075
v 37.41814 4.07282 0.18719
v 37.70877 4.05847 0.18327
v 37.41814 3.94262 0.23993
v 37.70877 3.92987 0.23364
v 38.00806 3.76572 0.26169
v 38.31588 3.75395 0.25234
v 38.00806 4.04368 0.17917
v 38.31588 4.02846 0.17489
v 38.00806 3.91672 0.22711
v 38.31588 3.90317 0.22033
v 37.41814 4.17834 0.12127
v 37.70877 4.16257 0.11945
v 38.00806 4.14634 0.11750
v 38.31588 4.12966 0.11541
v 39.85260 1.17610 -0.39263
v 39.62912 1.17110 -0.36691
v 40.33256 1.18912 -0.45821
v 39.97708 1.17956 -0.40966
v 40.33256 1.51345 -0.33707
v 40.69537 1.19842 -0.50766
v 41.06533 1.20743 -0.55797
v 40.69537 1.51989 -0.38372
v 41.06533 1.52600 -0.43118
v 38.63205 2.62394 -1.18072
v 38.95643 2.61961 -1.20808
v 42.61277 1.24207 -0.78088
v 42.86758 1.24701 -0.81780
v 43.01555 1.25091 -0.84394
v 43.42430 1.26119 -0.91586
v 43.83879 1.27086 -0.98832
v 43.83879 1.56505 -0.83554
v 41.36136 1.21430 -0.59815
v 41.44224 1.21627 -0.61003
v 41.82592 1.22529 -0.66626
v 42.21616 1.23390 -0.72323
v 42.21616 1.54286 -0.58677
v 42.61277 1.54770 -0.64101
v 41.44224 1.53184 -0.48025
v 41.36136 1.53056 -0.46907
v 41.82592 1.53757 -0.53317
v 41.36136 1.83218 -0.35005
v 41.44224 1.83275 -0.36047
v 41.82592 1.83516 -0.40977
v 42.21616 1.83711 -0.45968
v 42.61277 1.83858 -0.51017
v 42.86758 1.55052 -0.67572
v 43.01555 1.55299 -0.70023
v 43.01555 1.84028 -0.56522
v 43.42430 1.55933 -0.76764
v 43.83879 1.84439 -0.69070
v 43.42430 1.84265 -0.62774
v 42.86758 1.83926 -0.54248
v 42.21616 2.11553 -0.34259
v 42.61277 2.11364 -0.38908
v 42.86758 2.11218 -0.41881
v 43.01555 2.11175 -0.43968
v 43.42430 2.11017 -0.49703
v 43.83879 2.10795 -0.55475
v 43.42430 2.36106 -0.37665
v 43.83879 2.35491 -0.42890
v 38.63205 1.14693 -0.25206
v 38.95643 1.15513 -0.28945
v 38.63205 1.48348 -0.14202
v 38.95643 1.48942 -0.17745
v 39.28884 1.16320 -0.32774
v 39.62912 1.50078 -0.25083
v 39.85260 1.50427 -0.27519
v 39.28884 1.49520 -0.21372
v 39.62912 1.81600 -0.14613
v 39.85260 1.81794 -0.16898
v 38.63205 1.80568 -0.04404
v 38.95643 1.80934 -0.07728
v 39.28884 1.81278 -0.11132
v 39.97708 1.50672 -0.29126
v 40.33256 1.82324 -0.22679
v 39.97708 1.81938 -0.18399
v 40.69537 1.82676 -0.27037
v 41.06533 1.82994 -0.31468
v 38.63205 2.11218 0.04171
v 38.95643 2.11352 0.01085
v 39.28884 2.11461 -0.02075
v 39.85260 2.11582 -0.07426
v 39.62912 2.11543 -0.05306
v 38.95643 2.40101 0.08602
v 39.28884 2.39972 0.05706
v 39.62912 2.39815 0.02745
v 39.85260 2.39696 0.00803
v 39.62912 2.66347 0.09398
v 39.85260 2.66070 0.07648
v 40.33256 2.11721 -0.12771
v 40.69537 2.11783 -0.16798
v 41.06533 2.11806 -0.20891
v 39.97708 2.11625 -0.08814
v 40.69537 2.39213 -0.07749
v 41.06533 2.38942 -0.11483
v 39.97708 2.39637 -0.00464
v 40.33256 2.39444 -0.04075
v 39.97708 2.65908 0.06511
v 40.33256 2.65425 0.03270
v 41.06533 2.64333 -0.03378
v 40.69537 2.64900 -0.00027
v 38.63205 2.40202 0.11431
v 38.63205 2.67456 0.17223
v 38.95643 2.67117 0.14674
v 39.28884 2.66748 0.12065
v 41.36136 2.11796 -0.24158
v 41.44224 2.11782 -0.25118
v 41.82592 2.11692 -0.29661
v 41.36136 2.38699 -0.14462
v 41.44224 2.38615 -0.15336
v 41.82592 2.38194 -0.19470
v 42.21616 2.37723 -0.23652
v 42.61277 2.37201 -0.27878
v 42.21616 2.62152 -0.14276
v 42.61277 2.61299 -0.18058
v 41.36136 2.63856 -0.06050
v 41.44224 2.63703 -0.06832
v 41.82592 2.62953 -0.10533
v 42.86758 2.36842 -0.30580
v 43.01555 2.36656 -0.32471
v 42.86758 2.60730 -0.20475
v 43.01555 2.60402 -0.22162
v 43.42430 2.59464 -0.26794
v 43.83879 2.58462 -0.31451
v 43.42430 2.81075 -0.17331
v 43.83879 2.79693 -0.21405
v 38.63205 2.89448 -1.06204
v 38.95643 2.88789 -1.08662
v 39.62912 2.87344 -1.13721
v 39.85260 2.86842 -1.15391
v 39.28884 2.88088 -1.11168
v 39.62912 3.11496 -1.01235
v 39.85260 3.10846 -1.02705
v 38.63205 3.14272 -0.94607
v 38.95643 3.13391 -0.96776
v 39.28884 3.12466 -0.98986
v 38.63205 3.36688 -0.83138
v 38.95643 3.35594 -0.85008
v 39.85260 3.32470 -0.90113
v 39.28884 3.34452 -0.86911
v 39.62912 3.33263 -0.88848
v 39.97708 2.86579 -1.16507
v 40.33256 2.85805 -1.19679
v 39.97708 3.10485 -1.03687
v 40.33256 3.09437 -1.06478
v 41.06533 3.07181 -1.12169
v 40.69537 3.08335 -1.09306
v 39.97708 3.32017 -0.90958
v 40.33256 3.30703 -0.93360
v 39.97708 3.51192 -0.78631
v 40.33256 3.49629 -0.80649
v 40.69537 3.29335 -0.95791
v 41.06533 3.27913 -0.98252
v 40.69537 3.48012 -0.82693
v 41.06533 3.46339 -0.84760
v 38.63205 3.56698 -0.72057
v 38.95643 3.55401 -0.73629
v 39.28884 3.54055 -0.75230
v 39.62912 3.52660 -0.76857
v 39.85260 3.51734 -0.77920
v 40.69537 3.64283 -0.70041
v 41.06533 3.62382 -0.71734
v 38.63205 3.74193 -0.61336
v 38.95643 3.72710 -0.62622
v 39.28884 3.71176 -0.63931
v 39.62912 3.69592 -0.65262
v 39.85260 3.68544 -0.66132
v 38.63205 3.89098 -0.51002
v 38.95643 3.87448 -0.52020
v 38.63205 4.01376 -0.41149
v 38.95643 3.99579 -0.41921
v 39.28884 3.85746 -0.53057
v 39.62912 3.83993 -0.54111
v 39.85260 3.82835 -0.54801
v 39.28884 3.97731 -0.42710
v 39.62912 3.95832 -0.43513
v 39.85260 3.94580 -0.44040
v 40.33256 3.66130 -0.68367
v 39.97708 3.67921 -0.66714
v 40.33256 3.80144 -0.56576
v 40.69537 3.78094 -0.57908
v 41.06533 3.75990 -0.59257
v 39.97708 3.82140 -0.55263
v 40.33256 3.91649 -0.45401
v 39.97708 3.93822 -0.44394
v 39.97708 4.02758 -0.33748
v 40.33256 4.00436 -0.34478
v 40.69537 3.89423 -0.46425
v 41.06533 3.87143 -0.47465
v 40.69537 3.98061 -0.35225
v 41.06533 3.95634 -0.35990
v 41.36136 3.06234 -1.14445
v 41.44224 3.05961 -1.15127
v 41.82592 3.04644 -1.18344
v 42.21616 3.03266 -1.21585
v 42.21616 3.23122 -1.06339
v 42.61277 3.21384 -1.09140
v 41.44224 3.26418 -1.00792
v 41.82592 3.24801 -1.03556
v 41.36136 3.26755 -1.00206
v 41.82592 3.42689 -0.89217
v 41.36136 3.44984 -0.86402
v 41.44224 3.44588 -0.86894
v 42.21616 3.40731 -0.91557
v 42.61277 3.38714 -0.93911
v 42.61277 3.53759 -0.79247
v 43.01555 3.19579 -1.12189
v 42.86758 3.20250 -1.10925
v 43.42430 3.17697 -1.15655
v 43.83879 3.15747 -1.19129
v 43.83879 3.32123 -1.02305
v 42.86758 3.37403 -0.95410
v 43.01555 3.36611 -0.96473
v 42.86758 3.52288 -0.80480
v 43.01555 3.51387 -0.81354
v 43.42430 3.34400 -0.99386
v 43.42430 3.48878 -0.83749
v 43.83879 3.46305 -0.86151
v 41.36136 3.60847 -0.73080
v 41.44224 3.60396 -0.73485
v 41.82592 3.58242 -0.75392
v 42.21616 3.56030 -0.77313
v 42.86758 3.64873 -0.66259
v 43.01555 3.63874 -0.66961
v 43.42430 3.61101 -0.68886
v 43.83879 3.58268 -0.70821
v 41.36136 3.74295 -0.60331
v 41.44224 3.73796 -0.60654
v 41.82592 3.71416 -0.62179
v 42.21616 3.68978 -0.63717
v 42.61277 3.66484 -0.65269
v 41.36136 3.85312 -0.48295
v 41.44224 3.84770 -0.48545
v 41.82592 3.82195 -0.49730
v 41.36136 3.93690 -0.36604
v 41.44224 3.93113 -0.36790
v 41.82592 3.90376 -0.37673
v 42.21616 3.79565 -0.50929
v 42.61277 3.76880 -0.52142
v 42.61277 3.84746 -0.39495
v 42.21616 3.87587 -0.38575
v 43.83879 3.68015 -0.56505
v 42.86758 3.75149 -0.52918
v 43.01555 3.74068 -0.53468
v 42.86758 3.82918 -0.40088
v 43.01555 3.81768 -0.40506
v 43.42430 3.71070 -0.54980
v 43.42430 3.78586 -0.41664
v 43.83879 3.75351 -0.42841
v 40.33256 2.89635 0.09046
v 40.69537 2.88818 0.06148
v 41.06533 2.87955 0.03203
v 41.06533 3.09628 0.08452
v 38.63205 2.92952 0.21335
v 38.95643 2.92373 0.19089
v 38.63205 3.16449 0.24087
v 38.95643 3.15634 0.22149
v 39.28884 2.91760 0.16789
v 39.62912 2.91112 0.14437
v 39.85260 2.90675 0.12894
v 39.28884 3.14783 0.20164
v 39.62912 3.13895 0.18133
v 39.85260 3.13302 0.16800
v 38.63205 3.37860 0.25455
v 38.95643 3.36817 0.23825
v 38.63205 3.57084 0.25471
v 38.95643 3.55825 0.24142
v 39.85260 3.33872 0.19320
v 39.62912 3.34615 0.20444
v 39.28884 3.35736 0.22154
v 39.62912 3.53185 0.21380
v 39.85260 3.52298 0.20461
v 39.28884 3.54526 0.22778
v 39.97708 2.90410 0.11894
v 39.97708 3.12936 0.15939
v 40.33256 3.11878 0.13486
v 40.69537 3.10776 0.10990
v 39.97708 3.33411 0.18597
v 40.33256 3.32082 0.16535
v 39.97708 3.51746 0.19871
v 40.33256 3.50162 0.18187
v 40.69537 3.30707 0.14434
v 41.06533 3.29286 0.12297
v 40.69537 3.48532 0.16469
v 40.69537 3.64154 0.17149
v 41.06533 3.46854 0.14718
v 41.06533 3.62240 0.15763
v 39.28884 4.06924 -0.32540
v 39.62912 4.04901 -0.33115
v 39.85260 4.03570 -0.33493
v 39.62912 4.04979 0.10493
v 39.85260 4.03619 0.10295
v 38.63205 4.10819 -0.31435
v 38.95643 4.08897 -0.31981
v 38.63205 4.17505 -0.22174
v 38.63205 4.21282 -0.13101
v 38.95643 4.15481 -0.22516
v 38.95643 4.19190 -0.13293
v 39.28884 4.13406 -0.22873
v 39.62912 4.11283 -0.23245
v 39.85260 4.09888 -0.23493
v 39.28884 4.17050 -0.13501
v 39.62912 4.14863 -0.13726
v 39.85260 4.13428 -0.13881
v 38.63205 4.22358 -0.04786
v 38.95643 4.20215 -0.04839
v 38.63205 4.21866 0.00023
v 38.63205 4.18405 0.04657
v 38.95643 4.16294 0.04605
v 38.95643 4.19683 0.00089
v 39.28884 4.18029 -0.04916
v 39.62912 4.15800 -0.05019
v 39.85260 4.14342 -0.05101
v 39.28884 4.17462 0.00120
v 39.28884 4.14140 0.04530
v 39.62912 4.11945 0.04428
v 39.62912 4.15206 0.00109
v 39.85260 4.10508 0.04347
v 39.85260 4.13734 0.00078
v 40.33256 4.06589 -0.24150
v 40.69537 4.04095 -0.24658
v 41.06533 4.01553 -0.25186
v 40.69537 4.07452 -0.14637
v 41.06533 4.04837 -0.15000
v 39.97708 4.02774 0.10165
v 40.33256 4.07085 0.04098
v 40.33256 4.00364 0.09781
v 41.06533 4.05628 -0.05865
v 41.06533 4.04990 -0.00526
v 40.69537 4.04512 0.03867
v 40.69537 3.97910 0.09371
v 41.06533 3.95411 0.08932
v 41.06533 4.01903 0.03594
v 39.97708 4.09032 -0.23662
v 39.97708 4.12544 -0.13986
v 40.33256 4.10021 -0.14300
v 39.97708 4.13441 -0.05161
v 40.33256 4.10876 -0.05355
v 39.97708 4.09618 0.04289
v 39.97708 4.12825 0.00048
v 40.33256 4.10242 -0.00078
v 40.69537 4.08271 -0.05588
v 40.69537 4.07630 -0.00268
v 38.63205 3.74006 0.24230
v 38.95643 3.72545 0.23190
v 38.63205 3.88740 0.21304
v 38.63205 4.01096 0.17023
v 38.95643 3.87089 0.20546
v 38.95643 3.99267 0.16533
v 39.28884 3.85392 0.19762
v 39.62912 3.69495 0.21020
v 39.85260 3.68476 0.20296
v 39.62912 3.83652 0.18953
v 39.85260 3.82508 0.18417
v 39.28884 3.71042 0.22120
v 39.28884 3.97394 0.16022
v 39.28884 4.07052 0.10784
v 39.62912 3.95476 0.15489
v 39.85260 3.94216 0.15132
v 38.63205 4.11064 0.11307
v 38.95643 4.09081 0.11055
v 39.97708 3.67841 0.19832
v 39.97708 3.81795 0.18075
v 40.33256 3.66021 0.18506
v 40.33256 3.79755 0.17091
v 39.97708 3.93432 0.14903
v 40.33256 3.91193 0.14241
v 40.69537 3.77669 0.16080
v 41.06533 3.75536 0.15041
v 40.69537 3.88908 0.13551
v 41.06533 3.86579 0.12834
v 41.82592 2.85946 -0.03080
v 41.36136 2.87245 0.00854
v 41.44224 2.87022 0.00167
v 41.36136 3.08692 0.06427
v 41.44224 3.08403 0.05836
v 41.82592 3.07013 0.03041
v 42.21616 2.84818 -0.06364
v 42.61277 2.83638 -0.09682
v 42.61277 3.04077 -0.02645
v 42.21616 3.05571 0.00213
v 42.61277 3.22565 0.02948
v 41.36136 3.28136 0.10590
v 41.44224 3.27783 0.10093
v 41.82592 3.26095 0.07740
v 42.21616 3.24356 0.05358
v 42.21616 3.41107 0.09026
v 42.61277 3.39040 0.07043
v 42.61277 3.53428 0.09653
v 42.86758 2.82861 -0.11804
v 43.01555 2.82394 -0.13279
v 43.83879 2.99073 -0.12723
v 42.86758 3.03101 -0.04473
v 43.01555 3.02501 -0.05740
v 42.86758 3.21401 0.01405
v 43.01555 3.20675 0.00339
v 43.42430 3.00818 -0.09221
v 43.42430 3.18650 -0.02591
v 43.83879 3.16565 -0.05541
v 42.86758 3.37702 0.05772
v 43.01555 3.36860 0.04897
v 42.86758 3.51931 0.08634
v 42.86758 3.64171 0.09612
v 43.01555 3.50984 0.07935
v 43.01555 3.63128 0.09075
v 43.42430 3.34518 0.02487
v 43.83879 3.32119 0.00057
v 43.42430 3.48355 0.06006
v 43.42430 3.60242 0.07586
v 43.83879 3.45672 0.04054
v 43.83879 3.57306 0.06070
v 41.82592 3.43124 0.10983
v 41.36136 3.45502 0.13319
v 41.44224 3.45089 0.12911
v 41.36136 3.60702 0.14652
v 41.44224 3.60236 0.14329
v 41.82592 3.58016 0.12797
v 42.21616 3.55747 0.11238
v 41.36136 3.99519 -0.25618
v 41.44224 3.98915 -0.25749
v 41.82592 3.96051 -0.26379
v 41.44224 4.02126 -0.15398
v 41.36136 4.02748 -0.15305
v 41.82592 3.99182 -0.15853
v 42.21616 3.93138 -0.27033
v 42.61277 3.90178 -0.27712
v 42.21616 3.96192 -0.16339
v 42.61277 3.93160 -0.16857
v 41.36136 4.03523 -0.06116
v 41.44224 4.02896 -0.06193
v 41.36136 4.02895 -0.00781
v 41.44224 4.02272 -0.00862
v 41.82592 3.99932 -0.06590
v 41.82592 3.99330 -0.01294
v 41.36136 3.93416 0.08566
v 41.44224 3.92818 0.08457
v 41.36136 3.99824 0.03346
v 41.44224 3.99204 0.03270
v 41.82592 3.96270 0.02881
v 41.82592 3.89985 0.07930
v 42.21616 3.78792 0.10409
v 42.61277 3.65811 0.10397
v 42.61277 3.76044 0.09529
v 42.61277 3.84192 0.06772
v 42.21616 3.96932 -0.07040
v 42.21616 3.96366 -0.01814
v 42.61277 3.93899 -0.07548
v 42.61277 3.93381 -0.02426
v 42.21616 3.93301 0.02437
v 42.21616 3.87109 0.07368
v 42.61277 3.90300 0.01937
v 42.86758 3.88276 -0.28156
v 43.01555 3.87073 -0.28467
v 42.86758 3.91214 -0.17203
v 43.01555 3.89978 -0.17442
v 43.42430 3.83749 -0.29337
v 43.83879 3.80379 -0.30236
v 43.83879 3.83115 -0.18840
v 43.42430 3.86567 -0.18121
v 42.86758 3.74278 0.08954
v 42.86758 3.82321 0.06375
v 43.01555 3.73153 0.08561
v 43.01555 3.81127 0.06103
v 42.86758 3.91958 -0.07900
v 42.86758 3.91478 -0.02863
v 43.01555 3.90722 -0.08140
v 43.01555 3.90266 -0.03162
v 42.86758 3.88379 0.01589
v 43.01555 3.87155 0.01349
v 43.83879 3.83889 -0.09622
v 43.83879 3.83604 -0.05072
v 43.42430 3.70043 0.07462
v 43.42430 3.83785 0.00647
v 43.42430 3.77832 0.05331
v 43.83879 3.74497 0.04516
v 43.83879 3.66888 0.06330
v 43.83879 3.80386 -0.00128
v 43.42430 3.87321 -0.08846
v 43.42430 3.86942 -0.04059
v 41.36136 3.73826 0.14203
v 41.44224 3.73310 0.13959
v 41.36136 3.84715 0.12249
v 41.44224 3.84155 0.12078
v 41.82592 3.70858 0.12800
v 41.82592 3.81496 0.11259
v 42.21616 3.68358 0.11612
v 45.11465 -2.16840 -2.84073
v 44.37634 -2.22546 -2.72994
v 44.37634 -1.84310 -2.57483
v 44.68418 -2.20128 -2.77660
v 44.68418 -1.82039 -2.62394
v 45.11465 -1.78954 -2.69160
v 45.55001 -2.13623 -2.90430
v 45.88510 -2.11220 -2.95234
v 45.99003 -2.10690 -2.96000
v 46.43449 -2.08490 -2.99184
v 45.88510 -1.73693 -2.80969
v 45.99003 -1.73219 -2.81822
v 46.43449 -1.71255 -2.85375
v 45.55001 -1.75940 -2.75880
v 44.25882 -1.85283 -2.55308
v 44.25882 -1.47325 -2.39283
v 44.37634 -1.46407 -2.41534
v 44.68418 -1.44293 -2.46655
v 45.11465 -1.41425 -2.53721
v 45.55001 -1.38630 -2.60756
v 45.88510 -1.36549 -2.66094
v 45.99003 -1.36132 -2.67026
v 46.43449 -1.34411 -2.70918
v 46.43449 -0.98069 -2.55972
v 45.11465 -1.04362 -2.37937
v 44.25882 -1.09799 -2.23023
v 44.37634 -1.08941 -2.25335
v 44.68418 -1.06996 -2.30625
v 44.68418 -0.70297 -2.14362
v 45.11465 -0.67916 -2.21851
v 45.55001 -1.01799 -2.45232
v 45.88510 -0.99896 -2.50776
v 45.99003 -0.99538 -2.51778
v 45.88510 -0.63894 -2.35031
v 45.99003 -0.63600 -2.36090
v 46.43449 -0.62395 -2.40531
v 45.55001 -0.65606 -2.29335
v 46.88317 -1.69345 -2.88867
v 47.33583 -1.67491 -2.92293
v 47.39386 -1.67259 -2.92725
v 47.79225 -1.66856 -2.92272
v 48.25219 -1.66415 -2.91713
v 48.71541 -1.65995 -2.91112
v 48.90262 -1.65833 -2.90859
v 49.18168 -1.66251 -2.88382
v 47.33583 -1.31140 -2.78538
v 47.39386 -1.30939 -2.79016
v 47.79225 -1.30772 -2.78870
v 46.88317 -1.32746 -2.74757
v 46.88317 -0.96658 -2.60120
v 47.33583 -0.95306 -2.64217
v 47.39386 -0.95138 -2.64735
v 47.79225 -0.95207 -2.64882
v 48.25219 -1.30605 -2.78664
v 48.71541 -1.30463 -2.78415
v 48.90262 -1.30414 -2.78303
v 49.18168 -1.31014 -2.76029
v 48.25219 -0.95314 -2.65013
v 48.71541 -0.95450 -2.65101
v 48.90262 -0.95514 -2.65124
v 49.18168 -0.96293 -2.63055
v 46.88317 -0.61249 -2.44933
v 47.33583 -0.60165 -2.49290
v 47.39386 -0.60031 -2.49843
v 47.79225 -0.60339 -2.50255
v 48.25219 -0.60723 -2.50691
v 48.71541 -0.61141 -2.51085
v 48.90262 -0.61318 -2.51231
v 49.18168 -0.62272 -2.49361
v 44.25882 -0.72851 -2.06600
v 44.37634 -0.72059 -2.08952
v 45.55001 -0.30254 -2.12954
v 45.88510 -0.28755 -2.18727
v 46.43449 -0.27605 -2.24436
v 45.99003 -0.28527 -2.19826
v 44.25882 0.79470 -2.83950
v 44.37634 0.79859 -2.86178
v 44.68418 0.80542 -2.91261
v 45.11465 0.81425 -2.98303
v 44.25882 1.12475 -2.66964
v 44.37634 1.12762 -2.69106
v 47.33583 -0.25945 -2.33551
v 47.39386 -0.25848 -2.34126
v 47.79225 -0.26402 -2.34760
v 46.88317 -0.26744 -2.29013
v 46.88317 0.06567 -2.11975
v 47.39386 0.07116 -2.17182
v 47.33583 0.07058 -2.16595
v 47.79225 0.06311 -2.17989
v 48.25219 -0.27071 -2.35451
v 48.71541 -0.27776 -2.36100
v 48.90262 -0.28070 -2.36349
v 49.18168 -0.29198 -2.34667
v 48.25219 0.05351 -2.18879
v 48.71541 0.04353 -2.19728
v 48.90262 0.03940 -2.20057
v 49.18168 0.02644 -2.18555
v 44.25882 -0.36665 -1.89972
v 44.37634 -0.35946 -1.92338
v 44.68418 -0.34386 -1.97803
v 45.11465 -0.32285 -2.05377
v 44.25882 -0.01497 -1.72895
v 44.37634 -0.00863 -1.75241
v 44.68418 0.00472 -1.80678
v 45.11465 0.02261 -1.88217
v 45.88510 0.05240 -2.01521
v 45.55001 0.03979 -1.95765
v 45.99003 0.05395 -2.02637
v 46.43449 0.06012 -2.07320
v 45.11465 0.35751 -1.70903
v 46.43449 0.38515 -1.89799
v 45.55001 0.37134 -1.78332
v 45.88510 0.38139 -1.83999
v 45.99003 0.38219 -1.85115
v 45.99003 0.69852 -1.67440
v 46.43449 0.69816 -1.72056
v 44.25882 0.32661 -1.55839
v 44.37634 0.33204 -1.58139
v 44.68418 0.34296 -1.63485
v 44.68418 0.66988 -1.46387
v 45.11465 0.68088 -1.53601
v 44.25882 0.65705 -1.38959
v 44.37634 0.66151 -1.41189
v 44.37634 0.97866 -1.24504
v 45.11465 0.99167 -1.36440
v 44.68418 0.98437 -1.29503
v 45.55001 0.69117 -1.60827
v 45.88510 0.69851 -1.66341
v 45.88510 1.00278 -1.48692
v 45.99003 1.00198 -1.49761
v 46.43449 0.99822 -1.54250
v 45.55001 0.99826 -1.43389
v 46.88317 0.38749 -1.94458
v 47.79225 0.37875 -2.00611
v 47.33583 0.38919 -1.99085
v 47.39386 0.38936 -1.99672
v 46.88317 0.69717 -1.76650
v 47.33583 0.69553 -1.81213
v 47.39386 0.69527 -1.81793
v 47.79225 0.68209 -1.82824
v 48.25219 0.36621 -2.01652
v 48.71541 0.35326 -2.02654
v 48.90262 0.34793 -2.03045
v 49.18168 0.33332 -2.01711
v 48.25219 0.66659 -1.83973
v 48.71541 0.65065 -1.85083
v 48.90262 0.64412 -1.85518
v 49.18168 0.62792 -1.84340
v 48.71541 0.93496 -1.67207
v 48.90262 0.92723 -1.67671
v 46.88317 0.99382 -1.58717
v 47.33583 0.98876 -1.63156
v 47.39386 0.98807 -1.63720
v 47.79225 0.97232 -1.64810
v 48.25219 0.95386 -1.66027
v 49.18168 0.90948 -1.66639
v 49.65077 -2.02246 -2.95562
v 50.12242 -2.02594 -2.91111
v 50.41138 -2.02796 -2.88403
v 50.59641 -2.03145 -2.85988
v 49.65077 -1.66938 -2.84241
v 50.12242 -1.67610 -2.80104
v 50.41138 -1.68012 -2.77583
v 50.59641 -1.68497 -2.75281
v 51.07248 -2.04010 -2.79829
v 51.55040 -2.04834 -2.73724
v 51.91760 -2.05437 -2.69086
v 51.07248 -1.69716 -2.69402
v 51.55040 -1.70898 -2.63568
v 51.91760 -1.71779 -2.59132
v 49.65077 -1.32011 -2.72222
v 49.65077 -0.97593 -2.59585
v 50.12242 -1.32998 -2.68413
v 50.41138 -1.33595 -2.66089
v 50.59641 -1.34212 -2.63906
v 50.12242 -0.98888 -2.56107
v 51.07248 -1.35773 -2.58330
v 50.41138 -0.99675 -2.53982
v 50.59641 -1.00420 -2.51926
v 49.65077 -0.63870 -2.46221
v 50.12242 -0.65468 -2.43068
v 50.41138 -0.66443 -2.41138
v 50.59641 -0.67313 -2.39209
v 51.07248 -1.02315 -2.46666
v 51.55040 -1.37304 -2.52790
v 51.91760 -1.38455 -2.48573
v 51.55040 -1.04184 -2.41432
v 51.91760 -1.05598 -2.37443
v 51.07248 -0.69530 -2.34273
v 51.55040 -0.71727 -2.29354
v 51.91760 -0.73396 -2.25599
v 52.02992 -2.05538 -2.67940
v 52.51080 -2.05954 -2.63066
v 52.99279 -2.06341 -2.58235
v 52.02992 -1.71968 -2.58050
v 52.51080 -1.72760 -2.53444
v 52.51080 -1.39889 -2.43233
v 52.99279 -1.73528 -2.48870
v 52.99279 -1.41031 -2.38931
v 53.42636 -2.06666 -2.53934
v 53.95911 -2.06995 -2.48760
v 54.44295 -2.07266 -2.44116
v 53.42636 -1.74198 -2.44794
v 53.95911 -1.74966 -2.39885
v 53.42636 -1.42039 -2.35090
v 54.44295 -1.75640 -2.35472
v 53.95911 -1.43240 -2.30459
v 54.44295 -1.44310 -2.26286
v 52.02992 -1.38729 -2.47558
v 52.02992 -1.05955 -2.36497
v 52.51080 -1.07476 -2.32461
v 52.99279 -1.08983 -2.28438
v 52.02992 -0.73836 -2.24722
v 52.51080 -0.75709 -2.20976
v 52.99279 -0.77573 -2.17234
v 53.42636 -1.10324 -2.24838
v 53.95911 -1.11949 -2.20492
v 54.44295 -1.13408 -2.16566
v 53.42636 -0.79238 -2.13878
v 53.95911 -0.81277 -2.09821
v 54.44295 -0.83116 -2.06147
v 49.65077 -0.31089 -2.31839
v 50.41138 -0.34144 -2.27248
v 50.59641 -0.35134 -2.25449
v 50.12242 -0.32985 -2.28993
v 49.65077 0.00468 -2.16025
v 50.12242 -0.01716 -2.13475
v 50.41138 -0.03053 -2.11909
v 51.07248 -0.37663 -2.20837
v 51.55040 -0.40177 -2.16236
v 51.91760 -0.42091 -2.12720
v 50.41138 0.93892 -2.98313
v 50.59641 0.92309 -2.96502
v 51.07248 0.88252 -2.91845
v 51.55040 0.84201 -2.87176
v 51.91760 0.81103 -2.83592
v 51.55040 1.10558 -2.69290
v 51.91760 1.07261 -2.65940
v 53.95911 0.10846 -2.97042
v 54.44295 0.07578 -2.92508
v 52.02992 -0.42610 -2.11912
v 52.51080 0.49126 -2.95194
v 52.02992 0.52680 -2.99263
v 52.99279 0.45574 -2.91099
v 52.02992 0.80200 -2.82702
v 52.51080 0.76336 -2.78886
v 52.02992 1.06289 -2.65110
v 52.51080 1.02135 -2.61550
v 52.99279 0.72474 -2.75046
v 52.99279 0.97981 -2.57968
v 53.42636 0.42387 -2.87403
v 53.95911 0.38400 -2.82705
v 54.44295 0.34791 -2.78423
v 53.42636 0.69008 -2.71580
v 53.95911 0.64667 -2.67168
v 54.44295 0.60735 -2.63146
v 53.95911 0.89578 -2.50617
v 53.42636 0.94252 -2.54736
v 54.44295 0.85345 -2.46863
v 53.95911 1.13078 -2.33250
v 54.44295 1.08562 -2.29770
v 50.59641 -0.04156 -2.10242
v 50.12242 0.28413 -1.97188
v 50.41138 0.26903 -1.95790
v 50.59641 0.25691 -1.94256
v 51.07248 -0.06980 -2.05969
v 51.07248 0.22586 -1.90321
v 51.55040 -0.09792 -2.01700
v 51.91760 -0.11938 -1.98435
v 51.55040 0.19489 -1.86387
v 51.91760 0.17123 -1.83374
v 49.65077 0.30879 -1.99460
v 49.65077 0.60068 -1.82351
v 50.12242 0.57329 -1.80339
v 50.41138 0.55651 -1.79100
v 50.59641 0.54336 -1.77698
v 51.07248 0.50965 -1.74099
v 51.55040 0.47597 -1.70497
v 51.91760 0.45021 -1.67738
v 49.65077 0.87964 -1.64895
v 50.12242 0.84962 -1.63128
v 50.41138 0.83123 -1.62038
v 50.59641 0.81710 -1.60767
v 50.12242 1.11243 -1.45748
v 50.41138 1.09249 -1.44801
v 50.59641 1.07745 -1.43660
v 51.07248 0.78086 -1.57502
v 51.55040 0.74463 -1.54233
v 51.91760 0.71689 -1.51726
v 51.07248 1.03885 -1.40727
v 51.55040 1.00022 -1.37789
v 51.91760 0.97063 -1.35536
v 52.51080 -0.44827 -2.08453
v 52.51080 -0.15079 -1.94528
v 52.99279 -0.47038 -2.04991
v 52.99279 -0.17621 -1.91351
v 52.02992 -0.12534 -1.97695
v 52.02992 0.16453 -1.82702
v 52.51080 0.13592 -1.79821
v 52.99279 0.10730 -1.76926
v 53.42636 -0.49018 -2.01880
v 53.95911 -0.51458 -1.98116
v 54.44295 -0.53664 -1.94699
v 53.42636 -0.19902 -1.88492
v 53.95911 -0.22726 -1.85030
v 54.44295 -0.25284 -1.81880
v 53.95911 0.04967 -1.71157
v 53.42636 0.08161 -1.74317
v 54.44295 0.02072 -1.68278
v 54.44295 0.28337 -1.54083
v 52.02992 0.44281 -1.67132
v 52.51080 0.41116 -1.64531
v 52.02992 0.70881 -1.51185
v 52.51080 0.67427 -1.48858
v 52.99279 0.37948 -1.61915
v 52.99279 0.63967 -1.46514
v 52.02992 0.96192 -1.35057
v 52.51080 0.92463 -1.32999
v 52.99279 0.88726 -1.30923
v 53.42636 0.35101 -1.59552
v 53.95911 0.31555 -1.56693
v 53.42636 0.60857 -1.44395
v 53.95911 0.56974 -1.41833
v 54.44295 0.53449 -1.39491
v 53.42636 0.85367 -1.29043
v 53.95911 0.81165 -1.26775
v 54.44295 0.77350 -1.24698
v 44.25882 0.97523 -1.22365
v 52.99279 1.12117 -1.15165
v 53.42636 1.08523 -1.13520
v 53.95911 1.04021 -1.11539
v 54.44295 0.99933 -1.09723
v 45.11465 1.13680 -2.80773
v 44.68418 1.13174 -2.73996
v 44.68418 1.44285 -2.56180
v 45.11465 1.44405 -2.62623
v 45.88510 1.14384 -2.92710
v 45.55001 1.14110 -2.87549
v 45.99003 1.14240 -2.93678
v 46.43449 1.13591 -2.97736
v 46.43449 1.43195 -2.78775
v 45.55001 1.44448 -2.69067
v 45.88510 1.44428 -2.73975
v 45.99003 1.44199 -2.74900
v 45.99003 1.72540 -2.55583
v 46.43449 1.71178 -2.59227
v 44.25882 1.43972 -2.49493
v 44.37634 1.44152 -2.51529
v 44.37634 1.73950 -2.33641
v 44.68418 1.73798 -2.38008
v 45.11465 1.73524 -2.44058
v 44.25882 1.73881 -2.31729
v 45.55001 1.73173 -2.50107
v 45.88510 1.72853 -2.54713
v 44.25882 2.01969 -2.13431
v 44.37634 2.01926 -2.15198
v 45.11465 2.00806 -2.24821
v 44.68418 2.01483 -2.19234
v 45.88510 1.99426 -2.34655
v 45.99003 1.99027 -2.35457
v 46.43449 1.97307 -2.38816
v 45.55001 2.00052 -2.30405
v 45.88510 2.24226 -2.14405
v 45.99003 2.23744 -2.15133
v 46.43449 2.21674 -2.18182
v 46.88317 1.42123 -2.82615
v 47.33583 1.40983 -2.86414
v 47.39386 1.40832 -2.86895
v 47.79225 1.38692 -2.87328
v 46.88317 1.69749 -2.62837
v 47.39386 1.68056 -2.66861
v 47.79225 1.65654 -2.67281
v 47.33583 1.68252 -2.66408
v 48.25219 1.36197 -2.87780
v 48.71541 1.33656 -2.88184
v 48.90262 1.32621 -2.88331
v 49.18168 1.30444 -2.86749
v 48.25219 1.62857 -2.67723
v 48.71541 1.60015 -2.68119
v 48.90262 1.58860 -2.68264
v 49.18168 1.56531 -2.66796
v 46.88317 1.95520 -2.42142
v 47.33583 1.93667 -2.45431
v 47.39386 1.93426 -2.45848
v 47.79225 1.90768 -2.46228
v 48.25219 1.87680 -2.46627
v 48.71541 1.84546 -2.46985
v 48.90262 1.83273 -2.47117
v 49.18168 1.80803 -2.45757
v 46.88317 2.19538 -2.21199
v 47.33583 2.17337 -2.24181
v 47.39386 2.17052 -2.24559
v 47.79225 2.14151 -2.24886
v 48.25219 2.10784 -2.25228
v 48.71541 2.07372 -2.25533
v 48.90262 2.05988 -2.25644
v 49.18168 2.03386 -2.24391
v 45.55001 1.29154 -1.26127
v 45.88510 1.29317 -1.31171
v 46.43449 1.28435 -1.36512
v 45.99003 1.29155 -1.32198
v 44.25882 2.28267 -1.95059
v 44.37634 2.28112 -1.96672
v 44.68418 2.27381 -2.00353
v 45.11465 2.26306 -2.05447
v 44.37634 2.52429 -1.78198
v 44.25882 2.52695 -1.76745
v 44.68418 2.51416 -1.81509
v 45.11465 2.49951 -1.86088
v 45.11465 2.71656 -1.66843
v 45.55001 2.25155 -2.10534
v 45.55001 2.48411 -1.90657
v 45.88510 2.47187 -1.94131
v 45.99003 2.46625 -1.94782
v 46.43449 2.44217 -1.97504
v 45.55001 2.69742 -1.70885
v 45.88510 2.68233 -1.73957
v 45.99003 2.67594 -1.74528
v 46.43449 2.64865 -1.76917
v 44.25882 2.75156 -1.58566
v 44.37634 2.74783 -1.59856
v 44.68418 2.73498 -1.62789
v 47.33583 1.26800 -1.45069
v 47.39386 1.26687 -1.45610
v 47.79225 1.24860 -1.46732
v 46.88317 1.27651 -1.40804
v 46.88317 1.54414 -1.22985
v 47.33583 1.53214 -1.27016
v 47.39386 1.53056 -1.27528
v 47.79225 1.50979 -1.28648
v 48.25219 1.22723 -1.47987
v 48.71541 1.20541 -1.49206
v 48.90262 1.19650 -1.49686
v 49.18168 1.17728 -1.48793
v 48.25219 1.48555 -1.29903
v 48.71541 1.46084 -1.31125
v 48.90262 1.45078 -1.31606
v 49.18168 1.43015 -1.30842
v 47.33583 2.39208 -2.02854
v 47.39386 2.38880 -2.03190
v 47.79225 2.35749 -2.03456
v 46.88317 2.41744 -2.00196
v 46.88317 2.62072 -1.79278
v 47.33583 2.59218 -1.81608
v 47.39386 2.58850 -1.81903
v 47.79225 2.55506 -1.82105
v 48.25219 2.32119 -2.03731
v 48.71541 2.28446 -2.03972
v 48.90262 2.26956 -2.04059
v 49.18168 2.24235 -2.02909
v 48.25219 2.51632 -1.82311
v 48.71541 2.47716 -1.82487
v 48.90262 2.46129 -1.82550
v 49.18168 2.43301 -1.81503
v 46.88317 2.80455 -1.58564
v 47.33583 2.77305 -1.60574
v 47.39386 2.76899 -1.60828
v 47.79225 2.73363 -1.60976
v 48.25219 2.69269 -1.61122
v 48.90262 2.63459 -1.61285
v 48.71541 2.65133 -1.61244
v 49.18168 2.60538 -1.60348
v 48.71541 2.80577 -1.40167
v 48.90262 2.78825 -1.40193
v 49.18168 2.75827 -1.39370
v 45.11465 2.91331 -1.47774
v 44.25882 2.95550 -1.40557
v 44.37634 2.95074 -1.41684
v 44.25882 3.13728 -1.22607
v 44.37634 3.13155 -1.23572
v 44.68418 2.93530 -1.44242
v 44.68418 3.11367 -1.25759
v 45.11465 3.08833 -1.28777
v 45.55001 2.89061 -1.51294
v 45.88510 2.87283 -1.53967
v 46.43449 2.83544 -1.56525
v 45.99003 2.86573 -1.54460
v 45.88510 3.04202 -1.34067
v 45.55001 3.06231 -1.31784
v 46.43449 3.00122 -1.36238
v 45.99003 3.03426 -1.34486
v 46.88317 2.96760 -1.37967
v 47.33583 2.93341 -1.39671
v 47.39386 2.92901 -1.39886
v 47.79225 2.89194 -1.39990
v 48.25219 2.84906 -1.40089
v 49.65077 1.26787 -2.84076
v 50.12242 1.23114 -2.81369
v 50.41138 1.20865 -2.79701
v 50.59641 1.19183 -2.78007
v 49.65077 1.52619 -2.64316
v 50.12242 1.48690 -2.61806
v 50.59641 1.44510 -2.58685
v 50.41138 1.46285 -2.60260
v 51.07248 1.14868 -2.73654
v 49.65077 1.76654 -2.43463
v 50.12242 1.72487 -2.41142
v 50.41138 1.69937 -2.39714
v 50.59641 1.68078 -2.38259
v 50.12242 1.94632 -2.20141
v 50.41138 1.91947 -2.18827
v 50.59641 1.90012 -2.17493
v 51.07248 1.39957 -2.54637
v 51.91760 1.31924 -2.47468
v 51.55040 1.35407 -2.50580
v 51.91760 1.54893 -2.27913
v 51.07248 1.63309 -2.34523
v 51.07248 1.85048 -2.14069
v 51.55040 1.58542 -2.30781
v 49.65077 1.99018 -2.22276
v 52.02992 1.30889 -2.46697
v 52.51080 1.26462 -2.43392
v 52.99279 1.22036 -2.40070
v 52.02992 1.53799 -2.27202
v 52.51080 1.49122 -2.24155
v 52.99279 1.44445 -2.21095
v 53.42636 1.18063 -2.37073
v 53.42636 1.40247 -2.18338
v 53.95911 1.34977 -2.14820
v 54.44295 1.30202 -2.11620
v 51.55040 1.80084 -2.10644
v 51.91760 1.76284 -2.08020
v 51.91760 1.96053 -1.88000
v 49.65077 1.14495 -1.47282
v 49.65077 1.39546 -1.29548
v 50.41138 1.33916 -1.27419
v 50.59641 1.32328 -1.26407
v 50.12242 1.36056 -1.28233
v 51.07248 1.28248 -1.23804
v 49.65077 2.19666 -2.00971
v 50.12242 2.15078 -1.99016
v 50.41138 2.12271 -1.97815
v 50.59641 2.10268 -1.96602
v 49.65077 2.38552 -1.79742
v 50.12242 2.33784 -1.77968
v 50.41138 2.30867 -1.76880
v 50.59641 2.28805 -1.75788
v 51.07248 2.05129 -1.93489
v 51.55040 1.99989 -1.90379
v 51.07248 2.23512 -1.72988
v 51.55040 2.18218 -1.70194
v 51.91760 2.14163 -1.68058
v 49.65077 2.55633 -1.58771
v 50.12242 2.50709 -1.57186
v 50.41138 2.47696 -1.56214
v 50.59641 2.45584 -1.55245
v 49.65077 2.70793 -1.37988
v 50.12242 2.65738 -1.36599
v 50.41138 2.62645 -1.35749
v 50.59641 2.60493 -1.34905
v 51.55040 2.34737 -1.50288
v 51.91760 2.30580 -1.48399
v 51.07248 2.40162 -1.52763
v 51.07248 2.54966 -1.32746
v 51.55040 2.49435 -1.30595
v 51.91760 2.45196 -1.28955
v 52.02992 1.75136 -2.07369
v 52.51080 1.70229 -2.04579
v 52.99279 1.65322 -2.01782
v 52.02992 1.94856 -1.87408
v 52.51080 1.89740 -1.84874
v 52.99279 1.84623 -1.82337
v 54.44295 1.50372 -1.93133
v 53.42636 1.60917 -1.99264
v 53.95911 1.55384 -1.96051
v 53.95911 1.74259 -1.77147
v 53.42636 1.80030 -1.80057
v 54.44295 1.69030 -1.74510
v 53.95911 1.91567 -1.58318
v 54.44295 1.86143 -1.55958
v 52.02992 2.12922 -1.67525
v 52.51080 2.07618 -1.65246
v 52.02992 2.29301 -1.47926
v 52.51080 2.23833 -1.45904
v 52.99279 2.02314 -1.62968
v 52.51080 2.38277 -1.26781
v 52.99279 2.18365 -1.43887
v 52.99279 2.32669 -1.25026
v 52.02992 2.43884 -1.28542
v 53.42636 1.97553 -1.60925
v 53.42636 2.13455 -1.42080
v 53.95911 2.07280 -1.39773
v 53.42636 2.27633 -1.23457
v 54.44295 2.01685 -1.37690
v 44.25882 1.27988 -1.06125
v 44.37634 1.28226 -1.08156
v 44.68418 1.28523 -1.12914
v 45.11465 1.28874 -1.19514
v 45.11465 1.57112 -1.02946
v 44.25882 1.57011 -0.90387
v 44.37634 1.57140 -0.92289
v 44.68418 1.57153 -0.96753
v 44.68418 1.84295 -0.81308
v 45.11465 1.83860 -0.87053
v 45.88510 1.56863 -1.13876
v 45.55001 1.56999 -1.09147
v 45.99003 1.56619 -1.14848
v 46.43449 1.55549 -1.18927
v 46.43449 1.81175 -1.01908
v 45.55001 1.83354 -0.92804
v 45.88510 1.82919 -0.97189
v 45.99003 1.82592 -0.98097
v 44.25882 1.84547 -0.75401
v 44.37634 1.84565 -0.77164
v 45.88510 2.07410 -0.81257
v 45.99003 2.07002 -0.82095
v 46.43449 2.05245 -0.85616
v 44.25882 2.10506 -0.61277
v 44.37634 2.10414 -0.62892
v 45.11465 2.09037 -0.71965
v 44.68418 2.09861 -0.66695
v 45.11465 2.32571 -0.57822
v 44.25882 2.34810 -0.48140
v 44.37634 2.34609 -0.49601
v 44.68418 2.33779 -0.53047
v 44.25882 2.57394 -0.36130
v 44.37634 2.57086 -0.37431
v 44.68418 2.55985 -0.40508
v 45.11465 2.54403 -0.44769
v 45.55001 2.08141 -0.77238
v 45.55001 2.31293 -0.62596
v 45.88510 2.30271 -0.66233
v 45.99003 2.29784 -0.66998
v 46.43449 2.27697 -0.70210
v 45.55001 2.52752 -0.49029
v 45.88510 2.51446 -0.52272
v 45.55001 2.72507 -0.36802
v 45.88510 2.70927 -0.39645
v 45.99003 2.50884 -0.52960
v 46.43449 2.48478 -0.55850
v 45.99003 2.70292 -0.40254
v 46.43449 2.67581 -0.42811
v 46.88317 1.79694 -1.05699
v 47.79225 1.75625 -1.11040
v 47.33583 1.78148 -1.09463
v 47.39386 1.77946 -1.09941
v 48.25219 1.72921 -1.12271
v 48.71541 1.70172 -1.13471
v 48.90262 1.69053 -1.13944
v 49.18168 1.66857 -1.13301
v 48.25219 1.95767 -0.95280
v 48.71541 1.92749 -0.96440
v 48.90262 1.91522 -0.96898
v 49.18168 1.89201 -0.96368
v 46.88317 2.03424 -0.89115
v 47.33583 2.01540 -0.92589
v 47.39386 2.01294 -0.93029
v 47.79225 1.98740 -0.94090
v 48.25219 2.17041 -0.79113
v 48.71541 2.13766 -0.80220
v 48.90262 2.12436 -0.80657
v 49.18168 2.10000 -0.80232
v 46.88317 2.25547 -0.73401
v 47.33583 2.23334 -0.76566
v 47.39386 2.23047 -0.76968
v 47.79225 2.20270 -0.77979
v 46.88317 2.46011 -0.58719
v 47.33583 2.43482 -0.61566
v 47.39386 2.43155 -0.61927
v 47.79225 2.40166 -0.62877
v 46.88317 2.64810 -0.45351
v 47.79225 2.58427 -0.49070
v 47.33583 2.61980 -0.47869
v 47.39386 2.61615 -0.48189
v 47.33583 2.78788 -0.35628
v 47.39386 2.78387 -0.35908
v 47.79225 2.75017 -0.36720
v 48.25219 2.36696 -0.63945
v 48.71541 2.33179 -0.64987
v 48.90262 2.31752 -0.65399
v 49.18168 2.29208 -0.65072
v 48.25219 2.54730 -0.50061
v 48.25219 2.71111 -0.37635
v 48.90262 2.49469 -0.51413
v 48.71541 2.50987 -0.51030
v 49.18168 2.46827 -0.51178
v 48.71541 2.67160 -0.38529
v 48.90262 2.65559 -0.38883
v 49.18168 2.62828 -0.38733
v 44.25882 2.78246 -0.25497
v 44.37634 2.77833 -0.26635
v 44.68418 2.76468 -0.29333
v 45.11465 2.74521 -0.33068
v 48.90262 2.80008 -0.28008
v 49.18168 2.77198 -0.27933
v 44.25882 3.29780 -1.05227
v 44.37634 3.29118 -1.06038
v 44.68418 3.27106 -1.07873
v 45.11465 3.24265 -1.10405
v 44.37634 3.42927 -0.89226
v 44.25882 3.43669 -0.88558
v 44.68418 3.40714 -0.90736
v 45.11465 3.37599 -0.92821
v 45.55001 3.21359 -1.12928
v 45.88510 3.19100 -1.14843
v 45.99003 3.18265 -1.15193
v 46.43449 3.14715 -1.16655
v 45.55001 3.34421 -0.94900
v 45.88510 3.31957 -0.96480
v 45.88510 3.42769 -0.79180
v 45.99003 3.31071 -0.96768
v 46.43449 3.27305 -0.97973
v 45.99003 3.41839 -0.79415
v 46.43449 3.37891 -0.80401
v 44.25882 3.55376 -0.72762
v 44.37634 3.54563 -0.73302
v 44.25882 3.64905 -0.58042
v 44.37634 3.64032 -0.58470
v 44.68418 3.52176 -0.74522
v 45.11465 3.48822 -0.76210
v 44.68418 3.61499 -0.59440
v 45.11465 3.57945 -0.60788
v 45.11465 3.64786 -0.46210
v 45.55001 3.45409 -0.77896
v 45.55001 3.54337 -0.62140
v 45.88510 3.51550 -0.63172
v 45.99003 3.50585 -0.63365
v 46.43449 3.46489 -0.64176
v 45.55001 3.61026 -0.47294
v 45.88510 3.58126 -0.48127
v 45.88510 3.62607 -0.34487
v 45.99003 3.57135 -0.48290
v 46.43449 3.52931 -0.48979
v 45.99003 3.61599 -0.34633
v 46.43449 3.57328 -0.35257
v 44.25882 3.72066 -0.44037
v 44.37634 3.71145 -0.44372
v 44.68418 3.68496 -0.45138
v 45.55001 3.65585 -0.33794
v 46.88317 3.11108 -1.18098
v 47.39386 3.06976 -1.19701
v 47.33583 3.07447 -1.19521
v 47.79225 3.03122 -1.19773
v 47.33583 3.19614 -1.00338
v 47.39386 3.19116 -1.00487
v 47.79225 3.15138 -1.00544
v 46.88317 3.23485 -0.99164
v 46.88317 3.33891 -0.81378
v 47.33583 3.29842 -0.82344
v 47.39386 3.29322 -0.82467
v 47.79225 3.25245 -0.82528
v 48.25219 2.98666 -1.19840
v 48.25219 3.10540 -1.00598
v 48.71541 2.94169 -1.19890
v 48.90262 2.92350 -1.19906
v 49.18168 2.89288 -1.19200
v 48.71541 3.05903 -1.00638
v 48.90262 3.04027 -1.00650
v 48.25219 3.20534 -0.82588
v 49.18168 3.00916 -1.00064
v 48.71541 3.15784 -0.82638
v 48.90262 3.13863 -0.82655
v 49.18168 3.10716 -0.82189
v 46.88317 3.42344 -0.64982
v 47.33583 3.38152 -0.65784
v 47.39386 3.37614 -0.65885
v 47.79225 3.33462 -0.65968
v 46.88317 3.48682 -0.49670
v 46.88317 3.53014 -0.35890
v 47.39386 3.43837 -0.50450
v 47.79225 3.39639 -0.50584
v 47.79225 3.43884 -0.36828
v 47.33583 3.44388 -0.50362
v 47.33583 3.48658 -0.36532
v 47.39386 3.48100 -0.36614
v 48.90262 3.21875 -0.66168
v 49.18168 3.18705 -0.65822
v 48.25219 3.28665 -0.66057
v 48.71541 3.23830 -0.66138
v 48.25219 3.34790 -0.50734
v 48.25219 3.39015 -0.37070
v 48.71541 3.29903 -0.50877
v 48.90262 3.27926 -0.50933
v 49.18168 3.24750 -0.50713
v 48.90262 3.32123 -0.37404
v 48.71541 3.34108 -0.37309
v 49.18168 3.28954 -0.37313
v 44.25882 2.97267 -0.16241
v 44.37634 2.96754 -0.17219
v 45.11465 2.92847 -0.22768
v 44.68418 2.95138 -0.19546
v 45.11465 3.09353 -0.14034
v 44.25882 3.14421 -0.08508
v 44.37634 3.13815 -0.09333
v 44.68418 3.11966 -0.11303
v 44.25882 3.29664 -0.02390
v 44.37634 3.28972 -0.03072
v 44.25882 3.42937 0.02082
v 44.37634 3.42169 0.01532
v 44.25882 3.54322 0.04528
v 44.25882 3.63689 0.05163
v 44.37634 3.53485 0.04095
v 44.37634 3.62794 0.04834
v 44.68418 3.26908 -0.04707
v 45.11465 3.24001 -0.06977
v 45.11465 3.36741 -0.01644
v 44.68418 3.39912 0.00204
v 44.68418 3.51058 0.03045
v 44.68418 3.60222 0.04024
v 45.11465 3.47655 0.01574
v 45.11465 3.56623 0.02878
v 45.11465 3.63731 0.01928
v 45.55001 2.90491 -0.25990
v 45.88510 2.88652 -0.28444
v 45.55001 3.06679 -0.16767
v 45.88510 3.04600 -0.18850
v 45.99003 2.87949 -0.28976
v 46.43449 2.84953 -0.31209
v 46.43449 3.00575 -0.21230
v 45.99003 3.03834 -0.19307
v 46.43449 3.14417 -0.13008
v 45.55001 3.21037 -0.09252
v 45.88510 3.18739 -0.10989
v 45.99003 3.17915 -0.11377
v 45.88510 3.65043 -0.22500
v 45.99003 3.64029 -0.22646
v 46.43449 3.59734 -0.23270
v 45.99003 3.65074 -0.14248
v 46.43449 3.60860 -0.15137
v 46.43449 3.61379 -0.12833
v 45.55001 3.33517 -0.03502
v 45.88510 3.31023 -0.04925
v 45.88510 3.41539 -0.01058
v 45.55001 3.44203 0.00086
v 45.88510 3.62733 -0.04575
v 45.55001 3.52980 0.01707
v 45.55001 3.59931 0.01017
v 45.88510 3.50173 0.00798
v 45.88510 3.57008 0.00299
v 45.99003 3.30150 -0.05249
v 45.99003 3.40621 -0.01326
v 46.43449 3.26439 -0.06614
v 46.43449 3.36727 -0.02457
v 45.99003 3.61746 -0.04784
v 46.43449 3.51854 -0.00649
v 46.43449 3.57570 -0.05691
v 45.99003 3.49218 0.00578
v 45.99003 3.56024 0.00120
v 46.43449 3.45172 -0.00357
v 44.25882 3.76962 -0.31163
v 44.37634 3.76006 -0.31425
v 44.25882 3.79621 -0.19598
v 44.37634 3.78645 -0.19815
v 44.68418 3.73274 -0.32038
v 45.11465 3.69452 -0.32905
v 44.68418 3.75866 -0.20339
v 45.11465 3.71984 -0.21093
v 45.11465 3.72890 -0.12267
v 44.25882 3.80428 -0.10470
v 44.25882 3.80251 -0.06204
v 44.25882 3.76958 -0.00974
v 44.37634 3.79462 -0.10718
v 44.37634 3.79319 -0.06539
v 44.37634 3.76002 -0.01222
v 44.25882 3.71123 0.03660
v 44.37634 3.70180 0.03415
v 44.68418 3.73282 -0.01853
v 44.68418 3.76717 -0.11345
v 44.68418 3.76661 -0.07402
v 45.11465 3.72966 -0.08689
v 45.11465 3.69490 -0.02783
v 44.68418 3.67490 0.02805
v 45.55001 3.68061 -0.21880
v 45.55001 3.69032 -0.13251
v 45.88510 3.66069 -0.14042
v 45.55001 3.69253 -0.10081
v 45.55001 3.65668 -0.03776
v 45.88510 3.66408 -0.11210
v 45.99003 3.65447 -0.11514
v 46.88317 2.81899 -0.33427
v 46.88317 2.97260 -0.23142
v 46.88317 3.10866 -0.14632
v 47.33583 2.93890 -0.25040
v 47.39386 2.93457 -0.25281
v 47.79225 2.89920 -0.26024
v 47.33583 3.07263 -0.16248
v 47.39386 3.06800 -0.16454
v 47.79225 3.03114 -0.17129
v 46.88317 3.22679 -0.07978
v 47.33583 3.18869 -0.09338
v 47.39386 3.18380 -0.09511
v 47.79225 3.14564 -0.10122
v 46.88317 3.55397 -0.23910
v 46.88317 3.56609 -0.16061
v 46.88317 3.57280 -0.14214
v 47.33583 3.51021 -0.24566
v 47.39386 3.50460 -0.24651
v 47.79225 3.46254 -0.24970
v 47.39386 3.51773 -0.17141
v 47.33583 3.52322 -0.17017
v 47.33583 3.53151 -0.15650
v 47.39386 3.52621 -0.15837
v 47.79225 3.47646 -0.17735
v 47.79225 3.48606 -0.16786
v 46.88317 3.32786 -0.03592
v 46.88317 3.41082 -0.01303
v 46.88317 3.53357 -0.06635
v 46.88317 3.47644 -0.01436
v 47.39386 3.28288 -0.04876
v 47.33583 3.28799 -0.04731
v 47.33583 3.36950 -0.02259
v 47.39386 3.36420 -0.02382
v 47.33583 3.43394 -0.02241
v 47.39386 3.42849 -0.02344
v 47.79225 3.24360 -0.05432
v 47.79225 3.32401 -0.02895
v 47.79225 3.38756 -0.02811
v 47.33583 3.49109 -0.07612
v 47.39386 3.48565 -0.07739
v 47.79225 3.44473 -0.08359
v 48.25219 2.85825 -0.26862
v 48.25219 2.98848 -0.17892
v 48.71541 2.81685 -0.27683
v 48.71541 2.94539 -0.18641
v 48.90262 2.92794 -0.18938
v 49.18168 2.89914 -0.18929
v 49.18168 3.00945 -0.11813
v 48.90262 3.03886 -0.11766
v 48.25219 3.10148 -0.10814
v 48.25219 3.19817 -0.06064
v 48.71541 3.05691 -0.11496
v 48.71541 3.15234 -0.06689
v 48.90262 3.13379 -0.06938
v 48.71541 3.23071 -0.04062
v 48.90262 3.21175 -0.04294
v 49.18168 3.10386 -0.07032
v 49.18168 3.18141 -0.04429
v 48.25219 3.41396 -0.25335
v 48.25219 3.42875 -0.18417
v 48.25219 3.43963 -0.17880
v 48.71541 3.36498 -0.25697
v 48.90262 3.34518 -0.25841
v 49.18168 3.31369 -0.25878
v 48.71541 3.38065 -0.19098
v 48.71541 3.39278 -0.18975
v 48.90262 3.36119 -0.19370
v 48.90262 3.37381 -0.19414
v 49.18168 3.33016 -0.19588
v 49.18168 3.34331 -0.19816
v 48.25219 3.27756 -0.03481
v 48.25219 3.39743 -0.09073
v 48.25219 3.34025 -0.03347
v 48.90262 3.33045 -0.10074
v 48.71541 3.29256 -0.03881
v 48.90262 3.27327 -0.04095
v 48.71541 3.34974 -0.09788
v 49.18168 3.29968 -0.10320
v 49.18168 3.24257 -0.04249
v 49.65077 1.63164 -1.12210
v 50.12242 1.59448 -1.11098
v 50.41138 1.57170 -1.10410
v 50.59641 1.55502 -1.09522
v 49.65077 1.85298 -0.95466
v 50.12242 1.81370 -0.94546
v 50.41138 1.78962 -0.93976
v 50.59641 1.77222 -0.93209
v 51.07248 1.51218 -1.07240
v 51.55040 1.24163 -1.21196
v 51.91760 1.21032 -1.19194
v 51.55040 1.46927 -1.04953
v 51.91760 1.43636 -1.03197
v 51.07248 1.72749 -0.91238
v 51.55040 1.68266 -0.89262
v 51.91760 1.64828 -0.87745
v 51.07248 1.92794 -0.75986
v 51.55040 1.88137 -0.74310
v 51.91760 1.84564 -0.73022
v 49.65077 2.05901 -0.79509
v 50.12242 2.01776 -0.78768
v 50.41138 1.99248 -0.78308
v 50.12242 2.78985 -1.16826
v 50.41138 2.75825 -1.16099
v 50.59641 2.73641 -1.15379
v 51.07248 2.68031 -1.13538
v 51.91760 2.58109 -1.10308
v 51.55040 2.62415 -1.11705
v 51.07248 2.79351 -0.95358
v 51.55040 2.73669 -0.93834
v 51.91760 2.69312 -0.92673
v 49.65077 2.24929 -0.64515
v 50.59641 1.97440 -0.77658
v 50.41138 2.17983 -0.63584
v 50.59641 2.16115 -0.63045
v 50.12242 2.20623 -0.63941
v 50.12242 2.37911 -0.50355
v 50.41138 2.35169 -0.50092
v 50.59641 2.33246 -0.49659
v 49.65077 2.42383 -0.50773
v 49.65077 2.58235 -0.38470
v 50.12242 2.53613 -0.38195
v 50.59641 2.48808 -0.37685
v 50.41138 2.50779 -0.38020
v 51.07248 2.11312 -0.61660
v 51.55040 2.06496 -0.60269
v 51.91760 2.02799 -0.59200
v 51.07248 2.28302 -0.48544
v 51.55040 2.23342 -0.47423
v 51.91760 2.19534 -0.46561
v 51.55040 2.38649 -0.35951
v 51.91760 2.34741 -0.35280
v 51.91760 2.78807 -0.76263
v 51.07248 2.43737 -0.36822
v 52.02992 1.20101 -1.18777
v 52.51080 1.16113 -1.16980
v 52.02992 1.42648 -1.02838
v 52.51080 1.38417 -1.01291
v 52.99279 1.34176 -0.99727
v 52.99279 1.54859 -0.84809
v 52.02992 1.63787 -0.87441
v 52.51080 1.59329 -0.86133
v 53.42636 1.30361 -0.98308
v 53.95911 1.25578 -0.96604
v 53.42636 1.50838 -0.83605
v 53.95911 1.45791 -0.82166
v 54.44295 1.21233 -0.95039
v 54.44295 1.41206 -0.80842
v 52.02992 1.83473 -0.72772
v 52.51080 1.78804 -0.71690
v 52.51080 1.96800 -0.58130
v 52.99279 1.74123 -0.70593
v 52.99279 1.91923 -0.57246
v 53.42636 1.69910 -0.69594
v 53.95911 1.64618 -0.68405
v 53.42636 1.87535 -0.56439
v 54.44295 1.59810 -0.67309
v 53.95911 1.82017 -0.55485
v 54.44295 1.77003 -0.54601
v 54.44295 1.92782 -0.42989
v 52.02992 2.56770 -1.09955
v 52.51080 2.51047 -1.08451
v 52.99279 2.45320 -1.06953
v 52.02992 2.67952 -0.92379
v 52.51080 2.62134 -0.91124
v 52.99279 2.56311 -0.89875
v 53.95911 2.21296 -1.21451
v 53.95911 2.33702 -1.03901
v 54.44295 2.15553 -1.19643
v 54.44295 2.27833 -1.02358
v 54.44295 2.38516 -0.86039
v 53.42636 2.40177 -1.05614
v 53.42636 2.51080 -0.88759
v 53.95911 2.44491 -0.87328
v 52.02992 2.01663 -0.58999
v 52.51080 2.13316 -0.45733
v 52.02992 2.18357 -0.46406
v 52.02992 2.33526 -0.35167
v 52.51080 2.28324 -0.34674
v 52.99279 2.08260 -0.45046
v 52.99279 2.23107 -0.34166
v 52.02992 2.77430 -0.76025
v 52.51080 2.71538 -0.75011
v 52.51080 2.79272 -0.60333
v 52.99279 2.65640 -0.74001
v 52.99279 2.73319 -0.59549
v 52.99279 2.79242 -0.46331
v 53.42636 2.03711 -0.44416
v 53.95911 1.97985 -0.43677
v 53.95911 2.53660 -0.71934
v 53.42636 2.60340 -0.73098
v 53.42636 2.67967 -0.58844
v 53.95911 2.61219 -0.57930
v 54.44295 2.47601 -0.70884
v 54.44295 2.55096 -0.57103
v 53.42636 2.73860 -0.45818
v 53.95911 2.67069 -0.45142
v 53.42636 2.78102 -0.34426
v 53.95911 2.71291 -0.33970
v 54.44295 2.60904 -0.44524
v 49.65077 2.72472 -0.27798
v 50.12242 2.67715 -0.27651
v 50.41138 2.64798 -0.27554
v 50.59641 2.62784 -0.27308
v 50.12242 2.80193 -0.18868
v 50.41138 2.77203 -0.18839
v 50.59641 2.75150 -0.18672
v 51.07248 2.57600 -0.26672
v 51.07248 2.69868 -0.18236
v 51.07248 2.80508 -0.11600
v 51.55040 2.52397 -0.26028
v 51.91760 2.48400 -0.25530
v 51.55040 2.64563 -0.17791
v 51.91760 2.60487 -0.17443
v 51.55040 2.75115 -0.11323
v 51.91760 2.70970 -0.11102
v 51.91760 2.79943 -0.06968
v 52.99279 2.36442 -0.24771
v 52.02992 2.47152 -0.25454
v 52.51080 2.41805 -0.25120
v 52.02992 2.59209 -0.17399
v 52.51080 2.53733 -0.17201
v 52.99279 2.48241 -0.16987
v 52.02992 2.69665 -0.11085
v 52.02992 2.78615 -0.06971
v 52.51080 2.64077 -0.10999
v 52.51080 2.72930 -0.06973
v 52.51080 2.80204 -0.04967
v 52.99279 2.58471 -0.10897
v 52.99279 2.67226 -0.06957
v 52.99279 2.74417 -0.05012
v 52.99279 2.80047 -0.05165
v 53.95911 2.12498 -0.33152
v 53.42636 2.18411 -0.33697
v 53.42636 2.31615 -0.24444
v 53.95911 2.25531 -0.24069
v 53.95911 2.37061 -0.16550
v 54.44295 2.07123 -0.32640
v 54.44295 2.20002 -0.23710
v 54.44295 2.31393 -0.16322
v 53.42636 2.43296 -0.16782
v 53.42636 2.80720 -0.24854
v 53.95911 2.73911 -0.24595
v 53.42636 2.80139 -0.11975
v 53.95911 2.75961 -0.20539
v 53.95911 2.77663 -0.22578
v 53.95911 2.73403 -0.12003
v 54.44295 2.65105 -0.33543
v 54.44295 2.67722 -0.24337
v 54.44295 2.69776 -0.20414
v 54.44295 2.67272 -0.11986
v 54.44295 2.71476 -0.22520
v 53.42636 2.53424 -0.10791
v 53.95911 2.47056 -0.10675
v 53.95911 2.55606 -0.06895
v 53.42636 2.62089 -0.06927
v 53.42636 2.69206 -0.05035
v 53.42636 2.74774 -0.05208
v 53.95911 2.62626 -0.05059
v 53.95911 2.68112 -0.05248
v 54.44295 2.41267 -0.10550
v 54.44295 2.49711 -0.06846
v 54.44295 2.56643 -0.05056
v 54.44295 2.62054 -0.05259
v 49.65077 2.84147 -1.18015
v 49.65077 2.95691 -0.99079
v 49.65077 3.05429 -0.81407
v 50.12242 2.90443 -0.98092
v 50.41138 2.87231 -0.97488
v 50.59641 2.85023 -0.96889
v 50.12242 3.00118 -0.80621
v 50.41138 2.96867 -0.80139
v 50.59641 2.94643 -0.79658
v 51.07248 2.88928 -0.78426
v 49.65077 3.13379 -0.65240
v 50.12242 3.08026 -0.64653
v 50.41138 3.04748 -0.64292
v 50.59641 3.02516 -0.63923
v 49.65077 3.19410 -0.50340
v 50.12242 3.14042 -0.49959
v 50.41138 3.10753 -0.49723
v 50.59641 3.08521 -0.49462
v 50.12242 3.18265 -0.36981
v 50.59641 3.12755 -0.36714
v 50.41138 3.14980 -0.36871
v 49.65077 3.23625 -0.37152
v 51.07248 2.96777 -0.62975
v 51.55040 2.83201 -0.77199
v 51.55040 2.91022 -0.62027
v 51.91760 2.86605 -0.61302
v 51.07248 3.02779 -0.48789
v 51.07248 3.07031 -0.36304
v 51.55040 2.97018 -0.48112
v 51.91760 2.92594 -0.47590
v 51.55040 3.01283 -0.35881
v 51.91760 2.96867 -0.35549
v 52.02992 2.85216 -0.61118
v 52.02992 2.91199 -0.47459
v 52.51080 2.85226 -0.46898
v 52.02992 2.95470 -0.35469
v 52.51080 2.89491 -0.35121
v 52.99279 2.83496 -0.34761
v 49.65077 2.85069 -0.18905
v 49.65077 2.95997 -0.11881
v 50.12242 2.91017 -0.11937
v 50.41138 2.87963 -0.11965
v 50.59641 2.85877 -0.11865
v 50.12242 3.20740 -0.25959
v 50.41138 3.17471 -0.25971
v 50.59641 3.15260 -0.25910
v 50.12242 3.22526 -0.20248
v 50.41138 3.19294 -0.20427
v 50.41138 3.20809 -0.21400
v 50.59641 3.17104 -0.20465
v 50.59641 3.18637 -0.21516
v 49.65077 3.05351 -0.07180
v 49.65077 3.13035 -0.04643
v 49.65077 3.19091 -0.04496
v 50.12242 3.00282 -0.07315
v 50.41138 2.97174 -0.07391
v 50.59641 2.95059 -0.07346
v 50.12242 3.07895 -0.04844
v 50.12242 3.19567 -0.11080
v 50.12242 3.13889 -0.04727
v 50.41138 3.04743 -0.04958
v 50.41138 3.10699 -0.04860
v 50.59641 3.02605 -0.04959
v 50.59641 3.08541 -0.04886
v 50.41138 3.16364 -0.11291
v 50.59641 3.14193 -0.11354
v 49.65077 3.26072 -0.25926
v 49.65077 3.27791 -0.19932
v 49.65077 3.29188 -0.20459
v 50.12242 3.23998 -0.21057
v 49.65077 3.24788 -0.10713
v 51.07248 3.09569 -0.25738
v 51.07248 3.11462 -0.20536
v 51.07248 3.13034 -0.21770
v 51.91760 2.99454 -0.25385
v 51.91760 3.01414 -0.20565
v 51.91760 2.98635 -0.11644
v 51.55040 3.03851 -0.25546
v 51.55040 3.07388 -0.21962
v 51.55040 3.05784 -0.20568
v 51.55040 3.02969 -0.11592
v 51.91760 3.03036 -0.22065
v 51.07248 2.89616 -0.07222
v 51.07248 2.97101 -0.04947
v 51.07248 3.08598 -0.11492
v 51.07248 3.02982 -0.04938
v 51.55040 2.84147 -0.07084
v 51.55040 2.91569 -0.04917
v 51.55040 2.97395 -0.04968
v 51.91760 2.87315 -0.04882
v 51.91760 2.93098 -0.04977
v 52.02992 2.98061 -0.25353
v 52.51080 2.92095 -0.25201
v 52.02992 3.01660 -0.22124
v 52.02992 3.00029 -0.20583
v 52.02992 2.97262 -0.11681
v 52.51080 2.91377 -0.11818
v 52.51080 2.94093 -0.20636
v 52.51080 2.95753 -0.22336
v 52.99279 2.86109 -0.25028
v 52.99279 2.88131 -0.20650
v 52.99279 2.89813 -0.22486
v 52.99279 2.85467 -0.11918
v 52.02992 2.85970 -0.04901
v 52.02992 2.91736 -0.05002
v 52.51080 2.85902 -0.05095
v 53.42636 2.82758 -0.20627
v 53.42636 2.84451 -0.22564
v 54.92691 -7.25898 -3.01725
v 54.92691 -7.24745 -3.02043
v 54.92691 -7.21289 -3.03003
v 54.92691 -7.07564 -3.06727
v 54.92691 -7.15552 -3.04575
v 54.92691 -6.97358 -3.09440
v 55.41075 -7.00977 -3.00316
v 55.41075 -6.90927 -3.02995
v 54.92691 -6.85018 -3.12563
v 54.92691 -6.70592 -3.16082
v 54.92691 -6.54158 -3.19910
v 55.41075 -6.78771 -3.06085
v 55.41075 -6.48368 -3.13374
v 55.41075 -6.64559 -3.09574
v 55.89422 -6.58493 -3.03182
v 54.92691 -6.35800 -3.23968
v 54.92691 -6.15605 -3.28193
v 55.41075 -6.30280 -3.17407
v 55.89422 -6.24721 -3.10971
v 55.89422 -6.42541 -3.06959
v 55.41075 -6.10379 -3.21612
v 55.89422 -6.05114 -3.15156
v 54.92691 -5.93722 -3.32330
v 54.92691 -5.70228 -3.36397
v 55.41075 -5.88814 -3.25735
v 55.41075 -5.65659 -3.29795
v 55.89422 -5.61050 -3.23316
v 55.89422 -5.83865 -3.19265
v 56.37707 -6.36690 -3.00637
v 56.37707 -6.19135 -3.04628
v 56.44388 -6.18361 -3.03755
v 56.37707 -5.99821 -3.08794
v 56.44388 -5.99087 -3.07918
v 56.37707 -5.78889 -3.12888
v 56.44388 -5.78199 -3.12010
v 56.85906 -5.94576 -3.02532
v 56.85906 -5.73962 -3.06607
v 57.33994 -5.69032 -3.00397
v 54.92691 -4.91252 -3.47277
v 54.92691 -5.45236 -3.40308
v 54.92691 -5.18867 -3.43968
v 55.41075 -5.41027 -3.33705
v 55.89422 -5.36777 -3.27223
v 55.41075 -5.15036 -3.37374
v 55.89422 -5.11165 -3.30895
v 55.41075 -4.87815 -3.40700
v 55.89422 -4.84339 -3.34232
v 56.37707 -5.56412 -3.16928
v 56.44388 -5.55769 -3.16048
v 56.37707 -5.32499 -3.20830
v 56.44388 -5.31905 -3.19949
v 56.85906 -5.51826 -3.10631
v 56.85906 -5.28274 -3.14521
v 56.37707 -5.07265 -3.24502
v 56.44388 -5.06723 -3.23622
v 56.37707 -4.80834 -3.27848
v 56.44388 -4.80347 -3.26968
v 56.85906 -5.03421 -3.18189
v 56.85906 -4.77388 -3.21537
v 54.92691 -4.62581 -3.49945
v 54.92691 -4.32935 -3.52066
v 54.92691 -4.02454 -3.53559
v 55.41075 -4.30325 -3.45558
v 55.41075 -4.00274 -3.47102
v 55.41075 -4.59551 -3.43397
v 55.89422 -4.56483 -3.36952
v 55.89422 -4.27678 -3.39146
v 55.89422 -3.98058 -3.40734
v 56.37707 -4.53386 -3.30587
v 56.44388 -4.52956 -3.29709
v 56.85906 -4.50352 -3.24289
v 56.37707 -4.25002 -3.32809
v 56.44388 -4.24630 -3.31936
v 56.37707 -3.95813 -3.34436
v 56.44388 -3.95500 -3.33568
v 56.85906 -4.22392 -3.26534
v 56.85906 -3.93637 -3.28194
v 57.33994 -5.47237 -3.04403
v 57.33994 -5.24047 -3.08281
v 57.81946 -5.19807 -3.02107
v 57.95264 -5.18625 -3.00400
v 57.33994 -4.99574 -3.11941
v 57.81946 -4.95713 -3.05759
v 57.95264 -4.94637 -3.04050
v 57.33994 -4.73938 -3.15289
v 57.81946 -4.70473 -3.09104
v 57.95264 -4.69507 -3.07395
v 57.33994 -4.47313 -3.18052
v 57.81946 -4.44258 -3.11877
v 57.95264 -4.43405 -3.10169
v 58.29738 -4.67075 -3.03053
v 58.29738 -4.41267 -3.05830
v 57.33994 -4.19776 -3.20317
v 57.81946 -4.17144 -3.14161
v 57.95264 -4.16408 -3.12458
v 57.33994 -3.91456 -3.22008
v 58.29738 -4.14572 -3.08129
v 58.77345 -4.12016 -3.02184
v 54.92691 -3.71276 -3.54358
v 55.41075 -3.69533 -3.47964
v 54.92691 -3.39536 -3.54413
v 54.92691 -3.07469 -3.53359
v 55.41075 -3.38237 -3.48094
v 55.89422 -3.67756 -3.41651
v 55.89422 -3.36906 -3.41848
v 56.37707 -3.65951 -3.35403
v 56.44388 -3.65699 -3.34541
v 56.85906 -3.64218 -3.29205
v 56.37707 -3.35546 -3.35661
v 56.44388 -3.35356 -3.34808
v 56.85906 -3.34263 -3.29519
v 54.92691 -2.75128 -3.51446
v 55.41075 -3.06615 -3.47133
v 55.41075 -2.74722 -3.45325
v 54.92691 -2.42654 -3.48635
v 55.89422 -3.05732 -3.40970
v 55.89422 -2.74287 -3.39258
v 55.41075 -2.42695 -3.42632
v 55.89422 -2.42710 -3.36673
v 56.37707 -3.04820 -3.34861
v 56.44388 -3.04692 -3.34019
v 56.37707 -2.73825 -3.33239
v 56.44388 -2.73760 -3.32409
v 56.85906 -3.03989 -3.28791
v 56.85906 -2.73448 -3.27254
v 56.37707 -2.42698 -3.30758
v 56.44388 -2.42694 -3.29942
v 56.85906 -2.42775 -3.24870
v 57.33994 -3.62480 -3.23060
v 57.81946 -3.89257 -3.15880
v 57.95264 -3.88642 -3.14185
v 57.81946 -3.60722 -3.16972
v 57.95264 -3.60230 -3.15288
v 58.29738 -3.87115 -3.09872
v 58.29738 -3.59019 -3.11000
v 57.33994 -3.32975 -3.23428
v 57.81946 -3.31665 -3.17390
v 57.95264 -3.31297 -3.15720
v 58.29738 -3.30406 -3.11465
v 58.77345 -3.84986 -3.03950
v 58.77345 -3.57326 -3.05110
v 58.77345 -3.29157 -3.05619
v 57.33994 -3.03152 -3.22769
v 57.81946 -3.02293 -3.16799
v 57.95264 -3.02050 -3.15147
v 57.33994 -2.73066 -3.21314
v 57.81946 -2.72660 -3.15424
v 57.95264 -2.72543 -3.13793
v 58.29738 -3.01482 -3.10936
v 58.29738 -2.72299 -3.09636
v 57.33994 -2.42847 -3.19025
v 57.81946 -2.42894 -3.13228
v 57.95264 -2.42903 -3.11623
v 58.29738 -2.42983 -3.07528
v 58.77345 -3.00678 -3.05149
v 58.77345 -2.71942 -3.03921
v 58.77345 -2.43075 -3.01898
v 54.92691 -7.32278 -2.80053
v 54.92691 -7.31189 -2.80154
v 54.92691 -7.27928 -2.80453
v 54.92691 -7.22512 -2.80934
v 54.92691 -7.14967 -2.81580
v 54.92691 -7.05325 -2.82378
v 54.92691 -6.93656 -2.83222
v 55.41075 -7.19032 -2.95380
v 55.41075 -7.17897 -2.95694
v 55.41075 -7.14494 -2.96641
v 55.41075 -7.08844 -2.98193
v 55.89422 -7.12149 -2.89101
v 55.89422 -7.11031 -2.89412
v 55.89422 -7.07679 -2.90351
v 55.89422 -7.02114 -2.91889
v 55.89422 -6.94366 -2.93993
v 55.41075 -7.25354 -2.73717
v 55.41075 -7.24282 -2.73818
v 55.41075 -7.21068 -2.74115
v 55.41075 -7.15732 -2.74593
v 55.41075 -7.08297 -2.75235
v 55.89422 -7.18412 -2.67453
v 55.89422 -7.17355 -2.67554
v 55.89422 -7.14189 -2.67853
v 55.89422 -7.08930 -2.68335
v 55.41075 -6.98796 -2.76031
v 55.41075 -6.87296 -2.76878
v 55.89422 -7.01603 -2.68983
v 55.89422 -6.92239 -2.69787
v 54.92691 -6.80003 -2.84114
v 54.92691 -6.64438 -2.84990
v 54.92691 -6.47037 -2.85799
v 55.89422 -6.84466 -2.96650
v 55.89422 -6.72493 -2.99717
v 55.41075 -6.73839 -2.77778
v 55.41075 -6.58497 -2.78669
v 55.89422 -6.80905 -2.70645
v 55.89422 -6.67642 -2.71562
v 55.89422 -6.52519 -2.72475
v 56.37707 -7.00849 -2.84133
v 56.44388 -6.99902 -2.83277
v 56.37707 -7.04150 -2.83201
v 56.37707 -7.05251 -2.82891
v 56.44388 -7.04295 -2.82037
v 56.44388 -7.03196 -2.82346
v 56.37707 -6.95368 -2.85660
v 56.44388 -6.94433 -2.84803
v 56.37707 -6.87736 -2.87750
v 56.44388 -6.86817 -2.86891
v 56.85906 -6.94057 -2.78038
v 56.85906 -6.88660 -2.79553
v 56.37707 -7.11455 -2.61261
v 56.37707 -7.10413 -2.61364
v 56.37707 -7.07293 -2.61666
v 56.44388 -7.10491 -2.60410
v 56.44388 -7.09451 -2.60512
v 56.37707 -7.02110 -2.62154
v 56.44388 -7.01165 -2.61304
v 56.44388 -7.06337 -2.60815
v 56.37707 -6.94890 -2.62811
v 56.44388 -6.93959 -2.61962
v 56.85906 -6.98391 -2.76806
v 56.85906 -6.97307 -2.77113
v 56.85906 -7.00437 -2.55605
v 56.85906 -6.95331 -2.56098
v 56.85906 -6.88218 -2.56764
v 56.37707 -6.77986 -2.90389
v 56.44388 -6.77087 -2.89528
v 56.37707 -6.66192 -2.93437
v 56.44388 -6.65318 -2.92573
v 56.37707 -6.52402 -2.96881
v 56.44388 -6.51557 -2.96014
v 56.85906 -6.81146 -2.81627
v 56.85906 -6.71545 -2.84246
v 56.85906 -6.46353 -2.90692
v 56.85906 -6.59932 -2.87272
v 56.37707 -6.85662 -2.63627
v 56.44388 -6.84750 -2.62780
v 56.37707 -6.74492 -2.64502
v 56.44388 -6.73602 -2.63657
v 56.37707 -6.61420 -2.65438
v 56.44388 -6.60558 -2.64596
v 56.37707 -6.46517 -2.66376
v 56.44388 -6.45684 -2.65537
v 56.85906 -6.79127 -2.57590
v 56.85906 -6.68122 -2.58479
v 56.85906 -6.55244 -2.59434
v 56.85906 -7.04538 -2.55196
v 56.85906 -7.03511 -2.55299
v 54.92691 -6.27877 -2.86509
v 54.92691 -6.07087 -2.86934
v 55.41075 -6.41343 -2.79501
v 55.41075 -6.22454 -2.80241
v 55.41075 -6.01957 -2.80705
v 55.89422 -6.35610 -2.73335
v 55.89422 -6.16990 -2.74109
v 54.92691 -5.84743 -2.87094
v 54.92691 -5.60948 -2.86935
v 55.41075 -5.79925 -2.80916
v 55.89422 -5.96784 -2.74616
v 55.89422 -5.75065 -2.74878
v 56.44388 -6.35878 -2.99766
v 56.85906 -6.30882 -2.94423
v 56.85906 -6.13595 -2.98390
v 56.37707 -6.29852 -2.67266
v 56.44388 -6.29053 -2.66431
v 56.37707 -6.11500 -2.68076
v 56.44388 -6.10739 -2.67246
v 56.85906 -6.40560 -2.60395
v 56.85906 -6.24141 -2.61313
v 56.85906 -6.06060 -2.62156
v 56.37707 -5.91585 -2.68627
v 56.44388 -5.90863 -2.67802
v 56.37707 -5.70177 -2.68939
v 56.44388 -5.69499 -2.68122
v 56.85906 -5.86437 -2.62747
v 56.85906 -5.65343 -2.63107
v 57.33994 -6.91533 -2.70803
v 57.33994 -6.90465 -2.71107
v 57.33994 -6.87266 -2.72024
v 57.33994 -6.65105 -2.78183
v 57.33994 -6.53673 -2.81186
v 57.33994 -6.81953 -2.73527
v 57.33994 -6.74556 -2.75585
v 57.81946 -6.75244 -2.67578
v 57.81946 -6.67963 -2.69619
v 57.95264 -6.66128 -2.67972
v 57.81946 -6.84672 -2.64877
v 57.81946 -6.83621 -2.65178
v 57.81946 -6.80472 -2.66088
v 57.95264 -6.82762 -2.63241
v 57.95264 -6.81717 -2.63542
v 57.95264 -6.78582 -2.64450
v 57.95264 -6.73376 -2.65936
v 57.81946 -6.58661 -2.72196
v 57.95264 -6.56867 -2.70543
v 57.81946 -6.47409 -2.75175
v 57.95264 -6.45665 -2.73515
v 58.29738 -6.77907 -2.59112
v 58.29738 -6.76873 -2.59411
v 58.29738 -6.68629 -2.61789
v 58.29738 -6.73774 -2.60312
v 58.29738 -6.61464 -2.63812
v 58.29738 -6.52309 -2.66366
v 58.77345 -6.62055 -2.56109
v 58.77345 -6.55005 -2.58113
v 58.77345 -6.45997 -2.60645
v 57.33994 -6.97622 -2.49213
v 57.33994 -6.96611 -2.49317
v 57.33994 -6.88554 -2.50124
v 57.33994 -6.93583 -2.49626
v 57.81946 -6.90705 -2.43306
v 57.81946 -6.89709 -2.43412
v 57.81946 -6.86727 -2.43723
v 57.95264 -6.88779 -2.41677
v 57.95264 -6.87788 -2.41782
v 57.33994 -6.81548 -2.50797
v 57.33994 -6.72593 -2.51633
v 57.81946 -6.74875 -2.44906
v 57.81946 -6.66057 -2.45752
v 57.81946 -6.81775 -2.44226
v 57.95264 -6.84819 -2.42094
v 57.95264 -6.79888 -2.42599
v 57.95264 -6.73018 -2.43281
v 57.33994 -6.61753 -2.52537
v 57.33994 -6.49069 -2.53509
v 57.81946 -6.55382 -2.46668
v 57.95264 -6.53608 -2.45048
v 57.95264 -6.64238 -2.44129
v 58.29738 -6.83885 -2.37562
v 58.29738 -6.82905 -2.37668
v 58.29738 -6.79969 -2.37982
v 58.29738 -6.68298 -2.39175
v 58.29738 -6.75092 -2.38489
v 58.29738 -6.59615 -2.40029
v 58.29738 -6.49103 -2.40957
v 58.77345 -6.70168 -2.53753
v 58.77345 -6.71185 -2.53457
v 58.77345 -6.67118 -2.54646
v 59.24744 -6.55491 -2.50510
v 59.24744 -6.63472 -2.48176
v 59.24744 -6.64473 -2.47883
v 59.24744 -6.60472 -2.49060
v 59.24744 -6.48555 -2.52495
v 58.77345 -6.61763 -2.33553
v 58.77345 -6.53215 -2.34415
v 59.46140 -6.61436 -2.45385
v 59.46140 -6.60443 -2.45677
v 59.46140 -6.57466 -2.46557
v 59.46140 -6.45637 -2.49976
v 59.46140 -6.52522 -2.48000
v 59.71909 -6.49008 -2.45031
v 59.71909 -6.56858 -2.42721
v 59.71909 -6.57843 -2.42430
v 59.71909 -6.53908 -2.43596
v 58.77345 -6.76144 -2.32035
v 58.77345 -6.77109 -2.31928
v 58.77345 -6.73253 -2.32351
v 58.77345 -6.68452 -2.32862
v 59.24744 -6.70343 -2.26375
v 59.24744 -6.69393 -2.26482
v 59.24744 -6.66548 -2.26800
v 59.24744 -6.55238 -2.28011
v 59.24744 -6.61822 -2.27314
v 59.24744 -6.46824 -2.28879
v 59.46140 -6.67283 -2.23886
v 59.46140 -6.66340 -2.23994
v 59.46140 -6.63515 -2.24312
v 59.46140 -6.58823 -2.24828
v 59.46140 -6.52286 -2.25527
v 59.46140 -6.43932 -2.26397
v 59.71909 -6.48795 -2.22588
v 59.71909 -6.63661 -2.20943
v 59.71909 -6.62726 -2.21051
v 59.71909 -6.59926 -2.21371
v 59.71909 -6.55275 -2.21888
v 57.33994 -6.40305 -2.84581
v 57.33994 -6.25073 -2.88286
v 57.81946 -6.34251 -2.78544
v 57.33994 -6.08054 -2.92226
v 57.81946 -6.19258 -2.82221
v 57.95264 -6.17639 -2.80547
v 57.81946 -6.02506 -2.86135
v 57.95264 -6.32565 -2.76877
v 58.29738 -6.41235 -2.69320
v 58.29738 -6.28285 -2.72661
v 58.29738 -6.13530 -2.76310
v 57.33994 -5.89329 -2.96343
v 57.81946 -5.84073 -2.90225
v 57.95264 -6.00961 -2.84453
v 57.95264 -5.82609 -2.88535
v 57.81946 -5.64093 -2.94256
v 57.95264 -5.62718 -2.92560
v 58.29738 -5.97042 -2.80194
v 58.29738 -5.78899 -2.84255
v 57.33994 -6.00620 -2.56310
v 57.33994 -5.81289 -2.56940
v 57.33994 -5.60509 -2.57346
v 58.77345 -6.35100 -2.63572
v 59.24744 -6.28972 -2.57904
v 58.77345 -6.22357 -2.66885
v 58.77345 -6.07837 -2.70504
v 59.24744 -6.16435 -2.61187
v 59.24744 -6.02149 -2.64775
v 59.46140 -6.13755 -2.58632
v 59.71909 -6.10590 -2.55606
v 58.77345 -5.73758 -2.78387
v 58.77345 -5.91612 -2.74357
v 59.24744 -5.86185 -2.68596
v 59.24744 -5.68618 -2.72595
v 59.46140 -5.99574 -2.62206
v 59.46140 -5.83728 -2.66013
v 59.71909 -5.96536 -2.59161
v 59.71909 -5.80832 -2.62949
v 59.46140 -5.66290 -2.69997
v 59.71909 -5.63551 -2.66914
v 57.33994 -6.34605 -2.54491
v 57.81946 -6.42889 -2.47656
v 57.95264 -6.41169 -2.46041
v 57.81946 -6.28645 -2.48659
v 57.95264 -6.26986 -2.47049
v 57.33994 -6.18431 -2.55435
v 57.81946 -6.12716 -2.49628
v 57.95264 -6.11125 -2.48025
v 58.29738 -6.36802 -2.41960
v 58.29738 -6.22775 -2.42981
v 58.29738 -6.07090 -2.43973
v 57.81946 -5.95174 -2.50533
v 57.95264 -5.93658 -2.48938
v 57.81946 -5.76135 -2.51201
v 57.95264 -5.74700 -2.49616
v 58.29738 -5.89815 -2.44906
v 58.29738 -5.71065 -2.45609
v 59.24744 -6.39693 -2.55002
v 58.77345 -6.42866 -2.35352
v 58.77345 -6.30755 -2.36369
v 58.77345 -6.16944 -2.37407
v 59.46140 -6.36841 -2.52473
v 59.46140 -6.26199 -2.55362
v 59.71909 -6.42186 -2.46996
v 59.71909 -6.33469 -2.49479
v 59.71909 -6.22923 -2.52353
v 59.24744 -6.36636 -2.29826
v 59.24744 -6.24714 -2.30855
v 59.24744 -6.11119 -2.31910
v 59.46140 -6.33818 -2.27349
v 59.71909 -6.40514 -2.23462
v 59.71909 -6.30487 -2.24418
v 59.46140 -6.21981 -2.28384
v 59.46140 -6.08483 -2.29446
v 59.71909 -6.18754 -2.25458
v 59.71909 -6.05373 -2.26528
v 58.77345 -6.01500 -2.38422
v 58.77345 -5.84491 -2.39381
v 58.77345 -5.66030 -2.40116
v 59.24744 -5.79172 -2.33929
v 59.24744 -5.60997 -2.34696
v 59.24744 -5.95916 -2.32945
v 59.46140 -5.93389 -2.30489
v 59.71909 -5.90410 -2.27581
v 59.46140 -5.76764 -2.31484
v 59.71909 -5.73930 -2.28587
v 60.18818 -6.50319 -2.37380
v 60.18818 -6.51287 -2.37092
v 60.18818 -6.47417 -2.38246
v 60.65445 -6.43801 -2.32123
v 60.65445 -6.44753 -2.31838
v 60.18818 -6.57055 -2.15627
v 60.18818 -6.56135 -2.15735
v 60.18818 -6.53380 -2.16056
v 60.18818 -6.48803 -2.16575
v 60.18818 -5.75546 -2.57409
v 60.18818 -6.42599 -2.39666
v 60.18818 -6.35889 -2.41611
v 60.18818 -6.27316 -2.44069
v 60.65445 -6.36210 -2.34384
v 60.65445 -6.29612 -2.36309
v 60.18818 -6.16944 -2.46913
v 60.18818 -6.04815 -2.50135
v 60.65445 -6.21182 -2.38741
v 60.65445 -6.10984 -2.41557
v 60.96762 -6.17053 -2.35191
v 60.96762 -6.06970 -2.37987
v 61.11767 -6.15165 -2.33543
v 61.11767 -6.05136 -2.36330
v 60.65445 -6.40948 -2.32979
v 60.18818 -6.42427 -2.17279
v 60.18818 -6.34278 -2.18157
v 60.18818 -6.24412 -2.19121
v 60.65445 -6.42353 -2.11345
v 60.65445 -6.36080 -2.12052
v 60.65445 -6.28063 -2.12935
v 60.18818 -6.12866 -2.20171
v 60.65445 -6.18356 -2.13905
v 60.65445 -6.06996 -2.14964
v 60.96762 -6.40355 -2.28339
v 60.96762 -6.39414 -2.28621
v 60.96762 -6.36593 -2.29471
v 60.96762 -6.31910 -2.30866
v 60.96762 -6.25387 -2.32777
v 61.11767 -6.34599 -2.27844
v 61.11767 -6.37405 -2.26996
v 61.11767 -6.38341 -2.26715
v 61.11767 -6.29941 -2.29233
v 61.11767 -6.23454 -2.31138
v 60.96762 -6.03044 -2.11495
v 60.18818 -5.90992 -2.53656
v 60.65445 -5.99056 -2.44745
v 60.65445 -5.85463 -2.48232
v 60.65445 -5.70274 -2.51950
v 60.96762 -5.81740 -2.44617
v 60.96762 -5.95178 -2.41153
v 61.11767 -5.93408 -2.39486
v 60.96762 -5.66722 -2.48310
v 61.11767 -5.65105 -2.46620
v 61.11767 -5.80042 -2.42938
v 60.18818 -5.84974 -2.22323
v 60.18818 -5.99699 -2.21253
v 60.65445 -5.94041 -2.16059
v 60.18818 -5.68756 -2.23351
v 60.65445 -5.79554 -2.17144
v 60.65445 -5.63597 -2.18192
v 60.96762 -5.90232 -2.12597
v 60.96762 -5.75903 -2.13692
v 60.96762 -5.60122 -2.14752
v 61.11767 -5.74241 -2.12089
v 61.57761 -6.28477 -2.22887
v 61.57761 -6.23896 -2.24261
v 61.57761 -6.32156 -2.21771
v 61.57761 -6.31236 -2.22049
v 61.57761 -6.17517 -2.26145
v 61.57761 -6.09366 -2.28524
v 62.03403 -6.26004 -2.16911
v 62.03403 -6.25099 -2.17186
v 62.03403 -6.03596 -2.23589
v 62.03403 -6.22387 -2.18014
v 62.03403 -6.17883 -2.19373
v 62.03403 -6.11611 -2.21236
v 62.47638 -6.20054 -2.12141
v 62.47638 -6.19164 -2.12413
v 62.47638 -6.16496 -2.13232
v 62.47638 -6.12067 -2.14576
v 62.47638 -6.05898 -2.16419
v 61.57761 -5.87971 -2.34404
v 61.57761 -5.74827 -2.37821
v 61.57761 -5.60137 -2.41466
v 61.57761 -5.99504 -2.31281
v 62.03403 -5.93900 -2.26316
v 62.03403 -5.82560 -2.29405
v 62.47638 -5.98016 -2.18747
v 62.47638 -5.88480 -2.21445
v 62.03403 -5.69635 -2.32786
v 62.47638 -5.77326 -2.24503
v 62.47638 -5.64614 -2.27850
v 62.93537 -6.00249 -2.11536
v 62.93537 -5.92501 -2.13839
v 62.93537 -5.83127 -2.16509
v 62.93537 -5.59667 -2.22849
v 62.93537 -5.72163 -2.19535
v 63.37983 -5.77929 -2.11769
v 63.37983 -5.67149 -2.14764
v 60.65445 -6.50471 -2.10394
v 60.65445 -6.49566 -2.10502
v 60.65445 -6.46855 -2.10824
v 60.96762 -6.45144 -2.07017
v 60.96762 -6.46039 -2.06908
v 61.11767 -6.44009 -2.05292
v 60.96762 -6.42463 -2.07339
v 60.96762 -6.38011 -2.07862
v 60.96762 -6.31807 -2.08571
v 60.96762 -6.23878 -2.09456
v 61.11767 -6.40452 -2.05723
v 61.11767 -6.36023 -2.06246
v 61.11767 -6.43119 -2.05400
v 61.11767 -6.29852 -2.06955
v 60.96762 -6.14279 -2.10430
v 61.11767 -6.21965 -2.07841
v 61.11767 -6.12416 -2.08817
v 61.11767 -6.01240 -2.09884
v 61.11767 -5.88495 -2.10989
v 61.57761 -6.37777 -2.00368
v 61.57761 -6.36901 -2.00477
v 61.57761 -6.34278 -2.00800
v 61.57761 -6.29920 -2.01323
v 61.57761 -6.23849 -2.02034
v 61.57761 -6.16090 -2.02923
v 61.57761 -6.06695 -2.03903
v 62.03403 -6.31578 -1.95528
v 62.03403 -6.30717 -1.95637
v 62.03403 -6.28136 -1.95960
v 62.03403 -6.23850 -1.96485
v 62.47638 -6.25529 -1.90986
v 62.47638 -6.24681 -1.91095
v 62.03403 -6.17877 -1.97197
v 62.03403 -6.10245 -1.98087
v 62.47638 -6.17925 -1.91943
v 62.47638 -6.22142 -1.91418
v 62.47638 -6.12049 -1.92655
v 62.47638 -6.04539 -1.93545
v 61.57761 -5.95699 -2.04976
v 61.57761 -5.83160 -2.06090
v 61.57761 -5.69136 -2.07203
v 62.03403 -5.90186 -2.00150
v 62.03403 -6.01002 -1.99071
v 62.47638 -5.95445 -1.94532
v 62.47638 -5.84803 -1.95614
v 62.03403 -5.77851 -2.01272
v 62.03403 -5.64055 -2.02396
v 62.47638 -5.72666 -1.96742
v 62.93537 -6.14163 -2.07305
v 62.93537 -6.13288 -2.07574
v 62.93537 -6.10666 -2.08384
v 62.93537 -6.06312 -2.09714
v 63.37983 -6.07585 -2.02930
v 63.37983 -6.08445 -2.02664
v 63.37983 -6.05007 -2.03732
v 63.81985 -6.01925 -1.98374
v 63.81985 -6.02771 -1.98111
v 62.93537 -6.19511 -1.86491
v 62.93537 -6.18678 -1.86600
v 62.93537 -6.16181 -1.86922
v 62.93537 -6.12034 -1.87445
v 62.93537 -6.06257 -1.88156
v 63.37983 -6.13672 -1.82181
v 63.37983 -6.12852 -1.82289
v 63.37983 -6.10396 -1.82610
v 63.37983 -6.06318 -1.83132
v 63.81985 -6.07878 -1.77955
v 63.81985 -6.07072 -1.78063
v 63.81985 -6.04657 -1.78382
v 63.98514 -6.05699 -1.76378
v 63.98514 -6.04898 -1.76485
v 63.98514 -6.02498 -1.76805
v 62.93537 -5.98872 -1.89045
v 62.93537 -5.89931 -1.90030
v 62.93537 -5.79466 -1.91113
v 62.93537 -5.67531 -1.92244
v 63.37983 -5.94764 -2.06849
v 63.37983 -6.00726 -2.05047
v 63.37983 -5.87147 -2.09128
v 63.81985 -5.95182 -2.00467
v 63.81985 -5.89321 -2.02249
v 63.81985 -5.81832 -2.04503
v 63.98514 -5.87273 -2.00532
v 63.81985 -5.99391 -1.99166
v 63.98514 -5.97278 -1.97462
v 63.98514 -6.00636 -1.96411
v 63.98514 -5.99796 -1.96673
v 63.98514 -5.93096 -1.98757
v 63.81985 -5.72770 -2.07116
v 63.98514 -5.79832 -2.02776
v 63.98514 -5.70829 -2.05378
v 63.81985 -5.62171 -2.10080
v 63.98514 -5.60298 -2.08330
v 63.37983 -6.00635 -1.83841
v 63.37983 -5.93373 -1.84727
v 63.37983 -5.84578 -1.85712
v 63.81985 -6.00646 -1.78902
v 63.81985 -5.95058 -1.79609
v 63.98514 -5.92960 -1.78030
v 63.81985 -5.87916 -1.80493
v 63.98514 -5.85863 -1.78913
v 63.98514 -5.98513 -1.77324
v 63.37983 -5.74286 -1.86795
v 63.37983 -5.62547 -1.87927
v 63.81985 -5.79267 -1.81476
v 63.98514 -5.77269 -1.79895
v 63.81985 -5.69145 -1.82559
v 63.98514 -5.67210 -1.80977
v 64.25521 -6.02303 -1.73888
v 64.25521 -5.93988 -1.94768
v 64.25521 -5.96480 -1.93984
v 64.25521 -5.97311 -1.93724
v 64.25521 -5.89850 -1.96054
v 64.25521 -5.84087 -1.97817
v 64.68568 -5.91185 -1.89729
v 64.68568 -5.92002 -1.89472
v 64.68568 -5.88734 -1.90504
v 64.68568 -5.84665 -1.91775
v 64.25521 -5.67812 -2.02630
v 64.25521 -5.76723 -2.00045
v 64.68568 -5.71757 -1.95721
v 64.68568 -5.78998 -1.93518
v 64.68568 -5.62994 -1.98278
v 65.11104 -5.73958 -1.89306
v 65.11104 -5.66838 -1.91484
v 64.25521 -6.01510 -1.73995
v 64.25521 -5.99135 -1.74314
v 64.25521 -5.95191 -1.74832
v 64.25521 -5.89694 -1.75536
v 64.25521 -5.82669 -1.76418
v 64.68568 -5.96883 -1.69949
v 64.68568 -5.96103 -1.70056
v 64.68568 -5.93767 -1.70373
v 64.68568 -5.89887 -1.70889
v 64.68568 -5.84480 -1.71591
v 64.25521 -5.64206 -1.78480
v 64.25521 -5.74162 -1.77399
v 64.68568 -5.77570 -1.72469
v 64.68568 -5.69202 -1.73448
v 65.11104 -5.85941 -1.85560
v 65.11104 -5.86745 -1.85306
v 65.11104 -5.83531 -1.86326
v 65.11104 -5.84635 -1.67029
v 65.11104 -5.79530 -1.87582
v 65.11104 -5.79317 -1.67728
v 65.11104 -5.72521 -1.68602
v 65.11104 -5.64290 -1.69578
v 65.11104 -5.91517 -1.66094
v 65.11104 -5.90749 -1.66200
v 65.11104 -5.88452 -1.66516
v 54.92691 -5.35815 -2.86400
v 55.41075 -5.56463 -2.80818
v 55.41075 -5.31679 -2.80352
v 55.89422 -5.51934 -2.74840
v 55.89422 -5.27499 -2.74443
v 54.92691 -5.09461 -2.85424
v 54.92691 -4.82054 -2.83796
v 55.41075 -5.05690 -2.79456
v 55.41075 -4.78660 -2.77924
v 55.89422 -5.01876 -2.73625
v 56.37707 -5.47377 -2.68959
v 56.44388 -5.46745 -2.68150
v 56.37707 -5.23291 -2.68629
v 56.44388 -5.22707 -2.67829
v 56.85906 -5.42876 -2.63183
v 56.85906 -5.19142 -2.62916
v 56.37707 -4.98032 -2.67887
v 56.44388 -4.97499 -2.67097
v 56.85906 -4.94251 -2.62247
v 54.92691 -4.53678 -2.81606
v 55.89422 -4.75224 -2.72183
v 55.41075 -4.50673 -2.75841
v 55.89422 -4.47627 -2.70201
v 54.92691 -4.24462 -2.78803
v 54.92691 -3.94532 -2.75359
v 55.41075 -4.21856 -2.73156
v 55.89422 -4.19211 -2.67628
v 55.41075 -3.92334 -2.69841
v 56.37707 -4.71759 -2.66533
v 56.44388 -4.71278 -2.65755
v 56.37707 -4.44553 -2.64648
v 56.44388 -4.44126 -2.63884
v 56.85906 -4.68359 -2.60977
v 56.85906 -4.41547 -2.59186
v 56.37707 -4.16537 -2.62183
v 56.44388 -4.16166 -2.61433
v 56.85906 -4.13936 -2.56825
v 57.81946 -5.42637 -2.98243
v 57.95264 -5.41356 -2.96541
v 58.29738 -5.59234 -2.88261
v 58.29738 -5.38114 -2.92226
v 57.33994 -5.38376 -2.57475
v 58.29738 -5.15640 -2.96072
v 58.29738 -4.91923 -2.99712
v 57.33994 -5.14994 -2.57270
v 57.33994 -4.90471 -2.56671
v 58.77345 -5.54404 -2.82366
v 58.77345 -5.33618 -2.86308
v 59.24744 -5.29121 -2.80463
v 59.46140 -5.27084 -2.77840
v 59.24744 -5.49574 -2.76546
v 59.46140 -5.47387 -2.73935
v 59.71909 -5.44816 -2.70835
v 59.71909 -5.24693 -2.74725
v 58.77345 -5.11500 -2.90134
v 59.24744 -5.07356 -2.84268
v 58.77345 -4.88155 -2.93760
v 59.24744 -4.84383 -2.87879
v 59.46140 -5.05478 -2.81635
v 59.71909 -5.03279 -2.78507
v 59.46140 -4.82673 -2.85238
v 59.71909 -4.80677 -2.82099
v 57.81946 -5.55668 -2.51651
v 57.95264 -5.54320 -2.50079
v 57.81946 -5.33868 -2.51832
v 57.95264 -5.32612 -2.50274
v 58.29738 -5.50909 -2.46101
v 58.29738 -5.29439 -2.46331
v 57.81946 -5.10836 -2.51688
v 57.95264 -5.09677 -2.50145
v 57.81946 -4.86680 -2.51157
v 57.95264 -4.85624 -2.49634
v 58.29738 -5.06755 -2.46243
v 58.29738 -4.82964 -2.45777
v 58.77345 -5.46182 -2.40648
v 59.24744 -5.41457 -2.35266
v 58.77345 -5.25041 -2.40925
v 59.24744 -5.20643 -2.35588
v 59.46140 -5.58719 -2.32265
v 59.46140 -5.39318 -2.32852
v 59.71909 -5.56040 -2.29385
v 59.46140 -5.18652 -2.33193
v 59.71909 -5.36807 -2.29990
v 58.77345 -5.02704 -2.40891
v 59.24744 -4.98651 -2.35607
v 58.77345 -4.79275 -2.40489
v 59.24744 -4.75583 -2.35265
v 59.46140 -4.96815 -2.33235
v 59.71909 -5.16319 -2.30354
v 59.71909 -4.94671 -2.30423
v 58.77345 -4.63699 -2.97093
v 59.24744 -4.60315 -2.91203
v 58.77345 -4.38294 -2.99874
v 59.24744 -4.35313 -2.93985
v 59.46140 -4.58781 -2.88558
v 59.71909 -4.56996 -2.85412
v 59.46140 -4.33960 -2.91340
v 59.24744 -4.09450 -2.96305
v 59.71909 -4.32394 -2.88193
v 59.46140 -4.08284 -2.93665
v 59.71909 -4.06944 -2.90520
v 57.33994 -4.64960 -2.55483
v 57.81946 -4.61550 -2.50049
v 57.95264 -4.60599 -2.48547
v 57.33994 -4.38542 -2.53784
v 57.81946 -4.35525 -2.48439
v 57.95264 -4.34684 -2.46962
v 58.29738 -4.58212 -2.44745
v 57.33994 -4.11336 -2.51525
v 57.81946 -4.08723 -2.46280
v 57.95264 -4.07993 -2.44831
v 58.29738 -4.32577 -2.43222
v 58.29738 -4.06176 -2.41159
v 58.77345 -4.54899 -2.39530
v 59.24744 -4.51583 -2.34378
v 59.46140 -4.73911 -2.32921
v 59.71909 -4.71963 -2.30139
v 59.46140 -4.50079 -2.32065
v 59.71909 -4.48336 -2.29320
v 58.77345 -4.29653 -2.38089
v 58.77345 -4.03651 -2.36119
v 59.24744 -4.26724 -2.33018
v 59.24744 -4.01120 -2.31139
v 59.46140 -4.25396 -2.30742
v 59.71909 -4.23863 -2.28039
v 59.46140 -3.99971 -2.28903
v 59.71909 -3.98656 -2.26247
v 54.92691 -3.64014 -2.71269
v 55.89422 -3.90098 -2.64436
v 55.41075 -3.62229 -2.65893
v 55.89422 -3.60408 -2.60622
v 54.92691 -3.33108 -2.66268
v 55.41075 -3.31740 -2.61049
v 55.89422 -3.30339 -2.55926
v 56.37707 -3.87834 -2.59110
v 56.44388 -3.87519 -2.58376
v 56.37707 -3.58561 -2.55425
v 56.44388 -3.58304 -2.54709
v 56.85906 -3.85646 -2.53867
v 56.85906 -3.56793 -2.50307
v 56.37707 -3.28911 -2.50871
v 56.44388 -3.28712 -2.50174
v 56.85906 -3.27568 -2.45892
v 54.92691 -3.01877 -2.60586
v 55.41075 -3.00929 -2.55533
v 54.92691 -2.70448 -2.54224
v 55.89422 -2.99949 -2.50568
v 55.41075 -2.69921 -2.49350
v 55.89422 -2.69364 -2.44553
v 54.92691 -2.38950 -2.47197
v 55.41075 -2.38843 -2.42511
v 55.89422 -2.38709 -2.37892
v 56.37707 -2.98944 -2.45666
v 56.44388 -2.98804 -2.44990
v 56.37707 -2.68784 -2.39813
v 56.44388 -2.68702 -2.39160
v 56.85906 -2.98028 -2.40836
v 56.85906 -2.68296 -2.35142
v 56.37707 -2.38552 -2.33325
v 56.44388 -2.38529 -2.32695
v 56.85906 -2.38493 -2.28822
v 59.24744 -3.82845 -2.98091
v 59.24744 -3.55620 -2.99282
v 59.46140 -3.81872 -2.95459
v 59.71909 -3.80763 -2.92323
v 59.46140 -3.54842 -2.96663
v 59.71909 -3.53969 -2.93541
v 59.24744 -3.27891 -2.99833
v 59.46140 -3.27312 -2.97232
v 59.71909 -3.26679 -2.94130
v 57.33994 -3.83459 -2.48680
v 57.81946 -3.81259 -2.43545
v 57.95264 -3.80644 -2.42126
v 57.33994 -3.55027 -2.45243
v 57.81946 -3.53246 -2.40229
v 57.95264 -3.52748 -2.38843
v 58.29738 -3.79122 -2.38529
v 58.29738 -3.51527 -2.35329
v 57.33994 -3.26225 -2.40964
v 57.81946 -3.24868 -2.36084
v 57.95264 -3.24488 -2.34735
v 58.29738 -3.23570 -2.31314
v 58.77345 -3.77006 -2.33593
v 59.24744 -3.74881 -2.28714
v 58.77345 -3.49826 -2.30507
v 59.46140 -3.73916 -2.26523
v 59.71909 -3.72823 -2.23920
v 59.24744 -3.48115 -2.25738
v 58.77345 -3.22288 -2.26618
v 59.24744 -3.20995 -2.21973
v 59.46140 -3.47337 -2.23597
v 59.71909 -3.46469 -2.21051
v 59.46140 -3.20405 -2.19887
v 59.71909 -3.19766 -2.17406
v 59.24744 -2.99855 -2.99421
v 59.24744 -2.71566 -2.98263
v 59.46140 -2.99477 -2.96846
v 59.71909 -2.99086 -2.93773
v 59.46140 -2.71388 -2.95719
v 59.71909 -2.71241 -2.92682
v 59.24744 -2.43144 -2.96323
v 59.46140 -2.43169 -2.93815
v 59.71909 -2.43265 -2.90821
v 57.33994 -2.97113 -2.36054
v 57.81946 -2.96183 -2.31318
v 57.95264 -2.95921 -2.30009
v 57.33994 -2.67810 -2.30517
v 57.81946 -2.67308 -2.25935
v 57.95264 -2.67166 -2.24668
v 58.29738 -2.95309 -2.26688
v 58.29738 -2.66860 -2.21454
v 57.33994 -2.38436 -2.24363
v 57.81946 -2.38362 -2.19944
v 57.95264 -2.38338 -2.18722
v 58.29738 -2.38340 -2.15622
v 58.77345 -2.94450 -2.22128
v 59.24744 -2.93578 -2.17618
v 58.77345 -2.66425 -2.17040
v 59.24744 -2.65977 -2.12674
v 59.46140 -2.93179 -2.15592
v 59.71909 -2.92769 -2.13181
v 58.77345 -2.38329 -2.11363
v 59.46140 -2.65769 -2.10711
v 59.71909 -2.65590 -2.08376
v 59.24744 -2.38303 -2.07149
v 59.46140 -2.38286 -2.05255
v 59.71909 -2.38339 -2.03001
v 60.18818 -5.58549 -2.61340
v 60.18818 -5.40120 -2.65229
v 60.65445 -5.53558 -2.55845
v 60.18818 -5.20327 -2.69089
v 60.65445 -5.35434 -2.59701
v 60.96762 -5.32276 -2.56014
v 60.18818 -4.99262 -2.72846
v 60.65445 -5.15967 -2.63531
v 60.18818 -4.77028 -2.76418
v 60.65445 -4.95250 -2.67262
v 60.96762 -5.13029 -2.59823
v 61.11767 -5.11699 -2.58099
v 60.96762 -4.92544 -2.63535
v 61.11767 -4.91324 -2.61802
v 61.57761 -4.87574 -2.56517
v 60.96762 -5.50195 -2.52180
v 61.11767 -5.48667 -2.50478
v 61.11767 -5.30844 -2.54300
v 60.18818 -5.51151 -2.24176
v 60.65445 -5.46274 -2.19042
v 60.18818 -5.32223 -2.24815
v 60.65445 -5.27650 -2.19713
v 60.96762 -5.42989 -2.15620
v 61.11767 -5.58542 -2.13154
v 61.11767 -5.41499 -2.14029
v 60.96762 -5.24569 -2.16312
v 61.11767 -5.23174 -2.14730
v 60.18818 -5.12060 -2.25219
v 60.65445 -5.07809 -2.20156
v 60.18818 -4.90754 -2.25334
v 60.65445 -4.86844 -2.20317
v 60.96762 -5.04945 -2.16779
v 61.11767 -5.03652 -2.15209
v 60.96762 -4.84208 -2.16970
v 61.11767 -4.83023 -2.15413
v 61.57761 -5.43971 -2.45287
v 61.57761 -5.26443 -2.49075
v 62.03403 -5.55191 -2.36395
v 62.03403 -5.39295 -2.40178
v 62.03403 -5.22058 -2.43931
v 62.47638 -5.34772 -2.35171
v 62.47638 -5.17817 -2.38891
v 62.47638 -5.50408 -2.31423
v 61.57761 -5.07614 -2.52842
v 62.03403 -5.03542 -2.47665
v 62.47638 -4.99604 -2.42594
v 62.03403 -4.83835 -2.51310
v 62.47638 -4.80218 -2.46212
v 60.18818 -4.53731 -2.79717
v 60.65445 -4.73381 -2.70812
v 60.65445 -4.50466 -2.74096
v 60.96762 -4.70920 -2.67071
v 61.11767 -4.69816 -2.65330
v 60.96762 -4.48262 -2.70343
v 61.11767 -4.47278 -2.68597
v 60.18818 -4.29527 -2.82493
v 60.18818 -4.04488 -2.84826
v 60.65445 -4.02027 -2.79202
v 60.65445 -4.26658 -2.76867
v 60.96762 -4.24720 -2.73109
v 61.11767 -4.23861 -2.71361
v 60.96762 -4.00363 -2.75446
v 61.11767 -3.99633 -2.73697
v 61.57761 -4.66419 -2.60020
v 61.57761 -4.44250 -2.63269
v 62.03403 -4.41228 -2.58018
v 61.57761 -4.21216 -2.66024
v 61.57761 -3.97383 -2.68360
v 62.03403 -4.18573 -2.60763
v 62.47638 -4.16016 -2.55617
v 62.03403 -3.95132 -2.63097
v 62.47638 -3.92954 -2.57950
v 60.18818 -4.68405 -2.25106
v 60.65445 -4.64851 -2.20142
v 60.18818 -4.45150 -2.24353
v 60.65445 -4.41966 -2.19453
v 60.96762 -4.62455 -2.16830
v 61.11767 -4.61383 -2.15288
v 60.96762 -4.39818 -2.16182
v 61.11767 -4.38863 -2.14660
v 60.18818 -4.21061 -2.23146
v 60.65445 -4.18260 -2.18318
v 60.18818 -3.96249 -2.21439
v 60.65445 -3.93841 -2.16694
v 60.96762 -4.16369 -2.15096
v 61.11767 -4.15535 -2.13595
v 60.96762 -3.92214 -2.13526
v 61.11767 -3.91504 -2.12050
v 62.03403 -4.63030 -2.54789
v 62.47638 -4.59752 -2.49668
v 62.47638 -4.38304 -2.52880
v 62.93537 -5.45702 -2.26387
v 62.93537 -5.30331 -2.30099
v 63.37983 -5.54862 -2.18044
v 63.37983 -5.41130 -2.21548
v 63.81985 -5.50091 -2.13326
v 63.98514 -5.48295 -2.11563
v 63.37983 -5.26015 -2.25225
v 63.81985 -5.36589 -2.16794
v 63.98514 -5.34880 -2.15018
v 63.81985 -5.21729 -2.20435
v 63.98514 -5.20115 -2.18646
v 62.93537 -5.13663 -2.33786
v 62.93537 -4.95757 -2.37459
v 62.93537 -4.76698 -2.41050
v 63.37983 -5.09625 -2.28879
v 63.81985 -5.05613 -2.24056
v 63.98514 -5.04102 -2.22254
v 63.37983 -4.92017 -2.32522
v 63.81985 -4.88299 -2.27668
v 63.98514 -4.86899 -2.25854
v 64.25521 -5.32234 -2.12207
v 64.25521 -5.17621 -2.15812
v 64.25521 -5.01773 -2.19399
v 64.68568 -5.13635 -2.11322
v 64.68568 -4.98049 -2.14875
v 64.25521 -4.84746 -2.22979
v 64.68568 -4.81303 -2.18423
v 65.11104 -4.77889 -2.13951
v 62.93537 -4.56576 -2.44483
v 62.93537 -4.35489 -2.47678
v 63.37983 -4.73274 -2.36085
v 63.37983 -4.53485 -2.39496
v 63.81985 -4.50410 -2.34591
v 63.81985 -4.69869 -2.31204
v 63.98514 -4.68586 -2.29379
v 63.98514 -4.49252 -2.32756
v 62.93537 -4.13573 -2.50408
v 63.37983 -4.32746 -2.42673
v 63.81985 -4.30016 -2.37750
v 63.98514 -4.28987 -2.35908
v 63.37983 -4.11192 -2.45394
v 63.81985 -4.08820 -2.40461
v 63.98514 -4.07925 -2.38616
v 64.25521 -4.66621 -2.26486
v 64.68568 -4.63477 -2.21900
v 64.25521 -4.47483 -2.29848
v 64.68568 -4.44654 -2.25237
v 65.11104 -4.60358 -2.17398
v 65.11104 -4.41846 -2.20709
v 64.25521 -4.06578 -2.35688
v 64.25521 -4.27426 -2.32988
v 64.68568 -4.24926 -2.28356
v 64.68568 -4.04420 -2.31044
v 65.11104 -4.22443 -2.23806
v 65.11104 -4.02274 -2.26481
v 61.57761 -5.53689 -2.08284
v 61.57761 -5.36920 -2.09180
v 61.57761 -5.18889 -2.09908
v 62.03403 -5.48859 -2.03492
v 62.47638 -5.59091 -1.97874
v 62.47638 -5.44139 -1.98981
v 62.03403 -5.32361 -2.04409
v 62.47638 -5.27905 -1.99915
v 61.57761 -4.99680 -2.10420
v 61.57761 -4.79381 -2.10664
v 62.03403 -5.14622 -2.05163
v 62.47638 -5.10450 -2.00691
v 62.03403 -4.95724 -2.05706
v 62.03403 -4.75752 -2.05988
v 62.47638 -4.91852 -2.01261
v 61.57761 -4.58086 -2.10587
v 61.57761 -4.35925 -2.10015
v 62.03403 -4.54800 -2.05956
v 62.47638 -4.72199 -2.01577
v 62.47638 -4.51580 -2.01586
v 61.57761 -4.12968 -2.09016
v 62.03403 -4.32995 -2.05440
v 62.47638 -4.30121 -2.01119
v 62.03403 -4.10406 -2.04505
v 62.47638 -4.07890 -2.00242
v 62.93537 -5.54183 -1.93380
v 62.93537 -5.39479 -1.94496
v 62.93537 -5.23516 -1.95442
v 63.37983 -5.49417 -1.89068
v 63.37983 -5.34955 -1.90189
v 63.37983 -5.19253 -1.91147
v 63.81985 -5.57600 -1.83692
v 63.98514 -5.55738 -1.82111
v 63.81985 -5.44687 -1.84836
v 63.98514 -5.42907 -1.83256
v 63.81985 -5.30463 -1.85963
v 63.98514 -5.28773 -1.84385
v 62.93537 -5.06350 -1.96235
v 62.93537 -4.88061 -1.96828
v 63.37983 -5.02368 -1.91956
v 63.37983 -4.84377 -1.92571
v 63.81985 -5.15020 -1.86931
v 63.98514 -5.13427 -1.85357
v 63.81985 -4.98412 -1.87755
v 63.98514 -4.96924 -1.86186
v 63.81985 -4.80718 -1.88389
v 63.98514 -4.79340 -1.86828
v 64.25521 -5.57390 -2.05562
v 64.25521 -5.45511 -2.08774
v 64.68568 -5.52745 -2.01178
v 64.68568 -5.41064 -2.04356
v 64.68568 -5.28007 -2.07753
v 65.11104 -5.58222 -1.94012
v 65.11104 -5.48144 -1.96880
v 65.11104 -5.23817 -2.03385
v 65.11104 -5.36657 -2.00024
v 64.25521 -5.52850 -1.79613
v 64.25521 -5.40149 -1.80759
v 64.68568 -5.59408 -1.74527
v 64.68568 -5.48238 -1.75660
v 64.25521 -5.26158 -1.81891
v 64.68568 -5.21981 -1.77943
v 64.68568 -5.35744 -1.76808
v 65.11104 -5.54657 -1.70655
v 65.11104 -5.43670 -1.71787
v 65.11104 -5.31380 -1.72936
v 65.11104 -5.17842 -1.74074
v 65.11104 -5.09685 -2.06917
v 65.11104 -4.94357 -2.10436
v 64.25521 -5.10966 -1.82869
v 64.68568 -5.07036 -1.78929
v 64.25521 -4.94630 -1.83706
v 64.25521 -4.77223 -1.84359
v 64.68568 -4.90965 -1.79778
v 65.11104 -5.03142 -1.75067
v 65.11104 -4.87333 -1.75928
v 62.93537 -4.68733 -1.97173
v 62.93537 -4.48455 -1.97217
v 63.37983 -4.65364 -1.92942
v 63.37983 -4.45416 -1.93020
v 63.81985 -4.62016 -1.88787
v 63.98514 -4.60756 -1.87234
v 63.81985 -4.42395 -1.88896
v 63.98514 -4.41257 -1.87355
v 62.93537 -4.27350 -1.96795
v 62.93537 -4.05484 -1.95971
v 63.37983 -4.24653 -1.92640
v 63.37983 -4.03142 -1.91866
v 63.81985 -4.21972 -1.88557
v 63.98514 -4.20961 -1.87031
v 63.81985 -4.00812 -1.87831
v 63.98514 -3.99933 -1.86323
v 64.25521 -4.58826 -1.84779
v 64.68568 -4.73841 -1.80448
v 64.68568 -4.55742 -1.80891
v 64.25521 -4.39523 -1.84918
v 64.68568 -4.36751 -1.81058
v 65.11104 -4.70488 -1.76613
v 65.11104 -4.52683 -1.77077
v 65.11104 -4.34001 -1.77270
v 64.25521 -4.19431 -1.84618
v 64.68568 -4.16983 -1.80794
v 64.25521 -3.98613 -1.83938
v 64.68568 -3.96501 -1.80157
v 65.11104 -4.14554 -1.77041
v 65.11104 -3.94403 -1.76447
v 60.18818 -3.78729 -2.86643
v 60.65445 -3.76687 -2.81032
v 60.18818 -3.52366 -2.87885
v 60.65445 -3.50752 -2.82297
v 60.96762 -3.49656 -2.78563
v 60.96762 -3.75305 -2.77283
v 61.11767 -3.74707 -2.75538
v 60.18818 -3.25513 -2.88510
v 60.65445 -3.24333 -2.82956
v 60.96762 -3.23529 -2.79243
v 61.11767 -3.49193 -2.76824
v 61.11767 -3.23203 -2.77514
v 61.57761 -3.72861 -2.70209
v 62.03403 -3.71013 -2.64953
v 62.47638 -3.69224 -2.59814
v 61.57761 -3.47762 -2.71513
v 61.57761 -3.22192 -2.72232
v 62.03403 -3.46323 -2.66274
v 62.47638 -3.44931 -2.61154
v 62.03403 -3.21171 -2.67019
v 62.47638 -3.20182 -2.61927
v 60.18818 -3.70820 -2.19206
v 60.65445 -3.68813 -2.14553
v 60.96762 -3.67457 -2.11446
v 60.18818 -3.44878 -2.16441
v 60.65445 -3.43280 -2.11889
v 60.18818 -3.18589 -2.12913
v 60.18818 -2.98359 -2.88204
v 60.65445 -2.97616 -2.82699
v 60.18818 -2.70956 -2.87175
v 60.65445 -2.70654 -2.81732
v 60.96762 -2.97106 -2.79019
v 60.96762 -2.70439 -2.78092
v 61.11767 -2.96919 -2.77303
v 61.11767 -2.70390 -2.76395
v 60.18818 -2.43423 -2.85390
v 60.65445 -2.43561 -2.80020
v 60.96762 -2.43643 -2.76429
v 61.11767 -2.43733 -2.74754
v 61.57761 -2.96331 -2.72065
v 61.57761 -2.70229 -2.71212
v 62.03403 -2.95730 -2.66894
v 62.47638 -2.95148 -2.61844
v 62.03403 -2.70051 -2.66094
v 62.47638 -2.69877 -2.61098
v 61.57761 -2.43998 -2.69638
v 62.47638 -2.44480 -2.59655
v 62.03403 -2.44244 -2.64586
v 62.93537 -3.43673 -2.55974
v 62.93537 -3.19334 -2.56776
v 62.93537 -3.90896 -2.52742
v 62.93537 -3.67562 -2.54615
v 63.37983 -3.88889 -2.47728
v 63.81985 -3.86885 -2.42793
v 63.98514 -3.86129 -2.40946
v 63.37983 -3.65937 -2.49609
v 63.81985 -3.64313 -2.44681
v 63.98514 -3.63699 -2.42836
v 63.37983 -3.42439 -2.50985
v 63.81985 -3.41203 -2.46072
v 63.98514 -3.40734 -2.44233
v 63.37983 -3.18498 -2.51814
v 63.81985 -3.17655 -2.46926
v 63.98514 -3.17334 -2.45097
v 64.25521 -3.85003 -2.38016
v 64.68568 -3.83198 -2.33367
v 64.25521 -3.62800 -2.39909
v 64.68568 -3.61357 -2.35262
v 65.11104 -3.81401 -2.28798
v 65.11104 -3.59918 -2.30695
v 64.25521 -3.40068 -2.41313
v 64.68568 -3.38994 -2.36678
v 64.25521 -3.16904 -2.42190
v 64.68568 -3.16207 -2.37576
v 65.11104 -3.37921 -2.32122
v 65.11104 -3.15505 -2.33039
v 62.93537 -2.94714 -2.56737
v 62.93537 -2.69860 -2.56046
v 63.37983 -2.94278 -2.51816
v 63.81985 -2.93832 -2.46968
v 63.98514 -2.93660 -2.45153
v 63.37983 -2.69828 -2.51177
v 63.81985 -2.69781 -2.46379
v 63.98514 -2.69760 -2.44583
v 62.93537 -2.44881 -2.54670
v 63.37983 -2.45253 -2.49865
v 63.81985 -2.45606 -2.45128
v 63.98514 -2.45735 -2.43355
v 64.25521 -2.93468 -2.42269
v 64.68568 -2.93150 -2.37689
v 64.25521 -2.69807 -2.41727
v 64.68568 -2.69871 -2.37192
v 65.11104 -2.92823 -2.33184
v 65.11104 -2.69921 -2.32730
v 64.25521 -2.46022 -2.40534
v 64.68568 -2.46470 -2.36054
v 65.11104 -2.46898 -2.31646
v 65.11104 -2.23852 -2.29912
v 61.11767 -3.66874 -2.09997
v 60.65445 -3.17405 -2.08476
v 60.96762 -3.42199 -2.08850
v 61.11767 -3.41745 -2.07432
v 60.96762 -3.16602 -2.05513
v 61.11767 -3.16279 -2.04130
v 61.57761 -3.89319 -2.07546
v 61.57761 -3.65078 -2.05577
v 62.03403 -3.87135 -2.03107
v 62.47638 -3.84987 -1.98910
v 62.03403 -3.63282 -2.01221
v 62.47638 -3.61510 -1.97099
v 61.57761 -3.40346 -2.03106
v 61.57761 -3.15281 -1.99909
v 62.03403 -3.38944 -1.98841
v 62.47638 -3.37555 -1.94802
v 62.03403 -3.14277 -1.95748
v 62.47638 -3.13275 -1.91805
v 60.18818 -2.92012 -2.08815
v 60.65445 -2.91244 -2.04502
v 60.96762 -2.90721 -2.01621
v 61.11767 -2.90530 -2.00276
v 60.18818 -2.65253 -2.04146
v 60.65445 -2.64905 -1.99967
v 60.18818 -2.38423 -1.98916
v 60.65445 -2.38493 -1.94879
v 60.96762 -2.64662 -1.97175
v 61.11767 -2.64604 -1.95871
v 60.96762 -2.38532 -1.92182
v 61.11767 -2.38606 -1.90921
v 61.57761 -2.89937 -1.96170
v 62.03403 -2.89335 -1.92121
v 62.47638 -2.88723 -1.88283
v 61.57761 -2.64417 -1.91889
v 61.57761 -2.38826 -1.87073
v 62.03403 -2.64219 -1.87962
v 62.47638 -2.64000 -1.84237
v 62.03403 -2.39032 -1.83276
v 62.47638 -2.39205 -1.79673
v 62.93537 -3.82957 -1.94701
v 62.93537 -3.59865 -1.92960
v 63.37983 -3.80980 -1.90654
v 63.37983 -3.58260 -1.88981
v 63.81985 -3.79010 -1.86676
v 63.98514 -3.78267 -1.85189
v 63.81985 -3.56660 -1.85068
v 63.98514 -3.56056 -1.83605
v 62.93537 -3.36302 -1.90743
v 62.93537 -3.12418 -1.87837
v 63.37983 -3.35077 -1.86839
v 63.81985 -3.33853 -1.82999
v 63.98514 -3.33390 -1.81564
v 63.37983 -3.11577 -1.84020
v 63.81985 -3.10733 -1.80266
v 63.98514 -3.10413 -1.78862
v 64.25521 -3.77164 -1.82837
v 64.68568 -3.75396 -1.79108
v 64.25521 -3.55174 -1.81290
v 64.68568 -3.53759 -1.77620
v 65.11104 -3.73640 -1.75447
v 65.11104 -3.52352 -1.74018
v 64.25521 -3.32734 -1.79292
v 64.68568 -3.31679 -1.75690
v 64.25521 -3.09985 -1.76640
v 64.68568 -3.09294 -1.73116
v 65.11104 -3.30627 -1.72153
v 65.11104 -3.08601 -1.69656
v 62.93537 -2.88266 -1.84416
v 63.37983 -2.87812 -1.80695
v 63.81985 -2.87352 -1.77035
v 63.98514 -2.87176 -1.75666
v 62.93537 -2.63944 -1.80480
v 62.93537 -2.39552 -1.76034
v 63.37983 -2.63880 -1.76864
v 63.81985 -2.63805 -1.73306
v 63.98514 -2.63774 -1.71975
v 63.37983 -2.39877 -1.72531
v 63.81985 -2.40188 -1.69084
v 63.98514 -2.40302 -1.67794
v 64.25521 -2.86978 -1.73499
v 64.68568 -2.86654 -1.70062
v 64.25521 -2.63807 -1.69868
v 65.11104 -2.86325 -1.66686
v 64.68568 -2.63852 -1.66526
v 64.25521 -2.40567 -1.65753
v 64.68568 -2.40981 -1.62513
v 65.11104 -2.63888 -1.63243
v 65.11104 -2.41382 -1.59330
v 65.49390 -5.82003 -1.81586
v 65.49390 -5.81212 -1.81838
v 65.49390 -5.74899 -1.83839
v 65.49390 -5.78839 -1.82596
v 65.49390 -5.69412 -1.85544
v 65.49390 -5.62401 -1.87699
v 65.94556 -5.73871 -1.78397
v 65.94556 -5.70000 -1.79625
v 65.94556 -5.64609 -1.81310
v 65.94556 -5.76979 -1.77400
v 65.94556 -5.76201 -1.77648
v 66.35431 -5.71657 -1.73888
v 66.35431 -5.72422 -1.73642
v 66.35431 -5.65556 -1.75844
v 66.35431 -5.69364 -1.74629
v 66.35431 -5.60253 -1.77511
v 66.75709 -5.67923 -1.69970
v 66.75709 -5.67170 -1.70213
v 66.75709 -5.64915 -1.70945
v 66.75709 -5.61169 -1.72147
v 67.00266 -5.65176 -1.67745
v 67.00266 -5.64430 -1.67986
v 67.00266 -5.62197 -1.68713
v 67.15370 -5.60643 -1.67398
v 65.49390 -5.86678 -1.62654
v 65.49390 -5.85922 -1.62759
v 65.49390 -5.83659 -1.63074
v 65.94556 -5.81545 -1.58782
v 65.94556 -5.80802 -1.58887
v 65.49390 -5.79900 -1.63585
v 65.49390 -5.74662 -1.64280
v 65.49390 -5.67968 -1.65152
v 65.49390 -5.59861 -1.66125
v 65.94556 -5.78578 -1.59199
v 65.94556 -5.74885 -1.59706
v 65.94556 -5.63160 -1.61263
v 65.94556 -5.69738 -1.60397
v 66.35431 -5.73972 -1.55725
v 66.35431 -5.70337 -1.56228
v 66.35431 -5.65273 -1.56915
v 66.35431 -5.76890 -1.55310
v 66.35431 -5.76160 -1.55415
v 67.15370 -5.63603 -1.66434
v 67.15370 -5.62862 -1.66674
v 66.75709 -5.72296 -1.51919
v 66.75709 -5.71577 -1.52023
v 66.75709 -5.69424 -1.52331
v 66.75709 -5.65848 -1.52831
v 66.75709 -5.60865 -1.53513
v 67.00266 -5.66647 -1.50276
v 67.00266 -5.63106 -1.50774
v 67.00266 -5.69490 -1.49867
v 67.00266 -5.68779 -1.49970
v 67.15370 -5.67883 -1.48658
v 67.15370 -5.65057 -1.49066
v 67.15370 -5.67176 -1.48760
v 67.15370 -5.61538 -1.49563
v 67.54395 -5.63727 -1.45552
v 67.54395 -5.63030 -1.45654
v 67.54395 -5.60944 -1.45957
v 67.92762 -5.59634 -1.42523
v 65.49390 -4.57539 -2.13371
v 65.49390 -4.39308 -2.16657
v 65.94556 -4.36781 -2.12110
v 65.49390 -4.20197 -2.19735
v 65.94556 -4.18003 -2.15167
v 65.49390 -4.00332 -2.22397
v 65.94556 -3.98482 -2.17817
v 66.35431 -3.96797 -2.13695
v 65.49390 -5.53916 -1.90201
v 65.49390 -5.43992 -1.93040
v 65.49390 -5.32680 -1.96152
v 65.49390 -5.20036 -1.99481
v 65.94556 -5.28523 -1.91800
v 65.94556 -5.57721 -1.83441
v 65.94556 -5.49386 -1.85914
v 65.94556 -5.39636 -1.88721
v 65.49390 -5.50372 -1.67199
v 65.49390 -5.39549 -1.68330
v 65.49390 -5.27444 -1.69478
v 66.35431 -5.53477 -1.79618
v 66.35431 -5.45276 -1.82065
v 66.35431 -5.35684 -1.84843
v 66.35431 -5.24750 -1.87890
v 65.49390 -5.06119 -2.02980
v 65.94556 -5.16101 -1.95093
v 65.94556 -5.02427 -1.98555
v 65.49390 -4.91024 -2.06467
v 65.94556 -4.87596 -2.02007
v 66.35431 -5.12529 -1.91150
v 66.35431 -4.99075 -1.94579
v 66.35431 -4.84483 -1.97999
v 65.49390 -5.14109 -1.70619
v 65.49390 -4.99628 -1.71618
v 65.49390 -4.84055 -1.72488
v 65.94556 -4.96006 -1.67712
v 65.94556 -4.80702 -1.68589
v 66.75709 -5.41217 -1.78301
v 66.75709 -5.55951 -1.73795
v 66.75709 -5.49285 -1.75880
v 67.00266 -5.58489 -1.69907
v 67.00266 -5.53324 -1.71544
v 67.00266 -5.46725 -1.73614
v 67.00266 -5.38738 -1.76019
v 67.15370 -5.56956 -1.68587
v 67.15370 -5.51823 -1.70217
v 67.15370 -5.45263 -1.72279
v 66.75709 -5.31780 -1.81049
v 67.00266 -5.29396 -1.78749
v 66.75709 -5.21023 -1.84064
v 67.00266 -5.18746 -1.81745
v 67.15370 -5.37324 -1.74674
v 67.15370 -5.28038 -1.77393
v 67.54395 -5.47938 -1.66806
v 67.54395 -5.41480 -1.68846
v 67.54395 -5.33665 -1.71215
v 67.54395 -5.24524 -1.73906
v 67.92762 -5.30061 -1.67838
v 67.92762 -5.21061 -1.70501
v 66.75709 -4.95763 -1.90686
v 66.75709 -4.81406 -1.94075
v 67.00266 -4.79525 -1.91694
v 67.15370 -4.78465 -1.90289
v 66.75709 -5.08999 -1.87292
v 67.00266 -5.06842 -1.84952
v 67.15370 -5.17452 -1.80377
v 67.15370 -5.05620 -1.83572
v 67.00266 -4.93739 -1.88326
v 67.15370 -4.92594 -1.86933
v 67.54395 -5.02455 -1.80021
v 67.54395 -5.14103 -1.76859
v 67.92762 -5.10803 -1.73423
v 67.92762 -4.99335 -1.76553
v 67.54395 -4.89632 -1.83349
v 67.54395 -4.75722 -1.86674
v 67.92762 -4.86711 -1.79848
v 65.94556 -5.55194 -1.62230
v 65.94556 -5.45870 -1.63299
v 65.94556 -5.35236 -1.64425
v 65.94556 -5.23340 -1.65571
v 66.35431 -5.58801 -1.57775
v 66.35431 -5.50962 -1.58737
v 66.35431 -5.41788 -1.59801
v 66.35431 -5.31323 -1.60922
v 66.35431 -5.19618 -1.62065
v 65.94556 -5.10236 -1.66711
v 66.35431 -5.06722 -1.63203
v 66.35431 -4.92719 -1.64206
v 66.35431 -4.77659 -1.65088
v 66.75709 -5.54496 -1.54367
v 67.00266 -5.58173 -1.51453
v 67.00266 -5.51868 -1.52304
v 66.75709 -5.46783 -1.55323
v 67.00266 -5.44231 -1.53256
v 67.15370 -5.56633 -1.50240
v 67.15370 -5.50366 -1.51088
v 67.15370 -5.42775 -1.52039
v 66.75709 -5.37756 -1.56382
v 66.75709 -5.27459 -1.57498
v 67.00266 -5.35293 -1.54311
v 67.00266 -5.25098 -1.55425
v 67.15370 -5.33890 -1.53092
v 67.15370 -5.23755 -1.54203
v 67.54395 -5.58805 -1.63302
v 67.54395 -5.59534 -1.63064
v 67.54395 -5.56620 -1.64018
v 67.54395 -5.52991 -1.65193
v 67.92762 -5.49086 -1.61882
v 67.92762 -5.54809 -1.60011
v 67.92762 -5.55526 -1.59776
v 67.92762 -5.52658 -1.60719
v 67.92762 -5.44111 -1.63477
v 67.54395 -5.57479 -1.46450
v 67.54395 -5.52651 -1.47123
v 67.54395 -5.46480 -1.47966
v 67.54395 -5.39006 -1.48911
v 67.92762 -5.42652 -1.44921
v 67.92762 -5.37754 -1.65494
v 67.54395 -5.30258 -1.49958
v 67.54395 -5.20279 -1.51065
v 67.92762 -5.35293 -1.45860
v 67.92762 -5.26680 -1.46901
v 67.92762 -5.58948 -1.42625
v 67.92762 -5.56894 -1.42926
v 67.92762 -5.53482 -1.43415
v 67.92762 -5.48728 -1.44083
v 66.75709 -5.15940 -1.58637
v 67.00266 -5.13694 -1.56561
v 66.75709 -5.03251 -1.59773
v 67.00266 -5.01131 -1.57695
v 67.15370 -4.99929 -1.56472
v 67.15370 -5.12419 -1.55338
v 66.75709 -4.89472 -1.60778
v 67.00266 -4.87487 -1.58701
v 67.15370 -4.86366 -1.57478
v 67.54395 -5.09117 -1.52195
v 67.54395 -4.96820 -1.53326
v 67.92762 -5.16855 -1.48002
v 67.92762 -5.05864 -1.49129
v 67.54395 -4.83465 -1.54333
v 67.92762 -4.93756 -1.50257
v 67.92762 -4.80606 -1.51263
v 65.49390 -4.74805 -2.09951
v 65.94556 -4.71661 -2.05460
v 65.94556 -4.54696 -2.08850
v 66.35431 -4.68804 -2.01422
v 66.35431 -4.52111 -2.04784
v 66.35431 -4.34484 -2.08020
v 65.49390 -4.67461 -1.73186
v 65.94556 -4.64395 -1.69298
v 65.49390 -4.49922 -1.73668
v 65.94556 -4.47158 -1.69796
v 66.35431 -4.16006 -2.11057
v 65.49390 -4.31518 -1.73885
v 65.94556 -4.29071 -1.70035
v 65.49390 -4.12359 -1.73687
v 65.49390 -3.92506 -1.73129
v 65.94556 -4.10241 -1.69867
v 66.75709 -4.65979 -1.97467
v 67.00266 -4.64251 -1.95067
v 67.15370 -4.63283 -1.93651
v 66.75709 -4.49554 -2.00801
v 67.00266 -4.47990 -1.98384
v 67.15370 -4.47119 -1.96957
v 67.54395 -4.60775 -1.90005
v 67.54395 -4.44861 -1.93283
v 67.92762 -4.42633 -1.89691
v 67.92762 -4.73017 -1.83141
v 67.92762 -4.58301 -1.86441
v 66.75709 -4.32210 -2.04013
v 67.00266 -4.30818 -2.01580
v 66.75709 -4.14028 -2.07030
v 67.00266 -4.12817 -2.04584
v 67.15370 -4.30049 -2.00143
v 66.75709 -3.95126 -2.09654
v 67.00266 -3.94102 -2.07201
v 67.15370 -4.12154 -2.03140
v 67.15370 -3.93550 -2.05751
v 67.54395 -4.28055 -1.96445
v 67.92762 -4.26086 -1.92827
v 67.54395 -3.92119 -2.02016
v 67.54395 -4.10436 -1.99420
v 67.92762 -4.08739 -1.95781
v 66.35431 -4.61611 -1.65807
v 66.35431 -4.44647 -1.66319
v 66.35431 -4.26847 -1.66577
v 66.35431 -4.08315 -1.66436
v 66.75709 -4.74651 -1.61665
v 67.00266 -4.72813 -1.59590
v 66.75709 -4.58858 -1.62392
v 67.00266 -4.57176 -1.60323
v 67.15370 -4.71779 -1.58368
v 67.15370 -4.56234 -1.59104
v 66.75709 -4.42165 -1.62917
v 67.00266 -4.40647 -1.60855
v 67.15370 -4.39802 -1.59641
v 67.54395 -4.69102 -1.55227
v 67.92762 -4.66463 -1.52161
v 67.54395 -4.53795 -1.55970
v 67.54395 -4.37614 -1.56518
v 67.92762 -4.51390 -1.52910
v 67.92762 -4.35456 -1.53469
v 66.75709 -4.24647 -1.63194
v 67.00266 -4.23301 -1.61142
v 67.15370 -4.22558 -1.59934
v 66.75709 -4.06408 -1.63078
v 67.00266 -4.05242 -1.61041
v 67.15370 -4.04605 -1.59843
v 67.54395 -4.20634 -1.56828
v 67.92762 -4.18735 -1.53793
v 67.54395 -4.02955 -1.56759
v 67.92762 -4.01325 -1.53746
v 68.30453 -5.17653 -1.67178
v 68.30453 -5.07553 -1.70070
v 68.51142 -5.05766 -1.68239
v 68.67449 -5.04573 -1.66875
v 68.30453 -4.96263 -1.73168
v 68.30453 -4.83834 -1.76429
v 68.51142 -4.94573 -1.71318
v 68.67449 -4.93453 -1.69942
v 68.51142 -4.82252 -1.74561
v 68.67449 -4.81211 -1.73171
v 69.03730 -4.90956 -1.66891
v 69.03730 -4.78891 -1.70089
v 69.39278 -4.76612 -1.67087
v 68.30453 -5.50875 -1.56802
v 68.30453 -5.51582 -1.56570
v 68.30453 -5.45242 -1.58653
v 68.30453 -5.48758 -1.57503
v 68.30453 -5.40344 -1.60230
v 68.51142 -5.46614 -1.55748
v 68.51142 -5.43129 -1.56890
v 68.51142 -5.49414 -1.54820
v 68.51142 -5.48714 -1.55051
v 68.67449 -5.47937 -1.53517
v 68.67449 -5.47242 -1.53747
v 68.67449 -5.45156 -1.54440
v 68.67449 -5.41693 -1.55578
v 68.30453 -5.34086 -1.62225
v 68.30453 -5.26512 -1.64544
v 68.51142 -5.38274 -1.58458
v 68.51142 -5.32070 -1.60441
v 68.67449 -5.36870 -1.57138
v 68.67449 -5.30706 -1.59112
v 68.51142 -5.24561 -1.62746
v 68.67449 -5.23247 -1.61406
v 69.03730 -5.43963 -1.50861
v 69.03730 -5.44648 -1.50633
v 69.03730 -5.41908 -1.51547
v 69.03730 -5.27668 -1.56170
v 69.03730 -5.20317 -1.58441
v 69.03730 -5.33742 -1.54216
v 69.03730 -5.38495 -1.52672
v 68.30453 -5.55606 -1.39573
v 68.30453 -5.54931 -1.39673
v 68.30453 -5.52909 -1.39972
v 68.30453 -5.49549 -1.40458
v 68.30453 -5.44868 -1.41121
v 68.30453 -5.38886 -1.41953
v 68.51142 -5.53393 -1.37963
v 68.51142 -5.52723 -1.38063
v 68.51142 -5.50718 -1.38361
v 68.67449 -5.51882 -1.36765
v 68.67449 -5.51217 -1.36865
v 68.67449 -5.49225 -1.37161
v 68.51142 -5.42747 -1.39505
v 68.51142 -5.47388 -1.38845
v 68.67449 -5.45916 -1.37644
v 68.67449 -5.41305 -1.38302
v 68.30453 -5.31640 -1.42886
v 68.30453 -5.23159 -1.43921
v 68.51142 -5.36816 -1.40333
v 68.51142 -5.29632 -1.41263
v 68.67449 -5.35412 -1.39128
v 68.67449 -5.28274 -1.40055
v 68.51142 -5.21223 -1.42295
v 68.67449 -5.19919 -1.41084
v 69.03730 -5.48518 -1.34113
v 69.03730 -5.47863 -1.34212
v 69.03730 -5.45899 -1.34507
v 69.03730 -5.42638 -1.34986
v 69.03730 -5.38093 -1.35640
v 69.03730 -5.32285 -1.36460
v 69.03730 -5.25250 -1.37382
v 68.51142 -5.15778 -1.65364
v 68.67449 -5.14520 -1.64013
v 68.30453 -5.13484 -1.45017
v 68.30453 -5.02662 -1.46138
v 68.30453 -4.90739 -1.47263
v 68.30453 -4.77791 -1.48270
v 68.51142 -4.89081 -1.45629
v 68.51142 -4.76242 -1.46635
v 69.03730 -5.11717 -1.61021
v 69.03730 -5.01915 -1.63854
v 68.51142 -5.11632 -1.43387
v 68.67449 -5.10389 -1.42175
v 68.51142 -5.00902 -1.44507
v 68.67449 -4.99728 -1.43292
v 68.67449 -4.87983 -1.44413
v 69.03730 -5.07622 -1.39490
v 69.03730 -5.17015 -1.38405
v 69.03730 -4.97114 -1.40603
v 69.03730 -4.85537 -1.41720
v 69.39278 -5.41420 -1.47827
v 69.39278 -5.40744 -1.48052
v 69.39278 -5.38719 -1.48731
v 69.39278 -5.30671 -1.51373
v 69.39278 -5.35355 -1.49844
v 69.39278 -5.24685 -1.53306
v 69.74075 -5.37588 -1.45322
v 69.74075 -5.38254 -1.45099
v 69.74075 -5.35592 -1.45993
v 69.74075 -5.32277 -1.47095
v 70.01764 -5.29823 -1.44920
v 69.74075 -5.21760 -1.50520
v 69.74075 -5.27660 -1.48607
v 70.01764 -5.25260 -1.46420
v 70.01764 -5.19428 -1.48316
v 70.08102 -5.24792 -1.45944
v 70.08102 -5.18975 -1.47837
v 69.39278 -5.45217 -1.31535
v 69.39278 -5.44571 -1.31633
v 69.39278 -5.42635 -1.31925
v 69.39278 -5.39420 -1.32401
v 69.74075 -5.41980 -1.29030
v 69.74075 -5.41343 -1.29127
v 69.74075 -5.39435 -1.29417
v 70.01764 -5.39401 -1.27050
v 70.01764 -5.38772 -1.27147
v 69.39278 -5.29216 -1.33865
v 69.39278 -5.22281 -1.34781
v 70.01764 -5.35073 -1.43162
v 70.01764 -5.35731 -1.42941
v 70.01764 -5.33100 -1.43827
v 69.39278 -5.34941 -1.33051
v 69.74075 -5.36266 -1.29890
v 69.74075 -5.31850 -1.30535
v 70.01764 -5.29388 -1.28546
v 70.01764 -5.36886 -1.27435
v 70.01764 -5.33753 -1.27905
v 69.74075 -5.26206 -1.31344
v 69.74075 -5.19370 -1.32254
v 70.01764 -5.23808 -1.29350
v 70.08102 -5.38894 -1.26619
v 70.08102 -5.35236 -1.42472
v 70.08102 -5.34580 -1.42692
v 70.08102 -5.32612 -1.43357
v 70.08102 -5.29344 -1.44447
v 70.41343 -5.32638 -1.40021
v 70.41343 -5.31991 -1.40239
v 70.41343 -5.30049 -1.40897
v 70.41343 -5.26825 -1.41976
v 70.41343 -5.22334 -1.43458
v 70.08102 -5.28906 -1.28114
v 70.08102 -5.38266 -1.26716
v 70.08102 -5.36385 -1.27004
v 70.08102 -5.33260 -1.27474
v 70.08102 -5.23340 -1.28917
v 70.41343 -5.36232 -1.24373
v 70.41343 -5.35612 -1.24469
v 70.41343 -5.33756 -1.24755
v 70.41343 -5.30673 -1.25221
v 70.41343 -5.26376 -1.25858
v 70.41343 -5.20884 -1.26656
v 69.39278 -5.08965 -1.58108
v 69.39278 -4.99304 -1.60913
v 69.74075 -4.96742 -1.58051
v 69.39278 -5.17440 -1.55553
v 69.74075 -5.14619 -1.52745
v 70.01764 -5.12370 -1.50523
v 69.74075 -5.06265 -1.55273
v 70.01764 -5.04113 -1.53030
v 69.39278 -4.88503 -1.63920
v 69.74075 -4.86096 -1.61028
v 70.01764 -4.94700 -1.55785
v 70.01764 -4.84177 -1.58739
v 70.08102 -5.11935 -1.50039
v 70.08102 -5.03699 -1.52542
v 70.41343 -5.16595 -1.45332
v 70.41343 -5.09649 -1.47513
v 70.41343 -5.01524 -1.49991
v 70.08102 -4.83813 -1.58241
v 70.08102 -4.94310 -1.55292
v 70.41343 -4.92261 -1.52714
v 70.41343 -4.81905 -1.55634
v 69.39278 -5.14164 -1.35799
v 69.39278 -5.04905 -1.36878
v 69.74075 -5.02240 -1.34339
v 69.74075 -5.11368 -1.33265
v 70.01764 -5.17050 -1.30256
v 70.01764 -5.09140 -1.31262
v 70.01764 -5.00116 -1.32331
v 69.39278 -4.94547 -1.37986
v 69.39278 -4.83135 -1.39100
v 69.74075 -4.92029 -1.35442
v 69.74075 -4.80778 -1.36552
v 70.01764 -4.78899 -1.34536
v 70.01764 -4.90022 -1.33429
v 70.08102 -5.16600 -1.29822
v 70.08102 -5.08709 -1.30827
v 70.08102 -4.99708 -1.31895
v 70.41343 -5.14233 -1.27556
v 70.41343 -5.06447 -1.28556
v 70.41343 -4.97565 -1.29619
v 70.08102 -4.78544 -1.34099
v 70.08102 -4.89639 -1.32993
v 70.41343 -4.87628 -1.30713
v 70.41343 -4.76680 -1.31816
v 68.30453 -4.70352 -1.79691
v 68.30453 -4.55863 -1.82961
v 68.51142 -4.54521 -1.81058
v 68.51142 -4.68885 -1.77805
v 68.67449 -4.67931 -1.76402
v 68.30453 -4.40436 -1.86182
v 68.67449 -4.53660 -1.79642
v 68.51142 -4.39227 -1.84264
v 68.67449 -4.38464 -1.82835
v 69.03730 -4.65803 -1.73291
v 69.03730 -4.36762 -1.79669
v 69.03730 -4.51738 -1.76502
v 68.30453 -4.24144 -1.89292
v 68.30453 -4.07063 -1.92224
v 68.51142 -4.06140 -1.90279
v 68.51142 -4.23074 -1.87360
v 68.67449 -4.22415 -1.85921
v 68.67449 -4.05590 -1.88831
v 69.03730 -4.20944 -1.82730
v 69.03730 -4.04361 -1.85619
v 69.39278 -4.63712 -1.70259
v 69.74075 -4.61660 -1.67308
v 69.39278 -4.49849 -1.73442
v 69.39278 -4.35088 -1.76582
v 69.74075 -4.47994 -1.70462
v 70.01764 -4.46514 -1.68102
v 70.08102 -4.46246 -1.67588
v 69.39278 -4.19497 -1.79619
v 69.74075 -4.33443 -1.73576
v 70.01764 -4.32129 -1.71194
v 69.74075 -4.18074 -1.76588
v 70.01764 -4.16937 -1.74186
v 69.39278 -4.03151 -1.82487
v 69.74075 -4.01960 -1.79435
v 70.01764 -4.01007 -1.77016
v 70.08102 -4.31898 -1.70674
v 70.08102 -4.16744 -1.73662
v 70.41343 -4.30682 -1.67957
v 70.41343 -4.15729 -1.70921
v 70.08102 -4.00855 -1.76488
v 70.41343 -4.00051 -1.73726
v 68.30453 -4.63863 -1.49169
v 68.67449 -4.75227 -1.45419
v 68.51142 -4.62433 -1.47536
v 68.67449 -4.61506 -1.46321
v 68.30453 -4.49020 -1.49924
v 68.51142 -4.47717 -1.48294
v 68.67449 -4.46883 -1.47081
v 69.03730 -4.72963 -1.42725
v 69.03730 -4.59439 -1.43629
v 69.03730 -4.45025 -1.44394
v 68.30453 -4.33330 -1.50493
v 68.30453 -4.16863 -1.50832
v 68.51142 -4.32159 -1.48868
v 68.67449 -4.31425 -1.47659
v 68.51142 -4.15833 -1.49214
v 68.67449 -4.15202 -1.48011
v 68.30453 -3.99717 -1.50805
v 68.51142 -3.98832 -1.49199
v 68.67449 -3.98309 -1.48003
v 69.03730 -4.29787 -1.44980
v 69.03730 -4.13796 -1.45345
v 69.03730 -3.97143 -1.45356
v 69.74075 -4.74375 -1.64165
v 70.01764 -4.72591 -1.61852
v 70.01764 -4.60022 -1.64970
v 70.08102 -4.72257 -1.61348
v 70.08102 -4.59720 -1.64461
v 70.41343 -4.70503 -1.58712
v 70.41343 -4.58133 -1.61797
v 70.41343 -4.44839 -1.64897
v 69.39278 -4.70740 -1.40104
v 69.39278 -4.57408 -1.41009
v 69.74075 -4.68559 -1.37554
v 70.01764 -4.66819 -1.35537
v 69.74075 -4.55415 -1.38460
v 69.39278 -4.43199 -1.41778
v 70.01764 -4.53825 -1.36444
v 69.74075 -4.41406 -1.39233
v 70.01764 -4.39975 -1.37220
v 70.08102 -4.66494 -1.35100
v 70.41343 -4.64789 -1.32816
v 70.08102 -4.53533 -1.36007
v 70.08102 -4.39718 -1.36784
v 70.41343 -4.51998 -1.33724
v 70.41343 -4.38365 -1.34504
v 69.39278 -4.28177 -1.42372
v 69.74075 -4.26596 -1.39834
v 70.01764 -4.25334 -1.37826
v 69.39278 -4.12412 -1.42748
v 69.39278 -3.95995 -1.42776
v 69.74075 -4.11052 -1.40221
v 70.01764 -4.09967 -1.38221
v 69.74075 -3.94866 -1.40266
v 70.01764 -3.93964 -1.38279
v 70.08102 -4.25113 -1.37391
v 70.41343 -4.23952 -1.35119
v 70.08102 -4.09784 -1.37788
v 70.08102 -3.93821 -1.37849
v 70.41343 -4.08824 -1.35526
v 70.41343 -3.93070 -1.35602
v 65.49390 -3.79772 -2.24707
v 65.94556 -3.78278 -2.20122
v 65.49390 -3.58611 -2.26605
v 65.94556 -3.57482 -2.22023
v 66.35431 -3.76914 -2.15995
v 66.35431 -3.56449 -2.17896
v 65.49390 -3.36943 -2.28040
v 65.94556 -3.36188 -2.23469
v 65.49390 -3.14862 -2.28974
v 65.94556 -3.14486 -2.24424
v 66.35431 -3.35493 -2.19352
v 66.35431 -3.14135 -2.20324
v 66.75709 -3.75560 -2.11947
v 66.75709 -3.55421 -2.13849
v 67.00266 -3.54789 -2.11391
v 66.75709 -3.34798 -2.15313
v 67.00266 -3.34369 -2.12859
v 67.15370 -3.34170 -2.11408
v 66.75709 -3.13778 -2.16302
v 67.00266 -3.13556 -2.13858
v 67.15370 -3.13479 -2.12411
v 65.49390 -2.92517 -2.29147
v 65.94556 -2.92524 -2.24631
v 65.49390 -2.69955 -2.28731
v 65.94556 -2.70349 -2.24259
v 66.35431 -2.92520 -2.20562
v 66.35431 -2.70694 -2.20229
v 65.49390 -2.47274 -2.27694
v 65.94556 -2.48054 -2.23277
v 65.49390 -2.24567 -2.26017
v 65.94556 -2.25734 -2.21666
v 66.35431 -2.48749 -2.19296
v 66.35431 -2.26779 -2.17743
v 66.75709 -2.92506 -2.16567
v 67.00266 -2.92492 -2.14140
v 67.15370 -2.92538 -2.12703
v 66.75709 -2.71024 -2.16272
v 67.00266 -2.71220 -2.13866
v 67.15370 -2.71391 -2.12442
v 66.75709 -2.49425 -2.15386
v 67.00266 -2.49831 -2.13008
v 67.15370 -2.50127 -2.11601
v 66.75709 -2.27800 -2.13890
v 67.00266 -2.28417 -2.11547
v 65.49390 -3.72050 -1.72173
v 65.94556 -3.90729 -1.69348
v 65.94556 -3.70623 -1.68437
v 65.49390 -3.51077 -1.70795
v 65.94556 -3.50008 -1.67112
v 65.49390 -3.29672 -1.68988
v 67.00266 -3.74730 -2.09489
v 67.15370 -3.74293 -2.08036
v 67.15370 -3.54470 -2.09937
v 67.54395 -3.73157 -2.04293
v 67.92762 -3.72032 -2.00630
v 67.92762 -3.90703 -1.98363
v 67.54395 -3.53639 -2.06193
v 67.92762 -3.52812 -2.02527
v 67.54395 -3.33649 -2.07668
v 67.92762 -3.33128 -2.04007
v 67.54395 -3.13275 -2.08684
v 67.92762 -3.13065 -2.05035
v 66.35431 -3.89112 -1.65949
v 66.35431 -3.69322 -1.65079
v 65.94556 -3.28969 -1.65366
v 65.49390 -3.07970 -1.66559
v 65.94556 -3.07636 -1.63009
v 66.35431 -3.49032 -1.63801
v 66.35431 -3.28323 -1.62110
v 66.35431 -3.07325 -1.59818
v 66.75709 -3.87509 -1.62623
v 67.00266 -3.86527 -1.60606
v 67.15370 -3.86000 -1.59418
v 66.75709 -3.68032 -1.61791
v 67.00266 -3.67241 -1.59797
v 67.15370 -3.66827 -1.58623
v 67.54395 -3.84633 -1.56363
v 67.92762 -3.83282 -1.53377
v 67.54395 -3.65751 -1.55603
v 67.92762 -3.64687 -1.52651
v 66.75709 -3.48061 -1.60559
v 67.00266 -3.47466 -1.58593
v 67.15370 -3.47167 -1.57435
v 66.75709 -3.27678 -1.58921
v 67.00266 -3.27281 -1.56987
v 67.15370 -3.27100 -1.55848
v 67.54395 -3.46390 -1.54456
v 67.92762 -3.45619 -1.51545
v 67.54395 -3.26627 -1.52917
v 67.92762 -3.26155 -1.50053
v 67.54395 -2.92653 -2.09000
v 67.92762 -2.92757 -2.05373
v 67.54395 -2.71827 -2.08772
v 67.92762 -2.72247 -2.05176
v 67.15370 -2.28837 -2.10159
v 67.54395 -2.50886 -2.07972
v 67.92762 -2.51623 -2.04416
v 67.54395 -2.29918 -2.06580
v 67.92762 -2.30973 -2.03073
v 65.49390 -2.86020 -1.63664
v 65.94556 -2.86059 -1.60196
v 66.35431 -2.86085 -1.57077
v 65.49390 -2.63912 -1.60303
v 65.94556 -2.64326 -1.56925
v 65.49390 -2.41735 -1.56480
v 65.94556 -2.42524 -1.53199
v 66.35431 -2.64691 -1.53886
v 66.35431 -2.43230 -1.50248
v 66.75709 -3.07010 -1.56692
v 67.00266 -3.06814 -1.54796
v 67.15370 -3.06751 -1.53680
v 66.75709 -2.86103 -1.54022
v 67.00266 -2.86110 -1.52168
v 67.15370 -2.86168 -1.51077
v 67.15370 -2.65434 -1.48038
v 67.54395 -3.06586 -1.50807
v 67.54395 -2.86313 -1.48269
v 67.92762 -3.06417 -1.47998
v 67.92762 -2.86449 -1.45523
v 67.54395 -2.65891 -1.45302
v 67.92762 -2.66335 -1.42625
v 66.75709 -2.65044 -1.50908
v 67.00266 -2.65255 -1.49102
v 67.00266 -2.44332 -1.45601
v 66.75709 -2.43917 -1.47356
v 67.15370 -2.44632 -1.44568
v 67.00266 -2.23426 -1.41673
v 67.15370 -2.23847 -1.40673
v 67.54395 -2.45403 -1.41909
v 67.92762 -2.46154 -1.39309
v 67.54395 -2.24929 -1.38099
v 67.92762 -2.25988 -1.35581
v 68.30453 -3.89304 -1.94791
v 68.30453 -3.70919 -1.97048
v 68.51142 -3.88532 -1.92837
v 68.67449 -3.88095 -1.91382
v 68.30453 -3.51993 -1.98942
v 68.51142 -3.70304 -1.95089
v 68.67449 -3.69984 -1.93630
v 68.51142 -3.51539 -1.96980
v 68.67449 -3.51339 -1.95519
v 69.03730 -3.69266 -1.90393
v 69.03730 -3.50888 -1.92278
v 69.03730 -3.87117 -1.88156
v 68.30453 -3.32609 -2.00425
v 68.51142 -3.32320 -1.98465
v 68.67449 -3.32242 -1.97005
v 68.30453 -3.12851 -2.01464
v 68.51142 -3.12730 -1.99509
v 68.67449 -3.12777 -1.98054
v 69.03730 -3.32064 -1.93767
v 69.03730 -3.12876 -1.94823
v 69.39278 -3.50439 -1.89116
v 69.39278 -3.86153 -1.85008
v 69.74075 -3.85203 -1.81940
v 70.01764 -3.84442 -1.79509
v 69.39278 -3.68556 -1.87235
v 69.74075 -3.67854 -1.84157
v 70.01764 -3.67292 -1.81716
v 69.74075 -3.49993 -1.86032
v 70.01764 -3.49634 -1.83587
v 70.08102 -3.84331 -1.78978
v 70.41343 -3.83747 -1.76199
v 70.08102 -3.67224 -1.81183
v 70.08102 -3.49611 -1.83052
v 70.41343 -3.66866 -1.78393
v 70.41343 -3.49485 -1.80255
v 69.39278 -3.31883 -1.90605
v 69.39278 -3.12966 -1.91670
v 69.74075 -3.31699 -1.87522
v 70.01764 -3.31548 -1.85077
v 69.74075 -3.13048 -1.88594
v 70.01764 -3.13109 -1.86154
v 70.08102 -3.31570 -1.84542
v 70.41343 -3.31682 -1.81743
v 70.08102 -3.13177 -1.85620
v 70.41343 -3.13532 -1.82825
v 68.30453 -3.81948 -1.50463
v 68.51142 -3.81213 -1.48871
v 68.67449 -3.80802 -1.47686
v 68.30453 -3.63634 -1.49769
v 68.51142 -3.63054 -1.48194
v 68.67449 -3.62758 -1.47023
v 69.03730 -3.79885 -1.45062
v 69.03730 -3.62097 -1.44427
v 68.30453 -3.44854 -1.48702
v 68.51142 -3.44432 -1.47148
v 68.67449 -3.44254 -1.45993
v 68.30453 -3.25685 -1.47255
v 68.51142 -3.25424 -1.45726
v 68.67449 -3.25366 -1.44589
v 69.03730 -3.43855 -1.43432
v 69.03730 -3.25234 -1.42068
v 69.39278 -3.78980 -1.42505
v 69.74075 -3.78090 -1.40016
v 70.01764 -3.77377 -1.38045
v 69.39278 -3.61443 -1.41898
v 69.74075 -3.60798 -1.39436
v 70.01764 -3.60281 -1.37486
v 70.08102 -3.77276 -1.37619
v 70.41343 -3.76741 -1.35392
v 70.08102 -3.60222 -1.37065
v 70.41343 -3.59910 -1.34863
v 69.39278 -3.43458 -1.40936
v 69.74075 -3.43064 -1.38505
v 70.01764 -3.42747 -1.36581
v 69.39278 -3.25098 -1.39611
v 69.74075 -3.24961 -1.37218
v 70.01764 -3.24848 -1.35323
v 70.08102 -3.42732 -1.36165
v 70.41343 -3.42648 -1.33993
v 70.08102 -3.24877 -1.34914
v 70.41343 -3.25026 -1.32776
v 68.30453 -2.92851 -2.01823
v 68.51142 -2.92899 -1.99880
v 68.67449 -2.93072 -1.98433
v 68.30453 -2.72652 -2.01656
v 68.51142 -2.72870 -1.99729
v 68.67449 -2.73170 -1.98294
v 69.03730 -2.93451 -1.95221
v 69.03730 -2.73832 -1.95108
v 68.30453 -2.52340 -2.00934
v 68.51142 -2.52730 -1.99028
v 68.67449 -2.53156 -1.97608
v 68.30453 -2.32000 -1.99639
v 68.51142 -2.32561 -1.97758
v 68.67449 -2.33115 -1.96357
v 69.03730 -2.54102 -1.94456
v 69.03730 -2.34343 -1.93246
v 69.39278 -2.93816 -1.92085
v 69.74075 -2.94167 -1.89025
v 69.39278 -2.74473 -1.91996
v 70.01764 -2.94442 -1.86597
v 69.74075 -2.75095 -1.88960
v 70.01764 -2.75586 -1.86550
v 70.08102 -2.94557 -1.86066
v 70.41343 -2.95155 -1.83284
v 70.08102 -2.75747 -1.86023
v 70.41343 -2.76592 -1.83260
v 69.39278 -2.55021 -1.91376
v 69.39278 -2.35540 -1.90207
v 69.74075 -2.55915 -1.88371
v 70.01764 -2.56621 -1.85986
v 69.74075 -2.36706 -1.87241
v 70.01764 -2.37629 -1.84886
v 70.08102 -2.56830 -1.85463
v 70.41343 -2.57922 -1.82727
v 70.08102 -2.37884 -1.84370
v 70.41343 -2.39224 -1.81667
v 68.30453 -3.06244 -1.45254
v 68.30453 -2.86577 -1.42839
v 68.51142 -3.06146 -1.43754
v 68.67449 -3.06210 -1.42639
v 68.51142 -2.86644 -1.41373
v 68.67449 -2.86830 -1.40282
v 68.30453 -2.66764 -1.40009
v 68.51142 -2.66997 -1.38580
v 68.67449 -2.67307 -1.37517
v 69.03730 -3.06347 -1.40167
v 69.03730 -2.87241 -1.37865
v 69.03730 -2.67992 -1.35160
v 68.30453 -2.46885 -1.36767
v 68.51142 -2.47284 -1.35378
v 68.67449 -2.47718 -1.34345
v 68.30453 -2.27021 -1.33120
v 68.51142 -2.27586 -1.31774
v 68.67449 -2.28142 -1.30774
v 69.03730 -2.48678 -1.32054
v 69.03730 -2.29376 -1.28556
v 69.39278 -3.06477 -1.37757
v 69.39278 -2.87638 -1.35508
v 69.74075 -3.06599 -1.35410
v 70.01764 -3.06693 -1.33550
v 69.74075 -2.88022 -1.33212
v 70.01764 -2.88324 -1.31393
v 69.39278 -2.68658 -1.32861
v 69.74075 -2.69305 -1.30622
v 70.01764 -2.69817 -1.28848
v 70.08102 -3.06766 -1.33150
v 70.08102 -2.88443 -1.31001
v 70.41343 -3.07151 -1.31053
v 70.41343 -2.89065 -1.28951
v 70.08102 -2.69981 -1.28466
v 70.41343 -2.70843 -1.26468
v 69.39278 -2.49613 -1.29821
v 69.74075 -2.50524 -1.27644
v 70.01764 -2.51246 -1.25919
v 69.39278 -2.30581 -1.26392
v 69.74075 -2.31755 -1.24284
v 70.01764 -2.32687 -1.22613
v 70.08102 -2.51457 -1.25548
v 70.41343 -2.52558 -1.23607
v 70.73781 -5.29460 -1.37860
v 70.73781 -5.30099 -1.37644
v 70.73781 -5.24362 -1.39580
v 70.73781 -5.19931 -1.41047
v 70.73781 -5.27544 -1.38511
v 71.05399 -5.26989 -1.35556
v 71.05399 -5.27619 -1.35342
v 71.05399 -5.25098 -1.36200
v 71.05399 -5.21958 -1.37258
v 71.05399 -5.17585 -1.38710
v 71.36180 -5.22713 -1.33963
v 71.36180 -5.19614 -1.35011
v 70.73781 -5.31187 -1.22575
v 70.73781 -5.28144 -1.23038
v 70.73781 -5.23903 -1.23671
v 70.73781 -5.18484 -1.24464
v 71.36180 -5.24579 -1.33325
v 71.36180 -5.25202 -1.33113
v 71.52640 -5.18359 -1.33814
v 71.52640 -5.23289 -1.32138
v 71.52640 -5.23907 -1.31927
v 71.52640 -5.21436 -1.32772
v 71.66109 -5.23073 -1.30946
v 71.66109 -5.22459 -1.31155
v 71.66109 -5.20616 -1.31787
v 71.66109 -5.17557 -1.32824
v 71.95172 -5.20664 -1.29044
v 71.95172 -5.21271 -1.28837
v 71.95172 -5.18846 -1.29669
v 70.73781 -5.07415 -1.45061
v 70.73781 -4.99397 -1.47515
v 71.05399 -4.97320 -1.45116
v 70.73781 -4.90256 -1.50212
v 70.73781 -4.80037 -1.53105
v 71.05399 -4.88299 -1.47787
v 71.36180 -4.86389 -1.45438
v 71.05399 -4.78213 -1.50652
v 71.36180 -4.76433 -1.48276
v 70.73781 -5.14269 -1.42902
v 71.05399 -5.11997 -1.40547
v 71.36180 -5.15297 -1.36449
v 71.36180 -5.09781 -1.38268
v 71.05399 -5.05233 -1.42685
v 71.36180 -5.03104 -1.40385
v 70.73781 -5.11919 -1.25359
v 70.73781 -5.04235 -1.26354
v 71.05399 -5.09660 -1.23231
v 71.05399 -5.02075 -1.24221
v 71.36180 -4.95293 -1.42792
v 70.73781 -4.95469 -1.27412
v 70.73781 -4.85662 -1.28502
v 71.05399 -4.93422 -1.25274
v 71.36180 -4.91427 -1.23205
v 71.05399 -4.83742 -1.26359
v 71.36180 -4.81869 -1.24285
v 71.52640 -5.14072 -1.35245
v 71.52640 -5.08595 -1.37054
v 71.66109 -5.13296 -1.34248
v 71.66109 -5.07851 -1.36049
v 71.52640 -5.01965 -1.39160
v 71.66109 -5.01261 -1.38145
v 71.95172 -5.06245 -1.33887
v 71.95172 -4.99739 -1.35962
v 71.95172 -5.15826 -1.30696
v 71.95172 -5.11620 -1.32105
v 71.52640 -4.94208 -1.41555
v 71.66109 -4.93550 -1.40528
v 71.52640 -4.85366 -1.44187
v 71.66109 -4.84760 -1.43148
v 71.95172 -4.92128 -1.38322
v 71.95172 -4.83450 -1.40916
v 71.52640 -4.80866 -1.23182
v 72.23353 -5.18921 -1.27008
v 72.23353 -5.19520 -1.26803
v 72.50637 -5.17822 -1.24844
v 72.23353 -4.98260 -1.33857
v 72.23353 -5.14144 -1.28643
v 72.23353 -5.09991 -1.30038
v 72.23353 -5.17125 -1.27627
v 72.23353 -5.04684 -1.31802
v 72.50637 -5.08411 -1.28047
v 72.50637 -5.15457 -1.25660
v 72.50637 -5.12512 -1.26666
v 72.50637 -5.17230 -1.25047
v 72.50637 -5.03170 -1.29794
v 72.50637 -4.96826 -1.31828
v 72.23353 -4.90745 -1.36193
v 72.23353 -4.82177 -1.38761
v 72.50637 -4.89403 -1.34142
v 72.50637 -4.80941 -1.36685
v 72.77010 -5.15593 -1.23161
v 72.77010 -5.16178 -1.22960
v 72.77010 -5.13842 -1.23768
v 72.77010 -5.10933 -1.24764
v 73.02460 -5.09406 -1.22938
v 72.77010 -5.06881 -1.26132
v 72.77010 -5.01703 -1.27862
v 73.02460 -5.05402 -1.24293
v 73.02460 -5.00286 -1.26007
v 72.77010 -4.79744 -1.34688
v 72.77010 -4.95436 -1.29877
v 72.77010 -4.88104 -1.32168
v 73.02460 -4.94093 -1.28002
v 73.02460 -4.86847 -1.30272
v 73.02460 -4.78586 -1.32769
v 73.26974 -4.93445 -1.24225
v 73.26974 -4.86396 -1.26438
v 73.26974 -4.78359 -1.28872
v 70.73781 -4.14734 -1.68258
v 70.73781 -3.99262 -1.71041
v 71.05399 -3.98488 -1.68436
v 70.73781 -4.68787 -1.56154
v 70.73781 -4.56580 -1.59211
v 71.05399 -4.55062 -1.56702
v 71.05399 -4.67109 -1.53673
v 71.36180 -4.65472 -1.51269
v 70.73781 -4.43461 -1.62283
v 71.05399 -4.42113 -1.59747
v 71.36180 -4.40797 -1.57290
v 71.36180 -4.53579 -1.54272
v 71.52640 -4.75479 -1.47011
v 71.66109 -4.74932 -1.45959
v 71.52640 -4.64595 -1.49989
v 71.66109 -4.64112 -1.48924
v 71.95172 -4.63067 -1.46635
v 71.52640 -4.40091 -1.55981
v 71.52640 -4.52785 -1.52976
v 71.66109 -4.52371 -1.51899
v 71.66109 -4.39753 -1.54891
v 71.95172 -4.51477 -1.49582
v 71.95172 -4.39020 -1.52546
v 70.73781 -4.74857 -1.29601
v 70.73781 -4.63121 -1.30600
v 71.05399 -4.73076 -1.27455
v 71.36180 -4.71339 -1.25377
v 71.05399 -4.61491 -1.28452
v 71.36180 -4.59901 -1.26373
v 70.73781 -4.50496 -1.31509
v 70.73781 -4.37040 -1.32293
v 71.05399 -4.49029 -1.29362
v 71.36180 -4.47597 -1.27283
v 71.05399 -4.35746 -1.30149
v 71.36180 -4.34482 -1.28073
v 71.95172 -4.73749 -1.43699
v 71.52640 -4.70409 -1.24271
v 71.66109 -4.69881 -1.23357
v 71.52640 -4.59049 -1.25266
v 71.66109 -4.58588 -1.24351
v 71.52640 -4.46829 -1.26176
v 71.66109 -4.46439 -1.25261
v 71.52640 -4.33804 -1.26967
v 71.66109 -4.33490 -1.26053
v 71.95172 -4.45595 -1.23294
v 70.73781 -4.29491 -1.65318
v 71.05399 -4.28325 -1.62756
v 71.36180 -4.27185 -1.60274
v 71.05399 -4.13760 -1.65673
v 71.36180 -4.12807 -1.63167
v 71.36180 -3.97730 -1.65909
v 71.52640 -4.26574 -1.58951
v 71.66109 -4.26315 -1.57849
v 71.95172 -4.25754 -1.55478
v 71.52640 -4.12295 -1.61832
v 71.66109 -4.12121 -1.60718
v 71.52640 -3.97323 -1.64562
v 71.66109 -3.97236 -1.63439
v 71.95172 -4.11741 -1.58322
v 71.95172 -3.97046 -1.61020
v 70.73781 -4.22815 -1.32913
v 71.05399 -4.21702 -1.30775
v 71.36180 -4.20616 -1.28704
v 70.73781 -4.07883 -1.33331
v 70.73781 -3.92333 -1.33421
v 71.05399 -4.06962 -1.31202
v 71.36180 -4.06062 -1.29139
v 71.05399 -3.91611 -1.31306
v 71.52640 -4.20034 -1.27601
v 71.66109 -4.19799 -1.26689
v 71.95172 -4.32809 -1.24087
v 71.95172 -4.19291 -1.24728
v 71.52640 -4.05580 -1.28041
v 71.66109 -4.05429 -1.27132
v 71.95172 -4.05102 -1.25178
v 72.23353 -4.50607 -1.47345
v 72.23353 -4.38306 -1.50282
v 72.50637 -4.49761 -1.45189
v 72.50637 -4.37612 -1.48099
v 72.77010 -4.36937 -1.45997
v 72.23353 -4.72598 -1.41518
v 72.23353 -4.62051 -1.44426
v 72.50637 -4.71481 -1.39416
v 72.50637 -4.61064 -1.42296
v 72.77010 -4.70398 -1.37392
v 73.02460 -4.69350 -1.35448
v 72.77010 -4.60107 -1.40246
v 73.02460 -4.59180 -1.38276
v 73.26974 -4.59478 -1.34243
v 73.26974 -4.69373 -1.31485
v 72.77010 -4.48940 -1.43113
v 73.02460 -4.48145 -1.41117
v 73.02460 -4.36283 -1.43977
v 73.26974 -4.48742 -1.37014
v 73.26974 -4.37201 -1.39804
v 72.23353 -4.25207 -1.53188
v 72.50637 -4.24673 -1.50979
v 72.23353 -4.11369 -1.56008
v 72.23353 -3.96858 -1.58684
v 72.50637 -3.96673 -1.56430
v 72.50637 -4.11005 -1.53775
v 72.77010 -4.24154 -1.48853
v 73.02460 -4.23651 -1.46808
v 72.77010 -4.10651 -1.51626
v 73.02460 -4.10306 -1.49558
v 72.77010 -3.96490 -1.54259
v 73.02460 -3.96311 -1.52171
v 73.26974 -4.11926 -1.45251
v 73.26974 -3.98310 -1.47802
v 72.23353 -4.18796 -1.22834
v 72.23353 -4.04782 -1.23291
v 73.26974 -4.24910 -1.42566
v 73.50538 -4.85982 -1.22704
v 73.50538 -4.78164 -1.25077
v 73.50538 -4.69423 -1.27624
v 73.50538 -4.59799 -1.30313
v 73.73141 -4.69467 -1.23937
v 73.73141 -4.60101 -1.26559
v 73.94770 -4.60386 -1.22980
v 73.50538 -4.38128 -1.35736
v 73.50538 -4.49355 -1.33015
v 73.73141 -4.49937 -1.29194
v 73.94770 -4.50491 -1.25552
v 73.73141 -4.39013 -1.31849
v 73.94770 -4.39855 -1.28142
v 74.15416 -4.40654 -1.24617
v 73.50538 -4.26172 -1.38431
v 73.50538 -4.13542 -1.41049
v 73.73141 -4.27378 -1.34478
v 73.73141 -4.15086 -1.37034
v 73.94770 -4.28526 -1.30708
v 73.94770 -4.16559 -1.33204
v 73.50538 -4.00296 -1.43539
v 73.73141 -4.02195 -1.39464
v 73.94770 -4.04008 -1.35577
v 74.15416 -4.29619 -1.27122
v 74.34580 -4.30629 -1.23805
v 74.15416 -4.17961 -1.29559
v 74.34580 -4.19258 -1.26187
v 74.15416 -3.93016 -1.33943
v 74.15416 -4.05734 -1.31878
v 74.34580 -4.07333 -1.28455
v 74.34580 -3.94927 -1.30475
v 70.73781 -3.83171 -1.73499
v 71.05399 -3.82605 -1.70877
v 71.36180 -3.82050 -1.68335
v 70.73781 -3.66511 -1.75680
v 71.05399 -3.66161 -1.73047
v 71.36180 -3.65815 -1.70492
v 71.52640 -3.81751 -1.66979
v 71.52640 -3.65628 -1.69130
v 71.66109 -3.65727 -1.67991
v 71.95172 -3.49642 -1.67362
v 70.73781 -3.31786 -1.79022
v 70.73781 -3.49358 -1.77535
v 71.05399 -3.49228 -1.74894
v 71.36180 -3.49098 -1.72332
v 71.05399 -3.31883 -1.76378
v 71.36180 -3.31972 -1.73813
v 70.73781 -3.13872 -1.80107
v 71.05399 -3.14199 -1.77467
v 71.36180 -3.14513 -1.74905
v 71.52640 -3.49026 -1.70965
v 71.66109 -3.49222 -1.69822
v 71.52640 -3.32019 -1.72445
v 71.66109 -3.32314 -1.71300
v 71.95172 -3.32948 -1.68835
v 71.52640 -3.14679 -1.73538
v 71.66109 -3.15075 -1.72393
v 71.95172 -3.15927 -1.69927
v 72.23353 -3.16750 -1.67544
v 71.66109 -3.81756 -1.65847
v 71.95172 -3.81763 -1.63410
v 71.95172 -3.65938 -1.65541
v 70.73781 -3.76216 -1.33230
v 71.36180 -3.90905 -1.29257
v 71.05399 -3.75700 -1.31133
v 71.36180 -3.75194 -1.29101
v 70.73781 -3.59602 -1.32724
v 71.05399 -3.59298 -1.30649
v 71.36180 -3.58999 -1.28639
v 71.52640 -3.90526 -1.28165
v 71.66109 -3.90463 -1.27262
v 71.52640 -3.74922 -1.28018
v 71.66109 -3.74949 -1.27122
v 71.95172 -3.90324 -1.25320
v 71.95172 -3.75005 -1.25196
v 71.52640 -3.58837 -1.27567
v 71.66109 -3.58957 -1.26681
v 71.95172 -3.59214 -1.24774
v 70.73781 -3.42563 -1.31883
v 71.05399 -3.42476 -1.29835
v 71.36180 -3.42388 -1.27851
v 70.73781 -3.25167 -1.30699
v 70.73781 -3.07522 -1.29016
v 71.05399 -3.25302 -1.28684
v 71.36180 -3.25429 -1.26730
v 71.05399 -3.07880 -1.27039
v 71.36180 -3.08226 -1.25122
v 71.52640 -3.42339 -1.26793
v 71.66109 -3.42554 -1.25918
v 71.95172 -3.43017 -1.24035
v 71.52640 -3.25496 -1.25688
v 71.66109 -3.25808 -1.24827
v 71.52640 -3.08409 -1.24100
v 71.66109 -3.08820 -1.23255
v 71.95172 -3.26480 -1.22972
v 72.23353 -3.81766 -1.61056
v 72.50637 -3.81765 -1.58785
v 72.23353 -3.66138 -1.63172
v 72.23353 -3.50046 -1.64984
v 72.50637 -3.66329 -1.60887
v 72.50637 -3.50433 -1.62689
v 72.77010 -3.81761 -1.56597
v 73.02460 -3.81755 -1.54492
v 73.26974 -3.84146 -1.50069
v 72.77010 -3.66509 -1.58685
v 73.02460 -3.66681 -1.56567
v 72.77010 -3.50803 -1.60477
v 73.02460 -3.51158 -1.58350
v 73.26974 -3.69479 -1.52097
v 73.26974 -3.54375 -1.53841
v 72.23353 -3.90186 -1.23444
v 72.23353 -3.75057 -1.23335
v 72.23353 -3.59460 -1.22932
v 72.23353 -3.33559 -1.66451
v 72.50637 -3.34147 -1.64151
v 72.50637 -3.17542 -1.65243
v 72.77010 -3.34712 -1.61934
v 73.02460 -3.35255 -1.59801
v 73.26974 -3.38900 -1.55263
v 72.77010 -3.18305 -1.63025
v 73.02460 -3.19038 -1.60891
v 73.26974 -3.23121 -1.56333
v 70.73781 -2.95734 -1.80578
v 71.05399 -2.96293 -1.77949
v 71.36180 -2.96833 -1.75397
v 70.73781 -2.77411 -1.80573
v 71.05399 -2.78205 -1.77961
v 71.36180 -2.78973 -1.75426
v 71.52640 -2.97120 -1.74036
v 71.66109 -2.97619 -1.72894
v 71.95172 -2.98691 -1.70437
v 71.52640 -2.79382 -1.74073
v 71.66109 -2.79984 -1.72938
v 71.95172 -2.81278 -1.70495
v 70.73781 -2.58983 -1.80065
v 71.05399 -2.60012 -1.77477
v 71.36180 -2.61009 -1.74965
v 70.73781 -2.40525 -1.79037
v 71.05399 -2.41789 -1.76480
v 71.36180 -2.43015 -1.73997
v 71.05399 -2.23613 -1.74959
v 71.36180 -2.25067 -1.72513
v 71.52640 -2.61540 -1.73624
v 71.66109 -2.62245 -1.72499
v 71.66109 -2.44477 -1.71559
v 71.95172 -2.63763 -1.70075
v 71.95172 -2.46218 -1.69161
v 71.52640 -2.43669 -1.72672
v 71.52640 -2.25842 -1.71207
v 71.66109 -2.26753 -1.70109
v 71.95172 -2.28716 -1.67744
v 72.23353 -2.99727 -1.68061
v 72.23353 -2.82530 -1.68131
v 72.23353 -2.65230 -1.67731
v 72.23353 -2.47902 -1.66842
v 70.73781 -2.89668 -1.26959
v 71.05399 -2.90253 -1.25025
v 71.36180 -2.90819 -1.23151
v 70.73781 -2.71680 -1.24526
v 71.05399 -2.72492 -1.22641
v 72.50637 -3.00727 -1.65766
v 72.50637 -2.83738 -1.65849
v 72.50637 -2.66648 -1.65466
v 72.77010 -3.01689 -1.63555
v 73.02460 -3.02615 -1.61426
v 73.26974 -3.07140 -1.56864
v 73.26974 -2.90993 -1.56976
v 72.77010 -2.84902 -1.63649
v 73.02460 -2.86022 -1.61531
v 72.77010 -2.68014 -1.63283
v 73.02460 -2.69330 -1.61181
v 73.26974 -2.74749 -1.56647
v 72.50637 -2.49528 -1.64601
v 72.23353 -2.30615 -1.65456
v 72.50637 -2.32450 -1.63245
v 72.77010 -2.51097 -1.62441
v 73.02460 -2.52608 -1.60361
v 73.26974 -2.58477 -1.55859
v 72.77010 -2.34220 -1.61114
v 73.02460 -2.35926 -1.59061
v 73.26974 -2.42242 -1.54604
v 73.26974 -2.26143 -1.52732
v 73.50538 -3.86517 -1.45753
v 73.50538 -3.72249 -1.47735
v 73.50538 -3.57555 -1.49440
v 73.73141 -3.60600 -1.45231
v 73.73141 -3.88786 -1.41627
v 73.94770 -3.90952 -1.37690
v 73.73141 -3.74900 -1.43563
v 73.94770 -3.77432 -1.39583
v 73.94770 -3.63508 -1.41215
v 74.15416 -3.79844 -1.35795
v 74.34580 -3.82080 -1.32287
v 74.53714 -3.78665 -1.23814
v 74.15416 -3.66280 -1.37391
v 74.34580 -3.68848 -1.33851
v 74.15416 -3.52381 -1.38699
v 74.34580 -3.55291 -1.35134
v 74.53714 -3.66110 -1.25009
v 74.53714 -3.53307 -1.25919
v 73.50538 -3.42500 -1.50832
v 73.73141 -3.45948 -1.46594
v 73.73141 -3.31007 -1.47626
v 73.50538 -3.27149 -1.51883
v 73.50538 -3.11601 -1.52409
v 73.73141 -3.15874 -1.48146
v 73.94770 -3.49242 -1.42550
v 73.94770 -3.34694 -1.43562
v 73.94770 -3.19959 -1.44077
v 74.34580 -3.41466 -1.36110
v 74.15416 -3.38208 -1.39693
v 74.53714 -3.40339 -1.26392
v 74.15416 -3.23853 -1.40202
v 74.34580 -3.27463 -1.36613
v 74.15416 -3.09347 -1.40336
v 74.34580 -3.13313 -1.36751
v 74.53714 -3.27235 -1.26526
v 74.53714 -3.14051 -1.26302
v 73.50538 -2.95892 -1.52527
v 73.73141 -3.00585 -1.48270
v 73.50538 -2.80088 -1.52216
v 73.73141 -2.85202 -1.47977
v 73.73141 -2.69792 -1.47249
v 73.94770 -3.05070 -1.44206
v 73.94770 -2.90092 -1.43928
v 73.94770 -2.75086 -1.43228
v 74.34580 -2.99077 -1.36501
v 74.15416 -2.94754 -1.40073
v 74.53714 -3.00843 -1.25707
v 74.53714 -2.87663 -1.24732
v 74.15416 -2.80134 -1.39398
v 74.34580 -2.84815 -1.35850
v 74.15416 -2.65546 -1.38305
v 74.34580 -2.70585 -1.34791
v 74.53714 -2.74593 -1.23257
v 73.50538 -2.64255 -1.51459
v 73.50538 -2.48459 -1.50249
v 73.73141 -2.54417 -1.46079
v 73.50538 -2.32795 -1.48437
v 73.94770 -2.60113 -1.42098
v 73.94770 -2.45266 -1.40398
v 73.73141 -2.39170 -1.44325
v 73.73141 -2.24083 -1.42124
v 73.94770 -2.30574 -1.38263
v 74.15416 -2.51079 -1.36657
v 74.34580 -2.56472 -1.33190
v 74.15416 -2.36764 -1.34584
v 74.34580 -2.42506 -1.31176
v 74.34580 -2.28748 -1.28728
v 70.08102 -2.32943 -1.22254
v 70.41343 -2.34283 -1.20375
v 70.73781 -5.33631 -1.22195
v 70.73781 -5.33019 -1.22291
v 71.05399 -5.31091 -1.20087
v 71.05399 -5.30487 -1.20182
v 71.05399 -5.28679 -1.20464
v 71.36180 -5.28616 -1.18048
v 71.05399 -5.25675 -1.20925
v 71.05399 -5.21490 -1.21553
v 71.36180 -5.26234 -1.18423
v 71.36180 -5.28020 -1.18142
v 71.36180 -5.23269 -1.18880
v 71.36180 -5.19137 -1.19504
v 71.52640 -5.27290 -1.16963
v 71.52640 -5.26698 -1.17057
v 71.52640 -5.24926 -1.17336
v 71.52640 -5.21981 -1.17792
v 71.52640 -5.17877 -1.18414
v 71.66109 -5.21152 -1.16894
v 71.66109 -5.26430 -1.16067
v 71.66109 -5.25842 -1.16161
v 71.66109 -5.24080 -1.16440
v 71.95172 -5.24573 -1.14143
v 71.95172 -5.23992 -1.14236
v 71.95172 -5.22252 -1.14513
v 71.95172 -5.19361 -1.14964
v 71.05399 -5.16140 -1.22342
v 71.36180 -5.13855 -1.20288
v 71.36180 -5.07458 -1.21173
v 71.36180 -4.99969 -1.22157
v 71.52640 -5.12632 -1.19196
v 71.66109 -5.17072 -1.17514
v 71.66109 -5.11858 -1.18293
v 71.52640 -5.06279 -1.20077
v 71.52640 -4.98842 -1.21059
v 71.66109 -5.05542 -1.19172
v 71.66109 -4.98148 -1.20151
v 71.95172 -5.15334 -1.15580
v 71.95172 -5.10185 -1.16354
v 71.95172 -5.03949 -1.17228
v 71.95172 -4.96650 -1.18201
v 71.52640 -4.90358 -1.22104
v 71.66109 -4.89714 -1.21194
v 71.66109 -4.80278 -1.22269
v 71.95172 -4.88322 -1.19238
v 71.95172 -4.79006 -1.20309
v 72.23353 -5.22769 -1.12289
v 72.23353 -5.22195 -1.12381
v 72.23353 -5.20477 -1.12656
v 72.23353 -5.17623 -1.13104
v 72.50637 -5.21020 -1.10504
v 72.50637 -5.20453 -1.10596
v 72.50637 -5.18756 -1.10869
v 72.77010 -5.19327 -1.08788
v 72.77010 -5.18767 -1.08879
v 73.02460 -5.17691 -1.07142
v 72.23353 -5.13645 -1.13716
v 72.23353 -5.08561 -1.14485
v 72.23353 -5.02403 -1.15354
v 72.50637 -5.12007 -1.11922
v 72.50637 -5.06986 -1.12686
v 72.50637 -5.00903 -1.13549
v 72.50637 -5.15936 -1.11314
v 72.23353 -4.86970 -1.17353
v 72.23353 -4.95194 -1.16321
v 72.23353 -4.77770 -1.18418
v 72.50637 -4.93782 -1.14511
v 72.50637 -4.85658 -1.15537
v 72.50637 -4.76570 -1.16598
v 73.02460 -5.14011 -1.21351
v 73.02460 -5.14589 -1.21152
v 73.02460 -5.12281 -1.21952
v 72.77010 -4.99450 -1.11814
v 73.26974 -5.12823 -1.17741
v 73.26974 -5.13385 -1.17546
v 73.26974 -5.11139 -1.18327
v 73.26974 -5.08343 -1.19288
v 73.26974 -5.04448 -1.20609
v 73.26974 -4.99470 -1.22279
v 72.77010 -5.17090 -1.09150
v 72.77010 -5.14304 -1.09593
v 72.77010 -5.10422 -1.10197
v 73.02460 -5.17138 -1.07232
v 73.02460 -5.15480 -1.07502
v 73.02460 -5.12727 -1.07941
v 73.02460 -5.08890 -1.08541
v 72.77010 -5.05460 -1.10956
v 73.02460 -5.03986 -1.09296
v 73.02460 -4.98046 -1.10148
v 73.26974 -5.16394 -1.03912
v 73.26974 -5.15856 -1.04001
v 73.26974 -5.14243 -1.04264
v 73.26974 -5.11564 -1.04694
v 73.26974 -5.07831 -1.05281
v 73.26974 -5.03059 -1.06019
v 73.26974 -4.97279 -1.06853
v 72.77010 -4.92414 -1.12770
v 72.77010 -4.84388 -1.13791
v 73.02460 -4.83160 -1.12114
v 73.02460 -4.91093 -1.11099
v 73.26974 -4.90513 -1.07784
v 73.26974 -4.82793 -1.08778
v 71.95172 -4.68741 -1.21393
v 71.95172 -4.57590 -1.22384
v 72.23353 -4.67632 -1.19498
v 72.23353 -4.56620 -1.20487
v 72.50637 -4.66556 -1.17672
v 72.50637 -4.55678 -1.18659
v 72.23353 -4.44773 -1.21395
v 72.50637 -4.43975 -1.19566
v 72.77010 -4.75408 -1.14846
v 72.77010 -4.65513 -1.15916
v 73.02460 -4.74284 -1.13165
v 72.77010 -4.54765 -1.16900
v 73.02460 -4.64505 -1.14230
v 73.26974 -4.74157 -1.09807
v 73.26974 -4.64641 -1.10852
v 73.02460 -4.53881 -1.15211
v 72.77010 -4.43202 -1.17807
v 73.02460 -4.42453 -1.16116
v 73.26974 -4.54303 -1.11814
v 73.26974 -4.43182 -1.12704
v 72.23353 -4.32146 -1.22190
v 72.50637 -4.31502 -1.20362
v 72.50637 -4.18313 -1.21010
v 72.50637 -4.04470 -1.21473
v 72.77010 -4.30876 -1.18603
v 73.02460 -4.30271 -1.16913
v 72.77010 -4.17845 -1.19254
v 73.02460 -4.17390 -1.17567
v 73.26974 -4.31328 -1.13489
v 73.26974 -4.18793 -1.14135
v 72.77010 -4.04165 -1.19723
v 73.02460 -4.03869 -1.18041
v 73.26974 -4.05636 -1.14607
v 73.26974 -3.91931 -1.14795
v 73.50538 -5.11688 -1.14228
v 73.50538 -5.10050 -1.14799
v 73.50538 -5.07330 -1.15736
v 73.50538 -5.12234 -1.14038
v 73.50538 -5.03541 -1.17023
v 73.50538 -4.98699 -1.18651
v 73.73141 -5.09000 -1.11432
v 73.73141 -5.06353 -1.12345
v 73.73141 -5.02667 -1.13600
v 73.73141 -4.97955 -1.15187
v 73.94770 -4.97240 -1.11888
v 73.50538 -5.15153 -1.00772
v 73.50538 -5.14629 -1.00859
v 73.50538 -5.13060 -1.01116
v 73.50538 -5.10454 -1.01537
v 73.50538 -5.06822 -1.02111
v 73.50538 -5.02179 -1.02832
v 73.50538 -4.96556 -1.03648
v 73.73141 -5.11126 -1.10690
v 73.73141 -5.10594 -1.10875
v 73.94770 -5.10062 -1.07502
v 73.94770 -5.09544 -1.07682
v 73.94770 -5.07992 -1.08225
v 73.94770 -5.05415 -1.09116
v 73.94770 -5.01826 -1.10339
v 73.50538 -4.92838 -1.20547
v 73.73141 -4.92252 -1.17036
v 73.94770 -4.91687 -1.13691
v 73.73141 -4.85580 -1.19139
v 73.73141 -4.77972 -1.21452
v 73.94770 -4.77785 -1.17999
v 73.94770 -4.85191 -1.15742
v 73.50538 -4.89974 -1.04559
v 73.50538 -4.82464 -1.05532
v 73.73141 -4.95859 -1.00590
v 73.73141 -4.89453 -1.01482
v 73.73141 -4.82144 -1.02434
v 74.15416 -5.08538 -1.04649
v 74.15416 -5.09042 -1.04473
v 74.34580 -5.07601 -1.01846
v 74.34580 -5.08093 -1.01674
v 74.15416 -5.04517 -1.06048
v 74.15416 -4.96553 -1.08752
v 74.15416 -5.01020 -1.07242
v 74.15416 -5.07027 -1.05178
v 74.34580 -5.03679 -1.03212
v 74.34580 -5.06127 -1.02363
v 74.34580 -5.00269 -1.04378
v 74.15416 -4.84817 -1.12513
v 74.15416 -4.77602 -1.14716
v 74.34580 -4.77429 -1.11680
v 74.15416 -4.91144 -1.10511
v 74.34580 -4.95912 -1.05854
v 74.34580 -4.90637 -1.07572
v 74.34580 -4.84466 -1.09528
v 74.53714 -4.85727 -1.01232
v 74.53714 -4.79211 -1.03228
v 73.73141 -5.13958 -0.97778
v 73.73141 -5.13448 -0.97862
v 73.73141 -5.11921 -0.98114
v 73.73141 -5.09385 -0.98525
v 73.94770 -5.12812 -0.94927
v 73.94770 -5.12315 -0.95010
v 73.94770 -5.10828 -0.95256
v 73.94770 -5.08358 -0.95658
v 73.73141 -5.05850 -0.99086
v 73.73141 -5.01332 -0.99792
v 73.94770 -5.04917 -0.96207
v 73.94770 -5.00518 -0.96897
v 73.94770 -4.95189 -0.97679
v 73.94770 -4.88951 -0.98551
v 73.94770 -4.81834 -0.99484
v 74.15416 -5.11714 -0.92221
v 74.15416 -5.11230 -0.92302
v 74.15416 -5.09782 -0.92543
v 74.15416 -5.07376 -0.92936
v 74.34580 -5.10693 -0.89722
v 74.34580 -5.10221 -0.89801
v 74.34580 -5.08808 -0.90037
v 74.15416 -5.04023 -0.93473
v 74.15416 -4.99737 -0.94149
v 74.34580 -5.06461 -0.90422
v 74.34580 -5.03190 -0.90948
v 74.34580 -4.99010 -0.91609
v 74.53714 -5.07149 -0.94107
v 74.53714 -5.07604 -0.93947
v 74.53714 -5.03517 -0.95374
v 74.53714 -5.00360 -0.96455
v 74.53714 -5.05784 -0.94586
v 74.53714 -5.10006 -0.82877
v 74.53714 -5.09569 -0.82951
v 74.53714 -5.08261 -0.83170
v 74.53714 -5.03059 -0.84016
v 74.53714 -4.99187 -0.84631
v 74.53714 -5.06087 -0.83527
v 74.15416 -4.94546 -0.94913
v 74.15416 -4.88469 -0.95768
v 74.34580 -4.93946 -0.92359
v 74.34580 -4.88018 -0.93195
v 74.15416 -4.81535 -0.96681
v 74.34580 -4.81255 -0.94090
v 74.53714 -4.96325 -0.97824
v 74.53714 -4.91441 -0.99418
v 74.53714 -4.94498 -0.85327
v 74.53714 -4.89009 -0.86105
v 74.53714 -4.82746 -0.86937
v 74.53714 -4.75739 -0.87800
v 74.71346 -5.00436 -0.89184
v 74.71346 -4.96699 -0.90453
v 74.71346 -5.07146 -0.86857
v 74.71346 -5.06725 -0.87005
v 74.71346 -5.05460 -0.87450
v 74.71346 -5.03361 -0.88180
v 74.71346 -4.99345 -0.78229
v 74.87956 -5.03207 -0.81430
v 74.87956 -5.06319 -0.80341
v 74.87956 -5.06709 -0.80204
v 74.87956 -5.05149 -0.80753
v 74.87956 -5.00502 -0.82360
v 74.87956 -4.97044 -0.83536
v 74.71346 -4.92175 -0.91933
v 74.71346 -4.86881 -0.93616
v 74.71346 -4.80846 -0.95468
v 74.87956 -4.76136 -0.90026
v 74.87956 -4.92859 -0.84907
v 74.87956 -4.87962 -0.86466
v 74.71346 -4.95001 -0.78876
v 74.71346 -4.89915 -0.79599
v 75.03534 -4.93495 -0.78340
v 75.03534 -4.88970 -0.79783
v 74.87956 -4.82379 -0.88183
v 74.71346 -4.84113 -0.80373
v 74.71346 -4.77622 -0.81176
v 75.03534 -4.83810 -0.81371
v 75.03534 -4.78041 -0.83078
v 74.71346 -5.07750 -0.76871
v 74.71346 -5.09367 -0.76599
v 74.71346 -5.08962 -0.76668
v 74.87956 -5.08759 -0.70713
v 74.87956 -5.08385 -0.70776
v 74.87956 -5.07263 -0.70965
v 74.71346 -5.05736 -0.77204
v 74.71346 -5.02931 -0.77658
v 75.03534 -5.05933 -0.74115
v 75.03534 -5.06294 -0.73988
v 75.03534 -5.04852 -0.74496
v 75.03534 -5.03058 -0.75122
v 75.03534 -5.00557 -0.75983
v 75.03534 -4.97363 -0.77071
v 74.87956 -5.05401 -0.71273
v 74.87956 -5.02805 -0.71695
v 74.87956 -4.99487 -0.72225
v 75.18073 -5.04570 -0.68677
v 75.18073 -5.05901 -0.68207
v 75.18073 -5.05568 -0.68324
v 75.18073 -5.02913 -0.69256
v 75.18073 -5.00605 -0.70051
v 75.18073 -4.97655 -0.71058
v 75.03534 -5.08185 -0.65215
v 75.03534 -5.07839 -0.65274
v 75.03534 -5.05081 -0.65735
v 75.03534 -5.06802 -0.65449
v 75.03534 -5.02682 -0.66125
v 75.03534 -4.99616 -0.66616
v 75.18073 -5.07644 -0.60105
v 75.31564 -5.05226 -0.62968
v 75.31564 -5.05533 -0.62860
v 75.31564 -5.04305 -0.63294
v 75.31564 -5.02775 -0.63829
v 75.31564 -5.00644 -0.64564
v 75.31564 -4.97922 -0.65494
v 75.18073 -5.06368 -0.60321
v 75.18073 -5.04778 -0.60586
v 75.18073 -5.02563 -0.60947
v 75.18073 -4.99732 -0.61402
v 75.31564 -5.02449 -0.56159
v 75.31564 -4.99836 -0.56580
v 75.31564 -4.96670 -0.57057
v 74.87956 -4.95468 -0.72825
v 74.87956 -4.90763 -0.73497
v 75.03534 -4.95902 -0.67173
v 75.03534 -4.91553 -0.67795
v 75.03534 -4.86593 -0.68461
v 74.87956 -4.85395 -0.74215
v 74.87956 -4.79389 -0.74961
v 75.03534 -4.81042 -0.69153
v 75.18073 -4.89905 -0.73565
v 75.18073 -4.94084 -0.72230
v 75.31564 -4.90769 -0.67811
v 75.31564 -4.86372 -0.69168
v 75.18073 -4.85141 -0.75034
v 75.18073 -4.79814 -0.76611
v 75.31564 -4.81455 -0.70627
v 75.31564 -4.76041 -0.72167
v 75.18073 -4.96302 -0.61917
v 75.18073 -4.92287 -0.62493
v 75.18073 -4.87706 -0.63110
v 75.31564 -4.94625 -0.66578
v 75.31564 -4.92964 -0.57590
v 75.31564 -4.88735 -0.58161
v 75.18073 -4.82581 -0.63751
v 75.18073 -4.76933 -0.64404
v 75.31564 -4.84004 -0.58754
v 75.31564 -4.78791 -0.59359
v 75.44003 -5.02644 -0.58841
v 75.44003 -5.04906 -0.58045
v 75.44003 -5.04056 -0.58346
v 75.44003 -5.00677 -0.59520
v 75.44003 -4.98164 -0.60380
v 75.44003 -4.91562 -0.62521
v 75.44003 -4.87503 -0.63775
v 75.44003 -4.95121 -0.61381
v 75.55380 -4.95572 -0.56639
v 75.55380 -4.92283 -0.57694
v 75.55380 -4.88534 -0.58854
v 75.44003 -4.82964 -0.65123
v 75.44003 -4.77966 -0.66547
v 75.55380 -4.84341 -0.60100
v 75.65691 -4.81314 -0.56777
v 75.55380 -4.79724 -0.61417
v 75.65691 -4.76678 -0.58005
v 75.31564 -5.07139 -0.55380
v 75.31564 -5.05961 -0.55580
v 75.31564 -5.04494 -0.55825
v 75.44003 -5.06670 -0.51039
v 75.44003 -5.05583 -0.51225
v 75.44003 -5.02341 -0.51760
v 75.44003 -5.04228 -0.51451
v 75.44003 -4.99928 -0.52150
v 75.44003 -4.97006 -0.52591
v 75.55380 -5.04611 -0.53555
v 75.55380 -5.04873 -0.53462
v 75.55380 -5.03826 -0.53833
v 75.55380 -5.02521 -0.54290
v 75.55380 -5.00705 -0.54918
v 75.55380 -4.98383 -0.55713
v 75.65691 -5.00727 -0.50758
v 75.65691 -4.98579 -0.51494
v 75.55380 -5.02239 -0.47749
v 75.65691 -5.04584 -0.49410
v 75.65691 -5.03615 -0.49753
v 75.65691 -5.02408 -0.50177
v 75.55380 -5.06239 -0.47082
v 75.55380 -5.05234 -0.47253
v 75.55380 -5.03983 -0.47463
v 75.55380 -5.00010 -0.48109
v 75.55380 -4.97310 -0.48518
v 75.65691 -4.97584 -0.44836
v 75.74932 -4.99090 -0.45419
v 75.74932 -4.96795 -0.46176
v 75.65691 -5.05846 -0.43505
v 75.65691 -5.05613 -0.43545
v 75.65691 -5.04916 -0.43664
v 75.65691 -5.03758 -0.43858
v 75.65691 -5.02145 -0.44124
v 75.65691 -5.00082 -0.44457
v 75.74932 -5.03534 -0.43881
v 75.74932 -5.04175 -0.43654
v 75.74932 -5.04389 -0.43578
v 75.74932 -5.02469 -0.44255
v 75.74932 -5.00985 -0.44769
v 75.74932 -4.98212 -0.39543
v 75.74932 -5.05502 -0.38367
v 75.74932 -5.04682 -0.38508
v 75.74932 -5.03660 -0.38679
v 75.74932 -5.02236 -0.38914
v 75.83096 -5.03567 -0.36591
v 75.83096 -5.02678 -0.36903
v 75.83096 -5.04101 -0.36401
v 75.83096 -5.04280 -0.36338
v 75.74932 -5.00416 -0.39208
v 75.83096 -4.99861 -0.37873
v 75.83096 -5.01442 -0.37331
v 75.83096 -4.97947 -0.38504
v 75.44003 -4.93584 -0.53084
v 75.44003 -4.89681 -0.53613
v 75.65691 -4.92935 -0.53328
v 75.65691 -4.95978 -0.52352
v 75.65691 -4.89466 -0.54403
v 75.55380 -4.94149 -0.48975
v 75.65691 -4.94660 -0.45260
v 75.65691 -4.91323 -0.45714
v 75.55380 -4.90543 -0.49464
v 75.55380 -4.86509 -0.49973
v 75.65691 -4.87589 -0.46185
v 75.44003 -4.85314 -0.54162
v 75.44003 -4.80501 -0.54722
v 75.65691 -4.85586 -0.55558
v 75.55380 -4.82062 -0.50491
v 75.55380 -4.77232 -0.50974
v 75.65691 -4.83475 -0.46667
v 75.65691 -4.79006 -0.47115
v 75.74932 -4.94110 -0.47038
v 75.74932 -4.91048 -0.47986
v 75.74932 -4.87625 -0.49006
v 75.74932 -4.79764 -0.51167
v 75.74932 -4.83855 -0.50083
v 75.74932 -4.95631 -0.39917
v 75.74932 -4.92686 -0.40318
v 75.83096 -4.93155 -0.40014
v 75.74932 -4.89391 -0.40735
v 75.83096 -4.90300 -0.40864
v 75.83096 -4.87157 -0.41762
v 75.83096 -4.95708 -0.39223
v 75.83096 -4.91774 -0.33967
v 75.83096 -4.88746 -0.34322
v 75.90181 -4.92622 -0.33799
v 75.90181 -4.90022 -0.34542
v 75.90181 -4.87200 -0.35290
v 75.83096 -4.83745 -0.42666
v 75.74932 -4.85761 -0.41160
v 75.74932 -4.81816 -0.41556
v 75.83096 -4.80078 -0.43577
v 75.83096 -4.76172 -0.44482
v 75.74932 -4.77573 -0.41926
v 75.83096 -4.85457 -0.34652
v 75.83096 -4.81919 -0.34961
v 75.83096 -4.78146 -0.35238
v 75.90181 -4.80936 -0.36792
v 75.90181 -4.84167 -0.36044
v 75.90181 -4.77522 -0.37520
v 73.94770 -4.69504 -1.20422
v 73.50538 -4.74062 -1.06539
v 73.50538 -4.64804 -1.07563
v 73.50538 -4.54746 -1.08507
v 73.73141 -4.73966 -1.03421
v 73.94770 -4.73872 -1.00450
v 73.94770 -4.65098 -1.01433
v 73.73141 -4.64956 -1.04423
v 73.73141 -4.55167 -1.05350
v 73.94770 -4.55567 -1.02341
v 73.50538 -4.43927 -1.09381
v 73.73141 -4.44637 -1.06208
v 73.94770 -4.45313 -1.03184
v 73.94770 -4.34382 -1.03932
v 74.15416 -4.69536 -1.17081
v 74.34580 -4.69562 -1.13990
v 74.15416 -4.60654 -1.19578
v 74.34580 -4.60899 -1.16430
v 74.53714 -4.71926 -1.05372
v 74.53714 -4.63905 -1.07636
v 74.53714 -4.55200 -1.09912
v 74.15416 -4.51015 -1.22088
v 74.34580 -4.51498 -1.18883
v 74.34580 -4.41392 -1.21355
v 74.53714 -4.45842 -1.12206
v 74.53714 -4.35875 -1.14480
v 74.15416 -4.45955 -1.00310
v 74.15416 -4.35305 -1.01045
v 74.15416 -4.73778 -0.97627
v 74.15416 -4.65230 -0.98590
v 74.34580 -4.73688 -0.95019
v 74.34580 -4.65350 -0.95963
v 74.15416 -4.55944 -0.99482
v 74.34580 -4.56292 -0.96839
v 74.53714 -4.59629 -0.89495
v 74.53714 -4.68017 -0.88679
v 74.34580 -4.46548 -0.97652
v 74.34580 -4.36160 -0.98376
v 74.53714 -4.50605 -0.90253
v 74.53714 -4.40985 -0.90928
v 73.50538 -4.32393 -1.10153
v 73.50538 -4.20198 -1.10791
v 73.73141 -4.33411 -1.06968
v 73.73141 -4.21542 -1.07597
v 73.94770 -4.22824 -1.04553
v 73.50538 -3.94063 -1.11453
v 73.50538 -4.07397 -1.11260
v 73.73141 -4.09083 -1.08063
v 73.94770 -4.10692 -1.05015
v 73.73141 -3.96105 -1.08260
v 73.94770 -3.98054 -1.05215
v 74.53714 -4.25346 -1.16692
v 74.53714 -4.14303 -1.18798
v 74.15416 -4.24045 -1.01658
v 74.53714 -4.02815 -1.20675
v 74.15416 -4.12225 -1.02116
v 74.15416 -3.99912 -1.02320
v 74.34580 -4.25175 -0.98981
v 74.34580 -4.13645 -0.99434
v 74.53714 -4.30813 -0.91493
v 74.53714 -4.20134 -0.91919
v 74.34580 -4.01634 -0.99641
v 74.53714 -4.09011 -0.92116
v 74.53714 -3.97479 -0.92116
v 74.71346 -4.58603 -1.01671
v 74.71346 -4.49934 -1.03801
v 74.71346 -4.40702 -1.05912
v 74.71346 -4.74098 -0.97458
v 74.71346 -4.66667 -0.99558
v 74.87956 -4.69262 -0.91973
v 74.87956 -4.61801 -0.93932
v 75.03534 -4.71689 -0.84880
v 74.71346 -4.70469 -0.81994
v 75.03534 -4.64795 -0.86693
v 75.03534 -4.57384 -0.88520
v 74.71346 -4.62698 -0.82753
v 75.18073 -4.73949 -0.78278
v 75.18073 -4.67583 -0.79955
v 75.18073 -4.60740 -0.81645
v 74.87956 -4.53782 -0.95905
v 74.87956 -4.45240 -0.97862
v 75.03534 -4.49490 -0.90332
v 74.87956 -4.36216 -0.99767
v 75.03534 -4.41151 -0.92096
v 74.71346 -4.45425 -0.84090
v 74.71346 -4.54337 -0.83459
v 74.71346 -4.36001 -0.84618
v 74.87956 -4.40882 -0.78162
v 75.18073 -4.45751 -0.84953
v 75.18073 -4.53451 -0.83321
v 75.31564 -4.50014 -0.78339
v 75.18073 -4.37674 -0.86508
v 75.31564 -4.42559 -0.79777
v 75.31564 -4.34804 -0.81061
v 74.71346 -4.30947 -1.07966
v 74.87956 -4.26752 -1.01581
v 74.71346 -4.20717 -1.09922
v 74.87956 -4.16906 -1.03199
v 74.71346 -4.10075 -1.11666
v 74.71346 -3.99053 -1.13232
v 74.87956 -4.06709 -1.04653
v 74.87956 -3.96207 -1.05910
v 75.03534 -4.23306 -0.95276
v 75.03534 -4.32405 -0.93776
v 75.03534 -4.13882 -0.96623
v 74.71346 -4.26108 -0.85017
v 74.87956 -4.31729 -0.78536
v 74.71346 -4.15803 -0.85204
v 74.87956 -4.22194 -0.78714
v 75.18073 -4.29272 -0.87896
v 75.31564 -4.26772 -0.82216
v 75.18073 -4.20570 -0.89144
v 75.31564 -4.18499 -0.83216
v 75.03534 -4.04177 -0.97789
v 75.03534 -3.94232 -0.98749
v 75.18073 -4.11608 -0.90224
v 75.18073 -4.02425 -0.91114
v 75.18073 -3.93059 -0.91797
v 74.71346 -4.05119 -0.85209
v 74.87956 -4.12309 -0.78723
v 74.87956 -4.02118 -0.78543
v 74.71346 -3.94104 -0.85009
v 74.87956 -3.91663 -0.78160
v 75.31564 -4.10022 -0.84041
v 75.31564 -4.01377 -0.84674
v 75.31564 -3.92620 -0.85012
v 75.44003 -4.09041 -0.78117
v 75.44003 -4.00957 -0.78432
v 75.44003 -3.92787 -0.78536
v 74.87956 -4.72772 -0.75720
v 74.87956 -4.65582 -0.76426
v 75.03534 -4.74926 -0.69857
v 75.03534 -4.68282 -0.70512
v 74.87956 -4.57847 -0.77083
v 75.03534 -4.61133 -0.71123
v 75.31564 -4.70166 -0.73717
v 75.31564 -4.63849 -0.75280
v 75.31564 -4.57122 -0.76830
v 75.18073 -4.70797 -0.65011
v 75.31564 -4.73128 -0.59922
v 75.31564 -4.67034 -0.60447
v 75.18073 -4.64196 -0.65578
v 75.18073 -4.57159 -0.66084
v 75.31564 -4.60538 -0.60917
v 74.87956 -4.49601 -0.77670
v 75.03534 -4.53513 -0.71668
v 75.03534 -4.45455 -0.72127
v 75.03534 -4.36995 -0.72476
v 75.18073 -4.33768 -0.66994
v 75.18073 -4.49718 -0.66511
v 75.31564 -4.46459 -0.61616
v 75.31564 -4.53670 -0.61313
v 75.18073 -4.41906 -0.66836
v 75.31564 -4.38947 -0.61765
v 75.44003 -4.72542 -0.67980
v 75.44003 -4.66712 -0.69424
v 75.44003 -4.60502 -0.70857
v 75.55380 -4.74713 -0.62742
v 75.55380 -4.69327 -0.64079
v 75.65691 -4.71694 -0.59243
v 75.65691 -4.66385 -0.60471
v 75.55380 -4.63590 -0.65405
v 75.65691 -4.60777 -0.61667
v 75.55380 -4.57528 -0.66696
v 75.65691 -4.54894 -0.62808
v 75.44003 -4.63651 -0.56166
v 75.44003 -4.57310 -0.56534
v 75.74932 -4.55139 -0.56308
v 75.44003 -4.47059 -0.73583
v 75.44003 -4.53940 -0.72253
v 75.55380 -4.51171 -0.67926
v 75.55380 -4.44556 -0.69026
v 75.44003 -4.39899 -0.74771
v 75.55380 -4.37706 -0.70015
v 75.65691 -4.48774 -0.63827
v 75.44003 -4.50653 -0.56816
v 75.65691 -4.42435 -0.64745
v 75.65691 -4.35907 -0.65540
v 75.44003 -4.43718 -0.56956
v 75.44003 -4.36528 -0.56973
v 75.74932 -4.49546 -0.57118
v 75.74932 -4.43785 -0.57821
v 75.74932 -4.37881 -0.58402
v 75.44003 -4.75273 -0.55243
v 75.44003 -4.69647 -0.55730
v 75.55380 -4.72035 -0.51426
v 75.55380 -4.66495 -0.51830
v 75.65691 -4.74197 -0.47534
v 75.65691 -4.69070 -0.47909
v 75.55380 -4.60636 -0.52172
v 75.55380 -4.54486 -0.52434
v 75.65691 -4.63649 -0.48227
v 75.65691 -4.57958 -0.48472
v 75.74932 -4.70681 -0.53344
v 75.74932 -4.75366 -0.52260
v 75.74932 -4.65731 -0.54401
v 75.83096 -4.72045 -0.45363
v 75.83096 -4.67716 -0.46202
v 75.74932 -4.60540 -0.55408
v 75.83096 -4.63212 -0.46953
v 75.83096 -4.58548 -0.47629
v 75.74932 -4.73049 -0.42258
v 75.74932 -4.68265 -0.42540
v 75.90181 -4.66359 -0.39395
v 75.83096 -4.74157 -0.35472
v 75.83096 -4.69969 -0.35652
v 75.83096 -4.65607 -0.35744
v 75.90181 -4.73942 -0.38215
v 75.90181 -4.70217 -0.38836
v 75.74932 -4.63243 -0.42756
v 75.74932 -4.58011 -0.42865
v 75.90181 -4.62386 -0.39879
v 75.90181 -4.58314 -0.40280
v 75.83096 -4.61084 -0.35758
v 75.83096 -4.56420 -0.35686
v 75.55380 -4.48079 -0.52566
v 75.65691 -4.52030 -0.48595
v 75.65691 -4.45883 -0.48614
v 75.55380 -4.41437 -0.52584
v 75.55380 -4.34588 -0.52476
v 75.65691 -4.39546 -0.48515
v 75.83096 -4.53744 -0.48215
v 75.83096 -4.48821 -0.48699
v 75.83096 -4.43801 -0.49072
v 75.83096 -4.38715 -0.49274
v 75.83096 -4.33575 -0.49343
v 75.74932 -4.52587 -0.42883
v 75.74932 -4.46994 -0.42796
v 75.90181 -4.54161 -0.40588
v 75.90181 -4.49955 -0.40755
v 75.90181 -4.45704 -0.40813
v 75.83096 -4.51636 -0.35522
v 75.83096 -4.46750 -0.35263
v 75.74932 -4.41257 -0.42599
v 75.74932 -4.35398 -0.42289
v 75.90181 -4.41427 -0.40754
v 75.90181 -4.37141 -0.40574
v 75.83096 -4.41793 -0.34865
v 75.83096 -4.36775 -0.34362
v 75.03534 -4.28183 -0.72644
v 75.03534 -4.19047 -0.72656
v 75.18073 -4.25332 -0.67009
v 75.31564 -4.31159 -0.61782
v 75.31564 -4.23130 -0.61649
v 75.18073 -4.16633 -0.66863
v 75.31564 -4.14893 -0.61357
v 75.03534 -4.09628 -0.72494
v 75.03534 -3.99966 -0.72144
v 75.18073 -4.07710 -0.66543
v 75.31564 -4.06481 -0.60903
v 75.18073 -3.98598 -0.66047
v 75.31564 -3.97946 -0.60208
v 75.44003 -4.32484 -0.75839
v 75.44003 -4.24847 -0.76765
v 75.55380 -4.30651 -0.70873
v 75.55380 -4.23421 -0.71581
v 75.44003 -4.17022 -0.77529
v 75.55380 -4.16048 -0.72126
v 75.65691 -4.29217 -0.66197
v 75.44003 -4.29116 -0.56854
v 75.65691 -4.22395 -0.66704
v 75.65691 -4.15483 -0.66977
v 75.44003 -4.21511 -0.56587
v 75.44003 -4.13746 -0.56170
v 75.74932 -4.31860 -0.58849
v 75.74932 -4.25761 -0.59091
v 75.74932 -4.19598 -0.59174
v 75.74932 -4.13396 -0.59089
v 75.55380 -4.08579 -0.72420
v 75.65691 -4.08499 -0.67070
v 75.55380 -4.01031 -0.72518
v 75.55380 -3.93436 -0.72410
v 75.65691 -4.01471 -0.66972
v 75.65691 -3.94430 -0.66676
v 75.74932 -4.07182 -0.58828
v 75.74932 -4.00981 -0.58390
v 75.74932 -3.94831 -0.57716
v 75.55380 -4.27562 -0.52231
v 75.65691 -4.33044 -0.48291
v 75.65691 -4.26405 -0.47938
v 75.55380 -4.20388 -0.51848
v 75.55380 -4.13107 -0.51260
v 75.65691 -4.19668 -0.47396
v 75.65691 -4.12850 -0.46713
v 75.83096 -4.28404 -0.49272
v 75.83096 -4.23222 -0.49055
v 75.83096 -4.18052 -0.48689
v 75.83096 -4.12923 -0.48127
v 75.74932 -4.29452 -0.41811
v 75.74932 -4.23435 -0.41209
v 75.90181 -4.32864 -0.40272
v 75.90181 -4.28622 -0.39807
v 75.83096 -4.31718 -0.33755
v 75.90181 -4.24424 -0.39217
v 75.74932 -4.17371 -0.40480
v 75.90181 -4.20288 -0.38497
v 75.90181 -4.16237 -0.37619
v 75.44003 -4.05866 -0.55531
v 75.55380 -4.05739 -0.50520
v 75.65691 -4.05978 -0.45886
v 75.44003 -3.97891 -0.54727
v 75.55380 -3.98313 -0.49625
v 75.65691 -3.99080 -0.44918
v 75.83096 -4.07848 -0.47414
v 75.83096 -4.02847 -0.46544
v 75.83096 -3.97949 -0.45482
v 75.65691 -3.92185 -0.43810
v 75.74932 -4.11283 -0.39627
v 75.74932 -4.05198 -0.38649
v 75.90181 -4.12298 -0.36533
v 75.90181 -4.08503 -0.35167
v 75.83096 -3.93187 -0.44169
v 75.74932 -3.99144 -0.37525
v 75.74932 -3.93137 -0.36295
v 75.83096 -5.05208 -0.31993
v 75.83096 -5.04524 -0.32110
v 75.83096 -5.02484 -0.32449
v 75.83096 -5.03672 -0.32253
v 75.83096 -5.00967 -0.32694
v 75.83096 -4.99128 -0.32973
v 75.83096 -4.96976 -0.33285
v 75.90181 -5.03595 -0.30265
v 75.90181 -5.04037 -0.30108
v 75.90181 -5.01837 -0.30877
v 75.90181 -5.02860 -0.30523
v 75.90181 -5.00530 -0.31325
v 75.90181 -4.97095 -0.32442
v 75.90181 -4.98947 -0.31848
v 75.90181 -5.04952 -0.26462
v 75.90181 -5.02700 -0.26839
v 75.90181 -5.04387 -0.26559
v 75.90181 -5.03682 -0.26677
v 75.96181 -5.02172 -0.25411
v 75.96181 -5.03619 -0.24907
v 75.96181 -5.03983 -0.24778
v 75.96181 -5.04104 -0.24735
v 75.96181 -5.03014 -0.25119
v 75.90181 -5.01445 -0.27042
v 75.90181 -4.99924 -0.27273
v 75.96181 -5.01096 -0.25779
v 75.96181 -4.99794 -0.26209
v 75.90181 -4.98144 -0.27531
v 75.96181 -4.96532 -0.27237
v 75.96181 -4.98270 -0.26698
v 75.96181 -4.99133 -0.22657
v 75.96181 -4.97462 -0.22884
v 75.96181 -5.04736 -0.21777
v 75.96181 -5.03690 -0.21954
v 75.96181 -5.02882 -0.22087
v 75.96181 -5.01849 -0.22255
v 76.04919 -5.03239 -0.17250
v 76.04919 -5.03654 -0.17104
v 76.04919 -5.01922 -0.17703
v 76.04919 -5.02660 -0.17450
v 75.96181 -5.00598 -0.22445
v 76.04919 -5.01027 -0.17999
v 76.04919 -4.99980 -0.18335
v 76.04919 -4.98787 -0.18704
v 76.04919 -4.97453 -0.19102
v 76.04919 -5.04421 -0.14955
v 76.04919 -5.03904 -0.17016
v 76.04919 -5.04101 -0.15010
v 76.04919 -5.03703 -0.15076
v 76.04919 -5.03148 -0.15168
v 76.04919 -5.02439 -0.15283
v 76.04919 -4.99425 -0.15715
v 76.04919 -5.01579 -0.15413
v 76.04919 -5.00573 -0.15559
v 76.04919 -4.98141 -0.15878
v 76.04919 -4.96726 -0.16043
v 75.83096 -4.94521 -0.33620
v 75.90181 -4.94983 -0.33096
v 75.90181 -4.91337 -0.28388
v 75.96181 -4.92449 -0.28427
v 75.96181 -4.90127 -0.29042
v 75.96181 -4.87631 -0.29662
v 75.90181 -4.88616 -0.28661
v 75.90181 -4.96113 -0.27807
v 75.96181 -4.94589 -0.27816
v 75.90181 -4.93841 -0.28095
v 75.96181 -4.95592 -0.23121
v 75.96181 -4.93531 -0.23362
v 75.96181 -4.91292 -0.23587
v 75.96181 -4.88883 -0.23797
v 75.96181 -4.86316 -0.23986
v 75.96181 -4.84972 -0.30278
v 75.90181 -4.85689 -0.28917
v 75.96181 -4.82162 -0.30878
v 75.90181 -4.82569 -0.29146
v 75.96181 -4.79216 -0.31449
v 75.96181 -4.76150 -0.31960
v 75.90181 -4.79270 -0.29340
v 75.90181 -4.75806 -0.29489
v 75.96181 -4.83600 -0.24145
v 75.96181 -4.80750 -0.24268
v 75.96181 -4.77780 -0.24330
v 76.04919 -4.78063 -0.22764
v 76.04919 -4.75717 -0.22938
v 76.04919 -4.94388 -0.19944
v 76.04919 -4.92674 -0.20370
v 76.04919 -4.95983 -0.19521
v 76.04919 -4.90848 -0.20793
v 76.04919 -4.88919 -0.21204
v 76.04919 -4.86896 -0.21597
v 76.04919 -4.95189 -0.16198
v 76.04919 -4.93535 -0.16342
v 76.04919 -4.91771 -0.16472
v 76.04919 -4.89907 -0.16581
v 76.04919 -4.87949 -0.16666
v 76.04919 -4.84790 -0.21948
v 76.04919 -4.82610 -0.22264
v 76.04919 -4.80365 -0.22538
v 76.04919 -4.85910 -0.16708
v 76.04919 -4.83795 -0.16715
v 76.04919 -4.81615 -0.16681
v 76.04919 -4.79379 -0.16604
v 76.04919 -4.77095 -0.16483
v 75.96181 -4.72975 -0.32420
v 75.90181 -4.72198 -0.29564
v 75.96181 -4.69705 -0.32819
v 75.96181 -4.66355 -0.33149
v 75.90181 -4.68456 -0.29576
v 75.96181 -4.74701 -0.24340
v 75.96181 -4.71527 -0.24291
v 76.04919 -4.73339 -0.23033
v 76.04919 -4.70937 -0.23065
v 75.96181 -4.68270 -0.24179
v 76.04919 -4.68519 -0.23032
v 76.04919 -4.66097 -0.22930
v 75.96181 -4.62937 -0.33403
v 75.90181 -4.64599 -0.29517
v 75.90181 -4.60642 -0.29381
v 75.96181 -4.59475 -0.33540
v 75.96181 -4.55977 -0.33587
v 75.90181 -4.56601 -0.29167
v 75.96181 -4.64945 -0.24003
v 75.96181 -4.61570 -0.23732
v 76.04919 -4.63680 -0.22759
v 75.96181 -4.58155 -0.23390
v 75.96181 -4.54713 -0.22977
v 76.04919 -4.74778 -0.16297
v 76.04919 -4.72433 -0.16062
v 76.04919 -4.70069 -0.15779
v 76.04919 -4.67696 -0.15446
v 76.04919 -4.65324 -0.15065
v 76.04919 -4.61283 -0.22497
v 76.04919 -4.58911 -0.22163
v 76.04919 -4.56573 -0.21757
v 76.04919 -4.62964 -0.14627
v 76.04919 -4.60623 -0.14147
v 76.04919 -4.58310 -0.13626
v 76.04919 -4.56037 -0.13050
v 75.96181 -4.52457 -0.33539
v 75.90181 -4.52501 -0.28837
v 75.96181 -4.48930 -0.33391
v 75.96181 -4.45410 -0.33142
v 75.90181 -4.48351 -0.28422
v 75.90181 -4.44168 -0.27919
v 75.96181 -4.41919 -0.32759
v 75.96181 -4.38465 -0.32274
v 75.96181 -4.35061 -0.31681
v 75.90181 -4.39970 -0.27331
v 75.90181 -4.35772 -0.26656
v 75.96181 -4.51258 -0.22492
v 76.04919 -4.54284 -0.21260
v 76.04919 -4.52057 -0.20647
v 76.04919 -4.49913 -0.19874
v 75.96181 -4.47804 -0.21937
v 75.96181 -4.44367 -0.21299
v 76.04919 -4.47848 -0.18996
v 76.04919 -4.45868 -0.18023
v 76.04919 -4.53820 -0.12392
v 76.04919 -4.51674 -0.11628
v 76.04919 -4.43980 -0.16970
v 75.96181 -4.40958 -0.20601
v 75.96181 -4.37590 -0.19842
v 75.96181 -4.34280 -0.19003
v 76.04919 -4.42190 -0.15850
v 76.04919 -4.40507 -0.14644
v 76.04919 -4.38931 -0.13406
v 76.04919 -4.37463 -0.12150
v 76.04919 -4.49599 -0.10799
v 76.04919 -4.47599 -0.09919
v 76.04919 -4.45682 -0.09003
v 76.04919 -4.43852 -0.08065
v 76.04919 -4.42118 -0.07104
v 76.04919 -4.40479 -0.06157
v 76.04919 -4.36109 -0.10892
v 76.04919 -4.34870 -0.09646
v 76.04919 -4.33755 -0.08409
v 76.04919 -4.38940 -0.05236
v 76.04919 -4.37505 -0.04356
v 76.04919 -4.36177 -0.03527
v 76.04919 -4.34960 -0.02768
v 76.04919 -4.33854 -0.02094
v 75.83096 -4.26643 -0.33043
v 75.96181 -4.31727 -0.30959
v 75.96181 -4.28485 -0.30065
v 75.96181 -4.25362 -0.28941
v 75.90181 -4.31597 -0.25881
v 75.90181 -4.27454 -0.25033
v 75.90181 -4.23361 -0.24111
v 75.83096 -4.21568 -0.32228
v 75.83096 -4.16520 -0.31291
v 75.96181 -4.22355 -0.27662
v 75.96181 -4.19473 -0.26245
v 75.90181 -4.19340 -0.23091
v 75.96181 -4.16724 -0.24711
v 75.96181 -4.14116 -0.23080
v 75.96181 -4.31052 -0.18046
v 75.96181 -4.27927 -0.16932
v 75.96181 -4.24905 -0.15725
v 75.90181 -4.15417 -0.21928
v 75.96181 -4.21993 -0.14444
v 75.96181 -4.19202 -0.13110
v 75.96181 -4.16537 -0.11744
v 75.83096 -4.11511 -0.30265
v 75.83096 -4.06562 -0.29150
v 75.90181 -4.04849 -0.33612
v 75.90181 -4.01346 -0.31891
v 75.90181 -3.98006 -0.30028
v 75.83096 -4.01701 -0.27917
v 75.83096 -3.96959 -0.26511
v 75.83096 -3.92367 -0.24875
v 75.90181 -3.94837 -0.28046
v 75.90181 -3.91861 -0.25912
v 75.96181 -4.11666 -0.21325
v 75.90181 -4.11620 -0.20575
v 75.90181 -4.07947 -0.19108
v 75.96181 -4.09370 -0.19522
v 75.96181 -4.07233 -0.17693
v 75.90181 -4.04409 -0.17552
v 75.96181 -4.05261 -0.15861
v 75.96181 -4.03457 -0.14047
v 75.90181 -4.01017 -0.15931
v 75.96181 -4.01833 -0.12245
v 75.90181 -3.97779 -0.14270
v 75.90181 -3.94711 -0.12570
v 76.04919 -4.32760 -0.07219
v 76.04919 -4.31886 -0.06092
v 76.04919 -4.31135 -0.05041
v 76.04919 -4.30509 -0.04083
v 76.04919 -4.32864 -0.01514
v 76.04919 -4.31991 -0.01037
v 76.04919 -4.31238 -0.00669
v 76.04919 -4.30011 -0.03205
v 76.04919 -4.29640 -0.02435
v 76.04919 -4.30601 -0.00443
v 76.04919 -4.29104 -0.01704
v 76.04919 -4.29395 -0.01787
v 76.04919 -4.29351 -0.00908
v 75.96181 -4.14012 -0.10345
v 76.04919 -4.30086 -0.00348
v 76.04919 -4.29693 -0.00389
v 75.96181 -4.11625 -0.08965
v 75.96181 -4.09384 -0.07625
v 75.96181 -4.07294 -0.06343
v 75.96181 -4.05361 -0.05135
v 75.96181 -4.03588 -0.04031
v 75.96181 -4.01978 -0.03049
v 75.96181 -4.00384 -0.10512
v 75.96181 -3.99112 -0.08871
v 75.96181 -3.98019 -0.07341
v 75.90181 -3.91811 -0.10894
v 75.96181 -3.97106 -0.05946
v 75.96181 -4.00536 -0.02204
v 75.96181 -3.99264 -0.01510
v 75.96181 -3.98168 -0.00975
v 75.96181 -3.97241 -0.00646
v 75.96181 -3.96382 -0.04667
v 75.96181 -3.95842 -0.03546
v 75.96181 -3.95484 -0.02603
v 75.96181 -3.95061 -0.02482
v 75.96181 -3.95229 -0.02223
v 75.96181 -3.95421 -0.01322
v 75.96181 -3.96491 -0.00507
v 75.96181 -3.95919 -0.00566
v 71.95172 -3.09704 -1.21436
v 72.50637 -3.90051 -1.21636
v 72.50637 -3.75104 -1.21541
v 72.50637 -3.59696 -1.21156
v 72.77010 -3.89917 -1.19896
v 73.02460 -3.89786 -1.18223
v 72.77010 -3.75148 -1.19814
v 73.02460 -3.75187 -1.18154
v 73.26974 -3.77725 -1.14738
v 72.77010 -3.59922 -1.19446
v 73.02460 -3.60137 -1.17802
v 73.26974 -3.63078 -1.14408
v 72.23353 -3.43463 -1.22216
v 72.50637 -3.43892 -1.20462
v 72.23353 -3.27129 -1.21181
v 72.23353 -3.10559 -1.19678
v 72.50637 -3.27755 -1.19454
v 72.50637 -3.11384 -1.17982
v 72.77010 -3.44304 -1.18773
v 73.02460 -3.44699 -1.17149
v 72.77010 -3.28358 -1.17789
v 73.02460 -3.28937 -1.16189
v 73.26974 -3.48055 -1.13784
v 73.26974 -3.32715 -1.12862
v 72.77010 -3.12180 -1.16349
v 73.02460 -3.12945 -1.14778
v 73.26974 -3.17152 -1.11500
v 71.36180 -2.73280 -1.20813
v 71.52640 -2.91120 -1.22151
v 71.66109 -2.91631 -1.21324
v 71.95172 -2.92729 -1.19544
v 71.52640 -2.73700 -1.19839
v 71.66109 -2.74310 -1.19032
v 71.95172 -2.75625 -1.17296
v 70.73781 -2.53629 -1.21721
v 71.36180 -2.55679 -1.18112
v 71.05399 -2.54669 -1.19889
v 70.73781 -2.35587 -1.18548
v 71.05399 -2.36855 -1.16774
v 71.36180 -2.38087 -1.15054
v 71.52640 -2.56218 -1.17165
v 71.66109 -2.56928 -1.16381
v 71.95172 -2.58459 -1.14694
v 71.52640 -2.38744 -1.14136
v 71.66109 -2.39555 -1.13377
v 71.95172 -2.41302 -1.11743
v 71.95172 -2.24237 -1.08379
v 72.23353 -2.93792 -1.17824
v 72.50637 -2.94819 -1.16165
v 72.23353 -2.76897 -1.15619
v 72.50637 -2.78126 -1.14000
v 72.77010 -2.95809 -1.14566
v 73.02460 -2.96762 -1.13029
v 73.26974 -3.01403 -1.09810
v 72.77010 -2.79313 -1.12441
v 73.02460 -2.80455 -1.10940
v 73.26974 -2.85532 -1.07790
v 73.26974 -2.69604 -1.05441
v 72.23353 -2.59941 -1.13064
v 72.50637 -2.61374 -1.11490
v 72.50637 -2.44629 -1.08639
v 72.23353 -2.42994 -1.10163
v 72.23353 -2.26137 -1.06855
v 72.50637 -2.27974 -1.05385
v 72.77010 -2.62757 -1.09973
v 73.02460 -2.64089 -1.08514
v 72.77010 -2.46208 -1.07169
v 73.02460 -2.47730 -1.05756
v 73.26974 -2.53682 -1.02769
v 72.77010 -2.29748 -1.03967
v 73.02460 -2.31458 -1.02603
v 73.26974 -2.37845 -0.99713
v 73.50538 -3.80241 -1.11409
v 73.73141 -3.82651 -1.08226
v 73.94770 -3.84953 -1.05192
v 73.94770 -3.71446 -1.04916
v 73.50538 -3.65991 -1.11098
v 73.50538 -3.51373 -1.10502
v 73.73141 -3.68780 -1.07934
v 73.73141 -3.54552 -1.07364
v 73.94770 -3.57591 -1.04371
v 74.53714 -3.90918 -1.22359
v 74.15416 -3.87147 -1.02305
v 74.15416 -3.73988 -1.02045
v 74.15416 -3.60488 -1.01522
v 74.34580 -3.89182 -0.99634
v 74.34580 -3.76344 -0.99388
v 74.53714 -3.85590 -0.91894
v 74.53714 -3.73394 -0.91436
v 74.34580 -3.63175 -0.98886
v 74.34580 -3.49728 -0.98124
v 74.53714 -3.60940 -0.90736
v 73.50538 -3.36448 -1.09615
v 73.73141 -3.40024 -1.06511
v 73.94770 -3.43444 -1.03550
v 73.94770 -3.29089 -1.02325
v 73.50538 -3.21305 -1.08302
v 73.73141 -3.25284 -1.05243
v 73.73141 -3.10368 -1.03665
v 73.94770 -3.14563 -1.00798
v 74.15416 -3.46704 -1.00732
v 74.15416 -3.32718 -0.99548
v 74.34580 -3.36084 -0.96976
v 74.53714 -3.48304 -0.89680
v 74.53714 -3.35516 -0.88359
v 74.15416 -3.18564 -0.98069
v 74.34580 -3.22276 -0.95542
v 74.34580 -3.08361 -0.93818
v 74.53714 -3.22628 -0.86769
v 74.53714 -3.09693 -0.84913
v 74.71346 -3.87702 -1.14585
v 74.71346 -3.76071 -1.15697
v 74.87956 -3.85446 -1.06944
v 74.87956 -3.74472 -1.07735
v 74.71346 -3.64210 -1.16547
v 74.71346 -3.52196 -1.16991
v 74.87956 -3.63357 -1.08151
v 74.87956 -3.52124 -1.08276
v 75.03534 -3.84090 -0.99484
v 75.03534 -3.73817 -0.99873
v 75.18073 -3.83572 -0.92160
v 75.18073 -3.73986 -0.92275
v 74.71346 -3.82804 -0.84590
v 74.71346 -3.71266 -0.83948
v 75.31564 -3.83771 -0.85122
v 75.31564 -3.74867 -0.84989
v 75.03534 -3.63436 -0.99993
v 75.03534 -3.52991 -0.99830
v 75.18073 -3.64340 -0.92128
v 75.18073 -3.54676 -0.91709
v 74.71346 -3.59558 -0.82975
v 75.31564 -3.65946 -0.84606
v 75.31564 -3.57044 -0.83967
v 75.44003 -3.84567 -0.78416
v 74.71346 -3.40056 -1.17121
v 74.87956 -3.40823 -1.08095
v 74.87956 -3.29500 -1.07595
v 74.71346 -3.27841 -1.16919
v 74.71346 -3.15604 -1.16373
v 74.87956 -3.18201 -1.06770
v 75.03534 -3.42526 -0.99373
v 75.03534 -3.32083 -0.98615
v 75.18073 -3.45033 -0.91013
v 75.18073 -3.35468 -0.89951
v 74.71346 -3.47710 -0.81756
v 74.71346 -3.35770 -0.80289
v 75.31564 -3.48215 -0.82990
v 75.31564 -3.39477 -0.81753
v 75.31564 -3.30868 -0.80245
v 75.03534 -3.21727 -0.97460
v 75.03534 -3.11477 -0.96001
v 74.71346 -3.23785 -0.78575
v 75.18073 -3.26003 -0.88607
v 75.31564 -3.22437 -0.78408
v 75.18073 -3.16678 -0.86970
v 75.18073 -3.07545 -0.84977
v 74.87956 -3.80987 -0.77570
v 75.03534 -3.90099 -0.71603
v 75.03534 -3.80087 -0.70780
v 75.18073 -3.89352 -0.65291
v 75.31564 -3.89308 -0.59334
v 75.18073 -3.79994 -0.64341
v 75.18073 -3.70564 -0.63194
v 75.31564 -3.80602 -0.58279
v 75.31564 -3.71864 -0.57044
v 74.87956 -3.70154 -0.76675
v 75.03534 -3.69954 -0.69747
v 74.87956 -3.59191 -0.75552
v 75.03534 -3.59742 -0.68502
v 75.03534 -3.49493 -0.67045
v 75.18073 -3.61098 -0.61853
v 75.18073 -3.51635 -0.60319
v 75.55380 -3.85827 -0.72088
v 75.44003 -3.76331 -0.78065
v 75.55380 -3.78234 -0.71548
v 75.55380 -3.70703 -0.70719
v 75.65691 -3.87404 -0.66179
v 75.65691 -3.80434 -0.65413
v 75.65691 -3.73537 -0.64444
v 75.74932 -3.88744 -0.56861
v 75.44003 -3.68113 -0.77478
v 75.44003 -3.59961 -0.76579
v 75.55380 -3.63249 -0.69669
v 75.44003 -3.51894 -0.75440
v 75.55380 -3.55906 -0.68388
v 75.65691 -3.66742 -0.63260
v 75.65691 -3.60086 -0.61816
v 75.65691 -3.53614 -0.60031
v 75.31564 -3.63128 -0.55631
v 75.31564 -3.54438 -0.54008
v 75.44003 -3.89853 -0.53756
v 75.44003 -3.81786 -0.52618
v 75.55380 -3.90859 -0.48576
v 75.55380 -3.83407 -0.47376
v 75.44003 -3.73720 -0.51317
v 75.55380 -3.75994 -0.45996
v 75.74932 -3.82747 -0.55817
v 75.74932 -3.76873 -0.54543
v 75.74932 -3.71162 -0.52969
v 75.65691 -3.85324 -0.42535
v 75.65691 -3.78518 -0.41140
v 75.65691 -3.71793 -0.39624
v 75.83096 -3.88599 -0.42517
v 75.83096 -3.84181 -0.40638
v 75.74932 -3.87202 -0.34958
v 75.83096 -3.79947 -0.38557
v 75.83096 -3.75908 -0.36304
v 75.83096 -3.72077 -0.33908
v 75.44003 -3.65697 -0.49821
v 75.44003 -3.57736 -0.48185
v 75.44003 -3.49872 -0.46407
v 75.74932 -3.65660 -0.50989
v 75.74932 -3.60362 -0.48735
v 75.74932 -3.55284 -0.46239
v 75.55380 -3.68639 -0.44487
v 75.55380 -3.61372 -0.42847
v 75.65691 -3.65187 -0.37948
v 75.55380 -3.54234 -0.41033
v 75.65691 -3.58743 -0.36036
v 75.65691 -3.52504 -0.33812
v 75.74932 -3.50440 -0.43537
v 74.87956 -3.48143 -0.74200
v 74.87956 -3.37053 -0.72619
v 75.03534 -3.39246 -0.65380
v 75.03534 -3.29053 -0.63467
v 75.18073 -3.42221 -0.58557
v 75.18073 -3.32881 -0.56630
v 74.87956 -3.25967 -0.70813
v 74.71346 -3.11804 -0.76617
v 74.87956 -3.14939 -0.68739
v 75.31564 -3.14240 -0.76139
v 75.03534 -3.18940 -0.61377
v 75.03534 -3.08949 -0.59107
v 75.44003 -3.43946 -0.74050
v 75.44003 -3.36162 -0.72357
v 75.44003 -3.28594 -0.70264
v 75.55380 -3.48713 -0.66825
v 75.55380 -3.41720 -0.64895
v 75.65691 -3.47380 -0.57786
v 75.55380 -3.34983 -0.62467
v 75.55380 -3.28497 -0.59704
v 75.44003 -3.21303 -0.67634
v 75.55380 -3.22279 -0.56646
v 75.44003 -3.14282 -0.64641
v 75.44003 -3.07554 -0.61329
v 75.31564 -3.45815 -0.52233
v 75.31564 -3.37297 -0.50304
v 75.31564 -3.28929 -0.48172
v 75.18073 -3.23654 -0.54538
v 75.31564 -3.20766 -0.45742
v 75.18073 -3.14590 -0.52225
v 75.31564 -3.12864 -0.42917
v 75.65691 -3.41377 -0.55231
v 75.65691 -3.35623 -0.52403
v 75.65691 -3.30135 -0.49340
v 75.44003 -3.42146 -0.44441
v 75.55380 -3.47270 -0.38965
v 75.55380 -3.40528 -0.36560
v 75.44003 -3.34609 -0.42201
v 75.55380 -3.34008 -0.33953
v 75.74932 -3.45846 -0.40663
v 75.74932 -3.41530 -0.37570
v 75.74932 -3.37485 -0.34394
v 75.65691 -3.24929 -0.46083
v 75.55380 -3.16350 -0.53334
v 75.55380 -3.10724 -0.49812
v 75.44003 -3.27313 -0.39595
v 75.65691 -3.20039 -0.42578
v 75.44003 -3.20256 -0.36771
v 75.44003 -3.13460 -0.33776
v 75.65691 -3.15455 -0.38978
v 75.65691 -3.11190 -0.35326
v 73.50538 -3.05981 -1.06669
v 73.50538 -2.90538 -1.04715
v 73.73141 -2.95336 -1.01773
v 73.50538 -2.75039 -1.02441
v 73.94770 -2.99924 -0.98966
v 73.73141 -2.80249 -0.99571
v 73.94770 -2.85232 -0.96831
v 73.94770 -2.70545 -0.94397
v 74.15416 -3.04301 -0.96293
v 74.15416 -2.89985 -0.94222
v 74.34580 -2.94395 -0.91806
v 74.53714 -2.96762 -0.82793
v 74.34580 -2.80433 -0.89510
v 74.15416 -2.75674 -0.91860
v 74.34580 -2.66545 -0.86878
v 74.53714 -2.83899 -0.80362
v 74.53714 -2.61658 -1.21398
v 74.53714 -2.48916 -1.19138
v 74.53714 -2.36437 -1.16390
v 74.53714 -2.24306 -1.13005
v 73.50538 -2.59547 -0.99852
v 73.73141 -2.65168 -0.97061
v 73.94770 -2.55935 -0.91609
v 73.73141 -2.50167 -0.94188
v 73.50538 -2.44136 -0.96890
v 73.50538 -2.28848 -0.93659
v 73.73141 -2.35284 -0.91054
v 73.94770 -2.41441 -0.88567
v 73.94770 -2.27123 -0.85267
v 74.15416 -2.61439 -0.89153
v 74.15416 -2.47316 -0.86198
v 74.34580 -2.52766 -0.84003
v 74.34580 -2.39155 -0.80883
v 74.15416 -2.33364 -0.82991
v 74.71346 -3.03393 -1.15477
v 74.71346 -2.91283 -1.14115
v 74.87956 -3.06996 -1.05516
v 74.87956 -2.95907 -1.03933
v 74.71346 -2.79298 -1.12399
v 74.87956 -2.84983 -1.02006
v 74.71346 -2.67492 -1.10311
v 75.03534 -3.01380 -0.94225
v 75.03534 -2.91491 -0.92062
v 75.18073 -2.98665 -0.82515
v 75.18073 -2.90112 -0.79422
v 75.03534 -2.81877 -0.89393
v 74.87956 -2.74284 -0.99661
v 75.03534 -2.72616 -0.86040
v 74.71346 -2.55930 -1.07771
v 74.71346 -2.44689 -1.04640
v 74.71346 -2.33863 -1.00709
v 74.87956 -2.63882 -0.96768
v 74.87956 -2.53864 -0.93136
v 75.03534 -2.63700 -0.82227
v 74.71346 -2.23440 -0.96241
v 74.87956 -2.44218 -0.89007
v 74.87956 -2.34974 -0.84439
v 74.87956 -2.26159 -0.79494
v 74.53714 -2.71137 -0.77706
v 74.53714 -2.58530 -0.74823
v 74.53714 -2.46146 -0.71640
v 74.34580 -2.25784 -0.77439
v 74.53714 -2.34066 -0.68016
v 74.71346 -2.99885 -0.74370
v 74.71346 -2.88060 -0.71916
v 75.31564 -3.06343 -0.73286
v 75.31564 -2.98740 -0.70042
v 74.87956 -3.03997 -0.66473
v 75.03534 -2.99134 -0.56599
v 74.87956 -2.93188 -0.64012
v 75.31564 -2.91453 -0.66452
v 74.71346 -2.76379 -0.69251
v 75.18073 -2.81877 -0.75905
v 75.18073 -2.73984 -0.72013
v 75.18073 -2.66457 -0.67799
v 74.87956 -2.82570 -0.61293
v 74.87956 -2.72213 -0.58196
v 75.31564 -2.84503 -0.62565
v 75.31564 -2.77911 -0.58432
v 75.44003 -3.01137 -0.57743
v 75.03534 -2.89561 -0.53741
v 75.18073 -3.05748 -0.49589
v 75.18073 -2.97188 -0.46525
v 75.31564 -3.05221 -0.39856
v 75.31564 -2.97861 -0.36608
v 75.18073 -2.88910 -0.43206
v 75.03534 -2.80293 -0.50419
v 75.03534 -2.71330 -0.46821
v 75.31564 -2.71720 -0.53984
v 75.31564 -2.65917 -0.49418
v 75.18073 -2.80938 -0.39685
v 75.18073 -2.73293 -0.36019
v 75.55380 -3.05442 -0.46022
v 75.44003 -2.95050 -0.53929
v 75.44003 -2.89333 -0.49825
v 75.55380 -3.00489 -0.42131
v 75.55380 -2.95880 -0.38184
v 75.55380 -2.91627 -0.34228
v 75.44003 -2.83974 -0.45611
v 75.44003 -2.78987 -0.41337
v 75.44003 -2.74384 -0.37055
v 75.03534 -2.55155 -0.78009
v 75.03534 -2.47006 -0.73443
v 74.71346 -2.64904 -0.66307
v 74.71346 -2.53712 -0.62955
v 75.18073 -2.59317 -0.63319
v 75.18073 -2.52612 -0.58498
v 75.03534 -2.39276 -0.68588
v 74.71346 -2.42877 -0.59061
v 75.03534 -2.32018 -0.63365
v 75.03534 -2.25214 -0.58003
v 74.87956 -2.62187 -0.54598
v 74.87956 -2.52491 -0.50701
v 75.18073 -2.46327 -0.53549
v 75.03534 -2.62699 -0.43005
v 75.03534 -2.54422 -0.39032
v 75.03534 -2.46523 -0.34961
v 75.31564 -2.60517 -0.44787
v 75.31564 -2.55532 -0.40146
v 75.31564 -2.50976 -0.35553
v 74.87956 -2.43153 -0.46568
v 74.71346 -2.32400 -0.54844
v 75.18073 -2.40479 -0.48530
v 74.87956 -2.34199 -0.42265
v 74.87956 -2.25655 -0.37857
v 75.18073 -2.35081 -0.43500
v 75.18073 -2.30147 -0.38523
v 75.74932 -3.81372 -0.33479
v 75.83096 -3.87927 -0.23102
v 75.90181 -3.89071 -0.23722
v 75.74932 -3.75685 -0.31793
v 75.83096 -3.83650 -0.21220
v 75.90181 -3.86474 -0.21500
v 75.90181 -3.84077 -0.19273
v 75.90181 -3.81886 -0.17069
v 75.83096 -3.79548 -0.19261
v 75.83096 -3.75634 -0.17253
v 75.83096 -3.71924 -0.15198
v 75.90181 -3.79912 -0.14879
v 75.90181 -3.78151 -0.12774
v 75.83096 -3.68478 -0.31328
v 75.74932 -3.70179 -0.29831
v 75.83096 -3.65105 -0.28680
v 75.74932 -3.64854 -0.27705
v 75.83096 -3.61966 -0.25993
v 75.74932 -3.59725 -0.25448
v 75.74932 -3.54806 -0.23098
v 75.83096 -3.59068 -0.23301
v 75.83096 -3.68418 -0.13171
v 75.83096 -3.56419 -0.20636
v 75.74932 -3.50112 -0.20690
v 75.83096 -3.54032 -0.17989
v 75.83096 -3.51903 -0.15443
v 75.83096 -3.50034 -0.13032
v 75.90181 -3.89087 -0.09265
v 75.90181 -3.86548 -0.07707
v 75.90181 -3.84199 -0.06240
v 75.90181 -3.82044 -0.04899
v 75.90181 -3.76605 -0.10779
v 75.90181 -3.75277 -0.08920
v 75.90181 -3.74168 -0.07225
v 75.90181 -3.80088 -0.03705
v 75.90181 -3.78336 -0.02679
v 75.90181 -3.76791 -0.01835
v 75.90181 -3.73288 -0.05671
v 75.90181 -3.72632 -0.04309
v 75.90181 -3.75458 -0.01184
v 75.90181 -3.74332 -0.00785
v 75.90181 -3.73421 -0.00616
v 75.90181 -3.71887 -0.02701
v 75.90181 -3.72197 -0.03163
v 75.90181 -3.71683 -0.03016
v 75.90181 -3.72121 -0.01607
v 75.90181 -3.72726 -0.00688
v 75.83096 -3.65125 -0.11202
v 75.83096 -3.62055 -0.09318
v 75.83096 -3.59215 -0.07544
v 75.83096 -3.56610 -0.05923
v 75.83096 -3.54245 -0.04479
v 75.83096 -3.52126 -0.03238
v 75.83096 -3.50258 -0.02219
v 75.65691 -3.46470 -0.31402
v 75.65691 -3.40658 -0.28844
v 75.65691 -3.35085 -0.26180
v 75.65691 -3.29766 -0.23451
v 75.74932 -3.33720 -0.31172
v 75.74932 -3.30245 -0.27944
v 75.74932 -3.45662 -0.18226
v 75.74932 -3.41458 -0.15795
v 75.74932 -3.37509 -0.13433
v 75.55380 -3.27728 -0.31187
v 75.55380 -3.21706 -0.28307
v 75.55380 -3.15959 -0.25355
v 75.74932 -3.27068 -0.24748
v 75.65691 -3.24724 -0.20658
v 75.65691 -3.19960 -0.17902
v 75.55380 -3.10511 -0.22335
v 75.65691 -3.15486 -0.15226
v 75.65691 -3.11314 -0.12665
v 75.74932 -3.24207 -0.21573
v 75.74932 -3.21653 -0.18520
v 75.74932 -3.19412 -0.15628
v 75.74932 -3.17486 -0.12934
v 75.83096 -3.48429 -0.10785
v 75.83096 -3.47088 -0.08735
v 75.83096 -3.46024 -0.06856
v 75.83096 -3.45230 -0.05210
v 75.83096 -3.44330 -0.03266
v 75.83096 -3.44705 -0.03824
v 75.83096 -3.48648 -0.01432
v 75.83096 -3.47286 -0.00949
v 75.83096 -3.44612 -0.01943
v 75.83096 -3.46184 -0.00745
v 75.83096 -3.45344 -0.00832
v 75.83096 -3.44083 -0.03646
v 75.74932 -3.33827 -0.11174
v 75.74932 -3.30422 -0.09047
v 75.65691 -3.07455 -0.10255
v 75.74932 -3.27297 -0.07103
v 75.74932 -3.24461 -0.05372
v 75.74932 -3.21920 -0.03884
v 75.74932 -3.19680 -0.02661
v 75.74932 -3.15878 -0.10476
v 75.74932 -3.14602 -0.08222
v 75.74932 -3.13650 -0.06248
v 75.74932 -3.13020 -0.04585
v 75.74932 -3.17749 -0.01717
v 75.74932 -3.16116 -0.01138
v 75.74932 -3.12909 -0.02330
v 75.74932 -3.14794 -0.00894
v 75.74932 -3.13787 -0.00998
v 75.74932 -3.12275 -0.04373
v 75.74932 -3.12570 -0.03917
v 75.31564 -2.90803 -0.33226
v 75.31564 -2.84067 -0.29762
v 75.31564 -2.77682 -0.26217
v 75.18073 -2.65997 -0.32263
v 75.31564 -2.71649 -0.22720
v 75.31564 -2.65984 -0.19324
v 75.44003 -3.06943 -0.30656
v 75.65691 -3.07253 -0.31667
v 75.44003 -3.00723 -0.27459
v 75.65691 -3.03653 -0.28046
v 75.65691 -3.00411 -0.24447
v 75.55380 -2.87738 -0.30313
v 75.44003 -2.94828 -0.24189
v 75.55380 -3.05364 -0.19356
v 75.65691 -2.97517 -0.20988
v 75.55380 -3.00529 -0.16463
v 75.44003 -2.89257 -0.20963
v 75.65691 -2.94978 -0.17710
v 75.65691 -2.92797 -0.14657
v 75.55380 -2.96022 -0.13694
v 75.65691 -2.90975 -0.11871
v 75.55380 -2.84235 -0.26424
v 75.55380 -2.81109 -0.22684
v 75.44003 -2.70176 -0.32816
v 75.44003 -2.66386 -0.28605
v 75.44003 -2.84026 -0.17829
v 75.55380 -2.78366 -0.19141
v 75.44003 -2.79148 -0.14831
v 75.55380 -2.76010 -0.15841
v 75.44003 -2.74636 -0.12009
v 75.55380 -2.74042 -0.12830
v 75.65691 -3.03915 -0.08051
v 75.65691 -3.00702 -0.06089
v 75.65691 -2.97822 -0.04402
v 75.55380 -2.91852 -0.11088
v 75.65691 -2.89529 -0.09317
v 75.55380 -2.88027 -0.08705
v 75.65691 -2.88451 -0.07080
v 75.65691 -2.95285 -0.03016
v 75.65691 -2.93096 -0.01947
v 75.65691 -2.87737 -0.05196
v 75.65691 -2.86893 -0.04955
v 75.65691 -2.87228 -0.04438
v 75.65691 -2.91245 -0.01290
v 75.65691 -2.89748 -0.01013
v 75.65691 -2.87612 -0.02640
v 75.65691 -2.88606 -0.01131
v 75.55380 -2.84555 -0.06584
v 75.55380 -2.81444 -0.04760
v 75.55380 -2.78702 -0.03262
v 75.55380 -2.76337 -0.02105
v 75.44003 -2.70497 -0.09428
v 75.44003 -2.66739 -0.07131
v 75.55380 -2.72481 -0.10069
v 75.55380 -2.71316 -0.07651
v 75.55380 -2.70545 -0.05615
v 75.55380 -2.74337 -0.01395
v 75.55380 -2.72719 -0.01095
v 75.55380 -2.71485 -0.01222
v 75.55380 -2.69633 -0.05354
v 75.55380 -2.69995 -0.04796
v 75.55380 -2.70410 -0.02853
v 75.18073 -2.59082 -0.28420
v 75.31564 -2.46872 -0.30990
v 75.18073 -2.52548 -0.24630
v 75.31564 -2.60701 -0.16075
v 75.31564 -2.55815 -0.13016
v 75.18073 -2.46412 -0.20948
v 75.03534 -2.39037 -0.30797
v 75.03534 -2.31963 -0.26690
v 75.03534 -2.25319 -0.22700
v 75.31564 -2.43210 -0.26603
v 75.18073 -2.25703 -0.33578
v 75.18073 -2.40690 -0.17426
v 75.31564 -2.39997 -0.22448
v 75.31564 -2.37237 -0.18576
v 75.18073 -2.35398 -0.14110
v 75.31564 -2.34932 -0.15044
v 75.31564 -2.33104 -0.11807
v 75.44003 -2.63004 -0.24556
v 75.44003 -2.60036 -0.20721
v 75.44003 -2.57487 -0.17147
v 75.44003 -2.55357 -0.13887
v 75.31564 -2.51332 -0.10219
v 75.31564 -2.47263 -0.07730
v 75.31564 -2.43617 -0.05589
v 75.31564 -2.40403 -0.03830
v 75.31564 -2.37631 -0.02472
v 75.31564 -2.35287 -0.01638
v 75.18073 -2.30543 -0.11079
v 75.18073 -2.26136 -0.08380
v 75.31564 -2.31740 -0.08971
v 75.31564 -2.30838 -0.06583
v 75.31564 -2.29768 -0.06277
v 75.31564 -2.30193 -0.05622
v 75.31564 -2.30682 -0.03345
v 75.31564 -2.33390 -0.01285
v 75.31564 -2.31943 -0.01434
v 75.44003 -2.63373 -0.05156
v 75.44003 -2.60405 -0.03533
v 75.44003 -2.57845 -0.02280
v 75.44003 -2.55681 -0.01511
v 75.44003 -2.53669 -0.10900
v 75.44003 -2.52409 -0.08282
v 75.44003 -2.51575 -0.06078
v 75.44003 -2.50980 -0.05191
v 75.44003 -2.50588 -0.05795
v 75.44003 -2.53930 -0.01186
v 75.44003 -2.52594 -0.01323
v 75.44003 -2.51431 -0.03088
v 54.92691 -2.10186 -3.44903
v 55.41075 -2.10672 -3.39030
v 55.89422 -2.11134 -3.33193
v 54.92691 -1.77859 -3.40241
v 54.92691 -1.45891 -3.34360
v 55.41075 -1.78786 -3.34511
v 55.89422 -1.79691 -3.28809
v 55.41075 -1.47251 -3.28789
v 55.89422 -1.48591 -3.23237
v 56.37707 -2.11570 -3.27394
v 56.44388 -2.11628 -3.26594
v 56.85906 -2.12099 -3.21617
v 56.85906 -1.81548 -3.17486
v 56.37707 -1.80570 -3.23139
v 56.44388 -1.80690 -3.22356
v 56.37707 -1.49907 -3.17713
v 56.44388 -1.50087 -3.16951
v 56.85906 -1.51325 -3.12200
v 54.92691 -1.14328 -3.27554
v 55.41075 -1.16113 -3.22155
v 55.89422 -1.17880 -3.16766
v 54.92691 -0.83312 -3.19790
v 55.41075 -0.85513 -3.14575
v 55.89422 -0.87698 -3.09361
v 55.41075 -0.55638 -3.05851
v 55.89422 -0.58227 -3.00827
v 56.37707 -1.19625 -3.11399
v 56.44388 -1.19864 -3.10659
v 56.85906 -1.21476 -3.06040
v 56.37707 -0.89861 -3.04165
v 56.44388 -0.90158 -3.03447
v 57.33994 -2.12623 -3.15880
v 57.81946 -2.13122 -3.10188
v 57.95264 -2.13256 -3.08613
v 57.33994 -1.82520 -3.11870
v 57.81946 -1.83467 -3.06297
v 57.95264 -1.83726 -3.04754
v 58.29738 -2.13660 -3.04590
v 58.29738 -1.84449 -3.00812
v 57.33994 -1.52738 -3.06722
v 57.81946 -1.54125 -3.01285
v 57.33994 -1.23323 -3.00712
v 54.92691 -0.53034 -3.10870
v 54.92691 -0.23728 -3.00438
v 54.92691 -2.07509 -2.39525
v 55.41075 -2.07819 -2.35036
v 55.89422 -2.08106 -2.30604
v 54.92691 -1.76290 -2.31100
v 54.92691 -1.45360 -2.22144
v 55.41075 -1.77012 -2.26819
v 55.89422 -1.77714 -2.22584
v 55.41075 -1.46490 -2.18078
v 55.89422 -1.47602 -2.14046
v 56.37707 -2.08371 -2.26217
v 56.44388 -2.08406 -2.25612
v 56.85906 -2.08738 -2.21892
v 56.37707 -1.78396 -2.18387
v 56.44388 -1.78489 -2.17809
v 56.85906 -1.79185 -2.14249
v 56.37707 -0.60796 -2.95816
v 56.44388 -0.61149 -2.95124
v 56.85906 -0.92136 -2.98971
v 56.85906 -0.63482 -2.90803
v 54.92691 -1.14851 -2.12660
v 57.95264 -1.54506 -2.99779
v 58.29738 -1.55545 -2.95930
v 58.77345 -2.14198 -2.99058
v 59.24744 -2.14712 -2.93578
v 58.77345 -1.85431 -2.95390
v 59.24744 -1.86387 -2.90019
v 59.46140 -2.14937 -2.91113
v 59.71909 -2.15276 -2.88167
v 59.46140 -1.86811 -2.87602
v 59.71909 -1.87390 -2.84713
v 58.77345 -1.56963 -2.90636
v 59.24744 -1.58353 -2.85390
v 59.46140 -1.58974 -2.83029
v 59.71909 -1.59790 -2.80205
v 57.33994 -2.09107 -2.17607
v 57.81946 -2.09459 -2.13361
v 57.95264 -2.09554 -2.12186
v 57.81946 -1.25142 -2.95423
v 57.95264 -1.25644 -2.93958
v 57.95264 -0.97268 -2.87257
v 58.29738 -1.26993 -2.90211
v 58.29738 -0.98921 -2.83622
v 57.33994 -0.94406 -2.93806
v 57.81946 -0.96649 -2.88677
v 57.33994 -0.66163 -2.85816
v 57.81946 -0.68816 -2.80864
v 57.95264 -0.69549 -2.79492
v 58.29738 -0.71497 -2.75979
v 58.77345 -1.28839 -2.85057
v 59.24744 -1.30657 -2.79947
v 58.77345 -1.01186 -2.78620
v 59.24744 -1.03422 -2.73660
v 59.46140 -1.31471 -2.77648
v 59.71909 -1.32520 -2.74897
v 59.46140 -1.04425 -2.71428
v 59.71909 -1.05703 -2.68756
v 59.24744 -0.76812 -2.66351
v 58.77345 -0.74170 -2.71145
v 59.46140 -0.77998 -2.64193
v 59.71909 -0.79498 -2.61608
v 56.37707 -1.48696 -2.10047
v 56.44388 -1.48846 -2.09496
v 56.85906 -1.49901 -2.06103
v 55.41075 -1.16380 -2.08815
v 55.89422 -1.17896 -2.04994
v 54.92691 -0.84943 -2.02482
v 54.92691 -0.55862 -1.91283
v 55.41075 -0.86863 -1.98867
v 55.89422 -0.88772 -1.95263
v 55.41075 -0.58159 -1.87905
v 55.89422 -0.60448 -1.84531
v 56.37707 -1.19395 -2.01198
v 56.44388 -1.19601 -2.00675
v 56.85906 -1.21010 -1.97454
v 56.37707 -0.90665 -1.91679
v 56.44388 -0.90926 -1.91185
v 56.37707 -0.62723 -1.81171
v 56.44388 -0.63037 -1.80707
v 56.85906 -0.92681 -1.88143
v 56.85906 -0.65125 -1.77856
v 58.29738 -2.09862 -2.09206
v 58.29738 -1.81573 -2.02107
v 57.33994 -1.79977 -2.10149
v 57.81946 -1.80751 -2.06085
v 57.95264 -1.80963 -2.04960
v 57.33994 -1.51110 -2.02194
v 57.81946 -1.52301 -1.98318
v 57.95264 -1.52629 -1.97246
v 58.29738 -1.53538 -1.94524
v 58.77345 -2.10273 -2.05111
v 59.24744 -2.10668 -2.01058
v 58.77345 -1.82403 -1.98186
v 59.24744 -1.83215 -1.94304
v 59.46140 -2.10842 -1.99236
v 59.71909 -2.11124 -1.97067
v 59.46140 -1.83577 -1.92559
v 59.71909 -1.84087 -1.90480
v 58.77345 -1.54781 -1.90783
v 59.24744 -1.56005 -1.87079
v 59.46140 -1.56554 -1.85414
v 59.71909 -1.57289 -1.83429
v 57.33994 -1.22629 -1.93742
v 57.81946 -1.24230 -1.90062
v 57.95264 -1.24672 -1.89043
v 57.95264 -0.97255 -1.80198
v 58.29738 -1.25875 -1.86458
v 58.29738 -0.98745 -1.77755
v 57.33994 -0.94701 -1.84637
v 57.81946 -0.96702 -1.81160
v 57.33994 -0.67532 -1.74568
v 57.81946 -0.69920 -1.71307
v 57.95264 -0.70581 -1.70404
v 58.29738 -0.72349 -1.68113
v 58.77345 -1.27525 -1.82904
v 59.24744 -1.29155 -1.79384
v 58.77345 -1.00793 -1.74395
v 59.24744 -1.02819 -1.71068
v 59.46140 -1.29887 -1.77801
v 59.71909 -1.30844 -1.75914
v 59.46140 -1.03730 -1.69572
v 59.71909 -1.04904 -1.67787
v 59.24744 -0.77191 -1.61838
v 58.77345 -0.74781 -1.64961
v 59.46140 -0.78275 -1.60434
v 59.71909 -0.79658 -1.58759
v 59.71909 -0.55297 -1.48534
v 55.41075 -0.26718 -2.95632
v 55.89422 -0.29695 -2.90816
v 54.92691 0.04321 -2.87958
v 55.41075 0.00966 -2.83387
v 55.89422 -0.02378 -2.78804
v 55.41075 0.27490 -2.69802
v 55.89422 0.23800 -2.65468
v 56.37707 -0.32652 -2.86009
v 56.44388 -0.33060 -2.85345
v 56.85906 -0.35732 -2.81197
v 56.37707 -0.05702 -2.74228
v 56.44388 -0.06160 -2.73596
v 56.37707 0.20129 -2.61139
v 56.44388 0.19623 -2.60541
v 56.85906 -0.09153 -2.69643
v 56.85906 0.16325 -2.56799
v 54.92691 0.31192 -2.74124
v 54.92691 0.56813 -2.59109
v 55.89422 0.48768 -2.50977
v 55.41075 0.52785 -2.55049
v 54.92691 0.81120 -2.43097
v 55.41075 0.76786 -2.39308
v 55.89422 0.72463 -2.35509
v 54.92691 1.04055 -2.26279
v 55.41075 0.99435 -2.22769
v 55.89422 0.94827 -2.19251
v 56.37707 0.44770 -2.46910
v 56.44388 0.44219 -2.46348
v 56.85906 0.40634 -2.42829
v 56.37707 0.68159 -2.31716
v 56.44388 0.67565 -2.31192
v 56.85906 0.63711 -2.27907
v 56.37707 0.90238 -2.15740
v 56.44388 0.89605 -2.15255
v 56.85906 0.85500 -2.12211
v 57.33994 -0.38808 -2.76408
v 57.81946 -0.41855 -2.71652
v 57.95264 -0.42698 -2.70334
v 57.81946 -0.16021 -2.60546
v 57.95264 -0.16967 -2.59290
v 58.29738 -0.44929 -2.66958
v 58.29738 -0.19466 -2.56070
v 57.33994 -0.12602 -2.65080
v 58.77345 -0.47993 -2.62311
v 59.24744 -0.51025 -2.57702
v 59.46140 -0.52387 -2.55627
v 57.95264 0.07706 -2.46995
v 57.33994 0.12523 -2.52478
v 57.81946 0.08751 -2.48185
v 58.29738 0.04954 -2.43944
v 58.29738 0.28263 -2.30737
v 58.77345 -0.22900 -2.51638
v 59.24744 -0.26302 -2.47240
v 59.71909 -0.54100 -2.53140
v 59.46140 -0.27831 -2.45261
v 59.71909 -0.29746 -2.42887
v 58.77345 0.01168 -2.39744
v 59.24744 -0.02585 -2.35576
v 59.46140 -0.04273 -2.33699
v 58.77345 0.24145 -2.26783
v 59.24744 0.20061 -2.22859
v 59.71909 -0.06380 -2.31448
v 59.46140 0.18223 -2.21092
v 59.71909 0.15934 -2.18972
v 57.33994 0.36499 -2.38766
v 57.81946 0.32393 -2.34727
v 57.95264 0.31256 -2.33608
v 57.33994 0.59264 -2.24113
v 57.81946 0.54845 -2.20341
v 57.95264 0.53620 -2.19296
v 58.29738 0.50403 -2.16613
v 58.77345 0.45972 -2.12918
v 54.92691 -0.27836 -1.78725
v 55.41075 -0.30494 -1.75599
v 55.89422 -0.33145 -1.72469
v 56.37707 -0.35784 -1.69349
v 56.44388 -0.36148 -1.68919
v 54.92691 -0.00819 -1.65387
v 54.92691 0.25121 -1.51459
v 55.41075 -0.03822 -1.62518
v 55.89422 -0.06821 -1.59641
v 55.41075 0.21789 -1.48851
v 55.89422 0.18460 -1.46230
v 56.85906 -0.38555 -1.66272
v 56.37707 -0.09807 -1.56770
v 56.44388 -0.10219 -1.56374
v 56.85906 -0.12931 -1.53938
v 56.37707 0.15142 -1.43614
v 56.44388 0.14683 -1.43253
v 56.85906 0.11681 -1.41034
v 56.37707 1.10837 -1.98751
v 56.44388 1.10167 -1.98307
v 56.85906 1.05833 -1.95515
v 54.92691 0.49925 -1.37132
v 55.41075 0.46279 -1.34786
v 55.89422 0.42636 -1.32425
v 54.92691 0.73534 -1.22603
v 56.37707 0.39002 -1.30065
v 56.44388 0.38501 -1.29740
v 56.85906 0.35221 -1.27740
v 57.33994 -0.41331 -1.63219
v 57.95264 -0.44853 -1.59352
v 57.81946 -0.44089 -1.60191
v 57.33994 -0.16062 -1.51130
v 57.81946 -0.19174 -1.48342
v 57.95264 -0.20036 -1.47571
v 58.29738 -0.46886 -1.57224
v 58.29738 -0.22324 -1.45612
v 57.81946 0.04762 -1.35935
v 57.95264 0.03806 -1.35231
v 57.33994 0.08212 -1.38475
v 57.81946 0.27660 -1.23144
v 57.95264 0.26614 -1.22510
v 58.29738 0.01274 -1.33446
v 58.77345 -0.49686 -1.54296
v 59.24744 -0.52462 -1.51396
v 59.46140 -0.53712 -1.50091
v 58.77345 -0.25476 -1.42917
v 59.24744 -0.28605 -1.40247
v 59.46140 -0.30014 -1.39046
v 59.71909 -0.31791 -1.37612
v 58.77345 -0.02214 -1.30991
v 59.24744 -0.05679 -1.28557
v 59.46140 -0.07240 -1.27462
v 59.71909 -0.09201 -1.26155
v 57.33994 0.80761 -2.08696
v 57.81946 0.76050 -2.05201
v 57.95264 0.74744 -2.04232
v 57.33994 1.00826 -1.92291
v 57.81946 0.95847 -1.89085
v 58.29738 0.71316 -2.01744
v 57.95264 0.94467 -1.88196
v 57.95264 1.12872 -1.71837
v 58.29738 0.90845 -1.85913
v 58.29738 1.09072 -1.69760
v 59.24744 0.41577 -2.09250
v 58.77345 0.66594 -1.98318
v 59.24744 0.61907 -1.94916
v 59.46140 0.39597 -2.07599
v 59.71909 0.37137 -2.05616
v 59.46140 0.59796 -1.93384
v 59.71909 0.57175 -1.91545
v 58.77345 0.85855 -1.82767
v 59.24744 0.80899 -1.79645
v 58.77345 1.03835 -1.66899
v 59.46140 0.78667 -1.78238
v 59.71909 0.75899 -1.76549
v 57.33994 0.31431 -1.25433
v 59.24744 0.98632 -1.64058
v 59.46140 0.96287 -1.62778
v 59.71909 0.93383 -1.61240
v 59.46140 1.12618 -1.47178
v 59.71909 1.09589 -1.45792
v 60.18818 -2.15876 -2.82826
v 60.18818 -1.88429 -2.79473
v 60.65445 -2.16453 -2.77542
v 60.65445 -1.89442 -2.74288
v 60.96762 -2.16830 -2.74008
v 61.11767 -2.17059 -2.72360
v 60.96762 -1.90112 -2.70820
v 61.11767 -1.90479 -2.69202
v 60.18818 -1.61260 -2.75083
v 60.65445 -1.62703 -2.70013
v 60.96762 -1.63662 -2.66622
v 61.11767 -1.64165 -2.65039
v 61.57761 -2.17750 -2.67323
v 61.57761 -1.91592 -2.64257
v 62.03403 -2.18418 -2.62349
v 62.47638 -2.19064 -2.57494
v 62.03403 -1.92681 -2.59372
v 61.57761 -1.65695 -2.60202
v 62.47638 -1.93732 -2.54606
v 61.57761 -1.40101 -2.55395
v 62.03403 -1.67197 -2.55422
v 62.47638 -1.68649 -2.50760
v 62.03403 -1.42010 -2.50732
v 62.47638 -1.43857 -2.46186
v 60.18818 -1.34416 -2.69904
v 60.65445 -1.36281 -2.64963
v 60.18818 -1.08014 -2.63906
v 60.65445 -1.10294 -2.59105
v 60.96762 -1.37524 -2.61656
v 61.11767 -1.38161 -2.60113
v 60.96762 -1.11815 -2.55892
v 60.18818 -0.82214 -2.56916
v 61.11767 -1.12583 -2.54392
v 60.65445 -0.84896 -2.52271
v 60.18818 -0.57205 -2.48627
v 60.65445 -0.60274 -2.44156
v 60.96762 -0.86687 -2.49161
v 61.11767 -0.87582 -2.47709
v 60.96762 -0.62326 -2.41163
v 61.11767 -0.63344 -2.39766
v 61.57761 -1.14925 -2.49806
v 62.47638 -1.19467 -2.40853
v 62.03403 -1.17234 -2.45273
v 61.57761 -0.90316 -2.43269
v 61.57761 -0.66453 -2.35492
v 62.03403 -0.93012 -2.38880
v 62.47638 -0.95621 -2.34602
v 62.03403 -0.69524 -2.31265
v 62.47638 -0.72495 -2.27147
v 62.93537 -2.19880 -2.52588
v 62.93537 -1.94963 -2.49791
v 63.37983 -2.20656 -2.47858
v 63.81985 -2.21409 -2.43195
v 63.98514 -2.21688 -2.41448
v 63.37983 -1.96140 -2.45147
v 63.81985 -1.97290 -2.40568
v 63.98514 -1.97718 -2.38853
v 62.93537 -1.70288 -2.46051
v 62.93537 -1.45898 -2.41595
v 63.37983 -1.71860 -2.41509
v 63.81985 -1.73402 -2.37029
v 63.98514 -1.73977 -2.35351
v 63.37983 -1.47859 -2.37166
v 63.81985 -1.49787 -2.32796
v 63.98514 -1.50508 -2.31159
v 64.25521 -2.22215 -2.38670
v 64.68568 -2.23045 -2.34256
v 64.25521 -1.98484 -2.36124
v 64.68568 -1.99693 -2.31787
v 65.11104 -2.00875 -2.27518
v 64.25521 -1.74978 -2.32680
v 64.68568 -1.76562 -2.28435
v 64.25521 -1.51740 -2.28552
v 64.68568 -1.53694 -2.24409
v 65.11104 -1.78115 -2.24255
v 65.11104 -1.55613 -2.20329
v 62.93537 -1.21901 -2.36392
v 62.93537 -0.98439 -2.30285
v 63.37983 -1.24245 -2.32087
v 63.81985 -1.26551 -2.27839
v 63.98514 -1.27414 -2.26247
v 63.37983 -1.01155 -2.26118
v 63.81985 -1.03830 -2.22006
v 63.98514 -1.04831 -2.20464
v 62.93537 -0.75683 -2.22993
v 63.37983 -0.78756 -2.18982
v 63.81985 -0.81786 -2.15024
v 63.98514 -0.82921 -2.13540
v 64.25521 -1.28874 -2.23712
v 64.68568 -1.31190 -2.19683
v 64.25521 -1.06512 -2.18009
v 64.68568 -1.09181 -2.14106
v 65.11104 -1.33467 -2.15713
v 64.25521 -0.84815 -2.11175
v 60.18818 -2.11628 -1.93136
v 60.65445 -2.12115 -1.89251
v 60.18818 -1.85005 -1.86713
v 60.65445 -1.85906 -1.82989
v 60.96762 -2.12434 -1.86654
v 61.11767 -2.12641 -1.85440
v 60.96762 -1.86503 -1.80499
v 61.11767 -1.86840 -1.79335
v 60.18818 -1.58618 -1.79832
v 60.65445 -1.59927 -1.76276
v 60.96762 -1.60799 -1.73897
v 61.11767 -1.61266 -1.72785
v 61.57761 -2.13266 -1.81733
v 61.57761 -1.87867 -1.75779
v 62.03403 -2.13874 -1.78075
v 62.47638 -2.14439 -1.74602
v 62.03403 -1.88874 -1.72269
v 62.47638 -1.89827 -1.68934
v 61.57761 -1.62689 -1.69386
v 62.03403 -1.64091 -1.66031
v 62.47638 -1.65428 -1.62842
v 62.03403 -1.39630 -1.59361
v 62.47638 -1.41344 -1.56323
v 60.18818 -1.32577 -1.72494
v 60.65445 -1.34288 -1.69111
v 60.96762 -1.35431 -1.66849
v 60.18818 -1.07032 -1.64552
v 60.65445 -1.09136 -1.61351
v 61.11767 -1.36025 -1.65790
v 60.96762 -1.10544 -1.59211
v 61.11767 -1.11263 -1.58208
v 60.18818 -0.82169 -1.55721
v 60.65445 -0.84654 -1.52715
v 60.18818 -0.58173 -1.45710
v 60.96762 -0.86318 -1.50705
v 61.11767 -0.87157 -1.49763
v 60.65445 -0.61023 -1.42917
v 60.96762 -0.62932 -1.41047
v 61.11767 -0.63887 -1.40171
v 61.57761 -1.37840 -1.62555
v 61.57761 -1.13459 -1.55145
v 62.03403 -1.15630 -1.52121
v 62.47638 -1.17714 -1.49242
v 61.57761 -0.89724 -1.46884
v 61.57761 -0.66809 -1.37493
v 62.03403 -0.92263 -1.44041
v 62.47638 -0.94705 -1.41334
v 62.03403 -0.69701 -1.34848
v 62.47638 -0.72486 -1.32328
v 62.93537 -2.15186 -1.71089
v 63.37983 -2.15899 -1.67708
v 62.93537 -1.90971 -1.65558
v 63.81985 -2.16595 -1.64379
v 63.98514 -2.16854 -1.63134
v 63.37983 -1.92069 -1.62307
v 63.81985 -1.93146 -1.59106
v 63.98514 -1.93548 -1.57908
v 62.93537 -1.66965 -1.59608
v 62.93537 -1.43268 -1.53239
v 63.37983 -1.68443 -1.56494
v 63.81985 -1.69898 -1.53428
v 63.98514 -1.70442 -1.52280
v 63.37983 -1.45122 -1.50268
v 63.81985 -1.46948 -1.47342
v 63.98514 -1.47632 -1.46246
v 64.25521 -2.17349 -1.61162
v 64.68568 -2.18132 -1.58033
v 64.25521 -1.94273 -1.56012
v 64.68568 -1.95421 -1.53002
v 65.11104 -2.18897 -1.54958
v 65.11104 -1.96547 -1.50044
v 64.25521 -1.71393 -1.50463
v 64.68568 -1.72903 -1.47579
v 65.11104 -1.74386 -1.44743
v 64.25521 -1.48806 -1.44512
v 64.68568 -1.50672 -1.41759
v 65.11104 -1.52508 -1.39052
v 63.37983 -0.57250 -2.10268
v 63.81985 -0.60618 -2.06488
v 63.98514 -0.61880 -2.05070
v 65.11104 -1.11807 -2.10260
v 64.68568 -0.87825 -2.07416
v 64.25521 -0.63977 -2.02811
v 64.68568 -0.67311 -1.99219
v 65.11104 -0.90788 -2.03711
v 65.11104 -0.70595 -1.95679
v 62.93537 -1.20016 -1.46315
v 62.93537 -0.97374 -1.38578
v 63.37983 -1.22237 -1.43496
v 63.81985 -1.24427 -1.40718
v 63.98514 -1.25247 -1.39679
v 63.37983 -0.99950 -1.35922
v 63.81985 -1.02492 -1.33305
v 63.98514 -1.03445 -1.32325
v 62.93537 -0.75507 -1.29759
v 63.37983 -0.78425 -1.27283
v 63.81985 -0.81305 -1.24843
v 63.98514 -0.82386 -1.23930
v 64.25521 -1.26640 -1.38032
v 64.68568 -1.28854 -1.35418
v 64.25521 -1.05050 -1.30774
v 64.68568 -1.07602 -1.28311
v 65.11104 -1.31034 -1.32847
v 65.11104 -1.10117 -1.25888
v 64.25521 -0.84194 -1.22483
v 60.65445 -0.36656 -2.34310
v 60.18818 -0.33220 -2.38578
v 60.65445 -0.13990 -2.23313
v 60.96762 -0.38955 -2.31452
v 61.11767 -0.40089 -2.30117
v 60.96762 -0.16524 -2.20601
v 61.11767 -0.17769 -2.19335
v 60.18818 -0.10204 -2.27361
v 60.65445 0.07662 -2.11309
v 60.18818 0.11778 -2.15123
v 61.57761 -0.43556 -2.26035
v 61.57761 -0.21576 -2.15461
v 62.03403 -0.46982 -2.21997
v 62.47638 -0.50297 -2.18064
v 62.03403 -0.25339 -2.11630
v 62.93537 -0.53836 -2.14098
v 60.65445 0.28241 -1.98449
v 60.96762 0.04906 -2.08754
v 61.11767 0.03556 -2.07560
v 60.96762 0.25276 -1.96059
v 61.11767 0.23827 -1.94943
v 62.47638 -0.28982 -2.07897
v 61.57761 -0.00573 -2.03910
v 61.57761 0.19394 -1.91528
v 62.03403 -0.04658 -2.00299
v 62.47638 -0.08611 -1.96782
v 62.03403 0.15007 -1.88149
v 62.47638 0.10761 -1.84859
v 60.18818 -0.35019 -1.35012
v 60.65445 -0.38218 -1.32439
v 60.96762 -0.40363 -1.30717
v 61.11767 -0.41429 -1.29909
v 60.18818 -0.12765 -1.23785
v 61.57761 -0.44692 -1.27441
v 62.03403 -0.47922 -1.25003
v 62.47638 -0.51038 -1.22679
v 60.18818 0.32669 -2.02016
v 60.65445 0.47696 -1.84893
v 60.18818 0.52415 -1.88204
v 60.18818 0.70869 -1.73480
v 60.65445 0.65882 -1.70439
v 60.96762 0.44534 -1.82675
v 61.11767 0.42993 -1.81639
v 60.96762 0.62539 -1.68401
v 61.11767 0.60912 -1.67449
v 61.57761 0.38275 -1.78469
v 62.03403 0.33606 -1.75331
v 62.47638 0.29085 -1.72278
v 60.18818 0.88105 -1.58447
v 60.65445 0.82869 -1.55679
v 60.96762 0.79359 -1.53823
v 61.11767 0.77652 -1.52956
v 60.18818 1.04083 -1.43275
v 60.65445 0.98619 -1.40779
v 60.65445 1.13101 -1.25911
v 60.96762 0.94955 -1.39106
v 61.11767 0.93176 -1.38325
v 60.96762 1.09297 -1.24420
v 61.11767 1.07452 -1.23724
v 61.57761 0.55932 -1.64536
v 62.47638 0.46225 -1.58848
v 62.03403 0.51000 -1.61653
v 62.03403 0.67255 -1.47679
v 62.47638 0.62245 -1.45125
v 61.57761 0.72429 -1.50304
v 61.57761 0.87730 -1.35934
v 62.03403 0.82333 -1.33567
v 62.47638 0.77108 -1.31265
v 62.93537 -0.32856 -2.04136
v 63.37983 -0.36595 -2.00503
v 63.81985 -0.40286 -1.96916
v 63.98514 -0.41669 -1.95572
v 63.37983 -0.16850 -1.89817
v 63.81985 -0.20846 -1.86438
v 63.98514 -0.22345 -1.85170
v 62.93537 -0.12803 -1.93239
v 62.93537 0.06270 -1.81546
v 62.93537 0.24312 -1.69205
v 63.37983 0.01931 -1.78346
v 63.98514 -0.03960 -1.74001
v 63.81985 -0.02353 -1.75186
v 64.25521 -0.43960 -1.93428
v 64.68568 -0.47603 -1.90018
v 64.25521 -0.24820 -1.83150
v 64.68568 -0.28757 -1.79936
v 65.11104 -0.51193 -1.86657
v 65.11104 -0.32637 -1.76767
v 64.25521 -0.06609 -1.72110
v 64.68568 -0.10824 -1.69103
v 63.37983 0.19701 -1.66236
v 63.81985 0.15145 -1.63303
v 63.98514 0.13436 -1.62203
v 65.11104 -0.14979 -1.66138
v 64.68568 0.06148 -1.57656
v 64.25521 0.10624 -1.60448
v 64.25521 0.26755 -1.47984
v 64.68568 0.22038 -1.45418
v 65.11104 0.01735 -1.54903
v 65.11104 0.17384 -1.42889
v 62.93537 0.41193 -1.56026
v 63.37983 0.36328 -1.53300
v 63.81985 0.31521 -1.50606
v 63.98514 0.29718 -1.49596
v 62.93537 0.56971 -1.42558
v 63.81985 0.46833 -1.37626
v 63.98514 0.44942 -1.36707
v 63.37983 0.51873 -1.40077
v 63.37983 0.66298 -1.26718
v 63.98514 0.59072 -1.23682
v 63.81985 0.61044 -1.24510
v 62.93537 0.71612 -1.28953
v 64.25521 0.41838 -1.35239
v 64.68568 0.36897 -1.32903
v 65.11104 0.32022 -1.30600
v 55.41075 0.69592 -1.20516
v 55.89422 0.65651 -1.18414
v 54.92691 0.95843 -1.07888
v 55.41075 0.91622 -1.06060
v 55.89422 0.87402 -1.04215
v 55.41075 1.12403 -0.91878
v 55.89422 1.07921 -0.90283
v 56.37707 0.61719 -1.16311
v 56.44388 0.61176 -1.16021
v 56.85906 0.57635 -1.14241
v 56.37707 0.83192 -1.02369
v 56.44388 0.82609 -1.02114
v 56.85906 0.78822 -1.00552
v 56.37707 1.03448 -0.88686
v 56.44388 1.02829 -0.88466
v 56.85906 0.98811 -0.87116
v 58.29738 0.23852 -1.20901
v 58.77345 0.20043 -1.18688
v 59.24744 0.16258 -1.16494
v 59.46140 0.14553 -1.15506
v 59.71909 0.12416 -1.14328
v 57.81946 0.49465 -1.10148
v 57.95264 0.48335 -1.09583
v 57.33994 0.53540 -1.12187
v 58.29738 0.45353 -1.08151
v 57.81946 0.70081 -0.96961
v 57.95264 0.68871 -0.96465
v 58.29738 0.65683 -0.95209
v 57.33994 0.74442 -0.98750
v 57.81946 0.89533 -0.84014
v 57.95264 0.88248 -0.83586
v 57.33994 0.94162 -0.85559
v 58.29738 0.84866 -0.82501
v 58.77345 0.41240 -1.06180
v 59.24744 0.37153 -1.04226
v 59.46140 0.35310 -1.03347
v 59.71909 0.33007 -1.02297
v 58.77345 0.61285 -0.93481
v 59.24744 0.56913 -0.91767
v 59.46140 0.54941 -0.90996
v 59.71909 0.52482 -0.90076
v 58.77345 0.80200 -0.81008
v 59.24744 0.75559 -0.79528
v 59.46140 0.73466 -0.78862
v 57.33994 1.12659 -0.72794
v 57.81946 1.07778 -0.71482
v 57.95264 1.06423 -0.71119
v 58.29738 1.02859 -0.70199
v 59.71909 0.70860 -0.78067
v 58.77345 0.97942 -0.68933
v 59.24744 0.93051 -0.67677
v 59.24744 1.09348 -0.56368
v 59.46140 0.90844 -0.67112
v 59.71909 0.88100 -0.66438
v 59.46140 1.07036 -0.55898
v 59.71909 1.04164 -0.55338
v 63.37983 -0.57642 -1.18019
v 63.81985 -0.60848 -1.15765
v 63.98514 -0.62050 -1.14921
v 64.68568 -0.87070 -1.20186
v 64.25521 -0.64054 -1.13585
v 64.68568 -0.67243 -1.11463
v 65.11104 -0.89906 -1.17927
v 65.11104 -0.70388 -1.09375
v 60.65445 -0.16299 -1.21438
v 60.96762 -0.18669 -1.19868
v 61.11767 -0.19841 -1.19131
v 60.65445 0.04679 -1.10074
v 60.18818 0.08532 -1.12190
v 60.18818 0.28820 -1.00393
v 60.96762 0.02095 -1.08658
v 61.11767 0.00821 -1.07993
v 60.65445 0.24665 -0.98508
v 60.96762 0.21877 -0.97246
v 61.11767 0.20507 -0.96654
v 61.57761 -0.23430 -1.16879
v 62.03403 -0.26985 -1.14653
v 62.47638 -0.30416 -1.12532
v 61.57761 -0.03079 -1.05961
v 62.03403 -0.06942 -1.03952
v 62.47638 -0.10674 -1.02037
v 61.57761 0.16313 -0.94842
v 62.03403 0.12156 -0.93051
v 62.47638 0.08138 -0.91344
v 62.47638 0.25938 -0.80462
v 60.18818 0.48010 -0.88405
v 60.65445 0.43569 -0.86752
v 60.96762 0.40590 -0.85645
v 61.11767 0.39130 -0.85124
v 61.57761 0.34658 -0.83534
v 62.03403 0.30225 -0.81961
v 61.57761 1.01802 -1.21592
v 62.47638 0.90781 -1.17428
v 62.03403 0.96204 -1.19481
v 62.03403 1.08840 -1.05588
v 62.47638 1.03241 -1.03780
v 60.18818 0.66119 -0.76625
v 60.65445 0.61411 -0.75196
v 60.96762 0.58251 -0.74240
v 61.11767 0.56706 -0.73790
v 60.18818 0.83108 -0.65214
v 60.65445 0.78149 -0.64002
v 60.96762 0.74821 -0.63191
v 61.11767 0.73196 -0.62809
v 60.18818 0.98937 -0.54322
v 60.65445 0.93746 -0.53316
v 60.65445 1.08163 -0.43269
v 60.96762 0.90260 -0.52642
v 61.11767 0.88562 -0.52325
v 60.96762 1.04532 -0.42724
v 61.11767 1.02765 -0.42467
v 61.57761 0.51973 -0.72415
v 61.57761 0.68218 -0.61641
v 62.03403 0.47280 -0.71056
v 62.47638 0.42740 -0.69760
v 62.03403 0.63282 -0.60487
v 62.47638 0.58505 -0.59386
v 61.57761 0.83356 -0.51354
v 61.57761 0.97349 -0.41681
v 62.03403 0.78193 -0.50394
v 62.47638 0.73195 -0.49479
v 62.03403 0.91977 -0.40903
v 62.47638 0.86775 -0.40162
v 62.93537 -0.54397 -1.20306
v 62.93537 -0.34099 -1.10362
v 63.37983 -0.37658 -1.08271
v 63.81985 -0.41175 -1.06209
v 63.98514 -0.42494 -1.05437
v 62.93537 -0.14665 -1.00074
v 63.37983 -0.18523 -0.98182
v 63.98514 -0.23769 -0.95619
v 63.81985 -0.22338 -0.96317
v 62.93537 0.03855 -0.89590
v 62.93537 0.21379 -0.78918
v 63.37983 -0.00288 -0.87899
v 63.81985 -0.04384 -0.86232
v 63.98514 -0.05921 -0.85608
v 64.25521 -0.44685 -1.04215
v 64.68568 -0.48173 -1.02274
v 65.11104 -0.51614 -1.00365
v 64.25521 -0.26138 -0.94514
v 64.68568 -0.29911 -0.92758
v 65.11104 -0.33634 -0.91030
v 65.11104 -0.16494 -0.81508
v 64.25521 -0.08460 -0.84620
v 64.68568 -0.12503 -0.83052
v 63.37983 0.16969 -0.77430
v 63.81985 0.12608 -0.75963
v 63.98514 0.10971 -0.75413
v 63.81985 0.28648 -0.65859
v 63.98514 0.26917 -0.65382
v 64.68568 0.03973 -0.73164
v 64.25521 0.08272 -0.74544
v 64.25521 0.24068 -0.64630
v 64.68568 0.19529 -0.63433
v 65.11104 -0.00271 -0.71806
v 65.11104 0.15047 -0.62256
v 62.93537 0.85083 -1.15369
v 62.93537 0.97360 -1.01968
v 63.37983 0.79572 -1.13378
v 63.81985 0.74123 -1.11410
v 63.98514 0.72078 -1.10672
v 62.93537 1.08369 -0.88702
v 63.37983 0.91672 -1.00216
v 63.81985 0.86046 -0.98484
v 63.98514 0.83934 -0.97834
v 63.37983 1.02523 -0.87185
v 63.81985 0.96741 -0.85685
v 63.98514 0.94570 -0.85122
v 64.25521 0.55839 -1.22359
v 64.68568 0.50691 -1.20253
v 64.25521 0.68727 -1.09493
v 64.68568 0.63391 -1.07616
v 65.11104 0.45611 -1.18177
v 65.11104 0.58124 -1.05765
v 65.11104 0.69534 -0.93513
v 64.25521 0.80477 -0.96796
v 64.68568 0.74970 -0.95143
v 64.25521 0.91019 -0.84222
v 64.68568 0.85361 -0.82790
v 65.11104 0.79775 -0.81377
v 62.93537 0.37921 -0.68421
v 62.93537 0.53443 -0.58246
v 63.37983 0.33260 -0.67131
v 63.37983 0.48546 -0.57147
v 63.81985 0.43700 -0.56063
v 62.93537 0.67908 -0.48528
v 63.98514 0.41881 -0.55657
v 63.37983 0.62791 -0.47610
v 63.81985 0.57728 -0.46706
v 63.98514 0.55827 -0.46367
v 63.81985 0.70696 -0.37903
v 63.98514 0.68719 -0.37628
v 63.37983 1.12173 -0.74689
v 63.81985 1.06253 -0.73410
v 63.98514 1.04031 -0.72930
v 63.98514 1.12304 -0.61405
v 62.93537 0.81280 -0.39387
v 63.37983 0.75960 -0.38640
v 64.25521 0.38891 -0.55016
v 64.68568 0.34127 -0.53998
v 64.68568 0.47732 -0.44983
v 64.25521 0.52705 -0.45832
v 64.25521 0.65476 -0.37193
v 64.68568 0.60310 -0.36503
v 65.11104 0.29422 -0.52996
v 65.11104 0.42820 -0.44148
v 65.11104 0.55206 -0.35823
v 64.25521 1.00396 -0.72162
v 64.68568 0.94606 -0.70940
v 64.25521 1.08597 -0.60761
v 64.68568 1.02692 -0.59737
v 65.11104 0.88888 -0.69734
v 65.11104 0.96860 -0.58727
v 64.68568 1.09612 -0.49322
v 65.11104 1.03684 -0.48492
v 65.11104 1.09358 -0.39175
v 61.57761 1.10188 -0.32833
v 62.03403 1.04624 -0.32222
v 62.47638 0.99235 -0.31639
v 62.47638 1.10551 -0.24043
v 62.93537 0.93548 -0.31026
v 62.93537 1.04690 -0.23574
v 63.37983 0.88043 -0.30434
v 63.98514 0.80548 -0.29634
v 63.81985 0.82594 -0.29852
v 63.98514 0.91289 -0.22510
v 63.37983 0.99015 -0.23122
v 63.81985 0.93399 -0.22677
v 63.37983 1.08856 -0.16818
v 63.98514 1.00923 -0.16370
v 63.81985 1.03089 -0.16492
v 63.81985 1.11643 -0.11385
v 63.98514 1.09426 -0.11299
v 65.11104 0.66570 -0.28208
v 64.25521 0.77194 -0.29291
v 64.68568 0.71849 -0.28745
v 64.25521 0.87834 -0.22248
v 64.68568 0.82328 -0.21832
v 64.68568 0.91726 -0.15874
v 64.25521 0.97377 -0.16178
v 65.11104 0.76889 -0.21423
v 65.11104 0.86142 -0.15575
v 64.25521 1.05800 -0.11167
v 64.25521 1.13079 -0.07269
v 64.68568 1.00020 -0.10955
v 64.68568 1.07187 -0.07131
v 65.11104 0.94309 -0.10748
v 65.11104 1.01366 -0.06996
v 65.11104 1.07358 -0.04631
v 65.11104 1.12234 -0.03551
v 54.92691 1.25437 -2.08415
v 54.92691 1.45370 -1.90214
v 55.41075 1.20556 -2.05193
v 55.89422 1.15687 -2.01969
v 55.41075 1.40248 -1.87282
v 55.89422 1.35140 -1.84353
v 54.92691 1.63812 -1.71876
v 55.41075 1.58472 -1.69234
v 56.37707 1.30050 -1.81431
v 56.44388 1.29346 -1.81027
v 56.85906 1.24800 -1.78491
v 55.89422 1.53145 -1.66598
v 54.92691 1.80731 -1.53607
v 55.41075 1.75193 -1.51251
v 55.89422 1.69669 -1.48906
v 54.92691 1.96100 -1.35618
v 55.41075 1.90387 -1.33544
v 55.89422 1.84687 -1.31482
v 56.37707 1.47836 -1.63972
v 56.44388 1.47102 -1.63609
v 56.85906 1.42363 -1.61326
v 56.37707 1.64163 -1.46570
v 56.44388 1.63402 -1.46248
v 56.37707 1.79004 -1.29431
v 56.44388 1.78219 -1.29147
v 56.85906 1.58488 -1.44216
v 56.85906 1.73149 -1.27361
v 57.33994 1.19547 -1.75560
v 57.81946 1.14321 -1.72645
v 57.81946 1.31434 -1.56065
v 57.95264 1.29922 -1.55337
v 57.33994 1.36885 -1.58688
v 58.29738 1.25959 -1.53467
v 57.33994 1.52806 -1.41868
v 57.81946 1.47151 -1.39533
v 57.95264 1.45582 -1.38885
v 58.29738 1.41471 -1.37219
v 57.33994 1.67285 -1.25297
v 57.81946 1.61447 -1.23243
v 57.95264 1.59828 -1.22673
v 58.77345 1.20495 -1.50890
v 59.24744 1.15065 -1.48331
v 59.24744 1.30168 -1.32643
v 58.77345 1.35802 -1.34923
v 59.46140 1.27627 -1.31615
v 59.71909 1.24485 -1.30380
v 60.18818 1.18771 -1.28136
v 54.92691 1.16885 -0.93456
v 54.92691 1.36617 -0.79500
v 55.41075 1.31891 -0.78162
v 56.44388 1.91459 -1.12248
v 56.37707 1.92265 -1.12493
v 56.85906 1.86252 -1.10703
v 54.92691 1.54998 -0.66196
v 55.89422 1.27164 -0.76807
v 55.41075 1.50044 -0.65084
v 55.89422 1.45089 -0.63957
v 54.92691 1.71985 -0.53702
v 54.92691 1.87575 -0.42285
v 55.41075 1.66821 -0.52803
v 55.89422 1.61657 -0.51888
v 55.41075 1.82219 -0.41580
v 55.89422 1.76861 -0.40859
v 56.37707 1.22445 -0.75449
v 56.44388 1.21792 -0.75261
v 56.37707 1.40142 -0.62826
v 56.44388 1.39458 -0.62670
v 56.85906 1.17558 -0.74116
v 56.85906 1.35023 -0.61717
v 56.85906 1.51165 -0.50070
v 56.37707 1.56499 -0.50969
v 56.44388 1.55786 -0.50842
v 56.44388 1.70770 -0.40033
v 56.37707 1.71510 -0.40133
v 56.85906 1.65979 -0.39426
v 54.92691 2.09820 -1.17846
v 54.92691 2.21972 -1.00827
v 55.41075 2.03954 -1.16049
v 55.89422 1.98101 -1.14266
v 54.92691 2.32549 -0.84760
v 55.41075 2.15975 -0.99296
v 55.89422 2.09991 -0.97779
v 55.41075 2.26442 -0.83481
v 55.89422 2.20345 -0.82213
v 56.37707 2.04022 -0.96271
v 56.44388 2.03197 -0.96062
v 56.37707 2.14263 -0.80953
v 56.44388 2.13422 -0.80779
v 56.85906 1.97872 -0.94746
v 56.85906 2.07997 -0.79678
v 55.41075 2.35350 -0.68798
v 55.89422 2.29161 -0.67761
v 55.89422 2.36446 -0.54622
v 54.92691 2.41548 -0.69842
v 54.92691 2.48976 -0.56278
v 54.92691 2.54739 -0.43903
v 55.41075 2.42707 -0.55448
v 55.41075 2.48422 -0.43270
v 55.89422 2.42108 -0.42635
v 56.37707 2.22986 -0.66731
v 56.44388 2.22132 -0.66589
v 56.85906 2.16623 -0.65687
v 56.37707 2.30197 -0.53799
v 56.44388 2.29332 -0.53685
v 56.37707 2.35806 -0.42000
v 56.44388 2.34934 -0.41912
v 56.85906 2.23757 -0.52964
v 56.85906 2.29311 -0.41354
v 57.81946 1.74232 -1.07138
v 57.95264 1.72568 -1.06645
v 57.33994 1.80230 -1.08916
v 58.29738 1.55584 -1.21207
v 58.29738 1.68208 -1.05376
v 57.33994 1.91711 -0.93224
v 57.81946 1.85575 -0.91709
v 57.95264 1.83871 -0.91289
v 58.29738 1.79410 -0.90207
v 58.77345 1.49731 -1.19187
v 59.24744 1.43912 -1.17180
v 59.46140 1.41288 -1.16275
v 59.71909 1.38044 -1.15188
v 59.46140 1.53516 -1.01103
v 59.71909 1.50182 -1.00161
v 58.77345 1.62194 -1.03625
v 59.24744 1.56214 -1.01887
v 58.77345 1.73256 -0.88715
v 59.24744 1.67134 -0.87232
v 59.46140 1.64373 -0.86564
v 59.71909 1.60961 -0.85760
v 57.33994 1.29890 -0.60619
v 57.95264 1.23355 -0.59226
v 57.81946 1.24775 -0.59528
v 58.29738 1.19623 -0.58462
v 57.33994 1.45817 -0.49180
v 57.81946 1.40486 -0.48296
v 57.95264 1.39006 -0.48051
v 57.81946 1.54904 -0.38030
v 57.95264 1.53369 -0.37837
v 58.29738 1.35119 -0.47433
v 58.29738 1.49338 -0.37352
v 57.81946 1.95463 -0.77138
v 57.95264 1.93727 -0.76787
v 58.29738 1.89180 -0.75880
v 57.33994 1.60433 -0.38726
v 58.77345 1.14473 -0.57410
v 58.77345 1.29752 -0.46582
v 59.24744 1.24412 -0.45738
v 58.77345 1.43773 -0.36684
v 59.24744 1.38235 -0.36021
v 59.46140 1.22002 -0.45358
v 59.71909 1.19012 -0.44906
v 59.71909 1.32636 -0.35367
v 59.46140 1.35736 -0.35722
v 58.77345 1.82905 -0.74631
v 59.24744 1.76663 -0.73389
v 58.77345 1.91137 -0.61549
v 59.24744 1.84794 -0.60530
v 59.46140 1.73847 -0.72829
v 59.71909 1.70368 -0.72155
v 59.46140 1.81933 -0.60071
v 59.71909 1.78397 -0.59517
v 59.24744 1.91530 -0.48833
v 59.24744 1.96794 -0.38156
v 59.46140 1.88632 -0.48465
v 59.71909 1.85052 -0.48021
v 59.46140 1.93868 -0.37871
v 59.71909 1.90255 -0.37526
v 57.33994 2.01718 -0.78405
v 57.33994 2.10247 -0.64644
v 57.81946 2.03894 -0.63605
v 57.95264 2.02130 -0.63317
v 58.29738 1.97511 -0.62574
v 57.33994 2.17303 -0.52129
v 57.81946 2.10871 -0.51298
v 57.95264 2.09085 -0.51067
v 57.81946 2.16311 -0.40065
v 57.95264 2.14509 -0.39887
v 57.33994 2.22800 -0.40708
v 58.29738 2.04409 -0.50471
v 58.29738 2.09790 -0.39425
v 58.77345 1.97954 -0.49650
v 58.77345 2.03276 -0.38789
v 55.41075 1.96212 -0.31581
v 55.89422 1.90678 -0.31033
v 56.37707 1.85151 -0.30479
v 56.44388 1.84386 -0.30403
v 56.44388 1.96611 -0.22097
v 56.85906 1.79440 -0.29942
v 56.85906 1.91524 -0.21763
v 54.92691 2.01743 -0.32112
v 54.92691 2.14466 -0.23335
v 54.92691 2.25719 -0.16075
v 55.41075 2.08776 -0.22955
v 55.89422 2.03084 -0.22557
v 55.89422 2.14054 -0.15548
v 55.41075 2.19888 -0.15821
v 54.92691 2.35471 -0.10407
v 55.41075 2.29516 -0.10253
v 55.41075 2.37745 -0.06691
v 55.89422 2.23558 -0.10080
v 55.89422 2.31678 -0.06586
v 55.89422 2.38335 -0.04920
v 54.92691 2.58915 -0.33105
v 54.92691 2.61526 -0.24057
v 54.92691 2.65268 -0.22393
v 54.92691 2.63577 -0.20247
v 54.92691 2.61128 -0.11928
v 55.41075 2.52568 -0.32648
v 55.41075 2.55169 -0.23751
v 55.89422 2.46223 -0.32180
v 55.89422 2.48808 -0.23423
v 55.41075 2.57210 -0.20034
v 55.41075 2.58884 -0.22194
v 55.41075 2.54815 -0.11829
v 55.89422 2.48493 -0.11689
v 55.89422 2.52483 -0.21926
v 55.89422 2.50834 -0.19777
v 54.92691 2.43809 -0.06775
v 54.92691 2.50650 -0.05031
v 54.92691 2.55988 -0.05245
v 55.41075 2.44495 -0.04987
v 55.41075 2.49757 -0.05209
v 55.89422 2.43521 -0.05148
v 56.37707 1.97397 -0.22153
v 56.44388 2.07419 -0.15230
v 56.37707 2.08225 -0.15269
v 56.44388 2.39009 -0.31642
v 56.85906 2.02207 -0.15001
v 56.85906 2.33354 -0.31226
v 56.85906 2.35906 -0.22741
v 56.85906 2.37892 -0.19218
v 56.37707 2.17605 -0.09899
v 56.44388 2.16781 -0.09874
v 56.37707 2.25615 -0.06471
v 56.44388 2.24776 -0.06455
v 56.37707 2.32180 -0.04842
v 56.44388 2.31328 -0.04831
v 56.37707 2.37290 -0.05076
v 56.44388 2.36427 -0.05065
v 56.85906 2.11459 -0.09728
v 56.85906 2.19358 -0.06364
v 56.85906 2.25829 -0.04769
v 56.85906 2.35659 -0.11370
v 56.85906 2.30862 -0.05006
v 56.37707 2.39886 -0.31707
v 56.37707 2.42455 -0.23085
v 56.44388 2.41576 -0.23038
v 56.37707 2.44461 -0.19500
v 56.44388 2.43579 -0.19462
v 56.37707 2.46083 -0.21625
v 56.44388 2.45197 -0.21584
v 56.37707 2.42175 -0.11530
v 56.85906 2.39487 -0.21321
v 56.44388 2.41300 -0.11508
v 57.33994 1.73713 -0.29411
v 57.81946 1.68003 -0.28883
v 57.95264 1.66418 -0.28737
v 57.33994 1.85634 -0.21377
v 57.33994 1.96171 -0.14737
v 57.81946 1.79761 -0.20995
v 57.95264 1.78130 -0.20888
v 57.81946 1.90153 -0.14474
v 57.95264 1.88482 -0.14402
v 58.29738 1.62256 -0.28369
v 58.29738 1.73851 -0.20623
v 58.29738 1.84098 -0.14221
v 58.29738 1.92968 -0.09231
v 59.24744 1.50793 -0.27362
v 59.46140 1.48212 -0.27136
v 59.71909 1.45013 -0.26867
v 58.77345 1.56511 -0.27863
v 58.77345 1.67943 -0.20257
v 59.24744 1.62062 -0.19894
v 59.24744 1.72018 -0.13723
v 58.77345 1.78045 -0.13971
v 59.46140 1.59407 -0.19731
v 59.46140 1.69298 -0.13612
v 59.71909 1.56119 -0.19537
v 59.71909 1.65931 -0.13480
v 59.71909 1.94065 -0.28368
v 59.71909 1.96497 -0.20692
v 58.77345 1.86788 -0.09072
v 58.77345 1.94242 -0.05955
v 59.24744 1.80635 -0.08915
v 59.24744 1.87978 -0.05858
v 59.24744 1.93980 -0.04421
v 59.71909 1.74420 -0.08761
v 59.46140 1.77857 -0.08844
v 59.46140 1.85150 -0.05814
v 59.46140 1.91111 -0.04391
v 59.46140 1.95729 -0.04635
v 59.71909 1.81653 -0.05761
v 59.71909 1.96429 -0.10420
v 59.71909 1.87562 -0.04355
v 59.71909 1.92139 -0.04599
v 57.33994 2.26807 -0.30745
v 57.81946 2.20280 -0.30265
v 57.95264 2.18467 -0.30132
v 57.33994 2.29340 -0.22396
v 57.33994 2.32873 -0.21016
v 57.33994 2.31305 -0.18937
v 57.81946 2.22795 -0.22053
v 57.81946 2.26280 -0.20712
v 57.81946 2.24739 -0.18655
v 57.95264 2.20977 -0.21957
v 57.95264 2.22916 -0.18577
v 57.95264 2.24449 -0.20627
v 58.29738 2.13721 -0.29787
v 58.29738 2.16216 -0.21710
v 58.29738 2.18140 -0.18375
v 58.29738 2.19655 -0.20409
v 57.33994 2.05296 -0.09559
v 57.33994 2.13084 -0.06259
v 57.81946 1.99151 -0.09392
v 57.81946 2.06827 -0.06154
v 57.95264 1.97444 -0.09345
v 57.95264 2.05089 -0.06125
v 57.81946 2.13109 -0.04625
v 57.81946 2.17988 -0.04867
v 57.95264 2.11345 -0.04605
v 57.95264 2.16203 -0.04848
v 57.33994 2.19460 -0.04697
v 57.33994 2.24416 -0.04936
v 57.33994 2.29126 -0.11210
v 57.81946 2.22612 -0.11051
v 57.95264 2.20803 -0.11006
v 58.29738 2.00533 -0.06054
v 58.29738 2.06721 -0.04556
v 58.29738 2.16064 -0.10892
v 58.29738 2.11525 -0.04799
v 58.77345 2.07167 -0.29312
v 59.24744 2.00645 -0.28839
v 58.77345 2.09642 -0.21369
v 58.77345 2.11545 -0.18096
v 58.77345 2.13034 -0.20107
v 59.24744 2.03099 -0.21030
v 59.24744 2.04980 -0.17818
v 59.24744 2.06444 -0.19806
v 59.46140 1.97701 -0.28625
v 59.46140 2.00145 -0.20877
v 59.46140 2.02017 -0.17692
v 59.46140 2.03469 -0.19670
v 59.71909 1.99795 -0.19505
v 59.71909 1.98357 -0.17540
v 58.77345 2.00337 -0.04489
v 58.77345 2.05064 -0.04732
v 58.77345 2.09519 -0.10735
v 59.24744 2.03004 -0.10577
v 59.24744 1.98632 -0.04666
v 59.46140 2.00063 -0.10506
v 60.18818 1.32144 -1.13212
v 60.65445 1.26288 -1.11252
v 60.96762 1.22359 -1.09938
v 61.11767 1.20454 -1.09325
v 60.18818 1.44119 -0.98448
v 60.65445 1.38099 -0.96749
v 60.18818 1.54755 -0.84298
v 60.65445 1.48591 -0.82849
v 60.96762 1.34059 -0.95611
v 61.11767 1.32102 -0.95079
v 60.96762 1.44455 -0.81877
v 61.11767 1.42452 -0.81423
v 61.57761 1.14621 -1.07447
v 61.57761 1.26108 -0.93451
v 61.57761 1.36316 -0.80033
v 62.03403 1.20166 -0.91839
v 62.47638 1.14410 -0.90271
v 62.03403 1.30233 -0.78657
v 60.96762 1.53533 -0.68901
v 61.11767 1.51491 -0.68520
v 60.18818 1.13570 -0.44084
v 60.18818 1.26996 -0.34721
v 60.65445 1.21391 -0.34082
v 60.18818 1.64039 -0.70930
v 60.65445 1.57752 -0.69715
v 60.18818 1.71966 -0.58512
v 60.65445 1.65577 -0.57514
v 60.96762 1.61288 -0.56845
v 61.11767 1.59212 -0.56532
v 60.65445 1.72065 -0.46413
v 60.18818 1.78537 -0.47214
v 60.18818 1.83679 -0.36901
v 60.65445 1.77145 -0.36279
v 60.96762 1.67720 -0.45876
v 61.11767 1.65618 -0.45626
v 60.96762 1.72758 -0.35862
v 61.11767 1.70636 -0.35668
v 61.57761 1.45233 -0.67355
v 62.47638 1.24340 -0.77320
v 62.47638 1.33018 -0.65080
v 62.03403 1.39029 -0.66202
v 61.57761 1.52853 -0.55575
v 62.03403 1.46546 -0.54628
v 62.47638 1.40436 -0.53707
v 62.03403 1.52787 -0.44097
v 62.47638 1.46596 -0.43358
v 62.47638 1.51429 -0.33907
v 61.57761 1.59176 -0.44858
v 61.57761 1.64132 -0.35072
v 62.03403 1.57680 -0.34481
v 62.93537 1.18156 -0.75982
v 62.93537 1.26712 -0.63961
v 63.37983 1.20609 -0.62878
v 63.81985 1.14571 -0.61807
v 62.93537 1.34027 -0.52788
v 62.93537 1.40103 -0.42621
v 63.37983 1.27824 -0.51900
v 63.81985 1.21686 -0.51021
v 63.98514 1.19381 -0.50691
v 63.37983 1.33818 -0.41909
v 63.81985 1.27599 -0.41204
v 63.98514 1.25263 -0.40940
v 64.25521 1.15614 -0.50163
v 64.25521 1.21446 -0.40516
v 64.68568 1.15365 -0.39841
v 60.65445 1.33406 -0.25895
v 60.18818 1.39192 -0.26379
v 60.18818 1.50135 -0.19184
v 60.65445 1.44187 -0.18835
v 60.65445 1.53709 -0.13001
v 60.96762 1.17627 -0.33654
v 60.96762 1.29521 -0.25571
v 61.11767 1.15797 -0.33452
v 61.11767 1.27634 -0.25418
v 60.96762 1.40193 -0.18601
v 60.96762 1.49617 -0.12841
v 61.11767 1.38254 -0.18489
v 61.11767 1.47632 -0.12765
v 60.18818 1.59801 -0.13239
v 60.18818 1.87447 -0.27900
v 60.65445 1.80871 -0.27435
v 60.18818 1.89857 -0.20356
v 60.18818 1.91695 -0.17264
v 60.18818 1.93108 -0.19205
v 60.65445 1.83258 -0.20021
v 60.65445 1.86462 -0.18907
v 60.65445 1.85075 -0.16989
v 61.11767 1.74320 -0.26977
v 60.96762 1.76456 -0.27122
v 60.96762 1.78827 -0.19797
v 60.96762 1.81999 -0.18706
v 60.96762 1.80628 -0.16804
v 61.11767 1.76683 -0.19692
v 61.11767 1.79840 -0.18612
v 61.11767 1.78478 -0.16717
v 60.18818 1.68164 -0.08608
v 60.18818 1.75286 -0.05666
v 60.65445 1.61946 -0.08457
v 60.65445 1.68958 -0.05572
v 60.65445 1.74683 -0.04223
v 60.18818 1.81103 -0.04289
v 60.18818 1.85606 -0.04533
v 60.18818 1.89814 -0.10263
v 60.65445 1.83240 -0.10107
v 60.65445 1.79111 -0.04467
v 60.96762 1.57769 -0.08356
v 60.96762 1.64708 -0.05509
v 60.96762 1.70371 -0.04179
v 60.96762 1.74749 -0.04423
v 61.11767 1.55744 -0.08307
v 61.11767 1.62648 -0.05478
v 61.11767 1.68282 -0.04158
v 61.11767 1.72638 -0.04401
v 60.96762 1.78825 -0.10002
v 61.11767 1.76688 -0.09953
v 61.57761 1.21849 -0.24949
v 61.57761 1.32311 -0.18149
v 61.57761 1.41549 -0.12532
v 62.03403 1.16110 -0.24485
v 62.03403 1.26414 -0.17813
v 62.47638 1.20701 -0.17493
v 62.47638 1.29663 -0.12083
v 62.47638 1.54986 -0.25657
v 62.03403 1.35512 -0.12302
v 61.57761 1.49538 -0.08158
v 62.03403 1.43379 -0.08011
v 62.03403 1.50071 -0.05291
v 62.47638 1.37411 -0.07871
v 62.47638 1.44000 -0.05202
v 62.47638 1.49371 -0.03963
v 62.47638 1.53516 -0.04206
v 61.57761 1.67773 -0.26530
v 61.57761 1.70113 -0.19370
v 61.57761 1.73224 -0.18322
v 61.57761 1.71885 -0.16451
v 62.03403 1.61279 -0.26087
v 62.03403 1.63594 -0.19051
v 62.03403 1.65344 -0.16187
v 62.03403 1.66659 -0.18034
v 62.47638 1.57278 -0.18741
v 62.47638 1.60297 -0.17754
v 62.47638 1.59006 -0.15931
v 61.57761 1.56335 -0.05384
v 61.57761 1.61880 -0.04091
v 61.57761 1.70138 -0.09800
v 61.57761 1.66164 -0.04335
v 62.03403 1.63640 -0.09648
v 62.03403 1.55528 -0.04026
v 62.03403 1.59741 -0.04269
v 62.47638 1.57342 -0.09501
v 62.93537 1.14683 -0.17149
v 62.93537 1.23506 -0.11843
v 62.93537 1.44873 -0.33336
v 62.93537 1.48385 -0.25230
v 62.93537 1.50651 -0.18433
v 62.93537 1.53623 -0.17469
v 62.93537 1.52356 -0.15673
v 63.81985 1.32244 -0.32237
v 63.98514 1.29885 -0.32031
v 63.98514 1.33294 -0.24252
v 63.37983 1.17544 -0.11612
v 63.37983 1.38526 -0.32783
v 63.37983 1.41995 -0.24816
v 63.81985 1.35670 -0.24406
v 63.37983 1.44235 -0.18134
v 63.37983 1.47160 -0.17192
v 63.37983 1.45917 -0.15422
v 63.81985 1.37884 -0.17838
v 63.98514 1.35499 -0.17726
v 63.81985 1.40764 -0.16917
v 63.81985 1.39543 -0.15174
v 63.98514 1.38361 -0.16814
v 63.98514 1.37149 -0.15081
v 62.93537 1.31133 -0.07713
v 62.93537 1.37617 -0.05099
v 62.93537 1.42901 -0.03889
v 62.93537 1.50730 -0.09348
v 62.93537 1.46977 -0.04134
v 63.37983 1.25054 -0.07561
v 63.37983 1.31437 -0.05000
v 63.81985 1.19036 -0.07412
v 63.98514 1.16776 -0.07356
v 63.98514 1.23020 -0.04866
v 63.81985 1.25318 -0.04903
v 63.81985 1.30435 -0.03747
v 63.98514 1.28106 -0.03721
v 63.98514 1.32023 -0.03971
v 63.37983 1.44329 -0.09199
v 63.37983 1.36637 -0.03818
v 63.37983 1.40645 -0.04065
v 63.81985 1.37992 -0.09051
v 63.98514 1.35612 -0.08996
v 63.81985 1.34377 -0.03996
v 64.25521 1.26031 -0.31702
v 64.25521 1.29413 -0.24005
v 64.68568 1.19890 -0.31178
v 64.68568 1.23229 -0.23612
v 64.25521 1.31603 -0.17548
v 64.25521 1.33239 -0.14932
v 64.68568 1.25394 -0.17264
v 64.68568 1.28184 -0.16387
v 64.68568 1.27008 -0.14694
v 64.25521 1.34438 -0.16649
v 65.11104 1.13822 -0.30661
v 65.11104 1.17120 -0.23223
v 65.11104 1.19259 -0.16983
v 65.11104 1.20851 -0.14458
v 65.11104 1.22006 -0.16127
v 64.25521 1.19263 -0.04810
v 64.25521 1.31723 -0.08908
v 64.25521 1.24298 -0.03680
v 64.25521 1.28176 -0.03930
v 64.68568 1.13275 -0.04720
v 64.68568 1.18230 -0.03615
v 64.68568 1.22044 -0.03866
v 64.68568 1.25526 -0.08767
v 65.11104 1.19403 -0.08628
v 65.11104 1.15985 -0.03803
v 65.94556 -2.03481 -2.19416
v 65.49390 -2.01929 -2.23690
v 65.94556 -1.81434 -2.16323
v 66.35431 -2.04874 -2.15561
v 66.35431 -1.83171 -2.12549
v 65.49390 -1.79503 -2.20506
v 65.49390 -1.57329 -2.16669
v 65.94556 -1.59635 -2.12588
v 66.75709 -2.06237 -2.11774
v 65.49390 -1.35507 -2.12152
v 66.35431 -1.61711 -2.08905
v 66.35431 -1.40588 -2.04601
v 67.00266 -2.07064 -2.09471
v 67.15370 -2.07609 -2.08107
v 66.75709 -1.84873 -2.08842
v 67.00266 -1.85907 -2.06586
v 67.15370 -1.86574 -2.05250
v 67.54395 -2.09010 -2.04588
v 67.92762 -2.10380 -2.01139
v 67.54395 -1.88292 -2.01803
v 67.92762 -1.89973 -1.98423
v 66.75709 -1.63747 -2.05286
v 67.00266 -1.64984 -2.03084
v 67.15370 -1.65772 -2.01779
v 66.75709 -1.42952 -2.01080
v 67.00266 -1.44390 -1.98938
v 67.15370 -1.45296 -1.97667
v 67.54395 -1.67802 -1.98412
v 67.92762 -1.69791 -1.95111
v 67.54395 -1.47633 -1.94391
v 67.92762 -1.49923 -1.91176
v 65.49390 -2.19579 -1.52204
v 65.94556 -2.20742 -1.49029
v 65.49390 -1.97554 -1.47394
v 66.35431 -2.21786 -1.46172
v 65.94556 -1.99088 -1.44333
v 66.35431 -2.00468 -1.41580
v 65.49390 -1.75715 -1.42202
v 65.94556 -1.77616 -1.39263
v 65.49390 -1.54154 -1.36626
v 65.94556 -1.56417 -1.33815
v 66.35431 -1.79329 -1.36618
v 66.35431 -1.58457 -1.31284
v 66.75709 -2.22807 -1.43372
v 67.00266 -2.02642 -1.37242
v 67.15370 -2.03182 -1.36278
v 66.75709 -2.01821 -1.38880
v 67.00266 -1.82031 -1.32451
v 67.15370 -1.82690 -1.31525
v 67.54395 -2.04574 -1.33796
v 67.92762 -2.05937 -1.31369
v 67.54395 -1.84388 -1.29141
v 67.92762 -1.86052 -1.26809
v 66.75709 -1.81010 -1.34025
v 66.75709 -1.60461 -1.28803
v 67.00266 -1.61679 -1.27297
v 67.15370 -1.62455 -1.26411
v 66.75709 -1.40289 -1.23098
v 67.54395 -1.64455 -1.24131
v 65.94556 -1.38179 -2.08183
v 65.49390 -1.14161 -2.06809
v 65.94556 -1.17192 -2.02966
v 66.35431 -1.19924 -1.99497
v 66.35431 -0.99867 -1.93345
v 65.49390 -0.93446 -2.00386
v 65.94556 -0.96821 -1.96686
v 65.49390 -0.73542 -1.92500
v 65.94556 -0.77247 -1.88967
v 65.94556 -0.58435 -1.80287
v 66.35431 -0.80591 -1.85776
v 66.35431 -0.62065 -1.77260
v 66.75709 -1.22609 -1.96086
v 67.00266 -1.24241 -1.94011
v 67.15370 -1.25263 -1.92779
v 66.75709 -1.02860 -1.90060
v 67.54395 -1.27899 -1.89603
v 67.00266 -1.04681 -1.88060
v 67.15370 -1.05814 -1.86874
v 67.92762 -1.30482 -1.86487
v 67.54395 -1.08739 -1.83813
v 67.92762 -1.11606 -1.80810
v 66.75709 -0.83878 -1.82637
v 67.00266 -0.85879 -1.80727
v 67.15370 -0.87119 -1.79593
v 66.75709 -0.65633 -1.74281
v 67.00266 -0.67805 -1.72468
v 67.15370 -0.69148 -1.71392
v 67.54395 -0.90319 -1.76667
v 67.92762 -0.93458 -1.73796
v 67.54395 -0.72611 -1.68614
v 65.49390 -1.32991 -1.30544
v 65.94556 -1.35608 -1.27868
v 65.49390 -1.12375 -1.23716
v 66.35431 -1.37969 -1.25460
v 67.54395 -0.55666 -1.59764
v 67.92762 -0.76009 -1.65888
v 67.92762 -0.59311 -1.57194
v 68.30453 -2.11717 -1.97760
v 68.67449 -2.13129 -1.94532
v 68.51142 -2.12448 -1.95910
v 68.30453 -1.91616 -1.95112
v 68.51142 -1.92515 -1.93298
v 68.67449 -1.93321 -1.91947
v 69.03730 -2.14639 -1.91471
v 69.03730 -1.95109 -1.88946
v 68.30453 -1.71736 -1.91876
v 68.51142 -1.72801 -1.90104
v 68.67449 -1.73730 -1.88783
v 68.30453 -1.52165 -1.88027
v 68.51142 -1.53392 -1.86301
v 68.67449 -1.54443 -1.85015
v 69.03730 -1.75793 -1.85851
v 69.03730 -1.56775 -1.82158
v 69.39278 -2.16111 -1.88480
v 69.74075 -2.17547 -1.85559
v 70.01764 -2.18685 -1.83241
v 69.39278 -1.96855 -1.86014
v 69.74075 -1.98558 -1.83150
v 70.01764 -1.99908 -1.80876
v 70.01764 -1.81335 -1.77961
v 70.08102 -2.18988 -1.82733
v 70.41343 -2.20573 -1.80070
v 70.08102 -2.00258 -1.80377
v 70.08102 -1.81730 -1.77473
v 70.41343 -2.02086 -1.77764
v 70.41343 -1.83797 -1.74917
v 69.39278 -1.77808 -1.82984
v 69.74075 -1.79774 -1.80184
v 69.74075 -1.61279 -1.76638
v 70.01764 -1.63046 -1.74471
v 69.39278 -1.59054 -1.79366
v 69.39278 -1.40700 -1.75033
v 69.74075 -1.43178 -1.72387
v 70.01764 -1.45146 -1.70285
v 70.08102 -1.63486 -1.73996
v 70.41343 -1.65789 -1.71503
v 70.08102 -1.45629 -1.69823
v 70.41343 -1.48162 -1.67403
v 68.30453 -2.07270 -1.28995
v 68.51142 -2.07999 -1.27697
v 68.67449 -2.08677 -1.26733
v 68.30453 -1.87681 -1.24528
v 68.51142 -1.88573 -1.23281
v 69.03730 -2.10184 -1.24593
v 69.39278 -2.11655 -1.22506
v 68.30453 -1.33013 -1.83433
v 68.51142 -1.34400 -1.81760
v 68.67449 -1.35568 -1.80513
v 68.30453 -1.14417 -1.77866
v 68.51142 -1.15956 -1.76252
v 68.67449 -1.17239 -1.75050
v 68.51142 -0.98221 -1.69438
v 68.67449 -0.99612 -1.68288
v 69.03730 -1.38163 -1.77742
v 69.03730 -1.20088 -1.72378
v 68.30453 -0.96535 -1.70981
v 69.39278 -1.22874 -1.69766
v 69.74075 -1.25596 -1.67213
v 69.03730 -1.02704 -1.65733
v 68.30453 -0.79341 -1.63214
v 68.51142 -0.81167 -1.61749
v 68.67449 -0.82663 -1.60656
v 68.30453 -0.62885 -1.54673
v 68.67449 -0.66440 -1.52260
v 68.51142 -0.64845 -1.53290
v 69.03730 -0.85987 -1.58229
v 69.03730 -0.69985 -1.49971
v 70.01764 -1.27759 -1.65185
v 69.39278 -1.05729 -1.63234
v 69.74075 -1.08684 -1.60792
v 70.01764 -1.11032 -1.58851
v 70.08102 -1.28284 -1.64739
v 70.41343 -1.31039 -1.62404
v 70.08102 -1.11598 -1.58425
v 70.41343 -1.14565 -1.56188
v 70.41343 -0.98718 -1.49158
v 69.39278 -0.89239 -1.55855
v 69.74075 -0.92417 -1.53534
v 70.01764 -0.94943 -1.51691
v 69.74075 -0.76844 -1.45542
v 69.39278 -0.73453 -1.47731
v 70.08102 -0.95548 -1.51285
v 70.01764 -0.79539 -1.43802
v 69.39278 -0.58417 -1.38969
v 69.74075 -0.62009 -1.36919
v 70.01764 -0.64864 -1.35290
v 70.08102 -0.80181 -1.43419
v 70.41343 -0.83544 -1.41410
v 70.08102 -0.65541 -1.34931
v 70.41343 -0.69088 -1.33048
v 70.41343 -0.55388 -1.24180
v 65.49390 -0.54416 -1.83639
v 65.49390 -0.36122 -1.73922
v 65.94556 -0.40441 -1.70765
v 66.35431 -0.44341 -1.67912
v 65.49390 -0.18712 -1.63475
v 65.94556 -0.23313 -1.60523
v 66.35431 -0.27470 -1.57856
v 65.49390 -0.02231 -1.52430
v 65.94556 -0.07098 -1.49692
v 66.35431 -0.11497 -1.47218
v 65.49390 0.13203 -1.40616
v 65.94556 0.08088 -1.38103
v 65.49390 0.27639 -1.28530
v 65.94556 0.22295 -1.26245
v 66.35431 0.03466 -1.35832
v 66.35431 0.17464 -1.24180
v 66.75709 -0.48178 -1.65106
v 67.00266 -0.50513 -1.63398
v 67.15370 -0.51952 -1.62383
v 67.00266 -0.34050 -1.53633
v 67.15370 -0.35581 -1.52684
v 66.75709 -0.31560 -1.55232
v 66.75709 -0.15824 -1.44783
v 67.54395 -0.39531 -1.50234
v 67.92762 -0.43410 -1.47828
v 67.00266 -0.18460 -1.43300
v 67.15370 -0.20077 -1.42419
v 67.54395 -0.24251 -1.40144
v 67.92762 -0.28349 -1.37911
v 67.92762 -0.14235 -1.27284
v 66.75709 -0.01083 -1.33597
v 67.00266 -0.03854 -1.32235
v 67.15370 -0.05551 -1.31426
v 67.54395 -0.09933 -1.29336
v 68.30453 -0.47214 -1.45468
v 68.51142 -0.49300 -1.44175
v 68.67449 -0.50989 -1.43210
v 68.51142 -0.34575 -1.34518
v 68.67449 -0.36352 -1.33622
v 68.30453 -0.32370 -1.35720
v 68.30453 -0.18457 -1.25271
v 68.51142 -0.20773 -1.24167
v 68.67449 -0.22633 -1.23344
v 69.03730 -0.54743 -1.41067
v 69.03730 -0.40304 -1.31631
v 69.39278 -0.44171 -1.29683
v 69.74075 -0.47953 -1.27778
v 70.01764 -0.50959 -1.26264
v 70.08102 -0.51669 -1.25930
v 70.73781 -2.22115 -1.77479
v 70.73781 -2.03864 -1.75221
v 71.05399 -2.05594 -1.72748
v 71.36180 -2.07273 -1.70345
v 70.73781 -1.85810 -1.72428
v 71.05399 -1.87768 -1.70008
v 71.36180 -1.89669 -1.67657
v 71.52640 -2.08169 -1.69063
v 71.66109 -2.09181 -1.67984
v 70.73781 -1.68032 -1.69076
v 71.95172 -2.11363 -1.65660
v 71.66109 -1.91797 -1.65345
v 71.52640 -1.90684 -1.66402
v 71.95172 -1.94196 -1.63068
v 71.36180 -1.72333 -1.64423
v 71.05399 -1.70213 -1.66716
v 70.73781 -1.50629 -1.65046
v 71.05399 -1.53030 -1.62754
v 71.36180 -1.55363 -1.60527
v 71.52640 -1.73465 -1.63198
v 71.66109 -1.74677 -1.62167
v 71.95172 -1.77288 -1.59944
v 71.95172 -1.60735 -1.56175
v 71.52640 -1.56608 -1.59338
v 71.66109 -1.57916 -1.58335
v 71.52640 -1.40230 -1.54616
v 71.66109 -1.41631 -1.53647
v 71.95172 -1.44651 -1.51559
v 72.23353 -2.13475 -1.63412
v 72.50637 -2.15516 -1.61240
v 72.23353 -1.96518 -1.60866
v 72.50637 -1.98762 -1.58737
v 72.50637 -1.82261 -1.55716
v 72.77010 -2.17486 -1.59144
v 73.02460 -2.19384 -1.57127
v 73.02460 -2.03017 -1.54707
v 73.26974 -2.10214 -1.50388
v 72.77010 -2.00929 -1.56684
v 72.77010 -1.84621 -1.53711
v 73.02460 -1.86895 -1.51779
v 73.26974 -1.94524 -1.47549
v 72.23353 -1.79816 -1.57794
v 72.23353 -1.63465 -1.54084
v 72.50637 -1.66105 -1.52063
v 72.23353 -1.47576 -1.49539
v 72.50637 -1.50405 -1.47586
v 73.02460 -1.71110 -1.48236
v 72.77010 -1.68654 -1.50114
v 72.77010 -1.53136 -1.45701
v 73.26974 -1.79161 -1.44111
v 73.26974 -1.64229 -1.39888
v 73.02460 -1.55769 -1.43885
v 73.02460 -1.40999 -1.38444
v 73.26974 -1.49853 -1.34603
v 70.73781 -1.33723 -1.60129
v 71.05399 -1.36335 -1.57915
v 71.36180 -1.38874 -1.55765
v 71.05399 -1.20270 -1.51890
v 71.36180 -1.23006 -1.49831
v 70.73781 -1.17456 -1.54010
v 70.73781 -1.01807 -1.47086
v 71.05399 -1.04815 -1.45070
v 71.52640 -1.24467 -1.48731
v 71.66109 -1.25957 -1.47802
v 71.95172 -1.29170 -1.45801
v 71.36180 -1.07739 -1.43111
v 71.52640 -1.09302 -1.42064
v 71.66109 -1.10877 -1.41180
v 71.95172 -1.14273 -1.39276
v 71.95172 -1.00006 -1.32074
v 70.73781 -0.86823 -1.39454
v 71.05399 -0.90015 -1.37550
v 71.36180 -0.93119 -1.35699
v 71.36180 -0.79186 -1.27694
v 70.73781 -0.72545 -1.31214
v 70.73781 -0.59014 -1.22474
v 71.05399 -0.75912 -1.29429
v 71.52640 -0.94777 -1.34711
v 71.66109 -0.96434 -1.33875
v 71.52640 -0.80936 -1.26767
v 71.66109 -0.82669 -1.25984
v 71.95172 -0.86408 -1.24294
v 72.23353 -1.32281 -1.43864
v 72.50637 -1.35291 -1.41992
v 72.50637 -1.20746 -1.35649
v 72.23353 -1.17564 -1.37431
v 72.23353 -1.03466 -1.30331
v 72.50637 -1.06814 -1.28646
v 72.77010 -1.38197 -1.40185
v 72.77010 -1.23820 -1.33928
v 73.02460 -1.26784 -1.32271
v 73.26974 -1.36015 -1.28605
v 72.77010 -1.10048 -1.27019
v 73.02460 -1.13166 -1.25451
v 72.23353 -0.90030 -1.22658
v 73.50538 -2.17296 -1.46166
v 73.94770 -2.16101 -1.35672
v 73.73141 -2.09222 -1.39454
v 73.50538 -2.02029 -1.43414
v 73.50538 -1.87080 -1.40078
v 73.73141 -1.94670 -1.36217
v 73.94770 -2.01928 -1.32528
v 73.94770 -1.88152 -1.28659
v 74.15416 -2.22662 -1.32068
v 74.34580 -2.15275 -1.25754
v 74.15416 -2.08852 -1.29012
v 74.15416 -1.95428 -1.25251
v 73.50538 -1.72549 -1.35979
v 73.73141 -1.80525 -1.32235
v 73.94770 -1.74886 -1.23811
v 73.73141 -1.66904 -1.27248
v 73.50538 -1.58558 -1.30846
v 73.50538 -1.45092 -1.25019
v 67.00266 -1.41701 -1.21665
v 67.15370 -1.42591 -1.20822
v 67.92762 -1.66416 -1.21899
v 67.54395 -1.44887 -1.18651
v 67.92762 -1.47139 -1.16526
v 65.94556 -1.15335 -1.21189
v 66.35431 -1.18008 -1.18914
v 66.35431 -0.98715 -1.11411
v 65.49390 -0.92454 -1.15901
v 65.94556 -0.95744 -1.13538
v 65.94556 -0.76821 -1.05314
v 65.49390 -0.73213 -1.07503
v 66.35431 -0.80080 -1.03344
v 65.94556 -0.58617 -0.96644
v 66.35431 -0.62152 -0.94836
v 66.75709 -1.20635 -1.16683
v 67.00266 -1.22234 -1.15328
v 67.15370 -1.23235 -1.14532
v 66.75709 -1.01637 -1.09325
v 67.00266 -1.03416 -1.08058
v 67.15370 -1.04524 -1.07314
v 67.54395 -1.25818 -1.12481
v 67.92762 -1.28352 -1.10474
v 67.54395 -1.07383 -1.05397
v 67.92762 -1.10189 -1.03521
v 66.75709 -0.83286 -1.01411
v 67.00266 -0.85238 -1.00237
v 67.15370 -0.86448 -0.99548
v 66.75709 -0.65629 -0.93063
v 67.00266 -0.67747 -0.91986
v 67.15370 -0.69056 -0.91354
v 67.54395 -0.89572 -0.97772
v 67.92762 -0.92640 -0.96034
v 67.54395 -0.72435 -0.89726
v 67.54395 -0.56017 -0.81380
v 67.92762 -0.75753 -0.88132
v 67.92762 -0.59574 -0.79934
v 68.67449 -1.89372 -1.22354
v 69.03730 -1.91148 -1.20298
v 68.30453 -1.68337 -1.19716
v 68.51142 -1.69390 -1.18522
v 68.67449 -1.70309 -1.17635
v 68.30453 -1.49346 -1.14448
v 68.51142 -1.50555 -1.13312
v 68.67449 -1.51591 -1.12468
v 69.03730 -1.72350 -1.15668
v 69.03730 -1.53893 -1.10595
v 69.74075 -2.13091 -1.20473
v 70.01764 -2.14230 -1.18861
v 69.39278 -1.92884 -1.18293
v 69.74075 -1.94578 -1.16338
v 70.01764 -1.95924 -1.14789
v 70.08102 -2.14531 -1.18514
v 70.41343 -2.16109 -1.16703
v 70.08102 -1.96270 -1.14456
v 70.41343 -1.98082 -1.12716
v 69.39278 -1.74346 -1.13748
v 69.74075 -1.76296 -1.11877
v 70.01764 -1.77844 -1.10394
v 69.39278 -1.56144 -1.08767
v 69.74075 -1.58343 -1.06985
v 70.01764 -1.60091 -1.05572
v 69.74075 -1.40843 -1.01459
v 70.08102 -1.78234 -1.10076
v 70.08102 -1.60524 -1.05270
v 70.41343 -1.80279 -1.08412
v 70.41343 -1.62795 -1.03686
v 70.01764 -1.42784 -1.00124
v 70.08102 -1.43259 -0.99838
v 70.41343 -1.45751 -0.98344
v 68.30453 -1.30837 -1.08511
v 68.51142 -1.32199 -1.07437
v 68.67449 -1.33348 -1.06639
v 68.30453 -1.12941 -1.01685
v 68.51142 -1.14449 -1.00681
v 69.03730 -1.35902 -1.04870
v 68.67449 -1.15708 -0.99936
v 68.51142 -0.97298 -0.93404
v 68.67449 -0.98662 -0.92713
v 69.03730 -1.18505 -0.98281
v 69.03730 -1.01693 -0.91181
v 68.30453 -0.95648 -0.94334
v 68.30453 -0.79008 -0.86573
v 68.51142 -0.80793 -0.85720
v 68.67449 -0.82257 -0.85087
v 68.30453 -0.63064 -0.78520
v 69.03730 -0.85513 -0.83682
v 69.39278 -1.38401 -1.03143
v 69.39278 -1.21242 -0.96667
v 69.74075 -1.23918 -0.95093
v 70.01764 -1.26044 -0.93844
v 69.39278 -1.04659 -0.89686
v 70.01764 -1.09866 -0.87071
v 69.74075 -1.07560 -0.88228
v 70.08102 -1.26560 -0.93578
v 70.41343 -1.29265 -0.92181
v 70.08102 -1.10421 -0.86825
v 70.41343 -1.13330 -0.85533
v 70.41343 -0.97991 -0.78505
v 69.39278 -0.88700 -0.82311
v 69.74075 -0.91816 -0.80974
v 70.01764 -0.94293 -0.79913
v 70.08102 -0.94886 -0.79688
v 68.67449 -0.66539 -0.77172
v 68.51142 -0.64979 -0.77746
v 69.03730 -0.70009 -0.75898
v 69.03730 -0.55222 -0.67945
v 69.74075 -0.76728 -0.73442
v 70.01764 -0.79370 -0.72480
v 69.39278 -0.73406 -0.74654
v 69.39278 -0.58819 -0.66831
v 69.74075 -0.62337 -0.65745
v 70.01764 -0.65134 -0.64883
v 70.08102 -0.79998 -0.72276
v 70.41343 -0.83291 -0.71205
v 70.08102 -0.65797 -0.64700
v 70.41343 -0.69268 -0.63744
v 70.41343 -0.55983 -0.56126
v 65.49390 -0.54706 -0.98653
v 65.49390 -0.36981 -0.89481
v 65.94556 -0.41182 -0.87659
v 65.49390 -0.20083 -0.80124
v 65.94556 -0.24560 -0.78489
v 66.35431 -0.44979 -0.86018
v 66.75709 -0.48716 -0.84408
v 67.00266 -0.50992 -0.83431
v 67.15370 -0.52395 -0.82857
v 66.75709 0.12710 -1.22147
v 67.00266 0.09813 -1.20908
v 67.15370 0.08041 -1.20171
v 66.75709 0.25521 -1.10564
v 67.00266 0.22508 -1.09448
v 67.15370 0.20667 -1.08785
v 67.54395 0.03467 -1.18270
v 67.92762 -0.01026 -1.16402
v 67.54395 0.15915 -1.07071
v 67.92762 0.11247 -1.05388
v 67.54395 0.27383 -0.95874
v 67.92762 0.22554 -0.94374
v 66.35431 -0.28606 -0.77017
v 66.35431 -0.13105 -0.67841
v 65.49390 -0.04087 -0.70588
v 65.94556 -0.08823 -0.69142
v 65.94556 0.06035 -0.59942
v 65.49390 0.11016 -0.61201
v 66.35431 0.01532 -0.58809
v 65.49390 0.25190 -0.52097
v 65.94556 0.19981 -0.51018
v 66.35431 0.15270 -0.50048
v 66.35431 0.28075 -0.41676
v 67.00266 -0.35017 -0.74697
v 67.15370 -0.36509 -0.74183
v 66.75709 -0.32590 -0.75573
v 66.75709 -0.17321 -0.66566
v 67.00266 -0.19890 -0.65791
v 67.15370 -0.21466 -0.65337
v 67.54395 -0.40361 -0.72859
v 67.92762 -0.44145 -0.71563
v 67.54395 -0.25536 -0.64168
v 67.92762 -0.29534 -0.63024
v 67.92762 -0.15736 -0.54616
v 66.75709 -0.02903 -0.57698
v 67.00266 -0.05605 -0.57023
v 67.15370 -0.07260 -0.56628
v 67.00266 0.07803 -0.48518
v 67.15370 0.06074 -0.48181
v 66.75709 0.10630 -0.49096
v 66.75709 0.23245 -0.40877
v 67.00266 0.20301 -0.40392
v 67.15370 0.18503 -0.40108
v 67.54395 -0.11535 -0.55611
v 67.54395 0.01606 -0.47311
v 67.92762 -0.02783 -0.46459
v 67.54395 0.13857 -0.39379
v 67.92762 0.09291 -0.38665
v 65.49390 0.41044 -1.16311
v 65.94556 0.35488 -1.14254
v 65.94556 0.47638 -1.02271
v 65.49390 0.53388 -1.04101
v 66.35431 0.30465 -1.12395
v 66.35431 0.42440 -1.00615
v 65.49390 0.64646 -0.92047
v 65.94556 0.58721 -0.90438
v 65.94556 0.68671 -0.78714
v 66.35431 0.53363 -0.88983
v 65.49390 0.74751 -0.80106
v 66.75709 0.37321 -0.98985
v 67.00266 0.34202 -0.97992
v 67.15370 0.32299 -0.97400
v 66.75709 0.48087 -0.87549
v 67.00266 0.44872 -0.86675
v 67.15370 0.42912 -0.86155
v 67.54395 0.37848 -0.84812
v 67.92762 0.32874 -0.83492
v 66.35431 0.63171 -0.77455
v 65.49390 0.38400 -0.43398
v 65.94556 0.32979 -0.42492
v 65.94556 0.44996 -0.34470
v 65.49390 0.50614 -0.35214
v 66.35431 0.39914 -0.33800
v 65.49390 0.83745 -0.68650
v 65.94556 0.77526 -0.67465
v 65.49390 0.91614 -0.57818
v 65.94556 0.85276 -0.56827
v 66.35431 0.71902 -0.66393
v 66.35431 0.79543 -0.55930
v 65.94556 0.91912 -0.46934
v 65.49390 0.98350 -0.47746
v 65.49390 1.03953 -0.38576
v 65.94556 0.97431 -0.37926
v 66.35431 0.86087 -0.46199
v 66.35431 0.91531 -0.37337
v 66.75709 0.57755 -0.76215
v 67.00266 0.54455 -0.75458
v 67.15370 0.52443 -0.75008
v 66.75709 0.66362 -0.65336
v 67.00266 0.62986 -0.64692
v 67.15370 0.60930 -0.64308
v 67.54395 0.47249 -0.73844
v 67.92762 0.42144 -0.72701
v 67.54395 0.55619 -0.63316
v 67.92762 0.50400 -0.62342
v 67.00266 0.70455 -0.54507
v 67.15370 0.68359 -0.54186
v 67.54395 0.62948 -0.53355
v 67.92762 0.57629 -0.52539
v 67.54395 0.69226 -0.44088
v 67.92762 0.63823 -0.43418
v 67.92762 0.68980 -0.35107
v 66.75709 0.73896 -0.55046
v 66.75709 0.80349 -0.45475
v 67.00266 0.76851 -0.45033
v 66.75709 0.85718 -0.36756
v 67.00266 0.82175 -0.36402
v 67.15370 0.74723 -0.44769
v 67.15370 0.80020 -0.36191
v 67.54395 0.74452 -0.35644
v 69.03730 -0.26767 -1.21514
v 69.03730 -0.14095 -1.11148
v 68.30453 -0.05435 -1.14569
v 68.51142 -0.07854 -1.13564
v 68.67449 -0.09790 -1.12814
v 68.30453 0.06664 -1.03736
v 68.51142 0.04151 -1.02830
v 68.67449 0.02144 -1.02155
v 69.03730 -0.02319 -1.00652
v 68.30453 0.17814 -0.92902
v 68.51142 0.15213 -0.92094
v 68.67449 0.13141 -0.91492
v 68.30453 0.27989 -0.82196
v 68.51142 0.25310 -0.81485
v 68.67449 0.23179 -0.80954
v 69.03730 0.08534 -0.90152
v 69.03730 0.18441 -0.79775
v 69.74075 -0.34773 -1.17972
v 70.01764 -0.37920 -1.16580
v 69.39278 -0.30815 -1.19723
v 69.39278 -0.18310 -1.09517
v 70.01764 -0.25711 -1.06653
v 69.74075 -0.22433 -1.07922
v 70.08102 -0.38660 -1.16273
v 70.41343 -0.42540 -1.14662
v 70.08102 -0.26479 -1.06373
v 70.41343 -0.30509 -1.04905
v 70.01764 -0.14362 -0.96600
v 70.08102 -0.15157 -0.96347
v 70.41343 -0.19325 -0.95021
v 69.39278 -0.06689 -0.99182
v 69.74075 -0.10963 -0.97744
v 69.39278 0.04023 -0.88841
v 70.01764 -0.03901 -0.86539
v 69.74075 -0.00391 -0.87559
v 69.39278 0.13801 -0.78620
v 70.08102 -0.04720 -0.86313
v 70.41343 -0.09014 -0.85129
v 68.30453 -0.47859 -0.70295
v 68.51142 -0.49897 -0.69602
v 68.67449 -0.51549 -0.69087
v 68.51142 -0.35613 -0.61293
v 68.67449 -0.37351 -0.60838
v 68.30453 -0.33460 -0.61905
v 69.03730 -0.41216 -0.59831
v 68.30453 -0.19860 -0.53642
v 68.67449 -0.23942 -0.52715
v 68.51142 -0.22122 -0.53110
v 69.03730 -0.27988 -0.51839
v 69.03730 -0.15570 -0.44086
v 69.03730 0.27345 -0.69481
v 68.30453 -0.07093 -0.45627
v 68.51142 -0.09458 -0.45172
v 68.67449 -0.11354 -0.44834
v 68.30453 0.04808 -0.37968
v 68.51142 0.02348 -0.37586
v 68.67449 0.00381 -0.37304
v 69.03730 -0.03993 -0.36677
v 69.39278 -0.45002 -0.58848
v 69.74075 -0.48704 -0.57889
v 70.01764 -0.51650 -0.57129
v 70.08102 -0.52344 -0.56968
v 69.74075 -0.35828 -0.50151
v 70.01764 -0.38912 -0.49490
v 69.39278 -0.31951 -0.50984
v 69.39278 -0.19699 -0.43356
v 69.74075 -0.23739 -0.42644
v 70.01764 -0.26953 -0.42079
v 70.01764 -0.15804 -0.34996
v 70.08102 -0.39636 -0.49351
v 70.41343 -0.43435 -0.48621
v 70.08102 -0.27706 -0.41960
v 70.08102 -0.16583 -0.34897
v 70.41343 -0.31653 -0.41339
v 70.41343 -0.20669 -0.34380
v 70.01764 0.05651 -0.76592
v 69.39278 0.22591 -0.68480
v 69.74075 0.09262 -0.77490
v 69.74075 0.17939 -0.67501
v 70.01764 0.14238 -0.66722
v 69.74075 0.25670 -0.57905
v 70.01764 0.21890 -0.57240
v 70.08102 0.04810 -0.76393
v 70.41343 0.00401 -0.75349
v 70.08102 0.13378 -0.66549
v 70.08102 0.21012 -0.57093
v 70.41343 0.08867 -0.65642
v 70.41343 0.16410 -0.56318
v 69.39278 -0.08277 -0.36065
v 69.74075 -0.12469 -0.35469
v 70.01764 0.28594 -0.48264
v 70.08102 0.27701 -0.48140
v 70.41343 0.23021 -0.47490
v 70.41343 0.28689 -0.39270
v 68.30453 0.37132 -0.71578
v 68.51142 0.34382 -0.70962
v 68.67449 0.32200 -0.70503
v 68.30453 0.45275 -0.61384
v 68.51142 0.42463 -0.60859
v 68.67449 0.40234 -0.60467
v 69.03730 0.35277 -0.59595
v 68.51142 0.49540 -0.51297
v 68.67449 0.47271 -0.50968
v 68.30453 0.52406 -0.51737
v 68.30453 0.58517 -0.42759
v 68.30453 0.63605 -0.34579
v 68.51142 0.55605 -0.42398
v 68.67449 0.53302 -0.42128
v 68.67449 0.58324 -0.34072
v 68.51142 0.60655 -0.34289
v 69.03730 0.42224 -0.50238
v 69.03730 0.48179 -0.41528
v 69.39278 0.30421 -0.58741
v 69.39278 0.37280 -0.49522
v 69.74075 0.32442 -0.48821
v 69.39278 0.43160 -0.40941
v 69.74075 0.38249 -0.40365
v 70.01764 0.34342 -0.39907
v 70.08102 0.33436 -0.39805
v 67.54395 0.25184 -0.31917
v 67.92762 0.20456 -0.31333
v 65.49390 0.61819 -0.27727
v 65.94556 0.56021 -0.27132
v 65.94556 0.66032 -0.20595
v 66.35431 0.50776 -0.26597
v 66.35431 0.60639 -0.20180
v 66.35431 0.69483 -0.14652
v 65.49390 0.71994 -0.21056
v 65.49390 0.81118 -0.15307
v 65.94556 0.75009 -0.14962
v 65.49390 1.08363 -0.30195
v 65.49390 1.11621 -0.22874
v 65.94556 1.01777 -0.29691
v 65.94556 1.04990 -0.22495
v 65.94556 1.07078 -0.16455
v 65.94556 1.09739 -0.15626
v 65.94556 1.08626 -0.14011
v 66.35431 0.95819 -0.29234
v 66.35431 0.98990 -0.22152
v 66.35431 1.01052 -0.16206
v 66.35431 1.02578 -0.13797
v 66.35431 1.03670 -0.15384
v 65.49390 0.89169 -0.10562
v 65.94556 0.82931 -0.10315
v 65.94556 0.89775 -0.06706
v 65.49390 0.96126 -0.06874
v 65.49390 1.02032 -0.04552
v 65.49390 1.06837 -0.03494
v 65.49390 1.10532 -0.03746
v 65.94556 0.95584 -0.04438
v 65.94556 1.00310 -0.03409
v 65.94556 1.07239 -0.08354
v 65.94556 1.03942 -0.03668
v 66.35431 0.77287 -0.10094
v 66.35431 0.84029 -0.06555
v 66.35431 0.89750 -0.04335
v 66.35431 1.01218 -0.08220
v 66.35431 0.94403 -0.03334
v 66.35431 0.97979 -0.03598
v 66.75709 0.34908 -0.33144
v 67.00266 0.31857 -0.32746
v 66.75709 0.45609 -0.26073
v 67.00266 0.42459 -0.25755
v 67.15370 0.29995 -0.32514
v 67.15370 0.40538 -0.25570
v 66.75709 0.55325 -0.19774
v 67.00266 0.52087 -0.19528
v 66.75709 0.64038 -0.14349
v 67.00266 0.60719 -0.14166
v 67.15370 0.50113 -0.19386
v 67.15370 0.58697 -0.14060
v 67.54395 0.35576 -0.25094
v 67.92762 0.30699 -0.24629
v 67.54395 0.45013 -0.19018
v 67.92762 0.40000 -0.18659
v 67.92762 0.48340 -0.13521
v 67.54395 0.53474 -0.13787
v 67.00266 0.68335 -0.09746
v 67.15370 0.66272 -0.09671
v 67.54395 0.60940 -0.09477
v 67.54395 0.67387 -0.06137
v 67.92762 0.55698 -0.09288
v 67.92762 0.62052 -0.06009
v 67.92762 0.67442 -0.03965
v 66.75709 0.89948 -0.28784
v 67.00266 0.86370 -0.28509
v 67.15370 0.84194 -0.28344
v 67.00266 0.89474 -0.21607
v 67.00266 0.91495 -0.15810
v 67.15370 0.87283 -0.21484
v 67.15370 0.89295 -0.15721
v 67.15370 0.91829 -0.14914
v 67.15370 0.90777 -0.13382
v 66.75709 0.93078 -0.21814
v 66.75709 0.95115 -0.15960
v 66.75709 0.96618 -0.13587
v 66.75709 0.97690 -0.15146
v 67.00266 0.94044 -0.15001
v 67.00266 0.92985 -0.13458
v 67.54395 0.78572 -0.27920
v 67.92762 0.73046 -0.27502
v 67.54395 0.81622 -0.21165
v 67.54395 0.83610 -0.15489
v 67.54395 0.86105 -0.14692
v 67.54395 0.85072 -0.13184
v 67.92762 0.76057 -0.20851
v 67.92762 0.78022 -0.15261
v 67.92762 0.80478 -0.14473
v 67.92762 0.79463 -0.12989
v 66.75709 0.71726 -0.09877
v 66.75709 0.78366 -0.06407
v 67.00266 0.74914 -0.06318
v 67.00266 0.80497 -0.04174
v 67.00266 0.91670 -0.08007
v 66.75709 0.84002 -0.04234
v 66.75709 0.88583 -0.03260
v 66.75709 0.92104 -0.03529
v 67.00266 0.85035 -0.03215
v 67.00266 0.88521 -0.03488
v 67.15370 0.72814 -0.06267
v 67.15370 0.78365 -0.04139
v 67.15370 0.89471 -0.07960
v 67.15370 0.86343 -0.03464
v 67.15370 0.82878 -0.03190
v 66.75709 0.95286 -0.08088
v 67.54395 0.72857 -0.04051
v 67.54395 0.80716 -0.03402
v 67.54395 0.77303 -0.03125
v 67.54395 0.83792 -0.07837
v 67.92762 0.78208 -0.07717
v 67.92762 0.75184 -0.03342
v 67.92762 0.71822 -0.03062
v 68.30453 0.15812 -0.30762
v 68.30453 0.25909 -0.24174
v 68.51142 0.13264 -0.30450
v 68.67449 0.11232 -0.30219
v 68.51142 0.23281 -0.23926
v 68.67449 0.21189 -0.23742
v 69.03730 0.06713 -0.29706
v 69.03730 0.16535 -0.23334
v 69.03730 0.25454 -0.17662
v 69.39278 0.02286 -0.29206
v 70.01764 -0.05494 -0.28333
v 69.74075 -0.02047 -0.28719
v 69.74075 0.07516 -0.22550
v 70.01764 0.03966 -0.22243
v 69.39278 0.11977 -0.22937
v 69.39278 0.20776 -0.17357
v 69.39278 0.28665 -0.12556
v 69.74075 0.16198 -0.17059
v 70.01764 0.12556 -0.16823
v 69.74075 0.23982 -0.12336
v 70.01764 0.20256 -0.12162
v 70.08102 -0.06297 -0.28253
v 70.41343 -0.10511 -0.27832
v 70.08102 0.03140 -0.22179
v 70.41343 -0.01191 -0.21848
v 70.41343 0.07271 -0.16523
v 70.08102 0.11710 -0.16775
v 70.08102 0.19392 -0.12127
v 70.41343 0.14857 -0.11943
v 70.01764 0.27049 -0.08328
v 70.08102 0.26168 -0.08303
v 70.41343 0.21548 -0.08176
v 70.41343 0.27325 -0.05266
v 68.30453 0.35077 -0.18309
v 68.30453 0.43297 -0.13261
v 68.51142 0.32375 -0.18117
v 68.67449 0.30229 -0.17976
v 68.67449 0.38334 -0.13014
v 68.51142 0.40529 -0.13119
v 68.30453 0.67618 -0.27092
v 68.51142 0.64639 -0.26866
v 68.67449 0.62287 -0.26698
v 68.30453 0.70592 -0.20542
v 68.51142 0.67592 -0.20373
v 68.67449 0.65223 -0.20246
v 68.51142 0.69519 -0.14913
v 68.51142 0.70930 -0.12693
v 68.67449 0.67141 -0.14821
v 68.67449 0.69524 -0.14051
v 68.67449 0.68544 -0.12614
v 69.03730 0.33450 -0.12782
v 69.03730 0.53138 -0.33590
v 69.03730 0.57052 -0.26323
v 69.03730 0.59954 -0.19964
v 69.03730 0.61850 -0.14616
v 69.03730 0.64199 -0.13855
v 69.03730 0.63235 -0.12440
v 68.51142 0.47723 -0.09004
v 68.67449 0.45484 -0.08929
v 68.30453 0.50549 -0.09104
v 68.30453 0.56812 -0.05885
v 68.30453 0.62123 -0.03881
v 68.30453 0.69749 -0.03283
v 68.30453 0.66438 -0.03000
v 68.51142 0.53935 -0.05817
v 68.51142 0.59204 -0.03836
v 68.67449 0.51659 -0.05768
v 68.67449 0.56895 -0.03802
v 68.51142 0.69712 -0.07533
v 68.67449 0.67336 -0.07485
v 68.51142 0.63483 -0.02966
v 68.51142 0.66767 -0.03251
v 68.67449 0.64411 -0.03227
v 68.67449 0.61148 -0.02942
v 69.03730 0.40504 -0.08765
v 69.03730 0.46595 -0.05657
v 69.03730 0.51759 -0.03728
v 69.03730 0.55954 -0.02887
v 69.03730 0.59170 -0.03174
v 69.03730 0.62049 -0.07378
v 68.30453 0.72532 -0.15036
v 68.30453 0.74951 -0.14257
v 68.30453 0.73954 -0.12798
v 68.51142 0.71917 -0.14139
v 68.30453 0.72723 -0.07598
v 69.39278 0.48058 -0.33118
v 70.01764 0.39131 -0.32288
v 69.74075 0.43086 -0.32656
v 69.74075 0.46906 -0.25597
v 70.01764 0.42913 -0.25311
v 69.74075 0.49740 -0.19417
v 70.01764 0.45720 -0.19202
v 70.01764 0.47557 -0.14062
v 70.01764 0.49813 -0.13325
v 70.01764 0.48893 -0.11967
v 69.39278 0.51925 -0.25956
v 69.39278 0.54792 -0.19688
v 69.39278 0.56667 -0.14415
v 69.39278 0.58982 -0.13663
v 69.39278 0.58034 -0.12269
v 69.74075 0.51594 -0.14219
v 69.74075 0.53876 -0.13475
v 69.74075 0.52943 -0.12101
v 70.08102 0.38215 -0.32206
v 70.08102 0.41989 -0.25247
v 70.41343 0.33413 -0.31775
v 70.41343 0.37145 -0.24911
v 70.08102 0.44790 -0.19154
v 70.08102 0.46624 -0.14027
v 70.08102 0.48875 -0.13293
v 70.08102 0.47957 -0.11938
v 70.41343 0.39915 -0.18901
v 70.41343 0.41730 -0.13844
v 70.41343 0.43953 -0.13122
v 70.41343 0.43048 -0.11784
v 69.39278 0.35625 -0.08606
v 69.39278 0.41634 -0.05550
v 69.39278 0.46728 -0.03656
v 69.74075 0.30849 -0.08450
v 69.74075 0.36777 -0.05446
v 70.01764 0.32913 -0.05364
v 70.01764 0.37883 -0.03531
v 70.01764 0.47766 -0.07089
v 69.74075 0.41802 -0.03586
v 69.74075 0.45882 -0.02782
v 69.74075 0.49009 -0.03073
v 70.01764 0.41918 -0.02741
v 70.01764 0.45010 -0.03033
v 69.39278 0.56870 -0.07273
v 69.39278 0.50864 -0.02834
v 69.39278 0.54035 -0.03123
v 69.74075 0.51800 -0.07170
v 70.08102 0.32018 -0.05348
v 70.08102 0.36976 -0.03521
v 70.08102 0.46834 -0.07071
v 70.08102 0.41001 -0.02734
v 70.08102 0.44085 -0.03025
v 70.41343 0.32220 -0.03467
v 70.41343 0.36193 -0.02694
v 70.41343 0.39236 -0.02984
v 70.41343 0.41944 -0.06980
v 70.73781 -2.17645 -1.14942
v 71.05399 -2.19139 -1.13231
v 71.36180 -2.20591 -1.11572
v 71.36180 -2.03236 -1.07787
v 70.73781 -1.99848 -1.11024
v 70.73781 -1.82271 -1.06793
v 71.05399 -2.01566 -1.09381
v 71.05399 -1.84209 -1.05221
v 71.36180 -1.86094 -1.03695
v 71.52640 -2.21366 -1.10687
v 71.66109 -2.22276 -1.09955
v 71.52640 -2.04128 -1.06936
v 71.66109 -2.05136 -1.06233
v 71.95172 -2.07310 -1.04719
v 71.52640 -1.87101 -1.02881
v 71.66109 -1.88206 -1.02208
v 71.95172 -1.90590 -1.00760
v 70.73781 -1.65009 -1.02146
v 71.05399 -1.67164 -1.00650
v 71.36180 -1.69260 -0.99198
v 70.73781 -1.48181 -0.96889
v 71.05399 -1.50546 -0.95477
v 71.36180 -1.52846 -0.94105
v 71.66109 -1.71580 -0.97783
v 71.52640 -1.70379 -0.98423
v 71.95172 -1.74169 -0.96404
v 71.52640 -1.54075 -0.93374
v 71.66109 -1.55368 -0.92769
v 71.95172 -1.58157 -0.91467
v 71.66109 -1.39683 -0.86975
v 71.95172 -1.42664 -0.85759
v 72.23353 -2.09415 -1.03255
v 72.50637 -2.11452 -1.01841
v 72.77010 -2.13419 -1.00479
v 72.23353 -1.92899 -0.99359
v 72.50637 -1.95132 -0.98006
v 73.02460 -2.15315 -0.99168
v 73.26974 -2.22134 -0.96381
v 73.26974 -2.06614 -0.92771
v 72.77010 -1.97290 -0.96702
v 73.02460 -1.99369 -0.95446
v 72.77010 -1.81447 -0.92541
v 73.02460 -1.83708 -0.91346
v 73.26974 -1.91370 -0.88792
v 72.23353 -1.76677 -0.95071
v 72.23353 -1.60859 -0.90208
v 72.50637 -1.79104 -0.93783
v 72.50637 -1.63473 -0.88992
v 72.23353 -1.45553 -0.84583
v 72.50637 -1.48348 -0.83448
v 72.77010 -1.65999 -0.87819
v 73.02460 -1.68434 -0.86691
v 73.26974 -1.76504 -0.84273
v 73.26974 -1.62117 -0.79035
v 72.77010 -1.51049 -0.82353
v 73.02460 -1.53653 -0.81298
v 73.02460 -1.39362 -0.75467
v 73.26974 -1.48206 -0.73370
v 70.73781 -1.31902 -0.90823
v 71.05399 -1.34469 -0.89504
v 71.36180 -1.36966 -0.88223
v 71.05399 -1.18929 -0.83056
v 71.36180 -1.21616 -0.81871
v 70.73781 -1.16166 -0.84277
v 71.52640 -1.38301 -0.87539
v 71.52640 -1.23052 -0.81239
v 71.66109 -1.24521 -0.80717
v 71.95172 -1.27687 -0.79593
v 71.36180 -0.65980 -1.19200
v 71.05399 -0.62545 -1.20814
v 71.52640 -0.67816 -1.18338
v 71.66109 -0.69622 -1.17608
v 71.95172 -0.73518 -1.16035
v 71.52640 -0.55507 -1.09285
v 71.66109 -0.57382 -1.08613
v 71.95172 -0.61423 -1.07164
v 73.26974 -1.22759 -1.21978
v 73.02460 -1.00184 -1.18079
v 73.26974 -1.10121 -1.14813
v 73.26974 -0.98137 -1.07202
v 72.23353 -1.30756 -0.78505
v 72.23353 -0.77292 -1.14512
v 72.50637 -0.93535 -1.21076
v 72.50637 -0.80945 -1.13040
v 72.23353 -0.65340 -1.05761
v 72.50637 -0.69130 -1.04404
v 72.77010 -0.96920 -1.19550
v 72.77010 -0.84473 -1.11618
v 73.02460 -0.87875 -1.10248
v 73.02460 -0.76323 -1.01832
v 72.77010 -0.72792 -1.03095
v 72.50637 -0.58062 -0.95545
v 73.26974 -0.86890 -0.99020
v 73.26974 -0.76351 -0.90625
v 72.77010 -0.61848 -0.94350
v 73.02460 -0.65499 -0.93197
v 73.02460 -0.55432 -0.84444
v 73.26974 -0.66548 -0.82115
v 70.73781 -1.01019 -0.77355
v 71.05399 -1.03969 -0.76237
v 71.36180 -1.06839 -0.75152
v 71.52640 -1.08372 -0.74573
v 71.66109 -1.09923 -0.74095
v 71.95172 -1.13268 -0.73067
v 71.95172 -0.99446 -0.66283
v 70.73781 -0.86502 -0.70164
v 71.05399 -0.89631 -0.69152
v 71.36180 -0.92674 -0.68169
v 71.36180 -0.79162 -0.61029
v 70.73781 -0.72654 -0.62813
v 71.05399 -0.75952 -0.61908
v 71.52640 -0.94301 -0.67645
v 71.66109 -0.95931 -0.67213
v 71.52640 -0.80877 -0.60561
v 71.66109 -0.82582 -0.60175
v 71.95172 -0.86259 -0.59344
v 70.73781 -0.59534 -0.55306
v 71.36180 -0.66359 -0.53737
v 71.05399 -0.62993 -0.54510
v 71.52640 -0.68159 -0.53324
v 71.66109 -0.69934 -0.52985
v 71.52640 -0.56143 -0.46194
v 71.66109 -0.57986 -0.45901
v 71.95172 -0.73764 -0.52256
v 71.95172 -0.61960 -0.45270
v 72.50637 -1.33726 -0.77455
v 72.50637 -1.19647 -0.71111
v 72.23353 -1.16509 -0.72072
v 72.23353 -1.02853 -0.65383
v 72.50637 -1.06150 -0.64514
v 72.77010 -1.36595 -0.76442
v 72.77010 -1.22678 -0.70184
v 73.02460 -1.25602 -0.69291
v 73.26974 -1.34811 -0.67370
v 73.26974 -1.21969 -0.61128
v 72.77010 -1.09336 -0.63675
v 73.02460 -1.12410 -0.62868
v 73.02460 -0.99823 -0.56294
v 73.26974 -1.09716 -0.54739
v 73.26974 -0.98104 -0.48208
v 72.23353 -0.89823 -0.58541
v 72.50637 -0.93273 -0.57764
v 72.77010 -0.96607 -0.57015
v 73.26974 -0.57504 -0.73591
v 72.23353 -0.77477 -0.51549
v 72.50637 -0.81071 -0.50867
v 72.23353 -0.65814 -0.44659
v 72.50637 -0.69543 -0.44069
v 72.50637 -0.58719 -0.37470
v 73.02460 -0.87895 -0.49575
v 72.77010 -0.84544 -0.50209
v 73.02460 -0.76625 -0.42952
v 73.26974 -0.87134 -0.41769
v 73.26974 -0.76832 -0.35518
v 72.77010 -0.73148 -0.43500
v 73.02460 -0.66044 -0.36521
v 72.77010 -0.62447 -0.36987
v 74.53714 -2.12622 -1.08756
v 74.34580 -2.02178 -1.22092
v 74.15416 -1.82500 -1.20534
v 74.34580 -1.89565 -1.17498
v 74.53714 -2.01374 -1.03928
v 73.50538 -2.13746 -0.90158
v 73.73141 -2.20583 -0.87656
v 73.94770 -2.13059 -0.81627
v 73.73141 -2.06142 -0.83908
v 73.50538 -1.98912 -0.86297
v 73.50538 -1.84445 -0.81910
v 73.73141 -1.92059 -0.79647
v 74.15416 -2.19660 -0.79453
v 74.53714 -1.90595 -0.98589
v 73.94770 -1.62115 -1.18304
v 73.73141 -1.53793 -1.21585
v 73.94770 -1.49879 -1.12218
v 73.73141 -1.41231 -1.15327
v 74.34580 -1.77422 -1.12278
v 74.15416 -1.70055 -1.15177
v 74.34580 -1.65786 -1.06507
v 74.15416 -1.58130 -1.09254
v 74.34580 -1.54691 -1.00262
v 74.15416 -1.46760 -1.02846
v 74.53714 -1.80317 -0.92811
v 74.53714 -1.70569 -0.86671
v 74.53714 -1.61415 -0.80066
v 74.34580 -1.44168 -0.93626
v 74.71346 -2.13451 -0.91300
v 74.71346 -2.03926 -0.85951
v 74.71346 -1.94891 -0.80266
v 73.94770 -1.99343 -0.77486
v 73.94770 -1.86067 -0.72683
v 74.34580 -2.12743 -0.73519
v 74.15416 -2.06293 -0.75427
v 74.53714 -2.22374 -0.63808
v 74.53714 -2.11067 -0.59250
v 74.15416 -1.93356 -0.70755
v 74.34580 -2.00120 -0.68968
v 74.34580 -1.87913 -0.64041
v 74.53714 -2.00178 -0.54419
v 74.53714 -1.89738 -0.49389
v 73.50538 -1.70443 -0.76823
v 73.73141 -1.78428 -0.74706
v 73.94770 -1.73229 -0.67484
v 73.73141 -1.65248 -0.69359
v 73.94770 -1.60867 -0.61974
v 73.50538 -1.56905 -0.71321
v 73.50538 -1.43869 -0.65492
v 73.73141 -1.52556 -0.63693
v 73.73141 -1.40388 -0.57797
v 73.94770 -1.49014 -0.56240
v 74.15416 -1.80845 -0.65697
v 74.34580 -1.76158 -0.58817
v 74.15416 -1.68798 -0.60336
v 74.53714 -1.52837 -0.73286
v 74.53714 -1.44855 -0.66411
v 74.34580 -1.64888 -0.53380
v 74.53714 -1.79774 -0.44237
v 74.53714 -1.70332 -0.38968
v 74.53714 -1.61409 -0.33771
v 74.15416 -1.57247 -0.54756
v 74.34580 -1.54132 -0.47812
v 74.15416 -1.46225 -0.49042
v 74.34580 -1.43939 -0.42116
v 74.87956 -2.17798 -0.74238
v 74.87956 -2.09946 -0.68584
v 74.87956 -2.02587 -0.62779
v 74.71346 -1.86408 -0.74151
v 74.87956 -1.95740 -0.56892
v 74.71346 -2.22309 -0.50373
v 75.03534 -2.18883 -0.52565
v 75.03534 -2.13040 -0.47117
v 74.71346 -2.12634 -0.45717
v 74.71346 -2.03401 -0.40949
v 75.03534 -2.07699 -0.41725
v 75.03534 -2.02889 -0.36368
v 74.87956 -1.89420 -0.50994
v 74.87956 -1.83643 -0.45157
v 74.71346 -1.94651 -0.36072
v 74.71346 -1.78458 -0.67873
v 74.71346 -1.71060 -0.61508
v 74.71346 -1.64233 -0.55130
v 74.87956 -1.78442 -0.39359
v 74.87956 -1.73801 -0.33786
v 74.71346 -1.57992 -0.48819
v 74.71346 -1.52373 -0.42549
v 74.71346 -1.47359 -0.36524
v 73.50538 -1.32189 -1.18581
v 73.50538 -1.19889 -1.11618
v 73.73141 -1.29254 -1.08558
v 73.94770 -1.38213 -1.05633
v 73.50538 -1.08225 -1.04221
v 73.73141 -1.17897 -1.01366
v 73.94770 -1.27149 -0.98638
v 73.50538 -0.97276 -0.96269
v 73.94770 -1.16762 -0.91115
v 73.73141 -1.07235 -0.93634
v 73.73141 -0.97244 -0.85698
v 73.94770 -1.07029 -0.83395
v 74.15416 -1.35976 -0.96037
v 74.34580 -1.34288 -0.86488
v 74.15416 -1.25853 -0.88714
v 74.34580 -1.25029 -0.79162
v 74.15416 -1.16365 -0.81199
v 73.50538 -0.87017 -0.88109
v 73.50538 -0.77474 -0.79836
v 73.50538 -1.31371 -0.59426
v 73.94770 -0.97973 -0.75567
v 74.53714 -1.37489 -0.59523
v 74.34580 -1.16414 -0.71734
v 74.15416 -1.07538 -0.73578
v 74.34580 -1.08464 -0.64293
v 74.15416 -0.99393 -0.65945
v 74.34580 -1.01198 -0.56930
v 73.50538 -1.19446 -0.53218
v 73.73141 -1.28776 -0.51761
v 73.94770 -1.37704 -0.50369
v 73.94770 -1.26986 -0.44366
v 73.50538 -1.08144 -0.46871
v 73.73141 -1.17773 -0.45590
v 73.50538 -0.97466 -0.40613
v 73.94770 -1.16858 -0.38446
v 73.73141 -1.07376 -0.39505
v 74.53714 -1.30756 -0.52708
v 74.53714 -1.24695 -0.45938
v 74.15416 -1.35778 -0.43199
v 74.34580 -1.34308 -0.36500
v 74.15416 -1.25908 -0.37436
v 74.53714 -1.19286 -0.39431
v 73.73141 -0.87950 -0.77653
v 73.94770 -0.89618 -0.67726
v 73.73141 -0.79375 -0.69595
v 73.94770 -0.81982 -0.59969
v 73.50538 -0.68669 -0.71550
v 73.50538 -0.60623 -0.63353
v 73.73141 -0.71539 -0.61622
v 74.15416 -0.91949 -0.58392
v 73.50538 -0.87440 -0.34537
v 73.94770 -0.75108 -0.52264
v 73.94770 -0.68977 -0.44858
v 73.73141 -0.64485 -0.53704
v 73.73141 -0.58193 -0.46094
v 73.94770 -0.63598 -0.37844
v 74.34580 -0.94657 -0.49617
v 74.15416 -0.85247 -0.50890
v 74.34580 -0.88820 -0.42588
v 74.15416 -0.79269 -0.43680
v 74.34580 -0.83700 -0.35929
v 74.15416 -0.74024 -0.36850
v 73.02460 -0.56177 -0.30373
v 73.26974 -0.67226 -0.29541
v 73.26974 -0.58343 -0.23915
v 74.53714 -1.53031 -0.28724
v 74.53714 -1.45218 -0.23897
v 74.87956 -2.17556 -0.33348
v 74.87956 -2.09904 -0.28900
v 74.87956 -2.02718 -0.24581
v 75.18073 -2.21738 -0.28825
v 75.18073 -2.18259 -0.24321
v 75.03534 -2.19125 -0.18884
v 75.03534 -2.13396 -0.15291
v 75.03534 -2.08140 -0.12006
v 75.18073 -2.15270 -0.20126
v 75.18073 -2.12774 -0.16299
v 75.18073 -2.10795 -0.12791
v 75.03534 -1.98598 -0.31219
v 75.03534 -1.94832 -0.26341
v 74.71346 -1.86382 -0.31261
v 74.87956 -1.96017 -0.20449
v 75.03534 -1.91597 -0.21797
v 75.03534 -1.88896 -0.17652
v 74.87956 -1.89820 -0.16559
v 75.03534 -1.86755 -0.13852
v 74.87956 -1.84134 -0.13002
v 75.03534 -2.03369 -0.09082
v 75.18073 -2.22187 -0.06060
v 75.18073 -2.18706 -0.04153
v 75.18073 -2.15703 -0.02681
v 75.18073 -2.13165 -0.01776
v 75.18073 -2.09319 -0.09719
v 75.18073 -2.08343 -0.07132
v 75.18073 -2.07644 -0.06091
v 75.18073 -2.07184 -0.06799
v 75.18073 -2.08175 -0.03623
v 75.18073 -2.11109 -0.01393
v 75.18073 -2.09542 -0.01553
v 75.03534 -1.99093 -0.06568
v 75.03534 -1.95325 -0.04501
v 75.03534 -1.92074 -0.02906
v 75.03534 -1.85157 -0.10525
v 75.03534 -1.84101 -0.07722
v 75.03534 -1.82847 -0.07362
v 75.03534 -1.83346 -0.06595
v 75.03534 -1.89325 -0.01925
v 75.03534 -1.87100 -0.01510
v 75.03534 -1.83922 -0.03923
v 75.03534 -1.85403 -0.01683
v 74.71346 -1.78618 -0.26589
v 74.87956 -1.69728 -0.28506
v 74.87956 -1.66230 -0.23588
v 74.71346 -1.71377 -0.22120
v 74.71346 -1.64681 -0.17912
v 74.87956 -1.63310 -0.19101
v 74.87956 -1.60995 -0.14990
v 74.71346 -1.42960 -0.30815
v 74.71346 -1.39182 -0.25497
v 74.71346 -1.58538 -0.14065
v 74.87956 -1.78973 -0.09836
v 74.87956 -1.74348 -0.07113
v 74.87956 -1.70272 -0.04876
v 74.87956 -1.66755 -0.03148
v 74.87956 -1.63782 -0.02085
v 74.87956 -1.61374 -0.01635
v 74.71346 -1.52961 -0.10641
v 74.87956 -1.59268 -0.11388
v 74.87956 -1.58126 -0.08356
v 74.87956 -1.56770 -0.07965
v 74.87956 -1.57309 -0.07135
v 74.87956 -1.57934 -0.04245
v 74.87956 -1.59538 -0.01821
v 74.71346 -1.47964 -0.07696
v 74.71346 -1.43559 -0.05275
v 74.71346 -1.39760 -0.03407
v 73.73141 -0.97613 -0.33596
v 73.94770 -1.07348 -0.32697
v 73.94770 -0.98481 -0.27200
v 74.34580 -1.25264 -0.31045
v 74.53714 -1.37993 -0.19352
v 74.53714 -1.31364 -0.15196
v 74.15416 -1.16640 -0.31840
v 74.15416 -1.07997 -0.26488
v 74.34580 -1.16830 -0.25828
v 74.53714 -1.14541 -0.33267
v 74.53714 -1.10466 -0.27526
v 74.34580 -1.09031 -0.20917
v 74.15416 -1.00005 -0.21450
v 74.34580 -1.01876 -0.16425
v 74.53714 -1.07064 -0.22289
v 74.53714 -1.04368 -0.17489
v 74.53714 -1.02357 -0.13286
v 74.53714 -1.25347 -0.11497
v 74.53714 -1.19955 -0.08316
v 74.53714 -1.15201 -0.05701
v 74.53714 -1.11101 -0.03682
v 74.53714 -1.07633 -0.02438
v 74.53714 -1.01029 -0.09747
v 74.53714 -0.99447 -0.09290
v 74.53714 -1.00077 -0.08322
v 74.53714 -1.04825 -0.01911
v 74.53714 -1.02682 -0.02126
v 74.53714 -1.00809 -0.04951
v 73.50538 -0.78090 -0.28726
v 73.73141 -0.88510 -0.27946
v 73.73141 -0.80091 -0.22627
v 73.94770 -0.90280 -0.22024
v 73.94770 -0.82756 -0.17293
v 73.50538 -0.69444 -0.23257
v 73.94770 -0.58979 -0.31310
v 73.94770 -0.55125 -0.25351
v 73.50538 -0.61511 -0.18257
v 73.73141 -0.72367 -0.17764
v 73.94770 -0.75926 -0.13081
v 73.73141 -0.65356 -0.13437
v 74.34580 -0.79303 -0.29727
v 74.15416 -0.92672 -0.16843
v 74.34580 -0.95380 -0.12428
v 74.15416 -0.86015 -0.12742
v 74.15416 -0.69520 -0.30489
v 74.15416 -0.65761 -0.24686
v 74.34580 -0.75633 -0.24070
v 74.34580 -0.72724 -0.18887
v 74.34580 -0.70555 -0.14347
v 74.15416 -0.62782 -0.19369
v 74.15416 -0.60562 -0.14712
v 73.94770 -0.69805 -0.09460
v 73.73141 -0.59072 -0.09715
v 73.94770 -0.64409 -0.06482
v 73.94770 -0.59754 -0.04184
v 73.94770 -0.55815 -0.02768
v 74.34580 -0.89560 -0.08990
v 74.15416 -0.80050 -0.09216
v 74.34580 -0.84428 -0.06163
v 74.34580 -0.80002 -0.03981
v 74.34580 -0.76258 -0.02636
v 74.15416 -0.74791 -0.06317
v 74.34580 -0.69123 -0.10525
v 74.34580 -0.67415 -0.10030
v 74.34580 -0.68096 -0.08986
v 74.15416 -0.70255 -0.04078
v 74.15416 -0.66417 -0.02700
v 74.34580 -0.73226 -0.02065
v 74.34580 -0.70913 -0.02296
v 74.34580 -0.68888 -0.05346
v 74.15416 -0.59096 -0.10792
v 74.15416 -0.58045 -0.09212
v 74.15416 -0.57346 -0.10281
v 74.15416 -0.63309 -0.02114
v 74.15416 -0.60937 -0.02351
v 74.15416 -0.58859 -0.05478
v 74.71346 -1.36028 -0.20647
v 74.71346 -1.33528 -0.16202
v 74.71346 -1.31663 -0.12309
v 74.71346 -1.30431 -0.09031
v 74.71346 -1.28965 -0.08608
v 74.71346 -1.29549 -0.07711
v 74.71346 -1.36546 -0.02256
v 74.71346 -1.33944 -0.01769
v 74.71346 -1.30225 -0.04587
v 74.71346 -1.31959 -0.01969
v 70.73781 -0.46323 -1.13092
v 71.05399 -0.50008 -1.11564
v 70.73781 -0.34438 -1.03473
v 71.36180 -0.53592 -1.10079
v 71.05399 -0.38265 -1.02080
v 71.36180 -0.41989 -1.00725
v 70.73781 -0.23389 -0.93729
v 71.05399 -0.27348 -0.92471
v 71.36180 -0.31201 -0.91247
v 70.73781 -0.13202 -0.83975
v 71.05399 -0.17282 -0.82852
v 71.36180 -0.21253 -0.81759
v 71.66109 -0.45916 -0.99387
v 71.52640 -0.43979 -1.00001
v 71.66109 -0.35255 -0.90039
v 71.95172 -0.50095 -0.98065
v 71.95172 -0.39560 -0.88844
v 71.52640 -0.33260 -0.90594
v 71.66109 -0.25424 -0.80679
v 71.52640 -0.23375 -0.81175
v 71.95172 -0.29844 -0.79611
v 72.23353 -0.54144 -0.96784
v 72.23353 -0.43731 -0.87686
v 72.23353 -0.34128 -0.78576
v 72.50637 -0.47769 -0.86566
v 72.77010 -0.51669 -0.85486
v 71.52640 -0.14346 -0.71861
v 71.66109 -0.16444 -0.71423
v 71.95172 -0.20969 -0.70479
v 70.73781 -0.47140 -0.47911
v 71.05399 -0.50751 -0.47221
v 71.36180 -0.54265 -0.46551
v 70.73781 -0.35504 -0.40735
v 71.05399 -0.39257 -0.40148
v 71.36180 -0.42909 -0.39578
v 70.73781 -0.24656 -0.33877
v 71.52640 -0.44862 -0.39274
v 71.66109 -0.46767 -0.39025
v 71.95172 -0.50877 -0.38489
v 70.73781 -0.03899 -0.74331
v 71.05399 -0.08089 -0.73340
v 71.36180 -0.12166 -0.72376
v 70.73781 0.04466 -0.64759
v 71.36180 -0.03994 -0.63061
v 71.05399 0.00178 -0.63898
v 71.52640 -0.06225 -0.62614
v 71.66109 -0.08366 -0.62233
v 71.95172 -0.12985 -0.61413
v 71.05399 0.07547 -0.54827
v 71.36180 0.03290 -0.54111
v 70.73781 0.11921 -0.55563
v 70.73781 0.18455 -0.46855
v 71.05399 0.14006 -0.46237
v 71.36180 0.09675 -0.45636
v 70.73781 0.24058 -0.38748
v 71.36180 0.15152 -0.37744
v 71.05399 0.19545 -0.38239
v 71.52640 0.01014 -0.53729
v 71.66109 -0.01165 -0.53403
v 71.52640 0.07360 -0.45315
v 71.66109 0.05147 -0.45041
v 71.95172 -0.05867 -0.52701
v 71.95172 0.00373 -0.44451
v 71.95172 0.05727 -0.36767
v 71.52640 0.12803 -0.37480
v 71.66109 0.10562 -0.37254
v 72.50637 -0.38274 -0.77575
v 72.23353 -0.25355 -0.69565
v 72.50637 -0.29600 -0.68681
v 72.23353 -0.17462 -0.60618
v 72.50637 -0.21795 -0.59850
v 73.02460 -0.46145 -0.75677
v 72.77010 -0.42280 -0.76609
v 73.02460 -0.37659 -0.67004
v 73.26974 -0.49240 -0.65159
v 73.26974 -0.41803 -0.56784
v 72.77010 -0.33702 -0.67827
v 72.77010 -0.25983 -0.59107
v 73.02460 -0.30023 -0.58392
v 72.23353 -0.54862 -0.37971
v 72.50637 -0.14836 -0.51363
v 73.26974 -0.35170 -0.48736
v 72.77010 -0.19100 -0.50728
v 73.02460 -0.23213 -0.50115
v 72.77010 -0.13064 -0.42791
v 73.02460 -0.17240 -0.42275
v 73.26974 -0.29353 -0.41113
v 73.26974 -0.24359 -0.34013
v 72.23353 -0.10424 -0.52021
v 72.23353 -0.04255 -0.43879
v 72.23353 0.01040 -0.36295
v 72.50637 -0.08734 -0.43325
v 72.50637 -0.03498 -0.35839
v 72.77010 -0.07883 -0.35398
v 73.02460 -0.12114 -0.34973
v 73.50538 -0.53381 -0.55211
v 73.50538 -0.46922 -0.47387
v 73.50538 -0.41257 -0.39975
v 73.73141 -0.52674 -0.38885
v 70.73781 -0.14623 -0.27424
v 71.05399 -0.28540 -0.33387
v 71.36180 -0.32321 -0.32913
v 71.05399 -0.18630 -0.27026
v 71.36180 -0.22530 -0.26641
v 71.36180 -0.13546 -0.20909
v 71.52640 -0.34343 -0.32659
v 71.66109 -0.36307 -0.32453
v 71.95172 -0.40543 -0.32008
v 71.52640 -0.24615 -0.26435
v 71.66109 -0.26633 -0.26268
v 71.95172 -0.30986 -0.25909
v 71.52640 -0.15690 -0.20747
v 71.66109 -0.17757 -0.20616
v 71.95172 -0.22217 -0.20334
v 71.95172 -0.14256 -0.15373
v 70.73781 -0.05418 -0.21526
v 70.73781 0.02940 -0.16278
v 71.05399 -0.09537 -0.21213
v 71.36180 -0.05389 -0.15808
v 71.05399 -0.01281 -0.16039
v 71.05399 0.06120 -0.11591
v 70.73781 0.28728 -0.31355
v 71.05399 0.24163 -0.30946
v 71.36180 0.19718 -0.30548
v 71.05399 0.27812 -0.24265
v 71.36180 0.23328 -0.23954
v 70.73781 0.10433 -0.11764
v 71.36180 0.26010 -0.18180
v 71.36180 0.27771 -0.13320
v 71.52640 -0.07586 -0.15685
v 71.66109 -0.09699 -0.15586
v 71.52640 0.17342 -0.30335
v 71.66109 0.15077 -0.30153
v 71.52640 0.20931 -0.23788
v 71.66109 0.18648 -0.23646
v 71.95172 0.10192 -0.29760
v 71.95172 0.13723 -0.23340
v 71.52640 0.23597 -0.18055
v 71.66109 0.21302 -0.17948
v 71.52640 0.25348 -0.13229
v 71.52640 0.27475 -0.12549
v 71.66109 0.23045 -0.13152
v 71.66109 0.25159 -0.12477
v 71.95172 0.16349 -0.17717
v 71.95172 0.18074 -0.12984
v 71.95172 0.20163 -0.12322
v 71.36180 0.01922 -0.11422
v 70.73781 0.17041 -0.08053
v 70.73781 0.22745 -0.05185
v 70.73781 0.27579 -0.03415
v 71.05399 0.12648 -0.07933
v 71.36180 0.08371 -0.07817
v 71.05399 0.18282 -0.05107
v 71.36180 0.13936 -0.05032
v 71.36180 0.27997 -0.06719
v 71.05399 0.23055 -0.03364
v 71.05399 0.26928 -0.02617
v 71.36180 0.18651 -0.03314
v 71.36180 0.22476 -0.02581
v 71.36180 0.25402 -0.02868
v 71.52640 -0.00323 -0.11333
v 71.52640 0.06083 -0.07755
v 71.66109 -0.02476 -0.11261
v 71.66109 0.03895 -0.07706
v 71.95172 -0.07121 -0.11108
v 71.95172 -0.00828 -0.07602
v 71.95172 0.04603 -0.04894
v 71.52640 0.11613 -0.04991
v 71.52640 0.16296 -0.03288
v 71.66109 0.09393 -0.04961
v 71.66109 0.14050 -0.03268
v 71.66109 0.17826 -0.02546
v 71.52640 0.26614 -0.11266
v 71.52640 0.25576 -0.06674
v 71.66109 0.23274 -0.06636
v 71.66109 0.24304 -0.11201
v 71.52640 0.20095 -0.02561
v 71.52640 0.23001 -0.02848
v 71.66109 0.20716 -0.02832
v 71.95172 0.18307 -0.06555
v 71.95172 0.09202 -0.03226
v 71.95172 0.12932 -0.02515
v 71.95172 0.15785 -0.02798
v 71.95172 0.19320 -0.11060
v 72.23353 -0.44650 -0.31577
v 72.23353 -0.35207 -0.25560
v 72.50637 -0.48626 -0.31161
v 72.50637 -0.39292 -0.25224
v 72.23353 -0.26542 -0.20061
v 72.23353 -0.18675 -0.15167
v 72.50637 -0.30728 -0.19797
v 72.50637 -0.22954 -0.14968
v 72.77010 -0.52469 -0.30760
v 73.02460 -0.47052 -0.24587
v 72.77010 -0.43241 -0.24900
v 72.77010 -0.34775 -0.19543
v 73.02460 -0.38680 -0.19298
v 73.26974 -0.50193 -0.18772
v 73.26974 -0.42793 -0.14195
v 73.26974 -0.20192 -0.27537
v 72.77010 -0.27089 -0.14776
v 73.02460 -0.31079 -0.14591
v 73.26974 -0.16893 -0.21602
v 73.26974 -0.14437 -0.16404
v 72.50637 -0.15985 -0.10816
v 73.26974 -0.36162 -0.10260
v 73.02460 -0.24267 -0.10544
v 72.77010 -0.20200 -0.10678
v 72.77010 -0.14125 -0.07309
v 73.02460 -0.18260 -0.07218
v 73.02460 -0.13078 -0.04650
v 73.26974 -0.30315 -0.07025
v 73.26974 -0.25270 -0.04528
v 73.26974 -0.21001 -0.02991
v 73.26974 -0.17541 -0.02338
v 73.26974 -0.14898 -0.02603
v 72.23353 0.05455 -0.29380
v 72.50637 0.00870 -0.29012
v 72.50637 0.04326 -0.22756
v 72.50637 0.06897 -0.17277
v 72.23353 0.08949 -0.23043
v 72.23353 0.11547 -0.17493
v 72.23353 0.13255 -0.12821
v 72.23353 0.15319 -0.12172
v 72.50637 0.08589 -0.12664
v 72.50637 0.10630 -0.12027
v 72.77010 -0.03562 -0.28656
v 73.02460 -0.07838 -0.28314
v 73.02460 -0.04452 -0.22211
v 72.77010 -0.00141 -0.22478
v 72.77010 0.02404 -0.17067
v 72.77010 0.04079 -0.12512
v 72.77010 0.06097 -0.11886
v 73.02460 -0.01932 -0.16865
v 73.02460 -0.00273 -0.12365
v 73.02460 0.01723 -0.11751
v 73.26974 -0.12818 -0.12028
v 72.23353 -0.11624 -0.10960
v 72.23353 -0.05407 -0.07501
v 72.23353 -0.00041 -0.04830
v 72.23353 0.04503 -0.03185
v 72.50637 -0.09840 -0.07403
v 72.50637 -0.04537 -0.04768
v 72.50637 -0.00048 -0.03145
v 72.50637 0.03592 -0.02455
v 72.50637 0.06374 -0.02733
v 72.23353 0.14487 -0.10924
v 72.23353 0.13491 -0.06476
v 72.23353 0.08186 -0.02484
v 72.23353 0.11003 -0.02765
v 72.50637 0.09808 -0.10792
v 72.50637 0.08828 -0.06399
v 72.77010 -0.08884 -0.04708
v 72.77010 -0.04446 -0.03106
v 73.02460 -0.08691 -0.03069
v 73.02460 -0.05136 -0.02398
v 72.77010 0.05285 -0.10664
v 72.77010 0.04321 -0.06325
v 73.02460 0.00921 -0.10541
v 73.02460 -0.00028 -0.06253
v 72.77010 -0.00850 -0.02426
v 72.77010 0.01899 -0.02702
v 73.02460 -0.02419 -0.02671
v 73.26974 -0.10875 -0.11437
v 73.26974 -0.11654 -0.10257
v 73.26974 -0.12575 -0.06088
v 70.73781 0.32419 -0.24584
v 70.73781 0.35159 -0.18654
v 70.73781 0.36955 -0.13665
v 70.73781 0.39150 -0.12955
v 70.73781 0.38258 -0.11633
v 71.05399 0.30523 -0.18414
v 71.05399 0.32301 -0.13490
v 71.05399 0.34469 -0.12792
v 71.36180 0.29912 -0.12633
v 70.73781 0.37174 -0.06891
v 70.73781 0.31501 -0.02655
v 70.73781 0.34505 -0.02944
v 71.05399 0.33589 -0.11486
v 71.05399 0.32524 -0.06804
v 71.36180 0.29044 -0.11343
v 71.05399 0.29892 -0.02906
v 73.50538 -0.36393 -0.33072
v 73.73141 -0.47935 -0.32171
v 73.73141 -0.43981 -0.26047
v 73.50538 -0.54310 -0.13808
v 73.94770 -0.52071 -0.19890
v 73.94770 -0.49795 -0.15107
v 73.73141 -0.40849 -0.20436
v 73.73141 -0.38515 -0.15520
v 73.50538 -0.32335 -0.26776
v 73.50538 -0.29121 -0.21007
v 73.50538 -0.26727 -0.15953
v 73.50538 -0.25149 -0.11699
v 73.50538 -0.47856 -0.09982
v 73.50538 -0.42165 -0.06837
v 73.50538 -0.37256 -0.04408
v 73.73141 -0.53532 -0.06656
v 73.94770 -0.48294 -0.11080
v 73.94770 -0.47216 -0.09456
v 73.94770 -0.46498 -0.10551
v 73.73141 -0.48752 -0.04294
v 73.73141 -0.44708 -0.02839
v 73.94770 -0.52625 -0.02166
v 73.94770 -0.50190 -0.02410
v 73.94770 -0.48055 -0.05621
v 73.73141 -0.36976 -0.11383
v 73.73141 -0.35133 -0.10833
v 73.73141 -0.35871 -0.09712
v 73.73141 -0.41432 -0.02221
v 73.73141 -0.36735 -0.05770
v 73.73141 -0.38930 -0.02472
v 73.50538 -0.24015 -0.09979
v 73.50538 -0.33101 -0.02913
v 73.50538 -0.29735 -0.02278
v 73.50538 -0.24907 -0.05926
v 73.50538 -0.27165 -0.02536
v 73.50538 -0.23257 -0.11129
v 65.49390 1.13738 -0.16730
v 65.49390 1.16446 -0.15892
v 65.49390 1.15310 -0.14246
v 65.49390 1.13892 -0.08503
f 2 3 1
f 2 4 3
f 4 5 3
f 4 6 5
f 25 6 4
f 6 7 5
f 6 8 7
f 16 2 1
f 1 3 14
f 16 24 2
f 3 5 15
f 5 7 46
f 26 8 6
f 8 9 7
f 8 10 9
f 27 10 8
f 27 32 10
f 10 11 9
f 10 12 11
f 32 12 10
f 12 13 11
f 12 19 13
f 19 20 13
f 14 15 50
f 1 14 16
f 3 15 14
f 16 28 24
f 7 9 53
f 5 46 15
f 16 18 17
f 16 14 18
f 14 50 18
f 7 53 46
f 9 11 55
f 32 33 12
f 33 19 12
f 11 13 57
f 33 22 19
f 22 21 19
f 19 21 20
f 22 23 21
f 9 55 53
f 11 57 55
f 13 20 59
f 24 4 2
f 24 25 4
f 25 26 6
f 28 25 24
f 29 26 25
f 26 27 8
f 29 30 26
f 28 29 25
f 72 29 28
f 30 27 26
f 31 32 27
f 30 31 27
f 31 35 32
f 16 72 28
f 73 30 29
f 74 31 30
f 75 35 31
f 72 73 29
f 73 74 30
f 35 33 32
f 34 22 33
f 35 34 33
f 36 23 22
f 34 36 22
f 36 76 23
f 38 39 37
f 21 37 20
f 23 38 21
f 21 38 37
f 38 41 39
f 20 37 85
f 23 40 38
f 40 41 38
f 99 42 40
f 41 43 39
f 37 39 91
f 40 42 41
f 42 44 41
f 41 44 43
f 44 45 43
f 44 87 45
f 42 86 44
f 76 40 23
f 15 47 50
f 15 46 47
f 46 54 47
f 46 53 54
f 17 18 49
f 17 49 48
f 18 50 51
f 18 51 49
f 50 47 52
f 50 52 51
f 47 54 61
f 48 49 64
f 49 51 65
f 48 64 63
f 49 65 64
f 47 61 52
f 51 52 66
f 53 55 56
f 53 56 54
f 54 56 62
f 55 58 56
f 55 57 58
f 57 60 58
f 57 59 60
f 56 58 67
f 58 60 68
f 13 59 57
f 54 62 61
f 56 67 62
f 165 16 17
f 51 66 65
f 52 61 70
f 52 70 66
f 63 64 139
f 64 65 140
f 64 140 139
f 65 66 141
f 66 70 142
f 58 68 67
f 61 62 69
f 61 69 70
f 62 67 71
f 62 71 69
f 67 135 71
f 67 68 135
f 16 107 72
f 74 75 31
f 75 77 35
f 107 73 72
f 16 178 107
f 108 74 73
f 107 108 73
f 108 109 74
f 109 75 74
f 110 77 75
f 77 34 35
f 78 36 34
f 77 78 34
f 79 76 36
f 78 79 36
f 79 80 76
f 81 78 77
f 165 17 48
f 63 139 138
f 109 110 75
f 110 81 77
f 82 79 78
f 81 82 78
f 83 80 79
f 82 83 79
f 83 84 80
f 20 85 59
f 37 91 85
f 59 89 60
f 59 85 89
f 39 94 91
f 100 86 42
f 43 97 94
f 45 111 119
f 39 43 94
f 43 45 97
f 86 87 44
f 86 88 87
f 101 88 86
f 87 111 45
f 87 112 111
f 88 112 87
f 88 114 112
f 102 114 88
f 102 125 114
f 60 90 68
f 60 89 90
f 85 92 89
f 89 93 90
f 85 91 92
f 89 92 93
f 91 95 92
f 92 96 93
f 68 90 149
f 68 149 135
f 90 93 150
f 91 94 95
f 45 119 97
f 92 95 96
f 94 98 95
f 94 97 98
f 95 98 151
f 95 151 96
f 97 119 211
f 97 211 98
f 76 99 40
f 80 99 76
f 99 100 42
f 103 100 99
f 80 103 99
f 104 101 100
f 103 104 100
f 100 101 86
f 101 102 88
f 84 103 80
f 158 104 103
f 84 158 103
f 159 105 104
f 158 159 104
f 105 102 101
f 104 105 101
f 105 106 102
f 106 125 102
f 106 127 125
f 160 106 105
f 178 108 107
f 179 109 108
f 16 186 178
f 178 179 108
f 180 110 109
f 181 81 110
f 183 82 81
f 111 113 213
f 112 113 111
f 112 115 113
f 114 115 112
f 114 116 115
f 125 116 114
f 115 117 113
f 116 118 115
f 115 118 117
f 118 121 117
f 111 213 119
f 113 216 213
f 125 126 116
f 126 120 116
f 113 117 216
f 117 121 218
f 116 120 118
f 120 122 118
f 118 122 121
f 120 124 122
f 126 123 120
f 123 124 120
f 123 220 124
f 127 126 125
f 127 226 126
f 226 123 126
f 121 128 241
f 132 133 129
f 122 128 121
f 124 130 122
f 122 130 128
f 124 131 130
f 220 131 124
f 130 129 128
f 130 132 129
f 131 132 130
f 131 234 132
f 234 134 132
f 134 236 133
f 132 134 133
f 65 141 140
f 66 142 141
f 70 69 143
f 70 143 142
f 69 136 143
f 69 71 136
f 71 135 137
f 71 137 136
f 165 48 63
f 138 139 145
f 139 140 146
f 165 63 138
f 140 141 147
f 138 145 144
f 139 146 145
f 141 142 148
f 140 147 146
f 141 148 147
f 165 138 144
f 16 165 352
f 142 143 162
f 143 136 163
f 136 137 164
f 143 163 162
f 142 162 148
f 136 164 163
f 90 150 149
f 93 152 150
f 135 149 154
f 135 154 137
f 149 155 154
f 149 150 155
f 96 151 153
f 98 211 212
f 98 212 151
f 151 212 221
f 93 96 152
f 96 153 152
f 150 152 156
f 151 221 153
f 150 156 155
f 152 153 157
f 152 157 156
f 153 221 256
f 153 256 157
f 159 160 105
f 160 161 106
f 161 127 106
f 161 227 127
f 137 154 173
f 154 155 174
f 144 145 166
f 145 146 167
f 146 147 168
f 147 148 169
f 144 166 165
f 145 167 166
f 146 168 167
f 147 169 168
f 163 164 172
f 148 162 170
f 148 170 169
f 162 163 171
f 162 171 170
f 163 172 171
f 157 256 261
f 137 173 164
f 154 174 173
f 155 175 174
f 164 173 176
f 155 156 175
f 156 157 177
f 156 177 175
f 157 261 177
f 173 174 349
f 164 176 172
f 173 349 176
f 174 350 349
f 174 175 350
f 175 177 351
f 177 261 379
f 175 351 350
f 179 180 109
f 180 181 110
f 181 183 81
f 16 198 186
f 186 179 178
f 187 180 179
f 188 181 180
f 184 83 82
f 183 184 82
f 182 84 83
f 184 182 83
f 182 185 84
f 186 187 179
f 187 188 180
f 189 183 181
f 188 189 181
f 189 194 183
f 194 184 183
f 195 182 184
f 196 185 182
f 194 195 184
f 195 196 182
f 196 197 185
f 16 439 198
f 185 158 84
f 190 159 158
f 185 190 158
f 191 160 159
f 190 191 159
f 192 161 160
f 197 190 185
f 206 191 190
f 207 192 191
f 192 193 161
f 191 192 160
f 193 227 161
f 193 278 227
f 16 352 367
f 165 166 353
f 166 167 354
f 167 168 355
f 168 169 356
f 198 187 186
f 199 188 187
f 200 189 188
f 201 194 189
f 198 199 187
f 16 451 439
f 199 200 188
f 200 201 189
f 201 202 194
f 202 195 194
f 203 196 195
f 204 197 196
f 202 203 195
f 203 204 196
f 204 205 197
f 197 206 190
f 206 207 191
f 208 193 192
f 207 208 192
f 210 278 193
f 208 210 193
f 210 282 278
f 205 206 197
f 209 207 206
f 364 208 207
f 205 209 206
f 209 364 207
f 365 210 208
f 366 282 210
f 364 365 208
f 365 366 210
f 119 214 211
f 119 213 214
f 211 214 215
f 211 215 212
f 213 217 214
f 212 215 222
f 214 223 215
f 213 216 217
f 117 218 216
f 214 217 223
f 216 219 217
f 216 218 219
f 217 219 224
f 212 222 221
f 215 225 222
f 221 222 257
f 221 257 256
f 215 223 225
f 217 224 223
f 223 224 258
f 223 258 225
f 222 225 259
f 227 226 127
f 227 230 226
f 230 228 226
f 226 228 123
f 228 220 123
f 228 229 220
f 231 229 228
f 230 231 228
f 231 232 229
f 280 232 231
f 121 241 218
f 128 129 243
f 128 243 241
f 129 247 243
f 220 233 131
f 233 234 131
f 233 235 234
f 235 237 234
f 129 133 247
f 134 238 236
f 238 291 236
f 133 236 249
f 234 237 134
f 237 238 134
f 237 240 238
f 235 239 237
f 239 240 237
f 240 292 238
f 250 293 240
f 239 250 240
f 218 241 242
f 218 242 219
f 219 244 224
f 219 242 244
f 241 245 242
f 241 243 245
f 224 244 264
f 224 264 258
f 242 246 244
f 242 245 246
f 243 248 245
f 245 266 246
f 133 249 247
f 236 304 249
f 243 247 248
f 245 248 266
f 247 267 248
f 247 249 267
f 229 233 220
f 229 251 233
f 251 235 233
f 251 252 235
f 252 239 235
f 232 251 229
f 253 252 251
f 275 254 252
f 232 253 251
f 253 275 252
f 252 254 239
f 254 250 239
f 254 255 250
f 255 295 250
f 276 255 254
f 275 276 254
f 222 259 257
f 256 257 262
f 225 260 259
f 225 258 260
f 257 259 263
f 259 260 381
f 256 262 261
f 257 263 262
f 261 262 380
f 259 381 263
f 244 246 265
f 244 265 264
f 246 269 265
f 258 264 271
f 258 271 260
f 264 265 272
f 264 272 271
f 248 268 266
f 246 266 269
f 248 267 268
f 249 305 267
f 267 306 268
f 266 268 270
f 266 270 269
f 268 310 270
f 265 269 273
f 265 273 272
f 260 271 384
f 271 272 385
f 269 274 273
f 269 270 274
f 272 273 386
f 270 519 274
f 281 253 232
f 286 275 253
f 287 276 275
f 277 316 255
f 276 277 255
f 288 277 276
f 289 317 277
f 260 384 381
f 278 230 227
f 278 279 230
f 279 231 230
f 279 280 231
f 282 279 278
f 282 283 279
f 283 280 279
f 280 281 232
f 284 281 280
f 283 284 280
f 284 285 281
f 392 283 282
f 393 284 283
f 281 286 253
f 286 287 275
f 287 288 276
f 288 289 277
f 285 286 281
f 290 287 286
f 396 288 287
f 285 290 286
f 290 396 287
f 397 289 288
f 396 397 288
f 398 335 289
f 439 199 198
f 440 200 199
f 441 201 200
f 442 202 201
f 443 203 202
f 238 292 291
f 292 294 291
f 292 296 294
f 240 293 292
f 293 296 292
f 236 291 304
f 291 294 307
f 291 307 304
f 250 295 293
f 295 299 293
f 293 299 296
f 295 300 299
f 296 297 294
f 296 298 297
f 294 297 312
f 299 298 296
f 300 301 299
f 299 301 298
f 300 309 301
f 255 316 295
f 316 300 295
f 298 302 297
f 298 303 302
f 301 303 298
f 301 322 303
f 303 324 302
f 249 304 305
f 267 305 306
f 304 308 305
f 268 306 310
f 305 311 306
f 304 307 308
f 305 308 311
f 294 312 307
f 307 313 308
f 307 312 313
f 306 311 314
f 306 314 310
f 270 310 519
f 310 314 521
f 308 315 311
f 308 313 315
f 311 520 314
f 311 315 520
f 316 318 300
f 317 318 316
f 277 317 316
f 317 320 318
f 318 309 300
f 318 319 309
f 320 319 318
f 335 320 317
f 336 321 320
f 320 321 319
f 297 302 328
f 297 328 312
f 309 322 301
f 309 323 322
f 303 325 324
f 325 337 324
f 302 324 331
f 322 325 303
f 323 326 322
f 322 326 325
f 323 327 326
f 326 338 325
f 327 339 326
f 312 329 313
f 312 328 329
f 313 330 315
f 313 329 330
f 315 330 526
f 302 331 328
f 328 527 329
f 329 528 330
f 328 331 527
f 329 527 528
f 324 554 331
f 319 323 309
f 319 332 323
f 332 327 323
f 321 332 319
f 321 333 332
f 540 333 321
f 332 334 327
f 333 334 332
f 334 340 327
f 532 345 334
f 333 532 334
f 289 335 317
f 335 336 320
f 336 540 321
f 325 338 337
f 338 341 337
f 326 339 338
f 324 337 554
f 338 342 341
f 337 341 557
f 327 340 339
f 339 342 338
f 339 343 342
f 340 343 339
f 340 344 343
f 342 346 341
f 342 347 346
f 343 347 342
f 343 348 347
f 344 348 343
f 344 566 348
f 334 345 340
f 345 344 340
f 345 564 344
f 347 567 346
f 348 568 347
f 171 172 359
f 172 176 360
f 176 349 361
f 177 379 351
f 349 350 362
f 350 351 363
f 351 379 403
f 165 353 352
f 166 354 353
f 167 355 354
f 168 356 355
f 16 367 413
f 169 170 357
f 170 171 358
f 169 357 356
f 170 358 357
f 171 359 358
f 352 353 368
f 353 354 369
f 354 355 370
f 352 368 367
f 353 369 368
f 355 356 371
f 354 370 369
f 356 357 372
f 357 358 373
f 358 359 374
f 16 413 479
f 172 360 359
f 176 361 360
f 349 362 361
f 359 360 375
f 350 363 362
f 351 403 363
f 366 392 282
f 355 371 370
f 356 372 371
f 357 373 372
f 358 374 373
f 367 368 414
f 16 479 983
f 368 369 415
f 369 370 416
f 370 371 417
f 367 414 413
f 368 415 414
f 369 416 415
f 370 417 416
f 371 372 418
f 372 373 419
f 373 374 420
f 371 418 417
f 372 419 418
f 359 375 374
f 360 361 376
f 360 376 375
f 361 377 376
f 361 362 377
f 362 363 378
f 362 378 377
f 363 403 407
f 363 407 378
f 374 375 421
f 375 376 422
f 376 377 423
f 261 380 379
f 262 382 380
f 262 263 382
f 263 381 383
f 263 383 382
f 379 380 404
f 380 382 405
f 382 383 406
f 273 274 387
f 271 385 384
f 272 386 385
f 381 384 388
f 384 385 389
f 273 387 386
f 274 523 387
f 381 388 383
f 384 389 388
f 385 390 389
f 383 388 409
f 385 386 390
f 386 387 391
f 386 391 390
f 387 533 391
f 388 389 410
f 389 390 411
f 390 391 412
f 379 404 403
f 380 405 404
f 392 393 283
f 394 285 284
f 393 394 284
f 394 395 285
f 397 398 289
f 395 290 285
f 399 396 290
f 400 397 396
f 395 399 290
f 399 400 396
f 401 398 397
f 402 541 398
f 400 401 397
f 401 402 398
f 403 404 408
f 382 406 405
f 404 405 425
f 403 408 407
f 404 425 408
f 405 406 426
f 405 426 425
f 383 409 406
f 388 410 409
f 389 411 410
f 390 412 411
f 406 409 431
f 406 431 426
f 409 410 432
f 409 432 431
f 391 550 412
f 410 411 433
f 411 412 434
f 373 420 419
f 374 421 420
f 375 422 421
f 376 423 422
f 377 378 424
f 378 407 427
f 377 424 423
f 378 427 424
f 407 408 428
f 407 428 427
f 408 429 428
f 408 425 429
f 425 426 430
f 425 430 429
f 410 433 432
f 411 434 433
f 412 599 434
f 426 431 435
f 431 432 436
f 426 435 430
f 431 436 435
f 432 437 436
f 432 433 437
f 433 434 438
f 433 438 437
f 434 606 438
f 441 442 201
f 442 443 202
f 439 440 199
f 440 441 200
f 444 204 203
f 445 205 204
f 443 444 203
f 444 445 204
f 445 446 205
f 451 440 439
f 452 441 440
f 453 442 441
f 454 443 442
f 451 452 440
f 452 453 441
f 453 454 442
f 455 444 443
f 456 445 444
f 457 446 445
f 446 209 205
f 447 364 209
f 446 447 209
f 448 365 364
f 447 448 364
f 449 366 365
f 450 392 366
f 448 449 365
f 449 450 366
f 450 464 392
f 458 447 446
f 459 448 447
f 16 983 995
f 454 455 443
f 455 456 444
f 456 457 445
f 457 458 446
f 458 459 447
f 460 449 448
f 459 460 448
f 461 450 449
f 462 464 450
f 460 461 449
f 461 462 450
f 462 468 464
f 463 452 451
f 491 453 452
f 463 491 452
f 492 454 453
f 493 455 454
f 491 492 453
f 492 493 454
f 493 494 455
f 494 456 455
f 495 457 456
f 496 458 457
f 494 495 456
f 495 496 457
f 496 497 458
f 497 459 458
f 498 460 459
f 497 498 459
f 499 461 460
f 500 462 461
f 501 468 462
f 464 393 392
f 465 394 393
f 464 465 393
f 466 395 394
f 465 466 394
f 466 467 395
f 467 399 395
f 467 472 399
f 472 400 399
f 473 401 400
f 474 402 401
f 468 465 464
f 468 469 465
f 469 466 465
f 470 467 466
f 469 470 466
f 470 471 467
f 472 473 400
f 473 474 401
f 475 543 402
f 474 475 402
f 471 472 467
f 476 473 472
f 471 476 472
f 477 474 473
f 476 477 473
f 478 475 474
f 502 619 475
f 477 478 474
f 478 502 475
f 511 469 468
f 413 414 480
f 414 415 481
f 415 416 482
f 416 417 483
f 413 480 479
f 414 481 480
f 415 482 481
f 416 483 482
f 417 418 484
f 418 419 485
f 419 420 486
f 417 484 483
f 418 485 484
f 419 486 485
f 16 995 1080
f 420 421 487
f 420 487 486
f 421 422 488
f 422 423 489
f 423 424 490
f 424 427 503
f 479 480 984
f 480 481 985
f 481 482 986
f 482 483 987
f 16 1080 1092
f 479 984 983
f 480 985 984
f 481 986 985
f 482 987 986
f 483 484 988
f 484 485 989
f 485 486 990
f 483 988 987
f 484 989 988
f 485 990 989
f 421 488 487
f 422 489 488
f 423 490 489
f 424 503 490
f 486 487 991
f 487 488 992
f 486 991 990
f 487 992 991
f 488 489 993
f 489 490 994
f 490 503 1007
f 658 491 463
f 659 492 491
f 660 493 492
f 661 494 493
f 662 495 494
f 663 496 495
f 664 497 496
f 658 659 491
f 659 660 492
f 660 661 493
f 661 662 494
f 662 663 495
f 663 664 496
f 664 665 497
f 498 499 460
f 499 500 461
f 500 501 462
f 501 511 468
f 665 498 497
f 674 499 498
f 675 500 499
f 665 674 498
f 674 675 499
f 676 501 500
f 677 511 501
f 675 676 500
f 676 677 501
f 677 681 511
f 427 428 504
f 427 504 503
f 428 505 504
f 428 429 505
f 429 430 506
f 429 506 505
f 503 504 1008
f 504 505 1009
f 430 435 507
f 435 436 508
f 430 507 506
f 436 437 509
f 437 438 510
f 435 508 507
f 436 509 508
f 437 510 509
f 438 1023 510
f 511 512 469
f 512 470 469
f 513 471 470
f 512 513 470
f 513 514 471
f 681 512 511
f 682 513 512
f 681 682 512
f 683 514 513
f 514 476 471
f 515 477 476
f 516 478 477
f 514 515 476
f 515 516 477
f 517 502 478
f 518 630 502
f 516 517 478
f 517 518 502
f 684 515 514
f 685 516 515
f 686 517 516
f 687 518 517
f 682 683 513
f 683 684 514
f 684 685 515
f 685 686 516
f 688 638 518
f 686 687 517
f 687 688 518
f 274 519 523
f 310 521 519
f 519 521 524
f 314 522 521
f 314 520 522
f 521 522 525
f 519 524 523
f 387 523 533
f 523 524 534
f 521 525 524
f 315 526 520
f 520 530 522
f 520 526 530
f 330 529 526
f 330 528 529
f 331 555 527
f 527 556 528
f 528 559 529
f 526 529 531
f 522 530 536
f 526 531 530
f 529 560 531
f 530 531 537
f 522 536 525
f 530 537 536
f 523 534 533
f 391 533 550
f 533 534 551
f 524 525 535
f 524 535 534
f 534 535 598
f 525 536 538
f 525 538 535
f 531 581 537
f 536 537 539
f 536 539 538
f 535 538 602
f 537 582 539
f 398 541 335
f 541 336 335
f 541 542 336
f 542 540 336
f 542 544 540
f 543 542 541
f 402 543 541
f 543 545 542
f 545 544 542
f 545 552 544
f 540 546 333
f 544 546 540
f 546 532 333
f 546 547 532
f 547 563 532
f 548 547 546
f 544 548 546
f 548 549 547
f 549 590 547
f 552 548 544
f 553 549 548
f 533 551 550
f 534 598 551
f 535 602 598
f 538 539 603
f 552 553 548
f 622 592 549
f 553 622 549
f 331 554 555
f 527 555 556
f 337 557 554
f 528 556 559
f 554 558 555
f 555 561 556
f 554 557 558
f 555 558 561
f 341 571 557
f 341 346 571
f 556 562 559
f 556 561 562
f 529 559 560
f 559 580 560
f 559 562 580
f 557 572 558
f 557 571 572
f 558 573 561
f 558 572 573
f 561 584 562
f 561 573 584
f 532 563 345
f 563 564 345
f 563 565 564
f 564 566 344
f 564 576 566
f 565 576 564
f 565 577 576
f 347 568 567
f 346 574 571
f 346 567 574
f 566 569 348
f 348 569 568
f 566 570 569
f 568 698 567
f 569 699 568
f 570 700 569
f 568 699 698
f 569 700 699
f 570 704 700
f 571 575 572
f 572 586 573
f 571 574 575
f 572 575 586
f 567 712 574
f 567 698 712
f 576 570 566
f 576 578 570
f 577 578 576
f 578 704 570
f 577 579 578
f 578 705 704
f 579 705 578
f 579 706 705
f 531 560 581
f 560 580 583
f 562 584 585
f 562 585 580
f 560 583 581
f 580 585 589
f 537 581 582
f 581 583 607
f 581 607 582
f 580 589 583
f 583 608 607
f 583 589 608
f 573 587 584
f 573 586 587
f 584 588 585
f 584 587 588
f 574 713 575
f 575 714 586
f 574 712 713
f 575 713 714
f 586 717 587
f 586 714 717
f 587 718 588
f 587 717 718
f 585 609 589
f 585 588 609
f 588 762 609
f 588 718 762
f 547 590 563
f 590 565 563
f 590 591 565
f 592 591 590
f 549 592 590
f 592 594 591
f 591 577 565
f 591 593 577
f 594 593 591
f 593 579 577
f 593 595 579
f 595 706 579
f 622 625 592
f 625 594 592
f 625 626 594
f 594 596 593
f 626 596 594
f 626 628 596
f 596 595 593
f 595 737 706
f 597 737 595
f 596 597 595
f 628 597 596
f 597 740 737
f 628 629 597
f 629 740 597
f 629 842 740
f 412 550 599
f 550 551 600
f 550 600 599
f 551 598 601
f 551 601 600
f 434 599 606
f 599 600 634
f 600 601 635
f 598 602 604
f 538 603 602
f 539 611 603
f 602 603 605
f 598 604 601
f 602 605 604
f 601 604 636
f 603 615 605
f 599 634 606
f 600 635 634
f 601 636 635
f 604 605 637
f 604 637 636
f 605 647 637
f 589 610 608
f 589 609 610
f 609 779 610
f 609 762 779
f 539 582 611
f 582 607 612
f 582 612 611
f 607 608 613
f 607 613 612
f 603 611 615
f 611 612 616
f 612 613 617
f 611 616 615
f 608 614 613
f 608 610 614
f 610 779 784
f 610 784 614
f 605 615 647
f 615 616 648
f 615 648 647
f 612 617 616
f 616 617 649
f 613 614 618
f 613 618 617
f 614 784 786
f 614 786 618
f 617 618 1040
f 618 786 1350
f 619 545 543
f 475 619 543
f 619 620 545
f 620 552 545
f 620 621 552
f 630 620 619
f 502 630 619
f 630 631 620
f 631 621 620
f 621 553 552
f 623 622 553
f 621 623 553
f 624 625 622
f 623 624 622
f 632 623 621
f 633 624 623
f 627 626 625
f 624 627 625
f 627 644 626
f 644 628 626
f 644 645 628
f 645 629 628
f 631 632 621
f 632 633 623
f 641 627 624
f 633 641 624
f 438 606 1023
f 606 634 1024
f 606 1024 1023
f 634 635 1025
f 634 1025 1024
f 635 636 1026
f 635 1026 1025
f 636 637 1027
f 636 1027 1026
f 638 631 630
f 639 632 631
f 518 638 630
f 638 639 631
f 639 640 632
f 640 633 632
f 640 642 633
f 642 641 633
f 643 650 641
f 642 643 641
f 689 639 638
f 688 689 638
f 689 690 639
f 690 640 639
f 690 691 640
f 691 642 640
f 691 692 642
f 692 643 642
f 693 654 643
f 650 644 627
f 641 650 627
f 650 651 644
f 651 645 644
f 651 652 645
f 645 646 629
f 646 842 629
f 646 844 842
f 652 646 645
f 653 844 646
f 652 653 646
f 653 852 844
f 637 647 1038
f 647 648 1039
f 616 649 648
f 617 1040 649
f 618 1350 1040
f 654 651 650
f 643 654 650
f 654 655 651
f 655 652 651
f 655 656 652
f 656 653 652
f 657 852 653
f 694 655 654
f 695 656 655
f 656 657 653
f 696 657 656
f 657 854 852
f 697 854 657
f 666 659 658
f 667 660 659
f 668 661 660
f 669 662 661
f 666 667 659
f 667 668 660
f 670 663 662
f 671 664 663
f 672 665 664
f 668 669 661
f 669 670 662
f 670 671 663
f 671 672 664
f 672 673 665
f 673 674 665
f 678 675 674
f 679 676 675
f 680 677 676
f 1051 681 677
f 673 678 674
f 678 679 675
f 679 680 676
f 680 1051 677
f 1051 1064 681
f 1064 682 681
f 1065 683 682
f 1064 1065 682
f 1066 684 683
f 1065 1066 683
f 1066 1067 684
f 1067 685 684
f 1068 686 685
f 1069 687 686
f 1070 688 687
f 1071 689 688
f 1067 1068 685
f 1068 1069 686
f 1069 1070 687
f 1070 1071 688
f 1180 690 689
f 1181 691 690
f 1071 1180 689
f 1180 1181 690
f 1181 1182 691
f 692 693 643
f 1182 692 691
f 1183 693 692
f 1184 694 693
f 1182 1183 692
f 1183 1184 693
f 693 694 654
f 694 695 655
f 695 696 656
f 1190 695 694
f 1191 696 695
f 696 697 657
f 697 973 854
f 1194 697 696
f 1195 973 697
f 699 701 698
f 700 702 699
f 698 715 712
f 698 701 715
f 704 703 700
f 699 702 701
f 700 703 702
f 704 707 703
f 702 709 701
f 703 710 702
f 707 711 703
f 702 710 709
f 703 711 710
f 705 707 704
f 705 708 707
f 706 708 705
f 708 731 707
f 707 731 711
f 710 721 709
f 711 722 710
f 712 716 713
f 713 719 714
f 712 715 716
f 713 716 719
f 701 709 727
f 701 727 715
f 714 719 720
f 714 720 717
f 717 763 718
f 717 720 763
f 715 728 716
f 716 729 719
f 715 727 728
f 716 728 729
f 719 729 765
f 719 765 720
f 706 738 708
f 708 732 731
f 738 732 708
f 738 742 732
f 709 721 730
f 731 723 711
f 710 722 721
f 711 723 722
f 722 724 721
f 723 725 722
f 722 725 724
f 733 726 723
f 723 726 725
f 725 749 724
f 725 750 749
f 726 750 725
f 726 751 750
f 709 730 727
f 727 766 728
f 728 767 729
f 727 730 766
f 728 766 767
f 721 768 730
f 724 794 768
f 721 724 768
f 724 749 794
f 732 733 731
f 731 733 723
f 732 735 733
f 742 735 732
f 742 744 735
f 733 734 726
f 735 734 733
f 735 736 734
f 734 751 726
f 734 754 751
f 736 754 734
f 744 736 735
f 736 755 754
f 745 755 736
f 737 738 706
f 737 739 738
f 740 739 737
f 739 742 738
f 739 743 742
f 741 743 739
f 740 741 739
f 842 741 740
f 741 748 743
f 843 748 741
f 743 744 742
f 743 746 744
f 744 745 736
f 746 745 744
f 745 761 755
f 747 761 745
f 746 747 745
f 747 825 761
f 748 746 743
f 748 782 746
f 782 747 746
f 750 752 749
f 751 753 750
f 750 753 752
f 751 756 753
f 749 752 798
f 753 759 752
f 756 760 753
f 753 760 759
f 756 808 760
f 754 756 751
f 755 757 754
f 754 757 756
f 761 758 755
f 755 758 757
f 757 808 756
f 757 809 808
f 758 809 757
f 761 826 758
f 825 826 761
f 720 773 763
f 720 765 773
f 718 764 762
f 718 763 764
f 762 764 780
f 763 774 764
f 763 773 774
f 762 780 779
f 764 781 780
f 764 774 781
f 729 771 765
f 729 767 771
f 765 775 773
f 765 771 775
f 730 769 766
f 730 768 769
f 766 770 767
f 766 769 770
f 768 795 769
f 768 794 795
f 769 796 770
f 769 795 796
f 767 772 771
f 767 770 772
f 771 772 776
f 770 796 797
f 770 797 772
f 772 797 802
f 773 777 774
f 773 775 777
f 774 777 789
f 771 776 775
f 775 776 778
f 772 802 776
f 775 778 777
f 776 802 814
f 776 814 778
f 777 778 790
f 778 814 835
f 779 780 785
f 779 785 784
f 774 789 781
f 846 782 748
f 782 783 747
f 783 825 747
f 783 827 825
f 847 783 782
f 848 827 783
f 780 781 788
f 780 788 785
f 784 787 786
f 784 785 787
f 785 788 792
f 786 787 1351
f 785 792 787
f 781 789 791
f 781 791 788
f 777 790 789
f 778 835 790
f 789 790 793
f 789 793 791
f 790 835 837
f 790 837 793
f 788 791 1345
f 788 1345 792
f 791 793 1346
f 793 837 1347
f 791 1346 1345
f 793 1347 1346
f 749 798 794
f 794 799 795
f 795 800 796
f 794 798 799
f 752 759 805
f 752 805 798
f 795 799 800
f 796 801 797
f 796 800 801
f 798 806 799
f 798 805 806
f 799 807 800
f 800 817 801
f 799 806 807
f 800 807 817
f 826 810 758
f 758 810 809
f 797 815 802
f 797 801 815
f 760 803 759
f 808 804 760
f 760 804 803
f 759 803 818
f 804 876 803
f 759 818 805
f 805 819 806
f 803 876 888
f 803 888 818
f 809 811 808
f 808 811 804
f 809 812 811
f 810 812 809
f 810 813 812
f 811 877 804
f 804 877 876
f 811 878 877
f 812 878 811
f 812 882 878
f 813 882 812
f 813 910 882
f 802 815 816
f 802 816 814
f 814 816 836
f 801 821 815
f 801 817 821
f 815 823 816
f 815 821 823
f 806 820 807
f 805 818 819
f 806 819 820
f 807 822 817
f 807 820 822
f 818 889 819
f 818 888 889
f 819 889 892
f 819 892 820
f 820 892 896
f 817 822 824
f 817 824 821
f 820 896 822
f 821 824 840
f 821 840 823
f 822 898 824
f 822 896 898
f 824 898 918
f 824 918 840
f 825 828 826
f 826 830 810
f 828 830 826
f 828 832 830
f 827 828 825
f 827 829 828
f 829 832 828
f 829 833 832
f 830 813 810
f 830 831 813
f 832 831 830
f 832 834 831
f 831 910 813
f 831 912 910
f 834 912 831
f 833 834 832
f 833 867 834
f 834 916 912
f 867 916 834
f 867 943 916
f 814 836 835
f 835 838 837
f 835 836 838
f 816 839 836
f 816 823 839
f 836 1348 838
f 836 839 1348
f 837 838 1365
f 823 840 841
f 823 841 839
f 840 1391 841
f 840 918 1391
f 842 843 741
f 844 843 842
f 843 846 748
f 845 846 843
f 844 845 843
f 845 849 846
f 852 845 844
f 853 849 845
f 846 847 782
f 849 847 846
f 847 848 783
f 848 862 827
f 850 848 847
f 851 862 848
f 849 850 847
f 856 850 849
f 850 851 848
f 851 864 862
f 857 851 850
f 858 864 851
f 786 1351 1350
f 787 792 1354
f 852 853 845
f 853 856 849
f 856 857 850
f 854 853 852
f 855 856 853
f 854 855 853
f 855 859 856
f 859 857 856
f 857 858 851
f 858 870 864
f 859 860 857
f 860 858 857
f 861 870 858
f 860 861 858
f 861 872 870
f 862 829 827
f 862 863 829
f 863 833 829
f 863 866 833
f 864 863 862
f 864 865 863
f 865 866 863
f 865 869 866
f 866 867 833
f 866 868 867
f 868 943 867
f 869 868 866
f 868 946 943
f 869 873 868
f 873 946 868
f 873 953 946
f 870 865 864
f 870 871 865
f 871 869 865
f 871 874 869
f 872 871 870
f 977 874 871
f 872 977 871
f 977 978 874
f 874 873 869
f 874 875 873
f 875 953 873
f 875 956 953
f 978 875 874
f 978 979 875
f 979 956 875
f 876 879 890
f 877 879 876
f 877 880 879
f 878 880 877
f 878 881 880
f 882 881 878
f 882 883 881
f 880 884 879
f 881 885 880
f 883 886 881
f 910 883 882
f 910 911 883
f 911 887 883
f 880 885 884
f 881 886 885
f 885 902 884
f 886 903 885
f 883 887 886
f 911 914 887
f 887 904 886
f 914 905 887
f 876 890 888
f 879 894 890
f 888 891 889
f 888 890 891
f 889 893 892
f 889 891 893
f 879 884 894
f 892 893 897
f 890 895 891
f 891 900 893
f 890 894 895
f 891 895 900
f 884 1382 894
f 894 1383 895
f 895 1384 900
f 892 897 896
f 896 897 899
f 896 899 898
f 893 901 897
f 898 899 919
f 898 919 918
f 897 1381 899
f 893 900 901
f 897 901 1381
f 900 1385 901
f 894 1382 1383
f 895 1383 1384
f 885 903 902
f 886 904 903
f 884 902 1382
f 887 905 904
f 903 906 902
f 904 907 903
f 903 907 906
f 905 908 904
f 904 908 907
f 905 909 908
f 902 906 1387
f 902 1387 1382
f 912 911 910
f 912 913 911
f 913 914 911
f 916 913 912
f 917 915 913
f 913 915 914
f 916 917 913
f 943 917 916
f 943 944 917
f 944 920 917
f 917 920 915
f 915 921 914
f 899 1393 919
f 920 922 915
f 944 945 920
f 945 924 920
f 914 921 905
f 915 922 921
f 921 909 905
f 921 923 909
f 922 923 921
f 922 925 923
f 920 924 922
f 924 925 922
f 924 926 925
f 949 926 924
f 907 927 906
f 907 928 927
f 928 931 927
f 906 927 1404
f 908 928 907
f 908 929 928
f 909 929 908
f 909 933 929
f 929 932 928
f 933 930 929
f 928 932 931
f 929 930 932
f 933 935 930
f 932 1412 931
f 930 1413 932
f 932 1413 1412
f 935 1414 930
f 930 1414 1413
f 923 933 909
f 923 934 933
f 934 935 933
f 925 934 923
f 925 937 934
f 937 936 934
f 934 936 935
f 935 1428 1414
f 936 1428 935
f 937 939 936
f 936 941 1428
f 939 941 936
f 926 937 925
f 938 939 937
f 926 938 937
f 939 942 941
f 938 940 939
f 940 942 939
f 940 967 942
f 946 944 943
f 946 947 944
f 947 945 944
f 947 948 945
f 948 949 945
f 953 947 946
f 954 948 947
f 953 954 947
f 954 955 948
f 955 951 948
f 945 949 924
f 949 950 926
f 951 950 949
f 948 951 949
f 951 952 950
f 959 952 951
f 956 954 953
f 957 955 954
f 956 957 954
f 957 958 955
f 958 959 955
f 980 957 956
f 981 958 957
f 982 961 958
f 955 959 951
f 959 960 952
f 961 960 959
f 958 961 959
f 961 962 960
f 950 938 926
f 950 963 938
f 963 940 938
f 952 963 950
f 963 964 940
f 964 967 940
f 964 968 967
f 952 965 963
f 965 964 963
f 960 965 952
f 965 966 964
f 966 968 964
f 966 969 968
f 960 970 965
f 970 966 965
f 970 971 966
f 971 969 966
f 971 1472 969
f 962 970 960
f 962 972 970
f 972 971 970
f 1471 1472 971
f 972 1471 971
f 973 855 854
f 973 974 855
f 974 859 855
f 974 975 859
f 975 860 859
f 975 976 860
f 976 861 860
f 1484 872 861
f 976 1484 861
f 1484 1493 872
f 1493 977 872
f 1493 1494 977
f 1494 978 977
f 1494 1495 978
f 1495 979 978
f 979 980 956
f 1496 980 979
f 980 981 957
f 1551 981 980
f 981 982 958
f 982 1553 961
f 1553 962 961
f 488 993 992
f 489 994 993
f 490 1007 994
f 983 984 996
f 984 985 997
f 985 986 998
f 986 987 999
f 16 1092 1237
f 987 988 1000
f 983 996 995
f 984 997 996
f 985 998 997
f 986 999 998
f 988 989 1001
f 989 990 1002
f 987 1000 999
f 988 1001 1000
f 989 1002 1001
f 16 1237 1257
f 990 991 1003
f 991 992 1004
f 990 1003 1002
f 991 1004 1003
f 992 993 1005
f 993 994 1006
f 994 1007 1015
f 995 996 1081
f 996 997 1082
f 997 998 1083
f 998 999 1084
f 995 1081 1080
f 996 1082 1081
f 997 1083 1082
f 998 1084 1083
f 999 1000 1085
f 1000 1001 1086
f 1001 1002 1087
f 999 1085 1084
f 1000 1086 1085
f 1001 1087 1086
f 992 1005 1004
f 993 1006 1005
f 994 1015 1006
f 1002 1003 1088
f 1003 1004 1089
f 1002 1088 1087
f 1003 1089 1088
f 1004 1005 1090
f 1005 1006 1091
f 1006 1015 1104
f 503 1008 1007
f 504 1009 1008
f 505 506 1010
f 505 1010 1009
f 506 507 1011
f 507 508 1012
f 506 1011 1010
f 507 1012 1011
f 508 1013 1012
f 508 509 1013
f 509 510 1014
f 509 1014 1013
f 510 1028 1014
f 1007 1008 1016
f 1008 1009 1017
f 1009 1010 1018
f 1010 1011 1019
f 1011 1012 1020
f 1007 1016 1015
f 1008 1017 1016
f 1009 1018 1017
f 1015 1016 1105
f 1016 1017 1106
f 1017 1018 1107
f 1010 1019 1018
f 1011 1020 1019
f 1012 1021 1020
f 1012 1013 1021
f 1013 1014 1022
f 1013 1022 1021
f 1014 1033 1022
f 1018 1019 1108
f 1019 1020 1109
f 1020 1021 1110
f 1021 1022 1111
f 1004 1090 1089
f 1005 1091 1090
f 1006 1104 1091
f 1015 1105 1104
f 1016 1106 1105
f 1017 1107 1106
f 1018 1108 1107
f 1019 1109 1108
f 1020 1110 1109
f 1021 1111 1110
f 510 1023 1028
f 1023 1024 1029
f 1024 1025 1030
f 1023 1029 1028
f 1024 1030 1029
f 637 1038 1027
f 1025 1026 1031
f 1026 1027 1032
f 1025 1031 1030
f 1026 1032 1031
f 1027 1043 1032
f 1014 1028 1033
f 1028 1029 1034
f 1028 1034 1033
f 1029 1030 1035
f 1029 1035 1034
f 1022 1033 1198
f 1030 1031 1036
f 1030 1036 1035
f 1031 1032 1037
f 1031 1037 1036
f 1032 1045 1037
f 647 1039 1038
f 648 649 1041
f 648 1041 1039
f 1027 1038 1043
f 1038 1039 1044
f 1039 1041 1047
f 649 1040 1042
f 1040 1350 1352
f 649 1042 1041
f 1040 1352 1042
f 1041 1042 1048
f 1042 1352 1360
f 1038 1044 1043
f 1039 1047 1044
f 1032 1043 1045
f 1043 1044 1046
f 1044 1047 1049
f 1043 1046 1045
f 1044 1049 1046
f 1041 1048 1047
f 1047 1048 1050
f 1042 1360 1048
f 1047 1050 1049
f 1048 1360 1380
f 1048 1380 1050
f 1033 1034 1199
f 1034 1035 1200
f 1035 1036 1201
f 1036 1037 1202
f 1037 1045 1208
f 1052 667 666
f 1053 668 667
f 1054 669 668
f 1055 670 669
f 1056 671 670
f 1057 672 671
f 1058 673 672
f 1059 678 673
f 1060 679 678
f 1061 680 679
f 1062 1051 680
f 1063 1064 1051
f 16 1257 1277
f 1052 1053 667
f 1053 1054 668
f 1054 1055 669
f 1055 1056 670
f 1056 1057 671
f 1057 1058 672
f 1058 1059 673
f 1120 1053 1052
f 1121 1054 1053
f 1059 1060 678
f 1060 1061 679
f 1061 1062 680
f 1062 1063 1051
f 1063 1072 1064
f 1122 1055 1054
f 1123 1056 1055
f 1120 1121 1053
f 1121 1122 1054
f 1122 1123 1055
f 1123 1124 1056
f 1124 1057 1056
f 1125 1058 1057
f 1126 1059 1058
f 1124 1125 1057
f 1125 1126 1058
f 1126 1127 1059
f 16 3634 451
f 1127 1060 1059
f 1128 1061 1060
f 1129 1062 1061
f 1127 1128 1060
f 1128 1129 1061
f 1130 1063 1062
f 1131 1072 1063
f 1129 1130 1062
f 1130 1131 1063
f 1131 1132 1072
f 1072 1065 1064
f 1073 1066 1065
f 1074 1067 1066
f 1075 1068 1067
f 1076 1069 1068
f 1077 1070 1069
f 1078 1071 1070
f 1072 1073 1065
f 1073 1074 1066
f 1074 1075 1067
f 1079 1180 1071
f 1075 1076 1068
f 1076 1077 1069
f 1077 1078 1070
f 1078 1079 1071
f 1132 1073 1072
f 1133 1074 1073
f 1132 1133 1073
f 1134 1075 1074
f 1133 1134 1074
f 1134 1135 1075
f 1135 1076 1075
f 1136 1077 1076
f 1137 1078 1077
f 1135 1136 1076
f 1136 1137 1077
f 1138 1079 1078
f 1139 1185 1079
f 1137 1138 1078
f 1138 1139 1079
f 1080 1081 1093
f 1081 1082 1094
f 1082 1083 1095
f 1083 1084 1096
f 1080 1093 1092
f 1081 1094 1093
f 1082 1095 1094
f 1083 1096 1095
f 1084 1085 1097
f 1085 1086 1098
f 1086 1087 1099
f 1084 1097 1096
f 1085 1098 1097
f 1086 1099 1098
f 16 1277 1289
f 1087 1088 1100
f 1088 1089 1101
f 1089 1090 1102
f 1090 1091 1103
f 1091 1104 1112
f 1092 1093 1238
f 1093 1094 1239
f 1094 1095 1240
f 1095 1096 1241
f 1096 1097 1242
f 1097 1098 1243
f 1098 1099 1244
f 1087 1100 1099
f 1088 1101 1100
f 1089 1102 1101
f 1090 1103 1102
f 1091 1112 1103
f 1099 1100 1245
f 1100 1101 1246
f 1101 1102 1247
f 1102 1103 1248
f 1103 1112 1249
f 16 1289 3404
f 1092 1238 1237
f 1093 1239 1238
f 1104 1105 1113
f 1105 1106 1114
f 1106 1107 1115
f 1022 1198 1111
f 1107 1108 1116
f 1108 1109 1117
f 1109 1110 1118
f 1110 1111 1119
f 1104 1113 1112
f 1105 1114 1113
f 1106 1115 1114
f 1112 1113 1251
f 1107 1116 1115
f 1108 1117 1116
f 1109 1118 1117
f 1110 1119 1118
f 1111 1203 1119
f 1113 1114 1250
f 1114 1115 1252
f 1115 1116 1253
f 1116 1117 1254
f 1117 1118 1255
f 1118 1119 1256
f 1140 1121 1120
f 1141 1122 1121
f 1142 1123 1122
f 1143 1124 1123
f 1144 1125 1124
f 1145 1126 1125
f 1146 1127 1126
f 1147 1128 1127
f 1171 1216 1139
f 1140 1141 1121
f 1141 1142 1122
f 1142 1143 1123
f 1143 1144 1124
f 1144 1145 1125
f 1145 1146 1126
f 1146 1147 1127
f 1148 1129 1128
f 1149 1130 1129
f 1150 1131 1130
f 1151 1132 1131
f 1147 1148 1128
f 1148 1149 1129
f 1149 1150 1130
f 1150 1151 1131
f 1151 1164 1132
f 16 3404 3435
f 1152 1141 1140
f 1153 1142 1141
f 1154 1143 1142
f 1155 1144 1143
f 1156 1145 1144
f 1157 1146 1145
f 1158 1147 1146
f 1159 1148 1147
f 1160 1149 1148
f 1161 1150 1149
f 1162 1151 1150
f 1163 1164 1151
f 1152 1153 1141
f 1153 1154 1142
f 1154 1155 1143
f 1155 1156 1144
f 1156 1157 1145
f 1157 1158 1146
f 1158 1159 1147
f 451 3786 463
f 1684 1153 1152
f 1685 1154 1153
f 1686 1155 1154
f 1687 1156 1155
f 1688 1157 1156
f 1689 1158 1157
f 1690 1159 1158
f 1159 1160 1148
f 1160 1161 1149
f 1161 1162 1150
f 1162 1163 1151
f 1163 1172 1164
f 1691 1160 1159
f 1692 1161 1160
f 1693 1162 1161
f 1164 1133 1132
f 1165 1134 1133
f 1166 1135 1134
f 1164 1165 1133
f 1165 1166 1134
f 1166 1167 1135
f 1167 1136 1135
f 1168 1137 1136
f 1169 1138 1137
f 1170 1139 1138
f 1167 1168 1136
f 1168 1169 1137
f 1169 1170 1138
f 1170 1171 1139
f 1172 1165 1164
f 1173 1166 1165
f 1174 1167 1166
f 1175 1168 1167
f 1176 1169 1168
f 1177 1170 1169
f 1178 1171 1170
f 1179 1225 1171
f 1172 1173 1165
f 1173 1174 1166
f 1174 1175 1167
f 1175 1176 1168
f 1176 1177 1169
f 1177 1178 1170
f 1178 1179 1171
f 1185 1181 1180
f 1186 1182 1181
f 1079 1185 1180
f 1185 1186 1181
f 1186 1187 1182
f 1187 1183 1182
f 1188 1184 1183
f 1189 1190 1184
f 1187 1188 1183
f 1188 1189 1184
f 1216 1186 1185
f 1217 1187 1186
f 1218 1188 1187
f 1219 1189 1188
f 1220 1192 1189
f 1184 1190 694
f 1190 1191 695
f 1191 1194 696
f 1194 1195 697
f 1195 1485 973
f 1192 1191 1190
f 1193 1194 1191
f 1189 1192 1190
f 1192 1193 1191
f 1193 1196 1194
f 1196 1195 1194
f 1197 1485 1195
f 1196 1197 1195
f 1197 1487 1485
f 1221 1193 1192
f 1033 1199 1198
f 1034 1200 1199
f 1111 1198 1203
f 1198 1199 1204
f 1199 1200 1205
f 1035 1201 1200
f 1036 1202 1201
f 1037 1208 1202
f 1200 1201 1206
f 1201 1202 1207
f 1198 1204 1203
f 1199 1205 1204
f 1200 1206 1205
f 1201 1207 1206
f 1202 1212 1207
f 1119 1203 1317
f 1203 1204 1318
f 1204 1205 1319
f 1205 1206 1320
f 1206 1207 1321
f 1045 1046 1209
f 1045 1209 1208
f 1046 1049 1210
f 1046 1210 1209
f 1202 1208 1212
f 1208 1209 1213
f 1209 1210 1214
f 1049 1050 1211
f 1049 1211 1210
f 1050 1380 1502
f 1050 1502 1211
f 1210 1211 1215
f 1211 1502 1510
f 1208 1213 1212
f 1209 1214 1213
f 1210 1215 1214
f 1207 1212 1322
f 1212 1213 1323
f 1213 1214 1324
f 1211 1510 1215
f 1214 1215 1325
f 1215 1510 1633
f 1139 1216 1185
f 1216 1217 1186
f 1217 1218 1187
f 1225 1217 1216
f 1226 1218 1217
f 1218 1219 1188
f 1219 1220 1189
f 1227 1219 1218
f 1228 1220 1219
f 1229 1221 1220
f 1220 1221 1192
f 1221 1222 1193
f 1222 1196 1193
f 1222 1223 1196
f 1233 1222 1221
f 1234 1223 1222
f 1223 1197 1196
f 1223 1224 1197
f 1224 1487 1197
f 1224 1530 1487
f 1235 1224 1223
f 1236 1530 1224
f 1234 1235 1223
f 1235 1236 1224
f 1236 1548 1530
f 1171 1225 1216
f 1225 1226 1217
f 1226 1227 1218
f 1227 1228 1219
f 1228 1229 1220
f 1230 1226 1225
f 1231 1227 1226
f 1230 1231 1226
f 1231 1232 1227
f 1232 1228 1227
f 1673 1229 1228
f 1232 1673 1228
f 1671 1233 1229
f 1673 1671 1229
f 1179 1230 1225
f 1229 1233 1221
f 1233 1234 1222
f 1676 1234 1233
f 1677 1235 1234
f 1671 1676 1233
f 1676 1677 1234
f 1677 1678 1235
f 1678 1236 1235
f 1679 1548 1236
f 1678 1679 1236
f 1094 1240 1239
f 1095 1241 1240
f 1096 1242 1241
f 1097 1243 1242
f 1098 1244 1243
f 1237 1238 1258
f 1238 1239 1259
f 1239 1240 1260
f 1240 1241 1261
f 1241 1242 1262
f 1242 1243 1263
f 1243 1244 1264
f 1099 1245 1244
f 1100 1246 1245
f 1101 1247 1246
f 1102 1248 1247
f 1103 1249 1248
f 1244 1245 1265
f 1245 1246 1266
f 1246 1247 1267
f 1247 1248 1268
f 1248 1249 1269
f 1237 1258 1257
f 1238 1259 1258
f 1239 1260 1259
f 1240 1261 1260
f 1241 1262 1261
f 1242 1263 1262
f 1243 1264 1263
f 1244 1265 1264
f 1245 1266 1265
f 1246 1267 1266
f 1247 1268 1267
f 1248 1269 1268
f 1112 1251 1249
f 1113 1250 1251
f 1114 1252 1250
f 1249 1251 1270
f 1251 1250 1271
f 1250 1252 1272
f 1115 1253 1252
f 1116 1254 1253
f 1117 1255 1254
f 1118 1256 1255
f 1119 1317 1256
f 1252 1253 1276
f 1253 1254 1273
f 1254 1255 1274
f 1255 1256 1275
f 1249 1270 1269
f 1251 1271 1270
f 1250 1272 1271
f 16 3435 3444
f 1257 1258 1278
f 1258 1259 1279
f 1259 1260 1280
f 1260 1261 1281
f 1261 1262 1282
f 1262 1263 1283
f 1263 1264 1284
f 1264 1265 1285
f 1265 1266 1286
f 1266 1267 1287
f 1267 1268 1288
f 1268 1269 1301
f 16 3444 3503
f 1269 1270 1302
f 1270 1271 1303
f 1271 1272 1304
f 1252 1276 1272
f 1253 1273 1276
f 1254 1274 1273
f 1255 1275 1274
f 1256 1326 1275
f 1272 1276 1306
f 1276 1273 1307
f 1273 1274 1308
f 1274 1275 1305
f 1257 1278 1277
f 1258 1279 1278
f 1259 1280 1279
f 1260 1281 1280
f 1261 1282 1281
f 1262 1283 1282
f 1263 1284 1283
f 1264 1285 1284
f 1265 1286 1285
f 1266 1287 1286
f 1267 1288 1287
f 1268 1301 1288
f 16 3503 3596
f 1277 1278 1290
f 1278 1279 1291
f 1279 1280 1292
f 1280 1281 1293
f 1277 1290 1289
f 1278 1291 1290
f 1279 1292 1291
f 1280 1293 1292
f 1281 1282 1294
f 1282 1283 1295
f 1283 1284 1296
f 1281 1294 1293
f 1282 1295 1294
f 1283 1296 1295
f 1284 1285 1297
f 1285 1286 1298
f 1284 1297 1296
f 1285 1298 1297
f 1286 1299 1298
f 1286 1287 1299
f 1287 1288 1300
f 1288 1301 1309
f 1287 1300 1299
f 1288 1309 1300
f 1269 1302 1301
f 1270 1303 1302
f 1271 1304 1303
f 1272 1306 1304
f 1276 1307 1306
f 1273 1308 1307
f 1274 1305 1308
f 1275 1336 1305
f 1301 1302 1310
f 1302 1303 1311
f 1303 1304 1312
f 1304 1306 1313
f 1306 1307 1314
f 1307 1308 1315
f 1308 1305 1316
f 1301 1310 1309
f 1302 1311 1310
f 1303 1312 1311
f 1306 1314 1313
f 1307 1315 1314
f 1304 1313 1312
f 1308 1316 1315
f 1305 1341 1316
f 1203 1318 1317
f 1204 1319 1318
f 1256 1317 1326
f 1317 1318 1327
f 1318 1319 1328
f 1205 1320 1319
f 1206 1321 1320
f 1207 1322 1321
f 1319 1320 1329
f 1212 1323 1322
f 1213 1324 1323
f 1214 1325 1324
f 1215 1633 1325
f 1320 1321 1330
f 1320 1330 1329
f 1321 1331 1330
f 1317 1327 1326
f 1318 1328 1327
f 1275 1326 1336
f 1326 1327 1337
f 1327 1328 1338
f 1319 1329 1328
f 1328 1329 1339
f 1329 1330 1340
f 1328 1339 1338
f 1329 1340 1339
f 1330 1342 1340
f 1321 1322 1331
f 1322 1323 1332
f 1322 1332 1331
f 1323 1324 1333
f 1323 1333 1332
f 1324 1325 1334
f 1324 1334 1333
f 1325 1633 1638
f 1325 1638 1334
f 1331 1332 1343
f 1332 1333 1344
f 1330 1331 1342
f 1331 1343 1342
f 1332 1344 1343
f 1333 1334 1335
f 1334 1638 1643
f 1333 1335 1344
f 1334 1643 1335
f 1326 1337 1336
f 1327 1338 1337
f 1305 1336 1341
f 1336 1337 1773
f 1337 1338 1774
f 1338 1339 1775
f 1338 1775 1774
f 1339 1340 1776
f 1339 1776 1775
f 1340 1780 1776
f 1336 1773 1341
f 1337 1774 1773
f 1340 1342 1780
f 1342 1343 1777
f 1343 1344 1778
f 1342 1777 1780
f 1344 1335 1779
f 1335 1643 1918
f 837 1365 1347
f 838 1368 1365
f 838 1348 1368
f 839 841 1349
f 841 1391 1395
f 839 1349 1348
f 1348 1349 1369
f 1348 1369 1368
f 841 1395 1349
f 1349 1395 1442
f 1350 1351 1353
f 787 1354 1351
f 1350 1353 1352
f 1352 1353 1361
f 1351 1357 1353
f 1351 1354 1357
f 792 1355 1354
f 792 1345 1355
f 1345 1346 1356
f 1345 1356 1355
f 1346 1347 1366
f 1346 1366 1356
f 1354 1355 1358
f 1354 1358 1357
f 1355 1356 1359
f 1356 1366 1371
f 1355 1359 1358
f 1356 1371 1359
f 1352 1361 1360
f 1353 1362 1361
f 1353 1357 1362
f 1360 1361 1501
f 1360 1501 1380
f 1361 1362 1504
f 1361 1504 1501
f 1357 1358 1363
f 1357 1363 1362
f 1358 1359 1364
f 1359 1371 1374
f 1358 1364 1363
f 1359 1374 1364
f 1362 1363 1505
f 1362 1505 1504
f 1363 1364 1506
f 1364 1374 1515
f 1347 1365 1367
f 1347 1367 1366
f 1365 1368 1370
f 1365 1370 1367
f 1366 1367 1373
f 1366 1373 1371
f 1367 1370 1376
f 1368 1369 1372
f 1368 1372 1370
f 1349 1442 1369
f 1369 1442 1445
f 1369 1445 1372
f 1367 1376 1373
f 1370 1372 1377
f 1370 1377 1376
f 1372 1445 1453
f 1371 1373 1375
f 1373 1376 1378
f 1371 1375 1374
f 1373 1378 1375
f 1374 1375 1516
f 1375 1378 1519
f 1372 1453 1377
f 1376 1377 1379
f 1377 1453 1456
f 1376 1379 1378
f 1377 1456 1379
f 1363 1506 1505
f 1364 1515 1506
f 1374 1516 1515
f 1378 1379 1520
f 899 1381 1393
f 901 1386 1381
f 1382 1388 1383
f 1382 1387 1388
f 900 1384 1385
f 901 1385 1386
f 1383 1389 1384
f 1384 1390 1385
f 1383 1388 1389
f 1384 1389 1390
f 1385 1399 1386
f 1385 1390 1399
f 918 919 1392
f 918 1392 1391
f 919 1394 1392
f 919 1393 1394
f 1381 1398 1393
f 1393 1401 1394
f 1391 1392 1396
f 1391 1396 1395
f 1392 1397 1396
f 1392 1394 1397
f 1395 1396 1443
f 1394 1402 1397
f 1396 1397 1444
f 1381 1386 1398
f 1393 1398 1401
f 1386 1400 1398
f 1386 1399 1400
f 1398 1403 1401
f 1398 1400 1403
f 1394 1401 1402
f 1401 1403 1449
f 1401 1449 1402
f 906 1404 1387
f 1387 1405 1388
f 1388 1406 1389
f 1387 1404 1405
f 927 1408 1404
f 927 931 1408
f 931 1412 1417
f 931 1417 1408
f 1388 1405 1406
f 1389 1407 1390
f 1389 1406 1407
f 1404 1409 1405
f 1405 1410 1406
f 1390 1424 1399
f 1390 1407 1424
f 1406 1411 1407
f 1407 1426 1424
f 1404 1408 1409
f 1405 1409 1410
f 1406 1410 1411
f 1408 1418 1409
f 1409 1419 1410
f 1408 1417 1418
f 1409 1418 1419
f 1407 1411 1426
f 1410 1420 1411
f 1410 1419 1420
f 1411 1420 1435
f 1413 1415 1412
f 1414 1416 1413
f 1413 1416 1415
f 1414 1429 1416
f 1412 1421 1417
f 1412 1415 1421
f 1417 1422 1418
f 1418 1423 1419
f 1419 1437 1420
f 1417 1421 1422
f 1418 1422 1423
f 1419 1423 1437
f 1399 1424 1425
f 1399 1425 1400
f 1424 1427 1425
f 1400 1425 1433
f 1424 1426 1427
f 1411 1435 1426
f 1425 1427 1434
f 1426 1436 1427
f 1400 1433 1403
f 1425 1434 1433
f 1428 1429 1414
f 941 1430 1428
f 1428 1430 1429
f 941 1431 1430
f 942 1431 941
f 967 1432 942
f 942 1432 1431
f 967 1460 1432
f 1426 1435 1436
f 1403 1433 1462
f 1403 1462 1449
f 1433 1464 1462
f 1427 1439 1434
f 1427 1436 1439
f 1433 1434 1464
f 1434 1467 1464
f 1434 1439 1467
f 1420 1438 1435
f 1435 1440 1436
f 1420 1437 1438
f 1435 1438 1440
f 1436 1441 1439
f 1436 1440 1441
f 1439 1441 1468
f 1395 1443 1442
f 1396 1444 1443
f 1442 1443 1446
f 1397 1448 1444
f 1443 1444 1447
f 1442 1446 1445
f 1397 1402 1448
f 1443 1447 1446
f 1445 1446 1454
f 1444 1451 1447
f 1446 1447 1455
f 1402 1450 1448
f 1402 1449 1450
f 1444 1448 1451
f 1448 1452 1451
f 1448 1450 1452
f 1445 1454 1453
f 1446 1455 1454
f 1453 1454 1457
f 1447 1458 1455
f 1454 1455 1480
f 1453 1457 1456
f 1454 1480 1457
f 1455 1481 1480
f 1447 1451 1458
f 1451 1452 1459
f 1451 1459 1458
f 1455 1458 1481
f 1458 1459 1578
f 968 1460 967
f 968 1461 1460
f 969 1461 968
f 969 1473 1461
f 1449 1462 1463
f 1449 1463 1450
f 1462 1465 1463
f 1462 1464 1465
f 1464 1467 1469
f 1464 1469 1465
f 1450 1463 1466
f 1450 1466 1452
f 1463 1475 1466
f 1463 1465 1475
f 1465 1469 1478
f 1465 1478 1475
f 1439 1468 1467
f 1467 1468 1470
f 1467 1470 1469
f 1469 1479 1478
f 1469 1470 1479
f 1471 1565 1472
f 1472 1473 969
f 1472 1474 1473
f 1565 1474 1472
f 1565 1566 1474
f 1452 1466 1476
f 1452 1476 1459
f 1466 1477 1476
f 1466 1475 1477
f 1475 1478 1482
f 1475 1482 1477
f 1478 1479 1483
f 1458 1578 1481
f 1459 1476 1589
f 1459 1589 1578
f 1476 1590 1589
f 1476 1477 1590
f 1477 1482 1593
f 1478 1483 1482
f 1482 1483 1594
f 1485 974 973
f 1485 1486 974
f 1486 975 974
f 1486 1489 975
f 1489 976 975
f 1490 1484 976
f 1491 1493 1484
f 1487 1486 1485
f 1488 1489 1486
f 1487 1488 1486
f 1488 1492 1489
f 1489 1490 976
f 1490 1491 1484
f 1491 1497 1493
f 1492 1490 1489
f 1492 1527 1490
f 1527 1491 1490
f 1528 1497 1491
f 1527 1528 1491
f 1528 1536 1497
f 1497 1494 1493
f 1498 1495 1494
f 1495 1496 979
f 1496 1551 980
f 1497 1498 1494
f 1498 1499 1495
f 1536 1498 1497
f 1536 1537 1498
f 1537 1499 1498
f 1537 1538 1499
f 1499 1496 1495
f 1499 1500 1496
f 1500 1551 1496
f 1500 1556 1551
f 1538 1500 1499
f 1539 1556 1500
f 1380 1501 1503
f 1501 1504 1507
f 1380 1503 1502
f 1501 1507 1503
f 1504 1505 1508
f 1505 1506 1509
f 1506 1515 1517
f 1504 1508 1507
f 1505 1509 1508
f 1506 1517 1509
f 1502 1503 1511
f 1503 1507 1512
f 1507 1508 1513
f 1502 1511 1510
f 1503 1512 1511
f 1510 1511 1634
f 1511 1512 1635
f 1507 1513 1512
f 1508 1509 1514
f 1509 1517 1523
f 1508 1514 1513
f 1509 1523 1514
f 1512 1513 1636
f 1513 1514 1637
f 1514 1523 1648
f 1515 1516 1518
f 1375 1519 1516
f 1515 1518 1517
f 1516 1521 1518
f 1516 1519 1521
f 1378 1520 1519
f 1379 1456 1575
f 1379 1575 1520
f 1519 1520 1522
f 1519 1522 1521
f 1520 1575 1581
f 1520 1581 1522
f 1517 1518 1524
f 1517 1524 1523
f 1518 1521 1525
f 1518 1525 1524
f 1523 1524 1649
f 1524 1525 1650
f 1521 1522 1526
f 1521 1526 1525
f 1522 1581 1584
f 1522 1584 1526
f 1525 1526 1651
f 1530 1488 1487
f 1530 1529 1488
f 1529 1492 1488
f 1529 1531 1492
f 1548 1529 1530
f 1531 1527 1492
f 1532 1528 1527
f 1533 1536 1528
f 1531 1532 1527
f 1532 1533 1528
f 1533 1540 1536
f 1548 1549 1529
f 1549 1531 1529
f 1549 1550 1531
f 1550 1532 1531
f 1550 1534 1532
f 1534 1533 1532
f 1535 1540 1533
f 1534 1535 1533
f 1535 1542 1540
f 1538 1539 1500
f 1539 1601 1556
f 1540 1537 1536
f 1541 1538 1537
f 1540 1541 1537
f 1541 1544 1538
f 1544 1539 1538
f 1544 1545 1539
f 1545 1601 1539
f 1545 1606 1601
f 1542 1541 1540
f 1542 1543 1541
f 1543 1544 1541
f 1543 1546 1544
f 1546 1545 1544
f 1547 1606 1545
f 1546 1547 1545
f 1547 1609 1606
f 1846 1549 1548
f 1847 1550 1549
f 1848 1534 1550
f 1849 1535 1534
f 1850 1542 1535
f 1523 1649 1648
f 1524 1650 1649
f 1525 1651 1650
f 1526 1584 1658
f 1526 1658 1651
f 1551 1552 981
f 1552 982 981
f 1555 1553 982
f 1552 1555 982
f 1553 1554 962
f 1555 1559 1553
f 1559 1554 1553
f 1559 1560 1554
f 1556 1552 1551
f 1557 1555 1552
f 1556 1557 1552
f 1557 1558 1555
f 1558 1559 1555
f 1601 1557 1556
f 1602 1558 1557
f 1561 1560 1559
f 1558 1561 1559
f 1561 1562 1560
f 1554 972 962
f 1563 1471 972
f 1554 1563 972
f 1564 1565 1471
f 1563 1564 1471
f 1564 1567 1565
f 1560 1563 1554
f 1569 1564 1563
f 1560 1569 1563
f 1570 1567 1564
f 1567 1566 1565
f 1573 1568 1567
f 1567 1568 1566
f 1562 1569 1560
f 1571 1570 1569
f 1569 1570 1564
f 1570 1573 1567
f 1562 1571 1569
f 1571 1572 1570
f 1572 1573 1570
f 1572 1614 1573
f 1573 1574 1568
f 1614 1574 1573
f 1614 1615 1574
f 1456 1457 1576
f 1456 1576 1575
f 1457 1577 1576
f 1457 1480 1577
f 1480 1579 1577
f 1575 1576 1582
f 1575 1582 1581
f 1576 1583 1582
f 1576 1577 1583
f 1480 1481 1579
f 1481 1580 1579
f 1481 1578 1580
f 1577 1579 1587
f 1579 1580 1588
f 1577 1587 1583
f 1579 1588 1587
f 1581 1582 1585
f 1582 1583 1586
f 1581 1585 1584
f 1582 1586 1585
f 1583 1623 1586
f 1583 1587 1623
f 1587 1588 1622
f 1587 1622 1623
f 1578 1589 1591
f 1477 1593 1590
f 1589 1590 1592
f 1590 1593 1595
f 1578 1591 1580
f 1589 1592 1591
f 1580 1591 1597
f 1590 1595 1592
f 1482 1594 1593
f 1593 1594 1596
f 1593 1596 1595
f 1580 1597 1588
f 1591 1598 1597
f 1591 1592 1598
f 1592 1595 1599
f 1592 1599 1598
f 1595 1600 1599
f 1595 1596 1600
f 1588 1597 1625
f 1588 1625 1622
f 1597 1626 1625
f 1597 1598 1626
f 1598 1599 1629
f 1598 1629 1626
f 1599 1600 1630
f 1601 1602 1557
f 1602 1603 1558
f 1603 1561 1558
f 1607 1603 1602
f 1608 1604 1603
f 1603 1604 1561
f 1604 1562 1561
f 1604 1605 1562
f 1610 1605 1604
f 1606 1602 1601
f 1606 1607 1602
f 1607 1608 1603
f 1609 1607 1606
f 1874 1608 1607
f 1875 1610 1608
f 1874 1875 1608
f 1609 1874 1607
f 1608 1610 1604
f 1610 1611 1605
f 1875 1877 1610
f 1877 1611 1610
f 1877 1876 1611
f 1605 1571 1562
f 1612 1572 1571
f 1605 1612 1571
f 1612 1613 1572
f 1613 1614 1572
f 1611 1612 1605
f 1620 1613 1612
f 1613 1616 1614
f 1616 1615 1614
f 1616 1617 1615
f 1621 1616 1613
f 1620 1621 1613
f 1621 1618 1616
f 1618 1617 1616
f 1618 1619 1617
f 1611 1620 1612
f 1876 1620 1611
f 1880 1621 1620
f 1881 1618 1621
f 1882 1619 1618
f 1584 1585 1659
f 1584 1659 1658
f 1585 1660 1659
f 1585 1586 1660
f 1586 1661 1660
f 1586 1623 1661
f 1623 1622 1624
f 1623 1624 1661
f 1622 1625 1627
f 1625 1626 1628
f 1622 1627 1624
f 1625 1628 1627
f 1626 1629 1631
f 1626 1631 1628
f 1599 1630 1629
f 1629 1632 1631
f 1629 1630 1632
f 1631 1632 1670
f 1510 1634 1633
f 1511 1635 1634
f 1512 1636 1635
f 1513 1637 1636
f 1633 1634 1639
f 1634 1635 1640
f 1633 1639 1638
f 1634 1640 1639
f 1514 1648 1637
f 1635 1636 1641
f 1637 1648 1652
f 1635 1641 1640
f 1636 1637 1642
f 1636 1642 1641
f 1637 1652 1642
f 1638 1639 1644
f 1639 1640 1645
f 1638 1644 1643
f 1639 1645 1644
f 1640 1641 1646
f 1642 1652 1656
f 1641 1642 1647
f 1640 1646 1645
f 1642 1656 1647
f 1641 1647 1646
f 1648 1649 1653
f 1649 1650 1654
f 1648 1653 1652
f 1649 1654 1653
f 1650 1651 1655
f 1651 1658 1662
f 1650 1655 1654
f 1651 1662 1655
f 1655 1662 1947
f 1652 1653 1657
f 1653 1654 1917
f 1652 1657 1656
f 1653 1917 1657
f 1654 1655 1916
f 1654 1916 1917
f 1655 1947 1916
f 1643 1644 1919
f 1644 1645 1920
f 1658 1659 1663
f 1659 1660 1664
f 1659 1664 1663
f 1660 1665 1664
f 1658 1663 1662
f 1662 1663 1948
f 1663 1664 1949
f 1660 1661 1665
f 1661 1624 1666
f 1661 1666 1665
f 1664 1665 1950
f 1665 1666 1951
f 1662 1948 1947
f 1663 1949 1948
f 1624 1627 1667
f 1624 1667 1666
f 1627 1668 1667
f 1627 1628 1668
f 1628 1631 1669
f 1628 1669 1668
f 1666 1667 1958
f 1631 1670 1669
f 1694 1163 1162
f 1695 1172 1163
f 1708 1173 1172
f 1709 1174 1173
f 1711 1175 1174
f 1711 1710 1175
f 1710 1176 1175
f 1713 1178 1177
f 1712 1177 1176
f 1710 1712 1176
f 1712 1713 1177
f 1714 1179 1178
f 1715 1230 1179
f 1713 1714 1178
f 1714 1715 1179
f 1765 1232 1231
f 1764 1231 1230
f 1715 1764 1230
f 1764 1765 1231
f 1765 1672 1232
f 1672 1673 1232
f 1675 1676 1671
f 1674 1671 1673
f 1672 1674 1673
f 1674 1675 1671
f 1769 1680 1675
f 1679 1846 1548
f 1682 1846 1679
f 1680 1677 1676
f 1681 1678 1677
f 1675 1680 1676
f 1680 1681 1677
f 1681 1683 1678
f 1683 1679 1678
f 1683 1682 1679
f 1682 1851 1846
f 1771 1681 1680
f 1772 1683 1681
f 1792 1682 1683
f 1793 1851 1682
f 1792 1793 1682
f 1793 1936 1851
f 1684 1685 1153
f 1685 1686 1154
f 1686 1687 1155
f 1687 1688 1156
f 1688 1689 1157
f 1689 1690 1158
f 1690 1691 1159
f 1696 1685 1684
f 1697 1686 1685
f 1698 1687 1686
f 1699 1688 1687
f 1700 1689 1688
f 1701 1690 1689
f 1702 1691 1690
f 1691 1692 1160
f 1692 1693 1161
f 1693 1694 1162
f 1694 1695 1163
f 1695 1708 1172
f 1703 1692 1691
f 1704 1693 1692
f 1705 1694 1693
f 1706 1695 1694
f 1707 1708 1695
f 463 4676 658
f 1696 1697 1685
f 1697 1698 1686
f 1698 1699 1687
f 1699 1700 1688
f 1700 1701 1689
f 1701 1702 1690
f 1702 1703 1691
f 1703 1704 1692
f 1704 1705 1693
f 1705 1706 1694
f 1706 1707 1695
f 1707 1719 1708
f 1730 1697 1696
f 1731 1698 1697
f 1732 1699 1698
f 1733 1700 1699
f 1734 1701 1700
f 1735 1702 1701
f 1736 1703 1702
f 1737 1704 1703
f 1738 1705 1704
f 1739 1706 1705
f 1740 1707 1706
f 1741 1719 1707
f 1708 1709 1173
f 1709 1711 1174
f 1719 1709 1708
f 1720 1711 1709
f 1721 1710 1711
f 1722 1712 1710
f 1719 1720 1709
f 1720 1721 1711
f 1721 1722 1710
f 1723 1713 1712
f 1716 1714 1713
f 1717 1715 1714
f 1718 1764 1715
f 1723 1716 1713
f 1722 1723 1712
f 1716 1717 1714
f 1717 1718 1715
f 1754 1720 1719
f 1755 1721 1720
f 1724 1722 1721
f 1725 1723 1722
f 1726 1716 1723
f 1727 1717 1716
f 1729 1718 1717
f 1728 1766 1718
f 16 3596 3622
f 658 4695 666
f 16 3622 3634
f 666 4754 1052
f 1311 1312 3422
f 1312 1313 3423
f 1313 1314 3424
f 1314 1315 3425
f 1315 1316 3426
f 1730 1731 1697
f 1731 1732 1698
f 1732 1733 1699
f 1733 1734 1700
f 1734 1735 1701
f 1735 1736 1702
f 1736 1737 1703
f 1737 1738 1704
f 1738 1739 1705
f 1739 1740 1706
f 1740 1741 1707
f 1741 1754 1719
f 1754 1755 1720
f 1755 1724 1721
f 1724 1725 1722
f 1729 1728 1718
f 1725 1726 1723
f 1726 1727 1716
f 1727 1729 1717
f 1763 1786 1728
f 1747 1733 1732
f 1748 1734 1733
f 1749 1735 1734
f 1750 1736 1735
f 1751 1737 1736
f 1745 1731 1730
f 1746 1732 1731
f 1745 1746 1731
f 1746 1747 1732
f 1747 1748 1733
f 1748 1749 1734
f 1749 1750 1735
f 1750 1751 1736
f 1751 1752 1737
f 1752 1738 1737
f 1753 1739 1738
f 1742 1740 1739
f 1743 1741 1740
f 1744 1754 1741
f 1052 4795 1120
f 1752 1753 1738
f 1753 1742 1739
f 1742 1743 1740
f 1743 1744 1741
f 1744 1756 1754
f 3516 1746 1745
f 1805 1747 1746
f 1806 1748 1747
f 1807 1749 1748
f 1808 1750 1749
f 1809 1751 1750
f 1810 1752 1751
f 3516 1805 1746
f 1805 1806 1747
f 1806 1807 1748
f 1807 1808 1749
f 1808 1809 1750
f 1809 1810 1751
f 1810 1811 1752
f 1811 1753 1752
f 1812 1742 1753
f 1813 1743 1742
f 1814 1744 1743
f 1815 1756 1744
f 1811 1812 1753
f 1812 1813 1742
f 1813 1814 1743
f 1756 1755 1754
f 1757 1724 1755
f 1759 1725 1724
f 1758 1726 1725
f 1760 1727 1726
f 1761 1729 1727
f 1762 1728 1729
f 1759 1758 1725
f 1756 1757 1755
f 1757 1759 1724
f 1758 1760 1726
f 1760 1761 1727
f 1761 1762 1729
f 1762 1763 1728
f 1819 1760 1758
f 1821 1762 1761
f 1820 1761 1760
f 1823 1801 1763
f 1822 1763 1762
f 1816 1757 1756
f 1817 1759 1757
f 1818 1758 1759
f 1766 1765 1764
f 1767 1672 1765
f 1767 1768 1672
f 1718 1766 1764
f 1766 1767 1765
f 1768 1674 1672
f 1770 1675 1674
f 1768 1770 1674
f 1770 1769 1675
f 1769 1771 1680
f 1771 1772 1681
f 1772 1792 1683
f 1316 1341 3471
f 1341 1773 3472
f 1773 1774 3473
f 1775 1776 3475
f 1774 1775 3474
f 1774 3474 3473
f 1775 3475 3474
f 1776 1781 3475
f 1343 1778 1777
f 1344 1779 1778
f 1335 1918 1779
f 1776 1780 1781
f 1780 1777 1782
f 1777 1778 1783
f 1780 1782 1781
f 1777 1783 1782
f 1778 1779 1784
f 1779 1918 1923
f 1779 1923 1784
f 1778 1784 1783
f 1785 1770 1768
f 1789 1771 1769
f 1788 1769 1770
f 1788 1789 1769
f 1786 1767 1766
f 1728 1786 1766
f 1786 1787 1767
f 1787 1768 1767
f 1787 1785 1768
f 1801 1787 1786
f 1803 1785 1787
f 1785 1788 1770
f 1790 1795 1789
f 1802 1788 1785
f 1802 1804 1788
f 1804 1789 1788
f 1804 1790 1789
f 1791 1792 1772
f 1795 1772 1771
f 1789 1795 1771
f 1795 1791 1772
f 1791 1794 1792
f 1794 1793 1792
f 1796 1936 1793
f 1794 1796 1793
f 1796 1937 1936
f 1799 1937 1796
f 1797 1791 1795
f 1798 1794 1791
f 1790 1797 1795
f 1798 1800 1794
f 1797 1798 1791
f 1800 1796 1794
f 1800 1799 1796
f 1799 2003 1937
f 1763 1801 1786
f 1801 1803 1787
f 1803 1802 1785
f 1827 1803 1801
f 1828 1802 1803
f 1815 1816 1756
f 1814 1815 1744
f 1816 1817 1757
f 1817 1818 1759
f 1818 1819 1758
f 3531 1817 1816
f 3532 1818 1817
f 3529 1819 1818
f 1819 1820 1760
f 1820 1821 1761
f 1821 1822 1762
f 1822 1823 1763
f 3534 1821 1820
f 3533 1822 1821
f 3530 1820 1819
f 3535 1823 1822
f 3536 1827 1823
f 3534 3533 1821
f 3533 3535 1822
f 3535 3536 1823
f 1834 1800 1798
f 1836 1799 1800
f 1837 2003 1799
f 1836 1837 1799
f 1837 2018 2003
f 1823 1827 1801
f 1827 1828 1803
f 1828 1824 1802
f 1824 1804 1802
f 1826 1797 1790
f 1825 1790 1804
f 1825 1826 1790
f 1824 1825 1804
f 1829 1828 1827
f 1831 1824 1828
f 1830 1825 1824
f 1832 1835 1826
f 1829 1831 1828
f 3536 1829 1827
f 1831 1830 1824
f 1830 1833 1825
f 1833 1826 1825
f 1833 1832 1826
f 3582 1833 1830
f 1835 1798 1797
f 1826 1835 1797
f 1835 1834 1798
f 1834 1836 1800
f 1839 1834 1835
f 1839 1840 1834
f 1840 1836 1834
f 1840 1841 1836
f 1841 1837 1836
f 1838 2018 1837
f 1841 1838 1837
f 1838 2019 2018
f 1832 1839 1835
f 3586 1839 1832
f 3585 1832 1833
f 3585 3586 1832
f 1842 1840 1839
f 1843 1841 1840
f 1842 1843 1840
f 3586 1842 1839
f 1843 1844 1841
f 1844 1838 1841
f 1845 2019 1838
f 1844 1845 1838
f 1845 2027 2019
f 3594 1845 1844
f 3595 2027 1845
f 3595 3731 2027
f 1858 1547 1546
f 1859 1609 1547
f 1846 1847 1549
f 1847 1848 1550
f 1851 1847 1846
f 1852 1848 1847
f 1848 1849 1534
f 1849 1850 1535
f 1850 1856 1542
f 1853 1849 1848
f 1854 1850 1849
f 1855 1856 1850
f 1851 1852 1847
f 1853 1854 1849
f 1854 1855 1850
f 1855 1863 1856
f 1852 1853 1848
f 1864 1853 1852
f 1936 1852 1851
f 1936 1864 1852
f 1864 1865 1853
f 1865 1854 1853
f 1866 1855 1854
f 1867 1863 1855
f 1865 1866 1854
f 1856 1543 1542
f 1856 1857 1543
f 1857 1546 1543
f 1857 1858 1546
f 1863 1857 1856
f 1860 1858 1857
f 1858 1859 1547
f 1859 1889 1609
f 1863 1860 1857
f 1860 1861 1858
f 1861 1859 1858
f 1862 1889 1859
f 1862 1892 1889
f 1861 1862 1859
f 1870 1862 1861
f 1871 1892 1862
f 1869 1860 1863
f 1868 1861 1860
f 1866 1867 1855
f 1867 1869 1863
f 1940 1867 1866
f 1941 1869 1867
f 1871 1902 1892
f 1869 1868 1860
f 1868 1870 1861
f 1942 1868 1869
f 1943 1870 1868
f 1870 1871 1862
f 1872 1871 1870
f 1873 1902 1871
f 1942 1943 1868
f 1943 1872 1870
f 1873 1905 1902
f 1872 1873 1871
f 2013 1905 1873
f 1889 1874 1609
f 1888 1875 1874
f 1890 1877 1875
f 1889 1888 1874
f 1888 1890 1875
f 1878 1876 1877
f 1890 1878 1877
f 1878 1879 1876
f 1894 1879 1878
f 1876 1880 1620
f 1881 1882 1618
f 1880 1881 1621
f 1884 1881 1880
f 1885 1882 1881
f 1885 1887 1882
f 1879 1880 1876
f 1879 1884 1880
f 1884 1885 1881
f 1882 1883 1619
f 1887 1883 1882
f 1899 1884 1879
f 1909 1885 1884
f 1910 1887 1885
f 1909 1910 1885
f 1910 1895 1887
f 1887 1886 1883
f 1895 1886 1887
f 1895 1896 1886
f 1893 1890 1888
f 1892 1888 1889
f 1892 1893 1888
f 1891 1878 1890
f 1893 1891 1890
f 1891 1894 1878
f 1894 1899 1879
f 1899 1909 1884
f 1915 1896 1895
f 1915 1897 1896
f 1903 1891 1893
f 1902 1893 1892
f 1902 1903 1893
f 1898 1894 1891
f 1903 1898 1891
f 1900 1899 1894
f 1898 1900 1894
f 1900 1901 1899
f 1905 1903 1902
f 1907 1901 1900
f 1907 1908 1901
f 1906 1898 1903
f 1905 1906 1903
f 1904 1900 1898
f 1906 1904 1898
f 2037 1904 1906
f 2038 1906 1905
f 1904 1907 1900
f 1911 1910 1909
f 1901 1909 1899
f 1912 1895 1910
f 1901 1911 1909
f 1911 1912 1910
f 1912 1915 1895
f 1914 1915 1912
f 1908 1911 1901
f 1913 1912 1911
f 1908 1913 1911
f 1913 1914 1912
f 1914 1990 1915
f 1990 1897 1915
f 1990 1989 1897
f 1647 1656 1929
f 1656 1657 1928
f 1657 1917 1930
f 1917 1916 1931
f 1916 1947 1963
f 1916 1963 1931
f 1643 1919 1918
f 1644 1920 1919
f 1919 1920 1925
f 1645 1646 1921
f 1645 1921 1920
f 1646 1647 1922
f 1646 1922 1921
f 1647 1929 1922
f 1920 1921 1926
f 1921 1922 1927
f 1922 1929 1933
f 1918 1919 1924
f 1918 1924 1923
f 1919 1925 1924
f 1923 1924 3694
f 1924 1925 3696
f 1920 1926 1925
f 1921 1927 1926
f 1922 1933 1927
f 1925 1926 3697
f 1926 1927 3698
f 1927 1933 3704
f 1656 1928 1929
f 1657 1930 1928
f 1917 1931 1930
f 1929 1928 1934
f 1929 1934 1933
f 1928 1930 1935
f 1928 1935 1934
f 1930 1931 1932
f 1931 1963 1965
f 1930 1932 1935
f 1931 1965 1932
f 1933 1934 1944
f 1937 1864 1936
f 1937 1938 1864
f 1938 1865 1864
f 1938 1939 1865
f 1939 1866 1865
f 1939 1940 1866
f 1940 1941 1867
f 1941 1942 1869
f 2003 1938 1937
f 2004 1939 1938
f 2004 2005 1939
f 2002 1942 1941
f 2005 1940 1939
f 2005 2001 1940
f 2001 1941 1940
f 2001 2002 1941
f 2002 2010 1942
f 2003 2004 1938
f 2010 1943 1942
f 2011 1872 1943
f 2010 2011 1943
f 2012 1873 1872
f 1926 3698 3697
f 1927 3704 3698
f 1934 1935 1945
f 1933 1944 3704
f 1934 1945 1944
f 1935 1932 1946
f 1932 1965 1973
f 1932 1973 1946
f 1935 1946 1945
f 1945 1946 3707
f 1946 1973 3709
f 1665 1951 1950
f 1664 1950 1949
f 1947 1948 1964
f 1947 1964 1963
f 1948 1952 1964
f 1948 1949 1952
f 1949 1953 1952
f 1949 1950 1953
f 1950 1951 1954
f 1950 1954 1953
f 1953 1954 1971
f 1666 1958 1951
f 1667 1955 1958
f 1667 1668 1955
f 1668 1669 1956
f 1668 1956 1955
f 1669 1670 1957
f 1669 1957 1956
f 1951 1958 1959
f 1958 1955 1960
f 1955 1956 1961
f 1956 1957 1962
f 1951 1959 1954
f 1958 1960 1959
f 1955 1961 1960
f 1954 1959 1979
f 1959 1960 1980
f 1960 1961 1968
f 1956 1962 1961
f 1961 1962 1969
f 1963 1964 1966
f 1964 1952 1967
f 1964 1967 1966
f 1952 1970 1967
f 1963 1966 1965
f 1952 1953 1970
f 1953 1971 1970
f 1954 1979 1971
f 1959 1980 1979
f 1960 1968 1980
f 1961 1969 1968
f 1966 1967 1972
f 1967 1970 1975
f 1970 1971 1976
f 1970 1976 1975
f 1965 1966 1974
f 1965 1974 1973
f 1966 1972 1974
f 1967 1975 1972
f 1973 1974 3710
f 1974 3711 3710
f 1974 1972 3711
f 1972 1977 3711
f 1972 1975 1977
f 1975 1976 1978
f 1975 1978 1977
f 1971 1979 1981
f 1980 1968 1984
f 1979 1980 1982
f 1971 1981 1976
f 1979 1982 1981
f 1980 1984 1982
f 1968 1983 1984
f 1968 1969 1983
f 1982 1984 2046
f 1984 2043 2046
f 1984 1983 2043
f 1976 1981 2045
f 1981 1982 2044
f 1976 2045 1978
f 1981 2044 2045
f 1982 2046 2044
f 1985 1907 1904
f 2038 2037 1906
f 2037 1985 1904
f 1987 1908 1907
f 1987 1986 1908
f 1985 1987 1907
f 2042 1986 1987
f 2042 1988 1986
f 1993 1990 1914
f 1993 1991 1990
f 1991 1989 1990
f 1991 1994 1989
f 1986 1913 1908
f 1992 1914 1913
f 1986 1992 1913
f 1992 1993 1914
f 1995 1993 1992
f 1996 1991 1993
f 1988 1992 1986
f 1988 1995 1992
f 1996 1997 1991
f 1995 1996 1993
f 1997 1994 1991
f 1997 1998 1994
f 2059 1996 1995
f 2060 1997 1996
f 2060 1999 1997
f 1999 1998 1997
f 1999 2000 1998
f 2063 2000 1999
f 2006 2005 2004
f 2018 2004 2003
f 2018 2006 2004
f 2006 2007 2005
f 2007 2001 2005
f 2007 2008 2001
f 2008 2002 2001
f 2009 2010 2002
f 2008 2009 2002
f 2009 2015 2010
f 2024 2008 2007
f 2026 2009 2008
f 2025 2015 2009
f 2026 2025 2009
f 2025 2032 2015
f 2011 2012 1872
f 2015 2011 2010
f 2016 2012 2011
f 2012 2013 1873
f 2013 2038 1905
f 2014 2038 2013
f 2017 2013 2012
f 2015 2016 2011
f 2016 2017 2012
f 2017 2014 2013
f 2014 2039 2038
f 2020 2017 2016
f 2032 2016 2015
f 2032 2020 2016
f 2020 2022 2017
f 2022 2014 2017
f 2021 2039 2014
f 2019 2006 2018
f 2023 2007 2006
f 2019 2023 2006
f 2023 2024 2007
f 2024 2026 2008
f 2022 2021 2014
f 2021 2053 2039
f 2035 2021 2022
f 2036 2053 2021
f 2035 2036 2021
f 2036 2054 2053
f 2027 2023 2019
f 2030 2024 2023
f 2030 2031 2024
f 2028 2025 2026
f 2031 2026 2024
f 2029 2032 2025
f 2031 2028 2026
f 2028 2029 2025
f 2029 2034 2032
f 2027 2030 2023
f 3889 2034 2029
f 3888 2031 2030
f 3731 2030 2027
f 3731 3888 2030
f 3888 3890 2031
f 3890 2028 2031
f 3891 2029 2028
f 3890 3891 2028
f 3889 3894 2034
f 3891 3889 2029
f 2034 2020 2032
f 2034 2033 2020
f 2033 2022 2020
f 2033 2035 2022
f 3894 2033 2034
f 3894 3895 2033
f 3895 2035 2033
f 3895 3892 2035
f 3892 2036 2035
f 3893 2054 2036
f 2041 1985 2037
f 2039 2037 2038
f 2040 1987 1985
f 2039 2041 2037
f 2041 2040 1985
f 2053 2041 2039
f 2052 2040 2041
f 2049 2042 2040
f 2040 2042 1987
f 1977 1978 3742
f 1978 2045 3751
f 2045 2044 3752
f 2044 2046 2047
f 2045 3752 3751
f 2044 2047 3752
f 2046 2043 2048
f 2046 2048 2047
f 2047 2048 3757
f 2052 2049 2040
f 2050 1988 2042
f 2050 2051 1988
f 2049 2050 2042
f 2057 2051 2050
f 2053 2052 2041
f 2054 2052 2053
f 2055 2049 2052
f 2056 2050 2049
f 2057 2058 2051
f 2055 2056 2049
f 2054 2055 2052
f 3910 2056 2055
f 3911 2057 2056
f 2056 2057 2050
f 3900 2058 2057
f 2051 1995 1988
f 2051 2059 1995
f 2059 2060 1996
f 2061 2060 2059
f 2062 1999 2060
f 2062 2063 1999
f 2058 2059 2051
f 2058 2061 2059
f 2061 2062 2060
f 2063 2064 2000
f 3909 2055 2054
f 1416 2065 1415
f 1416 2074 2065
f 1415 2065 2066
f 1415 2066 1421
f 1421 2067 1422
f 1422 2068 1423
f 1423 2089 1437
f 2065 2069 2066
f 2065 2078 2069
f 2078 2097 2072
f 2078 2072 2069
f 1421 2066 2067
f 1422 2067 2068
f 1423 2068 2089
f 2066 2070 2067
f 2067 2071 2068
f 2066 2069 2070
f 2067 2070 2071
f 2069 2073 2070
f 2070 2103 2071
f 2069 2072 2073
f 2070 2073 2103
f 2097 2123 2072
f 1429 2074 1416
f 1430 2075 1429
f 1431 2076 1430
f 1431 2082 2076
f 1429 2075 2074
f 1430 2076 2075
f 2074 2078 2065
f 2075 2079 2074
f 2076 2077 2075
f 2082 2080 2076
f 2074 2079 2078
f 2075 2077 2079
f 2079 2097 2078
f 2077 2098 2079
f 2079 2098 2097
f 2080 2085 2077
f 2077 2085 2098
f 2076 2080 2077
f 2082 2083 2080
f 2083 2086 2080
f 2080 2086 2085
f 1432 2082 1431
f 1432 2081 2082
f 1460 2081 1432
f 2155 2084 2081
f 2081 2083 2082
f 2084 2087 2083
f 2083 2087 2086
f 2081 2084 2083
f 2084 2088 2087
f 2087 2101 2086
f 2088 2106 2087
f 2088 2160 2106
f 1437 2090 1438
f 1437 2089 2090
f 2068 2091 2089
f 1438 2093 1440
f 1438 2090 2093
f 2089 2092 2090
f 2068 2071 2091
f 2089 2091 2092
f 2071 2104 2091
f 2071 2103 2104
f 2091 2104 2105
f 2090 2092 2095
f 2091 2105 2092
f 2092 2105 2107
f 1440 2093 2094
f 2090 2095 2093
f 1440 2094 1441
f 2093 2096 2094
f 2093 2095 2096
f 2092 2107 2095
f 2095 2107 2194
f 2095 2194 2096
f 2098 2099 2097
f 2085 2100 2098
f 2086 2102 2085
f 2098 2100 2099
f 2085 2102 2100
f 2100 2108 2099
f 2086 2101 2102
f 2102 2109 2100
f 2101 2110 2102
f 2097 2099 2123
f 2087 2106 2101
f 2106 2115 2101
f 2160 2114 2106
f 2102 2110 2109
f 2101 2115 2110
f 2099 2108 2129
f 2100 2109 2108
f 2109 2111 2108
f 2110 2113 2109
f 2115 2112 2110
f 2109 2113 2111
f 2110 2112 2113
f 2113 2118 2111
f 2112 2119 2113
f 2113 2119 2118
f 2112 2120 2119
f 2106 2114 2115
f 2175 2117 2114
f 2115 2116 2112
f 2114 2116 2115
f 2117 2121 2116
f 2116 2120 2112
f 2116 2121 2120
f 2114 2117 2116
f 2117 2122 2121
f 2121 2146 2120
f 2122 2148 2121
f 2122 2181 2148
f 2072 2125 2073
f 2072 2123 2125
f 2073 2124 2103
f 2103 2126 2104
f 2104 2127 2105
f 2073 2125 2124
f 2103 2124 2126
f 2099 2129 2123
f 2123 2130 2125
f 2125 2131 2124
f 2104 2126 2127
f 2124 2132 2126
f 2126 2137 2127
f 2105 2128 2107
f 2107 2196 2194
f 2105 2127 2128
f 2127 2138 2128
f 2107 2128 2196
f 2123 2129 2130
f 2125 2130 2131
f 2124 2131 2132
f 2126 2132 2137
f 2108 2133 2129
f 2108 2111 2133
f 2111 2118 2142
f 2129 2134 2130
f 2130 2135 2131
f 2129 2133 2134
f 2130 2134 2135
f 2111 2142 2133
f 2133 2143 2134
f 2133 2142 2143
f 2131 2136 2132
f 2131 2135 2136
f 2134 2144 2135
f 2134 2143 2144
f 2135 2144 2145
f 2135 2145 2136
f 2127 2137 2138
f 2128 2138 2207
f 2132 2139 2137
f 2132 2136 2139
f 2136 2145 2149
f 2136 2149 2139
f 2137 2140 2138
f 2137 2139 2140
f 2139 2211 2140
f 2139 2149 2211
f 2119 2141 2118
f 2120 2147 2119
f 2119 2147 2141
f 2118 2141 2150
f 2118 2150 2142
f 2143 2152 2144
f 2144 2153 2145
f 2120 2146 2147
f 2121 2148 2146
f 2146 2227 2147
f 2147 2226 2141
f 2148 2228 2146
f 2181 2225 2148
f 2145 2154 2149
f 2149 2214 2211
f 2142 2151 2143
f 2142 2150 2151
f 2143 2151 2152
f 2144 2152 2153
f 2141 2235 2150
f 2150 2236 2151
f 2151 2239 2152
f 2145 2153 2154
f 2149 2154 2214
f 2152 2237 2153
f 2153 2238 2154
f 1460 2155 2081
f 1461 2155 1460
f 1461 2157 2155
f 2157 2156 2155
f 2155 2156 2084
f 2158 2159 2156
f 2156 2088 2084
f 2156 2159 2088
f 1473 2157 1461
f 1473 2167 2157
f 2167 2158 2157
f 2157 2158 2156
f 2167 2168 2158
f 2168 2162 2158
f 2158 2162 2159
f 2159 2160 2088
f 2162 2161 2159
f 2159 2161 2160
f 2171 2163 2162
f 2162 2163 2161
f 2163 2177 2161
f 1441 2094 2164
f 1441 2164 1468
f 2094 2165 2164
f 1468 2164 2166
f 2094 2096 2165
f 2096 2194 2195
f 2096 2195 2165
f 1468 2166 1470
f 2164 2193 2166
f 1470 2166 2199
f 2164 2165 2193
f 2161 2175 2160
f 1474 2167 1473
f 1474 2169 2167
f 2169 2168 2167
f 2168 2171 2162
f 2169 2170 2168
f 2170 2171 2168
f 1566 2169 1474
f 2366 2170 2169
f 2170 2173 2171
f 2367 2173 2170
f 2173 2172 2171
f 2171 2172 2163
f 2172 2178 2163
f 2370 2174 2173
f 2173 2174 2172
f 2174 2185 2172
f 1470 2199 1479
f 2163 2178 2177
f 2160 2175 2114
f 2161 2177 2175
f 2175 2176 2117
f 2177 2176 2175
f 2177 2179 2176
f 2179 2180 2176
f 2179 2183 2180
f 2176 2122 2117
f 2176 2180 2122
f 2178 2179 2177
f 2187 2183 2179
f 2178 2187 2179
f 2187 2189 2183
f 2180 2181 2122
f 2180 2182 2181
f 2183 2182 2180
f 2189 2184 2183
f 2189 2190 2184
f 2183 2184 2182
f 2184 2259 2182
f 2190 2253 2184
f 2172 2185 2178
f 2174 2186 2185
f 2186 2188 2185
f 2186 2378 2188
f 2185 2187 2178
f 2188 2189 2187
f 2185 2188 2187
f 2188 2191 2189
f 2378 2191 2188
f 2378 2382 2191
f 2191 2190 2189
f 2191 2192 2190
f 2192 2254 2190
f 2382 2192 2191
f 2382 2383 2192
f 2383 2255 2192
f 2165 2195 2197
f 2165 2197 2193
f 2166 2193 2200
f 2194 2198 2195
f 2194 2196 2198
f 2128 2207 2196
f 2196 2209 2198
f 2195 2204 2197
f 2195 2198 2204
f 2198 2217 2204
f 2166 2200 2199
f 1479 2199 2201
f 2193 2197 2203
f 2193 2203 2200
f 1479 2201 1483
f 2199 2202 2201
f 2199 2200 2202
f 2200 2203 2205
f 2200 2205 2202
f 2197 2206 2203
f 2197 2204 2206
f 2204 2219 2206
f 2203 2394 2205
f 2203 2206 2394
f 2206 2405 2394
f 2196 2207 2209
f 2138 2140 2208
f 2138 2208 2207
f 2140 2212 2208
f 2140 2211 2212
f 2207 2208 2210
f 2208 2212 2213
f 2198 2209 2217
f 2207 2210 2209
f 2208 2213 2210
f 2209 2210 2218
f 2209 2218 2217
f 2210 2213 2221
f 2182 2258 2181
f 2211 2214 2215
f 2211 2215 2212
f 2212 2216 2213
f 2212 2215 2216
f 2213 2216 2223
f 2154 2270 2214
f 2214 2271 2215
f 2215 2272 2216
f 2204 2217 2219
f 2210 2221 2218
f 2217 2218 2220
f 2217 2220 2219
f 2218 2221 2222
f 2206 2219 2405
f 2218 2222 2220
f 2219 2220 2406
f 2220 2222 2409
f 2213 2223 2221
f 2221 2223 2224
f 2221 2224 2222
f 2222 2224 2411
f 2216 2287 2223
f 2223 2288 2224
f 2141 2226 2235
f 2147 2227 2226
f 2146 2228 2227
f 2148 2225 2228
f 2227 2230 2226
f 2228 2229 2227
f 2227 2229 2230
f 2225 2232 2228
f 2225 2260 2232
f 2228 2232 2229
f 2229 2231 2230
f 2229 2233 2231
f 2232 2233 2229
f 2232 2234 2233
f 2260 2234 2232
f 2260 2261 2234
f 2261 2241 2234
f 2150 2235 2236
f 2151 2236 2239
f 2235 2244 2236
f 2152 2239 2237
f 2153 2237 2238
f 2154 2238 2270
f 2226 2230 2243
f 2226 2243 2235
f 2236 2247 2239
f 2239 2249 2237
f 2239 2247 2249
f 2235 2243 2244
f 2236 2244 2247
f 2237 2274 2238
f 2237 2249 2274
f 2230 2231 2245
f 2233 2242 2231
f 2234 2240 2233
f 2231 2242 2319
f 2233 2240 2242
f 2234 2241 2240
f 2240 2252 2242
f 2241 2251 2240
f 2230 2245 2243
f 2231 2319 2245
f 2243 2245 2246
f 2243 2246 2244
f 2244 2246 2248
f 2244 2248 2247
f 2247 2248 2250
f 2246 2321 2248
f 2247 2250 2249
f 2249 2250 2275
f 2249 2275 2274
f 2248 2322 2250
f 2240 2251 2252
f 2242 2252 2324
f 2184 2253 2259
f 2254 2267 2253
f 2190 2254 2253
f 2255 2282 2254
f 2192 2255 2254
f 2255 2256 2282
f 2457 2256 2255
f 2256 2257 2283
f 2181 2258 2225
f 2182 2259 2258
f 2258 2260 2225
f 2259 2262 2258
f 2259 2265 2262
f 2258 2262 2260
f 2253 2265 2259
f 2253 2267 2265
f 2262 2261 2260
f 2262 2263 2261
f 2263 2273 2261
f 2265 2263 2262
f 2265 2266 2263
f 2266 2264 2263
f 2263 2264 2273
f 2267 2266 2265
f 2268 2269 2266
f 2267 2268 2266
f 2266 2269 2264
f 2269 2296 2264
f 2268 2285 2269
f 2285 2298 2269
f 2214 2270 2271
f 2238 2276 2270
f 2270 2279 2271
f 2238 2274 2276
f 2270 2276 2279
f 2215 2271 2272
f 2271 2289 2272
f 2271 2279 2289
f 2261 2273 2241
f 2273 2295 2241
f 2264 2297 2273
f 2274 2275 2277
f 2274 2277 2276
f 2250 2330 2275
f 2276 2277 2280
f 2275 2278 2277
f 2275 2330 2278
f 2276 2280 2279
f 2277 2281 2280
f 2279 2280 2290
f 2279 2290 2289
f 2280 2291 2290
f 2277 2278 2281
f 2280 2281 2291
f 2254 2282 2267
f 2282 2268 2267
f 2282 2283 2268
f 2283 2285 2268
f 2283 2284 2285
f 2284 2310 2285
f 2256 2283 2282
f 2257 2284 2283
f 2257 2286 2284
f 2286 2311 2284
f 2216 2272 2287
f 2272 2289 2292
f 2272 2292 2287
f 2223 2287 2288
f 2287 2292 2471
f 2287 2471 2288
f 2289 2290 2293
f 2289 2293 2292
f 2290 2294 2293
f 2290 2291 2294
f 2292 2293 2472
f 2292 2472 2471
f 2293 2473 2472
f 2291 2356 2294
f 2293 2294 2473
f 2285 2310 2298
f 2241 2295 2251
f 2273 2297 2295
f 2264 2296 2297
f 2296 2302 2297
f 2251 2299 2252
f 2295 2300 2251
f 2297 2301 2295
f 2295 2301 2300
f 2251 2300 2299
f 2297 2302 2301
f 2269 2298 2296
f 2298 2306 2296
f 2310 2305 2298
f 2298 2305 2306
f 2296 2306 2302
f 2300 2335 2299
f 2301 2336 2300
f 2300 2336 2335
f 2301 2303 2336
f 2306 2304 2302
f 2302 2303 2301
f 2302 2304 2303
f 2304 2339 2303
f 2305 2307 2306
f 2306 2307 2304
f 2305 2308 2307
f 2307 2346 2304
f 2307 2309 2346
f 2308 2309 2307
f 2308 2315 2309
f 2284 2311 2310
f 2311 2313 2310
f 2286 2485 2311
f 2311 2312 2313
f 2485 2312 2311
f 2485 2487 2312
f 2487 2317 2312
f 2310 2313 2305
f 2313 2308 2305
f 2313 2314 2308
f 2312 2314 2313
f 2317 2316 2314
f 2314 2315 2308
f 2314 2316 2315
f 2312 2317 2314
f 2317 2318 2316
f 2488 2318 2317
f 2245 2320 2246
f 2245 2319 2320
f 2246 2320 2321
f 2319 2325 2320
f 2248 2321 2322
f 2250 2322 2330
f 2242 2324 2319
f 2321 2331 2322
f 2320 2323 2321
f 2319 2324 2325
f 2320 2325 2323
f 2321 2323 2331
f 2252 2299 2326
f 2252 2326 2324
f 2324 2327 2325
f 2325 2340 2323
f 2324 2326 2327
f 2325 2327 2340
f 2299 2328 2326
f 2326 2329 2327
f 2326 2328 2329
f 2322 2332 2330
f 2330 2333 2278
f 2278 2334 2281
f 2281 2355 2291
f 2322 2331 2332
f 2330 2332 2333
f 2323 2341 2331
f 2323 2340 2341
f 2331 2341 2343
f 2331 2343 2332
f 2332 2343 2347
f 2278 2333 2334
f 2332 2347 2333
f 2333 2357 2334
f 2333 2347 2357
f 2299 2335 2328
f 2336 2337 2335
f 2303 2338 2336
f 2336 2338 2337
f 2335 2337 2350
f 2303 2339 2338
f 2304 2346 2339
f 2327 2342 2340
f 2340 2344 2341
f 2327 2329 2342
f 2340 2342 2344
f 2341 2345 2343
f 2341 2344 2345
f 2335 2350 2328
f 2342 2353 2344
f 2344 2354 2345
f 2343 2348 2347
f 2343 2345 2348
f 2347 2358 2357
f 2347 2348 2358
f 2345 2354 2349
f 2345 2349 2348
f 2348 2361 2358
f 2348 2349 2361
f 2328 2351 2329
f 2329 2352 2342
f 2328 2350 2351
f 2329 2351 2352
f 2342 2352 2353
f 2344 2353 2354
f 2281 2334 2355
f 2291 2355 2356
f 2334 2359 2355
f 2334 2357 2359
f 2294 2356 2533
f 2355 2362 2356
f 2355 2359 2362
f 2356 2362 2535
f 2357 2358 2360
f 2357 2360 2359
f 2358 2364 2360
f 2358 2361 2364
f 2359 2363 2362
f 2359 2360 2363
f 2360 2364 2365
f 2360 2365 2363
f 1566 2366 2169
f 1568 2366 1566
f 2368 2367 2366
f 2366 2367 2170
f 2367 2370 2173
f 1568 2368 2366
f 2368 2369 2367
f 2369 2370 2367
f 2369 2372 2370
f 2370 2371 2174
f 2371 2186 2174
f 2372 2371 2370
f 2375 2379 2371
f 2372 2375 2371
f 1574 2368 1568
f 2373 2369 2368
f 1574 2373 2368
f 2374 2372 2369
f 2373 2374 2369
f 2374 2376 2372
f 1615 2373 1574
f 2417 2374 2373
f 2418 2376 2374
f 2376 2375 2372
f 2376 2377 2375
f 2377 2385 2375
f 2419 2377 2376
f 2371 2379 2186
f 2379 2378 2186
f 2380 2382 2378
f 2379 2380 2378
f 2380 2381 2382
f 2375 2385 2379
f 2385 2380 2379
f 2386 2381 2380
f 2389 2384 2381
f 2381 2383 2382
f 2384 2457 2383
f 2381 2384 2383
f 2391 2458 2384
f 2385 2386 2380
f 2386 2389 2381
f 2387 2386 2385
f 2388 2389 2386
f 2377 2387 2385
f 2387 2388 2386
f 2388 2390 2389
f 2389 2391 2384
f 2390 2391 2389
f 2390 2430 2391
f 2430 2463 2391
f 1483 2201 2392
f 1483 2392 1594
f 2201 2393 2392
f 2201 2202 2393
f 2202 2205 2395
f 2202 2395 2393
f 1594 2392 2397
f 1594 2397 1596
f 2392 2398 2397
f 2392 2393 2398
f 2393 2395 2399
f 2393 2399 2398
f 2205 2396 2395
f 2205 2394 2396
f 2394 2407 2396
f 2395 2396 2400
f 1596 2397 2401
f 1596 2401 1600
f 2397 2398 2402
f 2398 2399 2403
f 2397 2402 2401
f 2398 2403 2402
f 2395 2400 2399
f 2396 2413 2400
f 2399 2400 2404
f 1600 2401 2437
f 2399 2404 2403
f 2400 2445 2404
f 2394 2405 2407
f 2219 2406 2405
f 2220 2409 2406
f 2405 2406 2408
f 2406 2409 2410
f 2396 2407 2413
f 2405 2408 2407
f 2406 2410 2408
f 2222 2411 2409
f 2224 2470 2411
f 2409 2412 2410
f 2409 2411 2412
f 2411 2477 2412
f 2407 2408 2414
f 2407 2414 2413
f 2408 2410 2415
f 2408 2415 2414
f 2400 2413 2445
f 2413 2414 2446
f 2414 2415 2449
f 2413 2446 2445
f 2414 2449 2446
f 2410 2412 2416
f 2410 2416 2415
f 2412 2478 2416
f 2415 2416 2450
f 1615 2417 2373
f 1617 2417 1615
f 2417 2418 2374
f 2418 2419 2376
f 2421 2418 2417
f 1617 2421 2417
f 2422 2419 2418
f 2421 2422 2418
f 2422 2425 2419
f 2419 2420 2377
f 2420 2387 2377
f 2425 2420 2419
f 2425 2426 2420
f 2426 2428 2420
f 1619 2421 1617
f 2423 2422 2421
f 2424 2425 2422
f 1619 2423 2421
f 2424 2427 2425
f 2423 2424 2422
f 2427 2426 2425
f 2427 2901 2426
f 2901 2433 2426
f 2420 2428 2387
f 2428 2388 2387
f 2429 2390 2388
f 2428 2429 2388
f 2429 2431 2390
f 2433 2429 2428
f 2434 2431 2429
f 2431 2430 2390
f 2431 2432 2430
f 2432 2500 2430
f 2435 2432 2431
f 2426 2433 2428
f 2433 2434 2429
f 2434 2435 2431
f 2901 2909 2433
f 2909 2434 2433
f 2910 2435 2434
f 2909 2910 2434
f 2910 2912 2435
f 2435 2436 2432
f 2436 2501 2432
f 2912 2436 2435
f 2913 2507 2436
f 1600 2437 1630
f 2401 2438 2437
f 2401 2402 2438
f 2402 2403 2439
f 2402 2439 2438
f 2437 2438 2442
f 2438 2439 2443
f 1630 2437 2441
f 1630 2441 1632
f 2403 2440 2439
f 2403 2404 2440
f 2404 2447 2440
f 2439 2440 2444
f 2437 2442 2441
f 2438 2443 2442
f 1632 2441 2978
f 2441 2979 2978
f 2441 2442 2979
f 2442 2443 2982
f 2442 2982 2979
f 2439 2444 2443
f 2440 2452 2444
f 2443 2983 2982
f 2443 2444 2983
f 2404 2445 2447
f 2445 2446 2448
f 2446 2449 2451
f 2445 2448 2447
f 2446 2451 2448
f 2415 2450 2449
f 2416 2519 2450
f 2449 2454 2451
f 2449 2450 2454
f 2450 2523 2454
f 2440 2447 2452
f 2447 2448 2453
f 2448 2451 2455
f 2447 2453 2452
f 2448 2455 2453
f 2444 2452 2921
f 2452 2453 2922
f 2453 2455 2923
f 2451 2454 2456
f 2451 2456 2455
f 2454 2524 2456
f 2383 2457 2255
f 2457 2459 2256
f 2458 2459 2457
f 2384 2458 2457
f 2458 2461 2459
f 2459 2257 2256
f 2459 2460 2257
f 2460 2286 2257
f 2460 2469 2286
f 2461 2460 2459
f 2462 2469 2460
f 2461 2462 2460
f 2462 2464 2469
f 2391 2463 2458
f 2463 2461 2458
f 2463 2465 2461
f 2430 2500 2463
f 2500 2465 2463
f 2500 2502 2465
f 2465 2466 2462
f 2465 2462 2461
f 2466 2464 2462
f 2466 2467 2464
f 2467 2493 2464
f 2502 2466 2465
f 2503 2467 2466
f 2504 2468 2467
f 2467 2468 2493
f 2469 2485 2286
f 2464 2486 2469
f 2224 2288 2470
f 2288 2471 2474
f 2288 2474 2470
f 2411 2470 2477
f 2470 2474 2479
f 2470 2479 2477
f 2471 2472 2475
f 2471 2475 2474
f 2472 2476 2475
f 2294 2533 2473
f 2472 2473 2476
f 2474 2475 2480
f 2474 2480 2479
f 2473 2534 2476
f 2475 2476 2481
f 2412 2477 2478
f 2477 2479 2482
f 2416 2478 2519
f 2477 2482 2478
f 2475 2481 2480
f 2479 2480 2483
f 2476 2541 2481
f 2480 2481 2484
f 2479 2483 2482
f 2480 2484 2483
f 2481 2546 2484
f 2469 2486 2485
f 2486 2487 2485
f 2486 2489 2487
f 2464 2493 2486
f 2493 2489 2486
f 2487 2488 2317
f 2489 2488 2487
f 2490 2492 2488
f 2489 2490 2488
f 2494 2490 2489
f 2490 2491 2492
f 2495 2491 2490
f 2476 2534 2541
f 2488 2492 2318
f 2493 2494 2489
f 2468 2494 2493
f 2468 2497 2494
f 2497 2495 2494
f 2494 2495 2490
f 2495 2496 2491
f 2498 2496 2495
f 2497 2498 2495
f 2498 2499 2496
f 2432 2501 2500
f 2501 2502 2500
f 2501 2505 2502
f 2502 2503 2466
f 2505 2503 2502
f 2503 2504 2467
f 2505 2506 2503
f 2506 2504 2503
f 2506 2508 2504
f 2508 2512 2504
f 2436 2507 2501
f 2940 2509 2507
f 2507 2505 2501
f 2507 2509 2505
f 2509 2506 2505
f 2510 2508 2506
f 2509 2510 2506
f 2511 2513 2508
f 2941 2510 2509
f 2510 2511 2508
f 2504 2512 2468
f 2512 2497 2468
f 2508 2513 2512
f 2513 2529 2512
f 2513 2515 2529
f 2514 2515 2513
f 2511 2514 2513
f 2514 2517 2515
f 2517 2516 2515
f 2517 2518 2516
f 2478 2520 2519
f 2478 2482 2520
f 2450 2519 2523
f 2519 2520 2525
f 2519 2525 2523
f 2482 2483 2521
f 2482 2521 2520
f 2483 2522 2521
f 2483 2484 2522
f 2520 2521 2526
f 2520 2526 2525
f 2521 2522 2545
f 2454 2523 2524
f 2523 2525 2527
f 2523 2527 2524
f 2521 2545 2526
f 2525 2526 2528
f 2525 2528 2527
f 2512 2529 2497
f 2529 2498 2497
f 2529 2530 2498
f 2530 2499 2498
f 2530 2531 2499
f 2515 2530 2529
f 2515 2516 2530
f 2516 2531 2530
f 2516 2532 2531
f 2518 2532 2516
f 2518 2956 2532
f 1632 2978 1670
f 2473 2533 2534
f 2356 2535 2533
f 2533 2535 2538
f 2533 2538 2534
f 2362 2536 2535
f 2362 2363 2536
f 2363 2365 2537
f 2363 2537 2536
f 2535 2539 2538
f 2535 2536 2539
f 2536 2537 2540
f 2536 2540 2539
f 2534 2542 2541
f 2534 2538 2542
f 2481 2541 2546
f 2541 2542 2548
f 2541 2548 2546
f 2538 2539 2543
f 2538 2543 2542
f 2539 2540 2544
f 2539 2544 2543
f 2542 2543 2549
f 2542 2549 2548
f 2543 2544 2550
f 2543 2550 2549
f 2484 2547 2522
f 2522 2554 2545
f 2526 3016 2528
f 2526 2545 3016
f 2545 3024 3016
f 2484 2546 2547
f 2546 2551 2547
f 2546 2548 2551
f 2522 2547 2554
f 2547 2551 2555
f 2548 2549 2552
f 2549 2550 2553
f 2548 2552 2551
f 2549 2553 2552
f 2547 2555 2554
f 2545 2554 3024
f 2554 2555 3026
f 2554 3026 3024
f 2551 2556 2555
f 2551 2552 2556
f 2552 2553 2557
f 2552 2557 2556
f 2555 2556 3027
f 2555 3027 3026
f 2556 3028 3027
f 2556 2557 3028
f 2315 2564 2309
f 2316 2591 2315
f 2315 2591 2564
f 2316 2558 2591
f 2492 2559 2318
f 2318 2558 2316
f 2318 2559 2558
f 2559 2598 2558
f 2559 2738 2598
f 2346 2560 2339
f 2338 2561 2337
f 2339 2562 2338
f 2338 2562 2561
f 2339 2560 2562
f 2337 2574 2350
f 2337 2561 2574
f 2560 2566 2562
f 2562 2565 2561
f 2562 2566 2565
f 2309 2563 2346
f 2346 2563 2560
f 2309 2564 2563
f 2564 2568 2563
f 2564 2593 2568
f 2563 2567 2560
f 2560 2567 2566
f 2563 2568 2567
f 2566 2580 2565
f 2567 2581 2566
f 2566 2581 2580
f 2568 2569 2567
f 2567 2569 2581
f 2593 2570 2568
f 2593 2594 2570
f 2568 2570 2569
f 2570 2584 2569
f 2594 2585 2570
f 2570 2585 2584
f 2350 2571 2351
f 2351 2572 2352
f 2350 2574 2571
f 2351 2571 2572
f 2352 2573 2353
f 2352 2572 2573
f 2353 2573 2575
f 2561 2565 2577
f 2561 2577 2574
f 2574 2578 2571
f 2571 2579 2572
f 2572 2586 2573
f 2574 2577 2578
f 2571 2578 2579
f 2572 2579 2586
f 2353 2575 2354
f 2354 2575 2576
f 2354 2576 2349
f 2573 2587 2575
f 2575 2603 2576
f 2573 2586 2587
f 2575 2587 2603
f 2565 2580 2629
f 2565 2629 2577
f 2578 2588 2579
f 2577 2630 2578
f 2577 2629 2630
f 2578 2630 2588
f 2580 2631 2629
f 2581 2582 2580
f 2569 2583 2581
f 2581 2583 2582
f 2569 2584 2583
f 2580 2582 2631
f 2579 2589 2586
f 2579 2588 2589
f 2586 2589 2590
f 2586 2590 2587
f 2587 2590 2605
f 2589 2635 2590
f 2591 2593 2564
f 2591 2592 2593
f 2558 2592 2591
f 2558 2598 2592
f 2361 2602 2364
f 2364 2743 2365
f 2598 2596 2592
f 2592 2594 2593
f 2592 2596 2594
f 2596 2595 2594
f 2594 2595 2585
f 2596 2597 2595
f 2598 2599 2596
f 2738 2599 2598
f 2738 2739 2599
f 2739 2600 2599
f 2599 2597 2596
f 2599 2600 2597
f 2349 2601 2361
f 2349 2576 2601
f 2361 2601 2602
f 2576 2604 2601
f 2601 2604 2608
f 2576 2603 2604
f 2364 2602 2743
f 2601 2608 2602
f 2602 2745 2743
f 2602 2608 2745
f 2587 2605 2603
f 2603 2605 2607
f 2603 2607 2604
f 2590 2606 2605
f 2590 2635 2606
f 2605 2609 2607
f 2605 2606 2609
f 2604 2607 2610
f 2604 2610 2608
f 2608 2610 2746
f 2607 2611 2610
f 2607 2609 2611
f 2583 2612 2582
f 2584 2613 2583
f 2585 2614 2584
f 2583 2613 2612
f 2584 2614 2613
f 2585 2618 2614
f 2582 2612 2636
f 2582 2636 2631
f 2613 2615 2612
f 2614 2616 2613
f 2613 2616 2615
f 2614 2621 2616
f 2616 2648 2615
f 2597 2619 2595
f 2597 2620 2619
f 2600 2620 2597
f 2600 2617 2620
f 2740 2617 2600
f 2595 2618 2585
f 2595 2619 2618
f 2618 2621 2614
f 2619 2622 2618
f 2620 2623 2619
f 2617 2626 2620
f 2609 2773 2611
f 2619 2623 2622
f 2618 2622 2621
f 2621 2649 2616
f 2616 2649 2648
f 2621 2624 2649
f 2622 2624 2621
f 2622 2625 2624
f 2625 2666 2624
f 2623 2625 2622
f 2623 2627 2625
f 2627 2659 2625
f 2620 2626 2623
f 2617 2762 2626
f 2762 2628 2626
f 2762 2764 2628
f 2626 2627 2623
f 2626 2628 2627
f 2628 2660 2627
f 2764 2661 2628
f 2629 2633 2630
f 2629 2631 2633
f 2630 2632 2588
f 2588 2634 2589
f 2630 2633 2632
f 2588 2632 2634
f 2589 2634 2635
f 2631 2637 2633
f 2633 2638 2632
f 2632 2639 2634
f 2631 2636 2637
f 2633 2637 2638
f 2632 2638 2639
f 2634 2645 2635
f 2634 2639 2645
f 2612 2640 2636
f 2636 2641 2637
f 2637 2642 2638
f 2638 2650 2639
f 2612 2615 2640
f 2615 2648 2643
f 2636 2640 2641
f 2637 2641 2642
f 2638 2642 2650
f 2615 2643 2640
f 2648 2662 2643
f 2640 2644 2641
f 2640 2643 2644
f 2641 2653 2642
f 2641 2644 2653
f 2643 2663 2644
f 2644 2681 2653
f 2635 2646 2606
f 2635 2645 2646
f 2606 2647 2609
f 2606 2646 2647
f 2639 2651 2645
f 2645 2652 2646
f 2609 2647 2773
f 2646 2656 2647
f 2647 2776 2773
f 2649 2664 2648
f 2624 2665 2649
f 2639 2650 2651
f 2645 2651 2652
f 2642 2654 2650
f 2642 2653 2654
f 2650 2655 2651
f 2650 2654 2655
f 2653 2682 2654
f 2651 2657 2652
f 2651 2655 2657
f 2654 2670 2655
f 2647 2656 2776
f 2646 2652 2656
f 2652 2658 2656
f 2652 2657 2658
f 2655 2674 2657
f 2656 2658 2777
f 2657 2675 2658
f 2625 2659 2666
f 2627 2660 2659
f 2628 2661 2660
f 2661 2671 2660
f 2814 2673 2661
f 2661 2673 2671
f 2643 2662 2663
f 2644 2663 2681
f 2662 2684 2663
f 2649 2665 2664
f 2624 2666 2665
f 2665 2667 2664
f 2666 2669 2665
f 2648 2664 2662
f 2659 2668 2666
f 2660 2672 2659
f 2665 2669 2667
f 2659 2672 2668
f 2666 2668 2669
f 2654 2682 2670
f 2664 2683 2662
f 2655 2670 2674
f 2664 2667 2683
f 2660 2671 2672
f 2657 2674 2675
f 2668 2677 2669
f 2672 2679 2668
f 2669 2676 2667
f 2669 2677 2676
f 2668 2679 2677
f 2667 2676 2689
f 2677 2695 2676
f 2671 2680 2672
f 2671 2678 2680
f 2673 2678 2671
f 2673 2828 2678
f 2672 2680 2679
f 2680 2697 2679
f 2679 2696 2677
f 2679 2697 2696
f 2677 2696 2695
f 2680 2698 2697
f 2678 2698 2680
f 2828 2699 2678
f 2678 2699 2698
f 2653 2681 2682
f 2663 2685 2681
f 2681 2686 2682
f 2682 2687 2670
f 2662 2683 2684
f 2663 2684 2685
f 2681 2685 2686
f 2682 2686 2687
f 2670 2688 2674
f 2674 2831 2675
f 2670 2687 2688
f 2674 2688 2831
f 2667 2689 2683
f 2683 2690 2684
f 2684 2691 2685
f 2685 2692 2686
f 2676 2695 2700
f 2676 2700 2689
f 2683 2689 2690
f 2684 2690 2691
f 2685 2691 2692
f 2686 2692 2693
f 2689 2701 2690
f 2690 2702 2691
f 2691 2707 2692
f 2689 2700 2701
f 2690 2701 2702
f 2691 2702 2707
f 2686 2693 2687
f 2687 2694 2688
f 2688 2694 2834
f 2687 2693 2694
f 2692 2708 2693
f 2692 2707 2708
f 2693 2849 2694
f 2693 2708 2849
f 2699 2705 2698
f 2695 3805 2700
f 2696 2703 2695
f 2697 2704 2696
f 2698 2706 2697
f 2696 2704 2703
f 2697 2706 2704
f 2698 2705 2706
f 2695 2703 3805
f 2704 2709 2703
f 2706 2710 2704
f 2705 2711 2706
f 2706 2711 2710
f 2704 2710 2709
f 2703 2709 3810
f 2710 7677 2709
f 2711 7678 2710
f 2496 2713 2491
f 2492 2712 2559
f 2491 2712 2492
f 2712 2738 2559
f 2712 2714 2738
f 2491 2713 2712
f 2713 2714 2712
f 2713 2715 2714
f 2715 2741 2714
f 2715 2717 2741
f 2717 2742 2741
f 2717 2718 2742
f 2499 2716 2496
f 2499 2722 2716
f 2496 2716 2713
f 2716 2715 2713
f 2716 2719 2715
f 2722 2719 2716
f 2722 2724 2719
f 2719 2717 2715
f 2719 2720 2717
f 2720 2718 2717
f 2720 2721 2718
f 2724 2720 2719
f 2724 2725 2720
f 2725 2721 2720
f 2726 2768 2721
f 2531 2722 2499
f 2531 2723 2722
f 2723 2724 2722
f 2532 2723 2531
f 2723 2727 2724
f 2730 2727 2723
f 2727 2725 2724
f 2728 2726 2725
f 2725 2726 2721
f 2727 2728 2725
f 2728 2729 2726
f 2532 2730 2723
f 2730 2731 2727
f 2956 2730 2532
f 2956 3187 2730
f 3187 2731 2730
f 3187 3189 2731
f 3189 2732 2731
f 3189 3190 2732
f 2731 2728 2727
f 2731 2732 2728
f 2732 2729 2728
f 2732 2733 2729
f 3190 2733 2732
f 3190 3194 2733
f 2726 2734 2768
f 2729 2734 2726
f 2729 2735 2734
f 2735 2798 2734
f 2733 2735 2729
f 2733 2736 2735
f 2736 2800 2735
f 3194 2736 2733
f 3199 2737 2736
f 2736 2737 2800
f 3200 2802 2737
f 2365 2743 2744
f 2365 2744 2537
f 2537 2744 2751
f 2537 2751 2540
f 2714 2739 2738
f 2714 2741 2739
f 2739 2740 2600
f 2741 2740 2739
f 2741 2742 2740
f 2743 2748 2744
f 2743 2745 2748
f 2744 2753 2751
f 2744 2748 2753
f 2608 2746 2745
f 2745 2746 2749
f 2610 2747 2746
f 2610 2611 2747
f 2746 2747 2750
f 2745 2749 2748
f 2748 2749 2754
f 2746 2750 2749
f 2749 2750 2755
f 2540 2751 2752
f 2540 2752 2544
f 2544 2752 2786
f 2751 2753 2756
f 2751 2756 2752
f 2752 2756 2788
f 2748 2754 2753
f 2753 2754 2757
f 2749 2755 2754
f 2754 2755 2758
f 2753 2757 2756
f 2754 2758 2757
f 2742 2759 2740
f 2740 2759 2617
f 2759 2762 2617
f 2760 2763 2759
f 2742 2760 2759
f 2718 2760 2742
f 2767 2761 2760
f 2759 2763 2762
f 2760 2761 2763
f 2611 2774 2747
f 2747 2775 2750
f 2763 2764 2762
f 2763 2765 2764
f 2765 2814 2764
f 2761 2765 2763
f 2761 2766 2765
f 2766 2816 2765
f 2718 2767 2760
f 2721 2767 2718
f 2768 2769 2767
f 2721 2768 2767
f 2734 2771 2768
f 2767 2769 2761
f 2769 2766 2761
f 2769 2770 2766
f 2768 2771 2769
f 2771 2770 2769
f 2771 2772 2770
f 2772 2820 2770
f 2750 2780 2755
f 2750 2775 2780
f 2755 2781 2758
f 2755 2780 2781
f 2770 2817 2766
f 2611 2773 2774
f 2773 2778 2774
f 2747 2774 2775
f 2774 2782 2775
f 2773 2776 2778
f 2656 2777 2776
f 2658 2826 2777
f 2776 2777 2779
f 2776 2779 2778
f 2774 2778 2782
f 2777 2827 2779
f 2778 2779 2783
f 2778 2783 2782
f 2779 2837 2783
f 2775 2784 2780
f 2780 2804 2781
f 2775 2782 2784
f 2782 2783 2785
f 2782 2785 2784
f 2783 2838 2785
f 2780 2784 2804
f 2784 2805 2804
f 2784 2785 2805
f 2785 2881 2805
f 2544 2786 2550
f 2550 2786 2787
f 2550 2787 2553
f 2752 2788 2786
f 2786 2792 2787
f 2786 2788 2792
f 2756 2757 2789
f 2756 2789 2788
f 2757 2790 2789
f 2757 2758 2790
f 2788 2793 2792
f 2788 2789 2793
f 2789 2790 2794
f 2789 2794 2793
f 2553 2787 2791
f 2553 2791 2557
f 2787 2792 2795
f 2787 2795 2791
f 2557 2791 3225
f 2791 2795 3226
f 2792 2796 2795
f 2792 2793 2796
f 2793 2794 2797
f 2795 2796 3227
f 2793 2797 2796
f 2796 2797 3228
f 2734 2798 2771
f 2798 2772 2771
f 2799 2819 2772
f 2798 2799 2772
f 2735 2800 2798
f 2800 2799 2798
f 2800 2801 2799
f 2801 2865 2799
f 2758 2781 2803
f 2758 2803 2790
f 2790 2803 2808
f 2790 2808 2794
f 2737 2801 2800
f 2802 2870 2801
f 2737 2802 2801
f 3236 2872 2802
f 2794 2808 2809
f 2794 2809 2797
f 2781 2806 2803
f 2803 2810 2808
f 2781 2804 2806
f 2804 2807 2806
f 2804 2805 2807
f 2803 2806 2810
f 2805 2882 2807
f 2806 2807 2811
f 2808 2812 2809
f 2808 2810 2812
f 2806 2811 2810
f 2807 2887 2811
f 2810 2811 2813
f 2810 2813 2812
f 2811 3276 2813
f 2765 2816 2814
f 2764 2814 2661
f 2816 2815 2814
f 2814 2815 2673
f 2816 2818 2815
f 2817 2818 2816
f 2766 2817 2816
f 2817 2821 2818
f 2818 2829 2815
f 2818 2830 2829
f 2821 2830 2818
f 2772 2819 2820
f 2820 2821 2817
f 2770 2820 2817
f 2820 2822 2821
f 2819 2822 2820
f 2819 2867 2822
f 2821 2823 2830
f 2822 2823 2821
f 2822 2824 2823
f 2824 2856 2823
f 2867 2824 2822
f 2867 2868 2824
f 2824 2825 2856
f 2868 2825 2824
f 2658 2675 2826
f 2675 2832 2826
f 2777 2826 2827
f 2826 2833 2827
f 2779 2827 2837
f 2815 2828 2673
f 2815 2829 2828
f 2829 2843 2828
f 2829 2845 2843
f 2828 2843 2699
f 2830 2845 2829
f 2823 2846 2830
f 2830 2846 2845
f 2675 2831 2832
f 2826 2832 2833
f 2827 2833 2839
f 2688 2834 2831
f 2831 2835 2832
f 2831 2834 2835
f 2694 2850 2834
f 2694 2849 2850
f 2834 2851 2835
f 2834 2850 2851
f 2832 2836 2833
f 2832 2835 2836
f 2835 2862 2836
f 2835 2851 2862
f 2827 2839 2837
f 2783 2837 2838
f 2837 2839 2840
f 2837 2840 2838
f 2785 2838 2881
f 2838 2840 2883
f 2823 2856 2846
f 2833 2841 2839
f 2833 2836 2841
f 2836 2862 2863
f 2836 2863 2841
f 2839 2842 2840
f 2839 2841 2842
f 2841 2864 2842
f 2841 2863 2864
f 2843 2848 2699
f 2845 2844 2843
f 2843 2844 2848
f 2846 2847 2845
f 2845 2847 2844
f 2846 2858 2847
f 2858 2855 2847
f 2699 2848 2705
f 2708 3814 2849
f 2849 3815 2850
f 2850 3816 2851
f 2851 3821 2862
f 2851 3816 3821
f 2848 2852 2705
f 2705 2852 2711
f 2848 2853 2852
f 2844 2853 2848
f 2844 2854 2853
f 2854 7680 2853
f 2852 7679 2711
f 2853 7681 2852
f 2847 2854 2844
f 2847 2855 2854
f 2855 7682 2854
f 2856 2858 2846
f 2856 2857 2858
f 2825 2857 2856
f 2876 2859 2825
f 2825 2859 2857
f 2858 2860 2855
f 2857 2860 2858
f 2857 2861 2860
f 2859 2861 2857
f 2859 2891 2861
f 2891 7687 2861
f 2862 3822 2863
f 2862 3821 3822
f 2863 3825 2864
f 2863 3822 3825
f 2860 7685 2855
f 2861 7686 2860
f 2865 2867 2819
f 2799 2865 2819
f 2865 2866 2867
f 2801 2870 2865
f 2870 2866 2865
f 2870 2871 2866
f 2866 2868 2867
f 2868 2876 2825
f 2869 2876 2868
f 2866 2869 2868
f 2871 2869 2866
f 2875 2877 2869
f 2869 2877 2876
f 2872 2871 2870
f 2802 2872 2870
f 2872 2873 2871
f 2873 2875 2871
f 2873 2874 2875
f 2871 2875 2869
f 2875 2879 2877
f 2874 2879 2875
f 2874 3267 2879
f 2877 2890 2876
f 2877 2878 2890
f 2879 2878 2877
f 2879 2880 2878
f 3267 2880 2879
f 3267 3268 2880
f 2880 2895 2878
f 3268 2896 2880
f 2838 2883 2881
f 2805 2881 2882
f 2881 2883 2884
f 2881 2884 2882
f 2807 2882 2887
f 2840 2885 2883
f 2840 2842 2885
f 2842 2893 2885
f 2842 2864 2893
f 2883 2886 2884
f 2883 2885 2886
f 2885 2897 2886
f 2885 2893 2897
f 2882 2888 2887
f 2882 2884 2888
f 2811 2887 3276
f 2887 3278 3276
f 2887 2888 3278
f 2884 2886 2889
f 2884 2889 2888
f 2886 2899 2889
f 2886 2897 2899
f 2888 2889 3280
f 2888 3280 3278
f 2889 3285 3280
f 2889 2899 3285
f 2876 2890 2859
f 2890 2891 2859
f 2890 2892 2891
f 2892 7692 2891
f 2878 2892 2890
f 2878 2895 2892
f 2895 7693 2892
f 2864 2894 2893
f 2864 3825 2894
f 2893 2898 2897
f 2893 2894 2898
f 2880 2896 2895
f 2896 7699 2895
f 3271 7700 2896
f 2897 3828 2899
f 2897 2898 3828
f 2899 3828 3836
f 1883 2423 1619
f 2904 2424 2423
f 1883 2904 2423
f 2900 2427 2424
f 2904 2900 2424
f 2900 2902 2427
f 2902 2901 2427
f 2903 2909 2901
f 2902 2903 2901
f 1886 2904 1883
f 2905 2900 2904
f 2907 2903 2902
f 2908 2911 2903
f 1886 2905 2904
f 2906 2902 2900
f 2905 2906 2900
f 2906 2907 2902
f 1896 2905 1886
f 2924 2906 2905
f 2925 2907 2906
f 2907 2908 2903
f 2926 2908 2907
f 2914 2912 2910
f 2911 2910 2909
f 2903 2911 2909
f 2911 2914 2910
f 2914 2917 2912
f 2912 2913 2436
f 2917 2913 2912
f 2917 2918 2913
f 2918 2940 2913
f 2908 2915 2911
f 2915 2914 2911
f 2916 2917 2914
f 2915 2916 2914
f 2916 2919 2917
f 2919 2918 2917
f 2920 2944 2918
f 2919 2920 2918
f 2444 2921 2983
f 2452 2922 2921
f 2453 2923 2922
f 2455 2990 2923
f 2455 2456 2990
f 2456 3015 2990
f 1896 2924 2905
f 2924 2925 2906
f 2925 2926 2907
f 1897 2924 1896
f 2928 2925 2924
f 1897 2928 2924
f 2929 2926 2925
f 2927 2915 2908
f 2926 2927 2908
f 2931 2927 2926
f 2930 2932 2927
f 2928 2929 2925
f 2929 2931 2926
f 3063 2929 2928
f 3064 2931 2929
f 3063 3064 2929
f 3064 3053 2931
f 2931 2930 2927
f 3054 2936 2930
f 3053 2930 2931
f 2932 2916 2915
f 2933 2919 2916
f 2933 2934 2919
f 2934 2920 2919
f 2935 2957 2920
f 2934 2935 2920
f 2927 2932 2915
f 2932 2933 2916
f 2930 2936 2932
f 2936 2933 2932
f 2937 2934 2933
f 2936 2937 2933
f 2937 2938 2934
f 3056 2937 2936
f 3055 2938 2937
f 2938 2935 2934
f 2938 2939 2935
f 2939 2958 2935
f 1989 2928 1897
f 1989 3063 2928
f 2913 2940 2507
f 2918 2944 2940
f 2944 2941 2940
f 2940 2941 2509
f 2941 2942 2510
f 2942 2511 2510
f 2943 2514 2511
f 2942 2943 2511
f 2945 2942 2941
f 2946 2943 2942
f 2947 2948 2943
f 2944 2945 2941
f 2920 2957 2944
f 2957 2945 2944
f 2957 2959 2945
f 2945 2946 2942
f 2946 2947 2943
f 2959 2946 2945
f 2960 2947 2946
f 2959 2960 2946
f 2961 2952 2947
f 2960 2961 2947
f 2943 2948 2514
f 2948 2517 2514
f 2948 2949 2517
f 2952 2949 2948
f 2949 2518 2517
f 2949 2950 2518
f 2950 2956 2518
f 2953 2950 2949
f 2950 2951 2956
f 2947 2952 2948
f 2952 2953 2949
f 2961 2969 2952
f 2969 2953 2952
f 2953 2954 2950
f 2954 2951 2950
f 2954 2955 2951
f 2970 2954 2953
f 2971 2955 2954
f 2456 2524 3015
f 2958 2959 2957
f 2935 2958 2957
f 2958 2963 2959
f 2963 2960 2959
f 2964 2961 2960
f 2963 2964 2960
f 2965 2969 2961
f 2964 2965 2961
f 2962 2963 2958
f 2939 2962 2958
f 2962 2966 2963
f 2966 2964 2963
f 2967 2965 2964
f 2968 2973 2965
f 2966 2967 2964
f 2967 2968 2965
f 2969 2970 2953
f 2965 2973 2969
f 2973 2970 2969
f 2973 2975 2970
f 2970 2971 2954
f 2971 2972 2955
f 2975 2971 2970
f 2975 2976 2971
f 2976 2972 2971
f 2976 2977 2972
f 2974 2975 2973
f 2968 2974 2973
f 2974 3094 2975
f 3094 2976 2975
f 3095 2977 2976
f 3094 3095 2976
f 3095 3096 2977
f 1670 2978 2980
f 2979 2982 2984
f 2978 2979 2981
f 2978 2981 2980
f 2979 2984 2981
f 1670 2980 1957
f 2982 2985 2984
f 2982 2983 2985
f 2983 2991 2985
f 1957 2980 2988
f 2980 2989 2988
f 2980 2981 2989
f 2981 2984 2986
f 2981 2986 2989
f 2984 2985 2987
f 2984 2987 2986
f 2985 3001 2987
f 1957 2988 1962
f 1962 2988 2995
f 2983 2921 2991
f 2921 2922 2992
f 2922 2923 2993
f 2921 2992 2991
f 2922 2993 2992
f 2923 2990 2994
f 2985 2991 3001
f 2991 2992 3002
f 2992 2993 3003
f 2991 3002 3001
f 2992 3003 3002
f 2923 2994 2993
f 2990 3020 2994
f 2993 2994 3004
f 2993 3004 3003
f 2994 3036 3004
f 2988 2996 2995
f 2988 2989 2996
f 2989 2986 2997
f 2989 2997 2996
f 1962 2995 1969
f 1969 2995 3013
f 2995 2996 3014
f 2996 2997 2999
f 2986 2998 2997
f 2986 2987 2998
f 2987 3005 2998
f 2995 3014 3013
f 2996 2999 3014
f 2997 2998 3000
f 2997 3000 2999
f 2998 3009 3000
f 2999 3000 3126
f 2987 3001 3005
f 3001 3002 3006
f 3002 3003 3007
f 3001 3006 3005
f 3002 3007 3006
f 3003 3004 3010
f 3003 3010 3007
f 3004 3042 3010
f 2998 3005 3009
f 3005 3006 3008
f 3006 3007 3011
f 3005 3008 3009
f 3006 3011 3008
f 3007 3010 3012
f 3007 3012 3011
f 3010 3043 3012
f 1969 3013 1983
f 1983 3013 3123
f 3014 2999 3125
f 3013 3014 3124
f 1983 3123 2043
f 2524 2527 3017
f 2524 3017 3015
f 2990 3015 3020
f 3015 3017 3021
f 2527 2528 3018
f 2527 3018 3017
f 2528 3016 3019
f 2528 3019 3018
f 3016 3025 3019
f 3015 3021 3020
f 2994 3020 3036
f 3020 3021 3037
f 3017 3018 3022
f 3017 3022 3021
f 3018 3023 3022
f 3018 3019 3023
f 3019 3031 3023
f 3021 3022 3038
f 3022 3023 3039
f 3016 3024 3025
f 3024 3026 3029
f 3024 3029 3025
f 3026 3027 3030
f 3027 3028 3033
f 3026 3030 3029
f 3027 3033 3030
f 3019 3025 3031
f 3025 3029 3032
f 3025 3032 3031
f 3023 3031 3045
f 3031 3032 3046
f 3029 3030 3034
f 3029 3034 3032
f 3030 3033 3035
f 3030 3035 3034
f 3020 3037 3036
f 3004 3036 3042
f 3036 3037 3040
f 3036 3040 3042
f 3021 3038 3037
f 3022 3039 3038
f 3023 3045 3039
f 3037 3038 3041
f 3037 3041 3040
f 3038 3044 3041
f 3038 3039 3044
f 3039 3049 3044
f 3010 3042 3043
f 3042 3040 3149
f 3042 3149 3043
f 3040 3041 3150
f 3040 3150 3149
f 3041 3151 3150
f 3041 3044 3151
f 3044 3155 3151
f 3031 3046 3045
f 3039 3045 3049
f 3045 3046 3050
f 3032 3034 3047
f 3032 3047 3046
f 3034 3035 3048
f 3034 3048 3047
f 3046 3047 3051
f 3047 3048 3052
f 3045 3050 3049
f 3044 3049 3155
f 3049 3050 3156
f 3049 3156 3155
f 3046 3051 3050
f 3047 3052 3051
f 3050 3051 3157
f 3050 3157 3156
f 3051 3052 3158
f 3051 3158 3157
f 3053 3054 2930
f 3067 3054 3053
f 3068 3056 3054
f 3067 3068 3054
f 3056 3055 2937
f 3055 3057 2938
f 3054 3056 2936
f 3060 3057 3055
f 3059 3055 3056
f 3057 2939 2938
f 3057 3058 2939
f 3058 2962 2939
f 3061 3058 3057
f 3062 3085 3058
f 3068 3059 3056
f 3059 3060 3055
f 3060 3061 3057
f 3080 3060 3059
f 3069 3061 3060
f 3061 3062 3058
f 3070 3062 3061
f 3071 3089 3062
f 1994 3063 1989
f 3065 3064 3063
f 1994 3065 3063
f 3066 3053 3064
f 3066 3067 3053
f 3065 3066 3064
f 3072 3066 3065
f 1998 3065 1994
f 3073 3067 3066
f 1998 3072 3065
f 3072 3073 3066
f 3073 3075 3067
f 3075 3068 3067
f 3074 3059 3068
f 3075 3074 3068
f 3080 3069 3060
f 3069 3070 3061
f 3070 3071 3062
f 3084 3104 3071
f 3077 3073 3072
f 3078 3075 3073
f 3078 3079 3075
f 3076 3080 3074
f 3079 3074 3075
f 3079 3076 3074
f 2000 3072 1998
f 2000 3077 3072
f 3077 3078 3073
f 3941 3082 3076
f 3938 3078 3077
f 3939 3079 3078
f 2064 3077 2000
f 3939 3940 3079
f 2064 3938 3077
f 3938 3939 3078
f 3940 3076 3079
f 3940 3941 3076
f 3074 3080 3059
f 3076 3082 3080
f 3082 3069 3080
f 3081 3070 3069
f 3083 3071 3070
f 3081 3083 3070
f 3082 3081 3069
f 3945 3083 3081
f 3941 3944 3082
f 3944 3081 3082
f 3944 3945 3081
f 3945 3946 3083
f 3083 3084 3071
f 3946 3084 3083
f 3947 3109 3084
f 3058 3085 2962
f 3085 2966 2962
f 3085 3086 2966
f 3086 2967 2966
f 3087 2968 2967
f 3086 3087 2967
f 3088 2974 2968
f 3087 3088 2968
f 3062 3089 3085
f 3089 3086 3085
f 3089 3090 3086
f 3104 3090 3089
f 3090 3087 3086
f 3091 3088 3087
f 3090 3091 3087
f 3091 3092 3088
f 3092 3093 3088
f 3093 3094 2974
f 3088 3093 2974
f 3093 3097 3094
f 3097 3095 3094
f 3098 3096 3095
f 3097 3098 3095
f 3098 3099 3096
f 3092 3100 3093
f 3100 3097 3093
f 3100 3101 3097
f 3101 3098 3097
f 3102 3099 3098
f 3101 3102 3098
f 3102 3103 3099
f 3071 3104 3089
f 3104 3105 3090
f 3109 3105 3104
f 3105 3091 3090
f 3106 3092 3091
f 3105 3106 3091
f 3107 3100 3092
f 3106 3107 3092
f 3110 3106 3105
f 3111 3107 3106
f 3112 3108 3107
f 3109 3110 3105
f 3110 3111 3106
f 3111 3112 3107
f 3107 3108 3100
f 3108 3101 3100
f 3108 3113 3101
f 3113 3102 3101
f 3113 3114 3102
f 3114 3103 3102
f 3084 3109 3104
f 3957 3110 3109
f 3958 3111 3110
f 3959 3112 3111
f 3960 3116 3112
f 3116 3113 3108
f 3114 3115 3103
f 3112 3116 3108
f 3116 3117 3113
f 3965 3117 3116
f 3117 3114 3113
f 3117 3118 3114
f 3118 3115 3114
f 3118 3119 3115
f 3966 3118 3117
f 3967 3119 3118
f 3000 3009 3131
f 3009 3008 3120
f 3008 3011 3121
f 3009 3120 3131
f 3008 3121 3120
f 3011 3012 3122
f 3011 3122 3121
f 3012 3148 3122
f 3013 3124 3123
f 3014 3125 3124
f 2043 3123 3128
f 3124 3125 3130
f 3123 3124 3129
f 2999 3126 3125
f 3000 3131 3126
f 3125 3126 3127
f 3123 3129 3128
f 2043 3128 2048
f 3124 3130 3129
f 3125 3127 3130
f 3126 3133 3127
f 3128 3129 3137
f 3129 3130 3139
f 2048 3128 3136
f 3128 3137 3136
f 2048 3136 3757
f 3129 3139 3137
f 3130 3138 3139
f 3130 3127 3138
f 3126 3131 3133
f 3131 3120 3132
f 3120 3121 3134
f 3131 3132 3133
f 3120 3134 3132
f 3127 3133 3142
f 3133 3132 3143
f 3132 3134 3140
f 3121 3122 3135
f 3121 3135 3134
f 3122 3160 3135
f 3134 3135 3141
f 3137 3139 3833
f 3127 3142 3138
f 3139 3138 3834
f 3138 3144 3834
f 3133 3143 3142
f 3132 3140 3143
f 3134 3141 3140
f 3135 3171 3141
f 3138 3142 3144
f 3143 3140 3147
f 3142 3143 3145
f 3140 3141 3146
f 3143 3147 3145
f 3142 3145 3144
f 3144 3145 6444
f 3145 3147 6445
f 3145 6445 6444
f 3140 3146 3147
f 3141 3175 3146
f 3147 3146 6446
f 3043 3149 3152
f 3012 3043 3148
f 3043 3152 3148
f 3149 3150 3153
f 3150 3151 3154
f 3149 3153 3152
f 3150 3154 3153
f 3151 3159 3154
f 3122 3148 3160
f 3148 3152 3161
f 3152 3153 3162
f 3153 3154 3163
f 3151 3155 3159
f 3155 3156 3165
f 3155 3165 3159
f 3156 3157 3166
f 3156 3166 3165
f 3157 3158 3167
f 3148 3161 3160
f 3152 3162 3161
f 3153 3163 3162
f 3154 3164 3163
f 3157 3167 3166
f 3154 3159 3164
f 3159 3165 3168
f 3159 3168 3164
f 3165 3166 3169
f 3166 3167 3170
f 3165 3169 3168
f 3166 3170 3169
f 3135 3160 3171
f 3160 3161 3172
f 3160 3172 3171
f 3141 3171 3175
f 3171 3172 3176
f 3161 3162 3173
f 3162 3163 3174
f 3161 3173 3172
f 3162 3174 3173
f 3163 3179 3174
f 3172 3173 3177
f 3173 3174 3178
f 3171 3176 3175
f 3175 3176 4012
f 3146 3175 4010
f 3172 3177 3176
f 3173 3178 3177
f 3174 3183 3178
f 3176 3177 4011
f 3177 3178 4013
f 3163 3164 3179
f 3164 3168 3180
f 3164 3180 3179
f 3168 3169 3181
f 3168 3181 3180
f 3169 3170 3182
f 3169 3182 3181
f 3174 3179 3183
f 3179 3180 3184
f 3179 3184 3183
f 3178 3183 4014
f 3183 3184 4015
f 3180 3181 3185
f 3180 3185 3184
f 3181 3182 3186
f 3181 3186 3185
f 3184 3185 4016
f 3185 3186 4017
f 2972 3195 2955
f 2951 3187 2956
f 3188 3189 3187
f 2951 3188 3187
f 3188 3191 3189
f 3191 3190 3189
f 3192 3194 3190
f 3191 3192 3190
f 3192 3193 3194
f 2955 3188 2951
f 2955 3195 3188
f 3195 3191 3188
f 3195 3196 3191
f 3207 3196 3195
f 3196 3192 3191
f 3196 3197 3192
f 3197 3193 3192
f 3197 3198 3193
f 3208 3197 3196
f 3209 3198 3197
f 3194 3199 2736
f 3193 3199 3194
f 3193 3201 3199
f 3201 3200 3199
f 3199 3200 2737
f 3201 3203 3200
f 3203 3236 3200
f 3203 3204 3236
f 3198 3201 3193
f 3202 3203 3201
f 3198 3202 3201
f 3205 3204 3203
f 3206 3221 3204
f 3202 3205 3203
f 3205 3206 3204
f 2977 3207 2972
f 2977 3211 3207
f 3096 3211 2977
f 2972 3207 3195
f 3207 3208 3196
f 3211 3208 3207
f 3208 3209 3197
f 3209 3210 3198
f 3212 3209 3208
f 3213 3210 3209
f 3211 3212 3208
f 3096 3311 3211
f 3311 3212 3211
f 3311 3313 3212
f 3212 3213 3209
f 3213 3214 3210
f 3313 3213 3212
f 3313 3314 3213
f 3314 3214 3213
f 3314 3315 3214
f 3210 3202 3198
f 3214 3215 3210
f 3210 3215 3202
f 3215 3205 3202
f 3218 3216 3215
f 3215 3216 3205
f 3216 3206 3205
f 3217 3222 3206
f 3216 3217 3206
f 3219 3217 3216
f 3220 3223 3217
f 3214 3218 3215
f 3315 3218 3214
f 3315 3323 3218
f 3323 3219 3218
f 3218 3219 3216
f 3219 3220 3217
f 3323 3324 3219
f 3324 3220 3219
f 3325 3224 3220
f 3324 3325 3220
f 3204 3221 3261
f 3206 3222 3221
f 3223 3265 3222
f 3217 3223 3222
f 3224 3288 3223
f 3220 3224 3223
f 3224 3291 3288
f 3345 3291 3224
f 3325 3345 3224
f 2557 3225 3028
f 2791 3226 3225
f 3028 3225 3229
f 3028 3229 3033
f 3225 3226 3231
f 3225 3231 3229
f 2795 3227 3226
f 2796 3228 3227
f 3226 3227 3232
f 3226 3232 3231
f 3227 3228 3233
f 3227 3233 3232
f 3033 3229 3230
f 3229 3231 3234
f 3033 3230 3035
f 3229 3234 3230
f 3231 3232 3235
f 3232 3233 3237
f 3231 3235 3234
f 3232 3237 3235
f 3200 3236 2802
f 3204 3261 3236
f 2797 3238 3228
f 2797 2809 3238
f 2809 3239 3238
f 3228 3241 3233
f 3228 3238 3241
f 2809 2812 3239
f 2812 2813 3240
f 2812 3240 3239
f 2813 3277 3240
f 3238 3239 3242
f 3239 3240 3243
f 3233 3241 3252
f 3238 3242 3241
f 3233 3252 3237
f 3241 3254 3252
f 3239 3243 3242
f 3240 3282 3243
f 3241 3242 3254
f 3242 3243 3256
f 3242 3256 3254
f 3243 3302 3256
f 3035 3230 3244
f 3035 3244 3048
f 3230 3234 3245
f 3230 3245 3244
f 3048 3244 3246
f 3244 3245 3249
f 3234 3235 3247
f 3234 3247 3245
f 3048 3246 3052
f 3244 3249 3246
f 3052 3246 3349
f 3052 3349 3158
f 3235 3237 3248
f 3235 3248 3247
f 3245 3247 3250
f 3247 3248 3251
f 3246 3249 3350
f 3245 3250 3249
f 3247 3251 3250
f 3249 3250 3351
f 3250 3251 3352
f 3237 3252 3253
f 3237 3253 3248
f 3252 3255 3253
f 3252 3254 3255
f 3254 3257 3255
f 3254 3256 3257
f 3256 3304 3257
f 3248 3253 3258
f 3248 3258 3251
f 3253 3259 3258
f 3251 3258 3361
f 3253 3255 3259
f 3255 3257 3260
f 3255 3260 3259
f 3257 3308 3260
f 3258 3259 3362
f 3259 3260 3363
f 3236 3261 2872
f 3261 2873 2872
f 3261 3262 2873
f 3221 3262 3261
f 3221 3264 3262
f 3262 2874 2873
f 3262 3263 2874
f 3263 3267 2874
f 3264 3263 3262
f 3266 3269 3263
f 3263 3269 3267
f 3222 3264 3221
f 3222 3265 3264
f 3265 3266 3264
f 3264 3266 3263
f 3266 3273 3269
f 3265 3289 3266
f 3289 3273 3266
f 3289 3293 3273
f 3269 3268 3267
f 3273 3270 3269
f 3269 3270 3268
f 3268 3271 2896
f 3270 3271 3268
f 3272 7716 3271
f 3270 3272 3271
f 3293 3274 3273
f 3273 3274 3270
f 3293 3295 3274
f 3274 3272 3270
f 3274 3275 3272
f 3275 7717 3272
f 3295 3275 3274
f 3295 3297 3275
f 3297 7715 3275
f 2813 3276 3277
f 3276 3279 3277
f 3240 3277 3282
f 3276 3278 3279
f 3277 3279 3283
f 3278 3280 3281
f 3280 3285 3286
f 3278 3281 3279
f 3280 3286 3281
f 3277 3283 3282
f 3243 3282 3302
f 3282 3303 3302
f 3282 3283 3303
f 3279 3284 3283
f 3279 3281 3284
f 3281 3286 3287
f 3281 3287 3284
f 3283 3306 3303
f 3283 3284 3306
f 3284 3287 3310
f 2899 3836 3285
f 3285 3838 3286
f 3285 3836 3838
f 3286 3839 3287
f 3223 3288 3265
f 3288 3289 3265
f 3290 3293 3289
f 3288 3290 3289
f 3291 3290 3288
f 3290 3294 3293
f 3291 3292 3290
f 3292 3294 3290
f 3292 3299 3294
f 3375 3292 3291
f 3376 3299 3292
f 3294 3295 3293
f 3294 3296 3295
f 3296 3297 3295
f 3298 7736 3297
f 3296 3298 3297
f 3299 3296 3294
f 3299 3300 3296
f 3381 3300 3299
f 3300 3298 3296
f 3300 3301 3298
f 3301 7737 3298
f 3382 3301 3300
f 3383 7738 3301
f 3256 3302 3304
f 3302 3303 3305
f 3302 3305 3304
f 3303 3306 3307
f 3284 3310 3306
f 3303 3307 3305
f 3306 3845 3307
f 3306 3310 3845
f 3257 3304 3308
f 3304 3309 3308
f 3304 3305 3309
f 3260 3308 3390
f 3308 3309 3391
f 3305 3307 3842
f 3305 3842 3309
f 3099 3311 3096
f 3312 3313 3311
f 3099 3312 3311
f 3312 3316 3313
f 3316 3314 3313
f 3318 3315 3314
f 3316 3318 3314
f 3318 3319 3315
f 3103 3312 3099
f 3317 3316 3312
f 3103 3317 3312
f 3317 3320 3316
f 3320 3318 3316
f 3321 3319 3318
f 3320 3321 3318
f 3321 3322 3319
f 3319 3323 3315
f 3319 3326 3323
f 3326 3324 3323
f 3328 3325 3324
f 3326 3328 3324
f 3329 3345 3325
f 3328 3329 3325
f 3322 3326 3319
f 3327 3328 3326
f 3322 3327 3326
f 3330 3329 3328
f 3331 3346 3329
f 3327 3330 3328
f 3330 3331 3329
f 3115 3317 3103
f 3115 3332 3317
f 3332 3320 3317
f 3332 3333 3320
f 3333 3321 3320
f 3333 3334 3321
f 3334 3322 3321
f 3334 3335 3322
f 3119 3332 3115
f 3119 3336 3332
f 3336 3333 3332
f 3336 3337 3333
f 3968 3336 3119
f 4094 3337 3336
f 3337 3334 3333
f 3337 3338 3334
f 3338 3335 3334
f 3338 3339 3335
f 4095 3338 3337
f 4096 3339 3338
f 3335 3327 3322
f 3335 3340 3327
f 3340 3330 3327
f 3340 3341 3330
f 3341 3331 3330
f 3342 3347 3331
f 3341 3342 3331
f 3344 3342 3341
f 3368 3348 3342
f 3339 3340 3335
f 3339 3343 3340
f 3343 3341 3340
f 4097 3343 3339
f 4102 3344 3343
f 3343 3344 3341
f 3344 3368 3342
f 4106 3368 3344
f 3345 3375 3291
f 3346 3375 3345
f 3329 3346 3345
f 3346 3377 3375
f 3347 3377 3346
f 3331 3347 3346
f 3348 3378 3347
f 3342 3348 3347
f 3246 3350 3349
f 3158 3349 3353
f 3158 3353 3167
f 3349 3350 3355
f 3349 3355 3353
f 3249 3351 3350
f 3250 3352 3351
f 3350 3351 3356
f 3350 3356 3355
f 3351 3352 3357
f 3351 3357 3356
f 3167 3353 3354
f 3353 3355 3358
f 3167 3354 3170
f 3353 3358 3354
f 3355 3356 3359
f 3356 3357 3360
f 3355 3359 3358
f 3356 3360 3359
f 3251 3361 3352
f 3258 3362 3361
f 3352 3361 3364
f 3352 3364 3357
f 3361 3366 3364
f 3259 3363 3362
f 3260 3390 3363
f 3361 3362 3366
f 3362 3363 3367
f 3362 3367 3366
f 3363 3392 3367
f 3357 3364 3365
f 3357 3365 3360
f 3364 3851 3365
f 3364 3366 3851
f 3366 3367 3855
f 3366 3855 3851
f 4107 3395 3368
f 3170 3354 3369
f 3170 3369 3182
f 3354 3358 3370
f 3354 3370 3369
f 3358 3359 3371
f 3359 3360 3372
f 3358 3371 3370
f 3359 3372 3371
f 3182 3369 3373
f 3182 3373 3186
f 3369 3370 3374
f 3369 3374 3373
f 3186 3373 6593
f 3370 3371 3852
f 3370 3852 3374
f 3371 3372 3853
f 3371 3853 3852
f 3360 3365 3854
f 3360 3854 3372
f 3375 3376 3292
f 3376 3381 3299
f 3377 3376 3375
f 3377 3379 3376
f 3379 3381 3376
f 3379 3384 3381
f 3347 3378 3377
f 3378 3379 3377
f 3380 3384 3379
f 3378 3380 3379
f 3380 3386 3384
f 3381 3382 3300
f 3384 3382 3381
f 3384 3385 3382
f 3382 3383 3301
f 3385 3383 3382
f 3385 3388 3383
f 3388 7775 3383
f 3386 3385 3384
f 3386 3387 3385
f 3387 3388 3385
f 3389 7777 3388
f 3387 3389 3388
f 3308 3391 3390
f 3363 3390 3392
f 3390 3862 3392
f 3390 3391 3862
f 3348 3393 3378
f 3395 3393 3348
f 3393 3380 3378
f 3393 3394 3380
f 3394 3386 3380
f 3394 3398 3386
f 3396 3394 3393
f 3368 3395 3348
f 3395 3396 3393
f 4129 3396 3395
f 3396 3397 3394
f 3397 3398 3394
f 3397 3401 3398
f 4130 3397 3396
f 4131 3401 3397
f 3398 3387 3386
f 3398 3399 3387
f 3399 3389 3387
f 3399 3400 3389
f 3400 7778 3389
f 3401 3399 3398
f 3401 3402 3399
f 4137 3402 3401
f 3402 3400 3399
f 3402 3403 3400
f 3403 7788 3400
f 4138 3403 3402
f 4139 7791 3403
f 1289 1290 3405
f 1290 1291 3406
f 1291 1292 3407
f 1292 1293 3408
f 1293 1294 3409
f 1294 1295 3410
f 1295 1296 3411
f 1296 1297 3412
f 1297 1298 3413
f 1289 3405 3404
f 1290 3406 3405
f 1291 3407 3406
f 1292 3408 3407
f 1293 3409 3408
f 1294 3410 3409
f 1295 3411 3410
f 1299 1300 3415
f 1298 1299 3414
f 1300 1309 3419
f 1299 3415 3414
f 1300 3419 3415
f 1296 3412 3411
f 1297 3413 3412
f 1298 3414 3413
f 3404 3405 3436
f 3405 3406 3437
f 3406 3407 3438
f 3407 3408 3439
f 3408 3409 3440
f 3409 3410 3441
f 3410 3411 3442
f 3411 3412 3443
f 3412 3413 3416
f 3413 3414 3417
f 3414 3415 3418
f 3415 3419 3427
f 3404 3436 3435
f 3405 3437 3436
f 3406 3438 3437
f 3407 3439 3438
f 3408 3440 3439
f 3409 3441 3440
f 3410 3442 3441
f 3411 3443 3442
f 3412 3416 3443
f 3413 3417 3416
f 3414 3418 3417
f 3415 3427 3418
f 1309 1310 3420
f 1309 3420 3419
f 1310 3421 3420
f 1310 1311 3421
f 1311 3422 3421
f 1312 3423 3422
f 1313 3424 3423
f 1314 3425 3424
f 1315 3426 3425
f 1316 3471 3426
f 3419 3420 3428
f 3420 3421 3429
f 3421 3422 3430
f 3423 3424 3432
f 3424 3425 3433
f 3425 3426 3434
f 3420 3429 3428
f 3421 3430 3429
f 3419 3428 3427
f 3422 3423 3431
f 3422 3431 3430
f 3423 3432 3431
f 3424 3433 3432
f 3426 3476 3434
f 3425 3434 3433
f 3432 3433 3462
f 3433 3434 3463
f 3435 3436 3445
f 3436 3437 3446
f 3437 3438 3447
f 3438 3439 3448
f 3439 3440 3449
f 3440 3441 3450
f 3441 3442 3451
f 3435 3445 3444
f 3436 3446 3445
f 3437 3447 3446
f 3438 3448 3447
f 3439 3449 3448
f 3440 3450 3449
f 3441 3451 3450
f 3442 3443 3452
f 3443 3416 3453
f 3416 3417 3454
f 3417 3418 3455
f 3418 3427 3456
f 3442 3452 3451
f 3427 3428 3457
f 3428 3429 3458
f 3429 3430 3459
f 3430 3431 3460
f 3431 3432 3461
f 451 3634 3786
f 3443 3453 3452
f 3416 3454 3453
f 3417 3455 3454
f 3418 3456 3455
f 3450 3451 3509
f 3444 3445 3504
f 3445 3446 3505
f 3446 3447 3506
f 3447 3448 3510
f 3444 3504 3503
f 3445 3505 3504
f 3446 3506 3505
f 3447 3510 3506
f 3448 3449 3507
f 3449 3450 3508
f 3448 3507 3510
f 3449 3508 3507
f 3450 3509 3508
f 3451 3452 3511
f 3452 3453 3512
f 3454 3455 3514
f 3453 3454 3513
f 3455 3456 3515
f 3451 3511 3509
f 3452 3512 3511
f 3453 3513 3512
f 3454 3514 3513
f 3455 3515 3514
f 463 3786 3798
f 3429 3459 3458
f 3427 3457 3456
f 3428 3458 3457
f 3430 3460 3459
f 3431 3461 3460
f 3432 3462 3461
f 3434 3489 3463
f 3433 3463 3462
f 3462 3463 3470
f 3456 3457 3464
f 3457 3458 3465
f 3458 3459 3466
f 3459 3460 3468
f 3460 3461 3467
f 3461 3462 3469
f 3456 3464 3515
f 3457 3465 3464
f 3458 3466 3465
f 3459 3468 3466
f 3461 3469 3467
f 3460 3467 3468
f 3463 3495 3470
f 3462 3470 3469
f 3469 3470 3613
f 1341 3472 3471
f 1773 3473 3472
f 3426 3471 3476
f 3471 3472 3477
f 3472 3473 3478
f 3474 3475 3480
f 3473 3474 3479
f 3473 3479 3478
f 3475 3481 3480
f 3474 3480 3479
f 3471 3477 3476
f 3472 3478 3477
f 3475 1781 3481
f 1781 1782 3482
f 1782 1783 3483
f 1781 3482 3481
f 1782 3483 3482
f 1783 1784 3484
f 1783 3484 3483
f 1784 1923 3695
f 1784 3695 3484
f 3434 3476 3489
f 3476 3477 3490
f 3477 3478 3491
f 3479 3480 3493
f 3478 3479 3492
f 3478 3492 3491
f 3479 3493 3492
f 3480 3485 3493
f 3484 3695 3699
f 3481 3482 3486
f 3480 3481 3485
f 3482 3483 3487
f 3482 3487 3486
f 3481 3486 3485
f 3483 3484 3488
f 3483 3488 3487
f 3484 3699 3488
f 3487 3488 3501
f 3488 3699 3718
f 3476 3490 3489
f 3477 3491 3490
f 3463 3489 3495
f 3489 3490 3496
f 3490 3491 3497
f 3492 3493 3494
f 3491 3492 3498
f 3491 3498 3497
f 3492 3494 3498
f 3493 3499 3494
f 3489 3496 3495
f 3490 3497 3496
f 3470 3495 3663
f 3495 3496 3665
f 3496 3497 3664
f 3493 3485 3499
f 3485 3486 3500
f 3486 3487 3502
f 3485 3500 3499
f 3486 3502 3500
f 3487 3501 3502
f 3488 3718 3501
f 3503 3504 3597
f 3504 3505 3598
f 3506 3510 3600
f 3505 3506 3599
f 3510 3507 3601
f 3505 3599 3598
f 3506 3600 3599
f 3507 3508 3602
f 3508 3509 3603
f 3510 3601 3600
f 3507 3602 3601
f 3508 3603 3602
f 3512 3513 3606
f 3513 3514 3607
f 3514 3515 3614
f 3509 3511 3605
f 3511 3512 3604
f 3509 3605 3603
f 3511 3604 3605
f 3512 3606 3604
f 3513 3607 3606
f 3514 3614 3607
f 3503 3597 3596
f 3504 3598 3597
f 3515 3464 3615
f 3465 3466 3609
f 3464 3465 3608
f 3515 3615 3614
f 3464 3608 3615
f 3466 3468 3611
f 3468 3467 3610
f 3467 3469 3612
f 3520 1808 1807
f 3517 1805 3516
f 3518 1806 1805
f 3519 1807 1806
f 3522 1809 1808
f 3523 1810 1809
f 3524 1811 1810
f 3523 3524 1810
f 3524 3521 1811
f 3517 3518 1805
f 3518 3519 1806
f 3519 3520 1807
f 3520 3522 1808
f 3522 3523 1809
f 3521 1812 1811
f 3525 1813 1812
f 3526 1814 1813
f 3521 3525 1812
f 3525 3526 1813
f 3527 1815 1814
f 3528 1816 1815
f 3526 3527 1814
f 1120 5213 1140
f 3527 3528 1815
f 3528 3531 1816
f 3548 3526 3525
f 3545 3527 3526
f 3546 3528 3527
f 3547 3531 3528
f 1140 5228 1152
f 3538 3519 3518
f 3537 3518 3517
f 3539 3520 3519
f 3540 3522 3520
f 3537 3538 3518
f 3538 3539 3519
f 3539 3540 3520
f 3540 3541 3522
f 3541 3523 3522
f 3542 3524 3523
f 3543 3521 3524
f 3541 3542 3523
f 3542 3543 3524
f 3543 3544 3521
f 3544 3525 3521
f 3548 3545 3526
f 3544 3548 3525
f 3545 3546 3527
f 3531 3532 1817
f 3532 3529 1818
f 3529 3530 1819
f 3553 3529 3532
f 3552 3532 3531
f 3554 3530 3529
f 3530 3534 1820
f 3556 3533 3534
f 3549 3535 3533
f 3550 3536 3535
f 3551 1829 3536
f 3555 3534 3530
f 463 3798 4676
f 3563 3538 3537
f 3564 3539 3538
f 3565 3540 3539
f 3566 3541 3540
f 3568 3543 3542
f 3567 3542 3541
f 3570 3544 3543
f 3546 3547 3528
f 3547 3552 3531
f 3572 3546 3545
f 3569 3548 3544
f 3571 3545 3548
f 3573 3547 3546
f 3574 3552 3547
f 3572 3573 3546
f 3573 3574 3547
f 3574 3575 3552
f 3553 3554 3529
f 3554 3555 3530
f 3556 3549 3533
f 3555 3556 3534
f 3549 3550 3535
f 3550 3551 3536
f 3552 3553 3532
f 3557 3555 3554
f 3575 3553 3552
f 3576 3554 3553
f 3560 3550 3549
f 3558 3556 3555
f 3559 3549 3556
f 3561 3551 3550
f 3562 3583 3551
f 3575 3576 3553
f 3576 3557 3554
f 3557 3558 3555
f 3559 3560 3549
f 3560 3561 3550
f 3561 3562 3551
f 3558 3559 3556
f 4232 3561 3560
f 4233 3562 3561
f 4234 3588 3562
f 1152 5253 1684
f 3563 3564 3538
f 3564 3565 3539
f 3565 3566 3540
f 3566 3567 3541
f 3567 3568 3542
f 3568 3570 3543
f 3570 3569 3544
f 3569 3571 3548
f 3571 3572 3545
f 1684 5258 1696
f 4210 3565 3564
f 4207 3566 3565
f 4208 3567 3566
f 4209 3564 3563
f 4210 4207 3565
f 4207 4208 3566
f 4208 4211 3567
f 4211 3568 3567
f 4212 3570 3568
f 4214 3569 3570
f 4211 4212 3568
f 4212 4214 3570
f 4214 4213 3569
f 4205 3574 3573
f 4206 3575 3574
f 4213 3571 3569
f 4215 3572 3571
f 4216 3573 3572
f 4213 4215 3571
f 4209 4210 3564
f 4228 3576 3575
f 4229 3557 3576
f 4230 3558 3557
f 4231 3559 3558
f 4235 3560 3559
f 3583 1831 1829
f 3584 1830 1831
f 3497 3498 3666
f 3498 3494 3577
f 3497 3666 3664
f 3498 3577 3666
f 3494 3578 3577
f 3500 3502 3581
f 3502 3501 3580
f 3501 3718 3721
f 3494 3499 3578
f 3499 3500 3579
f 3499 3579 3578
f 3500 3581 3579
f 3502 3580 3581
f 3501 3721 3580
f 3579 3581 3674
f 3581 3580 3675
f 3580 3721 3775
f 3580 3775 3675
f 3583 3584 1831
f 3584 3582 1830
f 3551 3583 1829
f 3588 3584 3583
f 3590 3582 3584
f 3582 3585 1833
f 3591 3586 3585
f 3587 1842 3586
f 3589 3585 3582
f 3589 3591 3585
f 3591 3587 3586
f 3562 3588 3583
f 3588 3590 3584
f 3590 3589 3582
f 4258 3590 3588
f 4259 3589 3590
f 3592 1843 1842
f 3592 3593 1843
f 3593 1844 1843
f 3587 3592 1842
f 3593 3594 1844
f 3594 3595 1845
f 658 4676 4688
f 3596 3597 3623
f 3597 3598 3624
f 3598 3599 3625
f 3599 3600 3627
f 3600 3601 3626
f 3601 3602 3628
f 3602 3603 3629
f 3602 3629 3628
f 3603 3605 3631
f 3605 3604 3630
f 3606 3607 3633
f 3607 3614 3636
f 3603 3631 3629
f 3605 3630 3631
f 3604 3632 3630
f 3604 3606 3632
f 3606 3633 3632
f 3607 3636 3633
f 658 4688 4695
f 3465 3609 3608
f 3466 3611 3609
f 3467 3612 3610
f 3468 3610 3611
f 3470 3663 3613
f 3469 3613 3612
f 3612 3613 3621
f 3614 3615 3637
f 3608 3609 3617
f 3615 3608 3616
f 3614 3637 3636
f 3615 3616 3637
f 3608 3617 3616
f 3609 3611 3619
f 3611 3610 3618
f 3609 3619 3617
f 3610 3612 3620
f 3610 3620 3618
f 3611 3618 3619
f 3613 3668 3621
f 3612 3621 3620
f 3620 3621 3653
f 3596 3623 3622
f 3597 3624 3623
f 3598 3625 3624
f 3599 3627 3625
f 3600 3626 3627
f 3601 3628 3626
f 3624 3625 3639
f 3625 3627 3640
f 3622 3623 3635
f 3623 3624 3638
f 3627 3626 3641
f 3626 3628 3642
f 3628 3629 3643
f 3632 3633 3647
f 3629 3631 3644
f 3631 3630 3645
f 3630 3632 3646
f 3633 3636 3654
f 3629 3644 3643
f 3631 3645 3644
f 3630 3646 3645
f 3632 3647 3646
f 3633 3654 3647
f 3623 3638 3635
f 3622 3635 3634
f 3624 3639 3638
f 3625 3640 3639
f 3627 3641 3640
f 3626 3642 3641
f 3628 3643 3642
f 3636 3637 3655
f 3616 3617 3649
f 3637 3616 3648
f 3636 3655 3654
f 3637 3648 3655
f 3616 3649 3648
f 3617 3619 3650
f 3619 3618 3651
f 3617 3650 3649
f 3618 3652 3651
f 3619 3651 3650
f 3618 3620 3652
f 666 4695 4754
f 3639 3640 3790
f 3634 3635 3787
f 3635 3638 3788
f 3638 3639 3789
f 3640 3641 3791
f 3641 3642 3792
f 3642 3643 3793
f 3642 3793 3792
f 3646 3647 3797
f 3647 3654 3804
f 3643 3644 3795
f 3644 3645 3794
f 3645 3646 3796
f 3643 3795 3793
f 3644 3794 3795
f 3645 3796 3794
f 3646 3797 3796
f 3647 3804 3797
f 1052 4754 4795
f 3621 3682 3653
f 3620 3653 3652
f 3651 3652 3662
f 3652 3653 3659
f 3654 3655 3656
f 3648 3649 3658
f 3655 3648 3657
f 3654 3656 3804
f 3655 3657 3656
f 3648 3658 3657
f 3649 3650 3660
f 3650 3651 3661
f 3649 3660 3658
f 3650 3661 3660
f 3651 3662 3661
f 3652 3659 3662
f 3653 3687 3659
f 3660 3661 4665
f 3661 3662 4662
f 3662 3659 4663
f 3495 3665 3663
f 3496 3664 3665
f 3613 3663 3668
f 3663 3665 3669
f 3665 3664 3670
f 3664 3666 3671
f 3665 3670 3669
f 3666 3577 3667
f 3577 3672 3667
f 3664 3671 3670
f 3666 3667 3671
f 3663 3669 3668
f 3668 3669 3683
f 3621 3668 3682
f 3669 3670 3684
f 3670 3671 3676
f 3671 3667 3677
f 3577 3578 3672
f 3578 3579 3673
f 3578 3673 3672
f 3579 3674 3673
f 3581 3675 3674
f 3669 3684 3683
f 3667 3679 3677
f 3670 3676 3684
f 3671 3677 3676
f 3672 3673 3678
f 3673 3674 3680
f 3675 3775 3778
f 3674 3675 3681
f 3674 3681 3680
f 3675 3778 3681
f 3667 3672 3679
f 3672 3678 3679
f 3673 3680 3678
f 3677 3679 3691
f 3679 3678 3690
f 3678 3680 3692
f 3681 3778 3781
f 3680 3681 3693
f 3680 3693 3692
f 3681 3781 3693
f 3668 3683 3682
f 3683 3684 3689
f 3653 3682 3687
f 3682 3683 3688
f 3684 3676 3685
f 3676 3677 3686
f 3683 3689 3688
f 3676 3686 3685
f 3677 3691 3686
f 3684 3685 3689
f 3682 3688 3687
f 3688 3689 4319
f 3659 3687 4723
f 3687 3688 4724
f 3689 3685 4320
f 3685 3686 4321
f 3679 3690 3691
f 3678 3692 3690
f 3691 3690 4324
f 3686 3691 4323
f 1923 3694 3695
f 1924 3696 3694
f 3695 3694 3700
f 3694 3696 3701
f 1925 3697 3696
f 3697 3698 3703
f 3698 3704 3705
f 3696 3697 3702
f 3696 3702 3701
f 3695 3700 3699
f 3694 3701 3700
f 3698 3705 3703
f 3697 3703 3702
f 3699 3700 3719
f 3700 3701 3720
f 3700 3720 3719
f 3701 3702 3712
f 3703 3705 3714
f 3702 3703 3713
f 3701 3712 3720
f 3702 3713 3712
f 3703 3714 3713
f 3704 1944 3706
f 1944 1945 3708
f 1944 3708 3706
f 3704 3706 3705
f 3706 3708 3716
f 1945 3707 3708
f 1946 3709 3707
f 3708 3707 3717
f 3707 3709 3744
f 3705 3706 3715
f 3699 3719 3718
f 1973 3710 3709
f 3709 3710 3745
f 3707 3744 3717
f 3705 3715 3714
f 3706 3716 3715
f 3714 3715 3727
f 3715 3716 3729
f 3708 3717 3716
f 3717 3744 3746
f 3716 3717 3730
f 3716 3730 3729
f 3717 3746 3730
f 3719 3720 3722
f 3718 3719 3725
f 3718 3725 3721
f 3719 3722 3725
f 3720 3712 3724
f 3712 3713 3723
f 3713 3714 3728
f 3712 3723 3724
f 3713 3728 3723
f 3720 3724 3722
f 3723 3728 3736
f 3721 3725 3726
f 3725 3722 3732
f 3721 3726 3775
f 3725 3732 3726
f 3722 3724 3733
f 3722 3733 3732
f 3724 3723 3734
f 3723 3736 3734
f 3724 3734 3733
f 3714 3727 3728
f 3715 3729 3727
f 3728 3727 3737
f 3727 3729 3738
f 3727 3738 3737
f 3729 3730 3735
f 3730 3746 3765
f 3728 3737 3736
f 3733 3734 3779
f 3734 3736 3784
f 3729 3735 3738
f 3730 3765 3735
f 3735 3765 3770
f 3737 3738 3739
f 3736 3737 3785
f 3736 3785 3784
f 3737 3739 3785
f 3738 3735 3740
f 3738 3740 3739
f 3735 3770 3740
f 3739 3740 4489
f 3740 3770 4520
f 3710 3711 3741
f 3711 3743 3741
f 3710 3741 3745
f 3709 3745 3744
f 3711 1977 3743
f 1977 3742 3743
f 3744 3745 3747
f 3745 3741 3748
f 3741 3743 3749
f 3743 3742 3750
f 3745 3748 3747
f 3741 3749 3748
f 3744 3747 3746
f 3747 3748 3766
f 3743 3750 3749
f 3748 3749 3767
f 1978 3751 3742
f 3751 3752 3754
f 3752 2047 3755
f 3742 3751 3753
f 3742 3753 3750
f 3751 3754 3753
f 3752 3755 3754
f 2047 3757 3755
f 3746 3747 3764
f 3749 3750 3756
f 3749 3756 3767
f 3754 3755 3761
f 3755 3757 3758
f 3755 3758 3761
f 3750 3753 3759
f 3753 3760 3759
f 3753 3754 3760
f 3750 3759 3756
f 3754 3761 3760
f 3760 3761 3762
f 3759 3760 3774
f 3760 3762 3774
f 3761 3758 3763
f 3761 3763 3762
f 3746 3764 3765
f 3747 3766 3764
f 3748 3767 3766
f 3765 3764 3771
f 3764 3766 3772
f 3766 3767 3768
f 3767 3756 3769
f 3766 3768 3772
f 3767 3769 3768
f 3768 3769 4473
f 3765 3771 3770
f 3764 3772 3771
f 3771 3772 4471
f 3770 3771 4519
f 3772 3768 4472
f 3756 3759 3773
f 3759 3774 3773
f 3756 3773 3769
f 3769 3773 4476
f 3775 3726 3776
f 3726 3732 3777
f 3775 3776 3778
f 3726 3777 3776
f 3732 3733 3780
f 3732 3780 3777
f 3733 3779 3780
f 3734 3784 3779
f 3777 3780 4487
f 3780 3779 4486
f 3779 3784 4491
f 3779 4491 4486
f 3778 3776 3782
f 3776 3777 3783
f 3776 3783 3782
f 3778 3782 3781
f 3777 4487 3783
f 3780 4486 4487
f 3784 3785 4488
f 3785 3739 4490
f 3784 4488 4491
f 3785 4490 4488
f 3739 4489 4490
f 3740 4520 4489
f 3635 3788 3787
f 3634 3787 3786
f 3638 3789 3788
f 3639 3790 3789
f 3640 3791 3790
f 3641 3792 3791
f 3787 3788 3800
f 3788 3789 3801
f 3789 3790 3802
f 3786 3787 3799
f 3790 3791 3803
f 3792 3793 4650
f 3791 3792 4649
f 3790 3803 3802
f 3791 4649 3803
f 3792 4650 4649
f 3794 3796 4653
f 3796 3797 4654
f 3797 3804 4658
f 3793 3795 4651
f 3795 3794 4652
f 3795 4652 4651
f 3793 4651 4650
f 3794 4653 4652
f 3796 4654 4653
f 3797 4658 4654
f 3786 3799 3798
f 3787 3800 3799
f 3788 3801 3800
f 3789 3802 3801
f 3804 3656 4659
f 3656 3657 4661
f 3657 3658 4660
f 3657 4660 4661
f 3804 4659 4658
f 3656 4661 4659
f 3658 3660 4664
f 3661 4662 4665
f 3658 4664 4660
f 3660 4665 4664
f 3662 4663 4662
f 2700 3806 2701
f 2701 3807 2702
f 2702 3809 2707
f 2707 3808 2708
f 2701 3806 3807
f 2700 3805 3806
f 2702 3807 3809
f 2707 3809 3808
f 2703 3810 3805
f 3805 3811 3806
f 3806 3812 3807
f 3806 3811 3812
f 3807 3813 3809
f 3809 3818 3808
f 3807 3812 3813
f 3809 3813 3818
f 2709 7834 3810
f 3805 3810 3811
f 3810 7835 3811
f 3811 7836 3812
f 3812 7837 3813
f 2708 3808 3814
f 2849 3814 3815
f 2850 3815 3816
f 3808 3817 3814
f 3808 3818 3817
f 3814 3819 3815
f 3814 3817 3819
f 3813 7838 3818
f 3818 7839 3817
f 3815 3819 3820
f 3815 3820 3816
f 3817 7840 3819
f 3819 7863 3820
f 3816 3823 3821
f 3816 3820 3823
f 3821 3823 3824
f 3820 7864 3823
f 3821 3824 3822
f 3822 3824 3826
f 3823 7865 3824
f 3822 3826 3825
f 3825 3827 2894
f 3825 3826 3827
f 3824 7923 3826
f 2894 3827 3829
f 3826 7924 3827
f 2894 3829 2898
f 2898 3829 3830
f 3827 7930 3829
f 2898 3830 3828
f 3829 7931 3830
f 3757 3136 3831
f 3136 3137 3832
f 3136 3832 3831
f 3137 3833 3832
f 3757 3831 3758
f 3139 3834 3833
f 3758 3831 3835
f 3832 3833 6440
f 3831 3832 6438
f 3832 6440 6438
f 3833 3834 6437
f 3834 6443 6437
f 3833 6437 6440
f 3831 6438 3835
f 3758 3835 3763
f 3834 3144 6443
f 3144 6444 6443
f 3828 3837 3836
f 3828 3830 3837
f 3830 8385 3837
f 3836 3837 3840
f 3836 3840 3838
f 3837 8390 3840
f 3286 3838 3839
f 3287 3839 3843
f 3838 3841 3839
f 3838 3840 3841
f 3839 3841 3844
f 3840 8391 3841
f 3307 3847 3842
f 3307 3845 3847
f 3309 3842 3861
f 3287 3843 3310
f 3310 3846 3845
f 3310 3843 3846
f 3839 3844 3843
f 3841 8404 3844
f 3843 3849 3846
f 3843 3844 3849
f 3844 8408 3849
f 3845 3846 3848
f 3845 3848 3847
f 3846 3849 3850
f 3846 3850 3848
f 3849 8409 3850
f 3367 3870 3855
f 3373 3374 6594
f 3374 3852 6595
f 3852 3853 6596
f 3365 3856 3854
f 3365 3851 3856
f 3851 3855 3857
f 3851 3857 3856
f 3855 3872 3857
f 3372 3854 3858
f 3372 3858 3853
f 3854 3859 3858
f 3853 3858 6601
f 3854 3856 3859
f 3856 3857 3860
f 3856 3860 3859
f 3857 3876 3860
f 3858 3859 6602
f 3859 3860 6603
f 3309 3861 3391
f 3842 3864 3861
f 3842 3847 3864
f 3391 3861 3863
f 3391 3863 3862
f 3861 3864 3867
f 3367 3392 3870
f 3392 3862 3871
f 3392 3871 3870
f 3861 3867 3863
f 3862 3863 3874
f 3862 3874 3871
f 3863 3867 3879
f 3863 3879 3874
f 3847 3865 3864
f 3847 3848 3865
f 3864 3865 3868
f 3848 3850 3866
f 3848 3866 3865
f 3850 8512 3866
f 3865 3866 3869
f 3864 3868 3867
f 3867 3880 3879
f 3867 3868 3880
f 3865 3869 3868
f 3866 8516 3869
f 3868 3869 3883
f 3868 3883 3880
f 3869 8528 3883
f 3855 3870 3872
f 3870 3871 3873
f 3870 3873 3872
f 3871 3874 3875
f 3871 3875 3873
f 3874 3879 3881
f 3874 3881 3875
f 3857 3872 3876
f 3872 3877 3876
f 3872 3873 3877
f 3860 3876 6628
f 3876 3877 6629
f 3873 3875 3878
f 3873 3878 3877
f 3875 3881 3885
f 3875 3885 3878
f 3877 3878 6630
f 3878 3885 6636
f 3879 3880 3882
f 3879 3882 3881
f 3880 3883 3884
f 3880 3884 3882
f 3883 8530 3884
f 3881 3886 3885
f 3881 3882 3886
f 3885 3886 6637
f 3882 3884 3887
f 3882 3887 3886
f 3884 8534 3887
f 3886 3887 6638
f 4448 3891 3890
f 4449 3889 3891
f 4450 3894 3889
f 4449 4450 3889
f 4450 4452 3894
f 3893 3909 2054
f 3892 3893 2036
f 3897 3909 3893
f 4452 3895 3894
f 3896 3892 3895
f 3896 3898 3892
f 4452 3896 3895
f 3898 3893 3892
f 3897 3915 3909
f 4461 3898 3896
f 3898 3897 3893
f 3899 3915 3897
f 4463 3897 3898
f 4463 3899 3897
f 3899 3921 3915
f 3911 3900 2057
f 3900 3901 2058
f 3913 3901 3900
f 3905 2063 2062
f 3905 3902 2063
f 3902 2064 2063
f 3902 3903 2064
f 3901 2061 2058
f 3904 2062 2061
f 3901 3904 2061
f 3904 3905 2062
f 3914 3904 3901
f 3906 3902 3905
f 3906 3908 3902
f 3917 3905 3904
f 3914 3917 3904
f 3917 3906 3905
f 3908 3903 3902
f 3908 3907 3903
f 3909 3910 2055
f 3910 3911 2056
f 3912 3900 3911
f 3915 3910 3909
f 3916 3911 3910
f 3915 3916 3910
f 3916 3912 3911
f 3920 3913 3912
f 3912 3913 3900
f 3913 3914 3901
f 3923 3914 3913
f 3921 3916 3915
f 3922 3912 3916
f 3927 3906 3917
f 3919 3917 3914
f 3926 3908 3906
f 3928 3907 3908
f 3928 3918 3907
f 3920 3923 3913
f 3923 3919 3914
f 3921 3922 3916
f 3922 3920 3912
f 4484 3923 3920
f 4482 3922 3921
f 4483 3920 3922
f 3925 3919 3923
f 4483 4484 3920
f 3925 3924 3919
f 4484 3925 3923
f 4574 3924 3925
f 3919 3927 3917
f 3926 3928 3908
f 3927 3926 3906
f 3924 3927 3919
f 3931 3926 3927
f 3932 3928 3926
f 3931 3932 3926
f 3932 3930 3928
f 3930 3918 3928
f 3930 3929 3918
f 3936 3929 3930
f 3924 3931 3927
f 3934 3932 3931
f 3935 3930 3932
f 4575 3931 3924
f 4574 4575 3924
f 3936 3933 3929
f 3935 3936 3930
f 4575 3934 3931
f 3934 3935 3932
f 4582 3936 3935
f 4584 3933 3936
f 4582 4584 3936
f 4584 3937 3933
f 3989 3939 3938
f 3990 3940 3939
f 3990 3942 3940
f 3942 3941 3940
f 3943 3944 3941
f 3942 3943 3941
f 3994 3949 3943
f 3950 3946 3945
f 3946 3947 3084
f 3951 3947 3946
f 3951 3948 3947
f 3948 3957 3947
f 3943 3949 3944
f 3949 3945 3944
f 3949 3950 3945
f 3950 3951 3946
f 3952 3950 3949
f 3953 3951 3950
f 3953 3955 3951
f 3994 3952 3949
f 3952 3953 3950
f 3955 3948 3951
f 3955 3954 3948
f 3954 3961 3948
f 4003 3953 3952
f 4004 3955 3953
f 4004 4007 3955
f 4007 3954 3955
f 4007 3956 3954
f 3956 3973 3954
f 3947 3957 3109
f 3957 3958 3110
f 3948 3961 3957
f 3961 3958 3957
f 3958 3959 3111
f 3959 3960 3112
f 3962 3959 3958
f 3963 3960 3959
f 3964 3965 3960
f 3961 3962 3958
f 3973 3962 3961
f 3962 3963 3959
f 3963 3964 3960
f 3974 3963 3962
f 3975 3964 3963
f 3976 3969 3964
f 3954 3973 3961
f 3973 3974 3962
f 3974 3975 3963
f 3975 3976 3964
f 3960 3965 3116
f 3965 3966 3117
f 3969 3966 3965
f 3966 3967 3118
f 3967 3968 3119
f 3970 3967 3966
f 3971 3968 3967
f 3964 3969 3965
f 3969 3970 3966
f 3981 3970 3969
f 3970 3971 3967
f 3971 3972 3968
f 3976 3981 3969
f 3981 3982 3970
f 3982 3971 3970
f 3982 3983 3971
f 3983 3972 3971
f 3983 3984 3972
f 3977 3974 3973
f 3956 3977 3973
f 3977 3978 3974
f 3978 3975 3974
f 3979 3976 3975
f 3978 3979 3975
f 3980 3981 3976
f 3979 3980 3976
f 4050 3978 3977
f 4052 3979 3978
f 4053 3980 3979
f 4054 3985 3980
f 4052 4053 3979
f 4053 4054 3980
f 3985 3982 3981
f 3980 3985 3981
f 3985 3986 3982
f 3986 3983 3982
f 3987 3984 3983
f 3986 3987 3983
f 3987 3988 3984
f 4018 3986 3985
f 4019 3987 3986
f 4020 3988 3987
f 3903 3938 2064
f 3903 3989 3938
f 3989 3990 3939
f 3991 3990 3989
f 3992 3942 3990
f 3907 3989 3903
f 3992 3993 3942
f 3907 3991 3989
f 3991 3992 3990
f 3993 3943 3942
f 3993 3994 3943
f 3147 6446 6445
f 3146 4010 6446
f 3996 3992 3991
f 3997 3993 3992
f 3997 3998 3993
f 3995 3952 3994
f 3998 3994 3993
f 3998 3995 3994
f 3918 3991 3907
f 3918 3996 3991
f 3996 3997 3992
f 4001 4003 3995
f 4000 3998 3997
f 3999 3997 3996
f 3929 3996 3918
f 3929 3999 3996
f 3999 4000 3997
f 4000 4002 3998
f 4002 3995 3998
f 4002 4001 3995
f 3995 4003 3952
f 4003 4004 3953
f 4006 4007 4004
f 4005 4004 4003
f 4001 4005 4003
f 4005 4006 4004
f 4006 4008 4007
f 4008 3956 4007
f 4009 3977 3956
f 4008 4009 3956
f 3175 4012 4010
f 4010 4012 6475
f 3176 4011 4012
f 3177 4013 4011
f 3178 4014 4013
f 4012 4011 6476
f 4011 4013 6477
f 3183 4015 4014
f 4013 4014 6478
f 3184 4016 4015
f 3185 4017 4016
f 4009 4050 3977
f 4050 4052 3978
f 4054 4018 3985
f 4018 4019 3986
f 4019 4020 3987
f 4020 4021 3988
f 4022 4005 4001
f 4031 4001 4002
f 4031 4022 4001
f 4023 4008 4006
f 4025 4009 4008
f 4026 4050 4009
f 4025 4026 4009
f 4024 4006 4005
f 4022 4024 4005
f 4024 4023 4006
f 4023 4025 4008
f 4036 4023 4024
f 4037 4025 4023
f 4036 4037 4023
f 4037 4027 4025
f 4027 4026 4025
f 4028 4051 4026
f 4027 4028 4026
f 4045 4058 4028
f 4029 4000 3999
f 3933 3999 3929
f 4030 4002 4000
f 4030 4031 4002
f 4029 4030 4000
f 3933 4029 3999
f 4034 4030 4029
f 4035 4031 4030
f 3937 4029 3933
f 4034 4035 4030
f 4035 4032 4031
f 4032 4022 4031
f 4033 4024 4022
f 4032 4033 4022
f 4040 4036 4033
f 3937 4034 4029
f 4038 4035 4034
f 4039 4032 4035
f 4588 4034 3937
f 4041 4033 4032
f 4033 4036 4024
f 4043 4027 4037
f 4042 4037 4036
f 4044 4028 4027
f 4039 4041 4032
f 4588 4038 4034
f 4038 4039 4035
f 4041 4040 4033
f 6515 4042 4040
f 6514 4040 4041
f 6514 6515 4040
f 4043 4044 4027
f 4040 4042 4036
f 4042 4043 4037
f 4047 4044 4043
f 4044 4045 4028
f 4048 4045 4044
f 4049 4070 4045
f 4046 4043 4042
f 6515 4046 4042
f 4047 4048 4044
f 4046 4047 4043
f 6774 4047 4046
f 6773 4048 4047
f 4048 4049 4045
f 6776 4077 4049
f 6775 4049 4048
f 6775 6776 4049
f 4051 4052 4050
f 4026 4051 4050
f 4051 4056 4052
f 4056 4053 4052
f 4055 4054 4053
f 4057 4018 4054
f 4056 4055 4053
f 4055 4057 4054
f 4059 4055 4056
f 4060 4057 4055
f 4061 4062 4057
f 4028 4058 4051
f 4058 4056 4051
f 4058 4059 4056
f 4070 4059 4058
f 4059 4060 4055
f 4060 4061 4057
f 4072 4060 4059
f 4071 4061 4060
f 4073 4066 4061
f 4062 4019 4018
f 4057 4062 4018
f 4062 4063 4019
f 4063 4020 4019
f 4064 4021 4020
f 4063 4064 4020
f 4064 4065 4021
f 4066 4063 4062
f 4067 4064 4063
f 4068 4065 4064
f 4061 4066 4062
f 4066 4067 4063
f 4082 4067 4066
f 4067 4068 4064
f 4068 4069 4065
f 4083 4068 4067
f 4084 4069 4068
f 4070 4072 4059
f 4072 4071 4060
f 4071 4073 4061
f 4073 4082 4066
f 4082 4083 4067
f 4083 4084 4068
f 4084 4085 4069
f 4045 4070 4058
f 4077 4072 4070
f 4075 4071 4072
f 4074 4073 4071
f 4076 4082 4073
f 4075 4074 4071
f 4074 4076 4073
f 4049 4077 4070
f 4077 4075 4072
f 4078 4075 4077
f 6776 4078 4077
f 4078 4079 4075
f 4079 4074 4075
f 4080 4076 4074
f 4081 4086 4076
f 4079 4080 4074
f 4080 4081 4076
f 4086 4083 4082
f 4076 4086 4082
f 4086 4087 4083
f 4087 4084 4083
f 4088 4085 4084
f 4087 4088 4084
f 4088 4089 4085
f 4090 4087 4086
f 4081 4090 4086
f 4090 4091 4087
f 4091 4088 4087
f 4092 4089 4088
f 4091 4092 4088
f 4092 4093 4089
f 3968 4094 3336
f 3972 4094 3968
f 4094 4095 3337
f 4098 4095 4094
f 4095 4096 3338
f 4096 4097 3339
f 4099 4096 4095
f 4100 4097 4096
f 3972 4098 4094
f 4098 4099 4095
f 3984 4098 3972
f 3984 4103 4098
f 4103 4099 4098
f 4103 4104 4099
f 4099 4100 4096
f 4100 4101 4097
f 4104 4100 4099
f 4104 4105 4100
f 4105 4101 4100
f 4105 4111 4101
f 4097 4102 3343
f 4101 4102 4097
f 4108 4106 4102
f 4102 4106 3344
f 4101 4108 4102
f 4111 4108 4101
f 4113 4104 4103
f 3988 4103 3984
f 3988 4113 4103
f 4115 4105 4104
f 4106 4107 3368
f 4108 4109 4106
f 4109 4107 4106
f 4110 4129 4107
f 4109 4110 4107
f 4111 4120 4108
f 4120 4109 4108
f 4123 4132 4110
f 4120 4122 4109
f 4122 4110 4109
f 4122 4123 4110
f 3186 6593 4017
f 4113 4115 4104
f 4116 4111 4105
f 4115 4116 4105
f 4116 4112 4111
f 4021 4113 3988
f 4114 4115 4113
f 4021 4114 4113
f 4114 4117 4115
f 4117 4116 4115
f 4118 4112 4116
f 4117 4118 4116
f 4118 4119 4112
f 4112 4120 4111
f 4121 4122 4120
f 4112 4121 4120
f 4124 4123 4122
f 4121 4124 4122
f 4125 4146 4123
f 4124 4125 4123
f 4119 4121 4112
f 4119 4126 4121
f 4126 4124 4121
f 4167 4127 4126
f 4126 4127 4124
f 4127 4125 4124
f 4128 4147 4125
f 4127 4128 4125
f 4168 4128 4127
f 4169 4150 4128
f 4107 4129 3395
f 4129 4130 3396
f 4132 4130 4129
f 4110 4132 4129
f 4132 4133 4130
f 4130 4131 3397
f 4131 4137 3401
f 4133 4131 4130
f 4133 4135 4131
f 4135 4137 4131
f 4135 4140 4137
f 4146 4133 4132
f 4123 4146 4132
f 4146 4134 4133
f 4134 4135 4133
f 4136 4140 4135
f 4134 4136 4135
f 4136 4142 4140
f 4137 4138 3402
f 4140 4138 4137
f 4140 4141 4138
f 4138 4139 3403
f 4141 4139 4138
f 4141 4144 4139
f 4144 12030 4139
f 4142 4141 4140
f 4142 4143 4141
f 4143 4144 4141
f 4145 12033 4144
f 4143 4145 4144
f 4147 4134 4146
f 4125 4147 4146
f 4147 4148 4134
f 4148 4136 4134
f 4149 4142 4136
f 4149 4152 4142
f 4148 4149 4136
f 4150 4148 4147
f 4128 4150 4147
f 4150 4151 4148
f 4189 4151 4150
f 4151 4149 4148
f 4151 4153 4149
f 4153 4152 4149
f 4152 4143 4142
f 4153 4156 4152
f 4190 4153 4151
f 4191 4156 4153
f 4152 4154 4143
f 4156 4154 4152
f 4154 4145 4143
f 4154 4155 4145
f 4155 12034 4145
f 4157 4155 4154
f 4158 12048 4155
f 4156 4157 4154
f 4198 4157 4156
f 4198 4199 4157
f 4157 4158 4155
f 4199 4158 4157
f 4199 4202 4158
f 4202 12051 4158
f 4065 4114 4021
f 4065 4159 4114
f 4159 4117 4114
f 4159 4160 4117
f 4160 4118 4117
f 4161 4119 4118
f 4163 4160 4159
f 4160 4161 4118
f 4161 4162 4119
f 4164 4161 4160
f 4165 4162 4161
f 4069 4159 4065
f 4069 4163 4159
f 4163 4164 4160
f 4085 4163 4069
f 4175 4164 4163
f 4164 4165 4161
f 4165 4166 4162
f 4162 4126 4119
f 4162 4167 4126
f 4166 4167 4162
f 4170 4168 4167
f 4167 4168 4127
f 4168 4169 4128
f 4166 4170 4167
f 4175 4176 4164
f 4176 4165 4164
f 4176 4177 4165
f 4177 4166 4165
f 4177 4178 4166
f 4171 4169 4168
f 4172 4189 4169
f 4171 4172 4169
f 4178 4170 4166
f 4178 4185 4170
f 4185 4171 4170
f 4170 4171 4168
f 4173 4172 4171
f 4174 4192 4172
f 4185 4173 4171
f 4173 4174 4172
f 4085 4175 4163
f 4179 4176 4175
f 4089 4175 4085
f 4089 4179 4175
f 4179 4180 4176
f 4180 4177 4176
f 4181 4178 4177
f 4180 4181 4177
f 4181 4182 4178
f 4093 4179 4089
f 4183 4180 4179
f 4093 4183 4179
f 4183 4184 4180
f 4184 4181 4180
f 4184 6668 4181
f 6668 4182 4181
f 6668 6669 4182
f 4182 4185 4178
f 4186 4173 4185
f 4182 4186 4185
f 6670 4187 4186
f 4187 4174 4173
f 4186 4187 4173
f 4188 4194 4174
f 4187 4188 4174
f 6669 4186 4182
f 4169 4189 4150
f 4189 4190 4151
f 4192 4190 4189
f 4172 4192 4189
f 4192 4193 4190
f 4190 4191 4153
f 4191 4198 4156
f 4193 4191 4190
f 4193 4196 4191
f 4196 4198 4191
f 4196 4200 4198
f 4194 4193 4192
f 4174 4194 4192
f 4194 4195 4193
f 4195 4196 4193
f 4197 4200 4196
f 4197 4204 4200
f 4195 4197 4196
f 6678 4197 4195
f 4200 4199 4198
f 4200 4201 4199
f 4201 4202 4199
f 4203 12072 4202
f 4201 4203 4202
f 4204 4201 4200
f 4204 6675 4201
f 6675 4203 4201
f 6679 4195 4194
f 4188 6679 4194
f 6679 6678 4195
f 6804 4081 4080
f 6805 4090 4081
f 6810 4091 4090
f 6811 4092 4091
f 6812 4093 4092
f 4215 4216 3572
f 4205 4206 3574
f 4206 4228 3575
f 4216 4205 3573
f 1696 5542 1730
f 4217 4207 4210
f 4218 4208 4207
f 4219 4211 4208
f 4220 4212 4211
f 4221 4214 4212
f 4223 4213 4214
f 4282 4210 4209
f 4217 4218 4207
f 4218 4219 4208
f 4219 4220 4211
f 4282 4217 4210
f 4222 4215 4213
f 4224 4216 4215
f 4225 4205 4216
f 4226 4206 4205
f 4227 4228 4206
f 4220 4221 4212
f 4223 4222 4213
f 4221 4223 4214
f 4225 4226 4205
f 4226 4227 4206
f 4227 4237 4228
f 4222 4224 4215
f 4224 4225 4216
f 4291 4226 4225
f 4292 4227 4226
f 4293 4237 4227
f 4230 4231 3558
f 4228 4229 3576
f 4229 4230 3557
f 4236 4231 4230
f 4235 4232 3560
f 4231 4235 3559
f 4232 4233 3561
f 4233 4234 3562
f 4240 4232 4235
f 4241 4233 4232
f 4239 4235 4231
f 4242 4234 4233
f 4243 4258 4234
f 4237 4229 4228
f 4238 4230 4229
f 4240 4241 4232
f 4241 4242 4233
f 4242 4243 4234
f 4237 4238 4229
f 4238 4236 4230
f 4236 4239 4231
f 4307 4236 4238
f 4308 4238 4237
f 4309 4239 4236
f 4239 4240 4235
f 4244 4241 4240
f 4245 4242 4241
f 4246 4260 4243
f 4247 4243 4242
f 4310 4240 4239
f 4307 4309 4236
f 4309 4310 4239
f 4310 4244 4240
f 4244 4245 4241
f 4245 4247 4242
f 4247 4246 4243
f 4316 4269 4246
f 4234 4258 3588
f 4258 4259 3590
f 4259 4248 3589
f 4248 3591 3589
f 4249 3587 3591
f 4250 3592 3587
f 4249 4250 3587
f 4248 4249 3591
f 4264 4252 4250
f 4263 4250 4249
f 4252 3593 3592
f 4253 3594 3593
f 4253 4254 3594
f 4251 3731 3595
f 4254 3595 3594
f 4254 4251 3595
f 4251 4446 3731
f 4250 4252 3592
f 4252 4253 3593
f 4255 4254 4253
f 4265 4253 4252
f 4264 4265 4252
f 4265 4255 4253
f 4255 4256 4254
f 4256 4251 4254
f 4257 4446 4251
f 4256 4257 4251
f 4257 4451 4446
f 4260 4259 4258
f 4262 4248 4259
f 4262 4261 4248
f 4243 4260 4258
f 4260 4262 4259
f 4267 4261 4262
f 4261 4249 4248
f 4261 4263 4249
f 4263 4264 4250
f 4269 4262 4260
f 4276 4257 4256
f 4277 4451 4257
f 4277 4468 4451
f 4266 4265 4264
f 4268 4263 4261
f 4268 4270 4263
f 4270 4264 4263
f 4270 4266 4264
f 4246 4269 4260
f 4269 4267 4262
f 4267 4268 4261
f 4328 4267 4269
f 4328 4329 4267
f 4329 4268 4267
f 4329 4271 4268
f 4271 4270 4268
f 4273 4274 4266
f 4272 4266 4270
f 4272 4273 4266
f 4271 4272 4270
f 4274 4255 4265
f 4275 4256 4255
f 4266 4274 4265
f 4274 4275 4255
f 4275 4276 4256
f 4276 4277 4257
f 4279 4275 4274
f 4280 4276 4275
f 4280 4281 4276
f 4278 4468 4277
f 4281 4277 4276
f 4281 4278 4277
f 4278 4469 4468
f 4273 4279 4274
f 4279 4280 4275
f 1730 5550 1745
f 4284 4218 4217
f 4285 4219 4218
f 4286 4220 4219
f 4283 4217 4282
f 4287 4221 4220
f 4288 4223 4221
f 4289 4222 4223
f 4290 4224 4222
f 4294 4225 4224
f 1745 5550 3516
f 1120 4795 4802
f 1120 4802 4844
f 1120 4844 4855
f 4283 4284 4217
f 4284 4285 4218
f 4285 4286 4219
f 4286 4287 4220
f 4287 4288 4221
f 4288 4289 4223
f 4289 4290 4222
f 4295 4284 4283
f 4296 4285 4284
f 4297 4286 4285
f 4298 4287 4286
f 4300 4288 4287
f 4301 4289 4288
f 4302 4290 4289
f 4290 4294 4224
f 4294 4291 4225
f 4291 4292 4226
f 4292 4293 4227
f 4293 4308 4237
f 4303 4291 4294
f 4299 4294 4290
f 4304 4292 4291
f 4305 4293 4292
f 4306 4308 4293
f 3516 5757 3517
f 4299 4303 4294
f 4303 4304 4291
f 4305 4306 4293
f 4304 4305 4292
f 4306 4311 4308
f 4295 4296 4284
f 4296 4297 4285
f 4297 4298 4286
f 4298 4300 4287
f 4300 4301 4288
f 4301 4302 4289
f 4302 4299 4290
f 3517 5762 3537
f 4335 4302 4301
f 4336 4299 4302
f 4355 4296 4295
f 4356 4297 4296
f 4357 4298 4297
f 4333 4300 4298
f 4334 4301 4300
f 4337 4303 4299
f 4338 4304 4303
f 4339 4305 4304
f 4341 4311 4306
f 4340 4306 4305
f 4308 4307 4238
f 4311 4307 4308
f 4312 4309 4307
f 4314 4310 4309
f 4313 4244 4310
f 4318 4247 4245
f 4317 4245 4244
f 4315 4246 4247
f 4311 4312 4307
f 4312 4314 4309
f 4314 4313 4310
f 4344 4313 4314
f 4313 4317 4244
f 4317 4318 4245
f 4318 4315 4247
f 4315 4316 4246
f 4347 4315 4318
f 4345 4317 4313
f 4346 4318 4317
f 4348 4316 4315
f 4349 4328 4316
f 4342 4312 4311
f 4343 4314 4312
f 1120 4855 5213
f 3687 4724 4723
f 3688 4319 4724
f 3685 4321 4320
f 3686 4323 4321
f 3689 4320 4319
f 4320 4321 4728
f 3690 3692 4325
f 3690 4325 4324
f 3692 3693 4322
f 3693 3781 4496
f 3692 4322 4325
f 3693 4496 4322
f 3691 4324 4323
f 4321 4323 4730
f 4323 4324 4731
f 4324 4325 4326
f 4323 4731 4730
f 4324 4326 4731
f 4325 4322 4327
f 4322 4496 4503
f 4322 4503 4327
f 4325 4327 4326
f 4316 4328 4269
f 4413 4329 4328
f 4327 4503 4894
f 4416 4273 4272
f 4417 4279 4273
f 4330 4281 4280
f 4423 4280 4279
f 4417 4423 4279
f 4423 4330 4280
f 4330 4331 4281
f 4331 4278 4281
f 4332 4469 4278
f 4331 4332 4278
f 4332 4551 4469
f 4426 4332 4331
f 4427 4551 4332
f 4427 4612 4551
f 4355 4356 4296
f 4356 4357 4297
f 4357 4333 4298
f 4333 4334 4300
f 4334 4335 4301
f 4335 4336 4302
f 4336 4337 4299
f 4340 4341 4306
f 4341 4342 4311
f 4337 4338 4303
f 4338 4339 4304
f 4339 4340 4305
f 4367 4340 4339
f 4368 4341 4340
f 4369 4342 4341
f 4346 4347 4318
f 4347 4348 4315
f 4348 4349 4316
f 4342 4343 4312
f 4344 4345 4313
f 4343 4344 4314
f 4371 4344 4343
f 4370 4343 4342
f 4372 4345 4344
f 4345 4346 4317
f 4352 4348 4347
f 4351 4347 4346
f 4354 4413 4349
f 4353 4349 4348
f 4350 4346 4345
f 4370 4371 4343
f 4371 4372 4344
f 4372 4350 4345
f 4353 4354 4349
f 4350 4351 4346
f 4351 4352 4347
f 4352 4353 4348
f 4402 4353 4352
f 4404 4354 4353
f 4403 4421 4354
f 3537 5762 3563
f 4360 4357 4356
f 4361 4333 4357
f 4362 4334 4333
f 4359 4356 4355
f 4363 4335 4334
f 4364 4336 4335
f 4365 4337 4336
f 3563 5742 4209
f 4358 4338 4337
f 4366 4339 4338
f 4359 4360 4356
f 4360 4361 4357
f 4362 4363 4334
f 4361 4362 4333
f 4363 4364 4335
f 4364 4365 4336
f 4365 4358 4337
f 4376 4360 4359
f 4377 4361 4360
f 4378 4362 4361
f 4379 4363 4362
f 4381 4364 4363
f 4380 4365 4364
f 4382 4358 4365
f 4366 4367 4339
f 4358 4366 4338
f 4368 4369 4341
f 4367 4368 4340
f 4369 4370 4342
f 4375 4370 4369
f 4383 4366 4358
f 4384 4367 4366
f 4373 4368 4367
f 4374 4369 4368
f 4209 5778 4282
f 4398 4371 4370
f 4397 4372 4371
f 4399 4350 4372
f 4400 4351 4350
f 4401 4352 4351
f 4378 4379 4362
f 4379 4381 4363
f 4381 4380 4364
f 4382 4383 4358
f 4380 4382 4365
f 4383 4384 4366
f 4384 4373 4367
f 4373 4374 4368
f 4374 4375 4369
f 4375 4398 4370
f 4376 4377 4360
f 4377 4378 4361
f 4282 5786 4283
f 4387 4377 4376
f 4388 4378 4377
f 4385 4379 4378
f 4386 4381 4379
f 4389 4380 4381
f 4390 4382 4380
f 4392 4383 4382
f 4387 4388 4377
f 4391 4384 4383
f 4395 4373 4384
f 4396 4374 4373
f 4393 4375 4374
f 4394 4398 4375
f 4389 4390 4380
f 4390 4392 4382
f 4392 4391 4383
f 4388 4385 4378
f 4385 4386 4379
f 4386 4389 4381
f 5106 4388 4387
f 5107 4385 4388
f 5105 4389 4386
f 5104 4386 4385
f 5108 4390 4389
f 5109 4392 4390
f 5111 4391 4392
f 5109 5111 4392
f 5111 5110 4391
f 4391 4395 4384
f 4395 4396 4373
f 4393 4394 4375
f 4394 4409 4398
f 4396 4393 4374
f 5112 4396 4395
f 5113 4393 4396
f 5110 4395 4391
f 5110 5112 4395
f 5112 5113 4396
f 4961 4394 4393
f 4962 4409 4394
f 4962 4963 4409
f 5113 4961 4393
f 4961 4962 4394
f 4397 4399 4372
f 4399 4400 4350
f 4398 4397 4371
f 4409 4397 4398
f 4410 4399 4397
f 4411 4400 4399
f 4401 4402 4352
f 4400 4401 4351
f 4402 4404 4353
f 4404 4403 4354
f 4407 4403 4404
f 4408 4440 4403
f 4412 4401 4400
f 4405 4402 4401
f 4406 4404 4402
f 4411 4412 4400
f 4412 4405 4401
f 4405 4406 4402
f 4406 4407 4404
f 4407 4408 4403
f 4969 4441 4408
f 4409 4410 4397
f 4410 4411 4399
f 4963 4410 4409
f 4964 4411 4410
f 4965 4412 4411
f 4963 4964 4410
f 4966 4405 4412
f 4967 4407 4406
f 4970 4406 4405
f 4968 4408 4407
f 4415 4271 4329
f 4415 4414 4271
f 4349 4413 4328
f 4413 4415 4329
f 4420 4414 4415
f 4414 4272 4271
f 4414 4416 4272
f 4416 4417 4273
f 4421 4415 4413
f 4418 4423 4417
f 4419 4416 4414
f 4419 4422 4416
f 4422 4417 4416
f 4422 4418 4417
f 4421 4420 4415
f 4354 4421 4413
f 4420 4419 4414
f 4440 4420 4421
f 4428 4419 4420
f 4429 4422 4419
f 4424 4330 4423
f 4424 4425 4330
f 4425 4331 4330
f 4425 4426 4331
f 4418 4424 4423
f 4426 4427 4332
f 4403 4440 4421
f 4440 4428 4420
f 4428 4429 4419
f 4431 4418 4422
f 4430 4424 4418
f 4431 4430 4418
f 4429 4431 4422
f 4443 4431 4429
f 4445 4433 4430
f 4444 4430 4431
f 4444 4445 4430
f 4433 4425 4424
f 4434 4426 4425
f 4434 4435 4426
f 4432 4612 4427
f 4435 4427 4426
f 4435 4432 4427
f 4432 4613 4612
f 4430 4433 4424
f 4433 4434 4425
f 4436 4434 4433
f 4437 4435 4434
f 4437 4439 4435
f 4436 4437 4434
f 4445 4436 4433
f 4984 4439 4437
f 4439 4432 4435
f 4439 4438 4432
f 4438 4613 4432
f 4438 4621 4613
f 4986 4438 4439
f 4987 4621 4438
f 4441 4428 4440
f 4442 4429 4428
f 4441 4442 4428
f 4442 4443 4429
f 4408 4441 4440
f 4977 4442 4441
f 4978 4443 4442
f 4443 4444 4431
f 4976 4436 4445
f 4975 4445 4444
f 4974 4444 4443
f 4985 4437 4436
f 4446 3888 3731
f 4447 3890 3888
f 4446 4447 3888
f 4447 4448 3890
f 4448 4449 3891
f 4451 4447 4446
f 4455 4448 4447
f 4455 4456 4448
f 4454 4450 4449
f 4453 4452 4450
f 4456 4449 4448
f 4453 4462 4452
f 4456 4454 4449
f 4454 4453 4450
f 4451 4455 4447
f 4462 3896 4452
f 4462 4461 3896
f 4461 4463 3898
f 4458 4462 4453
f 4457 4456 4455
f 4468 4455 4451
f 4468 4457 4455
f 4457 4459 4456
f 4459 4454 4456
f 4460 4453 4454
f 4459 4460 4454
f 4460 4458 4453
f 4458 4466 4462
f 4548 4460 4459
f 4549 4458 4460
f 4550 4466 4458
f 4549 4550 4458
f 4550 4543 4466
f 4466 4461 4462
f 4466 4467 4461
f 4467 4463 4461
f 4467 4464 4463
f 4464 3899 4463
f 4464 4465 3899
f 4465 3921 3899
f 4465 4482 3921
f 4545 4465 4464
f 4546 4482 4465
f 4546 4576 4482
f 4543 4467 4466
f 4544 4464 4467
f 4544 4545 4464
f 4543 4544 4467
f 4545 4546 4465
f 4469 4457 4468
f 4470 4459 4457
f 4469 4470 4457
f 4470 4548 4459
f 4548 4549 4460
f 3762 3763 4474
f 3770 4519 4520
f 3771 4471 4519
f 3772 4472 4471
f 3768 4473 4472
f 4471 4472 4523
f 4472 4473 4524
f 3774 3762 4475
f 3773 4477 4476
f 3773 3774 4477
f 3774 4475 4477
f 3762 4474 4475
f 3769 4476 4473
f 4476 4477 4479
f 4473 4476 4478
f 4475 4474 4481
f 4477 4475 4480
f 4477 4480 4479
f 4476 4479 4478
f 4473 4478 4524
f 4479 4480 4535
f 4475 4481 4480
f 4480 4481 4485
f 4482 4483 3922
f 4572 4484 4483
f 4573 3925 4484
f 4576 4483 4482
f 4576 4572 4483
f 4572 4573 4484
f 4480 4485 4535
f 3782 3783 4498
f 4486 4491 4492
f 3783 4487 4499
f 4487 4486 4500
f 4487 4500 4499
f 4486 4492 4500
f 4490 4489 4495
f 4489 4520 4525
f 4489 4525 4495
f 4491 4488 4493
f 4488 4490 4494
f 4488 4494 4493
f 4491 4493 4492
f 4490 4495 4494
f 4493 4494 4511
f 4495 4525 4528
f 4494 4495 4512
f 4494 4512 4511
f 4495 4528 4512
f 3781 3782 4497
f 3781 4497 4496
f 3782 4498 4497
f 3783 4499 4498
f 4496 4497 4502
f 4497 4498 4504
f 4499 4500 4501
f 4500 4492 4506
f 4498 4499 4505
f 4498 4505 4504
f 4499 4501 4505
f 4500 4506 4501
f 4496 4502 4503
f 4497 4504 4502
f 4492 4493 4510
f 4492 4510 4506
f 4493 4511 4510
f 4503 4502 4895
f 4502 4504 4507
f 4502 4507 4895
f 4504 4505 4509
f 4505 4501 4508
f 4501 4506 4514
f 4504 4509 4507
f 4505 4508 4509
f 4501 4514 4508
f 4509 4508 4897
f 4508 4514 4901
f 4506 4510 4513
f 4510 4511 4516
f 4510 4516 4513
f 4511 4512 4515
f 4512 4528 4541
f 4512 4541 4515
f 4511 4515 4516
f 4506 4513 4514
f 4515 4541 4631
f 4513 4516 4517
f 4514 4513 4902
f 4513 4517 4902
f 4516 4515 4518
f 4515 4631 4518
f 4516 4518 4517
f 4520 4519 4521
f 4519 4471 4522
f 4519 4522 4521
f 4520 4521 4525
f 4471 4523 4522
f 4472 4524 4523
f 4523 4524 4526
f 4522 4523 4530
f 4525 4521 4529
f 4521 4527 4529
f 4521 4522 4527
f 4522 4530 4527
f 4525 4529 4528
f 4524 4478 4533
f 4478 4479 4534
f 4523 4526 4530
f 4529 4527 4540
f 4527 4531 4540
f 4530 4526 4532
f 4527 4530 4531
f 4530 4532 4531
f 4478 4534 4533
f 4479 4535 4534
f 4524 4533 4526
f 4534 4535 4536
f 4533 4534 4539
f 4535 4485 4537
f 4526 4533 4538
f 4534 4536 4539
f 4535 4537 4536
f 4536 4537 4626
f 4533 4539 4538
f 4526 4538 4532
f 4539 4536 4627
f 4532 4538 4637
f 4538 4638 4637
f 4538 4539 4638
f 4539 4627 4638
f 4528 4529 4542
f 4529 4540 4542
f 4528 4542 4541
f 4541 4542 4630
f 4542 4540 4632
f 4542 4632 4630
f 4540 4629 4632
f 4540 4531 4629
f 4531 4532 4628
f 4531 4628 4629
f 4541 4630 4631
f 4532 4637 4628
f 4560 4545 4544
f 4560 4562 4545
f 4547 4576 4546
f 4562 4546 4545
f 4562 4547 4546
f 4547 4580 4576
f 4551 4470 4469
f 4552 4548 4470
f 4552 4553 4548
f 4555 4550 4549
f 4554 4543 4550
f 4553 4549 4548
f 4554 4561 4543
f 4553 4555 4549
f 4555 4554 4550
f 4551 4552 4470
f 4558 4561 4554
f 4556 4553 4552
f 4612 4552 4551
f 4612 4556 4552
f 4556 4559 4553
f 4559 4555 4553
f 4557 4554 4555
f 4559 4557 4555
f 4557 4558 4554
f 4558 4563 4561
f 4561 4544 4543
f 4561 4560 4544
f 4563 4560 4561
f 4564 4562 4560
f 4563 4564 4560
f 4564 4565 4562
f 4565 4547 4562
f 4566 4580 4547
f 4565 4566 4547
f 4566 4597 4580
f 4615 4557 4559
f 4616 4558 4557
f 4617 4563 4558
f 4615 4616 4557
f 4617 4567 4563
f 4616 4617 4558
f 4569 4566 4565
f 4570 4597 4566
f 4570 4600 4597
f 4567 4564 4563
f 4568 4565 4564
f 4568 4569 4565
f 4567 4568 4564
f 4569 4570 4566
f 4623 4569 4568
f 4623 4625 4569
f 4571 4600 4570
f 4625 4570 4569
f 4625 4571 4570
f 4571 4606 4600
f 4578 4574 4573
f 4573 4574 3925
f 4581 4575 4574
f 4578 4581 4574
f 4580 4572 4576
f 4579 4573 4572
f 4580 4579 4572
f 4579 4578 4573
f 4581 4577 4575
f 4597 4579 4580
f 4585 4581 4578
f 4598 4578 4579
f 4598 4585 4578
f 4587 4577 4581
f 4587 4586 4577
f 4585 4587 4581
f 4577 3934 4575
f 4583 3935 3934
f 4577 4583 3934
f 4583 4582 3935
f 4590 4582 4583
f 4586 4583 4577
f 4591 4584 4582
f 4591 4589 4584
f 4590 4591 4582
f 4589 3937 4584
f 4586 4590 4583
f 4597 4598 4579
f 4602 4586 4587
f 4602 4603 4586
f 4589 4588 3937
f 4594 4588 4589
f 4594 4595 4588
f 4603 4590 4586
f 4592 4591 4590
f 4593 4589 4591
f 4593 4594 4589
f 4603 4592 4590
f 4592 4593 4591
f 4610 4594 4593
f 4611 4595 4594
f 4611 4596 4595
f 4599 4585 4598
f 4601 4587 4585
f 4600 4598 4597
f 4600 4599 4598
f 4599 4601 4585
f 4601 4602 4587
f 4605 4602 4601
f 4608 4603 4602
f 4605 4608 4602
f 4608 4604 4603
f 4606 4599 4600
f 4607 4601 4599
f 4606 4607 4599
f 4607 4605 4601
f 4609 4593 4592
f 4604 4592 4603
f 4604 4609 4592
f 4610 4611 4594
f 4609 4610 4593
f 4517 4518 4910
f 4518 4631 4939
f 4613 4556 4612
f 4613 4614 4556
f 4614 4559 4556
f 4614 4615 4559
f 4621 4614 4613
f 4621 4622 4614
f 4622 4615 4614
f 4622 4618 4615
f 4618 4616 4615
f 4619 4567 4617
f 4620 4617 4616
f 4620 4619 4617
f 4619 4624 4567
f 4618 4620 4616
f 5011 4619 4620
f 5012 4624 4619
f 5009 4622 4621
f 5010 4618 4622
f 5013 4620 4618
f 4624 4568 4567
f 4624 4623 4568
f 4536 4626 4627
f 4627 4626 4642
f 4629 4628 4635
f 4630 4632 4633
f 4631 4630 4940
f 4632 4634 4633
f 4630 4633 4940
f 4631 4940 4939
f 4632 4629 4634
f 4629 4635 4634
f 4633 4634 4944
f 4634 4635 4636
f 4634 4636 4944
f 4628 4637 4639
f 4638 4627 4641
f 4637 4638 4640
f 4638 4641 4640
f 4637 4640 4639
f 4628 4639 4635
f 4627 4642 4641
f 4640 4641 4645
f 4641 4642 4646
f 4641 4646 4645
f 4635 4639 4643
f 4639 4640 4644
f 4639 4644 4643
f 4640 4645 4644
f 4635 4643 4636
f 4644 4645 4647
f 4643 4644 4954
f 4644 4647 4954
f 4645 4646 4648
f 4645 4648 4647
f 4647 4648 4955
f 3798 3799 4677
f 3799 3800 4674
f 3801 3802 4678
f 3800 3801 4675
f 3802 3803 4679
f 3803 4649 4681
f 4649 4650 4680
f 3798 4677 4676
f 3799 4674 4677
f 3800 4675 4674
f 3801 4678 4675
f 3803 4681 4679
f 3802 4679 4678
f 4649 4680 4681
f 4650 4651 4685
f 4651 4652 4655
f 4653 4654 4657
f 4652 4653 4656
f 4654 4658 4666
f 4652 4656 4655
f 4650 4685 4680
f 4651 4655 4685
f 4653 4657 4656
f 4654 4666 4657
f 4661 4660 4669
f 3659 4723 4663
f 4660 4664 4670
f 4664 4665 4671
f 4662 4663 4672
f 4665 4662 4673
f 4662 4672 4673
f 4663 4729 4672
f 4658 4659 4667
f 4659 4661 4668
f 4659 4668 4667
f 4661 4669 4668
f 4658 4667 4666
f 4660 4670 4669
f 4664 4671 4670
f 4665 4673 4671
f 4667 4668 4707
f 4668 4669 4708
f 4669 4670 4712
f 4670 4671 4711
f 4670 4711 4712
f 4671 4713 4711
f 4671 4673 4713
f 4673 4672 4714
f 4672 4732 4714
f 4673 4714 4713
f 4674 4675 4690
f 4675 4678 4691
f 4678 4679 4682
f 4679 4681 4683
f 4681 4680 4684
f 4676 4677 4687
f 4677 4674 4689
f 4676 4687 4688
f 4677 4689 4687
f 4674 4690 4689
f 4675 4691 4690
f 4678 4682 4691
f 4679 4683 4682
f 4681 4684 4683
f 4680 4685 4686
f 4685 4655 4692
f 4655 4656 4694
f 4656 4657 4693
f 4657 4666 4709
f 4656 4693 4694
f 4657 4709 4693
f 4685 4692 4686
f 4680 4686 4684
f 4655 4694 4692
f 4666 4667 4710
f 4666 4710 4709
f 4667 4707 4710
f 4668 4708 4707
f 4669 4712 4708
f 1140 5213 5228
f 1152 5228 5253
f 4694 4693 4705
f 4693 4709 4718
f 4688 4687 4696
f 4687 4689 4697
f 4689 4690 4698
f 4690 4691 4701
f 4682 4683 4699
f 4683 4684 4700
f 4691 4682 4702
f 4683 4700 4699
f 4687 4697 4696
f 4688 4696 4695
f 4689 4698 4697
f 4690 4701 4698
f 4691 4702 4701
f 4682 4699 4702
f 4684 4686 4703
f 4686 4692 4704
f 4692 4694 4706
f 4684 4703 4700
f 4686 4704 4703
f 4692 4706 4704
f 4693 4718 4705
f 4694 4705 4706
f 4702 4699 4751
f 4699 4700 4752
f 4700 4703 4758
f 4703 4704 4759
f 4706 4705 4760
f 4705 4718 4814
f 4704 4706 4761
f 4705 4814 4760
f 4709 4710 4719
f 4707 4708 4721
f 4710 4707 4720
f 4707 4721 4720
f 4712 4711 4715
f 4711 4713 4716
f 4713 4714 4717
f 4714 4747 4717
f 4708 4712 4722
f 4712 4715 4722
f 4711 4716 4715
f 4708 4722 4721
f 4713 4717 4716
f 4709 4719 4718
f 4710 4720 4719
f 4720 4721 4763
f 4718 4719 4815
f 4719 4720 4762
f 4718 4815 4814
f 4719 4762 4815
f 4720 4763 4762
f 4722 4715 4764
f 4721 4722 4765
f 4722 4764 4765
f 4715 4766 4764
f 4715 4716 4766
f 4716 4717 4767
f 4717 4770 4767
f 4716 4767 4766
f 4721 4765 4763
f 4723 4724 4725
f 4724 4319 4726
f 4663 4723 4729
f 4319 4320 4727
f 4723 4725 4729
f 4724 4726 4725
f 4319 4727 4726
f 4320 4728 4727
f 4321 4730 4728
f 4726 4727 4735
f 4727 4728 4736
f 4672 4729 4732
f 4729 4725 4734
f 4725 4726 4733
f 4729 4734 4732
f 4730 4731 4738
f 4731 4326 4739
f 4728 4730 4741
f 4728 4741 4736
f 4725 4733 4734
f 4734 4733 4746
f 4726 4735 4733
f 4727 4736 4735
f 4733 4735 4749
f 4735 4736 4737
f 4736 4742 4737
f 4735 4737 4749
f 4730 4738 4741
f 4731 4739 4738
f 4326 4327 4740
f 4326 4740 4739
f 4327 4894 4740
f 4739 4740 4744
f 4741 4738 4743
f 4736 4741 4742
f 4738 4739 4745
f 4740 4894 4900
f 4738 4745 4743
f 4741 4743 4742
f 4742 4743 4777
f 4743 4745 4779
f 4739 4744 4745
f 4740 4900 4744
f 4744 4900 4903
f 4745 4744 4780
f 4714 4732 4747
f 4732 4734 4748
f 4732 4748 4747
f 4734 4746 4748
f 4717 4747 4770
f 4747 4748 4771
f 4748 4746 4772
f 4748 4772 4771
f 4733 4749 4746
f 4746 4749 4768
f 4749 4737 4769
f 4746 4768 4772
f 4747 4771 4770
f 4737 4742 4778
f 4696 4697 4755
f 4695 4696 4753
f 4697 4698 4756
f 4698 4701 4757
f 4701 4702 4750
f 4696 4755 4753
f 4695 4753 4754
f 4697 4756 4755
f 4698 4757 4756
f 4702 4751 4750
f 4699 4752 4751
f 4701 4750 4757
f 4700 4758 4752
f 4703 4759 4758
f 4704 4761 4759
f 4706 4760 4761
f 1684 5253 5258
f 1696 5258 5274
f 1696 5274 5542
f 4765 4764 4821
f 4764 4766 4823
f 4766 4767 4822
f 4767 4872 4822
f 4283 5786 4295
f 5106 5107 4388
f 5107 5104 4385
f 5104 5105 4386
f 5105 5108 4389
f 4295 5665 4355
f 5108 5109 4390
f 1730 5542 5550
f 3516 5569 5757
f 3516 5550 5569
f 4745 4780 4779
f 4744 4903 4780
f 4737 4778 4769
f 4749 4769 4768
f 4771 4772 4774
f 4767 4770 4872
f 4770 4771 4773
f 4770 4773 4872
f 4771 4774 4773
f 4772 4768 4776
f 4772 4776 4774
f 4768 4769 4775
f 4768 4775 4776
f 4769 4783 4775
f 4774 4776 4876
f 4776 4775 4877
f 4776 4877 4876
f 4775 4785 4877
f 4742 4777 4778
f 4743 4779 4777
f 4778 4777 4784
f 4769 4778 4783
f 4777 4779 4781
f 4779 4780 4782
f 4780 4903 4918
f 4778 4784 4783
f 4777 4781 4784
f 4780 4918 4782
f 4779 4782 4781
f 4782 4918 4926
f 4783 4784 4786
f 4784 4781 4788
f 4784 4788 4786
f 4775 4783 4785
f 4783 4786 4785
f 4781 4782 4787
f 4785 4786 4889
f 4786 4788 4892
f 4781 4787 4788
f 4782 4926 4787
f 4787 4926 4928
f 4788 4787 4789
f 4788 4789 4892
f 4787 4928 4789
f 4754 4753 4796
f 4753 4755 4793
f 4755 4756 4794
f 4756 4757 4797
f 4757 4750 4798
f 4750 4751 4799
f 4751 4752 4800
f 4756 4797 4794
f 4757 4798 4797
f 4750 4799 4798
f 4751 4800 4799
f 4761 4760 4792
f 4760 4814 4817
f 4752 4758 4801
f 4758 4759 4790
f 4759 4761 4791
f 4759 4791 4790
f 4752 4801 4800
f 4758 4790 4801
f 4761 4792 4791
f 4760 4817 4792
f 4754 4796 4795
f 4753 4793 4796
f 4755 4794 4793
f 4795 4796 4803
f 4796 4793 4804
f 4793 4794 4805
f 4794 4797 4809
f 4797 4798 4806
f 4798 4799 4807
f 4799 4800 4808
f 4795 4803 4802
f 4796 4804 4803
f 4793 4805 4804
f 4794 4809 4805
f 4797 4806 4809
f 4798 4807 4806
f 4799 4808 4807
f 4801 4790 4812
f 4800 4801 4811
f 4791 4792 4810
f 4790 4791 4813
f 4792 4817 4825
f 4800 4811 4808
f 4801 4812 4811
f 4790 4813 4812
f 4792 4825 4810
f 4791 4810 4813
f 4814 4815 4816
f 4815 4762 4818
f 4762 4763 4819
f 4815 4818 4816
f 4762 4819 4818
f 4814 4816 4817
f 4763 4765 4820
f 4763 4820 4819
f 4764 4823 4821
f 4765 4821 4820
f 4766 4822 4823
f 4817 4816 4826
f 4816 4818 4827
f 4818 4819 4828
f 4818 4828 4827
f 4823 4822 4832
f 4819 4820 4829
f 4820 4821 4824
f 4821 4823 4831
f 4821 4831 4824
f 4819 4829 4828
f 4820 4824 4829
f 4823 4832 4831
f 4822 4874 4832
f 4817 4826 4825
f 4816 4827 4826
f 4804 4805 4847
f 4805 4809 4850
f 4809 4806 4851
f 4807 4808 4849
f 4806 4807 4848
f 4808 4811 4852
f 4811 4812 4853
f 4811 4853 4852
f 4812 4854 4853
f 4812 4813 4854
f 4813 4810 4830
f 4810 4825 4833
f 4813 4830 4854
f 4810 4833 4830
f 4826 4827 4836
f 4827 4828 4835
f 4825 4826 4834
f 4825 4834 4833
f 4826 4836 4834
f 4827 4835 4836
f 4828 4829 4840
f 4829 4824 4837
f 4824 4831 4838
f 4831 4832 4839
f 4828 4840 4835
f 4829 4837 4840
f 4824 4838 4837
f 4831 4839 4838
f 4832 4878 4839
f 4834 4836 4869
f 4836 4835 4870
f 4840 4837 4841
f 4835 4840 4871
f 4835 4871 4870
f 4840 4841 4871
f 4837 4842 4841
f 4837 4838 4842
f 4838 4839 4843
f 4838 4843 4842
f 4839 4884 4843
f 4802 4803 4845
f 4803 4804 4846
f 4802 4845 4844
f 4803 4846 4845
f 4804 4847 4846
f 4805 4850 4847
f 4809 4851 4850
f 4806 4848 4851
f 4807 4849 4848
f 4846 4847 4858
f 4847 4850 4862
f 4844 4845 4856
f 4845 4846 4857
f 4808 4852 4849
f 4850 4851 4859
f 4848 4849 4861
f 4851 4848 4860
f 4844 4856 4855
f 4845 4857 4856
f 4847 4862 4858
f 4846 4858 4857
f 4850 4859 4862
f 4851 4860 4859
f 4848 4861 4860
f 4855 4856 5214
f 4856 4857 5215
f 4857 4858 5216
f 4858 4862 5218
f 4862 4859 5217
f 4859 4860 5219
f 4860 4861 5220
f 4849 4852 4864
f 4852 4853 4865
f 4849 4864 4861
f 4852 4865 4864
f 4853 4866 4865
f 4853 4854 4866
f 4854 4830 4863
f 4830 4833 4867
f 4854 4863 4866
f 4830 4867 4863
f 4864 4865 5210
f 4861 4864 5221
f 4866 4863 5212
f 4865 4866 5211
f 4863 4867 5235
f 4833 4834 4868
f 4833 4868 4867
f 4834 4869 4868
f 4836 4870 4869
f 4867 4868 5234
f 4868 4869 5236
f 4872 4773 4875
f 4822 4872 4874
f 4872 4875 4874
f 4773 4774 4873
f 4773 4873 4875
f 4774 4876 4873
f 4832 4874 4878
f 4874 4875 4879
f 4875 4873 4880
f 4875 4880 4879
f 4873 4876 4881
f 4876 4877 4882
f 4877 4888 4882
f 4873 4881 4880
f 4876 4882 4881
f 4874 4879 4878
f 4881 4882 4887
f 4882 4890 4887
f 4839 4878 4884
f 4878 4879 4885
f 4879 4880 4883
f 4879 4883 4885
f 4878 4885 4884
f 4880 4881 4886
f 4880 4886 4883
f 4881 4887 4886
f 4877 4785 4888
f 4785 4889 4888
f 4786 4892 4889
f 4889 4892 4893
f 4882 4888 4890
f 4888 4889 4891
f 4888 4891 4890
f 4889 4893 4891
f 4892 4789 5314
f 4789 4928 6011
f 4892 5314 4893
f 4789 6011 5314
f 4503 4895 4894
f 4895 4507 4898
f 4894 4895 4896
f 4894 4896 4900
f 4895 4898 4896
f 4507 4509 4899
f 4507 4899 4898
f 4508 4901 4897
f 4509 4897 4899
f 4900 4896 4904
f 4514 4902 4901
f 4898 4899 4906
f 4899 4897 4905
f 4897 4901 4912
f 4897 4912 4905
f 4896 4898 4907
f 4896 4907 4904
f 4900 4904 4903
f 4903 4904 4917
f 4904 4907 4919
f 4898 4906 4907
f 4899 4905 4906
f 4906 4905 4908
f 4907 4906 4920
f 4905 4912 4913
f 4907 4920 4919
f 4906 4908 4920
f 4905 4913 4908
f 4901 4902 4909
f 4902 4517 4911
f 4901 4909 4912
f 4902 4911 4909
f 4517 4910 4911
f 4518 4939 4910
f 4909 4911 4915
f 4910 4939 4941
f 4911 4910 4916
f 4911 4916 4915
f 4910 4941 4916
f 4912 4909 4914
f 4912 4914 4913
f 4909 4915 4914
f 4913 4914 4934
f 4914 4915 4921
f 4915 4916 4922
f 4903 4917 4918
f 4904 4919 4917
f 4917 4919 4923
f 4918 4917 4927
f 4919 4920 4924
f 4920 4908 4925
f 4908 4913 4933
f 4914 4921 4934
f 4916 4941 4949
f 4916 4949 4922
f 4915 4922 4921
f 4922 4949 4959
f 4918 4927 4926
f 4917 4923 4927
f 4920 4925 4924
f 4908 4933 4925
f 4919 4924 4923
f 4923 4924 4932
f 4925 4933 4938
f 4924 4925 4931
f 4926 4927 4929
f 4927 4923 4930
f 4927 4930 4929
f 4926 4929 4928
f 4923 4932 4930
f 4925 4938 4931
f 4928 4929 6012
f 4929 4930 6015
f 4929 6015 6012
f 4924 4931 4932
f 4932 4931 5965
f 4931 4938 5968
f 4930 4932 5966
f 4930 5966 6015
f 4932 5965 5966
f 4931 5968 5965
f 4913 4934 4933
f 4934 4921 4937
f 4933 4934 4935
f 4921 4922 4936
f 4933 4935 4938
f 4934 4937 4935
f 4935 4937 5970
f 4921 4936 4937
f 4922 4959 4936
f 4936 4959 5982
f 4937 4936 5971
f 4937 5971 5970
f 4936 5982 5971
f 4938 4935 5967
f 4938 5967 5968
f 4935 5970 5967
f 4939 4940 4942
f 4940 4943 4942
f 4940 4633 4943
f 4939 4942 4941
f 4633 4944 4943
f 4942 4943 4948
f 4943 4945 4948
f 4944 4636 4946
f 4943 4944 4945
f 4944 4946 4945
f 4945 4946 4952
f 4941 4942 4947
f 4942 4948 4947
f 4941 4947 4949
f 4949 4947 4960
f 4947 4948 4950
f 4948 4945 4951
f 4949 4960 4959
f 4947 4950 4960
f 4948 4951 4950
f 4945 4952 4951
f 4950 4951 5985
f 4951 4952 5976
f 4951 5976 5985
f 4636 4643 4953
f 4643 4954 4953
f 4636 4953 4946
f 4946 4953 4957
f 4954 4647 4956
f 4953 4958 4957
f 4953 4954 4958
f 4954 4956 4958
f 4647 4955 4956
f 4956 4955 5980
f 4946 4957 4952
f 4952 4957 5977
f 4958 4956 5979
f 4957 4958 5978
f 4959 4960 5983
f 4960 5984 5983
f 4960 4950 5984
f 4950 5985 5984
f 4959 5983 5982
f 4928 6012 6011
f 4965 4966 4412
f 4964 4965 4411
f 5136 4965 4964
f 5137 4966 4965
f 5137 5138 4966
f 4966 4970 4405
f 4970 4967 4406
f 4968 4969 4408
f 4967 4968 4407
f 4973 4977 4969
f 5139 4967 4970
f 4971 4968 4967
f 5138 4970 4966
f 5138 5139 4970
f 5139 4971 4967
f 4972 4969 4968
f 4972 4973 4969
f 4971 4972 4968
f 5172 4980 4973
f 4986 4987 4438
f 4987 5009 4621
f 4977 4978 4442
f 4978 4974 4443
f 4974 4975 4444
f 4975 4976 4445
f 4982 4976 4975
f 4983 4985 4976
f 4969 4977 4441
f 4980 4978 4977
f 4981 4974 4978
f 4981 4979 4974
f 4973 4980 4977
f 4980 4981 4978
f 4979 4975 4974
f 4979 4982 4975
f 5191 4981 4980
f 5192 4979 4981
f 5192 5193 4979
f 4982 4983 4976
f 4992 4983 4982
f 4993 4991 4983
f 5193 4982 4979
f 5193 4992 4982
f 4992 4993 4983
f 4985 4984 4437
f 4976 4985 4436
f 4984 4986 4439
f 4991 4984 4985
f 4988 4986 4984
f 4989 4987 4986
f 4990 5009 4987
f 4983 4991 4985
f 4991 4988 4984
f 4988 4989 4986
f 4990 5024 5009
f 4989 4990 4987
f 4996 4990 4989
f 4997 5024 4990
f 4997 5032 5024
f 4995 4988 4991
f 4993 4995 4991
f 4995 4994 4988
f 4994 4989 4988
f 4994 4996 4989
f 4996 4997 4990
f 5197 4993 4992
f 5198 4995 4993
f 5204 4994 4995
f 5205 4996 4994
f 5198 5204 4995
f 5204 5205 4994
f 5205 4998 4996
f 4998 4997 4996
f 4999 5032 4997
f 4998 4999 4997
f 4999 5033 5032
f 5209 5033 4999
f 5052 4607 4606
f 5053 4605 4607
f 5054 4608 4605
f 5053 5054 4605
f 5000 4604 4608
f 5000 5001 4604
f 5054 5000 4608
f 5058 5001 5000
f 5004 4610 4609
f 5005 4611 4610
f 5005 5002 4611
f 5002 4596 4611
f 5002 5003 4596
f 5001 4609 4604
f 5001 5004 4609
f 5004 5005 4610
f 5006 5002 5005
f 5057 5004 5001
f 5060 5005 5004
f 5008 5003 5002
f 5057 5060 5004
f 5006 5008 5002
f 5060 5006 5005
f 5008 5007 5003
f 5070 5007 5008
f 5010 5013 4618
f 5009 5010 4622
f 5023 5013 5010
f 5013 5011 4620
f 5011 5012 4619
f 5012 5018 4624
f 5014 5018 5012
f 5025 5011 5013
f 5026 5012 5011
f 5025 5026 5011
f 5026 5014 5012
f 5014 5019 5018
f 5015 4625 4623
f 5018 4623 4624
f 5018 5015 4623
f 5015 5016 4625
f 5016 4571 4625
f 5016 5017 4571
f 5017 4606 4571
f 5017 5052 4606
f 5021 5017 5016
f 5022 5052 5017
f 5019 5015 5018
f 5020 5016 5015
f 5022 5059 5052
f 5019 5020 5015
f 5020 5021 5016
f 5041 5020 5019
f 5042 5021 5020
f 5042 5044 5021
f 5021 5022 5017
f 5027 5059 5022
f 5044 5022 5021
f 5044 5027 5022
f 5027 5062 5059
f 5024 5010 5009
f 5024 5023 5010
f 5023 5025 5013
f 5028 5025 5023
f 5032 5023 5024
f 5032 5028 5023
f 5028 5029 5025
f 5029 5026 5025
f 5029 5030 5026
f 5030 5014 5026
f 5031 5019 5014
f 5030 5031 5014
f 5031 5041 5019
f 5041 5042 5020
f 5035 5030 5029
f 5037 5041 5031
f 5036 5031 5030
f 5036 5037 5031
f 5037 5047 5041
f 5033 5028 5032
f 5034 5029 5028
f 5033 5034 5028
f 5034 5035 5029
f 5035 5036 5030
f 5974 5034 5033
f 5974 5975 5034
f 5975 5035 5034
f 5975 5038 5035
f 5040 5037 5036
f 5039 5047 5037
f 5039 5049 5047
f 5038 5036 5035
f 5038 5040 5036
f 5040 5039 5037
f 6079 5039 5040
f 6080 5049 5039
f 5043 5044 5042
f 5047 5042 5041
f 5047 5043 5042
f 5043 5045 5044
f 5045 5027 5044
f 5046 5062 5027
f 5045 5046 5027
f 5046 5078 5062
f 5050 5046 5045
f 5051 5078 5046
f 5051 5083 5078
f 5049 5043 5047
f 5049 5048 5043
f 5048 5045 5043
f 5048 5050 5045
f 6092 5048 5049
f 6092 6093 5048
f 6093 5050 5048
f 6093 5094 5050
f 5050 5051 5046
f 5095 5083 5051
f 5094 5051 5050
f 5094 5095 5051
f 5095 5096 5083
f 5052 5053 4607
f 5055 5054 5053
f 5056 5000 5054
f 5059 5053 5052
f 5059 5055 5053
f 5055 5056 5054
f 5061 5058 5056
f 5056 5058 5000
f 5058 5057 5001
f 5064 5057 5058
f 5064 5065 5057
f 5063 5056 5055
f 5062 5055 5059
f 5062 5063 5055
f 5063 5061 5056
f 5061 5064 5058
f 5065 5060 5057
f 5068 5006 5060
f 5069 5008 5006
f 5069 5070 5008
f 5065 5068 5060
f 5068 5069 5006
f 5070 5071 5007
f 5078 5063 5062
f 5077 5061 5063
f 5079 5064 5061
f 5077 5079 5061
f 5066 5065 5064
f 5079 5066 5064
f 5066 5067 5065
f 5074 5070 5069
f 5075 5071 5070
f 5075 5072 5071
f 5067 5068 5065
f 5073 5069 5068
f 5067 5073 5068
f 5074 5075 5070
f 5073 5074 5069
f 5081 5073 5067
f 5087 5074 5073
f 5088 5075 5074
f 5090 5072 5075
f 5088 5090 5075
f 5090 5076 5072
f 5078 5077 5063
f 5082 5067 5066
f 5080 5066 5079
f 5083 5077 5078
f 5084 5079 5077
f 5083 5084 5077
f 5084 5080 5079
f 5080 5082 5066
f 5082 5081 5067
f 5085 5081 5082
f 5085 5086 5081
f 5097 5080 5084
f 5096 5084 5083
f 5096 5097 5084
f 5098 5082 5080
f 5097 5098 5080
f 5098 5085 5082
f 5081 5087 5073
f 5087 5088 5074
f 5089 5090 5088
f 5086 5087 5081
f 5093 5088 5087
f 5086 5093 5087
f 5089 5091 5090
f 5093 5089 5088
f 5091 5076 5090
f 5091 5092 5076
f 6142 5097 5096
f 6143 5098 5097
f 6144 5085 5098
f 6144 6145 5085
f 6145 5086 5085
f 6145 5099 5086
f 5103 5092 5091
f 5099 5093 5086
f 5100 5089 5093
f 5101 5091 5089
f 5101 5103 5091
f 5099 5100 5093
f 5100 5101 5089
f 6157 5103 5101
f 5103 5102 5092
f 6159 5102 5103
f 6159 6160 5102
f 5117 5107 5106
f 5114 5104 5107
f 5116 5108 5105
f 5115 5105 5104
f 5118 5109 5108
f 5119 5111 5109
f 5120 5110 5111
f 5118 5119 5109
f 5119 5120 5111
f 5120 5121 5110
f 4355 5641 4359
f 5117 5114 5107
f 5114 5115 5104
f 5115 5116 5105
f 5116 5118 5108
f 5124 5113 5112
f 5125 4961 5113
f 5121 5112 5110
f 5121 5124 5112
f 5124 5125 5113
f 5122 4962 4961
f 5123 4963 4962
f 5123 5135 4963
f 5125 5122 4961
f 5122 5123 4962
f 4359 5641 4376
f 5126 5114 5117
f 5127 5115 5114
f 5128 5116 5115
f 5129 5118 5116
f 5130 5119 5118
f 5131 5120 5119
f 5132 5121 5120
f 5128 5129 5116
f 5129 5130 5118
f 5130 5131 5119
f 5131 5132 5120
f 5132 5133 5121
f 5133 5124 5121
f 5134 5125 5124
f 5140 5122 5125
f 5141 5123 5122
f 5142 5135 5123
f 5133 5134 5124
f 5134 5140 5125
f 5141 5142 5123
f 5142 5166 5135
f 5140 5141 5122
f 5126 5127 5114
f 5127 5128 5115
f 4376 5621 4387
f 5135 4964 4963
f 5135 5136 4964
f 5136 5137 4965
f 5166 5136 5135
f 5167 5137 5136
f 5168 5138 5137
f 5168 5169 5138
f 5166 5167 5136
f 5167 5168 5137
f 5173 4971 5139
f 5170 4972 4971
f 5169 5139 5138
f 5171 4973 4972
f 5169 5173 5139
f 5173 5170 4971
f 5171 5172 4973
f 5170 5171 4972
f 3517 5757 5762
f 3563 5762 5742
f 5154 5166 5142
f 5145 5127 5126
f 5146 5128 5127
f 5147 5129 5128
f 5148 5130 5129
f 5150 5132 5131
f 5143 5133 5132
f 5149 5131 5130
f 4387 5613 5106
f 5145 5146 5127
f 5146 5147 5128
f 5147 5148 5129
f 5148 5149 5130
f 5149 5150 5131
f 5150 5143 5132
f 5143 5144 5133
f 5106 5452 5117
f 5144 5134 5133
f 5151 5140 5134
f 5152 5141 5140
f 5153 5142 5141
f 5144 5151 5134
f 5151 5152 5140
f 5152 5153 5141
f 5153 5154 5142
f 5154 5179 5166
f 5190 5146 5145
f 5155 5147 5146
f 5156 5148 5147
f 5157 5149 5148
f 5117 5417 5126
f 5190 5155 5146
f 5155 5156 5147
f 5126 5396 5145
f 5156 5157 5148
f 5157 5158 5149
f 5158 5150 5149
f 5159 5143 5150
f 5161 5144 5143
f 5161 5160 5144
f 5158 5159 5150
f 5159 5161 5143
f 5165 5154 5153
f 5164 5179 5154
f 5160 5151 5144
f 5162 5152 5151
f 5163 5153 5152
f 5160 5162 5151
f 5162 5163 5152
f 5165 5164 5154
f 5163 5165 5153
f 5164 5183 5179
f 5366 5162 5160
f 5378 5163 5162
f 5379 5165 5163
f 5380 5164 5165
f 5381 5183 5164
f 5179 5167 5166
f 5178 5168 5167
f 5180 5169 5168
f 5180 5181 5169
f 5177 5191 5172
f 5181 5173 5169
f 5175 5171 5170
f 5174 5170 5173
f 5176 5172 5171
f 5181 5174 5173
f 5174 5175 5170
f 5176 5177 5172
f 5175 5176 5171
f 5179 5178 5167
f 5178 5180 5168
f 5189 5194 5177
f 5183 5178 5179
f 5184 5180 5178
f 5185 5181 5180
f 5184 5185 5180
f 5185 5182 5181
f 5183 5184 5178
f 5399 5185 5184
f 5398 5184 5183
f 5356 5182 5185
f 5182 5174 5181
f 5186 5175 5174
f 5187 5176 5175
f 5186 5187 5175
f 5182 5186 5174
f 5188 5177 5176
f 5187 5188 5176
f 5188 5189 5177
f 5359 5188 5187
f 5361 5189 5188
f 5360 5202 5189
f 5357 5186 5182
f 5358 5187 5186
f 4209 5742 5778
f 4282 5778 5786
f 5145 5370 5190
f 5362 5155 5190
f 5363 5156 5155
f 5364 5157 5156
f 5365 5158 5157
f 5367 5159 5158
f 5368 5161 5159
f 5369 5160 5161
f 4295 5786 5665
f 5172 5191 4980
f 5191 5192 4981
f 5194 5192 5191
f 5195 5193 5192
f 5195 5196 5193
f 5177 5194 5191
f 5194 5195 5192
f 5196 4992 5193
f 5196 5197 4992
f 5197 5198 4993
f 5202 5195 5194
f 5202 5203 5195
f 5203 5196 5195
f 5203 5199 5196
f 5200 5198 5197
f 5201 5204 5198
f 5199 5197 5196
f 5199 5200 5197
f 5200 5201 5198
f 5484 5201 5200
f 5485 5206 5201
f 5189 5202 5194
f 5480 5203 5202
f 5481 5199 5203
f 5479 5200 5199
f 5206 5205 5204
f 5206 5207 5205
f 5207 4998 5205
f 5207 5208 4998
f 5201 5206 5204
f 5490 5207 5206
f 5491 5208 5207
f 5208 4999 4998
f 5208 5209 4999
f 5209 5974 5033
f 5489 5974 5209
f 5488 5209 5208
f 5488 5489 5209
f 5489 6077 5974
f 4862 5217 5218
f 4859 5219 5217
f 4860 5220 5219
f 4864 5210 5221
f 4861 5221 5220
f 4865 5211 5210
f 4863 5235 5212
f 4866 5212 5211
f 5211 5212 5233
f 5212 5235 5248
f 4855 5214 5213
f 4856 5215 5214
f 4857 5216 5215
f 4858 5218 5216
f 5216 5218 5224
f 5213 5214 5229
f 5214 5215 5222
f 5215 5216 5223
f 5218 5217 5225
f 5217 5219 5227
f 5219 5220 5226
f 5220 5221 5230
f 5221 5210 5231
f 5210 5211 5232
f 5213 5229 5228
f 5214 5222 5229
f 5215 5223 5222
f 5216 5224 5223
f 5218 5225 5224
f 5217 5227 5225
f 5219 5226 5227
f 5224 5225 5255
f 5225 5227 5256
f 5227 5226 5257
f 5228 5229 5250
f 5229 5222 5251
f 5222 5223 5252
f 5223 5224 5254
f 5228 5250 5253
f 5229 5251 5250
f 5223 5254 5252
f 5222 5252 5251
f 5224 5255 5254
f 5225 5256 5255
f 5227 5257 5256
f 5220 5230 5226
f 5221 5231 5230
f 5210 5232 5231
f 5211 5233 5232
f 5212 5248 5233
f 5226 5230 5268
f 5230 5231 5269
f 5230 5269 5268
f 5231 5266 5269
f 5233 5248 5288
f 5231 5232 5266
f 5232 5233 5267
f 5232 5267 5266
f 5233 5288 5267
f 5226 5268 5257
f 4869 4870 5237
f 4869 5237 5236
f 4867 5234 5235
f 4868 5236 5234
f 5235 5234 5249
f 5236 5237 5243
f 5234 5236 5242
f 4870 4871 5238
f 4871 4841 5239
f 4841 5240 5239
f 4870 5238 5237
f 4871 5239 5238
f 4841 4842 5240
f 4842 4843 5241
f 4842 5241 5240
f 4843 5323 5241
f 5239 5240 5246
f 5240 5241 5247
f 5237 5238 5245
f 5238 5239 5244
f 5235 5249 5248
f 5234 5242 5249
f 5236 5243 5242
f 5241 5326 5247
f 5237 5245 5243
f 5239 5246 5244
f 5238 5244 5245
f 5240 5247 5246
f 5243 5245 5296
f 5245 5244 5297
f 5245 5297 5296
f 5244 5286 5297
f 5246 5247 5287
f 5244 5246 5286
f 5246 5287 5286
f 5247 5331 5287
f 5248 5249 5289
f 5249 5290 5289
f 5248 5289 5288
f 5249 5242 5290
f 5242 5243 5291
f 5242 5291 5290
f 5243 5296 5291
f 5252 5254 5262
f 5253 5250 5259
f 5250 5251 5261
f 5251 5252 5260
f 5254 5255 5263
f 5255 5256 5264
f 5256 5257 5265
f 5253 5259 5258
f 5250 5261 5259
f 5251 5260 5261
f 5252 5262 5260
f 5256 5265 5264
f 5254 5263 5262
f 5255 5264 5263
f 5266 5267 5273
f 5267 5288 5294
f 5257 5268 5270
f 5268 5269 5271
f 5269 5266 5272
f 5257 5270 5265
f 5268 5271 5270
f 5269 5272 5271
f 5266 5273 5272
f 5267 5294 5273
f 5258 5259 5275
f 5259 5261 5276
f 5261 5260 5277
f 5260 5262 5278
f 5258 5275 5274
f 5259 5276 5275
f 5261 5277 5276
f 5260 5278 5277
f 5262 5263 5279
f 5263 5264 5281
f 5264 5265 5280
f 5263 5281 5279
f 5262 5279 5278
f 5264 5280 5281
f 5274 5275 5543
f 5275 5276 5544
f 5276 5277 5545
f 5277 5278 5546
f 5278 5279 5547
f 5281 5280 5548
f 5279 5281 5549
f 5270 5271 5283
f 5265 5270 5282
f 5271 5285 5283
f 5265 5282 5280
f 5270 5283 5282
f 5271 5272 5285
f 5272 5273 5284
f 5273 5294 5303
f 5272 5284 5285
f 5273 5303 5284
f 5280 5282 5558
f 5282 5283 5559
f 5285 5284 5560
f 5284 5303 5578
f 5283 5285 5561
f 5288 5289 5295
f 5289 5290 5292
f 5290 5291 5293
f 5288 5295 5294
f 5289 5292 5295
f 5290 5293 5292
f 5291 5296 5299
f 5296 5297 5298
f 5297 5286 5300
f 5286 5287 5301
f 5296 5298 5299
f 5297 5300 5298
f 5291 5299 5293
f 5286 5301 5300
f 5287 5338 5301
f 5292 5293 5302
f 5292 5302 5305
f 5294 5295 5304
f 5294 5304 5303
f 5295 5305 5304
f 5295 5292 5305
f 5303 5304 5579
f 5304 5305 5580
f 5305 5302 5581
f 5293 5299 5306
f 5299 5298 5307
f 5293 5306 5302
f 5299 5307 5306
f 5298 5308 5307
f 5300 5301 5309
f 5298 5300 5308
f 5301 5343 5309
f 5300 5309 5308
f 5302 5306 5586
f 5306 5307 5587
f 5307 5308 5588
f 5308 5309 5589
f 4843 4884 5323
f 4884 4885 5324
f 4884 5324 5323
f 4885 4883 5310
f 4885 5310 5324
f 4883 4886 5311
f 4886 4887 5312
f 4887 5315 5312
f 4883 5311 5310
f 4886 5312 5311
f 5310 5311 5328
f 5311 5312 5313
f 5311 5313 5328
f 5312 5319 5313
f 4891 4893 5317
f 4893 5314 5318
f 5314 6011 6013
f 4893 5318 5317
f 5314 6013 5318
f 4887 4890 5315
f 4890 4891 5316
f 4890 5316 5315
f 4891 5317 5316
f 5315 5316 5320
f 5316 5317 5322
f 5312 5315 5319
f 5315 5320 5319
f 5316 5322 5320
f 5319 5320 5347
f 5320 5322 5329
f 5317 5318 5321
f 5317 5321 5322
f 5318 6013 6021
f 5318 6021 5321
f 5321 6021 6029
f 5322 5321 5330
f 5323 5324 5325
f 5241 5323 5326
f 5324 5310 5327
f 5323 5325 5326
f 5324 5327 5325
f 5325 5327 5333
f 5247 5326 5331
f 5326 5325 5332
f 5326 5332 5331
f 5310 5328 5327
f 5327 5328 5336
f 5328 5313 5337
f 5313 5319 5346
f 5320 5329 5347
f 5322 5330 5329
f 5321 6029 5330
f 5329 5330 5353
f 5330 6029 6052
f 5287 5331 5338
f 5331 5332 5334
f 5325 5333 5332
f 5331 5334 5338
f 5332 5333 5335
f 5332 5335 5334
f 5327 5336 5333
f 5313 5346 5337
f 5328 5337 5336
f 5336 5337 5340
f 5337 5348 5340
f 5333 5336 5339
f 5333 5339 5335
f 5336 5340 5339
f 5334 5335 5345
f 5335 5339 5341
f 5335 5341 5345
f 5339 5340 5342
f 5340 5350 5342
f 5339 5342 5341
f 5345 5341 5847
f 5341 5342 5839
f 5301 5338 5343
f 5338 5334 5344
f 5338 5344 5343
f 5334 5345 5344
f 5343 5344 5842
f 5309 5343 5841
f 5344 5345 5843
f 5319 5347 5346
f 5346 5347 5349
f 5337 5346 5348
f 5346 5349 5348
f 5347 5329 5352
f 5347 5352 5349
f 5329 5353 5352
f 5330 6052 5353
f 5348 5349 5351
f 5349 5352 5355
f 5340 5348 5350
f 5348 5351 5350
f 5349 5355 5351
f 5350 5351 5860
f 5342 5350 5859
f 5351 5355 5863
f 5352 5353 5354
f 5352 5354 5355
f 5353 6052 6053
f 5353 6053 5354
f 5355 5354 5864
f 5354 6053 6204
f 5380 5381 5164
f 5381 5398 5183
f 5398 5399 5184
f 5399 5356 5185
f 5356 5357 5182
f 5357 5358 5186
f 5358 5359 5187
f 5404 5359 5358
f 5405 5361 5359
f 5359 5361 5188
f 5361 5360 5189
f 5406 5360 5361
f 5407 5480 5360
f 5406 5407 5360
f 5362 5363 5155
f 5363 5364 5156
f 5364 5365 5157
f 5365 5367 5158
f 5190 5370 5362
f 5145 5396 5370
f 5367 5368 5159
f 5369 5366 5160
f 5368 5369 5161
f 4355 5645 5641
f 4355 5646 5645
f 5370 5363 5362
f 5371 5364 5363
f 5372 5365 5364
f 5373 5367 5365
f 5374 5368 5367
f 5375 5369 5368
f 5376 5366 5369
f 5375 5376 5369
f 5376 5377 5366
f 5126 5417 5396
f 5117 5425 5417
f 5370 5371 5363
f 5371 5372 5364
f 5372 5373 5365
f 5373 5374 5367
f 4376 5641 5621
f 5106 5605 5452
f 5117 5452 5425
f 4387 5621 5613
f 5374 5375 5368
f 5366 5378 5162
f 5378 5379 5163
f 5377 5378 5366
f 5383 5379 5378
f 5384 5380 5379
f 5379 5380 5165
f 5385 5381 5380
f 5382 5398 5381
f 5377 5383 5378
f 5383 5384 5379
f 5385 5382 5381
f 5384 5385 5380
f 5382 5400 5398
f 4355 5665 5646
f 5106 5613 5605
f 5396 5371 5370
f 5397 5372 5371
f 5386 5373 5372
f 5387 5374 5373
f 5396 5397 5371
f 5397 5386 5372
f 5387 5388 5374
f 5386 5387 5373
f 5388 5375 5374
f 5389 5376 5375
f 5390 5377 5376
f 5388 5389 5375
f 5389 5390 5376
f 5390 5391 5377
f 5391 5383 5377
f 5392 5384 5383
f 5393 5385 5384
f 5391 5392 5383
f 5392 5393 5384
f 5394 5382 5385
f 5395 5400 5382
f 5393 5394 5385
f 5394 5395 5382
f 5395 5409 5400
f 5441 5394 5393
f 5442 5395 5394
f 5443 5409 5395
f 5418 5386 5397
f 5417 5397 5396
f 5419 5387 5386
f 5420 5388 5387
f 5417 5418 5397
f 5418 5419 5386
f 5419 5420 5387
f 5420 5422 5388
f 5422 5389 5388
f 5423 5390 5389
f 5424 5391 5390
f 5422 5423 5389
f 5423 5424 5390
f 5424 5421 5391
f 5421 5392 5391
f 5440 5393 5392
f 5421 5440 5392
f 5440 5441 5393
f 5441 5442 5394
f 5442 5443 5395
f 5443 5456 5409
f 5400 5399 5398
f 5401 5356 5399
f 5402 5357 5356
f 5400 5401 5399
f 5401 5402 5356
f 5402 5403 5357
f 5403 5358 5357
f 5403 5404 5358
f 5404 5405 5359
f 5405 5406 5361
f 5410 5402 5401
f 5411 5403 5402
f 5409 5401 5400
f 5409 5410 5401
f 5410 5411 5402
f 5411 5408 5403
f 5456 5410 5409
f 5457 5411 5410
f 5456 5457 5410
f 5458 5408 5411
f 5457 5458 5411
f 5458 5459 5408
f 5408 5404 5403
f 5412 5405 5404
f 5413 5406 5405
f 5408 5412 5404
f 5412 5413 5405
f 5415 5498 5407
f 5414 5407 5406
f 5413 5414 5406
f 5414 5415 5407
f 5453 5413 5412
f 5454 5414 5413
f 5459 5412 5408
f 5459 5453 5412
f 5453 5454 5413
f 5455 5415 5414
f 5416 5499 5415
f 5454 5455 5414
f 5455 5416 5415
f 5425 5418 5417
f 5426 5419 5418
f 5427 5420 5419
f 5428 5422 5420
f 5427 5428 5420
f 5428 5432 5422
f 5433 5424 5423
f 5432 5423 5422
f 5434 5421 5424
f 5432 5433 5423
f 5433 5434 5424
f 5434 5435 5421
f 5425 5426 5418
f 5426 5427 5419
f 5452 5426 5425
f 5429 5427 5426
f 5430 5428 5427
f 5431 5432 5428
f 5452 5429 5426
f 5429 5430 5427
f 5430 5431 5428
f 5431 5437 5432
f 5437 5433 5432
f 5436 5434 5433
f 5438 5435 5434
f 5437 5436 5433
f 5436 5438 5434
f 5438 5439 5435
f 5435 5440 5421
f 5446 5441 5440
f 5447 5442 5441
f 5435 5446 5440
f 5446 5447 5441
f 5444 5443 5442
f 5445 5456 5443
f 5444 5445 5443
f 5447 5444 5442
f 5445 5462 5456
f 5439 5446 5435
f 5448 5447 5446
f 5449 5444 5447
f 5439 5448 5446
f 5448 5449 5447
f 5450 5445 5444
f 5451 5462 5445
f 5449 5450 5444
f 5450 5451 5445
f 5451 5464 5462
f 5605 5429 5452
f 5606 5430 5429
f 5607 5431 5430
f 5608 5437 5431
f 5609 5436 5437
f 5610 5438 5436
f 5611 5439 5438
f 5612 5448 5439
f 5629 5449 5448
f 5630 5450 5449
f 5631 5451 5450
f 5631 5632 5451
f 5632 5464 5451
f 5632 5690 5464
f 5471 5502 5416
f 5462 5457 5456
f 5463 5458 5457
f 5462 5463 5457
f 5460 5459 5458
f 5463 5460 5458
f 5460 5461 5459
f 5466 5461 5460
f 5464 5463 5462
f 5465 5460 5463
f 5464 5465 5463
f 5465 5466 5460
f 5466 5467 5461
f 5691 5467 5466
f 5461 5453 5459
f 5468 5454 5453
f 5469 5455 5454
f 5461 5468 5453
f 5468 5469 5454
f 5470 5416 5455
f 5469 5470 5455
f 5470 5471 5416
f 5467 5468 5461
f 5472 5469 5468
f 5473 5470 5469
f 5474 5471 5470
f 5475 5515 5471
f 5467 5472 5468
f 5472 5473 5469
f 5692 5472 5467
f 5703 5473 5472
f 5476 5474 5473
f 5473 5474 5470
f 5474 5475 5471
f 5478 5518 5475
f 5477 5475 5474
f 5690 5465 5464
f 5690 5689 5465
f 5689 5466 5465
f 5689 5691 5466
f 5691 5692 5467
f 5692 5703 5472
f 5703 5476 5473
f 5476 5477 5474
f 5477 5478 5475
f 5360 5480 5202
f 5480 5481 5203
f 5481 5479 5199
f 5498 5481 5480
f 5482 5479 5481
f 5407 5498 5480
f 5498 5482 5481
f 5482 5483 5479
f 5479 5484 5200
f 5484 5485 5201
f 5486 5485 5484
f 5487 5490 5485
f 5483 5484 5479
f 5483 5486 5484
f 5486 5487 5485
f 5501 5486 5483
f 5505 5487 5486
f 5506 5492 5487
f 5490 5491 5207
f 5491 5488 5208
f 5495 6077 5489
f 5485 5490 5206
f 5492 5491 5490
f 5493 5488 5491
f 5487 5492 5490
f 5492 5493 5491
f 5493 5494 5488
f 5494 5489 5488
f 5494 5495 5489
f 5495 6084 6077
f 5497 6084 5495
f 5496 5495 5494
f 5509 5493 5492
f 5506 5509 5492
f 5509 5510 5493
f 5510 5494 5493
f 5510 5496 5494
f 5496 5497 5495
f 5497 6087 6084
f 5514 6087 5497
f 5499 5482 5498
f 5415 5499 5498
f 5499 5500 5482
f 5500 5483 5482
f 5500 5501 5483
f 5502 5500 5499
f 5416 5502 5499
f 5502 5504 5500
f 5504 5501 5500
f 5504 5503 5501
f 5501 5505 5486
f 5505 5506 5487
f 5503 5505 5501
f 5507 5506 5505
f 5508 5509 5506
f 5507 5508 5506
f 5503 5507 5505
f 5512 5510 5509
f 5508 5512 5509
f 5512 5511 5510
f 5511 5496 5510
f 5511 5513 5496
f 5513 5497 5496
f 5513 5514 5497
f 5514 6106 6087
f 5533 6106 5514
f 5532 5514 5513
f 5515 5504 5502
f 5516 5503 5504
f 5517 5507 5503
f 5517 5521 5507
f 5522 5512 5508
f 5521 5508 5507
f 5521 5522 5508
f 5471 5515 5502
f 5515 5516 5504
f 5516 5517 5503
f 5475 5518 5515
f 5518 5516 5515
f 5518 5519 5516
f 5519 5517 5516
f 5519 5520 5517
f 5525 5519 5518
f 5526 5520 5519
f 5526 5527 5520
f 5523 5522 5521
f 5524 5530 5522
f 5520 5521 5517
f 5520 5523 5521
f 5523 5524 5522
f 5527 5523 5520
f 5527 5528 5523
f 5528 5524 5523
f 5528 5529 5524
f 5529 5534 5524
f 5478 5525 5518
f 5525 5526 5519
f 5877 5528 5527
f 5884 5529 5528
f 5885 5541 5529
f 5530 5511 5512
f 5522 5530 5512
f 5530 5531 5511
f 5531 5513 5511
f 5531 5532 5513
f 5532 5533 5514
f 5537 5533 5532
f 5533 6113 6106
f 5538 6113 5533
f 5534 5531 5530
f 5535 5532 5531
f 5534 5535 5531
f 5524 5534 5530
f 5535 5537 5532
f 5536 5537 5535
f 5529 5541 5534
f 5541 5535 5534
f 5541 5536 5535
f 5536 5539 5537
f 5537 5538 5533
f 5538 6118 6113
f 5539 5538 5537
f 5540 6118 5538
f 5539 5540 5538
f 5911 5540 5539
f 5540 6120 6118
f 5912 6120 5540
f 5905 5536 5541
f 5906 5539 5536
f 5911 5912 5540
f 5912 6243 6120
f 5274 5543 5542
f 5275 5544 5543
f 5276 5545 5544
f 5277 5546 5545
f 5278 5547 5546
f 5279 5549 5547
f 5281 5548 5549
f 5542 5543 5551
f 5543 5544 5552
f 5542 5551 5550
f 5543 5552 5551
f 5544 5545 5553
f 5545 5546 5554
f 5544 5553 5552
f 5545 5554 5553
f 5546 5547 5555
f 5546 5555 5554
f 5547 5556 5555
f 5547 5549 5556
f 5549 5548 5557
f 5549 5557 5556
f 5280 5558 5548
f 5282 5559 5558
f 5283 5561 5559
f 5284 5578 5560
f 5285 5560 5561
f 5548 5558 5563
f 5548 5563 5557
f 5558 5562 5563
f 5558 5559 5562
f 5559 5564 5562
f 5561 5560 5565
f 5561 5565 5564
f 5560 5578 5582
f 5560 5582 5565
f 5559 5561 5564
f 5550 5551 5566
f 5551 5552 5567
f 5552 5553 5568
f 5553 5554 5570
f 5550 5566 5569
f 5551 5567 5566
f 5552 5568 5567
f 5553 5570 5568
f 5554 5555 5571
f 5555 5556 5572
f 5556 5557 5573
f 5554 5571 5570
f 5555 5572 5571
f 5556 5573 5572
f 5569 5566 5758
f 5566 5567 5759
f 5567 5568 5760
f 5568 5570 5761
f 5569 5758 5757
f 5566 5759 5758
f 5567 5760 5759
f 5568 5761 5760
f 5570 5571 5754
f 5571 5572 5755
f 5572 5573 5756
f 5570 5754 5761
f 5571 5755 5754
f 5572 5756 5755
f 5557 5563 5574
f 5563 5562 5575
f 5557 5574 5573
f 5563 5575 5574
f 5562 5576 5575
f 5562 5564 5576
f 5564 5565 5577
f 5565 5582 5596
f 5564 5577 5576
f 5565 5596 5577
f 5575 5772 5771
f 5577 5596 5810
f 5576 5773 5772
f 5577 5810 5773
f 5573 5574 5770
f 5574 5575 5771
f 5574 5771 5770
f 5573 5770 5756
f 5575 5576 5772
f 5576 5577 5773
f 5303 5579 5578
f 5304 5580 5579
f 5305 5581 5580
f 5578 5579 5583
f 5578 5583 5582
f 5579 5584 5583
f 5579 5580 5584
f 5580 5585 5584
f 5580 5581 5585
f 5306 5587 5586
f 5307 5588 5587
f 5308 5589 5588
f 5309 5841 5589
f 5302 5586 5581
f 5581 5586 5590
f 5586 5587 5591
f 5586 5591 5590
f 5587 5592 5591
f 5587 5588 5592
f 5588 5593 5592
f 5588 5589 5593
f 5589 5844 5593
f 5581 5590 5585
f 5584 5594 5595
f 5582 5583 5597
f 5582 5597 5596
f 5583 5595 5597
f 5583 5584 5595
f 5584 5585 5594
f 5596 5597 5811
f 5596 5811 5810
f 5597 5814 5811
f 5597 5595 5814
f 5595 5594 5815
f 5595 5815 5814
f 5585 5590 5598
f 5590 5591 5599
f 5585 5598 5594
f 5590 5599 5598
f 5591 5600 5599
f 5591 5592 5600
f 5592 5593 5601
f 5592 5601 5600
f 5593 5852 5601
f 5594 5598 5818
f 5598 5599 5602
f 5594 5818 5815
f 5598 5602 5818
f 5599 5603 5602
f 5599 5600 5603
f 5600 5601 5604
f 5600 5604 5603
f 5601 5855 5604
f 5605 5606 5429
f 5606 5607 5430
f 5607 5608 5431
f 5608 5609 5437
f 5613 5606 5605
f 5614 5607 5606
f 5615 5608 5607
f 5616 5609 5608
f 5609 5610 5436
f 5610 5611 5438
f 5611 5612 5439
f 5618 5611 5610
f 5619 5612 5611
f 5617 5610 5609
f 5618 5619 5611
f 5619 5620 5612
f 5613 5614 5606
f 5614 5615 5607
f 5615 5616 5608
f 5616 5617 5609
f 5617 5618 5610
f 5621 5614 5613
f 5622 5615 5614
f 5621 5622 5614
f 5622 5623 5615
f 5623 5616 5615
f 5624 5617 5616
f 5623 5624 5616
f 5624 5625 5617
f 5641 5622 5621
f 5642 5623 5622
f 5641 5642 5622
f 5642 5643 5623
f 5643 5624 5623
f 5644 5625 5624
f 5644 5653 5625
f 5643 5644 5624
f 5625 5618 5617
f 5625 5626 5618
f 5626 5619 5618
f 5627 5620 5619
f 5626 5627 5619
f 5627 5628 5620
f 5653 5626 5625
f 5654 5627 5626
f 5653 5654 5626
f 5655 5628 5627
f 5654 5655 5627
f 5655 5656 5628
f 5612 5629 5448
f 5629 5630 5449
f 5620 5629 5612
f 5633 5630 5629
f 5634 5631 5630
f 5620 5633 5629
f 5633 5634 5630
f 5630 5631 5450
f 5635 5632 5631
f 5636 5690 5632
f 5634 5635 5631
f 5635 5636 5632
f 5636 5695 5690
f 5640 5695 5636
f 5628 5633 5620
f 5628 5638 5633
f 5638 5634 5633
f 5637 5635 5634
f 5638 5637 5634
f 5656 5638 5628
f 5673 5637 5638
f 5656 5673 5638
f 5674 5639 5637
f 5673 5674 5637
f 5639 5636 5635
f 5637 5639 5635
f 5639 5640 5636
f 5640 5697 5695
f 5679 5640 5639
f 5674 5679 5639
f 5679 5680 5640
f 5680 5697 5640
f 5680 5716 5697
f 5645 5642 5641
f 5647 5643 5642
f 5645 5647 5642
f 5647 5649 5643
f 5649 5644 5643
f 5651 5653 5644
f 5649 5651 5644
f 5651 5657 5653
f 5646 5647 5645
f 5646 5648 5647
f 5648 5649 5647
f 5648 5650 5649
f 5665 5648 5646
f 5666 5650 5648
f 5650 5651 5649
f 5650 5652 5651
f 5652 5657 5651
f 5652 5658 5657
f 5667 5652 5650
f 5668 5658 5652
f 5657 5654 5653
f 5659 5655 5654
f 5657 5659 5654
f 5661 5656 5655
f 5659 5661 5655
f 5661 5663 5656
f 5658 5659 5657
f 5658 5660 5659
f 5660 5661 5659
f 5669 5660 5658
f 5670 5662 5660
f 5662 5663 5661
f 5660 5662 5661
f 5662 5664 5663
f 5671 5664 5662
f 5665 5666 5648
f 5666 5667 5650
f 5667 5668 5652
f 5668 5669 5658
f 5786 5666 5665
f 5787 5667 5666
f 5789 5668 5667
f 5788 5669 5668
f 5669 5670 5660
f 5671 5672 5664
f 5670 5671 5662
f 5790 5670 5669
f 5791 5671 5670
f 5792 5672 5671
f 5663 5673 5656
f 5675 5674 5673
f 5663 5675 5673
f 5677 5679 5674
f 5675 5677 5674
f 5664 5675 5663
f 5664 5676 5675
f 5676 5677 5675
f 5672 5676 5664
f 5685 5678 5676
f 5686 5682 5678
f 5676 5678 5677
f 5678 5681 5677
f 5681 5680 5679
f 5681 5683 5680
f 5677 5681 5679
f 5683 5716 5680
f 5683 5718 5716
f 5687 5684 5682
f 5678 5682 5681
f 5682 5683 5681
f 5682 5684 5683
f 5684 5719 5718
f 5684 5718 5683
f 5793 5685 5672
f 5798 5686 5685
f 5799 5687 5686
f 5672 5685 5676
f 5685 5686 5678
f 5800 5688 5687
f 5799 5800 5687
f 5800 5801 5688
f 5801 5828 5727
f 5801 5727 5688
f 5686 5687 5682
f 5687 5688 5684
f 5688 5727 5719
f 5688 5719 5684
f 5695 5689 5690
f 5696 5691 5689
f 5695 5696 5689
f 5693 5692 5691
f 5693 5694 5692
f 5696 5693 5691
f 5697 5696 5695
f 5698 5693 5696
f 5699 5694 5693
f 5697 5698 5696
f 5716 5698 5697
f 5717 5699 5698
f 5716 5717 5698
f 5698 5699 5693
f 5699 5700 5694
f 5701 5700 5699
f 5701 5702 5700
f 5717 5701 5699
f 5694 5703 5692
f 5694 5704 5703
f 5704 5476 5703
f 5705 5477 5476
f 5704 5705 5476
f 5709 5706 5705
f 5707 5525 5478
f 5706 5478 5477
f 5705 5706 5477
f 5706 5707 5478
f 5712 5707 5706
f 5713 5875 5707
f 5700 5704 5694
f 5708 5705 5704
f 5700 5708 5704
f 5708 5709 5705
f 5702 5708 5700
f 5702 5710 5708
f 5710 5709 5708
f 5711 5712 5709
f 5710 5711 5709
f 5709 5712 5706
f 5712 5713 5707
f 5714 5713 5712
f 5711 5714 5712
f 5715 5878 5713
f 5714 5715 5713
f 5718 5717 5716
f 5718 5720 5717
f 5720 5701 5717
f 5719 5720 5718
f 5719 5721 5720
f 5721 5722 5720
f 5722 5702 5701
f 5720 5722 5701
f 5722 5724 5702
f 5721 5723 5722
f 5723 5724 5722
f 5723 5725 5724
f 5828 5829 5726
f 5828 5726 5727
f 5829 5728 5726
f 5727 5726 5721
f 5727 5721 5719
f 5726 5723 5721
f 5728 5729 5725
f 5829 5830 5728
f 5830 5729 5728
f 5830 5823 5729
f 5726 5728 5723
f 5728 5725 5723
f 5837 5838 5741
f 5730 5711 5710
f 5732 5714 5711
f 5724 5710 5702
f 5724 5730 5710
f 5730 5732 5711
f 5725 5730 5724
f 5725 5731 5730
f 5731 5732 5730
f 5733 5736 5732
f 5731 5733 5732
f 5736 5715 5714
f 5732 5736 5714
f 5734 5879 5715
f 5736 5734 5715
f 5737 5734 5736
f 5735 5890 5734
f 5737 5735 5734
f 5733 5737 5736
f 5729 5738 5731
f 5738 5733 5731
f 5738 5739 5733
f 5739 5737 5733
f 5823 5738 5729
f 5823 5833 5738
f 5833 5739 5738
f 5834 5740 5739
f 5833 5834 5739
f 5729 5731 5725
f 5739 5740 5737
f 5740 5735 5737
f 5741 5891 5735
f 5740 5741 5735
f 5837 5741 5740
f 5834 5837 5740
f 5838 5896 5741
f 5776 5753 5752
f 5777 5802 5753
f 5757 5758 5763
f 5758 5759 5764
f 5759 5760 5765
f 5760 5761 5768
f 5758 5764 5763
f 5757 5763 5762
f 5759 5765 5764
f 5760 5768 5765
f 5761 5754 5769
f 5754 5755 5766
f 5755 5756 5767
f 5754 5766 5769
f 5761 5769 5768
f 5755 5767 5766
f 5762 5763 5743
f 5763 5764 5744
f 5764 5765 5745
f 5765 5768 5746
f 5762 5743 5742
f 5763 5744 5743
f 5764 5745 5744
f 5765 5746 5745
f 5768 5769 5747
f 5769 5766 5748
f 5766 5767 5749
f 5768 5747 5746
f 5769 5748 5747
f 5766 5749 5748
f 5756 5770 5774
f 5770 5771 5775
f 5756 5774 5767
f 5770 5775 5774
f 5771 5776 5775
f 5771 5772 5776
f 5772 5773 5777
f 5773 5810 5812
f 5773 5812 5777
f 5772 5777 5776
f 5767 5774 5750
f 5774 5775 5751
f 5767 5750 5749
f 5774 5751 5750
f 5775 5752 5751
f 5775 5776 5752
f 5776 5777 5753
f 5777 5812 5802
f 5778 5779 5787
f 5779 5780 5789
f 5780 5781 5788
f 5781 5782 5790
f 5782 5783 5791
f 5783 5784 5792
f 5784 5785 5793
f 5742 5779 5778
f 5743 5780 5779
f 5744 5781 5780
f 5745 5782 5781
f 5742 5743 5779
f 5743 5744 5780
f 5744 5745 5781
f 5745 5746 5782
f 5746 5783 5782
f 5747 5784 5783
f 5748 5785 5784
f 5746 5747 5783
f 5747 5748 5784
f 5748 5749 5785
f 5786 5787 5666
f 5787 5789 5667
f 5789 5788 5668
f 5788 5790 5669
f 5778 5787 5786
f 5779 5789 5787
f 5780 5788 5789
f 5781 5790 5788
f 5790 5791 5670
f 5791 5792 5671
f 5792 5793 5672
f 5782 5791 5790
f 5783 5792 5791
f 5784 5793 5792
f 5785 5798 5793
f 5794 5799 5798
f 5785 5794 5798
f 5795 5800 5799
f 5794 5795 5799
f 5795 5796 5800
f 5796 5797 5801
f 5796 5801 5800
f 5797 5825 5828
f 5797 5828 5801
f 5749 5794 5785
f 5750 5795 5794
f 5751 5796 5795
f 5749 5750 5794
f 5750 5751 5795
f 5752 5797 5796
f 5753 5825 5797
f 5751 5752 5796
f 5752 5753 5797
f 5753 5802 5825
f 5793 5798 5685
f 5798 5799 5686
f 5812 5803 5802
f 5813 5804 5803
f 5816 5805 5804
f 5803 5804 5826
f 5804 5805 5827
f 5817 5819 5806
f 5817 5806 5805
f 5819 5820 5807
f 5819 5807 5806
f 5820 5808 5807
f 5805 5806 5831
f 5806 5807 5832
f 5820 5821 5808
f 5821 5809 5808
f 5821 5822 5809
f 5822 5932 5809
f 5807 5808 5835
f 5808 5809 5836
f 5810 5811 5813
f 5810 5813 5812
f 5811 5816 5813
f 5814 5815 5817
f 5811 5814 5816
f 5814 5817 5816
f 5812 5813 5803
f 5813 5816 5804
f 5816 5817 5805
f 5815 5818 5819
f 5818 5602 5820
f 5815 5819 5817
f 5818 5820 5819
f 5602 5821 5820
f 5602 5603 5821
f 5603 5604 5822
f 5603 5822 5821
f 5604 5929 5822
f 5825 5824 5829
f 5825 5829 5828
f 5824 5830 5829
f 5824 5826 5830
f 5826 5823 5830
f 5826 5827 5823
f 5802 5824 5825
f 5803 5826 5824
f 5802 5803 5824
f 5804 5827 5826
f 5827 5833 5823
f 5831 5834 5833
f 5832 5837 5834
f 5827 5831 5833
f 5831 5832 5834
f 5835 5836 5838
f 5835 5838 5837
f 5836 5940 5838
f 5832 5835 5837
f 5805 5831 5827
f 5806 5832 5831
f 5807 5835 5832
f 5808 5836 5835
f 5809 5939 5836
f 5341 5839 5847
f 5342 5859 5839
f 5847 5839 5840
f 5839 5861 5840
f 5343 5842 5841
f 5344 5843 5842
f 5589 5841 5844
f 5841 5842 5845
f 5841 5845 5844
f 5842 5846 5845
f 5842 5843 5846
f 5345 5847 5843
f 5843 5847 5848
f 5843 5848 5846
f 5847 5840 5848
f 5840 5867 5849
f 5858 5849 5851
f 5858 5851 5850
f 5849 5869 5851
f 5593 5844 5852
f 5844 5845 5853
f 5844 5853 5852
f 5845 5846 5854
f 5845 5854 5853
f 5601 5852 5855
f 5852 5853 5856
f 5852 5856 5855
f 5853 5854 5857
f 5853 5857 5856
f 5846 5848 5858
f 5846 5858 5854
f 5848 5840 5849
f 5848 5849 5858
f 5854 5858 5850
f 5854 5850 5857
f 5350 5860 5859
f 5351 5863 5860
f 5860 5863 5865
f 5839 5859 5861
f 5859 5860 5862
f 5859 5862 5861
f 5860 5865 5862
f 5354 6204 5864
f 5355 5864 5863
f 5863 5864 5866
f 5864 6204 6206
f 5863 5866 5865
f 5864 6206 5866
f 5840 5861 5867
f 5861 5862 5868
f 5861 5868 5867
f 5862 5865 5871
f 5862 5871 5868
f 5849 5867 5869
f 5867 5868 5870
f 5867 5870 5869
f 5868 5871 5873
f 5868 5873 5870
f 5870 5873 5955
f 5865 5866 5872
f 5865 5872 5871
f 5866 6214 5872
f 5866 6206 6214
f 5871 5874 5873
f 5871 5872 5874
f 5873 5874 5956
f 5872 6216 5874
f 5872 6214 6216
f 5874 6216 6294
f 5875 5526 5525
f 5707 5875 5525
f 5875 5876 5526
f 5878 5876 5875
f 5876 5527 5526
f 5876 5877 5527
f 5880 5877 5876
f 5880 5881 5877
f 5878 5880 5876
f 5713 5878 5875
f 5879 5880 5878
f 5715 5879 5878
f 5879 5882 5880
f 5882 5881 5880
f 5882 5883 5881
f 5877 5884 5528
f 5881 5884 5877
f 5881 5886 5884
f 5884 5885 5529
f 5886 5885 5884
f 5886 5887 5885
f 5887 5905 5885
f 5888 5887 5886
f 5889 5907 5887
f 5883 5886 5881
f 5883 5888 5886
f 5888 5889 5887
f 5838 5940 5896
f 5940 5943 5897
f 5943 5898 5897
f 5943 5944 5898
f 5734 5890 5879
f 5890 5882 5879
f 5890 5892 5882
f 5735 5891 5890
f 5891 5892 5890
f 5891 5893 5892
f 5892 5883 5882
f 5892 5894 5883
f 5893 5894 5892
f 5893 5895 5894
f 5741 5896 5891
f 5896 5897 5893
f 5896 5893 5891
f 5940 5897 5896
f 5897 5895 5893
f 5897 5898 5895
f 5944 5904 5898
f 5944 5946 5904
f 5946 5948 5899
f 5946 5899 5904
f 5948 5918 5899
f 5894 5888 5883
f 5894 5900 5888
f 5895 5901 5900
f 5895 5900 5894
f 5900 5889 5888
f 5900 5902 5889
f 5902 5908 5889
f 5901 5902 5900
f 5901 5903 5902
f 5903 5921 5902
f 5898 5901 5895
f 5898 5904 5901
f 5904 5903 5901
f 5904 5899 5903
f 5899 5922 5903
f 5885 5905 5541
f 5905 5906 5536
f 5887 5907 5905
f 5907 5906 5905
f 5907 5909 5906
f 5906 5911 5539
f 5909 5911 5906
f 5909 5913 5911
f 5908 5909 5907
f 5889 5908 5907
f 5908 5910 5909
f 5910 5913 5909
f 5910 5914 5913
f 5913 5912 5911
f 5913 5915 5912
f 5915 6243 5912
f 5915 6245 6243
f 5914 5915 5913
f 5914 5916 5915
f 5916 6245 5915
f 5916 6246 6245
f 5921 5910 5908
f 5921 5917 5910
f 5922 5919 5917
f 5917 5914 5910
f 5917 5923 5914
f 5919 5923 5917
f 5919 5926 5923
f 5899 5918 5922
f 5918 5919 5922
f 5918 5920 5919
f 5948 5961 5918
f 5961 5920 5918
f 5961 5962 5920
f 5962 5963 5925
f 5920 5926 5919
f 5920 5925 5926
f 5962 5925 5920
f 5902 5921 5908
f 5903 5922 5921
f 5922 5917 5921
f 5923 5916 5914
f 5923 5924 5916
f 5926 5924 5923
f 5926 5928 5924
f 5924 6246 5916
f 5924 6255 6246
f 5928 6255 5924
f 5928 6257 6255
f 5963 5964 5927
f 5925 5928 5926
f 5925 5927 5928
f 5963 5927 5925
f 5964 6258 5927
f 5964 6310 6258
f 5927 6257 5928
f 5927 6258 6257
f 5856 5931 5930
f 5822 5929 5932
f 5929 5930 5933
f 5929 5933 5932
f 5809 5932 5939
f 5932 5933 5941
f 5930 5934 5933
f 5930 5931 5934
f 5933 5942 5941
f 5933 5934 5942
f 5857 5850 5935
f 5857 5935 5931
f 5931 5935 5937
f 5850 5851 5936
f 5850 5936 5935
f 5851 5949 5936
f 5935 5936 5938
f 5937 5947 5945
f 5938 5951 5947
f 5931 5937 5934
f 5934 5937 5945
f 5934 5945 5942
f 5935 5938 5937
f 5936 5953 5938
f 5937 5938 5947
f 5604 5855 5929
f 5855 5856 5930
f 5855 5930 5929
f 5856 5857 5931
f 5836 5939 5940
f 5939 5941 5943
f 5939 5943 5940
f 5941 5942 5944
f 5941 5944 5943
f 5932 5941 5939
f 5942 5946 5944
f 5942 5945 5946
f 5945 5948 5946
f 5947 5961 5948
f 5945 5947 5948
f 5851 5869 5949
f 5869 5870 5950
f 5869 5950 5949
f 5936 5949 5953
f 5949 5950 5954
f 5870 5955 5950
f 5950 5955 5959
f 5953 5952 5951
f 5954 5959 5957
f 5954 5957 5952
f 5949 5954 5953
f 5938 5953 5951
f 5953 5954 5952
f 5950 5959 5954
f 5873 5956 5955
f 5955 5960 5959
f 5955 5956 5960
f 5874 6294 5956
f 5956 6296 5960
f 5956 6294 6296
f 5959 5960 5958
f 5957 5958 5964
f 5959 5958 5957
f 5960 6296 6297
f 5958 6297 6310
f 5960 6297 5958
f 5951 5962 5961
f 5947 5951 5961
f 5951 5952 5962
f 5952 5963 5962
f 5952 5957 5963
f 5957 5964 5963
f 5958 6310 5964
f 5966 5965 6017
f 5965 5968 6024
f 5967 5970 5972
f 5968 5967 5969
f 5968 5969 6024
f 5967 5972 5969
f 5970 5971 5973
f 5971 5982 5989
f 5971 5989 5973
f 5970 5973 5972
f 5972 5973 6028
f 5973 5989 5991
f 5973 5991 6028
f 6077 5975 5974
f 6077 6078 5975
f 6078 5038 5975
f 6078 6081 5038
f 6081 5040 5038
f 6081 6079 5040
f 6079 6080 5039
f 6080 6092 5049
f 4958 5979 5978
f 4952 5977 5976
f 4957 5978 5977
f 5978 5979 5999
f 5977 5978 5997
f 4956 5980 5979
f 5979 5980 5981
f 5979 5981 5999
f 5982 5983 5988
f 5983 5984 5990
f 5984 5986 5990
f 5985 5976 5987
f 5984 5985 5986
f 5985 5987 5986
f 5982 5988 5989
f 5983 5990 5988
f 5986 5987 5995
f 5988 5990 5993
f 5990 5994 5993
f 5989 5988 5992
f 5989 5992 5991
f 5988 5993 5992
f 5992 5993 6058
f 5990 5986 5994
f 5986 5995 5994
f 5994 5995 6004
f 5993 5994 6003
f 5976 5977 5996
f 5977 5997 5996
f 5976 5996 5987
f 5978 5999 5997
f 5997 5999 6001
f 5987 5996 6002
f 5987 6002 5995
f 5996 5998 6002
f 5996 5997 5998
f 5997 6001 5998
f 5998 6001 6007
f 5999 6000 6001
f 5999 5981 6000
f 6001 6000 6008
f 5995 6002 6005
f 6002 5998 6006
f 5993 6003 6058
f 5994 6004 6003
f 6001 6008 6007
f 6002 6006 6005
f 5998 6007 6006
f 5995 6005 6004
f 6004 6005 6069
f 6005 6070 6069
f 6005 6006 6070
f 6006 6007 6009
f 6006 6009 6070
f 6007 6008 6010
f 6007 6010 6009
f 6009 6010 6074
f 6011 6012 6014
f 6012 6015 6018
f 6012 6018 6014
f 6011 6014 6013
f 6015 5966 6016
f 6015 6016 6018
f 5966 6017 6016
f 5965 6024 6017
f 6013 6014 6022
f 6014 6018 6023
f 6014 6023 6022
f 6016 6017 6020
f 6017 6024 6026
f 6018 6016 6019
f 6018 6019 6023
f 6016 6020 6019
f 6017 6026 6020
f 6019 6020 6032
f 6020 6026 6043
f 6013 6022 6021
f 6021 6022 6030
f 6022 6023 6031
f 6023 6019 6033
f 6024 5969 6025
f 6024 6025 6026
f 5969 5972 6027
f 5969 6027 6025
f 6026 6025 6040
f 6025 6027 6041
f 5972 6028 6027
f 6027 6028 6042
f 6028 5991 6056
f 6022 6031 6030
f 6021 6030 6029
f 6029 6030 6034
f 6029 6034 6052
f 6030 6031 6035
f 6030 6035 6034
f 6023 6033 6031
f 6019 6032 6033
f 6020 6043 6032
f 6031 6033 6036
f 6033 6032 6037
f 6032 6043 6046
f 6033 6037 6036
f 6032 6046 6037
f 6031 6036 6035
f 6034 6035 6055
f 6035 6036 6038
f 6035 6038 6055
f 6036 6037 6039
f 6037 6046 6048
f 6037 6048 6039
f 6036 6039 6038
f 6038 6039 6210
f 6039 6048 6224
f 6026 6040 6043
f 6025 6041 6040
f 6040 6041 6044
f 6028 6056 6042
f 6027 6042 6041
f 6041 6042 6045
f 6041 6045 6044
f 6042 6056 6059
f 6042 6059 6045
f 6043 6040 6047
f 6043 6047 6046
f 6040 6044 6047
f 6047 6044 6051
f 6046 6047 6049
f 6046 6049 6048
f 6047 6051 6049
f 6048 6049 6200
f 6049 6051 6201
f 6049 6201 6200
f 6044 6045 6050
f 6044 6050 6051
f 6045 6059 6066
f 6045 6066 6050
f 6050 6066 6323
f 6051 6050 6202
f 6051 6202 6201
f 6050 6323 6202
f 6052 6034 6054
f 6052 6054 6053
f 6034 6055 6054
f 6053 6054 6205
f 6054 6055 6208
f 6055 6038 6209
f 5991 5992 6057
f 5992 6058 6057
f 5991 6057 6056
f 6057 6058 6061
f 6058 6062 6061
f 6056 6057 6060
f 6056 6060 6059
f 6057 6061 6060
f 6058 6003 6062
f 6003 6004 6063
f 6003 6063 6062
f 6059 6060 6067
f 6060 6061 6068
f 6061 6064 6068
f 6062 6063 6065
f 6061 6062 6064
f 6062 6065 6064
f 6064 6065 6329
f 6059 6067 6066
f 6060 6068 6067
f 6066 6067 6324
f 6066 6324 6323
f 6067 6322 6324
f 6067 6068 6322
f 6068 6328 6322
f 6068 6064 6328
f 6064 6329 6328
f 6004 6069 6063
f 6063 6069 6071
f 6069 6072 6071
f 6069 6070 6072
f 6070 6009 6073
f 6070 6073 6072
f 6063 6071 6065
f 6065 6071 6340
f 6065 6340 6329
f 6071 6341 6340
f 6071 6072 6341
f 6072 6073 6075
f 6072 6075 6341
f 6009 6074 6073
f 6073 6074 6076
f 6073 6076 6075
f 6084 6078 6077
f 6085 6081 6078
f 6085 6086 6081
f 6083 6092 6080
f 6086 6079 6081
f 6082 6080 6079
f 6086 6082 6079
f 6082 6083 6080
f 6083 6094 6092
f 6084 6085 6078
f 6087 6085 6084
f 6088 6086 6085
f 6090 6082 6086
f 6091 6083 6082
f 6089 6094 6083
f 6088 6090 6086
f 6087 6088 6085
f 6106 6088 6087
f 6107 6090 6088
f 6107 6108 6090
f 6090 6091 6082
f 6089 6098 6094
f 6091 6089 6083
f 6108 6091 6090
f 6109 6089 6091
f 6110 6098 6089
f 6108 6109 6091
f 6109 6110 6089
f 6110 6100 6098
f 6094 6093 6092
f 6095 5094 6093
f 6095 6097 5094
f 6094 6095 6093
f 6098 6095 6094
f 6099 6097 6095
f 6097 5095 5094
f 6097 6096 5095
f 6096 5096 5095
f 6096 6142 5096
f 6102 6096 6097
f 6102 6103 6096
f 6103 6142 6096
f 6103 6150 6142
f 6099 6102 6097
f 6098 6099 6095
f 6101 6102 6099
f 6100 6099 6098
f 6100 6101 6099
f 6101 6104 6102
f 6104 6103 6102
f 6105 6150 6103
f 6105 6152 6150
f 6104 6105 6103
f 6111 6105 6104
f 6112 6152 6105
f 6106 6107 6088
f 6113 6107 6106
f 6114 6108 6107
f 6115 6109 6108
f 6115 6116 6109
f 6116 6110 6109
f 6117 6100 6110
f 6116 6117 6110
f 6117 6129 6100
f 6129 6101 6100
f 6129 6128 6101
f 6128 6104 6101
f 6128 6111 6104
f 6111 6112 6105
f 6112 6169 6152
f 6114 6115 6108
f 6113 6114 6107
f 6118 6114 6113
f 6119 6115 6114
f 6119 6122 6115
f 6122 6116 6115
f 6122 6123 6116
f 6123 6117 6116
f 6124 6129 6117
f 6123 6124 6117
f 6124 6133 6129
f 6118 6119 6114
f 6120 6119 6118
f 6120 6121 6119
f 6121 6122 6119
f 6121 6125 6122
f 6243 6121 6120
f 6243 6244 6121
f 6244 6125 6121
f 6244 6238 6125
f 6125 6123 6122
f 6125 6126 6123
f 6126 6124 6123
f 6127 6133 6124
f 6126 6127 6124
f 6127 6135 6133
f 6238 6126 6125
f 6238 6239 6126
f 6239 6127 6126
f 6240 6135 6127
f 6239 6240 6127
f 6240 6136 6135
f 6133 6128 6129
f 6133 6130 6128
f 6130 6111 6128
f 6130 6131 6111
f 6132 6169 6112
f 6131 6112 6111
f 6131 6132 6112
f 6132 6177 6169
f 6135 6130 6133
f 6134 6131 6130
f 6134 6138 6131
f 6135 6134 6130
f 6136 6134 6135
f 6136 6137 6134
f 6137 6138 6134
f 6137 6140 6138
f 6138 6132 6131
f 6138 6139 6132
f 6139 6177 6132
f 6139 6182 6177
f 6140 6139 6138
f 6140 6141 6139
f 6141 6182 6139
f 6141 6185 6182
f 6142 6143 5097
f 6143 6144 5098
f 6148 6144 6143
f 6149 6145 6144
f 6150 6143 6142
f 6150 6148 6143
f 6148 6149 6144
f 6146 5099 6145
f 6146 6147 5099
f 6149 6146 6145
f 6154 6147 6146
f 6152 6148 6150
f 6153 6149 6148
f 6152 6153 6148
f 6151 6146 6149
f 6153 6151 6149
f 6169 6153 6152
f 6170 6151 6153
f 6171 6154 6151
f 6170 6171 6151
f 6151 6154 6146
f 6154 6155 6147
f 6171 6172 6154
f 6172 6155 6154
f 6172 6156 6155
f 6147 5100 5099
f 6158 5101 5100
f 6147 6158 5100
f 6157 6159 5103
f 6158 6157 5101
f 6166 6160 6159
f 6162 6157 6158
f 6155 6158 6147
f 6163 6159 6157
f 6162 6163 6157
f 6163 6166 6159
f 6166 6161 6160
f 6155 6162 6158
f 6156 6162 6155
f 6164 6163 6162
f 6165 6166 6163
f 6156 6164 6162
f 6164 6165 6163
f 6165 6167 6166
f 6167 6161 6166
f 6167 6168 6161
f 6175 6168 6167
f 6169 6170 6153
f 6177 6170 6169
f 6178 6171 6170
f 6179 6172 6171
f 6180 6156 6172
f 6180 6181 6156
f 6181 6164 6156
f 6173 6165 6164
f 6181 6173 6164
f 6174 6167 6165
f 6174 6175 6167
f 6173 6174 6165
f 6175 6176 6168
f 6197 6176 6175
f 6177 6178 6170
f 6182 6178 6177
f 6183 6179 6178
f 6178 6179 6171
f 6184 6180 6179
f 6179 6180 6172
f 6188 6181 6180
f 6188 6189 6181
f 6182 6183 6178
f 6183 6184 6179
f 6187 6188 6184
f 6186 6184 6183
f 6185 6183 6182
f 6185 6186 6183
f 6186 6187 6184
f 6371 6191 6187
f 6184 6188 6180
f 6191 6189 6188
f 6187 6191 6188
f 6191 6190 6189
f 6375 6190 6191
f 6193 6174 6173
f 6189 6173 6181
f 6189 6193 6173
f 6194 6175 6174
f 6193 6194 6174
f 6194 6197 6175
f 6197 6192 6176
f 6190 6193 6189
f 6195 6194 6193
f 6196 6197 6194
f 6196 6198 6197
f 6190 6195 6193
f 6376 6195 6190
f 6402 6196 6195
f 6195 6196 6194
f 6403 6198 6196
f 6198 6192 6197
f 6198 6199 6192
f 6406 6199 6198
f 6406 6407 6199
f 6048 6200 6224
f 6200 6201 6227
f 6201 6202 6203
f 6202 6323 6325
f 6202 6325 6203
f 6201 6203 6227
f 6227 6203 6233
f 6203 6325 6333
f 6203 6333 6233
f 6053 6205 6204
f 6204 6205 6207
f 6054 6208 6205
f 6205 6208 6211
f 6205 6211 6207
f 6207 6211 6220
f 6204 6207 6206
f 6206 6207 6215
f 6055 6209 6208
f 6208 6209 6212
f 6038 6210 6209
f 6039 6224 6210
f 6209 6210 6213
f 6210 6224 6225
f 6208 6212 6211
f 6211 6212 6219
f 6210 6225 6213
f 6209 6213 6212
f 6212 6213 6218
f 6213 6225 6228
f 6206 6215 6214
f 6214 6215 6217
f 6207 6220 6215
f 6215 6220 6223
f 6214 6217 6216
f 6216 6217 6295
f 6215 6223 6217
f 6217 6223 6305
f 6211 6219 6220
f 6220 6219 6221
f 6212 6218 6219
f 6213 6228 6218
f 6219 6218 6222
f 6218 6228 6230
f 6223 6221 6301
f 6219 6222 6221
f 6218 6230 6222
f 6221 6222 6302
f 6221 6302 6301
f 6222 6230 6312
f 6222 6312 6302
f 6220 6221 6223
f 6223 6301 6305
f 6224 6200 6226
f 6224 6226 6225
f 6225 6226 6229
f 6200 6227 6226
f 6226 6227 6232
f 6225 6229 6228
f 6228 6229 6231
f 6226 6232 6229
f 6229 6232 6234
f 6229 6234 6231
f 6228 6231 6230
f 6230 6314 6312
f 6230 6231 6314
f 6231 6234 6235
f 6231 6235 6314
f 6227 6233 6232
f 6232 6233 6236
f 6232 6236 6234
f 6233 6333 6363
f 6233 6363 6236
f 6234 6236 6237
f 6234 6237 6235
f 6236 6363 6365
f 6236 6365 6237
f 6250 6240 6239
f 6251 6136 6240
f 6251 6284 6136
f 6241 6242 6268
f 6242 6275 6289
f 6245 6244 6243
f 6245 6247 6244
f 6247 6238 6244
f 6247 6249 6238
f 6246 6247 6245
f 6246 6248 6247
f 6248 6249 6247
f 6248 6252 6249
f 6249 6239 6238
f 6249 6250 6239
f 6250 6251 6240
f 6252 6250 6249
f 6252 6253 6250
f 6253 6251 6250
f 6254 6284 6251
f 6254 6285 6284
f 6253 6254 6251
f 6255 6248 6246
f 6255 6256 6248
f 6257 6256 6255
f 6257 6260 6256
f 6256 6252 6248
f 6256 6261 6252
f 6260 6261 6256
f 6260 6264 6261
f 6310 6259 6258
f 6310 6311 6259
f 6258 6260 6257
f 6258 6259 6260
f 6259 6264 6260
f 6259 6265 6264
f 6311 6265 6259
f 6311 6307 6265
f 6261 6253 6252
f 6261 6262 6253
f 6264 6262 6261
f 6264 6267 6262
f 6262 6254 6253
f 6262 6263 6254
f 6263 6285 6254
f 6263 6287 6285
f 6267 6263 6262
f 6267 6269 6263
f 6269 6287 6263
f 6269 6290 6287
f 6265 6267 6264
f 6265 6266 6267
f 6307 6266 6265
f 6307 6241 6266
f 6266 6268 6269
f 6266 6269 6267
f 6268 6290 6269
f 6268 6289 6290
f 6241 6268 6266
f 6242 6289 6268
f 6284 6137 6136
f 6284 6270 6137
f 6270 6140 6137
f 6270 6271 6140
f 6286 6271 6270
f 6286 6273 6271
f 6271 6141 6140
f 6271 6272 6141
f 6272 6185 6141
f 6272 6369 6185
f 6273 6272 6271
f 6273 6274 6272
f 6292 6274 6273
f 6274 6369 6272
f 6274 6373 6369
f 6278 6373 6274
f 6275 6276 6289
f 6275 6277 6276
f 6276 6280 6293
f 6277 6280 6276
f 6277 6281 6280
f 6292 6278 6274
f 6293 6278 6292
f 6293 6279 6278
f 6278 6379 6373
f 6279 6379 6278
f 6279 6381 6379
f 6320 6282 6281
f 6280 6279 6293
f 6280 6283 6279
f 6281 6283 6280
f 6281 6282 6283
f 6282 6385 6387
f 6321 6385 6282
f 6283 6387 6381
f 6283 6381 6279
f 6282 6387 6283
f 6285 6270 6284
f 6285 6286 6270
f 6287 6286 6285
f 6287 6288 6286
f 6290 6288 6287
f 6290 6291 6288
f 6288 6273 6286
f 6288 6292 6273
f 6291 6292 6288
f 6291 6293 6292
f 6289 6291 6290
f 6289 6276 6291
f 6276 6293 6291
f 6295 6300 6298
f 6295 6305 6300
f 6216 6295 6294
f 6294 6298 6296
f 6294 6295 6298
f 6217 6305 6295
f 6296 6299 6297
f 6296 6298 6299
f 6297 6311 6310
f 6297 6299 6311
f 6298 6306 6299
f 6298 6300 6306
f 6299 6307 6311
f 6299 6306 6307
f 6305 6301 6303
f 6305 6303 6300
f 6301 6302 6304
f 6302 6312 6313
f 6301 6304 6303
f 6302 6313 6304
f 6304 6313 6316
f 6300 6308 6306
f 6300 6303 6308
f 6306 6241 6307
f 6306 6308 6241
f 6304 6316 6309
f 6309 6316 6275
f 6303 6309 6308
f 6303 6304 6309
f 6308 6242 6241
f 6308 6309 6242
f 6309 6275 6242
f 6312 6314 6315
f 6312 6315 6313
f 6313 6315 6317
f 6314 6318 6315
f 6314 6235 6318
f 6315 6318 6320
f 6313 6317 6316
f 6316 6317 6277
f 6316 6277 6275
f 6315 6320 6317
f 6317 6281 6277
f 6317 6320 6281
f 6235 6237 6319
f 6235 6319 6318
f 6318 6319 6321
f 6318 6321 6320
f 6237 6430 6319
f 6237 6365 6430
f 6319 6430 6432
f 6319 6432 6321
f 6320 6321 6282
f 6321 6432 6385
f 6323 6324 6326
f 6323 6326 6325
f 6324 6327 6326
f 6324 6322 6327
f 6322 6331 6327
f 6325 6326 6334
f 6325 6334 6333
f 6326 6335 6334
f 6326 6327 6335
f 6327 6336 6335
f 6322 6328 6331
f 6328 6329 6330
f 6328 6330 6331
f 6327 6331 6336
f 6331 6330 6332
f 6331 6332 6336
f 6334 6335 6362
f 6335 6337 6362
f 6335 6336 6337
f 6336 6332 6338
f 6336 6338 6337
f 6362 6337 6368
f 6337 6339 6368
f 6337 6338 6339
f 6368 6339 6392
f 6341 6075 6347
f 6075 6342 6347
f 6075 6076 6342
f 6329 6340 6343
f 6340 6344 6343
f 6329 6343 6330
f 6340 6341 6344
f 6341 6347 6344
f 6330 6343 6345
f 6343 6346 6345
f 6343 6344 6346
f 6344 6347 6348
f 6344 6348 6346
f 6330 6345 6332
f 6347 6349 6348
f 6347 6342 6349
f 6348 6349 6357
f 6332 6345 6350
f 6345 6351 6350
f 6332 6350 6338
f 6338 6350 6352
f 6345 6346 6351
f 6346 6348 6356
f 6346 6356 6351
f 6351 6356 6358
f 6350 6351 6354
f 6338 6352 6339
f 6350 6354 6352
f 6339 6352 6353
f 6339 6353 6392
f 6352 6355 6353
f 6351 6358 6354
f 6354 6358 6359
f 6352 6354 6355
f 6354 6359 6355
f 6355 6359 6422
f 6348 6357 6356
f 6356 6360 6358
f 6356 6357 6360
f 6358 6361 6359
f 6358 6360 6361
f 6359 6361 6426
f 6333 6334 6364
f 6333 6364 6363
f 6334 6362 6364
f 6363 6364 6366
f 6364 6367 6366
f 6363 6366 6365
f 6365 6366 6431
f 6364 6362 6367
f 6362 6368 6367
f 6366 6367 6434
f 6367 6368 6436
f 6368 6392 6436
f 6369 6186 6185
f 6370 6187 6186
f 6369 6370 6186
f 6370 6371 6187
f 6374 6375 6371
f 6373 6370 6369
f 6373 6372 6370
f 6372 6371 6370
f 6379 6372 6373
f 6380 6374 6372
f 6372 6374 6371
f 6383 6377 6374
f 6371 6375 6191
f 6375 6376 6190
f 6377 6376 6375
f 6374 6377 6375
f 6377 6378 6376
f 6395 6378 6377
f 6433 6435 6390
f 6435 6400 6390
f 6379 6380 6372
f 6381 6380 6379
f 6381 6382 6380
f 6382 6383 6380
f 6380 6383 6374
f 6382 6384 6383
f 6384 6395 6383
f 6386 6389 6388
f 6432 6386 6385
f 6385 6386 6388
f 6433 6390 6386
f 6387 6382 6381
f 6387 6388 6382
f 6385 6388 6387
f 6388 6384 6382
f 6390 6399 6389
f 6386 6390 6389
f 6388 6389 6384
f 6389 6396 6384
f 6435 6391 6400
f 6436 6393 6391
f 6436 6392 6393
f 6391 6394 6400
f 6391 6393 6394
f 6383 6395 6377
f 6384 6396 6395
f 6395 6397 6378
f 6396 6397 6395
f 6399 6398 6396
f 6396 6398 6397
f 6389 6399 6396
f 6390 6400 6399
f 6400 6401 6399
f 6399 6401 6398
f 6400 6394 6401
f 6402 6403 6196
f 6403 6406 6198
f 6376 6402 6195
f 6378 6402 6376
f 6404 6403 6402
f 6405 6406 6403
f 6378 6404 6402
f 6397 6404 6378
f 6414 6405 6404
f 6404 6405 6403
f 6405 6409 6406
f 6416 6409 6405
f 6416 6428 6409
f 6409 6407 6406
f 6428 6408 6409
f 6409 6408 6407
f 6428 6420 6408
f 6419 6423 6429
f 6392 6353 6410
f 6392 6410 6393
f 6353 6412 6410
f 6394 6411 6418
f 6411 6419 6418
f 6393 6411 6394
f 6393 6410 6411
f 6410 6413 6411
f 6353 6355 6412
f 6355 6422 6412
f 6412 6422 6424
f 6411 6413 6419
f 6413 6424 6423
f 6413 6423 6419
f 6410 6412 6413
f 6412 6424 6413
f 6397 6414 6404
f 6415 6416 6414
f 6398 6414 6397
f 6398 6415 6414
f 6401 6415 6398
f 6418 6417 6415
f 6414 6416 6405
f 6417 6428 6416
f 6415 6417 6416
f 6417 6429 6428
f 6419 6429 6417
f 6401 6418 6415
f 6394 6418 6401
f 6418 6419 6417
f 6429 6420 6428
f 6423 6421 6429
f 6429 6421 6420
f 6423 6427 6421
f 6359 6426 6422
f 6422 6425 6424
f 6424 6427 6423
f 6422 6426 6425
f 6424 6425 6427
f 6365 6431 6430
f 6366 6434 6431
f 6430 6431 6433
f 6430 6433 6432
f 6431 6435 6433
f 6431 6434 6435
f 6367 6436 6434
f 6434 6391 6435
f 6432 6433 6386
f 6434 6436 6391
f 3835 6438 6439
f 6438 6440 6441
f 3763 3835 6451
f 3835 6439 6451
f 6438 6441 6439
f 6440 6437 6442
f 6440 6442 6441
f 6437 6450 6442
f 6441 6442 6455
f 6442 6456 6455
f 6443 6444 6447
f 6444 6445 6448
f 6437 6443 6450
f 6444 6448 6447
f 6443 6447 6450
f 6445 6446 6449
f 6446 6474 6449
f 6445 6449 6448
f 6448 6449 6459
f 6442 6450 6456
f 6450 6447 6457
f 6447 6448 6458
f 6450 6457 6456
f 6447 6458 6457
f 6448 6459 6458
f 6449 6485 6459
f 3763 6451 4474
f 4474 6451 6452
f 6451 6439 6453
f 6439 6441 6454
f 4474 6452 4481
f 6451 6453 6452
f 6439 6454 6453
f 6441 6455 6454
f 6457 6458 6469
f 6456 6457 6468
f 6457 6469 6468
f 6458 6459 6460
f 6458 6460 6469
f 6459 6486 6460
f 6453 6454 6464
f 6452 6453 6463
f 6454 6455 6461
f 6454 6461 6464
f 6455 6467 6461
f 4481 6452 6462
f 6452 6463 6462
f 4481 6462 4485
f 6453 6464 6463
f 4485 6462 6506
f 6463 6464 6465
f 6462 6507 6506
f 6462 6463 6507
f 6463 6465 6507
f 6464 6466 6465
f 6464 6461 6466
f 6461 6473 6466
f 6465 6466 6537
f 6455 6456 6467
f 6456 6468 6467
f 6468 6469 6471
f 6461 6467 6473
f 6467 6468 6470
f 6467 6470 6473
f 6468 6471 6470
f 6469 6460 6472
f 6460 6498 6472
f 6469 6472 6471
f 6446 4010 6474
f 4010 6475 6474
f 6449 6474 6485
f 6474 6475 6482
f 6474 6482 6485
f 4012 6476 6475
f 4011 6477 6476
f 4013 6478 6477
f 6475 6476 6483
f 6475 6483 6482
f 6476 6484 6483
f 6476 6477 6484
f 6477 6490 6484
f 4014 4015 6479
f 4015 4016 6480
f 4016 4017 6481
f 4014 6479 6478
f 6477 6478 6490
f 6478 6479 6491
f 6478 6491 6490
f 4015 6480 6479
f 4016 6481 6480
f 6479 6480 6492
f 6479 6492 6491
f 6480 6481 6493
f 6480 6493 6492
f 6459 6485 6486
f 6485 6482 6487
f 6485 6487 6486
f 6482 6483 6488
f 6483 6484 6489
f 6482 6488 6487
f 6483 6489 6488
f 6484 6494 6489
f 6486 6487 6499
f 6487 6488 6500
f 6488 6489 6501
f 6484 6490 6494
f 6490 6491 6495
f 6490 6495 6494
f 6491 6492 6496
f 6492 6493 6497
f 6491 6496 6495
f 6492 6497 6496
f 6489 6494 6502
f 6494 6495 6503
f 6494 6503 6502
f 6495 6496 6504
f 6496 6497 6505
f 6495 6504 6503
f 6460 6486 6498
f 6486 6499 6498
f 6487 6500 6499
f 6488 6501 6500
f 6489 6502 6501
f 6496 6505 6504
f 4485 6506 4537
f 6507 6465 6536
f 6506 6507 6535
f 4537 6506 6534
f 6466 6508 6537
f 6471 6472 6510
f 6470 6471 6511
f 6473 6470 6509
f 6470 6511 6509
f 6466 6473 6508
f 6473 6509 6508
f 6509 6511 6544
f 6471 6510 6511
f 6472 6521 6510
f 6511 6510 6545
f 6510 6522 6545
f 6512 4039 4038
f 4595 4038 4588
f 6513 4041 4039
f 6513 6514 4041
f 6512 6513 4039
f 4595 6512 4038
f 6516 6513 6512
f 6517 6514 6513
f 6517 6770 6514
f 6770 6515 6514
f 6769 4046 6515
f 6770 6769 6515
f 4596 6512 4595
f 4596 6516 6512
f 6516 6517 6513
f 6769 6774 4046
f 6774 6773 4047
f 6773 6775 4048
f 6472 6498 6521
f 6498 6499 6518
f 6498 6518 6521
f 6500 6501 6520
f 6499 6500 6519
f 6499 6519 6518
f 6500 6520 6519
f 6501 6526 6520
f 6521 6518 6524
f 6510 6521 6522
f 6518 6519 6523
f 6519 6520 6525
f 6521 6524 6522
f 6518 6523 6524
f 6519 6525 6523
f 6520 6530 6525
f 6523 6525 6570
f 6501 6502 6526
f 6502 6503 6527
f 6502 6527 6526
f 6503 6504 6528
f 6504 6505 6529
f 6503 6528 6527
f 6504 6529 6528
f 6520 6526 6530
f 6526 6527 6531
f 6527 6528 6532
f 6528 6529 6533
f 6526 6531 6530
f 6525 6530 6577
f 6530 6531 6578
f 6527 6532 6531
f 6528 6533 6532
f 6531 6532 6579
f 6532 6533 6580
f 6506 6535 6534
f 4537 6534 4626
f 6507 6536 6535
f 6535 6536 6540
f 6465 6537 6536
f 6536 6537 6541
f 4626 6534 6538
f 6534 6539 6538
f 6534 6535 6539
f 4626 6538 4642
f 6537 6543 6541
f 6535 6540 6539
f 6539 6540 6555
f 6538 6539 6554
f 6536 6541 6540
f 6540 6541 6546
f 6541 6548 6546
f 6540 6546 6555
f 6537 6508 6543
f 6508 6509 6542
f 6509 6544 6542
f 6508 6542 6543
f 6542 6544 6550
f 6543 6542 6549
f 6542 6550 6549
f 6511 6545 6544
f 6544 6545 6547
f 6544 6547 6550
f 6545 6569 6547
f 6541 6543 6548
f 6543 6549 6548
f 4642 6538 6553
f 6538 6554 6553
f 4642 6553 4646
f 6539 6555 6554
f 6549 6550 6551
f 6546 6548 6563
f 6548 6549 6564
f 6549 6551 6564
f 6548 6564 6563
f 6550 6547 6552
f 6547 6573 6552
f 6550 6552 6551
f 6554 6555 6556
f 4646 6553 6558
f 6553 6554 6559
f 6553 6559 6558
f 6554 6556 6559
f 6555 6546 6557
f 6546 6563 6557
f 6555 6557 6556
f 4646 6558 4648
f 6556 6557 6561
f 6558 6559 6560
f 6559 6556 6562
f 4648 6558 6764
f 6558 6560 6764
f 4648 6764 4955
f 6559 6562 6560
f 6556 6561 6562
f 6557 6568 6561
f 6562 6561 7024
f 6563 6564 6565
f 6564 6551 6566
f 6557 6563 6568
f 6563 6565 6568
f 6564 6566 6565
f 6551 6552 6567
f 6551 6567 6566
f 6552 6587 6567
f 6566 6567 6836
f 6561 6568 6834
f 6568 6565 6835
f 6565 6566 6837
f 6545 6522 6569
f 6522 6524 6571
f 6522 6571 6569
f 6524 6523 6572
f 6523 6570 6572
f 6524 6572 6571
f 6525 6577 6570
f 6530 6578 6577
f 6531 6579 6578
f 6532 6580 6579
f 6569 6571 6574
f 6571 6572 6575
f 6572 6570 6576
f 6570 6581 6576
f 6547 6569 6573
f 6569 6574 6573
f 6571 6575 6574
f 6572 6576 6575
f 6552 6573 6587
f 6573 6574 6588
f 6574 6575 6589
f 6574 6589 6588
f 6575 6590 6589
f 6575 6576 6590
f 6576 6591 6590
f 6570 6577 6581
f 6577 6578 6582
f 6577 6582 6581
f 6578 6579 6583
f 6579 6580 6584
f 6578 6583 6582
f 6579 6584 6583
f 6581 6582 6585
f 6576 6581 6591
f 6581 6585 6591
f 6582 6583 6586
f 6583 6584 6592
f 6582 6586 6585
f 6583 6592 6586
f 6573 6588 6587
f 6567 6587 6862
f 6587 6588 6859
f 6588 6589 6860
f 6589 6590 6861
f 6590 6591 6867
f 6591 6585 6868
f 6591 6868 6867
f 6585 6586 6869
f 6586 6592 6870
f 6585 6869 6868
f 6586 6870 6869
f 3373 6594 6593
f 4017 6593 6597
f 6593 6594 6598
f 3374 6595 6594
f 3852 6596 6595
f 6594 6595 6599
f 6595 6596 6600
f 4017 6597 6481
f 6593 6598 6597
f 6481 6597 6607
f 6481 6607 6493
f 6594 6599 6598
f 6595 6600 6599
f 6597 6598 6609
f 6597 6609 6607
f 6598 6599 6610
f 6598 6610 6609
f 6599 6600 6611
f 6599 6611 6610
f 3853 6601 6596
f 3858 6602 6601
f 6596 6601 6604
f 6601 6605 6604
f 3859 6603 6602
f 3860 6628 6603
f 6601 6602 6605
f 6602 6603 6606
f 6602 6606 6605
f 6603 6631 6606
f 6596 6604 6600
f 6600 6604 6613
f 6600 6613 6611
f 6604 6621 6613
f 6605 6606 6622
f 6604 6605 6621
f 6606 6645 6622
f 6605 6622 6621
f 6493 6607 6608
f 6607 6609 6612
f 6493 6608 6497
f 6607 6612 6608
f 6609 6610 6614
f 6610 6611 6615
f 6609 6614 6612
f 6610 6615 6614
f 6497 6608 6616
f 6611 6613 6620
f 6608 6612 6617
f 6497 6616 6505
f 6608 6617 6616
f 6612 6614 6618
f 6612 6618 6617
f 6614 6615 6619
f 6614 6619 6618
f 6617 6618 6659
f 6618 6619 6660
f 6611 6620 6615
f 6613 6623 6620
f 6613 6621 6623
f 6621 6622 6624
f 6621 6624 6623
f 6622 6646 6624
f 6615 6620 6625
f 6615 6625 6619
f 6620 6626 6625
f 6620 6623 6626
f 6623 6624 6627
f 6619 6625 6665
f 6623 6627 6626
f 6624 6649 6627
f 6625 6626 6666
f 6626 6627 6667
f 3876 6629 6628
f 6603 6628 6631
f 6628 6632 6631
f 6628 6629 6632
f 3877 6630 6629
f 3878 6636 6630
f 6629 6630 6634
f 6629 6634 6632
f 6630 6636 6639
f 6630 6639 6634
f 6606 6631 6645
f 6631 6632 6633
f 6631 6633 6645
f 6632 6634 6635
f 6634 6639 6641
f 6632 6635 6633
f 6634 6641 6635
f 3885 6637 6636
f 6636 6640 6639
f 6636 6637 6640
f 3886 6638 6637
f 3887 12074 6638
f 6637 6638 6642
f 6637 6642 6640
f 6638 12077 6642
f 6639 6640 6643
f 6639 6643 6641
f 6640 6642 6644
f 6640 6644 6643
f 6642 12078 6644
f 6622 6645 6646
f 6645 6633 6647
f 6645 6647 6646
f 6633 6635 6648
f 6633 6648 6647
f 6635 6641 6652
f 6635 6652 6648
f 6647 6648 6651
f 6648 6652 6655
f 6624 6646 6649
f 6646 6650 6649
f 6646 6647 6650
f 6627 6649 6677
f 6649 6650 6729
f 6647 6651 6650
f 6648 6655 6651
f 6650 6651 6731
f 6650 6731 6729
f 6641 6653 6652
f 6641 6643 6653
f 6652 6653 6656
f 6643 6644 6654
f 6643 6654 6653
f 6644 12093 6654
f 6653 6654 6657
f 6652 6656 6655
f 6653 6657 6656
f 6651 6655 6737
f 6651 6737 6731
f 6655 6738 6737
f 6655 6656 6738
f 6654 12139 6657
f 6656 6657 6739
f 6656 6739 6738
f 6657 12140 6739
f 6505 6616 6658
f 6505 6658 6529
f 6616 6617 6661
f 6616 6661 6658
f 6529 6658 6662
f 6658 6661 6663
f 6617 6659 6661
f 6618 6660 6659
f 6661 6659 6664
f 6659 6660 6698
f 6659 6698 6664
f 6529 6662 6533
f 6658 6663 6662
f 6533 6662 6708
f 6661 6664 6663
f 6619 6665 6660
f 6625 6666 6665
f 6660 6665 6702
f 6660 6702 6698
f 6626 6667 6666
f 6627 6677 6667
f 6665 6666 6704
f 6813 4183 4093
f 6923 4184 4183
f 6924 6668 4184
f 6925 6669 6668
f 6924 6925 6668
f 6925 6926 6669
f 6671 4188 4187
f 6672 6679 4188
f 6669 6670 4186
f 6926 6670 6669
f 6926 6931 6670
f 6931 6671 6670
f 6670 6671 4187
f 6671 6672 4188
f 6673 6672 6671
f 6674 6681 6672
f 6931 6673 6671
f 6673 6674 6672
f 6680 4204 4197
f 6687 6675 4204
f 6675 6676 4203
f 6676 12073 4203
f 6688 6676 6675
f 6688 6689 6676
f 6689 12202 6676
f 6649 6729 6677
f 6681 6678 6679
f 6681 6682 6678
f 6678 6680 4197
f 6680 6687 4204
f 6682 6680 6678
f 6682 6685 6680
f 6685 6687 6680
f 6685 6690 6687
f 6672 6681 6679
f 6683 6682 6681
f 6674 6683 6681
f 6683 6684 6682
f 6947 6684 6683
f 6684 6685 6682
f 6686 6690 6685
f 6684 6686 6685
f 6686 6694 6690
f 6687 6688 6675
f 6690 6688 6687
f 6690 6691 6688
f 6691 6689 6688
f 6692 12216 6689
f 6691 6692 6689
f 6695 12217 6692
f 6694 6691 6690
f 6694 6693 6691
f 6693 6692 6691
f 6948 6686 6684
f 6949 6694 6686
f 6949 6953 6694
f 6953 6693 6694
f 6953 6696 6693
f 6693 6695 6692
f 6697 12220 6695
f 6696 6695 6693
f 6696 6697 6695
f 6533 6708 6580
f 6662 6663 6699
f 6662 6699 6708
f 6663 6664 6700
f 6664 6698 6701
f 6663 6700 6699
f 6664 6701 6700
f 6665 6704 6702
f 6666 6667 6705
f 6666 6705 6704
f 6667 6733 6705
f 6698 6702 6703
f 6698 6703 6701
f 6702 6706 6703
f 6702 6704 6706
f 6704 6705 6707
f 6704 6707 6706
f 6705 6734 6707
f 6706 6707 6715
f 6580 6708 6709
f 6708 6699 6710
f 6580 6709 6584
f 6699 6700 6711
f 6700 6701 6712
f 6708 6710 6709
f 6584 6709 6716
f 6709 6710 6717
f 6699 6711 6710
f 6700 6712 6711
f 6710 6711 6718
f 6711 6712 6719
f 6584 6716 6592
f 6709 6717 6716
f 6710 6718 6717
f 6711 6719 6718
f 6701 6703 6713
f 6701 6713 6712
f 6703 6714 6713
f 6712 6713 6723
f 6703 6706 6714
f 6706 6715 6714
f 6707 6747 6715
f 6592 6716 6960
f 6716 6717 6720
f 6592 6960 6870
f 6716 6720 6960
f 6718 6719 6722
f 6717 6718 6721
f 6717 6721 6720
f 6718 6722 6721
f 6713 6724 6723
f 6713 6714 6724
f 6714 6715 6725
f 6714 6725 6724
f 6715 6749 6725
f 6712 6723 6719
f 6719 6723 6726
f 6719 6726 6722
f 6723 6727 6726
f 6723 6724 6727
f 6724 6725 6728
f 6724 6728 6727
f 6725 6753 6728
f 6726 6727 7394
f 6727 6728 7395
f 6728 7439 7395
f 6677 6729 6730
f 6667 6677 6733
f 6677 6730 6733
f 6729 6731 6732
f 6731 6737 6740
f 6729 6732 6730
f 6731 6740 6732
f 6705 6733 6734
f 6733 6730 6735
f 6733 6735 6734
f 6707 6734 6747
f 6734 6735 6748
f 6730 6732 6736
f 6730 6736 6735
f 6732 6740 6744
f 6732 6744 6736
f 6735 6736 6751
f 6736 6744 6756
f 6737 6738 6741
f 6737 6741 6740
f 6738 6739 6742
f 6739 12272 6742
f 6738 6742 6741
f 6741 6742 6745
f 6740 6743 6744
f 6740 6741 6743
f 6744 6743 6757
f 6741 6745 6743
f 6742 12277 6745
f 6736 6756 6751
f 6744 6757 6756
f 6743 6745 6746
f 6743 6746 6757
f 6745 12278 6746
f 6734 6748 6747
f 6735 6751 6748
f 6715 6747 6749
f 6747 6750 6749
f 6747 6748 6750
f 6748 6751 6752
f 6751 6756 6758
f 6748 6752 6750
f 6751 6758 6752
f 6752 6758 6761
f 6725 6749 6753
f 6749 6754 6753
f 6749 6750 6754
f 6728 6753 7439
f 6753 7440 7439
f 6753 6754 7440
f 6750 6752 6755
f 6750 6755 6754
f 6752 6761 6755
f 6754 6755 6765
f 6755 6761 6766
f 6756 6757 6759
f 6756 6759 6758
f 6757 6746 6760
f 6757 6760 6759
f 6758 6759 6762
f 6746 12293 6760
f 6759 6760 6763
f 6760 12296 6763
f 6758 6762 6761
f 6761 6762 6767
f 6759 6763 6762
f 4955 6764 7021
f 6764 6560 7022
f 6560 6562 7023
f 6754 6765 7440
f 6755 6766 6765
f 6761 6767 6766
f 6766 6767 7448
f 6762 6763 6768
f 6763 12668 6768
f 6762 6768 6767
f 6767 6768 7451
f 6768 12964 7451
f 6783 6517 6516
f 5003 6516 4596
f 6784 6770 6517
f 6783 6784 6517
f 6784 6771 6770
f 6771 6769 6770
f 6772 6774 6769
f 6771 6772 6769
f 6787 6778 6772
f 6779 6775 6773
f 6778 6773 6774
f 6778 6779 6773
f 6779 6780 6775
f 6777 4078 6776
f 6780 6776 6775
f 6780 6777 6776
f 6772 6778 6774
f 6790 6780 6779
f 6789 6779 6778
f 6781 6777 6780
f 6782 6802 6777
f 6790 6781 6780
f 6789 6790 6779
f 6781 6782 6777
f 5003 6783 6516
f 6785 6771 6784
f 6788 6784 6783
f 5007 6783 5003
f 6786 6772 6771
f 5007 6788 6783
f 6788 6785 6784
f 6785 6786 6771
f 6786 6787 6772
f 6794 6787 6786
f 6793 6789 6787
f 6791 6785 6788
f 6792 6786 6785
f 6792 6794 6786
f 5071 6788 5007
f 5071 6791 6788
f 6791 6792 6785
f 6794 6793 6787
f 6787 6789 6778
f 6798 6790 6789
f 6795 6781 6790
f 6793 6798 6789
f 6798 6795 6790
f 6795 6796 6781
f 6796 6782 6781
f 6796 6797 6782
f 6797 6806 6782
f 6840 6793 6794
f 6841 6798 6793
f 6799 6796 6795
f 6847 6795 6798
f 6841 6847 6798
f 6847 6799 6795
f 6799 6800 6796
f 6800 6797 6796
f 6800 6801 6797
f 6801 6818 6797
f 6851 6826 6801
f 6802 4079 4078
f 6802 6803 4079
f 6777 6802 4078
f 6803 4080 4079
f 6803 6804 4080
f 6804 6805 4081
f 6809 6804 6803
f 6807 6805 6804
f 6808 6810 6805
f 6806 6803 6802
f 6782 6806 6802
f 6806 6809 6803
f 6818 6809 6806
f 6809 6807 6804
f 6807 6808 6805
f 6820 6808 6807
f 6821 6814 6808
f 6819 6807 6809
f 6805 6810 4090
f 6810 6811 4091
f 6814 6811 6810
f 6811 6812 4092
f 6812 6813 4093
f 6815 6812 6811
f 6816 6813 6812
f 6808 6814 6810
f 6814 6815 6811
f 6815 6816 6812
f 6816 6817 6813
f 6822 6815 6814
f 6823 6816 6815
f 6824 6817 6816
f 6797 6818 6806
f 6818 6819 6809
f 6819 6820 6807
f 6820 6821 6808
f 6821 6822 6814
f 6822 6823 6815
f 6830 6823 6822
f 6823 6824 6816
f 6824 6825 6817
f 6831 6824 6823
f 6832 6825 6824
f 6832 6833 6825
f 6826 6819 6818
f 6827 6820 6819
f 6828 6821 6820
f 6829 6822 6821
f 6801 6826 6818
f 6826 6827 6819
f 6878 6827 6826
f 6827 6828 6820
f 6828 6829 6821
f 6875 6828 6827
f 6876 6829 6828
f 6877 6830 6829
f 6829 6830 6822
f 6830 6831 6823
f 6883 6831 6830
f 6831 6832 6824
f 6884 6832 6831
f 6885 6833 6832
f 6884 6885 6832
f 6561 6834 7024
f 6568 6835 6834
f 6565 6837 6835
f 6834 6835 7031
f 6835 6837 7033
f 6566 6836 6837
f 6567 6862 6836
f 6837 6836 7034
f 6836 6863 7034
f 6838 6792 6791
f 5072 6791 5071
f 6839 6794 6792
f 6838 6839 6792
f 6839 6840 6794
f 5072 6838 6791
f 6843 6839 6838
f 6842 6840 6839
f 6840 6841 6793
f 6845 6847 6841
f 6844 6841 6840
f 5076 6838 5072
f 6844 6845 6841
f 5076 6843 6838
f 6843 6842 6839
f 6842 6844 6840
f 6856 6842 6843
f 6857 6844 6842
f 5092 6843 5076
f 6857 6858 6844
f 6846 6848 6845
f 6858 6845 6844
f 6858 6846 6845
f 6849 6800 6799
f 6848 6799 6847
f 6849 6850 6800
f 6850 6801 6800
f 6850 6851 6801
f 6845 6848 6847
f 6848 6849 6799
f 6855 6878 6851
f 6852 6849 6848
f 6853 6850 6849
f 6852 6853 6849
f 6853 6854 6850
f 6846 6852 6848
f 6911 6854 6853
f 6854 6851 6850
f 6854 6855 6851
f 6913 6855 6854
f 6912 6879 6855
f 5092 6856 6843
f 6856 6857 6842
f 6904 6858 6857
f 6907 6846 6858
f 6902 6852 6846
f 6910 6853 6852
f 6911 6913 6854
f 6913 6912 6855
f 6587 6859 6862
f 6588 6860 6859
f 6589 6861 6860
f 6590 6867 6861
f 6862 6859 6864
f 6836 6862 6863
f 6862 6864 6863
f 6859 6860 6865
f 6860 6866 6865
f 6860 6861 6866
f 6861 6871 6866
f 6859 6865 6864
f 6861 6867 6871
f 6867 6868 6872
f 6867 6872 6871
f 6871 6872 7074
f 6868 6869 6873
f 6869 6870 6874
f 6868 6873 6872
f 6869 6874 6873
f 6872 6873 7075
f 6873 6874 7076
f 6866 6871 7073
f 6851 6878 6826
f 6878 6875 6827
f 6875 6876 6828
f 6876 6877 6829
f 6879 6875 6878
f 6880 6876 6875
f 6881 6877 6876
f 6882 6883 6877
f 6881 6882 6877
f 6855 6879 6878
f 6879 6880 6875
f 6891 6880 6879
f 6891 6892 6880
f 6880 6881 6876
f 6894 6887 6882
f 6892 6881 6880
f 6893 6882 6881
f 6892 6893 6881
f 6893 6894 6882
f 6877 6883 6830
f 6883 6884 6831
f 6887 6884 6883
f 6885 6886 6833
f 6888 6885 6884
f 6889 6886 6885
f 6889 6890 6886
f 6882 6887 6883
f 6887 6888 6884
f 6888 6889 6885
f 6895 6888 6887
f 6894 6895 6887
f 6895 6897 6888
f 6897 6889 6888
f 6897 6896 6889
f 6896 6890 6889
f 6896 6898 6890
f 6912 6891 6879
f 6920 6894 6893
f 6921 6895 6894
f 6921 6922 6895
f 6922 6897 6895
f 6922 6899 6897
f 6899 6896 6897
f 6899 6900 6896
f 6900 6898 6896
f 6900 6901 6898
f 6903 6857 6856
f 5102 6856 5092
f 5102 6903 6856
f 6903 6904 6857
f 6904 6907 6858
f 6907 6902 6846
f 6905 6904 6903
f 6906 6907 6904
f 6160 6903 5102
f 6160 6905 6903
f 6905 6906 6904
f 6906 6908 6907
f 6908 6902 6907
f 6909 6910 6902
f 6908 6909 6902
f 7125 6915 6909
f 6902 6910 6852
f 6910 6911 6853
f 6915 6911 6910
f 6914 6913 6911
f 6917 6912 6913
f 6916 6891 6912
f 6909 6915 6910
f 6915 6914 6911
f 6914 6917 6913
f 7130 6914 6915
f 7131 6917 6914
f 6917 6916 6912
f 7132 6916 6917
f 7132 7133 6916
f 7133 6918 6916
f 6918 6892 6891
f 6918 6919 6892
f 6919 6893 6892
f 6919 6920 6893
f 6920 6921 6894
f 6916 6918 6891
f 7166 6919 6918
f 7133 7166 6918
f 7166 7168 6919
f 7168 6920 6919
f 7167 6921 6920
f 7169 6922 6921
f 7167 7169 6921
f 7168 7167 6920
f 7169 7178 6922
f 7178 6899 6922
f 7178 7180 6899
f 7180 6900 6899
f 7180 7181 6900
f 7181 6901 6900
f 7181 7182 6901
f 6813 6923 4183
f 6923 6924 4184
f 6817 6923 6813
f 6817 6927 6923
f 6927 6924 6923
f 6927 6928 6924
f 6928 6925 6924
f 6930 6926 6925
f 6928 6930 6925
f 6930 6929 6926
f 6825 6927 6817
f 6932 6928 6927
f 6929 6931 6926
f 6929 6939 6931
f 6939 6673 6931
f 6939 6941 6673
f 6941 6674 6673
f 6940 6683 6674
f 6934 6929 6930
f 6825 6932 6927
f 6932 6933 6928
f 6833 6932 6825
f 6946 6933 6932
f 6933 6930 6928
f 6933 6934 6930
f 6934 6935 6929
f 6936 6934 6933
f 6833 6946 6932
f 6946 6936 6933
f 6936 6937 6934
f 6937 6935 6934
f 6937 6938 6935
f 6935 6939 6929
f 6943 6941 6939
f 6941 6940 6674
f 6943 6945 6941
f 6945 6940 6941
f 6942 6947 6940
f 6945 6942 6940
f 6935 6943 6939
f 6938 6943 6935
f 6944 6945 6943
f 6938 6944 6943
f 6957 6942 6945
f 6944 6957 6945
f 6958 6950 6942
f 6957 6958 6942
f 6886 6946 6833
f 6966 6936 6946
f 6967 6937 6936
f 6968 6938 6937
f 6940 6947 6683
f 6947 6948 6684
f 6950 6948 6947
f 6942 6950 6947
f 6948 6949 6686
f 6951 6949 6948
f 6950 6951 6948
f 6952 6953 6949
f 6951 6952 6949
f 6952 6954 6953
f 6994 6952 6951
f 6995 6954 6952
f 6993 6951 6950
f 6958 6993 6950
f 6993 6994 6951
f 6954 6696 6953
f 6954 6955 6696
f 6955 6697 6696
f 6956 12223 6697
f 6955 6956 6697
f 6969 6944 6938
f 6974 6957 6944
f 6975 6958 6957
f 6959 6993 6958
f 6974 6975 6957
f 6975 6959 6958
f 6870 6960 6961
f 6870 6961 6874
f 6960 6720 6964
f 6960 6964 6961
f 6874 6961 7385
f 6961 6964 7386
f 6720 6721 6962
f 6720 6962 6964
f 6721 6722 6963
f 6721 6963 6962
f 6722 6726 6965
f 6722 6965 6963
f 6726 7394 6965
f 6727 7395 7394
f 6886 6966 6946
f 6966 6967 6936
f 6890 6966 6886
f 6970 6967 6966
f 6967 6968 6937
f 6968 6969 6938
f 6972 6969 6968
f 6971 6968 6967
f 6890 6970 6966
f 6970 6971 6967
f 6971 6972 6968
f 6972 6973 6969
f 6980 6972 6971
f 6981 6973 6972
f 6898 6970 6890
f 6979 6971 6970
f 6969 6974 6944
f 6973 6974 6969
f 6976 6975 6974
f 6973 6976 6974
f 6982 6976 6973
f 6977 6959 6975
f 6978 6996 6959
f 6976 6977 6975
f 6977 6978 6959
f 6898 6979 6970
f 6979 6980 6971
f 6983 6980 6979
f 6901 6979 6898
f 6901 6983 6979
f 6980 6981 6972
f 6981 6982 6973
f 6984 6981 6980
f 6985 6982 6981
f 6983 6984 6980
f 7182 6983 6901
f 7569 6984 6983
f 7569 7407 6984
f 6984 6985 6981
f 6985 6986 6982
f 7407 6985 6984
f 7407 7408 6985
f 7408 6986 6985
f 6982 6989 6976
f 6989 6977 6976
f 6989 6987 6977
f 6987 6978 6977
f 6988 7007 6978
f 6987 6988 6978
f 6991 6988 6987
f 6992 7009 6988
f 6986 6989 6982
f 6990 6987 6989
f 6986 6990 6989
f 7410 6991 6990
f 7409 6990 6986
f 6990 6991 6987
f 6991 6992 6988
f 7411 7015 6992
f 7412 6992 6991
f 6996 6994 6993
f 6959 6996 6993
f 6996 6997 6994
f 6994 6995 6952
f 6995 7000 6954
f 6997 6995 6994
f 6998 7000 6995
f 6997 6998 6995
f 6998 7003 7000
f 7008 6998 6997
f 7011 7003 6998
f 7011 7016 7003
f 7000 6955 6954
f 7000 7001 6955
f 7001 6956 6955
f 7001 6999 6956
f 6999 12917 6956
f 7004 12918 6999
f 7003 7001 7000
f 7003 7002 7001
f 7016 7002 7003
f 7002 6999 7001
f 7002 7004 6999
f 7006 12923 7004
f 7005 7004 7002
f 7016 7005 7002
f 7005 7006 7004
f 7018 7006 7005
f 7020 12929 7006
f 7007 6997 6996
f 6978 7007 6996
f 7007 7008 6997
f 7008 7011 6998
f 7009 7008 7007
f 6988 7009 7007
f 7009 7010 7008
f 7010 7011 7008
f 7013 7016 7011
f 7010 7013 7011
f 7013 7017 7016
f 7015 7010 7009
f 7015 7012 7010
f 7012 7013 7010
f 7014 7017 7013
f 7012 7014 7013
f 7014 7019 7017
f 6992 7015 7009
f 7017 7005 7016
f 7017 7018 7005
f 7019 7018 7017
f 7019 7471 7018
f 7018 7020 7006
f 7471 7020 7018
f 7471 7473 7020
f 7473 12932 7020
f 7182 7569 6983
f 6764 7022 7021
f 6560 7023 7022
f 4955 7021 5980
f 7022 7023 7028
f 7021 7022 7027
f 6562 7024 7023
f 7023 7024 7025
f 7023 7025 7028
f 7024 7032 7025
f 5980 7021 7026
f 7021 7027 7026
f 5980 7026 5981
f 7022 7028 7027
f 7027 7028 7029
f 5981 7026 7039
f 7026 7040 7039
f 7026 7027 7040
f 7027 7029 7040
f 7028 7025 7030
f 7025 7036 7030
f 7028 7030 7029
f 7029 7030 7046
f 7024 6834 7032
f 6835 7033 7031
f 6834 7031 7032
f 6837 7034 7033
f 7025 7032 7036
f 7032 7031 7037
f 7031 7033 7038
f 7031 7038 7037
f 7033 7034 7035
f 7033 7035 7038
f 7034 7069 7035
f 7032 7037 7036
f 7036 7037 7041
f 7037 7038 7042
f 7030 7036 7056
f 7038 7035 7043
f 7035 7081 7043
f 5981 7039 6000
f 6000 7039 7044
f 7040 7029 7047
f 7039 7040 7045
f 7030 7056 7046
f 7036 7041 7056
f 7037 7042 7041
f 7038 7043 7042
f 7042 7043 7060
f 7040 7047 7045
f 6000 7044 6008
f 7039 7045 7044
f 7045 7047 7051
f 7044 7045 7050
f 7029 7046 7047
f 7047 7046 7048
f 7047 7048 7051
f 7046 7057 7048
f 6008 7044 7049
f 7044 7050 7049
f 6008 7049 6010
f 7045 7051 7050
f 7049 7050 7053
f 7050 7051 7054
f 6010 7049 7052
f 7049 7053 7052
f 6010 7052 6074
f 7050 7054 7053
f 7053 7054 7118
f 7051 7055 7054
f 7051 7048 7055
f 7048 7061 7055
f 7054 7119 7118
f 7054 7055 7119
f 7055 7063 7119
f 7046 7056 7057
f 7056 7041 7058
f 7041 7042 7059
f 7056 7058 7057
f 7041 7059 7058
f 7048 7057 7061
f 7058 7059 7065
f 7057 7058 7062
f 7042 7060 7059
f 7043 7089 7060
f 7059 7060 7066
f 7058 7065 7062
f 7059 7066 7065
f 7060 7093 7066
f 7057 7062 7061
f 7061 7062 7064
f 7062 7065 7067
f 7055 7061 7063
f 7061 7064 7063
f 7062 7067 7064
f 7063 7064 7240
f 7064 7067 7243
f 7065 7066 7068
f 7066 7097 7068
f 7065 7068 7067
f 7067 7068 7244
f 7068 7306 7244
f 7034 6863 7069
f 6863 6864 7071
f 6863 7071 7069
f 7069 7071 7082
f 6864 6865 7072
f 6864 7072 7071
f 6865 7070 7072
f 6865 6866 7070
f 6866 7073 7070
f 7071 7072 7083
f 7072 7070 7084
f 7035 7069 7081
f 7069 7082 7081
f 7071 7083 7082
f 7072 7084 7083
f 7070 7077 7084
f 6871 7074 7073
f 7070 7073 7077
f 7073 7074 7078
f 7073 7078 7077
f 6872 7075 7074
f 6873 7076 7075
f 7075 7076 7080
f 7074 7075 7079
f 7074 7079 7078
f 7075 7080 7079
f 7079 7080 7088
f 7043 7081 7089
f 7081 7082 7090
f 7081 7090 7089
f 7082 7083 7091
f 7082 7091 7090
f 7083 7092 7091
f 7083 7084 7092
f 7084 7085 7092
f 7084 7077 7085
f 7077 7078 7086
f 7077 7086 7085
f 7078 7079 7087
f 7078 7087 7086
f 7079 7088 7087
f 7060 7089 7093
f 7089 7090 7094
f 7089 7094 7093
f 7090 7091 7095
f 7091 7096 7095
f 7091 7092 7096
f 7092 7104 7096
f 7090 7095 7094
f 7093 7094 7099
f 7094 7095 7100
f 7095 7096 7098
f 7066 7093 7097
f 7093 7099 7097
f 7068 7097 7306
f 7097 7099 7101
f 7097 7101 7306
f 7094 7100 7099
f 7095 7098 7100
f 7096 7108 7098
f 7099 7100 7102
f 7099 7102 7101
f 7100 7103 7102
f 7100 7098 7103
f 7098 7109 7103
f 7092 7085 7104
f 7085 7086 7105
f 7085 7105 7104
f 7087 7088 7107
f 7086 7087 7106
f 7086 7106 7105
f 7087 7107 7106
f 7105 7106 7110
f 7106 7107 7112
f 7096 7104 7108
f 7104 7105 7111
f 7106 7112 7110
f 7104 7111 7108
f 7108 7111 7113
f 7098 7108 7109
f 7103 7109 7347
f 7108 7113 7109
f 7109 7113 7349
f 7105 7110 7111
f 7111 7110 7114
f 7110 7112 7115
f 7110 7115 7114
f 7111 7114 7113
f 7113 7114 7120
f 7114 7115 7121
f 6074 7052 7116
f 7052 7117 7116
f 6074 7116 6076
f 7052 7053 7117
f 7053 7118 7117
f 7118 7119 7216
f 7119 7063 7239
f 7067 7244 7243
f 7102 7103 7311
f 7109 7349 7347
f 7113 7120 7349
f 7114 7121 7120
f 7122 6906 6905
f 6161 6905 6160
f 7123 6908 6906
f 7123 7124 6908
f 7124 6909 6908
f 7124 7125 6909
f 7122 7123 6906
f 6161 7122 6905
f 7126 7124 7123
f 7128 7125 7124
f 7129 7130 7125
f 6168 7122 6161
f 7127 7123 7122
f 6168 7127 7122
f 7126 7128 7124
f 7127 7126 7123
f 6176 7127 6168
f 7141 7126 7127
f 7142 7128 7126
f 7141 7142 7126
f 7142 7145 7128
f 7128 7129 7125
f 7145 7129 7128
f 7146 7134 7129
f 7145 7146 7129
f 7125 7130 6915
f 7130 7131 6914
f 7131 7132 6917
f 7135 7132 7131
f 7137 7133 7132
f 7138 7166 7133
f 7134 7131 7130
f 7134 7135 7131
f 7135 7137 7132
f 7137 7138 7133
f 7129 7134 7130
f 7150 7135 7134
f 7136 7137 7135
f 7146 7150 7134
f 7150 7136 7135
f 7136 7139 7137
f 7139 7138 7137
f 7140 7173 7138
f 7139 7140 7138
f 6176 7141 7127
f 7143 7142 7141
f 7144 7145 7142
f 6192 7141 6176
f 6192 7143 7141
f 7143 7144 7142
f 7144 7147 7145
f 7147 7146 7145
f 7148 7150 7146
f 7147 7148 7146
f 7149 7151 7148
f 7164 7148 7147
f 7164 7149 7148
f 7281 7155 7149
f 7151 7136 7150
f 7152 7139 7136
f 7151 7152 7136
f 7152 7153 7139
f 7148 7151 7150
f 7156 7153 7152
f 7155 7152 7151
f 7153 7140 7139
f 7154 7174 7140
f 7153 7154 7140
f 7158 7154 7153
f 7159 7190 7154
f 7149 7155 7151
f 7155 7156 7152
f 7156 7158 7153
f 7281 7165 7155
f 7165 7156 7155
f 7157 7158 7156
f 7165 7157 7156
f 7157 7160 7158
f 7158 7159 7154
f 7160 7159 7158
f 7160 7161 7159
f 7161 7194 7159
f 6199 7143 6192
f 7162 7144 7143
f 6199 7162 7143
f 7163 7147 7144
f 7162 7163 7144
f 7163 7164 7147
f 7276 7163 7162
f 6407 7162 6199
f 6407 7276 7162
f 7277 7164 7163
f 7276 7277 7163
f 7277 7280 7164
f 7280 7149 7164
f 7280 7281 7149
f 7173 7168 7166
f 7138 7173 7166
f 7173 7170 7168
f 7170 7167 7168
f 7171 7169 7167
f 7172 7178 7169
f 7170 7171 7167
f 7171 7172 7169
f 7175 7171 7170
f 7176 7172 7171
f 7177 7179 7172
f 7176 7177 7172
f 7174 7170 7173
f 7140 7174 7173
f 7174 7175 7170
f 7175 7176 7171
f 7179 7180 7178
f 7172 7179 7178
f 7179 7183 7180
f 7183 7181 7180
f 7184 7182 7181
f 7183 7184 7181
f 7184 7186 7182
f 7185 7183 7179
f 7177 7185 7179
f 7185 7187 7183
f 7187 7184 7183
f 7188 7186 7184
f 7187 7188 7184
f 7188 7189 7186
f 7154 7190 7174
f 7190 7175 7174
f 7190 7191 7175
f 7194 7191 7190
f 7191 7176 7175
f 7192 7177 7176
f 7191 7192 7176
f 7193 7185 7177
f 7192 7193 7177
f 7199 7192 7191
f 7196 7193 7192
f 7197 7204 7193
f 7194 7199 7191
f 7159 7194 7190
f 7195 7199 7194
f 7161 7195 7194
f 7195 7200 7199
f 7199 7196 7192
f 7201 7197 7196
f 7196 7197 7193
f 7198 7206 7197
f 7201 7198 7197
f 7200 7196 7199
f 7200 7201 7196
f 7204 7187 7185
f 7204 7205 7187
f 7205 7188 7187
f 7205 7202 7188
f 7202 7189 7188
f 7202 7203 7189
f 7209 7203 7202
f 7193 7204 7185
f 7206 7205 7204
f 7206 7208 7205
f 7208 7202 7205
f 7208 7209 7202
f 7197 7206 7204
f 7207 7208 7206
f 7198 7207 7206
f 7207 7212 7208
f 7212 7209 7208
f 7209 7210 7203
f 7211 7210 7209
f 7212 7211 7209
f 7211 7213 7210
f 7116 7117 7215
f 7117 7118 7217
f 6076 7116 7214
f 7116 7215 7214
f 6076 7214 6342
f 7117 7217 7215
f 7215 7217 7221
f 6342 7214 7219
f 7214 7215 7220
f 7215 7221 7220
f 7118 7216 7217
f 7119 7239 7216
f 7217 7216 7218
f 7217 7218 7221
f 7216 7241 7218
f 6342 7219 6349
f 7214 7220 7219
f 6349 7219 7222
f 7219 7220 7223
f 7220 7221 7230
f 7220 7230 7223
f 7221 7231 7230
f 7221 7218 7231
f 7218 7248 7231
f 6349 7222 6357
f 7219 7223 7222
f 7222 7223 7225
f 7223 7230 7233
f 7223 7233 7225
f 6357 7222 7224
f 6357 7224 6360
f 7222 7225 7224
f 7225 7233 7234
f 6360 7224 7226
f 6360 7226 6361
f 7224 7228 7226
f 7226 7229 7227
f 6361 7226 7227
f 6361 7227 6426
f 7224 7225 7228
f 7225 7234 7228
f 7226 7228 7229
f 7228 7235 7229
f 7228 7234 7235
f 7229 7235 7298
f 7230 7232 7233
f 7230 7231 7232
f 7231 7257 7232
f 7233 7232 7236
f 7232 7260 7236
f 7233 7236 7234
f 7234 7237 7235
f 7235 7238 7298
f 7234 7236 7237
f 7236 7262 7237
f 7235 7237 7238
f 7237 7263 7238
f 7063 7240 7239
f 7064 7243 7240
f 7239 7240 7242
f 7240 7243 7246
f 7216 7239 7241
f 7239 7242 7241
f 7240 7246 7242
f 7218 7241 7248
f 7241 7242 7249
f 7242 7246 7250
f 7241 7249 7248
f 7242 7250 7249
f 7243 7244 7245
f 7243 7245 7246
f 7244 7307 7245
f 7246 7245 7247
f 7246 7247 7250
f 7245 7308 7247
f 7249 7250 7266
f 7250 7247 7268
f 7247 7315 7268
f 7251 7160 7157
f 7299 7251 7157
f 7251 7252 7160
f 7301 7252 7251
f 7301 7254 7252
f 7252 7161 7160
f 7252 7253 7161
f 7253 7195 7161
f 7254 7253 7252
f 7254 7255 7253
f 7305 7255 7254
f 7305 7256 7255
f 7255 7319 7253
f 7256 7320 7255
f 7231 7248 7257
f 7232 7257 7260
f 7248 7249 7258
f 7249 7266 7258
f 7248 7258 7257
f 7257 7258 7259
f 7257 7259 7260
f 7258 7266 7267
f 7258 7267 7259
f 7259 7267 7273
f 7303 7261 7304
f 7261 7305 7304
f 7261 7270 7305
f 7263 7265 7261
f 7263 7261 7303
f 7265 7274 7270
f 7265 7270 7261
f 7236 7260 7262
f 7237 7262 7263
f 7238 7263 7303
f 7260 7264 7262
f 7260 7259 7264
f 7262 7264 7265
f 7259 7273 7264
f 7264 7273 7274
f 7264 7274 7265
f 7262 7265 7263
f 7250 7268 7266
f 7266 7268 7269
f 7266 7269 7267
f 7267 7269 7275
f 7268 7331 7269
f 7269 7332 7275
f 7270 7256 7305
f 7270 7272 7256
f 7274 7272 7270
f 7274 7271 7272
f 7275 7334 7271
f 7271 7333 7272
f 7272 7321 7256
f 7267 7275 7273
f 7273 7271 7274
f 7273 7275 7271
f 6408 7276 6407
f 6408 7278 7276
f 7278 7277 7276
f 7278 7279 7277
f 7279 7280 7277
f 7279 7282 7280
f 6420 7278 6408
f 6420 7285 7278
f 7285 7279 7278
f 7285 7288 7279
f 7288 7282 7279
f 7288 7294 7282
f 7282 7281 7280
f 7283 7165 7281
f 7282 7283 7281
f 7294 7283 7282
f 7284 7299 7283
f 7294 7284 7283
f 6421 7285 6420
f 6421 7286 7285
f 7286 7288 7285
f 6427 7287 7286
f 6427 7286 6421
f 7287 7289 7286
f 7290 7293 7295
f 7286 7289 7288
f 7289 7294 7288
f 7289 7295 7294
f 7287 7290 7289
f 7290 7295 7289
f 6426 7227 7291
f 6426 7291 6425
f 6425 7291 7287
f 7227 7292 7291
f 7291 7290 7287
f 6425 7287 6427
f 7227 7229 7292
f 7291 7292 7290
f 7292 7298 7293
f 7229 7298 7292
f 7292 7293 7290
f 7295 7284 7294
f 7293 7296 7295
f 7298 7297 7293
f 7295 7296 7284
f 7297 7302 7296
f 7296 7300 7284
f 7293 7297 7296
f 7238 7303 7297
f 7298 7238 7297
f 7283 7299 7165
f 7299 7157 7165
f 7284 7300 7299
f 7300 7251 7299
f 7300 7301 7251
f 7302 7301 7300
f 7302 7304 7301
f 7304 7254 7301
f 7304 7305 7254
f 7296 7302 7300
f 7297 7303 7302
f 7303 7304 7302
f 7244 7306 7307
f 7306 7101 7309
f 7306 7309 7307
f 7307 7309 7312
f 7245 7307 7308
f 7247 7308 7315
f 7307 7312 7308
f 7308 7312 7316
f 7101 7102 7310
f 7101 7310 7309
f 7102 7311 7310
f 7103 7347 7311
f 7310 7311 7314
f 7309 7310 7313
f 7310 7314 7313
f 7311 7348 7314
f 7309 7313 7312
f 7312 7313 7317
f 7312 7317 7316
f 7313 7318 7317
f 7313 7314 7318
f 7314 7355 7318
f 7308 7316 7315
f 7316 7317 7335
f 7317 7318 7341
f 7318 7356 7341
f 7253 7319 7195
f 7319 7200 7195
f 7319 7322 7200
f 7255 7320 7319
f 7256 7321 7320
f 7320 7322 7319
f 7320 7326 7322
f 7333 7327 7321
f 7321 7327 7326
f 7321 7326 7320
f 7324 7207 7198
f 7322 7201 7200
f 7322 7323 7201
f 7323 7198 7201
f 7323 7324 7198
f 7329 7364 7324
f 7326 7323 7322
f 7326 7325 7323
f 7325 7324 7323
f 7327 7325 7326
f 7327 7328 7325
f 7344 7328 7327
f 7328 7329 7325
f 7345 7330 7328
f 7325 7329 7324
f 7330 7365 7329
f 7328 7330 7329
f 7346 7366 7330
f 7268 7315 7331
f 7269 7331 7332
f 7315 7316 7336
f 7315 7336 7331
f 7331 7336 7337
f 7331 7337 7332
f 7332 7339 7334
f 7332 7337 7339
f 7275 7332 7334
f 7271 7334 7333
f 7272 7333 7321
f 7333 7344 7327
f 7334 7344 7333
f 7334 7339 7344
f 7316 7335 7336
f 7317 7341 7335
f 7336 7335 7338
f 7335 7342 7338
f 7336 7338 7337
f 7337 7338 7340
f 7337 7340 7339
f 7338 7343 7340
f 7335 7341 7342
f 7341 7376 7342
f 7343 7377 7346
f 7338 7342 7343
f 7340 7343 7346
f 7342 7378 7343
f 7344 7345 7328
f 7340 7346 7345
f 7339 7340 7345
f 7339 7345 7344
f 7345 7346 7330
f 7311 7347 7348
f 7347 7349 7350
f 7347 7350 7348
f 7348 7350 7357
f 7314 7348 7355
f 7348 7357 7355
f 7349 7120 7351
f 7120 7121 7352
f 7349 7351 7350
f 7350 7354 7357
f 7350 7351 7354
f 7120 7352 7351
f 7351 7352 7353
f 7351 7353 7354
f 7318 7355 7356
f 7355 7357 7358
f 7355 7358 7356
f 7356 7358 7360
f 7357 7359 7358
f 7357 7354 7359
f 7358 7361 7360
f 7358 7359 7361
f 7354 7353 7362
f 7354 7362 7359
f 7359 7362 7363
f 7359 7363 7361
f 7361 7363 7384
f 7324 7364 7207
f 7364 7212 7207
f 7364 7367 7212
f 7365 7367 7364
f 7329 7365 7364
f 7346 7377 7366
f 7366 7370 7365
f 7365 7370 7367
f 7366 7371 7370
f 7377 7371 7366
f 7377 7382 7371
f 7330 7366 7365
f 7367 7211 7212
f 7367 7368 7211
f 7370 7368 7367
f 7368 7213 7211
f 7368 7369 7213
f 7372 7369 7368
f 7371 7372 7370
f 7370 7372 7368
f 7371 7373 7372
f 7382 7373 7371
f 7382 7379 7373
f 7372 7374 7369
f 7379 7383 7375
f 7373 7374 7372
f 7373 7375 7374
f 7379 7375 7373
f 7341 7356 7376
f 7342 7376 7378
f 7343 7378 7377
f 7356 7360 7376
f 7376 7380 7378
f 7376 7360 7380
f 7378 7380 7382
f 7378 7382 7377
f 7380 7379 7382
f 7380 7381 7379
f 7360 7381 7380
f 7360 7361 7381
f 7381 7384 7383
f 7381 7383 7379
f 7361 7384 7381
f 6961 7386 7385
f 6964 6962 7387
f 6964 7387 7386
f 6962 6963 7388
f 6962 7388 7387
f 6874 7385 7076
f 7076 7385 7389
f 7385 7386 7390
f 7076 7389 7080
f 7385 7390 7389
f 7386 7387 7391
f 7387 7388 7392
f 7080 7389 7404
f 7389 7390 7405
f 7386 7391 7390
f 7387 7392 7391
f 7390 7391 7406
f 7390 7406 7405
f 7391 7392 7417
f 7391 7417 7406
f 6963 6965 7393
f 6963 7393 7388
f 6965 7396 7393
f 6965 7394 7396
f 7394 7395 7397
f 7394 7397 7396
f 7395 7441 7397
f 7396 7397 7400
f 7388 7393 7398
f 7393 7396 7399
f 7388 7398 7392
f 7393 7399 7398
f 7392 7398 7401
f 7392 7401 7417
f 7398 7402 7401
f 7396 7400 7399
f 7397 7445 7400
f 7399 7400 7403
f 7398 7399 7402
f 7399 7403 7402
f 7401 7402 7430
f 7400 7453 7403
f 7402 7403 7431
f 7403 7479 7431
f 7080 7404 7088
f 7389 7405 7404
f 7408 7409 6986
f 7573 7409 7408
f 7409 7410 6990
f 7574 7410 7409
f 7574 7413 7410
f 7413 7412 7410
f 7410 7412 6991
f 7412 7411 6992
f 7413 7414 7412
f 7414 7411 7412
f 7415 7465 7411
f 7578 7414 7413
f 7414 7415 7411
f 7592 7415 7414
f 7437 7468 7415
f 7592 7437 7415
f 7088 7404 7416
f 7404 7405 7420
f 7404 7420 7416
f 7088 7416 7107
f 7107 7416 7424
f 7416 7420 7421
f 7405 7406 7418
f 7405 7418 7420
f 7406 7417 7419
f 7406 7419 7418
f 7420 7418 7422
f 7418 7419 7423
f 7416 7421 7424
f 7420 7422 7421
f 7418 7423 7422
f 7422 7423 7427
f 7107 7424 7112
f 7112 7424 7425
f 7424 7421 7426
f 7112 7425 7115
f 7424 7426 7425
f 7425 7426 7506
f 7115 7425 7505
f 7421 7422 7428
f 7421 7428 7426
f 7426 7428 7507
f 7422 7427 7428
f 7428 7427 7508
f 7417 7401 7429
f 7417 7429 7419
f 7401 7430 7429
f 7419 7429 7432
f 7429 7430 7433
f 7402 7431 7430
f 7419 7432 7423
f 7423 7432 7438
f 7429 7433 7432
f 7432 7435 7438
f 7430 7431 7434
f 7430 7434 7433
f 7431 7481 7434
f 7432 7433 7435
f 7433 7434 7436
f 7433 7436 7435
f 7434 7482 7436
f 7594 7486 7437
f 7423 7438 7427
f 7427 7438 7512
f 7395 7439 7441
f 7439 7440 7442
f 7439 7442 7441
f 7440 6765 7443
f 7440 7443 7442
f 6765 6766 7447
f 6765 7447 7443
f 7397 7441 7445
f 7441 7442 7446
f 7442 7443 7444
f 7442 7444 7446
f 7443 7447 7449
f 7443 7449 7444
f 7441 7446 7445
f 7400 7445 7453
f 7445 7446 7454
f 7446 7444 7456
f 7444 7449 7458
f 6766 7448 7447
f 6767 7451 7448
f 7447 7448 7450
f 7447 7450 7449
f 7448 7451 7452
f 7451 12965 7452
f 7448 7452 7450
f 7445 7454 7453
f 7403 7453 7479
f 7453 7454 7455
f 7453 7455 7479
f 7446 7456 7454
f 7444 7458 7456
f 7454 7456 7457
f 7454 7457 7455
f 7456 7458 7460
f 7456 7460 7457
f 7457 7460 7492
f 7449 7450 7459
f 7450 7452 7461
f 7452 12970 7461
f 7449 7459 7458
f 7458 7459 7462
f 7458 7462 7460
f 7450 7461 7459
f 7459 7461 7463
f 7459 7463 7462
f 7461 12974 7463
f 7460 7493 7492
f 7460 7462 7493
f 7462 7463 7464
f 7462 7464 7493
f 7463 12975 7464
f 7467 7019 7014
f 7467 7476 7019
f 7465 7012 7015
f 7411 7465 7015
f 7465 7466 7012
f 7468 7466 7465
f 7466 7014 7012
f 7466 7467 7014
f 7469 7467 7466
f 7470 7476 7467
f 7415 7468 7465
f 7468 7469 7466
f 7486 7469 7468
f 7437 7486 7468
f 7486 7487 7469
f 7469 7470 7467
f 7470 7477 7476
f 7489 7477 7470
f 7489 7495 7477
f 7487 7470 7469
f 7487 7489 7470
f 7476 7471 7019
f 7476 7472 7471
f 7474 12992 7473
f 7472 7473 7471
f 7472 7474 7473
f 7478 7474 7472
f 7478 7475 7474
f 7475 12993 7474
f 7477 7472 7476
f 7477 7478 7472
f 7495 7478 7477
f 7494 7475 7478
f 7498 12996 7475
f 7431 7479 7481
f 7479 7480 7481
f 7479 7455 7480
f 7434 7481 7482
f 7481 7483 7482
f 7481 7480 7483
f 7455 7457 7484
f 7455 7484 7480
f 7457 7492 7484
f 7480 7484 7485
f 7484 7492 7538
f 7484 7538 7485
f 7480 7485 7483
f 7601 7487 7486
f 7601 7488 7487
f 7488 7489 7487
f 7490 7495 7489
f 7488 7490 7489
f 7490 7496 7495
f 7603 7490 7488
f 7603 7491 7490
f 7491 7496 7490
f 7491 7500 7496
f 7606 7500 7491
f 7606 7502 7500
f 7492 7537 7538
f 7492 7493 7537
f 7493 7464 7542
f 7493 7542 7537
f 7464 13106 7542
f 7495 7494 7478
f 7496 7494 7495
f 7496 7497 7494
f 7494 7498 7475
f 7497 7498 7494
f 7497 7499 7498
f 7499 13010 7498
f 7500 7497 7496
f 7500 7501 7497
f 7502 7501 7500
f 7502 7503 7501
f 7504 13011 7499
f 7552 13012 7504
f 7501 7499 7497
f 7501 7504 7499
f 7503 7504 7501
f 7503 7552 7504
f 7115 7505 7121
f 7121 7505 7607
f 7425 7506 7505
f 7505 7506 7509
f 7505 7509 7607
f 7428 7508 7507
f 7426 7507 7506
f 7506 7507 7510
f 7507 7508 7511
f 7506 7510 7509
f 7507 7511 7510
f 7510 7511 7611
f 7427 7512 7508
f 7438 7515 7512
f 7508 7512 7513
f 7508 7513 7511
f 7511 7514 7611
f 7511 7513 7514
f 7512 7517 7513
f 7513 7519 7514
f 7438 7435 7515
f 7512 7515 7517
f 7435 7436 7516
f 7435 7516 7515
f 7436 7523 7516
f 7515 7516 7518
f 7515 7518 7517
f 7516 7525 7518
f 7513 7517 7519
f 7517 7518 7520
f 7517 7520 7519
f 7518 7528 7520
f 7514 7519 7655
f 7519 7520 7521
f 7519 7521 7655
f 7520 7529 7521
f 7436 7482 7523
f 7482 7483 7524
f 7483 7522 7524
f 7483 7485 7522
f 7485 7538 7539
f 7485 7539 7522
f 7522 7539 7545
f 7482 7524 7523
f 7516 7523 7525
f 7523 7526 7525
f 7523 7524 7526
f 7525 7526 7530
f 7518 7525 7528
f 7525 7530 7528
f 7524 7527 7526
f 7524 7522 7527
f 7526 7533 7530
f 7526 7527 7533
f 7522 7545 7527
f 7527 7545 7557
f 7527 7557 7533
f 7520 7528 7529
f 7528 7531 7529
f 7528 7530 7531
f 7529 7531 7532
f 7533 7557 7560
f 7530 7534 7531
f 7530 7533 7534
f 7531 7534 7535
f 7531 7535 7532
f 7532 7535 7536
f 7533 7560 7534
f 7534 7560 7561
f 7534 7561 7535
f 7536 7562 7548
f 7535 7562 7536
f 7535 7561 7562
f 7538 7540 7539
f 7538 7537 7540
f 7539 7541 7545
f 7539 7540 7541
f 7537 7542 7543
f 7542 13107 7543
f 7537 7543 7540
f 7540 7543 7544
f 7540 7544 7541
f 7541 7544 7565
f 7543 13108 7544
f 7544 13113 7565
f 7545 7558 7557
f 7545 7541 7558
f 7546 7503 7502
f 7675 7547 7546
f 7546 7547 7503
f 7676 7549 7675
f 7548 7550 7676
f 7675 7549 7547
f 7676 7550 7549
f 7548 7551 7550
f 7541 7565 7558
f 7547 7552 7503
f 7547 7553 7552
f 7549 7553 7547
f 7553 13119 7552
f 7554 13120 7553
f 7551 7555 7556
f 7550 7554 7549
f 7551 7556 7550
f 7549 7554 7553
f 7550 7556 7554
f 7556 13122 7554
f 7555 13121 7556
f 7557 7559 7560
f 7557 7558 7559
f 7560 7559 7563
f 7560 7563 7561
f 7561 7564 7562
f 7562 7551 7548
f 7561 7563 7564
f 7562 7564 7551
f 7558 7565 7566
f 7558 7566 7559
f 7559 7566 7567
f 7559 7567 7563
f 7565 13134 7566
f 7566 13135 7567
f 7567 13136 7568
f 7564 7555 7551
f 7564 7568 7555
f 7563 7568 7564
f 7563 7567 7568
f 7568 13123 7555
f 7186 7569 7182
f 7186 7570 7569
f 7570 7407 7569
f 7570 7572 7407
f 7572 7408 7407
f 7572 7573 7408
f 7573 7574 7409
f 7571 7572 7570
f 7571 7575 7572
f 7189 7570 7186
f 7189 7571 7570
f 7575 7573 7572
f 7576 7574 7573
f 7575 7576 7573
f 7576 7577 7574
f 7577 7413 7574
f 7577 7578 7413
f 7578 7592 7414
f 7203 7571 7189
f 7203 7579 7571
f 7579 7575 7571
f 7579 7580 7575
f 7210 7579 7203
f 7583 7580 7579
f 7580 7576 7575
f 7581 7577 7576
f 7581 7582 7577
f 7580 7581 7576
f 7584 7581 7580
f 7585 7582 7581
f 7210 7583 7579
f 7583 7584 7580
f 7590 7584 7583
f 7590 7587 7584
f 7584 7585 7581
f 7587 7585 7584
f 7585 7586 7582
f 7589 7586 7585
f 7587 7589 7585
f 7589 7588 7586
f 7213 7583 7210
f 7213 7590 7583
f 7582 7578 7577
f 7582 7591 7578
f 7591 7592 7578
f 7595 7593 7591
f 7586 7591 7582
f 7591 7593 7592
f 7593 7437 7592
f 7593 7594 7437
f 7597 7594 7593
f 7598 7601 7594
f 7596 7597 7595
f 7586 7595 7591
f 7588 7595 7586
f 7588 7596 7595
f 7595 7597 7593
f 7597 7598 7594
f 7596 7599 7597
f 7599 7598 7597
f 7599 7600 7598
f 7600 7602 7598
f 7594 7601 7486
f 7602 7488 7601
f 7598 7602 7601
f 7602 7603 7488
f 7604 7603 7602
f 7600 7604 7602
f 7604 7605 7603
f 7605 7491 7603
f 7605 7606 7491
f 7121 7607 7352
f 7352 7607 7608
f 7352 7608 7353
f 7607 7609 7608
f 7607 7509 7609
f 7635 7587 7590
f 7635 7612 7587
f 7639 7627 7638
f 7509 7510 7610
f 7509 7610 7609
f 7510 7611 7610
f 7612 7589 7587
f 7612 7613 7589
f 7615 7613 7612
f 7613 7588 7589
f 7613 7614 7588
f 7616 7614 7613
f 7638 7616 7615
f 7615 7616 7613
f 7638 7617 7616
f 7627 7617 7638
f 7627 7633 7617
f 7617 7618 7616
f 7633 7619 7617
f 7616 7618 7614
f 7617 7619 7618
f 7633 7634 7619
f 7353 7608 7620
f 7608 7623 7620
f 7608 7609 7623
f 7353 7620 7362
f 7362 7620 7621
f 7384 7622 7639
f 7362 7621 7363
f 7363 7622 7384
f 7363 7621 7622
f 7620 7623 7626
f 7620 7626 7621
f 7621 7626 7628
f 7622 7627 7639
f 7622 7628 7627
f 7621 7628 7622
f 7609 7624 7623
f 7609 7610 7624
f 7623 7624 7629
f 7610 7611 7625
f 7610 7625 7624
f 7624 7625 7631
f 7624 7631 7629
f 7623 7629 7626
f 7626 7630 7628
f 7626 7629 7630
f 7628 7633 7627
f 7628 7630 7633
f 7630 7632 7634
f 7629 7632 7630
f 7629 7631 7632
f 7630 7634 7633
f 7369 7590 7213
f 7369 7635 7590
f 7374 7635 7369
f 7636 7612 7635
f 7375 7636 7374
f 7374 7636 7635
f 7375 7637 7636
f 7383 7637 7375
f 7383 7639 7637
f 7637 7615 7636
f 7639 7638 7637
f 7636 7615 7612
f 7637 7638 7615
f 7384 7639 7383
f 7614 7596 7588
f 7614 7640 7596
f 7618 7640 7614
f 7640 7599 7596
f 7641 7646 7640
f 7618 7641 7640
f 7634 7653 7642
f 7619 7641 7618
f 7634 7642 7619
f 7619 7642 7641
f 7642 7648 7641
f 7653 7647 7642
f 7646 7600 7599
f 7646 7643 7600
f 7643 7604 7600
f 7644 7660 7643
f 7648 7644 7643
f 7650 7663 7644
f 7645 7662 7650
f 7649 7645 7650
f 7640 7646 7599
f 7648 7643 7646
f 7641 7648 7646
f 7642 7647 7648
f 7653 7649 7647
f 7647 7644 7648
f 7647 7650 7644
f 7649 7650 7647
f 7611 7651 7625
f 7611 7514 7651
f 7625 7651 7652
f 7625 7652 7631
f 7631 7652 7654
f 7514 7655 7651
f 7651 7656 7652
f 7652 7657 7654
f 7632 7653 7634
f 7632 7654 7653
f 7631 7654 7632
f 7654 7649 7653
f 7651 7655 7656
f 7654 7657 7649
f 7652 7656 7657
f 7655 7521 7658
f 7655 7658 7656
f 7656 7658 7659
f 7521 7672 7658
f 7658 7673 7659
f 7657 7659 7645
f 7657 7645 7649
f 7659 7664 7645
f 7656 7659 7657
f 7643 7660 7604
f 7660 7605 7604
f 7663 7661 7660
f 7660 7661 7605
f 7644 7663 7660
f 7650 7662 7663
f 7662 7666 7663
f 7664 7667 7662
f 7645 7664 7662
f 7663 7666 7661
f 7662 7667 7666
f 7664 7665 7667
f 7661 7606 7605
f 7661 7668 7606
f 7666 7668 7661
f 7668 7502 7606
f 7669 7546 7668
f 7668 7546 7502
f 7666 7669 7668
f 7667 7670 7669
f 7665 7671 7670
f 7667 7669 7666
f 7665 7670 7667
f 7670 7675 7669
f 7671 7676 7670
f 7669 7675 7546
f 7670 7676 7675
f 7671 7548 7676
f 7521 7529 7672
f 7658 7672 7673
f 7529 7532 7672
f 7672 7674 7673
f 7659 7673 7664
f 7673 7665 7664
f 7673 7674 7665
f 7672 7532 7674
f 7674 7671 7665
f 7674 7536 7671
f 7532 7536 7674
f 7536 7548 7671
f 2852 7681 7679
f 2710 7678 7677
f 2711 7679 7678
f 2853 7680 7681
f 7679 7842 7678
f 7681 7843 7679
f 7680 7844 7681
f 2855 7685 7682
f 2854 7682 7680
f 7682 7683 7680
f 7680 7683 7844
f 7682 7684 7683
f 7685 7684 7682
f 2891 7692 7687
f 2860 7686 7685
f 7686 7688 7685
f 7685 7688 7684
f 7686 7690 7688
f 2861 7687 7686
f 7687 7690 7686
f 7687 7689 7690
f 7692 7689 7687
f 7688 7866 7684
f 7690 7867 7688
f 7688 7867 7866
f 7690 7691 7867
f 7689 7691 7690
f 7689 7696 7691
f 7696 7904 7691
f 7696 7705 7904
f 2892 7693 7692
f 7693 7694 7692
f 2895 7699 7693
f 7693 7697 7694
f 7699 7697 7693
f 7692 7694 7689
f 7694 7696 7689
f 7694 7695 7696
f 7697 7695 7694
f 7697 7698 7695
f 7699 7701 7697
f 7700 7701 7699
f 2896 7700 7699
f 7716 7702 7700
f 7700 7702 7701
f 7702 7704 7701
f 7702 7703 7704
f 7701 7698 7697
f 7701 7704 7698
f 7695 7705 7696
f 7695 7706 7705
f 7706 7935 7705
f 7706 7707 7935
f 7698 7706 7695
f 7698 7708 7706
f 7708 7707 7706
f 7708 7709 7707
f 7709 7937 7707
f 7709 7712 7937
f 7704 7708 7698
f 7704 7710 7708
f 7710 7709 7708
f 7710 7711 7709
f 7711 7712 7709
f 7703 7710 7704
f 7703 7724 7710
f 7724 7711 7710
f 7724 7725 7711
f 7725 7713 7711
f 7711 7713 7712
f 7713 8061 7712
f 7725 7728 7713
f 7713 7714 8061
f 7728 7714 7713
f 3272 7717 7716
f 3275 7715 7717
f 7736 7722 7715
f 3271 7716 7700
f 7716 7718 7702
f 7717 7718 7716
f 7717 7720 7718
f 7718 7703 7702
f 7718 7719 7703
f 7720 7719 7718
f 7720 7721 7719
f 7715 7720 7717
f 7715 7722 7720
f 7722 7721 7720
f 7741 7723 7722
f 7722 7723 7721
f 7719 7724 7703
f 7721 7726 7719
f 7719 7726 7724
f 7726 7725 7724
f 7726 7727 7725
f 7727 7728 7725
f 7730 7727 7726
f 7731 7729 7727
f 7728 7754 7714
f 7729 7754 7728
f 7727 7729 7728
f 7734 7755 7729
f 7729 7755 7754
f 7721 7730 7726
f 7723 7730 7721
f 7730 7731 7727
f 7732 7731 7730
f 7733 7734 7731
f 7723 7732 7730
f 7732 7733 7731
f 7733 7735 7734
f 7731 7734 7729
f 7734 7758 7755
f 7735 7758 7734
f 7735 7761 7758
f 3297 7736 7715
f 7736 7741 7722
f 3298 7737 7736
f 7737 7741 7736
f 7737 7739 7741
f 3301 7738 7737
f 7738 7739 7737
f 7738 7740 7739
f 7741 7742 7723
f 7739 7742 7741
f 7739 7743 7742
f 7740 7743 7739
f 7740 7744 7743
f 7742 7732 7723
f 7742 7745 7732
f 7745 7733 7732
f 7746 7735 7733
f 7745 7746 7733
f 7743 7745 7742
f 7743 7748 7745
f 7748 7746 7745
f 7748 7749 7746
f 7749 7747 7746
f 7746 7747 7735
f 7752 7764 7747
f 7747 7761 7735
f 7747 7764 7761
f 7744 7748 7743
f 7750 7749 7748
f 7751 7752 7749
f 7744 7750 7748
f 7750 7751 7749
f 7749 7752 7747
f 7751 7753 7752
f 7753 7769 7752
f 7753 7772 7769
f 7752 7769 7764
f 7755 8422 7754
f 7755 7756 8422
f 7758 7756 7755
f 7758 7759 7756
f 7759 7757 7756
f 7759 7760 7757
f 7761 7759 7758
f 7761 7762 7759
f 7762 7760 7759
f 7762 7763 7760
f 7760 8427 7757
f 7760 8428 8427
f 7763 8428 7760
f 7763 7767 8428
f 7764 7762 7761
f 7765 7763 7762
f 7764 7765 7762
f 7769 7765 7764
f 7770 7766 7765
f 7765 7766 7763
f 7766 7767 7763
f 7768 8475 7767
f 7766 7768 7767
f 7771 7768 7766
f 7768 8477 8475
f 7769 7770 7765
f 7770 7771 7766
f 7772 7770 7769
f 7772 7806 7770
f 7806 7771 7770
f 7806 7807 7771
f 7771 7773 7768
f 7773 8477 7768
f 7773 7774 8477
f 7807 7773 7771
f 7807 7810 7773
f 7810 7774 7773
f 7810 7816 7774
f 7816 8482 7774
f 3383 7775 7738
f 7775 7740 7738
f 7775 7776 7740
f 3388 7777 7775
f 7777 7776 7775
f 7776 7744 7740
f 7779 7780 7776
f 7777 7779 7776
f 7778 7779 7777
f 3389 7778 7777
f 7778 7789 7779
f 7789 7781 7779
f 7776 7780 7744
f 7779 7781 7780
f 7789 7792 7781
f 7780 7750 7744
f 7780 7782 7750
f 7782 7751 7750
f 7782 7783 7751
f 7783 7753 7751
f 7781 7782 7780
f 7785 7783 7782
f 7786 7784 7783
f 7783 7784 7753
f 7784 7772 7753
f 7784 7805 7772
f 7787 7805 7784
f 7781 7785 7782
f 7785 7786 7783
f 7792 7785 7781
f 7792 7796 7785
f 7796 7786 7785
f 7796 7797 7786
f 7797 7787 7786
f 7786 7787 7784
f 7787 7812 7805
f 7797 7800 7787
f 7800 7812 7787
f 7800 7819 7812
f 7788 7789 7778
f 3400 7788 7778
f 7788 7790 7789
f 7790 7792 7789
f 3403 7791 7788
f 7791 7790 7788
f 7791 7794 7790
f 12030 7794 7791
f 7790 7793 7792
f 7794 7793 7790
f 7794 7795 7793
f 12031 7795 7794
f 7793 7796 7792
f 7798 7797 7796
f 7799 7800 7797
f 7793 7798 7796
f 7798 7799 7797
f 7801 7819 7800
f 7799 7801 7800
f 7801 7822 7819
f 7795 7798 7793
f 7795 7802 7798
f 7802 7799 7798
f 7803 7801 7799
f 7802 7803 7799
f 12032 7802 7795
f 12039 7803 7802
f 12040 7804 7803
f 7803 7804 7801
f 7804 7822 7801
f 7804 7827 7822
f 12041 7827 7804
f 7805 7806 7772
f 7805 7808 7806
f 7808 7807 7806
f 7812 7808 7805
f 7808 7809 7807
f 7813 7809 7808
f 7809 7810 7807
f 7811 7816 7810
f 7809 7811 7810
f 7814 7811 7809
f 7811 7817 7816
f 7812 7813 7808
f 7813 7814 7809
f 7819 7813 7812
f 7819 7820 7813
f 7820 7814 7813
f 7820 7821 7814
f 7814 7815 7811
f 7815 7817 7811
f 7815 7818 7817
f 7821 7815 7814
f 7821 7825 7815
f 7825 7818 7815
f 7825 7831 7818
f 7817 8546 7816
f 7817 8547 8546
f 7818 8547 7817
f 7818 8552 8547
f 7831 8552 7818
f 7831 8579 8552
f 7822 7820 7819
f 7823 7821 7820
f 7822 7823 7820
f 7823 7824 7821
f 7824 7825 7821
f 7826 7831 7825
f 7824 7826 7825
f 7826 7832 7831
f 7827 7823 7822
f 7827 7828 7823
f 7828 7824 7823
f 7828 7829 7824
f 12061 7828 7827
f 12062 7829 7828
f 7829 7826 7824
f 7829 7830 7826
f 7830 7832 7826
f 7830 7833 7832
f 12063 7830 7829
f 12063 12067 7830
f 12067 7833 7830
f 12067 12096 7833
f 7832 8579 7831
f 7832 8580 8579
f 7833 8580 7832
f 2709 7677 7834
f 3810 7834 7835
f 3811 7835 7836
f 3812 7836 7837
f 7677 7850 7834
f 7834 7851 7835
f 7678 7841 7677
f 7678 7842 7841
f 7679 7843 7842
f 7677 7841 7850
f 7681 7844 7843
f 3813 7837 7838
f 3818 7838 7839
f 7835 7852 7836
f 7836 7853 7837
f 7837 7854 7838
f 3817 7839 7840
f 3819 7840 7863
f 7838 7859 7839
f 7839 7859 7860
f 7839 7860 7840
f 7844 7847 7843
f 7842 7845 7841
f 7843 7846 7842
f 7842 7846 7845
f 7843 7847 7846
f 7841 7855 7850
f 7841 7845 7855
f 7683 7848 7844
f 7684 7849 7683
f 7683 7849 7848
f 7844 7848 7847
f 7684 7866 7849
f 7834 7850 7851
f 7835 7851 7852
f 7836 7852 7853
f 7837 7853 7854
f 7838 7854 7859
f 7850 7856 7851
f 7851 7857 7852
f 7852 7858 7853
f 7853 7861 7854
f 7850 7855 7856
f 7851 7856 7857
f 7852 7857 7858
f 7853 7858 7861
f 7854 7862 7859
f 7859 7870 7860
f 7854 7861 7862
f 7859 7862 7870
f 3820 7863 7864
f 7840 7868 7863
f 7840 7860 7868
f 7863 7869 7864
f 7863 7868 7869
f 3823 7864 7865
f 7864 7869 7925
f 7864 7925 7865
f 7860 7871 7868
f 7860 7870 7871
f 7868 7872 7869
f 7869 7928 7925
f 7868 7871 7872
f 7869 7872 7928
f 7846 7876 7845
f 7847 7875 7846
f 7846 7875 7876
f 7845 7876 7885
f 7848 7873 7847
f 7849 7879 7848
f 7866 7881 7849
f 7849 7881 7879
f 7847 7873 7875
f 7848 7879 7873
f 7879 7874 7873
f 7873 7874 7878
f 7879 7880 7874
f 7875 7877 7876
f 7873 7878 7875
f 7875 7878 7877
f 7878 7895 7877
f 7874 7896 7878
f 7881 7880 7879
f 7881 7882 7880
f 7882 7884 7880
f 7880 7883 7874
f 7878 7896 7895
f 7874 7883 7896
f 7880 7884 7883
f 7845 7885 7855
f 7876 7888 7885
f 7855 7886 7856
f 7856 7887 7857
f 7857 7890 7858
f 7855 7885 7886
f 7857 7887 7890
f 7856 7886 7887
f 7886 7892 7887
f 7885 7889 7886
f 7885 7888 7889
f 7886 7889 7892
f 7888 7922 7889
f 7858 7893 7861
f 7861 7910 7862
f 7876 7877 7888
f 7858 7890 7893
f 7861 7893 7910
f 7887 7891 7890
f 7887 7892 7891
f 7890 7894 7893
f 7890 7891 7894
f 7877 7921 7888
f 7889 7897 7892
f 7892 7898 7891
f 7893 7894 7911
f 7893 7911 7910
f 7891 7899 7894
f 7894 7918 7911
f 7877 7895 7921
f 7883 7952 7896
f 7896 7951 7895
f 7884 7953 7883
f 7896 7952 7951
f 7884 7956 7953
f 7883 7953 7952
f 7888 7921 7922
f 7889 7922 7897
f 7892 7897 7898
f 7891 7898 7899
f 7894 7899 7918
f 7895 7981 7921
f 7895 7951 7981
f 7867 7900 7866
f 7866 7900 7881
f 7691 7902 7867
f 7867 7902 7900
f 7900 7901 7882
f 7902 7901 7900
f 7902 7903 7901
f 7900 7882 7881
f 7901 7906 7882
f 7903 7907 7901
f 7691 7904 7902
f 7904 7905 7903
f 7904 7903 7902
f 7905 7909 7903
f 7705 7905 7904
f 7935 7908 7905
f 7901 7907 7906
f 7882 7906 7884
f 7903 7909 7907
f 7906 7956 7884
f 7907 7957 7906
f 7909 7954 7907
f 7907 7954 7957
f 7905 7908 7909
f 7909 7955 7954
f 7908 7955 7909
f 7908 8050 7955
f 7862 7912 7870
f 7870 7914 7871
f 7870 7912 7914
f 7862 7910 7912
f 7910 7911 7913
f 7910 7913 7912
f 7911 7919 7913
f 7912 7915 7914
f 7912 7913 7915
f 7871 7916 7872
f 7871 7914 7916
f 7914 7915 7917
f 7913 7920 7915
f 7914 7917 7916
f 7915 7942 7917
f 7906 7957 7956
f 7911 7918 7919
f 7913 7919 7920
f 7918 7998 7919
f 7915 7920 7942
f 7919 7999 7920
f 7920 7999 8090
f 7921 7982 7922
f 7922 7984 7897
f 7921 7981 7982
f 7922 7982 7984
f 7897 7983 7898
f 7898 7990 7899
f 7897 7984 7983
f 7898 7983 7990
f 7899 7991 7918
f 7899 7990 7991
f 7918 7991 7998
f 7919 7998 7999
f 3826 7923 7924
f 3824 7865 7923
f 7865 7925 7926
f 7865 7926 7923
f 7923 7927 7924
f 7923 7926 7927
f 7925 7929 7926
f 7926 7933 7927
f 7925 7928 7929
f 7926 7929 7933
f 3827 7924 7930
f 7924 7927 7932
f 7924 7932 7930
f 3829 7930 7931
f 7930 7932 8386
f 7930 8386 7931
f 7927 7934 7932
f 7932 8388 8386
f 7927 7933 7934
f 7932 7934 8388
f 7705 7935 7905
f 7707 7936 7935
f 7935 7936 7908
f 7936 8050 7908
f 7937 8051 7936
f 7936 8051 8050
f 7707 7937 7936
f 7937 8053 8051
f 7712 8053 7937
f 7872 7938 7928
f 7872 7916 7938
f 7928 7938 7940
f 7916 7939 7938
f 7938 7939 7941
f 7916 7917 7939
f 7917 7943 7939
f 7928 7940 7929
f 7929 7945 7933
f 7929 7940 7945
f 7938 7941 7940
f 7940 7941 7946
f 7939 7944 7941
f 7917 7942 7943
f 7920 8090 7942
f 7942 8095 7943
f 7942 8090 8095
f 7939 7943 7944
f 7943 8095 8069
f 7943 8069 7944
f 7712 8061 8053
f 7933 7947 7934
f 7933 7945 7947
f 7940 7946 7945
f 7945 7946 7948
f 7941 7949 7946
f 7934 7947 8395
f 7945 7948 7947
f 7947 7948 8396
f 7946 7950 7948
f 7941 7944 7949
f 7946 7949 7950
f 7944 8070 7949
f 7944 8069 8070
f 7949 8071 7950
f 7949 8070 8071
f 7953 7962 7952
f 7952 7961 7951
f 7952 7962 7961
f 7951 7961 7985
f 8050 7970 7955
f 7957 7958 7956
f 7956 7963 7953
f 7953 7963 7962
f 7956 7958 7963
f 7954 7959 7957
f 7957 7959 7958
f 7959 7967 7958
f 7959 7960 7967
f 7962 7964 7961
f 7963 7965 7962
f 7962 7965 7964
f 7958 7966 7963
f 7963 7966 7965
f 7958 7967 7966
f 7961 7964 7988
f 7955 7968 7954
f 7954 7968 7959
f 7955 7970 7968
f 7970 7969 7968
f 7968 7960 7959
f 7968 7969 7960
f 7970 7971 7969
f 7965 7972 7964
f 7966 7973 7965
f 7967 7975 7966
f 7966 7975 7973
f 7965 7973 7972
f 7960 7974 7967
f 7967 7974 7975
f 7960 7976 7974
f 7973 8011 7972
f 7975 8010 7973
f 7974 8012 7975
f 7973 8010 8011
f 7975 8012 8010
f 7974 7978 8012
f 7969 7976 7960
f 7969 7977 7976
f 7971 7977 7969
f 7971 8058 7977
f 7977 7979 7976
f 7976 7978 7974
f 7976 7979 7978
f 8058 7980 7977
f 7977 7980 7979
f 7980 8017 7979
f 7980 8107 8017
f 7951 7985 7981
f 7981 7986 7982
f 7982 7987 7984
f 7984 7994 7983
f 7981 7985 7986
f 7982 7986 7987
f 7984 7987 7994
f 7961 7988 7985
f 7985 7989 7986
f 7985 7988 7989
f 7986 7995 7987
f 7986 7989 7995
f 7988 8004 7989
f 7983 7992 7990
f 7983 7994 7992
f 7990 7993 7991
f 7990 7992 7993
f 7992 8002 7993
f 7987 7995 7996
f 7987 7996 7994
f 7994 7996 7997
f 7994 7997 7992
f 7992 7997 8002
f 7991 8000 7998
f 7991 7993 8000
f 7998 8091 7999
f 7998 8000 8091
f 7993 8002 8001
f 7993 8001 8000
f 8000 8001 8092
f 8000 8092 8091
f 7964 7972 8003
f 7964 8003 7988
f 7972 8011 8030
f 7989 8005 7995
f 7995 8007 7996
f 7988 8003 8004
f 7989 8004 8005
f 7995 8005 8007
f 7996 8006 7997
f 7997 8008 8002
f 7996 8007 8006
f 7997 8006 8008
f 7972 8030 8003
f 8003 8029 8004
f 8004 8031 8005
f 8003 8030 8029
f 8004 8029 8031
f 8005 8032 8007
f 8007 8018 8006
f 8005 8031 8032
f 8007 8032 8018
f 8002 8009 8001
f 8002 8008 8009
f 8001 8098 8092
f 8001 8009 8098
f 8006 8019 8008
f 8006 8018 8019
f 8008 8108 8009
f 8008 8019 8108
f 8010 8015 8011
f 8012 8014 8010
f 8010 8014 8015
f 8011 8033 8030
f 8011 8015 8033
f 7978 8016 8012
f 7979 8013 7978
f 8012 8016 8014
f 7978 8013 8016
f 8016 8021 8014
f 8014 8020 8015
f 8013 8022 8016
f 7979 8017 8013
f 8017 8024 8013
f 8107 8023 8017
f 8014 8021 8020
f 8016 8022 8021
f 8013 8024 8022
f 8021 8027 8020
f 8022 8026 8021
f 8024 8028 8022
f 8017 8023 8024
f 8023 8025 8024
f 8024 8025 8028
f 8023 8113 8025
f 8015 8020 8039
f 8021 8026 8027
f 8022 8028 8026
f 8020 8027 8046
f 8026 8137 8027
f 8025 8138 8028
f 8028 8136 8026
f 8113 8146 8025
f 8030 8034 8029
f 8029 8035 8031
f 8031 8037 8032
f 8030 8033 8034
f 8029 8034 8035
f 8031 8035 8037
f 8015 8039 8033
f 8033 8040 8034
f 8034 8041 8035
f 8032 8036 8018
f 8018 8038 8019
f 8019 8116 8108
f 8032 8037 8036
f 8018 8036 8038
f 8035 8042 8037
f 8037 8043 8036
f 8019 8038 8116
f 8036 8044 8038
f 8033 8039 8040
f 8034 8040 8041
f 8039 8047 8040
f 8020 8046 8039
f 8035 8041 8042
f 8037 8042 8043
f 8040 8048 8041
f 8041 8048 8049
f 8041 8049 8042
f 8042 8049 8045
f 8036 8043 8044
f 8042 8045 8043
f 8043 8120 8044
f 8043 8045 8120
f 8027 8141 8046
f 8039 8046 8047
f 8040 8047 8048
f 8046 8142 8047
f 8047 8143 8048
f 8048 8144 8049
f 8049 8160 8045
f 8051 8052 8050
f 8050 8052 7970
f 8051 8054 8052
f 8054 8057 8052
f 8054 8055 8057
f 8053 8054 8051
f 8053 8056 8054
f 8056 8055 8054
f 8056 8063 8055
f 8063 8060 8055
f 8063 8067 8060
f 8052 7971 7970
f 8052 8057 7971
f 8057 8058 7971
f 8057 8059 8058
f 8055 8059 8057
f 8059 8072 8058
f 8059 8074 8072
f 8058 8072 7980
f 8055 8060 8059
f 8060 8074 8059
f 8060 8075 8074
f 8067 8075 8060
f 8061 8056 8053
f 8061 8062 8056
f 7714 8062 8061
f 8062 8063 8056
f 8062 8064 8063
f 7714 8065 8062
f 7754 8065 7714
f 8065 8064 8062
f 8065 8066 8064
f 8064 8067 8063
f 8064 8068 8067
f 8068 8081 8067
f 8068 8080 8081
f 8066 8068 8064
f 8066 8424 8068
f 8424 8080 8068
f 8424 8431 8080
f 8067 8081 8075
f 8072 8107 7980
f 8074 8073 8072
f 8072 8073 8107
f 8076 8112 8073
f 8075 8076 8074
f 8074 8076 8073
f 8075 8077 8076
f 8077 8078 8076
f 8076 8078 8112
f 8078 8079 8115
f 8077 8084 8078
f 8084 8079 8078
f 8084 8086 8079
f 8431 8083 8080
f 8081 8077 8075
f 8080 8082 8081
f 8081 8082 8077
f 8082 8084 8077
f 8080 8083 8082
f 8083 8085 8082
f 8435 8088 8083
f 8085 8086 8084
f 8082 8085 8084
f 8085 8087 8086
f 8087 8180 8086
f 8083 8088 8085
f 8088 8089 8087
f 8088 8087 8085
f 8089 8145 8087
f 7999 8093 8090
f 7999 8091 8093
f 8090 8093 8096
f 8091 8092 8094
f 8091 8094 8093
f 8090 8096 8095
f 8095 8101 8069
f 8095 8096 8101
f 8093 8094 8097
f 8093 8097 8096
f 8096 8097 8102
f 8092 8099 8094
f 8092 8098 8099
f 8009 8109 8098
f 8009 8108 8109
f 8098 8110 8099
f 8098 8109 8110
f 8094 8100 8097
f 8094 8099 8100
f 8097 8100 8105
f 8099 8110 8126
f 8099 8126 8100
f 8069 8103 8070
f 8069 8101 8103
f 8096 8102 8101
f 8101 8104 8103
f 8101 8102 8104
f 8070 8103 8447
f 8070 8447 8071
f 8103 8104 8448
f 8103 8448 8447
f 8097 8105 8102
f 8102 8105 8106
f 8100 8127 8105
f 8100 8126 8127
f 8102 8106 8104
f 8104 8451 8448
f 8104 8106 8451
f 8105 8128 8106
f 8105 8127 8128
f 8106 8128 8459
f 8073 8111 8107
f 8108 8117 8109
f 8109 8118 8110
f 8110 8131 8126
f 8110 8118 8131
f 8107 8111 8023
f 8111 8113 8023
f 8111 8114 8113
f 8073 8112 8111
f 8112 8114 8111
f 8112 8115 8114
f 8114 8147 8113
f 8115 8148 8114
f 8078 8115 8112
f 8079 8151 8115
f 8086 8152 8079
f 8108 8116 8117
f 8038 8119 8116
f 8116 8122 8117
f 8109 8117 8118
f 8117 8123 8118
f 8038 8044 8119
f 8044 8121 8119
f 8044 8120 8121
f 8116 8119 8122
f 8119 8124 8122
f 8119 8121 8124
f 8120 8162 8121
f 8045 8161 8120
f 8117 8122 8123
f 8122 8124 8125
f 8118 8123 8132
f 8122 8125 8123
f 8121 8166 8124
f 8124 8191 8125
f 8126 8129 8127
f 8126 8131 8129
f 8127 8130 8128
f 8127 8129 8130
f 8129 8463 8130
f 8118 8132 8131
f 8131 8134 8129
f 8123 8133 8132
f 8123 8125 8133
f 8131 8132 8134
f 8132 8133 8135
f 8132 8135 8134
f 8125 8190 8133
f 8129 8134 8463
f 8134 8135 8465
f 8134 8465 8463
f 8133 8193 8135
f 8135 8630 8465
f 8026 8136 8137
f 8028 8138 8136
f 8025 8146 8138
f 8136 8140 8137
f 8138 8139 8136
f 8136 8139 8140
f 8138 8159 8139
f 8027 8137 8141
f 8137 8140 8235
f 8046 8141 8142
f 8047 8142 8143
f 8048 8143 8144
f 8049 8144 8160
f 8141 8236 8142
f 8137 8235 8141
f 8142 8237 8143
f 8141 8235 8236
f 8142 8236 8237
f 8143 8163 8144
f 8143 8237 8163
f 8140 8169 8239
f 8140 8239 8235
f 8087 8145 8180
f 8089 8612 8145
f 8612 8183 8145
f 8612 8614 8183
f 8114 8148 8147
f 8113 8147 8146
f 8146 8159 8138
f 8146 8149 8159
f 8147 8149 8146
f 8147 8150 8149
f 8148 8150 8147
f 8148 8153 8150
f 8115 8151 8148
f 8079 8152 8151
f 8152 8154 8151
f 8152 8181 8154
f 8151 8153 8148
f 8151 8154 8153
f 8150 8172 8149
f 8153 8173 8150
f 8154 8155 8153
f 8153 8155 8173
f 8181 8156 8154
f 8154 8156 8155
f 8156 8157 8155
f 8156 8158 8157
f 8185 8158 8156
f 8045 8160 8161
f 8120 8161 8162
f 8144 8164 8160
f 8144 8163 8164
f 8160 8165 8161
f 8160 8164 8165
f 8161 8167 8162
f 8161 8165 8167
f 8124 8166 8191
f 8121 8162 8166
f 8162 8168 8166
f 8162 8167 8168
f 8166 8192 8191
f 8166 8168 8192
f 8139 8169 8140
f 8159 8170 8139
f 8149 8171 8159
f 8139 8170 8169
f 8159 8171 8170
f 8149 8172 8171
f 8150 8173 8172
f 8170 8176 8169
f 8171 8175 8170
f 8171 8174 8175
f 8172 8174 8171
f 8170 8175 8176
f 8175 8202 8176
f 8174 8203 8175
f 8173 8177 8172
f 8172 8177 8174
f 8173 8178 8177
f 8178 8201 8177
f 8177 8200 8174
f 8164 8244 8165
f 8169 8176 8240
f 8169 8240 8239
f 8155 8178 8173
f 8155 8157 8178
f 8157 8204 8178
f 8158 8205 8157
f 8165 8249 8167
f 8167 8179 8168
f 8167 8249 8179
f 8086 8180 8152
f 8180 8181 8152
f 8180 8182 8181
f 8145 8182 8180
f 8145 8183 8182
f 8182 8185 8181
f 8182 8184 8185
f 8181 8185 8156
f 8185 8186 8158
f 8186 8220 8158
f 8184 8186 8185
f 8184 8189 8186
f 8189 8217 8186
f 8183 8184 8182
f 8183 8187 8184
f 8614 8187 8183
f 8187 8189 8184
f 8187 8188 8189
f 8627 8188 8187
f 8188 8218 8189
f 8125 8191 8190
f 8133 8190 8193
f 8191 8194 8190
f 8191 8192 8194
f 8135 8193 8630
f 8190 8194 8195
f 8190 8195 8193
f 8168 8196 8192
f 8168 8179 8196
f 8192 8197 8194
f 8192 8196 8197
f 8179 8253 8196
f 8196 8253 8199
f 8194 8197 8198
f 8194 8198 8195
f 8196 8199 8197
f 8197 8199 8635
f 8197 8635 8198
f 8199 8758 8635
f 8175 8203 8202
f 8174 8200 8203
f 8177 8201 8200
f 8176 8202 8254
f 8203 8206 8202
f 8200 8207 8203
f 8201 8209 8200
f 8203 8207 8206
f 8200 8209 8207
f 8202 8206 8261
f 8157 8205 8204
f 8178 8204 8201
f 8158 8220 8205
f 8204 8210 8201
f 8205 8211 8204
f 8204 8211 8210
f 8220 8208 8205
f 8205 8208 8211
f 8201 8210 8209
f 8207 8212 8206
f 8210 8214 8209
f 8211 8215 8210
f 8209 8213 8207
f 8209 8214 8213
f 8207 8213 8212
f 8210 8215 8214
f 8208 8216 8211
f 8211 8216 8215
f 8208 8223 8216
f 8215 8285 8214
f 8216 8286 8215
f 8186 8217 8220
f 8189 8218 8217
f 8218 8222 8217
f 8188 8219 8218
f 8218 8225 8222
f 8219 8225 8218
f 8219 8649 8225
f 8217 8221 8220
f 8220 8221 8208
f 8217 8222 8221
f 8221 8223 8208
f 8222 8224 8221
f 8222 8226 8224
f 8221 8224 8223
f 8224 8229 8223
f 8223 8228 8216
f 8226 8230 8224
f 8225 8226 8222
f 8225 8227 8226
f 8649 8227 8225
f 8227 8232 8226
f 8216 8228 8286
f 8223 8229 8228
f 8224 8230 8229
f 8230 8313 8229
f 8230 8233 8313
f 8227 8231 8232
f 8226 8232 8230
f 8232 8233 8230
f 8232 8234 8233
f 8231 8234 8232
f 8231 8705 8234
f 8234 8323 8233
f 8705 8326 8234
f 8235 8238 8236
f 8236 8241 8237
f 8235 8239 8238
f 8236 8238 8241
f 8239 8247 8238
f 8239 8240 8247
f 8237 8242 8163
f 8163 8243 8164
f 8237 8241 8242
f 8163 8242 8243
f 8164 8243 8244
f 8238 8245 8241
f 8238 8247 8245
f 8241 8246 8242
f 8241 8245 8246
f 8242 8248 8243
f 8242 8246 8248
f 8176 8254 8240
f 8240 8255 8247
f 8247 8256 8245
f 8245 8257 8246
f 8243 8250 8244
f 8243 8248 8250
f 8246 8258 8248
f 8165 8244 8249
f 8244 8250 8251
f 8244 8251 8249
f 8248 8259 8250
f 8250 8260 8251
f 8249 8251 8252
f 8249 8252 8179
f 8251 8273 8252
f 8179 8252 8253
f 8252 8274 8253
f 8253 8275 8199
f 8240 8254 8255
f 8247 8255 8256
f 8245 8256 8257
f 8246 8257 8258
f 8248 8258 8259
f 8202 8261 8254
f 8257 8267 8258
f 8254 8262 8255
f 8254 8261 8262
f 8255 8263 8256
f 8256 8264 8257
f 8255 8262 8263
f 8256 8263 8264
f 8257 8264 8267
f 8250 8259 8260
f 8251 8260 8273
f 8258 8268 8259
f 8259 8277 8260
f 8258 8267 8268
f 8259 8268 8277
f 8206 8212 8265
f 8206 8265 8261
f 8263 8269 8264
f 8261 8266 8262
f 8262 8270 8263
f 8261 8265 8266
f 8262 8266 8270
f 8263 8270 8269
f 8265 8293 8266
f 8213 8283 8212
f 8214 8284 8213
f 8264 8271 8267
f 8264 8269 8271
f 8267 8272 8268
f 8268 8278 8277
f 8268 8272 8278
f 8267 8271 8272
f 8212 8292 8265
f 8266 8294 8270
f 8270 8295 8269
f 8269 8296 8271
f 8271 8307 8272
f 8252 8273 8274
f 8260 8276 8273
f 8260 8277 8276
f 8273 8280 8274
f 8273 8276 8280
f 8253 8274 8275
f 8199 8275 8758
f 8274 8281 8275
f 8274 8280 8281
f 8275 8281 8761
f 8277 8279 8276
f 8277 8278 8279
f 8276 8279 8282
f 8272 8308 8278
f 8278 8309 8279
f 8280 8762 8281
f 8276 8282 8280
f 8280 8282 8762
f 8279 8310 8282
f 8282 8783 8762
f 8213 8284 8283
f 8214 8285 8284
f 8212 8283 8292
f 8215 8286 8285
f 8284 8288 8283
f 8285 8287 8284
f 8286 8289 8285
f 8228 8312 8286
f 8286 8312 8289
f 8284 8287 8288
f 8285 8289 8287
f 8269 8295 8296
f 8271 8296 8307
f 8283 8297 8292
f 8283 8288 8297
f 8289 8290 8287
f 8287 8291 8288
f 8312 8318 8289
f 8289 8318 8290
f 8287 8290 8291
f 8288 8291 8301
f 8290 8320 8291
f 8291 8320 8304
f 8265 8292 8293
f 8266 8293 8294
f 8270 8294 8295
f 8292 8298 8293
f 8293 8299 8294
f 8292 8297 8298
f 8293 8298 8299
f 8294 8300 8295
f 8295 8328 8296
f 8294 8299 8300
f 8295 8300 8328
f 8288 8301 8297
f 8297 8302 8298
f 8298 8303 8299
f 8297 8301 8302
f 8298 8302 8303
f 8299 8331 8300
f 8299 8303 8331
f 8291 8304 8301
f 8301 8305 8302
f 8302 8306 8303
f 8301 8304 8305
f 8302 8305 8306
f 8303 8306 8336
f 8229 8311 8228
f 8228 8311 8312
f 8229 8313 8311
f 8272 8307 8308
f 8278 8308 8309
f 8308 8337 8309
f 8279 8309 8310
f 8282 8310 8783
f 8309 8338 8310
f 8310 8338 8786
f 8311 8314 8312
f 8312 8314 8318
f 8311 8315 8314
f 8313 8315 8311
f 8233 8316 8313
f 8313 8316 8315
f 8315 8322 8314
f 8315 8317 8322
f 8316 8317 8315
f 8316 8324 8317
f 8318 8321 8290
f 8314 8319 8318
f 8318 8319 8321
f 8290 8321 8320
f 8314 8322 8319
f 8233 8323 8316
f 8234 8326 8323
f 8323 8324 8316
f 8323 8325 8324
f 8326 8325 8323
f 8326 8327 8325
f 8296 8329 8307
f 8296 8328 8329
f 8307 8329 8330
f 8307 8330 8308
f 8308 8330 8337
f 8309 8337 8338
f 8300 8332 8328
f 8300 8331 8332
f 8328 8334 8329
f 8328 8332 8334
f 8329 8339 8330
f 8329 8334 8339
f 8303 8336 8331
f 8331 8336 8333
f 8331 8333 8332
f 8332 8333 8335
f 8332 8335 8334
f 8334 8335 8340
f 8334 8340 8339
f 8330 8341 8337
f 8330 8339 8341
f 8337 8341 8789
f 8337 8789 8338
f 8339 8340 8342
f 8339 8342 8341
f 8341 8342 8790
f 8341 8790 8789
f 8320 8343 8304
f 8304 8360 8305
f 8305 8361 8306
f 8304 8343 8360
f 8305 8360 8361
f 8324 8348 8317
f 8321 8346 8320
f 8319 8345 8321
f 8321 8345 8346
f 8322 8344 8319
f 8319 8344 8345
f 8322 8347 8344
f 8317 8347 8322
f 8317 8348 8347
f 8345 8350 8346
f 8344 8349 8345
f 8345 8349 8350
f 8344 8351 8349
f 8348 8352 8347
f 8347 8351 8344
f 8347 8352 8351
f 8348 8356 8352
f 8325 8354 8324
f 8324 8354 8348
f 8325 8353 8354
f 8327 8353 8325
f 8327 8805 8353
f 8805 8357 8353
f 8354 8356 8348
f 8353 8355 8354
f 8354 8355 8356
f 8353 8357 8355
f 8352 8376 8351
f 8356 8378 8352
f 8355 8358 8356
f 8356 8358 8378
f 8355 8359 8358
f 8357 8359 8355
f 8357 8810 8359
f 8810 9055 8359
f 8320 8346 8343
f 8346 8350 8365
f 8346 8365 8343
f 8306 8362 8336
f 8306 8361 8362
f 8336 8363 8333
f 8336 8362 8363
f 8333 8364 8335
f 8333 8363 8364
f 8335 8364 8371
f 8343 8366 8360
f 8360 8367 8361
f 8361 8368 8362
f 8343 8365 8366
f 8360 8366 8367
f 8361 8367 8368
f 8362 8369 8363
f 8363 8372 8364
f 8362 8368 8369
f 8363 8369 8372
f 8335 8371 8340
f 8340 8371 8370
f 8340 8370 8342
f 8342 8370 8814
f 8364 8373 8371
f 8364 8372 8373
f 8371 8816 8370
f 8371 8373 8816
f 8349 8375 8350
f 8351 8374 8349
f 8349 8374 8375
f 8351 8376 8374
f 8352 8378 8376
f 8350 8375 8382
f 8374 9050 8375
f 8376 9051 8374
f 8378 9053 8376
f 8350 8382 8365
f 8365 8383 8366
f 8366 8384 8367
f 8365 8382 8383
f 8366 8383 8384
f 8367 8377 8368
f 8368 8379 8369
f 8367 8384 8377
f 8368 8377 8379
f 8375 9074 8382
f 8358 9052 8378
f 8359 9054 8358
f 8369 8380 8372
f 8372 8381 8373
f 8369 8379 8380
f 8372 8380 8381
f 8373 8821 8816
f 8373 8381 8821
f 8379 9081 8380
f 8380 9082 8381
f 8382 9075 8383
f 8383 9076 8384
f 8384 9079 8377
f 8377 9080 8379
f 3830 7931 8385
f 7931 8386 8387
f 7931 8387 8385
f 3837 8385 8390
f 8385 8387 8392
f 8386 8389 8387
f 8386 8388 8389
f 8387 8389 8394
f 3840 8390 8391
f 8385 8392 8390
f 8390 8392 8393
f 8390 8393 8391
f 8387 8394 8392
f 8392 8405 8393
f 8392 8394 8405
f 7934 8395 8388
f 8388 8395 8397
f 7947 8396 8395
f 8395 8396 8398
f 7948 8399 8396
f 8388 8397 8389
f 8395 8398 8397
f 8396 8400 8398
f 7948 7950 8399
f 7950 8071 8426
f 7950 8426 8399
f 8396 8399 8400
f 8399 8426 8429
f 8399 8429 8400
f 8389 8401 8394
f 8389 8397 8401
f 8397 8398 8402
f 8397 8402 8401
f 8398 8403 8402
f 8394 8401 8413
f 8394 8413 8405
f 8401 8402 8414
f 8401 8414 8413
f 8402 8417 8414
f 8398 8400 8403
f 8400 8429 8430
f 8400 8430 8403
f 8402 8403 8417
f 8403 8486 8417
f 8403 8430 8486
f 3841 8391 8404
f 8391 8393 8406
f 8391 8406 8404
f 3844 8404 8408
f 8404 8406 8410
f 8393 8407 8406
f 8393 8405 8407
f 8406 8407 8411
f 3849 8408 8409
f 8404 8410 8408
f 8408 8410 8412
f 8408 8412 8409
f 8406 8411 8410
f 8410 8513 8412
f 8410 8411 8513
f 8405 8415 8407
f 8405 8413 8415
f 8413 8414 8416
f 8407 8415 8419
f 8413 8416 8415
f 8414 8418 8416
f 8415 8416 8420
f 8414 8417 8418
f 8417 8486 8489
f 8417 8489 8418
f 8407 8419 8411
f 8415 8420 8419
f 8416 8421 8420
f 8411 8419 8519
f 8411 8519 8513
f 8419 8420 8520
f 8419 8520 8519
f 8420 8523 8520
f 8416 8418 8421
f 8418 8493 8421
f 8420 8421 8523
f 8418 8489 8493
f 8421 8493 8555
f 8421 8555 8523
f 7754 8422 8065
f 8422 8066 8065
f 8422 8423 8066
f 7756 8423 8422
f 7756 7757 8423
f 8423 8424 8066
f 8423 8425 8424
f 8425 8431 8424
f 8425 8432 8431
f 7757 8425 8423
f 7757 8427 8425
f 8427 8432 8425
f 8427 8439 8432
f 8071 8449 8426
f 8428 8439 8427
f 8428 8441 8439
f 7767 8441 8428
f 8432 8435 8431
f 8439 8433 8432
f 8432 8433 8435
f 8440 8434 8433
f 8443 8438 8434
f 8431 8435 8083
f 8433 8436 8435
f 8435 8436 8088
f 8436 8089 8088
f 8436 8437 8089
f 8434 8437 8436
f 8437 8612 8089
f 8433 8434 8436
f 8434 8438 8437
f 8438 8613 8437
f 8441 8440 8439
f 8439 8440 8433
f 8442 8443 8440
f 8475 8442 8441
f 8441 8442 8440
f 8476 8445 8442
f 8440 8443 8434
f 8443 8444 8438
f 8445 8444 8443
f 8442 8445 8443
f 8445 8446 8444
f 8446 8618 8444
f 8444 8615 8438
f 8071 8447 8449
f 8447 8448 8450
f 8447 8450 8449
f 8426 8453 8429
f 8426 8449 8453
f 8449 8450 8454
f 8449 8454 8453
f 8448 8452 8450
f 8448 8451 8452
f 8106 8459 8451
f 8451 8459 8461
f 8450 8452 8457
f 8451 8461 8452
f 8452 8461 8468
f 8429 8455 8430
f 8429 8453 8455
f 8453 8454 8456
f 8430 8455 8487
f 8453 8456 8455
f 8455 8456 8488
f 8450 8457 8454
f 8454 8457 8458
f 8452 8468 8457
f 8454 8458 8456
f 8456 8458 8492
f 8457 8470 8458
f 8457 8468 8470
f 8128 8460 8459
f 8128 8130 8460
f 8130 8464 8460
f 8459 8462 8461
f 8459 8460 8462
f 8460 8466 8462
f 8460 8464 8466
f 8130 8463 8464
f 8463 8465 8467
f 8463 8467 8464
f 8465 8632 8467
f 8464 8467 8473
f 8464 8473 8466
f 8467 8639 8473
f 8461 8469 8468
f 8461 8462 8469
f 8462 8472 8469
f 8468 8471 8470
f 8468 8469 8471
f 8469 8500 8471
f 8462 8466 8472
f 8469 8472 8500
f 8466 8473 8474
f 8466 8474 8472
f 8473 8641 8474
f 8472 8474 8501
f 8472 8501 8500
f 8474 8684 8501
f 7767 8475 8441
f 8475 8476 8442
f 8477 8476 8475
f 8477 8478 8476
f 8478 8479 8476
f 8476 8479 8445
f 8479 8446 8445
f 8479 8480 8446
f 8480 8620 8446
f 8478 8481 8479
f 8481 8480 8479
f 8481 8483 8480
f 8483 8660 8480
f 7774 8478 8477
f 8482 8481 8478
f 7774 8482 8478
f 7816 8546 8482
f 8546 8484 8482
f 8484 8483 8481
f 8482 8484 8481
f 8484 8485 8483
f 8485 8667 8483
f 8548 8485 8484
f 8549 8668 8485
f 8430 8487 8486
f 8455 8488 8487
f 8486 8490 8489
f 8486 8487 8490
f 8487 8488 8491
f 8487 8491 8490
f 8456 8492 8488
f 8458 8498 8492
f 8458 8470 8498
f 8488 8492 8496
f 8488 8496 8491
f 8492 8498 8504
f 8492 8504 8496
f 8489 8490 8494
f 8489 8494 8493
f 8490 8491 8495
f 8490 8495 8494
f 8493 8556 8555
f 8493 8494 8556
f 8494 8495 8557
f 8491 8496 8497
f 8491 8497 8495
f 8496 8505 8497
f 8496 8504 8505
f 8495 8497 8561
f 8497 8505 8567
f 8470 8499 8498
f 8470 8471 8499
f 8471 8502 8499
f 8498 8506 8504
f 8498 8499 8506
f 8471 8500 8502
f 8499 8508 8506
f 8500 8501 8503
f 8500 8503 8502
f 8501 8686 8503
f 8499 8502 8508
f 8502 8503 8509
f 8504 8506 8507
f 8504 8507 8505
f 8506 8510 8507
f 8505 8507 8568
f 8502 8509 8508
f 8506 8508 8510
f 8508 8509 8511
f 8503 8692 8509
f 8508 8511 8510
f 8507 8510 8570
f 8509 8694 8511
f 3850 8409 8512
f 8409 8412 8514
f 8409 8514 8512
f 3866 8512 8516
f 8512 8514 8517
f 8412 8515 8514
f 8412 8513 8515
f 8514 8515 8518
f 8512 8517 8516
f 3869 8516 8528
f 8516 8517 8529
f 8516 8529 8528
f 8514 8518 8517
f 8517 8531 8529
f 8517 8518 8531
f 8513 8519 8521
f 8519 8520 8522
f 8513 8521 8515
f 8519 8522 8521
f 8515 8525 8518
f 8515 8521 8525
f 8520 8524 8522
f 8520 8523 8524
f 8523 8555 8558
f 8523 8558 8524
f 8521 8522 8526
f 8521 8526 8525
f 8522 8527 8526
f 8518 8525 8537
f 8518 8537 8531
f 8525 8526 8538
f 8525 8538 8537
f 8526 8541 8538
f 8522 8524 8527
f 8524 8558 8563
f 8524 8563 8527
f 8526 8527 8541
f 8527 8588 8541
f 8527 8563 8588
f 3883 8528 8530
f 8528 8529 8532
f 8528 8532 8530
f 8529 8531 8533
f 8529 8533 8532
f 3884 8530 8534
f 8530 8532 8535
f 8530 8535 8534
f 3887 8534 12074
f 8534 8535 12075
f 8532 8536 8535
f 8532 8533 8536
f 8535 8536 12076
f 8531 8537 8539
f 8537 8538 8540
f 8531 8539 8533
f 8537 8540 8539
f 8538 8542 8540
f 8538 8541 8542
f 8541 8588 8591
f 8541 8591 8542
f 8533 8539 8543
f 8533 8543 8536
f 8539 8540 8544
f 8539 8544 8543
f 8540 8545 8544
f 8540 8542 8545
f 8536 8543 12083
f 8543 8544 12084
f 8542 8591 8596
f 8542 8596 8545
f 8544 8545 12085
f 8545 8596 12108
f 8547 8548 8546
f 8546 8548 8484
f 8548 8549 8485
f 8550 8549 8548
f 8551 8864 8549
f 8547 8550 8548
f 8550 8551 8549
f 8552 8550 8547
f 8579 8553 8552
f 8553 8551 8550
f 8552 8553 8550
f 8553 8554 8551
f 8554 8866 8551
f 8579 8581 8553
f 8581 8554 8553
f 8581 8582 8554
f 8582 8871 8554
f 8555 8556 8559
f 8494 8557 8556
f 8556 8557 8560
f 8555 8559 8558
f 8556 8560 8559
f 8495 8561 8557
f 8557 8561 8562
f 8497 8567 8561
f 8557 8562 8560
f 8561 8569 8562
f 8561 8567 8569
f 8558 8559 8564
f 8558 8564 8563
f 8559 8560 8565
f 8559 8565 8564
f 8563 8564 8589
f 8564 8565 8590
f 8560 8562 8566
f 8560 8566 8565
f 8562 8569 8573
f 8562 8573 8566
f 8565 8566 8594
f 8566 8573 8600
f 8505 8568 8567
f 8507 8570 8568
f 8567 8572 8569
f 8567 8568 8572
f 8568 8575 8572
f 8510 8511 8571
f 8510 8571 8570
f 8511 8885 8571
f 8568 8570 8575
f 8570 8571 8576
f 8570 8576 8575
f 8571 8888 8576
f 8569 8574 8573
f 8569 8572 8574
f 8572 8577 8574
f 8573 8574 8601
f 8572 8575 8577
f 8575 8576 8578
f 8575 8578 8577
f 8574 8577 8604
f 8577 8578 8605
f 8576 8890 8578
f 8580 8581 8579
f 8583 8582 8581
f 8584 8891 8582
f 8580 8583 8581
f 8583 8584 8582
f 8585 8583 8580
f 7833 8585 8580
f 12096 8585 7833
f 12096 12097 8585
f 12097 8586 8585
f 8586 8584 8583
f 8585 8586 8583
f 8586 8587 8584
f 8587 8893 8584
f 12100 8587 8586
f 12097 12100 8586
f 12100 12101 8587
f 12101 8899 8587
f 8563 8589 8588
f 8588 8589 8592
f 8564 8590 8589
f 8589 8590 8593
f 8588 8592 8591
f 8589 8593 8592
f 8565 8594 8590
f 8566 8600 8594
f 8590 8595 8593
f 8590 8594 8595
f 8594 8602 8595
f 8594 8600 8602
f 8591 8592 8597
f 8591 8597 8596
f 8592 8593 8598
f 8592 8598 8597
f 8596 8597 12109
f 8597 8598 12110
f 8593 8595 8599
f 8593 8599 8598
f 8595 8602 8606
f 8595 8606 8599
f 8598 8599 12154
f 8573 8601 8600
f 8574 8604 8601
f 8600 8603 8602
f 8600 8601 8603
f 8601 8607 8603
f 8577 8605 8604
f 8578 8980 8605
f 8601 8604 8607
f 8604 8605 8608
f 8604 8608 8607
f 8602 8609 8606
f 8602 8603 8609
f 8599 8606 12163
f 8605 8984 8608
f 8603 8610 8609
f 8606 8609 12164
f 8603 8607 8610
f 8607 8608 8611
f 8607 8611 8610
f 8608 8986 8611
f 8609 8610 12167
f 8610 8611 12168
f 8437 8613 8612
f 8613 8614 8612
f 8613 8616 8614
f 8438 8615 8613
f 8615 8616 8613
f 8615 8619 8616
f 8616 8627 8614
f 8616 8617 8627
f 8619 8617 8616
f 8619 8622 8617
f 8622 8629 8617
f 8622 8623 8629
f 8444 8618 8615
f 8618 8619 8615
f 8618 8621 8619
f 8446 8620 8618
f 8620 8621 8618
f 8620 8661 8621
f 8621 8622 8619
f 8621 8624 8622
f 8624 8625 8623
f 8624 8623 8622
f 8625 8655 8623
f 8661 8624 8621
f 8661 8663 8624
f 8663 8625 8624
f 8663 8664 8625
f 8664 8626 8625
f 8625 8626 8655
f 8675 8658 8626
f 8614 8627 8187
f 8627 8628 8188
f 8628 8219 8188
f 8617 8628 8627
f 8629 8647 8628
f 8617 8629 8628
f 8623 8648 8629
f 8465 8630 8632
f 8193 8631 8630
f 8193 8195 8631
f 8630 8631 8633
f 8467 8632 8639
f 8630 8633 8632
f 8632 8633 8640
f 8195 8634 8631
f 8195 8198 8634
f 8198 8635 8636
f 8198 8636 8634
f 8635 8759 8636
f 8631 8637 8633
f 8631 8634 8637
f 8633 8637 8643
f 8634 8636 8638
f 8634 8638 8637
f 8636 8760 8638
f 8473 8639 8641
f 8632 8640 8639
f 8639 8642 8641
f 8639 8640 8642
f 8474 8641 8684
f 8641 8642 8685
f 8633 8643 8640
f 8640 8643 8645
f 8637 8638 8644
f 8637 8644 8643
f 8638 8766 8644
f 8643 8644 8646
f 8640 8645 8642
f 8642 8645 8688
f 8643 8646 8645
f 8644 8767 8646
f 8645 8646 8689
f 8628 8647 8219
f 8647 8649 8219
f 8647 8650 8649
f 8629 8648 8647
f 8648 8650 8647
f 8655 8651 8648
f 8648 8651 8650
f 8650 8654 8649
f 8650 8652 8654
f 8651 8652 8650
f 8651 8653 8652
f 8653 8704 8652
f 8649 8654 8227
f 8654 8231 8227
f 8652 8703 8654
f 8623 8655 8648
f 8655 8656 8651
f 8626 8656 8655
f 8626 8658 8656
f 8656 8653 8651
f 8656 8657 8653
f 8657 8714 8653
f 8658 8657 8656
f 8658 8659 8657
f 8700 8659 8658
f 8659 8715 8657
f 8638 8760 8766
f 8644 8766 8767
f 8480 8660 8620
f 8483 8667 8660
f 8667 8662 8660
f 8667 8670 8662
f 8660 8661 8620
f 8660 8662 8661
f 8662 8663 8661
f 8662 8665 8663
f 8665 8664 8663
f 8665 8666 8664
f 8666 8675 8664
f 8670 8665 8662
f 8671 8666 8665
f 8672 8676 8666
f 8485 8668 8667
f 8668 8670 8667
f 8668 8669 8670
f 8864 8669 8668
f 8865 8673 8669
f 8670 8671 8665
f 8669 8671 8670
f 8671 8672 8666
f 8673 8672 8671
f 8674 8678 8672
f 8669 8673 8671
f 8673 8674 8672
f 8869 8674 8673
f 8664 8675 8626
f 8676 8700 8675
f 8666 8676 8675
f 8676 8677 8700
f 8678 8677 8676
f 8672 8678 8676
f 8678 8680 8677
f 8674 8679 8678
f 8679 8680 8678
f 8679 8682 8680
f 8680 8702 8677
f 8680 8681 8702
f 8682 8681 8680
f 8682 8683 8681
f 8501 8684 8686
f 8641 8685 8684
f 8684 8685 8687
f 8503 8686 8692
f 8684 8687 8686
f 8686 8687 8693
f 8642 8688 8685
f 8685 8688 8690
f 8645 8689 8688
f 8646 8773 8689
f 8685 8690 8687
f 8688 8689 8691
f 8688 8691 8690
f 8689 8774 8691
f 8509 8692 8694
f 8686 8693 8692
f 8692 8693 8695
f 8692 8695 8694
f 8687 8696 8693
f 8687 8690 8696
f 8690 8691 8697
f 8690 8697 8696
f 8691 8778 8697
f 8693 8696 8698
f 8693 8698 8695
f 8696 8697 8699
f 8696 8699 8698
f 8675 8700 8658
f 8700 8701 8659
f 8677 8701 8700
f 8701 8716 8659
f 8677 8702 8701
f 8702 8731 8701
f 8646 8767 8773
f 8689 8773 8774
f 8681 8732 8702
f 8683 8739 8681
f 8691 8774 8778
f 8653 8714 8704
f 8654 8703 8231
f 8703 8705 8231
f 8704 8706 8703
f 8703 8706 8705
f 8652 8704 8703
f 8704 8709 8706
f 8714 8709 8704
f 8705 8707 8326
f 8706 8707 8705
f 8706 8710 8707
f 8710 8708 8707
f 8710 8711 8708
f 8717 8712 8709
f 8709 8710 8706
f 8709 8712 8710
f 8712 8711 8710
f 8712 8713 8711
f 8657 8715 8714
f 8715 8717 8714
f 8659 8716 8715
f 8716 8720 8715
f 8716 8733 8720
f 8714 8717 8709
f 8715 8720 8717
f 8717 8718 8712
f 8720 8718 8717
f 8721 8719 8718
f 8718 8713 8712
f 8718 8719 8713
f 8720 8721 8718
f 8733 8721 8720
f 8733 8736 8721
f 8721 8722 8719
f 8736 8722 8721
f 8711 8806 8708
f 8711 8723 8806
f 8713 8723 8711
f 8713 8724 8723
f 8724 8809 8723
f 8724 8726 8809
f 8722 8725 8719
f 8719 8724 8713
f 8719 8725 8724
f 8725 8726 8724
f 8725 8727 8726
f 8722 8728 8725
f 8737 8728 8722
f 8746 8729 8728
f 8728 8727 8725
f 8728 8729 8727
f 8729 8826 8727
f 8729 8730 8826
f 8701 8731 8716
f 8731 8733 8716
f 8731 8734 8733
f 8702 8732 8731
f 8732 8734 8731
f 8732 8740 8734
f 8734 8736 8733
f 8734 8735 8736
f 8740 8735 8734
f 8740 8741 8735
f 8741 8738 8735
f 8741 8742 8738
f 8736 8737 8722
f 8735 8737 8736
f 8735 8738 8737
f 8681 8739 8732
f 8739 8740 8732
f 8739 8743 8740
f 8683 8914 8739
f 8914 8743 8739
f 8914 8916 8743
f 8743 8741 8740
f 8743 8744 8741
f 8744 8742 8741
f 8744 8745 8742
f 8916 8744 8743
f 8916 8917 8744
f 8917 8745 8744
f 8917 8918 8745
f 8737 8746 8728
f 8738 8746 8737
f 8746 8747 8729
f 8748 8747 8746
f 8738 8748 8746
f 8742 8748 8738
f 8742 8753 8748
f 8748 8749 8747
f 8753 8749 8748
f 8747 8730 8729
f 8747 8750 8730
f 8749 8750 8747
f 8750 9252 8730
f 8754 8751 8749
f 8749 8751 8750
f 8751 9111 8750
f 8756 9112 8751
f 8745 8753 8742
f 8745 8752 8753
f 8918 8752 8745
f 8918 8928 8752
f 8928 8755 8752
f 8753 8754 8749
f 8752 8754 8753
f 8752 8755 8754
f 8754 8756 8751
f 8755 8756 8754
f 8757 9114 8756
f 8755 8757 8756
f 8929 8757 8755
f 8932 9116 8757
f 8635 8758 8759
f 8275 8761 8758
f 8758 8764 8759
f 8758 8761 8764
f 8636 8759 8760
f 8759 8768 8760
f 8759 8764 8768
f 8281 8763 8761
f 8761 8763 8765
f 8281 8762 8763
f 8762 8784 8763
f 8761 8765 8764
f 8764 8765 8769
f 8764 8769 8768
f 8763 8785 8765
f 8760 8768 8770
f 8760 8770 8766
f 8766 8770 8771
f 8766 8771 8767
f 8768 8769 8772
f 8768 8772 8770
f 8765 8795 8769
f 8769 8796 8772
f 8770 8772 8776
f 8770 8776 8771
f 8772 8834 8776
f 8697 8968 8699
f 8767 8771 8775
f 8767 8775 8773
f 8773 8775 8779
f 8773 8779 8774
f 8771 8776 8777
f 8771 8777 8775
f 8776 8835 8777
f 8775 8777 8780
f 8775 8780 8779
f 8777 8842 8780
f 8774 8779 8781
f 8774 8781 8778
f 8697 8778 8968
f 8778 8781 8970
f 8778 8970 8968
f 8779 8780 8782
f 8779 8782 8781
f 8780 8843 8782
f 8781 8782 8971
f 8781 8971 8970
f 8782 9001 8971
f 8762 8783 8784
f 8310 8786 8783
f 8783 8787 8784
f 8783 8786 8787
f 8763 8784 8785
f 8765 8785 8795
f 8784 8787 8788
f 8784 8788 8785
f 8707 8327 8326
f 8707 8708 8327
f 8787 8799 8788
f 8338 8789 8791
f 8338 8791 8786
f 8786 8791 8793
f 8789 8790 8792
f 8789 8792 8791
f 8791 8792 8794
f 8786 8793 8787
f 8787 8793 8799
f 8791 8794 8793
f 8793 8794 8800
f 8793 8800 8799
f 8769 8795 8796
f 8785 8797 8795
f 8785 8788 8797
f 8795 8797 8798
f 8772 8796 8834
f 8795 8798 8796
f 8796 8798 8836
f 8788 8801 8797
f 8797 8801 8803
f 8797 8803 8798
f 8798 8803 8838
f 8788 8799 8801
f 8799 8800 8802
f 8799 8802 8801
f 8801 8802 8804
f 8801 8804 8803
f 8708 8805 8327
f 8708 8806 8805
f 8806 8807 8805
f 8805 8807 8357
f 8723 8808 8806
f 8806 8808 8807
f 8723 8809 8808
f 8808 8811 8807
f 8808 8813 8811
f 8807 8810 8357
f 8807 8811 8810
f 8811 9119 8810
f 8813 9120 8811
f 8809 8813 8808
f 8809 8812 8813
f 8726 8812 8809
f 8825 9122 8812
f 8812 9121 8813
f 8342 8814 8790
f 8790 8814 8815
f 8790 8815 8792
f 8370 8817 8814
f 8814 8820 8815
f 8370 8816 8817
f 8814 8817 8820
f 8792 8815 8818
f 8792 8818 8794
f 8794 8827 8800
f 8794 8818 8827
f 8815 8819 8818
f 8815 8820 8819
f 8818 8819 8828
f 8816 8822 8817
f 8816 8821 8822
f 8817 8822 8823
f 8381 9127 8821
f 8821 9128 8822
f 8817 8823 8820
f 8820 8823 8824
f 8820 8824 8819
f 8822 9129 8823
f 8823 9142 8824
f 8727 8825 8726
f 8726 8825 8812
f 8727 8826 8825
f 8826 9134 8825
f 8730 9137 8826
f 8800 8827 8829
f 8800 8829 8802
f 8818 8828 8827
f 8827 8831 8829
f 8827 8828 8831
f 8802 8829 8830
f 8802 8830 8804
f 8829 8831 8851
f 8829 8851 8830
f 8819 8832 8828
f 8819 8824 8832
f 8828 8832 8833
f 8824 9143 8832
f 8828 8833 8831
f 8831 8855 8851
f 8831 8833 8855
f 8832 9144 8833
f 8776 8834 8835
f 8796 8836 8834
f 8834 8836 8837
f 8777 8835 8842
f 8834 8837 8835
f 8835 8844 8842
f 8835 8837 8844
f 8798 8838 8836
f 8836 8838 8840
f 8836 8840 8837
f 8837 8840 8846
f 8803 8804 8839
f 8803 8839 8838
f 8838 8839 8841
f 8838 8841 8840
f 8840 8841 8847
f 8780 8842 8843
f 8842 8844 8845
f 8782 8843 9001
f 8842 8845 8843
f 8843 8845 9003
f 8837 8846 8844
f 8844 8846 8848
f 8844 8848 8845
f 8840 8847 8846
f 8846 8847 8849
f 8845 8848 9005
f 8846 8849 8848
f 8848 8849 9006
f 8804 8830 8850
f 8804 8850 8839
f 8830 8851 8852
f 8830 8852 8850
f 8839 8850 8853
f 8839 8853 8841
f 8850 8854 8853
f 8850 8852 8854
f 8851 8855 8856
f 8851 8856 8852
f 8833 9258 8855
f 8855 9260 8856
f 8852 8856 8857
f 8852 8857 8854
f 8856 9263 8857
f 8841 8853 8858
f 8841 8858 8847
f 8847 8858 8860
f 8853 8859 8858
f 8853 8854 8859
f 8847 8860 8849
f 8849 8860 9017
f 8858 8861 8860
f 8858 8859 8861
f 8854 8857 8862
f 8854 8862 8859
f 8857 9265 8862
f 8859 8863 8861
f 8859 8862 8863
f 8862 9266 8863
f 8549 8864 8668
f 8864 8865 8669
f 8551 8866 8864
f 8866 8865 8864
f 8866 8867 8865
f 8865 8869 8673
f 8867 8869 8865
f 8867 8868 8869
f 8869 8870 8674
f 8870 8679 8674
f 8868 8870 8869
f 8874 8876 8870
f 8868 8874 8870
f 8554 8871 8866
f 8871 8867 8866
f 8871 8872 8867
f 8582 8891 8871
f 8891 8872 8871
f 8872 8868 8867
f 8872 8873 8868
f 8873 8874 8868
f 8873 8875 8874
f 8892 8873 8872
f 8895 8875 8873
f 8875 8879 8874
f 8897 8880 8875
f 8870 8876 8679
f 8876 8682 8679
f 8876 8877 8682
f 8874 8879 8876
f 8879 8877 8876
f 8879 8881 8877
f 8877 8683 8682
f 8877 8878 8683
f 8878 8914 8683
f 8881 8878 8877
f 8881 8882 8878
f 8882 8915 8878
f 8875 8880 8879
f 8880 8881 8879
f 8880 8883 8881
f 8903 8883 8880
f 8883 8882 8881
f 8883 8884 8882
f 8884 8912 8882
f 8905 8884 8883
f 8906 8913 8884
f 8511 8694 8885
f 8694 8695 8886
f 8694 8886 8885
f 8571 8885 8888
f 8885 8886 8889
f 8885 8889 8888
f 8695 8698 8887
f 8695 8887 8886
f 8698 8699 8962
f 8698 8962 8887
f 8886 8964 8889
f 8886 8887 8964
f 8576 8888 8890
f 8888 8889 8963
f 8578 8890 8980
f 8888 8963 8890
f 8891 8892 8872
f 8893 8892 8891
f 8584 8893 8891
f 8893 8894 8892
f 8892 8895 8873
f 8894 8895 8892
f 8895 8897 8875
f 8896 8897 8895
f 8894 8896 8895
f 8898 8903 8897
f 8896 8898 8897
f 8587 8899 8893
f 8899 8894 8893
f 8899 8900 8894
f 12101 12353 8899
f 12353 8900 8899
f 12353 12355 8900
f 8900 8896 8894
f 8900 8901 8896
f 12355 8901 8900
f 8901 8898 8896
f 8902 8904 8898
f 8901 8902 8898
f 12355 12357 8901
f 12357 8902 8901
f 12358 8909 8902
f 12357 12358 8902
f 8897 8903 8880
f 8903 8905 8883
f 8904 8905 8903
f 8898 8904 8903
f 8904 8907 8905
f 8905 8906 8884
f 8907 8906 8905
f 8908 8940 8906
f 8907 8908 8906
f 8902 8909 8904
f 8909 8907 8904
f 8909 8911 8907
f 12358 12365 8909
f 12365 8911 8909
f 12365 12367 8911
f 8911 8908 8907
f 8911 8910 8908
f 8910 8941 8908
f 12367 8910 8911
f 12367 12368 8910
f 12368 8948 8910
f 8878 8915 8914
f 8882 8912 8915
f 8884 8913 8912
f 8915 8916 8914
f 8915 8919 8916
f 8912 8919 8915
f 8912 8922 8919
f 8919 8917 8916
f 8919 8920 8917
f 8920 8918 8917
f 8920 8921 8918
f 8922 8920 8919
f 8923 8921 8920
f 8913 8922 8912
f 8913 8925 8922
f 8940 8925 8913
f 8922 8923 8920
f 8925 8923 8922
f 8926 8924 8923
f 8923 8924 8921
f 8925 8926 8923
f 8942 8926 8925
f 8926 8927 8924
f 8943 8927 8926
f 8921 8928 8918
f 8921 8930 8928
f 8928 8929 8755
f 8930 8929 8928
f 8924 8930 8921
f 8930 8931 8929
f 8934 8931 8930
f 8935 8933 8931
f 8929 8932 8757
f 8931 8932 8929
f 8933 9619 8932
f 8931 8933 8932
f 8938 9621 8933
f 8924 8934 8930
f 8927 8934 8924
f 8934 8935 8931
f 8936 8935 8934
f 8927 8936 8934
f 8944 8936 8927
f 8936 8937 8935
f 8952 8937 8936
f 8937 8938 8935
f 8937 8939 8938
f 8953 8939 8937
f 8935 8938 8933
f 8939 9625 8938
f 8956 9627 8939
f 8906 8940 8913
f 8908 8941 8940
f 8910 8948 8941
f 8940 8942 8925
f 8941 8942 8940
f 8941 8945 8942
f 8942 8943 8926
f 8943 8944 8927
f 8945 8943 8942
f 8945 8946 8943
f 8946 8944 8943
f 8946 8947 8944
f 8948 8945 8941
f 8948 8949 8945
f 12368 12402 8948
f 12402 8949 8948
f 12402 12404 8949
f 8949 8946 8945
f 8949 8950 8946
f 8950 8947 8946
f 8950 8951 8947
f 12404 8950 8949
f 12404 12405 8950
f 12405 8951 8950
f 12405 12406 8951
f 8944 8952 8936
f 8952 8953 8937
f 8947 8952 8944
f 8947 8954 8952
f 8954 8953 8952
f 8954 8955 8953
f 8953 8956 8939
f 8955 8956 8953
f 8955 8957 8956
f 8957 9640 8956
f 8951 8954 8947
f 8951 8958 8954
f 8958 8955 8954
f 8958 8959 8955
f 12406 8958 8951
f 12406 12418 8958
f 12418 8959 8958
f 12418 12419 8959
f 8959 8957 8955
f 8959 8960 8957
f 12419 8960 8959
f 8960 9642 8957
f 12419 8961 8960
f 8961 9646 8960
f 8699 8969 8962
f 8887 8962 8965
f 8887 8965 8964
f 8962 8974 8965
f 8890 8963 8981
f 8889 8964 8966
f 8964 8965 8967
f 8889 8966 8963
f 8963 8966 8982
f 8964 8967 8966
f 8965 8975 8967
f 8966 8967 8983
f 8699 8968 8969
f 8968 8972 8969
f 8968 8970 8972
f 8962 8969 8974
f 8969 8972 8976
f 8970 8973 8972
f 8970 8971 8973
f 8972 8973 8977
f 8971 9002 8973
f 8965 8974 8975
f 8969 8976 8974
f 8974 8976 8978
f 8974 8978 8975
f 8972 8977 8976
f 8976 8977 8979
f 8973 9009 8977
f 8976 8979 8978
f 8977 9010 8979
f 8890 8981 8980
f 8605 8980 8984
f 8980 8981 8985
f 8980 8985 8984
f 8963 8982 8981
f 8966 8983 8982
f 8967 8992 8983
f 8981 8982 8988
f 8981 8988 8985
f 8982 8983 8989
f 8982 8989 8988
f 8983 8995 8989
f 8608 8984 8986
f 8984 8985 8987
f 8984 8987 8986
f 8611 8986 12447
f 8986 8987 12448
f 8985 8988 8990
f 8985 8990 8987
f 8988 8989 8991
f 8988 8991 8990
f 8989 8996 8991
f 8987 8990 12451
f 8990 8991 12452
f 8967 8975 8992
f 8975 8993 8992
f 8975 8978 8993
f 8983 8992 8995
f 8992 8993 8997
f 8992 8997 8995
f 8978 8979 8994
f 8978 8994 8993
f 8979 9029 8994
f 8993 8994 8998
f 8993 8998 8997
f 8994 9033 8998
f 8989 8995 8996
f 8995 8997 8999
f 8995 8999 8996
f 8991 8996 12459
f 8996 8999 12461
f 8997 8998 9000
f 8997 9000 8999
f 8998 9034 9000
f 8999 9000 12462
f 8971 9001 9002
f 8843 9003 9001
f 9001 9003 9004
f 8973 9002 9009
f 9001 9004 9002
f 9002 9004 9011
f 8845 9005 9003
f 9003 9005 9007
f 8848 9006 9005
f 9005 9006 9008
f 9003 9007 9004
f 9004 9007 9012
f 9005 9008 9007
f 8977 9009 9010
f 9002 9011 9009
f 9009 9014 9010
f 9009 9011 9014
f 9004 9012 9011
f 9007 9008 9013
f 9007 9013 9012
f 9011 9015 9014
f 9011 9012 9015
f 9012 9013 9016
f 9012 9016 9015
f 8849 9017 9006
f 8860 9018 9017
f 8860 8861 9018
f 9006 9017 9019
f 9006 9019 9008
f 9017 9020 9019
f 9017 9018 9020
f 8861 9021 9018
f 8861 8863 9021
f 8863 9663 9021
f 9018 9022 9020
f 9018 9021 9022
f 9021 9666 9022
f 9008 9019 9023
f 9008 9023 9013
f 9019 9024 9023
f 9019 9020 9024
f 9013 9023 9025
f 9013 9025 9016
f 9023 9024 9026
f 9023 9026 9025
f 9020 9022 9027
f 9020 9027 9024
f 9022 9668 9027
f 9024 9027 9028
f 9024 9028 9026
f 9027 9684 9028
f 8979 9010 9029
f 9010 9014 9030
f 9010 9030 9029
f 8994 9029 9033
f 9029 9030 9035
f 9029 9035 9033
f 9014 9015 9031
f 9014 9031 9030
f 9015 9016 9032
f 9015 9032 9031
f 9030 9031 9036
f 9030 9036 9035
f 9031 9032 9037
f 9031 9037 9036
f 8998 9033 9034
f 9033 9035 9038
f 9033 9038 9034
f 9000 9034 12496
f 9034 12497 12496
f 9034 9038 12497
f 9035 9036 9039
f 9035 9039 9038
f 9036 9037 9040
f 9036 9040 9039
f 9038 9039 12499
f 9038 12499 12497
f 9016 9025 9041
f 9016 9041 9032
f 9025 9026 9042
f 9025 9042 9041
f 9032 9041 9043
f 9032 9043 9037
f 9041 9042 9045
f 9041 9045 9043
f 9026 9028 9044
f 9026 9044 9042
f 9037 9043 9046
f 9037 9046 9040
f 9039 9040 12500
f 9039 12500 12499
f 9028 9718 9044
f 9042 9044 9048
f 9042 9048 9045
f 9044 9721 9048
f 9043 9045 9047
f 9043 9047 9046
f 9040 9046 12512
f 9040 12512 12500
f 9046 12513 12512
f 9046 9047 12513
f 9045 9048 9049
f 9045 9049 9047
f 9048 9723 9049
f 9047 9049 12516
f 9047 12516 12513
f 9049 13516 12516
f 8376 9053 9051
f 8374 9051 9050
f 8375 9050 9074
f 9050 9077 9074
f 8378 9052 9053
f 8358 9054 9052
f 9053 9060 9051
f 9052 9056 9053
f 9051 9059 9050
f 9054 9057 9052
f 8359 9055 9054
f 9055 9058 9054
f 9051 9060 9059
f 9053 9056 9060
f 9052 9057 9056
f 9055 9124 9058
f 9054 9058 9057
f 9050 9059 9077
f 9058 9063 9057
f 9124 9065 9058
f 9058 9065 9063
f 9056 9061 9060
f 9060 9062 9059
f 9057 9064 9056
f 9056 9064 9061
f 9060 9061 9062
f 9059 9062 9090
f 9057 9063 9064
f 9061 9066 9062
f 9064 9067 9061
f 9063 9068 9064
f 9065 9069 9063
f 9063 9069 9068
f 9061 9067 9066
f 9064 9068 9067
f 9068 9071 9067
f 9067 9070 9066
f 9069 9072 9068
f 9067 9071 9070
f 9069 9150 9072
f 9068 9072 9071
f 9071 9092 9070
f 9072 9093 9071
f 9071 9093 9092
f 9150 9073 9072
f 9072 9073 9093
f 8382 9074 9075
f 8383 9075 9076
f 8384 9076 9079
f 9074 9078 9075
f 9075 9083 9076
f 9074 9077 9078
f 9075 9078 9083
f 8377 9079 9080
f 8379 9080 9081
f 9076 9084 9079
f 9079 9086 9080
f 8380 9081 9082
f 9080 9085 9081
f 9081 9186 9082
f 9076 9083 9084
f 9079 9084 9086
f 9080 9086 9085
f 9081 9085 9186
f 9059 9090 9077
f 9077 9091 9078
f 9078 9087 9083
f 9083 9088 9084
f 9077 9090 9091
f 9078 9091 9087
f 9083 9087 9088
f 9084 9088 9089
f 9084 9089 9086
f 9086 9190 9085
f 9086 9089 9190
f 9062 9066 9094
f 9062 9094 9090
f 9091 9096 9087
f 9090 9095 9091
f 9090 9094 9095
f 9091 9095 9096
f 9087 9097 9088
f 9088 9098 9089
f 9087 9096 9097
f 9088 9097 9098
f 9089 9098 9199
f 9066 9070 9101
f 9066 9101 9094
f 9073 9213 9093
f 9093 9214 9092
f 9070 9092 9103
f 9094 9102 9095
f 9094 9101 9102
f 9095 9099 9096
f 9096 9100 9097
f 9097 9200 9098
f 9095 9102 9099
f 9096 9099 9100
f 9097 9100 9200
f 9070 9103 9101
f 9099 9106 9100
f 9100 9106 9204
f 9092 9107 9103
f 9101 9105 9102
f 9101 9103 9105
f 9102 9104 9099
f 9102 9105 9104
f 9099 9104 9106
f 9103 9108 9105
f 9105 9109 9104
f 9104 9222 9106
f 9093 9213 9214
f 9092 9214 9107
f 9214 9110 9107
f 9103 9107 9108
f 9105 9108 9109
f 9104 9109 9222
f 9108 9233 9109
f 9107 9232 9108
f 9107 9110 9232
f 9108 9232 9233
f 8750 9111 9252
f 8751 9112 9111
f 9112 9254 9111
f 9112 9113 9254
f 8756 9114 9112
f 9114 9113 9112
f 9116 9115 9114
f 9114 9115 9113
f 8757 9116 9114
f 9619 9117 9116
f 9116 9117 9115
f 9115 9257 9113
f 9115 9262 9257
f 9117 9262 9115
f 9117 9118 9262
f 8810 9119 9055
f 9120 9125 9119
f 8811 9120 9119
f 9121 9126 9120
f 9120 9126 9125
f 8813 9121 9120
f 8812 9122 9121
f 9122 9123 9121
f 9121 9123 9126
f 9122 9135 9123
f 9135 9133 9123
f 9135 9139 9133
f 9119 9124 9055
f 9119 9125 9124
f 8381 9082 9127
f 8821 9127 9128
f 8822 9128 9129
f 9128 9189 9129
f 8823 9129 9142
f 9129 9189 9195
f 9125 9130 9124
f 9124 9130 9065
f 9125 9131 9130
f 9126 9131 9125
f 9126 9132 9131
f 9131 9149 9130
f 9132 9147 9131
f 9131 9147 9149
f 9130 9148 9065
f 9065 9148 9069
f 9130 9149 9148
f 9123 9132 9126
f 9123 9133 9132
f 9133 9157 9132
f 9132 9157 9147
f 9139 9159 9133
f 9133 9159 9157
f 8825 9134 9122
f 8826 9137 9134
f 9137 9136 9134
f 9134 9135 9122
f 9134 9136 9135
f 8730 9252 9137
f 9252 9138 9137
f 9137 9138 9136
f 9252 9253 9138
f 9136 9139 9135
f 9136 9140 9139
f 9140 9173 9139
f 9140 9169 9173
f 9253 9141 9138
f 9138 9140 9136
f 9138 9141 9140
f 9141 9169 9140
f 9141 9170 9169
f 9255 9170 9141
f 8824 9142 9143
f 9129 9195 9142
f 9142 9145 9143
f 9142 9195 9145
f 8832 9143 9144
f 9143 9146 9144
f 8833 9144 9258
f 9143 9145 9146
f 9144 9146 9259
f 9139 9173 9159
f 9145 9198 9146
f 9149 9151 9148
f 9149 9152 9151
f 9148 9150 9069
f 9148 9151 9150
f 9147 9152 9149
f 9147 9153 9152
f 9151 9154 9150
f 9150 9154 9073
f 9151 9155 9154
f 9152 9155 9151
f 9155 9216 9154
f 9153 9156 9152
f 9153 9161 9156
f 9152 9156 9155
f 9156 9163 9155
f 9161 9164 9156
f 9157 9153 9147
f 9157 9158 9153
f 9159 9158 9157
f 9159 9160 9158
f 9160 9162 9158
f 9160 9175 9162
f 9158 9161 9153
f 9158 9162 9161
f 9162 9165 9161
f 9175 9166 9162
f 9155 9163 9216
f 9156 9164 9163
f 9162 9166 9165
f 9161 9165 9164
f 9165 9227 9164
f 9166 9167 9165
f 9175 9180 9166
f 9180 9168 9166
f 9165 9167 9227
f 9166 9168 9167
f 9170 9177 9169
f 9268 9171 9170
f 9170 9171 9177
f 9171 9178 9177
f 9171 9172 9178
f 9173 9160 9159
f 9173 9174 9160
f 9169 9174 9173
f 9169 9177 9174
f 9174 9175 9160
f 9174 9176 9175
f 9176 9180 9175
f 9177 9176 9174
f 9177 9178 9176
f 9178 9179 9176
f 9172 9183 9178
f 9176 9179 9180
f 9183 9182 9179
f 9179 9181 9180
f 9180 9181 9168
f 9179 9182 9181
f 9178 9183 9179
f 9172 9184 9183
f 9184 9185 9183
f 9183 9185 9182
f 9184 9277 9185
f 9082 9187 9127
f 9127 9188 9128
f 9082 9186 9187
f 9127 9187 9188
f 9128 9188 9189
f 9085 9191 9186
f 9085 9190 9191
f 9186 9191 9192
f 9186 9192 9187
f 9187 9192 9193
f 9089 9199 9190
f 9190 9202 9191
f 9190 9199 9202
f 9191 9207 9192
f 9191 9202 9207
f 9187 9193 9188
f 9188 9193 9194
f 9188 9194 9189
f 9192 9208 9193
f 9192 9207 9208
f 9193 9236 9194
f 9193 9208 9236
f 9189 9196 9195
f 9189 9194 9196
f 9195 9197 9145
f 9195 9196 9197
f 9194 9238 9196
f 9194 9236 9238
f 9196 9238 9242
f 9145 9197 9198
f 9196 9242 9197
f 9197 9297 9198
f 9197 9242 9297
f 9154 9215 9073
f 9098 9201 9199
f 9098 9200 9201
f 9199 9201 9203
f 9199 9203 9202
f 9202 9209 9207
f 9202 9203 9209
f 9100 9204 9200
f 9200 9204 9205
f 9200 9205 9201
f 9106 9223 9204
f 9204 9224 9205
f 9201 9205 9206
f 9201 9206 9203
f 9203 9206 9211
f 9205 9225 9206
f 9207 9210 9208
f 9208 9237 9236
f 9208 9210 9237
f 9207 9209 9210
f 9203 9211 9209
f 9209 9211 9212
f 9206 9228 9211
f 9209 9212 9210
f 9210 9212 9241
f 9211 9229 9212
f 9073 9215 9213
f 9154 9216 9215
f 9213 9219 9214
f 9215 9218 9213
f 9163 9217 9216
f 9216 9220 9215
f 9164 9221 9163
f 9215 9220 9218
f 9216 9217 9220
f 9213 9218 9219
f 9163 9221 9217
f 9164 9227 9221
f 9106 9222 9223
f 9204 9223 9224
f 9109 9234 9222
f 9222 9235 9223
f 9205 9224 9225
f 9223 9226 9224
f 9224 9230 9225
f 9214 9219 9110
f 9222 9234 9235
f 9223 9235 9226
f 9224 9226 9230
f 9206 9225 9228
f 9211 9228 9229
f 9225 9231 9228
f 9212 9229 9245
f 9228 9247 9229
f 9225 9230 9231
f 9228 9231 9247
f 9109 9233 9234
f 9236 9237 9239
f 9236 9239 9238
f 9238 9239 9243
f 9210 9241 9237
f 9237 9241 9240
f 9237 9240 9239
f 9212 9245 9241
f 9241 9246 9240
f 9238 9243 9242
f 9242 9298 9297
f 9242 9243 9298
f 9239 9240 9244
f 9239 9244 9243
f 9240 9249 9244
f 9243 9244 9301
f 9243 9301 9298
f 9244 9306 9301
f 9229 9248 9245
f 9241 9245 9246
f 9245 9250 9246
f 9229 9247 9248
f 9245 9248 9250
f 9240 9246 9249
f 9246 9251 9249
f 9244 9249 9306
f 9246 9250 9251
f 9249 9251 9307
f 9111 9253 9252
f 9111 9254 9253
f 9254 9255 9253
f 9253 9255 9141
f 9254 9256 9255
f 9256 9268 9255
f 9256 9271 9268
f 9255 9268 9170
f 9113 9256 9254
f 9113 9257 9256
f 9257 9271 9256
f 9257 9279 9271
f 9144 9259 9258
f 8855 9258 9260
f 9258 9261 9260
f 9258 9259 9261
f 8856 9260 9263
f 9260 9264 9263
f 9260 9261 9264
f 9146 9293 9259
f 9259 9293 9294
f 9259 9294 9261
f 9261 9295 9264
f 9261 9294 9295
f 9262 9279 9257
f 9262 9281 9279
f 9118 9281 9262
f 9118 9284 9281
f 8857 9263 9265
f 9263 9267 9265
f 9263 9264 9267
f 8862 9265 9266
f 9265 9664 9266
f 9265 9267 9664
f 9264 9296 9267
f 9264 9295 9296
f 9267 9296 9681
f 9267 9681 9664
f 9268 9269 9171
f 9271 9269 9268
f 9269 9172 9171
f 9269 9270 9172
f 9270 9184 9172
f 9272 9270 9269
f 9273 9274 9270
f 9279 9272 9271
f 9279 9280 9272
f 9271 9272 9269
f 9272 9273 9270
f 9280 9273 9272
f 9280 9283 9273
f 9283 9275 9273
f 9270 9274 9184
f 9275 9278 9274
f 9273 9275 9274
f 9283 9288 9275
f 9288 9276 9275
f 9275 9276 9278
f 9274 9277 9184
f 9274 9278 9277
f 9281 9280 9279
f 9281 9282 9280
f 9282 9283 9280
f 9282 9286 9283
f 9286 9288 9283
f 9284 9282 9281
f 9284 9285 9282
f 9285 9286 9282
f 9287 9291 9286
f 9285 9287 9286
f 9286 9291 9288
f 9291 9289 9288
f 9288 9289 9276
f 9291 9292 9289
f 9287 9290 9291
f 9290 9292 9291
f 9290 9674 9292
f 9146 9198 9293
f 9198 9299 9293
f 9198 9297 9299
f 9293 9303 9294
f 9293 9299 9303
f 9294 9303 9312
f 9294 9312 9295
f 9295 9315 9296
f 9295 9312 9315
f 9296 9689 9681
f 9296 9315 9689
f 9297 9298 9300
f 9297 9300 9299
f 9298 9301 9302
f 9298 9302 9300
f 9301 9308 9302
f 9299 9304 9303
f 9299 9300 9304
f 9303 9304 9313
f 9300 9302 9305
f 9300 9305 9304
f 9302 9309 9305
f 9304 9305 9314
f 9301 9306 9308
f 9249 9307 9306
f 9306 9310 9308
f 9306 9307 9310
f 9302 9308 9309
f 9308 9311 9309
f 9308 9310 9311
f 9303 9313 9312
f 9312 9313 9316
f 9304 9314 9313
f 9305 9318 9314
f 9313 9314 9317
f 9312 9316 9315
f 9315 9690 9689
f 9315 9316 9690
f 9313 9317 9316
f 9314 9320 9317
f 9316 9317 9691
f 9316 9691 9690
f 9317 9695 9691
f 9305 9309 9318
f 9309 9319 9318
f 9314 9318 9320
f 9309 9311 9319
f 9318 9319 9321
f 9318 9321 9320
f 9317 9320 9695
f 9320 9321 9696
f 9168 9349 9167
f 9168 9322 9349
f 9181 9322 9168
f 9181 9323 9322
f 9182 9323 9181
f 9182 9326 9323
f 9323 9394 9322
f 9323 9324 9394
f 9326 9324 9323
f 9326 9328 9324
f 9328 9325 9324
f 9328 9329 9325
f 9277 9327 9185
f 9277 9518 9327
f 9185 9326 9182
f 9185 9327 9326
f 9327 9328 9326
f 9327 9330 9328
f 9330 9329 9328
f 9518 9330 9327
f 9330 9331 9329
f 9521 9331 9330
f 9329 9403 9325
f 9331 9332 9329
f 9329 9332 9403
f 9522 9333 9331
f 9331 9333 9332
f 9333 9482 9332
f 9333 9334 9482
f 9218 9336 9219
f 9220 9335 9218
f 9217 9338 9220
f 9218 9335 9336
f 9220 9338 9335
f 9221 9337 9217
f 9227 9339 9221
f 9217 9337 9338
f 9221 9339 9337
f 9335 9342 9336
f 9338 9343 9335
f 9337 9340 9338
f 9338 9340 9343
f 9337 9341 9340
f 9339 9341 9337
f 9339 9350 9341
f 9350 9347 9341
f 9350 9352 9347
f 9219 9336 9363
f 9219 9363 9110
f 9335 9343 9342
f 9336 9342 9369
f 9336 9369 9363
f 9342 9344 9372
f 9343 9344 9342
f 9340 9345 9343
f 9341 9346 9340
f 9343 9345 9344
f 9340 9346 9345
f 9341 9347 9346
f 9167 9348 9227
f 9227 9348 9339
f 9167 9349 9348
f 9349 9351 9348
f 9348 9350 9339
f 9348 9351 9350
f 9351 9352 9350
f 9354 9353 9351
f 9351 9353 9352
f 9322 9354 9349
f 9349 9354 9351
f 9322 9394 9354
f 9394 9355 9354
f 9394 9395 9355
f 9354 9355 9353
f 9230 9380 9231
f 9231 9396 9247
f 9231 9380 9396
f 9346 9356 9345
f 9345 9357 9344
f 9347 9358 9346
f 9352 9362 9347
f 9345 9356 9357
f 9347 9362 9358
f 9346 9358 9356
f 9344 9357 9387
f 9362 9415 9358
f 9356 9413 9357
f 9358 9414 9356
f 9356 9414 9413
f 9358 9415 9414
f 9353 9361 9352
f 9353 9359 9361
f 9395 9360 9355
f 9355 9359 9353
f 9355 9360 9359
f 9360 9418 9359
f 9360 9477 9418
f 9352 9361 9362
f 9361 9417 9362
f 9359 9416 9361
f 9362 9417 9415
f 9361 9416 9417
f 9359 9418 9416
f 9232 9365 9233
f 9110 9364 9232
f 9110 9363 9364
f 9232 9364 9365
f 9233 9366 9234
f 9233 9365 9366
f 9234 9366 9367
f 9234 9367 9235
f 9235 9367 9368
f 9235 9368 9226
f 9363 9370 9364
f 9364 9371 9365
f 9365 9376 9366
f 9342 9372 9369
f 9363 9369 9370
f 9364 9370 9371
f 9365 9371 9376
f 9369 9373 9370
f 9370 9374 9371
f 9369 9372 9373
f 9370 9373 9374
f 9366 9376 9375
f 9366 9375 9367
f 9367 9375 9381
f 9367 9381 9368
f 9371 9377 9376
f 9371 9374 9377
f 9376 9377 9378
f 9376 9378 9375
f 9375 9378 9383
f 9226 9379 9230
f 9226 9368 9379
f 9230 9379 9380
f 9368 9382 9379
f 9368 9381 9382
f 9375 9383 9381
f 9381 9383 9384
f 9381 9384 9382
f 9379 9382 9385
f 9379 9385 9380
f 9380 9385 9404
f 9382 9386 9385
f 9382 9384 9386
f 9344 9387 9372
f 9372 9388 9373
f 9372 9387 9388
f 9374 9390 9377
f 9373 9389 9374
f 9377 9391 9378
f 9373 9388 9389
f 9374 9389 9390
f 9377 9390 9391
f 9357 9413 9430
f 9357 9430 9387
f 9388 9432 9389
f 9389 9433 9390
f 9387 9431 9388
f 9387 9430 9431
f 9388 9431 9432
f 9389 9432 9433
f 9390 9433 9444
f 9378 9392 9383
f 9383 9393 9384
f 9378 9391 9392
f 9383 9392 9393
f 9384 9410 9386
f 9384 9393 9410
f 9390 9444 9391
f 9391 9439 9392
f 9391 9444 9439
f 9392 9440 9393
f 9393 9495 9410
f 9392 9439 9440
f 9393 9440 9495
f 9324 9395 9394
f 9324 9325 9395
f 9247 9397 9248
f 9247 9396 9397
f 9248 9398 9250
f 9248 9397 9398
f 9396 9406 9397
f 9397 9406 9400
f 9250 9398 9399
f 9250 9399 9251
f 9397 9400 9398
f 9406 9408 9400
f 9398 9401 9399
f 9398 9400 9401
f 9400 9408 9560
f 9400 9560 9401
f 9325 9402 9395
f 9395 9402 9360
f 9325 9403 9402
f 9402 9477 9360
f 9403 9474 9402
f 9402 9474 9477
f 9332 9475 9403
f 9403 9475 9474
f 9332 9482 9475
f 9380 9404 9396
f 9396 9404 9406
f 9385 9405 9404
f 9385 9386 9405
f 9404 9405 9407
f 9404 9407 9406
f 9406 9407 9408
f 9386 9409 9405
f 9386 9410 9409
f 9405 9411 9407
f 9405 9409 9411
f 9410 9496 9409
f 9410 9495 9496
f 9409 9502 9411
f 9409 9496 9502
f 9407 9412 9408
f 9407 9411 9412
f 9408 9566 9560
f 9408 9412 9566
f 9411 9503 9412
f 9411 9502 9503
f 9412 9589 9566
f 9412 9503 9589
f 9414 9420 9413
f 9415 9419 9414
f 9414 9419 9420
f 9417 9421 9415
f 9416 9422 9417
f 9417 9422 9421
f 9415 9421 9419
f 9416 9425 9422
f 9418 9425 9416
f 9477 9424 9418
f 9418 9424 9425
f 9477 9478 9424
f 9421 9441 9419
f 9422 9443 9421
f 9425 9423 9422
f 9422 9423 9443
f 9478 9427 9424
f 9424 9426 9425
f 9425 9426 9423
f 9424 9427 9426
f 9426 9457 9423
f 9426 9428 9457
f 9427 9428 9426
f 9427 9429 9428
f 9429 9462 9428
f 9429 9488 9462
f 9413 9420 9434
f 9413 9434 9430
f 9420 9437 9434
f 9430 9435 9431
f 9431 9436 9432
f 9432 9445 9433
f 9430 9434 9435
f 9431 9435 9436
f 9432 9436 9445
f 9434 9438 9435
f 9435 9448 9436
f 9434 9437 9438
f 9435 9438 9448
f 9439 9451 9440
f 9419 9442 9420
f 9419 9441 9442
f 9421 9443 9441
f 9420 9442 9437
f 9433 9446 9444
f 9444 9450 9439
f 9433 9445 9446
f 9444 9446 9450
f 9439 9450 9451
f 9440 9451 9498
f 9436 9449 9445
f 9445 9447 9446
f 9436 9448 9449
f 9445 9449 9447
f 9446 9447 9452
f 9446 9452 9450
f 9450 9499 9451
f 9450 9452 9499
f 9437 9464 9438
f 9437 9453 9464
f 9443 9455 9441
f 9443 9456 9455
f 9441 9454 9442
f 9441 9455 9454
f 9455 9458 9454
f 9423 9456 9443
f 9423 9457 9456
f 9456 9459 9455
f 9457 9460 9456
f 9457 9461 9460
f 9455 9459 9458
f 9456 9460 9459
f 9442 9454 9453
f 9454 9458 9468
f 9428 9461 9457
f 9428 9462 9461
f 9459 9912 9458
f 9461 9915 9460
f 9460 9911 9459
f 9460 9915 9911
f 9459 9911 9912
f 9462 9913 9461
f 9488 9914 9462
f 9461 9913 9915
f 9462 9914 9913
f 9442 9453 9437
f 9454 9468 9453
f 9449 9463 9447
f 9438 9465 9448
f 9438 9464 9465
f 9448 9466 9449
f 9448 9465 9466
f 9453 9469 9464
f 9464 9470 9465
f 9465 9471 9466
f 9449 9466 9463
f 9466 9472 9463
f 9464 9469 9470
f 9465 9470 9471
f 9453 9468 9469
f 9466 9471 9472
f 9447 9463 9467
f 9447 9467 9452
f 9452 9467 9508
f 9452 9508 9499
f 9467 9511 9508
f 9463 9473 9467
f 9463 9472 9473
f 9467 9473 9511
f 9458 10382 9468
f 9458 9912 10382
f 9469 9923 9470
f 9468 10383 9469
f 9470 9924 9471
f 9468 10382 10383
f 9469 10383 9923
f 9470 9923 9924
f 9471 9925 9472
f 9472 9926 9473
f 9471 9924 9925
f 9472 9925 9926
f 9475 9480 9474
f 9475 9476 9480
f 9474 9478 9477
f 9474 9480 9478
f 9480 9479 9478
f 9478 9479 9427
f 9480 9481 9479
f 9476 9481 9480
f 9476 9484 9481
f 9482 9476 9475
f 9482 9483 9476
f 9334 9483 9482
f 9334 9581 9483
f 9483 9484 9476
f 9483 9485 9484
f 9581 9485 9483
f 9581 9582 9485
f 9481 9486 9479
f 9479 9429 9427
f 9479 9486 9429
f 9486 9488 9429
f 9487 9489 9486
f 9486 9489 9488
f 9481 9487 9486
f 9484 9487 9481
f 9484 9492 9487
f 9492 9490 9487
f 9487 9490 9489
f 9489 9949 9488
f 9489 9940 9949
f 9490 9940 9489
f 9493 9941 9490
f 9490 9941 9940
f 9485 9492 9484
f 9485 9491 9492
f 9582 9491 9485
f 9582 9584 9491
f 9584 9494 9491
f 9586 9944 9494
f 9491 9493 9492
f 9492 9493 9490
f 9491 9494 9493
f 9494 9943 9493
f 9493 9943 9941
f 9494 9944 9943
f 9440 9498 9495
f 9495 9497 9496
f 9495 9498 9497
f 9496 9504 9502
f 9496 9497 9504
f 9451 9500 9498
f 9451 9499 9500
f 9498 9501 9497
f 9498 9500 9501
f 9497 9501 9507
f 9502 9505 9503
f 9502 9504 9505
f 9503 9505 9591
f 9497 9507 9504
f 9504 9507 9506
f 9504 9506 9505
f 9488 9949 9914
f 9499 9508 9509
f 9499 9509 9500
f 9508 9512 9509
f 9508 9511 9512
f 9500 9509 9510
f 9500 9510 9501
f 9509 9513 9510
f 9509 9512 9513
f 9473 9955 9511
f 9511 9956 9512
f 9473 9926 9955
f 9511 9955 9956
f 9512 9960 9513
f 9512 9956 9960
f 9507 9514 9506
f 9501 9510 9515
f 9501 9515 9507
f 9510 9516 9515
f 9507 9515 9514
f 9510 9513 9516
f 9515 9517 9514
f 9515 9516 9517
f 9513 9961 9516
f 9513 9960 9961
f 9516 10042 9517
f 9516 9961 10042
f 9289 9523 9276
f 9278 9518 9277
f 9278 9519 9518
f 9519 9521 9518
f 9519 9520 9521
f 9520 9522 9521
f 9520 9524 9522
f 9518 9521 9330
f 9521 9522 9331
f 9276 9519 9278
f 9276 9523 9519
f 9523 9525 9520
f 9523 9520 9519
f 9525 9524 9520
f 9530 9525 9523
f 9533 9526 9525
f 9525 9526 9524
f 9522 9527 9333
f 9524 9527 9522
f 9524 9529 9527
f 9527 9334 9333
f 9527 9538 9334
f 9529 9538 9527
f 9529 9540 9538
f 9526 9529 9524
f 9526 9528 9529
f 9528 9540 9529
f 9528 9541 9540
f 9289 9530 9523
f 9292 9530 9289
f 9292 9531 9530
f 9531 9533 9530
f 9674 9531 9292
f 9674 9751 9531
f 9531 9532 9533
f 9751 9532 9531
f 9751 9753 9532
f 9753 9535 9532
f 9753 9754 9535
f 9530 9533 9525
f 9533 9534 9526
f 9532 9534 9533
f 9532 9535 9534
f 9534 9528 9526
f 9534 9536 9528
f 9535 9536 9534
f 9536 9541 9528
f 9536 9545 9541
f 9537 9545 9536
f 9535 9537 9536
f 9754 9537 9535
f 9754 9762 9537
f 9537 9550 9545
f 9762 9550 9537
f 9762 9772 9550
f 9538 9581 9334
f 9538 9539 9581
f 9540 9539 9538
f 9542 9583 9539
f 9541 9542 9540
f 9540 9542 9539
f 9541 9546 9542
f 9542 9543 9583
f 9546 9543 9542
f 9546 9547 9543
f 9547 9544 9543
f 9553 9588 9544
f 9547 9553 9544
f 9553 9555 9588
f 9550 9548 9545
f 9545 9546 9541
f 9545 9548 9546
f 9548 9547 9546
f 9548 9549 9547
f 9550 9551 9548
f 9772 9551 9550
f 9773 9552 9551
f 9551 9549 9548
f 9551 9552 9549
f 9549 9553 9547
f 9554 9555 9553
f 9549 9554 9553
f 9554 9556 9555
f 9556 10064 9555
f 9556 10019 10064
f 9552 9554 9549
f 9557 9556 9554
f 9552 9557 9554
f 9557 9558 9556
f 9774 9557 9552
f 9780 9558 9557
f 9558 10019 9556
f 9558 10020 10019
f 9781 10020 9558
f 9251 9559 9307
f 9251 9399 9559
f 9307 9559 9563
f 9307 9563 9310
f 9399 9401 9561
f 9399 9561 9559
f 9401 9560 9562
f 9401 9562 9561
f 9559 9561 9564
f 9561 9562 9565
f 9310 9563 9569
f 9310 9569 9311
f 9559 9564 9563
f 9561 9565 9564
f 9563 9564 9571
f 9563 9571 9569
f 9564 9565 9572
f 9564 9572 9571
f 9560 9567 9562
f 9562 9567 9568
f 9562 9568 9565
f 9565 9578 9572
f 9565 9568 9578
f 9560 9566 9567
f 9566 9589 9590
f 9566 9590 9567
f 9567 9594 9568
f 9567 9590 9594
f 9568 9604 9578
f 9568 9594 9604
f 9311 9569 9570
f 9311 9570 9319
f 9569 9571 9573
f 9571 9572 9574
f 9569 9573 9570
f 9571 9574 9573
f 9319 9570 9575
f 9319 9575 9321
f 9321 9575 9796
f 9570 9576 9575
f 9570 9573 9576
f 9573 9574 9577
f 9573 9577 9576
f 9575 9576 9797
f 9576 9577 9798
f 9572 9578 9579
f 9572 9579 9574
f 9574 9580 9577
f 9574 9579 9580
f 9577 9580 9802
f 9578 9604 9607
f 9578 9607 9579
f 9579 9608 9580
f 9579 9607 9608
f 9539 9582 9581
f 9539 9583 9582
f 9583 9584 9582
f 9585 9586 9584
f 9584 9586 9494
f 9583 9585 9584
f 9543 9585 9583
f 9544 9587 9585
f 9585 9587 9586
f 9587 10022 9586
f 9586 10022 9944
f 9587 10023 10022
f 9543 9544 9585
f 9544 9588 9587
f 9588 10023 9587
f 9588 10027 10023
f 9555 10027 9588
f 9555 10064 10027
f 9503 9591 9589
f 9589 9593 9590
f 9589 9591 9593
f 9505 9592 9591
f 9505 9506 9592
f 9591 9595 9593
f 9591 9592 9595
f 9590 9596 9594
f 9590 9593 9596
f 9594 9596 9605
f 9593 9597 9596
f 9593 9595 9597
f 9596 9597 9606
f 9506 9514 9598
f 9506 9598 9592
f 9514 9599 9598
f 9592 9598 9600
f 9592 9600 9595
f 9598 9602 9600
f 9598 9599 9602
f 9514 9517 9599
f 9517 10043 9599
f 9517 10042 10043
f 9599 10048 9602
f 9599 10043 10048
f 9595 9600 9601
f 9595 9601 9597
f 9600 9602 9603
f 9600 9603 9601
f 9597 9601 9613
f 9601 9603 9614
f 9602 10048 10049
f 9602 10049 9603
f 9594 9605 9604
f 9604 9609 9607
f 9604 9605 9609
f 9596 9606 9605
f 9605 9610 9609
f 9605 9606 9610
f 9607 9609 9611
f 9607 9611 9608
f 9609 9610 9612
f 9609 9612 9611
f 9597 9613 9606
f 9601 9614 9613
f 9606 9613 9615
f 9606 9615 9610
f 9613 9617 9615
f 9613 9614 9617
f 9603 10079 9614
f 9614 10082 9617
f 9614 10079 10082
f 9603 10049 10079
f 9610 9615 9616
f 9615 9617 9618
f 9610 9616 9612
f 9615 9618 9616
f 9617 10082 10083
f 9617 10083 9618
f 8932 9619 9116
f 9621 9620 9619
f 9619 9620 9117
f 8933 9621 9619
f 9625 9622 9621
f 9621 9622 9620
f 9620 9118 9117
f 9620 9623 9118
f 9622 9623 9620
f 9623 9284 9118
f 9623 9631 9284
f 9622 9624 9623
f 9626 9624 9622
f 9624 9631 9623
f 9624 9632 9631
f 8938 9625 9621
f 9627 9626 9625
f 9625 9626 9622
f 8939 9627 9625
f 9627 9628 9626
f 9628 9629 9626
f 9626 9629 9624
f 9629 9632 9624
f 9629 9634 9632
f 9628 9630 9629
f 9630 9634 9629
f 9630 9637 9634
f 9632 9669 9631
f 9632 9633 9669
f 9634 9633 9632
f 9634 9635 9633
f 9635 9671 9633
f 9635 9636 9671
f 9637 9635 9634
f 9637 9638 9635
f 9638 9636 9635
f 9638 9639 9636
f 8956 9640 9627
f 9640 9628 9627
f 9640 9641 9628
f 8957 9642 9640
f 9642 9641 9640
f 9642 9643 9641
f 9641 9630 9628
f 9641 9644 9630
f 9644 9637 9630
f 9644 9652 9637
f 9643 9644 9641
f 9643 9645 9644
f 9645 9652 9644
f 9645 9655 9652
f 9646 9643 9642
f 8960 9646 9642
f 9646 9647 9643
f 9648 9647 9646
f 8961 9648 9646
f 9648 9649 9647
f 9647 9645 9643
f 9647 9650 9645
f 9650 9655 9645
f 9650 9658 9655
f 9649 9650 9647
f 9649 9651 9650
f 9651 9658 9650
f 9651 9661 9658
f 9652 9638 9637
f 9652 9653 9638
f 9653 9639 9638
f 9653 9654 9639
f 9654 9679 9639
f 9655 9653 9652
f 9655 9656 9653
f 9656 9654 9653
f 9656 9657 9654
f 9657 9709 9654
f 9658 9656 9655
f 9658 9659 9656
f 9659 9657 9656
f 9659 9660 9657
f 9661 9659 9658
f 9661 9662 9659
f 9662 9660 9659
f 8863 9266 9663
f 9266 9665 9663
f 9266 9664 9665
f 9021 9663 9666
f 9663 9667 9666
f 9663 9665 9667
f 9664 9681 9682
f 9664 9682 9665
f 9022 9666 9668
f 9666 9683 9668
f 9666 9667 9683
f 9027 9668 9684
f 9631 9285 9284
f 9631 9669 9285
f 9669 9287 9285
f 9670 9290 9287
f 9669 9670 9287
f 9633 9670 9669
f 9633 9671 9670
f 9671 9672 9670
f 9672 9674 9290
f 9670 9672 9290
f 9672 9673 9674
f 9671 9675 9672
f 9675 9673 9672
f 9675 9676 9673
f 9636 9675 9671
f 9639 9677 9636
f 9636 9677 9675
f 9677 9676 9675
f 9677 9678 9676
f 9639 9679 9677
f 9679 9678 9677
f 9679 9680 9678
f 9681 9689 9692
f 9681 9692 9682
f 9665 9682 9686
f 9665 9686 9667
f 9682 9692 9699
f 9682 9699 9686
f 9668 9685 9684
f 9668 9683 9685
f 9667 9686 9687
f 9667 9687 9683
f 9686 9699 9702
f 9686 9702 9687
f 9683 9687 9688
f 9683 9688 9685
f 9687 9702 9727
f 9687 9727 9688
f 9689 9693 9692
f 9689 9690 9693
f 9690 9691 9694
f 9690 9694 9693
f 9691 9697 9694
f 9692 9693 9700
f 9692 9700 9699
f 9693 9694 9701
f 9693 9701 9700
f 9694 9705 9701
f 9691 9695 9697
f 9320 9696 9695
f 9695 9698 9697
f 9695 9696 9698
f 9694 9697 9705
f 9697 9706 9705
f 9697 9698 9706
f 9699 9700 9703
f 9699 9703 9702
f 9700 9701 9704
f 9700 9704 9703
f 9701 9707 9704
f 9702 9703 9728
f 9702 9728 9727
f 9703 9704 9729
f 9703 9729 9728
f 9704 9734 9729
f 9701 9705 9707
f 9705 9708 9707
f 9705 9706 9708
f 9704 9707 9734
f 9707 9736 9734
f 9707 9708 9736
f 9654 9709 9679
f 9709 9680 9679
f 9709 9710 9680
f 9657 9711 9709
f 9711 9710 9709
f 9711 9712 9710
f 9660 9711 9657
f 9662 9713 9660
f 9713 9714 9660
f 9660 9714 9711
f 9714 9712 9711
f 9714 9715 9712
f 9713 9716 9714
f 9716 9715 9714
f 13502 9717 9716
f 9716 9717 9715
f 9028 9684 9718
f 9684 9719 9718
f 9684 9685 9719
f 9044 9718 9721
f 9718 9722 9721
f 9718 9719 9722
f 9685 9688 9720
f 9685 9720 9719
f 9688 9727 9730
f 9688 9730 9720
f 9719 9720 9725
f 9719 9725 9722
f 9720 9730 9740
f 9720 9740 9725
f 9048 9721 9723
f 9721 9724 9723
f 9721 9722 9724
f 9049 9723 13516
f 9723 13517 13516
f 9723 9724 13517
f 9722 9725 9726
f 9722 9726 9724
f 9725 9740 9743
f 9725 9743 9726
f 9724 9726 13519
f 9724 13519 13517
f 9726 9743 13528
f 9726 13528 13519
f 9727 9728 9731
f 9727 9731 9730
f 9728 9729 9732
f 9728 9732 9731
f 9729 9735 9732
f 9730 9731 9741
f 9730 9741 9740
f 9731 9732 9733
f 9731 9733 9741
f 9732 9738 9733
f 9729 9734 9735
f 9734 9737 9735
f 9734 9736 9737
f 9732 9735 9738
f 9735 9739 9738
f 9735 9737 9739
f 9740 9741 9742
f 9740 9742 9743
f 9741 9733 9744
f 9741 9744 9742
f 9733 9747 9744
f 9743 9742 9745
f 9733 9738 9747
f 9743 9745 13528
f 9742 9744 9746
f 9742 9746 9745
f 9744 9749 9746
f 9738 9748 9747
f 9738 9739 9748
f 9744 9747 9749
f 9747 9750 9749
f 9747 9748 9750
f 9673 9751 9674
f 9673 9752 9751
f 9752 9753 9751
f 9756 9754 9753
f 9752 9756 9753
f 9756 9757 9754
f 9676 9752 9673
f 9676 9755 9752
f 9755 9756 9752
f 9758 9757 9756
f 9755 9758 9756
f 9758 9759 9757
f 9757 9762 9754
f 9757 9760 9762
f 9759 9760 9757
f 9759 9761 9760
f 9761 9775 9760
f 9761 9771 9775
f 9760 9772 9762
f 9760 9775 9772
f 9678 9755 9676
f 9678 9763 9755
f 9763 9758 9755
f 9764 9759 9758
f 9763 9764 9758
f 9764 9765 9759
f 9680 9763 9678
f 9680 9766 9763
f 9766 9764 9763
f 9766 9767 9764
f 9767 9765 9764
f 9767 9768 9765
f 9765 9761 9759
f 9765 9769 9761
f 9769 9771 9761
f 9769 9786 9771
f 9768 9769 9765
f 9768 9770 9769
f 9770 9786 9769
f 9770 9787 9786
f 9772 9773 9551
f 9775 9773 9772
f 9775 9776 9773
f 9773 9774 9552
f 9776 9774 9773
f 9776 9777 9774
f 9771 9776 9775
f 9771 9778 9776
f 9778 9777 9776
f 9778 9779 9777
f 9774 9780 9557
f 9777 9780 9774
f 9782 9781 9780
f 9777 9782 9780
f 9782 9784 9781
f 9780 9781 9558
f 9781 10162 10020
f 9784 10162 9781
f 9784 10165 10162
f 9779 9782 9777
f 9783 9784 9782
f 9779 9783 9782
f 9783 9785 9784
f 9785 10165 9784
f 9785 10173 10165
f 9787 9788 9786
f 9787 9790 9788
f 9786 9778 9771
f 9786 9788 9778
f 9788 9779 9778
f 9788 9789 9779
f 9790 9789 9788
f 9790 9791 9789
f 9789 9783 9779
f 9792 9785 9783
f 9789 9792 9783
f 9792 9793 9785
f 9793 10173 9785
f 9793 10172 10173
f 9791 9792 9789
f 9794 9793 9792
f 9791 9794 9792
f 9794 9795 9793
f 9795 10172 9793
f 9795 10178 10172
f 9855 10178 9795
f 9321 9796 9696
f 9696 9796 9799
f 9696 9799 9698
f 9575 9797 9796
f 9576 9798 9797
f 9796 9797 9800
f 9797 9798 9801
f 9698 9799 9804
f 9698 9804 9706
f 9796 9800 9799
f 9797 9801 9800
f 9799 9800 9805
f 9799 9805 9804
f 9800 9801 9806
f 9800 9806 9805
f 9577 9802 9798
f 9798 9802 9803
f 9798 9803 9801
f 9801 9810 9806
f 9801 9803 9810
f 9580 9812 9802
f 9580 9608 9812
f 9802 9812 9815
f 9802 9815 9803
f 9803 9822 9810
f 9803 9815 9822
f 9706 9804 9807
f 9706 9807 9708
f 9804 9805 9808
f 9804 9808 9807
f 9805 9806 9809
f 9805 9809 9808
f 9708 9807 9868
f 9708 9868 9736
f 9807 9808 9870
f 9807 9870 9868
f 9808 9809 9871
f 9808 9871 9870
f 9806 9811 9809
f 9806 9810 9811
f 9810 9825 9811
f 9810 9822 9825
f 9809 9811 9877
f 9809 9877 9871
f 9811 9825 9888
f 9811 9888 9877
f 9608 9813 9812
f 9608 9611 9813
f 9812 9813 9816
f 9611 9814 9813
f 9611 9612 9814
f 9813 9814 9817
f 9812 9816 9815
f 9815 9816 9823
f 9813 9817 9816
f 9816 9817 9824
f 9612 9616 9818
f 9612 9818 9814
f 9616 9819 9818
f 9616 9618 9819
f 9814 9818 9820
f 9818 9819 9821
f 9618 10193 9819
f 9618 10083 10193
f 9819 10193 10197
f 9814 9820 9817
f 9818 9821 9820
f 9817 9820 9828
f 9820 9821 9829
f 9819 10197 9821
f 9821 10197 10209
f 9815 9823 9822
f 9822 9826 9825
f 9822 9823 9826
f 9816 9824 9823
f 9823 9827 9826
f 9823 9824 9827
f 9825 9826 9890
f 9825 9890 9888
f 9826 9827 9891
f 9826 9891 9890
f 9817 9828 9824
f 9820 9829 9828
f 9824 9828 9830
f 9824 9830 9827
f 9828 9831 9830
f 9828 9829 9831
f 9821 10209 9829
f 9829 10212 9831
f 9829 10209 10212
f 9827 9830 9897
f 9827 9897 9891
f 9830 9831 9899
f 9830 9899 9897
f 9831 10212 10213
f 9831 10213 9899
f 9710 9766 9680
f 9710 9832 9766
f 9832 9767 9766
f 9832 9833 9767
f 9833 9768 9767
f 9833 9834 9768
f 9712 9832 9710
f 9712 9835 9832
f 9715 9835 9712
f 9835 9833 9832
f 9835 9836 9833
f 9840 9836 9835
f 9836 9834 9833
f 9836 9837 9834
f 9841 9837 9836
f 9834 9770 9768
f 9834 9838 9770
f 9837 9838 9834
f 9838 9787 9770
f 9838 9848 9787
f 9839 9848 9838
f 9837 9839 9838
f 9842 9839 9837
f 9839 9850 9848
f 9846 9850 9839
f 9715 9840 9835
f 9717 9840 9715
f 9840 9841 9836
f 9841 9842 9837
f 9843 9841 9840
f 9844 9842 9841
f 9717 9843 9840
f 13503 9843 9717
f 9843 9844 9841
f 9844 9845 9842
f 13582 9844 9843
f 13584 9845 9844
f 9842 9846 9839
f 9845 9846 9842
f 9846 9858 9850
f 9847 9858 9846
f 9845 9847 9846
f 13583 9847 9845
f 9847 9859 9858
f 13588 9859 9847
f 9848 9790 9787
f 9848 9849 9790
f 9850 9849 9848
f 9850 9852 9849
f 9858 9852 9850
f 9849 9791 9790
f 9849 9851 9791
f 9852 9851 9849
f 9852 9853 9851
f 9860 9853 9852
f 9851 9794 9791
f 9854 9795 9794
f 9851 9854 9794
f 9854 9855 9795
f 9853 9854 9851
f 9856 9855 9854
f 9855 10253 10178
f 9857 10253 9855
f 9853 9856 9854
f 9856 9857 9855
f 9861 9856 9853
f 9864 9857 9856
f 9857 10256 10253
f 9865 10256 9857
f 9858 9860 9852
f 9859 9860 9858
f 9860 9861 9853
f 9862 9861 9860
f 9859 9862 9860
f 13598 9862 9859
f 13598 13599 9862
f 9862 9863 9861
f 13599 9863 9862
f 13599 13600 9863
f 9861 9864 9856
f 9864 9865 9857
f 9863 9864 9861
f 9866 9865 9864
f 9866 9867 9865
f 9865 10265 10256
f 9867 10265 9865
f 9867 10268 10265
f 9863 9866 9864
f 13600 9866 9863
f 13600 13605 9866
f 13605 9867 9866
f 13605 13606 9867
f 13606 10268 9867
f 13606 13725 10268
f 9736 9868 9869
f 9736 9869 9737
f 9868 9870 9872
f 9870 9871 9873
f 9868 9872 9869
f 9870 9873 9872
f 9737 9869 9874
f 9737 9874 9739
f 9869 9872 9875
f 9872 9873 9876
f 9869 9875 9874
f 9872 9876 9875
f 9871 9877 9878
f 9871 9878 9873
f 9877 9888 9889
f 9877 9889 9878
f 9873 9878 9879
f 9873 9879 9876
f 9878 9889 9894
f 9878 9894 9879
f 9739 9874 9880
f 9739 9880 9748
f 9874 9875 9881
f 9875 9876 9882
f 9874 9881 9880
f 9875 9882 9881
f 9748 9880 9883
f 9748 9883 9750
f 9880 9881 9884
f 9880 9884 9883
f 9881 9882 9885
f 9881 9885 9884
f 9876 9879 9886
f 9876 9886 9882
f 9879 9903 9886
f 9879 9894 9903
f 9882 9887 9885
f 9882 9886 9887
f 9886 9906 9887
f 9886 9903 9906
f 9887 9906 13629
f 9888 9890 9892
f 9888 9892 9889
f 9890 9891 9893
f 9890 9893 9892
f 9889 9892 9895
f 9889 9895 9894
f 9892 9893 9896
f 9892 9896 9895
f 9891 9897 9898
f 9897 9899 9900
f 9891 9898 9893
f 9897 9900 9898
f 9899 10213 10286
f 9899 10286 9900
f 9893 9898 9901
f 9893 9901 9896
f 9898 9902 9901
f 9898 9900 9902
f 9900 10289 9902
f 9900 10286 10289
f 9902 10289 11449
f 9894 9904 9903
f 9894 9895 9904
f 9895 9905 9904
f 9895 9896 9905
f 9904 9905 9908
f 9903 9907 9906
f 9903 9904 9907
f 9906 9907 13885
f 9904 9908 9907
f 9896 9901 9909
f 9896 9909 9905
f 9901 9910 9909
f 9901 9902 9910
f 9905 9909 10380
f 9909 9910 10381
f 9902 11449 9910
f 9909 10381 10380
f 9905 10380 9908
f 9911 9917 9912
f 9914 9919 9913
f 9913 9918 9915
f 9915 9916 9911
f 9915 9918 9916
f 9913 9919 9918
f 9911 9916 9917
f 9914 9920 9919
f 9918 9927 9916
f 9916 9928 9917
f 9919 9921 9918
f 9920 9922 9919
f 9916 9927 9928
f 9918 9921 9927
f 9919 9922 9921
f 9912 9917 10384
f 9912 10384 10382
f 9924 10389 9925
f 9925 10407 9926
f 9925 10389 10407
f 9917 10387 10384
f 9917 9928 10387
f 9922 9932 9921
f 9951 9929 9922
f 9922 9929 9932
f 9927 9931 9928
f 9921 9930 9927
f 9927 9930 9931
f 9921 9932 9930
f 9930 9933 9931
f 9930 9934 9933
f 9932 9934 9930
f 9932 9935 9934
f 9929 9935 9932
f 9929 9936 9935
f 9928 9931 10394
f 9928 10394 10387
f 9931 9933 10400
f 9936 9939 9935
f 9934 9938 9933
f 9935 9937 9934
f 9934 9937 9938
f 9935 9939 9937
f 9933 9938 10403
f 9941 9953 9940
f 9941 9942 9953
f 9944 9945 9943
f 9943 9942 9941
f 9943 9945 9942
f 10022 9947 9944
f 9944 9947 9945
f 9945 9959 9942
f 9945 9946 9959
f 9947 9946 9945
f 9947 9948 9946
f 9948 9978 9946
f 9948 10031 9978
f 10031 9979 9978
f 10031 10032 9979
f 9949 9920 9914
f 9940 9950 9949
f 9949 9950 9920
f 9940 9953 9950
f 9953 9952 9950
f 9950 9951 9920
f 9920 9951 9922
f 9950 9952 9951
f 9942 9954 9953
f 9953 9954 9952
f 9942 9959 9954
f 9926 9957 9955
f 9926 10407 9957
f 9955 9957 9958
f 9955 9958 9956
f 9956 9962 9960
f 9956 9958 9962
f 9957 10410 9958
f 9958 10410 9963
f 9960 9964 9961
f 9960 9962 9964
f 9961 10044 10042
f 9961 9964 10044
f 9958 9963 9962
f 9962 9965 9964
f 9962 9963 9965
f 9964 10045 10044
f 9964 9965 10045
f 9952 9966 9951
f 9951 9966 9929
f 9954 9967 9952
f 9952 9967 9966
f 9966 9936 9929
f 9966 9968 9936
f 9967 9968 9966
f 9967 9969 9968
f 9959 9970 9954
f 9959 9976 9970
f 9976 9971 9970
f 9954 9970 9967
f 9970 9969 9967
f 9970 9971 9969
f 9969 9975 9968
f 9969 9972 9975
f 9971 9972 9969
f 9971 9973 9972
f 9977 9973 9971
f 9968 9974 9936
f 9936 9974 9939
f 9968 9975 9974
f 9946 9976 9959
f 9946 9978 9976
f 9976 9977 9971
f 9978 9977 9976
f 9978 9979 9977
f 9979 9980 9977
f 9979 9981 9980
f 9977 9980 9973
f 10032 9981 9979
f 10032 10054 9981
f 10410 10422 9963
f 9963 10422 9982
f 9963 9982 9965
f 9965 9982 10055
f 10422 10424 9982
f 9982 10424 10056
f 9937 9984 9938
f 9939 9983 9937
f 9939 9989 9983
f 9937 9983 9984
f 9938 9984 10427
f 9989 9994 9983
f 9983 9985 9984
f 9983 9994 9985
f 9973 9990 9972
f 9980 9986 9973
f 9973 9986 9990
f 9974 9989 9939
f 9975 9987 9974
f 9974 9987 9989
f 9972 9988 9975
f 9975 9988 9987
f 9988 9993 9987
f 9990 9991 9988
f 9987 9992 9989
f 9972 9990 9988
f 9986 9995 9990
f 9988 9991 9993
f 9989 9992 9994
f 9987 9993 9992
f 9993 10003 9992
f 9994 10002 9985
f 9992 10001 9994
f 9992 10003 10001
f 9994 10001 10002
f 9993 10004 10003
f 9991 10004 9993
f 9991 10006 10004
f 9990 9995 9991
f 9986 9996 9995
f 9995 10006 9991
f 9996 10007 9995
f 9996 10011 10007
f 9995 10007 10006
f 9980 9997 9986
f 9981 9997 9980
f 9997 9996 9986
f 9998 9999 9997
f 10054 9998 9981
f 10054 10099 9998
f 9981 9998 9997
f 10099 10000 9998
f 9997 9999 9996
f 10000 10012 9999
f 9998 10000 9999
f 10000 10010 10012
f 10101 10010 10000
f 9999 10011 9996
f 9999 10012 10011
f 10003 10450 10001
f 10004 10452 10003
f 10006 10005 10004
f 10004 10005 10452
f 10006 10008 10005
f 10007 10008 10006
f 10011 10009 10007
f 10007 10009 10008
f 10011 10013 10009
f 10009 10458 10008
f 10013 10459 10009
f 10009 10459 10458
f 10103 10015 10010
f 10012 10013 10011
f 10012 10014 10013
f 10010 10014 10012
f 10010 10015 10014
f 10014 10016 10013
f 10013 10016 10459
f 10014 10017 10016
f 10017 10542 10016
f 10015 10017 10014
f 10015 10018 10017
f 10018 10131 10017
f 10020 10067 10019
f 10020 10021 10067
f 10162 10021 10020
f 10163 10069 10021
f 10023 10025 10022
f 10023 10024 10025
f 10022 10025 9947
f 10025 9948 9947
f 10025 10026 9948
f 10024 10026 10025
f 10024 10030 10026
f 10027 10024 10023
f 10027 10028 10024
f 10064 10028 10027
f 10028 10030 10024
f 10028 10029 10030
f 10065 10029 10028
f 10026 10031 9948
f 10026 10033 10031
f 10033 10032 10031
f 10033 10034 10032
f 10030 10033 10026
f 10030 10037 10033
f 10037 10034 10033
f 10037 10038 10034
f 10034 10054 10032
f 10034 10035 10054
f 10038 10035 10034
f 10038 10040 10035
f 10066 10036 10029
f 10070 10039 10036
f 10029 10037 10030
f 10029 10036 10037
f 10036 10038 10037
f 10036 10039 10038
f 10039 10040 10038
f 10039 10041 10040
f 10071 10041 10039
f 10042 10046 10043
f 10042 10044 10046
f 10043 10046 10050
f 10044 10045 10047
f 10044 10047 10046
f 10046 10047 10051
f 10043 10050 10048
f 10048 10050 10052
f 10048 10052 10049
f 10046 10051 10050
f 10050 10053 10052
f 10050 10051 10053
f 9965 10055 10045
f 10045 10055 10057
f 9982 10056 10055
f 10055 10056 10058
f 10045 10057 10047
f 10047 10057 10059
f 10055 10058 10057
f 10057 10058 10060
f 10056 10484 10058
f 10047 10059 10051
f 10057 10060 10059
f 10051 10059 10061
f 10051 10061 10053
f 10059 10060 10062
f 10059 10062 10061
f 10058 10063 10060
f 10058 10484 10063
f 10060 10063 10089
f 10060 10089 10062
f 10019 10065 10064
f 10064 10065 10028
f 10019 10067 10065
f 10067 10066 10065
f 10065 10066 10029
f 10067 10068 10066
f 10021 10068 10067
f 10021 10069 10068
f 10066 10070 10036
f 10070 10071 10039
f 10068 10073 10070
f 10068 10070 10066
f 10073 10071 10070
f 10073 10074 10071
f 10074 10072 10071
f 10074 10077 10072
f 10071 10072 10041
f 10069 10073 10068
f 10069 10075 10073
f 10075 10074 10073
f 10075 10076 10074
f 10164 10075 10069
f 10168 10076 10075
f 10076 10077 10074
f 10076 10078 10077
f 10190 10078 10076
f 10049 10080 10079
f 10049 10052 10080
f 10079 10084 10082
f 10079 10080 10084
f 10052 10081 10080
f 10052 10053 10081
f 10080 10081 10085
f 10082 10084 10086
f 10082 10086 10083
f 10080 10085 10084
f 10084 10194 10086
f 10084 10085 10194
f 10053 10087 10081
f 10053 10061 10087
f 10061 10062 10088
f 10061 10088 10087
f 10081 10087 10091
f 10087 10088 10092
f 10062 10089 10090
f 10062 10090 10088
f 10088 10090 10093
f 10081 10091 10085
f 10087 10092 10091
f 10085 10091 10200
f 10085 10200 10194
f 10091 10092 10201
f 10091 10201 10200
f 10088 10093 10092
f 10092 10093 10204
f 10092 10204 10201
f 10040 10100 10035
f 10040 10094 10100
f 10094 10102 10100
f 10041 10094 10040
f 10095 10096 10094
f 10072 10095 10041
f 10114 10097 10095
f 10041 10095 10094
f 10094 10096 10102
f 10097 10109 10096
f 10095 10097 10096
f 10097 10098 10109
f 10035 10099 10054
f 10035 10100 10099
f 10100 10101 10099
f 10099 10101 10000
f 10102 10103 10101
f 10101 10103 10010
f 10100 10102 10101
f 10102 10105 10103
f 10096 10105 10102
f 10096 10109 10105
f 10063 10503 10089
f 10105 10104 10103
f 10103 10104 10015
f 10109 10106 10105
f 10105 10106 10104
f 10106 10108 10104
f 10106 10107 10108
f 10110 10107 10106
f 10112 10134 10107
f 10104 10018 10015
f 10104 10108 10018
f 10108 10132 10018
f 10107 10133 10108
f 10098 10110 10109
f 10109 10110 10106
f 10098 10111 10110
f 10111 10112 10110
f 10110 10112 10107
f 10113 10139 10112
f 10111 10113 10112
f 10077 10116 10114
f 10072 10114 10095
f 10077 10114 10072
f 10116 10115 10114
f 10114 10115 10097
f 10115 10098 10097
f 10115 10120 10098
f 10116 10119 10115
f 10119 10120 10115
f 10119 10122 10120
f 10078 10116 10077
f 10117 10119 10116
f 10078 10117 10116
f 10191 10117 10078
f 10226 10118 10117
f 10117 10118 10119
f 10227 10124 10118
f 10118 10122 10119
f 10118 10124 10122
f 10120 10111 10098
f 10120 10121 10111
f 10122 10121 10120
f 10122 10123 10121
f 10123 10130 10121
f 10123 10126 10130
f 10124 10123 10122
f 10232 10125 10124
f 10124 10125 10123
f 10125 10126 10123
f 10125 10127 10126
f 10127 10146 10126
f 10233 10127 10125
f 10234 10151 10127
f 10089 10128 10090
f 10089 10503 10128
f 10090 10128 10129
f 10090 10129 10093
f 10128 10506 10129
f 10093 10129 10241
f 10093 10241 10204
f 10129 11416 10241
f 10121 10113 10111
f 10121 10130 10113
f 10130 10138 10113
f 10126 10145 10130
f 10017 10131 10542
f 10018 10132 10131
f 10108 10133 10132
f 10133 10546 10132
f 10133 10135 10546
f 10134 10135 10133
f 10107 10134 10133
f 10139 10136 10134
f 10134 10136 10135
f 10136 10838 10135
f 10136 10137 10838
f 10140 10137 10136
f 10141 10854 10137
f 10113 10138 10139
f 10145 10142 10138
f 10112 10139 10134
f 10139 10140 10136
f 10138 10140 10139
f 10138 10142 10140
f 10142 10141 10140
f 10140 10141 10137
f 10143 10859 10141
f 10142 10143 10141
f 10147 10143 10142
f 10149 10144 10143
f 10143 10144 10859
f 10154 10861 10144
f 10154 10155 10861
f 10130 10145 10138
f 10145 10147 10142
f 10126 10146 10145
f 10146 10147 10145
f 10146 10148 10147
f 10148 10149 10147
f 10148 10150 10149
f 10147 10149 10143
f 10150 10154 10149
f 10153 10156 10150
f 10127 10151 10146
f 10151 10148 10146
f 10151 10152 10148
f 10313 10152 10151
f 10313 10317 10152
f 10152 10150 10148
f 10152 10153 10150
f 10317 10153 10152
f 10317 10318 10153
f 10318 10159 10153
f 10149 10154 10144
f 10156 10155 10154
f 10150 10156 10154
f 10159 10157 10156
f 10156 10157 10155
f 10160 10889 10157
f 10318 10158 10159
f 10153 10159 10156
f 10159 10160 10157
f 10158 10160 10159
f 10158 10161 10160
f 10161 10890 10160
f 10161 10892 10890
f 10323 10892 10161
f 10323 11496 10892
f 10162 10163 10021
f 10165 10163 10162
f 10165 10166 10163
f 10163 10164 10069
f 10166 10164 10163
f 10166 10167 10164
f 10173 10166 10165
f 10173 10174 10166
f 10174 10167 10166
f 10174 10175 10167
f 10167 10168 10164
f 10167 10169 10168
f 10169 10190 10168
f 10169 10170 10190
f 10175 10169 10167
f 10181 10170 10169
f 10175 10181 10169
f 10181 10182 10170
f 10182 10192 10170
f 10182 10171 10192
f 10172 10174 10173
f 10172 10176 10174
f 10176 10175 10174
f 10176 10177 10175
f 10178 10176 10172
f 10178 10179 10176
f 10253 10179 10178
f 10179 10177 10176
f 10179 10180 10177
f 10254 10180 10179
f 10177 10181 10175
f 10183 10182 10181
f 10177 10183 10181
f 10183 10184 10182
f 10184 10171 10182
f 10184 10185 10171
f 10180 10183 10177
f 10180 10186 10183
f 10186 10184 10183
f 10186 10187 10184
f 10255 10186 10180
f 10259 10187 10186
f 10187 10185 10184
f 10187 10188 10185
f 10260 10188 10187
f 10185 10229 10171
f 10188 10244 10185
f 10188 10189 10244
f 10261 10189 10188
f 10282 10246 10189
f 10164 10168 10075
f 10168 10190 10076
f 10190 10191 10078
f 10170 10191 10190
f 10170 10192 10191
f 10083 10195 10193
f 10083 10086 10195
f 10193 10195 10198
f 10086 10194 10196
f 10086 10196 10195
f 10193 10198 10197
f 10197 10198 10210
f 10195 10199 10198
f 10195 10196 10199
f 10198 10199 10211
f 10194 10200 10202
f 10200 10201 10203
f 10194 10202 10196
f 10200 10203 10202
f 10201 10204 10205
f 10201 10205 10203
f 10196 10202 10206
f 10196 10206 10199
f 10202 10203 10207
f 10202 10207 10206
f 10199 10206 10218
f 10206 10207 10219
f 10203 10205 10208
f 10203 10208 10207
f 10207 10208 10220
f 10197 10210 10209
f 10209 10214 10212
f 10209 10210 10214
f 10198 10211 10210
f 10210 10215 10214
f 10210 10211 10215
f 10212 10214 10216
f 10212 10216 10213
f 10214 10215 10217
f 10214 10217 10216
f 10199 10218 10211
f 10206 10219 10218
f 10211 10218 10221
f 10211 10221 10215
f 10218 10219 10222
f 10218 10222 10221
f 10207 10220 10219
f 10219 10220 10225
f 10219 10225 10222
f 10215 10221 10223
f 10221 10222 10224
f 10215 10223 10217
f 10221 10224 10223
f 10222 10225 11415
f 10222 11415 10224
f 10191 10226 10117
f 10192 10226 10191
f 10192 10228 10226
f 10228 10227 10226
f 10226 10227 10118
f 10227 10232 10124
f 10228 10230 10227
f 10230 10232 10227
f 10230 10235 10232
f 10171 10228 10192
f 10229 10230 10228
f 10171 10229 10228
f 10231 10235 10230
f 10229 10231 10230
f 10231 10237 10235
f 10235 10233 10232
f 10235 10236 10233
f 10232 10233 10125
f 10233 10234 10127
f 10236 10234 10233
f 10236 10239 10234
f 10239 10313 10234
f 10237 10236 10235
f 10237 10238 10236
f 10238 10239 10236
f 10240 10314 10239
f 10238 10240 10239
f 10249 10315 10240
f 10204 10241 10242
f 10204 10242 10205
f 10241 11417 10242
f 10205 10242 10243
f 10205 10243 10208
f 10242 11418 10243
f 10208 10243 11427
f 10244 10231 10229
f 10185 10244 10229
f 10244 10245 10231
f 10245 10237 10231
f 10245 10247 10237
f 10246 10247 10245
f 10189 10245 10244
f 10189 10246 10245
f 10246 10250 10247
f 10291 10250 10246
f 10247 10238 10237
f 10247 10248 10238
f 10250 10248 10247
f 10248 10240 10238
f 10248 10249 10240
f 10251 10249 10248
f 10252 10331 10249
f 10250 10251 10248
f 10294 10251 10250
f 10294 10295 10251
f 10251 10252 10249
f 10295 10252 10251
f 10295 10296 10252
f 10296 10334 10252
f 10208 11427 10220
f 10220 11427 11429
f 10220 11429 10225
f 10253 10254 10179
f 10256 10254 10253
f 10254 10255 10180
f 10257 10255 10254
f 10256 10257 10254
f 10265 10257 10256
f 10265 10266 10257
f 10257 10258 10255
f 10266 10258 10257
f 10266 10267 10258
f 10255 10259 10186
f 10259 10260 10187
f 10258 10259 10255
f 10262 10260 10259
f 10260 10261 10188
f 10263 10261 10260
f 10263 10264 10261
f 10258 10262 10259
f 10262 10263 10260
f 10267 10262 10258
f 10267 10273 10262
f 10273 10263 10262
f 10273 10274 10263
f 10274 10264 10263
f 10274 10276 10264
f 10268 10266 10265
f 10268 10269 10266
f 10269 10267 10266
f 10269 10270 10267
f 13725 10269 10268
f 13725 10271 10269
f 10271 10270 10269
f 10271 10272 10270
f 10270 10273 10267
f 10278 10274 10273
f 10270 10278 10273
f 10278 10275 10274
f 10275 10276 10274
f 10275 10277 10276
f 10272 10278 10270
f 10279 10275 10278
f 10272 10279 10278
f 10279 10280 10275
f 10280 10277 10275
f 10280 10281 10277
f 10261 10282 10189
f 10264 10282 10261
f 10264 10283 10282
f 10283 10291 10282
f 10276 10283 10264
f 10284 10292 10283
f 10276 10284 10283
f 10277 10284 10276
f 10277 10285 10284
f 10281 10285 10277
f 10213 10216 10287
f 10213 10287 10286
f 10216 10217 10288
f 10216 10288 10287
f 10286 10290 10289
f 10286 10287 10290
f 10287 11442 10290
f 10287 10288 11442
f 10217 10223 11443
f 10223 10224 11444
f 10223 11444 11443
f 10217 11443 10288
f 10282 10291 10246
f 10291 10294 10250
f 10283 10292 10291
f 10292 10294 10291
f 10292 10298 10294
f 10293 10298 10292
f 10284 10293 10292
f 10293 10300 10298
f 10298 10295 10294
f 10298 10299 10295
f 10299 10296 10295
f 10299 10297 10296
f 10297 10335 10296
f 10302 10349 10297
f 10300 10299 10298
f 10300 10301 10299
f 10301 10297 10299
f 10301 10302 10297
f 10307 10302 10301
f 10308 10351 10302
f 10285 10293 10284
f 10303 10300 10293
f 10303 10306 10300
f 10285 10303 10293
f 10305 10306 10303
f 10281 10304 10285
f 10304 10303 10285
f 13735 10304 10281
f 13753 10305 10304
f 10304 10305 10303
f 10305 10309 10306
f 13754 10309 10305
f 10306 10301 10300
f 10306 10307 10301
f 10309 10307 10306
f 10307 10308 10302
f 10310 10308 10307
f 10310 10311 10308
f 10311 10366 10308
f 10309 10310 10307
f 13758 10310 10309
f 13758 13759 10310
f 13759 10311 10310
f 10312 10367 10311
f 13759 10312 10311
f 10234 10313 10151
f 10314 10317 10313
f 10239 10314 10313
f 10240 10315 10314
f 10315 10319 10314
f 10315 10316 10319
f 10331 10316 10315
f 10331 10332 10316
f 10314 10319 10317
f 10319 10318 10317
f 10319 10320 10318
f 10320 10158 10318
f 10316 10320 10319
f 10321 10322 10320
f 10316 10321 10320
f 10332 10321 10316
f 10332 10337 10321
f 10337 10325 10321
f 10320 10322 10158
f 10325 10323 10322
f 10325 10326 10323
f 10322 10161 10158
f 10322 10323 10161
f 10326 11496 10323
f 10326 10324 11496
f 10321 10325 10322
f 10327 10326 10325
f 10337 10327 10325
f 10327 10328 10326
f 10328 10324 10326
f 10328 10329 10324
f 10340 10329 10328
f 10340 10330 10329
f 10342 11529 10330
f 10249 10331 10315
f 10252 10334 10331
f 10334 10332 10331
f 10334 10333 10332
f 10333 10337 10332
f 10335 10333 10334
f 10335 10336 10333
f 10296 10335 10334
f 10349 10336 10335
f 10336 10338 10333
f 10336 10339 10338
f 10350 10339 10336
f 10350 10354 10339
f 10338 10327 10337
f 10333 10338 10337
f 10339 10341 10338
f 10354 10343 10339
f 10338 10341 10327
f 10341 10328 10327
f 10341 10340 10328
f 10343 10340 10341
f 10343 10344 10340
f 10344 10330 10340
f 10344 10342 10330
f 10347 11530 10342
f 10339 10343 10341
f 10345 10344 10343
f 10354 10345 10343
f 10345 10346 10344
f 10346 10342 10344
f 10346 10347 10342
f 10348 11549 10347
f 10357 10347 10346
f 10357 10348 10347
f 10359 11552 10348
f 10297 10349 10335
f 10349 10350 10336
f 10351 10350 10349
f 10351 10352 10350
f 10352 10354 10350
f 10352 10355 10354
f 10302 10351 10349
f 10366 10352 10351
f 10308 10366 10351
f 10366 10353 10352
f 10353 10355 10352
f 10353 10356 10355
f 10368 10356 10353
f 10355 10345 10354
f 10356 10358 10355
f 10370 10361 10356
f 10355 10358 10345
f 10358 10346 10345
f 10358 10357 10346
f 10361 10357 10358
f 10361 10362 10357
f 10362 10348 10357
f 10362 10359 10348
f 10364 10360 10359
f 10356 10361 10358
f 10363 10362 10361
f 10370 10363 10361
f 10363 10364 10362
f 10364 10359 10362
f 10376 10360 10364
f 10376 10365 10360
f 10367 10353 10366
f 10367 10368 10353
f 10311 10367 10366
f 10369 10368 10367
f 10312 10369 10367
f 10369 10372 10368
f 13820 10372 10369
f 10368 10370 10356
f 10371 10363 10370
f 10372 10370 10368
f 10372 10371 10370
f 13820 10373 10372
f 10373 10371 10372
f 10374 10375 10371
f 10373 10374 10371
f 13821 10377 10374
f 10375 10364 10363
f 10375 10376 10364
f 10371 10375 10363
f 10377 10376 10375
f 10377 10378 10376
f 10378 10365 10376
f 10378 11703 10365
f 10379 11703 10378
f 10379 11704 11703
f 10374 10377 10375
f 13821 13828 10377
f 13828 10378 10377
f 13828 10379 10378
f 13829 11704 10379
f 9907 9908 13886
f 9910 11449 11452
f 9908 10380 13890
f 10380 10381 13891
f 9910 11452 10381
f 10381 11452 14448
f 10382 10385 10383
f 10383 10386 9923
f 9923 10388 9924
f 10382 10384 10385
f 10383 10385 10386
f 9923 10386 10388
f 9924 10388 10389
f 10385 10390 10386
f 10384 10391 10385
f 10384 10387 10391
f 10385 10391 10390
f 10386 10392 10388
f 10388 10393 10389
f 10386 10390 10392
f 10388 10392 10393
f 10389 10393 10408
f 10387 10395 10391
f 10391 10396 10390
f 10390 10397 10392
f 10387 10394 10395
f 10391 10395 10396
f 10390 10396 10397
f 10392 10398 10393
f 10392 10397 10398
f 9931 10400 10394
f 10395 10402 10396
f 10396 10402 10399
f 10396 10399 10397
f 10397 10412 10398
f 10397 10399 10412
f 10394 10401 10395
f 10394 10400 10401
f 10395 10401 10402
f 9933 10403 10400
f 10401 10405 10402
f 10400 10404 10401
f 10400 10403 10404
f 10401 10404 10405
f 10402 10406 10399
f 10399 10418 10412
f 10402 10405 10406
f 10399 10406 10418
f 10389 10408 10407
f 10407 10409 9957
f 10407 10408 10409
f 9957 10409 10410
f 10393 10411 10408
f 10393 10398 10411
f 10408 10414 10409
f 10408 10411 10414
f 10398 10412 10413
f 10398 10413 10411
f 10411 10413 10416
f 10411 10416 10414
f 10409 10415 10410
f 10409 10414 10415
f 10414 10416 10417
f 10414 10417 10415
f 10412 10419 10413
f 10413 10420 10416
f 10413 10419 10420
f 10412 10418 10419
f 10416 10420 10421
f 10416 10421 10417
f 10410 10415 10422
f 10415 10417 10423
f 10415 10423 10422
f 10422 10423 10424
f 10417 10425 10423
f 10417 10421 10425
f 10423 10426 10424
f 10423 10425 10426
f 10424 10426 10483
f 9938 10427 10403
f 10403 10428 10404
f 10403 10427 10428
f 10405 10430 10406
f 10404 10429 10405
f 10404 10428 10429
f 10405 10429 10430
f 9984 10431 10427
f 10427 10432 10428
f 10428 10433 10429
f 10429 10443 10430
f 9984 9985 10431
f 9985 10002 10434
f 10429 10433 10443
f 9985 10434 10431
f 10427 10431 10432
f 10428 10432 10433
f 10431 10435 10432
f 10432 10460 10433
f 10431 10434 10435
f 10432 10435 10460
f 10002 10436 10434
f 10434 10463 10435
f 10434 10436 10463
f 10406 10437 10418
f 10418 10437 10438
f 10406 10430 10437
f 10418 10438 10419
f 10419 10438 10439
f 10430 10440 10437
f 10437 10441 10438
f 10420 10445 10421
f 10419 10439 10420
f 10420 10439 10445
f 10438 10442 10439
f 10439 10447 10445
f 10430 10443 10440
f 10437 10440 10441
f 10440 10467 10441
f 10438 10441 10442
f 10439 10442 10447
f 10441 10453 10442
f 10441 10467 10453
f 10442 10453 10477
f 10433 10461 10443
f 10443 10462 10440
f 10433 10460 10461
f 10443 10461 10462
f 10440 10462 10467
f 10421 10445 10444
f 10421 10444 10425
f 10445 10448 10444
f 10425 10446 10426
f 10425 10444 10446
f 10444 10449 10446
f 10445 10447 10448
f 10442 10477 10447
f 10447 10478 10448
f 10447 10477 10478
f 10444 10448 10449
f 10448 10478 10491
f 10448 10491 10449
f 10001 10451 10002
f 10001 10450 10451
f 10003 10452 10450
f 10002 10451 10436
f 10450 10455 10451
f 10452 10454 10450
f 10450 10454 10455
f 10005 10456 10452
f 10008 10457 10005
f 10005 10457 10456
f 10452 10456 10454
f 10457 10518 10456
f 10451 10455 10470
f 10454 10520 10455
f 10456 10517 10454
f 10008 10458 10457
f 10459 10521 10458
f 10458 10519 10457
f 10016 10522 10459
f 10460 10465 10461
f 10435 10464 10460
f 10461 10466 10462
f 10435 10463 10464
f 10460 10464 10465
f 10461 10465 10466
f 10462 10466 10468
f 10462 10468 10467
f 10467 10469 10453
f 10467 10468 10469
f 10451 10470 10436
f 10436 10471 10463
f 10463 10472 10464
f 10464 10473 10465
f 10465 10474 10466
f 10465 10473 10474
f 10455 10528 10470
f 10436 10470 10471
f 10463 10471 10472
f 10464 10472 10473
f 10471 10530 10472
f 10470 10529 10471
f 10472 10531 10473
f 10473 10532 10474
f 10466 10475 10468
f 10466 10474 10475
f 10468 10476 10469
f 10468 10475 10476
f 10474 10533 10475
f 10475 10534 10476
f 10453 10480 10477
f 10477 10479 10478
f 10477 10480 10479
f 10478 10493 10491
f 10478 10479 10493
f 10479 10496 10493
f 10453 10469 10480
f 10469 10481 10480
f 10469 10476 10481
f 10480 10481 10482
f 10476 10549 10481
f 10480 10482 10479
f 10479 10482 10496
f 10481 10550 10482
f 10482 10839 10496
f 10424 10483 10056
f 10056 10483 10484
f 10426 10485 10483
f 10426 10446 10485
f 10446 10487 10485
f 10483 10486 10484
f 10483 10485 10486
f 10485 10488 10486
f 10446 10449 10487
f 10449 10491 10492
f 10449 10492 10487
f 10485 10487 10488
f 10487 10494 10488
f 10487 10492 10494
f 10484 10489 10063
f 10484 10486 10489
f 10486 10490 10489
f 10063 10489 10503
f 10489 10504 10503
f 10486 10488 10490
f 10488 10494 10499
f 10488 10499 10490
f 10489 10490 10504
f 10490 10499 10507
f 10490 10507 10504
f 10491 10495 10492
f 10491 10493 10495
f 10492 10498 10494
f 10492 10495 10498
f 10493 10497 10495
f 10495 10497 10501
f 10495 10501 10498
f 10493 10496 10497
f 10496 10840 10497
f 10497 10841 10501
f 10494 10500 10499
f 10494 10498 10500
f 10499 10508 10507
f 10499 10500 10508
f 10498 10501 10502
f 10498 10502 10500
f 10500 10502 10511
f 10500 10511 10508
f 10502 10878 10511
f 10501 10848 10502
f 10503 10505 10128
f 10503 10504 10505
f 10504 10507 10509
f 10128 10505 10506
f 10504 10509 10505
f 10505 10509 10513
f 10505 10513 10506
f 10129 10506 11416
f 10506 10513 11419
f 10506 11419 11416
f 10507 10508 10510
f 10507 10510 10509
f 10509 10510 10514
f 10508 10511 10512
f 10511 10879 10512
f 10508 10512 10510
f 10510 10512 10515
f 10509 10514 10513
f 10513 11420 11419
f 10513 10514 11420
f 10510 10515 10514
f 10512 10884 10515
f 10514 10516 11420
f 10514 10515 10516
f 10515 10883 10516
f 10456 10518 10517
f 10454 10517 10520
f 10457 10519 10518
f 10517 10535 10520
f 10518 10536 10517
f 10519 10523 10518
f 10517 10536 10535
f 10518 10523 10536
f 10519 10524 10523
f 10458 10521 10519
f 10459 10522 10521
f 10521 10524 10519
f 10521 10525 10524
f 10522 10525 10521
f 10522 10526 10525
f 10525 10540 10524
f 10526 10541 10525
f 10526 10527 10541
f 10455 10520 10528
f 10520 10535 10574
f 10470 10528 10529
f 10471 10529 10530
f 10472 10530 10531
f 10473 10531 10532
f 10520 10574 10528
f 10530 10577 10531
f 10531 10582 10532
f 10474 10532 10533
f 10475 10533 10534
f 10532 10583 10533
f 10532 10582 10583
f 10533 10551 10534
f 10533 10583 10551
f 10523 10538 10536
f 10536 10537 10535
f 10536 10538 10537
f 10524 10539 10523
f 10523 10539 10538
f 10539 10554 10538
f 10538 10555 10537
f 10535 10578 10574
f 10535 10537 10578
f 10524 10540 10539
f 10525 10541 10540
f 10540 10561 10539
f 10541 10558 10540
f 10527 10560 10541
f 10016 10542 10522
f 10542 10526 10522
f 10542 10543 10526
f 10131 10543 10542
f 10131 10545 10543
f 10132 10545 10131
f 10132 10546 10545
f 10543 10527 10526
f 10543 10544 10527
f 10545 10544 10543
f 10545 10548 10544
f 10544 10559 10527
f 10548 10568 10544
f 10546 10548 10545
f 10546 10547 10548
f 10547 10565 10548
f 10481 10549 10550
f 10476 10534 10549
f 10534 10552 10549
f 10534 10551 10552
f 10549 10552 10553
f 10482 10550 10839
f 10549 10553 10550
f 10550 10842 10839
f 10550 10553 10842
f 10552 10588 10553
f 10553 10588 10843
f 10553 10843 10842
f 10539 10561 10554
f 10538 10554 10555
f 10537 10555 10589
f 10554 10557 10555
f 10561 10556 10554
f 10554 10556 10557
f 10540 10558 10561
f 10541 10560 10558
f 10527 10559 10560
f 10559 10564 10560
f 10559 10569 10564
f 10558 10563 10561
f 10561 10563 10556
f 10558 10562 10563
f 10560 10562 10558
f 10560 10564 10562
f 10564 10603 10562
f 10569 10604 10564
f 10548 10565 10568
f 10547 10566 10565
f 10566 10571 10565
f 10566 10567 10571
f 10544 10568 10559
f 10568 10569 10559
f 10568 10570 10569
f 10565 10570 10568
f 10565 10571 10570
f 10570 10618 10569
f 10570 10619 10618
f 10571 10619 10570
f 10571 10572 10619
f 10567 10572 10571
f 10567 10573 10572
f 10856 10639 10573
f 10528 10575 10529
f 10529 10576 10530
f 10529 10575 10576
f 10528 10574 10575
f 10530 10576 10577
f 10531 10577 10582
f 10574 10579 10575
f 10574 10578 10579
f 10575 10580 10576
f 10576 10581 10577
f 10576 10580 10581
f 10575 10579 10580
f 10577 10581 10584
f 10537 10589 10578
f 10578 10590 10579
f 10579 10591 10580
f 10580 10592 10581
f 10577 10584 10582
f 10582 10585 10583
f 10582 10584 10585
f 10583 10586 10551
f 10583 10585 10586
f 10581 10596 10584
f 10584 10597 10585
f 10585 10612 10586
f 10551 10587 10552
f 10551 10586 10587
f 10552 10587 10588
f 10586 10613 10587
f 10587 10616 10588
f 10588 10866 10843
f 10555 10557 10593
f 10555 10593 10589
f 10578 10589 10590
f 10579 10590 10591
f 10580 10591 10592
f 10591 10598 10592
f 10589 10594 10590
f 10590 10595 10591
f 10589 10593 10594
f 10590 10594 10595
f 10591 10595 10598
f 10585 10597 10612
f 10581 10592 10596
f 10584 10596 10597
f 10592 10599 10596
f 10596 10599 10600
f 10592 10598 10599
f 10596 10600 10597
f 10597 10600 10614
f 10556 10602 10557
f 10556 10601 10602
f 10557 10602 10606
f 10557 10606 10593
f 10601 10626 10602
f 10563 10601 10556
f 10562 10605 10563
f 10562 10603 10605
f 10563 10605 10601
f 10564 10604 10603
f 10569 10618 10604
f 10603 10628 10605
f 10604 10629 10603
f 10605 10627 10601
f 10605 10628 10627
f 10601 10627 10626
f 10603 10629 10628
f 10618 10624 10604
f 10618 10625 10624
f 10604 10624 10629
f 10593 10607 10594
f 10595 10611 10598
f 10594 10608 10595
f 10593 10606 10607
f 10594 10607 10608
f 10595 10608 10611
f 10602 10653 10606
f 10602 10626 10653
f 10607 10652 10608
f 10606 10654 10607
f 10607 10654 10652
f 10606 10653 10654
f 10608 10652 10658
f 10598 10609 10599
f 10599 10609 10610
f 10598 10611 10609
f 10599 10610 10600
f 10600 10610 10620
f 10608 10658 10611
f 10611 10659 10609
f 10611 10658 10659
f 10609 10630 10610
f 10609 10659 10630
f 10610 10630 10643
f 10586 10612 10613
f 10587 10613 10616
f 10597 10614 10612
f 10612 10614 10615
f 10612 10615 10613
f 10588 10616 10866
f 10613 10617 10616
f 10616 10617 10868
f 10616 10868 10866
f 10613 10615 10617
f 10619 10625 10618
f 10572 10637 10619
f 10572 10638 10637
f 10600 10620 10614
f 10614 10621 10615
f 10619 10637 10625
f 10573 10638 10572
f 10573 10639 10638
f 10856 10905 10639
f 10615 10622 10617
f 10617 10623 10868
f 10617 10622 10623
f 10614 10620 10621
f 10615 10621 10622
f 10620 10644 10621
f 10610 10643 10620
f 10620 10643 10644
f 10621 10644 10648
f 10621 10648 10622
f 10622 10649 10623
f 10622 10648 10649
f 10626 10633 10655
f 10629 10634 10628
f 10628 10632 10627
f 10627 10633 10626
f 10624 10631 10629
f 10625 10635 10624
f 10624 10635 10631
f 10625 10636 10635
f 10627 10632 10633
f 10628 10634 10632
f 10629 10631 10634
f 10634 10660 10632
f 10632 10661 10633
f 10635 10663 10631
f 10631 10662 10634
f 10636 10664 10635
f 10636 10665 10664
f 10638 10641 10637
f 10639 10642 10638
f 10639 10647 10642
f 10905 10647 10639
f 10905 10640 10647
f 10637 10636 10625
f 10637 10641 10636
f 10638 10642 10641
f 10647 10646 10642
f 10641 10665 10636
f 10642 10645 10641
f 10641 10645 10665
f 10642 10646 10645
f 10640 10650 10647
f 10640 10651 10650
f 10648 10701 10649
f 10647 10650 10646
f 10650 10703 10646
f 10651 10707 10650
f 10651 10708 10707
f 10909 10708 10651
f 10626 10655 10653
f 10653 10656 10654
f 10654 10657 10652
f 10653 10655 10656
f 10654 10656 10657
f 10633 10661 10675
f 10633 10675 10655
f 10656 10678 10657
f 10655 10676 10656
f 10655 10675 10676
f 10656 10676 10678
f 10658 10667 10659
f 10652 10666 10658
f 10652 10657 10666
f 10658 10666 10667
f 10659 10668 10630
f 10630 10695 10643
f 10659 10667 10668
f 10630 10668 10695
f 10632 10660 10661
f 10634 10662 10660
f 10631 10663 10662
f 10635 10664 10663
f 10657 10677 10666
f 10666 10679 10667
f 10657 10678 10677
f 10666 10677 10679
f 10667 10680 10668
f 10668 10697 10695
f 10667 10679 10680
f 10668 10680 10697
f 10663 10669 10662
f 10664 10672 10663
f 10665 10673 10664
f 10665 10674 10673
f 10660 10670 10661
f 10662 10671 10660
f 10660 10671 10670
f 10662 10669 10671
f 10663 10672 10669
f 10661 10670 10681
f 10664 10673 10672
f 10672 10684 10669
f 10673 10685 10672
f 10674 10686 10673
f 10704 10687 10674
f 10674 10687 10686
f 10661 10681 10675
f 10675 10681 10676
f 10676 10681 10688
f 10677 10690 10679
f 10676 10688 10678
f 10678 10689 10677
f 10678 10688 10689
f 10677 10689 10690
f 10679 10691 10680
f 10680 10711 10697
f 10679 10690 10691
f 10680 10691 10711
f 10669 10682 10671
f 10671 10683 10670
f 10669 10684 10682
f 10671 10682 10683
f 10672 10685 10684
f 10670 10683 10738
f 10684 10722 10682
f 10685 10723 10684
f 10686 10721 10685
f 10673 10686 10685
f 10687 10724 10686
f 10714 10725 10687
f 10670 10738 10681
f 10681 10739 10688
f 10688 10740 10689
f 10689 10692 10690
f 10682 10722 10683
f 10681 10738 10739
f 10688 10739 10740
f 10689 10740 10692
f 10683 10741 10738
f 10690 10693 10691
f 10691 10694 10711
f 10690 10692 10693
f 10691 10693 10694
f 10643 10696 10644
f 10643 10695 10696
f 10644 10700 10648
f 10644 10696 10700
f 10695 10698 10696
f 10695 10697 10698
f 10696 10699 10700
f 10696 10698 10699
f 10648 10700 10701
f 10649 10701 10967
f 10700 10702 10701
f 10701 10969 10967
f 10700 10699 10702
f 10701 10702 10969
f 10645 10674 10665
f 10646 10704 10645
f 10645 10704 10674
f 10650 10707 10703
f 10646 10703 10704
f 10703 10714 10704
f 10704 10714 10687
f 10703 10705 10714
f 10707 10705 10703
f 10707 10706 10705
f 10708 10706 10707
f 10914 10709 10708
f 10914 10710 10709
f 10699 10717 10702
f 10702 10718 10969
f 10708 10709 10706
f 10709 10727 10706
f 10710 10732 10709
f 10697 10712 10698
f 10697 10711 10712
f 10698 10713 10699
f 10698 10712 10713
f 10705 10728 10714
f 10706 10726 10705
f 10711 10694 10715
f 10711 10715 10712
f 10712 10715 10716
f 10694 10791 10715
f 10712 10716 10713
f 10713 10716 10719
f 10715 10792 10716
f 10716 10802 10719
f 10699 10713 10717
f 10702 10717 10718
f 10713 10719 10717
f 10717 10720 10718
f 10717 10719 10720
f 10719 10803 10720
f 10718 10720 10977
f 10720 11021 10977
f 10687 10725 10724
f 10684 10723 10722
f 10685 10721 10723
f 10683 10722 10741
f 10723 10747 10722
f 10724 10750 10721
f 10721 10749 10723
f 10686 10724 10721
f 10728 10752 10725
f 10725 10751 10724
f 10724 10751 10750
f 10725 10752 10751
f 10710 10733 10732
f 10714 10728 10725
f 10705 10726 10728
f 10706 10727 10726
f 10732 10731 10727
f 10726 10729 10728
f 10726 10730 10729
f 10728 10729 10752
f 10727 10730 10726
f 10727 10731 10730
f 10731 10793 10730
f 10734 10795 10731
f 10734 10804 10795
f 10709 10732 10727
f 10733 10734 10732
f 10992 10736 10733
f 10733 10736 10734
f 10992 10995 10736
f 10732 10734 10731
f 10720 10803 11021
f 10736 10804 10734
f 10736 10735 10804
f 10995 10735 10736
f 10995 10737 10735
f 10997 10812 10737
f 10738 10742 10739
f 10739 10744 10740
f 10740 10743 10692
f 10692 10745 10693
f 10693 10746 10694
f 10722 10747 10748
f 10723 10749 10747
f 10721 10750 10749
f 10738 10741 10742
f 10739 10742 10744
f 10740 10744 10743
f 10722 10759 10741
f 10722 10748 10759
f 10692 10743 10745
f 10693 10745 10746
f 10743 10762 10745
f 10745 10763 10746
f 10751 10758 10750
f 10747 10756 10748
f 10750 10757 10749
f 10749 10756 10747
f 10749 10757 10756
f 10750 10758 10757
f 10752 10753 10751
f 10729 10754 10752
f 10729 10794 10754
f 10751 10753 10758
f 10752 10754 10753
f 10741 10760 10742
f 10742 10761 10744
f 10741 10759 10760
f 10742 10760 10761
f 10744 10755 10743
f 10744 10761 10755
f 10743 10755 10762
f 10745 10762 10763
f 10748 10767 10759
f 10748 10756 10767
f 10758 10773 10757
f 10757 10774 10756
f 10753 10776 10758
f 10759 10769 10760
f 10760 10769 10770
f 10760 10770 10761
f 10761 10771 10755
f 10761 10770 10771
f 10754 10777 10753
f 10794 10765 10754
f 10755 10772 10762
f 10755 10771 10772
f 10762 10772 10764
f 10762 10764 10763
f 10757 10773 10774
f 10756 10774 10775
f 10758 10776 10773
f 10794 10766 10765
f 10753 10777 10776
f 10754 10765 10777
f 10759 10767 10768
f 10759 10768 10769
f 10756 10779 10767
f 10769 10781 10770
f 10770 10782 10771
f 10767 10779 10768
f 10768 10780 10769
f 10771 10787 10772
f 10772 10778 10764
f 10756 10775 10779
f 10768 10779 10780
f 10769 10780 10781
f 10776 10783 10773
f 10773 10785 10774
f 10774 10786 10775
f 10777 10784 10776
f 10770 10781 10782
f 10765 10789 10777
f 10766 10788 10765
f 10771 10782 10787
f 10772 10787 10778
f 10764 10778 10814
f 10777 10789 10784
f 10765 10788 10789
f 10766 10790 10788
f 10775 11152 10779
f 10780 11155 10781
f 10781 11154 10782
f 10775 10786 11152
f 10773 10783 10785
f 10774 10785 10786
f 10776 10784 10783
f 10779 11153 10780
f 10779 11152 11153
f 10781 11155 11154
f 10780 11153 11155
f 10782 11154 11156
f 10784 11159 10783
f 10783 11160 10785
f 10785 11160 10786
f 10789 11162 10784
f 10782 11156 10787
f 10787 11157 10778
f 10778 11158 10814
f 10820 11165 10790
f 10788 11161 10789
f 10790 11163 10788
f 10787 11156 11157
f 10778 11157 11158
f 10790 11165 11163
f 10820 11164 11165
f 10694 10746 10791
f 10715 10791 10792
f 10746 10796 10791
f 10791 10796 10799
f 10716 10792 10802
f 10791 10799 10792
f 10792 10799 10800
f 10792 10800 10802
f 10730 10794 10729
f 10730 10793 10794
f 10793 10766 10794
f 10795 10809 10793
f 10731 10795 10793
f 10804 10810 10795
f 10746 10763 10796
f 10763 10797 10796
f 10796 10798 10799
f 10763 10764 10797
f 10796 10797 10798
f 10799 10801 10800
f 10799 10798 10801
f 10719 10802 10803
f 10802 10805 10803
f 10802 10800 10805
f 10803 10806 11021
f 10803 10805 10806
f 10735 10811 10804
f 10737 10813 10735
f 10800 10807 10805
f 10800 10801 10807
f 10805 10807 10808
f 10807 10828 10808
f 10805 10808 10806
f 10806 10808 11025
f 10808 10831 11025
f 10804 10811 10810
f 10793 10809 10766
f 10795 10810 10809
f 10811 10816 10810
f 10813 10818 10811
f 10735 10813 10811
f 10997 11032 10812
f 10737 10812 10813
f 10812 10819 10813
f 10812 10826 10819
f 11032 10826 10812
f 11032 10829 10826
f 11031 10830 10829
f 10764 10814 10797
f 10797 10815 10798
f 10798 10817 10801
f 10801 10827 10807
f 10809 10790 10766
f 10810 10820 10809
f 10810 10816 10820
f 10797 10814 10815
f 10809 10820 10790
f 10798 10815 10817
f 10801 10817 10827
f 10811 10818 10816
f 10813 10819 10818
f 10826 10824 10819
f 10814 11208 10815
f 10815 10821 10817
f 10816 11164 10820
f 10818 11209 10816
f 10814 11158 11208
f 10816 11209 11164
f 10815 11208 10821
f 10818 10823 11209
f 10817 10822 10827
f 10819 10823 10818
f 10819 10824 10823
f 10827 10822 10832
f 10826 10825 10824
f 10817 10821 10822
f 10807 10827 10828
f 10829 10825 10826
f 10808 10828 10831
f 11034 10835 10830
f 10828 10833 10831
f 10831 10834 11039
f 10830 10836 10829
f 11034 10837 10835
f 10827 10832 10828
f 10829 10836 10825
f 10828 10832 10833
f 10830 10835 10836
f 10831 10833 10834
f 10835 11213 10836
f 10837 11223 10835
f 11045 11225 10837
f 10135 10547 10546
f 10135 10838 10547
f 10838 10566 10547
f 10137 10852 10838
f 10496 10839 10840
f 10839 10845 10840
f 10839 10842 10845
f 10497 10840 10841
f 10840 10846 10841
f 10840 10845 10846
f 10842 10843 10844
f 10842 10844 10845
f 10845 10844 10847
f 10845 10847 10846
f 10844 10870 10847
f 10501 10841 10848
f 10841 10846 10849
f 10841 10849 10848
f 10502 10848 10878
f 10848 10849 10880
f 10848 10880 10878
f 10846 10847 10850
f 10846 10850 10849
f 10847 10864 10850
f 10849 10850 10851
f 10849 10851 10880
f 10850 10865 10851
f 10838 10852 10566
f 10852 10567 10566
f 10852 10853 10567
f 10854 10853 10852
f 10137 10854 10852
f 10859 10855 10854
f 10854 10855 10853
f 10855 10856 10853
f 10860 10857 10855
f 10860 10858 10857
f 10853 10573 10567
f 10853 10856 10573
f 10855 10857 10856
f 10857 10905 10856
f 10857 10906 10905
f 10858 10906 10857
f 10858 10902 10906
f 10141 10859 10854
f 10859 10860 10855
f 10144 10860 10859
f 10144 10861 10860
f 10861 10858 10860
f 10861 10862 10858
f 10155 10862 10861
f 10155 10863 10862
f 10889 10904 10863
f 10847 10870 10864
f 10850 10864 10865
f 10862 10902 10858
f 10862 10903 10902
f 10863 10903 10862
f 10863 10904 10903
f 10843 10867 10844
f 10843 10866 10867
f 10866 10868 10869
f 10866 10869 10867
f 10844 10867 10870
f 10867 10869 10871
f 10867 10871 10870
f 10868 10623 10873
f 10868 10873 10869
f 10869 10872 10871
f 10869 10873 10872
f 10871 10872 10876
f 10623 10910 10873
f 10623 10649 10910
f 10873 10910 10913
f 10873 10913 10872
f 10872 10923 10876
f 10872 10913 10923
f 10870 10871 10874
f 10870 10874 10864
f 10864 10874 10875
f 10864 10875 10865
f 10871 10876 10874
f 10874 10876 10877
f 10874 10877 10875
f 10875 10877 10897
f 10876 10923 10922
f 10876 10922 10877
f 10877 10922 10924
f 10877 10924 10897
f 10511 10878 10879
f 10512 10879 10884
f 10878 10880 10881
f 10878 10881 10879
f 10879 10881 10885
f 10880 10882 10881
f 10880 10851 10882
f 10851 10891 10882
f 10881 10886 10885
f 10881 10882 10886
f 10882 10893 10886
f 10515 10884 10883
f 10879 10885 10884
f 10884 10885 10887
f 10884 10887 10883
f 10885 10886 10888
f 10886 10894 10888
f 10885 10888 10887
f 10887 10888 11489
f 10157 10863 10155
f 10157 10889 10863
f 10890 10932 10889
f 10160 10890 10889
f 10890 10934 10932
f 10892 10934 10890
f 10851 10865 10891
f 10865 10895 10891
f 10882 10891 10893
f 10891 10896 10893
f 10889 10932 10904
f 10892 10936 10934
f 11496 10936 10892
f 11496 10937 10936
f 10886 10893 10894
f 10893 10896 10899
f 10893 10899 10894
f 10888 10894 11497
f 10894 10899 11500
f 10894 11500 11497
f 10865 10875 10895
f 10891 10895 10896
f 10875 10897 10895
f 10895 10897 10898
f 10897 10943 10898
f 10895 10898 10896
f 10896 10898 10900
f 10898 10945 10900
f 10897 10924 10943
f 10898 10943 10945
f 10896 10900 10899
f 10899 10900 10901
f 10900 10956 10901
f 10899 10901 11500
f 10901 10959 11502
f 10900 10945 10956
f 10901 10956 10959
f 10904 10917 10903
f 10932 10918 10904
f 10932 10920 10918
f 10906 10640 10905
f 10906 10907 10640
f 10908 10909 10907
f 10902 10907 10906
f 10902 10908 10907
f 10903 10908 10902
f 10903 10917 10908
f 10917 10911 10908
f 10917 10912 10911
f 10907 10651 10640
f 10907 10909 10651
f 10908 10911 10909
f 10649 10967 10910
f 10910 10968 10913
f 10913 10968 10971
f 10913 10971 10923
f 10909 10914 10708
f 10911 10914 10909
f 10911 10915 10914
f 10916 10973 10915
f 10912 10915 10911
f 10919 10916 10912
f 10919 10927 10916
f 10912 10916 10915
f 10927 10974 10916
f 10927 10975 10974
f 10904 10918 10917
f 10918 10912 10917
f 10918 10919 10912
f 10920 10919 10918
f 10933 10921 10920
f 10920 10921 10919
f 10941 10926 10921
f 10923 10982 10922
f 10923 10971 10982
f 10922 10982 10925
f 10922 10925 10924
f 10924 10925 10944
f 10921 10927 10919
f 10921 10926 10927
f 10926 10975 10927
f 10926 10928 10975
f 10929 10928 10926
f 10941 10929 10926
f 10947 10930 10929
f 10929 10930 10928
f 10931 11006 10930
f 10947 10931 10930
f 10948 11010 10931
f 10934 10920 10932
f 10934 10933 10920
f 10936 10933 10934
f 10936 10935 10933
f 10938 10940 10935
f 10937 10935 10936
f 10937 10938 10935
f 10939 10942 10938
f 11525 10938 10937
f 11525 10939 10938
f 11527 10951 10939
f 11527 10952 10951
f 10933 10941 10921
f 10935 10941 10933
f 10935 10940 10941
f 10938 10942 10940
f 10940 10929 10941
f 10940 10947 10929
f 10942 10947 10940
f 10942 10949 10947
f 10951 10949 10942
f 10924 10944 10943
f 10943 10944 10946
f 10943 10946 10945
f 10945 10946 10957
f 10949 10931 10947
f 10949 10948 10931
f 10950 11090 10948
f 10953 10948 10949
f 10953 10950 10948
f 10961 11091 10950
f 10939 10951 10942
f 10952 10953 10951
f 10951 10953 10949
f 10952 10954 10953
f 11533 10954 10952
f 11533 10955 10954
f 11535 10962 10955
f 10945 10957 10956
f 10956 10957 10958
f 10956 10958 10959
f 10959 10958 10960
f 10954 10950 10953
f 10954 10961 10950
f 10962 11094 10961
f 10955 10961 10954
f 10955 10962 10961
f 11535 10963 10962
f 10963 10964 10962
f 11539 10965 10963
f 10950 11091 11090
f 10961 11094 11091
f 10962 10964 11094
f 10963 10965 10964
f 11539 10966 10965
f 10910 10967 10968
f 10967 10970 10968
f 10968 10970 10972
f 10967 10969 10970
f 10968 10972 10971
f 10971 10972 10983
f 10915 10710 10914
f 10915 10973 10710
f 10969 10976 10970
f 10970 10976 10979
f 10973 10733 10710
f 10974 10992 10973
f 10916 10974 10973
f 10975 10993 10974
f 10928 10994 10975
f 10970 10979 10972
f 10972 10979 10980
f 10972 10980 10983
f 10969 10718 10976
f 10718 10977 10976
f 10976 10977 10978
f 10976 10978 10979
f 10977 11022 10978
f 10979 10978 10981
f 10979 10981 10980
f 10980 10981 10989
f 10978 11003 10981
f 10981 11004 10989
f 10971 10983 10982
f 10982 10983 10984
f 10982 10984 10925
f 10925 10984 10985
f 10925 10985 10944
f 10930 11007 10928
f 10983 10987 10984
f 10983 10980 10987
f 10984 10987 10990
f 10984 10990 10985
f 10985 10990 10986
f 10980 10989 10987
f 10987 10989 10988
f 10987 10988 10990
f 10989 11013 10988
f 10990 10988 10991
f 10990 10991 10986
f 10986 10991 11080
f 10988 11016 10991
f 10991 11017 11080
f 10973 10992 10733
f 10974 10993 10992
f 10994 10996 10993
f 10928 11007 10994
f 10975 10994 10993
f 11007 10999 10994
f 11007 11001 10999
f 10993 10995 10992
f 10993 10996 10995
f 10996 10737 10995
f 10999 10997 10996
f 10999 10998 10997
f 10977 11021 11022
f 10978 11022 11003
f 10996 10997 10737
f 10998 11032 10997
f 11000 11031 10998
f 10994 10999 10996
f 11001 10998 10999
f 11001 11000 10998
f 11008 11000 11001
f 11008 11002 11000
f 10981 11003 11004
f 11002 11033 11000
f 11012 11036 11002
f 11000 11033 11031
f 11002 11036 11033
f 11012 11005 11036
f 10930 11006 11007
f 11006 11001 11007
f 11006 11008 11001
f 11010 11008 11006
f 11010 11009 11008
f 10931 11010 11006
f 11090 11009 11010
f 11090 11011 11009
f 11011 11012 11009
f 11092 11014 11011
f 11092 11015 11014
f 11009 11002 11008
f 11009 11012 11002
f 11014 11005 11012
f 10989 11004 11013
f 10988 11013 11016
f 11011 11014 11012
f 11015 11018 11014
f 11096 11019 11015
f 10991 11016 11017
f 11014 11018 11005
f 11015 11019 11018
f 11096 11020 11019
f 11021 11023 11022
f 11021 10806 11023
f 11022 11024 11003
f 11022 11023 11024
f 11023 11026 11024
f 10806 11025 11023
f 11023 11025 11026
f 11025 11039 11026
f 11024 11026 11029
f 11026 11040 11029
f 11003 11024 11027
f 11003 11027 11004
f 11004 11027 11028
f 11024 11029 11027
f 11027 11030 11028
f 11027 11029 11030
f 11029 11047 11030
f 11028 11030 11054
f 11030 11048 11054
f 10998 11031 11032
f 11033 10830 11031
f 11036 11034 11033
f 11031 10829 11032
f 11033 11034 10830
f 11036 11035 11034
f 11005 11035 11036
f 11018 11037 11005
f 11018 11038 11037
f 11005 11037 11035
f 11059 11041 11038
f 11060 11049 11059
f 11025 10831 11039
f 11035 10837 11034
f 11039 11042 11040
f 11035 11045 10837
f 11026 11039 11040
f 11029 11040 11047
f 11037 11045 11035
f 11040 11043 11047
f 11037 11046 11045
f 11038 11041 11046
f 11039 10834 11042
f 11040 11042 11043
f 11047 11043 11044
f 11041 11228 11046
f 11046 11227 11045
f 11046 11228 11227
f 11041 11255 11228
f 11049 11255 11041
f 11049 11257 11255
f 11038 11046 11037
f 11059 11049 11041
f 11047 11044 11048
f 11030 11047 11048
f 11060 11050 11049
f 11048 11051 11064
f 11048 11044 11051
f 11064 11051 11052
f 11050 11257 11049
f 11050 11258 11257
f 11066 11267 11258
f 11066 11258 11050
f 11067 11267 11066
f 11067 11270 11267
f 11004 11028 11013
f 11013 11028 11053
f 11013 11053 11016
f 11016 11053 11056
f 11028 11054 11053
f 11053 11055 11056
f 11054 11064 11055
f 11053 11054 11055
f 11055 11065 11058
f 11016 11056 11017
f 11017 11056 11057
f 11056 11058 11057
f 11056 11055 11058
f 11057 11058 11116
f 11058 11071 11116
f 11019 11038 11018
f 11019 11059 11038
f 11020 11059 11019
f 11020 11060 11059
f 11061 11050 11060
f 11062 11066 11061
f 11102 11060 11020
f 11102 11061 11060
f 11103 11061 11102
f 11103 11062 11061
f 11063 11067 11062
f 11122 11068 11063
f 11054 11048 11064
f 11061 11066 11050
f 11064 11052 11065
f 11055 11064 11065
f 11062 11067 11066
f 11065 11069 11071
f 11065 11052 11069
f 11071 11069 11070
f 11068 11270 11067
f 11068 11271 11270
f 11073 11290 11271
f 11073 11271 11068
f 11074 11292 11290
f 11058 11065 11071
f 11063 11068 11067
f 11071 11070 11072
f 11116 11071 11072
f 11122 11073 11068
f 11123 11074 11073
f 11072 11075 11126
f 11072 11070 11075
f 11126 11075 11076
f 11074 11290 11073
f 11128 11292 11074
f 11128 11293 11292
f 11129 11293 11128
f 11129 11296 11293
f 11131 11297 11296
f 10944 10985 11077
f 10944 11077 10946
f 10946 11077 11078
f 10946 11078 10957
f 10957 11078 11084
f 10985 10986 11077
f 11077 10986 11079
f 11077 11079 11078
f 11078 11079 11082
f 11078 11082 11084
f 10986 11080 11079
f 11079 11080 11081
f 11080 11097 11081
f 11079 11081 11082
f 11082 11081 11083
f 11082 11083 11086
f 11081 11100 11083
f 10957 11084 10958
f 10958 11084 11085
f 10958 11085 10960
f 10960 11085 11572
f 11084 11082 11086
f 11084 11086 11085
f 11085 11086 11088
f 11085 11088 11572
f 11572 11088 11574
f 11086 11083 11087
f 11086 11087 11088
f 11083 11101 11087
f 11087 11135 11089
f 11088 11087 11089
f 11088 11089 11574
f 11574 11089 11575
f 11089 11138 11575
f 10948 11090 11010
f 11091 11011 11090
f 11091 11092 11011
f 11094 11092 11091
f 11094 11093 11092
f 11093 11015 11092
f 11093 11096 11015
f 10964 11093 11094
f 10964 11095 11093
f 11095 11096 11093
f 11095 11098 11096
f 11106 11098 11095
f 11106 11099 11098
f 11098 11020 11096
f 11099 11102 11098
f 11080 11017 11097
f 11081 11097 11100
f 11107 11103 11099
f 11083 11100 11101
f 11099 11103 11102
f 11098 11102 11020
f 11107 11104 11103
f 10965 11095 10964
f 10965 11106 11095
f 11108 11099 11106
f 11108 11107 11099
f 10966 11106 10965
f 10966 11108 11106
f 11548 11108 10966
f 11548 11109 11108
f 11109 11107 11108
f 11109 11110 11107
f 11587 11110 11109
f 11587 11111 11110
f 11110 11104 11107
f 11111 11105 11110
f 11087 11101 11135
f 11591 11112 11111
f 11089 11135 11138
f 11575 11138 11605
f 11110 11105 11104
f 11111 11112 11105
f 11591 11113 11112
f 11592 11114 11113
f 11017 11057 11097
f 11097 11057 11115
f 11097 11115 11100
f 11100 11115 11118
f 11057 11116 11115
f 11115 11117 11118
f 11115 11116 11117
f 11116 11072 11117
f 11117 11126 11120
f 11100 11118 11101
f 11101 11118 11119
f 11118 11117 11120
f 11118 11120 11119
f 11120 11127 11121
f 11119 11120 11121
f 11104 11063 11062
f 11104 11062 11103
f 11105 11122 11063
f 11123 11073 11122
f 11124 11074 11123
f 11105 11063 11104
f 11112 11123 11122
f 11112 11122 11105
f 11113 11124 11123
f 11125 11128 11124
f 11141 11129 11125
f 11117 11072 11126
f 11124 11128 11074
f 11120 11126 11127
f 11125 11129 11128
f 11126 11076 11127
f 11127 11076 11130
f 11127 11130 11132
f 11132 11130 11333
f 11131 11296 11129
f 11133 11298 11297
f 11133 11297 11131
f 11134 11298 11133
f 11121 11127 11132
f 11141 11131 11129
f 11142 11133 11131
f 11132 11333 11145
f 11145 11333 11340
f 11145 11340 11146
f 11146 11340 11341
f 11147 11334 11134
f 11148 11335 11147
f 11101 11119 11135
f 11135 11119 11136
f 11135 11136 11138
f 11119 11121 11136
f 11136 11121 11137
f 11136 11137 11139
f 11138 11136 11139
f 11138 11139 11605
f 11605 11139 11607
f 11139 11137 11140
f 11139 11140 11607
f 11607 11140 11144
f 11113 11123 11112
f 11114 11125 11124
f 11114 11124 11113
f 11594 11141 11125
f 11594 11125 11114
f 11611 11141 11594
f 11611 11142 11141
f 11612 11143 11142
f 11121 11132 11137
f 11137 11145 11140
f 11140 11146 11144
f 11144 11150 11614
f 11142 11131 11141
f 11137 11132 11145
f 11143 11134 11133
f 11149 11147 11134
f 11143 11133 11142
f 11149 11134 11143
f 11140 11145 11146
f 11617 11148 11147
f 11146 11341 11150
f 11144 11146 11150
f 11617 11147 11149
f 11618 11148 11617
f 11150 11354 11151
f 11618 11356 11148
f 11614 11150 11151
f 11620 11357 11356
f 10786 11166 11152
f 10786 11160 11166
f 10783 11159 11160
f 10789 11161 11162
f 10784 11162 11159
f 11152 11168 11153
f 11152 11166 11168
f 11153 11169 11155
f 11155 11167 11154
f 11153 11168 11169
f 11155 11169 11167
f 11154 11167 11175
f 10788 11163 11161
f 11156 11176 11157
f 11157 11179 11158
f 11154 11175 11156
f 11156 11175 11176
f 11157 11176 11179
f 11158 11179 11215
f 11162 11171 11159
f 11159 11172 11160
f 11161 11174 11162
f 11165 11177 11163
f 11163 11170 11161
f 11164 11178 11165
f 11209 11181 11164
f 11164 11181 11178
f 11209 11180 11181
f 11160 11184 11166
f 11162 11174 11171
f 11161 11170 11174
f 11159 11171 11172
f 11160 11172 11173
f 11160 11173 11184
f 11166 11184 11168
f 11168 11185 11169
f 11169 11186 11167
f 11167 11187 11175
f 11168 11184 11185
f 11169 11185 11186
f 11167 11186 11187
f 11177 11191 11170
f 11163 11177 11170
f 11165 11178 11177
f 11175 11192 11176
f 11176 11182 11179
f 11179 11183 11215
f 11176 11192 11182
f 11175 11187 11192
f 11179 11182 11183
f 11178 11190 11177
f 11181 11193 11178
f 11180 11194 11181
f 11216 11195 11180
f 11173 11197 11184
f 11174 11189 11171
f 11171 11198 11172
f 11172 11198 11173
f 11170 11188 11174
f 11186 11202 11187
f 11177 11190 11191
f 11170 11191 11188
f 11184 11200 11185
f 11185 11201 11186
f 11174 11188 11189
f 11171 11189 11198
f 11173 11198 11197
f 11184 11197 11199
f 11184 11199 11200
f 11185 11200 11201
f 11186 11201 11202
f 11187 11202 11204
f 11197 11193 11194
f 11187 11204 11192
f 11192 11205 11182
f 11178 11193 11190
f 11181 11194 11193
f 11180 11195 11194
f 11216 11196 11195
f 11182 11203 11183
f 11183 11206 11218
f 11192 11204 11205
f 11197 11194 11195
f 11182 11205 11203
f 11197 11196 11238
f 11197 11195 11196
f 11183 11203 11206
f 11197 11238 11236
f 11218 11206 11207
f 11197 11236 11237
f 11197 11189 11188
f 11197 11188 11191
f 11197 11198 11189
f 11197 11191 11190
f 11197 11190 11193
f 11158 11215 11208
f 11208 11217 10821
f 11208 11215 11217
f 10821 11217 11210
f 10821 11210 10822
f 10822 11214 10832
f 10822 11210 11214
f 10832 11214 11224
f 10823 11180 11209
f 10824 11216 10823
f 10823 11216 11180
f 10824 11211 11216
f 10825 11211 10824
f 10836 11212 10825
f 10836 11213 11212
f 10825 11212 11211
f 11215 11218 11217
f 11217 11219 11210
f 11212 11238 11211
f 11215 11183 11218
f 11217 11218 11219
f 11210 11219 11220
f 11211 11196 11216
f 11212 11236 11238
f 11213 11237 11236
f 11210 11220 11214
f 11214 11221 11224
f 11224 11221 11222
f 11213 11236 11212
f 11223 11237 11213
f 11214 11220 11221
f 11223 11239 11237
f 11225 11240 11239
f 10832 11224 10833
f 10833 11224 11226
f 10833 11226 10834
f 10834 11226 11229
f 10834 11229 11042
f 11042 11229 11230
f 10835 11223 11213
f 10837 11225 11223
f 11045 11227 11225
f 11228 11241 11227
f 11255 11247 11228
f 11224 11222 11226
f 11226 11222 11231
f 11226 11231 11229
f 11229 11231 11232
f 11225 11239 11223
f 11227 11240 11225
f 11227 11241 11240
f 11228 11247 11241
f 11229 11232 11230
f 11230 11232 11233
f 11255 11248 11247
f 11257 11249 11248
f 11211 11238 11196
f 11218 11207 11219
f 11219 11242 11220
f 11197 11237 11239
f 11219 11207 11242
f 11197 11239 11240
f 11197 11240 11241
f 11220 11242 11243
f 11197 11241 11247
f 11221 11243 11244
f 11220 11243 11221
f 11221 11244 11222
f 11197 11248 11249
f 11222 11245 11231
f 11197 11249 11234
f 11197 11234 11235
f 11197 11247 11248
f 11222 11244 11245
f 11283 11202 11201
f 11283 11201 11200
f 11283 11200 11199
f 11283 11199 11197
f 11231 11245 11246
f 11283 11205 11204
f 11283 11204 11202
f 11283 11206 11203
f 11283 11203 11205
f 11231 11246 11232
f 11197 11235 11262
f 11232 11250 11233
f 11197 11262 11263
f 11197 11263 11265
f 11232 11246 11250
f 11283 11207 11206
f 11283 11242 11207
f 11233 11250 11251
f 11283 11245 11244
f 11283 11244 11243
f 11283 11243 11242
f 11233 11251 11260
f 11197 11265 11266
f 11260 11252 11261
f 11197 11266 11275
f 11283 11197 11275
f 11260 11251 11252
f 11283 11246 11245
f 11283 11250 11246
f 11261 11252 11253
f 11283 11251 11250
f 11283 11252 11251
f 11042 11230 11043
f 11043 11230 11256
f 11043 11256 11044
f 11044 11256 11259
f 11044 11259 11051
f 11257 11248 11255
f 11258 11249 11257
f 11267 11234 11258
f 11270 11235 11267
f 11230 11233 11256
f 11256 11233 11260
f 11256 11260 11259
f 11259 11260 11261
f 11258 11234 11249
f 11267 11235 11234
f 11259 11261 11268
f 11268 11261 11264
f 11270 11262 11235
f 11271 11263 11262
f 11051 11259 11268
f 11051 11268 11052
f 11052 11268 11269
f 11052 11269 11069
f 11069 11269 11272
f 11271 11262 11270
f 11290 11263 11271
f 11292 11265 11290
f 11268 11264 11269
f 11269 11264 11273
f 11269 11273 11272
f 11272 11273 11274
f 11290 11265 11263
f 11292 11266 11265
f 11272 11274 11291
f 11293 11275 11266
f 11296 11283 11275
f 11291 11274 11276
f 11261 11253 11264
f 11264 11253 11254
f 11283 11253 11252
f 11273 11254 11278
f 11283 11254 11253
f 11283 11278 11254
f 11264 11254 11273
f 11273 11278 11274
f 11274 11278 11279
f 11283 11279 11278
f 11283 11280 11279
f 11276 11279 11280
f 11283 11281 11280
f 11274 11279 11276
f 11276 11280 11277
f 11277 11280 11281
f 11283 11282 11281
f 11283 11286 11282
f 11301 11281 11282
f 11283 11287 11286
f 11283 11284 11285
f 11283 11285 11302
f 11277 11281 11301
f 11283 11302 11303
f 11305 11282 11286
f 11301 11282 11305
f 11283 11288 11287
f 11283 11289 11288
f 11306 11286 11287
f 11283 11309 11289
f 11283 11310 11309
f 11070 11272 11291
f 11069 11272 11070
f 11070 11291 11075
f 11075 11291 11294
f 11293 11266 11292
f 11296 11275 11293
f 11297 11283 11296
f 11298 11284 11297
f 11291 11276 11294
f 11297 11284 11283
f 11294 11276 11277
f 11295 11277 11301
f 11298 11285 11284
f 11294 11277 11295
f 11295 11301 11299
f 11299 11301 11305
f 11334 11302 11285
f 11335 11303 11302
f 11075 11294 11076
f 11076 11294 11295
f 11076 11295 11130
f 11130 11295 11299
f 11333 11299 11300
f 11334 11285 11298
f 11300 11305 11306
f 11299 11305 11300
f 11336 11304 11303
f 11335 11302 11334
f 11336 11303 11335
f 11300 11306 11337
f 11283 11303 11304
f 11283 11304 11307
f 11305 11286 11306
f 11283 11307 11308
f 11283 11308 11311
f 11306 11287 11312
f 11283 11311 11315
f 11283 11315 11316
f 11312 11288 11313
f 11312 11287 11288
f 11283 11319 11310
f 11283 11320 11319
f 11313 11288 11289
f 11283 11321 11320
f 11283 11322 11321
f 11283 11316 11317
f 11314 11289 11309
f 11283 11317 11318
f 11283 11318 11325
f 11283 11325 11326
f 11283 11323 11322
f 11283 11324 11323
f 11347 11309 11310
f 11337 11306 11312
f 11342 11307 11304
f 11313 11289 11314
f 11338 11312 11313
f 11343 11308 11307
f 11345 11311 11308
f 11314 11309 11347
f 11348 11310 11319
f 11283 11326 11327
f 11283 11327 11376
f 11283 11376 11377
f 11349 11319 11320
f 11347 11310 11348
f 11348 11319 11349
f 11283 11328 11324
f 11283 11329 11328
f 11283 11331 11330
f 11283 11330 11329
f 11283 11377 11378
f 11283 11332 11331
f 11283 11378 11379
f 11283 11379 11383
f 11283 11383 11384
f 11283 11384 11387
f 11283 11380 11332
f 11283 11382 11381
f 11283 11381 11380
f 11283 11388 11391
f 11283 11391 11390
f 11283 11390 11385
f 11283 11385 11382
f 11283 11387 11386
f 11283 11386 11388
f 11351 11320 11321
f 11352 11321 11322
f 11353 11322 11323
f 11130 11299 11333
f 11340 11300 11337
f 11333 11300 11340
f 11340 11337 11341
f 11134 11334 11298
f 11147 11335 11334
f 11341 11337 11338
f 11342 11304 11336
f 11337 11312 11338
f 11338 11313 11339
f 11343 11307 11342
f 11345 11308 11343
f 11341 11338 11354
f 11148 11336 11335
f 11356 11336 11148
f 11356 11342 11336
f 11357 11343 11342
f 11354 11338 11339
f 11355 11339 11344
f 11354 11339 11355
f 11339 11313 11314
f 11344 11314 11347
f 11346 11315 11311
f 11364 11316 11315
f 11339 11314 11344
f 11346 11311 11345
f 11350 11347 11348
f 11367 11317 11316
f 11349 11320 11351
f 11351 11321 11352
f 11368 11318 11317
f 11370 11325 11318
f 11371 11326 11325
f 11344 11347 11350
f 11364 11315 11346
f 11365 11348 11349
f 11350 11348 11365
f 11367 11316 11364
f 11365 11349 11366
f 11366 11349 11351
f 11368 11317 11367
f 11369 11351 11352
f 11370 11318 11368
f 11371 11325 11370
f 11373 11326 11371
f 11150 11341 11354
f 11151 11354 11355
f 11357 11342 11356
f 11358 11343 11357
f 11355 11344 11359
f 11359 11344 11350
f 11360 11350 11365
f 11359 11350 11360
f 11358 11345 11343
f 11362 11346 11345
f 11362 11345 11358
f 11363 11364 11346
f 11619 11355 11359
f 11151 11355 11619
f 11621 11358 11357
f 11814 11359 11360
f 11360 11365 11361
f 11363 11346 11362
f 11816 11364 11363
f 11361 11365 11366
f 11816 11367 11364
f 11366 11351 11369
f 11369 11352 11372
f 11372 11352 11353
f 11374 11353 11389
f 11372 11353 11374
f 11374 11389 11375
f 11815 11366 11369
f 11361 11366 11815
f 11815 11369 11818
f 11818 11369 11372
f 11819 11368 11367
f 11820 11370 11368
f 11819 11367 11816
f 11820 11368 11819
f 11822 11372 11374
f 11821 11371 11370
f 11825 11373 11371
f 11826 11398 11373
f 11389 11323 11324
f 11392 11324 11328
f 11352 11322 11353
f 11353 11323 11389
f 11373 11327 11326
f 11393 11328 11329
f 11394 11329 11330
f 11395 11330 11331
f 11396 11331 11332
f 11389 11324 11392
f 11398 11376 11327
f 11399 11377 11376
f 11400 11378 11377
f 11392 11328 11393
f 11393 11329 11394
f 11402 11379 11378
f 11407 11383 11379
f 11397 11332 11380
f 11403 11380 11381
f 11404 11381 11382
f 11408 11384 11383
f 11411 11386 11387
f 11409 11387 11384
f 11405 11382 11385
f 11406 11385 11390
f 11412 11388 11386
f 11414 11391 11388
f 11394 11330 11395
f 11395 11331 11396
f 11396 11332 11397
f 11413 11390 11391
f 11398 11327 11373
f 11399 11376 11398
f 11400 11377 11399
f 11402 11378 11400
f 11375 11389 11392
f 11401 11392 11393
f 11407 11379 11402
f 11408 11383 11407
f 11397 11380 11403
f 11403 11381 11404
f 11404 11382 11405
f 11405 11385 11406
f 11406 11390 11413
f 11413 11391 11414
f 11409 11384 11408
f 11412 11386 11410
f 11410 11386 11411
f 11411 11387 11409
f 11414 11388 11412
f 11375 11392 11401
f 11401 11393 11841
f 11841 11393 11394
f 11842 11394 11395
f 11845 11399 11398
f 11841 11394 11842
f 11842 11395 11843
f 11843 11395 11396
f 11844 11396 11397
f 11848 11397 11403
f 11849 11403 11404
f 10241 11416 11417
f 11416 11419 11421
f 11416 11421 11417
f 10242 11417 11418
f 11417 11421 11424
f 11417 11424 11418
f 10243 11418 11428
f 11418 11424 11433
f 11419 11420 11422
f 11419 11422 11421
f 11420 10516 11423
f 10516 11487 11423
f 11420 11423 11422
f 11422 11423 11426
f 11421 11425 11424
f 11421 11422 11425
f 11424 11434 11433
f 11424 11425 11434
f 11422 11426 11425
f 11423 11491 11426
f 11425 11426 11437
f 11425 11437 11434
f 11426 11492 11437
f 10243 11428 11427
f 11427 11431 11429
f 11418 11433 11428
f 11427 11428 11431
f 11428 11433 11435
f 11428 11435 11431
f 10225 11429 11430
f 10225 11430 11415
f 11429 11432 11430
f 11429 11431 11432
f 11431 11435 11439
f 11431 11439 11432
f 11433 11434 11436
f 11433 11436 11435
f 11434 11437 11438
f 11437 11507 11438
f 11434 11438 11436
f 11435 11436 11440
f 11435 11440 11439
f 11436 11438 11441
f 11436 11441 11440
f 11440 11441 11468
f 11438 11511 11441
f 11441 11687 11468
f 10289 10290 11451
f 10290 11442 11450
f 10224 11415 11445
f 10224 11445 11444
f 11444 11445 11448
f 10288 11443 11446
f 10288 11446 11442
f 11443 11444 11447
f 11443 11447 11446
f 11442 11446 11455
f 11446 11447 11456
f 11444 11448 11447
f 11447 11448 11457
f 10289 11451 11449
f 11449 11451 11453
f 10290 11450 11451
f 11451 11450 11454
f 11449 11453 11452
f 11452 14449 14448
f 11452 11453 14449
f 11451 11454 11453
f 11453 14450 14449
f 11453 11454 14450
f 11442 11455 11450
f 11446 11456 11455
f 11450 11455 11458
f 11455 11456 11459
f 11455 11459 11458
f 11447 11457 11456
f 11456 11457 11460
f 11456 11460 11459
f 11450 11458 11454
f 11454 11458 14457
f 11454 14457 14450
f 11458 11459 14458
f 11458 14458 14457
f 11459 11460 11461
f 11459 11461 14458
f 11415 11430 11462
f 11415 11462 11445
f 11430 11463 11462
f 11445 11462 11464
f 11430 11432 11463
f 11432 11439 11466
f 11432 11466 11463
f 11462 11463 11465
f 11463 11466 11469
f 11445 11464 11448
f 11462 11465 11464
f 11448 11464 11473
f 11464 11474 11473
f 11463 11469 11465
f 11464 11465 11474
f 11465 11469 11479
f 11465 11479 11474
f 11439 11467 11466
f 11439 11440 11467
f 11466 11467 11470
f 11440 11468 11467
f 11467 11468 11471
f 11467 11471 11470
f 11468 11688 11471
f 11466 11470 11469
f 11469 11480 11479
f 11469 11470 11480
f 11470 11471 11472
f 11471 11690 11472
f 11470 11472 11480
f 11448 11473 11457
f 11457 11473 11476
f 11457 11476 11460
f 11473 11475 11476
f 11473 11474 11475
f 11474 11479 11481
f 11474 11481 11475
f 11460 11476 11477
f 11460 11477 11461
f 11476 11478 11477
f 11476 11475 11478
f 11475 11481 11484
f 11475 11484 11478
f 11478 11484 14481
f 11479 11480 11482
f 11479 11482 11481
f 11480 11472 11483
f 11480 11483 11482
f 11472 11707 11483
f 11482 11483 11486
f 11481 11485 11484
f 11481 11482 11485
f 11484 11485 14484
f 11482 11486 11485
f 11483 11711 11486
f 11485 11486 14485
f 11486 11712 14485
f 10516 10883 11487
f 11423 11487 11491
f 10883 10887 11488
f 10883 11488 11487
f 11487 11488 11493
f 11487 11493 11491
f 10887 11489 11488
f 10888 11497 11489
f 11488 11489 11490
f 11488 11490 11493
f 11489 11498 11490
f 11426 11491 11492
f 11491 11493 11494
f 11491 11494 11492
f 11493 11495 11494
f 11493 11490 11495
f 11490 11499 11495
f 11494 11495 11509
f 10324 10937 11496
f 10324 11525 10937
f 10329 11525 10324
f 10329 11526 11525
f 11489 11497 11498
f 11497 11500 11501
f 11497 11501 11498
f 10330 11526 10329
f 10330 11529 11526
f 10342 11530 11529
f 11490 11498 11499
f 11498 11504 11499
f 11495 11499 11515
f 11498 11501 11504
f 11500 11502 11501
f 11500 10901 11502
f 11501 11503 11504
f 11501 11502 11503
f 11502 11537 11503
f 11502 10959 11537
f 11503 11537 11538
f 11499 11504 11505
f 11499 11505 11515
f 11504 11503 11506
f 11504 11506 11505
f 11505 11506 11518
f 11503 11538 11506
f 11506 11538 11545
f 11506 11545 11518
f 11518 11545 11559
f 11437 11492 11507
f 11492 11494 11508
f 11492 11508 11507
f 11438 11507 11511
f 11507 11508 11512
f 11494 11509 11508
f 11495 11515 11509
f 11508 11509 11510
f 11508 11510 11512
f 11509 11516 11510
f 11507 11512 11511
f 11511 11512 11513
f 11441 11511 11687
f 11511 11513 11687
f 11512 11510 11514
f 11510 11520 11514
f 11512 11514 11513
f 11513 11514 11691
f 10347 11549 11530
f 11509 11515 11516
f 10348 11552 11549
f 10359 11553 11552
f 11515 11505 11517
f 11515 11517 11516
f 11516 11517 11521
f 11505 11518 11517
f 11517 11518 11519
f 11517 11519 11521
f 11518 11559 11519
f 11519 11559 11560
f 11519 11560 11523
f 11510 11516 11520
f 11516 11521 11520
f 11514 11520 11695
f 11520 11521 11522
f 11520 11522 11695
f 11521 11519 11523
f 11521 11523 11522
f 11523 11560 11566
f 11523 11566 11524
f 11522 11523 11524
f 11524 11566 11643
f 11526 10939 11525
f 11529 11527 11526
f 11526 11527 10939
f 11528 10952 11527
f 11528 11533 10952
f 11529 11528 11527
f 11531 11533 11528
f 11531 11534 11533
f 11530 11528 11529
f 11549 11531 11530
f 11530 11531 11528
f 11532 11534 11531
f 11532 11541 11534
f 11549 11532 11531
f 11550 11541 11532
f 11550 11542 11541
f 11534 10955 11533
f 11534 11535 10955
f 11536 10963 11535
f 11541 11535 11534
f 11541 11536 11535
f 11543 11539 11536
f 10959 10960 11537
f 11537 10960 11571
f 11537 11571 11538
f 11538 11571 11580
f 11536 11539 10963
f 11540 10966 11539
f 11543 11540 11539
f 11546 11548 11540
f 11542 11536 11541
f 11542 11543 11536
f 11544 11540 11543
f 11555 11543 11542
f 11555 11544 11543
f 11538 11580 11545
f 11545 11580 11582
f 11545 11582 11559
f 11544 11546 11540
f 11547 11588 11546
f 11557 11546 11544
f 11557 11547 11546
f 11561 11595 11547
f 11540 11548 10966
f 11546 11588 11548
f 11547 11595 11588
f 11561 11596 11595
f 11552 11532 11549
f 11552 11550 11532
f 11551 11542 11550
f 11551 11555 11542
f 11553 11551 11550
f 11554 11555 11551
f 11554 11556 11555
f 11553 11550 11552
f 11721 11551 11553
f 11723 11556 11554
f 11723 11564 11556
f 11721 11554 11551
f 11724 11564 11723
f 11556 11544 11555
f 11556 11557 11544
f 11564 11557 11556
f 11564 11558 11557
f 11559 11636 11560
f 11558 11547 11557
f 11558 11561 11547
f 11562 11596 11561
f 11563 11598 11562
f 11567 11561 11558
f 11567 11562 11561
f 11569 11563 11562
f 11724 11565 11564
f 11565 11567 11558
f 11565 11558 11564
f 11728 11567 11565
f 11728 11569 11567
f 11569 11562 11567
f 11570 11563 11569
f 11570 11568 11563
f 11730 11568 11570
f 11730 11645 11568
f 10960 11572 11571
f 11571 11572 11573
f 11571 11573 11580
f 11580 11573 11581
f 11572 11574 11573
f 11573 11576 11581
f 11573 11574 11576
f 11574 11575 11576
f 11575 11605 11578
f 11576 11575 11578
f 11581 11576 11577
f 11576 11578 11577
f 11578 11606 11579
f 11577 11578 11579
f 11580 11581 11582
f 11582 11581 11583
f 11559 11582 11636
f 11582 11583 11636
f 11636 11583 11584
f 11581 11577 11583
f 11583 11577 11585
f 11577 11579 11585
f 11585 11579 11603
f 11583 11585 11584
f 11584 11585 11586
f 11585 11603 11586
f 11586 11603 11604
f 11586 11604 11640
f 11588 11109 11548
f 11588 11587 11109
f 11589 11111 11587
f 11589 11591 11111
f 11595 11587 11588
f 11595 11589 11587
f 11590 11591 11589
f 11590 11592 11591
f 11597 11592 11590
f 11592 11113 11591
f 11593 11114 11592
f 11600 11594 11593
f 11597 11593 11592
f 11593 11594 11114
f 11600 11611 11594
f 11601 11612 11611
f 11596 11589 11595
f 11596 11590 11589
f 11598 11590 11596
f 11598 11597 11590
f 11599 11593 11597
f 11562 11598 11596
f 11648 11597 11598
f 11648 11599 11597
f 11599 11600 11593
f 11601 11611 11600
f 11602 11612 11601
f 11651 11600 11599
f 11651 11601 11600
f 11652 11601 11651
f 11652 11602 11601
f 11653 11613 11602
f 11579 11609 11603
f 11603 11623 11604
f 11604 11624 11660
f 11605 11607 11606
f 11578 11605 11606
f 11606 11607 11608
f 11607 11144 11608
f 11608 11614 11610
f 11579 11606 11609
f 11606 11608 11609
f 11609 11608 11610
f 11609 11610 11623
f 11612 11142 11611
f 11613 11143 11612
f 11613 11149 11143
f 11626 11617 11149
f 11626 11149 11613
f 11627 11617 11626
f 11608 11144 11614
f 11614 11151 11615
f 11610 11614 11615
f 11610 11615 11629
f 11629 11615 11616
f 11615 11619 11616
f 11616 11814 11631
f 11615 11151 11619
f 11620 11356 11618
f 11621 11357 11620
f 11627 11618 11617
f 11628 11620 11618
f 11616 11619 11814
f 11631 11814 11817
f 11603 11609 11623
f 11623 11610 11629
f 11623 11629 11624
f 11624 11629 11630
f 11604 11623 11624
f 11667 11626 11653
f 11624 11630 11625
f 11660 11624 11625
f 11602 11613 11612
f 11653 11626 11613
f 11628 11618 11627
f 11667 11627 11626
f 11668 11628 11627
f 11629 11616 11630
f 11630 11616 11631
f 11630 11631 11632
f 11631 11817 11633
f 11625 11630 11632
f 11632 11631 11633
f 11632 11633 11671
f 11671 11633 11634
f 11635 11621 11620
f 11635 11620 11628
f 11675 11622 11621
f 11676 11827 11622
f 11675 11621 11635
f 11676 11622 11675
f 11560 11636 11637
f 11636 11584 11637
f 11637 11584 11638
f 11560 11637 11566
f 11566 11637 11642
f 11637 11638 11642
f 11568 11648 11563
f 11642 11638 11639
f 11584 11586 11638
f 11638 11586 11640
f 11638 11640 11639
f 11639 11640 11641
f 11566 11642 11643
f 11642 11639 11644
f 11643 11644 11750
f 11643 11642 11644
f 11645 11649 11568
f 11752 11650 11645
f 11753 11656 11752
f 11644 11639 11646
f 11644 11646 11754
f 11754 11646 11647
f 11639 11641 11646
f 11646 11641 11663
f 11646 11663 11647
f 11647 11665 11755
f 11563 11648 11598
f 11649 11599 11648
f 11649 11651 11599
f 11650 11652 11651
f 11568 11649 11648
f 11650 11651 11649
f 11656 11652 11650
f 11654 11602 11652
f 11654 11653 11602
f 11655 11667 11653
f 11656 11654 11652
f 11655 11653 11654
f 11657 11667 11655
f 11645 11650 11649
f 11752 11656 11650
f 11753 11658 11656
f 11658 11654 11656
f 11658 11655 11654
f 11659 11657 11655
f 11659 11655 11658
f 11766 11679 11657
f 11766 11657 11659
f 11640 11604 11660
f 11640 11660 11641
f 11660 11625 11661
f 11641 11660 11661
f 11641 11661 11663
f 11663 11661 11662
f 11661 11670 11662
f 11663 11662 11665
f 11662 11673 11664
f 11665 11662 11664
f 11647 11663 11665
f 11665 11664 11768
f 11768 11664 11666
f 11664 11681 11666
f 11666 11683 11770
f 11668 11627 11667
f 11661 11625 11670
f 11669 11628 11668
f 11657 11668 11667
f 11662 11670 11673
f 11678 11635 11669
f 11669 11635 11628
f 11625 11632 11670
f 11670 11632 11671
f 11670 11671 11673
f 11673 11671 11672
f 11671 11634 11672
f 11672 11634 11868
f 11672 11868 11674
f 11673 11672 11681
f 11682 11675 11678
f 11681 11672 11674
f 11678 11675 11635
f 11677 11827 11676
f 11682 11676 11675
f 11685 11677 11676
f 11679 11668 11657
f 11679 11669 11668
f 11680 11669 11679
f 11680 11678 11669
f 11780 11680 11679
f 11779 11682 11678
f 11779 11678 11680
f 11664 11673 11681
f 11666 11681 11683
f 11685 11676 11682
f 11681 11674 11683
f 11683 11674 11877
f 11683 11877 11684
f 11686 11677 11685
f 11782 11682 11779
f 11782 11685 11682
f 11770 11683 11684
f 11783 11686 11685
f 11468 11687 11688
f 11687 11513 11689
f 11687 11689 11688
f 11688 11689 11692
f 11513 11691 11689
f 11471 11688 11690
f 11688 11692 11690
f 11472 11690 11707
f 10360 11721 11553
f 10360 11553 10359
f 10365 11721 10360
f 10365 11722 11721
f 11703 11722 10365
f 11703 11725 11722
f 11514 11695 11691
f 11689 11691 11693
f 11689 11693 11692
f 11691 11696 11693
f 11690 11692 11708
f 11690 11708 11707
f 11692 11693 11694
f 11693 11700 11694
f 11692 11694 11708
f 11691 11695 11696
f 11695 11522 11697
f 11695 11697 11696
f 11696 11697 11699
f 11522 11524 11697
f 11697 11524 11698
f 11524 11643 11698
f 11697 11698 11699
f 11699 11698 11702
f 11698 11750 11702
f 11693 11696 11700
f 11696 11699 11700
f 11694 11700 11716
f 11700 11699 11701
f 11700 11701 11716
f 11699 11702 11701
f 11701 11702 11745
f 11704 11725 11703
f 11704 11727 11725
f 11705 11727 11704
f 11705 11735 11727
f 11706 11735 11705
f 13829 11705 11704
f 11706 11736 11735
f 14605 11736 11706
f 14605 11737 11736
f 11707 11708 11710
f 11483 11707 11711
f 11707 11710 11711
f 11708 11694 11709
f 11708 11709 11710
f 11694 11716 11709
f 11710 11709 11714
f 11709 11717 11714
f 11486 11711 11712
f 11711 11710 11713
f 11711 11713 11712
f 11712 11713 14611
f 11710 11714 11713
f 11713 11714 11715
f 11714 11720 11715
f 11713 11715 14611
f 11709 11716 11717
f 11716 11701 11718
f 11716 11718 11717
f 11717 11718 11719
f 11701 11745 11718
f 11718 11745 11746
f 11718 11746 11719
f 11714 11717 11720
f 11717 11719 11720
f 11715 11720 14617
f 11720 11719 11748
f 11720 11748 14617
f 11722 11554 11721
f 11722 11723 11554
f 11726 11565 11724
f 11725 11723 11722
f 11725 11724 11723
f 11727 11724 11725
f 11727 11726 11724
f 11735 11726 11727
f 11735 11733 11726
f 11726 11728 11565
f 11733 11728 11726
f 11733 11729 11728
f 11729 11569 11728
f 11729 11570 11569
f 11731 11645 11730
f 11732 11570 11729
f 11732 11730 11570
f 11734 11731 11730
f 11738 11729 11733
f 11738 11732 11729
f 11739 11732 11738
f 11739 11734 11732
f 11734 11730 11732
f 11740 11759 11731
f 11740 11731 11734
f 11788 11759 11740
f 11736 11738 11733
f 11736 11733 11735
f 11737 11738 11736
f 11742 11734 11739
f 11737 11739 11738
f 11742 11740 11734
f 11743 11740 11742
f 11743 11788 11740
f 11741 11739 11737
f 11741 11742 11739
f 14633 11742 11741
f 11744 11788 11743
f 14633 11743 11742
f 11698 11643 11750
f 11702 11750 11751
f 11702 11751 11745
f 11745 11751 11758
f 11745 11758 11746
f 11746 11758 11790
f 11746 11790 11747
f 11719 11746 11747
f 11747 11791 11749
f 11747 11790 11791
f 11719 11747 11748
f 11748 11747 11749
f 11748 11749 14638
f 11749 11791 11795
f 11749 11795 14640
f 14640 11795 11808
f 11750 11644 11754
f 11750 11754 11751
f 11751 11754 11756
f 11731 11752 11645
f 11757 11658 11753
f 11759 11752 11731
f 11759 11753 11752
f 11760 11757 11753
f 11754 11647 11756
f 11756 11647 11755
f 11756 11755 11762
f 11762 11755 11767
f 11764 11659 11757
f 11765 11766 11764
f 11751 11756 11758
f 11760 11753 11759
f 11761 11757 11760
f 11788 11760 11759
f 11758 11756 11762
f 11762 11767 11763
f 11758 11762 11790
f 11790 11762 11763
f 11761 11764 11757
f 11792 11765 11764
f 11792 11764 11761
f 11793 11775 11765
f 11757 11659 11658
f 11764 11766 11659
f 11765 11780 11766
f 11755 11665 11768
f 11755 11768 11767
f 11767 11768 11769
f 11768 11666 11769
f 11767 11769 11773
f 11773 11769 11772
f 11769 11666 11770
f 11769 11770 11772
f 11772 11770 11771
f 11770 11684 11771
f 11772 11771 11777
f 11777 11771 11920
f 11763 11767 11773
f 11763 11773 11798
f 11798 11773 11774
f 11775 11780 11765
f 11773 11772 11774
f 11776 11781 11775
f 11804 11785 11776
f 11774 11772 11777
f 11777 11920 11778
f 11774 11777 11801
f 11801 11777 11778
f 11780 11679 11766
f 11781 11680 11780
f 11781 11779 11680
f 11785 11779 11781
f 11783 11685 11782
f 11784 11927 11686
f 11784 11686 11783
f 11785 11782 11779
f 11786 11783 11782
f 11786 11782 11785
f 11787 11784 11783
f 11775 11781 11780
f 11776 11785 11781
f 11787 11783 11786
f 11943 11784 11787
f 11804 11786 11785
f 11805 11787 11786
f 11789 11760 11788
f 11789 11761 11760
f 11794 11761 11789
f 11790 11763 11791
f 11791 11763 11798
f 11791 11798 11795
f 11794 11792 11761
f 11793 11765 11792
f 11796 11793 11792
f 11744 11789 11788
f 14670 11794 11789
f 14670 11789 11744
f 14671 11796 11794
f 11796 11792 11794
f 11797 11800 11793
f 11797 11793 11796
f 11798 11774 11799
f 11799 11774 11801
f 11795 11798 11799
f 11799 11801 11807
f 11800 11776 11775
f 11800 11775 11793
f 11809 11804 11776
f 11809 11776 11800
f 11812 11804 11809
f 11807 11801 11802
f 11810 11802 11803
f 11801 11778 11802
f 11805 11786 11804
f 11802 11778 11923
f 11802 11923 11803
f 11806 11787 11805
f 11812 11805 11804
f 11813 11806 11805
f 11795 11799 11808
f 11808 11799 11807
f 11808 11807 14675
f 14675 11807 11810
f 14676 11809 11800
f 14676 11800 11797
f 14677 11812 11809
f 14677 11809 14676
f 11807 11802 11810
f 11810 11803 11811
f 11811 11803 11988
f 14678 11810 11811
f 11811 11988 14760
f 11813 11805 11812
f 11992 11806 11813
f 14680 11813 11812
f 11806 11943 11787
f 11619 11359 11814
f 11622 11362 11358
f 11622 11358 11621
f 11814 11360 11817
f 11827 11363 11362
f 11817 11360 11361
f 11828 11361 11815
f 11829 11816 11363
f 11827 11362 11622
f 11817 11361 11828
f 11829 11363 11827
f 11830 11815 11818
f 11831 11819 11816
f 11828 11815 11830
f 11831 11816 11829
f 11818 11372 11822
f 11821 11370 11820
f 11823 11374 11375
f 11822 11374 11823
f 11824 11375 11401
f 11825 11371 11821
f 11826 11373 11825
f 11834 11820 11819
f 11832 11818 11822
f 11836 11821 11820
f 11823 11375 11824
f 11824 11401 11835
f 11838 11825 11821
f 11633 11828 11634
f 11634 11830 11868
f 11633 11817 11828
f 11634 11828 11830
f 11830 11818 11832
f 11834 11819 11831
f 11677 11829 11827
f 11868 11830 11832
f 11872 11831 11829
f 11869 11832 11833
f 11873 11834 11831
f 11833 11822 11823
f 11836 11820 11834
f 11837 11823 11824
f 11832 11822 11833
f 11833 11823 11837
f 11838 11821 11836
f 11839 11826 11825
f 11840 11845 11826
f 11839 11825 11838
f 11874 11824 11835
f 11840 11826 11839
f 11837 11824 11874
f 11875 11835 11861
f 11890 11845 11840
f 11874 11835 11875
f 11835 11401 11841
f 11846 11400 11399
f 11847 11402 11400
f 11845 11398 11826
f 11846 11399 11845
f 11847 11400 11846
f 11851 11402 11847
f 11843 11396 11844
f 11851 11407 11402
f 11844 11397 11848
f 11852 11408 11407
f 11850 11404 11405
f 11853 11405 11406
f 11854 11406 11413
f 11848 11403 11849
f 11857 11409 11408
f 11856 11411 11409
f 11858 11410 11411
f 11859 11412 11410
f 11855 11413 11414
f 11860 11414 11412
f 11849 11404 11850
f 11850 11405 11853
f 11853 11406 11854
f 11854 11413 11855
f 11861 11841 11842
f 11862 11842 11843
f 11835 11841 11861
f 11861 11842 11862
f 11863 11843 11844
f 11864 11844 11848
f 11865 11848 11849
f 11852 11407 11851
f 11857 11408 11852
f 11858 11411 11856
f 11856 11409 11857
f 11859 11410 11858
f 11860 11412 11859
f 11855 11414 11860
f 11890 11846 11845
f 11862 11843 11863
f 11891 11847 11846
f 11863 11844 11864
f 11892 11851 11847
f 11866 11849 11850
f 11867 11850 11853
f 11896 11853 11854
f 11864 11848 11865
f 11893 11852 11851
f 11895 11857 11852
f 11865 11849 11866
f 11901 11858 11856
f 11894 11856 11857
f 11898 11859 11858
f 11897 11854 11855
f 11899 11855 11860
f 11900 11860 11859
f 11876 11861 11862
f 11891 11846 11890
f 11892 11847 11891
f 11902 11862 11863
f 11893 11851 11892
f 11866 11850 11867
f 11867 11853 11896
f 11896 11854 11897
f 11897 11855 11899
f 11899 11860 11900
f 11895 11852 11893
f 11894 11857 11895
f 11898 11858 11901
f 11901 11856 11894
f 11900 11859 11898
f 11868 11832 11869
f 11674 11868 11869
f 11869 11833 11870
f 11674 11869 11877
f 11877 11869 11870
f 11870 11837 11871
f 11878 11870 11871
f 11872 11829 11677
f 11873 11831 11872
f 11870 11833 11837
f 11880 11836 11834
f 11880 11834 11873
f 11871 11874 11881
f 11881 11875 11882
f 11886 11838 11836
f 11871 11837 11874
f 11887 11839 11838
f 11875 11861 11876
f 11888 11840 11839
f 11886 11836 11880
f 11881 11874 11875
f 11887 11838 11886
f 11889 11890 11840
f 11882 11875 11876
f 11888 11839 11887
f 11884 11876 11902
f 11889 11840 11888
f 11684 11877 11878
f 11877 11870 11878
f 11879 11871 11881
f 11878 11871 11879
f 11684 11878 11926
f 11927 11872 11686
f 11929 11873 11927
f 11926 11878 11879
f 11926 11879 11928
f 11928 11879 11883
f 11879 11881 11883
f 11930 11880 11929
f 11686 11872 11677
f 11927 11873 11872
f 11929 11880 11873
f 11930 11886 11880
f 11883 11881 11882
f 11882 11876 11884
f 11884 11902 11885
f 11933 11882 11884
f 11883 11882 11933
f 11934 11886 11930
f 11935 11884 11885
f 11934 11887 11886
f 11937 11888 11887
f 11938 11889 11888
f 11940 11909 11889
f 11876 11862 11902
f 11903 11863 11864
f 11902 11863 11903
f 11905 11864 11865
f 11906 11865 11866
f 11907 11866 11867
f 11908 11867 11896
f 11909 11891 11890
f 11903 11864 11905
f 11910 11892 11891
f 11911 11893 11892
f 11905 11865 11906
f 11912 11895 11893
f 11919 11894 11895
f 11913 11896 11897
f 11914 11897 11899
f 11915 11898 11901
f 11916 11899 11900
f 11917 11900 11898
f 11906 11866 11907
f 11918 11901 11894
f 11907 11867 11908
f 11908 11896 11913
f 11885 11903 11904
f 11904 11905 11951
f 11951 11906 11952
f 11909 11890 11889
f 11910 11891 11909
f 11885 11902 11903
f 11911 11892 11910
f 11904 11903 11905
f 11951 11905 11906
f 11912 11893 11911
f 11919 11895 11912
f 11915 11901 11918
f 11913 11897 11914
f 11914 11899 11916
f 11916 11900 11917
f 11917 11898 11915
f 11918 11894 11919
f 11952 11906 11907
f 11953 11907 11908
f 11958 11908 11913
f 11959 11913 11914
f 11963 11914 11916
f 11771 11926 11920
f 11920 11928 11921
f 11778 11920 11921
f 11923 11921 11922
f 11921 11932 11922
f 11922 11936 11924
f 11778 11921 11923
f 11923 11922 11982
f 11982 11922 11924
f 11924 11945 11925
f 11925 11947 11985
f 11771 11684 11926
f 11920 11926 11928
f 11931 11929 11927
f 11928 11883 11932
f 11931 11927 11784
f 11941 11929 11931
f 11921 11928 11932
f 11922 11932 11936
f 11941 11930 11929
f 11942 11934 11930
f 11942 11930 11941
f 11932 11883 11933
f 11936 11933 11935
f 11937 11887 11934
f 11933 11884 11935
f 11938 11888 11937
f 11939 11885 11904
f 11935 11885 11939
f 11939 11904 11954
f 11940 11889 11938
f 11932 11933 11936
f 11936 11935 11945
f 11946 11937 11934
f 11945 11935 11939
f 11945 11939 11947
f 11947 11939 11954
f 11948 11938 11937
f 11943 11931 11784
f 11944 11941 11931
f 11999 11942 11941
f 11944 11931 11943
f 11999 11941 11944
f 12000 11942 11999
f 11924 11936 11945
f 11925 11945 11947
f 11946 11934 11942
f 11948 11937 11946
f 11947 11954 11949
f 11950 11940 11938
f 11950 11938 11948
f 11973 11940 11950
f 12000 11946 11942
f 12001 11948 11946
f 12001 11946 12000
f 11985 11947 11949
f 12002 11950 11948
f 11954 11904 11951
f 11955 11909 11940
f 11956 11951 11952
f 11957 11910 11955
f 11952 11907 11953
f 11953 11908 11958
f 11958 11913 11959
f 11959 11914 11963
f 11963 11916 11964
f 11964 11917 11966
f 11954 11951 11956
f 11960 11911 11957
f 11956 11952 11967
f 11967 11952 11953
f 11962 11912 11960
f 11965 11918 11961
f 11961 11919 11962
f 11966 11915 11965
f 11968 11953 11958
f 11967 11953 11968
f 11969 11958 11959
f 11970 11959 11963
f 11955 11910 11909
f 11957 11911 11910
f 11960 11912 11911
f 11961 11918 11919
f 11962 11919 11912
f 11964 11916 11917
f 11966 11917 11915
f 11965 11915 11918
f 11949 11954 11956
f 11949 11956 11971
f 11971 11956 11967
f 11972 11967 11968
f 11973 11955 11940
f 11974 11957 11955
f 11974 11955 11973
f 11975 11957 11974
f 11968 11958 11969
f 11975 11960 11957
f 11979 11961 11962
f 11980 11962 11960
f 11981 11965 11961
f 11976 11963 11964
f 11977 11964 11966
f 11969 11959 11970
f 11978 11966 11965
f 11980 11960 11975
f 11970 11963 11976
f 11976 11964 11977
f 11978 11965 11981
f 11977 11966 11978
f 11971 11967 11972
f 11986 11949 11971
f 12022 11973 11950
f 12023 11974 11973
f 12018 11968 11969
f 12019 11969 11970
f 11972 11968 12018
f 12018 11969 12019
f 12020 11970 11976
f 12021 11976 11977
f 12027 11977 11978
f 11979 11962 11980
f 11981 11961 11979
f 11803 11923 11982
f 11983 11943 11806
f 11982 11924 11984
f 11803 11982 11988
f 11991 11944 11983
f 11988 11982 11984
f 11994 11999 11991
f 11984 11924 11925
f 11984 11925 11987
f 11987 11925 11985
f 11985 11949 11986
f 11995 12000 11994
f 11987 11985 11993
f 11993 11985 11986
f 11996 11986 12003
f 14760 11988 11989
f 11992 11983 11806
f 14763 11991 11983
f 11988 11984 11989
f 11989 11984 11987
f 11989 11987 11990
f 14764 11994 11991
f 14763 11983 11992
f 14764 11991 14763
f 11990 11987 11993
f 11993 11986 11996
f 11997 12001 11995
f 11996 12003 12009
f 11998 12002 11997
f 11990 11993 14765
f 14768 11995 11994
f 14768 11994 14764
f 14765 11993 11996
f 14766 11996 12009
f 14769 11997 11995
f 14770 11998 11997
f 11983 11944 11943
f 11991 11999 11944
f 12002 11948 12001
f 12022 11950 12002
f 11994 12000 11999
f 11995 12001 12000
f 11997 12002 12001
f 11998 12022 12002
f 11986 11971 12003
f 12003 11972 12004
f 12004 12018 12005
f 12005 12019 12006
f 12006 12020 12007
f 12009 12003 12004
f 12011 12022 11998
f 12010 12004 12005
f 12009 12004 12010
f 12012 12023 12011
f 12014 12024 12012
f 12007 12021 12008
f 12008 12027 12016
f 12016 12028 12017
f 14781 12005 12006
f 12013 12025 12014
f 12015 12026 12013
f 12017 12029 12015
f 12010 12005 14781
f 14785 12011 11998
f 14786 12012 12011
f 14782 12006 12007
f 14783 12007 12008
f 14781 12006 14782
f 14784 12008 12016
f 14782 12007 14783
f 14791 12017 12015
f 14790 12016 12017
f 12003 11971 11972
f 12024 11975 11974
f 12023 11973 12022
f 12004 11972 12018
f 12024 11974 12023
f 12026 11979 11980
f 12025 11980 11975
f 12029 11981 11979
f 12019 11970 12020
f 12028 11978 11981
f 12020 11976 12021
f 12021 11977 12027
f 12005 12018 12019
f 12025 11975 12024
f 12029 11979 12026
f 12026 11980 12025
f 12028 11981 12029
f 12027 11978 12028
f 12011 12023 12022
f 12012 12024 12023
f 12006 12019 12020
f 12007 12020 12021
f 12008 12021 12027
f 12017 12028 12029
f 12016 12027 12028
f 12013 12026 12025
f 12014 12025 12024
f 12015 12029 12026
f 4139 12030 7791
f 12030 12031 7794
f 4144 12033 12030
f 12033 12031 12030
f 12033 12035 12031
f 12031 12032 7795
f 12035 12032 12031
f 12035 12036 12032
f 12034 12035 12033
f 4145 12034 12033
f 12034 12037 12035
f 12037 12036 12035
f 12037 12038 12036
f 12032 12039 7802
f 12039 12040 7803
f 12036 12039 12032
f 12036 12043 12039
f 12043 12040 12039
f 12044 12041 12040
f 12043 12044 12040
f 12040 12041 7804
f 12041 12061 7827
f 12044 12042 12041
f 12042 12061 12041
f 12042 12064 12061
f 12038 12043 12036
f 12046 12042 12044
f 12045 12044 12043
f 12045 12046 12044
f 12038 12045 12043
f 12056 12046 12045
f 12057 12047 12046
f 12046 12047 12042
f 12047 12064 12042
f 12047 12069 12064
f 12058 12069 12047
f 4155 12048 12034
f 12048 12037 12034
f 12048 12049 12037
f 12051 12049 12048
f 12049 12038 12037
f 12049 12050 12038
f 12052 12050 12049
f 4158 12051 12048
f 12051 12052 12049
f 4202 12072 12051
f 12072 12052 12051
f 12072 12054 12052
f 12052 12053 12050
f 12054 12053 12052
f 12054 12055 12053
f 12050 12045 12038
f 12050 12056 12045
f 12056 12057 12046
f 12053 12056 12050
f 12053 12059 12056
f 12059 12057 12056
f 12060 12058 12057
f 12059 12060 12057
f 12057 12058 12047
f 12058 12071 12069
f 12060 12091 12058
f 12091 12071 12058
f 12055 12059 12053
f 12089 12060 12059
f 12055 12089 12059
f 12061 12062 7828
f 12064 12062 12061
f 12062 12063 7829
f 12065 12063 12062
f 12064 12065 12062
f 12065 12066 12063
f 12066 12067 12063
f 12068 12096 12067
f 12066 12068 12067
f 12069 12065 12064
f 12069 12070 12065
f 12070 12066 12065
f 12070 12094 12066
f 12071 12070 12069
f 12094 12068 12066
f 12073 12054 12072
f 12073 12200 12054
f 4203 12073 12072
f 12200 12055 12054
f 8534 12075 12074
f 6638 12074 12077
f 12074 12075 12079
f 8535 12076 12075
f 12074 12079 12077
f 12075 12080 12079
f 12075 12076 12080
f 6642 12077 12078
f 12077 12079 12081
f 12077 12081 12078
f 12079 12080 12082
f 12079 12082 12081
f 8536 12083 12076
f 8543 12084 12083
f 8544 12085 12084
f 12076 12083 12086
f 12076 12086 12080
f 12083 12084 12087
f 12083 12087 12086
f 12084 12088 12087
f 8545 12108 12085
f 12084 12085 12088
f 12085 12108 12156
f 12085 12156 12088
f 12080 12086 12134
f 12086 12087 12135
f 12080 12134 12082
f 12086 12135 12134
f 12087 12088 12136
f 12091 12116 12071
f 12090 12091 12060
f 12089 12090 12060
f 12092 12116 12091
f 12090 12092 12091
f 12092 12118 12116
f 12209 12118 12092
f 6644 12078 12093
f 12078 12081 12137
f 12078 12137 12093
f 12081 12082 12138
f 12068 12098 12096
f 12111 12094 12070
f 12094 12095 12068
f 12095 12098 12068
f 12095 12104 12098
f 12112 12095 12094
f 12114 12104 12095
f 12098 12097 12096
f 12099 12100 12097
f 12098 12099 12097
f 12102 12101 12100
f 12103 12353 12101
f 12099 12102 12100
f 12102 12103 12101
f 12104 12099 12098
f 12105 12102 12099
f 12104 12105 12099
f 12122 12105 12104
f 12122 12123 12105
f 12123 12106 12105
f 12106 12103 12102
f 12105 12106 12102
f 12106 12107 12103
f 12107 12354 12103
f 12126 12107 12106
f 12123 12126 12106
f 12126 12127 12107
f 12127 12361 12107
f 8596 12109 12108
f 8597 12110 12109
f 12108 12109 12157
f 12108 12157 12156
f 8598 12154 12110
f 12071 12111 12070
f 12111 12112 12094
f 12116 12111 12071
f 12116 12117 12111
f 12117 12112 12111
f 12117 12113 12112
f 12112 12114 12095
f 12114 12122 12104
f 12115 12122 12114
f 12113 12114 12112
f 12113 12115 12114
f 12115 12124 12122
f 12118 12117 12116
f 12118 12119 12117
f 12119 12113 12117
f 12119 12120 12113
f 12235 12119 12118
f 12120 12115 12113
f 12120 12121 12115
f 12121 12124 12115
f 12236 12120 12119
f 12121 12131 12124
f 12237 12121 12120
f 12240 12131 12121
f 12240 12243 12131
f 12124 12123 12122
f 12125 12126 12123
f 12124 12125 12123
f 12128 12127 12126
f 12129 12377 12127
f 12125 12128 12126
f 12128 12129 12127
f 12133 12379 12129
f 12131 12125 12124
f 12130 12128 12125
f 12131 12130 12125
f 12243 12130 12131
f 12244 12132 12130
f 12243 12244 12130
f 12132 12129 12128
f 12130 12132 12128
f 12132 12133 12129
f 12245 12133 12132
f 12244 12245 12132
f 12245 12253 12133
f 12253 12384 12133
f 12087 12136 12135
f 12088 12156 12159
f 12135 12136 12147
f 12088 12159 12136
f 12136 12159 12175
f 6654 12093 12139
f 12093 12137 12141
f 12081 12138 12137
f 12137 12142 12141
f 12137 12138 12142
f 12093 12141 12139
f 12139 12141 12143
f 6657 12139 12140
f 12139 12143 12140
f 12141 12142 12144
f 12141 12144 12143
f 12082 12134 12145
f 12082 12145 12138
f 12134 12135 12146
f 12134 12146 12145
f 12135 12147 12146
f 12138 12145 12148
f 12138 12148 12142
f 12145 12146 12149
f 12145 12149 12148
f 12146 12152 12149
f 12136 12175 12147
f 12146 12147 12152
f 12147 12175 12181
f 12147 12181 12152
f 12142 12148 12150
f 12148 12149 12151
f 12142 12150 12144
f 12148 12151 12150
f 12149 12153 12151
f 12149 12152 12153
f 12152 12181 12183
f 12152 12183 12153
f 12151 12153 12283
f 12153 12183 12300
f 12109 12110 12158
f 12109 12158 12157
f 8599 12163 12154
f 12110 12154 12155
f 12110 12155 12158
f 12154 12163 12165
f 12154 12165 12155
f 12156 12157 12160
f 12156 12160 12159
f 12157 12158 12161
f 12157 12161 12160
f 12159 12160 12176
f 12160 12161 12177
f 12158 12155 12162
f 12158 12162 12161
f 12155 12165 12171
f 12155 12171 12162
f 12161 12162 12179
f 12162 12171 12187
f 8606 12164 12163
f 8609 12167 12164
f 12163 12164 12166
f 12163 12166 12165
f 12164 12169 12166
f 8610 12168 12167
f 8611 12447 12168
f 12164 12167 12169
f 12167 12168 12170
f 12167 12170 12169
f 12168 12449 12170
f 12165 12172 12171
f 12165 12166 12172
f 12166 12169 12173
f 12166 12173 12172
f 12171 12172 12188
f 12169 12170 12174
f 12169 12174 12173
f 12170 12455 12174
f 12172 12173 12191
f 12173 12174 12192
f 12174 12470 12192
f 12159 12176 12175
f 12160 12177 12176
f 12161 12179 12177
f 12175 12176 12182
f 12175 12182 12181
f 12176 12177 12178
f 12176 12178 12182
f 12162 12187 12179
f 12177 12179 12180
f 12177 12180 12178
f 12179 12189 12180
f 12179 12187 12189
f 12181 12182 12184
f 12181 12184 12183
f 12182 12178 12185
f 12182 12185 12184
f 12183 12184 12302
f 12184 12185 12301
f 12178 12180 12186
f 12178 12186 12185
f 12180 12189 12196
f 12180 12196 12186
f 12171 12188 12187
f 12172 12191 12188
f 12187 12188 12190
f 12187 12190 12189
f 12188 12193 12190
f 12173 12192 12191
f 12188 12191 12193
f 12191 12192 12194
f 12191 12194 12193
f 12192 12473 12194
f 12189 12195 12196
f 12189 12190 12195
f 12190 12193 12197
f 12185 12186 12306
f 12186 12196 12314
f 12186 12314 12306
f 12190 12197 12195
f 12196 12315 12314
f 12196 12195 12315
f 12195 12316 12315
f 12193 12194 12198
f 12193 12198 12197
f 12194 12478 12198
f 12195 12197 12316
f 12197 12198 12199
f 12197 12199 12316
f 12198 12480 12199
f 12202 12200 12073
f 12200 12201 12055
f 12203 12201 12200
f 6676 12202 12073
f 12202 12203 12200
f 6689 12216 12202
f 12216 12203 12202
f 12203 12204 12201
f 12216 12205 12203
f 12205 12204 12203
f 12205 12206 12204
f 12201 12089 12055
f 12201 12207 12089
f 12207 12090 12089
f 12208 12092 12090
f 12207 12208 12090
f 12204 12207 12201
f 12204 12210 12207
f 12210 12208 12207
f 12211 12209 12208
f 12210 12211 12208
f 12208 12209 12092
f 12209 12235 12118
f 12211 12214 12209
f 12214 12235 12209
f 12214 12242 12235
f 12206 12210 12204
f 12212 12211 12210
f 12213 12214 12211
f 12206 12212 12210
f 12212 12213 12211
f 12226 12213 12212
f 12215 12242 12214
f 12215 12247 12242
f 12213 12215 12214
f 12227 12215 12213
f 12228 12247 12215
f 12217 12205 12216
f 6692 12217 12216
f 12217 12219 12205
f 12219 12206 12205
f 12219 12218 12206
f 12218 12212 12206
f 12220 12219 12217
f 12220 12221 12219
f 12221 12218 12219
f 12221 12222 12218
f 6695 12220 12217
f 12223 12221 12220
f 6697 12223 12220
f 12223 12224 12221
f 12917 12224 12223
f 12224 12222 12221
f 12224 12225 12222
f 12919 12225 12224
f 12218 12226 12212
f 12226 12227 12213
f 12222 12226 12218
f 12222 12229 12226
f 12229 12227 12226
f 12230 12228 12227
f 12229 12230 12227
f 12227 12228 12215
f 12228 12264 12247
f 12231 12264 12228
f 12230 12231 12228
f 12231 12267 12264
f 12234 12267 12231
f 12225 12229 12222
f 12232 12230 12229
f 12233 12231 12230
f 12225 12232 12229
f 12232 12233 12230
f 12920 12232 12225
f 12233 12234 12231
f 12234 12325 12267
f 12235 12236 12119
f 12236 12237 12120
f 12242 12236 12235
f 12238 12237 12236
f 12242 12238 12236
f 12238 12239 12237
f 12237 12240 12121
f 12239 12240 12237
f 12241 12243 12240
f 12239 12241 12240
f 12241 12251 12243
f 12247 12238 12242
f 12248 12239 12238
f 12251 12244 12243
f 12247 12248 12238
f 12248 12246 12239
f 12264 12248 12247
f 12264 12265 12248
f 12265 12246 12248
f 12265 12266 12246
f 12246 12241 12239
f 12246 12249 12241
f 12249 12251 12241
f 12249 12256 12251
f 12266 12249 12246
f 12266 12250 12249
f 12250 12256 12249
f 12250 12259 12256
f 12252 12245 12244
f 12256 12252 12251
f 12251 12252 12244
f 12257 12254 12252
f 12254 12253 12245
f 12252 12254 12245
f 12254 12255 12253
f 12255 12387 12253
f 12258 12255 12254
f 12258 12261 12255
f 12261 12553 12255
f 12259 12257 12256
f 12256 12257 12252
f 12257 12258 12254
f 12260 12258 12257
f 12259 12260 12257
f 12335 12262 12260
f 12262 12261 12258
f 12263 12559 12261
f 12260 12262 12258
f 12262 12263 12261
f 12338 12263 12262
f 12339 12561 12263
f 12267 12265 12264
f 12267 12268 12265
f 12268 12266 12265
f 12268 12269 12266
f 12325 12268 12267
f 12325 12326 12268
f 12326 12269 12268
f 12269 12250 12266
f 12270 12259 12250
f 12269 12270 12250
f 12270 12271 12259
f 12327 12270 12269
f 12271 12260 12259
f 12271 12335 12260
f 12335 12338 12262
f 6739 12140 12272
f 12140 12143 12273
f 12140 12273 12272
f 6742 12272 12277
f 12272 12273 12279
f 12143 12274 12273
f 12143 12144 12274
f 12273 12274 12280
f 12272 12279 12277
f 12144 12150 12275
f 12144 12275 12274
f 12150 12151 12276
f 12150 12276 12275
f 12151 12283 12276
f 12153 12300 12283
f 12273 12280 12279
f 12277 12279 12281
f 6745 12277 12278
f 12277 12281 12278
f 12279 12280 12282
f 12279 12282 12281
f 12281 12282 12295
f 12274 12275 12284
f 12274 12284 12280
f 12275 12276 12285
f 12275 12285 12284
f 12276 12286 12285
f 12276 12283 12286
f 12283 12300 12303
f 12283 12303 12286
f 12280 12284 12287
f 12284 12285 12288
f 12284 12288 12287
f 12285 12289 12288
f 12280 12287 12282
f 12285 12286 12289
f 12286 12303 12310
f 12282 12287 12297
f 12287 12288 12298
f 12286 12310 12289
f 12288 12289 12299
f 12289 12310 12347
f 12289 12347 12299
f 12919 12920 12225
f 12920 12290 12232
f 12290 12233 12232
f 12291 12234 12233
f 12290 12291 12233
f 12292 12325 12234
f 12291 12292 12234
f 12292 12328 12325
f 12927 12328 12292
f 6746 12278 12293
f 12278 12281 12294
f 12278 12294 12293
f 6760 12293 12296
f 12293 12294 12666
f 12293 12666 12296
f 12281 12295 12294
f 12294 12667 12666
f 12294 12295 12667
f 12282 12297 12295
f 12287 12298 12297
f 12288 12299 12298
f 12295 12297 12673
f 12297 12298 12674
f 12298 12299 12675
f 12183 12302 12300
f 12300 12302 12304
f 12184 12301 12302
f 12302 12301 12305
f 12300 12304 12303
f 12302 12305 12304
f 12185 12306 12301
f 12301 12306 12307
f 12306 12314 12317
f 12301 12307 12305
f 12306 12317 12307
f 12305 12307 12313
f 12307 12317 12321
f 12303 12304 12308
f 12303 12308 12310
f 12304 12305 12309
f 12304 12309 12308
f 12310 12308 12311
f 12310 12311 12347
f 12308 12309 12312
f 12308 12312 12311
f 12305 12313 12309
f 12307 12321 12313
f 12313 12321 12683
f 12309 12313 12682
f 12309 12682 12312
f 12313 12683 12682
f 12314 12318 12317
f 12314 12315 12318
f 12315 12316 12319
f 12316 12199 12320
f 12315 12319 12318
f 12317 12318 12322
f 12318 12323 12322
f 12316 12320 12319
f 12199 12580 12320
f 12319 12320 12324
f 12318 12319 12323
f 12319 12324 12323
f 12320 12584 12324
f 12317 12322 12321
f 12321 12322 12684
f 12322 12323 12685
f 12323 12324 12686
f 12326 12327 12269
f 12327 12330 12270
f 12330 12271 12270
f 12330 12336 12271
f 12328 12326 12325
f 12328 12329 12326
f 12329 12327 12326
f 12329 12331 12327
f 12331 12330 12327
f 12331 12333 12330
f 12333 12336 12330
f 12333 12342 12336
f 12944 12329 12328
f 12944 12945 12329
f 12945 12331 12329
f 12945 12332 12331
f 12332 12333 12331
f 12334 12342 12333
f 12332 12334 12333
f 12334 12344 12342
f 12337 12338 12335
f 12336 12335 12271
f 12336 12337 12335
f 12343 12340 12337
f 12338 12339 12263
f 12340 12339 12338
f 12341 12588 12339
f 12337 12340 12338
f 12340 12341 12339
f 12345 12341 12340
f 12345 12346 12341
f 12346 12590 12341
f 12342 12337 12336
f 12342 12343 12337
f 12344 12343 12342
f 12348 12345 12343
f 12344 12348 12343
f 12343 12345 12340
f 12349 12346 12345
f 12348 12349 12345
f 12349 12350 12346
f 12350 12591 12346
f 12949 12344 12334
f 12957 12348 12344
f 12958 12349 12348
f 12957 12958 12348
f 12351 12350 12349
f 12958 12351 12349
f 12351 12352 12350
f 12352 12600 12350
f 12962 12604 12352
f 12354 12355 12353
f 12103 12354 12353
f 12354 12356 12355
f 12356 12357 12355
f 12359 12358 12357
f 12360 12365 12358
f 12356 12359 12357
f 12359 12360 12358
f 12363 12360 12359
f 12364 12366 12360
f 12107 12361 12354
f 12361 12356 12354
f 12361 12362 12356
f 12127 12377 12361
f 12377 12362 12361
f 12377 12378 12362
f 12362 12359 12356
f 12362 12363 12359
f 12363 12364 12360
f 12378 12363 12362
f 12378 12381 12363
f 12381 12364 12363
f 12382 12370 12364
f 12381 12382 12364
f 12366 12367 12365
f 12360 12366 12365
f 12366 12369 12367
f 12370 12369 12366
f 12369 12368 12367
f 12369 12371 12368
f 12373 12371 12369
f 12364 12370 12366
f 12370 12373 12369
f 12382 12372 12370
f 12372 12373 12370
f 12371 12402 12368
f 12374 12403 12371
f 12372 12375 12373
f 12373 12374 12371
f 12376 12410 12374
f 12375 12374 12373
f 12375 12376 12374
f 12379 12378 12377
f 12379 12380 12378
f 12129 12379 12377
f 12384 12380 12379
f 12380 12381 12378
f 12380 12383 12381
f 12383 12382 12381
f 12385 12372 12382
f 12383 12385 12382
f 12386 12383 12380
f 12133 12384 12379
f 12384 12386 12380
f 12389 12385 12383
f 12390 12393 12385
f 12253 12387 12384
f 12387 12386 12384
f 12387 12388 12386
f 12386 12389 12383
f 12388 12389 12386
f 12389 12390 12385
f 12391 12390 12389
f 12392 12396 12390
f 12388 12391 12389
f 12391 12392 12390
f 12556 12397 12392
f 12385 12393 12372
f 12393 12375 12372
f 12393 12395 12375
f 12390 12396 12393
f 12396 12395 12393
f 12396 12398 12395
f 12395 12376 12375
f 12395 12394 12376
f 12394 12411 12376
f 12398 12394 12395
f 12398 12399 12394
f 12399 12429 12394
f 12397 12398 12396
f 12397 12400 12398
f 12392 12397 12396
f 12400 12399 12398
f 12562 12400 12397
f 12400 12401 12399
f 12401 12430 12399
f 12564 12401 12400
f 12564 12565 12401
f 12565 12437 12401
f 12371 12403 12402
f 12403 12404 12402
f 12403 12407 12404
f 12410 12407 12403
f 12407 12405 12404
f 12407 12408 12405
f 12408 12406 12405
f 12408 12409 12406
f 12412 12408 12407
f 12413 12409 12408
f 12413 12414 12409
f 12374 12410 12403
f 12410 12412 12407
f 12411 12412 12410
f 12376 12411 12410
f 12411 12415 12412
f 12412 12413 12408
f 12415 12413 12412
f 12416 12414 12413
f 12415 12416 12413
f 12431 12416 12415
f 12416 12417 12414
f 12432 12417 12416
f 12409 12418 12406
f 12409 12420 12418
f 12420 12419 12418
f 12420 12421 12419
f 12414 12420 12409
f 12414 12423 12420
f 12423 12421 12420
f 12423 12424 12421
f 12421 8961 12419
f 12421 12422 8961
f 12422 9648 8961
f 12424 12422 12421
f 12424 12427 12422
f 12427 13486 12422
f 12417 12423 12414
f 12425 12424 12423
f 12425 12426 12424
f 12417 12425 12423
f 12433 12425 12417
f 12441 12426 12425
f 12426 12427 12424
f 12426 12428 12427
f 12428 13490 12427
f 12442 12428 12426
f 12442 12445 12428
f 12445 13491 12428
f 12394 12429 12411
f 12429 12415 12411
f 12429 12431 12415
f 12399 12430 12429
f 12430 12431 12429
f 12430 12434 12431
f 12431 12432 12416
f 12432 12433 12417
f 12435 12433 12432
f 12434 12432 12431
f 12434 12435 12432
f 12435 12436 12433
f 12401 12437 12430
f 12437 12434 12430
f 12437 12438 12434
f 12565 12567 12437
f 12567 12438 12437
f 12567 12524 12438
f 12438 12435 12434
f 12438 12439 12435
f 12439 12436 12435
f 12439 12440 12436
f 12524 12439 12438
f 12525 12440 12439
f 12433 12441 12425
f 12436 12441 12433
f 12441 12442 12426
f 12443 12442 12441
f 12436 12443 12441
f 12440 12443 12436
f 12443 12444 12442
f 12446 12444 12443
f 12444 12445 12442
f 12444 12527 12445
f 12527 13494 12445
f 12440 12446 12443
f 12168 12447 12449
f 8986 12448 12447
f 8987 12451 12448
f 12447 12448 12450
f 12447 12450 12449
f 12448 12451 12453
f 8990 12452 12451
f 8991 12459 12452
f 12451 12452 12454
f 12448 12453 12450
f 12451 12454 12453
f 12452 12460 12454
f 12170 12449 12455
f 12449 12450 12456
f 12449 12456 12455
f 12174 12455 12470
f 12455 12456 12471
f 12455 12471 12470
f 12450 12453 12457
f 12450 12457 12456
f 12453 12454 12458
f 12453 12458 12457
f 12454 12465 12458
f 12456 12457 12472
f 12456 12472 12471
f 12457 12458 12475
f 12457 12475 12472
f 12458 12486 12475
f 12452 12459 12460
f 8996 12461 12459
f 12459 12461 12463
f 12459 12463 12460
f 8999 12462 12461
f 12461 12462 12464
f 9000 12496 12462
f 12461 12464 12463
f 12463 12464 12467
f 12462 12498 12464
f 12454 12460 12465
f 12460 12466 12465
f 12460 12463 12466
f 12458 12465 12486
f 12463 12467 12466
f 12465 12466 12468
f 12465 12468 12486
f 12464 12504 12467
f 12466 12467 12469
f 12466 12469 12468
f 12467 12505 12469
f 12192 12470 12473
f 12470 12471 12474
f 12194 12473 12478
f 12470 12474 12473
f 12473 12474 12479
f 12471 12472 12476
f 12472 12475 12477
f 12472 12477 12476
f 12475 12487 12477
f 12471 12476 12474
f 12474 12476 12481
f 12476 12477 12482
f 12473 12479 12478
f 12198 12478 12480
f 12478 12479 12483
f 12478 12483 12480
f 12474 12481 12479
f 12479 12481 12484
f 12476 12482 12481
f 12477 12490 12482
f 12481 12482 12485
f 12479 12484 12483
f 12481 12485 12484
f 12482 12491 12485
f 12484 12485 12583
f 12475 12486 12487
f 12486 12468 12488
f 12486 12488 12487
f 12477 12487 12490
f 12487 12488 12492
f 12487 12492 12490
f 12468 12469 12489
f 12468 12489 12488
f 12469 12533 12489
f 12488 12489 12493
f 12488 12493 12492
f 12489 12534 12493
f 12482 12490 12491
f 12490 12492 12494
f 12485 12491 12585
f 12490 12494 12491
f 12491 12494 12586
f 12492 12493 12495
f 12492 12495 12494
f 12493 12541 12495
f 12494 12495 12587
f 12494 12587 12586
f 12495 12789 12587
f 12462 12496 12498
f 12496 12497 12501
f 12464 12498 12504
f 12496 12501 12498
f 12498 12501 12506
f 12497 12499 12502
f 12499 12500 12503
f 12497 12502 12501
f 12501 12502 12507
f 12499 12503 12502
f 12502 12503 12508
f 12498 12506 12504
f 12504 12506 12509
f 12467 12504 12505
f 12504 12509 12505
f 12501 12507 12506
f 12506 12507 12510
f 12502 12508 12507
f 12507 12508 12511
f 12506 12510 12509
f 12507 12511 12510
f 12510 12511 12537
f 12500 12512 12514
f 12512 12515 12514
f 12512 12513 12515
f 12500 12514 12503
f 12503 12514 12518
f 12514 12515 12519
f 12513 12517 12515
f 12513 12516 12517
f 12516 13518 12517
f 12515 12517 12520
f 12517 13522 12520
f 12503 12518 12508
f 12508 12518 12521
f 12514 12519 12518
f 12518 12519 12522
f 12508 12521 12511
f 12518 12522 12521
f 12515 12520 12519
f 12511 12521 12545
f 12521 12522 12546
f 12519 12520 12523
f 12520 13524 12523
f 12519 12523 12522
f 12522 12523 12549
f 12524 12525 12439
f 12525 12526 12440
f 12528 12527 12444
f 12531 13545 12527
f 12526 12446 12440
f 12446 12528 12444
f 12529 12528 12446
f 12526 12529 12446
f 12623 12529 12526
f 12529 12530 12528
f 12633 12530 12529
f 12528 12531 12527
f 12530 12531 12528
f 12530 12532 12531
f 12532 13549 12531
f 12634 12532 12530
f 12634 12637 12532
f 12637 13551 12532
f 12469 12505 12533
f 12505 12509 12535
f 12505 12535 12533
f 12489 12533 12534
f 12509 12510 12536
f 12509 12536 12535
f 12533 12535 12538
f 12533 12538 12534
f 12510 12537 12536
f 12535 12536 12539
f 12535 12539 12538
f 12536 12537 12540
f 12536 12540 12539
f 12493 12534 12541
f 12534 12538 12542
f 12534 12542 12541
f 12495 12541 12789
f 12541 12542 12722
f 12541 12722 12789
f 12538 12539 12543
f 12538 12543 12542
f 12539 12540 12544
f 12539 12544 12543
f 12542 12543 12723
f 12511 12545 12537
f 12537 12545 12547
f 12521 12546 12545
f 12545 12546 12548
f 12537 12547 12540
f 12540 12547 12551
f 12545 12548 12547
f 12547 12548 12725
f 12522 12549 12546
f 12523 13575 12549
f 12546 12549 12550
f 12546 12550 12548
f 12548 12550 12728
f 12549 13577 12550
f 12540 12551 12544
f 12547 12725 12551
f 12255 12553 12387
f 12553 12388 12387
f 12553 12552 12388
f 12559 12552 12553
f 12552 12391 12388
f 12552 12555 12391
f 12555 12392 12391
f 12555 12556 12392
f 12261 12559 12553
f 12559 12554 12552
f 12554 12555 12552
f 12554 12557 12555
f 12557 12556 12555
f 12557 12558 12556
f 12558 12562 12556
f 12263 12561 12559
f 12561 12554 12559
f 12561 12560 12554
f 12560 12557 12554
f 12560 12569 12557
f 12569 12558 12557
f 12569 12570 12558
f 12570 12563 12558
f 12556 12562 12397
f 12562 12564 12400
f 12563 12564 12562
f 12558 12563 12562
f 12563 12566 12564
f 12566 12565 12564
f 12566 12573 12565
f 12573 12567 12565
f 12339 12588 12561
f 12588 12560 12561
f 12588 12568 12560
f 12568 12569 12560
f 12568 12571 12569
f 12571 12570 12569
f 12572 12574 12570
f 12571 12572 12570
f 12594 12575 12572
f 12574 12566 12563
f 12576 12573 12566
f 12576 12577 12573
f 12577 12620 12573
f 12570 12574 12563
f 12574 12576 12566
f 12575 12576 12574
f 12572 12575 12574
f 12575 12578 12576
f 12578 12577 12576
f 12578 12579 12577
f 12579 12627 12577
f 12597 12578 12575
f 12597 12598 12578
f 12598 12579 12578
f 12599 12628 12579
f 12598 12599 12579
f 12199 12480 12580
f 12480 12483 12581
f 12480 12581 12580
f 12320 12580 12584
f 12580 12581 12730
f 12580 12730 12584
f 12483 12582 12581
f 12483 12484 12582
f 12484 12583 12582
f 12485 12585 12583
f 12581 12731 12730
f 12581 12582 12731
f 12582 12583 12732
f 12582 12732 12731
f 12583 12585 12741
f 12491 12586 12585
f 12341 12590 12588
f 12590 12568 12588
f 12590 12589 12568
f 12589 12571 12568
f 12593 12572 12571
f 12346 12591 12590
f 12591 12589 12590
f 12591 12592 12589
f 12589 12593 12571
f 12593 12594 12572
f 12595 12594 12593
f 12596 12597 12594
f 12592 12593 12589
f 12592 12595 12593
f 12595 12596 12594
f 12600 12592 12591
f 12594 12597 12575
f 12611 12598 12597
f 12611 12613 12598
f 12596 12611 12597
f 12613 12599 12598
f 12601 12595 12592
f 12602 12596 12595
f 12603 12611 12596
f 12350 12600 12591
f 12600 12601 12592
f 12604 12601 12600
f 12352 12604 12600
f 12604 12605 12601
f 12601 12602 12595
f 12602 12603 12596
f 12605 12602 12601
f 12608 12616 12603
f 12607 12603 12602
f 12963 12605 12604
f 12963 12606 12605
f 12605 12607 12602
f 12607 12608 12603
f 12606 12607 12605
f 12609 12608 12607
f 12606 12609 12607
f 12610 12617 12608
f 12609 12610 12608
f 12603 12616 12611
f 12616 12613 12611
f 12616 12614 12613
f 12613 12612 12599
f 12612 12629 12599
f 12615 12651 12612
f 12614 12612 12613
f 12614 12615 12612
f 12618 12615 12614
f 12619 12655 12615
f 12617 12614 12616
f 12608 12617 12616
f 12617 12618 12614
f 12757 12618 12617
f 12610 12757 12617
f 12757 12759 12618
f 12618 12619 12615
f 12759 12619 12618
f 12759 12758 12619
f 12758 12662 12619
f 12573 12620 12567
f 12620 12524 12567
f 12620 12621 12524
f 12577 12627 12620
f 12627 12621 12620
f 12627 12624 12621
f 12621 12525 12524
f 12621 12622 12525
f 12622 12526 12525
f 12622 12623 12526
f 12625 12623 12622
f 12624 12622 12621
f 12624 12625 12622
f 12625 12626 12623
f 12632 12626 12625
f 12579 12628 12627
f 12628 12624 12627
f 12628 12630 12624
f 12599 12629 12628
f 12629 12630 12628
f 12629 12641 12630
f 12630 12625 12624
f 12630 12632 12625
f 12632 12631 12626
f 12641 12632 12630
f 12642 12631 12632
f 12641 12642 12632
f 12623 12633 12529
f 12626 12633 12623
f 12633 12634 12530
f 12635 12634 12633
f 12626 12635 12633
f 12631 12635 12626
f 12635 12636 12634
f 12639 12636 12635
f 12639 12640 12636
f 12636 12637 12634
f 12636 12638 12637
f 12638 13676 12637
f 12640 12638 12636
f 12640 12644 12638
f 12644 13677 12638
f 12631 12639 12635
f 12643 12639 12631
f 12646 12640 12639
f 12651 12641 12629
f 12652 12642 12641
f 12652 12653 12642
f 12642 12643 12631
f 12653 12643 12642
f 12653 12654 12643
f 12643 12646 12639
f 12646 12645 12640
f 12654 12646 12643
f 12654 12647 12646
f 12647 12645 12646
f 12647 12648 12645
f 12645 12644 12640
f 12645 12649 12644
f 12649 13680 12644
f 12650 13683 12649
f 12648 12649 12645
f 12648 12650 12649
f 12664 12650 12648
f 12664 12665 12650
f 12665 13686 12650
f 12612 12651 12629
f 12651 12652 12641
f 12655 12652 12651
f 12655 12658 12652
f 12615 12655 12651
f 12658 12653 12652
f 12656 12654 12653
f 12619 12662 12655
f 12662 12658 12655
f 12662 12659 12658
f 12658 12656 12653
f 12656 12657 12654
f 12659 12656 12658
f 12659 12661 12656
f 12661 12657 12656
f 12661 12660 12657
f 12823 12659 12662
f 12657 12647 12654
f 12657 12663 12647
f 12663 12648 12647
f 12663 12664 12648
f 12660 12663 12657
f 12835 12664 12663
f 12835 12836 12664
f 12660 12835 12663
f 12836 12665 12664
f 12836 12839 12665
f 12839 13688 12665
f 6763 12296 12668
f 12296 12666 12669
f 12296 12669 12668
f 6768 12668 12964
f 12668 12669 12671
f 12666 12667 12670
f 12666 12670 12669
f 12668 12671 12964
f 12669 12672 12671
f 12669 12670 12672
f 12295 12673 12667
f 12667 12673 12676
f 12297 12674 12673
f 12298 12675 12674
f 12673 12674 12677
f 12299 12689 12675
f 12299 12347 12689
f 12674 12675 12678
f 12675 12689 12694
f 12675 12694 12678
f 12667 12676 12670
f 12673 12677 12676
f 12674 12678 12677
f 12670 12676 12679
f 12676 12677 12680
f 12670 12679 12672
f 12676 12680 12679
f 12677 12681 12680
f 12672 12679 12980
f 12679 12680 12981
f 12677 12678 12681
f 12678 12694 12697
f 12678 12697 12681
f 12680 12681 12984
f 12681 12697 12710
f 12681 12710 12984
f 12682 12683 12699
f 12321 12684 12683
f 12322 12685 12684
f 12683 12684 12700
f 12323 12686 12685
f 12324 12734 12686
f 12684 12685 12701
f 12685 12686 12702
f 12685 12702 12701
f 12686 12735 12702
f 12347 12311 12687
f 12347 12687 12689
f 12311 12312 12688
f 12311 12688 12687
f 12689 12687 12691
f 12689 12691 12694
f 12687 12688 12692
f 12687 12692 12691
f 12312 12682 12690
f 12312 12690 12688
f 12682 12699 12690
f 12690 12699 12703
f 12688 12690 12693
f 12688 12693 12692
f 12690 12703 12693
f 12693 12703 12707
f 12694 12691 12695
f 12694 12695 12697
f 12691 12692 12696
f 12691 12696 12695
f 12697 12695 12711
f 12695 12696 12712
f 12692 12693 12698
f 12692 12698 12696
f 12696 12698 12713
f 12693 12707 12698
f 12683 12700 12699
f 12684 12701 12700
f 12699 12700 12704
f 12700 12705 12704
f 12699 12704 12703
f 12703 12704 12708
f 12704 12709 12708
f 12700 12701 12705
f 12701 12702 12706
f 12701 12706 12705
f 12702 12751 12706
f 12705 12706 12714
f 12704 12705 12709
f 12705 12714 12709
f 12706 12762 12714
f 12703 12708 12707
f 12697 12711 12710
f 12695 12712 12711
f 12711 12712 13047
f 12698 12707 12715
f 12696 12713 12712
f 12698 12715 12713
f 12712 12713 13049
f 12713 13061 13049
f 12713 12715 13061
f 12707 12716 12715
f 12707 12708 12716
f 12708 12718 12716
f 12715 12717 13061
f 12715 12716 12717
f 12716 12720 12717
f 12708 12709 12718
f 12709 12714 12719
f 12709 12719 12718
f 12714 12766 12719
f 12716 12718 12720
f 12718 12719 12721
f 12718 12721 12720
f 12719 12770 12721
f 12717 12720 13066
f 12720 12721 13067
f 12721 13287 13067
f 12542 12723 12722
f 12543 12544 12724
f 12543 12724 12723
f 12723 12724 12793
f 12550 13846 12728
f 12544 12551 12726
f 12551 12725 12727
f 12544 12726 12724
f 12551 12727 12726
f 12724 12726 12803
f 12726 12727 12804
f 12548 12728 12725
f 12725 12728 12729
f 12728 13849 12729
f 12725 12729 12727
f 12727 12729 12805
f 12727 12805 12804
f 12729 13956 12805
f 12583 12741 12732
f 12324 12584 12734
f 12584 12730 12733
f 12584 12733 12734
f 12686 12734 12735
f 12734 12733 12738
f 12734 12738 12735
f 12730 12736 12733
f 12730 12731 12736
f 12731 12732 12737
f 12731 12737 12736
f 12732 12744 12737
f 12736 12737 12740
f 12733 12739 12738
f 12733 12736 12739
f 12736 12740 12739
f 12738 12739 12753
f 12737 12747 12740
f 12739 12740 12754
f 12585 12586 12742
f 12732 12741 12744
f 12585 12742 12741
f 12741 12742 12745
f 12586 12587 12743
f 12586 12743 12742
f 12587 12790 12743
f 12742 12743 12746
f 12742 12746 12745
f 12743 12794 12746
f 12737 12744 12747
f 12741 12745 12744
f 12744 12745 12748
f 12740 12747 12755
f 12744 12748 12747
f 12747 12748 12756
f 12747 12756 12755
f 12745 12746 12749
f 12745 12749 12748
f 12746 12798 12749
f 12748 12749 12750
f 12748 12750 12756
f 12749 12799 12750
f 12702 12735 12751
f 12735 12738 12752
f 12735 12752 12751
f 12706 12751 12762
f 12751 12752 12763
f 12751 12763 12762
f 12738 12753 12752
f 12739 12754 12753
f 12752 12753 12764
f 12740 12755 12754
f 12753 12754 12765
f 12752 12764 12763
f 13269 12610 12609
f 13270 12757 12610
f 12754 12755 12777
f 12755 12756 12779
f 13270 13279 12757
f 13279 12759 12757
f 13279 12760 12759
f 12760 12758 12759
f 12761 12823 12758
f 12760 12761 12758
f 13282 12761 12760
f 13282 13283 12761
f 13283 12824 12761
f 12762 12763 12767
f 12754 12777 12765
f 12763 12764 12768
f 12753 12765 12764
f 12764 12765 12769
f 12764 12769 12768
f 12765 12778 12769
f 12714 12762 12766
f 12762 12767 12766
f 12719 12766 12770
f 12766 12767 12771
f 12766 12771 12770
f 12763 12768 12767
f 12767 12768 12773
f 12767 12773 12771
f 12768 12769 12774
f 12768 12774 12773
f 12721 12770 13287
f 12770 12771 12772
f 12770 12772 13287
f 12769 12783 12774
f 12771 12775 12772
f 12771 12773 12775
f 12773 12774 12776
f 12773 12776 12775
f 12774 12784 12776
f 12772 12775 13337
f 12775 12776 13339
f 12775 13339 13337
f 12776 12883 13339
f 12755 12779 12777
f 12765 12777 12778
f 12777 12779 12781
f 12777 12781 12778
f 12778 12781 12785
f 12756 12750 12780
f 12756 12780 12779
f 12750 12847 12780
f 12779 12780 12782
f 12779 12782 12781
f 12781 12782 12786
f 12780 12848 12782
f 12782 12852 12786
f 12769 12778 12783
f 12774 12783 12784
f 12778 12785 12783
f 12783 12785 12787
f 12783 12787 12784
f 12776 12784 12883
f 12784 12787 12884
f 12784 12884 12883
f 12781 12786 12785
f 12785 12786 12788
f 12785 12788 12787
f 12786 12863 12788
f 12787 12788 12885
f 12787 12885 12884
f 12788 12887 12885
f 12587 12789 12790
f 12789 12722 12791
f 12789 12791 12790
f 12743 12790 12794
f 12790 12791 12795
f 12790 12795 12794
f 12722 12723 12792
f 12722 12792 12791
f 12723 12793 12792
f 12792 12793 12796
f 12791 12792 12797
f 12791 12797 12795
f 12795 12797 12801
f 12792 12796 12797
f 12797 12796 12802
f 12746 12794 12798
f 12794 12795 12800
f 12794 12800 12798
f 12798 12800 12812
f 12749 12798 12799
f 12798 12812 12799
f 12795 12801 12800
f 12797 12802 12801
f 12800 12801 12813
f 12801 12802 12814
f 12801 12814 12813
f 12800 12813 12812
f 12724 12803 12793
f 12793 12803 12806
f 12726 12804 12803
f 12803 12804 12807
f 12793 12806 12796
f 12796 12806 12810
f 12803 12807 12806
f 12806 12807 12811
f 12806 12811 12810
f 12804 12808 12807
f 12804 12805 12808
f 12805 13957 12808
f 12807 12808 12809
f 12807 12809 12811
f 12808 13959 12809
f 12796 12810 12802
f 12802 12810 12818
f 12802 12818 12814
f 12810 12811 12817
f 12811 12809 12821
f 12750 12799 12847
f 12799 12812 12849
f 12812 12813 12815
f 12812 12815 12849
f 12813 12814 12816
f 12813 12816 12815
f 12810 12817 12818
f 12814 12818 12819
f 12814 12819 12816
f 12818 12820 12819
f 12818 12817 12820
f 12819 12820 12866
f 12811 12821 12817
f 12817 12821 12822
f 12809 13979 12821
f 12817 12822 12820
f 12820 12871 12866
f 12820 12822 12871
f 12821 13982 12822
f 12822 13984 12871
f 12825 12661 12659
f 12826 12660 12661
f 12826 12827 12660
f 12758 12823 12662
f 12823 12825 12659
f 12824 12825 12823
f 12824 12829 12825
f 12761 12824 12823
f 12825 12826 12661
f 12829 12826 12825
f 12829 12830 12826
f 12830 12827 12826
f 12830 12831 12827
f 13283 12828 12824
f 12828 12829 12824
f 12828 12832 12829
f 13317 12832 12828
f 13317 12859 12832
f 12833 12831 12830
f 12833 12834 12831
f 12832 12830 12829
f 12832 12833 12830
f 12859 12833 12832
f 12860 12834 12833
f 12827 12835 12660
f 12827 12837 12835
f 12837 12836 12835
f 12837 12838 12836
f 12842 12838 12837
f 12840 14013 12839
f 12838 12839 12836
f 12838 12840 12839
f 12843 12840 12838
f 12841 14016 12840
f 12843 12841 12840
f 12831 12837 12827
f 12831 12842 12837
f 12834 12842 12831
f 12842 12843 12838
f 12844 12843 12842
f 12834 12844 12842
f 12844 12845 12843
f 12861 12844 12834
f 12874 12845 12844
f 12845 12841 12843
f 12845 12846 12841
f 12875 12846 12845
f 12846 14019 12841
f 12799 12849 12847
f 12780 12847 12848
f 12847 12849 12850
f 12847 12850 12848
f 12849 12815 12851
f 12849 12851 12850
f 12815 12816 12853
f 12815 12853 12851
f 12782 12848 12852
f 12848 12850 12854
f 12848 12854 12852
f 12852 12854 12864
f 12850 12851 12855
f 12851 12853 12856
f 12850 12855 12854
f 12851 12856 12855
f 12854 12855 12857
f 12854 12857 12864
f 12855 12856 12858
f 12855 12858 12857
f 12859 12860 12833
f 13319 12860 12859
f 12860 12861 12834
f 13320 12861 12860
f 13320 12862 12861
f 12786 12852 12863
f 12788 12863 12887
f 12852 12864 12863
f 12863 12864 12889
f 12864 12857 12891
f 12857 12858 12890
f 12816 12819 12865
f 12816 12865 12853
f 12819 12866 12865
f 12853 12865 12868
f 12865 12866 12867
f 12865 12867 12868
f 12853 12868 12856
f 12856 12868 12869
f 12856 12869 12858
f 12858 12869 12901
f 12868 12870 12869
f 12868 12867 12870
f 12869 12870 12902
f 12866 12871 12872
f 12866 12872 12867
f 12871 14033 12872
f 12867 12872 12873
f 12872 14036 12873
f 12867 12873 12870
f 12861 12874 12844
f 12862 12874 12861
f 12874 12875 12845
f 12876 12875 12874
f 12862 12876 12874
f 12876 12877 12875
f 13329 12877 12876
f 12875 12878 12846
f 12878 14023 12846
f 12879 14038 12878
f 12877 12878 12875
f 12877 12879 12878
f 12880 12879 12877
f 13329 12880 12877
f 12880 12881 12879
f 13331 12881 12880
f 12881 14040 12879
f 12882 14045 12881
f 13331 12882 12881
f 13470 14046 12882
f 12883 12884 13385
f 12884 12885 12886
f 12884 12886 13385
f 12885 12888 12886
f 12863 12889 12887
f 12885 12887 12888
f 12887 12889 12893
f 12887 12893 12888
f 12886 12888 13417
f 12888 12895 13417
f 12888 12893 12895
f 12864 12891 12889
f 12889 12891 12894
f 12857 12890 12891
f 12891 12890 12892
f 12891 12892 12894
f 12889 12894 12893
f 12893 12894 12897
f 12893 12897 12895
f 12895 12897 12898
f 12895 12898 13427
f 12894 12892 12896
f 12894 12896 12897
f 12897 12896 12899
f 12897 12899 12898
f 12898 12899 13448
f 12870 12900 12902
f 12870 12873 12900
f 12873 14196 12900
f 12858 12901 12890
f 12890 12901 12903
f 12890 12903 12892
f 12869 12902 12901
f 12901 12902 12904
f 12901 12904 12903
f 12903 12904 12905
f 12892 12903 12906
f 12892 12906 12896
f 12896 12906 12909
f 12896 12909 12899
f 12903 12905 12906
f 12906 12911 12909
f 12906 12905 12911
f 12902 12907 12904
f 12902 12900 12907
f 12900 14202 12907
f 12904 12908 12905
f 12904 12907 12908
f 12905 12908 12913
f 12907 14203 12908
f 12908 14217 12913
f 13471 14205 13470
f 12905 12913 12911
f 12899 12909 12910
f 12899 12910 13448
f 12909 12912 12910
f 12909 12911 12912
f 12910 12912 13479
f 12911 12913 12914
f 12911 12914 12912
f 12912 12914 12915
f 12912 12915 13479
f 13479 12915 12916
f 12913 14220 12914
f 12914 14221 12915
f 12915 14222 12916
f 12916 14223 13484
f 6956 12917 12223
f 12917 12919 12224
f 12918 12919 12917
f 6999 12918 12917
f 12918 12921 12919
f 12921 12920 12919
f 12921 12922 12920
f 12923 12921 12918
f 12923 12924 12921
f 12924 12922 12921
f 12924 12928 12922
f 7004 12923 12918
f 12922 12290 12920
f 12925 12291 12290
f 12926 12292 12291
f 12922 12925 12290
f 12925 12926 12291
f 12936 12927 12926
f 12928 12925 12922
f 12928 12935 12925
f 12935 12926 12925
f 12935 12936 12926
f 12926 12927 12292
f 12927 12944 12328
f 12937 12944 12927
f 12936 12937 12927
f 12929 12924 12923
f 12929 12930 12924
f 7006 12929 12923
f 12932 12930 12929
f 12930 12928 12924
f 12930 12931 12928
f 7020 12932 12929
f 12932 12933 12930
f 12933 12931 12930
f 12933 12934 12931
f 12994 12934 12933
f 12938 12936 12935
f 12939 12937 12936
f 12937 12948 12944
f 12939 12942 12937
f 12942 12948 12937
f 12942 12950 12948
f 12931 12935 12928
f 12931 12938 12935
f 12938 12939 12936
f 12934 12938 12931
f 12934 12940 12938
f 12940 12939 12938
f 12941 12942 12939
f 12940 12941 12939
f 12995 12940 12934
f 12968 12941 12940
f 12967 12943 12941
f 12941 12943 12942
f 12943 12950 12942
f 12943 12954 12950
f 7473 12992 12932
f 12992 12933 12932
f 12992 12994 12933
f 12948 12945 12944
f 12946 12332 12945
f 12948 12946 12945
f 12946 12947 12332
f 12950 12946 12948
f 12950 12951 12946
f 12951 12947 12946
f 12947 12334 12332
f 12947 12949 12334
f 12949 12957 12344
f 12952 12949 12947
f 12953 12957 12949
f 12951 12952 12947
f 12955 12952 12951
f 12953 12960 12957
f 12952 12953 12949
f 12956 12953 12952
f 12956 13028 12953
f 13028 12960 12953
f 13028 13034 12960
f 12954 12951 12950
f 12954 12955 12951
f 12955 12956 12952
f 12960 12958 12957
f 12959 12351 12958
f 12960 12959 12958
f 13035 12961 12959
f 13034 12959 12960
f 13034 13035 12959
f 12961 12352 12351
f 12959 12961 12351
f 12961 12962 12352
f 13036 12962 12961
f 13037 12963 12962
f 12962 12963 12604
f 7451 12964 12965
f 12964 12671 12966
f 12964 12966 12965
f 12671 12971 12966
f 12671 12672 12971
f 12994 12995 12934
f 12672 12980 12971
f 12679 12981 12980
f 12680 12984 12981
f 12995 12968 12940
f 12968 12967 12941
f 13001 12967 12968
f 13002 12969 12967
f 12969 12954 12943
f 12967 12969 12943
f 12969 13027 12954
f 13002 13005 12969
f 13005 13027 12969
f 13005 13030 13027
f 7452 12965 12970
f 12965 12966 12972
f 12965 12972 12970
f 12966 12973 12972
f 12966 12971 12973
f 12972 12973 12977
f 7461 12970 12974
f 12970 12976 12974
f 12970 12972 12976
f 12972 12977 12976
f 12974 12976 12978
f 7463 12974 12975
f 12974 12978 12975
f 7464 12975 13106
f 12975 13099 13106
f 12975 12978 13099
f 12976 12979 12978
f 12976 12977 12979
f 12978 13100 13099
f 12978 12979 13100
f 12971 12980 12982
f 12980 12981 12983
f 12980 12983 12982
f 12981 12985 12983
f 12971 12982 12973
f 12973 12982 12987
f 12982 12983 12988
f 12981 12984 12985
f 12984 12710 13046
f 12984 13046 12985
f 12983 12985 12986
f 12985 13046 13050
f 12973 12987 12977
f 12982 12988 12987
f 12983 12986 12988
f 12985 13050 12986
f 12986 13050 13060
f 12977 12987 12990
f 12987 12988 12989
f 12977 12990 12979
f 12988 12991 12989
f 12987 12989 12990
f 12990 12989 13102
f 12979 13101 13100
f 12979 12990 13101
f 12988 12986 12991
f 12989 12991 13104
f 12986 13060 12991
f 12991 13060 13171
f 12993 12994 12992
f 12993 12997 12994
f 7474 12993 12992
f 12997 12995 12994
f 12997 12998 12995
f 7475 12996 12993
f 12996 12997 12993
f 12996 12999 12997
f 13010 12999 12996
f 12999 12998 12997
f 13007 13000 12999
f 12999 13000 12998
f 12998 12968 12995
f 12998 13001 12968
f 13001 13002 12967
f 13000 13001 12998
f 13003 13002 13001
f 13004 13005 13002
f 13000 13003 13001
f 13003 13004 13002
f 13006 13030 13005
f 13004 13006 13005
f 13006 13084 13030
f 13010 13007 12999
f 13007 13008 13000
f 13013 13008 13007
f 13013 13009 13008
f 7498 13010 12996
f 7499 13011 13010
f 13011 13007 13010
f 13011 13013 13007
f 7504 13012 13011
f 13012 13013 13011
f 13012 13014 13013
f 7552 13119 13012
f 13119 13014 13012
f 13119 13124 13014
f 13014 13009 13013
f 13014 13015 13009
f 13124 13015 13014
f 13124 13126 13015
f 13016 13004 13003
f 13017 13006 13004
f 13008 13003 13000
f 13008 13016 13003
f 13016 13017 13004
f 13009 13016 13008
f 13009 13019 13016
f 13019 13017 13016
f 13020 13018 13017
f 13019 13020 13017
f 13017 13018 13006
f 13018 13084 13006
f 13018 13085 13084
f 13023 13085 13018
f 13023 13089 13085
f 13020 13023 13018
f 13015 13019 13009
f 13015 13021 13019
f 13021 13020 13019
f 13021 13022 13020
f 13022 13023 13020
f 13161 13022 13021
f 13161 13143 13022
f 13143 13024 13022
f 13022 13024 13023
f 13024 13089 13023
f 13143 13145 13024
f 13024 13094 13089
f 13145 13094 13024
f 13145 13212 13094
f 13126 13021 13015
f 13126 13161 13021
f 13027 12955 12954
f 13027 13025 12955
f 13025 12956 12955
f 13025 13026 12956
f 13030 13025 13027
f 13031 13026 13025
f 13026 13028 12956
f 13029 13034 13028
f 13026 13029 13028
f 13032 13029 13026
f 13029 13040 13034
f 13030 13031 13025
f 13031 13032 13026
f 13084 13031 13030
f 13084 13057 13031
f 13057 13032 13031
f 13057 13058 13032
f 13033 13040 13029
f 13033 13042 13040
f 13032 13033 13029
f 13058 13033 13032
f 13058 13059 13033
f 13059 13042 13033
f 13059 13070 13042
f 13040 13035 13034
f 13041 13036 13035
f 13040 13041 13035
f 13035 13036 12961
f 13036 13037 12962
f 13038 13037 13036
f 13041 13038 13036
f 13038 13039 13037
f 13039 13267 13037
f 13045 13271 13039
f 13042 13041 13040
f 13043 13038 13041
f 13042 13043 13041
f 13070 13043 13042
f 13070 13071 13043
f 13071 13044 13043
f 13044 13039 13038
f 13043 13044 13038
f 13044 13045 13039
f 13074 13045 13044
f 13075 13273 13045
f 12710 12711 13048
f 12710 13048 13046
f 13046 13048 13051
f 12711 13047 13048
f 12712 13049 13047
f 13048 13047 13052
f 13046 13051 13050
f 13050 13051 13053
f 13048 13052 13051
f 13050 13053 13060
f 13051 13052 13054
f 13051 13054 13053
f 13047 13055 13052
f 13047 13049 13055
f 13049 13061 13062
f 13049 13062 13055
f 13052 13055 13056
f 13052 13056 13054
f 13054 13056 13180
f 13055 13064 13056
f 13055 13062 13064
f 13056 13064 13187
f 13087 13059 13058
f 13087 13088 13059
f 13088 13070 13059
f 13088 13072 13070
f 13060 13053 13172
f 13053 13054 13173
f 13061 13063 13062
f 13061 12717 13063
f 12717 13066 13063
f 13062 13063 13065
f 13063 13069 13065
f 13062 13065 13064
f 12720 13067 13066
f 13063 13066 13069
f 13066 13067 13068
f 13066 13068 13069
f 13067 13288 13068
f 13072 13071 13070
f 13073 13074 13071
f 13097 13073 13072
f 13072 13073 13071
f 13078 13076 13073
f 13071 13074 13044
f 13074 13075 13045
f 13076 13075 13074
f 13077 13290 13075
f 13073 13076 13074
f 13076 13077 13075
f 13080 13077 13076
f 13097 13078 13073
f 13079 13080 13078
f 13098 13079 13078
f 13248 13082 13079
f 13080 13081 13077
f 13078 13080 13076
f 13081 13292 13077
f 13079 13082 13080
f 13082 13081 13080
f 13082 13083 13081
f 13255 13083 13082
f 13083 13297 13081
f 13196 13298 13083
f 13085 13057 13084
f 13085 13086 13057
f 13086 13058 13057
f 13086 13087 13058
f 13089 13086 13085
f 13090 13087 13086
f 13091 13088 13087
f 13095 13072 13088
f 13089 13090 13086
f 13094 13090 13089
f 13090 13091 13087
f 13092 13091 13090
f 13094 13092 13090
f 13092 13093 13091
f 13213 13093 13092
f 13212 13092 13094
f 13091 13095 13088
f 13093 13095 13091
f 13095 13097 13072
f 13096 13097 13095
f 13093 13096 13095
f 13214 13096 13093
f 13096 13098 13097
f 13224 13098 13096
f 13098 13078 13097
f 13247 13079 13098
f 13099 13100 13110
f 13100 13140 13110
f 13100 13101 13140
f 12990 13102 13101
f 12989 13104 13102
f 13101 13102 13103
f 13101 13103 13140
f 13102 13105 13103
f 12991 13171 13104
f 13102 13104 13105
f 13104 13174 13105
f 13104 13171 13174
f 13103 13105 13144
f 13105 13175 13144
f 13105 13174 13175
f 7542 13106 13107
f 13106 13099 13109
f 13106 13109 13107
f 13107 13109 13112
f 7543 13107 13108
f 7544 13108 13113
f 13107 13112 13108
f 13108 13112 13114
f 13108 13114 13113
f 13099 13110 13109
f 13109 13111 13112
f 13109 13110 13111
f 13112 13116 13114
f 13112 13111 13116
f 13113 13115 13134
f 13113 13114 13115
f 13114 13117 13115
f 13114 13116 13117
f 13115 13117 13118
f 13120 13124 13119
f 13122 13125 13120
f 13120 13125 13124
f 13122 13128 13125
f 13123 13130 13129
f 7553 13120 13119
f 7554 13122 13120
f 7556 13121 13122
f 7555 13123 13121
f 13121 13128 13122
f 13123 13129 13121
f 13121 13129 13128
f 13125 13126 13124
f 13125 13127 13126
f 13128 13127 13125
f 13129 13133 13128
f 13130 13132 13129
f 13128 13133 13127
f 13129 13132 13133
f 13130 13131 13132
f 7565 13113 13134
f 7566 13134 13135
f 7568 13136 13123
f 7567 13135 13136
f 13134 13115 13137
f 13134 13137 13135
f 13135 13137 13138
f 13136 13130 13123
f 13136 13138 13130
f 13135 13138 13136
f 13115 13118 13137
f 13137 13139 13138
f 13138 13131 13130
f 13138 13139 13131
f 13137 13118 13139
f 13110 13140 13142
f 13110 13142 13111
f 13111 13142 13148
f 13140 13103 13141
f 13140 13141 13142
f 13103 13144 13141
f 13142 13141 13149
f 13142 13149 13148
f 13141 13156 13149
f 13163 13145 13143
f 13111 13148 13116
f 13141 13144 13156
f 13144 13175 13228
f 13163 13146 13145
f 13146 13212 13145
f 13146 13215 13212
f 13165 13147 13146
f 13170 13159 13169
f 13147 13215 13146
f 13169 13217 13147
f 13159 13216 13169
f 13147 13217 13215
f 13169 13216 13217
f 13159 13240 13216
f 13116 13150 13117
f 13116 13148 13150
f 13117 13152 13118
f 13117 13150 13152
f 13118 13152 13154
f 13148 13151 13150
f 13148 13149 13151
f 13149 13157 13151
f 13150 13151 13153
f 13151 13158 13153
f 13154 13155 13170
f 13155 13159 13170
f 13150 13153 13152
f 13152 13153 13155
f 13152 13155 13154
f 13153 13160 13155
f 13149 13156 13157
f 13144 13228 13156
f 13156 13229 13157
f 13156 13228 13229
f 13157 13229 13238
f 13151 13157 13158
f 13155 13160 13159
f 13153 13158 13160
f 13160 13239 13240
f 13157 13238 13158
f 13158 13239 13160
f 13158 13238 13239
f 13160 13240 13159
f 13127 13161 13126
f 13127 13162 13161
f 13162 13143 13161
f 13162 13163 13143
f 13133 13162 13127
f 13132 13164 13133
f 13131 13166 13132
f 13133 13164 13162
f 13132 13166 13164
f 13131 13168 13166
f 13164 13163 13162
f 13164 13165 13163
f 13168 13167 13166
f 13166 13165 13164
f 13166 13167 13165
f 13165 13146 13163
f 13167 13147 13165
f 13170 13169 13167
f 13168 13170 13167
f 13167 13169 13147
f 13139 13168 13131
f 13139 13154 13168
f 13118 13154 13139
f 13154 13170 13168
f 13060 13172 13171
f 13171 13172 13176
f 13053 13173 13172
f 13172 13173 13177
f 13172 13177 13176
f 13171 13176 13174
f 13174 13176 13178
f 13174 13178 13175
f 13175 13178 13230
f 13176 13177 13179
f 13176 13179 13178
f 13178 13179 13232
f 13054 13180 13173
f 13173 13181 13177
f 13173 13180 13181
f 13056 13187 13180
f 13180 13187 13188
f 13180 13188 13181
f 13181 13188 13191
f 13177 13181 13182
f 13177 13182 13179
f 13179 13182 13183
f 13181 13191 13182
f 13182 13191 13198
f 13178 13232 13230
f 13179 13183 13232
f 13232 13183 13243
f 13182 13198 13183
f 13183 13199 13243
f 13183 13198 13199
f 13064 13184 13187
f 13064 13065 13184
f 13065 13185 13184
f 13065 13069 13185
f 13069 13068 13186
f 13069 13186 13185
f 13184 13185 13192
f 13185 13186 13194
f 13068 13333 13186
f 13185 13194 13192
f 13186 13334 13194
f 13187 13189 13188
f 13187 13184 13189
f 13188 13190 13191
f 13184 13192 13189
f 13188 13189 13190
f 13189 13193 13190
f 13191 13190 13200
f 13189 13192 13193
f 13192 13194 13195
f 13192 13195 13193
f 13190 13193 13204
f 13193 13195 13203
f 13194 13345 13195
f 13255 13196 13083
f 13256 13197 13196
f 13197 13346 13196
f 13260 13348 13197
f 13259 13349 13260
f 13209 13350 13259
f 13191 13200 13198
f 13198 13201 13199
f 13199 13202 13261
f 13198 13200 13201
f 13190 13204 13200
f 13200 13205 13201
f 13199 13201 13202
f 13201 13206 13202
f 13202 13207 13265
f 13193 13203 13204
f 13195 13362 13203
f 13200 13204 13205
f 13204 13203 13208
f 13204 13208 13205
f 13205 13208 13210
f 13207 13211 13209
f 13201 13205 13206
f 13202 13206 13207
f 13205 13210 13206
f 13206 13210 13211
f 13206 13211 13207
f 13203 13363 13208
f 13208 13367 13210
f 13211 13369 13209
f 13210 13368 13211
f 13213 13214 13093
f 13212 13213 13092
f 13215 13213 13212
f 13215 13218 13213
f 13218 13214 13213
f 13218 13221 13214
f 13217 13218 13215
f 13217 13220 13218
f 13216 13219 13220
f 13240 13241 13219
f 13216 13220 13217
f 13240 13219 13216
f 13220 13221 13218
f 13220 13222 13221
f 13219 13223 13222
f 13219 13222 13220
f 13241 13223 13219
f 13241 13242 13223
f 13214 13224 13096
f 13221 13224 13214
f 13221 13225 13224
f 13224 13247 13098
f 13225 13247 13224
f 13225 13249 13247
f 13226 13249 13225
f 13227 13250 13226
f 13245 13251 13227
f 13226 13250 13249
f 13227 13251 13250
f 13245 13263 13251
f 13222 13225 13221
f 13223 13226 13222
f 13242 13227 13223
f 13222 13226 13225
f 13223 13227 13226
f 13242 13245 13227
f 13175 13230 13228
f 13228 13230 13231
f 13228 13231 13229
f 13229 13234 13238
f 13229 13231 13234
f 13238 13234 13235
f 13230 13232 13233
f 13230 13233 13231
f 13231 13233 13236
f 13231 13236 13234
f 13234 13236 13237
f 13234 13237 13235
f 13239 13241 13240
f 13239 13235 13241
f 13238 13235 13239
f 13235 13242 13241
f 13235 13237 13242
f 13232 13243 13233
f 13233 13244 13236
f 13233 13243 13244
f 13237 13245 13242
f 13237 13246 13245
f 13236 13246 13237
f 13236 13244 13246
f 13243 13261 13244
f 13243 13199 13261
f 13244 13261 13262
f 13246 13263 13245
f 13246 13262 13263
f 13244 13262 13246
f 13249 13248 13247
f 13247 13248 13079
f 13249 13252 13248
f 13252 13255 13248
f 13250 13252 13249
f 13251 13253 13250
f 13263 13254 13251
f 13250 13253 13252
f 13253 13256 13252
f 13254 13257 13253
f 13263 13264 13254
f 13264 13258 13254
f 13251 13254 13253
f 13248 13255 13082
f 13252 13256 13255
f 13256 13196 13255
f 13253 13257 13256
f 13254 13258 13257
f 13257 13197 13256
f 13258 13260 13257
f 13257 13260 13197
f 13258 13259 13260
f 13264 13266 13258
f 13266 13259 13258
f 13266 13209 13259
f 13262 13264 13263
f 13261 13265 13262
f 13262 13265 13264
f 13265 13266 13264
f 13261 13202 13265
f 13265 13207 13266
f 13207 13209 13266
f 13037 13267 12963
f 13267 12606 12963
f 13267 13268 12606
f 13039 13271 13267
f 13271 13268 13267
f 13271 13272 13268
f 13268 12609 12606
f 13268 13269 12609
f 13269 13270 12610
f 13272 13269 13268
f 13272 13275 13269
f 13276 13279 13270
f 13275 13270 13269
f 13045 13273 13271
f 13273 13272 13271
f 13273 13274 13272
f 13275 13276 13270
f 13278 13280 13276
f 13274 13275 13272
f 13277 13276 13275
f 13274 13277 13275
f 13291 13277 13274
f 13277 13278 13276
f 13290 13274 13273
f 13280 12760 13279
f 13276 13280 13279
f 13280 13282 12760
f 13281 13282 13280
f 13281 13284 13282
f 13278 13281 13280
f 13284 13283 13282
f 13284 13305 13283
f 13305 12828 13283
f 13291 13285 13277
f 13286 13281 13278
f 13285 13278 13277
f 13285 13286 13278
f 13295 13304 13286
f 13067 13287 13288
f 13287 12772 13289
f 13287 13289 13288
f 12772 13337 13289
f 13075 13290 13273
f 13290 13291 13274
f 13077 13292 13290
f 13292 13291 13290
f 13292 13293 13291
f 13293 13285 13291
f 13293 13294 13285
f 13294 13286 13285
f 13294 13295 13286
f 13297 13293 13292
f 13297 13296 13293
f 13081 13297 13292
f 13083 13298 13297
f 13298 13296 13297
f 13298 13299 13296
f 13296 13294 13293
f 13296 13300 13294
f 13300 13295 13294
f 13301 13308 13295
f 13300 13301 13295
f 13299 13300 13296
f 13299 13302 13300
f 13303 13314 13301
f 13302 13301 13300
f 13302 13303 13301
f 13286 13304 13281
f 13304 13284 13281
f 13304 13307 13284
f 13295 13308 13304
f 13308 13307 13304
f 13308 13309 13307
f 13307 13305 13284
f 13307 13306 13305
f 13306 13317 13305
f 13310 13318 13306
f 13309 13306 13307
f 13309 13310 13306
f 13314 13309 13308
f 13314 13311 13309
f 13311 13310 13309
f 13311 13312 13310
f 13312 13321 13310
f 13316 13312 13311
f 13316 13313 13312
f 13313 13322 13312
f 13301 13314 13308
f 13303 13315 13314
f 13315 13311 13314
f 13315 13316 13311
f 13305 13317 12828
f 13306 13318 13317
f 13318 12859 13317
f 13318 13319 12859
f 13310 13321 13318
f 13321 13319 13318
f 13319 13320 12860
f 13323 13320 13319
f 13324 12862 13320
f 13321 13323 13319
f 13322 13323 13321
f 13322 13326 13323
f 13312 13322 13321
f 13313 13419 13322
f 13419 13326 13322
f 13419 13428 13326
f 13323 13324 13320
f 13326 13324 13323
f 13324 13325 12862
f 13327 13325 13324
f 13326 13327 13324
f 13428 13327 13326
f 13428 13424 13327
f 13327 13328 13325
f 13424 13328 13327
f 13424 13425 13328
f 13325 12876 12862
f 13325 13329 12876
f 13328 13329 13325
f 13330 12880 13329
f 13328 13330 13329
f 13425 13330 13328
f 13425 13460 13330
f 13330 13331 12880
f 13460 13331 13330
f 13460 13462 13331
f 13462 12882 13331
f 13068 13288 13333
f 13288 13289 13332
f 13288 13332 13333
f 13186 13333 13334
f 13333 13332 13335
f 13333 13335 13334
f 13334 13335 13336
f 13334 13336 13345
f 13289 13337 13338
f 13289 13338 13332
f 13337 13339 13340
f 13339 13382 13340
f 13337 13340 13338
f 13338 13340 13343
f 13340 13383 13343
f 13332 13338 13341
f 13332 13341 13335
f 13335 13341 13342
f 13335 13342 13336
f 13338 13343 13341
f 13341 13343 13344
f 13343 13384 13344
f 13341 13344 13342
f 13336 13342 13372
f 13342 13344 13376
f 13342 13376 13372
f 13344 13391 13376
f 13194 13334 13345
f 13195 13345 13362
f 13345 13336 13364
f 13196 13346 13298
f 13197 13348 13346
f 13346 13299 13298
f 13346 13347 13299
f 13348 13347 13346
f 13260 13349 13348
f 13259 13350 13349
f 13209 13369 13350
f 13348 13351 13347
f 13349 13353 13351
f 13369 13370 13352
f 13349 13351 13348
f 13350 13353 13349
f 13350 13352 13353
f 13369 13352 13350
f 13355 13303 13302
f 13355 13354 13303
f 13354 13315 13303
f 13359 13398 13354
f 13361 13399 13359
f 13347 13302 13299
f 13347 13355 13302
f 13351 13355 13347
f 13356 13354 13355
f 13353 13356 13351
f 13352 13358 13353
f 13351 13356 13355
f 13353 13358 13356
f 13352 13357 13358
f 13370 13357 13352
f 13370 13380 13357
f 13356 13359 13354
f 13358 13359 13356
f 13358 13361 13359
f 13357 13361 13358
f 13357 13360 13361
f 13360 13401 13361
f 13380 13360 13357
f 13380 13381 13360
f 13381 13400 13360
f 13203 13362 13363
f 13345 13364 13362
f 13362 13365 13363
f 13362 13364 13365
f 13363 13365 13366
f 13208 13363 13367
f 13210 13367 13368
f 13211 13368 13369
f 13368 13370 13369
f 13368 13371 13370
f 13363 13366 13367
f 13367 13366 13371
f 13367 13371 13368
f 13336 13372 13364
f 13364 13373 13365
f 13364 13372 13373
f 13365 13374 13366
f 13366 13375 13371
f 13365 13373 13374
f 13366 13374 13375
f 13372 13376 13377
f 13372 13377 13373
f 13376 13409 13377
f 13373 13377 13378
f 13377 13410 13378
f 13375 13379 13381
f 13379 13411 13381
f 13373 13378 13374
f 13374 13378 13379
f 13374 13379 13375
f 13378 13412 13379
f 13371 13380 13370
f 13371 13375 13380
f 13375 13381 13380
f 13339 12883 13382
f 13340 13382 13383
f 12883 13385 13382
f 13382 13385 13386
f 13382 13386 13383
f 13383 13386 13390
f 13343 13383 13384
f 13383 13390 13384
f 13385 12886 13387
f 13385 13387 13386
f 13386 13387 13388
f 13386 13388 13390
f 12886 13417 13387
f 13387 13418 13388
f 13389 13419 13313
f 13406 13420 13389
f 13344 13384 13391
f 13376 13391 13409
f 13384 13390 13392
f 13384 13392 13391
f 13391 13393 13409
f 13391 13392 13393
f 13409 13393 13414
f 13388 13440 13394
f 13390 13394 13392
f 13390 13388 13394
f 13392 13394 13395
f 13392 13395 13393
f 13393 13395 13396
f 13393 13396 13414
f 13414 13396 13397
f 13394 13441 13395
f 13397 13443 13416
f 13395 13442 13396
f 13396 13444 13397
f 13354 13398 13315
f 13398 13316 13315
f 13398 13402 13316
f 13399 13402 13398
f 13359 13399 13398
f 13361 13401 13399
f 13360 13400 13401
f 13381 13411 13400
f 13399 13403 13402
f 13401 13403 13399
f 13401 13404 13403
f 13400 13405 13404
f 13400 13404 13401
f 13411 13405 13400
f 13411 13413 13405
f 13402 13313 13316
f 13402 13389 13313
f 13403 13389 13402
f 13403 13406 13389
f 13404 13406 13403
f 13405 13407 13408
f 13413 13416 13407
f 13405 13408 13404
f 13413 13407 13405
f 13404 13408 13406
f 13408 13421 13406
f 13407 13423 13408
f 13416 13422 13407
f 13377 13409 13410
f 13378 13410 13412
f 13379 13412 13411
f 13412 13415 13413
f 13409 13414 13410
f 13410 13415 13412
f 13410 13414 13415
f 13412 13413 13411
f 13415 13416 13413
f 13415 13397 13416
f 13414 13397 13415
f 13387 13417 13418
f 13417 13427 13418
f 13417 12895 13427
f 13389 13420 13419
f 13420 13428 13419
f 13420 13429 13428
f 13421 13429 13420
f 13406 13421 13420
f 13408 13423 13421
f 13416 13443 13422
f 13423 13431 13421
f 13421 13431 13429
f 13422 13433 13423
f 13443 13432 13422
f 13423 13433 13431
f 13422 13432 13433
f 13443 13454 13432
f 13430 13425 13424
f 13430 13426 13425
f 13429 13424 13428
f 13429 13430 13424
f 13431 13434 13430
f 13431 13430 13429
f 13433 13434 13431
f 13432 13437 13433
f 13454 13436 13432
f 13433 13437 13434
f 13432 13436 13437
f 13454 13457 13436
f 13434 13426 13430
f 13434 13435 13426
f 13437 13435 13434
f 13436 13439 13437
f 13437 13439 13435
f 13436 13438 13439
f 13457 13438 13436
f 13457 13458 13438
f 13388 13418 13440
f 13418 13427 13445
f 13418 13445 13440
f 13440 13445 13446
f 13440 13446 13441
f 13394 13440 13441
f 13395 13441 13442
f 13396 13442 13444
f 13397 13444 13443
f 13441 13455 13442
f 13442 13456 13444
f 13441 13446 13455
f 13442 13455 13456
f 13444 13456 13454
f 13444 13454 13443
f 13427 12898 13447
f 13427 13447 13445
f 13445 13447 13450
f 13445 13450 13446
f 13446 13451 13455
f 13446 13450 13451
f 13455 13451 13459
f 12898 13448 13447
f 13447 13448 13449
f 13447 13449 13450
f 13450 13449 13452
f 13450 13452 13451
f 13451 13452 13453
f 13459 13453 13458
f 13451 13453 13459
f 13456 13457 13454
f 13455 13459 13456
f 13456 13459 13457
f 13459 13458 13457
f 13407 13422 13423
f 13426 13460 13425
f 13426 13461 13460
f 13461 13462 13460
f 13461 13463 13462
f 13435 13461 13426
f 13435 13464 13461
f 13439 13465 13464
f 13464 13463 13461
f 13464 13466 13463
f 13465 13466 13464
f 13469 13468 13465
f 13476 13467 13469
f 13465 13468 13466
f 13469 13467 13468
f 13439 13464 13435
f 13438 13465 13439
f 13438 13469 13465
f 13458 13469 13438
f 13463 13470 13462
f 13462 13470 12882
f 13463 13471 13470
f 13466 13471 13463
f 13466 13472 13471
f 13468 13473 13472
f 13468 13472 13466
f 13467 13473 13468
f 13482 13474 13467
f 13467 13474 13473
f 13472 14206 13471
f 13473 15233 13472
f 13474 15235 13473
f 13483 15234 13474
f 13448 12910 13475
f 13448 13475 13449
f 13449 13475 13477
f 13458 13476 13469
f 13453 13476 13458
f 13449 13477 13452
f 13452 13477 13478
f 13452 13478 13453
f 13453 13478 13476
f 12910 13479 13475
f 13475 13480 13477
f 13475 13479 13480
f 13477 13480 13481
f 13478 13482 13476
f 13476 13482 13467
f 13477 13481 13478
f 13478 13481 13482
f 13481 13483 13482
f 13482 13483 13474
f 13479 12916 13480
f 13480 13484 13481
f 13480 12916 13484
f 13481 13484 13483
f 13484 15236 13483
f 13486 9649 9648
f 12422 13486 9648
f 13486 13485 9649
f 12427 13490 13486
f 13490 13485 13486
f 13490 13487 13485
f 13485 9651 9649
f 13485 13488 9651
f 13488 9661 9651
f 13488 13493 9661
f 13487 13488 13485
f 13487 13489 13488
f 13489 13493 13488
f 13491 13487 13490
f 12428 13491 13490
f 13491 13492 13487
f 13494 13492 13491
f 12445 13494 13491
f 13492 13489 13487
f 13492 13495 13489
f 13493 9662 9661
f 13489 13499 13493
f 13494 13544 13492
f 13495 13499 13489
f 13495 13506 13499
f 13544 13495 13492
f 13544 13496 13495
f 13496 13506 13495
f 13496 13509 13506
f 13493 13497 9662
f 13497 9713 9662
f 13497 13498 9713
f 13498 9716 9713
f 13499 13497 13493
f 13499 13500 13497
f 13500 13498 13497
f 13500 13501 13498
f 13501 13502 13498
f 13498 13502 9716
f 13504 13503 13502
f 13502 13503 9717
f 13501 13504 13502
f 13504 13505 13503
f 13512 13505 13504
f 13506 13500 13499
f 13506 13507 13500
f 13507 13501 13500
f 13507 13508 13501
f 13508 13504 13501
f 13509 13507 13506
f 13509 13510 13507
f 13510 13508 13507
f 13510 13511 13508
f 13511 13512 13508
f 13558 13514 13511
f 13508 13512 13504
f 13514 13513 13512
f 13512 13513 13505
f 13511 13514 13512
f 13560 13515 13514
f 13514 13515 13513
f 12516 13516 13518
f 13516 13520 13518
f 13516 13517 13520
f 12517 13518 13522
f 13517 13519 13521
f 13517 13521 13520
f 13518 13523 13522
f 13518 13520 13523
f 13519 13528 13531
f 13519 13531 13521
f 13520 13521 13526
f 13520 13526 13523
f 13521 13531 13538
f 13521 13538 13526
f 12520 13522 13524
f 13522 13525 13524
f 13522 13523 13525
f 12523 13524 13575
f 13524 13576 13575
f 13524 13525 13576
f 13523 13526 13527
f 13523 13527 13525
f 13526 13538 13539
f 13526 13539 13527
f 13525 13527 13578
f 13525 13578 13576
f 13527 13539 13542
f 13527 13542 13578
f 13528 9745 13529
f 13528 13529 13531
f 9745 9746 13530
f 9745 13530 13529
f 9746 13534 13530
f 13531 13529 13532
f 13531 13532 13538
f 13529 13530 13533
f 13529 13533 13532
f 13530 13536 13533
f 9746 9749 13534
f 9749 13535 13534
f 9749 9750 13535
f 13530 13534 13536
f 13534 13537 13536
f 13534 13535 13537
f 13538 13532 13540
f 13538 13540 13539
f 13532 13533 13541
f 13532 13541 13540
f 13533 13543 13541
f 13539 13540 13838
f 13539 13838 13542
f 13540 13541 13839
f 13540 13839 13838
f 13533 13536 13543
f 13536 13840 13543
f 13536 13537 13840
f 13541 13543 13841
f 13545 13544 13494
f 12527 13545 13494
f 13545 13546 13544
f 13549 13546 13545
f 12531 13549 13545
f 13549 13550 13546
f 13546 13496 13544
f 13546 13547 13496
f 13547 13509 13496
f 13547 13556 13509
f 13550 13547 13546
f 13550 13548 13547
f 13548 13556 13547
f 13548 13559 13556
f 13551 13550 13549
f 12532 13551 13549
f 13551 13552 13550
f 13552 13548 13550
f 13552 13554 13548
f 13554 13559 13548
f 13676 13552 13551
f 12637 13676 13551
f 13676 13553 13552
f 13554 13566 13559
f 13553 13554 13552
f 13553 13555 13554
f 13555 13566 13554
f 13555 13569 13566
f 13679 13569 13555
f 13556 13510 13509
f 13556 13557 13510
f 13557 13511 13510
f 13557 13558 13511
f 13562 13560 13558
f 13559 13557 13556
f 13559 13561 13557
f 13561 13558 13557
f 13561 13562 13558
f 13558 13560 13514
f 13560 13563 13515
f 13566 13561 13559
f 13567 13562 13561
f 13568 13564 13562
f 13564 13563 13560
f 13562 13564 13560
f 13572 13565 13564
f 13564 13565 13563
f 13572 13573 13565
f 13566 13567 13561
f 13569 13567 13566
f 13567 13568 13562
f 13570 13568 13567
f 13571 13572 13568
f 13569 13570 13567
f 13692 13570 13569
f 13692 13693 13570
f 13570 13571 13568
f 13693 13571 13570
f 13694 13574 13571
f 13568 13572 13564
f 13574 13573 13572
f 13571 13574 13572
f 13574 13580 13573
f 12549 13575 13577
f 13575 13843 13577
f 13575 13576 13843
f 13576 13578 13844
f 13576 13844 13843
f 13693 13694 13571
f 13579 13580 13574
f 13694 13579 13574
f 13579 13581 13580
f 13503 13582 9843
f 13505 13582 13503
f 13582 13584 9844
f 13584 13583 9845
f 13585 13584 13582
f 13586 13583 13584
f 13505 13585 13582
f 13513 13585 13505
f 13585 13586 13584
f 13586 13587 13583
f 13590 13586 13585
f 13591 13587 13586
f 13583 13588 9847
f 13587 13588 13583
f 13588 13598 9859
f 13589 13598 13588
f 13587 13589 13588
f 13592 13589 13587
f 13589 13601 13598
f 13592 13596 13589
f 13596 13601 13589
f 13596 13611 13601
f 13513 13590 13585
f 13515 13590 13513
f 13590 13591 13586
f 13591 13592 13587
f 13593 13591 13590
f 13515 13593 13590
f 13594 13592 13591
f 13594 13595 13592
f 13563 13593 13515
f 13593 13594 13591
f 13630 13594 13593
f 13630 13631 13594
f 13631 13595 13594
f 13631 13632 13595
f 13595 13596 13592
f 13595 13597 13596
f 13597 13611 13596
f 13597 13615 13611
f 13632 13597 13595
f 13632 13638 13597
f 13638 13615 13597
f 13638 13616 13615
f 13601 13599 13598
f 13601 13602 13599
f 13602 13600 13599
f 13602 13603 13600
f 13611 13602 13601
f 13611 13612 13602
f 13612 13603 13602
f 13612 13604 13603
f 13607 13606 13605
f 13603 13605 13600
f 13603 13607 13605
f 13607 13609 13606
f 13609 13725 13606
f 13609 13726 13725
f 13604 13607 13603
f 13608 13609 13607
f 13604 13608 13607
f 13608 13610 13609
f 13610 13726 13609
f 13610 13729 13726
f 13615 13612 13611
f 13615 13613 13612
f 13613 13604 13612
f 13613 13614 13604
f 13616 13613 13615
f 13616 13617 13613
f 13617 13614 13613
f 13617 13618 13614
f 13619 13610 13608
f 13614 13608 13604
f 13619 13620 13610
f 13614 13619 13608
f 13620 13729 13610
f 13620 13734 13729
f 13622 13734 13620
f 13618 13619 13614
f 13621 13620 13619
f 13618 13621 13619
f 13621 13622 13620
f 13652 13621 13618
f 13656 13622 13621
f 13622 13741 13734
f 9750 9883 13623
f 9750 13623 13535
f 9883 9884 13624
f 9883 13624 13623
f 9884 9885 13625
f 9884 13625 13624
f 13535 13623 13626
f 13535 13626 13537
f 13623 13624 13627
f 13623 13627 13626
f 13624 13625 13875
f 13624 13875 13627
f 9885 13628 13625
f 9885 9887 13628
f 13625 13628 13876
f 9887 13629 13628
f 13625 13876 13875
f 13537 13626 13877
f 13537 13877 13840
f 9906 13885 13629
f 13657 13741 13622
f 13563 13630 13593
f 13565 13630 13563
f 13565 13633 13630
f 13634 13632 13631
f 13633 13631 13630
f 13633 13634 13631
f 13634 13635 13632
f 13573 13633 13565
f 13573 13640 13633
f 13640 13634 13633
f 13636 13635 13634
f 13640 13636 13634
f 13636 13637 13635
f 13635 13638 13632
f 13635 13639 13638
f 13639 13616 13638
f 13639 13641 13616
f 13637 13639 13635
f 13637 13643 13639
f 13643 13641 13639
f 13580 13640 13573
f 13644 13636 13640
f 13641 13617 13616
f 13641 13642 13617
f 13642 13618 13617
f 13642 13652 13618
f 13643 13653 13641
f 13650 13653 13643
f 13580 13644 13640
f 13645 13637 13636
f 13645 13646 13637
f 13644 13645 13636
f 13649 13646 13645
f 13581 13644 13580
f 13581 13647 13644
f 13647 13645 13644
f 13647 13649 13645
f 13700 13647 13581
f 13649 13648 13646
f 13710 13649 13647
f 13711 13648 13649
f 13711 13712 13648
f 13646 13643 13637
f 13646 13650 13643
f 13648 13650 13646
f 13650 13661 13653
f 13651 13661 13650
f 13651 13665 13661
f 13648 13651 13650
f 13712 13651 13648
f 13712 13719 13651
f 13719 13665 13651
f 13719 13668 13665
f 13654 13652 13642
f 13653 13642 13641
f 13653 13654 13642
f 13661 13654 13653
f 13654 13655 13652
f 13662 13655 13654
f 13662 13663 13655
f 13652 13656 13621
f 13656 13657 13622
f 13658 13657 13656
f 13655 13656 13652
f 13658 13659 13657
f 13657 13779 13741
f 13659 13779 13657
f 13659 13784 13779
f 13655 13658 13656
f 13663 13658 13655
f 13666 13659 13658
f 13663 13666 13658
f 13666 13660 13659
f 13660 13784 13659
f 13660 13785 13784
f 13661 13662 13654
f 13665 13662 13661
f 13665 13664 13662
f 13664 13663 13662
f 13664 13667 13663
f 13667 13666 13663
f 13671 13660 13666
f 13671 13672 13660
f 13667 13671 13666
f 13672 13785 13660
f 13668 13664 13665
f 13668 13669 13664
f 13669 13667 13664
f 13669 13670 13667
f 13722 13670 13669
f 13673 13672 13671
f 13672 13795 13785
f 13674 13795 13672
f 13674 13799 13795
f 13670 13671 13667
f 13670 13673 13671
f 13673 13674 13672
f 13723 13673 13670
f 13724 13674 13673
f 13723 13724 13673
f 13724 13675 13674
f 13675 13799 13674
f 13675 13800 13799
f 13677 13553 13676
f 12638 13677 13676
f 13677 13678 13553
f 13680 13678 13677
f 12644 13680 13677
f 13678 13555 13553
f 13678 13679 13555
f 13679 13692 13569
f 13683 13681 13680
f 13680 13681 13678
f 13681 13679 13678
f 13682 13692 13679
f 13682 13697 13692
f 13681 13682 13679
f 13684 13682 13681
f 13684 13685 13682
f 13685 13697 13682
f 13685 13698 13697
f 12649 13683 13680
f 13686 13684 13683
f 13683 13684 13681
f 12650 13686 13683
f 13687 13685 13684
f 13686 13687 13684
f 13688 13687 13686
f 12665 13688 13686
f 13688 13689 13687
f 13687 13690 13685
f 13690 13698 13685
f 13690 13706 13698
f 13691 13706 13690
f 13689 13690 13687
f 13689 13691 13690
f 13691 13965 13706
f 13697 13693 13692
f 13697 13695 13693
f 13695 13694 13693
f 13696 13579 13694
f 13695 13696 13694
f 13698 13695 13697
f 13698 13701 13695
f 13701 13696 13695
f 13701 13702 13696
f 13702 13699 13696
f 13699 13581 13579
f 13696 13699 13579
f 13703 13700 13699
f 13699 13700 13581
f 13707 13702 13701
f 13708 13703 13702
f 13702 13703 13699
f 13708 13709 13703
f 13709 13704 13703
f 13703 13704 13700
f 13709 13705 13704
f 13706 13701 13698
f 13706 13707 13701
f 13707 13708 13702
f 13965 13707 13706
f 13965 13966 13707
f 13966 13708 13707
f 13966 13967 13708
f 13967 13709 13708
f 13971 13705 13709
f 13967 13971 13709
f 14013 13689 13688
f 13700 13710 13647
f 13710 13711 13649
f 13704 13710 13700
f 13704 13715 13710
f 13713 13712 13711
f 13715 13711 13710
f 13715 13713 13711
f 13713 13714 13712
f 13705 13715 13704
f 13705 13716 13715
f 13716 13713 13715
f 13716 13717 13713
f 13717 13714 13713
f 13717 13718 13714
f 13714 13719 13712
f 13714 13720 13719
f 13720 13668 13719
f 13720 13721 13668
f 14075 13721 13720
f 13718 13720 13714
f 13718 14075 13720
f 14075 14094 13721
f 13972 13716 13705
f 13721 13669 13668
f 13721 13722 13669
f 14094 13722 13721
f 13722 13723 13670
f 14092 13723 13722
f 14093 13724 13723
f 13726 10271 13725
f 13726 13727 10271
f 13727 10272 10271
f 13727 13728 10272
f 13729 13727 13726
f 13729 13730 13727
f 13730 13728 13727
f 13730 13731 13728
f 13740 13731 13730
f 13728 10279 10272
f 13728 13732 10279
f 13732 10280 10279
f 13732 13733 10280
f 13737 13733 13732
f 13733 10281 10280
f 13733 13735 10281
f 13731 13732 13728
f 13731 13737 13732
f 13734 13730 13729
f 13734 13740 13730
f 13741 13740 13734
f 13736 13735 13733
f 13737 13736 13733
f 13739 13737 13731
f 13744 13736 13737
f 13736 13738 13735
f 13745 13738 13736
f 13745 13746 13738
f 13740 13739 13731
f 13742 13739 13740
f 13742 13743 13739
f 13741 13742 13740
f 13779 13742 13741
f 13779 13780 13742
f 13780 13743 13742
f 13780 13781 13743
f 13739 13744 13737
f 13744 13745 13736
f 13743 13744 13739
f 13748 13745 13744
f 13743 13748 13744
f 13748 13749 13745
f 13749 13746 13745
f 13749 13747 13746
f 13781 13748 13743
f 13750 13749 13748
f 13781 13750 13748
f 13751 13747 13749
f 13750 13751 13749
f 13751 13752 13747
f 13735 13753 10304
f 13738 13753 13735
f 13755 13754 13753
f 13753 13754 10305
f 13754 13758 10309
f 13755 13756 13754
f 13756 13758 13754
f 13756 13762 13758
f 13738 13755 13753
f 13766 13756 13755
f 13746 13755 13738
f 13746 13766 13755
f 13757 13762 13756
f 13766 13757 13756
f 13757 13763 13762
f 13762 13759 13758
f 13762 13760 13759
f 13760 10312 13759
f 13760 13761 10312
f 13761 10369 10312
f 13765 13820 13761
f 13763 13760 13762
f 13763 13764 13760
f 13764 13761 13760
f 13764 13765 13761
f 13774 13823 13765
f 13771 13765 13764
f 13771 13774 13765
f 13747 13766 13746
f 13767 13757 13766
f 13747 13767 13766
f 13768 13763 13757
f 13768 13772 13763
f 13767 13768 13757
f 13770 13772 13768
f 13752 13767 13747
f 13752 13769 13767
f 13769 13768 13767
f 13789 13769 13752
f 13807 13770 13769
f 13769 13770 13768
f 13770 13773 13772
f 13808 13773 13770
f 13772 13764 13763
f 13772 13771 13764
f 13773 13771 13772
f 13776 13774 13771
f 13773 13776 13771
f 13807 13808 13770
f 13808 13813 13773
f 13775 13824 13774
f 13776 13775 13774
f 13778 13832 13775
f 13813 13776 13773
f 13813 13777 13776
f 13777 13775 13776
f 13777 13778 13775
f 13815 13778 13777
f 13816 13836 13778
f 13784 13780 13779
f 13784 13782 13780
f 13782 13781 13780
f 13782 13783 13781
f 13785 13782 13784
f 13785 13786 13782
f 13786 13783 13782
f 13786 13790 13783
f 13783 13750 13781
f 13783 13787 13750
f 13787 13751 13750
f 13787 13788 13751
f 13790 13787 13783
f 13791 13788 13787
f 13788 13752 13751
f 13788 13789 13752
f 13792 13789 13788
f 13790 13791 13787
f 13795 13786 13785
f 13796 13790 13786
f 13791 13792 13788
f 13797 13791 13790
f 13802 13792 13791
f 13797 13802 13791
f 13802 13803 13792
f 13792 13793 13789
f 13803 13793 13792
f 13803 13794 13793
f 13795 13796 13786
f 13799 13796 13795
f 13796 13797 13790
f 13801 13797 13796
f 13799 13801 13796
f 13801 13798 13797
f 13800 13801 13799
f 13800 14517 13801
f 14517 13798 13801
f 14517 14516 13798
f 13798 13802 13797
f 13804 13803 13802
f 13804 13805 13803
f 13798 13804 13802
f 14518 13805 13804
f 13805 13794 13803
f 13805 13806 13794
f 14519 13806 13805
f 14516 13804 13798
f 13789 13807 13769
f 13793 13807 13789
f 13793 13810 13807
f 13810 13808 13807
f 13809 13813 13808
f 13810 13809 13808
f 13809 13814 13813
f 13794 13810 13793
f 13811 13809 13810
f 13794 13811 13810
f 13819 13812 13811
f 13811 13812 13809
f 13812 13814 13809
f 13812 13817 13814
f 14530 13817 13812
f 14530 14534 13817
f 13814 13777 13813
f 13814 13815 13777
f 13817 13815 13814
f 13815 13816 13778
f 14524 13837 13816
f 13818 13816 13815
f 13818 14524 13816
f 13817 13818 13815
f 14534 13818 13817
f 13806 13811 13794
f 13806 13819 13811
f 13819 14530 13812
f 13761 13820 10369
f 13765 13823 13820
f 13823 10373 13820
f 13823 13822 10373
f 13822 10374 10373
f 13822 13821 10374
f 13825 13821 13822
f 13825 13826 13821
f 13826 13828 13821
f 13824 13822 13823
f 13824 13825 13822
f 13774 13824 13823
f 13832 13825 13824
f 13832 13833 13825
f 13833 13826 13825
f 13827 13830 13826
f 13833 13827 13826
f 13834 13831 13827
f 13830 10379 13828
f 13830 13829 10379
f 13826 13830 13828
f 13831 13829 13830
f 13831 14606 13829
f 13827 13831 13830
f 14607 14606 13831
f 13834 14607 13831
f 13775 13832 13824
f 13778 13836 13832
f 13836 13833 13832
f 13836 13835 13833
f 13835 13827 13833
f 13835 13834 13827
f 14620 13834 13835
f 13837 13835 13836
f 13837 14620 13835
f 13816 13837 13836
f 13541 13841 13839
f 13543 13842 13841
f 13543 13840 13842
f 13841 13842 13860
f 12550 13577 13846
f 13577 13847 13846
f 13577 13843 13847
f 13578 13542 13853
f 13578 13853 13844
f 13843 13844 13845
f 13843 13845 13847
f 13844 13853 13856
f 13844 13856 13845
f 12728 13846 13849
f 13846 13847 13848
f 13846 13848 13849
f 12729 13849 13956
f 13849 13851 13956
f 13849 13848 13851
f 13847 13845 13850
f 13847 13850 13848
f 13845 13856 13863
f 13845 13863 13850
f 13848 13850 13852
f 13850 13863 13866
f 13848 13852 13851
f 13851 13852 13961
f 13850 13866 13852
f 13852 13866 13962
f 13542 13838 13854
f 13542 13854 13853
f 13838 13839 13855
f 13838 13855 13854
f 13839 13859 13855
f 13853 13857 13856
f 13853 13854 13857
f 13854 13855 13858
f 13854 13858 13857
f 13855 13861 13858
f 13857 13858 13865
f 13839 13841 13859
f 13841 13860 13859
f 13855 13859 13861
f 13859 13860 13862
f 13859 13862 13861
f 13858 13861 13869
f 13861 13862 13870
f 13856 13857 13864
f 13856 13864 13863
f 13857 13865 13864
f 13858 13869 13865
f 13863 13864 13867
f 13864 13865 13868
f 13863 13867 13866
f 13866 13867 13963
f 13864 13868 13867
f 13865 13871 13868
f 13866 13963 13962
f 13867 13868 13964
f 13867 13964 13963
f 13868 13872 13964
f 13861 13870 13869
f 13865 13869 13871
f 13869 13873 13871
f 13869 13870 13873
f 13868 13871 13872
f 13871 13874 13872
f 13871 13873 13874
f 13626 13627 13878
f 13627 13875 13879
f 13628 13629 13887
f 13875 13876 13883
f 13628 13887 13876
f 13876 13887 13894
f 13840 13877 13880
f 13626 13878 13877
f 13627 13879 13878
f 13877 13878 13881
f 13878 13879 13882
f 13840 13880 13842
f 13842 13880 13908
f 13877 13881 13880
f 13878 13882 13881
f 13880 13881 13909
f 13881 13882 13910
f 13875 13883 13879
f 13879 13883 13884
f 13876 13894 13883
f 13883 13897 13884
f 13883 13894 13897
f 13879 13884 13882
f 13882 13913 13910
f 13882 13884 13913
f 13884 13925 13913
f 13884 13897 13925
f 13629 13885 13888
f 9907 13886 13885
f 13885 13886 13889
f 13629 13888 13887
f 13887 13888 13895
f 13885 13889 13888
f 13888 13896 13895
f 13888 13889 13896
f 9908 13890 13886
f 10380 13891 13890
f 13886 13890 13892
f 13890 13893 13892
f 13890 13891 13893
f 10381 14448 13891
f 13891 14452 13893
f 13891 14448 14452
f 13886 13892 13889
f 13889 13892 13901
f 13889 13901 13896
f 13892 13893 13903
f 13892 13903 13901
f 13893 14452 14453
f 13893 14453 13903
f 13887 13895 13894
f 13894 13898 13897
f 13894 13895 13898
f 13895 13896 13899
f 13895 13899 13898
f 13897 13898 13900
f 13897 13900 13925
f 13898 13899 13905
f 13898 13905 13900
f 13896 13901 13902
f 13901 13903 13904
f 13896 13902 13899
f 13901 13904 13902
f 13903 14453 14465
f 13903 14465 13904
f 13899 13902 13906
f 13902 13907 13906
f 13902 13904 13907
f 13899 13906 13905
f 13904 14465 14468
f 13906 13907 13933
f 13904 14468 13907
f 13907 14468 14506
f 13842 13908 13860
f 13860 13908 13911
f 13880 13909 13908
f 13881 13910 13909
f 13908 13909 13912
f 13908 13912 13911
f 13909 13910 13914
f 13909 13914 13912
f 13860 13911 13862
f 13910 13913 13917
f 13910 13917 13914
f 13913 13925 13926
f 13862 13911 13919
f 13862 13919 13870
f 13911 13912 13915
f 13912 13914 13916
f 13911 13915 13919
f 13912 13916 13915
f 13913 13926 13917
f 13914 13917 13918
f 13914 13918 13916
f 13917 13926 13929
f 13917 13929 13918
f 13918 13929 13937
f 13870 13919 13920
f 13870 13920 13873
f 13919 13915 13921
f 13915 13916 13922
f 13915 13922 13921
f 13919 13921 13920
f 13921 13922 13941
f 13873 13920 13923
f 13873 13923 13874
f 13920 13921 13942
f 13920 13942 13923
f 13921 13941 13942
f 13916 13918 13924
f 13916 13924 13922
f 13922 13924 13943
f 13918 13937 13924
f 13924 13947 13943
f 13924 13937 13947
f 13922 13943 13941
f 13925 13900 13927
f 13925 13927 13926
f 13900 13928 13927
f 13900 13905 13928
f 13927 13928 13930
f 13926 13931 13929
f 13926 13927 13931
f 13927 13930 13931
f 13929 13931 13938
f 13931 13930 13939
f 13931 13939 13938
f 13905 13906 13932
f 13905 13932 13928
f 13906 13933 13932
f 13928 13932 13934
f 13932 13933 13935
f 13907 14506 13933
f 13933 14511 13935
f 13933 14506 14511
f 13928 13934 13930
f 13932 13935 13934
f 13930 13934 13940
f 13934 13935 13936
f 13930 13940 13939
f 13934 13936 13940
f 13935 14511 14546
f 13935 14546 13936
f 13929 13938 13937
f 13937 13938 13945
f 13874 13923 14113
f 13923 13942 14114
f 13942 13941 14115
f 13942 14115 14114
f 13941 13943 13944
f 13941 13944 14115
f 13943 13947 13948
f 13943 13948 13944
f 13937 13945 13947
f 13938 13939 13946
f 13938 13946 13945
f 13947 13945 13949
f 13947 13949 13948
f 13945 13950 13949
f 13945 13946 13950
f 13948 13949 14134
f 13949 13950 14135
f 13939 13940 13951
f 13940 13936 13952
f 13939 13951 13946
f 13940 13952 13951
f 13951 13952 13954
f 13936 14553 13952
f 13936 14546 14553
f 13952 14553 14557
f 13946 13951 13953
f 13946 13953 13950
f 13951 13954 13953
f 13950 13953 14136
f 13953 13954 13955
f 13950 14136 14135
f 13953 13955 14136
f 13952 14557 13954
f 13954 14557 14564
f 13954 14564 13955
f 12805 13956 13957
f 13956 13958 13957
f 13956 13851 13958
f 13957 13958 13960
f 12808 13957 13959
f 13957 13960 13959
f 13851 13961 13958
f 13958 13961 13977
f 13852 13962 13961
f 13961 13990 13977
f 13961 13962 13990
f 13958 13977 13960
f 14014 13691 13689
f 14014 14017 13691
f 14017 13965 13691
f 14017 13968 13965
f 13962 13963 13988
f 13962 13988 13990
f 13963 13964 13989
f 13964 13872 13994
f 13968 13966 13965
f 13968 13969 13966
f 13969 13967 13966
f 13969 13970 13967
f 13970 13971 13967
f 14024 13969 13968
f 14025 13970 13969
f 14026 13973 13970
f 13973 13972 13971
f 13971 13972 13705
f 13970 13973 13971
f 13975 13974 13973
f 13973 13974 13972
f 14026 13975 13973
f 13975 13976 13974
f 12809 13959 13979
f 13959 13960 13980
f 13960 13977 13978
f 13960 13978 13980
f 13977 13990 13991
f 13977 13991 13978
f 13959 13980 13979
f 12821 13979 13982
f 13979 13981 13982
f 13979 13980 13981
f 12822 13982 13984
f 13982 13981 13985
f 13980 13978 13983
f 13980 13983 13981
f 13981 13983 13986
f 13978 13999 13983
f 13978 13991 13999
f 13982 13985 13984
f 13984 13985 14034
f 13983 13999 14004
f 13981 13986 13985
f 13985 13987 14034
f 13985 13986 13987
f 13983 14004 13986
f 13986 14004 14005
f 13986 14005 13987
f 13987 14005 14234
f 13963 13989 13988
f 13964 13994 13989
f 13990 13988 13992
f 13990 13992 13991
f 13988 13989 13993
f 13988 13993 13992
f 13989 13996 13993
f 13991 13992 14000
f 13992 13993 14001
f 13993 14008 14001
f 13872 13995 13994
f 13989 13994 13996
f 13872 13874 13995
f 13994 13995 13997
f 13994 13997 13996
f 13993 13996 14008
f 13996 13998 14008
f 13996 13997 13998
f 13991 14000 13999
f 13992 14001 14000
f 13999 14002 14004
f 13999 14000 14002
f 14000 14001 14003
f 14000 14003 14002
f 14001 14009 14003
f 14004 14002 14006
f 14002 14003 14007
f 14004 14006 14005
f 14005 14006 14235
f 14002 14007 14006
f 14003 14011 14007
f 14006 14007 14238
f 14006 14238 14235
f 14007 14194 14238
f 14001 14008 14009
f 14008 14010 14009
f 14003 14009 14011
f 14008 13998 14010
f 14009 14010 14012
f 14009 14012 14011
f 14007 14011 14194
f 14011 14195 14194
f 14011 14012 14195
f 12839 14013 13688
f 14016 14014 14013
f 14013 14014 13689
f 14016 14015 14014
f 12840 14016 14013
f 14015 14017 14014
f 14015 14018 14017
f 14018 13968 14017
f 14018 14024 13968
f 14019 14015 14016
f 12841 14019 14016
f 14019 14020 14015
f 14023 14020 14019
f 14023 14021 14020
f 14020 14018 14015
f 14022 14024 14018
f 14022 14027 14024
f 14020 14022 14018
f 14021 14022 14020
f 14021 14032 14022
f 14032 14027 14022
f 14032 14050 14027
f 12846 14023 14019
f 14024 14025 13969
f 14025 14026 13970
f 14027 14025 14024
f 14027 14028 14025
f 14028 14026 14025
f 14029 13975 14026
f 14028 14029 14026
f 14051 14029 14028
f 14051 14052 14029
f 14052 14030 14029
f 14050 14028 14027
f 14050 14051 14028
f 14030 13976 13975
f 14029 14030 13975
f 14056 14031 14030
f 14030 14031 13976
f 14039 14032 14021
f 14039 14042 14032
f 14042 14050 14032
f 14042 14053 14050
f 12871 13984 14033
f 13984 14034 14033
f 12872 14033 14036
f 14033 14035 14036
f 14033 14034 14035
f 14034 13987 14037
f 14034 14037 14035
f 13987 14234 14037
f 14038 14021 14023
f 12878 14038 14023
f 14038 14039 14021
f 12879 14040 14038
f 14040 14039 14038
f 14040 14041 14039
f 14041 14042 14039
f 14041 14043 14042
f 14043 14053 14042
f 14043 14067 14053
f 14045 14041 14040
f 14045 14044 14041
f 12881 14045 14040
f 14046 14044 14045
f 12882 14046 14045
f 14205 14047 14046
f 14046 14047 14044
f 14044 14043 14041
f 14044 14048 14043
f 14048 14067 14043
f 14048 14068 14067
f 14047 14048 14044
f 14047 14049 14048
f 14049 14068 14048
f 14049 14070 14068
f 14212 14070 14049
f 14207 14049 14047
f 14053 14051 14050
f 14053 14054 14051
f 14054 14052 14051
f 14054 14055 14052
f 14055 14056 14052
f 14067 14054 14053
f 14067 14060 14054
f 14060 14055 14054
f 14060 14061 14055
f 14061 14058 14055
f 14052 14056 14030
f 14058 14057 14056
f 14056 14057 14031
f 14058 14059 14057
f 14055 14058 14056
f 14062 14059 14058
f 14061 14062 14058
f 14062 14063 14059
f 14005 14235 14234
f 14072 14062 14061
f 14072 14064 14062
f 14064 14063 14062
f 14064 14065 14063
f 14074 14065 14064
f 14074 14066 14065
f 14068 14060 14067
f 14068 14069 14060
f 14069 14061 14060
f 14069 14072 14061
f 14070 14069 14068
f 14070 14071 14069
f 14259 14071 14070
f 14071 14072 14069
f 14073 14064 14072
f 14071 14073 14072
f 14073 14074 14064
f 14077 13717 13716
f 14078 13718 13717
f 14078 14079 13718
f 14079 14075 13718
f 14079 14076 14075
f 14076 14094 14075
f 14076 14095 14094
f 13972 14077 13716
f 13974 14077 13972
f 14077 14078 13717
f 13974 14080 14077
f 14081 14079 14078
f 14080 14078 14077
f 14080 14081 14078
f 14081 14082 14079
f 13976 14080 13974
f 14082 14076 14079
f 14082 14083 14076
f 14083 14095 14076
f 14083 14105 14095
f 14085 14082 14081
f 13976 14084 14080
f 14031 14084 13976
f 14084 14081 14080
f 14084 14085 14081
f 14085 14086 14082
f 14031 14087 14084
f 14088 14086 14085
f 14087 14085 14084
f 14087 14088 14085
f 14088 14089 14086
f 14086 14083 14082
f 14086 14090 14083
f 14090 14105 14083
f 14090 14107 14105
f 14089 14090 14086
f 14089 14091 14090
f 14091 14107 14090
f 14091 14110 14107
f 14094 14092 13722
f 14092 14093 13723
f 14095 14092 14094
f 14095 14097 14092
f 14097 14093 14092
f 14105 14097 14095
f 14105 14106 14097
f 14097 14096 14093
f 14106 14096 14097
f 14106 14102 14096
f 14098 13675 13724
f 14098 14099 13675
f 14093 14098 13724
f 14096 14098 14093
f 14100 14099 14098
f 14099 13800 13675
f 14099 14915 13800
f 14101 14915 14099
f 14101 14917 14915
f 14096 14100 14098
f 14100 14101 14099
f 14103 14101 14100
f 14102 14100 14096
f 14104 14917 14101
f 14102 14103 14100
f 14103 14104 14101
f 14111 14104 14103
f 14104 14921 14917
f 14112 14921 14104
f 14112 14924 14921
f 14107 14106 14105
f 14107 14109 14106
f 14109 14102 14106
f 14109 14108 14102
f 14110 14109 14107
f 14110 14152 14109
f 14152 14108 14109
f 14152 14150 14108
f 14108 14103 14102
f 14108 14111 14103
f 14111 14112 14104
f 14157 14112 14111
f 14150 14111 14108
f 14150 14157 14111
f 14157 14158 14112
f 14158 14924 14112
f 13874 14113 13995
f 13995 14113 14118
f 13923 14114 14113
f 14113 14114 14116
f 13995 14118 13997
f 14114 14115 14117
f 14113 14116 14118
f 14114 14117 14116
f 13997 14118 14120
f 13997 14120 13998
f 14118 14116 14122
f 14118 14122 14120
f 14116 14117 14121
f 14115 13944 14119
f 14115 14119 14117
f 14117 14119 14123
f 13944 14133 14119
f 13944 13948 14133
f 14119 14133 14139
f 13998 14120 14126
f 14116 14121 14122
f 14120 14122 14127
f 14122 14121 14128
f 14122 14128 14127
f 14117 14123 14121
f 14121 14124 14128
f 14121 14123 14124
f 14119 14139 14123
f 14123 14139 14140
f 14123 14140 14124
f 14124 14140 14163
f 14170 14089 14088
f 14171 14091 14089
f 14171 14125 14091
f 14125 14110 14091
f 14125 14151 14110
f 14175 14151 14125
f 13998 14126 14010
f 14120 14127 14126
f 14010 14126 14129
f 14010 14129 14012
f 14126 14127 14130
f 14127 14128 14131
f 14126 14130 14129
f 14127 14131 14130
f 14129 14130 14309
f 14130 14131 14310
f 14012 14129 14307
f 14128 14132 14131
f 14128 14124 14132
f 14131 14132 14313
f 14124 14163 14132
f 14132 14163 14316
f 13948 14134 14133
f 13949 14135 14134
f 14133 14137 14139
f 14133 14134 14137
f 14134 14135 14138
f 14134 14138 14137
f 14139 14141 14140
f 14139 14137 14141
f 14137 14142 14141
f 14137 14138 14142
f 14140 14141 14164
f 14140 14164 14163
f 14141 14142 14143
f 14141 14143 14164
f 14135 14136 14144
f 14136 14145 14144
f 14136 13955 14145
f 14135 14144 14138
f 14138 14144 14146
f 14144 14145 14148
f 13955 14944 14145
f 13955 14564 14944
f 14145 14944 14947
f 14145 14947 14148
f 14138 14146 14142
f 14144 14148 14146
f 14142 14146 14147
f 14146 14148 14149
f 14142 14147 14143
f 14146 14149 14147
f 14148 14950 14149
f 14148 14947 14950
f 14151 14152 14110
f 14151 14153 14152
f 14153 14150 14152
f 14153 14154 14150
f 14187 14153 14151
f 14187 14155 14153
f 14155 14154 14153
f 14155 14156 14154
f 14159 14158 14157
f 14159 14161 14158
f 14158 14954 14924
f 14161 14954 14158
f 14161 14957 14954
f 14154 14157 14150
f 14154 14159 14157
f 14156 14159 14154
f 14160 14161 14159
f 14160 14162 14161
f 14156 14160 14159
f 14162 14957 14161
f 14162 14965 14957
f 14189 14156 14155
f 14189 14165 14156
f 14166 14162 14160
f 14165 14160 14156
f 14165 14166 14160
f 14166 14167 14162
f 14193 14167 14166
f 14167 14965 14162
f 14167 14966 14965
f 14193 14168 14167
f 14168 14966 14167
f 14168 14969 14966
f 14412 14969 14168
f 14412 15036 14969
f 14057 14087 14031
f 14169 14088 14087
f 14057 14169 14087
f 14059 14169 14057
f 14169 14170 14088
f 14170 14171 14089
f 14172 14170 14169
f 14173 14171 14170
f 14059 14172 14169
f 14173 14174 14171
f 14172 14173 14170
f 14178 14173 14172
f 14176 14174 14173
f 14063 14172 14059
f 14174 14125 14171
f 14174 14175 14125
f 14177 14175 14174
f 14175 14187 14151
f 14185 14187 14175
f 14178 14176 14173
f 14176 14177 14174
f 14063 14178 14172
f 14065 14178 14063
f 14065 14179 14178
f 14179 14176 14178
f 14179 14181 14176
f 14181 14177 14176
f 14181 14182 14177
f 14066 14179 14065
f 14066 14180 14179
f 14180 14181 14179
f 14184 14182 14181
f 14180 14184 14181
f 14184 14183 14182
f 14177 14185 14175
f 14182 14185 14177
f 14185 14188 14187
f 14186 14188 14185
f 14182 14186 14185
f 14186 14190 14188
f 14358 14190 14186
f 14358 14392 14190
f 14183 14186 14182
f 14183 14358 14186
f 14188 14155 14187
f 14188 14189 14155
f 14190 14189 14188
f 14191 14165 14189
f 14190 14191 14189
f 14392 14191 14190
f 14392 14394 14191
f 14191 14192 14165
f 14394 14192 14191
f 14394 14393 14192
f 14192 14166 14165
f 14192 14193 14166
f 14410 14168 14193
f 14393 14193 14192
f 14393 14410 14193
f 14410 14412 14168
f 14194 14195 14247
f 12873 14036 14196
f 14036 14197 14196
f 12900 14196 14202
f 14196 14198 14202
f 14036 14035 14197
f 14196 14197 14198
f 14202 14198 14204
f 14035 14037 14199
f 14037 14236 14199
f 14037 14234 14236
f 14035 14199 14197
f 14197 14199 14200
f 14197 14200 14198
f 14199 14236 14240
f 14198 14200 14201
f 14198 14201 14204
f 14199 14240 14200
f 14200 14240 14242
f 14200 14242 14201
f 14201 14242 14284
f 12907 14202 14203
f 14202 14204 14203
f 12908 14203 14217
f 14203 14218 14217
f 14203 14204 14218
f 13470 14205 14046
f 13471 14206 14205
f 14206 14207 14205
f 14205 14207 14047
f 14206 14208 14207
f 15233 14208 14206
f 15235 14209 15233
f 15233 14209 14208
f 15235 14211 14209
f 15234 14210 14211
f 14212 14259 14070
f 14204 14228 14218
f 14204 14201 14228
f 14201 14284 14228
f 14207 14212 14049
f 14208 14212 14207
f 14208 14213 14212
f 14213 14259 14212
f 14213 14268 14259
f 14209 14214 14213
f 14209 14213 14208
f 14211 14214 14209
f 14210 14215 14211
f 14226 14216 14210
f 14211 14215 14214
f 14210 14216 14215
f 14214 14268 14213
f 14214 14269 14268
f 14215 14269 14214
f 14216 14270 14215
f 14231 14271 14216
f 14215 14270 14269
f 14216 14271 14270
f 14217 14219 14220
f 14217 14218 14219
f 12913 14217 14220
f 12914 14220 14221
f 14220 14224 14221
f 14223 14226 15236
f 12915 14221 14222
f 12916 14222 14223
f 14221 14225 14222
f 14222 14227 14223
f 14220 14219 14224
f 14221 14224 14225
f 15236 14226 14210
f 14222 14225 14227
f 14223 14227 14226
f 14218 14228 14229
f 14218 14229 14219
f 14219 14230 14224
f 14219 14229 14230
f 14228 14285 14229
f 14228 14284 14285
f 14229 14289 14230
f 14230 14290 14232
f 14229 14285 14289
f 14230 14289 14290
f 14232 14290 14291
f 14224 14232 14225
f 14225 14233 14227
f 14224 14230 14232
f 14225 14232 14233
f 14227 14233 14231
f 14227 14231 14226
f 14226 14231 14216
f 14233 14299 14231
f 14231 14299 14271
f 14232 14291 14233
f 14233 14291 14299
f 14234 14235 14237
f 14234 14237 14236
f 14236 14237 14241
f 14235 14238 14239
f 14235 14239 14237
f 14238 14246 14239
f 14237 14239 14244
f 14237 14244 14241
f 14239 14248 14244
f 14236 14241 14240
f 14240 14241 14243
f 14240 14243 14242
f 14242 14243 14252
f 14241 14244 14245
f 14241 14245 14243
f 14244 14251 14245
f 14243 14245 14253
f 14238 14194 14246
f 14194 14247 14246
f 14239 14246 14248
f 14246 14247 14249
f 14244 14248 14251
f 14246 14249 14248
f 14248 14250 14251
f 14248 14249 14250
f 14245 14251 14254
f 14251 14250 14256
f 14242 14252 14284
f 14243 14253 14252
f 14252 14253 14294
f 14245 14254 14253
f 14253 14255 14294
f 14251 14256 14254
f 14253 14254 14255
f 14254 14257 14255
f 14294 14255 14300
f 14255 14258 14300
f 14254 14256 14257
f 14255 14257 14258
f 14300 14258 14306
f 14259 14260 14071
f 14268 14260 14259
f 14268 14262 14260
f 14261 14074 14073
f 14260 14073 14071
f 14260 14261 14073
f 14262 14261 14260
f 14262 14264 14261
f 14264 14274 14261
f 14269 14263 14262
f 14263 14264 14262
f 14263 14265 14264
f 14265 14276 14264
f 14273 14265 14263
f 14273 14267 14265
f 14267 14277 14265
f 14266 14279 14267
f 14296 14278 14266
f 14269 14262 14268
f 14270 14263 14269
f 14271 14273 14270
f 14299 14272 14271
f 14271 14272 14273
f 14270 14273 14263
f 14272 14266 14267
f 14272 14267 14273
f 14288 14266 14272
f 14261 14274 14074
f 14274 14066 14074
f 14276 14275 14274
f 14264 14276 14274
f 14274 14275 14066
f 14276 14280 14275
f 14277 14280 14276
f 14265 14277 14276
f 14267 14279 14277
f 14266 14278 14279
f 14279 14281 14277
f 14278 14283 14279
f 14303 14282 14278
f 14277 14281 14280
f 14279 14283 14281
f 14278 14282 14283
f 14284 14286 14285
f 14284 14252 14286
f 14285 14287 14289
f 14285 14286 14287
f 14289 14292 14290
f 14290 14293 14291
f 14289 14287 14292
f 14290 14292 14293
f 14291 14293 14288
f 14252 14294 14286
f 14286 14294 14295
f 14286 14295 14287
f 14287 14295 14298
f 14294 14300 14295
f 14295 14302 14298
f 14288 14296 14266
f 14293 14296 14288
f 14297 14303 14296
f 14287 14298 14292
f 14292 14297 14293
f 14292 14298 14297
f 14293 14297 14296
f 14298 14301 14297
f 14291 14288 14299
f 14299 14288 14272
f 14301 14304 14303
f 14295 14300 14302
f 14298 14302 14301
f 14300 14306 14302
f 14302 14305 14301
f 14296 14303 14278
f 14297 14301 14303
f 14303 14304 14282
f 14302 14306 14305
f 14301 14305 14304
f 14012 14307 14195
f 14195 14307 14308
f 14195 14308 14247
f 14129 14309 14307
f 14307 14309 14311
f 14130 14310 14309
f 14309 14310 14312
f 14307 14311 14308
f 14309 14312 14311
f 14308 14311 14342
f 14311 14343 14342
f 14311 14312 14343
f 14131 14313 14310
f 14132 14316 14313
f 14313 14316 14321
f 14310 14314 14312
f 14310 14313 14314
f 14313 14321 14314
f 14312 14315 14343
f 14312 14314 14315
f 14314 14321 14322
f 14314 14322 14315
f 14315 14322 14323
f 14147 14149 14329
f 14149 15014 14329
f 14149 14950 15014
f 14163 14318 14316
f 14163 14164 14318
f 14316 14319 14321
f 14316 14318 14319
f 14164 14317 14318
f 14164 14143 14317
f 14318 14320 14319
f 14318 14317 14320
f 14319 14320 14325
f 14321 14324 14322
f 14321 14319 14324
f 14322 14326 14323
f 14322 14324 14326
f 14319 14325 14324
f 14324 14325 14327
f 14324 14327 14326
f 14143 14147 14328
f 14143 14328 14317
f 14147 14329 14328
f 14317 14328 14330
f 14328 14329 14331
f 14317 14330 14320
f 14328 14331 14330
f 14329 15030 14331
f 14329 15014 15030
f 14320 14330 14333
f 14330 14332 14333
f 14330 14331 14332
f 14331 15031 14332
f 14331 15030 15031
f 14332 15031 15041
f 14320 14333 14325
f 14325 14333 14334
f 14325 14334 14327
f 14333 14335 14334
f 14333 14332 14335
f 14332 15041 14335
f 14323 14326 14425
f 14326 14336 14425
f 14326 14327 14336
f 14327 14334 14337
f 14334 14338 14337
f 14327 14337 14336
f 14336 14337 14439
f 14337 14339 14439
f 14334 14335 14338
f 14337 14338 14339
f 14335 15062 14338
f 14335 15041 15062
f 14338 15063 14339
f 14338 15062 15063
f 14339 15064 14444
f 14339 15063 15064
f 14247 14308 14340
f 14247 14340 14249
f 14249 14340 14341
f 14249 14341 14250
f 14250 14341 14366
f 14308 14342 14340
f 14340 14342 14345
f 14342 14343 14344
f 14342 14344 14345
f 14340 14345 14341
f 14341 14345 14364
f 14345 14344 14365
f 14275 14180 14066
f 14275 14346 14180
f 14346 14184 14180
f 14346 14347 14184
f 14347 14183 14184
f 14347 14348 14183
f 14349 14347 14346
f 14350 14348 14347
f 14349 14350 14347
f 14387 14350 14349
f 14350 14351 14348
f 14352 14351 14350
f 14387 14352 14350
f 14352 14354 14351
f 14353 14354 14352
f 14390 14356 14353
f 14375 14355 14390
f 14353 14356 14354
f 14390 14355 14356
f 14343 14357 14344
f 14343 14315 14357
f 14315 14323 14357
f 14348 14358 14183
f 14348 14359 14358
f 14351 14359 14348
f 14359 14392 14358
f 14359 14402 14392
f 14360 14402 14359
f 14354 14360 14351
f 14351 14360 14359
f 14356 14361 14354
f 14355 14363 14356
f 14376 14362 14355
f 14354 14361 14360
f 14355 14362 14363
f 14356 14363 14361
f 14361 14403 14360
f 14360 14403 14402
f 14361 14404 14403
f 14362 14405 14406
f 14363 14406 14404
f 14363 14404 14361
f 14362 14406 14363
f 14386 14405 14362
f 14341 14364 14366
f 14345 14365 14364
f 14364 14365 14373
f 14250 14366 14256
f 14256 14366 14367
f 14256 14367 14257
f 14257 14367 14368
f 14257 14368 14258
f 14258 14368 14370
f 14258 14370 14306
f 14306 14370 14369
f 14366 14364 14371
f 14366 14371 14367
f 14364 14373 14371
f 14367 14371 14372
f 14367 14372 14368
f 14371 14373 14374
f 14371 14374 14372
f 14372 14374 14380
f 14369 14375 14391
f 14375 14376 14355
f 14378 14376 14375
f 14368 14372 14377
f 14368 14377 14370
f 14370 14377 14378
f 14369 14378 14375
f 14370 14378 14369
f 14372 14380 14377
f 14377 14379 14378
f 14377 14380 14379
f 14378 14379 14376
f 14344 14357 14381
f 14344 14381 14365
f 14365 14382 14373
f 14365 14381 14382
f 14373 14382 14383
f 14357 14422 14381
f 14357 14323 14422
f 14381 14422 14423
f 14381 14423 14382
f 14382 14424 14383
f 14382 14423 14424
f 14383 14424 14436
f 14373 14383 14374
f 14374 14384 14380
f 14374 14383 14384
f 14380 14384 14385
f 14379 14386 14376
f 14376 14386 14362
f 14380 14385 14379
f 14379 14385 14386
f 14386 14435 14405
f 14383 14436 14384
f 14385 14435 14386
f 14384 14437 14385
f 14384 14436 14437
f 14385 14437 14435
f 14280 14346 14275
f 14280 14349 14346
f 14281 14349 14280
f 14281 14387 14349
f 14283 14389 14387
f 14283 14387 14281
f 14282 14389 14283
f 14304 14388 14282
f 14282 14388 14389
f 14389 14352 14387
f 14388 14353 14389
f 14389 14353 14352
f 14388 14390 14353
f 14391 14390 14388
f 14304 14391 14388
f 14305 14391 14304
f 14306 14369 14305
f 14305 14369 14391
f 14391 14375 14390
f 14402 14394 14392
f 14402 14395 14394
f 14395 14393 14394
f 14397 14396 14395
f 14395 14396 14393
f 14407 14398 14397
f 14397 14398 14396
f 14407 14399 14398
f 14409 14401 14399
f 14403 14395 14402
f 14404 14397 14403
f 14403 14397 14395
f 14406 14407 14404
f 14405 14409 14406
f 14404 14407 14397
f 14405 14408 14409
f 14406 14409 14407
f 14409 14399 14407
f 14408 14401 14409
f 14408 14400 14401
f 14411 14412 14410
f 14411 14413 14412
f 14396 14410 14393
f 14396 14411 14410
f 14398 14411 14396
f 14414 14413 14411
f 14413 15036 14412
f 14418 15181 14413
f 14413 15181 15036
f 14398 14414 14411
f 14415 14418 14414
f 14399 14414 14398
f 14414 14418 14413
f 14399 14415 14414
f 14401 14415 14399
f 14401 14417 14415
f 14400 14417 14401
f 14400 14416 14417
f 14417 14419 14415
f 14416 14421 14417
f 14415 14419 14418
f 14417 14421 14419
f 14416 14420 14421
f 14419 15182 14418
f 14418 15182 15181
f 14419 15183 15182
f 14421 15185 15183
f 14421 15183 14419
f 14420 15185 14421
f 14420 15184 15185
f 14323 14425 14422
f 14422 14426 14423
f 14422 14425 14426
f 14423 14430 14424
f 14424 14431 14436
f 14423 14426 14430
f 14424 14430 14431
f 14436 14431 14432
f 14425 14427 14426
f 14425 14336 14427
f 14426 14428 14430
f 14426 14427 14428
f 14438 14429 14400
f 14430 14433 14431
f 14432 14429 14438
f 14431 14434 14432
f 14430 14428 14433
f 14431 14433 14434
f 14432 14434 14429
f 14435 14408 14405
f 14435 14438 14408
f 14437 14438 14435
f 14436 14432 14437
f 14437 14432 14438
f 14438 14400 14408
f 14336 14439 14427
f 14427 14439 14440
f 14439 14444 14440
f 14427 14440 14428
f 14428 14440 14442
f 14440 14445 14442
f 14439 14339 14444
f 14440 14444 14445
f 14442 14445 14446
f 14429 14416 14400
f 14429 14441 14416
f 14441 14420 14416
f 14441 14447 14420
f 14443 14447 14441
f 14428 14442 14433
f 14433 14442 14443
f 14433 14443 14434
f 14442 14446 14443
f 14434 14441 14429
f 14434 14443 14441
f 14443 14446 14447
f 14447 15190 15184
f 14444 15191 14445
f 14446 15190 14447
f 14445 15192 14446
f 14444 15064 15191
f 14445 15191 15192
f 14446 15192 15190
f 14447 15184 14420
f 14448 14449 14454
f 14448 14454 14452
f 14449 14450 14451
f 14449 14451 14454
f 14452 14454 14455
f 14452 14455 14453
f 14454 14451 14456
f 14454 14456 14455
f 14450 14457 14459
f 14457 14458 14460
f 14450 14459 14451
f 14457 14460 14459
f 14458 11461 14461
f 14458 14461 14460
f 14451 14459 14462
f 14451 14462 14456
f 14459 14460 14463
f 14459 14463 14462
f 14456 14462 14472
f 14462 14463 14471
f 14460 14461 14464
f 14460 14464 14463
f 14463 14464 14473
f 14453 14466 14465
f 14453 14455 14466
f 14455 14467 14466
f 14455 14456 14467
f 14456 14472 14467
f 14465 14466 14469
f 14466 14467 14470
f 14465 14469 14468
f 14468 14469 14507
f 14466 14470 14469
f 14469 14508 14507
f 14469 14470 14508
f 14462 14471 14472
f 14467 14472 14474
f 14472 14471 14475
f 14463 14473 14471
f 14471 14473 14476
f 14471 14476 14475
f 14467 14474 14470
f 14472 14475 14474
f 14474 14475 14477
f 14470 14474 14512
f 14470 14512 14508
f 14474 14477 14512
f 14475 14476 14478
f 14475 14478 14477
f 11461 11477 14479
f 11461 14479 14461
f 11477 14480 14479
f 14461 14479 14482
f 11477 11478 14480
f 11478 14481 14480
f 14479 14480 14483
f 14461 14482 14464
f 11484 14484 14481
f 14480 14481 14487
f 14479 14483 14482
f 14464 14482 14492
f 14482 14494 14492
f 14480 14487 14483
f 14482 14483 14494
f 14483 14487 14489
f 14483 14489 14494
f 14481 14488 14487
f 14481 14484 14488
f 11485 14485 14484
f 14484 14485 14486
f 14485 14610 14486
f 14484 14486 14488
f 14487 14488 14490
f 14487 14490 14489
f 14488 14486 14491
f 14486 14614 14491
f 14488 14491 14490
f 14490 14491 14500
f 14491 14615 14500
f 14464 14492 14473
f 14473 14492 14493
f 14473 14493 14476
f 14492 14495 14493
f 14492 14494 14495
f 14494 14489 14498
f 14494 14498 14495
f 14495 14498 14502
f 14476 14493 14496
f 14493 14497 14496
f 14476 14496 14478
f 14478 14496 14528
f 14493 14495 14497
f 14495 14502 14497
f 14496 14497 14573
f 14497 14502 14578
f 14497 14578 14573
f 14489 14490 14499
f 14489 14499 14498
f 14498 14499 14503
f 14490 14500 14499
f 14499 14500 14501
f 14499 14501 14503
f 14500 14647 14501
f 14498 14503 14502
f 14502 14504 14578
f 14502 14503 14504
f 14503 14501 14505
f 14501 14652 14505
f 14503 14505 14504
f 14504 14505 14581
f 14505 14653 14581
f 14468 14507 14506
f 14506 14509 14511
f 14506 14507 14509
f 14507 14508 14510
f 14507 14510 14509
f 14511 14509 14547
f 14511 14547 14546
f 14509 14548 14547
f 14509 14510 14548
f 14508 14512 14513
f 14512 14477 14514
f 14508 14513 14510
f 14512 14514 14513
f 14513 14514 14550
f 14477 14478 14515
f 14477 14515 14514
f 14510 14513 14549
f 14915 14517 13800
f 14916 14516 14517
f 14916 14918 14516
f 14519 14520 13806
f 14516 14518 13804
f 14518 14519 13805
f 14918 14518 14516
f 14918 14521 14518
f 14521 14519 14518
f 14521 14522 14519
f 14522 14520 14519
f 14522 14523 14520
f 14526 14693 14524
f 14534 14525 13818
f 14525 14524 13818
f 14525 14526 14524
f 14536 14526 14525
f 14527 14694 14526
f 14536 14527 14526
f 14540 14697 14527
f 14478 14528 14515
f 14496 14573 14528
f 14529 14530 13819
f 14520 13819 13806
f 14520 14529 13819
f 14531 14534 14530
f 14531 14535 14534
f 14529 14531 14530
f 14533 14535 14531
f 14523 14529 14520
f 14523 14532 14529
f 14532 14531 14529
f 14930 14532 14523
f 14936 14533 14532
f 14532 14533 14531
f 14533 14538 14535
f 14539 14538 14533
f 14535 14525 14534
f 14535 14536 14525
f 14538 14536 14535
f 14538 14537 14536
f 14537 14527 14536
f 14537 14540 14527
f 14930 14936 14532
f 14936 14539 14533
f 14539 14542 14538
f 14939 14542 14539
f 14541 14700 14540
f 14543 14540 14537
f 14543 14541 14540
f 14545 14710 14541
f 14542 14537 14538
f 14542 14543 14537
f 14940 14543 14542
f 14544 14541 14543
f 14940 14544 14543
f 14544 14545 14541
f 14591 14711 14545
f 14986 14545 14544
f 14546 14547 14554
f 14547 14548 14555
f 14514 14515 14551
f 14510 14549 14548
f 14513 14550 14549
f 14548 14549 14559
f 14548 14559 14555
f 14549 14550 14560
f 14549 14560 14559
f 14514 14551 14550
f 14550 14551 14552
f 14550 14552 14560
f 14546 14554 14553
f 14553 14554 14558
f 14547 14555 14554
f 14553 14558 14557
f 14554 14555 14556
f 14554 14556 14558
f 14557 14558 14566
f 14557 14566 14564
f 14558 14565 14566
f 14558 14556 14565
f 14555 14559 14561
f 14559 14560 14562
f 14555 14561 14556
f 14559 14562 14561
f 14561 14562 14568
f 14560 14552 14563
f 14560 14563 14562
f 14562 14563 14571
f 14556 14567 14565
f 14556 14561 14567
f 14564 14566 14945
f 14566 14565 14946
f 14566 14946 14945
f 14561 14568 14567
f 14565 14567 14569
f 14567 14568 14570
f 14565 14569 14946
f 14567 14570 14569
f 14562 14571 14568
f 14568 14571 14572
f 14568 14572 14570
f 14570 14572 14953
f 14515 14528 14575
f 14515 14575 14551
f 14528 14574 14575
f 14573 14578 14579
f 14528 14573 14574
f 14573 14579 14574
f 14551 14575 14576
f 14575 14577 14576
f 14551 14576 14552
f 14575 14574 14577
f 14574 14579 14583
f 14552 14576 14588
f 14574 14583 14577
f 14576 14577 14589
f 14577 14583 14590
f 14577 14590 14589
f 14578 14504 14580
f 14578 14580 14579
f 14579 14580 14584
f 14504 14581 14580
f 14581 14712 14582
f 14580 14581 14582
f 14580 14582 14584
f 14579 14584 14583
f 14583 14585 14590
f 14583 14584 14585
f 14584 14582 14586
f 14582 14720 14586
f 14584 14586 14585
f 14585 14586 14587
f 14586 14724 14587
f 14552 14588 14563
f 14576 14589 14588
f 14563 14588 14592
f 14986 14591 14545
f 14989 14739 14591
f 14563 14592 14571
f 14588 14593 14592
f 14588 14589 14593
f 14589 14590 14598
f 14589 14598 14593
f 14593 14598 14602
f 14571 14592 14594
f 14571 14594 14572
f 14592 14595 14594
f 14592 14593 14595
f 14593 14602 14595
f 14572 14594 14994
f 14572 14994 14953
f 14594 14596 14994
f 14595 14602 14604
f 14594 14595 14596
f 14595 14604 14596
f 14596 14604 15107
f 14590 14597 14598
f 14590 14585 14597
f 14598 14599 14602
f 14598 14597 14599
f 14585 14587 14597
f 14597 14587 14600
f 14587 14726 14600
f 14597 14600 14599
f 14599 14600 14601
f 14600 14743 14601
f 14602 14599 14603
f 14602 14603 14604
f 14604 14603 14755
f 14599 14601 14603
f 14603 14601 14756
f 14606 11706 11705
f 14606 11705 13829
f 14608 11706 14606
f 14608 14605 11706
f 14609 11741 11737
f 14609 11737 14605
f 14607 14608 14606
f 14623 14605 14608
f 14623 14609 14605
f 14625 14609 14623
f 14625 14618 14609
f 14485 11712 14610
f 11712 14611 14610
f 14486 14610 14614
f 14610 14611 14613
f 14610 14613 14614
f 14611 11715 14612
f 14611 14612 14613
f 11715 14617 14612
f 14613 14612 14636
f 14612 14639 14636
f 14614 14613 14616
f 14614 14616 14615
f 14491 14614 14615
f 14615 14616 14648
f 14613 14636 14616
f 14618 14633 11741
f 14618 11741 14609
f 14612 14617 14639
f 14629 14634 14633
f 14629 14633 14618
f 14630 14635 14634
f 14630 14634 14629
f 14619 14607 13834
f 14620 14619 13834
f 14621 14624 14619
f 14693 14620 13837
f 14693 14622 14620
f 14622 14619 14620
f 14622 14621 14619
f 14695 14621 14622
f 14696 14626 14621
f 14619 14624 14607
f 14624 14608 14607
f 14624 14623 14608
f 14626 14623 14624
f 14626 14625 14623
f 14627 14618 14625
f 14621 14626 14624
f 14628 14625 14626
f 14628 14627 14625
f 14696 14628 14626
f 14500 14615 14647
f 14627 14629 14618
f 14632 14630 14629
f 14631 14673 14635
f 14631 14635 14630
f 14705 14627 14628
f 14705 14632 14627
f 14632 14629 14627
f 14706 14631 14630
f 14706 14630 14632
f 14708 14631 14706
f 14634 11743 14633
f 14634 11744 11743
f 14635 11744 14634
f 14616 14636 14637
f 14636 14642 14637
f 14616 14637 14648
f 14617 11748 14638
f 14617 14638 14639
f 14639 14638 14643
f 14638 11749 14640
f 14638 14640 14643
f 14640 11808 14641
f 14643 14640 14641
f 14636 14639 14642
f 14639 14643 14642
f 14642 14643 14644
f 14637 14642 14657
f 14642 14644 14657
f 14657 14644 14658
f 14643 14641 14644
f 14644 14641 14645
f 14644 14645 14658
f 14641 11808 14675
f 14641 14675 14645
f 14645 14675 14678
f 14645 14678 14646
f 14646 14678 14679
f 14658 14645 14646
f 14646 14679 14663
f 14663 14679 14684
f 14663 14684 14664
f 14664 14684 14773
f 14615 14648 14647
f 14647 14648 14650
f 14501 14647 14652
f 14647 14650 14652
f 14648 14637 14649
f 14648 14649 14650
f 14637 14657 14649
f 14650 14649 14651
f 14649 14659 14651
f 14505 14652 14653
f 14652 14650 14654
f 14652 14654 14653
f 14653 14654 14655
f 14650 14651 14654
f 14654 14651 14656
f 14651 14666 14656
f 14654 14656 14655
f 14660 14685 14673
f 14660 14673 14631
f 14649 14657 14659
f 14657 14658 14659
f 14651 14659 14666
f 14659 14658 14662
f 14659 14662 14666
f 14661 14686 14685
f 14661 14685 14660
f 14708 14660 14631
f 14714 14686 14661
f 14714 14687 14686
f 14655 14656 14722
f 14656 14668 14722
f 14658 14646 14662
f 14662 14646 14663
f 14662 14663 14667
f 14664 14773 14665
f 14667 14663 14664
f 14656 14666 14668
f 14666 14662 14667
f 14666 14667 14668
f 14722 14668 14731
f 14668 14667 14669
f 14729 14690 14687
f 14729 14687 14714
f 14730 14691 14690
f 14668 14669 14731
f 14667 14664 14669
f 14669 14664 14665
f 14734 14692 14691
f 14669 14665 14732
f 14635 14670 11744
f 14671 11794 14670
f 14673 14671 14670
f 14672 11796 14671
f 14672 11797 11796
f 14674 11797 14672
f 14673 14670 14635
f 14685 14671 14673
f 14685 14672 14671
f 14686 14672 14685
f 14686 14674 14672
f 14674 14676 11797
f 14675 11810 14678
f 14682 14677 14676
f 14678 11811 14679
f 14679 11811 14760
f 14679 14760 14684
f 14680 11812 14677
f 14681 11992 11813
f 14681 11813 14680
f 14771 11992 14681
f 14682 14676 14674
f 14683 14677 14682
f 14687 14682 14674
f 14683 14680 14677
f 14688 14681 14680
f 14689 14771 14681
f 14688 14680 14683
f 14689 14681 14688
f 14687 14674 14686
f 14690 14683 14682
f 14690 14682 14687
f 14691 14683 14690
f 14691 14688 14683
f 14692 14689 14688
f 14692 14688 14691
f 14810 14689 14692
f 14524 14693 13837
f 14694 14622 14693
f 14694 14695 14622
f 14526 14694 14693
f 14697 14695 14694
f 14697 14698 14695
f 14695 14696 14621
f 14699 14628 14696
f 14698 14696 14695
f 14698 14699 14696
f 14527 14697 14694
f 14700 14698 14697
f 14701 14705 14699
f 14540 14700 14697
f 14700 14702 14698
f 14710 14702 14700
f 14702 14699 14698
f 14702 14701 14699
f 14703 14701 14702
f 14710 14703 14702
f 14704 14707 14701
f 14703 14704 14701
f 14735 14704 14703
f 14735 14713 14704
f 14713 14709 14704
f 14699 14705 14628
f 14707 14632 14705
f 14707 14706 14632
f 14701 14707 14705
f 14709 14706 14707
f 14709 14708 14706
f 14704 14709 14707
f 14541 14710 14700
f 14711 14703 14710
f 14711 14735 14703
f 14545 14711 14710
f 14581 14653 14712
f 14653 14655 14712
f 14712 14655 14721
f 14582 14712 14720
f 14736 14716 14713
f 14715 14660 14708
f 14715 14661 14660
f 14717 14661 14715
f 14717 14714 14661
f 14719 14729 14714
f 14716 14708 14709
f 14716 14715 14708
f 14718 14715 14716
f 14718 14717 14715
f 14713 14716 14709
f 14736 14718 14716
f 14742 14717 14718
f 14742 14719 14717
f 14719 14714 14717
f 14712 14721 14720
f 14720 14721 14725
f 14655 14722 14721
f 14721 14722 14723
f 14722 14731 14723
f 14721 14723 14725
f 14725 14723 14727
f 14723 14733 14727
f 14586 14720 14724
f 14720 14725 14724
f 14587 14724 14726
f 14724 14725 14728
f 14724 14728 14726
f 14726 14728 14829
f 14725 14727 14728
f 14728 14727 14830
f 14727 14835 14830
f 14728 14830 14829
f 14730 14690 14729
f 14723 14731 14733
f 14731 14669 14732
f 14731 14732 14733
f 14727 14733 14835
f 14733 14732 14832
f 14734 14691 14730
f 14838 14692 14734
f 14749 14729 14719
f 14749 14730 14729
f 14751 14730 14749
f 14751 14734 14730
f 14753 14734 14751
f 14753 14838 14734
f 14739 14735 14711
f 14739 14737 14735
f 14737 14713 14735
f 14737 14736 14713
f 14738 14718 14736
f 14741 14736 14737
f 14741 14738 14736
f 14744 14742 14738
f 14591 14739 14711
f 14740 14737 14739
f 14740 14741 14737
f 14989 14740 14739
f 15010 14741 14740
f 15010 14746 14741
f 14746 14738 14741
f 14738 14742 14718
f 14745 14750 14744
f 14600 14726 14743
f 14726 14829 14743
f 15011 14747 14746
f 14746 14744 14738
f 14747 14744 14746
f 14747 14745 14744
f 14748 14752 14745
f 15013 14748 14745
f 15013 14745 14747
f 15198 14863 14748
f 14863 14754 14748
f 14750 14719 14742
f 14750 14749 14719
f 14752 14751 14749
f 14744 14750 14742
f 14745 14752 14750
f 14752 14749 14750
f 14754 14751 14752
f 14754 14753 14751
f 14748 14754 14752
f 14873 14753 14754
f 14604 14755 15107
f 14601 14857 14756
f 14603 14756 14755
f 14755 14756 14757
f 14756 14862 14757
f 14757 14865 15112
f 14665 14773 14803
f 14665 14803 14758
f 14758 14803 14806
f 14759 14806 14807
f 14758 14806 14759
f 14732 14665 14758
f 14832 14758 14759
f 14833 14807 14812
f 14759 14807 14833
f 14834 14812 14819
f 14833 14812 14834
f 14846 14819 14826
f 14760 11989 14761
f 14761 11989 11990
f 14684 14760 14761
f 14761 11990 14762
f 14771 14763 11992
f 14772 14763 14771
f 14772 14764 14763
f 14762 11990 14765
f 14774 14765 14766
f 14762 14765 14774
f 14777 14766 14767
f 14769 11995 14768
f 14765 11996 14766
f 14766 12009 14767
f 14770 11997 14769
f 14775 14768 14764
f 14776 14769 14768
f 14778 14770 14769
f 14684 14761 14773
f 14773 14761 14762
f 14803 14762 14774
f 14804 14772 14771
f 14773 14762 14803
f 14803 14774 14806
f 14805 14775 14772
f 14775 14764 14772
f 14774 14766 14777
f 14777 14767 14779
f 14806 14774 14777
f 14808 14776 14775
f 14776 14768 14775
f 14778 14769 14776
f 14795 14770 14778
f 14767 12009 12010
f 14780 12010 14781
f 14788 12013 12014
f 14787 12014 12012
f 14785 11998 14770
f 14786 12011 14785
f 14787 12012 14786
f 14788 12014 14787
f 14792 14781 14782
f 14789 12015 12013
f 14783 12008 14784
f 14784 12016 14790
f 14789 12013 14788
f 14791 12015 14789
f 14790 12017 14791
f 14767 12010 14780
f 14780 14781 14792
f 14793 14782 14783
f 14792 14782 14793
f 14794 14783 14784
f 14799 14784 14790
f 14800 14790 14791
f 14779 14767 14780
f 14813 14780 14792
f 14779 14780 14813
f 14814 14792 14793
f 14813 14792 14814
f 14815 14793 14794
f 14816 14794 14799
f 14795 14785 14770
f 14796 14786 14785
f 14798 14787 14786
f 14797 14788 14787
f 14796 14785 14795
f 14798 14786 14796
f 14793 14783 14794
f 14801 14789 14788
f 14794 14784 14799
f 14802 14791 14789
f 14799 14790 14800
f 14802 14789 14801
f 14800 14791 14802
f 14797 14787 14798
f 14801 14788 14797
f 14804 14771 14689
f 14805 14772 14804
f 14810 14804 14689
f 14806 14777 14807
f 14808 14775 14805
f 14809 14776 14808
f 14807 14777 14779
f 14812 14779 14813
f 14809 14778 14776
f 14820 14795 14778
f 14807 14779 14812
f 14820 14778 14809
f 14811 14804 14810
f 14811 14805 14804
f 14905 14805 14811
f 14905 14808 14805
f 14906 14809 14808
f 14907 14820 14809
f 14906 14808 14905
f 14907 14809 14906
f 14821 14796 14795
f 14823 14798 14796
f 14822 14797 14798
f 14814 14793 14815
f 14815 14794 14816
f 14817 14799 14800
f 14825 14802 14801
f 14818 14800 14802
f 14824 14801 14797
f 14816 14799 14817
f 14817 14800 14818
f 14819 14813 14814
f 14812 14813 14819
f 14826 14814 14815
f 14821 14795 14820
f 14823 14796 14821
f 14822 14798 14823
f 14824 14797 14822
f 14827 14815 14816
f 14825 14801 14824
f 14818 14802 14825
f 14819 14814 14826
f 14828 14816 14817
f 14826 14815 14827
f 14827 14816 14828
f 14911 14817 14818
f 14914 14825 14824
f 14912 14818 14825
f 14908 14821 14820
f 14909 14822 14823
f 14910 14823 14821
f 14908 14820 14907
f 14910 14821 14908
f 14913 14824 14822
f 14828 14817 14911
f 14914 14824 14913
f 14911 14818 14912
f 14912 14825 14914
f 14829 14830 14831
f 14830 14836 14831
f 14733 14832 14835
f 14835 14832 14837
f 14732 14758 14832
f 14838 14810 14692
f 14832 14759 14837
f 14837 14759 14833
f 14839 14811 14810
f 14839 14810 14838
f 14843 14905 14811
f 14843 14811 14839
f 14834 14819 14846
f 14840 14833 14834
f 14837 14833 14840
f 14844 14906 14905
f 14842 14834 14846
f 14845 14907 14906
f 14830 14835 14836
f 14835 14837 14836
f 14836 14837 14840
f 14831 14836 14841
f 14836 14840 14841
f 14869 14839 14838
f 14875 14843 14839
f 14841 14840 14842
f 14841 14842 14870
f 14840 14834 14842
f 14844 14905 14843
f 14845 14906 14844
f 14851 14907 14845
f 14842 14846 14871
f 14847 14826 14827
f 14846 14826 14847
f 14848 14827 14828
f 14849 14828 14911
f 14847 14827 14848
f 14851 14908 14907
f 14853 14910 14908
f 14852 14909 14910
f 14856 14913 14909
f 14850 14911 14912
f 14854 14912 14914
f 14848 14828 14849
f 14849 14911 14850
f 14855 14914 14913
f 14871 14846 14847
f 14885 14847 14848
f 14853 14908 14851
f 14852 14910 14853
f 14856 14909 14852
f 14850 14912 14854
f 14854 14914 14855
f 14855 14913 14856
f 14871 14847 14885
f 14887 14848 14849
f 14888 14849 14850
f 14743 14829 14858
f 14601 14743 14857
f 14743 14858 14857
f 14857 14858 14859
f 14829 14831 14858
f 14858 14831 14860
f 14831 14841 14860
f 14858 14860 14859
f 14860 14870 14861
f 14859 14860 14861
f 14859 14861 14866
f 14866 14861 14867
f 14861 14872 14867
f 14756 14857 14862
f 14857 14859 14862
f 14864 14873 14863
f 15201 14874 14864
f 14862 14859 14866
f 14862 14866 14865
f 14865 14866 14868
f 14757 14862 14865
f 15112 14865 15200
f 14865 14868 15200
f 15200 14868 14881
f 14866 14867 14868
f 14868 14867 14880
f 14873 14869 14753
f 14869 14838 14753
f 14875 14839 14869
f 14860 14841 14870
f 14861 14870 14872
f 14870 14842 14871
f 14870 14871 14872
f 14867 14872 14886
f 14876 14844 14843
f 14877 14845 14844
f 14876 14843 14875
f 14877 14844 14876
f 14891 14845 14877
f 14863 14873 14754
f 14874 14869 14873
f 14874 14875 14869
f 14878 14875 14874
f 14864 14874 14873
f 14878 14876 14875
f 14879 14877 14876
f 14899 14891 14877
f 15201 14878 14874
f 14879 14876 14878
f 15202 14879 14878
f 15213 14899 14879
f 14899 14877 14879
f 14867 14886 14880
f 14880 14890 14882
f 14868 14880 14881
f 14881 14880 14882
f 14881 14882 15212
f 15212 14882 14883
f 14882 14894 14883
f 14883 14895 14884
f 14884 14902 15218
f 14872 14871 14885
f 14872 14885 14886
f 14886 14885 14887
f 14886 14887 14890
f 14890 14887 14888
f 14885 14848 14887
f 14891 14851 14845
f 14893 14853 14851
f 14892 14852 14853
f 14898 14856 14852
f 14887 14849 14888
f 14889 14850 14854
f 14896 14854 14855
f 14888 14850 14889
f 14897 14855 14856
f 14893 14851 14891
f 14892 14853 14893
f 14898 14852 14892
f 14889 14854 14896
f 14896 14855 14897
f 14897 14856 14898
f 14880 14886 14890
f 14882 14890 14894
f 14890 14888 14894
f 14894 14888 14889
f 14894 14889 14895
f 14895 14889 14896
f 14903 14897 14898
f 14902 14896 14897
f 14895 14896 14902
f 14901 14892 14893
f 14900 14893 14891
f 14900 14891 14899
f 14901 14893 14900
f 14904 14898 14892
f 14904 14892 14901
f 14883 14894 14895
f 14884 14895 14902
f 15219 14903 14904
f 15218 14902 14903
f 14903 14898 14904
f 14902 14897 14903
f 14909 14823 14910
f 14913 14822 14909
f 14915 14916 14517
f 14917 14916 14915
f 14917 14919 14916
f 14919 14918 14916
f 14919 14920 14918
f 14920 14521 14918
f 14928 14522 14521
f 14920 14928 14521
f 14928 14927 14522
f 14927 14523 14522
f 14927 14930 14523
f 14922 14920 14919
f 14921 14919 14917
f 14921 14922 14919
f 14924 14922 14921
f 14922 14923 14920
f 14924 14925 14922
f 14925 14923 14922
f 14925 14926 14923
f 14955 14926 14925
f 14923 14928 14920
f 14932 14927 14928
f 14923 14932 14928
f 14932 14929 14927
f 14929 14930 14927
f 14929 14931 14930
f 14926 14932 14923
f 14926 14934 14932
f 14934 14929 14932
f 14934 14933 14929
f 14956 14934 14926
f 14933 14931 14929
f 14933 14935 14931
f 14954 14925 14924
f 14931 14936 14930
f 14931 14937 14936
f 14937 14539 14936
f 14937 14939 14539
f 14935 14937 14931
f 14938 14939 14937
f 14935 14938 14937
f 14939 14940 14542
f 14981 14940 14939
f 14938 14981 14939
f 14981 14987 14940
f 14987 14544 14940
f 14987 14986 14544
f 14955 14956 14926
f 14956 14941 14934
f 14941 14933 14934
f 14941 14942 14933
f 14942 14935 14933
f 14942 14943 14935
f 14961 14943 14942
f 14961 14962 14943
f 14564 14945 14944
f 14944 14945 14948
f 14944 14948 14947
f 14947 14948 15015
f 14945 14946 14949
f 14945 14949 14948
f 14948 14949 15016
f 14947 15015 14950
f 14948 15016 15015
f 14946 14569 14951
f 14946 14951 14949
f 14569 14570 14952
f 14569 14952 14951
f 14949 14951 15020
f 14949 15020 15016
f 14951 14952 15021
f 14951 15021 15020
f 14570 14953 14952
f 14952 14953 15022
f 14952 15022 15021
f 14954 14955 14925
f 14957 14955 14954
f 14957 14959 14955
f 14959 14956 14955
f 14965 14959 14957
f 14965 14963 14959
f 14959 14958 14956
f 14963 14958 14959
f 14963 14964 14958
f 14958 14941 14956
f 14960 14942 14941
f 14958 14960 14941
f 14960 14961 14942
f 14972 14961 14960
f 14972 14973 14961
f 14964 14960 14958
f 14964 14972 14960
f 14973 14962 14961
f 14966 14963 14965
f 14966 14967 14963
f 14967 14964 14963
f 14967 14968 14964
f 14969 14967 14966
f 14969 14971 14967
f 15036 14971 14969
f 14971 14968 14967
f 14971 14970 14968
f 15037 14970 14971
f 14968 14972 14964
f 14974 14973 14972
f 14968 14974 14972
f 14974 14975 14973
f 14973 14976 14962
f 14975 14976 14973
f 14975 14977 14976
f 14980 14977 14975
f 14980 14978 14977
f 14970 14974 14968
f 14970 14979 14974
f 14979 14975 14974
f 14979 14980 14975
f 15038 14979 14970
f 15046 14980 14979
f 15047 14978 14980
f 14983 14987 14981
f 14983 14991 14987
f 14943 14938 14935
f 14943 14982 14938
f 14982 14981 14938
f 14962 14982 14943
f 14982 14983 14981
f 14984 14983 14982
f 14962 14984 14982
f 15003 14985 14984
f 14985 14991 14983
f 14985 14992 14991
f 14984 14985 14983
f 14995 14992 14985
f 14991 14986 14987
f 14991 14988 14986
f 14988 14591 14986
f 14988 14989 14591
f 14990 14740 14989
f 14993 14989 14988
f 14993 14990 14989
f 14992 14988 14991
f 14992 14993 14988
f 14997 14993 14992
f 14953 14994 15099
f 14953 15099 15022
f 14994 14596 15101
f 15003 14995 14985
f 14995 14997 14992
f 15006 14997 14995
f 15006 14999 14997
f 14996 15010 14990
f 15001 15011 14996
f 14997 14998 14993
f 14999 14998 14997
f 14999 15000 14998
f 14998 14990 14993
f 14998 14996 14990
f 15000 14996 14998
f 15000 15001 14996
f 15002 15012 15001
f 15009 15001 15000
f 15009 15002 15001
f 14976 14984 14962
f 14976 15003 14984
f 14977 15003 14976
f 14977 15004 15003
f 15004 14995 15003
f 15004 15006 14995
f 15005 15006 15004
f 14978 15004 14977
f 14978 15005 15004
f 15050 15005 14978
f 15131 15007 15005
f 15007 14999 15006
f 15005 15007 15006
f 15007 15008 14999
f 15008 15000 14999
f 15008 15009 15000
f 14990 15010 14740
f 14996 15011 15010
f 15011 14746 15010
f 15012 15013 14747
f 15012 14747 15011
f 15197 15198 15013
f 15001 15012 15011
f 15197 15013 15012
f 15198 14748 15013
f 15002 15197 15012
f 14950 15015 15017
f 14950 15017 15014
f 15014 15017 15032
f 15015 15016 15018
f 15015 15018 15017
f 15017 15019 15032
f 15017 15018 15019
f 15021 15022 15025
f 15016 15020 15023
f 15016 15023 15018
f 15020 15021 15024
f 15020 15024 15023
f 15018 15023 15026
f 15018 15026 15019
f 15023 15024 15027
f 15021 15025 15024
f 15024 15025 15028
f 15023 15027 15026
f 15026 15027 15045
f 15024 15028 15027
f 15027 15029 15045
f 15027 15028 15029
f 15014 15032 15030
f 15030 15032 15034
f 15030 15034 15031
f 15031 15035 15041
f 15031 15034 15035
f 15032 15033 15034
f 15032 15019 15033
f 15034 15061 15035
f 15034 15033 15061
f 15181 15037 15036
f 15036 15037 14971
f 15181 15039 15037
f 15039 15038 15037
f 15037 15038 14970
f 15039 15040 15038
f 15186 15040 15039
f 15186 15042 15040
f 15187 15043 15042
f 15019 15044 15033
f 15019 15026 15044
f 15026 15045 15044
f 15033 15044 15075
f 15044 15045 15077
f 15044 15077 15075
f 15033 15075 15061
f 15045 15029 15079
f 15045 15079 15077
f 15038 15046 14979
f 15046 15047 14980
f 15048 15047 15046
f 15048 15049 15047
f 15040 15046 15038
f 15040 15048 15046
f 15047 15050 14978
f 15049 15050 15047
f 15049 15051 15050
f 15042 15048 15040
f 15042 15052 15048
f 15052 15049 15048
f 15052 15053 15049
f 15043 15052 15042
f 15043 15054 15052
f 15195 15054 15043
f 15189 15087 15195
f 15195 15087 15054
f 15189 15055 15087
f 15054 15053 15052
f 15054 15056 15053
f 15087 15056 15054
f 15055 15090 15087
f 15087 15090 15056
f 15055 15057 15090
f 15053 15051 15049
f 15053 15058 15051
f 15056 15058 15053
f 15056 15059 15058
f 15090 15059 15056
f 15057 15098 15090
f 15090 15098 15059
f 15057 15060 15098
f 15035 15061 15066
f 15041 15065 15062
f 15041 15035 15065
f 15062 15065 15067
f 15062 15067 15063
f 15063 15070 15064
f 15064 15071 15191
f 15063 15067 15070
f 15064 15070 15071
f 15035 15066 15065
f 15065 15068 15067
f 15065 15066 15068
f 15067 15068 15072
f 15067 15072 15070
f 15070 15073 15071
f 15071 15074 15196
f 15070 15072 15073
f 15196 15074 15069
f 15071 15073 15074
f 15061 15075 15076
f 15061 15076 15066
f 15075 15077 15078
f 15075 15078 15076
f 15076 15078 15084
f 15077 15079 15080
f 15077 15080 15078
f 15078 15080 15081
f 15078 15081 15084
f 15084 15081 15095
f 15066 15076 15082
f 15066 15082 15068
f 15068 15083 15072
f 15068 15082 15083
f 15072 15083 15091
f 15076 15084 15082
f 15082 15084 15085
f 15082 15085 15083
f 15083 15086 15091
f 15083 15085 15086
f 15069 15055 15189
f 15069 15088 15055
f 15088 15057 15055
f 15088 15089 15057
f 15072 15091 15073
f 15073 15092 15074
f 15073 15091 15092
f 15074 15088 15069
f 15074 15092 15088
f 15092 15093 15089
f 15091 15086 15093
f 15091 15093 15092
f 15092 15089 15088
f 15084 15095 15085
f 15085 15095 15096
f 15093 15097 15094
f 15085 15096 15086
f 15086 15097 15093
f 15086 15096 15097
f 15089 15060 15057
f 15089 15094 15060
f 15093 15094 15089
f 14994 15101 15099
f 15022 15099 15100
f 15022 15100 15025
f 15099 15102 15100
f 14596 15107 15101
f 15101 15107 15109
f 15099 15101 15102
f 15100 15102 15105
f 15101 15109 15102
f 15102 15109 15110
f 15102 15110 15105
f 15025 15100 15103
f 15025 15103 15028
f 15100 15105 15103
f 15028 15103 15104
f 15028 15104 15029
f 15029 15104 15152
f 15103 15106 15104
f 15104 15119 15152
f 15103 15105 15106
f 15105 15110 15115
f 15105 15115 15106
f 15104 15106 15119
f 15106 15122 15119
f 15106 15115 15122
f 15107 14755 15108
f 15107 15108 15109
f 15109 15108 15111
f 14755 14757 15108
f 15109 15111 15110
f 15110 15111 15116
f 15108 14757 15112
f 15108 15112 15111
f 15112 15200 15113
f 15111 15112 15113
f 15111 15113 15116
f 15116 15113 15120
f 15114 15197 15002
f 15142 15002 15009
f 15142 15114 15002
f 15143 15117 15114
f 15117 15205 15114
f 15110 15116 15115
f 15115 15121 15122
f 15115 15116 15121
f 15116 15120 15121
f 15118 15206 15117
f 15151 15207 15118
f 15119 15122 15123
f 15119 15123 15156
f 15113 15209 15120
f 15120 15210 15126
f 15122 15124 15123
f 15122 15121 15124
f 15123 15124 15125
f 15121 15120 15126
f 15121 15126 15124
f 15124 15126 15127
f 15126 15211 15127
f 15127 15228 15128
f 15179 15208 15151
f 15178 15227 15179
f 15180 15232 15178
f 15124 15127 15125
f 15125 15127 15128
f 15125 15128 15169
f 15169 15128 15129
f 15128 15229 15129
f 15129 15231 15130
f 15130 15230 15180
f 15050 15131 15005
f 15135 15132 15131
f 15132 15008 15007
f 15132 15141 15008
f 15131 15132 15007
f 15135 15133 15132
f 15133 15141 15132
f 15133 15144 15141
f 15029 15152 15079
f 15136 15134 15133
f 15134 15144 15133
f 15134 15145 15144
f 15139 15145 15134
f 15165 15146 15139
f 15139 15146 15145
f 15140 15147 15171
f 15051 15131 15050
f 15051 15135 15131
f 15058 15135 15051
f 15058 15136 15135
f 15136 15133 15135
f 15059 15136 15058
f 15059 15137 15136
f 15098 15137 15059
f 15098 15161 15137
f 15060 15138 15161
f 15137 15134 15136
f 15161 15139 15137
f 15137 15139 15134
f 15138 15140 15165
f 15141 15009 15008
f 15141 15142 15009
f 15144 15142 15141
f 15144 15143 15142
f 15143 15114 15142
f 15145 15143 15144
f 15145 15148 15143
f 15146 15148 15145
f 15171 15149 15146
f 15146 15149 15148
f 15148 15117 15143
f 15148 15118 15117
f 15149 15151 15118
f 15149 15118 15148
f 15173 15151 15149
f 15079 15152 15153
f 15079 15153 15080
f 15152 15156 15153
f 15153 15157 15154
f 15080 15153 15154
f 15080 15154 15081
f 15081 15155 15095
f 15081 15154 15155
f 15095 15155 15163
f 15154 15158 15155
f 15155 15159 15163
f 15152 15119 15156
f 15153 15156 15157
f 15156 15123 15167
f 15156 15167 15157
f 15157 15168 15158
f 15157 15167 15168
f 15165 15171 15146
f 15166 15172 15147
f 15154 15157 15158
f 15155 15158 15159
f 15163 15159 15160
f 15158 15175 15159
f 15158 15168 15175
f 15159 15175 15176
f 15160 15172 15166
f 15160 15176 15172
f 15159 15176 15160
f 15060 15161 15098
f 15094 15138 15060
f 15094 15162 15138
f 15138 15165 15161
f 15162 15140 15138
f 15095 15163 15096
f 15096 15164 15097
f 15096 15163 15164
f 15097 15162 15094
f 15097 15164 15162
f 15164 15166 15162
f 15163 15160 15164
f 15161 15165 15139
f 15162 15166 15140
f 15140 15171 15165
f 15166 15147 15140
f 15164 15160 15166
f 15123 15125 15167
f 15167 15169 15168
f 15168 15170 15175
f 15167 15125 15169
f 15168 15169 15170
f 15175 15170 15177
f 15147 15173 15171
f 15172 15150 15147
f 15171 15173 15149
f 15172 15174 15150
f 15147 15150 15173
f 15176 15174 15172
f 15175 15177 15176
f 15176 15177 15174
f 15173 15179 15151
f 15174 15180 15178
f 15150 15179 15173
f 15174 15178 15150
f 15150 15178 15179
f 15177 15130 15180
f 15169 15129 15170
f 15170 15129 15130
f 15177 15180 15174
f 15170 15130 15177
f 15182 15039 15181
f 15182 15186 15039
f 15183 15186 15182
f 15185 15187 15183
f 15184 15193 15185
f 15183 15187 15186
f 15185 15193 15187
f 15184 15188 15193
f 15187 15042 15186
f 15193 15043 15187
f 15188 15195 15193
f 15193 15195 15043
f 15188 15189 15195
f 15190 15188 15184
f 15190 15194 15188
f 15191 15196 15192
f 15192 15194 15190
f 15192 15196 15194
f 15191 15071 15196
f 15194 15189 15188
f 15194 15069 15189
f 15196 15069 15194
f 15205 15199 15198
f 15205 15198 15197
f 15206 15199 15205
f 15199 14863 15198
f 15199 14864 14863
f 15203 14864 15199
f 15113 15200 15209
f 15206 15203 15199
f 15207 15204 15203
f 15203 15201 14864
f 15202 14878 15201
f 15204 15202 15201
f 15221 15213 15202
f 15213 14879 15202
f 15204 15201 15203
f 15221 15202 15204
f 15114 15205 15197
f 15117 15206 15205
f 15207 15203 15206
f 15208 15204 15207
f 15208 15221 15204
f 15118 15207 15206
f 15151 15208 15207
f 15200 14881 15209
f 15209 14881 15212
f 15209 15212 15210
f 15210 15212 15216
f 15120 15209 15210
f 15126 15210 15211
f 15210 15216 15211
f 15211 15216 15217
f 15228 15217 15224
f 15211 15217 15228
f 15231 15226 15225
f 15228 15224 15229
f 15229 15224 15226
f 15214 14899 15213
f 15215 14900 15214
f 15220 14901 15215
f 15212 14883 15216
f 15216 14883 14884
f 15217 14884 15218
f 15216 14884 15217
f 15226 15219 15220
f 15224 15218 15219
f 15217 15218 15224
f 15219 14904 15220
f 15218 14903 15219
f 15222 15215 15214
f 15223 15214 15213
f 15223 15213 15221
f 15222 15214 15223
f 15225 15215 15222
f 15225 15220 15215
f 15226 15220 15225
f 15224 15219 15226
f 15232 15222 15223
f 15227 15223 15221
f 15230 15225 15222
f 15227 15221 15208
f 15232 15223 15227
f 15230 15222 15232
f 15127 15211 15228
f 15128 15228 15229
f 15129 15229 15231
f 15231 15225 15230
f 15229 15226 15231
f 15179 15227 15208
f 15178 15232 15227
f 15180 15230 15232
f 15130 15231 15230
f 15215 14901 14900
f 15214 14900 14899
f 15220 14904 14901
f 13472 15233 14206
f 13473 15235 15233
f 13474 15234 15235
f 15234 14211 15235
f 15236 14210 15234
f 13483 15236 15234
f 13484 14223 15236
