# 5x5F - rebuilt from the APC geometry file, millimetres
o 5x5F
v 33.27146 -6.50034 -6.15715
v 33.27146 -6.49016 -6.15171
v 33.33298 -6.50070 -6.14361
v 33.33298 -6.49049 -6.13822
v 33.27146 -6.45915 -6.13618
v 33.33298 -6.45942 -6.12286
v 33.40975 -6.50112 -6.12672
v 33.40975 -6.49089 -6.12140
v 33.40975 -6.45974 -6.10625
v 33.51702 -6.50167 -6.10315
v 33.51702 -6.49140 -6.09793
v 33.58202 -6.50198 -6.08889
v 33.58202 -6.49168 -6.08373
v 33.51702 -6.46014 -6.08307
v 33.58202 -6.46036 -6.06905
v 33.65456 -6.50230 -6.07299
v 33.65456 -6.49198 -6.06789
v 33.27146 -6.60587 -5.98346
v 33.27146 -6.59760 -5.97485
v 33.33298 -6.60609 -5.96981
v 33.33298 -6.59779 -5.96127
v 33.73460 -6.50263 -6.05546
v 33.73460 -6.49228 -6.05044
v 33.65456 -6.46059 -6.05342
v 33.73460 -6.46081 -6.03619
v 33.27146 -6.40722 -6.11101
v 33.33298 -6.40739 -6.09797
v 33.40975 -6.40758 -6.08171
v 33.27146 -6.33437 -6.07664
v 33.33298 -6.33440 -6.06398
v 33.51702 -6.40781 -6.05902
v 33.40975 -6.33442 -6.04819
v 33.58202 -6.40792 -6.04529
v 33.65456 -6.40803 -6.02998
v 33.73460 -6.40812 -6.01311
v 33.51702 -6.33441 -6.02616
v 33.58202 -6.33439 -6.01282
v 33.65456 -6.33434 -5.99796
v 33.73460 -6.33427 -5.98158
v 33.82209 -6.50296 -6.03633
v 33.82209 -6.49258 -6.03139
v 33.82209 -6.46102 -6.01737
v 33.91700 -6.50327 -6.01561
v 33.91700 -6.49287 -6.01076
v 33.91700 -6.46122 -5.99699
v 34.01928 -6.50357 -5.99331
v 34.01928 -6.49313 -5.98855
v 34.01928 -6.46139 -5.97507
v 34.12886 -6.50283 -5.96928
v 34.12886 -6.49232 -5.96467
v 33.82209 -6.40820 -5.99469
v 33.91700 -6.40825 -5.97473
v 33.82209 -6.33416 -5.96369
v 33.27146 -6.57333 -5.94823
v 33.33298 -6.57343 -5.93484
v 33.40975 -6.60636 -5.95278
v 33.40975 -6.59802 -5.94432
v 33.40975 -6.57355 -5.91814
v 33.27146 -6.53335 -5.90339
v 33.33298 -6.53330 -5.89033
v 33.40975 -6.53323 -5.87404
v 33.51702 -6.60669 -5.92902
v 33.51702 -6.59830 -5.92067
v 33.58202 -6.60687 -5.91463
v 33.58202 -6.59845 -5.90635
v 33.51702 -6.57367 -5.89484
v 33.58202 -6.57372 -5.88073
v 33.65456 -6.60705 -5.89859
v 33.65456 -6.59860 -5.89039
v 33.73460 -6.60722 -5.88090
v 33.65456 -6.57376 -5.86499
v 33.73460 -6.59873 -5.87279
v 33.27146 -6.47782 -5.84050
v 33.33298 -6.47756 -5.82789
v 33.40975 -6.47722 -5.81216
v 33.51702 -6.53308 -5.85130
v 33.58202 -6.53297 -5.83754
v 33.73460 -6.57378 -5.84765
v 33.65456 -6.53284 -5.82219
v 33.73460 -6.53266 -5.80527
v 33.51702 -6.47671 -5.79021
v 33.58202 -6.47638 -5.77692
v 33.65456 -6.47600 -5.76211
v 33.27146 -6.40688 -5.75994
v 33.82209 -6.60739 -5.86159
v 34.12886 -6.46039 -5.95164
v 33.82209 -6.59886 -5.85356
v 33.82209 -6.57378 -5.82870
v 33.91700 -6.60754 -5.84066
v 33.91700 -6.59896 -5.83273
v 33.91700 -6.57375 -5.80817
v 33.82209 -6.53245 -5.78679
v 33.91700 -6.53219 -5.76676
v 34.01928 -6.60765 -5.81813
v 34.01928 -6.59903 -5.81031
v 34.01928 -6.57368 -5.78607
v 34.12886 -6.60673 -5.79385
v 34.12886 -6.59803 -5.78619
v 34.12886 -6.57244 -5.76245
v 33.91700 -6.33402 -5.94431
v 34.01928 -6.40826 -5.95326
v 34.12886 -6.40695 -5.93058
v 34.01928 -6.33382 -5.92345
v 34.12886 -6.33209 -5.90178
v 33.27146 -6.24053 -6.03376
v 33.33298 -6.24041 -6.02156
v 33.40975 -6.24023 -6.00635
v 33.51702 -6.23995 -5.98512
v 33.58202 -6.23976 -5.97227
v 33.65456 -6.23954 -5.95794
v 33.27146 -6.12807 -5.97928
v 33.33298 -6.12778 -5.96759
v 33.73460 -6.23927 -5.94215
v 33.40975 -6.12741 -5.95300
v 33.27146 -6.00029 -5.90871
v 33.33298 -5.99983 -5.89756
v 33.40975 -5.99924 -5.88367
v 33.51702 -6.12685 -5.93265
v 33.58202 -6.12650 -5.92033
v 33.65456 -6.12609 -5.90660
v 33.73460 -6.12562 -5.89146
v 33.51702 -5.99838 -5.86429
v 33.58202 -5.99784 -5.85256
v 33.65456 -5.99723 -5.83948
v 33.73460 -5.99654 -5.82507
v 33.82209 -6.23895 -5.92491
v 33.91700 -6.23858 -5.90623
v 34.01928 -6.23815 -5.88612
v 34.12886 -6.23592 -5.86568
v 33.82209 -6.12508 -5.87493
v 33.91700 -6.12448 -5.85701
v 33.82209 -5.99576 -5.80933
v 33.91700 -5.99490 -5.79227
v 34.01928 -6.12380 -5.83773
v 34.12886 -6.12106 -5.81863
v 34.01928 -5.99395 -5.77391
v 34.12886 -5.99065 -5.75627
v 34.24570 -6.50182 -5.94367
v 34.24570 -6.49124 -5.93924
v 34.24570 -6.45909 -5.92671
v 34.36974 -6.50068 -5.91655
v 34.36974 -6.49002 -5.91229
v 34.36974 -6.45765 -5.90030
v 34.50091 -6.49941 -5.88792
v 34.50091 -6.48867 -5.88385
v 34.50091 -6.45606 -5.87242
v 34.63915 -6.49799 -5.85781
v 34.24570 -6.60553 -5.76797
v 34.24570 -6.59675 -5.76049
v 34.63915 -6.48717 -5.85394
v 34.63915 -6.45432 -5.84309
v 34.24570 -6.40529 -5.90649
v 34.36974 -6.40349 -5.88095
v 34.24570 -6.32996 -5.87882
v 34.36974 -6.32767 -5.85447
v 34.50091 -6.40153 -5.85399
v 34.63915 -6.39939 -5.82562
v 34.50091 -6.32520 -5.82876
v 34.63915 -6.32254 -5.80170
v 34.78439 -6.49641 -5.82625
v 34.78439 -6.48552 -5.82258
v 34.78439 -6.45242 -5.81235
v 34.93654 -6.49372 -5.79282
v 34.93654 -6.48269 -5.78944
v 35.09554 -6.49070 -5.75793
v 34.78439 -6.39709 -5.79588
v 34.78439 -6.31970 -5.77331
v 34.93654 -6.44922 -5.78005
v 34.93654 -6.39328 -5.76499
v 34.24570 -6.23323 -5.84409
v 34.36974 -6.23036 -5.82119
v 34.50091 -6.22729 -5.79699
v 34.63915 -6.22401 -5.77152
v 34.24570 -6.11780 -5.79852
v 34.36974 -6.11432 -5.77719
v 33.73460 -6.47556 -5.74577
v 33.33298 -6.40637 -5.74788
v 33.40975 -6.40570 -5.73284
v 33.27146 -6.31755 -5.66739
v 33.33298 -6.31677 -5.65594
v 33.51702 -6.40475 -5.71186
v 33.58202 -6.40415 -5.69916
v 33.65456 -6.40347 -5.68500
v 33.73460 -6.40271 -5.66939
v 33.40975 -6.31578 -5.64165
v 33.51702 -6.31438 -5.62171
v 33.58202 -6.31351 -5.60964
v 33.65456 -6.31253 -5.59619
v 33.73460 -6.31144 -5.58135
v 33.82209 -6.47506 -5.72793
v 33.91700 -6.47449 -5.70860
v 34.01928 -6.53187 -5.74521
v 34.12886 -6.53024 -5.72241
v 34.01928 -6.47384 -5.68779
v 34.12886 -6.47166 -5.66613
v 33.82209 -6.40185 -5.65234
v 33.91700 -6.40089 -5.63387
v 33.82209 -6.31022 -5.56515
v 34.01928 -6.39983 -5.61398
v 34.12886 -6.39699 -5.59371
v 33.91700 -6.30888 -5.54760
v 34.01928 -6.30741 -5.52870
v 34.12886 -6.30390 -5.50990
v 33.27146 -6.20717 -5.56817
v 33.33298 -6.20615 -5.55733
v 33.40975 -6.20486 -5.54382
v 33.51702 -6.20303 -5.52496
v 33.58202 -6.20191 -5.51354
v 33.65456 -6.20065 -5.50081
v 33.73460 -6.19925 -5.48677
v 33.27146 -6.07925 -5.45763
v 33.33298 -6.07798 -5.44743
v 33.40975 -6.07640 -5.43472
v 33.51702 -6.07416 -5.41698
v 33.58202 -6.07280 -5.40623
v 33.65456 -6.07127 -5.39426
v 33.73460 -6.06957 -5.38105
v 33.82209 -6.19770 -5.47144
v 33.91700 -6.19600 -5.45483
v 34.01928 -6.19416 -5.43694
v 34.12886 -6.19001 -5.41966
v 33.82209 -6.06770 -5.36662
v 34.24570 -6.57089 -5.73730
v 34.36974 -6.60420 -5.74054
v 34.36974 -6.59533 -5.73325
v 34.36974 -6.56919 -5.71064
v 34.24570 -6.52825 -5.69818
v 34.36974 -6.52610 -5.67248
v 34.50091 -6.60273 -5.71157
v 34.50091 -6.59376 -5.70448
v 34.50091 -6.56735 -5.68249
v 34.63915 -6.60111 -5.68110
v 34.63915 -6.59205 -5.67422
v 34.24570 -6.46907 -5.64315
v 34.36974 -6.46629 -5.61878
v 34.63915 -6.56534 -5.65286
v 34.50091 -6.52377 -5.64535
v 34.63915 -6.52126 -5.61679
v 34.50091 -6.46331 -5.59304
v 34.63915 -6.46013 -5.56594
v 34.24570 -6.39368 -5.57227
v 35.09554 -6.47954 -5.75485
v 34.78439 -6.59933 -5.64915
v 34.78439 -6.59017 -5.64248
v 34.78439 -6.56315 -5.62179
v 34.78439 -6.51857 -5.58682
v 34.93654 -6.59644 -5.61529
v 34.93654 -6.58714 -5.60892
v 34.93654 -6.55969 -5.58914
v 35.09554 -6.59322 -5.57994
v 35.09554 -6.58378 -5.57389
v 35.09554 -6.55588 -5.55506
v 34.93654 -6.51439 -5.55567
v 35.09554 -6.44568 -5.74637
v 35.09554 -6.38910 -5.73279
v 34.93654 -6.31507 -5.74433
v 35.09554 -6.31003 -5.71414
v 34.36974 -6.39013 -5.54953
v 34.24570 -6.29984 -5.49011
v 34.36974 -6.29552 -5.46910
v 34.50091 -6.38636 -5.52550
v 34.63915 -6.38235 -5.50020
v 34.78439 -6.45674 -5.53749
v 34.93654 -6.45158 -5.50840
v 35.09554 -6.50983 -5.52318
v 34.78439 -6.37810 -5.47363
v 35.09554 -6.44599 -5.47808
v 34.93654 -6.37176 -5.44706
v 35.09554 -6.36492 -5.41941
v 34.24570 -5.98678 -5.73778
v 34.36974 -5.98265 -5.71816
v 34.50091 -6.11062 -5.75465
v 34.63915 -6.10670 -5.73090
v 34.50091 -5.97828 -5.69741
v 34.78439 -6.22054 -5.74477
v 34.93654 -6.21493 -5.71811
v 35.09554 -6.20885 -5.69037
v 34.78439 -6.10257 -5.70595
v 34.93654 -6.09593 -5.68179
v 35.09554 -6.08878 -5.65671
v 34.24570 -6.18524 -5.40155
v 34.36974 -6.18018 -5.38231
v 34.50091 -6.29094 -5.44689
v 34.63915 -6.28609 -5.42350
v 34.50091 -6.17482 -5.36197
v 34.78439 -6.28098 -5.39892
v 34.93654 -6.27342 -5.37503
v 33.27146 -5.85437 -5.82780
v 33.33298 -5.85374 -5.81724
v 33.40975 -5.85293 -5.80407
v 33.51702 -5.85179 -5.78570
v 33.58202 -5.85108 -5.77458
v 33.65456 -5.85027 -5.76219
v 33.73460 -5.84937 -5.74853
v 33.27146 -5.68939 -5.73932
v 33.33298 -5.68861 -5.72934
v 33.40975 -5.68762 -5.71691
v 33.51702 -5.68622 -5.69957
v 33.58202 -5.68536 -5.68907
v 33.65456 -5.68438 -5.67738
v 33.73460 -5.68329 -5.66449
v 33.82209 -5.84837 -5.73361
v 33.91700 -5.84726 -5.71745
v 34.01928 -5.84604 -5.70006
v 34.12886 -5.84222 -5.68391
v 33.82209 -5.68208 -5.65042
v 33.91700 -5.68076 -5.63517
v 34.01928 -5.67931 -5.61876
v 34.12886 -5.67499 -5.60413
v 33.27146 -5.50728 -5.64151
v 33.33298 -5.50636 -5.63215
v 33.40975 -5.50520 -5.62048
v 33.51702 -5.50355 -5.60421
v 33.58202 -5.50254 -5.59436
v 33.65456 -5.50141 -5.58339
v 33.73460 -5.50014 -5.57130
v 33.82209 -5.49874 -5.55810
v 33.91700 -5.49721 -5.54381
v 34.01928 -5.49554 -5.52842
v 34.12886 -5.49073 -5.51535
v 34.24570 -5.83774 -5.66709
v 34.63915 -5.97367 -5.67555
v 34.36974 -5.83299 -5.64923
v 34.50091 -5.82796 -5.63035
v 34.63915 -5.82267 -5.61044
v 34.24570 -5.66995 -5.58899
v 34.36974 -5.66460 -5.57292
v 34.78439 -5.96882 -5.65258
v 34.93654 -5.96109 -5.63113
v 35.09554 -5.95279 -5.60893
v 34.78439 -5.81711 -5.58951
v 34.93654 -5.80832 -5.57086
v 35.09554 -5.79888 -5.55163
v 34.50091 -5.65896 -5.55592
v 34.63915 -5.65303 -5.53799
v 34.24570 -5.48514 -5.50195
v 34.36974 -5.47922 -5.48772
v 34.50091 -5.47298 -5.47267
v 34.63915 -5.46643 -5.45678
v 34.78439 -5.64682 -5.51914
v 34.93654 -5.63700 -5.50331
v 35.09554 -5.62649 -5.48708
v 34.78439 -5.45958 -5.44007
v 34.93654 -5.44875 -5.42714
v 35.09554 -5.43716 -5.41400
v 35.26130 -6.48744 -5.72166
v 35.26130 -6.47615 -5.71889
v 35.43374 -6.48394 -5.68403
v 35.43374 -6.47251 -5.68158
v 35.56254 -6.48124 -5.65600
v 35.56254 -6.46972 -5.65378
v 35.26130 -6.44190 -5.71133
v 35.26130 -6.38466 -5.69928
v 35.26130 -6.30472 -5.68270
v 35.43374 -6.43786 -5.67497
v 35.43374 -6.37997 -5.66448
v 35.56254 -6.43477 -5.64787
v 35.56254 -6.37642 -5.63853
v 35.43374 -6.29915 -5.65002
v 35.56254 -6.29497 -5.62563
v 35.79830 -6.47350 -5.60429
v 35.79830 -6.46182 -5.60247
v 35.99023 -6.46704 -5.56235
v 35.99023 -6.45523 -5.56085
v 35.79830 -6.42640 -5.59777
v 35.79830 -6.36728 -5.59041
v 35.99023 -6.41945 -5.55711
v 35.26130 -6.58977 -5.54317
v 35.26130 -6.58017 -5.53744
v 35.26130 -6.55182 -5.51960
v 35.26130 -6.50501 -5.48935
v 35.43374 -6.58606 -5.50502
v 35.43374 -6.57632 -5.49961
v 35.43374 -6.54750 -5.48278
v 35.56254 -6.58322 -5.47658
v 35.56254 -6.57337 -5.47142
v 35.56254 -6.54421 -5.45532
v 35.43374 -6.49992 -5.45421
v 35.56254 -6.49608 -5.42800
v 35.26130 -6.44013 -5.44650
v 35.26130 -6.35779 -5.39058
v 35.43374 -6.43399 -5.41365
v 35.56254 -6.42938 -5.38913
v 35.43374 -6.35037 -5.36056
v 35.79830 -6.57524 -5.42411
v 35.79830 -6.56521 -5.41938
v 35.79830 -6.53550 -5.40457
v 35.79830 -6.48644 -5.37939
v 35.99023 -6.56860 -5.38154
v 35.99023 -6.55842 -5.37714
v 35.99023 -6.52828 -5.36336
v 35.99023 -6.35973 -5.55132
v 35.26130 -6.20251 -5.66145
v 35.43374 -6.19590 -5.63135
v 35.56254 -6.19096 -5.60885
v 35.26130 -6.08134 -5.63053
v 35.43374 -6.07364 -5.60323
v 35.56254 -6.06790 -5.58279
v 35.79830 -6.28480 -5.58020
v 35.79830 -6.17956 -5.56670
v 35.99023 -6.27646 -5.54325
v 35.99023 -6.17028 -5.53235
v 35.79830 -6.05521 -5.54424
v 35.99023 -6.04493 -5.51275
v 36.18847 -6.46021 -5.51918
v 36.39292 -6.45301 -5.47482
v 36.18847 -6.44829 -5.51801
v 36.18847 -6.41215 -5.51523
v 36.18847 -6.35185 -5.51103
v 36.39292 -6.44097 -5.47397
v 36.39292 -6.40448 -5.47217
v 36.39292 -6.34362 -5.46955
v 36.60346 -6.44543 -5.42930
v 36.60346 -6.43327 -5.42878
v 36.60346 -6.39645 -5.42794
v 36.60346 -6.33503 -5.42691
v 36.82000 -6.43554 -5.38234
v 36.82000 -6.42328 -5.38212
v 36.82000 -6.38617 -5.38220
v 36.82000 -6.32429 -5.38267
v 36.18847 -6.26780 -5.50510
v 36.18847 -6.16069 -5.49682
v 36.39292 -6.25881 -5.46577
v 36.39292 -6.15080 -5.46013
v 36.18847 -6.03436 -5.48012
v 36.39292 -6.02351 -5.44635
v 36.60346 -6.24950 -5.42529
v 36.60346 -6.14063 -5.42227
v 36.82000 -6.23813 -5.38309
v 36.60346 -6.01241 -5.41143
v 36.82000 -6.12852 -5.38258
v 36.82000 -5.99950 -5.37454
v 35.26130 -5.94419 -5.58572
v 35.43374 -5.93530 -5.56148
v 35.56254 -5.92870 -5.54331
v 35.26130 -5.78913 -5.53148
v 35.43374 -5.77907 -5.51041
v 35.56254 -5.77162 -5.49459
v 35.79830 -5.91461 -5.50871
v 35.99023 -5.90324 -5.48039
v 35.79830 -5.75614 -5.46412
v 35.99023 -5.74368 -5.43911
v 35.26130 -5.61563 -5.47004
v 35.43374 -5.60445 -5.45218
v 35.56254 -5.59618 -5.43874
v 35.26130 -5.42521 -5.40017
v 35.43374 -5.41292 -5.38563
v 35.56254 -5.40384 -5.37465
v 35.79830 -5.57938 -5.41247
v 35.99023 -5.56588 -5.39084
v 36.18847 -5.89158 -5.45099
v 36.39292 -5.87967 -5.42048
v 36.18847 -5.73095 -5.41307
v 36.39292 -5.71797 -5.38600
v 36.60346 -5.86752 -5.38885
v 36.82000 -5.85371 -5.35515
v 36.60346 -5.70476 -5.35785
v 36.18847 -5.55211 -5.36827
v 33.91700 -6.06566 -5.35098
v 34.01928 -6.06345 -5.33413
v 34.12886 -6.05869 -5.31841
v 34.63915 -6.16918 -5.34053
v 34.24570 -6.05323 -5.30202
v 34.36974 -6.04744 -5.28460
v 34.50091 -6.04134 -5.26617
v 34.63915 -6.03492 -5.24672
v 34.78439 -6.16325 -5.31799
v 35.09554 -6.26531 -5.35022
v 34.93654 -6.15451 -5.29684
v 35.09554 -6.14517 -5.27493
v 34.78439 -6.02820 -5.22627
v 34.93654 -6.01831 -5.20792
v 35.09554 -6.00776 -5.18898
v 33.27146 -5.93570 -5.33386
v 33.33298 -5.93420 -5.32434
v 33.40975 -5.93232 -5.31246
v 33.51702 -5.92968 -5.29588
v 33.58202 -5.92807 -5.28584
v 33.65456 -5.92628 -5.27465
v 33.73460 -5.92429 -5.26230
v 33.27146 -5.77603 -5.19912
v 33.33298 -5.77430 -5.19029
v 33.40975 -5.77213 -5.17928
v 33.51702 -5.76910 -5.16390
v 33.58202 -5.76725 -5.15459
v 33.82209 -5.92210 -5.24881
v 33.91700 -5.91973 -5.23418
v 34.01928 -5.91716 -5.21843
v 34.12886 -5.91178 -5.20431
v 33.65456 -5.76520 -5.14421
v 33.73460 -5.76292 -5.13275
v 33.82209 -5.76043 -5.12024
v 33.91700 -5.75773 -5.10666
v 34.01928 -5.75481 -5.09204
v 34.12886 -5.74883 -5.07956
v 33.27146 -5.60031 -5.05484
v 33.33298 -5.59836 -5.04672
v 33.40975 -5.59592 -5.03659
v 33.51702 -5.59252 -5.02244
v 33.58202 -5.59045 -5.01387
v 33.65456 -5.58815 -5.00431
v 33.73460 -5.58561 -4.99376
v 33.82209 -5.58283 -4.98223
v 33.91700 -5.57982 -4.96972
v 34.01928 -5.57658 -4.95625
v 34.24570 -5.90565 -5.18967
v 34.36974 -5.89915 -5.17412
v 34.50091 -5.89231 -5.15765
v 34.63915 -5.88514 -5.14026
v 34.24570 -5.74203 -5.06674
v 34.36974 -5.73484 -5.05310
v 34.50091 -5.72728 -5.03865
v 34.63915 -5.71935 -5.02337
v 34.78439 -5.87763 -5.12195
v 34.93654 -5.86661 -5.10646
v 35.09554 -5.85488 -5.09056
v 34.78439 -5.71108 -5.00726
v 34.93654 -5.69895 -4.99471
v 35.09554 -5.68604 -4.98191
v 33.27146 -5.41171 -4.89754
v 33.33298 -5.40954 -4.89014
v 33.40975 -5.40684 -4.88091
v 33.51702 -5.40308 -4.86801
v 33.58202 -5.40079 -4.86020
v 33.65456 -5.39825 -4.85148
v 33.73460 -5.39545 -4.84186
v 34.12886 -5.57003 -4.94541
v 33.82209 -5.39239 -4.83134
v 33.91700 -5.38908 -4.81993
v 34.01928 -5.38552 -4.80763
v 34.12886 -5.37843 -4.79845
v 34.24570 -5.56260 -4.93441
v 34.36974 -5.55476 -4.92269
v 34.50091 -5.54652 -4.91025
v 34.63915 -5.53789 -4.89710
v 34.24570 -5.37039 -4.78928
v 34.36974 -5.36192 -4.77949
v 34.50091 -5.35302 -4.76910
v 34.78439 -5.52889 -4.88321
v 34.93654 -5.51570 -4.87358
v 35.09554 -5.50168 -4.86388
v 35.56254 -6.34483 -5.33812
v 35.99023 -6.47850 -5.33988
v 35.79830 -6.41848 -5.34346
v 35.79830 -6.33237 -5.29608
v 35.99023 -6.40955 -5.30630
v 35.99023 -6.32224 -5.26181
v 35.26130 -6.25689 -5.32431
v 35.43374 -6.24816 -5.29729
v 35.56254 -6.24166 -5.27707
v 35.26130 -6.13549 -5.25202
v 35.26130 -5.99686 -5.16913
v 35.43374 -6.12549 -5.22808
v 35.56254 -6.11807 -5.21013
v 35.79830 -6.22763 -5.23891
v 35.99023 -6.21626 -5.20773
v 35.79830 -6.10253 -5.17593
v 35.43374 -5.98561 -5.14834
v 35.56254 -5.97729 -5.13272
v 35.99023 -6.08998 -5.14793
v 36.18847 -6.56159 -5.33771
v 36.18847 -6.55128 -5.33364
v 36.18847 -6.52071 -5.32090
v 36.18847 -6.47021 -5.29915
v 36.39292 -6.55420 -5.29264
v 36.39292 -6.54376 -5.28892
v 36.39292 -6.51277 -5.27721
v 36.39292 -6.46157 -5.25720
v 36.18847 -6.40028 -5.26793
v 36.18847 -6.31177 -5.22637
v 36.39292 -6.39068 -5.22837
v 36.39292 -6.30098 -5.18976
v 36.60346 -6.54643 -5.24639
v 36.60346 -6.53586 -5.24301
v 36.60346 -6.50446 -5.23234
v 36.60346 -6.45257 -5.21407
v 36.82000 -6.53638 -5.19866
v 36.82000 -6.52569 -5.19560
v 36.82000 -6.49393 -5.18593
v 36.60346 -6.38074 -5.18763
v 36.82000 -6.44144 -5.16930
v 36.82000 -6.36877 -5.14514
v 36.18847 -6.20457 -5.17542
v 36.39292 -6.19258 -5.14198
v 36.18847 -6.07713 -5.11884
v 36.39292 -6.06399 -5.08865
v 36.60346 -6.28988 -5.15198
v 36.60346 -6.18030 -5.10739
v 36.82000 -6.27690 -5.11233
v 36.82000 -6.16627 -5.07079
v 36.60346 -6.05058 -5.05735
v 36.82000 -6.03558 -5.02390
v 35.26130 -5.84276 -5.07384
v 35.43374 -5.83029 -5.05628
v 35.56254 -5.82107 -5.04306
v 35.26130 -5.67273 -4.96841
v 35.79830 -5.96028 -5.10260
v 35.99023 -5.94659 -5.07787
v 35.79830 -5.80261 -5.01715
v 35.99023 -5.78778 -4.99579
v 35.79830 -5.38573 -5.35272
v 35.99023 -5.37121 -5.33461
v 35.43374 -5.65905 -4.95417
v 36.82000 -5.69004 -5.32754
v 36.18847 -5.93260 -5.05210
v 36.39292 -5.91833 -5.02528
v 36.18847 -5.77266 -4.97347
v 36.60346 -5.90381 -4.99739
v 36.82000 -5.88787 -4.96723
v 36.39292 -5.53811 -5.34471
v 36.18847 -5.35642 -5.31562
v 36.60346 -5.52389 -5.32015
v 36.82000 -5.50831 -5.29334
v 35.56254 -5.64894 -4.94341
v 35.26130 -5.48724 -4.85359
v 35.43374 -5.47241 -4.84267
v 35.56254 -5.46146 -4.83437
v 35.79830 -5.62905 -4.92183
v 35.99023 -5.61310 -4.90395
v 35.79830 -5.44023 -4.81713
v 35.99023 -5.42323 -4.80276
v 36.39292 -5.75727 -4.95015
v 36.60346 -5.74165 -4.92583
v 36.82000 -5.72475 -4.89912
v 36.18847 -5.59686 -4.88519
v 36.39292 -5.58037 -4.86551
v 36.18847 -5.40594 -4.78758
v 36.39292 -5.38839 -4.77155
v 36.60346 -5.56365 -4.84488
v 36.82000 -5.54581 -4.82177
v 36.60346 -5.37064 -4.75464
v 36.82000 -5.35193 -4.73517
v 33.27146 -5.30904 -5.53430
v 33.33298 -5.30799 -5.52556
v 33.40975 -5.30667 -5.51468
v 33.51702 -5.30481 -5.49949
v 33.58202 -5.30367 -5.49031
v 33.65456 -5.30238 -5.48008
v 33.73460 -5.30096 -5.46881
v 33.27146 -5.09286 -5.42240
v 33.33298 -5.09171 -5.41427
v 33.40975 -5.09027 -5.40415
v 33.51702 -5.08824 -5.39005
v 33.58202 -5.08699 -5.38152
v 33.65456 -5.08560 -5.37201
v 33.73460 -5.08405 -5.36154
v 33.82209 -5.29938 -5.45650
v 33.91700 -5.29766 -5.44317
v 34.01928 -5.29579 -5.42883
v 34.12886 -5.29053 -5.41734
v 34.24570 -5.28442 -5.40569
v 34.36974 -5.27796 -5.39332
v 34.50091 -5.27115 -5.38023
v 34.63915 -5.26402 -5.36641
v 33.82209 -5.08234 -5.35012
v 33.91700 -5.08048 -5.33774
v 34.01928 -5.07846 -5.32443
v 34.12886 -5.07281 -5.31448
v 33.27146 -4.86139 -5.30326
v 33.33298 -4.86017 -5.29575
v 33.40975 -4.85862 -5.28641
v 33.51702 -4.85645 -5.27338
v 33.58202 -4.85513 -5.26551
v 33.65456 -4.85364 -5.25673
v 33.73460 -4.85199 -5.24707
v 33.82209 -4.85018 -5.23653
v 33.91700 -4.84820 -5.22511
v 34.01928 -4.84606 -5.21283
v 34.12886 -4.84006 -5.20441
v 34.24570 -5.06625 -5.30454
v 34.36974 -5.05932 -5.29399
v 34.50091 -5.05202 -5.28282
v 34.63915 -5.04438 -5.27102
v 34.78439 -5.25656 -5.35186
v 34.93654 -5.24477 -5.34185
v 35.09554 -5.23216 -5.33181
v 34.78439 -5.03640 -5.25859
v 34.24570 -4.83310 -5.19618
v 34.36974 -4.82574 -5.18743
v 34.50091 -4.81801 -5.17817
v 34.63915 -4.80991 -5.16838
v 34.93654 -5.02375 -5.25142
v 35.09554 -5.01022 -5.24442
v 34.78439 -4.80146 -5.15806
v 34.93654 -4.78801 -5.15372
v 35.09554 -4.77364 -5.14973
v 33.27146 -5.20927 -4.73062
v 33.33298 -5.20691 -4.72394
v 33.40975 -5.20396 -4.71562
v 33.51702 -5.19985 -4.70399
v 33.58202 -5.19736 -4.69694
v 33.65456 -5.19460 -4.68907
v 33.73460 -5.19155 -4.68039
v 33.82209 -5.18822 -4.67090
v 33.91700 -5.18463 -4.66059
v 34.01928 -5.18077 -4.64948
v 34.12886 -5.17317 -4.64197
v 33.27146 -4.99287 -4.55626
v 33.33298 -4.99032 -4.55033
v 34.63915 -5.34371 -4.75808
v 34.24570 -5.16456 -4.63462
v 34.36974 -5.15549 -4.62677
v 34.50091 -5.14597 -4.61842
v 34.63915 -5.13602 -4.60954
v 34.78439 -5.33402 -4.74643
v 34.93654 -5.31981 -4.73973
v 35.09554 -5.30472 -4.73314
v 34.78439 -5.12567 -4.60013
v 34.93654 -5.11051 -4.59635
v 35.09554 -5.09440 -4.59285
v 33.27146 -4.61655 -5.17572
v 33.33298 -4.61526 -5.16884
v 33.40975 -4.61363 -5.16027
v 33.51702 -4.61134 -5.14834
v 33.58202 -4.60994 -5.14113
v 33.65456 -4.60838 -5.13310
v 33.73460 -4.60665 -5.12425
v 33.82209 -4.60475 -5.11460
v 33.91700 -4.60267 -5.10415
v 34.01928 -4.60043 -5.09292
v 34.12886 -4.59411 -5.08604
v 33.27146 -4.35929 -5.04029
v 33.33298 -4.35794 -5.03404
v 33.40975 -4.35625 -5.02626
v 33.51702 -4.35387 -5.01543
v 33.58202 -4.35242 -5.00888
v 33.65456 -4.35079 -5.00159
v 33.73460 -4.34899 -4.99357
v 33.82209 -4.34701 -4.98482
v 33.91700 -4.34487 -4.97535
v 34.01928 -4.34254 -4.96517
v 34.12886 -4.33593 -4.95982
v 34.24570 -4.58677 -5.07951
v 34.36974 -4.57903 -5.07257
v 34.50091 -4.57089 -5.06522
v 34.63915 -4.56237 -5.05744
v 34.78439 -4.55349 -5.04924
v 34.93654 -4.53930 -5.04772
v 35.09554 -4.52414 -5.04673
v 34.24570 -4.32826 -4.95498
v 33.27146 -4.08662 -4.90413
v 33.33298 -4.08526 -4.89847
v 34.36974 -4.32017 -4.94984
v 34.50091 -4.31167 -4.94439
v 34.63915 -4.30277 -4.93862
v 34.78439 -4.29350 -4.93253
v 34.93654 -4.27863 -4.93379
v 35.09554 -4.26273 -4.93577
v 35.26130 -5.21917 -5.32120
v 35.43374 -5.20582 -5.31000
v 35.56254 -5.19596 -5.30151
v 35.79830 -5.17661 -5.28399
v 35.99023 -5.16110 -5.26943
v 35.26130 -4.99629 -5.23697
v 35.43374 -4.98199 -5.22904
v 35.56254 -4.97144 -5.22299
v 35.79830 -4.95098 -5.20979
v 35.99023 -4.93461 -5.19872
v 35.26130 -4.75885 -5.14541
v 35.43374 -4.74366 -5.14073
v 35.56254 -4.73246 -5.13710
v 36.39292 -5.34139 -5.29574
v 36.18847 -5.14533 -5.25409
v 36.39292 -5.12933 -5.23795
v 36.60346 -5.32617 -5.27492
v 36.82000 -5.30972 -5.25178
v 36.60346 -5.11314 -5.22095
v 36.82000 -5.09586 -5.20157
v 36.18847 -4.91797 -5.18699
v 36.39292 -4.90111 -5.17453
v 36.60346 -4.88405 -5.16131
v 36.82000 -4.86606 -5.14567
v 35.26130 -5.28918 -4.72607
v 35.43374 -5.27324 -4.71849
v 35.56254 -5.26148 -4.71267
v 35.26130 -5.07783 -4.58899
v 35.43374 -5.06084 -4.58473
v 35.56254 -5.04831 -4.58138
v 35.79830 -5.23895 -4.69982
v 35.99023 -5.22093 -4.68899
v 35.79830 -5.02456 -4.57292
v 35.99023 -5.00557 -4.56565
v 36.18847 -5.20261 -4.67745
v 36.39292 -5.18405 -4.66515
v 36.60346 -5.16527 -4.65205
v 36.82000 -5.14572 -4.63632
v 36.18847 -4.98629 -4.55776
v 36.39292 -4.96676 -4.54920
v 35.26130 -4.50853 -5.04553
v 35.43374 -4.49252 -5.04410
v 35.56254 -4.48072 -5.04289
v 35.79830 -4.71100 -5.12820
v 35.99023 -4.69384 -5.12064
v 35.79830 -4.45832 -5.03831
v 35.99023 -4.44041 -5.03425
v 36.18847 -4.67640 -5.11249
v 36.39292 -4.65874 -5.10373
v 36.18847 -4.42223 -5.02972
v 36.39292 -4.40382 -5.02468
v 36.60346 -4.64089 -5.09430
v 36.82000 -4.62225 -5.08242
v 36.60346 -4.38524 -5.01908
v 36.82000 -4.36600 -5.01100
v 35.26130 -4.24638 -4.93767
v 35.43374 -4.22960 -4.93945
v 35.56254 -4.21724 -4.94065
v 35.79830 -4.19398 -4.94036
v 35.99023 -4.17540 -4.93980
v 36.18847 -4.15654 -4.93888
v 36.39292 -4.13745 -4.93755
v 36.60346 -4.11817 -4.93577
v 36.82000 -4.09840 -4.93151
v 37.04241 -6.42517 -5.33428
v 37.04241 -6.41282 -5.33438
v 37.04241 -6.37543 -5.33536
v 37.04241 -6.31311 -5.33732
v 37.27060 -6.41434 -5.28519
v 37.27060 -6.40190 -5.28559
v 37.27060 -6.36426 -5.28747
v 37.27060 -6.30153 -5.29088
v 37.50443 -6.40304 -5.23509
v 37.50443 -6.39052 -5.23579
v 37.50443 -6.35265 -5.23855
v 37.74380 -6.39127 -5.18404
v 37.74380 -6.37868 -5.18503
v 37.74380 -6.34059 -5.18864
v 37.04241 -6.52585 -5.14981
v 37.04241 -6.51505 -5.14707
v 37.04241 -6.48294 -5.13838
v 37.27060 -6.51486 -5.09988
v 37.27060 -6.50395 -5.09746
v 37.27060 -6.47152 -5.08975
v 37.04241 -6.42987 -5.12340
v 37.04241 -6.35641 -5.10150
v 37.27060 -6.41789 -5.07639
v 37.27060 -6.34366 -5.05674
v 37.50443 -6.50340 -5.04893
v 37.50443 -6.49239 -5.04682
v 37.50443 -6.45965 -5.04007
v 37.74380 -6.49146 -4.99699
v 37.74380 -6.48036 -4.99518
v 37.50443 -6.40550 -5.02831
v 37.50443 -6.33055 -5.01088
v 37.74380 -6.44732 -4.98937
v 37.74380 -6.39268 -4.97919
v 37.74380 -6.31705 -4.96393
v 37.04241 -6.22637 -5.33976
v 37.27060 -6.21424 -5.29531
v 37.04241 -6.11606 -5.34172
v 37.04241 -5.98629 -5.33648
v 37.27060 -6.10329 -5.29971
v 37.50443 -6.28954 -5.24340
v 37.50443 -6.20175 -5.24978
v 37.74380 -6.27714 -5.19490
v 37.74380 -6.18890 -5.20318
v 37.50443 -6.09021 -5.25658
v 37.74380 -6.07683 -5.21233
v 37.04241 -6.26355 -5.07150
v 37.04241 -6.15192 -5.03303
v 37.27060 -6.24986 -5.02954
v 37.27060 -6.13726 -4.99411
v 37.04241 -6.02029 -4.98929
v 37.27060 -6.00474 -4.95353
v 37.50443 -6.23584 -4.98644
v 37.50443 -6.12233 -4.95404
v 37.98858 -6.37902 -5.13207
v 37.98858 -6.36636 -5.13334
v 37.98858 -6.32808 -5.13779
v 38.23864 -6.36356 -5.07873
v 38.23864 -6.35085 -5.08025
v 38.23864 -6.31246 -5.08543
v 38.49387 -6.34706 -5.02448
v 38.49387 -6.33432 -5.02623
v 38.49387 -6.29584 -5.03210
v 38.75412 -6.33000 -4.96942
v 38.75412 -6.31724 -4.97141
v 37.98858 -6.17570 -5.15554
v 37.98858 -6.06315 -5.16698
v 37.98858 -6.26433 -5.14540
v 38.23864 -6.24853 -5.09424
v 38.23864 -6.15966 -5.10600
v 38.23864 -6.04684 -5.11946
v 38.49387 -6.14276 -5.05532
v 38.49387 -6.23179 -5.04203
v 38.75412 -6.27870 -4.97794
v 38.75412 -6.21456 -4.98894
v 38.49387 -6.02976 -5.07068
v 38.75412 -6.12543 -5.00368
v 38.75412 -6.01232 -5.02087
v 37.74380 -6.22150 -4.94223
v 37.50443 -5.98895 -4.91660
v 37.74380 -6.10712 -4.91283
v 37.98858 -6.47904 -4.94410
v 37.98858 -6.46785 -4.94259
v 38.23864 -6.46342 -4.88983
v 38.23864 -6.45218 -4.88860
v 37.98858 -6.43455 -4.93770
v 37.98858 -6.37945 -4.92906
v 37.98858 -6.30319 -4.91593
v 38.23864 -6.41867 -4.88452
v 38.23864 -6.36325 -4.87725
v 38.49387 -6.44677 -4.83463
v 38.49387 -6.43547 -4.83364
v 38.49387 -6.40181 -4.83035
v 38.49387 -6.34610 -4.82438
v 38.75412 -6.42955 -4.77861
v 38.75412 -6.41821 -4.77787
v 38.75412 -6.38441 -4.77532
v 38.75412 -6.32846 -4.77061
v 37.98858 -6.20685 -4.89692
v 38.23864 -6.28652 -4.86604
v 38.23864 -6.18959 -4.84943
v 37.98858 -6.09165 -4.87048
v 38.23864 -6.07380 -4.82569
v 38.49387 -6.26899 -4.81499
v 38.49387 -6.17156 -4.80070
v 38.75412 -6.25102 -4.76297
v 38.75412 -6.15315 -4.75093
v 38.49387 -6.05526 -4.77955
v 38.75412 -6.03641 -4.73232
v 37.04241 -5.83963 -5.32029
v 37.27060 -5.97281 -5.29725
v 37.27060 -5.82532 -5.28427
v 37.04241 -5.67508 -5.29609
v 37.50443 -5.95907 -5.25688
v 37.74380 -5.94509 -5.21534
v 37.50443 -5.81079 -5.24708
v 37.74380 -5.79606 -5.20873
v 37.27060 -5.65992 -5.26350
v 37.04241 -5.49250 -5.26543
v 37.27060 -5.47653 -5.23642
v 37.50443 -5.64458 -5.22976
v 37.74380 -5.62909 -5.19486
v 37.50443 -5.46041 -5.20629
v 37.74380 -5.44417 -5.17501
v 37.98858 -5.93086 -5.17266
v 37.98858 -5.78115 -5.16920
v 38.23864 -5.91422 -5.12754
v 38.23864 -5.76404 -5.12697
v 38.49387 -5.89690 -5.08106
v 38.75412 -5.87929 -5.03348
v 38.49387 -5.74635 -5.08330
v 38.75412 -5.72842 -5.03848
v 37.98858 -5.61346 -5.15877
v 38.23864 -5.59585 -5.11974
v 37.98858 -5.42783 -5.14256
v 38.23864 -5.40975 -5.10694
v 38.49387 -5.57774 -5.07921
v 38.75412 -5.55946 -5.03749
v 38.49387 -5.39124 -5.06976
v 38.75412 -5.37262 -5.03139
v 37.04241 -5.87165 -4.93594
v 37.27060 -5.85522 -4.90349
v 37.04241 -5.70761 -4.87131
v 37.27060 -5.69029 -4.84238
v 37.50443 -5.83858 -4.86990
v 37.74380 -5.97293 -4.87851
v 37.74380 -5.82177 -4.83513
v 37.50443 -5.67279 -4.81232
v 37.04241 -5.52777 -4.79759
v 37.27060 -5.50956 -4.77234
v 37.74380 -5.65515 -4.78111
v 37.50443 -5.49121 -4.74599
v 37.74380 -5.47275 -4.71852
v 37.98858 -5.95671 -4.83926
v 38.23864 -5.93834 -4.79729
v 37.98858 -5.80479 -4.79919
v 38.23864 -5.78589 -4.76027
v 38.49387 -5.91936 -4.75390
v 38.75412 -5.90013 -4.70935
v 38.49387 -5.76648 -4.71986
v 38.75412 -5.74687 -4.67827
v 37.98858 -5.63739 -4.74873
v 38.23864 -5.61794 -4.71314
v 37.98858 -5.45421 -4.68989
v 38.23864 -5.43422 -4.65783
v 38.49387 -5.59806 -4.67599
v 38.75412 -5.57803 -4.63766
v 38.49387 -5.41387 -4.62417
v 38.75412 -5.39342 -4.58932
v 39.01926 -6.10769 -4.95112
v 39.01926 -5.99453 -4.97004
v 39.01926 -6.31238 -4.91362
v 39.01926 -6.29960 -4.91582
v 39.28916 -6.29420 -4.85712
v 39.01926 -6.41176 -4.72182
v 39.01926 -6.40039 -4.72131
v 39.01926 -6.36647 -4.71948
v 39.01926 -6.31034 -4.71598
v 39.28916 -6.39340 -4.66432
v 39.28916 -6.38200 -4.66403
v 39.28916 -6.34800 -4.66288
v 39.48938 -6.37961 -4.62185
v 39.56368 -6.37389 -4.60607
v 39.48938 -6.36820 -4.62172
v 39.48938 -6.33415 -4.62105
v 39.56368 -6.36249 -4.60597
v 39.56368 -6.32847 -4.60540
v 39.01926 -6.26103 -4.92298
v 39.01926 -6.19686 -4.93499
v 39.28916 -6.28142 -4.85952
v 39.28916 -6.24284 -4.86726
v 39.28916 -6.17867 -4.88023
v 39.28916 -6.08952 -4.89766
v 39.48938 -6.28055 -4.81539
v 39.48938 -6.26777 -4.81793
v 39.48938 -6.22921 -4.82608
v 39.56368 -6.26211 -4.80244
v 39.56368 -6.22360 -4.81067
v 39.56368 -6.27487 -4.79987
v 39.48938 -6.16507 -4.83971
v 39.56368 -6.15954 -4.82440
v 39.84268 -6.20237 -4.75294
v 39.84268 -6.13865 -4.76707
v 39.48938 -6.07598 -4.85805
v 39.56368 -6.07057 -4.84289
v 39.84268 -6.05014 -4.78609
v 39.01926 -6.23261 -4.71003
v 39.28916 -6.29171 -4.66053
v 39.28916 -6.21377 -4.65619
v 39.01926 -6.13438 -4.70015
v 39.01926 -6.01725 -4.68401
v 39.28916 -6.11523 -4.64839
v 39.28916 -5.99780 -4.63466
v 39.84268 -6.25340 -4.74181
v 39.84268 -6.24069 -4.74447
v 39.48938 -6.27778 -4.61951
v 39.56368 -6.27214 -4.60402
v 39.48938 -6.19971 -4.61630
v 39.56368 -6.19413 -4.60105
v 39.48938 -6.10101 -4.60997
v 39.56368 -6.09548 -4.59503
v 39.48938 -5.98339 -4.59794
v 39.56368 -5.97793 -4.58340
v 40.12602 -6.23133 -4.68318
v 40.12602 -6.21869 -4.68592
v 40.12602 -6.18058 -4.69461
v 40.12602 -6.11723 -4.70907
v 40.12602 -6.02923 -4.72857
v 40.41355 -6.19611 -4.62683
v 40.41355 -6.20867 -4.62401
v 40.41355 -6.15824 -4.63571
v 40.70513 -6.18544 -4.56436
v 40.70513 -6.13533 -4.57628
v 40.70513 -6.17295 -4.56724
v 40.41355 -6.09528 -4.65047
v 40.41355 -6.00783 -4.67037
v 40.70513 -6.07280 -4.59130
v 40.70513 -5.98594 -4.61156
v 39.01926 -5.86140 -4.98481
v 39.01926 -5.71028 -4.99252
v 39.01926 -5.54102 -4.99460
v 39.01926 -5.35388 -4.99183
v 39.28916 -5.97640 -4.91823
v 39.28916 -5.84322 -4.93508
v 39.28916 -5.69192 -4.94544
v 39.48938 -5.96292 -4.87976
v 39.56368 -5.95765 -4.86481
v 39.48938 -5.82976 -4.89808
v 39.56368 -5.82464 -4.88344
v 39.84268 -5.93780 -4.80872
v 39.48938 -5.67837 -4.91033
v 39.56368 -5.67335 -4.89614
v 39.84268 -5.80534 -4.82844
v 39.01926 -5.88066 -4.66369
v 39.28916 -5.86096 -4.61691
v 39.01926 -5.72708 -4.63552
v 39.28916 -5.70710 -4.59163
v 39.48938 -5.84641 -4.58204
v 39.56368 -5.84104 -4.56792
v 39.48938 -5.69239 -4.55883
v 39.28916 -5.52243 -4.95055
v 39.48938 -5.50874 -4.91762
v 39.56368 -5.50383 -4.90398
v 39.84268 -5.65450 -4.84278
v 39.84268 -5.48538 -4.85264
v 39.01926 -5.55787 -4.59815
v 39.28916 -5.53758 -4.55747
v 39.01926 -5.37288 -4.55330
v 40.12602 -5.91752 -4.75183
v 40.12602 -5.78566 -4.77259
v 40.41355 -5.89680 -4.69421
v 40.70513 -5.87564 -4.63590
v 40.41355 -5.76560 -4.71594
v 40.70513 -5.74514 -4.65854
v 40.12602 -5.63531 -4.78851
v 40.12602 -5.46665 -4.80035
v 40.41355 -5.61579 -4.73339
v 40.70513 -5.59593 -4.67746
v 40.41355 -5.44763 -4.74716
v 40.70513 -5.42832 -4.69312
v 37.04241 -5.29307 -5.22760
v 37.27060 -5.27628 -5.20236
v 37.04241 -5.07841 -5.18121
v 37.27060 -5.06084 -5.15986
v 37.50443 -5.25938 -5.17604
v 37.74380 -5.24238 -5.14861
v 37.50443 -5.04317 -5.13748
v 37.04241 -4.84791 -5.12912
v 37.27060 -4.82966 -5.11164
v 37.74380 -5.02545 -5.11404
v 37.50443 -4.81133 -5.09320
v 37.74380 -4.79297 -5.07376
v 37.98858 -5.22533 -5.12004
v 38.23864 -5.20676 -5.08806
v 38.49387 -5.18785 -5.05450
v 38.75412 -5.16886 -5.01975
v 37.98858 -5.00769 -5.08950
v 38.23864 -4.98866 -5.06134
v 37.98858 -4.77461 -5.05327
v 38.23864 -4.75520 -5.02898
v 38.49387 -4.96936 -5.03159
v 38.75412 -4.95002 -5.00066
v 38.49387 -4.73559 -5.00309
v 38.75412 -4.71598 -4.97606
v 37.04241 -5.33304 -4.71469
v 37.27060 -5.31401 -4.69318
v 37.04241 -5.12599 -4.61964
v 37.27060 -5.10613 -4.60200
v 37.50443 -5.29486 -4.67061
v 37.74380 -5.27563 -4.64696
v 37.50443 -5.08618 -4.58337
v 37.74380 -5.06618 -4.56370
v 37.98858 -5.25635 -4.62219
v 38.23864 -5.23586 -4.59376
v 38.49387 -5.21510 -4.56371
v 37.04241 -4.60347 -5.06972
v 37.27060 -4.58460 -5.05616
v 37.50443 -4.56567 -5.04172
v 37.74380 -4.54673 -5.02634
v 37.04241 -4.34663 -5.00219
v 37.27060 -4.32718 -4.99262
v 37.50443 -4.30769 -4.98224
v 37.74380 -4.28821 -4.97101
v 37.98858 -4.52781 -5.00999
v 38.23864 -4.50807 -4.98967
v 38.49387 -4.48819 -4.96775
v 37.98858 -4.26877 -4.95888
v 38.75412 -4.46836 -4.94474
v 38.23864 -4.24873 -4.94262
v 38.49387 -4.22862 -4.92480
v 38.75412 -4.20858 -4.90593
v 39.28916 -5.33505 -4.95109
v 39.01926 -5.14981 -4.98382
v 39.01926 -4.93067 -4.96856
v 39.28916 -5.13072 -4.94669
v 39.48938 -5.32123 -4.92057
v 39.56368 -5.31641 -4.90755
v 39.84268 -5.29837 -4.85851
v 39.48938 -5.11674 -4.91880
v 39.56368 -5.11203 -4.90648
v 39.84268 -5.09440 -4.86005
v 39.28916 -4.91132 -4.93527
v 39.48938 -4.89719 -4.91019
v 39.56368 -4.89258 -4.89864
v 39.84268 -4.87536 -4.85506
v 40.12602 -5.28011 -4.80850
v 40.12602 -5.07659 -4.81262
v 40.41355 -5.26160 -4.75756
v 40.41355 -5.05859 -4.76424
v 40.70513 -5.24285 -4.70574
v 40.70513 -5.04040 -4.71495
v 40.12602 -4.85801 -4.81047
v 40.41355 -4.84052 -4.76492
v 40.70513 -4.82288 -4.71846
v 39.01926 -4.69640 -4.94788
v 39.28916 -4.67686 -4.91854
v 39.01926 -4.44858 -4.92062
v 39.28916 -4.42889 -4.89537
v 39.48938 -4.66262 -4.89636
v 39.56368 -4.65813 -4.88562
v 39.84268 -4.64138 -4.84503
v 39.48938 -4.41455 -4.87620
v 39.56368 -4.41019 -4.86631
v 39.01926 -4.18864 -4.88600
v 39.28916 -4.16881 -4.86500
v 39.84268 -4.39395 -4.82890
v 39.48938 -4.15440 -4.84896
v 39.56368 -4.15017 -4.83996
v 39.84268 -4.13444 -4.80591
v 40.12602 -4.62455 -4.80345
v 40.41355 -4.60762 -4.76090
v 40.70513 -4.59058 -4.71743
v 40.12602 -4.37765 -4.79051
v 40.12602 -4.11870 -4.77090
v 40.41355 -4.36131 -4.75116
v 40.70513 -4.34490 -4.71089
v 40.41355 -4.10296 -4.73494
v 40.70513 -4.08719 -4.69808
v 33.40975 -4.98714 -4.54291
v 33.51702 -4.98272 -4.53256
v 33.58202 -4.98005 -4.52628
v 33.65456 -4.97707 -4.51927
v 33.73460 -4.97380 -4.51153
v 33.27146 -4.76333 -4.37521
v 33.33298 -4.76061 -4.37001
v 33.40975 -4.75723 -4.36351
v 33.51702 -4.75252 -4.35442
v 33.58202 -4.74967 -4.34891
v 33.82209 -4.97023 -4.50306
v 33.91700 -4.96638 -4.49387
v 34.01928 -4.96225 -4.48395
v 34.12886 -4.95417 -4.47809
v 33.65456 -4.74651 -4.34275
v 33.73460 -4.74304 -4.33595
v 33.82209 -4.73926 -4.32851
v 33.91700 -4.73517 -4.32043
v 34.01928 -4.73080 -4.31170
v 34.12886 -4.72229 -4.30747
v 34.24570 -4.94504 -4.47255
v 34.36974 -4.93542 -4.46662
v 34.50091 -4.92533 -4.46029
v 34.63915 -4.91479 -4.45354
v 34.78439 -4.90383 -4.44635
v 34.93654 -4.88778 -4.44545
v 35.09554 -4.87073 -4.44500
v 33.27146 -4.52482 -4.18281
v 33.33298 -4.52195 -4.17833
v 33.40975 -4.51838 -4.17272
v 33.51702 -4.51342 -4.16488
v 33.58202 -4.51042 -4.16012
v 33.65456 -4.50710 -4.15481
v 33.73460 -4.50344 -4.14893
v 34.24570 -4.71268 -4.30372
v 34.36974 -4.70256 -4.29969
v 34.50091 -4.69195 -4.29535
v 34.63915 -4.68088 -4.29070
v 34.78439 -4.66937 -4.28571
v 34.93654 -4.65249 -4.28763
v 35.09554 -4.63459 -4.29018
v 33.82209 -4.49946 -4.14250
v 33.91700 -4.49517 -4.13551
v 34.01928 -4.49057 -4.12796
v 34.12886 -4.48169 -4.12530
v 33.27146 -4.27547 -3.98445
v 33.33298 -4.27246 -3.98068
v 33.40975 -4.26873 -3.97596
v 33.51702 -4.26354 -3.96936
v 33.58202 -4.26041 -3.96535
v 33.65456 -4.25694 -3.96087
v 33.73460 -4.25312 -3.95592
v 33.82209 -4.24897 -3.95049
v 33.91700 -4.24450 -3.94459
v 34.01928 -4.23971 -3.93821
v 34.12886 -4.23049 -3.93708
v 34.24570 -4.47166 -4.12327
v 34.36974 -4.46111 -4.12105
v 34.50091 -4.45005 -4.11863
v 34.63915 -4.43851 -4.11600
v 34.78439 -4.42652 -4.11313
v 34.93654 -4.40894 -4.11773
v 35.09554 -4.39029 -4.12312
v 35.09554 -4.13581 -3.94969
v 34.24570 -4.22009 -3.93673
v 34.36974 -4.20916 -3.93630
v 34.50091 -4.19770 -3.93576
v 34.63915 -4.18575 -3.93511
v 34.78439 -4.17333 -3.93432
v 34.93654 -4.15513 -3.94153
v 35.26130 -4.85320 -4.44431
v 35.43374 -4.83523 -4.44334
v 35.56254 -4.82199 -4.44244
v 35.79830 -4.79711 -4.43833
v 35.99023 -4.77724 -4.43458
v 36.18847 -4.75707 -4.43032
v 36.39292 -4.73665 -4.42549
v 36.60346 -4.94702 -4.53994
v 36.82000 -4.92667 -4.52798
v 36.60346 -4.71603 -4.42004
v 35.26130 -4.61618 -4.29261
v 35.43374 -4.59731 -4.29487
v 35.56254 -4.58341 -4.29638
v 35.79830 -4.55753 -4.29655
v 35.99023 -4.53686 -4.29628
v 36.82000 -4.69496 -4.41185
v 36.18847 -4.51589 -4.29559
v 36.39292 -4.49467 -4.29444
v 36.60346 -4.47325 -4.29276
v 36.82000 -4.45155 -4.28831
v 36.18847 -4.26722 -4.14780
v 36.39292 -4.24530 -4.15021
v 36.60346 -4.22317 -4.15222
v 36.82000 -4.20092 -4.15142
v 35.26130 -4.37112 -4.12851
v 35.43374 -4.35147 -4.13385
v 35.56254 -4.33700 -4.13766
v 35.26130 -4.11596 -3.95796
v 35.43374 -4.09562 -3.96631
v 35.79830 -4.31025 -4.14195
v 35.99023 -4.28889 -4.14503
v 39.84268 -6.35224 -4.54702
v 39.84268 -6.34088 -4.54702
v 39.84268 -6.30698 -4.54679
v 39.84268 -6.25083 -4.54600
v 39.84268 -6.17305 -4.54387
v 39.84268 -6.07466 -4.53901
v 40.12602 -6.32998 -4.48738
v 40.12602 -6.31867 -4.48749
v 40.41355 -6.30713 -4.42722
v 40.41355 -6.29587 -4.42742
v 40.12602 -6.28490 -4.48757
v 40.12602 -6.22897 -4.48732
v 40.12602 -6.15146 -4.48598
v 40.12602 -6.05338 -4.48220
v 40.41355 -6.26225 -4.42779
v 40.41355 -6.20656 -4.42804
v 40.70513 -6.28366 -4.36658
v 40.70513 -6.27247 -4.36686
v 40.70513 -6.23902 -4.36750
v 40.70513 -6.18360 -4.36820
v 40.41355 -6.12937 -4.42743
v 40.41355 -6.03164 -4.42467
v 40.70513 -6.10677 -4.36827
v 40.70513 -6.00945 -4.36646
v 39.84268 -5.95738 -4.52880
v 39.84268 -5.82087 -4.51488
v 39.56368 -5.68712 -4.54522
v 39.84268 -5.66733 -4.49405
v 39.28916 -5.35227 -4.51610
v 39.48938 -5.52267 -4.52701
v 39.56368 -5.51748 -4.51400
v 39.84268 -5.49803 -4.46503
v 40.12602 -5.93644 -4.47336
v 40.12602 -5.80035 -4.46096
v 40.41355 -5.91509 -4.41713
v 40.70513 -5.89332 -4.36017
v 40.41355 -5.77948 -4.40620
v 40.70513 -5.75823 -4.35066
v 40.12602 -5.64723 -4.44195
v 40.12602 -5.47831 -4.41512
v 40.41355 -5.62682 -4.38897
v 40.41355 -5.45833 -4.36432
v 40.70513 -5.60609 -4.33519
v 40.70513 -5.43807 -4.31268
v 37.04241 -4.90615 -4.51516
v 37.27060 -4.88553 -4.50144
v 37.50443 -4.86482 -4.48680
v 37.74380 -4.84408 -4.47120
v 37.98858 -5.04615 -4.54297
v 38.75412 -5.19427 -4.53249
v 38.23864 -5.02515 -4.51838
v 37.98858 -4.82334 -4.45460
v 38.23864 -4.80186 -4.43395
v 38.49387 -5.00394 -4.49216
v 38.75412 -4.98271 -4.46481
v 38.49387 -4.78025 -4.41170
v 38.75412 -4.75863 -4.38834
v 37.04241 -4.67374 -4.40287
v 37.27060 -4.65241 -4.39309
v 37.50443 -4.63103 -4.38246
v 37.74380 -4.60963 -4.37093
v 37.04241 -4.42971 -4.28314
v 37.27060 -4.40778 -4.27726
v 37.04241 -4.17853 -4.15001
v 37.27060 -4.15606 -4.14799
v 37.50443 -4.38580 -4.27061
v 37.74380 -4.36382 -4.26315
v 37.98858 -4.58824 -4.35848
v 38.23864 -4.56636 -4.34183
v 38.49387 -4.54440 -4.32357
v 38.75412 -4.52247 -4.30428
v 37.98858 -4.34186 -4.25484
v 38.23864 -4.31966 -4.24218
v 38.49387 -4.29743 -4.22794
v 38.75412 -4.27527 -4.21272
v 37.50443 -4.13355 -4.14530
v 37.74380 -4.11104 -4.14189
v 37.98858 -4.08856 -4.13773
v 39.01926 -5.17340 -4.50009
v 39.28916 -5.15250 -4.46653
v 39.48938 -5.33716 -4.48817
v 39.56368 -5.33206 -4.47583
v 39.84268 -5.31295 -4.42932
v 39.48938 -5.13720 -4.44127
v 39.56368 -5.13220 -4.42964
v 39.84268 -5.11347 -4.38579
v 39.01926 -4.96147 -4.43631
v 39.28916 -4.94023 -4.40667
v 39.01926 -4.73705 -4.36389
v 39.48938 -4.92472 -4.38429
v 39.56368 -4.91979 -4.37346
v 39.28916 -4.71550 -4.33833
v 39.84268 -4.90141 -4.33258
v 40.12602 -5.29363 -4.38186
v 40.12602 -5.09458 -4.34098
v 40.41355 -5.27408 -4.33349
v 40.70513 -5.25429 -4.28428
v 40.41355 -5.07549 -4.29525
v 40.70513 -5.05620 -4.24867
v 40.12602 -4.88288 -4.29074
v 40.41355 -4.86421 -4.24800
v 40.70513 -4.84537 -4.20442
v 39.01926 -4.50060 -4.28393
v 39.28916 -4.47880 -4.26253
v 39.48938 -4.69978 -4.31895
v 39.56368 -4.69494 -4.30897
v 39.84268 -4.67691 -4.27125
v 39.48938 -4.46291 -4.24622
v 39.56368 -4.45818 -4.23711
v 39.84268 -4.44054 -4.20266
v 39.01926 -4.25318 -4.19651
v 39.28916 -4.23120 -4.17930
v 39.48938 -4.21519 -4.16608
v 39.56368 -4.21058 -4.15787
v 40.12602 -4.65876 -4.23260
v 40.12602 -4.42284 -4.16730
v 40.41355 -4.64051 -4.19306
v 40.70513 -4.62213 -4.15268
v 39.84268 -4.19341 -4.12676
v 40.41355 -4.40505 -4.13108
v 40.12602 -4.17620 -4.09478
v 40.70513 -4.38718 -4.09405
v 40.41355 -4.15894 -4.06197
v 40.70513 -4.14163 -4.02837
v 33.40975 -4.08356 -4.89141
v 33.51702 -4.08117 -4.88160
v 33.58202 -4.07971 -4.87567
v 33.65456 -4.07809 -4.86907
v 33.73460 -4.07628 -4.86180
v 33.27146 -3.80315 -4.76192
v 33.33298 -3.80180 -4.75684
v 33.40975 -3.80011 -4.75051
v 33.82209 -4.07431 -4.85388
v 33.91700 -4.07216 -4.84531
v 34.01928 -4.06984 -4.83610
v 34.12886 -4.06306 -4.83214
v 33.51702 -3.79774 -4.74170
v 33.58202 -3.79630 -4.73638
v 33.65456 -3.79469 -4.73047
v 33.73460 -3.79291 -4.72395
v 33.82209 -3.79095 -4.71686
v 33.91700 -3.78883 -4.70918
v 34.01928 -3.78654 -4.70094
v 34.12886 -3.77963 -4.69834
v 33.27146 -3.51003 -4.61419
v 33.33298 -3.50871 -4.60967
v 33.40975 -3.50706 -4.60405
v 33.51702 -3.50474 -4.59624
v 33.58202 -3.50333 -4.59153
v 33.65456 -3.50176 -4.58628
v 33.73460 -3.50002 -4.58051
v 33.82209 -3.49811 -4.57423
v 33.91700 -3.49604 -4.56743
v 34.01928 -3.49380 -4.56014
v 34.12886 -3.48681 -4.55887
v 34.24570 -4.05519 -4.82885
v 34.36974 -4.04688 -4.82534
v 34.50091 -4.03816 -4.82162
v 34.63915 -4.02904 -4.81768
v 34.78439 -4.01953 -4.81350
v 34.93654 -4.00418 -4.81729
v 35.09554 -3.98777 -4.82195
v 34.24570 -3.77160 -4.69655
v 34.36974 -3.76313 -4.69465
v 34.50091 -3.75424 -4.69263
v 34.63915 -3.74494 -4.69047
v 34.24570 -3.47867 -4.55855
v 34.36974 -3.47009 -4.55820
v 34.50091 -3.46108 -4.55782
v 34.78439 -3.73526 -4.68817
v 35.09554 -3.70266 -4.70170
v 34.93654 -3.71951 -4.69441
v 34.63915 -3.45167 -4.55741
v 34.78439 -3.44187 -4.55694
v 34.93654 -3.42580 -4.56554
v 35.09554 -3.40860 -4.57535
v 35.26130 -3.97089 -4.82666
v 35.43374 -3.95357 -4.83136
v 35.56254 -3.94081 -4.83474
v 35.79830 -3.91699 -4.83837
v 35.99023 -3.89796 -4.84099
v 35.26130 -3.68533 -4.70913
v 35.43374 -3.66756 -4.71668
v 35.56254 -3.65446 -4.72219
v 35.79830 -3.63019 -4.72964
v 35.99023 -3.61081 -4.73538
v 36.18847 -3.87866 -4.84337
v 36.39292 -3.85912 -4.84545
v 36.60346 -3.83940 -4.84718
v 36.82000 -3.81932 -4.84644
v 36.60346 -3.55117 -4.75157
v 36.82000 -3.53086 -4.75429
v 36.18847 -3.59114 -4.74098
v 36.39292 -3.57124 -4.74639
v 35.26130 -3.39091 -4.58542
v 35.56254 -3.35941 -4.60328
v 35.43374 -3.37278 -4.59571
v 35.79830 -3.33481 -4.61442
v 35.99023 -3.31516 -4.62318
v 36.18847 -3.29523 -4.63191
v 36.39292 -3.27508 -4.64056
v 36.82000 -3.23431 -4.65518
v 36.60346 -3.25474 -4.64908
v 36.82000 -2.93072 -4.54970
v 37.04241 -4.07850 -4.92661
v 37.27060 -4.05853 -4.92105
v 37.04241 -3.79912 -4.84517
v 37.27060 -3.77886 -4.84332
v 37.50443 -4.03854 -4.91477
v 37.74380 -4.01856 -4.90772
v 37.04241 -3.51045 -4.75658
v 37.27060 -3.48998 -4.75840
v 37.50443 -3.75858 -4.84086
v 37.74380 -3.73833 -4.83773
v 37.50443 -3.46951 -4.75970
v 37.98858 -3.99865 -4.89986
v 38.23864 -3.97836 -4.88774
v 38.49387 -3.95807 -4.87408
v 38.75412 -3.93787 -4.85944
v 37.98858 -3.71815 -4.83387
v 38.23864 -3.69781 -4.82566
v 38.49387 -3.67752 -4.81595
v 38.75412 -3.65734 -4.80534
v 37.74380 -3.44907 -4.76043
v 37.04241 -3.21379 -4.66094
v 37.27060 -3.19321 -4.66633
v 37.50443 -3.17264 -4.67131
v 37.74380 -3.15211 -4.67581
v 37.04241 -2.91021 -4.55877
v 37.27060 -2.88966 -4.56758
v 37.50443 -2.86912 -4.57607
v 37.74380 -2.84862 -4.58419
v 37.98858 -3.42871 -4.76054
v 38.23864 -3.40841 -4.75619
v 38.49387 -3.38820 -4.75040
v 38.75412 -3.36813 -4.74379
v 37.98858 -3.13167 -4.67979
v 38.23864 -3.11149 -4.67925
v 37.98858 -2.82823 -4.59188
v 38.49387 -3.09146 -4.67732
v 38.75412 -3.07159 -4.67465
v 39.01926 -3.91779 -4.84381
v 39.28916 -3.89786 -4.82715
v 39.48938 -3.88340 -4.81431
v 39.56368 -3.87931 -4.80625
v 39.84268 -3.86413 -4.77570
v 39.01926 -3.63731 -4.79380
v 39.28916 -3.61746 -4.78130
v 39.48938 -3.60306 -4.77156
v 39.56368 -3.59915 -4.76442
v 39.84268 -3.58462 -4.73730
v 40.12602 -3.84897 -4.74421
v 40.41355 -3.83385 -4.71180
v 40.70513 -3.81875 -4.67849
v 40.12602 -3.57016 -4.70927
v 40.41355 -3.55577 -4.68037
v 40.70513 -3.54143 -4.65059
v 39.01926 -3.34823 -4.73633
v 39.28916 -3.32852 -4.72799
v 39.48938 -3.31425 -4.72133
v 39.56368 -3.31052 -4.71511
v 39.84268 -3.29672 -4.69146
v 39.01926 -3.05190 -4.67121
v 39.28916 -3.03243 -4.66697
v 39.48938 -3.01834 -4.66335
v 39.56368 -3.01482 -4.65806
v 39.84268 -3.00181 -4.63787
v 40.12602 -3.28302 -4.66694
v 40.41355 -3.26941 -4.64158
v 40.70513 -3.25590 -4.61538
v 40.12602 -2.98892 -4.61687
v 40.41355 -2.97617 -4.59505
v 40.70513 -2.96355 -4.57244
v 38.23864 -2.80830 -4.59501
v 38.49387 -2.78856 -4.59680
v 38.75412 -2.76900 -4.59795
v 39.01926 -2.74964 -4.59841
v 39.28916 -2.73051 -4.59815
v 39.48938 -2.71670 -4.59749
v 39.56368 -2.71340 -4.59311
v 39.84268 -2.70126 -4.57635
v 40.12602 -2.68927 -4.55882
v 33.27146 -4.01618 -3.78103
v 33.33298 -4.01306 -3.77797
v 33.40975 -4.00918 -3.77413
v 33.51702 -4.00380 -3.76875
v 33.58202 -4.00056 -3.76548
v 33.65456 -3.99696 -3.76183
v 33.73460 -3.99300 -3.75778
v 33.82209 -3.98871 -3.75334
v 33.91700 -3.98408 -3.74851
v 34.24570 -3.95891 -3.74494
v 34.36974 -3.94764 -3.74624
v 34.50091 -3.93584 -3.74754
v 34.63915 -3.92354 -3.74882
v 34.78439 -3.91076 -3.75005
v 34.93654 -3.89201 -3.75977
v 35.09554 -3.87212 -3.77060
v 33.27146 -3.20774 -4.46265
v 33.33298 -3.20647 -4.45868
v 33.40975 -3.20488 -4.45375
v 33.51702 -3.20266 -4.44690
v 33.58202 -3.20131 -4.44276
v 33.65456 -3.19979 -4.43817
v 33.73460 -3.19812 -4.43311
v 33.82209 -3.19630 -4.42761
v 33.91700 -3.19431 -4.42166
v 34.01928 -3.19217 -4.41528
v 34.12886 -3.18516 -4.41527
v 33.27146 -2.89599 -4.31030
v 33.33298 -2.89481 -4.30685
v 33.40975 -2.89334 -4.30255
v 33.51702 -2.89127 -4.29659
v 33.58202 -2.89002 -4.29299
v 33.65456 -2.88861 -4.28899
v 33.73460 -2.88707 -4.28460
v 33.82209 -2.88537 -4.27982
v 33.91700 -2.88353 -4.27465
v 34.01928 -2.88155 -4.26911
v 34.12886 -2.87462 -4.27024
v 34.24570 -3.17698 -4.41634
v 34.36974 -3.16836 -4.41747
v 34.50091 -3.15932 -4.41865
v 34.63915 -3.14987 -4.41987
v 34.78439 -3.14004 -4.42113
v 34.93654 -3.12375 -4.43196
v 35.09554 -3.10633 -4.44414
v 34.24570 -2.86650 -4.27256
v 34.36974 -2.85796 -4.27501
v 34.50091 -2.84899 -4.27760
v 34.63915 -2.83963 -4.28031
v 34.78439 -2.82989 -4.28313
v 35.56254 -4.08064 -3.97235
v 35.79830 -4.05312 -3.98066
v 35.99023 -4.03116 -3.98701
v 35.26130 -3.85168 -3.78166
v 35.56254 -3.81532 -3.80112
v 35.43374 -3.83074 -3.79290
v 35.79830 -3.78718 -3.81332
v 35.99023 -3.76472 -3.82283
v 36.18847 -4.00889 -3.99317
v 36.39292 -3.98635 -3.99907
v 36.60346 -3.96361 -4.00468
v 36.82000 -3.94090 -4.00747
v 36.18847 -3.74194 -3.83227
v 36.39292 -3.71889 -3.84156
v 36.60346 -3.69564 -3.85066
v 36.82000 -3.67257 -3.85695
v 35.26130 -3.08840 -4.45668
v 35.43374 -3.07003 -4.46956
v 35.56254 -3.05649 -4.47906
v 35.79830 -3.03172 -4.49370
v 35.99023 -3.01194 -4.50531
v 36.18847 -2.99188 -4.51699
v 36.39292 -2.97160 -4.52871
v 36.60346 -2.95113 -4.54040
v 34.01928 -3.97912 -3.74329
v 34.12886 -3.96962 -3.74365
v 33.27146 -3.74850 -3.57251
v 33.33298 -3.74528 -3.57013
v 33.40975 -3.74129 -3.56716
v 33.51702 -3.73575 -3.56298
v 33.58202 -3.73241 -3.56043
v 33.65456 -3.72871 -3.55758
v 33.73460 -3.72464 -3.55442
v 33.82209 -3.72023 -3.55096
v 33.91700 -3.71547 -3.54717
v 34.12886 -3.70065 -3.54488
v 33.27146 -3.47463 -3.35781
v 33.33298 -3.47134 -3.35610
v 33.40975 -3.46726 -3.35395
v 33.51702 -3.46159 -3.35093
v 33.58202 -3.45819 -3.34908
v 33.65456 -3.45440 -3.34701
v 34.01928 -3.71039 -3.54308
v 34.24570 -3.68968 -3.54774
v 34.36974 -3.67814 -3.55071
v 34.50091 -3.66606 -3.55377
v 34.63915 -3.65347 -3.55689
v 34.78439 -3.64040 -3.56008
v 34.93654 -3.62121 -3.57219
v 35.09554 -3.60085 -3.58556
v 33.73460 -3.45025 -3.34472
v 34.24570 -3.41464 -3.34393
v 34.36974 -3.40290 -3.34847
v 34.50091 -3.39062 -3.35318
v 34.63915 -3.37782 -3.35807
v 34.78439 -3.36453 -3.36309
v 35.09554 -3.32431 -3.39316
v 34.93654 -3.34501 -3.37743
v 33.27146 -3.19262 -3.14278
v 33.82209 -3.44574 -3.34219
v 33.91700 -3.44089 -3.33942
v 34.01928 -3.43570 -3.33642
v 34.12886 -3.42580 -3.33959
v 33.33298 -3.18930 -3.14170
v 33.40975 -3.18517 -3.14033
v 33.51702 -3.17944 -3.13839
v 33.58202 -3.17600 -3.13720
v 33.65456 -3.17217 -3.13587
v 33.73460 -3.16798 -3.13438
v 33.82209 -3.16343 -3.13273
v 33.91700 -3.15854 -3.13093
v 34.01928 -3.15331 -3.12896
v 34.12886 -3.14332 -3.13337
v 34.36974 -3.12023 -3.14502
v 34.50091 -3.10785 -3.15126
v 34.63915 -3.09495 -3.15774
v 34.78439 -3.08156 -3.16444
v 34.93654 -3.06188 -3.18077
v 35.09554 -3.04100 -3.19861
v 34.24570 -3.13206 -3.13906
v 35.26130 -3.57994 -3.59927
v 35.43374 -3.55851 -3.61327
v 35.56254 -3.54272 -3.62355
v 35.99023 -3.49123 -3.65202
v 35.79830 -3.51409 -3.63946
v 36.18847 -3.46806 -3.66459
v 35.26130 -3.30303 -3.40933
v 35.43374 -3.28124 -3.42590
v 35.56254 -3.26518 -3.43811
v 35.79830 -3.23621 -3.45753
v 35.99023 -3.21308 -3.47294
v 36.39292 -3.44462 -3.67713
v 36.60346 -3.42096 -3.68960
v 36.82000 -3.39765 -3.69925
v 36.18847 -3.18963 -3.48849
v 36.39292 -3.16590 -3.50412
v 36.60346 -3.14195 -3.51978
v 36.82000 -3.11850 -3.53266
v 36.60346 -2.85767 -3.34559
v 36.82000 -2.83427 -3.36141
v 35.56254 -2.98137 -3.24982
v 35.26130 -3.01954 -3.21699
v 35.43374 -2.99756 -3.23588
v 35.79830 -2.95228 -3.27238
v 35.99023 -2.92907 -3.29038
v 36.18847 -2.90553 -3.30861
v 36.39292 -2.88171 -3.32703
v 33.27146 -2.57908 -4.15272
v 33.33298 -2.57802 -4.14975
v 35.09554 -2.79609 -4.31023
v 34.93654 -2.81356 -4.29594
v 34.93654 -2.49907 -4.15348
v 35.09554 -2.48168 -4.16967
v 33.40975 -2.57668 -4.14606
v 33.51702 -2.57481 -4.14093
v 33.58202 -2.57368 -4.13784
v 33.65456 -2.57241 -4.13441
v 33.73460 -2.57101 -4.13065
v 33.82209 -2.56948 -4.12655
v 33.91700 -2.56783 -4.12213
v 34.01928 -2.56604 -4.11739
v 34.12886 -2.55924 -4.11955
v 33.27146 -2.25741 -3.99194
v 33.33298 -2.25647 -3.98943
v 33.40975 -2.25530 -3.98632
v 33.51702 -2.25366 -3.98199
v 33.58202 -2.25266 -3.97939
v 33.65456 -2.25155 -3.97651
v 33.73460 -2.25033 -3.97334
v 33.82209 -2.24899 -3.96989
v 33.91700 -2.24754 -3.96618
v 34.01928 -2.24598 -3.96220
v 34.12886 -2.23937 -3.96535
v 34.24570 -2.55127 -4.12302
v 34.36974 -2.54287 -4.12669
v 34.50091 -2.53406 -4.13056
v 34.63915 -2.52487 -4.13463
v 34.78439 -2.51531 -4.13889
v 34.24570 -2.23159 -3.96988
v 34.36974 -2.22340 -3.97468
v 34.50091 -2.21482 -3.97976
v 34.63915 -2.20586 -3.98509
v 34.78439 -2.19655 -3.99068
v 33.27146 -1.93074 -3.83106
v 33.33298 -1.92996 -3.82897
v 33.40975 -1.92899 -3.82638
v 33.51702 -1.92763 -3.82280
v 33.58202 -1.92681 -3.82064
v 33.65456 -1.92589 -3.81825
v 33.73460 -1.92488 -3.81563
v 33.82209 -1.92377 -3.81278
v 33.91700 -1.92258 -3.80971
v 34.01928 -1.92129 -3.80643
v 34.12886 -1.91495 -3.81044
v 34.93654 -2.18050 -4.00691
v 35.09554 -2.16330 -4.02484
v 34.24570 -1.90746 -3.81590
v 34.36974 -1.89957 -3.82171
v 34.50091 -1.89131 -3.82784
v 34.63915 -1.88269 -3.83429
v 34.93654 -1.85803 -3.85869
v 35.09554 -1.84117 -3.87811
v 34.78439 -1.87373 -3.84105
v 35.56254 -2.74611 -4.35140
v 35.79830 -2.72141 -4.36917
v 35.99023 -2.70170 -4.38335
v 35.26130 -2.77811 -4.32498
v 35.43374 -2.75968 -4.34017
v 35.26130 -2.46380 -4.18641
v 35.43374 -2.44546 -4.20368
v 35.56254 -2.43195 -4.21648
v 35.99023 -2.38802 -4.25361
v 35.79830 -2.40752 -4.23710
v 36.18847 -2.68171 -4.39771
v 36.39292 -2.66149 -4.41220
v 36.60346 -2.64110 -4.42676
v 36.82000 -2.62088 -4.43900
v 36.18847 -2.36824 -4.27041
v 36.39292 -2.34825 -4.28743
v 36.60346 -2.32807 -4.30462
v 36.82000 -2.30820 -4.31955
v 36.39292 -2.03183 -4.15715
v 36.60346 -2.01200 -4.17678
v 36.82000 -1.99260 -4.19422
v 35.43374 -2.12749 -4.06260
v 35.56254 -2.11413 -4.07683
v 35.26130 -2.14562 -4.04341
v 35.79830 -2.09011 -4.10007
v 35.99023 -2.07093 -4.11875
v 35.79830 -1.76960 -3.96008
v 35.99023 -1.75093 -3.98063
v 35.26130 -1.82385 -3.89826
v 35.43374 -1.80609 -3.91909
v 35.56254 -1.79301 -3.93456
v 36.18847 -2.05149 -4.13779
v 36.18847 -1.73200 -4.00163
v 36.39292 -1.71285 -4.02304
v 36.82000 -1.67479 -4.06447
v 36.60346 -1.69355 -4.04481
v 34.50091 -2.81979 -2.94723
v 34.63915 -2.80686 -2.95522
v 34.78439 -2.79344 -2.96351
v 35.09554 -2.75275 -3.00147
v 34.93654 -2.77370 -2.98168
v 33.27146 -1.60044 -3.67058
v 33.33298 -1.59985 -3.66887
v 33.40975 -1.59912 -3.66676
v 33.51702 -1.59809 -3.66384
v 33.58202 -1.59747 -3.66209
v 33.65456 -1.59678 -3.66014
v 33.73460 -1.59602 -3.65801
v 33.82209 -1.59519 -3.65570
v 33.91700 -1.59430 -3.65322
v 34.01928 -1.59334 -3.65056
v 34.12886 -1.58735 -3.65531
v 34.24570 -1.58023 -3.66158
v 34.36974 -1.57274 -3.66823
v 34.50091 -1.56489 -3.67527
v 35.43374 -2.70917 -3.04292
v 35.56254 -2.69292 -3.05847
v 35.26130 -2.73122 -3.02190
v 35.79830 -2.66389 -3.08396
v 35.99023 -2.64071 -3.10436
v 36.39292 -2.59341 -3.14613
v 36.60346 -2.56940 -3.16739
v 36.82000 -2.54617 -3.18597
v 36.18847 -2.61720 -3.12510
v 36.39292 -2.30341 -2.95986
v 36.60346 -2.27955 -2.98363
v 36.82000 -2.25660 -3.00478
v 37.04241 -3.91807 -4.00976
v 37.27060 -3.89515 -4.01153
v 37.50443 -3.87220 -4.01273
v 37.74380 -3.84925 -4.01332
v 37.04241 -3.64939 -3.86283
v 37.27060 -3.62613 -3.86830
v 37.50443 -3.60284 -3.87330
v 37.74380 -3.57956 -3.87778
v 38.23864 -4.06606 -4.12910
v 37.98858 -3.82634 -4.01325
v 38.23864 -3.80363 -4.00862
v 38.49387 -4.04360 -4.11895
v 38.75412 -4.02120 -4.10790
v 38.49387 -3.78101 -4.00252
v 38.75412 -3.75847 -3.99560
v 37.98858 -3.55632 -3.88171
v 38.23864 -3.53350 -3.88101
v 38.49387 -3.51082 -3.87888
v 38.75412 -3.48824 -3.87603
v 38.23864 -3.25739 -3.74555
v 38.49387 -3.23473 -3.74732
v 38.75412 -3.21219 -3.74846
v 39.01926 -3.99891 -4.09593
v 39.28916 -3.97673 -4.08304
v 39.48938 -3.96060 -4.07303
v 39.56368 -3.95609 -4.06577
v 39.84268 -3.93933 -4.03824
v 39.01926 -3.73605 -3.98785
v 39.28916 -3.71376 -3.97926
v 39.48938 -3.69757 -3.97243
v 39.56368 -3.69318 -3.96613
v 39.01926 -3.46579 -3.87242
v 39.84268 -3.67689 -3.94221
v 40.12602 -3.92256 -4.00989
v 40.41355 -3.90577 -3.98075
v 40.70513 -3.88896 -3.95086
v 40.12602 -3.66062 -3.91752
v 40.41355 -3.64437 -3.89208
v 40.70513 -3.62811 -3.86593
v 39.28916 -3.44349 -3.86806
v 39.01926 -3.18979 -3.74894
v 39.28916 -3.16756 -3.74874
v 39.48938 -3.42729 -3.86437
v 39.56368 -3.42305 -3.85903
v 39.84268 -3.40731 -3.83871
v 39.48938 -3.15142 -3.74815
v 40.12602 -3.39161 -3.81767
v 40.41355 -3.37595 -3.79593
v 40.70513 -3.36033 -3.77352
v 37.04241 -3.37423 -3.70861
v 37.27060 -3.35073 -3.71765
v 37.50443 -3.32720 -3.72634
v 37.74380 -3.30369 -3.73461
v 37.04241 -3.09494 -3.54536
v 37.27060 -3.07130 -3.55785
v 37.50443 -3.04762 -3.57010
v 37.74380 -3.02396 -3.58204
v 37.98858 -3.28022 -3.74243
v 37.98858 -3.00035 -3.59365
v 38.23864 -2.97756 -3.60054
v 38.49387 -2.95499 -3.60616
v 38.75412 -2.93254 -3.61124
v 39.56368 -3.14734 -3.74377
v 39.01926 -2.91024 -3.61577
v 39.28916 -2.88812 -3.61972
v 39.84268 -3.13219 -3.72707
v 39.48938 -2.87207 -3.62222
v 39.56368 -2.86814 -3.61883
v 39.84268 -2.85358 -3.60582
v 40.12602 -3.11711 -3.70969
v 40.12602 -2.83911 -3.59220
v 40.41355 -3.10210 -3.69167
v 40.70513 -3.08715 -3.67302
v 40.41355 -2.82474 -3.57800
v 37.04241 -2.60058 -4.45110
v 37.27060 -2.58025 -4.46304
v 37.50443 -2.55992 -4.47477
v 37.74380 -2.53965 -4.48623
v 37.27060 -2.26828 -4.34928
v 37.50443 -2.24832 -4.36401
v 37.74380 -2.22841 -4.37857
v 37.04241 -2.28826 -4.33444
v 37.98858 -2.51948 -4.49737
v 38.23864 -2.49996 -4.50392
v 37.98858 -2.20861 -4.39292
v 38.49387 -2.48068 -4.50921
v 38.75412 -2.46159 -4.51395
v 37.04241 -1.97313 -4.21172
v 37.27060 -1.95363 -4.22926
v 37.74380 -1.91474 -4.26425
v 37.50443 -1.93415 -4.24678
v 38.23864 -2.18964 -4.40267
v 38.49387 -2.17095 -4.41125
v 38.75412 -2.15244 -4.41938
v 37.98858 -1.89544 -4.28160
v 38.23864 -1.87713 -4.29438
v 37.98858 -1.58093 -4.16433
v 38.23864 -1.56345 -4.17984
v 38.49387 -1.85914 -4.30606
v 38.75412 -1.84135 -4.31738
v 37.04241 -1.65597 -4.08427
v 37.27060 -1.63713 -4.10421
v 37.50443 -1.61832 -4.12423
v 37.74380 -1.59957 -4.14429
v 39.01926 -2.44271 -4.51810
v 39.28916 -2.42407 -4.52162
v 39.48938 -2.41062 -4.52377
v 39.56368 -2.40758 -4.52027
v 39.84268 -2.39640 -4.50683
v 40.41355 -2.67744 -4.54052
v 40.70513 -2.66578 -4.52146
v 40.12602 -2.38540 -4.49267
v 40.41355 -2.37459 -4.47780
v 40.70513 -2.36397 -4.46221
v 39.01926 -2.13417 -4.42700
v 39.28916 -2.11615 -4.43409
v 39.48938 -2.10316 -4.43890
v 39.56368 -2.10039 -4.43626
v 39.84268 -2.09024 -4.42604
v 39.01926 -1.82379 -4.32829
v 39.28916 -1.80650 -4.33876
v 39.48938 -1.79405 -4.34610
v 39.56368 -1.79158 -4.34428
v 39.84268 -1.78254 -4.33716
v 40.12602 -2.08030 -4.41516
v 40.41355 -2.07057 -4.40362
v 40.70513 -2.06107 -4.39142
v 40.12602 -1.77373 -4.32945
v 40.41355 -1.76516 -4.32113
v 40.70513 -1.75685 -4.31219
v 37.04241 -2.81075 -3.37715
v 37.27060 -2.78716 -3.39279
v 37.50443 -2.76353 -3.40829
v 37.74380 -2.73992 -3.42361
v 38.23864 -2.69379 -3.44907
v 37.98858 -2.71635 -3.43870
v 38.49387 -2.67149 -3.45825
v 38.75412 -2.64931 -3.46700
v 37.04241 -2.52283 -3.20457
v 37.27060 -2.49942 -3.22318
v 37.74380 -2.45252 -3.26024
v 37.50443 -2.47596 -3.24175
v 37.27060 -2.21041 -3.04744
v 37.04241 -2.23355 -3.02605
v 37.98858 -2.42913 -3.27861
v 38.23864 -2.40691 -3.29228
v 38.49387 -2.38500 -3.30485
v 38.75412 -2.36321 -3.31709
v 37.50443 -2.18724 -3.06890
v 37.74380 -2.16407 -3.09039
v 38.49387 -2.09773 -3.14450
v 38.75412 -2.07641 -3.16008
v 37.98858 -2.14095 -3.11186
v 38.23864 -2.11917 -3.12869
v 38.23864 -1.83169 -2.95896
v 38.49387 -1.81080 -2.97785
v 38.75412 -1.79004 -2.99663
v 39.01926 -2.62729 -3.47529
v 39.28916 -2.60546 -3.48310
v 39.48938 -2.58962 -3.48849
v 39.56368 -2.58588 -3.48603
v 39.84268 -2.57203 -3.47654
v 39.48938 -2.30461 -3.34861
v 39.56368 -2.30108 -3.34706
v 40.70513 -2.81045 -3.56323
v 40.12602 -2.55829 -3.46651
v 40.41355 -2.54466 -3.45596
v 40.70513 -2.53116 -3.44489
v 39.01926 -2.34158 -3.32897
v 39.28916 -2.32015 -3.34046
v 39.84268 -2.28802 -3.34098
v 40.12602 -2.27509 -3.33443
v 40.41355 -2.26230 -3.32741
v 40.70513 -2.24964 -3.31995
v 39.01926 -2.05526 -3.17542
v 39.28916 -2.03430 -3.19047
v 39.48938 -2.01911 -3.20128
v 39.56368 -2.01579 -3.20062
v 39.84268 -2.00355 -3.19792
v 39.01926 -1.76944 -3.01526
v 39.28916 -1.74903 -3.03371
v 39.48938 -1.73426 -3.04707
v 39.56368 -1.73116 -3.04729
v 39.84268 -1.71977 -3.04792
v 40.12602 -1.99146 -3.19482
v 40.41355 -1.97952 -3.19132
v 40.70513 -1.96775 -3.18743
v 40.12602 -1.70853 -3.04822
v 40.41355 -1.69748 -3.04818
v 40.70513 -1.68660 -3.04782
v 40.95750 -5.96683 -4.56082
v 40.95750 -5.85718 -4.58554
v 40.95750 -5.72733 -4.60892
v 40.95750 -5.57866 -4.62906
v 40.95750 -5.41157 -4.64630
v 41.29983 -5.55466 -4.55733
v 41.29983 -5.38905 -4.57526
v 40.95750 -5.22662 -4.66079
v 41.29983 -5.20563 -4.59075
v 40.95750 -5.02468 -4.67215
v 40.95750 -4.80768 -4.67805
v 41.29983 -5.00525 -4.60344
v 41.29983 -4.78983 -4.61098
v 41.60264 -4.77379 -4.55191
v 40.95750 -4.57593 -4.67958
v 41.29983 -4.55973 -4.61435
v 41.60264 -4.54517 -4.55689
v 40.95750 -4.33082 -4.67577
v 41.29983 -4.31630 -4.61265
v 41.60264 -4.30325 -4.55700
v 40.95750 -6.16511 -4.51301
v 40.95750 -6.15270 -4.51594
v 40.95750 -6.11530 -4.52510
v 40.95750 -6.05316 -4.54030
v 41.29983 -6.08473 -4.45500
v 41.29983 -6.02346 -4.46977
v 41.29983 -6.13386 -4.44322
v 41.29983 -6.12161 -4.44608
v 41.60264 -6.10592 -4.38189
v 41.60264 -6.09382 -4.38469
v 41.60264 -6.05740 -4.39339
v 41.60264 -5.99690 -4.40778
v 40.95750 -6.26313 -4.31439
v 40.95750 -6.25199 -4.31474
v 40.95750 -6.21870 -4.31559
v 40.95750 -6.16354 -4.31664
v 40.95750 -6.08704 -4.31725
v 40.95750 -5.99010 -4.31621
v 41.29983 -6.23160 -4.24355
v 41.29983 -6.22061 -4.24384
v 41.29983 -6.18774 -4.24458
v 41.60264 -6.20340 -4.18131
v 41.60264 -6.19253 -4.18157
v 41.60264 -6.16004 -4.18219
v 41.29983 -6.13327 -4.24546
v 41.29983 -6.05770 -4.24588
v 41.60264 -6.10618 -4.18291
v 41.60264 -6.03144 -4.18317
v 41.90890 -6.06544 -4.32298
v 41.90890 -6.07740 -4.32025
v 41.90890 -6.02948 -4.33146
v 42.21843 -6.03648 -4.26100
v 42.21843 -6.04829 -4.25833
v 42.21843 -6.00098 -4.26927
v 42.42308 -6.02890 -4.21761
v 42.42308 -6.01719 -4.22024
v 42.42308 -5.98198 -4.22837
v 42.53109 -6.00628 -4.19875
v 42.53109 -6.01793 -4.19617
v 41.90890 -6.17458 -4.11879
v 41.90890 -6.16384 -4.11901
v 41.90890 -6.13173 -4.11952
v 41.90890 -6.07848 -4.12008
v 41.90890 -6.00457 -4.12017
v 42.21843 -6.14516 -4.05603
v 42.21843 -6.13454 -4.05621
v 42.21843 -6.10280 -4.05662
v 42.21843 -6.05018 -4.05702
v 42.21843 -5.97710 -4.05694
v 42.42308 -6.12554 -4.01477
v 42.42308 -6.11501 -4.01493
v 42.42308 -6.08351 -4.01527
v 42.42308 -6.03129 -4.01557
v 42.53109 -6.11445 -3.99308
v 42.53109 -6.10398 -3.99319
v 42.53109 -6.07266 -3.99342
v 42.53109 -6.02071 -3.99355
v 41.29983 -5.93834 -4.48972
v 41.29983 -5.83017 -4.51381
v 41.60264 -5.91284 -4.42722
v 41.29983 -5.70185 -4.53692
v 41.60264 -5.80597 -4.45076
v 41.60264 -5.67899 -4.47362
v 40.95750 -5.87438 -4.31094
v 40.95750 -5.73977 -4.30260
v 41.29983 -5.96188 -4.24476
v 41.29983 -5.84737 -4.23964
v 41.60264 -5.93660 -4.18197
v 41.60264 -5.82316 -4.17697
v 41.29983 -5.71413 -4.23157
v 41.60264 -5.69112 -4.16913
v 41.60264 -5.53312 -4.49426
v 41.60264 -5.36883 -4.51277
v 40.95750 -5.58810 -4.28861
v 40.95750 -5.42051 -4.26791
v 41.29983 -5.56386 -4.21817
v 41.60264 -5.54210 -4.15625
v 41.29983 -5.39766 -4.19846
v 41.90890 -5.88675 -4.36441
v 41.90890 -5.78118 -4.38740
v 41.90890 -5.96975 -4.34548
v 42.21843 -5.94202 -4.28291
v 42.21843 -5.86007 -4.30134
v 42.42308 -5.84227 -4.25988
v 42.42308 -5.92352 -4.24177
v 42.53109 -5.97127 -4.20674
v 42.53109 -5.91314 -4.21988
v 42.53109 -5.83234 -4.23764
v 42.21843 -5.75581 -4.32378
v 42.42308 -5.73886 -4.28197
v 42.53109 -5.72950 -4.25933
v 41.90890 -5.65557 -4.41001
v 41.90890 -5.51102 -4.43085
v 41.90890 -5.34808 -4.44994
v 42.21843 -5.48836 -4.36720
v 42.21843 -5.63157 -4.34614
v 42.42308 -5.61551 -4.30418
v 42.53109 -5.60675 -4.28120
v 42.42308 -5.47320 -4.32537
v 42.53109 -5.46505 -4.30217
v 41.60264 -5.37713 -4.13741
v 41.90890 -5.91072 -4.11888
v 41.90890 -5.79836 -4.11401
v 41.90890 -5.66755 -4.10640
v 42.21843 -5.88424 -4.05557
v 42.42308 -5.95875 -4.01539
v 42.42308 -5.86655 -4.01397
v 42.53109 -5.94855 -3.99314
v 42.53109 -5.85680 -3.99147
v 42.21843 -5.77297 -4.05082
v 42.42308 -5.75600 -4.00931
v 42.53109 -5.74676 -3.98661
v 41.90890 -5.51977 -4.09404
v 41.90890 -5.35607 -4.07607
v 42.21843 -5.64338 -4.04345
v 42.42308 -5.62722 -4.00211
v 42.53109 -5.61854 -3.97922
v 42.21843 -5.49688 -4.03163
v 42.42308 -5.48154 -3.99064
v 42.53109 -5.47346 -3.96764
v 42.84672 -5.98569 -4.13381
v 42.84672 -6.08186 -3.92998
v 42.84672 -6.07155 -3.92999
v 42.84672 -6.04071 -3.92991
v 42.84672 -5.98956 -3.92954
v 43.16515 -6.04868 -3.86679
v 43.16515 -6.03853 -3.86670
v 43.16515 -6.00816 -3.86633
v 43.48622 -6.01492 -3.80354
v 43.48622 -6.00492 -3.80336
v 42.84672 -5.88260 -4.15623
v 42.84672 -5.80310 -4.17303
v 42.84672 -5.70186 -4.19357
v 42.84672 -5.58085 -4.21449
v 42.84672 -5.44093 -4.23487
v 43.16515 -5.55426 -4.14790
v 43.16515 -5.41610 -4.16771
v 42.84672 -5.97423 -4.13626
v 42.84672 -5.93979 -4.14381
v 43.16515 -5.94161 -4.07362
v 43.16515 -5.95289 -4.07130
v 43.16515 -5.90772 -4.08078
v 43.16515 -5.85145 -4.09252
v 43.48622 -5.91955 -4.00868
v 43.48622 -5.90844 -4.01089
v 43.48622 -5.87509 -4.01767
v 43.48622 -5.81972 -4.02878
v 43.16515 -5.77323 -4.10839
v 43.16515 -5.67357 -4.12786
v 43.48622 -5.74274 -4.04380
v 42.84672 -5.91848 -3.92850
v 42.84672 -5.82804 -3.92615
v 42.84672 -5.71945 -3.92075
v 43.16515 -5.95778 -3.86550
v 43.16515 -5.88775 -3.86388
v 43.48622 -5.97501 -3.80273
v 43.48622 -5.92539 -3.80149
v 43.48622 -5.85639 -3.79933
v 43.16515 -5.79860 -3.86091
v 43.16515 -5.69144 -3.85501
v 43.48622 -5.76849 -3.79582
v 43.48622 -5.66274 -3.78948
v 43.48622 -5.64462 -4.06227
v 43.48622 -5.52699 -4.08149
v 43.48622 -5.39057 -4.10078
v 42.84672 -5.59287 -3.91285
v 42.84672 -5.44951 -3.90098
v 43.16515 -5.56647 -3.84666
v 43.48622 -5.53935 -3.78075
v 43.16515 -5.42482 -3.83455
v 43.48622 -5.39938 -3.76845
v 43.80977 -5.88567 -3.94599
v 43.80977 -5.87474 -3.94809
v 43.80977 -5.84191 -3.95453
v 43.80977 -5.78741 -3.96507
v 43.80977 -5.71163 -3.97931
v 43.88866 -5.77948 -3.94961
v 43.88866 -5.70399 -3.96367
v 43.88866 -5.87737 -3.93077
v 43.88866 -5.86647 -3.93285
v 43.88866 -5.83377 -3.93921
v 44.13562 -5.85102 -3.88361
v 44.13562 -5.84026 -3.88560
v 44.13562 -5.75434 -3.90164
v 44.13562 -5.80796 -3.89169
v 44.13562 -5.67978 -3.91509
v 44.46363 -5.81579 -3.82135
v 44.46363 -5.80520 -3.82323
v 44.46363 -5.77341 -3.82900
v 44.46363 -5.72066 -3.83840
v 43.80977 -5.61502 -3.99686
v 43.88866 -5.60773 -3.98102
v 43.80977 -5.49903 -4.01532
v 43.80977 -5.36434 -4.03414
v 43.88866 -5.49213 -3.99931
v 43.88866 -5.35786 -4.01802
v 44.13562 -5.47036 -3.94936
v 44.13562 -5.58467 -3.93170
v 44.46363 -5.64728 -3.85111
v 44.46363 -5.55366 -3.86686
v 44.46363 -5.44101 -3.88376
v 43.80977 -5.98059 -3.74027
v 43.80977 -5.97074 -3.74001
v 43.80977 -5.94128 -3.73916
v 43.80977 -5.89239 -3.73755
v 43.80977 -5.82439 -3.73493
v 43.88866 -5.97217 -3.72492
v 43.88866 -5.96236 -3.72464
v 43.88866 -5.93300 -3.72374
v 43.88866 -5.88429 -3.72204
v 43.80977 -5.73771 -3.73093
v 43.88866 -5.81652 -3.71932
v 43.88866 -5.73014 -3.71522
v 44.13562 -5.94547 -3.67739
v 44.13562 -5.93578 -3.67705
v 44.13562 -5.90676 -3.67596
v 44.13562 -5.85862 -3.67397
v 44.46363 -5.90975 -3.61469
v 44.46363 -5.90020 -3.61428
v 44.46363 -5.87163 -3.61298
v 44.46363 -5.82421 -3.61065
v 44.13562 -5.79163 -3.67088
v 44.13562 -5.70621 -3.66636
v 44.46363 -5.75822 -3.60712
v 44.46363 -5.67402 -3.60215
v 43.80977 -5.63333 -3.72423
v 43.80977 -5.51151 -3.71517
v 43.88866 -5.62609 -3.70844
v 43.88866 -5.50464 -3.69931
v 43.80977 -5.37320 -3.70275
v 43.88866 -5.36673 -3.68687
v 44.13562 -5.60324 -3.65924
v 44.46363 -5.57246 -3.59465
v 44.13562 -5.48302 -3.64980
v 44.13562 -5.34644 -3.63717
v 44.46363 -5.45383 -3.58487
v 41.60264 -5.18677 -4.52913
v 40.95750 -5.23717 -4.24157
v 40.95750 -5.03955 -4.20822
v 41.29983 -5.21576 -4.17339
v 41.60264 -4.98779 -4.54296
v 40.95750 -4.82913 -4.16652
v 41.90890 -5.16740 -4.46715
v 42.21843 -5.32679 -4.38685
v 42.21843 -5.14752 -4.40490
v 42.42308 -5.13419 -4.36399
v 42.42308 -5.31252 -4.34538
v 42.53109 -5.30501 -4.32206
v 42.53109 -5.12735 -4.34062
v 41.90890 -4.96985 -4.48211
v 41.90890 -4.75731 -4.49246
v 42.21843 -4.95142 -4.42097
v 42.42308 -4.93906 -4.38078
v 42.53109 -4.93292 -4.35744
v 42.21843 -4.74037 -4.43270
v 42.42308 -4.72900 -4.39341
v 42.53109 -4.72357 -4.37018
v 41.60264 -5.19652 -4.11344
v 41.29983 -5.01963 -4.14154
v 41.60264 -5.00171 -4.08292
v 41.29983 -4.81064 -4.10178
v 41.60264 -4.79401 -4.04484
v 41.90890 -5.17675 -4.05322
v 42.21843 -5.33443 -4.01454
v 42.42308 -5.31994 -3.97413
v 42.53109 -5.31247 -3.95112
v 42.21843 -5.15644 -3.99280
v 42.42308 -5.14282 -3.95313
v 42.53109 -5.13599 -3.93018
v 41.90890 -4.98329 -4.02403
v 41.90890 -4.77690 -3.98764
v 42.21843 -4.96434 -3.96495
v 42.42308 -4.95162 -3.92617
v 42.53109 -4.94545 -3.90333
v 42.21843 -4.75929 -3.93026
v 42.42308 -4.74746 -3.89259
v 42.53109 -4.74195 -3.86999
v 41.90890 -4.53020 -4.49903
v 42.21843 -4.51480 -4.44085
v 42.42308 -4.50447 -4.40258
v 42.53109 -4.49978 -4.37953
v 41.90890 -4.28983 -4.50095
v 42.21843 -4.27602 -4.44456
v 42.42308 -4.26674 -4.40745
v 42.53109 -4.26281 -4.38464
v 40.95750 -4.60631 -4.11754
v 41.29983 -4.58928 -4.05499
v 41.60264 -4.57395 -3.99998
v 40.95750 -4.37182 -4.06178
v 40.95750 -4.12678 -3.99905
v 41.29983 -4.35630 -4.00159
v 41.60264 -4.34232 -3.94865
v 41.29983 -4.11282 -3.94137
v 41.60264 -4.10024 -3.89063
v 41.90890 -4.55817 -3.94470
v 42.21843 -4.54191 -3.88925
v 42.42308 -4.53099 -3.85284
v 42.53109 -4.52615 -3.83056
v 41.90890 -4.32792 -3.89545
v 41.90890 -4.08727 -3.83964
v 42.21843 -4.31307 -3.84208
v 42.42308 -4.30309 -3.80704
v 42.53109 -4.29895 -3.78512
v 42.84672 -5.28274 -4.25443
v 42.84672 -5.10702 -4.27287
v 43.16515 -5.25976 -4.18696
v 43.16515 -5.08598 -4.20530
v 42.84672 -4.91461 -4.28977
v 43.16515 -4.89561 -4.22229
v 43.48622 -4.87591 -4.15509
v 43.48622 -5.23607 -4.11975
v 43.48622 -5.06423 -4.13800
v 42.84672 -5.29028 -3.88445
v 42.84672 -5.11566 -3.86368
v 43.16515 -5.26735 -3.81806
v 43.48622 -5.24366 -3.75203
v 43.16515 -5.09458 -3.79750
v 42.84672 -4.92705 -3.83721
v 42.84672 -4.72547 -3.80456
v 43.16515 -4.90789 -3.77142
v 43.80977 -5.21166 -4.05287
v 43.88866 -5.20563 -4.03669
v 43.80977 -5.04177 -4.07105
v 43.88866 -5.03620 -4.05486
v 44.13562 -5.33746 -3.96761
v 44.13562 -5.18669 -3.98596
v 44.46363 -5.30988 -3.90146
v 44.46363 -5.16103 -3.91942
v 43.80977 -4.85550 -4.08824
v 43.88866 -4.85044 -4.07207
v 44.13562 -5.01883 -4.00391
v 44.13562 -4.83472 -4.02103
v 44.46363 -4.81333 -3.95411
v 44.46363 -4.99524 -3.93712
v 42.84672 -4.70735 -4.30283
v 42.84672 -4.48573 -4.31266
v 43.16515 -4.69045 -4.23567
v 43.48622 -4.67287 -4.16877
v 43.16515 -4.47102 -4.24597
v 43.48622 -4.45564 -4.17954
v 42.84672 -4.25098 -4.31846
v 43.16515 -4.23852 -4.25244
v 43.48622 -4.22542 -4.18665
v 42.84672 -4.51163 -3.76604
v 43.80977 -4.65458 -4.10223
v 43.88866 -4.65004 -4.08614
v 43.80977 -4.43959 -4.11345
v 43.88866 -4.43559 -4.09747
v 44.13562 -4.63606 -4.03513
v 44.46363 -4.61696 -3.96825
v 44.13562 -4.42343 -4.04659
v 44.46363 -4.40674 -3.97988
v 43.80977 -4.21167 -4.12119
v 43.88866 -4.20824 -4.10535
v 44.13562 -4.19796 -4.05472
v 44.46363 -4.18378 -3.98832
v 43.48622 -5.07273 -3.73171
v 43.48622 -4.88798 -3.70606
v 43.80977 -5.21922 -3.68645
v 43.88866 -5.21317 -3.67061
v 43.80977 -5.05012 -3.66641
v 43.88866 -5.04452 -3.65065
v 44.13562 -5.19427 -3.62087
v 44.46363 -5.31898 -3.57205
v 44.46363 -5.16864 -3.55575
v 43.80977 -4.86729 -3.64122
v 43.88866 -4.86215 -3.62557
v 44.13562 -5.02712 -3.60098
v 44.13562 -4.84631 -3.57609
v 44.46363 -5.00343 -3.53600
v 44.46363 -4.82468 -3.51141
v 43.16515 -4.70825 -3.73948
v 43.48622 -4.69027 -3.67484
v 43.16515 -4.49639 -3.70187
v 43.48622 -4.48042 -3.63815
v 42.84672 -4.28645 -3.72166
v 43.16515 -4.27326 -3.65856
v 43.48622 -4.25934 -3.59591
v 43.80977 -4.67154 -3.61073
v 43.88866 -4.66687 -3.59526
v 43.80977 -4.46369 -3.57497
v 43.88866 -4.45952 -3.55973
v 44.13562 -4.65263 -3.54617
v 44.46363 -4.63312 -3.48201
v 44.13562 -4.44692 -3.51115
v 44.46363 -4.42960 -3.44768
v 43.80977 -4.24470 -3.53380
v 43.88866 -4.24103 -3.51881
v 44.13562 -4.23015 -3.47085
v 44.46363 -4.21510 -3.40819
v 44.79361 -5.78008 -3.75912
v 44.79361 -5.76965 -3.76092
v 44.79361 -5.73836 -3.76640
v 44.79361 -5.68644 -3.77533
v 44.79361 -5.61420 -3.78740
v 44.79361 -5.52201 -3.80239
v 44.79361 -5.41097 -3.81862
v 45.12540 -5.38027 -3.75400
v 44.79361 -5.87351 -3.55211
v 44.79361 -5.86411 -3.55163
v 44.79361 -5.83596 -3.55016
v 44.79361 -5.78924 -3.54756
v 45.12540 -5.74391 -3.69698
v 45.12540 -5.73364 -3.69871
v 45.12540 -5.70282 -3.70395
v 45.35678 -5.71852 -3.65390
v 45.35678 -5.70836 -3.65558
v 45.35678 -5.67787 -3.66068
v 45.45883 -5.70714 -3.63515
v 45.45883 -5.69701 -3.63681
v 45.45883 -5.66665 -3.64187
v 44.79361 -5.72420 -3.54368
v 45.12540 -5.83678 -3.48967
v 45.12540 -5.82751 -3.48916
v 45.12540 -5.79977 -3.48755
v 45.12540 -5.75371 -3.48474
v 45.12540 -5.68959 -3.48059
v 45.35678 -5.81098 -3.44643
v 45.35678 -5.80181 -3.44589
v 45.35678 -5.77433 -3.44421
v 45.45883 -5.79941 -3.42763
v 45.45883 -5.79027 -3.42708
v 45.45883 -5.76291 -3.42539
v 45.35678 -5.72872 -3.44130
v 45.35678 -5.66522 -3.43702
v 45.45883 -5.71749 -3.42246
v 45.12540 -5.65169 -3.71247
v 45.12540 -5.58055 -3.72399
v 45.35678 -5.62726 -3.66897
v 45.45883 -5.61627 -3.65008
v 45.35678 -5.55686 -3.68017
v 45.45883 -5.54617 -3.66119
v 45.12540 -5.48975 -3.73834
v 45.35678 -5.46698 -3.69413
v 45.45883 -5.45667 -3.67503
v 45.35678 -5.35857 -3.70947
v 45.45883 -5.34871 -3.69028
v 44.79361 -5.64119 -3.53833
v 44.79361 -5.54099 -3.53055
v 44.79361 -5.42392 -3.52052
v 45.12540 -5.60773 -3.47497
v 45.12540 -5.50885 -3.46699
v 45.35678 -5.58412 -3.43127
v 45.45883 -5.65423 -3.41817
v 45.45883 -5.57345 -3.41242
v 45.12540 -5.39329 -3.45681
v 45.35678 -5.48614 -3.42321
v 45.45883 -5.47584 -3.40438
v 45.35678 -5.37161 -3.41297
v 45.45883 -5.36174 -3.39419
v 45.79372 -5.66960 -3.57387
v 45.79372 -5.76126 -3.36623
v 45.79372 -5.75224 -3.36568
v 45.79372 -5.72523 -3.36399
v 45.79372 -5.68039 -3.36105
v 45.79372 -5.65961 -3.57550
v 45.79372 -5.62967 -3.58044
v 45.79372 -5.51086 -3.59931
v 45.79372 -5.57999 -3.58846
v 45.79372 -5.42259 -3.61286
v 46.12992 -5.38794 -3.55124
v 45.79372 -5.61793 -3.35677
v 45.79372 -5.53816 -3.35107
v 45.79372 -5.44174 -3.34317
v 46.12992 -5.63166 -3.51278
v 46.12992 -5.59227 -3.51926
v 46.12992 -5.62181 -3.51438
v 46.12992 -5.54325 -3.52717
v 46.12992 -5.47504 -3.53786
v 46.12992 -5.72267 -3.30510
v 46.12992 -5.71376 -3.30456
v 46.12992 -5.68708 -3.30291
v 46.12992 -5.64279 -3.30003
v 46.12992 -5.58110 -3.29585
v 46.12992 -5.50230 -3.29030
v 46.12992 -5.40702 -3.28264
v 46.46724 -5.59333 -3.45190
v 46.46724 -5.58361 -3.45350
v 46.46724 -5.55445 -3.45835
v 46.46724 -5.50606 -3.46623
v 46.80552 -5.51625 -3.39776
v 46.80552 -5.55464 -3.39131
v 46.80552 -5.54504 -3.39291
v 46.46724 -5.43873 -3.47688
v 46.46724 -5.35274 -3.49022
v 46.80552 -5.46847 -3.40565
v 46.80552 -5.40198 -3.41632
v 47.14458 -5.42967 -3.34571
v 47.14458 -5.36405 -3.35638
v 46.46724 -5.68367 -3.24427
v 46.46724 -5.67486 -3.24376
v 46.46724 -5.64850 -3.24218
v 46.46724 -5.60473 -3.23944
v 46.46724 -5.54376 -3.23546
v 46.80552 -5.64427 -3.18376
v 46.80552 -5.63557 -3.18328
v 46.80552 -5.60951 -3.18181
v 46.80552 -5.56624 -3.17925
v 46.80552 -5.50598 -3.17551
v 46.46724 -5.46587 -3.23017
v 46.46724 -5.37170 -3.22285
v 46.80552 -5.42899 -3.17053
v 47.14458 -5.51472 -3.33137
v 47.14458 -5.50525 -3.33297
v 47.14458 -5.47683 -3.33783
v 47.14458 -5.60367 -3.12393
v 47.14458 -5.59507 -3.12349
v 47.14458 -5.56933 -3.12211
v 47.14458 -5.52657 -3.11972
v 47.14458 -5.46703 -3.11621
v 47.14458 -5.39096 -3.11154
v 47.48425 -5.47463 -3.27133
v 47.48425 -5.46528 -3.27293
v 47.48425 -5.43724 -3.27778
v 47.48425 -5.39070 -3.28566
v 47.82434 -5.43453 -3.21098
v 47.82434 -5.42530 -3.21258
v 47.82434 -5.39763 -3.21743
v 47.82434 -5.35171 -3.22531
v 48.16471 -5.39413 -3.15104
v 48.16471 -5.38503 -3.15264
v 48.16471 -5.35773 -3.15749
v 47.48425 -5.56250 -3.06496
v 47.48425 -5.55400 -3.06455
v 47.48425 -5.52857 -3.06327
v 47.82434 -5.52072 -3.00708
v 47.82434 -5.51233 -3.00670
v 47.48425 -5.48633 -3.06104
v 47.48425 -5.42751 -3.05776
v 47.48425 -5.35236 -3.05339
v 47.82434 -5.48721 -3.00551
v 47.82434 -5.44550 -3.00344
v 47.82434 -5.38740 -3.00038
v 48.28794 -5.37944 -3.12946
v 48.28794 -5.37038 -3.13106
v 48.16471 -5.47867 -2.94962
v 48.16471 -5.47038 -2.94927
v 48.16471 -5.44558 -2.94817
v 48.16471 -5.40439 -2.94625
v 48.16471 -5.34702 -2.94340
v 44.79361 -5.28161 -3.83584
v 44.79361 -5.13465 -3.85345
v 45.12540 -5.25263 -3.77081
v 45.12540 -5.10756 -3.78813
v 44.79361 -4.97091 -3.87093
v 44.79361 -4.79119 -3.88782
v 45.12540 -4.94585 -3.80542
v 45.35678 -4.92803 -3.76035
v 45.12540 -4.76833 -3.82221
v 45.35678 -4.75202 -3.77709
v 45.45883 -4.74445 -3.75786
v 44.79361 -4.59714 -3.90200
v 45.12540 -4.57658 -3.83643
v 45.35678 -4.56188 -3.79134
v 45.45883 -4.55500 -3.77218
v 44.79361 -4.38934 -3.91378
v 44.79361 -4.16890 -3.92250
v 45.12540 -4.37122 -3.84836
v 45.35678 -4.35822 -3.80335
v 45.45883 -4.35206 -3.78430
v 45.12540 -4.15333 -3.85734
v 45.35678 -4.14211 -3.81250
v 45.45883 -4.13671 -3.79358
v 45.35678 -5.23210 -3.72603
v 45.45883 -5.22274 -3.70678
v 45.35678 -5.08832 -3.74317
v 45.45883 -5.07951 -3.72391
v 44.79361 -5.29076 -3.50758
v 44.79361 -5.14223 -3.49135
v 45.12540 -5.26179 -3.44384
v 45.35678 -5.24124 -3.40004
v 45.45883 -5.23184 -3.38134
v 45.12540 -5.11504 -3.42774
v 45.35678 -5.09571 -3.38407
v 45.45883 -5.08683 -3.36549
v 45.45883 -4.91981 -3.74109
v 44.79361 -4.97896 -3.47179
v 44.79361 -4.80225 -3.44753
v 45.12540 -4.95369 -3.40842
v 45.35678 -4.93569 -3.36495
v 45.45883 -4.92735 -3.34653
v 45.12540 -4.77902 -3.38453
v 45.79372 -5.31605 -3.62787
v 45.79372 -5.19168 -3.64425
v 45.79372 -5.05023 -3.66134
v 46.12992 -5.28278 -3.56612
v 46.12992 -5.15998 -3.58245
v 45.79372 -4.89248 -3.67857
v 45.79372 -4.71923 -3.69547
v 46.12992 -5.02028 -3.59956
v 46.12992 -4.86447 -3.61686
v 45.35678 -4.76242 -3.34134
v 45.45883 -4.75468 -3.32313
v 45.79372 -5.32900 -3.33319
v 45.79372 -5.20063 -3.32066
v 45.79372 -5.05728 -3.30527
v 46.12992 -5.29561 -3.27297
v 46.12992 -5.16873 -3.26085
v 45.79372 -4.89961 -3.28688
v 45.79372 -4.72886 -3.26416
v 46.12992 -5.02701 -3.24599
v 46.12992 -4.87113 -3.22822
v 44.79361 -4.61280 -3.41867
v 44.79361 -4.41148 -3.38504
v 45.12540 -4.59168 -3.35624
v 44.79361 -4.19927 -3.34638
v 45.79372 -4.53203 -3.71002
v 46.12992 -4.69333 -3.63390
v 46.12992 -4.50838 -3.64868
v 45.79372 -4.33148 -3.72245
v 45.79372 -4.11864 -3.73214
v 46.12992 -4.31024 -3.66141
v 46.12992 -4.09992 -3.67149
v 45.35678 -4.57654 -3.31345
v 45.45883 -4.56942 -3.29549
v 45.12540 -4.39256 -3.32331
v 45.35678 -4.37896 -3.28102
v 45.45883 -4.37249 -3.26335
v 45.12540 -4.18264 -3.28547
v 45.35678 -4.17064 -3.24375
v 45.45883 -4.16485 -3.22640
v 45.79372 -4.54564 -3.23735
v 46.12992 -4.70230 -3.20622
v 46.12992 -4.52111 -3.18027
v 45.79372 -4.35084 -3.20617
v 45.79372 -4.14544 -3.17028
v 46.12992 -4.32845 -3.15004
v 46.12992 -4.12530 -3.11521
v 46.46724 -5.24891 -3.50509
v 46.80552 -5.21455 -3.44460
v 46.80552 -5.31708 -3.42968
v 46.46724 -5.12764 -3.52144
v 46.80552 -5.09481 -3.46101
v 47.14458 -5.28024 -3.36975
v 47.14458 -5.17904 -3.38469
v 47.14458 -5.06084 -3.40115
v 46.46724 -4.83580 -3.55603
v 46.46724 -4.98969 -3.53862
v 46.80552 -4.95858 -3.47828
v 46.80552 -4.80661 -3.49582
v 47.14458 -4.92636 -3.41847
v 47.14458 -4.77635 -3.43610
v 47.48425 -4.89398 -3.35855
v 47.48425 -4.74592 -3.37627
v 46.46724 -5.26158 -3.21359
v 46.80552 -5.33589 -3.16361
v 46.80552 -5.22704 -3.15481
v 46.46724 -5.13615 -3.20197
v 46.80552 -5.10305 -3.14374
v 47.14458 -5.29897 -3.10500
v 47.14458 -5.19141 -3.09665
v 47.14458 -5.06888 -3.08610
v 46.46724 -4.99605 -3.18769
v 46.46724 -4.84193 -3.17060
v 46.80552 -4.96455 -3.13009
v 46.80552 -4.81219 -3.11369
v 47.14458 -4.93202 -3.07305
v 47.14458 -4.78147 -3.05733
v 47.48425 -5.32594 -3.29634
v 47.48425 -5.24323 -3.30970
v 47.82434 -5.20620 -3.24936
v 47.82434 -5.28781 -3.23598
v 47.48425 -5.14336 -3.32467
v 47.82434 -5.10765 -3.26434
v 48.16471 -5.31243 -3.16537
v 48.28794 -5.29814 -3.14378
v 48.16471 -5.24939 -3.17604
v 48.28794 -5.23541 -3.15445
v 48.16471 -5.16888 -3.18941
v 48.28794 -5.15530 -3.16782
v 48.16471 -5.07165 -3.20442
v 48.28794 -5.05855 -3.18283
v 47.48425 -5.26149 -3.04720
v 47.82434 -5.31318 -2.99628
v 47.82434 -5.22343 -2.99045
v 47.48425 -5.15523 -3.03929
v 47.48425 -5.03418 -3.02925
v 47.82434 -5.11847 -2.98295
v 48.28794 -5.34322 -3.13590
v 47.48425 -5.02670 -3.34116
v 47.82434 -4.99254 -3.28088
v 47.82434 -4.86156 -3.29833
v 47.82434 -4.71545 -3.31614
v 48.16471 -4.95808 -3.22098
v 48.28794 -4.94554 -3.19941
v 48.16471 -4.82886 -3.23849
v 48.28794 -4.81695 -3.21693
v 47.48425 -4.89897 -3.01678
v 47.82434 -4.99891 -2.97340
v 47.48425 -4.75022 -3.00171
v 47.82434 -4.86536 -2.96149
v 47.82434 -4.71844 -2.94706
v 46.46724 -4.66676 -3.57323
v 46.46724 -4.48408 -3.58823
v 46.80552 -4.63968 -3.51317
v 46.80552 -4.45925 -3.52839
v 47.14458 -4.61155 -3.45359
v 47.14458 -4.43343 -3.46898
v 46.46724 -4.28834 -3.60125
v 46.80552 -4.26593 -3.54168
v 47.14458 -4.24256 -3.48250
v 47.48425 -4.58326 -3.39387
v 47.48425 -4.40744 -3.40945
v 47.82434 -4.38141 -3.34963
v 47.48425 -4.21903 -3.42320
v 47.82434 -4.19546 -3.36361
v 46.46724 -4.67500 -3.14938
v 46.80552 -4.64716 -3.09326
v 46.46724 -4.49584 -3.12429
v 46.80552 -4.47003 -3.06905
v 47.14458 -4.61838 -3.03766
v 47.14458 -4.44333 -3.01429
v 46.46724 -4.30533 -3.09503
v 46.80552 -4.28168 -3.04074
v 46.46724 -4.10443 -3.06125
v 47.14458 -4.25718 -2.98692
v 47.82434 -4.55493 -3.33387
v 48.16471 -4.68469 -3.25639
v 48.28794 -4.67349 -3.23486
v 48.16471 -4.52631 -3.27423
v 48.28794 -4.51588 -3.25274
v 47.48425 -4.58909 -2.98279
v 47.48425 -4.41614 -2.96025
v 48.16471 -4.35509 -3.29016
v 48.28794 -4.34549 -3.26873
v 48.16471 -4.17159 -3.30437
v 48.28794 -4.16289 -3.28301
v 40.95750 -4.07369 -4.66587
v 40.95750 -3.80585 -4.64933
v 41.29983 -4.06088 -4.60509
v 41.60264 -4.04935 -4.55148
v 41.29983 -3.79476 -4.59111
v 40.95750 -3.52922 -4.62447
v 41.29983 -3.51992 -4.56891
v 40.95750 -3.24443 -4.59233
v 40.95750 -2.95287 -4.55248
v 41.60264 -3.78479 -4.53973
v 41.60264 -3.51156 -4.51984
v 41.90890 -4.03750 -4.49745
v 41.90890 -3.77453 -4.48791
v 42.21843 -4.02530 -4.44307
v 42.42308 -4.01711 -4.40726
v 42.53109 -4.01395 -4.38476
v 41.90890 -3.50295 -4.47032
v 42.21843 -3.76398 -4.43572
v 42.42308 -3.75688 -4.40133
v 42.53109 -3.75451 -4.37921
v 42.21843 -3.49408 -4.42041
v 42.42308 -3.48812 -4.38751
v 42.53109 -3.48654 -4.36582
v 40.95750 -3.87456 -3.92474
v 41.29983 -3.86205 -3.87000
v 41.60264 -3.85077 -3.82184
v 40.95750 -3.61422 -3.84304
v 41.29983 -3.60321 -3.79134
v 41.60264 -3.59328 -3.74585
v 41.90890 -3.83914 -3.77343
v 42.21843 -4.07389 -3.78848
v 42.42308 -4.06489 -3.75489
v 41.29983 -3.23696 -4.53954
v 41.60264 -3.23024 -4.49288
v 41.29983 -2.94727 -4.50254
v 41.60264 -2.94224 -4.45837
v 41.90890 -3.22332 -4.44576
v 42.21843 -3.21619 -4.39824
v 42.42308 -3.21139 -4.36689
v 42.53109 -3.21061 -4.34568
v 41.90890 -2.93705 -4.41374
v 42.21843 -2.93169 -4.36868
v 42.42308 -2.92808 -4.33894
v 42.53109 -2.92811 -4.31825
v 40.95750 -3.34700 -3.75386
v 42.84672 -4.00439 -4.31947
v 43.16515 -3.99422 -4.25431
v 43.48622 -3.98346 -4.18936
v 42.84672 -3.74724 -4.31499
v 42.84672 -3.48160 -4.30284
v 43.16515 -3.73941 -4.25088
v 43.48622 -3.73102 -4.18693
v 43.16515 -3.47615 -4.23991
v 43.48622 -3.47016 -4.17713
v 43.80977 -3.97207 -4.12469
v 43.88866 -3.96921 -4.10905
v 44.13562 -3.96087 -4.05878
v 44.46363 -3.94927 -3.99284
v 43.80977 -3.72204 -4.12324
v 43.88866 -3.71977 -4.10782
v 43.80977 -3.46364 -4.11454
v 43.88866 -3.46197 -4.09939
v 44.13562 -3.71341 -4.05805
v 44.46363 -3.70446 -3.99272
v 44.13562 -3.45763 -4.05023
v 42.84672 -3.20804 -4.28406
v 43.16515 -3.20500 -4.22247
v 43.48622 -3.20147 -4.16096
v 42.84672 -2.92793 -4.25812
v 43.16515 -2.92732 -4.19798
v 43.48622 -2.92627 -4.13788
v 43.80977 -3.19744 -4.09962
v 43.88866 -3.19638 -4.08476
v 44.46363 -3.45137 -3.98565
v 44.13562 -3.19409 -4.03629
v 44.46363 -3.19057 -3.97260
v 43.80977 -2.92477 -4.07789
v 43.88866 -2.92433 -4.06335
v 44.13562 -2.92411 -4.01569
v 44.46363 -2.92337 -3.95300
v 42.53109 -4.06145 -3.73338
v 42.21843 -3.82714 -3.72485
v 42.42308 -3.81905 -3.69295
v 42.53109 -3.81629 -3.67200
v 41.90890 -3.58303 -3.70012
v 42.21843 -3.57245 -3.65421
v 42.42308 -3.56532 -3.62407
v 42.53109 -3.56325 -3.60372
v 41.29983 -3.33754 -3.70530
v 41.60264 -3.32900 -3.66254
v 40.95750 -3.07443 -3.65662
v 41.29983 -3.06651 -3.61130
v 41.60264 -3.05937 -3.57140
v 41.90890 -3.32018 -3.61955
v 42.21843 -3.31106 -3.57640
v 42.42308 -3.30491 -3.54804
v 42.53109 -3.30354 -3.52834
v 41.90890 -3.05199 -3.53127
v 42.21843 -3.04435 -3.49097
v 42.42308 -3.03919 -3.46449
v 42.53109 -3.03851 -3.44548
v 42.84672 -4.05104 -3.67113
v 42.84672 -3.80787 -3.61135
v 43.16515 -4.03994 -3.60923
v 43.48622 -4.02816 -3.54778
v 43.16515 -3.79880 -3.55104
v 43.48622 -3.78906 -3.49116
v 42.84672 -3.55685 -3.54480
v 43.16515 -3.54984 -3.48621
v 43.48622 -3.54220 -3.42802
v 43.80977 -4.01566 -3.48687
v 43.88866 -4.01251 -3.47217
v 43.80977 -3.77865 -3.43180
v 43.88866 -3.77602 -3.41747
v 44.13562 -4.00340 -3.42493
v 44.46363 -3.99069 -3.36321
v 44.13562 -3.76864 -3.37119
v 43.80977 -3.53393 -3.37032
v 43.88866 -3.53182 -3.35640
v 44.46363 -3.75825 -3.31073
v 44.13562 -3.52621 -3.31118
v 44.46363 -3.51818 -3.25209
v 42.84672 -3.29919 -3.47128
v 43.16515 -3.29427 -3.41452
v 43.48622 -3.28876 -3.35814
v 42.84672 -3.03621 -3.39044
v 43.16515 -3.03337 -3.33568
v 43.48622 -3.02999 -3.28126
v 43.80977 -3.28266 -3.30222
v 43.88866 -3.28108 -3.28872
v 44.13562 -3.27726 -3.24465
v 44.46363 -3.27164 -3.18705
v 43.80977 -3.02606 -3.22727
v 43.88866 -3.02501 -3.21423
v 44.13562 -3.02299 -3.17144
v 44.46363 -3.01978 -3.11547
v 40.95750 -2.65595 -4.50456
v 41.29983 -2.65227 -4.45755
v 41.60264 -2.64895 -4.41593
v 40.95750 -2.35506 -4.44832
v 41.29983 -2.35332 -4.40427
v 41.60264 -2.35175 -4.36525
v 41.90890 -2.64552 -4.37384
v 42.21843 -2.64197 -4.33131
v 42.42308 -2.63957 -4.30322
v 42.53109 -2.64042 -4.28309
v 41.90890 -2.35011 -4.32575
v 42.53109 -2.34888 -4.23987
v 42.21843 -2.34839 -4.28580
v 42.42308 -2.34722 -4.25939
v 40.95750 -2.05313 -4.38045
v 41.29983 -2.05333 -4.33943
v 41.60264 -2.05350 -4.30306
v 40.95750 -1.74994 -4.30405
v 41.29983 -1.75213 -4.26605
v 41.60264 -1.75407 -4.23232
v 41.90890 -2.05365 -4.26620
v 42.21843 -2.05377 -4.22888
v 42.42308 -2.05383 -4.20419
v 42.53109 -2.05629 -4.18533
v 41.90890 -1.75603 -4.19810
v 42.21843 -1.75801 -4.16341
v 42.42308 -1.75931 -4.14043
v 42.53109 -1.76256 -4.12227
v 42.84672 -2.64263 -4.22458
v 43.16515 -2.64447 -4.16601
v 42.84672 -2.35349 -4.18309
v 43.48622 -2.64591 -4.10743
v 43.16515 -2.35778 -4.12621
v 43.48622 -2.36172 -4.06929
v 43.80977 -2.64695 -4.04892
v 43.88866 -2.64714 -4.03473
v 44.13562 -2.64901 -3.98796
v 44.46363 -2.65106 -3.92640
v 43.80977 -2.36530 -4.01237
v 43.88866 -2.36612 -3.99856
v 44.13562 -2.37007 -3.95278
v 44.46363 -2.37492 -3.89247
v 42.84672 -2.06325 -4.13045
v 43.16515 -2.06993 -4.07543
v 43.48622 -2.07633 -4.02030
v 42.84672 -1.77186 -4.06937
v 43.16515 -1.78094 -4.01628
v 43.48622 -1.78977 -3.96304
v 43.80977 -2.08242 -3.96513
v 43.88866 -2.08385 -3.95174
v 44.13562 -2.08985 -3.90709
v 44.46363 -2.09746 -3.84821
v 43.80977 -1.79836 -3.90970
v 43.88866 -1.80041 -3.89674
v 44.13562 -1.80845 -3.85330
v 44.46363 -1.81879 -3.79595
v 40.95750 -2.79831 -3.55018
v 40.95750 -2.51970 -3.43504
v 41.29983 -2.79188 -3.50837
v 41.60264 -2.78607 -3.47154
v 41.29983 -2.51481 -3.39671
v 41.60264 -2.51038 -3.36293
v 41.90890 -2.78007 -3.43448
v 42.21843 -2.77385 -3.39725
v 42.42308 -2.76965 -3.37278
v 42.53109 -2.76964 -3.35457
v 40.95750 -2.23894 -3.31322
v 41.29983 -2.23561 -3.27836
v 41.60264 -2.23261 -3.24763
v 41.90890 -2.50581 -3.32893
v 41.90890 -2.22948 -3.21668
v 42.21843 -2.50106 -3.29475
v 42.42308 -2.49784 -3.27227
v 42.53109 -2.49850 -3.25489
v 42.21843 -2.22623 -3.18555
v 42.42308 -2.22402 -3.16507
v 42.53109 -2.22535 -3.14854
v 40.95750 -1.95781 -3.18380
v 41.29983 -1.95602 -3.15253
v 41.60264 -1.95439 -3.12494
v 40.95750 -1.67746 -3.04725
v 41.29983 -1.67715 -3.01965
v 41.60264 -1.67687 -2.99528
v 41.90890 -1.95269 -3.09713
v 42.21843 -1.95091 -3.06915
v 42.42308 -1.94969 -3.05072
v 42.53109 -1.95165 -3.03511
v 41.90890 -1.67656 -2.97070
v 42.21843 -1.67621 -2.94594
v 42.84672 -2.76931 -3.30182
v 43.16515 -2.76849 -3.24931
v 43.48622 -2.76718 -3.19711
v 42.84672 -2.50013 -3.20453
v 43.16515 -2.50133 -3.15436
v 42.84672 -2.22894 -3.10064
v 43.48622 -2.50209 -3.10446
v 43.16515 -2.23216 -3.05290
v 43.48622 -2.23498 -3.00538
v 43.80977 -2.76537 -3.14529
v 43.88866 -2.76485 -3.13277
v 44.13562 -2.76459 -3.09142
v 44.46363 -2.76374 -3.03732
v 43.80977 -2.50239 -3.05490
v 43.88866 -2.50240 -3.04292
v 43.80977 -2.23740 -2.95815
v 43.88866 -2.23792 -2.94674
v 44.13562 -2.50389 -3.00311
v 44.46363 -2.50541 -2.95099
v 42.84672 -1.95714 -2.98984
v 43.16515 -1.96231 -2.94470
v 44.79361 -3.93700 -3.92745
v 45.12540 -3.92406 -3.86268
v 45.35678 -3.91468 -3.81809
v 45.45883 -3.91008 -3.79934
v 44.79361 -3.69488 -3.92789
v 45.12540 -3.68465 -3.86364
v 45.35678 -3.67717 -3.81938
v 45.45883 -3.67339 -3.80082
v 44.79361 -3.44452 -3.92153
v 44.79361 -3.18650 -3.90930
v 45.12540 -3.43706 -3.85793
v 45.35678 -3.43152 -3.81409
v 45.45883 -3.42858 -3.79577
v 45.12540 -3.18186 -3.84646
v 45.35678 -3.17830 -3.80312
v 45.45883 -3.17622 -3.78506
v 44.79361 -2.92211 -3.89064
v 45.12540 -2.92033 -3.82869
v 45.35678 -2.91879 -3.78592
v 45.45883 -2.91759 -3.76815
v 45.79372 -3.89463 -3.73841
v 46.12992 -3.87855 -3.67822
v 45.79372 -3.66064 -3.74051
v 46.12992 -3.64730 -3.68088
v 44.79361 -3.97722 -3.30233
v 45.12540 -3.96297 -3.24236
v 45.35678 -3.95262 -3.20129
v 45.45883 -3.94754 -3.18430
v 44.79361 -3.74712 -3.25107
v 44.79361 -3.50945 -3.19377
v 45.12540 -3.73525 -3.19229
v 45.35678 -3.72657 -3.15202
v 45.45883 -3.72220 -3.13545
v 45.12540 -3.50000 -3.13629
v 45.35678 -3.49303 -3.09690
v 45.45883 -3.48940 -3.08078
v 45.79372 -3.93045 -3.12934
v 46.12992 -3.91265 -3.07542
v 45.79372 -3.70748 -3.08183
v 45.79372 -3.47710 -3.02860
v 46.12992 -3.69207 -3.02921
v 46.12992 -3.46415 -2.97738
v 45.79372 -3.41860 -3.73618
v 45.79372 -3.16909 -3.72630
v 46.12992 -3.40807 -3.67721
v 46.12992 -3.16143 -3.66808
v 45.79372 -2.91334 -3.71030
v 46.12992 -2.90862 -3.65294
v 44.79361 -3.26534 -3.13018
v 45.12540 -3.25837 -3.07412
v 45.35678 -3.25312 -3.03569
v 45.45883 -3.25025 -3.02005
v 44.79361 -3.01593 -3.06020
v 45.12540 -3.01145 -3.00569
v 45.35678 -3.00795 -2.96831
v 45.45883 -3.00583 -2.95318
v 45.79372 -3.24043 -2.96940
v 46.46724 -4.08056 -3.61167
v 46.80552 -4.06071 -3.55243
v 46.46724 -3.86185 -3.61882
v 46.80552 -3.84468 -3.55998
v 47.14458 -4.03995 -3.49354
v 47.14458 -3.82664 -3.50144
v 46.46724 -3.63337 -3.62198
v 46.80552 -3.61898 -3.56360
v 47.14458 -3.60378 -3.50548
v 47.48425 -4.01902 -3.43452
v 47.82434 -3.99804 -3.37522
v 47.48425 -3.80844 -3.44277
v 47.82434 -3.79019 -3.38382
v 47.48425 -3.58843 -3.44723
v 47.82434 -3.57301 -3.38871
v 46.80552 -4.08304 -3.00801
v 46.46724 -3.89414 -3.02260
v 46.80552 -3.87511 -2.97050
v 47.14458 -4.06087 -2.95520
v 46.46724 -3.67597 -2.97765
v 48.16471 -3.97678 -3.31626
v 48.28794 -3.96901 -3.29500
v 48.16471 -3.77165 -3.32520
v 48.28794 -3.76487 -3.30407
v 48.16471 -3.55731 -3.33049
v 48.28794 -3.55156 -3.30951
v 46.46724 -3.39699 -3.61891
v 46.80552 -3.38546 -3.56109
v 46.46724 -3.15327 -3.61047
v 46.80552 -3.14468 -3.55328
v 47.14458 -3.37318 -3.50348
v 46.46724 -2.90342 -3.59610
v 46.80552 -2.89783 -3.53964
v 47.14458 -3.13540 -3.49627
v 47.14458 -2.89161 -3.48331
v 47.48425 -3.36075 -3.44574
v 47.82434 -3.34825 -3.38774
v 47.48425 -3.12596 -3.43912
v 47.82434 -3.11646 -3.38172
v 47.48425 -2.88524 -3.42684
v 47.82434 -2.87879 -3.37012
v 48.16471 -3.33547 -3.33003
v 48.28794 -3.33078 -3.30922
v 48.16471 -3.10668 -3.32460
v 48.28794 -3.10307 -3.30400
v 48.16471 -2.87207 -3.31368
v 48.28794 -2.86957 -3.29332
v 44.79361 -2.65264 -3.86511
v 45.12540 -2.65375 -3.80415
v 45.35678 -2.65423 -3.76203
v 44.79361 -2.37934 -3.83238
v 45.12540 -2.38334 -3.77254
v 44.79361 -2.10469 -3.78947
v 45.45883 -2.65391 -3.74460
v 45.35678 -2.38585 -3.73116
v 45.45883 -2.38643 -3.71408
v 45.79372 -2.65260 -3.68777
v 46.12992 -2.65085 -3.63134
v 45.79372 -2.38806 -3.65837
v 46.12992 -2.38930 -3.60298
v 44.79361 -2.76232 -2.98385
v 45.12540 -2.11154 -3.73092
v 45.35678 -2.11607 -3.69039
v 45.45883 -2.11753 -3.67371
v 44.79361 -1.82881 -3.73868
v 45.12540 -1.83850 -3.68152
v 45.35678 -1.84503 -3.64191
v 45.45883 -1.84737 -3.62566
v 45.12540 -1.56547 -3.62415
v 45.35678 -1.57398 -3.58553
v 45.45883 -1.57721 -3.56973
v 45.79372 -2.12209 -3.61924
v 46.12992 -2.12631 -3.56502
v 45.79372 -1.85486 -3.57254
v 45.79372 -1.58760 -3.51803
v 46.12992 -1.86206 -3.51957
v 46.12992 -1.59775 -3.46642
v 46.46724 -2.64866 -3.57536
v 46.80552 -2.64611 -3.51972
v 47.14458 -2.64299 -3.46416
v 46.46724 -2.39016 -3.54796
v 46.80552 -2.39067 -3.49322
v 47.14458 -2.39068 -3.43852
v 47.48425 -2.63972 -3.40846
v 47.82434 -2.63638 -3.35252
v 47.48425 -2.39054 -3.38369
v 48.16471 -2.63276 -3.29684
v 48.28794 -2.63139 -3.27676
v 47.82434 -2.39033 -3.32862
v 48.16471 -2.38985 -3.27379
v 48.28794 -2.38962 -3.25401
v 46.46724 -2.13019 -3.51108
v 46.80552 -2.13376 -3.45736
v 47.14458 -2.13689 -3.40365
v 47.14458 -1.88183 -3.36157
v 46.46724 -1.86896 -3.46680
v 46.80552 -1.87558 -3.41420
v 46.46724 -1.60765 -3.41491
v 46.80552 -1.61730 -3.36353
v 47.48425 -2.13988 -3.34980
v 47.14458 -1.62665 -3.31207
v 47.82434 -2.14280 -3.29572
v 47.48425 -1.88794 -3.30880
v 47.82434 -1.89398 -3.25581
v 48.16471 -2.14545 -3.24188
v 48.28794 -2.14635 -3.22245
v 48.16471 -1.89977 -3.20304
v 48.28794 -1.90179 -3.18399
v 47.48425 -1.63587 -3.26048
v 47.82434 -1.64502 -3.20867
v 48.16471 -1.65391 -3.15707
v 48.28794 -1.65706 -3.13845
v 33.27146 -2.90481 -2.92627
v 33.33298 -2.90146 -2.92578
v 33.40975 -2.89731 -2.92516
v 33.51702 -2.89157 -2.92427
v 33.58202 -2.88811 -2.92372
v 33.65456 -2.88427 -2.92309
v 33.73460 -2.88007 -2.92238
v 33.82209 -2.87551 -2.92158
v 33.91700 -2.87060 -2.92070
v 34.01928 -2.86536 -2.91972
v 34.12886 -2.85534 -2.92530
v 34.24570 -2.84406 -2.93226
v 34.36974 -2.83220 -2.93957
v 33.27146 -2.61357 -2.70706
v 33.33298 -2.61023 -2.70715
v 33.40975 -2.60609 -2.70724
v 33.51702 -2.60035 -2.70735
v 33.58202 -2.59690 -2.70740
v 33.65456 -2.59308 -2.70745
v 33.73460 -2.58889 -2.70748
v 33.82209 -2.58434 -2.70749
v 33.91700 -2.57946 -2.70749
v 34.01928 -2.57424 -2.70746
v 34.12886 -2.56425 -2.71413
v 34.63915 -2.51592 -2.74918
v 34.24570 -2.55300 -2.72226
v 34.36974 -2.54117 -2.73082
v 34.50091 -2.52881 -2.73980
v 34.78439 -2.50256 -2.75894
v 35.09554 -2.46196 -2.80033
v 34.93654 -2.48286 -2.77878
v 34.63915 -2.22322 -2.54056
v 34.78439 -2.20997 -2.55167
v 33.27146 -2.31997 -2.48617
v 33.33298 -2.31665 -2.48680
v 33.40975 -2.31255 -2.48757
v 33.51702 -2.30686 -2.48862
v 33.58202 -2.30344 -2.48925
v 33.65456 -2.29966 -2.48993
v 33.73460 -2.29551 -2.49067
v 33.82209 -2.29101 -2.49145
v 33.91700 -2.28617 -2.49229
v 34.01928 -2.28100 -2.49316
v 34.12886 -2.27110 -2.50082
v 34.24570 -2.25995 -2.51002
v 34.36974 -2.24824 -2.51972
v 34.50091 -2.23598 -2.52990
v 35.09554 -2.16971 -2.59611
v 34.93654 -2.19044 -2.57299
v 33.27146 -2.02370 -2.26688
v 33.33298 -2.02044 -2.26801
v 33.40975 -2.01640 -2.26942
v 33.51702 -2.01080 -2.27136
v 33.58202 -2.00744 -2.27252
v 33.65456 -2.00372 -2.27380
v 33.73460 -1.99964 -2.27520
v 33.82209 -1.99521 -2.27672
v 33.91700 -1.99046 -2.27834
v 34.12886 -1.97564 -2.28863
v 34.01928 -1.98539 -2.28006
v 34.78439 -1.91543 -2.34495
v 35.09554 -1.87572 -2.39207
v 34.93654 -1.89617 -2.36757
v 34.24570 -1.96465 -2.29879
v 34.36974 -1.95311 -2.30952
v 34.50091 -1.94104 -2.32080
v 34.63915 -1.92847 -2.33261
v 34.78439 -1.61932 -2.14092
v 35.09554 -1.58051 -2.19017
v 34.93654 -1.60050 -2.16458
v 35.43374 -2.41848 -2.84558
v 35.56254 -2.40227 -2.86259
v 35.26130 -2.44048 -2.82261
v 35.79830 -2.37343 -2.89077
v 35.99023 -2.35040 -2.91338
v 36.18847 -2.32705 -2.93643
v 35.43374 -2.12657 -2.64473
v 35.56254 -2.11049 -2.66305
v 35.26130 -2.14840 -2.62004
v 35.79830 -2.08199 -2.69365
v 35.99023 -2.05924 -2.71827
v 36.18847 -2.03616 -2.74341
v 36.39292 -2.01280 -2.76904
v 36.60346 -1.98920 -2.79511
v 36.82000 -1.96666 -2.81863
v 36.18847 -1.74430 -2.54932
v 36.39292 -1.72134 -2.57692
v 36.60346 -1.69815 -2.60505
v 36.82000 -1.67612 -2.63071
v 35.43374 -1.83318 -2.44368
v 35.56254 -1.81731 -2.46315
v 35.26130 -1.85471 -2.41745
v 35.79830 -1.78932 -2.49591
v 35.99023 -1.76697 -2.52231
v 33.27146 -1.72481 -2.05190
v 33.33298 -1.72164 -2.05349
v 33.40975 -1.71771 -2.05547
v 33.51702 -1.71227 -2.05820
v 33.58202 -1.70900 -2.05985
v 33.65456 -1.70538 -2.06167
v 33.73460 -1.70142 -2.06366
v 33.82209 -1.69712 -2.06583
v 33.91700 -1.69250 -2.06816
v 34.01928 -1.68758 -2.07064
v 34.12886 -1.67807 -2.07998
v 34.24570 -1.66735 -2.09095
v 34.36974 -1.65609 -2.10255
v 34.50091 -1.64431 -2.11475
v 34.63915 -1.63205 -2.12755
v 37.04241 -1.94400 -2.84237
v 37.27060 -1.92125 -2.86634
v 37.50443 -1.89847 -2.89048
v 37.74380 -1.87568 -2.91477
v 37.04241 -1.65399 -2.65669
v 37.27060 -1.63178 -2.68299
v 37.50443 -1.60951 -2.70958
v 37.74380 -1.58725 -2.73642
v 37.98858 -1.85294 -2.93916
v 37.98858 -1.56502 -2.76346
v 48.28794 -5.46338 -2.92893
v 48.28794 -5.45513 -2.92859
v 48.28794 -5.43044 -2.92753
v 48.28794 -5.38944 -2.92566
v 48.16471 -5.27373 -2.93958
v 48.28794 -5.33234 -2.92289
v 48.28794 -5.25938 -2.91917
v 48.16471 -5.18510 -2.93410
v 48.28794 -5.17116 -2.91380
v 48.16471 -5.08145 -2.92701
v 48.28794 -5.06799 -2.90687
v 48.16471 -4.96338 -2.91794
v 48.28794 -4.95046 -2.89797
v 48.16471 -4.83150 -2.90658
v 48.28794 -4.81918 -2.88681
v 47.82434 -4.55927 -2.92885
v 48.16471 -4.68640 -2.89278
v 48.28794 -4.67474 -2.87322
v 48.16471 -4.52920 -2.87528
v 48.28794 -4.51826 -2.85598
v 47.82434 -4.38843 -2.90711
v 47.48425 -4.23221 -2.93378
v 47.82434 -4.20674 -2.88152
v 48.16471 -4.36047 -2.85432
v 48.28794 -4.35029 -2.83530
v 48.16471 -4.18102 -2.82960
v 48.28794 -4.17165 -2.81089
v 42.42308 -1.67596 -2.92962
v 42.53109 -1.67853 -2.91498
v 44.13562 -2.24117 -2.90854
v 44.46363 -2.24504 -2.85849
v 43.48622 -1.96715 -2.89973
v 42.84672 -1.68585 -2.87251
v 43.16515 -1.69291 -2.83011
v 43.48622 -1.69969 -2.78783
v 43.80977 -1.97163 -2.85499
v 43.88866 -1.97266 -2.84417
v 44.13562 -1.97762 -2.80770
v 44.46363 -1.98380 -2.75988
v 43.80977 -1.70618 -2.74573
v 43.88866 -1.70770 -2.73554
v 44.46363 -1.72276 -2.65548
v 44.13562 -1.71432 -2.70092
v 46.12992 -3.22999 -2.91967
v 45.79372 -2.99853 -2.90418
v 46.12992 -2.99064 -2.85603
v 47.14458 -3.85536 -2.91879
v 46.80552 -3.65939 -2.92678
v 47.14458 -3.64213 -2.87627
v 47.48425 -4.03823 -2.90305
v 47.82434 -4.01510 -2.85176
v 47.48425 -3.83516 -2.86771
v 47.82434 -3.81448 -2.81746
v 48.16471 -3.99174 -2.80078
v 48.28794 -3.98323 -2.78241
v 48.16471 -3.79358 -2.76751
v 48.28794 -3.78596 -2.74951
v 47.48425 -3.62445 -2.82637
v 47.82434 -3.60631 -2.77726
v 48.16471 -3.58795 -2.72843
v 48.28794 -3.58125 -2.71084
v 46.46724 -3.45054 -2.92717
v 46.80552 -3.43647 -2.87761
v 46.46724 -3.21893 -2.87090
v 46.80552 -3.20742 -2.82275
v 47.14458 -3.42178 -2.82839
v 47.14458 -3.19537 -2.77490
v 46.46724 -2.98217 -2.80879
v 46.80552 -2.97328 -2.76212
v 47.14458 -2.96391 -2.71573
v 47.48425 -3.40670 -2.77975
v 47.82434 -3.39117 -2.73186
v 47.48425 -3.18294 -2.72760
v 47.82434 -3.17008 -2.68103
v 48.16471 -3.37542 -2.68425
v 48.28794 -3.36967 -2.66709
v 48.16471 -3.15702 -2.63471
v 48.28794 -3.15224 -2.61802
v 47.48425 -2.95418 -2.66986
v 47.82434 -2.94404 -2.62469
v 48.16471 -2.93371 -2.57975
v 48.28794 -2.92992 -2.56355
v 45.12540 -2.76030 -2.93107
v 45.35678 -2.75855 -2.89486
v 45.45883 -2.75719 -2.88028
v 45.12540 -2.50685 -2.84851
v 45.35678 -2.50683 -2.81354
v 44.79361 -2.50640 -2.89943
v 44.79361 -2.24844 -2.80894
v 45.45883 -2.50624 -2.79955
v 45.12540 -2.25134 -2.75996
v 45.35678 -2.25307 -2.72630
v 45.45883 -2.25324 -2.71292
v 45.79372 -2.75241 -2.83306
v 46.12992 -2.74709 -2.78661
v 45.79372 -2.50398 -2.75419
v 45.79372 -2.25352 -2.66950
v 46.12992 -2.50124 -2.70953
v 46.12992 -2.25337 -2.62671
v 44.79361 -1.98956 -2.71249
v 45.12540 -1.99489 -2.66559
v 45.35678 -1.99833 -2.63333
v 45.45883 -1.99926 -2.62059
v 44.79361 -1.73083 -2.61039
v 45.12540 -1.73853 -2.56570
v 45.79372 -2.00206 -2.57921
v 45.35678 -1.74366 -2.53492
v 45.45883 -1.74534 -2.52284
v 46.12992 -2.00448 -2.53836
v 45.79372 -1.75064 -2.48358
v 46.12992 -1.75561 -2.44475
v 46.46724 -2.74124 -2.74098
v 46.80552 -2.73500 -2.69588
v 47.14458 -2.72835 -2.65103
v 46.46724 -2.49802 -2.66562
v 46.80552 -2.49443 -2.62218
v 46.46724 -2.25277 -2.58458
v 46.80552 -2.25186 -2.54287
v 47.14458 -2.49052 -2.57896
v 47.48425 -2.72136 -2.60667
v 47.82434 -2.71398 -2.56296
v 47.14458 -2.25068 -2.50135
v 48.16471 -2.70642 -2.51948
v 48.28794 -2.70364 -2.50381
v 47.48425 -2.48628 -2.53620
v 47.82434 -2.48167 -2.49406
v 47.48425 -2.24921 -2.46027
v 47.82434 -2.24739 -2.41977
v 48.16471 -2.47689 -2.45213
v 48.28794 -2.47512 -2.43701
v 48.16471 -2.24540 -2.37947
v 48.28794 -2.24464 -2.36493
v 46.46724 -2.00652 -2.49808
v 46.80552 -2.00827 -2.45817
v 47.14458 -2.00984 -2.41842
v 46.46724 -1.76027 -2.40639
v 46.80552 -1.76467 -2.36834
v 47.14458 -1.76897 -2.33042
v 47.48425 -2.01113 -2.37908
v 47.82434 -2.01209 -2.34029
v 48.16471 -2.01290 -2.30167
v 48.28794 -2.01315 -2.28775
v 47.48425 -1.77301 -2.29288
v 47.82434 -1.77675 -2.25585
v 48.16471 -1.78034 -2.21898
v 48.28794 -1.78160 -2.20568
v 35.26130 -1.49984 -3.75136
v 35.43374 -1.48262 -3.77357
v 35.56254 -1.46994 -3.79007
v 35.79830 -1.44737 -3.81751
v 35.99023 -1.42937 -3.83965
v 36.18847 -1.41112 -3.86231
v 36.39292 -1.39267 -3.88546
v 36.60346 -1.37407 -3.90905
v 36.82000 -1.35612 -3.93061
v 36.60346 -1.05561 -3.76861
v 36.82000 -1.03860 -3.79185
v 33.27146 -1.26950 -3.50836
v 33.33298 -1.26912 -3.50702
v 33.40975 -1.26864 -3.50535
v 33.51702 -1.26798 -3.50305
v 33.58202 -1.26758 -3.50167
v 33.65456 -1.26713 -3.50014
v 33.73460 -1.26664 -3.49847
v 33.82209 -1.26611 -3.49666
v 33.91700 -1.26555 -3.49472
v 34.12886 -1.25934 -3.49806
v 34.01928 -1.26494 -3.49265
v 33.27146 -0.93999 -3.34379
v 34.63915 -1.55672 -3.68267
v 34.78439 -1.54822 -3.69044
v 34.93654 -1.53300 -3.70925
v 35.09554 -1.51665 -3.72991
v 34.24570 -1.25265 -3.50504
v 34.36974 -1.24561 -3.51245
v 34.93654 -1.20797 -3.55699
v 35.09554 -1.19223 -3.57872
v 34.50091 -1.23825 -3.52028
v 34.63915 -1.23058 -3.52853
v 34.78439 -1.22261 -3.53719
v 33.33298 -0.93983 -3.34277
v 33.40975 -0.93963 -3.34151
v 33.51702 -0.93937 -3.33976
v 33.58202 -0.93921 -3.33872
v 33.65456 -0.93903 -3.33756
v 33.73460 -0.93884 -3.33630
v 33.82209 -0.93864 -3.33494
v 33.91700 -0.93842 -3.33348
v 34.01928 -0.93820 -3.33193
v 34.12886 -0.93307 -3.33788
v 34.24570 -0.92687 -3.34544
v 34.36974 -0.92036 -3.35347
v 34.50091 -0.91356 -3.36195
v 34.63915 -0.90647 -3.37089
v 34.78439 -0.89912 -3.38028
v 34.93654 -0.88520 -3.40084
v 35.09554 -0.87020 -3.42337
v 33.27146 -0.61138 -3.18053
v 33.33298 -0.61147 -3.17978
v 33.40975 -0.61159 -3.17886
v 33.51702 -0.61177 -3.17759
v 33.58202 -0.61188 -3.17683
v 33.65456 -0.61201 -3.17599
v 33.73460 -0.61215 -3.17508
v 33.82209 -0.61231 -3.17409
v 33.91700 -0.61250 -3.17304
v 34.01928 -0.61270 -3.17193
v 34.12886 -0.60811 -3.17829
v 34.36974 -0.59662 -3.19475
v 34.24570 -0.60250 -3.18627
v 34.50091 -0.59047 -3.20371
v 34.63915 -0.58407 -3.21316
v 34.93654 -0.56438 -3.24412
v 35.09554 -0.55029 -3.26716
v 34.78439 -0.57744 -3.22308
v 35.26130 -1.17605 -3.60128
v 35.43374 -1.15948 -3.62466
v 35.56254 -1.14727 -3.64205
v 35.79830 -1.12568 -3.67115
v 35.99023 -1.10847 -3.69466
v 36.18847 -1.09102 -3.71876
v 36.39292 -1.07339 -3.74343
v 35.99023 -0.79070 -3.54410
v 35.26130 -0.85479 -3.44678
v 35.43374 -0.83901 -3.47105
v 35.56254 -0.82739 -3.48912
v 35.79830 -0.80698 -3.51951
v 35.79830 -0.49106 -3.36575
v 35.99023 -0.47589 -3.39109
v 36.18847 -0.77420 -3.56935
v 36.39292 -0.75754 -3.59521
v 36.82000 -0.72482 -3.64628
v 36.60346 -0.74074 -3.62167
v 36.18847 -0.46052 -3.41714
v 36.39292 -0.44500 -3.44386
v 36.60346 -0.42936 -3.47124
v 36.82000 -0.41469 -3.49689
v 35.26130 -0.53582 -3.29111
v 35.43374 -0.52100 -3.31596
v 35.56254 -0.51010 -3.33447
v 33.27146 -0.28586 -3.01776
v 33.33298 -0.28622 -3.01725
v 33.40975 -0.28668 -3.01662
v 33.51702 -0.28733 -3.01576
v 33.58202 -0.28773 -3.01524
v 33.65456 -0.28818 -3.01468
v 33.73460 -0.28868 -3.01407
v 33.82209 -0.28923 -3.01341
v 33.91700 -0.28984 -3.01271
v 34.01928 -0.29050 -3.01197
v 34.12886 -0.28650 -3.01864
v 34.50091 -0.27091 -3.04504
v 34.63915 -0.26528 -3.05485
v 34.24570 -0.28154 -3.02693
v 34.36974 -0.27634 -3.03573
v 34.78439 -0.25945 -3.06516
v 35.09554 -0.23429 -3.10979
v 34.93654 -0.24736 -3.08647
v 35.09554 0.07622 -2.95131
v 36.82000 -0.10961 -3.34395
v 35.43374 -0.20714 -3.15923
v 35.56254 -0.19704 -3.17801
v 35.79830 -0.17954 -3.20985
v 35.99023 -0.16561 -3.23567
v 35.26130 -0.22087 -3.13405
v 35.26130 0.08849 -2.97567
v 35.43374 0.10103 -3.00097
v 35.56254 0.11026 -3.01984
v 35.79830 0.12608 -3.05194
v 35.99023 0.13868 -3.07800
v 36.18847 -0.15150 -3.26224
v 36.39292 -0.13725 -3.28955
v 36.60346 -0.12290 -3.31755
v 36.60346 0.17722 -3.16082
v 36.82000 0.18901 -3.18768
v 36.18847 0.15142 -3.10485
v 36.39292 0.16428 -3.13247
v 36.18847 0.44683 -2.94523
v 36.39292 0.45818 -2.97286
v 36.60346 0.46958 -3.00125
v 36.82000 0.47974 -3.02825
v 38.49387 -1.54632 -4.19434
v 38.75412 -1.52940 -4.20858
v 37.04241 -1.33813 -3.95241
v 37.27060 -1.32013 -3.97443
v 37.50443 -1.30215 -3.99663
v 37.74380 -1.28425 -4.01896
v 37.04241 -1.02156 -3.81541
v 37.27060 -1.00451 -3.83928
v 37.50443 -0.98750 -3.86341
v 37.74380 -0.97056 -3.88776
v 38.23864 -1.24996 -4.05931
v 37.98858 -1.26646 -4.04137
v 38.49387 -1.23385 -4.07633
v 38.75412 -1.21796 -4.09317
v 37.98858 -0.95373 -3.91228
v 38.23864 -0.93835 -3.93241
v 37.74380 -0.66120 -3.74845
v 38.49387 -0.92337 -3.95171
v 38.75412 -0.90861 -3.97093
v 37.98858 -0.64550 -3.77475
v 38.23864 -0.63135 -3.79677
v 38.49387 -0.61765 -3.81804
v 38.75412 -0.60416 -3.83932
v 39.01926 -1.51272 -4.22250
v 39.28916 -1.49631 -4.23606
v 39.48938 -1.48451 -4.24573
v 39.56368 -1.48237 -4.24469
v 39.84268 -1.47454 -4.24049
v 40.12602 -1.46696 -4.23576
v 40.41355 -1.45965 -4.23048
v 40.70513 -1.45262 -4.22464
v 39.01926 -1.20231 -4.10980
v 39.28916 -1.18694 -4.12617
v 39.48938 -1.17590 -4.13794
v 39.56368 -1.17410 -4.13762
v 39.84268 -1.16759 -4.13614
v 40.12602 -1.16135 -4.13420
v 40.41355 -1.15539 -4.13176
v 40.70513 -1.14972 -4.12882
v 39.01926 -0.89411 -3.99002
v 39.28916 -0.87988 -4.00894
v 39.48938 -0.86969 -4.02263
v 39.56368 -0.86826 -4.02299
v 39.84268 -0.86313 -4.02406
v 39.01926 -0.59092 -3.86055
v 39.28916 -0.57798 -3.88171
v 39.48938 -0.56871 -3.89710
v 39.56368 -0.56768 -3.89807
v 39.84268 -0.56400 -3.90150
v 40.12602 -0.85829 -4.02473
v 40.41355 -0.85375 -4.02497
v 40.70513 -0.84953 -4.02476
v 40.12602 -0.56063 -3.90458
v 40.41355 -0.55757 -3.90730
v 40.70513 -0.55485 -3.90962
v 37.04241 -0.70887 -3.67129
v 37.27060 -0.69293 -3.69668
v 37.50443 -0.67703 -3.72241
v 37.27060 -0.38534 -3.54956
v 37.50443 -0.37071 -3.57655
v 37.74380 -0.35617 -3.60393
v 37.04241 -0.40001 -3.52299
v 38.23864 -0.32898 -3.65522
v 37.98858 -0.34174 -3.63165
v 38.49387 -0.31667 -3.67814
v 38.75412 -0.30459 -3.70116
v 39.28916 -0.28121 -3.74731
v 39.48938 -0.27297 -3.76416
v 39.56368 -0.27234 -3.76570
v 39.84268 -0.27018 -3.77127
v 40.12602 -0.26833 -3.77657
v 40.41355 -0.26681 -3.78157
v 40.70513 -0.26564 -3.78623
v 37.04241 -0.09632 -3.37087
v 37.27060 -0.08305 -3.39831
v 37.74380 -0.05670 -3.45465
v 37.50443 -0.06983 -3.42625
v 38.75412 -0.01107 -3.55703
v 37.98858 -0.04368 -3.48347
v 38.23864 -0.03242 -3.50830
v 38.49387 -0.02164 -3.53257
v 38.23864 0.25689 -3.35613
v 38.49387 0.26603 -3.38140
v 38.75412 0.27494 -3.40693
v 37.27060 0.21253 -3.24313
v 37.04241 0.20078 -3.21512
v 37.50443 0.22421 -3.27170
v 37.74380 0.23580 -3.30080
v 37.98858 0.24727 -3.33038
v 37.74380 0.51978 -3.14225
v 37.04241 0.48985 -3.05585
v 37.27060 0.49992 -3.08407
v 37.50443 0.50990 -3.11288
v 37.50443 0.78526 -2.94880
v 37.74380 0.79315 -2.97781
v 37.98858 0.52952 -3.17216
v 38.23864 0.53735 -3.19839
v 38.75412 0.55173 -3.25036
v 38.49387 0.54466 -3.22422
v 37.98858 0.80089 -3.00738
v 38.23864 0.80664 -3.03344
v 38.49387 0.81184 -3.05915
v 38.75412 0.81680 -3.08519
v 39.01926 -0.29276 -3.72423
v 39.01926 -0.00076 -3.58162
v 39.28916 0.00927 -3.60631
v 39.48938 0.01641 -3.62440
v 39.56368 0.01661 -3.62645
v 39.84268 0.01719 -3.63394
v 39.28916 0.29197 -3.45861
v 39.01926 0.28359 -3.43268
v 39.48938 0.29790 -3.47764
v 39.56368 0.29766 -3.48012
v 39.84268 0.29657 -3.48924
v 40.70513 0.01693 -3.65508
v 40.12602 0.01745 -3.64124
v 40.41355 0.01737 -3.64830
v 40.12602 0.29514 -3.49822
v 40.41355 0.29337 -3.50702
v 40.70513 0.29123 -3.51560
v 40.12602 0.56275 -3.34630
v 40.41355 0.55913 -3.35638
v 40.70513 0.55513 -3.36628
v 39.01926 0.55855 -3.27677
v 39.28916 0.56507 -3.30340
v 39.56368 0.56892 -3.32578
v 39.48938 0.56965 -3.32300
v 39.84268 0.56601 -3.33609
v 39.48938 0.82885 -3.15771
v 39.56368 0.82758 -3.16064
v 39.84268 0.82262 -3.17150
v 39.01926 0.82148 -3.11153
v 39.28916 0.82586 -3.13813
v 40.12602 0.81731 -3.18230
v 40.70513 0.80555 -3.20355
v 40.41355 0.81162 -3.19300
v 39.28916 1.07471 -2.96618
v 39.48938 1.07601 -2.98541
v 39.56368 1.07417 -2.98838
v 39.84268 1.06707 -2.99940
v 40.12602 1.05960 -3.01038
v 40.41355 1.05174 -3.02129
v 40.70513 1.04347 -3.03208
v 40.95750 -1.44683 -4.21918
v 41.29983 -1.45103 -4.18415
v 41.60264 -1.45477 -4.15302
v 40.95750 -1.14513 -4.12589
v 41.29983 -1.15136 -4.09376
v 41.60264 -1.15693 -4.06517
v 41.90890 -1.45857 -4.12140
v 42.21843 -1.46243 -4.08931
v 42.42308 -1.46499 -4.06802
v 42.53109 -1.46903 -4.05057
v 41.90890 -1.16259 -4.03610
v 42.21843 -1.16836 -4.00656
v 42.42308 -1.17219 -3.98694
v 42.53109 -1.17700 -3.97022
v 40.95750 -0.84618 -4.02420
v 41.29983 -0.85447 -3.99492
v 41.60264 -0.86186 -3.96883
v 40.95750 -0.55279 -3.91127
v 41.29983 -0.56311 -3.88479
v 41.60264 -0.57230 -3.86116
v 41.90890 -0.86940 -3.94227
v 42.21843 -0.87707 -3.91523
v 42.42308 -0.88217 -3.89725
v 42.53109 -0.88775 -3.88127
v 41.90890 -0.58168 -3.83707
v 42.21843 -0.59123 -3.81251
v 42.42308 -0.59759 -3.79615
v 42.53109 -0.60391 -3.78095
v 42.84672 -1.48065 -3.99971
v 43.16515 -1.49210 -3.94862
v 43.48622 -1.50337 -3.89734
v 42.84672 -1.19092 -3.92146
v 43.16515 -1.20471 -3.87243
v 43.48622 -1.21837 -3.82316
v 43.80977 -1.51443 -3.84590
v 43.88866 -1.51708 -3.83340
v 44.13562 -1.52714 -3.79123
v 43.80977 -1.23188 -3.77369
v 43.88866 -1.23514 -3.76165
v 42.84672 -0.90392 -3.83467
v 43.16515 -0.92002 -3.78775
v 41.90890 -0.29941 -3.72336
v 42.21843 -0.31081 -3.70125
v 42.42308 -0.31840 -3.68649
v 42.53109 -0.32543 -3.67210
v 43.48622 -0.93603 -3.74056
v 44.46363 -1.54019 -3.73552
v 44.13562 -1.24718 -3.72083
v 44.46363 -1.26290 -3.66684
v 43.80977 -0.95194 -3.69311
v 43.88866 -0.95579 -3.68156
v 44.13562 -0.96978 -3.64215
v 44.46363 -0.98812 -3.58998
v 42.84672 -0.62224 -3.73660
v 43.16515 -0.64056 -3.69190
v 43.48622 -0.65883 -3.64688
v 42.84672 -0.34585 -3.63008
v 43.16515 -0.36630 -3.58768
v 43.48622 -0.38676 -3.54492
v 43.80977 -0.67706 -3.60157
v 43.88866 -0.68148 -3.59053
v 44.13562 -0.69734 -3.55263
v 44.46363 -0.71819 -3.50241
v 43.80977 -0.40722 -3.50181
v 43.88866 -0.41219 -3.49130
v 44.13562 -0.42986 -3.45500
v 44.46363 -0.45314 -3.40683
v 40.95750 -0.26493 -3.78993
v 41.29983 -0.27724 -3.76622
v 41.60264 -0.28822 -3.74502
v 40.95750 0.01626 -3.66064
v 41.29983 0.00196 -3.63958
v 41.60264 -0.01078 -3.62072
v 40.95750 0.28909 -3.52274
v 41.29983 0.27279 -3.50414
v 41.60264 0.25826 -3.48745
v 41.90890 -0.02377 -3.60142
v 42.21843 -0.03701 -3.58167
v 42.42308 -0.04582 -3.56846
v 42.53109 -0.05353 -3.55489
v 41.90890 0.24346 -3.47033
v 42.21843 0.22838 -3.45276
v 42.42308 0.21834 -3.44100
v 42.53109 0.20997 -3.42823
v 40.95750 0.55140 -3.37459
v 41.29983 0.53303 -3.35809
v 41.60264 0.51666 -3.34326
v 40.95750 0.80003 -3.21244
v 41.29983 0.77947 -3.19756
v 41.60264 0.76118 -3.18417
v 41.90890 0.49999 -3.32802
v 42.21843 0.48302 -3.31235
v 42.42308 0.47173 -3.30183
v 42.53109 0.46271 -3.28983
v 41.90890 0.74256 -3.17040
v 42.21843 0.72363 -3.15622
v 42.42308 0.71105 -3.14669
v 42.53109 0.70138 -3.13539
v 42.21843 0.95161 -2.98989
v 42.42308 0.93772 -2.98119
v 42.53109 0.92745 -2.97055
v 42.84672 -0.07597 -3.51523
v 43.16515 -0.09848 -3.47516
v 43.48622 -0.12105 -3.43469
v 42.84672 0.18557 -3.39089
v 43.16515 0.16106 -3.35312
v 43.80977 -0.14367 -3.39384
v 43.88866 -0.14917 -3.38386
v 44.13562 -0.16858 -3.34921
v 43.48622 0.13644 -3.31492
v 44.46363 -0.19419 -3.30317
v 43.80977 0.11173 -3.27631
v 43.88866 0.10572 -3.26687
v 44.13562 0.08465 -3.23389
v 44.46363 0.05679 -3.19003
v 44.13562 0.32741 -3.10642
v 44.46363 0.29740 -3.06473
v 42.84672 0.43639 -3.25468
v 43.16515 0.40992 -3.21910
v 43.48622 0.38332 -3.18309
v 43.16515 0.64484 -3.06876
v 43.48622 0.61632 -3.03481
v 42.84672 0.67320 -3.10229
v 43.80977 0.35658 -3.14665
v 43.88866 0.35008 -3.13774
v 43.80977 0.58764 -3.00044
v 43.88866 0.58066 -2.99203
v 44.13562 0.55648 -2.96237
v 44.79361 -1.55297 -3.67981
v 44.79361 -1.27840 -3.61279
v 45.12540 -1.29367 -3.55872
v 45.35678 -1.30414 -3.52116
v 45.45883 -1.30823 -3.50584
v 44.79361 -1.00628 -3.53768
v 45.12540 -1.02426 -3.48529
v 45.35678 -1.03664 -3.44887
v 45.45883 -1.04158 -3.43404
v 45.79372 -1.32149 -3.45566
v 46.12992 -1.33456 -3.40548
v 45.79372 -1.05767 -3.38546
v 46.12992 -1.07361 -3.33680
v 44.79361 -0.73893 -3.45200
v 45.35678 -0.77375 -3.36624
v 45.45883 -0.77952 -3.35195
v 45.12540 -0.75953 -3.40143
v 44.79361 -0.47635 -3.35842
v 45.12540 -0.49948 -3.30978
v 45.35678 -0.51548 -3.27589
v 45.45883 -0.52206 -3.26216
v 45.79372 -0.79835 -3.30508
v 46.12992 -0.81708 -3.25806
v 45.79372 -0.54356 -3.21708
v 46.12992 -0.56500 -3.17178
v 46.12992 -0.31858 -3.07781
v 46.46724 -1.34742 -3.35533
v 46.80552 -1.36007 -3.30525
v 47.14458 -1.37248 -3.25506
v 46.46724 -1.08939 -3.28810
v 46.80552 -1.10498 -3.23942
v 47.14458 -1.12042 -3.19059
v 47.48425 -1.38478 -3.20474
v 47.82434 -1.39700 -3.15422
v 48.16471 -1.40897 -3.10388
v 48.28794 -1.41324 -3.08572
v 47.48425 -1.13574 -3.14163
v 47.82434 -1.15098 -3.09248
v 48.16471 -1.16598 -3.04351
v 48.28794 -1.17135 -3.02583
v 48.28794 -0.93337 -2.95662
v 46.46724 -0.83570 -3.21091
v 46.80552 -0.85415 -3.16374
v 47.14458 -0.87252 -3.11639
v 47.14458 -0.62885 -3.03492
v 46.46724 -0.58637 -3.12628
v 46.80552 -0.60761 -3.08070
v 46.46724 -0.34262 -3.03403
v 46.80552 -0.36657 -2.99013
v 47.14458 -0.39057 -2.94601
v 47.48425 -0.89079 -3.06892
v 47.82434 -0.90897 -3.02126
v 47.48425 -0.64999 -2.98902
v 47.82434 -0.67104 -2.94294
v 48.16471 -0.92693 -2.97377
v 44.79361 -0.21979 -3.25683
v 45.12540 -0.24535 -3.21021
v 45.35678 -0.26308 -3.17767
v 45.45883 -0.27044 -3.16453
v 45.12540 0.00101 -3.10126
v 45.35678 -0.01836 -3.07013
v 45.45883 -0.02647 -3.05759
v 44.79361 0.02890 -3.14581
v 44.79361 0.26734 -3.02267
v 45.12540 0.23724 -2.98024
v 45.35678 0.21632 -2.95058
v 45.79372 -0.29451 -3.12131
v 45.79372 -0.05302 -3.01630
v 46.12992 -0.07961 -2.97467
v 40.95750 1.03608 -3.04118
v 41.29983 1.01332 -3.02762
v 41.60264 0.99308 -3.01541
v 41.90890 0.97251 -3.00284
v 35.43374 -1.53890 -2.24416
v 35.56254 -1.52338 -2.26457
v 35.26130 -1.55996 -2.21671
v 35.79830 -1.49613 -2.29908
v 35.99023 -1.47437 -2.32694
v 36.18847 -1.45229 -2.35550
v 36.39292 -1.42992 -2.38472
v 36.60346 -1.40732 -2.41456
v 36.82000 -1.38601 -2.44202
v 36.18847 -1.16261 -2.16032
v 36.39292 -1.14099 -2.19088
v 36.82000 -1.09865 -2.25116
v 36.60346 -1.11912 -2.22216
v 33.27146 -1.42629 -1.83911
v 33.33298 -1.42323 -1.84111
v 33.40975 -1.41945 -1.84360
v 33.51702 -1.41421 -1.84705
v 33.58202 -1.41106 -1.84913
v 33.65456 -1.40758 -1.85144
v 33.73460 -1.40377 -1.85397
v 33.82209 -1.39964 -1.85673
v 33.91700 -1.39520 -1.85969
v 34.01928 -1.39047 -1.86287
v 34.12886 -1.38126 -1.87285
v 34.78439 -1.32442 -1.93764
v 35.09554 -1.28676 -1.98853
v 34.93654 -1.30616 -1.96210
v 34.36974 -1.35999 -1.89681
v 34.24570 -1.37089 -1.88450
v 34.50091 -1.34859 -1.90979
v 34.63915 -1.33673 -1.92340
v 34.78439 -1.03115 -1.73716
v 34.93654 -1.01357 -1.76221
v 35.09554 -0.99489 -1.78927
v 33.40975 -1.12216 -1.63570
v 33.51702 -1.11717 -1.63980
v 33.58202 -1.11417 -1.64227
v 33.65456 -1.11085 -1.64501
v 33.73460 -1.10722 -1.64803
v 33.27146 -1.12869 -1.63038
v 33.33298 -1.12577 -1.63275
v 33.82209 -1.10328 -1.65132
v 33.91700 -1.09906 -1.65486
v 34.01928 -1.09456 -1.65866
v 34.12886 -1.08573 -1.66918
v 34.36974 -1.06530 -1.69429
v 34.24570 -1.07576 -1.68138
v 34.50091 -1.05436 -1.70790
v 34.63915 -1.04297 -1.72219
v 33.40975 -0.82663 -1.43323
v 33.51702 -0.82192 -1.43790
v 33.58202 -0.81909 -1.44073
v 33.65456 -0.81596 -1.44386
v 33.73460 -0.81254 -1.44731
v 33.27146 -0.83278 -1.42717
v 33.33298 -0.83003 -1.42987
v 33.82209 -0.80884 -1.45108
v 33.91700 -0.80486 -1.45514
v 34.01928 -0.80063 -1.45950
v 34.12886 -0.79222 -1.47046
v 34.78439 -0.74026 -1.54101
v 35.09554 -0.70561 -1.59393
v 34.93654 -0.72346 -1.56646
v 34.36974 -0.77277 -1.49649
v 34.24570 -0.78273 -1.48310
v 34.50091 -0.76235 -1.51061
v 34.63915 -0.75151 -1.52545
v 34.63915 -0.46335 -1.33420
v 34.78439 -0.45274 -1.35019
v 35.09554 -0.41991 -1.40353
v 34.93654 -0.43683 -1.37585
v 35.43374 -1.24639 -2.04438
v 35.26130 -1.26683 -2.01597
v 35.56254 -1.23132 -2.06551
v 35.79830 -1.20500 -2.10144
v 35.99023 -1.18396 -2.13050
v 35.43374 -0.95600 -1.84650
v 35.56254 -0.94148 -1.86819
v 35.26130 -0.97569 -1.81737
v 35.79830 -0.91624 -1.90523
v 35.99023 -0.89606 -1.93523
v 35.99023 -0.61134 -1.74274
v 36.18847 -0.87557 -1.96607
v 36.39292 -0.85481 -1.99772
v 36.82000 -0.81431 -2.06044
v 36.60346 -0.83382 -2.03016
v 36.18847 -0.59184 -1.77434
v 36.39292 -0.57208 -1.80680
v 36.60346 -0.55209 -1.84012
v 36.82000 -0.53368 -1.87141
v 35.43374 -0.66843 -1.65212
v 35.56254 -0.65455 -1.67420
v 35.26130 -0.68725 -1.62249
v 35.79830 -0.63053 -1.71205
v 35.99023 -0.33084 -1.55393
v 35.43374 -0.38469 -1.46220
v 35.56254 -0.37154 -1.48449
v 35.26130 -0.40252 -1.43232
v 35.79830 -0.34892 -1.52282
v 36.18847 -0.31248 -1.58598
v 33.27146 0.03477 -2.85524
v 33.33298 0.03412 -2.85494
v 33.40975 0.03331 -2.85457
v 33.51702 0.03217 -2.85407
v 33.58202 0.03147 -2.85378
v 33.65456 0.03069 -2.85345
v 33.73460 0.02982 -2.85310
v 33.82209 0.02886 -2.85273
v 33.91700 0.02781 -2.85234
v 34.01928 0.02667 -2.85193
v 34.12886 0.03004 -2.85882
v 34.24570 0.03431 -2.86731
v 34.36974 0.03878 -2.87633
v 34.63915 0.04826 -2.89593
v 34.50091 0.04343 -2.88588
v 34.78439 0.05324 -2.90650
v 34.93654 0.06427 -2.92791
v 33.27146 0.34905 -2.69335
v 33.33298 0.34812 -2.69323
v 33.40975 0.34695 -2.69309
v 33.51702 0.34530 -2.69290
v 33.58202 0.34430 -2.69279
v 33.65456 0.34317 -2.69268
v 33.73460 0.34192 -2.69256
v 33.82209 0.34054 -2.69243
v 33.91700 0.33904 -2.69230
v 34.01928 0.33742 -2.69218
v 34.12886 0.34012 -2.69919
v 34.12886 0.64331 -2.54174
v 34.78439 0.35924 -2.74749
v 35.09554 0.37988 -2.79209
v 34.93654 0.36913 -2.76881
v 34.24570 0.34366 -2.70780
v 34.36974 0.34736 -2.71694
v 34.50091 0.35119 -2.72660
v 34.63915 0.35516 -2.73679
v 34.24570 0.64604 -2.55029
v 34.36974 0.64887 -2.55936
v 34.50091 0.65179 -2.56895
v 34.63915 0.65479 -2.57905
v 34.78439 0.65787 -2.58966
v 34.93654 0.66646 -2.61056
v 35.09554 0.67583 -2.63337
v 33.73460 0.64732 -2.53459
v 33.82209 0.64549 -2.53464
v 33.91700 0.64350 -2.53469
v 34.01928 0.64135 -2.53475
v 33.27146 0.65682 -2.53445
v 33.33298 0.65557 -2.53446
v 33.40975 0.65401 -2.53448
v 33.51702 0.65181 -2.53451
v 33.58202 0.65048 -2.53453
v 33.65456 0.64898 -2.53456
v 33.27146 0.95522 -2.37650
v 33.33298 0.95366 -2.37661
v 33.40975 0.95170 -2.37676
v 33.51702 0.94895 -2.37696
v 33.58202 0.94728 -2.37708
v 33.65456 0.94540 -2.37722
v 33.73460 0.94332 -2.37737
v 33.82209 0.94104 -2.37754
v 33.91700 0.93856 -2.37773
v 34.01928 0.93587 -2.37793
v 34.12886 0.93707 -2.38482
v 34.24570 0.93895 -2.39321
v 34.36974 0.94088 -2.40211
v 34.50091 0.94285 -2.41151
v 34.63915 0.94486 -2.42141
v 34.93654 0.95412 -2.45211
v 35.09554 0.96204 -2.47426
v 34.78439 0.94689 -2.43181
v 35.43374 0.40215 -2.84151
v 35.56254 0.41042 -2.86031
v 35.26130 0.39089 -2.81633
v 35.79830 0.42444 -2.89236
v 35.99023 0.43558 -2.91840
v 35.99023 0.72382 -2.75727
v 35.26130 0.68542 -2.65713
v 35.56254 0.70238 -2.70024
v 35.43374 0.69520 -2.68181
v 35.79830 0.71434 -2.73170
v 36.18847 0.73337 -2.78363
v 36.39292 0.74297 -2.81078
v 36.82000 0.76088 -2.86529
v 36.60346 0.75259 -2.83868
v 35.79830 -0.07357 -1.33640
v 35.99023 -0.05679 -1.36755
v 36.39292 -0.29387 -1.61896
v 36.60346 -0.27504 -1.65283
v 36.82000 -0.25789 -1.68478
v 36.18847 -0.03975 -1.39967
v 36.39292 -0.02248 -1.43274
v 36.60346 -0.00502 -1.46674
v 36.82000 0.01068 -1.49892
v 37.74380 -1.29998 -2.55589
v 38.23864 -1.54442 -2.78601
v 38.49387 -1.52421 -2.80775
v 38.75412 -1.50413 -2.82947
v 37.98858 -1.27845 -2.58523
v 38.23864 -1.25868 -2.61017
v 38.75412 -1.22008 -2.65873
v 38.49387 -1.23932 -2.63441
v 37.04241 -1.36459 -2.46990
v 37.27060 -1.34309 -2.49820
v 37.50443 -1.32154 -2.52687
v 37.50443 -1.03669 -2.34118
v 37.74380 -1.01595 -2.37213
v 37.04241 -1.07808 -2.28066
v 37.27060 -1.05741 -2.31068
v 37.98858 -0.99524 -2.40349
v 38.23864 -0.97640 -2.43060
v 38.49387 -0.95798 -2.45712
v 38.75412 -0.93968 -2.48383
v 37.50443 -0.75523 -2.15484
v 37.74380 -0.73545 -2.18744
v 38.23864 -0.69788 -2.24957
v 37.98858 -0.71569 -2.22055
v 38.49387 -0.68051 -2.27811
v 38.75412 -0.66326 -2.30694
v 39.01926 -1.48421 -2.85114
v 39.28916 -1.46448 -2.87275
v 39.48938 -1.45020 -2.88847
v 39.56368 -1.44736 -2.88953
v 39.84268 -1.43689 -2.89332
v 39.01926 -1.20101 -2.68311
v 39.28916 -1.18213 -2.70751
v 39.48938 -1.16847 -2.72534
v 39.56368 -1.16590 -2.72718
v 39.84268 -1.15646 -2.73388
v 40.12602 -1.42660 -2.89684
v 40.41355 -1.41650 -2.90010
v 40.70513 -1.40661 -2.90309
v 40.12602 -1.14722 -2.74040
v 40.41355 -1.13818 -2.74671
v 40.70513 -1.12937 -2.75282
v 39.48938 -0.89060 -2.55748
v 39.56368 -0.88831 -2.56006
v 39.84268 -0.87992 -2.56959
v 40.12602 -0.87174 -2.57901
v 40.41355 -0.86378 -2.58829
v 40.70513 -0.85606 -2.59743
v 39.01926 -0.92154 -2.51069
v 39.28916 -0.90359 -2.53769
v 39.28916 -0.62924 -2.36534
v 39.56368 -0.61501 -2.39018
v 39.48938 -0.61700 -2.38690
v 39.01926 -0.64616 -2.33602
v 39.84268 -0.60773 -2.40235
v 39.01926 -0.37581 -2.16006
v 39.28916 -0.36008 -2.19132
v 39.48938 -0.34871 -2.21436
v 39.56368 -0.34704 -2.21826
v 39.84268 -0.34097 -2.23278
v 40.12602 -0.60067 -2.41449
v 40.70513 -0.58726 -2.43854
v 40.41355 -0.59384 -2.42656
v 40.12602 -0.33514 -2.24733
v 40.41355 -0.32955 -2.26187
v 40.70513 -0.32423 -2.27639
v 37.04241 -0.79470 -2.09132
v 37.27060 -0.77500 -2.12279
v 37.27060 -0.49658 -1.93599
v 37.50443 -0.47792 -1.96927
v 37.74380 -0.45924 -2.00319
v 37.04241 -0.51518 -1.90336
v 37.98858 -0.44057 -2.03770
v 38.23864 -0.42395 -2.06830
v 38.49387 -0.40778 -2.09852
v 38.75412 -0.39172 -2.12911
v 37.04241 0.76910 -2.89251
v 37.27060 0.77723 -2.92035
v 37.27060 -0.22333 -1.75086
v 37.50443 -0.20596 -1.78498
v 37.74380 -0.18857 -1.81979
v 38.75412 -0.12651 -1.95033
v 37.98858 -0.17119 -1.85527
v 38.23864 -0.15595 -1.88701
v 38.49387 -0.14117 -1.91845
v 38.49387 0.11666 -1.73556
v 38.75412 0.12969 -1.76816
v 37.04241 -0.24065 -1.71745
v 37.27060 0.04228 -1.56557
v 37.74380 0.07401 -1.63522
v 37.50443 0.05814 -1.60003
v 37.04241 0.02645 -1.53185
v 37.04241 0.28684 -1.35058
v 37.27060 0.30102 -1.38422
v 37.74380 0.32939 -1.45377
v 37.50443 0.31521 -1.41862
v 37.98858 0.08985 -1.67111
v 38.23864 0.10350 -1.70345
v 38.49387 0.36674 -1.55448
v 38.75412 0.37795 -1.58733
v 37.98858 0.34351 -1.48964
v 38.23864 0.35538 -1.52215
v 38.23864 0.59915 -1.34468
v 38.49387 0.60854 -1.37679
v 38.75412 0.61775 -1.40943
v 39.01926 -0.11200 -1.98263
v 39.28916 -0.09768 -2.01532
v 39.48938 -0.08734 -2.03943
v 39.56368 -0.08604 -2.04384
v 39.84268 -0.08136 -2.06026
v 39.01926 0.14255 -1.80122
v 39.28916 0.15521 -1.83470
v 39.48938 0.16433 -1.85943
v 39.56368 0.16521 -1.86420
v 39.84268 0.16833 -1.88203
v 40.12602 -0.07693 -2.07676
v 40.41355 -0.07276 -2.09330
v 40.70513 -0.06887 -2.10986
v 40.70513 0.17604 -1.93605
v 40.12602 0.17119 -1.89997
v 40.41355 0.17377 -1.91798
v 40.41355 0.41133 -1.74118
v 40.70513 0.41183 -1.76027
v 39.28916 0.39978 -1.65443
v 39.01926 0.38897 -1.62065
v 39.48938 0.40753 -1.67938
v 39.56368 0.40796 -1.68441
v 39.84268 0.40937 -1.70321
v 39.01926 0.62676 -1.44255
v 39.28916 0.63553 -1.47612
v 39.48938 0.64177 -1.50093
v 39.56368 0.64171 -1.50610
v 39.84268 0.64128 -1.52546
v 39.84268 0.86341 -1.35000
v 40.12602 0.41050 -1.72214
v 40.12602 0.64055 -1.54496
v 40.41355 0.63949 -1.56457
v 40.70513 0.63809 -1.58425
v 40.12602 0.86071 -1.36969
v 40.41355 0.85767 -1.38950
v 40.70513 0.85426 -1.40938
v 33.33298 -0.53704 -1.23353
v 33.40975 -0.53386 -1.23725
v 33.51702 -0.52948 -1.24242
v 33.58202 -0.52685 -1.24555
v 33.65456 -0.52394 -1.24903
v 33.73460 -0.52075 -1.25287
v 33.27146 -0.53960 -1.23054
v 33.82209 -0.51731 -1.25705
v 33.91700 -0.51361 -1.26157
v 34.01928 -0.50968 -1.26642
v 34.12886 -0.50176 -1.27771
v 34.24570 -0.49280 -1.29069
v 34.36974 -0.48340 -1.30444
v 34.50091 -0.47358 -1.31894
v 33.27146 -0.25083 -1.04038
v 33.33298 -0.24848 -1.04360
v 33.40975 -0.24558 -1.04761
v 33.58202 -0.23916 -1.05657
v 33.51702 -0.24156 -1.05319
v 33.65456 -0.23650 -1.06033
v 33.73460 -0.23359 -1.06448
v 33.82209 -0.23044 -1.06900
v 33.91700 -0.22707 -1.07389
v 34.01928 -0.22348 -1.07916
v 34.12886 -0.21611 -1.09064
v 34.50091 -0.18989 -1.13243
v 34.63915 -0.18037 -1.14791
v 34.78439 -0.17050 -1.16416
v 34.93654 -0.15562 -1.18974
v 35.09554 -0.13980 -1.21731
v 34.24570 -0.20778 -1.10379
v 34.36974 -0.19903 -1.11772
v 34.36974 0.08046 -0.93917
v 34.50091 0.08885 -0.95395
v 34.63915 0.09758 -0.96951
v 35.09554 0.13499 -1.03838
v 34.78439 0.10663 -0.98584
v 34.93654 0.12037 -1.01114
v 33.27146 0.03353 -0.85932
v 33.33298 0.03564 -0.86272
v 33.40975 0.03825 -0.86696
v 33.65456 0.04638 -0.88044
v 33.73460 0.04898 -0.88483
v 33.51702 0.04184 -0.87287
v 33.58202 0.04400 -0.87645
v 33.82209 0.05179 -0.88963
v 33.91700 0.05481 -0.89483
v 34.01928 0.05802 -0.90042
v 34.12886 0.06477 -0.91198
v 33.27146 0.31302 -0.68914
v 33.33298 0.31485 -0.69268
v 33.40975 0.31713 -0.69709
v 33.58202 0.32214 -0.70696
v 33.51702 0.32026 -0.70324
v 33.65456 0.32421 -0.71111
v 33.73460 0.32647 -0.71569
v 33.82209 0.32892 -0.72069
v 33.91700 0.33154 -0.72611
v 34.24570 0.07243 -0.92518
v 34.01928 0.33432 -0.73195
v 34.12886 0.34040 -0.74348
v 33.27146 0.58635 -0.53026
v 33.33298 0.58790 -0.53387
v 33.40975 0.58981 -0.53838
v 33.51702 0.59243 -0.54469
v 33.58202 0.59401 -0.54850
v 33.73460 0.59763 -0.55746
v 33.65456 0.59574 -0.55276
v 33.82209 0.59967 -0.56259
v 33.91700 0.60186 -0.56816
v 34.12886 0.60953 -0.58553
v 34.01928 0.60417 -0.57416
v 34.24570 0.34731 -0.75659
v 34.36974 0.35455 -0.77050
v 34.50091 0.36211 -0.78519
v 34.63915 0.36998 -0.80067
v 34.93654 0.39062 -0.84171
v 35.09554 0.40391 -0.86839
v 34.78439 0.37812 -0.81692
v 34.63915 0.63561 -0.64184
v 34.24570 0.61562 -0.59843
v 34.36974 0.62202 -0.61212
v 34.50091 0.62869 -0.62659
v 34.78439 0.64278 -0.65785
v 34.93654 0.65394 -0.68192
v 35.09554 0.66580 -0.70781
v 34.93654 0.90854 -0.53112
v 35.09554 0.91890 -0.55604
v 35.26130 -0.12354 -1.24600
v 35.56254 -0.09457 -1.29804
v 35.43374 -0.10686 -1.27581
v 35.79830 0.19597 -1.15625
v 35.99023 0.21132 -1.18716
v 35.26130 0.15000 -1.06674
v 35.43374 0.16540 -1.09621
v 35.56254 0.17675 -1.11821
v 36.39292 0.24267 -1.25188
v 36.18847 0.22689 -1.21904
v 36.60346 0.25861 -1.28566
v 36.82000 0.27271 -1.31773
v 35.56254 0.44185 -0.94661
v 35.79830 0.45913 -0.98396
v 35.99023 0.47291 -1.01434
v 36.82000 0.52763 -1.14280
v 36.18847 0.48688 -1.04567
v 36.39292 0.50101 -1.07796
v 36.60346 0.51528 -1.11118
v 36.60346 0.76395 -0.94393
v 36.82000 0.77442 -0.97478
v 35.26130 0.41756 -0.89617
v 35.43374 0.43155 -0.92505
v 35.26130 0.67798 -0.73478
v 35.56254 0.69961 -0.78376
v 35.43374 0.69044 -0.76282
v 35.99023 0.72689 -0.84966
v 35.79830 0.71480 -0.82010
v 35.56254 0.94836 -0.62916
v 35.26130 0.92952 -0.58200
v 35.43374 0.94038 -0.60900
v 35.79830 0.96135 -0.66422
v 36.18847 0.73913 -0.88016
v 36.39292 0.75150 -0.91159
v 33.27146 0.85153 -0.38175
v 33.33298 0.85277 -0.38541
v 33.40975 0.85429 -0.38997
v 33.51702 0.85638 -0.39635
v 33.58202 0.85763 -0.40021
v 33.65456 0.85901 -0.40452
v 33.73460 0.86051 -0.40928
v 34.12886 0.87025 -0.43734
v 33.82209 0.86212 -0.41449
v 33.91700 0.86384 -0.42013
v 34.01928 0.86567 -0.42622
v 34.24570 0.87550 -0.44993
v 34.36974 0.88099 -0.46329
v 34.63915 0.89266 -0.49229
v 34.50091 0.88672 -0.47741
v 34.78439 0.89880 -0.50793
v 37.04241 0.53998 -1.17519
v 37.27060 0.55235 -1.20837
v 37.50443 0.56469 -1.24232
v 37.74380 0.57700 -1.27701
v 37.27060 0.79528 -1.03877
v 37.04241 0.78487 -1.00638
v 37.50443 0.80565 -1.07190
v 37.74380 0.81593 -1.10577
v 37.98858 0.58922 -1.31243
v 37.98858 0.82611 -1.14034
v 38.23864 0.83396 -1.17195
v 38.75412 0.84831 -1.23547
v 38.49387 0.84124 -1.20345
v 39.01926 0.85515 -1.26796
v 39.28916 0.86174 -1.30090
v 39.48938 0.86637 -1.32523
v 39.56368 0.86579 -1.33046
v 33.27146 1.24245 -2.21907
v 33.33298 1.24057 -2.21926
v 33.40975 1.23821 -2.21950
v 33.51702 1.23491 -2.21983
v 33.58202 1.23290 -2.22002
v 33.65456 1.23065 -2.22024
v 33.73460 1.22816 -2.22048
v 33.82209 1.22542 -2.22074
v 33.91700 1.22244 -2.22103
v 34.01928 1.21922 -2.22133
v 34.12886 1.21964 -2.22803
v 34.36974 1.22166 -2.24481
v 34.50091 1.22266 -2.25392
v 34.63915 1.22364 -2.26352
v 34.24570 1.22065 -2.23617
v 34.78439 1.22460 -2.27359
v 34.93654 1.23040 -2.29313
v 35.09554 1.23682 -2.31443
v 35.09554 1.49922 -2.15476
v 35.56254 0.98436 -2.53917
v 35.79830 0.99415 -2.56975
v 35.99023 1.00187 -2.59460
v 36.39292 1.01738 -2.64659
v 36.18847 1.00962 -2.62021
v 36.60346 1.02511 -2.67371
v 36.82000 1.03143 -2.69962
v 35.26130 0.97012 -2.49733
v 35.43374 0.97834 -2.52129
v 35.43374 1.24993 -2.35965
v 35.56254 1.25473 -2.37684
v 35.79830 1.26227 -2.40625
v 35.99023 1.26817 -2.43015
v 35.26130 1.24333 -2.33661
v 35.26130 1.50411 -2.17586
v 35.43374 1.50902 -2.19778
v 35.56254 1.51258 -2.21413
v 35.79830 1.51779 -2.24212
v 35.99023 1.52180 -2.26485
v 36.18847 1.27404 -2.45478
v 36.39292 1.27987 -2.48014
v 36.60346 1.28563 -2.50621
v 36.82000 1.28990 -2.53115
v 36.82000 1.53545 -2.36087
v 36.18847 1.52574 -2.28827
v 36.39292 1.52958 -2.31237
v 36.60346 1.53331 -2.33714
v 36.39292 1.76625 -2.14528
v 36.60346 1.76787 -2.16850
v 36.82000 1.76784 -2.19076
v 33.33298 1.51531 -2.06327
v 33.40975 1.51257 -2.06356
v 33.27146 1.51751 -2.06302
v 33.51702 1.50871 -2.06397
v 33.58202 1.50636 -2.06421
v 33.65456 1.50374 -2.06448
v 33.73460 1.50083 -2.06477
v 33.82209 1.49764 -2.06509
v 33.91700 1.49417 -2.06543
v 34.01928 1.49042 -2.06580
v 34.12886 1.49004 -2.07223
v 34.36974 1.49023 -2.08831
v 34.24570 1.49016 -2.08004
v 34.50091 1.49024 -2.09704
v 34.63915 1.49018 -2.10622
v 34.78439 1.49004 -2.11586
v 34.93654 1.49437 -2.13447
v 33.33298 1.77768 -1.91067
v 33.27146 1.78019 -1.91041
v 33.40975 1.77453 -1.91099
v 33.51702 1.77012 -1.91143
v 33.58202 1.76744 -1.91169
v 33.65456 1.76444 -1.91197
v 33.73460 1.76112 -1.91228
v 34.01928 1.74922 -1.91333
v 34.12886 1.74803 -1.91943
v 33.82209 1.75747 -1.91261
v 33.91700 1.75351 -1.91296
v 33.27146 2.02785 -1.75919
v 33.33298 2.02503 -1.75944
v 33.40975 2.02149 -1.75975
v 33.51702 2.01653 -1.76017
v 33.58202 2.01352 -1.76041
v 33.65456 2.01014 -1.76068
v 33.73460 2.00641 -1.76096
v 33.82209 2.00232 -1.76127
v 33.91700 1.99786 -1.76159
v 34.01928 1.99305 -1.76192
v 34.12886 1.99103 -1.76758
v 34.50091 1.74535 -1.94287
v 34.63915 1.74422 -1.95153
v 34.78439 1.74296 -1.96061
v 35.09554 1.74900 -1.99722
v 34.93654 1.74577 -1.97813
v 34.24570 1.74724 -1.92681
v 34.36974 1.74635 -1.93462
v 34.36974 1.98745 -1.78169
v 34.24570 1.98932 -1.77444
v 34.50091 1.98541 -1.78933
v 34.63915 1.98319 -1.79736
v 35.09554 1.98359 -1.83971
v 34.78439 1.98079 -1.80576
v 34.93654 1.98204 -1.82201
v 34.01928 2.22128 -1.61273
v 34.12886 2.21845 -1.61792
v 34.50091 2.20993 -1.63783
v 34.63915 2.20664 -1.64516
v 34.24570 2.21583 -1.62420
v 34.36974 2.21299 -1.63084
v 34.78439 2.20311 -1.65282
v 34.93654 2.20280 -1.66772
v 35.09554 2.20270 -1.68393
v 35.43374 1.75538 -2.03768
v 35.56254 1.75764 -2.05304
v 35.26130 1.75221 -2.01708
v 35.79830 1.76045 -2.07935
v 35.99023 1.76252 -2.10069
v 35.26130 1.98507 -1.85811
v 35.56254 1.98736 -1.89140
v 35.43374 1.98644 -1.87718
v 35.79830 1.98770 -1.91572
v 35.99023 1.98777 -1.93544
v 35.79830 2.19950 -1.75342
v 35.99023 2.19758 -1.77140
v 36.18847 1.76446 -2.12267
v 36.18847 1.98765 -1.95573
v 36.39292 1.98733 -1.97659
v 36.60346 1.98678 -1.99799
v 36.82000 1.98451 -2.01850
v 36.18847 2.19542 -1.78989
v 36.39292 2.19299 -1.80887
v 36.82000 2.18581 -1.84698
v 36.60346 2.19029 -1.82833
v 35.26130 2.20244 -1.70077
v 35.43374 2.20202 -1.71822
v 35.56254 2.20161 -1.73120
v 33.27146 2.25978 -1.61039
v 33.33298 2.25665 -1.61062
v 33.40975 2.25274 -1.61089
v 33.51702 2.24725 -1.61126
v 33.58202 2.24391 -1.61147
v 33.65456 2.24018 -1.61170
v 33.73460 2.23605 -1.61195
v 33.82209 2.23153 -1.61220
v 33.91700 2.22660 -1.61246
v 33.27146 2.47515 -1.46476
v 33.33298 2.47173 -1.46495
v 33.40975 2.46746 -1.46517
v 33.51702 2.46146 -1.46546
v 33.58202 2.45782 -1.46563
v 33.65456 2.45375 -1.46580
v 33.73460 2.44924 -1.46598
v 33.82209 2.44431 -1.46617
v 33.91700 2.43893 -1.46635
v 34.01928 2.43313 -1.46653
v 34.12886 2.42949 -1.47121
v 34.24570 2.42598 -1.47687
v 34.36974 2.42220 -1.48285
v 34.50091 2.41814 -1.48914
v 34.63915 2.41380 -1.49572
v 34.78439 2.40917 -1.50259
v 34.93654 2.40732 -1.51605
v 35.09554 2.40556 -1.53070
v 34.36974 2.61378 -1.33750
v 34.50091 2.60875 -1.34304
v 34.63915 2.60339 -1.34884
v 34.78439 2.59770 -1.35488
v 34.93654 2.59432 -1.36685
v 35.09554 2.59095 -1.37987
v 35.26130 2.40359 -1.54590
v 35.43374 2.40140 -1.56163
v 35.56254 2.39967 -1.57333
v 35.79830 2.39514 -1.59332
v 35.99023 2.39126 -1.60948
v 35.26130 2.58731 -1.39336
v 35.43374 2.58338 -1.40731
v 35.56254 2.58035 -1.41767
v 35.79830 2.57346 -1.43535
v 35.99023 2.56768 -1.44963
v 36.39292 2.38259 -1.64308
v 36.18847 2.38709 -1.62607
v 36.60346 2.37778 -1.66050
v 36.82000 2.37111 -1.67719
v 36.82000 2.53939 -1.50923
v 36.18847 2.56154 -1.46426
v 36.39292 2.55504 -1.47925
v 36.60346 2.54816 -1.49457
v 36.82000 2.68929 -1.34253
v 37.27060 1.04371 -2.75326
v 37.50443 1.04965 -2.78098
v 37.74380 1.05543 -2.80926
v 37.04241 1.03763 -2.72614
v 37.04241 1.29400 -2.55668
v 37.27060 1.29795 -2.58279
v 37.50443 1.30171 -2.60946
v 37.74380 1.30528 -2.63669
v 38.23864 1.06457 -2.86358
v 37.98858 1.06102 -2.83809
v 38.49387 1.06754 -2.88876
v 38.75412 1.07023 -2.91427
v 37.98858 1.30862 -2.66444
v 38.23864 1.30988 -2.68903
v 38.49387 1.31052 -2.71333
v 38.75412 1.31086 -2.73795
v 38.75412 1.53799 -2.55743
v 37.04241 1.53739 -2.38514
v 37.27060 1.53913 -2.40996
v 37.74380 1.54193 -2.46117
v 37.50443 1.54065 -2.43531
v 37.98858 1.54295 -2.48753
v 38.23864 1.54184 -2.51091
v 38.49387 1.54008 -2.53401
v 37.04241 1.76755 -2.21351
v 37.27060 1.76702 -2.23677
v 37.50443 1.76622 -2.26050
v 37.74380 1.76513 -2.28471
v 38.75412 1.75142 -2.37470
v 38.49387 1.75600 -2.35283
v 37.98858 1.76376 -2.30936
v 38.23864 1.76022 -2.33123
v 38.23864 1.96250 -2.14755
v 38.49387 1.95576 -2.16731
v 38.75412 1.94862 -2.18731
v 39.01926 1.07263 -2.94009
v 39.01926 1.31088 -2.76288
v 39.28916 1.31055 -2.78807
v 39.48938 1.31009 -2.80663
v 39.56368 1.30766 -2.80956
v 39.84268 1.29836 -2.82043
v 39.01926 1.53556 -2.58112
v 39.28916 1.53276 -2.60506
v 39.48938 1.53047 -2.62270
v 39.56368 1.52744 -2.62551
v 39.84268 1.51592 -2.63595
v 40.41355 1.27858 -2.84205
v 40.70513 1.26807 -2.85273
v 40.12602 1.28867 -2.83127
v 40.12602 1.50398 -2.64636
v 40.41355 1.49162 -2.65671
v 40.70513 1.47884 -2.66697
v 39.01926 1.74646 -2.39683
v 39.28916 1.74111 -2.41918
v 39.84268 1.71953 -2.44798
v 39.48938 1.73695 -2.43564
v 39.56368 1.73331 -2.43826
v 39.84268 1.90675 -2.25400
v 39.01926 1.94108 -2.20752
v 39.28916 1.93313 -2.22792
v 39.48938 1.92704 -2.24294
v 39.56368 1.92280 -2.24528
v 40.12602 1.70532 -2.45767
v 40.41355 1.69067 -2.46730
v 40.70513 1.67558 -2.47684
v 40.12602 1.89024 -2.26267
v 40.41355 1.87329 -2.27128
v 40.70513 1.85590 -2.27981
v 37.04241 1.98193 -2.03946
v 37.27060 1.97906 -2.06085
v 37.50443 1.97587 -2.08267
v 37.74380 1.97236 -2.10489
v 37.04241 2.18096 -1.86601
v 37.27060 2.17577 -1.88541
v 37.50443 2.17023 -1.90517
v 37.74380 2.16432 -1.92528
v 37.98858 1.96852 -2.12751
v 37.98858 2.15803 -1.94572
v 38.23864 2.14955 -1.96378
v 38.49387 2.14033 -1.98157
v 38.75412 2.13069 -1.99955
v 39.01926 2.12060 -2.01769
v 39.28916 2.11008 -2.03599
v 39.48938 2.10210 -2.04944
v 39.56368 2.09727 -2.05149
v 39.84268 2.07901 -2.05907
v 40.12602 2.06028 -2.06660
v 40.41355 2.04110 -2.07407
v 40.70513 2.02145 -2.08145
v 40.12602 2.21512 -1.87097
v 40.41355 2.19380 -1.87721
v 40.70513 2.17201 -1.88336
v 37.74380 2.34046 -1.74699
v 37.98858 2.33178 -1.76514
v 38.23864 2.32091 -1.78113
v 38.49387 2.30926 -1.79684
v 38.75412 2.29717 -1.81269
v 37.04241 2.36405 -1.69418
v 37.27060 2.35658 -1.71149
v 37.27060 2.52051 -1.53931
v 37.50443 2.34872 -1.72910
v 37.50443 2.51042 -1.55470
v 37.74380 2.49988 -1.57032
v 37.04241 2.53017 -1.52414
v 37.04241 2.67802 -1.35536
v 37.27060 2.66629 -1.36839
v 37.50443 2.65409 -1.38160
v 37.74380 2.64141 -1.39498
v 37.98858 2.48889 -1.58615
v 38.23864 2.47573 -1.60002
v 38.49387 2.46177 -1.61362
v 38.75412 2.44733 -1.62732
v 37.98858 2.62826 -1.40852
v 38.23864 2.61295 -1.42032
v 38.75412 2.58021 -1.44347
v 38.49387 2.59683 -1.43187
v 39.28916 2.27158 -1.84475
v 39.01926 2.28460 -1.82866
v 39.48938 2.26176 -1.85656
v 39.56368 2.25636 -1.85829
v 39.84268 2.23598 -1.86466
v 39.01926 2.43240 -1.64110
v 39.28916 2.41699 -1.65495
v 39.84268 2.37712 -1.67166
v 39.48938 2.40542 -1.66511
v 39.56368 2.39948 -1.66650
v 39.48938 2.53228 -1.47541
v 39.56368 2.52587 -1.47651
v 39.84268 2.50172 -1.48056
v 39.01926 2.56309 -1.45513
v 39.28916 2.54547 -1.46683
v 40.12602 2.35427 -1.67675
v 40.41355 2.33094 -1.68176
v 40.70513 2.30714 -1.68669
v 40.12602 2.47707 -1.48454
v 40.41355 2.45194 -1.48843
v 40.70513 2.42634 -1.49225
v 35.99023 0.97168 -0.69273
v 35.99023 1.20747 -0.54626
v 36.39292 0.99261 -0.75249
v 36.60346 1.00317 -0.78370
v 36.82000 1.01168 -0.81352
v 36.18847 0.98210 -0.72216
v 36.18847 1.21595 -0.57431
v 36.39292 1.22447 -0.60322
v 36.60346 1.23300 -0.63297
v 36.82000 1.23942 -0.66143
v 33.27146 1.10930 -0.24716
v 33.33298 1.11019 -0.25080
v 33.40975 1.11130 -0.25534
v 33.51702 1.11281 -0.26169
v 33.58202 1.11370 -0.26554
v 33.65456 1.11469 -0.26984
v 33.73460 1.11576 -0.27459
v 33.82209 1.11691 -0.27978
v 33.91700 1.11813 -0.28542
v 34.01928 1.11941 -0.29150
v 34.12886 1.12317 -0.30224
v 33.33298 1.35854 -0.12955
v 33.40975 1.35920 -0.13402
v 33.51702 1.36010 -0.14026
v 33.58202 1.36062 -0.14405
v 33.73460 1.36182 -0.15297
v 33.65456 1.36120 -0.14829
v 33.82209 1.36248 -0.15809
v 33.91700 1.36317 -0.16365
v 34.12886 1.36679 -0.17993
v 34.01928 1.36389 -0.16965
v 34.50091 1.13673 -0.34086
v 34.63915 1.14161 -0.35522
v 34.78439 1.14664 -0.37031
v 34.93654 1.15486 -0.39238
v 35.09554 1.16360 -0.41609
v 34.24570 1.12750 -0.31437
v 34.36974 1.13202 -0.32725
v 34.63915 1.38111 -0.23052
v 34.24570 1.37016 -0.19150
v 34.36974 1.37368 -0.20380
v 34.50091 1.37733 -0.21680
v 34.78439 1.38498 -0.24493
v 35.09554 1.39871 -0.28809
v 34.93654 1.39163 -0.26575
v 33.27146 1.35800 -0.12598
v 34.78439 1.61280 -0.13214
v 34.93654 1.61784 -0.15159
v 35.09554 1.62321 -0.17243
v 33.40975 1.59688 -0.02625
v 33.51702 1.59715 -0.03233
v 33.58202 1.59729 -0.03602
v 33.65456 1.59744 -0.04014
v 33.73460 1.59760 -0.04469
v 33.27146 1.59651 -0.01844
v 33.33298 1.59668 -0.02191
v 33.27146 1.82443 0.07415
v 33.33298 1.82422 0.07082
v 33.40975 1.82394 0.06666
v 33.51702 1.82354 0.06083
v 33.58202 1.82329 0.05729
v 33.73460 1.82266 0.04896
v 33.65456 1.82299 0.05334
v 33.82209 1.59775 -0.04968
v 33.91700 1.59789 -0.05510
v 34.01928 1.59802 -0.06096
v 34.12886 1.60003 -0.07069
v 33.82209 1.82228 0.04417
v 33.91700 1.82185 0.03895
v 34.01928 1.82137 0.03332
v 34.12886 1.82246 0.02422
v 33.27146 2.04191 0.14968
v 33.33298 2.04129 0.14655
v 33.40975 2.04052 0.14263
v 33.51702 2.03941 0.13714
v 33.58202 2.03874 0.13380
v 33.65456 2.03798 0.13007
v 33.73460 2.03713 0.12594
v 33.82209 2.03619 0.12142
v 33.91700 2.03515 0.11650
v 34.01928 2.03402 0.11118
v 34.12886 2.03416 0.10281
v 34.24570 1.60242 -0.08163
v 34.36974 1.60491 -0.09324
v 34.50091 1.60748 -0.10554
v 34.63915 1.61011 -0.11851
v 34.24570 1.82384 0.01402
v 34.36974 1.82526 0.00317
v 34.50091 1.82671 -0.00831
v 34.63915 1.82817 -0.02042
v 34.78439 1.82964 -0.03316
v 34.93654 1.83303 -0.05109
v 35.09554 1.83666 -0.07030
v 34.50091 2.03509 0.07296
v 34.63915 2.03533 0.06183
v 34.78439 2.03552 0.05012
v 35.09554 2.03903 0.01645
v 34.93654 2.03721 0.03386
v 34.24570 2.03450 0.09345
v 34.36974 2.03481 0.08350
v 35.26130 1.17256 -0.44079
v 35.56254 1.18840 -0.48566
v 35.43374 1.18169 -0.46648
v 35.79830 1.19904 -0.51908
v 35.43374 1.41329 -0.33559
v 35.56254 1.41867 -0.35367
v 35.79830 1.42690 -0.38522
v 35.99023 1.43338 -0.41089
v 35.26130 1.40594 -0.31137
v 36.18847 1.43986 -0.43737
v 36.39292 1.44633 -0.46466
v 36.60346 1.45276 -0.49274
v 36.82000 1.45704 -0.51965
v 35.56254 1.63824 -0.23363
v 35.26130 1.62868 -0.19415
v 35.43374 1.63421 -0.21675
v 35.56254 1.84662 -0.12672
v 35.79830 1.64400 -0.26312
v 35.99023 1.64849 -0.28710
v 35.79830 1.84988 -0.15395
v 35.99023 1.85234 -0.17610
v 36.39292 1.65732 -0.33736
v 36.60346 1.66161 -0.36360
v 36.82000 1.66372 -0.38877
v 36.18847 1.65294 -0.31186
v 36.18847 1.85471 -0.19895
v 36.39292 1.85696 -0.22250
v 36.60346 1.85909 -0.24673
v 36.82000 1.85899 -0.27000
v 36.60346 2.04506 -0.14375
v 36.82000 2.04272 -0.16491
v 35.26130 1.84031 -0.09033
v 35.43374 1.84398 -0.11116
v 35.56254 2.04378 -0.03472
v 35.26130 2.04082 -0.00171
v 35.43374 2.04256 -0.02060
v 35.79830 2.04446 -0.05945
v 35.99023 2.04484 -0.07957
v 36.18847 2.04508 -0.10034
v 36.39292 2.04516 -0.12174
v 36.39292 2.22227 -0.03747
v 36.18847 2.22442 -0.01842
v 36.60346 2.21990 -0.05708
v 36.82000 2.21529 -0.07596
v 33.27146 2.67260 -1.32202
v 33.33298 2.66891 -1.32216
v 33.40975 2.66430 -1.32232
v 33.51702 2.65783 -1.32251
v 33.58202 2.65390 -1.32262
v 33.65456 2.64950 -1.32272
v 33.73460 2.64464 -1.32283
v 33.27146 2.85036 -1.18111
v 33.33298 2.84642 -1.18118
v 33.40975 2.84149 -1.18126
v 33.51702 2.83459 -1.18134
v 33.58202 2.83039 -1.18138
v 33.65456 2.82570 -1.18141
v 33.73460 2.82051 -1.18142
v 33.82209 2.63932 -1.32293
v 33.91700 2.63352 -1.32301
v 34.01928 2.62726 -1.32309
v 34.12886 2.62285 -1.32721
v 33.82209 2.81483 -1.18142
v 33.91700 2.80865 -1.18140
v 34.12886 2.79682 -1.18491
v 34.01928 2.80197 -1.18136
v 34.24570 2.61848 -1.33222
v 34.24570 2.79162 -1.18924
v 34.36974 2.78604 -1.19379
v 34.63915 2.77376 -1.20354
v 34.50091 2.78008 -1.19856
v 34.78439 2.76704 -1.20872
v 34.93654 2.76220 -1.21915
v 35.09554 2.75726 -1.23050
v 33.27146 3.00643 -1.04044
v 33.33298 3.00226 -1.04044
v 33.40975 2.99705 -1.04043
v 33.51702 2.98975 -1.04039
v 33.58202 2.98532 -1.04035
v 33.65456 2.98037 -1.04029
v 33.73460 2.97489 -1.04021
v 33.82209 2.96889 -1.04011
v 33.91700 2.96237 -1.03998
v 34.01928 2.95532 -1.03982
v 34.12886 2.94948 -1.04278
v 34.24570 2.94349 -1.04641
v 34.36974 2.93708 -1.05021
v 34.50091 2.93026 -1.05419
v 34.63915 2.92301 -1.05834
v 34.78439 2.91535 -1.06264
v 34.93654 2.90909 -1.07150
v 35.09554 2.90265 -1.08114
v 35.09554 3.02850 -0.93578
v 33.27146 3.14205 -0.90362
v 33.33298 3.13768 -0.90355
v 33.40975 3.13222 -0.90345
v 33.51702 3.12458 -0.90329
v 33.58202 3.11994 -0.90317
v 33.65456 3.11476 -0.90303
v 33.73460 3.10902 -0.90286
v 33.82209 3.10275 -0.90266
v 33.91700 3.09593 -0.90242
v 34.01928 3.08856 -0.90215
v 34.12886 3.08208 -0.90452
v 33.40975 3.24604 -0.77015
v 33.27146 3.25623 -0.77046
v 33.33298 3.25170 -0.77033
v 33.51702 3.23812 -0.76988
v 33.58202 3.23330 -0.76970
v 33.65456 3.22793 -0.76949
v 33.73460 3.22199 -0.76924
v 33.82209 3.21548 -0.76895
v 33.91700 3.20841 -0.76862
v 34.01928 3.20079 -0.76825
v 34.12886 3.19374 -0.77007
v 33.58202 3.32495 -0.64045
v 33.65456 3.31943 -0.64018
v 33.73460 3.31333 -0.63987
v 33.27146 3.34852 -0.64146
v 33.33298 3.34386 -0.64127
v 33.40975 3.33804 -0.64103
v 33.51702 3.32989 -0.64068
v 33.82209 3.30665 -0.63952
v 33.91700 3.29940 -0.63913
v 34.01928 3.29158 -0.63868
v 34.12886 3.28404 -0.64000
v 34.24570 3.07536 -0.90745
v 34.36974 3.06819 -0.91052
v 34.50091 3.06056 -0.91372
v 34.63915 3.05248 -0.91705
v 34.50091 3.17017 -0.77718
v 34.63915 3.16134 -0.77974
v 34.78439 3.04394 -0.92050
v 34.93654 3.03636 -0.92782
v 34.78439 3.15203 -0.78239
v 34.93654 3.14324 -0.78823
v 35.09554 3.13409 -0.79460
v 34.24570 3.18637 -0.77234
v 34.36974 3.17851 -0.77471
v 34.24570 3.27611 -0.64166
v 34.36974 3.26768 -0.64340
v 34.63915 3.24926 -0.64707
v 34.50091 3.25872 -0.64521
v 34.78439 3.23928 -0.64900
v 34.93654 3.22943 -0.65349
v 35.09554 3.21915 -0.65839
v 35.26130 2.75199 -1.24224
v 35.43374 2.74638 -1.25437
v 35.56254 2.74211 -1.26338
v 35.79830 2.73295 -1.27871
v 35.99023 2.72534 -1.29107
v 36.18847 2.71732 -1.30373
v 36.39292 2.70890 -1.31667
v 36.18847 2.85269 -1.14309
v 36.39292 2.84245 -1.15399
v 36.60346 2.70006 -1.32989
v 36.60346 2.83177 -1.16510
v 36.82000 2.81911 -1.17573
v 35.99023 2.86248 -1.13241
v 35.26130 2.89582 -1.09111
v 35.43374 2.88860 -1.10139
v 35.56254 2.88314 -1.10902
v 35.43374 3.01149 -0.95248
v 35.56254 3.00492 -0.95876
v 35.26130 3.02021 -0.94400
v 35.79830 2.87183 -1.12198
v 35.79830 2.99161 -0.96941
v 35.99023 2.98064 -0.97798
v 36.18847 2.96921 -0.98674
v 36.39292 2.95730 -0.99567
v 36.60346 2.94492 -1.00477
v 36.82000 2.93054 -1.01347
v 35.26130 3.12448 -0.80117
v 35.43374 3.11440 -0.80795
v 35.56254 3.10682 -0.81296
v 35.79830 3.09171 -0.82145
v 35.99023 3.07930 -0.82827
v 35.99023 3.15829 -0.68428
v 35.26130 3.20837 -0.66345
v 35.43374 3.19710 -0.66866
v 35.56254 3.18864 -0.67252
v 35.26130 3.27210 -0.53234
v 35.56254 3.25062 -0.53900
v 35.43374 3.25982 -0.53616
v 35.79830 3.17195 -0.67903
v 35.79830 3.23261 -0.54379
v 35.99023 3.21790 -0.54765
v 36.18847 3.06639 -0.83523
v 36.39292 3.05299 -0.84234
v 36.60346 3.03909 -0.84957
v 36.82000 3.02318 -0.85649
v 36.18847 3.14411 -0.68963
v 36.39292 3.12941 -0.69509
v 36.60346 3.11421 -0.70067
v 36.82000 3.09699 -0.70601
v 36.60346 3.17064 -0.55980
v 36.82000 3.15235 -0.56381
v 36.18847 3.20266 -0.55161
v 36.39292 3.18691 -0.55566
v 33.27146 2.24940 0.20570
v 33.33298 2.24836 0.20282
v 33.40975 2.24705 0.19921
v 33.51702 2.24521 0.19416
v 33.58202 2.24408 0.19108
v 33.65456 2.24282 0.18764
v 33.73460 2.24143 0.18384
v 33.27146 2.44389 0.24562
v 33.33298 2.44241 0.24302
v 33.40975 2.44056 0.23977
v 33.51702 2.43796 0.23520
v 33.58202 2.43639 0.23243
v 33.65456 2.43462 0.22932
v 33.73460 2.43267 0.22588
v 34.01928 2.23640 0.17021
v 34.12886 2.23554 0.16267
v 33.82209 2.23989 0.17966
v 33.91700 2.23822 0.17512
v 33.82209 2.43053 0.22210
v 33.91700 2.42820 0.21799
v 34.01928 2.42568 0.21355
v 34.12886 2.42383 0.20690
v 33.27146 2.62487 0.26882
v 33.33298 2.62295 0.26653
v 33.40975 2.62056 0.26367
v 33.51702 2.61721 0.25964
v 33.58202 2.61518 0.25720
v 33.65456 2.61291 0.25445
v 33.73460 2.61040 0.25142
v 33.27146 2.79151 0.27543
v 33.33298 2.78916 0.27347
v 33.40975 2.78623 0.27101
v 33.65456 2.77688 0.26312
v 33.73460 2.77381 0.26051
v 33.51702 2.78214 0.26757
v 33.58202 2.77965 0.26547
v 33.82209 2.60765 0.24808
v 33.91700 2.60466 0.24445
v 34.01928 2.60144 0.24052
v 34.12886 2.59859 0.23480
v 33.82209 2.77046 0.25765
v 33.91700 2.76682 0.25454
v 34.01928 2.76288 0.25116
v 34.12886 2.75907 0.24638
v 34.24570 2.23477 0.15427
v 34.36974 2.23393 0.14533
v 34.50091 2.23299 0.13586
v 34.63915 2.23196 0.12586
v 34.63915 2.41550 0.17448
v 34.24570 2.42196 0.19951
v 34.36974 2.41996 0.19164
v 34.50091 2.41780 0.18330
v 34.78439 2.23083 0.11533
v 34.93654 2.23076 0.10088
v 35.09554 2.23072 0.08543
v 34.78439 2.41303 0.16520
v 34.93654 2.41122 0.15263
v 35.09554 2.40933 0.13919
v 34.36974 2.59249 0.22169
v 34.24570 2.59564 0.22845
v 34.50091 2.58913 0.21451
v 34.63915 2.58556 0.20693
v 34.24570 2.75506 0.24109
v 34.36974 2.75078 0.23545
v 34.63915 2.74144 0.22312
v 34.50091 2.74624 0.22946
v 34.78439 2.58178 0.19893
v 34.93654 2.57825 0.18826
v 35.09554 2.57455 0.17685
v 34.78439 2.73637 0.21644
v 34.93654 2.73118 0.20764
v 35.09554 2.72574 0.19824
v 33.40975 3.40834 -0.51740
v 33.27146 3.41901 -0.51790
v 33.33298 3.41426 -0.51768
v 33.51702 3.40004 -0.51699
v 33.58202 3.39501 -0.51673
v 33.65456 3.38939 -0.51643
v 33.73460 3.38318 -0.51608
v 33.27146 3.46463 -0.39565
v 33.33298 3.45984 -0.39542
v 33.40975 3.45386 -0.39512
v 33.51702 3.44550 -0.39469
v 33.58202 3.44042 -0.39442
v 33.65456 3.43476 -0.39411
v 33.73460 3.42851 -0.39376
v 33.82209 3.37639 -0.51570
v 33.91700 3.36901 -0.51526
v 34.01928 3.36106 -0.51478
v 34.12886 3.35312 -0.51566
v 33.82209 3.42167 -0.39337
v 33.91700 3.41424 -0.39294
v 34.01928 3.40623 -0.39246
v 34.12886 3.39800 -0.39295
v 33.27146 3.48722 -0.27854
v 33.33298 3.48243 -0.27831
v 33.40975 3.47645 -0.27802
v 33.51702 3.46809 -0.27760
v 33.58202 3.46302 -0.27733
v 33.65456 3.45736 -0.27704
v 33.73460 3.45112 -0.27671
v 33.27146 3.48465 -0.16366
v 33.33298 3.47992 -0.16348
v 33.40975 3.47402 -0.16325
v 33.51702 3.46578 -0.16293
v 33.58202 3.46079 -0.16274
v 33.65456 3.45521 -0.16252
v 33.73460 3.44906 -0.16227
v 33.82209 3.44429 -0.27634
v 33.91700 3.43688 -0.27593
v 34.01928 3.42889 -0.27549
v 34.12886 3.42045 -0.27566
v 33.82209 3.44234 -0.16201
v 33.91700 3.43505 -0.16172
v 34.01928 3.42719 -0.16140
v 34.12886 3.41870 -0.16141
v 34.50091 3.32637 -0.51920
v 34.63915 3.31639 -0.52046
v 34.24570 3.34474 -0.51679
v 34.36974 3.33582 -0.51797
v 34.24570 3.38927 -0.39362
v 34.36974 3.37998 -0.39432
v 34.50091 3.37015 -0.39504
v 34.63915 3.35977 -0.39578
v 34.78439 3.30588 -0.52176
v 34.93654 3.29512 -0.52504
v 35.09554 3.28387 -0.52863
v 35.09554 3.32532 -0.40117
v 34.78439 3.34886 -0.39655
v 34.93654 3.33736 -0.39874
v 34.36974 3.40192 -0.27623
v 34.24570 3.41147 -0.27594
v 34.50091 3.39183 -0.27654
v 34.63915 3.38119 -0.27686
v 34.36974 3.40001 -0.16155
v 34.24570 3.40963 -0.16148
v 34.50091 3.38985 -0.16164
v 34.63915 3.37914 -0.16175
v 34.78439 3.37000 -0.27719
v 34.93654 3.35792 -0.27845
v 35.09554 3.34526 -0.27986
v 34.78439 3.36790 -0.16188
v 34.93654 3.35551 -0.16252
v 35.09554 3.34251 -0.16327
v 33.27146 2.94254 0.26641
v 33.33298 2.93977 0.26479
v 33.40975 2.93632 0.26277
v 33.51702 2.93149 0.25992
v 33.58202 2.92856 0.25818
v 33.65456 2.92530 0.25624
v 33.73460 2.92169 0.25409
v 33.27146 3.08038 0.23685
v 33.33298 3.07719 0.23560
v 33.40975 3.07321 0.23404
v 33.51702 3.06764 0.23184
v 33.58202 3.06426 0.23050
v 33.65456 3.06049 0.22901
v 33.73460 3.05634 0.22734
v 33.82209 2.91774 0.25172
v 33.91700 2.91346 0.24914
v 34.01928 2.90884 0.24635
v 34.12886 2.90410 0.24251
v 33.91700 3.04686 0.22353
v 33.82209 3.05179 0.22552
v 33.82209 3.17002 0.18258
v 33.91700 3.16444 0.18121
v 34.01928 3.04154 0.22137
v 34.12886 3.03587 0.21849
v 34.01928 3.15844 0.17971
v 34.12886 3.15189 0.17780
v 33.27146 3.46252 -0.06066
v 33.33298 3.45786 -0.06051
v 33.40975 3.45206 -0.06033
v 33.51702 3.44395 -0.06006
v 33.58202 3.43904 -0.05991
v 33.65456 3.43356 -0.05973
v 33.73460 3.42752 -0.05954
v 33.27146 3.39629 0.04835
v 33.33298 3.39191 0.04826
v 33.40975 3.38643 0.04815
v 33.27146 3.44149 -0.00384
v 33.33298 3.43686 -0.00365
v 33.40975 3.43108 -0.00342
v 33.73460 3.40664 -0.00241
v 33.51702 3.37878 0.04799
v 33.58202 3.37415 0.04790
v 33.73460 3.36326 0.04769
v 33.65456 3.36897 0.04780
v 33.51702 3.42301 -0.00308
v 33.58202 3.41812 -0.00288
v 33.65456 3.41266 -0.00266
v 33.82209 3.42091 -0.05934
v 33.91700 3.41375 -0.05912
v 34.01928 3.40604 -0.05889
v 34.12886 3.39752 -0.05869
v 33.82209 3.40006 -0.00214
v 33.91700 3.39293 -0.00186
v 33.82209 3.35702 0.04757
v 33.91700 3.35025 0.04744
v 34.01928 3.38525 -0.00156
v 34.12886 3.37663 -0.00108
v 34.01928 3.34295 0.04729
v 34.12886 3.33482 0.04717
v 33.33298 3.30528 0.12451
v 33.40975 3.30028 0.12391
v 33.27146 3.30929 0.12499
v 33.58202 3.28906 0.12256
v 33.51702 3.29329 0.12307
v 33.65456 3.28433 0.12199
v 33.73460 3.27911 0.12136
v 33.27146 3.20233 0.19041
v 33.33298 3.19872 0.18955
v 33.40975 3.19422 0.18847
v 33.51702 3.18793 0.18695
v 33.58202 3.18411 0.18602
v 33.65456 3.17985 0.18499
v 33.73460 3.17516 0.18384
v 33.82209 3.27340 0.12067
v 33.91700 3.26721 0.11992
v 34.01928 3.26053 0.11910
v 34.12886 3.25316 0.11810
v 34.24570 2.89906 0.23826
v 34.36974 2.89371 0.23373
v 34.63915 2.88205 0.22382
v 34.50091 2.88804 0.22891
v 34.63915 3.00948 0.20449
v 34.36974 3.13745 0.17344
v 34.50091 3.12959 0.17103
v 34.63915 3.12131 0.16847
v 34.24570 3.02984 0.21531
v 34.36974 3.02342 0.21192
v 34.24570 3.14489 0.17569
v 34.50091 3.01664 0.20831
v 34.78439 2.87575 0.21843
v 34.78439 3.00195 0.20044
v 34.93654 2.86899 0.21146
v 35.09554 2.86188 0.20400
v 34.93654 2.99366 0.19528
v 35.09554 2.98495 0.18976
v 34.78439 3.11260 0.16576
v 35.09554 3.09265 0.15871
v 34.93654 3.10287 0.16236
v 34.24570 3.32611 0.04703
v 34.36974 3.31687 0.04686
v 34.50091 3.30711 0.04665
v 34.63915 3.29684 0.04641
v 34.24570 3.38840 -0.05851
v 34.36974 3.37874 -0.05835
v 34.50091 3.36854 -0.05820
v 34.63915 3.35781 -0.05807
v 34.24570 3.36740 -0.00057
v 34.36974 3.35763 -0.00007
v 34.50091 3.34732 0.00042
v 34.63915 3.33649 0.00088
v 35.09554 3.32074 -0.05820
v 34.78439 3.32515 0.00129
v 34.78439 3.28607 0.04611
v 34.93654 3.31231 0.00181
v 35.09554 3.29886 0.00224
v 34.93654 3.27390 0.04575
v 35.09554 3.26113 0.04529
v 34.78439 3.34657 -0.05799
v 34.93654 3.33396 -0.05805
v 34.24570 3.24526 0.11699
v 34.36974 3.23688 0.11581
v 34.50091 3.22803 0.11454
v 34.63915 3.21870 0.11318
v 34.78439 3.20890 0.11173
v 34.93654 3.19786 0.10994
v 35.09554 3.18626 0.10800
v 35.26130 2.23058 0.06931
v 35.43374 2.23034 0.05253
v 35.56254 2.23009 0.03999
v 35.79830 2.22812 0.01798
v 35.99023 2.22636 0.00007
v 35.99023 2.39492 0.06479
v 35.26130 2.40729 0.12516
v 35.43374 2.40508 0.11055
v 35.56254 2.40337 0.09963
v 35.79830 2.39878 0.08043
v 35.26130 2.57064 0.16493
v 35.43374 2.56650 0.15252
v 35.56254 2.56337 0.14323
v 35.56254 2.70951 0.17049
v 35.26130 2.72002 0.18842
v 35.26130 2.85445 0.19620
v 35.43374 2.71402 0.17817
v 35.43374 2.84669 0.18805
v 35.56254 2.84087 0.18193
v 35.79830 2.55622 0.12686
v 35.99023 2.55030 0.11351
v 35.99023 2.69200 0.14585
v 35.79830 2.69990 0.15693
v 35.79830 2.82893 0.17109
v 35.99023 2.81917 0.16222
v 36.18847 2.39083 0.04864
v 36.39292 2.38648 0.03198
v 36.60346 2.38187 0.01484
v 36.82000 2.37503 -0.00169
v 36.60346 2.53083 0.07082
v 36.82000 2.52183 0.05664
v 36.39292 2.53762 0.08548
v 36.18847 2.54411 0.09972
v 36.18847 2.68379 0.13439
v 36.39292 2.67524 0.12255
v 36.18847 2.80904 0.15302
v 36.39292 2.79855 0.14349
v 36.60346 2.66637 0.11033
v 36.82000 2.65528 0.09849
v 36.60346 2.78771 0.13364
v 36.82000 2.77468 0.12405
v 35.26130 3.31274 -0.40368
v 35.43374 3.29964 -0.40628
v 35.56254 3.28984 -0.40822
v 35.79830 3.27078 -0.41152
v 35.99023 3.25524 -0.41419
v 35.43374 3.31833 -0.28292
v 35.56254 3.30808 -0.28411
v 35.26130 3.32899 -0.16410
v 35.43374 3.31494 -0.16502
v 35.56254 3.30447 -0.16574
v 35.26130 3.33206 -0.28135
v 35.79830 3.28824 -0.28617
v 35.99023 3.27210 -0.28788
v 35.79830 3.28427 -0.16706
v 35.99023 3.26786 -0.16823
v 36.18847 3.23918 -0.41696
v 36.39292 3.22260 -0.41982
v 36.60346 3.20551 -0.42278
v 36.82000 3.18641 -0.42568
v 36.18847 3.25544 -0.28969
v 36.39292 3.23828 -0.29161
v 36.18847 3.25096 -0.16952
v 36.39292 3.23358 -0.17095
v 36.60346 3.22063 -0.29365
v 36.82000 3.20098 -0.29572
v 36.60346 3.21573 -0.17253
v 36.82000 3.19590 -0.17424
v 35.56254 2.95931 0.17332
v 35.26130 2.97586 0.18396
v 35.43374 2.96639 0.17789
v 35.26130 3.08199 0.15486
v 35.43374 3.07091 0.15080
v 35.56254 3.06264 0.14773
v 35.43374 3.16165 0.10370
v 35.56254 3.15231 0.10199
v 35.79830 2.94513 0.16518
v 35.99023 2.93357 0.15849
v 35.79830 3.04635 0.14220
v 35.79830 3.13411 0.09886
v 35.99023 3.03310 0.13761
v 35.99023 3.11933 0.09621
v 35.26130 3.30701 -0.05846
v 35.43374 3.29280 -0.05884
v 35.56254 3.28223 -0.05921
v 35.26130 3.24786 0.04472
v 35.26130 3.28493 0.00252
v 35.43374 3.23412 0.04402
v 35.56254 3.22390 0.04342
v 35.43374 3.27056 0.00263
v 35.56254 3.25990 0.00258
v 35.79830 3.26191 -0.06005
v 35.99023 3.24547 -0.06092
v 35.79830 3.23949 0.00215
v 35.79830 3.20419 0.04216
v 35.99023 3.22306 0.00150
v 35.99023 3.18825 0.04096
v 35.26130 3.17419 0.10592
v 36.39292 3.15508 0.03787
v 36.60346 3.17161 -0.00258
v 36.60346 3.13789 0.03594
v 36.82000 3.15229 -0.00476
v 36.82000 3.11875 0.03379
v 36.18847 2.92161 0.15152
v 36.39292 2.90926 0.14427
v 36.39292 3.00535 0.12774
v 36.18847 3.01943 0.13280
v 36.18847 3.10410 0.09337
v 36.39292 3.08844 0.09034
v 36.60346 2.89653 0.13674
v 36.60346 2.99086 0.12244
v 36.82000 2.88166 0.12937
v 36.82000 2.97427 0.11719
v 36.60346 3.07236 0.08710
v 36.82000 3.05422 0.08381
v 36.18847 3.22859 -0.06200
v 36.39292 3.21128 -0.06332
v 36.18847 3.20624 0.00052
v 36.18847 3.17187 0.03954
v 36.39292 3.18908 -0.00082
v 36.60346 3.19358 -0.06490
v 36.82000 3.17395 -0.06674
v 37.74380 1.04496 -0.94017
v 37.98858 1.05300 -0.97359
v 38.23864 1.05868 -1.00426
v 38.49387 1.06376 -1.03484
v 38.75412 1.06861 -1.06591
v 37.04241 1.02012 -0.84408
v 37.27060 1.02849 -0.87539
v 37.50443 1.03678 -0.90743
v 37.50443 1.25801 -0.75105
v 37.74380 1.26393 -0.78228
v 37.04241 1.24573 -0.69060
v 37.27060 1.25193 -0.72048
v 37.04241 1.46116 -0.54721
v 37.27060 1.46514 -0.57544
v 37.74380 1.47256 -0.63380
v 37.50443 1.46895 -0.60431
v 38.23864 1.27307 -0.84349
v 37.98858 1.26968 -0.81416
v 38.49387 1.27583 -0.87276
v 38.75412 1.27832 -0.90249
v 38.75412 1.47748 -0.74750
v 37.98858 1.47597 -0.66389
v 38.23864 1.47701 -0.69166
v 38.49387 1.47740 -0.71937
v 38.23864 1.66984 -0.54963
v 38.49387 1.66784 -0.57559
v 38.75412 1.66550 -0.60193
v 39.48938 1.08045 -1.15302
v 39.56368 1.07933 -1.15822
v 39.84268 1.07496 -1.17767
v 39.01926 1.07319 -1.09745
v 39.28916 1.07750 -1.12941
v 39.84268 1.27545 -1.00985
v 39.01926 1.28052 -0.93265
v 39.28916 1.28240 -0.96320
v 39.48938 1.28357 -0.98577
v 39.56368 1.28190 -0.99085
v 40.12602 1.07024 -1.19726
v 40.70513 1.05969 -1.23674
v 40.41355 1.06516 -1.21697
v 40.12602 1.26863 -1.02897
v 40.41355 1.26142 -1.04820
v 40.70513 1.25380 -1.06749
v 39.01926 1.47724 -0.77603
v 39.28916 1.47666 -0.80492
v 39.56368 1.47378 -0.83114
v 39.84268 1.46523 -0.84945
v 39.48938 1.47601 -0.82624
v 40.12602 1.45629 -0.86788
v 40.41355 1.44693 -0.88639
v 40.70513 1.43715 -0.90496
v 39.28916 1.65976 -0.65565
v 39.01926 1.66281 -0.62863
v 39.56368 1.65449 -0.68025
v 39.48938 1.65728 -0.67558
v 39.84268 1.64385 -0.69770
v 39.48938 1.82704 -0.53513
v 39.56368 1.82370 -0.53953
v 39.84268 1.81100 -0.55595
v 40.41355 1.62131 -0.73287
v 40.70513 1.60939 -0.75053
v 40.12602 1.63280 -0.71525
v 40.12602 1.79786 -0.57247
v 40.41355 1.78428 -0.58904
v 40.70513 1.77024 -0.60564
v 37.27060 1.66734 -0.44096
v 37.04241 1.66562 -0.41456
v 37.50443 1.66885 -0.46795
v 37.74380 1.67013 -0.49551
v 37.50443 1.85728 -0.34315
v 37.74380 1.85620 -0.36861
v 37.04241 1.85866 -0.29382
v 37.27060 1.85809 -0.31822
v 37.04241 2.04011 -0.18659
v 37.27060 2.03722 -0.20878
v 37.50443 2.03406 -0.23146
v 37.74380 2.03059 -0.25460
v 37.50443 2.19957 -0.13533
v 37.74380 2.19369 -0.15598
v 37.98858 1.67116 -0.52362
v 37.98858 1.85484 -0.39455
v 38.23864 1.85115 -0.41863
v 38.49387 1.84675 -0.44266
v 38.75412 1.84200 -0.46704
v 38.75412 2.00676 -0.34429
v 37.98858 2.02681 -0.27819
v 38.23864 2.02074 -0.30014
v 37.98858 2.18748 -0.17704
v 38.23864 2.17901 -0.19669
v 38.49387 2.01394 -0.32206
v 38.75412 2.16021 -0.23624
v 38.49387 2.16981 -0.21632
v 37.04241 2.21036 -0.09529
v 37.27060 2.20512 -0.11509
v 39.01926 1.83686 -0.49173
v 39.28916 1.83134 -0.51671
v 39.01926 1.99918 -0.36680
v 39.28916 1.99119 -0.38956
v 39.48938 1.98508 -0.40634
v 39.56368 1.98120 -0.41042
v 39.84268 1.96646 -0.42567
v 39.01926 2.15020 -0.25640
v 39.28916 2.13976 -0.27679
v 39.48938 2.13186 -0.29182
v 39.56368 2.12743 -0.29555
v 39.84268 2.11070 -0.30948
v 40.12602 1.95127 -0.44100
v 40.41355 1.93563 -0.45637
v 40.70513 1.91952 -0.47177
v 40.70513 2.05771 -0.35159
v 40.41355 2.07584 -0.33753
v 40.12602 2.09350 -0.32348
v 40.12602 2.22394 -0.22028
v 40.41355 2.20437 -0.23298
v 40.70513 2.18433 -0.24570
v 37.04241 2.80594 -1.18650
v 37.27060 2.79227 -1.19743
v 37.50443 2.77811 -1.20849
v 37.74380 2.76345 -1.21968
v 38.23864 2.73101 -1.24080
v 37.98858 2.74829 -1.23100
v 38.75412 2.69431 -1.25998
v 38.49387 2.71292 -1.25037
v 37.98858 2.85080 -1.05858
v 38.23864 2.83175 -1.06653
v 38.49387 2.81189 -1.07428
v 38.75412 2.79151 -1.08205
v 37.27060 2.90018 -1.03120
v 37.04241 2.91562 -1.02228
v 37.50443 2.88423 -1.04023
v 37.74380 2.86777 -1.04936
v 37.04241 3.00671 -0.86350
v 37.27060 2.98972 -0.87060
v 37.50443 2.97220 -0.87779
v 37.74380 2.95416 -0.88505
v 37.04241 3.07921 -0.71143
v 37.27060 3.06090 -0.71693
v 37.04241 3.13350 -0.56788
v 37.27060 3.11411 -0.57204
v 37.50443 3.04205 -0.72250
v 37.74380 3.02269 -0.72815
v 37.50443 3.09420 -0.57627
v 37.74380 3.07378 -0.58059
v 37.98858 2.93561 -0.89239
v 38.23864 2.91503 -0.89869
v 37.98858 3.00281 -0.73387
v 38.23864 2.98096 -0.73877
v 38.49387 2.89364 -0.90482
v 38.75412 2.87174 -0.91098
v 38.49387 2.95832 -0.74356
v 38.75412 2.93517 -0.74839
v 37.98858 3.05285 -0.58498
v 38.23864 3.03001 -0.58878
v 38.49387 3.00640 -0.59252
v 38.75412 2.98228 -0.59631
v 39.01926 2.67520 -1.26962
v 39.28916 2.65557 -1.27929
v 39.48938 2.64091 -1.28636
v 39.56368 2.63408 -1.28720
v 39.84268 2.60836 -1.29027
v 39.01926 2.77062 -1.08984
v 39.28916 2.74921 -1.09765
v 39.48938 2.73325 -1.10336
v 39.56368 2.72606 -1.10397
v 39.84268 2.69899 -1.10622
v 40.70513 2.52827 -1.29905
v 40.12602 2.58214 -1.29327
v 40.41355 2.55544 -1.29619
v 40.12602 2.67143 -1.10841
v 40.12602 2.74503 -0.93158
v 40.41355 2.64339 -1.11054
v 40.70513 2.61488 -1.11260
v 40.70513 2.68631 -0.93463
v 40.41355 2.71590 -0.93312
v 39.01926 2.84932 -0.91716
v 39.28916 2.82640 -0.92336
v 39.48938 2.80933 -0.92790
v 39.56368 2.80184 -0.92835
v 39.84268 2.77369 -0.92998
v 39.84268 2.83269 -0.76333
v 40.12602 2.80322 -0.76457
v 40.41355 2.77327 -0.76579
v 40.70513 2.74287 -0.76699
v 40.12602 2.84650 -0.60954
v 40.41355 2.81601 -0.61069
v 40.70513 2.78507 -0.61185
v 39.01926 2.91151 -0.75324
v 39.28916 2.88736 -0.75813
v 39.48938 2.86940 -0.76172
v 39.56368 2.86168 -0.76206
v 39.01926 2.95768 -0.60016
v 39.28916 2.93259 -0.60406
v 39.48938 2.91395 -0.60694
v 39.56368 2.90609 -0.60725
v 39.84268 2.87653 -0.60839
v 38.75412 2.30138 -0.14258
v 37.27060 2.36030 -0.03600
v 37.04241 2.36783 -0.01864
v 37.04241 2.51243 0.04210
v 37.27060 2.50268 0.02719
v 37.50443 2.35243 -0.05375
v 37.74380 2.34420 -0.07188
v 37.50443 2.49256 0.01193
v 37.74380 2.48207 -0.00367
v 37.27060 2.63192 0.07383
v 37.50443 2.61966 0.06102
v 37.74380 2.60701 0.04790
v 37.04241 2.64380 0.08633
v 37.04241 2.76122 0.11418
v 37.27060 2.74736 0.10401
v 37.27060 2.85059 0.11384
v 37.50443 2.73310 0.09356
v 37.50443 2.83444 0.10567
v 37.74380 2.71843 0.08283
v 37.74380 2.81789 0.09725
v 37.98858 2.33561 -0.09036
v 38.23864 2.32483 -0.10768
v 38.23864 2.45819 -0.03458
v 37.98858 2.47119 -0.01959
v 38.49387 2.31331 -0.12501
v 38.49387 2.44446 -0.04959
v 38.75412 2.43030 -0.06484
v 37.98858 2.59396 0.03449
v 38.23864 2.57886 0.02180
v 38.23864 2.68631 0.06133
v 37.98858 2.70336 0.07182
v 38.49387 2.56303 0.00905
v 38.49387 2.66854 0.05075
v 38.75412 2.54677 -0.00392
v 38.75412 2.65034 0.03995
v 38.49387 2.76248 0.07168
v 38.49387 2.84321 0.07419
v 38.75412 2.74249 0.06295
v 38.75412 2.82161 0.06738
v 37.98858 2.80092 0.08856
v 38.23864 2.78205 0.08018
v 37.04241 3.16675 -0.42868
v 37.27060 3.14658 -0.43177
v 37.50443 3.12590 -0.43496
v 37.74380 3.10472 -0.43826
v 37.27060 3.16012 -0.30025
v 37.27060 3.15476 -0.17817
v 37.50443 3.13895 -0.30272
v 37.74380 3.11732 -0.30533
v 37.50443 3.13351 -0.18042
v 37.74380 3.11182 -0.18287
v 37.04241 3.18080 -0.29792
v 37.04241 3.17557 -0.17611
v 37.98858 3.08305 -0.44166
v 38.23864 3.05953 -0.44469
v 38.75412 3.01054 -0.45084
v 38.49387 3.03528 -0.44772
v 37.98858 3.09523 -0.30810
v 38.23864 3.07136 -0.31071
v 37.98858 3.08971 -0.18554
v 38.23864 3.06588 -0.18823
v 38.49387 3.04678 -0.31340
v 38.75412 3.02175 -0.31624
v 38.49387 3.04138 -0.19109
v 38.75412 3.01646 -0.19417
v 37.04241 3.15389 -0.06889
v 37.27060 3.13345 -0.07137
v 37.04241 3.13264 -0.00743
v 37.04241 3.09919 0.03133
v 37.27060 3.07925 0.02854
v 37.27060 3.11271 -0.01062
v 37.50443 2.99714 0.07255
v 37.74380 2.97729 0.06830
v 37.50443 3.11263 -0.07419
v 37.74380 3.09147 -0.07739
v 37.50443 3.09253 -0.01437
v 37.50443 3.05895 0.02540
v 37.74380 3.03830 0.02187
v 37.74380 3.07211 -0.01871
v 37.04241 2.86633 0.12174
v 37.04241 2.95723 0.11170
v 37.27060 2.93976 0.10595
v 37.04241 3.03562 0.08029
v 37.27060 3.01659 0.07655
v 37.50443 2.92188 0.09995
v 37.74380 2.90359 0.09369
v 37.98858 2.95704 0.06378
v 38.23864 2.93505 0.05923
v 38.23864 2.99474 0.01378
v 37.98858 3.06998 -0.08098
v 38.23864 3.04687 -0.08483
v 38.23864 3.02935 -0.02919
v 37.98858 3.05149 -0.02369
v 37.98858 3.01734 0.01795
v 38.49387 3.00676 -0.03530
v 38.75412 2.99916 -0.09367
v 38.75412 2.98397 -0.04208
v 38.49387 2.91240 0.05447
v 38.49387 2.97156 0.00923
v 38.75412 2.88936 0.04945
v 38.75412 2.94807 0.00427
v 38.49387 3.02318 -0.08905
v 37.98858 2.88491 0.08716
v 38.23864 2.86439 0.08077
v 39.01926 2.28903 -0.16039
v 39.28916 2.27624 -0.17840
v 39.48938 2.26661 -0.19168
v 39.56368 2.26168 -0.19505
v 39.84268 2.24304 -0.20763
v 40.12602 2.34267 -0.13302
v 40.41355 2.32130 -0.14435
v 40.70513 2.29946 -0.15572
v 40.41355 2.84195 -0.46444
v 40.70513 2.81081 -0.46592
v 40.41355 2.85285 -0.33133
v 40.70513 2.82184 -0.33350
v 40.41355 2.84947 -0.21350
v 40.70513 2.81894 -0.21677
v 40.70513 2.81028 -0.13262
v 39.01926 2.41571 -0.08031
v 39.28916 2.40069 -0.09596
v 39.28916 2.51296 -0.03046
v 39.01926 2.53008 -0.01710
v 39.84268 2.36357 -0.12173
v 39.48938 2.38942 -0.10751
v 39.56368 2.38401 -0.11051
v 39.48938 2.50016 -0.04034
v 39.56368 2.49429 -0.04297
v 39.84268 2.47218 -0.05282
v 39.01926 2.63171 0.02895
v 39.28916 2.61264 0.01777
v 39.01926 2.72207 0.05401
v 39.01926 2.79961 0.06033
v 39.28916 2.70124 0.04487
v 39.28916 2.77721 0.05305
v 39.28916 2.84213 0.03863
v 39.48938 2.59844 0.00948
v 39.56368 2.59215 0.00721
v 39.48938 2.68576 0.03807
v 39.56368 2.67909 0.03613
v 39.84268 2.56850 -0.00132
v 39.84268 2.65403 0.02887
v 39.48938 2.76060 0.04759
v 39.56368 2.75360 0.04597
v 39.48938 2.82450 0.03441
v 39.56368 2.81720 0.03311
v 39.84268 2.72732 0.03986
v 39.84268 2.84755 -0.01859
v 39.84268 2.78980 0.02818
v 40.12602 2.44960 -0.06275
v 40.41355 2.42655 -0.07274
v 40.70513 2.40305 -0.08277
v 40.70513 2.49478 -0.02736
v 40.41355 2.51981 -0.01862
v 40.12602 2.54438 -0.00993
v 40.12602 2.62853 0.02150
v 40.12602 2.76198 0.02307
v 40.12602 2.70061 0.03361
v 40.12602 2.81970 -0.02455
v 40.41355 2.60258 0.01403
v 40.41355 2.67347 0.02723
v 40.70513 2.57620 0.00647
v 40.70513 2.64591 0.02074
v 40.41355 2.83939 -0.12654
v 40.41355 2.83355 -0.09255
v 40.41355 2.79149 -0.03079
v 40.70513 2.76293 -0.03728
v 40.70513 2.80622 -0.10220
v 40.41355 2.73376 0.01780
v 40.70513 2.70513 0.01238
v 39.01926 2.98533 -0.45406
v 39.28916 2.95966 -0.45738
v 39.56368 2.93269 -0.46022
v 39.48938 2.94062 -0.45987
v 39.84268 2.90290 -0.46159
v 39.01926 2.99628 -0.31924
v 39.28916 2.97039 -0.32239
v 39.01926 2.99114 -0.19746
v 39.28916 2.96542 -0.20098
v 39.48938 2.95119 -0.32479
v 39.56368 2.94328 -0.32529
v 39.84268 2.91358 -0.32722
v 39.48938 2.94637 -0.20369
v 39.56368 2.93857 -0.20444
v 39.84268 2.90930 -0.20733
v 40.12602 2.87265 -0.46299
v 40.12602 2.88343 -0.32923
v 40.12602 2.87959 -0.21035
v 39.01926 2.97483 -0.09871
v 39.01926 2.96098 -0.04953
v 39.28916 2.95019 -0.10415
v 39.28916 2.93781 -0.05766
v 39.01926 2.92426 -0.00112
v 39.01926 2.86593 0.04417
v 39.28916 2.90016 -0.00692
v 39.48938 2.93199 -0.10840
v 39.56368 2.92452 -0.10978
v 39.48938 2.92076 -0.06403
v 39.56368 2.91370 -0.06619
v 39.84268 2.89652 -0.11510
v 39.84268 2.88729 -0.07453
v 39.48938 2.88235 -0.01143
v 39.56368 2.87503 -0.01291
v 40.12602 2.86814 -0.12069
v 40.12602 2.86057 -0.08332
v 40.95750 -1.39832 -2.90543
v 41.29983 -1.39953 -2.88145
v 41.60264 -1.40061 -2.86025
v 40.95750 -1.12202 -2.75786
v 41.29983 -1.12477 -2.73740
v 41.60264 -1.12723 -2.71929
v 41.90890 -1.40171 -2.83884
v 42.21843 -1.40281 -2.81724
v 42.42308 -1.40354 -2.80299
v 42.53109 -1.40673 -2.78934
v 41.90890 -1.12976 -2.70097
v 42.21843 -1.13233 -2.68246
v 42.42308 -1.13405 -2.67022
v 42.53109 -1.13783 -2.65758
v 40.95750 -0.84966 -2.60512
v 41.29983 -0.85387 -2.58824
v 41.60264 -0.85766 -2.57327
v 41.90890 -0.86155 -2.55810
v 42.21843 -0.86554 -2.54273
v 40.95750 -0.58185 -2.44871
v 41.29983 -0.58752 -2.43536
v 41.60264 -0.59262 -2.42347
v 40.95750 -0.31990 -2.28876
v 41.29983 -0.32707 -2.27871
v 41.60264 -0.33352 -2.26973
v 42.42308 -0.86821 -2.53254
v 42.53109 -0.87255 -2.52095
v 41.90890 -0.59787 -2.41139
v 42.21843 -0.60326 -2.39910
v 42.42308 -0.60687 -2.39093
v 42.53109 -0.61174 -2.38040
v 41.90890 -0.34016 -2.26055
v 42.21843 -0.34698 -2.25116
v 42.42308 -0.35156 -2.24488
v 42.53109 -0.35696 -2.23540
v 42.84672 -1.41585 -2.74970
v 43.16515 -1.42477 -2.71009
v 43.48622 -1.43347 -2.67054
v 42.84672 -1.14871 -2.62082
v 43.16515 -1.15945 -2.58404
v 43.48622 -1.17003 -2.54728
v 43.80977 -1.44194 -2.63111
v 43.88866 -1.44396 -2.62156
v 44.13562 -1.45222 -2.58884
v 44.46363 -1.46287 -2.54584
v 43.80977 -1.18044 -2.51057
v 43.88866 -1.18294 -2.50167
v 44.13562 -1.19279 -2.47092
v 44.46363 -1.20561 -2.43044
v 44.13562 -0.93652 -2.34879
v 44.46363 -0.95141 -2.31096
v 42.84672 -0.88509 -2.48722
v 42.84672 -0.62589 -2.34974
v 43.16515 -0.89755 -2.45342
v 43.48622 -0.90992 -2.41957
v 43.16515 -0.64001 -2.31895
v 43.48622 -0.65411 -2.28805
v 42.84672 -0.37268 -2.20774
v 43.16515 -0.38843 -2.17992
v 43.48622 -0.40422 -2.15193
v 43.80977 -0.92218 -2.38571
v 43.88866 -0.92514 -2.37749
v 43.80977 -0.66817 -2.25707
v 43.88866 -0.67157 -2.24954
v 44.13562 -0.68443 -2.22295
v 44.46363 -0.70133 -2.18783
v 43.80977 -0.42003 -2.12379
v 43.88866 -0.42387 -2.11693
v 44.46363 -0.45701 -2.06003
v 44.13562 -0.43816 -2.09245
v 42.84672 0.89747 -2.93940
v 43.16515 0.86729 -2.90784
v 43.48622 0.83694 -2.87589
v 44.46363 0.52447 -2.92288
v 43.88866 0.79900 -2.83562
v 43.80977 0.80643 -2.84353
v 44.13562 0.77341 -2.80762
v 44.46363 0.73951 -2.77032
v 44.46363 0.94207 -2.60854
v 40.95750 -0.06578 -2.12401
v 41.29983 -0.07455 -2.11690
v 41.60264 -0.08244 -2.11050
v 40.95750 0.17773 -1.95150
v 41.29983 0.16729 -1.94698
v 41.60264 0.15791 -1.94284
v 41.90890 -0.09055 -2.10390
v 42.21843 -0.09888 -2.09708
v 42.42308 -0.10447 -2.09249
v 42.53109 -0.11040 -2.08400
v 41.90890 0.14828 -1.93851
v 42.21843 0.13838 -1.93396
v 42.42308 0.13175 -1.93086
v 42.53109 0.12532 -1.92333
v 40.95750 0.41199 -1.77662
v 41.29983 0.39981 -1.77432
v 41.60264 0.38887 -1.77214
v 41.90890 0.37765 -1.76976
v 42.21843 0.36614 -1.76717
v 42.42308 0.35843 -1.76535
v 42.53109 0.35149 -1.75872
v 40.95750 0.63660 -1.60111
v 41.29983 0.62261 -1.60068
v 41.60264 0.61005 -1.60014
v 40.95750 0.85104 -1.42640
v 41.29983 0.83519 -1.42754
v 41.60264 0.82100 -1.42837
v 41.90890 0.59719 -1.59941
v 42.21843 0.58401 -1.59848
v 42.42308 0.57520 -1.59774
v 42.53109 0.56776 -1.59195
v 41.90890 0.80647 -1.42903
v 42.21843 0.79160 -1.42948
v 42.42308 0.78167 -1.42965
v 42.53109 0.77375 -1.42466
v 42.84672 -0.12768 -2.05921
v 43.16515 -0.14505 -2.03420
v 43.48622 -0.16251 -2.00899
v 42.84672 0.10653 -1.90130
v 42.84672 0.33122 -1.73930
v 43.16515 0.08760 -1.87903
v 43.48622 0.06854 -1.85653
v 43.80977 -0.18005 -1.98358
v 43.88866 -0.18431 -1.97738
v 44.13562 -0.19999 -1.95496
v 44.46363 -0.22072 -1.92521
v 44.46363 0.00520 -1.78084
v 43.80977 0.04936 -1.83379
v 43.88866 0.04469 -1.82824
v 44.13562 0.02770 -1.80789
v 43.16515 0.31076 -1.71962
v 43.48622 0.29014 -1.69969
v 43.80977 0.26936 -1.67951
v 43.88866 0.26429 -1.67457
v 44.13562 0.24605 -1.65623
v 44.46363 0.22185 -1.63181
v 42.84672 0.54603 -1.57497
v 43.16515 0.52409 -1.55773
v 43.48622 0.50194 -1.54023
v 42.84672 0.75060 -1.40998
v 43.16515 0.72721 -1.39504
v 43.48622 0.70358 -1.37983
v 43.80977 0.47959 -1.52246
v 43.88866 0.47414 -1.51811
v 44.13562 0.45469 -1.50173
v 44.46363 0.42888 -1.47987
v 43.80977 0.67973 -1.36436
v 43.88866 0.67391 -1.36056
v 44.13562 0.65332 -1.34607
v 44.79361 -1.47322 -2.50312
v 45.12540 -1.48326 -2.46070
v 45.35678 -1.49005 -2.43145
v 45.45883 -1.49247 -2.42006
v 44.79361 -1.21818 -2.39015
v 45.12540 -1.23051 -2.35009
v 44.79361 -0.96614 -2.27323
v 45.35678 -1.23892 -2.32242
v 45.45883 -1.24208 -2.31172
v 45.12540 -0.98068 -2.23563
v 45.35678 -0.99066 -2.20961
v 45.45883 -0.99453 -2.19963
v 45.79372 -1.50025 -2.38297
v 46.12992 -1.50776 -2.34621
v 45.79372 -1.25229 -2.27685
v 46.12992 -1.26229 -2.24221
v 45.79372 -1.00712 -2.16703
v 44.79361 -0.71812 -2.15271
v 46.46724 -1.51500 -2.30981
v 46.80552 -1.52204 -2.27367
v 46.46724 -1.27209 -2.20784
v 46.80552 -1.28172 -2.17364
v 47.14458 -1.52905 -2.23763
v 47.14458 -1.29139 -2.13954
v 47.48425 -1.53582 -2.20194
v 47.82434 -1.54231 -2.16673
v 48.28794 -0.69936 -2.88044
v 48.16471 -0.69188 -2.89702
v 47.48425 -0.41449 -2.90176
v 47.82434 -0.43833 -2.85735
v 48.16471 -0.46196 -2.81308
v 48.28794 -0.47045 -2.79710
v 46.12992 -1.01957 -2.13456
v 45.12540 -0.73481 -2.11763
v 45.35678 -0.74633 -2.09329
v 45.45883 -0.75090 -2.08404
v 44.79361 -0.47582 -2.02754
v 45.12540 -0.49458 -1.99499
v 45.35678 -0.50758 -1.97236
v 45.45883 -0.51283 -1.96383
v 45.79372 -0.76581 -2.05375
v 46.12992 -0.78066 -2.02347
v 45.79372 -0.53001 -1.93586
v 45.79372 -0.30192 -1.81092
v 46.12992 -0.54718 -1.90779
v 46.12992 -0.32133 -1.78508
v 46.46724 -1.03188 -2.10224
v 46.80552 -1.04407 -2.07003
v 47.14458 -1.05637 -2.03789
v 47.48425 -1.30086 -2.10576
v 47.82434 -1.31006 -2.07242
v 48.16471 -1.54866 -2.13167
v 48.28794 -1.55093 -2.11901
v 48.16471 -1.31914 -2.03921
v 48.28794 -1.32240 -2.02723
v 47.48425 -1.06849 -2.00605
v 47.82434 -1.08037 -1.97461
v 48.16471 -1.09213 -1.94329
v 48.28794 -1.09636 -1.93199
v 46.46724 -0.79543 -1.99323
v 46.80552 -0.81012 -1.96303
v 47.14458 -0.82500 -1.93288
v 46.46724 -0.56434 -1.87965
v 46.80552 -0.58146 -1.85149
v 46.46724 -0.34079 -1.75909
v 47.14458 -0.59885 -1.82336
v 47.48425 -0.83972 -1.90299
v 47.82434 -0.85422 -1.87348
v 47.48425 -0.61610 -1.79547
v 47.82434 -0.63315 -1.76793
v 48.16471 -0.86862 -1.84408
v 48.28794 -0.87381 -1.83346
v 48.16471 -0.65012 -1.74047
v 46.80552 -0.36023 -1.73302
v 47.14458 -0.38002 -1.70697
v 48.28794 -0.65623 -1.73056
v 47.48425 -0.39969 -1.68114
v 47.82434 -0.41919 -1.65562
v 48.16471 -0.43861 -1.63018
v 48.28794 -0.44562 -1.62099
v 45.45883 0.20750 -2.93865
v 45.79372 0.17859 -2.89935
v 46.12992 0.14962 -2.85967
v 44.79361 0.49238 -2.88301
v 45.12540 0.46023 -2.84278
v 45.35678 0.43787 -2.81464
v 45.45883 0.42839 -2.80335
v 45.35678 0.64778 -2.66814
v 45.45883 0.63767 -2.65748
v 44.79361 0.70553 -2.73268
v 44.79361 0.90634 -2.57317
v 45.12540 0.67147 -2.69470
v 45.79372 0.39729 -2.76612
v 45.79372 0.60453 -2.62238
v 46.12992 0.36611 -2.72852
v 46.12992 0.57130 -2.58693
v 45.12540 0.87053 -2.53749
v 45.35678 0.84562 -2.51254
v 45.45883 0.83494 -2.50255
v 45.79372 0.79989 -2.46962
v 46.12992 0.76477 -2.43638
v 46.12992 0.94619 -2.27844
v 46.46724 -0.10620 -2.93270
v 46.80552 -0.13273 -2.89058
v 47.14458 -0.15940 -2.84821
v 46.46724 0.12061 -2.81963
v 46.80552 0.09165 -2.77941
v 46.80552 0.30369 -2.65240
v 47.14458 0.06248 -2.73892
v 47.14458 0.27220 -2.61397
v 47.48425 -0.18598 -2.80573
v 47.82434 -0.21249 -2.76309
v 47.82434 0.00435 -2.65758
v 48.16471 -0.23879 -2.72057
v 48.28794 -0.24826 -2.70522
v 48.16471 -0.02448 -2.61696
v 48.28794 -0.03487 -2.60228
v 47.48425 0.03338 -2.69833
v 47.48425 0.24078 -2.57544
v 47.82434 0.20943 -2.53677
v 48.28794 0.16703 -2.48428
v 48.16471 0.17827 -2.49821
v 46.46724 0.33488 -2.69055
v 46.46724 0.53801 -2.55113
v 46.80552 0.50474 -2.51515
v 47.14458 0.47112 -2.47890
v 46.46724 0.72958 -2.40283
v 46.80552 0.69442 -2.36912
v 46.46724 0.90927 -2.24719
v 46.80552 0.87236 -2.21581
v 47.14458 0.65881 -2.33512
v 47.14458 0.83495 -2.18414
v 47.48425 0.43754 -2.44254
v 47.82434 0.40403 -2.40606
v 48.16471 0.37070 -2.36967
v 48.28794 0.35868 -2.35653
v 47.48425 0.62325 -2.30103
v 47.82434 0.58775 -2.26682
v 48.16471 0.55241 -2.23270
v 48.28794 0.53966 -2.22038
v 47.48425 0.79757 -2.15239
v 44.79361 -0.24147 -1.89533
v 44.79361 -0.01737 -1.75359
v 45.12540 -0.26223 -1.86531
v 45.35678 -0.27665 -1.84440
v 45.45883 -0.28256 -1.83659
v 45.12540 -0.04000 -1.72616
v 45.45883 -0.06227 -1.69992
v 45.35678 -0.05574 -1.70701
v 44.79361 0.19754 -1.60717
v 45.12540 0.17313 -1.58229
v 45.35678 0.15613 -1.56489
v 45.45883 0.14900 -1.55853
v 45.79372 -0.08371 -1.67659
v 46.12992 -0.10523 -1.65303
v 45.79372 0.12559 -1.53751
v 45.79372 0.32562 -1.39532
v 46.12992 0.10204 -1.51622
v 46.12992 0.30016 -1.37626
v 44.79361 0.40291 -1.45776
v 45.12540 0.37681 -1.43540
v 45.35678 0.35862 -1.41973
v 45.45883 0.35092 -1.41407
v 46.80552 -0.14848 -1.60535
v 46.46724 -0.12685 -1.62924
v 47.14458 -0.17054 -1.58146
v 46.46724 0.07838 -1.49465
v 46.80552 0.05466 -1.47294
v 46.46724 0.27455 -1.35690
v 46.80552 0.24887 -1.33739
v 47.14458 0.03046 -1.45123
v 47.48425 -0.19250 -1.55776
v 47.82434 -0.21431 -1.53434
v 47.48425 0.00632 -1.42969
v 47.82434 -0.01769 -1.40841
v 48.16471 -0.23605 -1.51099
v 48.28794 -0.24390 -1.50256
v 48.16471 -0.04163 -1.38718
v 48.28794 -0.05029 -1.37951
v 47.82434 0.76024 -2.12053
v 47.48425 0.96022 -1.99817
v 47.82434 0.92124 -1.96871
v 48.16471 0.72307 -2.08875
v 48.28794 0.70965 -2.07727
v 48.16471 0.88239 -1.93933
v 48.28794 0.86836 -1.92871
v 42.84672 0.94453 -1.24585
v 43.16515 0.91976 -1.23310
v 43.48622 0.89474 -1.22010
v 44.46363 0.62597 -1.32670
v 43.80977 0.86946 -1.20682
v 43.88866 0.86329 -1.20356
v 44.13562 0.84162 -1.19091
v 44.46363 0.81283 -1.17396
v 44.79361 0.59844 -1.30707
v 45.12540 0.57074 -1.28717
v 45.35678 0.55142 -1.27321
v 45.45883 0.54318 -1.26822
v 44.79361 0.78383 -1.15675
v 45.12540 0.75464 -1.13928
v 44.79361 0.95835 -1.00742
v 45.45883 0.72552 -1.12266
v 45.35678 0.73427 -1.12699
v 45.12540 0.92778 -0.99230
v 45.35678 0.90643 -0.98164
v 45.45883 0.89720 -0.97794
v 45.79372 0.51609 -1.25168
v 46.12992 0.48881 -1.23483
v 45.79372 0.69673 -1.10828
v 45.79372 0.86682 -0.96564
v 46.12992 0.66774 -1.09358
v 46.12992 0.83622 -0.95302
v 47.14458 0.22262 -1.31787
v 47.82434 0.17033 -1.27935
v 47.48425 0.19642 -1.29850
v 48.16471 0.14429 -1.26025
v 48.28794 0.13488 -1.25335
v 48.16471 0.32143 -1.13174
v 48.28794 0.31130 -1.12560
v 46.46724 0.46136 -1.21766
v 46.80552 0.43382 -1.20031
v 47.14458 0.40565 -1.18296
v 46.46724 0.63856 -1.07854
v 46.80552 0.60927 -1.06333
v 47.14458 0.57929 -1.04812
v 46.46724 0.80542 -0.94007
v 47.48425 0.37750 -1.16575
v 47.82434 0.34945 -1.14872
v 47.48425 0.54930 -1.03302
v 47.82434 0.51939 -1.01808
v 48.16471 0.48951 -1.00318
v 48.28794 0.47870 -0.99780
v 46.80552 0.77451 -0.92694
v 46.46724 0.96258 -0.80575
v 46.80552 0.93013 -0.79462
v 47.14458 0.74282 -0.91381
v 47.14458 0.89686 -0.78348
v 48.16471 0.64784 -0.87502
v 48.28794 0.63640 -0.87038
v 47.48425 0.71112 -0.90078
v 47.82434 0.67947 -0.88789
v 47.48425 0.86354 -0.77243
v 47.82434 0.83027 -0.76150
v 48.16471 0.79699 -0.75060
v 48.28794 0.78496 -0.74665
v 48.16471 0.93680 -0.63140
v 48.28794 0.92420 -0.62812
v 40.95750 1.25875 -2.86175
v 41.29983 1.23381 -2.84928
v 41.60264 1.21166 -2.83806
v 40.95750 1.46757 -2.67565
v 41.60264 1.41647 -2.65367
v 41.29983 1.44049 -2.66408
v 41.90890 1.18916 -2.82650
v 42.21843 1.16632 -2.81459
v 42.42308 1.15116 -2.80659
v 42.53109 1.14031 -2.79660
v 41.90890 1.39209 -2.64295
v 42.42308 1.35096 -2.62450
v 42.21843 1.36736 -2.63192
v 42.53109 1.33956 -2.61514
v 41.90890 1.58109 -2.45418
v 42.21843 1.55452 -2.44383
v 42.42308 1.53692 -2.43689
v 42.53109 1.52501 -2.42813
v 40.95750 1.66233 -2.48492
v 41.29983 1.63317 -2.47403
v 41.60264 1.60731 -2.46424
v 40.95750 1.84066 -2.28702
v 41.29983 1.80949 -2.27661
v 41.60264 1.78186 -2.26728
v 41.90890 1.75388 -2.25771
v 42.21843 1.72555 -2.24789
v 42.42308 1.70679 -2.24132
v 42.53109 1.69442 -2.23314
v 42.84672 1.10863 -2.76734
v 43.16515 1.07676 -2.73771
v 43.48622 1.04469 -2.70772
v 43.16515 1.27284 -2.56000
v 42.84672 1.30631 -2.58774
v 43.80977 1.01245 -2.67735
v 43.88866 1.00460 -2.66993
v 44.13562 0.97770 -2.64360
v 43.48622 1.23918 -2.53193
v 42.84672 1.49028 -2.40250
v 43.48622 1.42019 -2.35038
v 43.16515 1.45534 -2.37658
v 43.48622 1.58560 -2.16076
v 43.80977 1.20534 -2.50354
v 43.88866 1.19710 -2.49660
v 44.13562 1.16900 -2.47195
v 44.46363 1.13179 -2.43916
v 43.80977 1.38487 -2.32390
v 43.88866 1.37627 -2.31743
v 44.13562 1.34708 -2.29446
v 44.46363 1.30841 -2.26392
v 42.84672 1.65836 -2.20925
v 43.16515 1.62208 -2.18512
v 40.95750 2.00430 -2.08768
v 41.29983 1.97123 -2.07768
v 41.60264 1.94195 -2.06874
v 40.95750 2.15301 -1.88854
v 41.29983 2.11819 -1.87890
v 41.60264 2.08738 -1.87029
v 42.21843 1.88233 -2.05022
v 42.42308 1.86248 -2.04397
v 42.53109 1.84970 -2.03637
v 41.90890 1.91231 -2.05958
v 41.90890 2.05621 -1.86151
v 42.21843 2.02469 -1.85256
v 42.42308 2.00385 -1.84660
v 42.53109 1.99071 -1.83958
v 41.60264 2.21785 -1.67332
v 41.90890 2.18531 -1.66493
v 42.42308 2.13070 -1.65075
v 42.21843 2.15243 -1.65641
v 42.53109 2.11726 -1.64432
v 43.80977 1.54895 -2.13618
v 43.88866 1.54003 -2.13018
v 44.13562 1.50987 -2.10890
v 44.46363 1.46994 -2.08064
v 42.84672 1.81244 -2.01419
v 43.48622 1.73731 -1.96930
v 43.16515 1.77497 -1.99183
v 43.48622 1.87518 -1.77776
v 42.84672 1.95240 -1.81910
v 43.16515 1.91388 -1.79849
v 43.80977 1.69947 -1.94660
v 43.88866 1.69027 -1.94107
v 43.80977 1.83631 -1.75693
v 43.88866 1.82685 -1.75186
v 44.13562 1.65926 -1.92147
v 44.46363 1.61821 -1.89549
v 42.84672 2.07807 -1.62557
v 43.16515 2.03868 -1.60674
v 43.48622 1.99910 -1.58784
v 42.84672 2.18930 -1.43510
v 43.16515 2.14924 -1.41814
v 43.48622 2.10899 -1.40115
v 44.13562 1.79511 -1.73394
v 44.46363 1.75310 -1.71023
v 44.46363 1.87455 -1.52662
v 43.80977 1.95936 -1.56888
v 43.88866 1.94969 -1.56428
v 44.13562 1.91735 -1.54805
v 43.88866 2.05875 -1.38002
v 43.80977 2.06858 -1.38415
v 44.13562 2.02595 -1.36552
v 44.46363 1.98254 -1.34641
v 40.95750 2.28643 -1.69082
v 41.29983 2.25004 -1.68156
v 40.95750 2.40409 -1.49544
v 41.29983 2.36638 -1.48671
v 41.60264 2.33304 -1.47896
v 41.90890 2.29935 -1.47109
v 42.21843 2.26532 -1.46312
v 42.42308 2.24283 -1.45783
v 42.53109 2.22916 -1.45202
v 44.79361 1.09447 -2.40609
v 45.12540 1.05706 -2.37275
v 45.35678 1.03105 -2.34945
v 45.45883 1.01983 -2.34013
v 44.79361 1.26965 -2.23315
v 45.12540 1.23080 -2.20218
v 45.45883 1.19208 -2.17189
v 45.35678 1.20379 -2.18055
v 45.79372 0.98305 -2.30942
v 45.79372 1.15371 -2.14341
v 44.79361 1.42991 -2.05221
v 45.12540 1.38980 -2.02364
v 45.45883 1.34978 -1.99574
v 45.35678 1.36192 -2.00372
v 44.79361 1.57707 -1.86941
v 45.12540 1.53586 -1.84324
v 45.35678 1.50722 -1.82503
v 45.45883 1.49470 -1.81773
v 46.12992 1.11527 -2.11472
v 46.12992 1.27018 -1.94320
v 45.79372 1.31001 -1.96954
v 45.79372 1.45368 -1.79381
v 46.12992 1.41261 -1.76981
v 45.79372 1.58459 -1.61791
v 46.12992 1.54245 -1.59624
v 44.79361 1.71101 -1.68648
v 45.12540 1.66885 -1.66271
v 45.35678 1.63956 -1.64620
v 45.45883 1.62670 -1.63958
v 44.79361 1.83166 -1.50520
v 45.45883 1.74575 -1.46305
v 45.12540 1.78873 -1.48382
v 45.35678 1.75889 -1.46899
v 45.79372 1.70270 -1.44362
v 46.12992 1.65963 -1.42424
v 46.46724 1.07678 -2.08582
v 46.80552 1.03831 -2.05682
v 47.14458 0.99926 -2.02753
v 46.46724 1.23032 -1.91671
v 46.80552 1.19047 -1.89016
v 47.14458 1.14997 -1.86333
v 46.46724 1.37153 -1.74573
v 47.48425 1.10948 -1.83643
v 47.82434 1.06903 -1.80945
v 48.16471 1.02870 -1.78253
v 48.28794 1.01414 -1.77280
v 46.80552 1.33046 -1.72163
v 46.46724 1.50030 -1.57456
v 46.80552 1.45817 -1.55289
v 47.14458 1.28868 -1.69726
v 46.80552 1.57353 -1.38564
v 47.14458 1.41526 -1.53097
v 47.14458 1.52965 -1.36614
v 47.48425 1.24689 -1.67284
v 47.82434 1.20514 -1.64834
v 48.16471 1.16350 -1.62389
v 48.28794 1.14845 -1.61506
v 48.28794 1.27116 -1.45702
v 47.48425 1.37233 -1.50900
v 47.82434 1.32943 -1.48696
v 47.48425 1.48573 -1.34658
v 48.16471 1.28663 -1.46497
v 46.46724 1.61657 -1.40493
v 40.95750 1.05469 -1.25368
v 41.29983 1.03700 -1.25615
v 41.60264 1.02118 -1.25815
v 40.95750 1.24696 -1.08401
v 41.29983 1.22741 -1.08752
v 41.60264 1.20994 -1.09044
v 41.90890 1.00499 -1.25999
v 42.21843 0.98845 -1.26163
v 42.42308 0.97741 -1.26258
v 42.53109 0.96904 -1.25834
v 41.90890 1.19210 -1.09320
v 42.21843 1.17388 -1.09577
v 42.42308 1.16173 -1.09734
v 42.53109 1.15292 -1.09379
v 41.90890 1.36850 -0.93231
v 42.21843 1.34863 -0.93562
v 42.42308 1.33539 -0.93769
v 42.53109 1.32615 -0.93480
v 40.95750 1.42845 -0.92085
v 41.29983 1.40707 -0.92518
v 41.60264 1.38798 -0.92882
v 41.29983 1.57567 -0.77061
v 41.60264 1.55500 -0.77482
v 41.90890 1.53393 -0.77889
v 42.21843 1.51246 -0.78279
v 42.42308 1.49816 -0.78524
v 42.53109 1.48852 -0.78296
v 40.95750 1.59883 -0.76563
v 40.95750 1.75787 -0.61983
v 41.60264 1.71080 -0.62994
v 41.29983 1.73298 -0.62529
v 41.90890 1.68819 -0.63445
v 42.21843 1.66518 -0.63881
v 42.42308 1.64986 -0.64156
v 42.53109 1.63985 -0.63984
v 42.84672 1.12712 -1.08335
v 43.16515 1.10103 -1.07266
v 43.48622 1.07467 -1.06172
v 43.80977 1.04804 -1.05052
v 43.88866 1.04154 -1.04777
v 44.13562 1.01886 -1.03688
v 44.46363 0.98872 -1.02228
v 43.16515 1.27178 -0.91748
v 43.48622 1.24414 -0.90848
v 42.84672 1.29912 -0.92625
v 42.84672 1.46032 -0.77620
v 43.16515 1.43180 -0.76922
v 43.48622 1.40297 -0.76201
v 43.16515 1.58092 -0.62941
v 43.48622 1.55097 -0.62389
v 43.80977 1.21622 -0.89922
v 43.88866 1.20940 -0.89694
v 44.13562 1.18578 -0.88773
v 44.46363 1.15437 -0.87536
v 43.80977 1.37383 -0.75458
v 43.88866 1.36671 -0.75274
v 44.13562 1.34221 -0.74513
v 44.46363 1.30962 -0.73487
v 43.80977 1.52070 -0.61814
v 43.88866 1.51330 -0.61671
v 44.13562 1.48798 -0.61060
v 44.46363 1.45429 -0.60234
v 43.48622 2.20370 -1.21688
v 43.80977 2.16283 -1.20190
v 43.88866 2.15289 -1.19827
v 44.13562 2.11979 -1.18555
v 44.46363 2.07597 -1.16881
v 44.13562 2.20048 -1.01321
v 44.46363 2.15643 -0.99882
v 42.84672 1.61056 -0.63473
v 44.46363 2.22409 -0.83821
v 40.95750 1.90538 -0.48492
v 41.29983 1.87883 -0.49071
v 41.60264 1.85518 -0.49566
v 40.95750 2.04184 -0.36361
v 41.29983 2.01369 -0.36957
v 41.60264 1.98864 -0.37467
v 40.95750 2.16682 -0.25656
v 41.29983 2.13719 -0.26261
v 41.60264 2.11083 -0.26780
v 41.60264 2.22182 -0.17666
v 41.90890 1.83111 -0.50047
v 42.21843 1.80661 -0.50514
v 42.42308 1.79032 -0.50811
v 42.53109 1.77996 -0.50691
v 42.53109 1.90935 -0.38687
v 41.90890 1.96316 -0.37966
v 42.21843 1.93725 -0.38451
v 42.42308 1.92004 -0.38761
v 41.90890 2.08403 -0.27289
v 41.90890 2.19381 -0.18176
v 42.21843 2.05681 -0.27786
v 42.42308 2.03873 -0.28104
v 42.53109 2.02775 -0.28073
v 42.42308 2.14647 -0.18996
v 42.21843 2.16536 -0.18676
v 42.53109 2.13521 -0.19001
v 44.46363 1.58820 -0.47913
v 42.84672 1.74965 -0.50330
v 42.84672 1.87808 -0.38462
v 43.16515 1.71898 -0.49951
v 43.48622 1.68797 -0.49552
v 43.16515 1.84644 -0.38220
v 43.48622 1.81446 -0.37960
v 42.84672 1.99559 -0.27970
v 42.84672 2.10225 -0.19004
v 43.16515 1.96307 -0.27852
v 43.48622 1.93019 -0.27716
v 43.48622 2.03519 -0.18964
v 43.16515 2.06890 -0.18992
v 43.80977 1.65664 -0.49132
v 43.88866 1.64899 -0.49027
v 43.80977 1.78214 -0.37680
v 43.88866 1.77425 -0.37609
v 44.13562 1.62291 -0.48555
v 44.13562 1.74746 -0.37264
v 44.46363 1.71181 -0.36790
v 43.80977 1.89696 -0.27561
v 43.88866 1.88884 -0.27521
v 44.13562 1.86141 -0.27290
v 44.46363 1.82490 -0.26968
v 43.80977 2.00111 -0.18917
v 43.88866 1.99279 -0.18903
v 44.13562 1.96476 -0.18772
v 44.46363 1.92745 -0.18581
v 42.84672 2.19797 -0.11675
v 43.16515 2.16386 -0.11750
v 43.48622 2.12938 -0.11810
v 43.48622 2.21252 -0.06313
v 43.80977 2.09452 -0.11853
v 43.80977 2.17695 -0.06425
v 43.88866 2.08601 -0.11860
v 43.88866 2.16827 -0.06450
v 44.13562 2.05743 -0.11812
v 44.46363 2.01938 -0.11732
v 44.13562 2.13918 -0.06468
v 44.13562 2.21156 -0.03170
v 44.46363 2.10045 -0.06475
v 44.46363 2.17220 -0.03241
v 40.95750 2.50467 -1.30142
v 41.29983 2.46592 -1.29339
v 41.60264 2.43167 -1.28628
v 41.60264 2.51563 -1.10077
v 40.95750 2.59014 -1.11432
v 40.95750 2.66066 -0.93588
v 41.29983 2.55059 -1.10713
v 41.90890 2.39705 -1.27907
v 42.21843 2.36210 -1.27178
v 42.42308 2.33901 -1.26697
v 42.53109 2.32519 -1.26182
v 41.90890 2.48032 -1.09435
v 42.21843 2.44466 -1.08786
v 42.42308 2.42110 -1.08358
v 42.53109 2.40720 -1.07912
v 40.95750 2.71653 -0.76799
v 41.29983 2.62056 -0.92969
v 41.60264 2.58513 -0.92423
v 41.29983 2.67614 -0.76298
v 41.60264 2.64046 -0.75856
v 40.95750 2.75827 -0.61284
v 41.60264 2.68214 -0.60591
v 41.29983 2.71786 -0.60916
v 42.21843 2.51318 -0.91317
v 42.42308 2.48931 -0.90951
v 42.53109 2.47538 -0.90574
v 42.53109 2.53006 -0.74361
v 41.90890 2.54933 -0.91872
v 41.90890 2.60440 -0.75410
v 42.21843 2.56799 -0.74962
v 42.42308 2.54393 -0.74666
v 41.90890 2.64603 -0.60264
v 42.21843 2.60957 -0.59934
v 42.42308 2.58547 -0.59716
v 42.53109 2.57170 -0.59483
v 42.84672 2.28491 -1.24685
v 43.16515 2.24440 -1.23186
v 42.84672 2.36666 -1.06614
v 43.16515 2.32590 -1.05317
v 43.48622 2.28493 -1.04022
v 43.80977 2.24377 -1.02729
v 43.88866 2.23376 -1.02416
v 42.84672 2.43478 -0.89481
v 42.84672 2.48957 -0.73475
v 43.48622 2.35287 -0.87299
v 43.16515 2.39394 -0.88389
v 42.84672 2.53149 -0.58803
v 43.16515 2.44882 -0.72589
v 43.48622 2.40782 -0.71704
v 43.16515 2.49098 -0.58123
v 43.48622 2.45021 -0.57441
v 43.80977 2.31160 -0.86211
v 43.88866 2.30156 -0.85948
v 44.13562 2.26823 -0.85029
v 43.80977 2.36660 -0.70822
v 43.88866 2.35657 -0.70608
v 43.80977 2.40919 -0.56760
v 43.88866 2.39920 -0.56594
v 44.13562 2.32330 -0.69861
v 44.46363 2.27922 -0.68878
v 44.13562 2.36610 -0.56013
v 44.46363 2.32221 -0.55246
v 40.95750 2.28043 -0.16544
v 41.29983 2.24940 -0.17147
v 40.95750 2.78386 -0.46721
v 40.95750 2.79501 -0.33542
v 41.29983 2.74374 -0.46514
v 41.60264 2.70826 -0.46330
v 41.29983 2.75549 -0.33521
v 41.60264 2.72053 -0.33501
v 40.95750 2.79252 -0.21966
v 40.95750 2.78509 -0.13800
v 41.29983 2.75388 -0.22152
v 41.29983 2.74815 -0.14340
v 41.60264 2.71967 -0.22314
v 41.60264 2.71539 -0.14810
v 41.60264 2.71640 -0.12806
v 41.90890 2.67240 -0.46145
v 41.90890 2.68516 -0.33478
v 42.42308 2.61220 -0.45833
v 42.21843 2.63616 -0.45957
v 42.53109 2.59861 -0.45674
v 42.21843 2.64940 -0.33453
v 42.42308 2.62575 -0.33434
v 42.53109 2.61240 -0.33353
v 41.90890 2.68504 -0.22472
v 41.90890 2.68219 -0.15277
v 41.90890 2.68480 -0.13611
v 42.42308 2.62680 -0.22724
v 42.53109 2.61375 -0.22720
v 42.21843 2.65000 -0.22626
v 42.21843 2.64855 -0.15736
v 42.21843 2.65271 -0.14406
v 42.42308 2.62625 -0.16032
v 42.42308 2.63141 -0.14920
v 42.53109 2.61364 -0.16129
v 42.53109 2.61923 -0.15113
v 40.95750 2.38259 -0.09136
v 40.95750 2.47303 -0.03487
v 41.29983 2.35027 -0.09727
v 41.60264 2.32156 -0.10237
v 41.29983 2.43953 -0.04056
v 41.60264 2.40979 -0.04549
v 41.29983 2.51873 -0.00547
v 41.60264 2.48806 -0.01019
v 40.95750 2.55329 -0.00003
v 40.95750 2.62202 0.01511
v 40.95750 2.68034 0.00765
v 40.95750 2.73822 -0.04302
v 40.95750 2.78261 -0.11073
v 41.60264 2.66980 -0.05428
v 41.29983 2.58653 0.00995
v 41.29983 2.64397 0.00302
v 41.60264 2.55507 0.00546
v 41.60264 2.61173 -0.00103
v 41.29983 2.74753 -0.11998
v 41.29983 2.70195 -0.04903
v 41.90890 2.29241 -0.10739
v 41.90890 2.37961 -0.05036
v 41.90890 2.45696 -0.01486
v 41.90890 2.52317 0.00100
v 42.21843 2.26283 -0.11232
v 42.42308 2.24321 -0.11549
v 42.21843 2.34900 -0.05515
v 42.42308 2.32870 -0.05823
v 42.53109 2.23169 -0.11584
v 42.53109 2.31694 -0.05881
v 42.21843 2.42542 -0.01946
v 42.42308 2.40452 -0.02244
v 42.21843 2.49085 -0.00340
v 42.42308 2.46943 -0.00625
v 42.42308 2.52408 -0.01164
v 42.53109 2.39255 -0.02319
v 42.53109 2.45727 -0.00713
v 42.53109 2.51172 -0.01251
v 41.90890 2.63721 -0.05953
v 41.90890 2.57907 -0.00505
v 42.21843 2.60419 -0.06472
v 42.42308 2.58230 -0.06808
v 42.53109 2.56992 -0.06930
v 42.21843 2.54599 -0.00905
v 43.16515 2.51886 -0.44744
v 43.48622 2.47852 -0.44272
v 43.16515 2.53400 -0.32861
v 43.48622 2.49427 -0.32602
v 43.16515 2.53700 -0.22664
v 43.16515 2.53930 -0.16634
v 43.48622 2.49803 -0.22612
v 43.48622 2.51028 -0.16584
v 43.48622 2.50141 -0.16843
v 42.84672 2.55889 -0.45211
v 42.84672 2.57338 -0.33112
v 42.84672 2.57558 -0.22699
v 42.84672 2.57671 -0.16395
v 42.84672 2.58349 -0.15647
v 43.16515 2.54717 -0.16139
v 43.80977 2.43790 -0.43796
v 43.88866 2.42800 -0.43680
v 44.46363 2.35168 -0.42712
v 44.13562 2.39520 -0.43265
v 43.80977 2.45421 -0.32332
v 43.88866 2.44445 -0.32265
v 43.80977 2.45868 -0.22544
v 43.80977 2.46305 -0.17019
v 43.80977 2.47283 -0.16978
v 43.88866 2.44908 -0.22524
v 43.88866 2.45368 -0.17057
v 43.88866 2.46365 -0.17066
v 44.46363 2.36905 -0.31667
v 44.46363 2.37483 -0.22275
v 44.46363 2.38084 -0.17183
v 44.13562 2.41207 -0.32011
v 44.13562 2.41722 -0.22424
v 44.13562 2.42246 -0.17126
v 44.13562 2.43297 -0.17271
v 44.46363 2.39195 -0.17487
v 42.84672 2.28253 -0.06040
v 42.84672 2.35750 -0.02529
v 42.84672 2.53365 -0.07270
v 42.84672 2.42167 -0.00958
v 42.84672 2.47553 -0.01496
v 43.16515 2.24772 -0.06184
v 43.16515 2.32205 -0.02725
v 43.48622 2.28620 -0.02904
v 43.48622 2.34922 -0.01402
v 43.16515 2.49691 -0.07584
v 43.48622 2.45970 -0.07871
v 43.16515 2.38565 -0.01188
v 43.16515 2.43893 -0.01725
v 43.48622 2.40191 -0.01938
v 43.80977 2.24998 -0.03067
v 43.88866 2.24113 -0.03103
v 43.80977 2.31241 -0.01597
v 43.80977 2.36451 -0.02132
v 43.88866 2.30341 -0.01641
v 43.88866 2.35537 -0.02176
v 43.80977 2.42203 -0.08128
v 43.88866 2.41282 -0.08186
v 44.13562 2.38213 -0.08321
v 44.46363 2.34121 -0.08468
v 44.13562 2.27342 -0.01741
v 44.13562 2.32495 -0.02280
v 44.46363 2.23350 -0.01853
v 44.46363 2.28445 -0.02399
v 44.79361 1.12272 -0.86274
v 45.12540 1.09085 -0.84986
v 45.35678 1.06859 -0.84077
v 45.45883 1.05889 -0.83767
v 44.79361 1.27677 -0.72438
v 45.12540 1.24368 -0.71363
v 45.35678 1.22058 -0.70603
v 45.45883 1.21045 -0.70350
v 44.79361 1.42033 -0.59384
v 45.12540 1.38612 -0.58511
v 45.45883 1.35170 -0.57691
v 45.35678 1.36223 -0.57891
v 45.79372 1.02701 -0.82735
v 46.12992 0.99490 -0.81671
v 45.79372 1.17716 -0.69503
v 46.12992 1.14363 -0.68626
v 45.79372 1.31709 -0.57017
v 46.12992 1.28224 -0.56314
v 45.12540 1.89550 -1.30836
v 45.35678 1.86524 -1.29523
v 45.45883 1.85186 -1.28995
v 44.79361 1.93905 -1.32735
v 44.79361 2.03207 -1.15215
v 45.12540 1.98810 -1.13558
v 44.79361 2.11227 -0.98452
v 45.35678 1.95755 -1.12414
v 45.45883 1.94398 -1.11954
v 45.35678 2.03728 -0.96053
v 45.45883 2.02358 -0.95658
v 45.12540 2.06803 -0.97032
v 45.79372 1.80804 -1.27275
v 46.12992 1.76421 -1.25563
v 45.79372 1.89957 -1.10455
v 46.12992 1.85515 -1.08968
v 45.79372 1.97873 -0.94374
v 46.12992 1.93385 -0.93103
v 44.79361 2.17982 -0.82621
v 45.12540 2.13545 -0.81431
v 45.35678 2.10460 -0.80611
v 45.45883 2.09081 -0.80280
v 45.12540 2.19062 -0.66932
v 45.45883 2.14592 -0.65994
v 45.35678 2.15975 -0.66264
v 45.35678 2.20309 -0.53196
v 45.45883 2.18925 -0.52983
v 45.79372 2.04566 -0.79204
v 46.12992 2.00046 -0.78139
v 45.79372 2.10060 -0.65114
v 46.12992 2.05520 -0.64243
v 47.82434 1.44184 -1.32697
v 47.48425 1.58711 -1.18731
v 47.82434 1.54238 -1.17006
v 48.16471 1.39803 -1.30740
v 48.28794 1.38219 -1.30032
v 48.16471 1.49771 -1.15285
v 48.28794 1.48156 -1.14663
v 48.16471 1.58473 -1.00067
v 48.28794 1.56833 -0.99528
v 46.46724 1.10989 -0.67719
v 46.80552 1.07600 -0.66794
v 46.46724 1.24717 -0.55583
v 46.80552 1.21194 -0.54834
v 47.14458 1.04123 -0.65870
v 47.14458 1.17577 -0.54087
v 47.48425 1.00641 -0.64953
v 47.82434 0.97160 -0.64045
v 47.48425 1.13954 -0.53345
v 46.46724 1.72038 -1.23862
v 46.80552 1.67657 -1.22167
v 47.14458 1.63186 -1.20451
v 46.46724 1.81073 -1.07493
v 46.80552 1.76630 -1.06026
v 47.14458 1.72094 -1.04540
v 47.48425 1.67551 -1.03051
v 47.82434 1.63010 -1.01557
v 46.46724 1.88896 -0.91846
v 46.80552 1.84406 -0.90596
v 47.14458 1.79817 -0.89329
v 47.14458 1.86369 -0.74980
v 46.46724 1.95523 -0.77086
v 46.80552 1.90998 -0.76041
v 46.46724 2.00976 -0.63382
v 46.80552 1.96427 -0.62526
v 47.14458 1.91770 -0.61657
v 47.82434 1.70624 -0.86787
v 47.48425 1.75221 -0.88059
v 47.48425 1.81732 -0.73918
v 48.16471 1.66032 -0.85517
v 48.28794 1.64372 -0.85057
v 47.82434 1.77094 -0.72853
v 47.48425 1.87104 -0.60787
v 47.82434 1.82437 -0.59914
v 48.16471 1.72459 -0.71790
v 48.28794 1.70782 -0.71405
v 48.16471 1.77771 -0.59043
v 48.28794 1.76083 -0.58729
v 44.79361 1.55322 -0.47249
v 45.12540 1.51797 -0.46563
v 45.35678 1.49335 -0.46073
v 45.45883 1.48245 -0.45921
v 45.79372 1.44662 -0.45406
v 45.79372 1.56614 -0.34926
v 46.12992 1.41053 -0.44864
v 46.12992 1.52890 -0.34527
v 44.79361 1.67588 -0.36295
v 45.12540 1.63966 -0.35778
v 45.35678 1.61437 -0.35407
v 45.45883 1.60312 -0.35298
v 44.79361 1.78809 -0.26625
v 44.79361 1.88983 -0.18371
v 45.12540 1.75099 -0.26261
v 45.35678 1.72507 -0.25995
v 45.45883 1.71350 -0.25925
v 45.12540 1.85191 -0.18139
v 45.35678 1.82542 -0.17965
v 45.45883 1.81355 -0.17927
v 45.45883 2.21953 -0.41052
v 45.79372 1.67545 -0.25678
v 45.79372 1.77452 -0.17786
v 46.12992 1.63715 -0.25405
v 46.12992 1.73522 -0.17620
v 45.79372 2.14388 -0.52287
v 45.79372 2.17428 -0.40533
v 46.12992 2.09841 -0.51596
v 46.12992 2.12888 -0.40011
v 45.79372 2.19310 -0.30220
v 45.79372 2.20074 -0.21501
v 45.79372 2.22126 -0.17763
v 45.79372 2.20880 -0.17040
v 46.12992 2.14788 -0.29854
v 46.12992 2.15582 -0.21271
v 46.12992 2.17669 -0.17693
v 46.12992 2.16414 -0.16918
v 45.45883 1.90316 -0.11401
v 44.79361 1.98101 -0.11631
v 44.79361 2.06139 -0.06462
v 44.79361 2.13250 -0.03291
v 44.79361 2.19321 -0.01943
v 45.12540 1.94234 -0.11510
v 45.12540 2.02202 -0.06427
v 45.35678 1.91530 -0.11412
v 45.45883 1.98210 -0.06399
v 45.35678 1.99450 -0.06391
v 45.35678 2.06449 -0.03324
v 45.45883 2.05186 -0.03345
v 45.12540 2.09247 -0.03318
v 45.45883 2.21563 -0.08689
v 45.45883 2.16055 -0.02623
v 45.12540 2.15259 -0.02009
v 45.12540 2.20239 -0.02564
v 45.35678 2.12419 -0.02041
v 45.45883 2.11135 -0.02068
v 45.35678 2.17358 -0.02599
v 45.79372 1.86323 -0.11346
v 46.12992 1.82302 -0.11266
v 46.12992 1.90031 -0.06396
v 45.79372 1.94135 -0.06410
v 45.79372 2.01034 -0.03398
v 45.79372 2.11769 -0.02687
v 45.79372 2.17209 -0.08722
v 45.79372 2.06913 -0.02140
v 46.12992 1.96853 -0.03424
v 46.12992 2.02662 -0.02185
v 46.12992 2.12818 -0.08711
v 46.12992 2.07453 -0.02724
v 46.46724 1.37422 -0.44294
v 46.80552 1.33775 -0.43708
v 46.46724 1.49143 -0.34101
v 46.80552 1.45379 -0.33660
v 47.14458 1.30028 -0.43123
v 47.14458 1.41512 -0.33220
v 46.80552 1.55988 -0.24791
v 47.14458 1.52009 -0.24478
v 47.82434 1.10331 -0.52611
v 47.48425 1.26274 -0.42543
v 47.82434 1.22518 -0.41969
v 48.16471 1.06707 -0.51878
v 48.28794 1.05395 -0.51613
v 48.16471 1.18761 -0.41396
v 48.28794 1.17401 -0.41188
v 47.48425 1.37635 -0.32784
v 47.82434 1.33756 -0.32353
v 47.48425 1.48019 -0.24168
v 47.82434 1.44025 -0.23862
v 47.48425 1.57419 -0.16812
v 47.82434 1.53320 -0.16611
v 48.16471 1.29874 -0.31922
v 48.28794 1.28469 -0.31766
v 48.16471 1.40029 -0.23555
v 48.28794 1.38581 -0.23444
v 48.16471 1.49217 -0.16410
v 48.28794 1.47732 -0.16337
v 48.16471 1.57430 -0.10574
v 48.28794 1.55909 -0.10531
v 46.46724 1.59860 -0.25105
v 46.46724 1.69568 -0.17428
v 46.80552 1.65597 -0.17221
v 47.14458 1.61514 -0.17016
v 46.46724 2.05286 -0.50910
v 46.80552 2.00724 -0.50227
v 46.80552 2.03773 -0.38962
v 46.46724 2.08335 -0.39487
v 47.14458 1.96050 -0.49532
v 47.14458 1.99097 -0.38428
v 46.80552 2.05697 -0.29088
v 46.80552 2.06533 -0.20749
v 46.46724 2.10249 -0.29474
v 46.46724 2.11066 -0.21017
v 46.46724 2.11913 -0.16748
v 46.46724 2.13164 -0.17546
v 46.80552 2.07389 -0.16550
v 46.80552 2.08629 -0.17357
v 47.14458 2.01028 -0.28695
v 47.14458 2.01881 -0.20476
v 47.14458 2.02745 -0.16348
v 47.14458 2.03973 -0.17162
v 47.82434 1.86681 -0.48139
v 47.82434 1.89719 -0.37356
v 48.16471 1.81996 -0.47443
v 48.28794 1.80301 -0.47191
v 48.16471 1.85028 -0.36821
v 48.28794 1.83331 -0.36627
v 48.16471 1.86978 -0.27512
v 48.28794 1.85282 -0.27369
v 48.16471 1.87879 -0.19653
v 48.28794 1.86188 -0.19553
v 48.16471 1.88762 -0.15738
v 48.16471 1.89955 -0.16572
v 48.28794 1.88263 -0.16500
v 48.28794 1.87074 -0.15665
v 47.48425 1.91367 -0.48836
v 47.48425 1.94409 -0.37893
v 47.48425 1.96347 -0.28301
v 47.82434 1.91663 -0.27906
v 47.48425 1.97217 -0.20201
v 47.48425 1.98088 -0.16145
v 47.48425 1.99305 -0.16966
v 47.82434 1.92549 -0.19927
v 47.82434 1.94631 -0.16769
v 47.82434 1.93426 -0.15942
v 46.80552 1.74193 -0.11041
v 46.46724 1.78257 -0.11161
v 46.46724 1.85903 -0.06356
v 46.80552 1.81755 -0.06302
v 46.80552 1.88420 -0.03410
v 47.14458 1.70015 -0.10922
v 47.14458 1.77491 -0.06250
v 47.14458 1.84075 -0.03396
v 47.14458 1.89669 -0.02204
v 46.46724 1.92646 -0.03425
v 46.46724 2.03111 -0.02732
v 46.80552 1.98749 -0.02724
v 46.80552 2.03944 -0.08573
v 46.46724 1.98384 -0.02201
v 46.80552 1.94086 -0.02202
v 46.46724 2.08392 -0.08655
v 47.14458 1.94266 -0.02716
v 47.14458 1.99375 -0.08489
v 47.48425 1.65825 -0.10805
v 47.48425 1.73214 -0.06198
v 47.82434 1.61629 -0.10690
v 47.82434 1.68931 -0.06147
v 47.48425 1.79717 -0.03383
v 47.48425 1.89769 -0.02707
v 47.82434 1.75352 -0.03370
v 47.82434 1.90203 -0.08317
v 47.82434 1.85266 -0.02698
v 47.48425 1.85237 -0.02205
v 47.82434 1.80799 -0.02206
v 48.16471 1.64643 -0.06095
v 48.28794 1.63091 -0.06076
v 48.16471 1.70984 -0.03356
v 48.28794 1.69402 -0.03351
v 48.28794 1.74749 -0.02206
v 48.16471 1.80759 -0.02689
v 48.28794 1.79127 -0.02685
v 48.16471 1.85612 -0.08231
v 48.28794 1.83949 -0.08199
v 48.16471 1.76357 -0.02206
v 47.48425 1.94792 -0.08403
v 44.79361 2.23498 -0.67902
v 44.79361 2.27813 -0.54482
v 45.12540 2.23389 -0.53722
v 44.79361 2.30792 -0.42157
v 45.12540 2.26396 -0.41599
v 45.35678 2.23333 -0.41210
v 44.79361 2.32576 -0.31311
v 44.79361 2.33210 -0.22105
v 44.79361 2.33878 -0.17199
v 44.79361 2.35038 -0.17639
v 45.12540 2.28221 -0.30943
v 45.35678 2.25182 -0.30682
v 45.45883 2.23811 -0.30575
v 45.12540 2.28906 -0.21913
v 45.12540 2.29629 -0.17173
v 45.12540 2.30826 -0.17724
v 45.35678 2.25900 -0.21766
v 45.35678 2.27871 -0.17742
v 45.45883 2.24541 -0.21708
v 45.45883 2.26534 -0.17758
v 45.35678 2.26656 -0.17129
v 45.45883 2.25310 -0.17115
v 44.79361 2.29986 -0.08577
v 44.79361 2.24359 -0.02494
v 45.12540 2.25810 -0.08647
v 45.35678 2.22886 -0.08671
v 48.50515 -5.35435 -3.09237
v 48.50515 -5.03623 -3.14573
v 48.50515 -5.34537 -3.09397
v 48.50515 -5.31844 -3.09881
v 48.50515 -5.27375 -3.10668
v 48.50515 -5.21157 -3.11734
v 48.50515 -5.13215 -3.13071
v 48.84552 -5.23534 -3.04890
v 48.84552 -5.31483 -3.03461
v 48.84552 -5.30597 -3.03621
v 48.84552 -5.27941 -3.04104
v 49.18562 -5.27511 -2.97734
v 49.18562 -5.19671 -2.99160
v 49.18562 -5.26637 -2.97893
v 49.18562 -5.24018 -2.98376
v 48.84552 -5.17400 -3.05955
v 48.84552 -5.09566 -3.07292
v 49.18562 -5.13622 -3.00224
v 49.18562 -5.05897 -3.01559
v 48.50515 -4.92419 -3.16232
v 48.50515 -4.79670 -3.17987
v 48.84552 -5.00105 -3.08793
v 48.84552 -4.89053 -3.10454
v 49.18562 -4.96566 -3.03060
v 48.84552 -4.76478 -3.12213
v 49.18562 -4.85666 -3.04722
v 49.18562 -4.73263 -3.06484
v 49.52528 -5.09825 -2.94544
v 49.52528 -5.02208 -2.95876
v 49.52528 -4.93007 -2.97377
v 49.52528 -4.82259 -2.99039
v 49.75606 -4.79931 -2.95202
v 48.50515 -4.65447 -3.19784
v 48.50515 -4.49821 -3.21579
v 48.84552 -4.47032 -3.15820
v 48.84552 -4.62447 -3.14016
v 49.18562 -4.59425 -3.08292
v 49.18562 -4.44221 -3.10105
v 48.50515 -4.32927 -3.23187
v 48.50515 -4.14822 -3.24628
v 48.84552 -4.30366 -3.17443
v 48.84552 -4.12503 -3.18904
v 49.18562 -4.27781 -3.11742
v 49.18562 -4.10162 -3.13220
v 49.52528 -4.70029 -3.00803
v 49.52528 -4.56383 -3.02616
v 49.52528 -4.41388 -3.04436
v 49.75606 -4.67817 -2.96967
v 49.86434 -4.66815 -2.95205
v 49.75606 -4.54301 -2.98782
v 49.86434 -4.53360 -2.97021
v 49.52528 -4.25176 -3.06086
v 49.75606 -4.39450 -3.00607
v 49.86434 -4.38575 -2.98848
v 49.75606 -4.23391 -3.02264
v 49.86434 -4.22588 -3.00509
v 50.20261 -4.20063 -2.95050
v 48.50515 -3.95599 -3.25844
v 48.84552 -3.93537 -3.20144
v 49.18562 -3.91452 -3.14484
v 48.50515 -3.75357 -3.26770
v 48.50515 -3.54205 -3.27339
v 48.84552 -3.73565 -3.21101
v 49.18562 -3.71750 -3.15471
v 48.84552 -3.52694 -3.21707
v 49.18562 -3.51160 -3.16113
v 49.52528 -4.07798 -3.07581
v 49.52528 -3.89345 -3.08868
v 49.75606 -4.06179 -3.03771
v 49.86434 -4.05452 -3.02021
v 49.75606 -3.87900 -3.05072
v 49.86434 -3.87254 -3.03329
v 49.52528 -3.69913 -3.09883
v 49.52528 -3.49603 -3.10560
v 49.75606 -3.68650 -3.06106
v 49.86434 -3.68089 -3.04372
v 49.75606 -3.48530 -3.06807
v 49.86434 -3.48058 -3.05083
v 48.50515 -3.32312 -3.27341
v 48.84552 -3.31090 -3.21756
v 49.18562 -3.29845 -3.16207
v 48.50515 -3.09731 -3.26855
v 48.50515 -2.86574 -3.25827
v 48.84552 -3.08806 -3.21324
v 49.18562 -3.07858 -3.15829
v 48.84552 -2.85953 -3.20360
v 49.18562 -2.85308 -3.14927
v 49.52528 -3.28576 -3.10698
v 49.75606 -3.27701 -3.06974
v 49.86434 -3.27320 -3.05264
v 49.52528 -3.06886 -3.10372
v 49.52528 -2.84639 -3.09530
v 49.75606 -3.06212 -3.06682
v 49.86434 -3.05925 -3.04988
v 49.75606 -2.84171 -3.05881
v 49.86434 -2.83980 -3.04205
v 50.20261 -4.03165 -2.96577
v 50.20261 -3.85221 -2.97906
v 50.20261 -3.66322 -2.98975
v 50.20261 -3.46568 -2.99719
v 50.53994 -3.45060 -2.94401
v 50.20261 -3.26115 -2.99941
v 50.53994 -3.24891 -2.94663
v 50.20261 -3.05014 -2.99715
v 50.53994 -3.04083 -2.94485
v 50.20261 -2.83368 -2.98990
v 48.50515 -2.62952 -3.24218
v 48.84552 -2.62639 -3.18822
v 49.18562 -2.62302 -3.13460
v 48.50515 -2.38973 -3.21996
v 48.84552 -2.38972 -3.16681
v 49.18562 -2.38946 -3.11398
v 49.52528 -2.61941 -3.08132
v 49.75606 -2.61682 -3.04529
v 49.86434 -2.61589 -3.02875
v 49.52528 -2.38896 -3.06149
v 49.75606 -2.38848 -3.02598
v 49.86434 -2.38853 -3.00968
v 48.50515 -2.14845 -3.18899
v 48.50515 -1.90588 -3.15120
v 48.84552 -2.15155 -3.13678
v 49.18562 -2.15440 -3.08486
v 48.84552 -1.91208 -3.10001
v 49.18562 -1.91804 -3.04911
v 48.50515 -1.66312 -3.10638
v 48.84552 -1.67242 -3.05631
v 49.18562 -1.68147 -3.00651
v 49.52528 -2.15701 -3.03327
v 49.52528 -1.92376 -2.99851
v 49.75606 -2.15864 -2.99836
v 49.86434 -2.15968 -2.98234
v 49.75606 -1.92751 -2.96427
v 49.86434 -1.92953 -2.94856
v 49.52528 -1.69029 -2.95700
v 50.20261 -2.61282 -2.97725
v 50.20261 -2.38854 -2.95893
v 48.50515 -5.43726 -2.89341
v 48.50515 -5.42908 -2.89309
v 48.50515 -5.40459 -2.89208
v 48.50515 -5.36393 -2.89030
v 48.84552 -5.39616 -2.83811
v 48.84552 -5.38808 -2.83782
v 48.84552 -5.36391 -2.83689
v 49.18562 -5.35486 -2.78331
v 49.18562 -5.34689 -2.78304
v 48.50515 -5.30729 -2.88765
v 48.50515 -5.23492 -2.88409
v 48.50515 -5.14741 -2.87893
v 48.50515 -5.04508 -2.87223
v 48.84552 -5.32376 -2.83525
v 48.84552 -5.26785 -2.83280
v 48.84552 -5.19642 -2.82948
v 49.18562 -5.32303 -2.78219
v 49.18562 -5.28341 -2.78068
v 49.18562 -5.22822 -2.77842
v 48.84552 -5.11003 -2.82463
v 49.18562 -5.15771 -2.77534
v 49.18562 -5.07244 -2.77079
v 48.50515 -4.92850 -2.86361
v 48.50515 -4.79828 -2.85278
v 48.84552 -5.00900 -2.81830
v 48.84552 -4.89391 -2.81012
v 49.18562 -4.97273 -2.76483
v 48.84552 -4.76535 -2.79979
v 49.18562 -4.85913 -2.75708
v 49.18562 -4.73223 -2.74723
v 49.52528 -5.23519 -2.92058
v 49.52528 -5.22658 -2.92217
v 49.52528 -5.20076 -2.92698
v 49.52528 -5.15790 -2.93481
v 49.75606 -5.20794 -2.88227
v 49.75606 -5.19941 -2.88385
v 49.86434 -5.19553 -2.86467
v 49.75606 -5.13139 -2.89648
v 49.75606 -5.17384 -2.88866
v 49.86434 -5.18704 -2.86625
v 49.86434 -5.16158 -2.87105
v 49.86434 -5.11933 -2.87887
v 49.75606 -5.07232 -2.90709
v 49.86434 -5.06052 -2.88947
v 49.52528 -5.31339 -2.72901
v 49.52528 -5.30552 -2.72877
v 49.52528 -5.28197 -2.72800
v 49.52528 -5.24288 -2.72662
v 49.52528 -5.18842 -2.72454
v 49.52528 -5.11884 -2.72170
v 49.52528 -5.03469 -2.71745
v 49.75606 -5.28508 -2.69238
v 49.75606 -5.27729 -2.69215
v 49.86434 -5.27219 -2.67556
v 49.75606 -5.25396 -2.69144
v 49.75606 -5.21521 -2.69014
v 49.86434 -5.26443 -2.67534
v 49.86434 -5.24120 -2.67465
v 49.86434 -5.20262 -2.67339
v 49.75606 -5.16125 -2.68818
v 49.86434 -5.14889 -2.67148
v 49.75606 -5.09230 -2.68551
v 49.86434 -5.08024 -2.66887
v 49.75606 -4.99688 -2.92040
v 49.86434 -4.98542 -2.90278
v 49.75606 -4.90575 -2.93540
v 49.86434 -4.89471 -2.91777
v 49.86434 -4.78874 -2.93439
v 49.52528 -4.93629 -2.71185
v 49.52528 -4.82418 -2.70451
v 49.75606 -5.00892 -2.68145
v 49.86434 -4.99722 -2.66490
v 49.75606 -4.91140 -2.67608
v 49.86434 -4.90012 -2.65963
v 49.75606 -4.80031 -2.66902
v 49.86434 -4.78950 -2.65269
v 48.50515 -4.65500 -2.83956
v 48.50515 -4.49978 -2.82273
v 48.84552 -4.62390 -2.78714
v 48.84552 -4.47065 -2.77096
v 49.18562 -4.59260 -2.73514
v 49.18562 -4.44133 -2.71960
v 48.50515 -4.33315 -2.80253
v 48.50515 -4.15594 -2.77863
v 48.84552 -4.30613 -2.75147
v 49.18562 -4.27893 -2.70082
v 48.84552 -4.13116 -2.72837
v 49.18562 -4.10620 -2.67850
v 49.52528 -4.69894 -2.69515
v 49.52528 -4.56114 -2.68360
v 49.52528 -4.41183 -2.66868
v 49.75606 -4.67620 -2.65998
v 49.86434 -4.66592 -2.64379
v 49.75606 -4.53964 -2.64881
v 49.86434 -4.52995 -2.63277
v 49.52528 -4.25155 -2.65060
v 49.75606 -4.39168 -2.63430
v 49.86434 -4.38262 -2.61845
v 49.75606 -4.23283 -2.61668
v 49.86434 -4.22444 -2.60104
v 50.20261 -5.15662 -2.80996
v 50.20261 -5.12315 -2.81633
v 50.20261 -5.14825 -2.81154
v 50.20261 -5.08150 -2.82412
v 50.53994 -5.10935 -2.75739
v 50.53994 -5.11760 -2.75582
v 50.53994 -5.08462 -2.76217
v 50.53994 -5.04356 -2.76994
v 50.20261 -5.23179 -2.62329
v 50.20261 -5.22414 -2.62310
v 50.20261 -5.20122 -2.62247
v 50.53994 -5.19130 -2.57159
v 50.20261 -5.16316 -2.62132
v 50.20261 -5.11016 -2.61958
v 50.20261 -5.04243 -2.61717
v 50.53994 -5.18375 -2.57142
v 50.53994 -5.16114 -2.57085
v 50.53994 -5.12361 -2.56982
v 50.53994 -5.07133 -2.56823
v 50.87613 -5.07037 -2.70384
v 50.87613 -5.07851 -2.70227
v 50.87613 -5.04599 -2.70860
v 50.20261 -4.94949 -2.84798
v 50.20261 -5.02353 -2.83470
v 50.53994 -4.98642 -2.78050
v 50.53994 -4.91344 -2.79375
v 50.20261 -4.86006 -2.86296
v 50.20261 -4.75559 -2.87958
v 50.53994 -4.82529 -2.80871
v 50.53994 -4.72230 -2.82531
v 50.87613 -4.87730 -2.74009
v 50.87613 -4.79042 -2.75503
v 50.20261 -4.96053 -2.61347
v 50.53994 -5.00453 -2.56603
v 50.53994 -4.92374 -2.56257
v 50.20261 -4.86474 -2.60851
v 50.20261 -4.75561 -2.60194
v 50.53994 -4.82926 -2.55792
v 50.53994 -4.72162 -2.55171
v 50.87613 -5.00553 -2.71635
v 50.87613 -4.94922 -2.72688
v 51.21103 -5.03134 -2.65090
v 51.21103 -5.03935 -2.64934
v 51.21103 -5.00731 -2.65565
v 51.21103 -4.96744 -2.66337
v 51.21103 -4.91195 -2.67386
v 51.54446 -5.00199 -2.59835
v 51.54446 -4.99410 -2.59991
v 51.54446 -4.97042 -2.60464
v 51.54446 -4.93113 -2.61233
v 51.54446 -4.87645 -2.62279
v 51.21103 -4.84108 -2.68704
v 51.21103 -4.75547 -2.70195
v 51.54446 -4.72223 -2.65078
v 51.54446 -4.80660 -2.63592
v 51.87625 -4.96469 -2.54805
v 51.87625 -4.95691 -2.54960
v 51.87625 -4.93358 -2.55430
v 51.87625 -4.89487 -2.56196
v 51.87625 -4.84098 -2.57237
v 51.87625 -4.77216 -2.58546
v 50.87613 -5.15074 -2.52048
v 50.87613 -5.14329 -2.52033
v 50.87613 -5.12100 -2.51983
v 50.87613 -5.08399 -2.51890
v 50.87613 -5.03243 -2.51746
v 50.87613 -4.96656 -2.51546
v 50.87613 -4.88688 -2.51225
v 50.87613 -4.79370 -2.50790
v 51.21103 -5.11014 -2.46998
v 51.21103 -5.10280 -2.46985
v 51.21103 -5.08082 -2.46941
v 51.21103 -5.04432 -2.46859
v 51.54446 -5.07139 -2.42139
v 51.54446 -5.06416 -2.42128
v 51.54446 -5.04248 -2.42090
v 51.87625 -5.03272 -2.37347
v 51.21103 -4.99348 -2.46730
v 51.21103 -4.92853 -2.46548
v 51.54446 -5.00649 -2.42018
v 51.54446 -4.95636 -2.41902
v 51.54446 -4.89231 -2.41738
v 51.21103 -4.84997 -2.46252
v 51.21103 -4.75809 -2.45846
v 51.54446 -4.81483 -2.41465
v 51.54446 -4.72423 -2.41086
v 51.87625 -5.02559 -2.37337
v 51.87625 -5.00422 -2.37305
v 51.87625 -4.96873 -2.37242
v 51.87625 -4.91930 -2.37140
v 51.87625 -4.85615 -2.36994
v 51.87625 -4.77976 -2.36742
v 50.20261 -4.63669 -2.89725
v 50.53994 -4.60511 -2.84298
v 50.20261 -4.50403 -2.91545
v 50.53994 -4.47433 -2.86121
v 50.87613 -4.68892 -2.77161
v 50.87613 -4.57341 -2.78928
v 50.87613 -4.44451 -2.80753
v 50.20261 -4.63369 -2.59347
v 50.53994 -4.60136 -2.54366
v 50.20261 -4.49954 -2.58293
v 50.20261 -4.35826 -2.93378
v 50.53994 -4.33063 -2.87960
v 50.53994 -4.17522 -2.89642
v 50.87613 -4.30287 -2.82596
v 50.87613 -4.14968 -2.84287
v 50.20261 -4.35418 -2.56917
v 50.20261 -4.19812 -2.55238
v 51.21103 -4.41459 -2.75443
v 51.21103 -4.65545 -2.71851
v 51.54446 -4.62365 -2.66731
v 51.21103 -4.54162 -2.73617
v 51.54446 -4.51146 -2.68494
v 51.87625 -4.68901 -2.60027
v 51.87625 -4.59188 -2.61675
v 51.87625 -4.48132 -2.63436
v 51.21103 -4.27500 -2.77289
v 51.21103 -4.12403 -2.78988
v 51.54446 -4.38627 -2.70319
v 51.54446 -4.24868 -2.72167
v 51.54446 -4.09987 -2.73871
v 51.87625 -4.35794 -2.65259
v 51.87625 -4.22235 -2.67107
v 50.53994 -4.46903 -2.53360
v 50.87613 -4.68754 -2.50204
v 50.87613 -4.56893 -2.49440
v 50.87613 -4.43842 -2.48481
v 50.53994 -4.32564 -2.52039
v 50.53994 -4.17168 -2.50422
v 50.87613 -4.29700 -2.47213
v 50.87613 -4.14515 -2.45656
v 51.21103 -4.65340 -2.45294
v 51.54446 -4.62099 -2.40567
v 51.21103 -4.53644 -2.44570
v 51.21103 -4.40775 -2.43656
v 51.54446 -4.50565 -2.39880
v 51.87625 -4.69042 -2.36389
v 51.87625 -4.58862 -2.35902
v 51.87625 -4.47488 -2.35251
v 51.21103 -4.26828 -2.42441
v 51.54446 -4.37872 -2.39009
v 51.21103 -4.11853 -2.40943
v 51.54446 -4.24117 -2.37843
v 51.54446 -4.09348 -2.36402
v 51.87625 -4.34972 -2.34423
v 51.87625 -4.21408 -2.33305
v 52.20623 -4.92741 -2.49838
v 52.20623 -4.91974 -2.49993
v 52.20623 -4.89676 -2.50461
v 52.53423 -4.88261 -2.45093
v 52.53423 -4.89017 -2.44939
v 52.20623 -4.85861 -2.51224
v 52.20623 -4.80552 -2.52260
v 52.20623 -4.73772 -2.53563
v 52.53423 -4.85997 -2.45559
v 52.53423 -4.82240 -2.46317
v 52.53423 -4.77010 -2.47350
v 52.68722 -4.87273 -2.42667
v 52.68722 -4.80544 -2.44042
v 52.68722 -4.75351 -2.45071
v 52.68722 -4.86524 -2.42820
v 52.68722 -4.84275 -2.43285
v 52.86009 -4.85460 -2.40190
v 52.86009 -4.84716 -2.40343
v 52.86009 -4.82485 -2.40806
v 52.86009 -4.78783 -2.41562
v 52.86009 -4.73630 -2.42589
v 52.20623 -4.99409 -2.32618
v 52.20623 -4.98705 -2.32610
v 52.20623 -4.96599 -2.32584
v 52.20623 -4.93100 -2.32530
v 52.20623 -4.88227 -2.32441
v 52.53423 -4.95551 -2.27955
v 52.53423 -4.94858 -2.27949
v 52.53423 -4.92781 -2.27928
v 52.53423 -4.89333 -2.27883
v 52.20623 -4.82001 -2.32311
v 52.20623 -4.74470 -2.32081
v 52.53423 -4.84529 -2.27806
v 52.53423 -4.78392 -2.27693
v 52.68722 -4.93746 -2.25793
v 52.68722 -4.93058 -2.25788
v 52.68722 -4.90995 -2.25769
v 52.68722 -4.87570 -2.25728
v 52.86009 -4.91866 -2.23437
v 52.86009 -4.91183 -2.23433
v 52.86009 -4.89135 -2.23416
v 52.68722 -4.82799 -2.25657
v 52.68722 -4.76703 -2.25552
v 52.86009 -4.85736 -2.23379
v 52.86009 -4.81001 -2.23314
v 52.86009 -4.74951 -2.23216
v 53.18364 -4.82054 -2.35580
v 53.18364 -4.81321 -2.35733
v 53.18364 -4.75475 -2.36945
v 53.18364 -4.79123 -2.36194
v 53.18364 -4.88336 -2.19054
v 53.18364 -4.87662 -2.19051
v 53.18364 -4.85644 -2.19039
v 53.18364 -4.82293 -2.19009
v 53.18364 -4.77625 -2.18955
v 53.18364 -4.71660 -2.18870
v 53.50471 -4.75771 -2.31649
v 53.50471 -4.78658 -2.31039
v 53.50471 -4.77936 -2.31190
v 53.50471 -4.72177 -2.32397
v 53.82314 -4.74564 -2.26718
v 53.82314 -4.75275 -2.26567
v 53.82314 -4.72430 -2.27174
v 53.50471 -4.84818 -2.14738
v 53.50471 -4.84153 -2.14736
v 53.50471 -4.82164 -2.14728
v 53.50471 -4.78861 -2.14706
v 53.50471 -4.74259 -2.14662
v 52.20623 -4.65580 -2.55039
v 52.20623 -4.56009 -2.56683
v 52.20623 -4.45115 -2.58439
v 52.20623 -4.32958 -2.60261
v 52.53423 -4.30120 -2.55326
v 52.20623 -4.19598 -2.62109
v 52.53423 -4.16957 -2.57173
v 52.68722 -4.15719 -2.54882
v 52.53423 -4.70329 -2.48647
v 52.53423 -4.62259 -2.50117
v 52.53423 -4.52830 -2.51755
v 52.53423 -4.42098 -2.53507
v 52.68722 -4.68718 -2.46366
v 52.68722 -4.60704 -2.47833
v 52.86009 -4.67049 -2.43880
v 52.86009 -4.59097 -2.45345
v 52.68722 -4.51341 -2.49469
v 52.68722 -4.40684 -2.51219
v 52.86009 -4.49807 -2.46978
v 52.20623 -4.65662 -2.31754
v 52.53423 -4.70968 -2.27483
v 52.53423 -4.62285 -2.27182
v 52.20623 -4.55625 -2.31297
v 52.20623 -4.44412 -2.30682
v 52.53423 -4.52391 -2.26755
v 52.53423 -4.41337 -2.26175
v 52.68722 -4.69329 -2.25351
v 52.68722 -4.60704 -2.25061
v 52.86009 -4.67632 -2.23025
v 52.86009 -4.59073 -2.22747
v 52.68722 -4.50877 -2.24648
v 52.86009 -4.49319 -2.22347
v 52.68722 -4.28790 -2.53036
v 52.86009 -4.39232 -2.48726
v 52.86009 -4.27430 -2.50541
v 52.86009 -4.14459 -2.52388
v 52.20623 -4.32072 -2.29895
v 52.53423 -4.29172 -2.25427
v 52.20623 -4.18698 -2.28825
v 52.53423 -4.15987 -2.24403
v 52.68722 -4.39897 -2.24084
v 52.68722 -4.27814 -2.23354
v 52.86009 -4.38421 -2.21799
v 52.86009 -4.26428 -2.21088
v 52.68722 -4.14717 -2.22351
v 52.86009 -4.13429 -2.20107
v 53.18364 -4.63913 -2.39254
v 53.18364 -4.70398 -2.37968
v 53.18364 -4.56077 -2.40713
v 53.18364 -4.46922 -2.42341
v 53.50471 -4.60784 -2.34694
v 53.50471 -4.53064 -2.36148
v 53.50471 -4.44044 -2.37770
v 53.18364 -4.64446 -2.18697
v 53.18364 -4.56007 -2.18440
v 53.18364 -4.46392 -2.18066
v 53.50471 -4.67174 -2.33415
v 53.82314 -4.63961 -2.28931
v 53.82314 -4.68889 -2.27918
v 53.82314 -4.57666 -2.30204
v 53.50471 -4.68380 -2.14590
v 53.50471 -4.61268 -2.14434
v 53.82314 -4.50060 -2.31651
v 53.82314 -4.41174 -2.33267
v 53.50471 -4.52950 -2.14198
v 53.50471 -4.43472 -2.13848
v 53.18364 -4.36502 -2.44084
v 53.18364 -4.24872 -2.45896
v 53.18364 -4.12089 -2.47741
v 53.50471 -4.33776 -2.39508
v 53.82314 -4.31058 -2.34999
v 53.50471 -4.22317 -2.41317
v 53.50471 -4.09721 -2.43159
v 53.82314 -4.19767 -2.36804
v 53.18364 -4.35647 -2.17547
v 53.18364 -4.23823 -2.16871
v 53.18364 -4.11007 -2.15930
v 54.13876 -4.71907 -2.22167
v 54.13876 -4.60761 -2.24518
v 54.13876 -4.71206 -2.22317
v 54.13876 -4.69104 -2.22771
v 54.13876 -4.65616 -2.23511
v 54.13876 -4.54560 -2.25784
v 54.13876 -4.47068 -2.27225
v 54.45143 -4.68818 -2.17992
v 54.45143 -4.68127 -2.18141
v 54.45143 -4.66056 -2.18592
v 54.45143 -4.62619 -2.19327
v 54.45143 -4.57835 -2.20329
v 54.76096 -4.65762 -2.13895
v 54.76096 -4.65081 -2.14044
v 54.76096 -4.63040 -2.14492
v 54.76096 -4.59653 -2.15223
v 54.45143 -4.51723 -2.21588
v 54.45143 -4.44339 -2.23022
v 54.76096 -4.54938 -2.16218
v 54.76096 -4.48916 -2.17471
v 54.76096 -4.41639 -2.18897
v 54.13876 -4.38313 -2.28834
v 54.13876 -4.28347 -2.30560
v 54.13876 -4.17224 -2.32360
v 54.45143 -4.35711 -2.24623
v 54.45143 -4.25889 -2.26343
v 54.76096 -4.33135 -2.20491
v 54.45143 -4.14926 -2.28137
v 54.76096 -4.12651 -2.23991
v 54.76096 -4.23456 -2.22203
v 55.06722 -4.38953 -2.14842
v 55.06722 -4.30574 -2.16428
v 55.06722 -4.21035 -2.18133
v 55.06722 -4.10387 -2.19914
v 55.37003 -4.18628 -2.14134
v 53.82314 -4.81314 -2.10490
v 53.82314 -4.80659 -2.10490
v 53.82314 -4.78698 -2.10486
v 53.82314 -4.75443 -2.10471
v 53.82314 -4.70907 -2.10436
v 53.82314 -4.65113 -2.10377
v 53.82314 -4.58103 -2.10238
v 53.82314 -4.49904 -2.10021
v 53.82314 -4.40561 -2.09695
v 53.50471 -4.32880 -2.13359
v 53.82314 -4.30122 -2.09234
v 53.50471 -4.21224 -2.12715
v 53.50471 -4.08590 -2.11814
v 53.82314 -4.18632 -2.08623
v 54.13876 -4.77826 -2.06312
v 54.13876 -4.77181 -2.06313
v 54.13876 -4.75249 -2.06313
v 54.13876 -4.72040 -2.06305
v 54.45143 -4.74625 -2.02350
v 54.45143 -4.73989 -2.02353
v 54.45143 -4.72084 -2.02357
v 54.13876 -4.67571 -2.06280
v 54.13876 -4.61860 -2.06233
v 54.13876 -4.54951 -2.06109
v 54.13876 -4.46871 -2.05912
v 54.45143 -4.68920 -2.02354
v 54.45143 -4.64514 -2.02338
v 54.45143 -4.58883 -2.02303
v 54.76096 -4.71458 -1.98465
v 54.76096 -4.70831 -1.98469
v 54.76096 -4.68953 -1.98476
v 54.76096 -4.65834 -1.98479
v 54.76096 -4.61489 -1.98472
v 54.76096 -4.55938 -1.98448
v 54.45143 -4.52072 -2.02194
v 54.45143 -4.44104 -2.02015
v 54.76096 -4.49223 -1.98353
v 54.76096 -4.41367 -1.98192
v 54.13876 -4.37663 -2.05610
v 54.13876 -4.27373 -2.05176
v 54.13876 -4.16049 -2.04596
v 54.45143 -4.35025 -2.01734
v 54.45143 -4.24880 -2.01326
v 54.76096 -4.32416 -1.97932
v 54.45143 -4.13714 -2.00776
v 54.76096 -4.22413 -1.97548
v 54.76096 -4.11403 -1.97027
v 55.06722 -4.62054 -2.10017
v 55.06722 -4.62725 -2.09870
v 55.06722 -4.60043 -2.10463
v 55.06722 -4.56705 -2.11189
v 55.37003 -4.59710 -2.05918
v 55.37003 -4.57067 -2.06506
v 55.37003 -4.59049 -2.06064
v 55.06722 -4.68313 -1.94650
v 55.06722 -4.67694 -1.94654
v 55.06722 -4.65843 -1.94665
v 55.06722 -4.62768 -1.94674
v 55.06722 -4.58485 -1.94674
v 55.06722 -4.52059 -2.12179
v 55.06722 -4.46125 -2.13424
v 55.37003 -4.53778 -2.07228
v 55.37003 -4.49200 -2.08211
v 55.37003 -4.43352 -2.09449
v 55.06722 -4.53012 -1.94661
v 55.06722 -4.46392 -1.94580
v 55.62092 -4.57202 -2.02664
v 55.62092 -4.56550 -2.02809
v 55.62092 -4.51344 -2.03966
v 55.62092 -4.46822 -2.04945
v 55.62092 -4.41046 -2.06175
v 55.62092 -4.54592 -2.03249
v 55.37003 -4.65191 -1.90904
v 55.37003 -4.64581 -1.90910
v 55.37003 -4.62756 -1.90924
v 55.37003 -4.59725 -1.90939
v 55.37003 -4.55503 -1.90947
v 55.37003 -4.50108 -1.90944
v 55.37003 -4.43581 -1.90876
v 55.62092 -4.62596 -1.87822
v 55.62092 -4.61993 -1.87829
v 55.62092 -4.60190 -1.87845
v 55.62092 -4.57195 -1.87865
v 55.62092 -4.53023 -1.87879
v 55.62092 -4.47693 -1.87885
v 55.62092 -4.41243 -1.87828
v 55.37003 -4.36286 -2.10859
v 55.37003 -4.28028 -2.12437
v 55.06722 -4.38647 -1.94436
v 55.06722 -4.29822 -1.94196
v 55.06722 -4.19960 -1.93837
v 55.62092 -4.34066 -2.07579
v 55.62092 -4.25910 -2.09149
v 55.62092 -4.16624 -2.10839
v 55.37003 -4.35946 -1.90748
v 55.37003 -4.27246 -1.90528
v 55.06722 -4.09105 -1.93343
v 55.37003 -4.17523 -1.90192
v 55.62092 -4.33700 -1.87712
v 55.62092 -4.25103 -1.87508
v 55.62092 -4.15496 -1.87191
v 48.50515 -3.96903 -2.75071
v 48.50515 -3.77333 -2.71844
v 48.84552 -3.94660 -2.70133
v 49.18562 -3.92399 -2.65233
v 48.50515 -3.57024 -2.68044
v 48.84552 -3.75336 -2.67001
v 49.18562 -3.73322 -2.62195
v 48.84552 -3.55282 -2.63306
v 49.18562 -3.53522 -2.58603
v 49.52528 -4.08106 -2.62905
v 49.52528 -3.90122 -2.60372
v 49.75606 -4.06387 -2.59566
v 49.86434 -4.05620 -2.58023
v 49.75606 -3.88563 -2.57089
v 49.86434 -3.87871 -2.55572
v 49.52528 -3.71290 -2.57427
v 49.52528 -3.51745 -2.53937
v 49.75606 -3.69899 -2.54206
v 49.86434 -3.69287 -2.52716
v 49.75606 -3.50527 -2.50785
v 49.86434 -3.49996 -2.49325
v 48.50515 -3.36033 -2.63742
v 48.50515 -3.14461 -2.58913
v 48.84552 -3.34553 -2.59117
v 49.18562 -3.33055 -2.54526
v 48.84552 -3.13249 -2.54410
v 48.50515 -2.92403 -2.53550
v 49.18562 -3.12020 -2.49938
v 48.84552 -2.91465 -2.49176
v 49.18562 -2.90510 -2.44832
v 49.52528 -3.31541 -2.49970
v 49.75606 -3.30502 -2.46891
v 49.86434 -3.30055 -2.45465
v 49.52528 -3.10775 -2.45500
v 49.52528 -2.89539 -2.40521
v 49.75606 -3.09919 -2.42501
v 49.86434 -3.09558 -2.41110
v 49.75606 -2.88869 -2.37607
v 49.86434 -2.88596 -2.36253
v 50.53994 -4.00863 -2.91183
v 50.53994 -3.83171 -2.92531
v 50.87613 -3.98547 -2.85842
v 50.87613 -3.81106 -2.87208
v 50.53994 -3.64537 -2.93625
v 50.87613 -3.62737 -2.88326
v 51.21103 -3.96218 -2.80555
v 51.54446 -3.94034 -2.75449
v 51.21103 -3.79028 -2.81938
v 51.54446 -3.77089 -2.76846
v 51.87625 -4.07570 -2.68817
v 51.87625 -3.91846 -2.70403
v 51.21103 -3.60921 -2.83079
v 51.54446 -3.59240 -2.78007
v 51.87625 -3.75145 -2.71814
v 51.87625 -3.57552 -2.72993
v 50.20261 -4.03212 -2.53228
v 50.53994 -4.00792 -2.48480
v 50.20261 -3.85699 -2.50854
v 50.53994 -3.83515 -2.46182
v 50.87613 -3.98362 -2.43782
v 50.87613 -3.81320 -2.41558
v 50.20261 -3.67361 -2.48083
v 50.53994 -3.65423 -2.43494
v 50.20261 -3.48325 -2.44785
v 50.53994 -3.46642 -2.40289
v 50.87613 -3.63473 -2.38952
v 51.21103 -3.95922 -2.39135
v 51.54446 -3.93636 -2.34656
v 51.21103 -3.79115 -2.36984
v 51.54446 -3.77058 -2.32575
v 51.87625 -4.06844 -2.31919
v 51.87625 -3.91349 -2.30234
v 51.21103 -3.61513 -2.34458
v 51.54446 -3.59696 -2.30125
v 51.87625 -3.75000 -2.28220
v 51.87625 -3.57878 -2.25845
v 50.87613 -3.43534 -2.89131
v 50.87613 -3.23650 -2.89433
v 50.53994 -2.82737 -2.93816
v 50.87613 -3.03133 -2.89301
v 51.21103 -3.41993 -2.83913
v 51.54446 -3.40580 -2.78867
v 51.21103 -3.22391 -2.84253
v 51.54446 -3.21255 -2.79240
v 51.87625 -3.20110 -2.74284
v 51.87625 -3.39160 -2.73878
v 51.21103 -3.02165 -2.84166
v 51.54446 -3.01314 -2.79194
v 51.87625 -3.00452 -2.74278
v 50.20261 -3.28647 -2.41027
v 50.53994 -3.27225 -2.36630
v 50.87613 -3.44946 -2.35837
v 50.87613 -3.25792 -2.32276
v 50.20261 -3.08419 -2.36782
v 50.53994 -3.07266 -2.32493
v 50.20261 -2.87731 -2.32043
v 50.53994 -2.86853 -2.27870
v 50.87613 -3.06101 -2.28246
v 50.87613 -2.85961 -2.23737
v 51.21103 -3.43239 -2.31432
v 51.54446 -3.41671 -2.27184
v 51.21103 -3.24346 -2.27968
v 51.54446 -3.23034 -2.23812
v 51.87625 -3.40100 -2.22987
v 51.87625 -3.21718 -2.19706
v 51.21103 -3.04923 -2.24042
v 51.54446 -3.03874 -2.19986
v 51.21103 -2.85056 -2.19645
v 51.54446 -2.84275 -2.15697
v 51.87625 -3.02819 -2.15978
v 51.87625 -2.83487 -2.11794
v 48.50515 -2.69951 -2.47664
v 48.84552 -2.69290 -2.43427
v 49.18562 -2.68613 -2.39219
v 48.50515 -2.47276 -2.41079
v 48.50515 -2.24407 -2.33970
v 48.84552 -2.46895 -2.36989
v 49.18562 -2.46497 -2.32926
v 48.84552 -2.24305 -2.30034
v 49.18562 -2.24188 -2.26123
v 49.52528 -2.67920 -2.35042
v 49.75606 -2.67440 -2.32218
v 49.86434 -2.67255 -2.30905
v 49.52528 -2.46083 -2.28892
v 49.52528 -2.24055 -2.22239
v 49.75606 -2.45793 -2.26165
v 49.86434 -2.45698 -2.24895
v 49.75606 -2.23956 -2.19613
v 49.86434 -2.23951 -2.18389
v 49.75606 -1.69614 -2.92349
v 49.86434 -1.69914 -2.90812
v 48.50515 -2.01437 -2.26354
v 48.84552 -2.01616 -2.22579
v 49.18562 -2.01779 -2.18827
v 48.50515 -1.78460 -2.18255
v 48.84552 -1.78918 -2.14646
v 49.52528 -2.01927 -2.15100
v 50.53994 -2.60954 -2.92616
v 50.87613 -2.82085 -2.88686
v 50.87613 -2.60605 -2.87549
v 50.53994 -2.38833 -2.90857
v 50.87613 -2.38791 -2.85862
v 51.21103 -2.81414 -2.83604
v 51.54446 -2.80854 -2.78682
v 51.21103 -2.60237 -2.82528
v 51.54446 -2.59972 -2.77664
v 51.87625 -2.80281 -2.73813
v 51.87625 -2.59694 -2.72850
v 51.21103 -2.38728 -2.80911
v 51.54446 -2.38763 -2.76112
v 51.87625 -2.38783 -2.71363
v 50.20261 -2.66669 -2.26819
v 50.53994 -2.66069 -2.22769
v 50.87613 -2.65455 -2.18758
v 50.20261 -2.45392 -2.20944
v 50.53994 -2.45071 -2.17027
v 50.20261 -2.23927 -2.14579
v 51.21103 -2.64827 -2.14786
v 50.20261 -2.16277 -2.93246
v 50.53994 -2.16564 -2.88295
v 50.20261 -1.93571 -2.89963
v 50.53994 -1.94165 -2.85106
v 50.87613 -2.16828 -2.83383
v 50.87613 -1.94737 -2.80287
v 50.20261 -1.70839 -2.86025
v 50.53994 -1.71740 -2.81271
v 50.87613 -1.72618 -2.76554
v 51.21103 -2.17071 -2.78514
v 51.21103 -1.95286 -2.75509
v 51.54446 -2.17405 -2.73792
v 51.54446 -1.95920 -2.70872
v 51.87625 -2.17723 -2.69118
v 51.87625 -1.96537 -2.66283
v 51.21103 -1.73471 -2.71875
v 51.54446 -1.74405 -2.67334
v 51.87625 -1.75319 -2.62837
v 49.18562 -1.79361 -2.11059
v 48.84552 -1.56304 -2.06262
v 49.18562 -1.57026 -2.02845
v 49.75606 -2.02020 -2.12580
v 49.86434 -2.02105 -2.11403
v 49.52528 -1.79790 -2.07495
v 49.52528 -1.57733 -1.99450
v 49.75606 -1.80073 -2.05085
v 49.86434 -1.80248 -2.03958
v 49.75606 -1.58205 -1.97153
v 49.86434 -1.58470 -1.96078
v 50.53994 -2.23888 -2.10802
v 50.87613 -2.44737 -2.13146
v 50.87613 -2.23834 -2.07060
v 51.54446 -2.64318 -2.10952
v 51.87625 -2.63801 -2.07162
v 51.21103 -2.44388 -2.09304
v 51.54446 -2.44152 -2.05593
v 51.21103 -2.23765 -2.03353
v 51.54446 -2.23805 -1.99773
v 51.87625 -2.43908 -2.01925
v 51.87625 -2.23835 -1.96234
v 50.20261 -2.02362 -2.07742
v 50.53994 -2.02605 -2.04111
v 50.87613 -2.02832 -2.00513
v 50.20261 -1.80787 -2.00451
v 50.53994 -1.81310 -1.96973
v 50.20261 -1.59287 -1.92731
v 50.53994 -1.60089 -1.89411
v 50.87613 -1.81818 -1.93525
v 50.87613 -1.60875 -1.86119
v 51.21103 -2.03044 -1.96949
v 51.54446 -2.03359 -1.93506
v 51.87625 -2.03664 -1.90102
v 51.21103 -1.82310 -1.90110
v 51.54446 -1.82900 -1.86810
v 51.21103 -1.61646 -1.82858
v 51.54446 -1.62509 -1.79707
v 51.87625 -1.83479 -1.83546
v 51.87625 -1.63360 -1.76589
v 52.20623 -4.05146 -2.63822
v 52.53423 -4.02717 -2.58890
v 52.20623 -3.89651 -2.65417
v 52.53423 -3.87450 -2.60491
v 52.68722 -4.01578 -2.56600
v 52.86009 -4.00428 -2.54107
v 52.68722 -3.86417 -2.58204
v 52.86009 -3.85383 -2.55715
v 52.20623 -3.73193 -2.66840
v 52.53423 -3.71232 -2.61925
v 52.20623 -3.55854 -2.68036
v 52.53423 -3.54147 -2.63138
v 52.68722 -3.70312 -2.59644
v 52.86009 -3.69400 -2.57160
v 52.68722 -3.53345 -2.60864
v 52.86009 -3.52563 -2.58389
v 52.20623 -4.04337 -2.27491
v 52.53423 -4.01829 -2.23121
v 52.20623 -3.89059 -2.25866
v 52.53423 -3.86766 -2.21555
v 52.68722 -4.00654 -2.21094
v 52.86009 -3.99470 -2.18875
v 52.68722 -3.85691 -2.19554
v 52.86009 -3.84619 -2.17363
v 52.20623 -3.72938 -2.23919
v 52.53423 -3.70872 -2.19672
v 52.20623 -3.56053 -2.21617
v 52.53423 -3.54224 -2.17442
v 52.68722 -3.69903 -2.17702
v 52.86009 -3.68948 -2.15541
v 52.68722 -3.53366 -2.15505
v 53.18364 -3.98261 -2.49464
v 53.18364 -3.83434 -2.51077
v 53.50471 -3.96095 -2.44884
v 53.82314 -4.07357 -2.38644
v 53.82314 -3.93931 -2.40369
v 53.50471 -3.81483 -2.46503
v 53.82314 -3.79533 -2.41993
v 53.18364 -3.97245 -2.14743
v 53.18364 -3.67682 -2.52533
v 53.18364 -3.51087 -2.53776
v 53.50471 -3.65961 -2.47968
v 53.82314 -3.64237 -2.43466
v 53.50471 -3.49606 -2.49225
v 53.82314 -3.48121 -2.44736
v 52.20623 -3.37727 -2.68944
v 52.53423 -3.36284 -2.64068
v 52.20623 -3.18951 -2.69381
v 52.53423 -3.17780 -2.64536
v 52.68722 -3.35604 -2.61803
v 52.86009 -3.34958 -2.59340
v 52.68722 -3.17228 -2.62285
v 52.86009 -3.16720 -2.59837
v 52.20623 -2.99575 -2.69414
v 52.53423 -2.98684 -2.64606
v 52.68722 -2.98262 -2.62372
v 52.86009 -2.97898 -2.59943
v 53.18364 -3.33734 -2.54748
v 53.18364 -3.15758 -2.55273
v 53.18364 -2.97204 -2.55414
v 52.20623 -3.38522 -2.18840
v 52.53423 -3.36938 -2.14746
v 52.20623 -3.20394 -2.15648
v 53.50471 -3.32504 -2.50216
v 53.82314 -3.31268 -2.45746
v 53.50471 -3.14787 -2.50768
v 53.82314 -3.13808 -2.46324
v 53.50471 -2.96499 -2.50943
v 53.82314 -2.95784 -2.46531
v 54.13876 -4.04998 -2.34196
v 54.13876 -3.91770 -2.35922
v 54.13876 -3.77584 -2.37549
v 54.45143 -4.02876 -2.29969
v 54.76096 -4.00775 -2.25818
v 54.45143 -3.89838 -2.31694
v 54.76096 -3.87924 -2.27541
v 54.13876 -3.62514 -2.39030
v 54.13876 -3.46634 -2.40312
v 54.45143 -3.61001 -2.34810
v 54.45143 -3.45347 -2.36102
v 54.45143 -3.75856 -2.33323
v 54.76096 -3.74143 -2.29172
v 54.76096 -3.59501 -2.30663
v 55.06722 -3.98682 -2.21736
v 55.37003 -4.08135 -2.15907
v 55.37003 -3.96601 -2.17723
v 55.06722 -3.86017 -2.23456
v 55.37003 -3.84119 -2.19441
v 55.62092 -3.94866 -2.14417
v 55.62092 -3.82536 -2.16132
v 55.06722 -3.72435 -2.25087
v 55.37003 -3.70733 -2.21072
v 55.06722 -3.58003 -2.26583
v 55.37003 -3.56509 -2.22571
v 55.62092 -3.69313 -2.17762
v 55.62092 -3.55262 -2.19264
v 54.13876 -3.30027 -2.41338
v 54.45143 -3.28977 -2.37143
v 54.76096 -3.44071 -2.31964
v 54.76096 -3.27935 -2.33020
v 54.13876 -3.12821 -2.41941
v 54.13876 -2.95060 -2.42179
v 54.45143 -3.12015 -2.37768
v 54.45143 -2.94505 -2.38034
v 54.76096 -2.93952 -2.33958
v 54.76096 -3.11214 -2.33665
v 55.06722 -3.42795 -2.27893
v 55.37003 -3.41520 -2.23888
v 55.06722 -3.26890 -2.28961
v 55.37003 -3.25843 -2.24968
v 55.62092 -3.40454 -2.20586
v 55.62092 -3.24966 -2.21676
v 55.06722 -3.10407 -2.29626
v 55.37003 -3.09597 -2.25652
v 55.06722 -2.93391 -2.29945
v 55.37003 -2.92824 -2.25995
v 55.62092 -3.08916 -2.22374
v 55.62092 -2.92344 -2.22737
v 52.86009 -3.52533 -2.13379
v 53.18364 -3.82602 -2.13283
v 53.50471 -3.95022 -2.10672
v 53.82314 -4.06178 -2.07760
v 53.82314 -3.92803 -2.06661
v 53.50471 -3.80585 -2.09261
v 53.82314 -3.78572 -2.05300
v 53.18364 -3.67149 -2.11519
v 53.18364 -3.50964 -2.09420
v 53.50471 -3.65351 -2.07554
v 53.82314 -3.63554 -2.03647
v 53.50471 -3.49393 -2.05518
v 53.82314 -3.47822 -2.01672
v 52.53423 -3.19063 -2.11641
v 52.68722 -3.36194 -2.12845
v 52.86009 -3.35488 -2.10758
v 52.68722 -3.18437 -2.09780
v 52.86009 -3.17862 -2.07735
v 52.20623 -3.01756 -2.12017
v 52.53423 -3.00684 -2.08103
v 52.20623 -2.82689 -2.07936
v 52.68722 -3.00179 -2.06286
v 52.86009 -2.99738 -2.04288
v 53.18364 -3.34156 -2.06871
v 53.18364 -3.16775 -2.03927
v 53.50471 -3.32821 -2.03038
v 53.82314 -3.31483 -1.99262
v 53.50471 -3.15683 -2.00171
v 53.82314 -3.14586 -1.96470
v 53.18364 -2.98902 -2.00565
v 53.50471 -2.98059 -1.96893
v 53.82314 -2.97210 -1.93274
v 54.13876 -4.03774 -2.03770
v 54.13876 -3.90590 -2.02714
v 54.45143 -4.01610 -1.99985
v 54.76096 -3.99469 -1.96270
v 54.45143 -3.88610 -1.98968
v 54.76096 -3.86650 -1.95292
v 54.13876 -3.76563 -2.01400
v 54.13876 -3.61759 -1.99801
v 54.13876 -3.46251 -1.97886
v 54.45143 -3.74778 -1.97700
v 54.76096 -3.73011 -1.94067
v 54.45143 -3.60179 -1.96151
v 54.76096 -3.58615 -1.92568
v 55.62092 -4.06260 -2.12606
v 55.06722 -3.97338 -1.92619
v 55.37003 -4.06822 -1.89725
v 55.37003 -3.95220 -1.89033
v 55.06722 -3.84700 -1.91678
v 55.37003 -3.82760 -1.88129
v 55.62092 -4.04921 -1.86746
v 55.62092 -3.93457 -1.86079
v 55.62092 -3.81144 -1.85205
v 55.06722 -3.71251 -1.90496
v 55.37003 -3.69500 -1.86988
v 55.06722 -3.57057 -1.89045
v 55.37003 -3.55505 -1.85583
v 55.62092 -3.68041 -1.84099
v 55.62092 -3.54210 -1.82731
v 54.13876 -3.30145 -1.95542
v 54.45143 -3.44886 -1.94292
v 54.76096 -3.43535 -1.90763
v 54.45143 -3.29002 -1.92012
v 54.76096 -3.27871 -1.88545
v 54.13876 -3.13487 -1.92824
v 54.13876 -2.96356 -1.89709
v 54.45143 -3.12574 -1.89363
v 54.76096 -3.11670 -1.85965
v 54.45143 -2.95679 -1.86324
v 54.76096 -2.95007 -1.83000
v 55.06722 -3.42186 -1.87294
v 55.37003 -3.40842 -1.83884
v 55.06722 -3.26740 -1.85136
v 55.37003 -3.25612 -1.81785
v 55.62092 -3.39721 -1.81075
v 55.62092 -3.24669 -1.79024
v 55.06722 -3.10764 -1.82622
v 55.37003 -3.09858 -1.79336
v 55.06722 -2.94332 -1.79730
v 55.37003 -2.93655 -1.76515
v 55.62092 -3.09099 -1.76628
v 55.62092 -2.93085 -1.73866
v 52.20623 -2.79692 -2.68995
v 52.53423 -2.79087 -2.64232
v 52.20623 -2.59397 -2.68087
v 52.53423 -2.59084 -2.63376
v 52.68722 -2.78799 -2.62018
v 52.86009 -2.78582 -2.59612
v 52.68722 -2.58931 -2.61187
v 52.86009 -2.58863 -2.58808
v 52.20623 -2.38783 -2.66662
v 52.53423 -2.38764 -2.62012
v 52.68722 -2.38749 -2.59851
v 52.86009 -2.38832 -2.57503
v 53.18364 -2.78163 -2.55126
v 53.18364 -2.58724 -2.54371
v 53.50471 -2.77730 -2.50695
v 53.82314 -2.77286 -2.46322
v 53.50471 -2.58569 -2.49989
v 53.82314 -2.58400 -2.45662
v 53.18364 -2.38975 -2.53123
v 53.50471 -2.39101 -2.48797
v 53.82314 -2.39211 -2.44525
v 53.50471 -2.19488 -2.46902
v 53.82314 -2.19877 -2.42695
v 52.20623 -2.18020 -2.64491
v 52.53423 -2.18297 -2.59913
v 52.20623 -1.97131 -2.61738
v 52.53423 -1.97703 -2.57241
v 52.68722 -2.18419 -2.57785
v 52.86009 -2.18654 -2.55474
v 52.68722 -1.97964 -2.55150
v 52.20623 -1.76210 -2.58384
v 52.53423 -1.77078 -2.53976
v 52.86009 -1.98350 -2.52880
v 52.53423 -1.56509 -2.50110
v 52.68722 -1.77476 -2.51927
v 52.86009 -1.78013 -2.49703
v 52.68722 -1.57044 -2.48106
v 52.86009 -1.57732 -2.45932
v 53.18364 -2.19080 -2.51163
v 53.18364 -1.99061 -2.48646
v 53.50471 -1.99751 -2.44460
v 53.82314 -2.00420 -2.40326
v 53.18364 -1.79008 -2.45553
v 53.18364 -1.59008 -2.41875
v 53.50471 -1.79979 -2.41451
v 53.82314 -1.80927 -2.37397
v 53.50471 -1.60259 -2.37864
v 53.82314 -1.61485 -2.33900
v 54.13876 -2.76830 -2.42008
v 54.13876 -2.58216 -2.41394
v 54.45143 -2.76532 -2.37898
v 54.76096 -2.76233 -2.33856
v 54.45143 -2.58180 -2.37325
v 54.76096 -2.58140 -2.33323
v 54.13876 -2.39304 -2.40309
v 54.13876 -2.20247 -2.38542
v 54.45143 -2.39533 -2.36290
v 54.45143 -2.20742 -2.34582
v 54.76096 -2.39754 -2.32335
v 54.76096 -2.21226 -2.30684
v 55.06722 -2.75924 -2.29875
v 55.37003 -2.75605 -2.25956
v 55.06722 -2.58086 -2.29381
v 55.37003 -2.58021 -2.25500
v 55.62092 -2.75331 -2.22723
v 55.62092 -2.57956 -2.22297
v 55.06722 -2.39960 -2.28438
v 55.37003 -2.40151 -2.24602
v 55.06722 -2.21692 -2.26843
v 55.37003 -2.22140 -2.23061
v 55.62092 -2.40299 -2.21435
v 55.62092 -2.22501 -2.19938
v 54.13876 -2.01068 -2.36244
v 54.45143 -2.01829 -2.32350
v 54.76096 -2.02577 -2.28517
v 54.13876 -1.81853 -2.33395
v 54.13876 -1.62685 -2.29986
v 54.45143 -1.82880 -2.29576
v 54.76096 -1.83891 -2.25815
v 54.45143 -1.63977 -2.26248
v 54.76096 -1.65249 -2.22568
v 55.37003 -2.04010 -2.21019
v 55.06722 -2.03304 -2.24740
v 55.62092 -2.04586 -2.17947
v 55.06722 -1.84878 -2.22109
v 55.37003 -1.85842 -2.18457
v 55.06722 -1.66495 -2.18940
v 55.37003 -1.67715 -2.15365
v 55.62092 -1.86631 -2.15441
v 52.53423 -2.81882 -2.04125
v 52.20623 -2.63273 -2.03415
v 52.53423 -2.62735 -1.99713
v 52.68722 -2.81501 -2.02355
v 52.86009 -2.81196 -2.00407
v 52.68722 -2.62479 -1.97994
v 52.86009 -2.62313 -1.96098
v 52.20623 -2.43651 -1.98298
v 52.53423 -2.43383 -1.94713
v 52.20623 -2.23851 -1.92733
v 52.53423 -2.23856 -1.89273
v 52.68722 -2.43254 -1.93048
v 52.86009 -2.43228 -1.91211
v 52.68722 -2.23853 -1.87666
v 52.86009 -2.23968 -1.85890
v 53.18364 -2.80616 -1.96776
v 53.18364 -2.61993 -1.92567
v 53.50471 -2.80028 -1.93195
v 53.82314 -2.79431 -1.89665
v 53.50471 -2.61663 -1.89084
v 53.82314 -2.61323 -1.85649
v 53.18364 -2.43169 -1.87788
v 53.18364 -2.24173 -1.82581
v 53.50471 -2.43100 -1.84411
v 53.82314 -2.43018 -1.81080
v 53.50471 -2.24365 -1.79316
v 53.82314 -2.24543 -1.76096
v 52.20623 -2.03955 -1.86734
v 52.53423 -2.04232 -1.83404
v 52.68722 -2.04356 -1.81858
v 52.86009 -2.04612 -1.80147
v 52.20623 -1.84043 -1.80317
v 52.53423 -1.84591 -1.77125
v 52.20623 -1.64195 -1.73504
v 52.68722 -1.84843 -1.75641
v 52.86009 -1.85239 -1.73998
v 53.18364 -2.05081 -1.76959
v 53.50471 -2.05535 -1.73812
v 52.53423 -1.65014 -1.70454
v 52.68722 -1.65393 -1.69036
v 52.86009 -1.65928 -1.67464
v 53.82314 -2.05975 -1.70709
v 53.18364 -1.85972 -1.70937
v 53.18364 -1.66923 -1.64534
v 53.50471 -1.86688 -1.67915
v 53.82314 -1.87387 -1.64933
v 53.50471 -1.67899 -1.61641
v 53.82314 -1.68857 -1.58788
v 54.13876 -2.78828 -1.86187
v 54.13876 -2.60975 -1.82265
v 54.45143 -2.78391 -1.82885
v 54.76096 -2.77957 -1.79641
v 54.45143 -2.60782 -1.79052
v 54.76096 -2.60590 -1.75895
v 54.13876 -2.42926 -1.77798
v 54.45143 -2.42979 -1.74682
v 55.06722 -2.77518 -1.76450
v 54.13876 -2.24709 -1.72923
v 54.76096 -2.43030 -1.71620
v 54.45143 -2.25010 -1.69909
v 54.76096 -2.25306 -1.66948
v 55.37003 -2.77073 -1.73313
v 55.06722 -2.60389 -1.72789
v 55.37003 -2.60181 -1.69735
v 55.62092 -2.76697 -1.70727
v 55.62092 -2.60002 -1.67217
v 55.06722 -2.43071 -1.68607
v 55.37003 -2.43102 -1.65643
v 55.06722 -2.25590 -1.64034
v 55.37003 -2.25861 -1.61167
v 55.62092 -2.43120 -1.63200
v 55.62092 -2.26078 -1.58803
v 55.62092 -1.68717 -2.12413
v 54.13876 -2.06399 -1.67650
v 54.13876 -1.88070 -1.61994
v 54.45143 -2.06948 -1.64745
v 54.76096 -2.07490 -1.61890
v 54.45143 -1.88867 -1.59204
v 54.76096 -1.89654 -1.56460
v 54.13876 -1.69797 -1.55974
v 54.76096 -1.71870 -1.50676
v 54.45143 -1.70840 -1.53302
v 55.06722 -2.08017 -1.59080
v 55.37003 -2.08528 -1.56316
v 55.06722 -1.90424 -1.53760
v 55.62092 -2.08946 -1.54036
v 55.37003 -1.91176 -1.51103
v 55.62092 -1.91793 -1.48912
v 55.06722 -1.72882 -1.48089
v 55.37003 -1.73873 -1.45545
v 55.37003 -1.56713 -1.39597
v 55.62092 -1.74689 -1.43446
v 55.62092 -1.57725 -1.37595
v 55.96473 -4.51557 -1.99010
v 55.96473 -4.48361 -1.99722
v 55.96473 -4.54124 -1.98430
v 55.96473 -4.53482 -1.98574
v 55.96473 -4.43913 -2.00693
v 56.25631 -4.50870 -1.95008
v 56.25631 -4.51503 -1.94865
v 56.25631 -4.48972 -1.95441
v 56.25631 -4.45821 -1.96148
v 56.25631 -4.41435 -1.97112
v 55.96473 -4.59403 -1.83816
v 55.96473 -4.58810 -1.83823
v 55.96473 -4.57035 -1.83843
v 56.25631 -4.56685 -1.80443
v 56.25631 -4.56101 -1.80452
v 55.96473 -4.54088 -1.83868
v 55.96473 -4.49982 -1.83891
v 55.96473 -4.44736 -1.83908
v 56.25631 -4.54350 -1.80474
v 56.25631 -4.51442 -1.80504
v 56.25631 -4.47392 -1.80534
v 56.25631 -4.42217 -1.80560
v 56.54384 -4.48908 -1.91372
v 56.54384 -4.48284 -1.91514
v 56.54384 -4.46412 -1.91944
v 56.54384 -4.43306 -1.92646
v 56.54384 -4.53996 -1.77140
v 56.54384 -4.53419 -1.77150
v 56.54384 -4.51692 -1.77175
v 56.54384 -4.48824 -1.77210
v 56.54384 -4.44829 -1.77246
v 55.96473 -4.38231 -2.01915
v 55.96473 -4.31365 -2.03308
v 56.25631 -4.35833 -1.98325
v 56.25631 -4.29064 -1.99710
v 55.96473 -4.23342 -2.04868
v 55.96473 -4.14208 -2.06547
v 56.25631 -4.21153 -2.01261
v 56.25631 -4.12146 -2.02931
v 56.54384 -4.38982 -1.93603
v 56.54384 -4.33458 -1.94808
v 56.54384 -4.26784 -1.96184
v 56.54384 -4.18984 -1.97725
v 56.54384 -4.10103 -1.99386
v 55.96473 -4.38388 -1.83865
v 55.96473 -4.30964 -1.83767
v 56.25631 -4.35956 -1.80529
v 56.25631 -4.28633 -1.80446
v 55.96473 -4.22502 -1.83584
v 55.96473 -4.13046 -1.83292
v 56.25631 -4.20286 -1.80280
v 56.25631 -4.10958 -1.80008
v 56.54384 -4.39725 -1.77280
v 56.54384 -4.33549 -1.77261
v 56.54384 -4.26325 -1.77191
v 56.54384 -4.18091 -1.77042
v 56.54384 -4.08890 -1.76790
v 56.82718 -4.40817 -1.89217
v 56.82718 -4.46341 -1.87952
v 56.82718 -4.45725 -1.88093
v 56.82718 -4.43880 -1.88520
v 57.08650 -4.43983 -1.84841
v 57.08650 -4.43375 -1.84981
v 57.08650 -4.41554 -1.85405
v 56.82718 -4.51336 -1.73908
v 56.82718 -4.50767 -1.73918
v 56.82718 -4.49064 -1.73946
v 56.82718 -4.46235 -1.73985
v 56.82718 -4.42295 -1.74028
v 57.38070 -4.41120 -1.81674
v 57.38070 -4.41719 -1.81535
v 56.82718 -4.16836 -1.94262
v 56.82718 -4.36554 -1.90167
v 56.82718 -4.31108 -1.91364
v 56.82718 -4.24527 -1.92730
v 57.08650 -4.38531 -1.86097
v 57.08650 -4.34323 -1.87041
v 57.08650 -4.28949 -1.88230
v 56.82718 -4.37260 -1.74070
v 56.82718 -4.31168 -1.74062
v 57.08650 -4.22453 -1.89588
v 57.08650 -4.14862 -1.91110
v 56.82718 -4.24041 -1.74006
v 56.82718 -4.15920 -1.73873
v 57.38070 -4.32195 -1.83719
v 57.38070 -4.26896 -1.84900
v 57.38070 -4.39324 -1.82095
v 57.38070 -4.36344 -1.82782
v 57.65060 -4.39043 -1.78659
v 57.65060 -4.39634 -1.78520
v 57.65060 -4.37271 -1.79076
v 57.65060 -4.34329 -1.79759
v 57.65060 -4.30235 -1.80690
v 57.65060 -4.25005 -1.81863
v 57.38070 -4.20491 -1.86249
v 57.38070 -4.13007 -1.87762
v 57.65060 -4.11296 -1.84707
v 57.65060 -4.18683 -1.83204
v 57.08650 -4.48894 -1.70969
v 57.08650 -4.48333 -1.70980
v 57.08650 -4.46651 -1.71010
v 57.08650 -4.43858 -1.71053
v 57.08650 -4.39967 -1.71102
v 57.38070 -4.46541 -1.67845
v 57.38070 -4.45987 -1.67857
v 57.38070 -4.44328 -1.67890
v 57.38070 -4.41574 -1.67937
v 57.65060 -4.44375 -1.64999
v 57.65060 -4.43828 -1.65011
v 57.65060 -4.42191 -1.65046
v 57.08650 -4.34995 -1.71152
v 57.08650 -4.28980 -1.71152
v 57.08650 -4.21944 -1.71108
v 57.08650 -4.13924 -1.70990
v 57.38070 -4.37736 -1.67992
v 57.38070 -4.32832 -1.68049
v 57.38070 -4.26899 -1.68060
v 57.65060 -4.39471 -1.65097
v 57.65060 -4.35682 -1.65157
v 57.65060 -4.30840 -1.65220
v 57.65060 -4.24982 -1.65240
v 57.38070 -4.19958 -1.68027
v 57.38070 -4.12048 -1.67924
v 57.65060 -4.18130 -1.65219
v 57.65060 -4.10320 -1.65129
v 57.91574 -4.36995 -1.75714
v 57.91574 -4.37578 -1.75576
v 57.91574 -4.35246 -1.76129
v 57.91574 -4.32343 -1.76807
v 57.91574 -4.28301 -1.77731
v 58.17599 -4.30386 -1.73925
v 58.17599 -4.26396 -1.74844
v 57.91574 -4.23139 -1.78896
v 57.91574 -4.16900 -1.80228
v 57.91574 -4.09608 -1.81723
v 58.17599 -4.21301 -1.76001
v 58.17599 -4.15142 -1.77324
v 58.43121 -4.13411 -1.74492
v 57.91574 -4.42241 -1.62220
v 57.91574 -4.41700 -1.62233
v 57.91574 -4.40083 -1.62270
v 58.17599 -4.40138 -1.59510
v 58.17599 -4.35554 -1.72704
v 58.17599 -4.34978 -1.72840
v 58.17599 -4.33251 -1.73252
v 57.91574 -4.37398 -1.62324
v 57.91574 -4.33657 -1.62389
v 57.91574 -4.28876 -1.62459
v 58.17599 -4.39605 -1.59523
v 58.17599 -4.38008 -1.59562
v 58.17599 -4.35356 -1.59620
v 58.17599 -4.31662 -1.59689
v 58.17599 -4.26942 -1.59765
v 57.91574 -4.23092 -1.62487
v 57.91574 -4.16326 -1.62477
v 57.91574 -4.08614 -1.62399
v 58.17599 -4.21231 -1.59801
v 58.17599 -4.14549 -1.59801
v 58.43121 -4.33561 -1.69903
v 58.43121 -4.32993 -1.70038
v 58.55462 -4.32595 -1.68554
v 58.43121 -4.28459 -1.71116
v 58.43121 -4.31288 -1.70447
v 58.43121 -4.24521 -1.72028
v 58.55462 -4.32030 -1.68689
v 58.55462 -4.30337 -1.69097
v 58.55462 -4.27525 -1.69763
v 58.43121 -4.38070 -1.56868
v 58.43121 -4.37544 -1.56882
v 58.43121 -4.35967 -1.56923
v 58.43121 -4.33348 -1.56983
v 58.55462 -4.37068 -1.55596
v 58.55462 -4.36545 -1.55611
v 58.55462 -4.34977 -1.55652
v 58.55462 -4.32375 -1.55714
v 58.43121 -4.29700 -1.57057
v 58.43121 -4.25039 -1.57139
v 58.55462 -4.28749 -1.55790
v 58.43121 -4.19491 -1.73177
v 58.55462 -4.23612 -1.70672
v 58.55462 -4.18613 -1.71817
v 58.55462 -4.12571 -1.73128
v 58.43121 -4.19398 -1.57183
v 58.55462 -4.24116 -1.55875
v 58.55462 -4.18510 -1.55923
v 58.43121 -4.12800 -1.57192
v 58.55462 -4.11952 -1.55936
v 58.68128 -4.26763 -1.68465
v 58.68128 -4.31240 -1.67394
v 58.68128 -4.31802 -1.67260
v 58.68128 -4.29557 -1.67801
v 58.92606 -4.30264 -1.64769
v 58.92606 -4.29710 -1.64903
v 58.92606 -4.25284 -1.65967
v 58.92606 -4.28046 -1.65306
v 58.68128 -4.36240 -1.54375
v 58.68128 -4.35720 -1.54390
v 58.68128 -4.34162 -1.54432
v 58.68128 -4.31575 -1.54495
v 58.68128 -4.27970 -1.54573
v 58.68128 -4.22873 -1.69371
v 58.68128 -4.17904 -1.70513
v 58.68128 -4.11898 -1.71820
v 58.92606 -4.21440 -1.66868
v 58.92606 -4.16529 -1.68003
v 58.92606 -4.10594 -1.69303
v 58.68128 -4.23365 -1.54660
v 58.68128 -4.17792 -1.54711
v 58.68128 -4.11273 -1.54729
v 59.16543 -4.28207 -1.62478
v 59.16543 -4.28756 -1.62346
v 59.16543 -4.26563 -1.62880
v 59.39927 -4.27277 -1.59990
v 59.39927 -4.26735 -1.60122
v 59.39927 -4.25109 -1.60521
v 59.16543 -4.23833 -1.63536
v 59.16543 -4.20034 -1.64432
v 59.16543 -4.15180 -1.65560
v 59.16543 -4.09313 -1.66853
v 59.39927 -4.22411 -1.61174
v 59.39927 -4.18654 -1.62064
v 59.39927 -4.13856 -1.63186
v 58.92606 -4.34636 -1.52025
v 58.92606 -4.34122 -1.52041
v 58.92606 -4.32582 -1.52084
v 58.92606 -4.30024 -1.52150
v 58.92606 -4.26461 -1.52231
v 58.92606 -4.21909 -1.52323
v 58.92606 -4.16400 -1.52380
v 58.92606 -4.09955 -1.52405
v 59.16543 -4.33063 -1.49740
v 59.16543 -4.32554 -1.49756
v 59.16543 -4.31032 -1.49801
v 59.16543 -4.28503 -1.49869
v 59.16543 -4.24981 -1.49953
v 59.39927 -4.31521 -1.47520
v 59.39927 -4.31018 -1.47537
v 59.39927 -4.29512 -1.47583
v 59.39927 -4.27012 -1.47653
v 59.16543 -4.20479 -1.50049
v 59.16543 -4.15033 -1.50112
v 59.16543 -4.08661 -1.50144
v 59.39927 -4.23529 -1.47740
v 59.39927 -4.19079 -1.47840
v 59.39927 -4.13693 -1.47909
v 59.62745 -4.25293 -1.57835
v 59.62745 -4.25829 -1.57704
v 59.84986 -4.24413 -1.55486
v 59.62745 -4.21018 -1.58880
v 59.62745 -4.17304 -1.59765
v 59.62745 -4.23685 -1.58232
v 59.62745 -4.12560 -1.60880
v 59.84986 -4.22293 -1.56010
v 59.84986 -4.23883 -1.55616
v 59.84986 -4.19655 -1.56655
v 60.02020 -4.23325 -1.53795
v 60.02020 -4.22800 -1.53925
v 60.02020 -4.21224 -1.54317
v 60.02020 -4.18609 -1.54958
v 59.84986 -4.11291 -1.58643
v 59.84986 -4.15983 -1.57535
v 60.02020 -4.14968 -1.55834
v 60.02020 -4.10317 -1.56937
v 60.27694 -4.09376 -1.53501
v 59.62745 -4.30012 -1.45366
v 59.62745 -4.29514 -1.45382
v 59.62745 -4.28025 -1.45430
v 59.62745 -4.25553 -1.45502
v 59.84986 -4.26572 -1.43342
v 59.84986 -4.28536 -1.43277
v 59.84986 -4.28044 -1.43294
v 60.02020 -4.27403 -1.41685
v 60.02020 -4.26916 -1.41702
v 60.02020 -4.25456 -1.41751
v 59.62745 -4.22109 -1.45592
v 59.62745 -4.17707 -1.45696
v 59.62745 -4.12381 -1.45770
v 59.84986 -4.24126 -1.43416
v 59.84986 -4.20720 -1.43509
v 59.84986 -4.16366 -1.43617
v 59.84986 -4.11098 -1.43696
v 60.02020 -4.23031 -1.41826
v 60.02020 -4.19653 -1.41921
v 60.02020 -4.15336 -1.42032
v 60.02020 -4.10113 -1.42114
v 60.27694 -4.26128 -1.38507
v 60.27694 -4.25649 -1.38524
v 60.27694 -4.24217 -1.38574
v 60.48138 -4.25107 -1.35991
v 60.48138 -4.24636 -1.36009
v 60.27694 -4.21624 -1.50527
v 60.27694 -4.22140 -1.50399
v 60.27694 -4.20078 -1.50914
v 60.27694 -4.17512 -1.51547
v 60.27694 -4.13940 -1.52411
v 60.48138 -4.16633 -1.48845
v 60.48138 -4.20683 -1.47836
v 60.48138 -4.21191 -1.47709
v 60.48138 -4.19160 -1.48219
v 60.48138 -4.13115 -1.49700
v 60.48138 -4.08622 -1.50778
v 60.27694 -4.21837 -1.38651
v 60.27694 -4.18522 -1.38748
v 60.27694 -4.14286 -1.38861
v 60.27694 -4.09159 -1.38948
v 60.48138 -4.23224 -1.36059
v 60.48138 -4.20881 -1.36137
v 60.48138 -4.17616 -1.36235
v 60.48138 -4.13444 -1.36351
v 60.48138 -4.08395 -1.36441
v 60.67962 -4.20265 -1.45113
v 60.67962 -4.19765 -1.45238
v 60.67962 -4.18265 -1.45617
v 60.67962 -4.15776 -1.46237
v 60.67962 -4.12311 -1.47083
v 60.87156 -4.14942 -1.43724
v 60.87156 -4.11528 -1.44561
v 60.67962 -4.24112 -1.33564
v 60.67962 -4.23648 -1.33582
v 60.67962 -4.22258 -1.33633
v 60.67962 -4.19949 -1.33712
v 60.67962 -4.16733 -1.33811
v 60.67962 -4.12623 -1.33928
v 60.87156 -4.19365 -1.42611
v 60.87156 -4.18872 -1.42735
v 60.87156 -4.17395 -1.43110
v 61.05709 -4.18490 -1.40204
v 61.05709 -4.18005 -1.40327
v 61.05709 -4.16549 -1.40698
v 61.23611 -4.17642 -1.37891
v 61.23611 -4.17164 -1.38012
v 61.05709 -4.14132 -1.41304
v 61.05709 -4.10767 -1.42134
v 61.23611 -4.15728 -1.38379
v 61.23611 -4.13346 -1.38980
v 61.23611 -4.10029 -1.39801
v 61.40856 -4.16350 -1.35792
v 61.40856 -4.16822 -1.35672
v 61.40856 -4.14935 -1.36156
v 61.40856 -4.12585 -1.36751
v 61.40856 -4.09314 -1.37563
v 60.87156 -4.23145 -1.31226
v 60.87156 -4.22688 -1.31244
v 60.87156 -4.21318 -1.31296
v 60.87156 -4.19043 -1.31375
v 60.87156 -4.15874 -1.31476
v 60.87156 -4.11824 -1.31595
v 61.05709 -4.22207 -1.28977
v 61.05709 -4.20406 -1.29047
v 61.05709 -4.18164 -1.29127
v 61.23611 -4.21298 -1.26817
v 61.23611 -4.20853 -1.26835
v 61.23611 -4.19522 -1.26887
v 61.23611 -4.17311 -1.26968
v 61.05709 -4.15040 -1.29229
v 61.05709 -4.11048 -1.29349
v 61.23611 -4.14231 -1.27071
v 61.23611 -4.10296 -1.27193
v 61.40856 -4.20419 -1.24746
v 61.40856 -4.19980 -1.24764
v 61.40856 -4.18667 -1.24817
v 61.40856 -4.16487 -1.24898
v 61.40856 -4.13449 -1.25002
v 61.40856 -4.09568 -1.25125
v 61.57432 -4.15813 -1.31478
v 61.57432 -4.16271 -1.31360
v 61.57432 -4.14439 -1.31832
v 61.57432 -4.12160 -1.32411
v 61.57432 -4.08986 -1.33203
v 61.73332 -4.15384 -1.26533
v 61.73332 -4.15826 -1.26420
v 61.73332 -4.14059 -1.26876
v 61.73332 -4.11861 -1.27437
v 61.73332 -4.08800 -1.28204
v 61.88548 -4.08615 -1.23438
v 61.57432 -4.19753 -1.20753
v 61.57432 -4.19328 -1.20771
v 61.57432 -4.18054 -1.20822
v 61.57432 -4.15938 -1.20902
v 61.57432 -4.12990 -1.21005
v 61.57432 -4.09223 -1.21127
v 61.73332 -4.19177 -1.16184
v 61.73332 -4.17538 -1.16252
v 61.88548 -4.15393 -1.21711
v 61.88548 -4.14967 -1.21821
v 61.88548 -4.13689 -1.22153
v 61.88548 -4.11568 -1.22696
v 61.73332 -4.15498 -1.16330
v 61.73332 -4.12655 -1.16431
v 61.73332 -4.09022 -1.16550
v 62.03071 -4.08433 -1.18906
v 62.03071 -4.14562 -1.17340
v 62.03071 -4.14973 -1.17233
v 62.03071 -4.13329 -1.17661
v 62.03071 -4.11282 -1.18187
v 62.16895 -4.12981 -1.13402
v 62.16895 -4.11005 -1.13912
v 61.88548 -4.18620 -1.11832
v 61.88548 -4.18224 -1.11849
v 61.88548 -4.17038 -1.11898
v 61.88548 -4.15070 -1.11974
v 61.88548 -4.12328 -1.12073
v 61.88548 -4.08823 -1.12190
v 62.03071 -4.18082 -1.07695
v 62.03071 -4.17700 -1.07712
v 62.03071 -4.16556 -1.07760
v 62.16895 -4.17565 -1.03774
v 62.16895 -4.17196 -1.03790
v 62.16895 -4.14569 -1.12987
v 62.16895 -4.14172 -1.13091
v 62.03071 -4.14656 -1.07834
v 62.03071 -4.12010 -1.07931
v 62.03071 -4.08628 -1.08045
v 62.16895 -4.16091 -1.03837
v 62.16895 -4.14257 -1.03910
v 62.16895 -4.11702 -1.04004
v 62.16895 -4.08436 -1.04116
v 62.30012 -4.13796 -1.09073
v 62.30012 -4.12646 -1.09375
v 62.30012 -4.10737 -1.09869
v 62.30012 -4.17069 -1.00067
v 62.30012 -4.16713 -1.00083
v 62.30012 -4.15646 -1.00129
v 62.30012 -4.13874 -1.00200
v 62.30012 -4.11405 -1.00292
v 62.42416 -4.13437 -1.05286
v 62.42416 -4.13808 -1.05189
v 62.42416 -4.10478 -1.06058
v 62.42416 -4.12325 -1.05579
v 62.42416 -4.16597 -0.96575
v 62.54100 -4.10535 -0.98345
v 62.42416 -4.15221 -0.96635
v 62.42416 -4.13507 -0.96705
v 62.42416 -4.11120 -0.96795
v 62.54100 -4.13626 -0.97537
v 62.54100 -4.12249 -0.97899
v 62.54100 -4.16212 -0.89534
v 62.54100 -4.14934 -0.89591
v 62.54100 -4.13343 -0.89656
v 62.65059 -4.13539 -0.88221
v 62.65059 -4.13227 -0.88303
v 62.54100 -4.11126 -0.89741
v 62.65059 -4.12292 -0.88550
v 62.65059 -4.10739 -0.88955
v 62.65059 -4.08578 -0.89508
v 62.65059 -4.15878 -0.80971
v 62.65059 -4.15588 -0.80984
v 62.65059 -4.14720 -0.81023
v 62.65059 -4.13279 -0.81083
v 62.65059 -4.11271 -0.81161
v 62.65059 -4.08704 -0.81254
v 62.75286 -4.13449 -0.79551
v 62.75286 -4.13168 -0.79625
v 62.75286 -4.08970 -0.80715
v 62.75286 -4.12323 -0.79849
v 62.75286 -4.10921 -0.80215
v 62.75286 -4.15558 -0.73004
v 62.75286 -4.14513 -0.73051
v 62.75286 -4.13211 -0.73106
v 62.75286 -4.11398 -0.73177
v 62.75286 -4.09080 -0.73263
v 62.84776 -4.12345 -0.71796
v 62.84776 -4.13359 -0.71528
v 62.84776 -4.13105 -0.71594
v 62.84776 -4.11083 -0.72126
v 62.84776 -4.09326 -0.72577
v 62.84776 -4.15255 -0.65632
v 62.84776 -4.15019 -0.65644
v 62.84776 -4.14313 -0.65676
v 62.84776 -4.13141 -0.65725
v 62.84776 -4.11509 -0.65790
v 62.84776 -4.09423 -0.65868
v 62.93526 -4.12359 -0.64390
v 62.93526 -4.13041 -0.64209
v 62.93526 -4.13269 -0.64149
v 62.93526 -4.11226 -0.64687
v 62.93526 -4.09648 -0.65093
v 62.93526 -4.14969 -0.58855
v 62.93526 -4.14124 -0.58894
v 62.93526 -4.13072 -0.58939
v 62.93526 -4.11606 -0.58998
v 62.93526 -4.09732 -0.59069
v 63.01530 -4.11351 -0.57898
v 63.01530 -4.09938 -0.58262
v 63.01530 -4.12366 -0.57631
v 63.01530 -4.12977 -0.57469
v 63.01530 -4.14703 -0.52671
v 63.01530 -4.13946 -0.52706
v 63.01530 -4.13003 -0.52747
v 63.08783 -4.12368 -0.51518
v 63.08783 -4.12915 -0.51372
v 63.01530 -4.11690 -0.52800
v 63.01530 -4.10011 -0.52864
v 63.08783 -4.11460 -0.51757
v 63.08783 -4.10196 -0.52083
v 63.08783 -4.08581 -0.52494
v 63.08783 -4.14458 -0.47079
v 63.08783 -4.13781 -0.47111
v 63.08783 -4.12937 -0.47148
v 63.08783 -4.11762 -0.47196
v 63.08783 -4.10260 -0.47254
v 63.08783 -4.08442 -0.47306
v 63.15284 -4.12367 -0.46050
v 63.15284 -4.12856 -0.45920
v 63.15284 -4.11555 -0.46264
v 63.15284 -4.10423 -0.46556
v 63.15284 -4.08979 -0.46924
v 63.15284 -4.14235 -0.42078
v 63.15284 -4.13629 -0.42107
v 63.15284 -4.12874 -0.42140
v 63.21027 -4.12363 -0.41227
v 63.21027 -4.12802 -0.41110
v 63.15284 -4.11823 -0.42184
v 63.15284 -4.10479 -0.42236
v 63.15284 -4.08853 -0.42283
v 63.21027 -4.10622 -0.41681
v 63.21027 -4.11635 -0.41419
v 63.21027 -4.09327 -0.42011
v 63.21027 -4.10671 -0.37810
v 63.21027 -4.09214 -0.37853
v 63.21027 -4.14036 -0.37668
v 63.21027 -4.13493 -0.37694
v 63.21027 -4.12817 -0.37724
v 63.21027 -4.11875 -0.37763
v 63.30232 -4.12556 -0.29770
v 63.30232 -4.12873 -0.29685
v 63.30232 -4.10363 -0.30337
v 63.30232 -4.09232 -0.30611
v 63.30232 -4.12030 -0.29908
v 63.30232 -4.11298 -0.30098
v 63.30232 -4.13764 -0.27198
v 63.30232 -4.13666 -0.27203
v 63.30232 -4.12883 -0.27239
v 63.30232 -4.12203 -0.27267
v 63.30232 -4.11333 -0.27301
v 63.30232 -4.10280 -0.27332
v 63.30232 -4.09048 -0.27361
v 63.36379 -4.12408 -0.20632
v 63.36379 -4.12770 -0.20537
v 63.36379 -4.13604 -0.18762
v 63.36379 -4.12996 -0.18790
v 63.36379 -4.12527 -0.18810
v 63.36379 -4.11903 -0.20763
v 63.36379 -4.10477 -0.21117
v 63.36379 -4.11257 -0.20928
v 63.36379 -4.08527 -0.21563
v 63.36379 -4.09565 -0.21331
v 63.36379 -4.11926 -0.18834
v 63.36379 -4.11200 -0.18855
v 63.36379 -4.10350 -0.18875
v 63.36379 -4.09382 -0.18889
v 55.96473 -3.53837 -2.14947
v 55.96473 -3.39267 -2.16275
v 55.96473 -3.24028 -2.17374
v 56.25631 -3.23219 -2.13746
v 55.96473 -3.08233 -2.18090
v 56.25631 -3.07642 -2.14476
v 55.96473 -2.91925 -2.18477
v 56.25631 -2.91558 -2.14883
v 55.96473 -4.04011 -2.08305
v 55.96473 -3.92802 -2.10107
v 56.25631 -4.02092 -2.04680
v 55.96473 -3.80672 -2.11816
v 56.25631 -3.91040 -2.06474
v 56.25631 -3.79078 -2.08178
v 56.54384 -4.00190 -2.01125
v 56.54384 -3.77497 -2.04610
v 56.54384 -3.89291 -2.02912
v 55.96473 -4.02638 -1.82876
v 56.25631 -4.00691 -1.79616
v 55.96473 -3.91354 -1.82243
v 55.96473 -3.79233 -1.81408
v 56.25631 -3.89559 -1.79012
v 56.25631 -3.77602 -1.78210
v 56.54384 -3.98762 -1.76422
v 56.54384 -3.87781 -1.75845
v 55.96473 -3.67662 -2.13444
v 56.25631 -3.66249 -2.09804
v 56.25631 -3.52616 -2.11306
v 56.54384 -3.64846 -2.06233
v 56.54384 -3.51402 -2.07735
v 55.96473 -3.66335 -1.80346
v 56.25631 -3.64878 -1.77184
v 55.96473 -3.52720 -1.79029
v 56.25631 -3.51447 -1.75909
v 56.54384 -3.75985 -1.75074
v 56.54384 -3.63432 -1.74085
v 56.82718 -4.08080 -1.95913
v 56.82718 -3.98305 -1.97643
v 57.08650 -3.96571 -1.94473
v 56.82718 -3.87558 -1.99421
v 57.08650 -3.85963 -1.96243
v 57.08650 -4.06219 -1.92752
v 56.82718 -4.06843 -1.73640
v 57.38070 -4.04485 -1.89394
v 57.38070 -3.94971 -1.91106
v 57.65060 -4.02885 -1.86330
v 57.65060 -3.93495 -1.88034
v 57.38070 -3.84512 -1.92867
v 57.65060 -3.83171 -1.89787
v 56.82718 -3.75928 -2.01114
v 56.82718 -3.63452 -2.02732
v 57.08650 -3.74483 -1.97930
v 57.08650 -3.62168 -1.99545
v 56.82718 -3.50195 -2.04234
v 57.08650 -3.49081 -2.01045
v 57.38070 -3.73191 -1.94548
v 57.38070 -3.61047 -1.96159
v 57.38070 -3.48142 -1.97659
v 57.65060 -3.47271 -1.94567
v 57.65060 -3.71997 -1.91462
v 57.65060 -3.60011 -1.93069
v 56.54384 -3.50182 -1.72850
v 56.82718 -3.96852 -1.73294
v 57.08650 -4.04962 -1.70774
v 57.08650 -3.95097 -1.70448
v 56.82718 -3.86019 -1.72743
v 57.08650 -3.84400 -1.69921
v 57.38070 -4.03207 -1.67726
v 57.38070 -3.93476 -1.67420
v 57.65060 -4.01591 -1.64947
v 57.38070 -3.82924 -1.66919
v 57.65060 -3.91982 -1.64660
v 57.65060 -3.81563 -1.64180
v 56.82718 -3.74383 -1.72003
v 56.82718 -3.61999 -1.71049
v 57.08650 -3.72909 -1.69209
v 56.82718 -3.48927 -1.69853
v 57.08650 -3.60680 -1.68285
v 57.08650 -3.47771 -1.67125
v 57.38070 -3.71589 -1.66235
v 57.65060 -3.70371 -1.63522
v 57.38070 -3.59526 -1.65344
v 57.38070 -3.46791 -1.64221
v 57.65060 -3.58459 -1.62661
v 57.65060 -3.45884 -1.61571
v 56.25631 -3.38248 -2.12638
v 56.54384 -3.37233 -2.09070
v 56.54384 -3.22411 -2.10185
v 55.96473 -3.38456 -1.77429
v 56.25631 -3.37374 -1.74355
v 55.96473 -3.23638 -1.75441
v 56.54384 -3.07049 -2.10929
v 56.54384 -2.91186 -2.11354
v 56.82718 -3.36222 -2.05571
v 57.08650 -3.35287 -2.02384
v 56.82718 -3.21605 -2.06693
v 57.08650 -3.20858 -2.03512
v 57.38070 -3.34539 -1.99000
v 57.65060 -3.33844 -1.95910
v 57.38070 -3.20308 -2.00133
v 57.65060 -3.19796 -1.97048
v 56.82718 -3.06454 -2.07449
v 57.08650 -3.05900 -2.04278
v 56.82718 -2.90808 -2.07892
v 57.08650 -2.90454 -2.04737
v 57.38070 -3.05557 -2.00912
v 57.65060 -3.05233 -1.97837
v 57.38070 -2.90322 -2.01387
v 57.65060 -2.90193 -1.98327
v 56.25631 -3.22755 -1.72420
v 56.54384 -3.36299 -1.71342
v 56.54384 -3.21875 -1.69458
v 55.96473 -3.08310 -1.73115
v 56.25631 -3.07632 -1.70153
v 55.96473 -2.92544 -1.70429
v 56.25631 -2.92076 -1.67530
v 56.54384 -3.06954 -1.67248
v 56.54384 -2.91606 -1.64688
v 56.82718 -3.35230 -1.68389
v 57.08650 -3.34245 -1.65701
v 56.82718 -3.21000 -1.66556
v 57.08650 -3.20192 -1.63913
v 57.38070 -3.33447 -1.62838
v 57.65060 -3.32708 -1.60226
v 57.38070 -3.19583 -1.61097
v 57.65060 -3.19017 -1.58528
v 56.82718 -3.06279 -1.64400
v 57.08650 -3.05653 -1.61807
v 56.82718 -2.91135 -1.61901
v 57.08650 -2.90698 -1.59363
v 57.38070 -3.05239 -1.59045
v 57.65060 -3.04852 -1.56523
v 57.38070 -2.90483 -1.56658
v 57.65060 -2.90280 -1.54189
v 57.91574 -4.01306 -1.83337
v 58.17599 -4.07944 -1.78810
v 58.17599 -3.99749 -1.80414
v 57.91574 -3.92037 -1.85031
v 57.91574 -3.81847 -1.86776
v 58.17599 -3.80539 -1.83835
v 58.17599 -3.90599 -1.82099
v 58.43121 -4.06305 -1.75968
v 58.55462 -4.05510 -1.74599
v 58.43121 -3.98214 -1.77562
v 58.55462 -3.97470 -1.76189
v 58.43121 -3.89181 -1.79239
v 58.55462 -3.88493 -1.77861
v 58.43121 -3.79250 -1.80966
v 58.55462 -3.78624 -1.79584
v 57.91574 -3.70817 -1.88445
v 58.17599 -3.69650 -1.85498
v 57.91574 -3.58984 -1.90048
v 57.91574 -3.46408 -1.91544
v 58.17599 -3.57969 -1.87096
v 58.17599 -3.45553 -1.88590
v 58.43121 -3.68499 -1.82622
v 58.55462 -3.67940 -1.81236
v 58.43121 -3.56966 -1.84215
v 58.55462 -3.56478 -1.82827
v 58.68128 -3.96888 -1.74874
v 58.68128 -3.87965 -1.76541
v 58.68128 -3.78154 -1.78261
v 58.92606 -3.86940 -1.74001
v 58.92606 -3.77243 -1.75714
v 58.68128 -3.67534 -1.79911
v 58.92606 -3.66747 -1.77358
v 58.68128 -3.56141 -1.81500
v 58.92606 -3.55485 -1.78944
v 59.16543 -3.65970 -1.74873
v 59.16543 -3.54839 -1.76455
v 59.39927 -3.54201 -1.74033
v 57.91574 -3.99995 -1.62232
v 58.17599 -4.06934 -1.59735
v 58.17599 -3.98423 -1.59583
v 57.91574 -3.90508 -1.61963
v 57.91574 -3.80220 -1.61505
v 58.17599 -3.89054 -1.59331
v 58.17599 -3.78894 -1.58894
v 58.43121 -4.05280 -1.57138
v 58.55462 -4.04478 -1.55888
v 58.43121 -3.96874 -1.57000
v 58.55462 -3.96124 -1.55757
v 58.43121 -3.87622 -1.56765
v 58.55462 -3.86927 -1.55529
v 58.43121 -3.77588 -1.56348
v 58.55462 -3.76955 -1.55121
v 57.91574 -3.69168 -1.60872
v 58.17599 -3.67980 -1.58285
v 57.91574 -3.57405 -1.60039
v 58.17599 -3.56364 -1.57480
v 58.43121 -3.66809 -1.55762
v 58.55462 -3.66241 -1.54546
v 58.43121 -3.55336 -1.54983
v 58.55462 -3.54837 -1.53781
v 58.68128 -4.04880 -1.73288
v 58.92606 -4.03657 -1.70762
v 58.92606 -3.95759 -1.72341
v 58.68128 -4.03842 -1.54685
v 58.68128 -3.95537 -1.54560
v 58.68128 -3.86395 -1.54340
v 59.16543 -4.02456 -1.68305
v 59.16543 -3.94649 -1.69875
v 59.39927 -4.08056 -1.64471
v 59.39927 -4.01278 -1.65916
v 59.39927 -3.93559 -1.67478
v 59.16543 -3.85931 -1.71528
v 59.39927 -3.84941 -1.69123
v 58.92606 -4.02609 -1.52371
v 58.92606 -3.94399 -1.52257
v 58.92606 -3.85361 -1.52050
v 59.16543 -4.01399 -1.50120
v 59.16543 -3.93281 -1.50017
v 59.39927 -4.07393 -1.47948
v 59.39927 -4.00212 -1.47932
v 59.16543 -3.84345 -1.49823
v 59.39927 -3.92185 -1.47839
v 59.39927 -3.83349 -1.47658
v 58.68128 -3.76480 -1.53941
v 58.68128 -3.65829 -1.53376
v 59.16543 -3.76347 -1.73233
v 59.39927 -3.75465 -1.70821
v 59.39927 -3.65207 -1.72455
v 58.92606 -3.75560 -1.51668
v 58.92606 -3.65030 -1.51122
v 58.68128 -3.54492 -1.52622
v 58.92606 -3.53822 -1.50390
v 59.16543 -3.74655 -1.49456
v 59.16543 -3.64243 -1.48929
v 59.39927 -3.73766 -1.47306
v 59.39927 -3.63470 -1.46797
v 59.16543 -3.53161 -1.48219
v 59.39927 -3.52511 -1.46108
v 57.91574 -3.19284 -1.94031
v 57.91574 -3.33152 -1.92888
v 58.17599 -3.32466 -1.89935
v 58.17599 -3.18774 -1.91082
v 58.43121 -3.44708 -1.85707
v 58.55462 -3.44296 -1.84317
v 58.43121 -3.31786 -1.87051
v 58.55462 -3.31455 -1.85662
v 58.43121 -3.18267 -1.88202
v 58.55462 -3.18019 -1.86813
v 57.91574 -3.04907 -1.94829
v 57.91574 -2.90058 -1.95333
v 58.17599 -3.04579 -1.91889
v 58.17599 -2.89918 -1.92406
v 58.43121 -3.04250 -1.89018
v 58.55462 -3.04088 -1.87633
v 58.43121 -2.89773 -1.89547
v 58.55462 -2.89701 -1.88169
v 58.68128 -3.31266 -1.84335
v 58.68128 -3.44032 -1.82990
v 58.92606 -3.43516 -1.80432
v 58.92606 -3.30898 -1.81778
v 58.68128 -3.17910 -1.85489
v 58.92606 -3.17696 -1.82936
v 59.16543 -3.43006 -1.77941
v 59.16543 -3.30532 -1.79288
v 59.39927 -3.42502 -1.75517
v 59.39927 -3.30169 -1.76865
v 59.16543 -3.17481 -1.80449
v 59.39927 -3.17265 -1.78029
v 58.68128 -3.04062 -1.86313
v 58.92606 -3.04007 -1.83769
v 58.68128 -2.89759 -1.86855
v 58.92606 -2.89868 -1.84323
v 59.16543 -3.03947 -1.81290
v 59.39927 -3.03884 -1.78877
v 59.16543 -2.89969 -1.81856
v 59.39927 -2.90062 -1.79453
v 57.91574 -3.44987 -1.58982
v 57.91574 -3.31975 -1.57673
v 58.17599 -3.44100 -1.56454
v 58.17599 -3.31249 -1.55181
v 57.91574 -3.18454 -1.56017
v 58.17599 -3.17896 -1.53565
v 58.43121 -3.43224 -1.53988
v 58.55462 -3.42799 -1.52800
v 58.43121 -3.30532 -1.52748
v 58.55462 -3.30183 -1.51577
v 58.43121 -3.17342 -1.51172
v 58.55462 -3.17073 -1.50019
v 57.91574 -3.04465 -1.54058
v 58.17599 -3.04080 -1.51651
v 57.91574 -2.90074 -1.51775
v 58.17599 -2.89866 -1.49417
v 58.43121 -3.03696 -1.49301
v 58.55462 -3.03508 -1.48169
v 58.43121 -2.89656 -1.47116
v 58.55462 -2.89553 -1.46007
v 58.68128 -3.42524 -1.51654
v 58.68128 -3.29981 -1.50446
v 58.92606 -3.41989 -1.49448
v 58.92606 -3.29589 -1.48269
v 58.68128 -3.16948 -1.48906
v 58.92606 -3.16702 -1.46762
v 59.16543 -3.41461 -1.47301
v 59.39927 -3.40941 -1.45214
v 59.16543 -3.29200 -1.46150
v 59.16543 -3.16458 -1.44675
v 59.39927 -3.28815 -1.44090
v 59.39927 -3.16214 -1.42646
v 58.68128 -3.03462 -1.47075
v 58.92606 -3.03369 -1.44969
v 58.68128 -2.89587 -1.44934
v 58.92606 -2.89650 -1.42869
v 59.16543 -3.03273 -1.42918
v 59.39927 -3.03174 -1.40924
v 59.16543 -2.89706 -1.40858
v 59.39927 -2.89757 -1.38903
v 55.96473 -2.75183 -2.18494
v 56.25631 -2.75045 -2.14924
v 55.96473 -2.58084 -2.18106
v 56.25631 -2.58180 -2.14568
v 55.96473 -2.40705 -2.17290
v 56.25631 -2.41038 -2.13789
v 55.96473 -2.23188 -2.15848
v 55.96473 -2.05553 -2.13921
v 56.54384 -2.74899 -2.11419
v 56.54384 -2.58264 -2.11093
v 56.25631 -2.23758 -2.12394
v 56.54384 -2.41355 -2.10351
v 56.54384 -2.24310 -2.09001
v 56.82718 -2.74744 -2.07981
v 57.08650 -2.74594 -2.04846
v 56.82718 -2.58336 -2.07683
v 57.08650 -2.58393 -2.04575
v 57.38070 -2.74679 -2.01519
v 57.65060 -2.74750 -1.98479
v 57.38070 -2.58700 -2.01276
v 57.65060 -2.58973 -1.98261
v 56.82718 -2.41658 -2.06976
v 57.08650 -2.41926 -2.03899
v 56.82718 -2.24843 -2.05670
v 57.08650 -2.25322 -2.02633
v 57.38070 -2.42457 -2.00634
v 57.65060 -2.42936 -1.97650
v 57.38070 -2.26079 -1.99410
v 57.65060 -2.26764 -1.96464
v 55.96473 -2.76409 -1.67373
v 56.25631 -2.76155 -1.64544
v 55.96473 -2.59971 -1.63953
v 56.25631 -2.59936 -1.61199
v 56.54384 -2.75898 -1.61769
v 56.54384 -2.59894 -1.58498
v 55.96473 -2.43348 -1.60033
v 56.25631 -2.43533 -1.57362
v 55.96473 -2.26567 -1.55741
v 56.54384 -2.43708 -1.54741
v 56.25631 -2.26974 -1.53157
v 56.54384 -2.27368 -1.50621
v 56.82718 -2.75636 -1.59049
v 57.08650 -2.75390 -1.56571
v 56.82718 -2.59844 -1.55849
v 57.08650 -2.59793 -1.53436
v 57.38070 -2.75380 -1.53929
v 57.65060 -2.75364 -1.51517
v 57.38070 -2.59991 -1.50862
v 57.65060 -2.60166 -1.48512
v 56.82718 -2.43874 -1.52170
v 57.08650 -2.44019 -1.49828
v 56.82718 -2.27749 -1.48134
v 57.08650 -2.28092 -1.45867
v 57.38070 -2.44426 -1.47329
v 57.65060 -2.44793 -1.45047
v 57.38070 -2.28710 -1.43448
v 57.65060 -2.29271 -1.41239
v 56.25631 -2.06361 -2.10520
v 55.96473 -1.87879 -2.11488
v 56.25631 -1.88925 -2.08147
v 56.54384 -2.07148 -2.07179
v 56.54384 -1.89947 -2.04865
v 55.96473 -1.70243 -2.08540
v 56.25631 -1.71526 -2.05267
v 56.54384 -1.72781 -2.02050
v 56.82718 -2.07913 -2.03898
v 57.08650 -2.08604 -2.00907
v 56.82718 -1.90943 -2.01642
v 57.08650 -1.91847 -1.98702
v 57.38070 -2.09587 -1.97732
v 57.65060 -2.10480 -1.94830
v 57.38070 -1.93055 -1.95583
v 57.65060 -1.94155 -1.92731
v 56.82718 -1.74008 -1.98891
v 57.08650 -1.75122 -1.96010
v 56.82718 -1.57178 -1.95645
v 57.08650 -1.58501 -1.92828
v 57.38070 -1.76555 -1.92953
v 57.65060 -1.77861 -1.90157
v 57.38070 -1.60156 -1.89839
v 57.65060 -1.61666 -1.87106
v 55.96473 -2.09697 -1.51084
v 56.25631 -2.10326 -1.48592
v 55.96473 -1.92806 -1.46075
v 56.25631 -1.93657 -1.43680
v 56.54384 -2.10939 -1.46147
v 56.54384 -1.94489 -1.41330
v 55.96473 -1.75961 -1.40730
v 56.25631 -1.77034 -1.38437
v 55.96473 -1.59254 -1.35006
v 56.54384 -1.78084 -1.36186
v 56.82718 -2.11537 -1.43748
v 57.08650 -2.12078 -1.41562
v 56.82718 -1.95303 -1.39024
v 57.08650 -1.96043 -1.36922
v 57.38070 -2.12908 -1.39227
v 57.65060 -2.13664 -1.37095
v 57.38070 -1.97084 -1.34677
v 56.82718 -1.79114 -1.33978
v 57.91574 -2.74810 -1.95504
v 57.91574 -2.59234 -1.95310
v 58.17599 -2.74862 -1.92595
v 58.17599 -2.59481 -1.92424
v 58.43121 -2.74906 -1.89753
v 58.55462 -2.74924 -1.88383
v 58.43121 -2.59717 -1.89604
v 58.55462 -2.59828 -1.88245
v 57.91574 -2.43398 -1.94728
v 57.91574 -2.27430 -1.93579
v 58.17599 -2.43844 -1.91871
v 58.17599 -2.28075 -1.90758
v 58.43121 -2.44275 -1.89078
v 58.55462 -2.44480 -1.87732
v 58.43121 -2.28701 -1.88000
v 58.55462 -2.29001 -1.86669
v 58.68128 -2.75070 -1.87078
v 58.92606 -2.75347 -1.84562
v 58.68128 -2.60062 -1.86951
v 58.92606 -2.60510 -1.84456
v 59.16543 -2.75612 -1.82110
v 59.39927 -2.75865 -1.79722
v 59.16543 -2.60943 -1.82023
v 59.39927 -2.61360 -1.79655
v 58.68128 -2.44804 -1.86451
v 58.92606 -2.45426 -1.83981
v 58.68128 -2.29415 -1.85405
v 58.92606 -2.30211 -1.82967
v 59.16543 -2.46028 -1.81573
v 59.39927 -2.46611 -1.79228
v 59.16543 -2.30984 -1.80589
v 59.39927 -2.31734 -1.78273
v 57.91574 -2.75343 -1.49159
v 58.17599 -2.75316 -1.46855
v 57.91574 -2.60332 -1.46214
v 58.17599 -2.60489 -1.43969
v 58.43121 -2.75284 -1.44606
v 58.55462 -2.75266 -1.43523
v 58.43121 -2.60638 -1.41777
v 58.55462 -2.60708 -1.40720
v 57.91574 -2.45149 -1.42816
v 58.17599 -2.45492 -1.40635
v 57.91574 -2.29817 -1.39078
v 58.17599 -2.30348 -1.36967
v 58.43121 -2.45823 -1.38506
v 58.55462 -2.45982 -1.37480
v 58.43121 -2.30863 -1.34905
v 58.55462 -2.31110 -1.33911
v 58.68128 -2.75383 -1.42474
v 58.92606 -2.75605 -1.40454
v 58.68128 -2.60909 -1.39697
v 58.92606 -2.61293 -1.37727
v 59.16543 -2.75818 -1.38487
v 59.39927 -2.76022 -1.36574
v 59.16543 -2.61665 -1.35808
v 59.39927 -2.62023 -1.33941
v 58.68128 -2.46267 -1.36485
v 58.92606 -2.46815 -1.34569
v 57.91574 -2.11349 -1.91988
v 58.17599 -2.12195 -1.89208
v 57.91574 -1.95228 -1.89938
v 58.17599 -1.96274 -1.87205
v 58.43121 -2.13017 -1.86490
v 58.55462 -2.13412 -1.85179
v 58.43121 -1.97293 -1.84533
v 58.55462 -1.97783 -1.83244
v 57.91574 -1.79137 -1.87419
v 58.17599 -1.80382 -1.84739
v 57.91574 -1.63143 -1.84429
v 58.17599 -1.64585 -1.81808
v 58.43121 -1.81596 -1.82119
v 58.55462 -1.82180 -1.80854
v 58.43121 -1.65992 -1.79245
v 58.55462 -1.66670 -1.78008
v 58.68128 -2.13917 -1.83934
v 58.92606 -2.14888 -1.81532
v 58.68128 -1.98378 -1.82021
v 58.92606 -1.99524 -1.79661
v 59.16543 -2.15832 -1.79190
v 59.39927 -2.16750 -1.76908
v 59.16543 -2.00640 -1.77359
v 59.39927 -2.01724 -1.75116
v 58.68128 -1.82865 -1.79655
v 58.92606 -1.84186 -1.77342
v 58.68128 -1.67445 -1.76836
v 58.92606 -1.68938 -1.74575
v 59.16543 -1.85472 -1.75086
v 57.91574 -2.14401 -1.35010
v 59.39927 -1.86723 -1.72887
v 59.39927 -1.71809 -1.70218
v 59.16543 -1.70392 -1.72369
v 59.39927 -1.57091 -1.66973
v 59.62745 -4.00123 -1.63595
v 59.62745 -4.06825 -1.62159
v 59.84986 -4.05620 -1.59915
v 60.02020 -4.04695 -1.58203
v 59.84986 -3.98993 -1.61343
v 60.02020 -3.98124 -1.59626
v 59.62745 -3.92491 -1.65150
v 59.62745 -3.83970 -1.66787
v 59.84986 -3.83019 -1.64519
v 59.84986 -3.91445 -1.62890
v 60.02020 -3.90642 -1.61166
v 60.02020 -3.82287 -1.62789
v 60.27694 -4.03860 -1.54751
v 60.27694 -3.97412 -1.56156
v 60.48138 -3.96840 -1.53407
v 60.27694 -3.90071 -1.57678
v 60.27694 -3.81873 -1.59282
v 60.48138 -3.89610 -1.54914
v 60.48138 -3.81537 -1.56503
v 59.62745 -4.06150 -1.45816
v 59.62745 -3.99048 -1.45808
v 59.84986 -4.04935 -1.43748
v 59.84986 -3.97911 -1.43748
v 60.02020 -4.04002 -1.42171
v 60.02020 -3.97036 -1.42177
v 59.62745 -3.91110 -1.45725
v 59.62745 -3.82371 -1.45556
v 59.84986 -3.90059 -1.43675
v 59.84986 -3.81415 -1.43517
v 60.02020 -3.89250 -1.42112
v 60.02020 -3.80679 -1.41962
v 60.48138 -4.03189 -1.52015
v 60.27694 -4.03162 -1.39011
v 60.27694 -3.96326 -1.39024
v 60.48138 -4.02488 -1.36508
v 60.48138 -3.95756 -1.36527
v 60.27694 -3.88685 -1.38968
v 60.27694 -3.80273 -1.38831
v 60.48138 -3.88230 -1.36479
v 60.48138 -3.79945 -1.36351
v 59.62745 -3.74601 -1.68478
v 59.62745 -3.64457 -1.70106
v 59.84986 -3.73753 -1.66203
v 60.02020 -3.73100 -1.64467
v 59.84986 -3.63721 -1.67825
v 60.02020 -3.63154 -1.66085
v 59.62745 -3.53574 -1.71680
v 59.84986 -3.52958 -1.69395
v 60.02020 -3.52483 -1.67651
v 60.27694 -3.72858 -1.60942
v 60.27694 -3.63099 -1.62543
v 60.48138 -3.72660 -1.58147
v 60.48138 -3.63048 -1.59734
v 60.27694 -3.52627 -1.64094
v 60.48138 -3.52736 -1.61274
v 59.62745 -3.72894 -1.45219
v 59.62745 -3.62712 -1.44727
v 59.84986 -3.72040 -1.43194
v 60.02020 -3.71383 -1.41650
v 59.84986 -3.61968 -1.42719
v 60.02020 -3.61395 -1.41187
v 59.62745 -3.51873 -1.44057
v 59.84986 -3.51246 -1.42068
v 60.02020 -3.50763 -1.40551
v 60.27694 -3.71150 -1.38535
v 60.27694 -3.61347 -1.38092
v 60.48138 -3.70958 -1.36068
v 60.48138 -3.61303 -1.35640
v 60.27694 -3.50912 -1.37480
v 60.48138 -3.51025 -1.35046
v 60.67962 -3.81207 -1.53819
v 60.67962 -4.02534 -1.49375
v 60.67962 -4.07885 -1.48150
v 60.67962 -3.96280 -1.50752
v 60.87156 -4.07167 -1.45617
v 60.87156 -4.01896 -1.46829
v 60.87156 -3.95734 -1.48193
v 60.67962 -4.07649 -1.34021
v 60.67962 -4.01830 -1.34093
v 60.67962 -3.95198 -1.34117
v 60.67962 -3.89159 -1.52245
v 60.87156 -3.88717 -1.49671
v 60.87156 -3.80882 -1.51230
v 60.67962 -3.87784 -1.34076
v 60.67962 -3.79621 -1.33958
v 61.05709 -4.01274 -1.44379
v 61.05709 -3.95201 -1.45729
v 61.23611 -3.94684 -1.43361
v 61.05709 -4.06469 -1.43179
v 61.23611 -4.05792 -1.40835
v 61.23611 -4.00670 -1.42024
v 61.40856 -4.05136 -1.38587
v 61.40856 -4.00085 -1.39764
v 61.40856 -3.94181 -1.41089
v 61.05709 -3.88286 -1.47193
v 61.23611 -3.87866 -1.44811
v 61.05709 -3.80564 -1.48738
v 61.23611 -3.80253 -1.46341
v 61.40856 -3.79950 -1.44042
v 61.40856 -3.87458 -1.42525
v 60.67962 -3.72462 -1.55448
v 60.67962 -3.62994 -1.57022
v 60.87156 -3.62938 -1.54405
v 60.67962 -3.52836 -1.58549
v 60.87156 -3.52928 -1.55921
v 61.05709 -3.53013 -1.53389
v 60.87156 -3.72266 -1.52844
v 60.67962 -3.70768 -1.33686
v 60.67962 -3.61256 -1.33273
v 61.05709 -3.72073 -1.50337
v 61.23611 -3.71882 -1.47927
v 61.05709 -3.62879 -1.51885
v 61.23611 -3.62817 -1.49461
v 61.40856 -3.71694 -1.45613
v 61.40856 -3.62755 -1.47135
v 61.23611 -3.53091 -1.50954
v 61.40856 -3.53162 -1.48616
v 59.62745 -3.29810 -1.74509
v 59.62745 -3.17049 -1.75676
v 59.62745 -3.03816 -1.76530
v 59.84986 -3.03746 -1.74250
v 59.62745 -2.90147 -1.77117
v 59.84986 -2.90226 -1.74847
v 59.62745 -3.42006 -1.73161
v 59.84986 -3.41517 -1.70874
v 60.02020 -3.41140 -1.69128
v 59.84986 -3.29456 -1.72221
v 60.02020 -3.29181 -1.70474
v 59.84986 -3.16834 -1.73390
v 60.02020 -3.16667 -1.71645
v 60.27694 -3.41496 -1.65559
v 60.27694 -3.29760 -1.66897
v 60.48138 -3.30215 -1.64059
v 60.48138 -3.41773 -1.62729
v 60.27694 -3.17479 -1.68063
v 60.48138 -3.18119 -1.65221
v 59.62745 -3.40429 -1.43186
v 59.84986 -3.39926 -1.41219
v 60.02020 -3.39538 -1.39718
v 59.62745 -3.28436 -1.42088
v 59.62745 -3.15972 -1.40675
v 59.84986 -3.28062 -1.40146
v 60.02020 -3.27773 -1.38665
v 59.84986 -3.15732 -1.38762
v 60.02020 -3.15545 -1.37302
v 60.27694 -3.39894 -1.36675
v 60.48138 -3.40173 -1.34264
v 60.27694 -3.28347 -1.35654
v 60.27694 -3.16345 -1.34331
v 60.02020 -3.03689 -1.72510
v 60.02020 -2.90283 -1.73113
v 60.27694 -3.04742 -1.68929
v 60.48138 -3.05575 -1.66088
v 60.27694 -2.91586 -1.69539
v 60.48138 -2.92617 -1.66703
v 59.62745 -3.03074 -1.38986
v 59.84986 -3.02973 -1.37106
v 60.02020 -3.02892 -1.35671
v 59.62745 -2.89803 -1.37003
v 59.84986 -2.89844 -1.35158
v 60.02020 -2.89872 -1.33751
v 60.67962 -3.42037 -1.59994
v 60.67962 -3.30651 -1.61317
v 60.87156 -3.42287 -1.57356
v 60.87156 -3.31068 -1.58670
v 60.67962 -3.18736 -1.62474
v 60.87156 -3.19327 -1.59823
v 61.05709 -3.42525 -1.54814
v 61.05709 -3.31467 -1.56121
v 61.23611 -3.31849 -1.53668
v 61.05709 -3.19895 -1.57268
v 61.23611 -3.20439 -1.54810
v 61.23611 -3.42751 -1.52368
v 61.40856 -3.42965 -1.50021
v 61.40856 -3.32212 -1.51312
v 61.40856 -3.20959 -1.52449
v 60.67962 -3.06378 -1.63341
v 60.87156 -3.07151 -1.60690
v 60.67962 -2.93612 -1.63961
v 60.87156 -2.94571 -1.61314
v 61.05709 -3.07893 -1.58135
v 61.23611 -3.08605 -1.55676
v 61.05709 -2.95493 -1.58762
v 61.23611 -2.96379 -1.56306
v 61.05709 -2.82755 -1.59115
v 61.23611 -2.83819 -1.56666
v 61.40856 -2.97228 -1.53946
v 61.40856 -2.84840 -1.54314
v 61.40856 -3.09287 -1.53314
v 61.57432 -4.04932 -1.34201
v 61.57432 -4.00030 -1.35348
v 61.57432 -3.94302 -1.36639
v 61.57432 -3.87778 -1.38039
v 61.57432 -3.80492 -1.39518
v 61.73332 -3.81321 -1.34321
v 61.57432 -3.72481 -1.41051
v 61.57432 -3.63806 -1.42536
v 61.73332 -3.73594 -1.35807
v 61.73332 -3.65228 -1.37248
v 61.57432 -3.54498 -1.43982
v 61.73332 -3.56251 -1.38651
v 61.88548 -3.57921 -1.33564
v 61.73332 -3.46706 -1.39984
v 61.88548 -3.48713 -1.34859
v 61.57432 -3.44602 -1.45355
v 61.57432 -3.34167 -1.46618
v 61.88548 -3.39004 -1.36052
v 61.73332 -3.36642 -1.41212
v 61.57432 -3.23247 -1.47732
v 61.73332 -3.26110 -1.42296
v 61.88548 -3.28842 -1.37107
v 61.73332 -3.15185 -1.43126
v 61.88548 -3.18302 -1.37918
v 61.57432 -3.11920 -1.48582
v 61.57432 -3.00218 -1.49207
v 61.73332 -3.03898 -1.43739
v 61.88548 -3.07412 -1.38519
v 61.57432 -2.88195 -1.49575
v 61.73332 -2.92301 -1.44105
v 61.88548 -2.96224 -1.38881
v 61.88548 -2.84789 -1.38981
v 62.03071 -3.10760 -1.33547
v 62.03071 -2.99962 -1.33906
v 62.03071 -2.88925 -1.34011
v 59.62745 -2.76108 -1.77400
v 59.84986 -2.76339 -1.75143
v 59.62745 -2.61762 -1.77350
v 59.84986 -2.62149 -1.75111
v 59.62745 -2.47175 -1.76945
v 59.84986 -2.47720 -1.74727
v 59.62745 -2.32461 -1.76019
v 59.84986 -2.33165 -1.73829
v 60.02020 -2.76513 -1.73420
v 60.02020 -2.62442 -1.73400
v 60.27694 -2.78071 -1.69859
v 60.48138 -2.79306 -1.67032
v 60.27694 -2.64261 -1.69858
v 60.48138 -2.65704 -1.67046
v 60.48138 -2.51871 -1.66725
v 59.62745 -2.76216 -1.34715
v 60.02020 -2.48134 -1.73033
v 60.02020 -2.33700 -1.72155
v 60.02020 -2.19161 -1.70878
v 60.27694 -2.50218 -1.69517
v 60.27694 -2.36050 -1.68674
v 60.48138 -2.37915 -1.65910
v 60.27694 -2.21779 -1.67441
v 60.48138 -2.23857 -1.64711
v 60.67962 -2.80498 -1.64299
v 60.67962 -2.67097 -1.64327
v 60.87156 -2.81648 -1.61660
v 60.87156 -2.68442 -1.61701
v 60.67962 -2.53469 -1.64025
v 60.87156 -2.55011 -1.61417
v 61.05709 -2.69737 -1.59169
v 61.23611 -2.70983 -1.56732
v 61.40856 -2.72179 -1.54389
v 61.05709 -2.56498 -1.58902
v 61.23611 -2.57929 -1.56481
v 61.40856 -2.59303 -1.54154
v 60.67962 -2.39719 -1.63236
v 60.87156 -2.41461 -1.60654
v 60.67962 -2.25868 -1.62069
v 60.87156 -2.27810 -1.59517
v 61.05709 -2.43140 -1.58163
v 61.23611 -2.44757 -1.55764
v 61.40856 -2.46310 -1.53459
v 61.05709 -2.29683 -1.57056
v 61.23611 -2.31487 -1.54685
v 61.40856 -2.33221 -1.52406
v 61.40856 -2.20091 -1.50981
v 59.62745 -2.17640 -1.74687
v 59.84986 -2.18503 -1.72528
v 59.84986 -2.03800 -1.70810
v 60.02020 -2.04580 -1.69187
v 59.62745 -2.02778 -1.72933
v 59.62745 -1.87939 -1.70746
v 59.84986 -1.89121 -1.68664
v 60.02020 -1.90022 -1.67073
v 60.27694 -2.07466 -1.65801
v 60.48138 -2.09758 -1.63110
v 60.27694 -1.93175 -1.63744
v 60.48138 -1.95680 -1.61100
v 59.62745 -1.73186 -1.68124
v 59.84986 -1.74525 -1.66088
v 60.02020 -1.75547 -1.64531
v 59.62745 -1.58627 -1.64932
v 59.84986 -1.60120 -1.62947
v 60.02020 -1.61260 -1.61430
v 60.27694 -1.78965 -1.61269
v 60.48138 -1.81681 -1.58677
v 60.27694 -1.64939 -1.58244
v 60.48138 -1.67863 -1.55712
v 60.67962 -2.11976 -1.60507
v 60.87156 -2.14119 -1.57992
v 60.67962 -1.98104 -1.58541
v 60.87156 -2.00447 -1.56068
v 61.05709 -2.16186 -1.55565
v 61.05709 -2.02708 -1.53682
v 61.23611 -2.18177 -1.53228
v 61.23611 -2.04885 -1.51383
v 61.40856 -2.06979 -1.49173
v 61.05709 -1.89304 -1.51403
v 61.23611 -1.91667 -1.49149
v 61.40856 -1.93940 -1.46982
v 60.67962 -1.84310 -1.56168
v 60.87156 -1.86852 -1.53743
v 60.87156 -1.73431 -1.50892
v 60.67962 -1.70694 -1.53261
v 60.67962 -1.57271 -1.49950
v 60.87156 -1.60200 -1.47642
v 61.05709 -1.76073 -1.48605
v 61.23611 -1.78618 -1.46403
v 61.40856 -1.81066 -1.44284
v 61.05709 -1.63027 -1.45414
v 61.23611 -1.65752 -1.43268
v 61.40856 -1.68374 -1.41203
v 61.57432 -2.75908 -1.49660
v 61.73332 -2.80450 -1.44198
v 61.73332 -2.68396 -1.43999
v 61.88548 -2.73159 -1.38800
v 61.57432 -2.63411 -1.49443
v 61.57432 -2.50801 -1.48780
v 61.73332 -2.56233 -1.43371
v 61.88548 -2.61423 -1.38204
v 62.03071 -2.77699 -1.33846
v 62.03071 -2.66371 -1.33280
v 61.57432 -2.38097 -1.47770
v 61.73332 -2.43978 -1.42409
v 61.88548 -2.49599 -1.37286
v 61.88548 -2.37738 -1.36030
v 61.57432 -2.25354 -1.46399
v 61.73332 -2.31685 -1.41097
v 61.73332 -2.19409 -1.39427
v 61.88548 -2.25892 -1.34429
v 61.57432 -2.12627 -1.44656
v 61.73332 -2.07200 -1.37397
v 61.57432 -1.99971 -1.42540
v 61.73332 -1.95145 -1.34893
v 61.57432 -1.87475 -1.39934
v 61.57432 -1.75155 -1.36955
v 61.57432 -1.63065 -1.33591
v 56.25631 -1.60545 -1.32819
v 56.54384 -1.61812 -1.30673
v 57.65060 -1.98034 -1.32626
v 57.08650 -1.80050 -1.31964
v 56.82718 -1.63054 -1.28566
v 57.08650 -1.64185 -1.26645
v 57.38070 -1.81302 -1.29813
v 57.65060 -1.82446 -1.27847
v 57.38070 -1.65646 -1.24592
v 57.65060 -1.66980 -1.22716
v 58.68128 -2.31481 -1.32946
v 58.92606 -2.32193 -1.31089
v 59.16543 -2.47346 -1.32703
v 59.39927 -2.47861 -1.30887
v 59.16543 -2.32886 -1.29279
v 59.39927 -2.33558 -1.27519
v 59.39927 -2.19174 -1.23843
v 58.17599 -2.15119 -1.32971
v 57.91574 -1.98962 -1.30620
v 58.17599 -1.99868 -1.28659
v 58.43121 -2.15819 -1.30980
v 58.55462 -2.16155 -1.30021
v 58.43121 -2.00752 -1.26743
v 58.55462 -2.01178 -1.25820
v 57.91574 -1.83564 -1.25924
v 58.17599 -1.84657 -1.24044
v 57.91574 -1.68286 -1.20880
v 58.17599 -1.69564 -1.19084
v 58.43121 -1.85724 -1.22207
v 58.55462 -1.86238 -1.21321
v 58.43121 -1.70813 -1.17331
v 58.55462 -1.71415 -1.16485
v 58.43121 -1.56048 -1.12220
v 58.55462 -1.56737 -1.11416
v 58.68128 -2.16611 -1.29089
v 58.92606 -2.17489 -1.27293
v 58.68128 -2.01719 -1.24922
v 58.92606 -2.02762 -1.23192
v 58.92606 -1.88072 -1.18799
v 59.16543 -2.18344 -1.25544
v 59.16543 -2.03778 -1.21507
v 59.39927 -2.04767 -1.19868
v 59.16543 -1.89249 -1.17181
v 59.39927 -1.90395 -1.15607
v 58.68128 -1.86864 -1.20459
v 58.68128 -1.72125 -1.15661
v 58.92606 -1.73495 -1.14073
v 58.68128 -1.57531 -1.10631
v 58.92606 -1.59061 -1.09119
v 59.16543 -1.74831 -1.12526
v 59.39927 -1.76133 -1.11021
v 59.16543 -1.60555 -1.07645
v 59.39927 -1.62010 -1.06211
v 60.87156 -4.06923 -1.31690
v 60.87156 -4.01189 -1.31765
v 60.87156 -3.94653 -1.31795
v 60.87156 -3.87348 -1.31761
v 60.87156 -3.79304 -1.31651
v 61.05709 -4.06217 -1.29448
v 61.05709 -4.00566 -1.29526
v 61.23611 -4.05533 -1.27293
v 61.05709 -3.94124 -1.29561
v 61.23611 -3.99960 -1.27375
v 61.23611 -3.93609 -1.27415
v 61.40856 -4.04870 -1.25228
v 61.40856 -3.99374 -1.25312
v 61.40856 -3.93109 -1.25356
v 61.05709 -3.86922 -1.29533
v 61.23611 -3.86508 -1.27393
v 61.05709 -3.78994 -1.29431
v 61.23611 -3.78691 -1.27298
v 61.40856 -3.86106 -1.25340
v 61.40856 -3.78396 -1.25253
v 60.87156 -3.70581 -1.31391
v 60.87156 -3.61207 -1.30992
v 60.67962 -3.51130 -1.32697
v 60.87156 -3.51228 -1.30433
v 61.05709 -3.70395 -1.29182
v 61.23611 -3.70212 -1.27059
v 61.05709 -3.61155 -1.28796
v 61.23611 -3.61102 -1.26686
v 61.40856 -3.70033 -1.25023
v 61.05709 -3.51319 -1.28253
v 61.23611 -3.51403 -1.26159
v 61.40856 -3.61047 -1.24662
v 61.40856 -3.51480 -1.24149
v 60.48138 -3.28799 -1.33269
v 60.48138 -3.16977 -1.31976
v 60.27694 -3.03925 -1.32744
v 60.48138 -3.04742 -1.30425
v 60.27694 -2.91144 -1.30875
v 60.48138 -2.92153 -1.28595
v 60.67962 -3.40439 -1.31936
v 60.87156 -3.40692 -1.29692
v 60.87156 -3.29648 -1.28745
v 60.67962 -3.29232 -1.30966
v 60.67962 -3.17585 -1.29703
v 60.87156 -3.18169 -1.27510
v 61.05709 -3.40933 -1.27531
v 61.23611 -3.41162 -1.25455
v 61.05709 -3.30046 -1.26607
v 61.23611 -3.30427 -1.24552
v 61.40856 -3.41379 -1.23463
v 61.40856 -3.30790 -1.22581
v 61.05709 -3.18731 -1.25400
v 61.23611 -3.19269 -1.23371
v 61.40856 -3.19784 -1.21424
v 60.67962 -3.05531 -1.28185
v 60.87156 -3.06290 -1.26025
v 60.67962 -2.93126 -1.26393
v 60.87156 -2.94065 -1.24270
v 61.05709 -3.07020 -1.23945
v 61.23611 -3.07721 -1.21946
v 61.40856 -3.08393 -1.20027
v 61.05709 -2.94968 -1.22225
v 61.23611 -2.95837 -1.20260
v 61.05709 -2.82628 -1.20232
v 61.23611 -2.83668 -1.18304
v 61.40856 -2.96670 -1.18373
v 61.40856 -2.84666 -1.16454
v 61.73332 -4.04890 -1.29170
v 61.88548 -4.04844 -1.24374
v 61.73332 -4.00163 -1.30281
v 61.73332 -3.94638 -1.31531
v 61.88548 -4.00284 -1.25450
v 61.88548 -3.94954 -1.26661
v 61.57432 -4.04665 -1.21229
v 61.57432 -3.99332 -1.21315
v 61.57432 -3.93253 -1.21361
v 61.73332 -4.04626 -1.16651
v 61.73332 -3.99483 -1.16737
v 61.73332 -3.93620 -1.16784
v 61.73332 -3.88347 -1.32888
v 61.88548 -3.88884 -1.27976
v 61.88548 -3.82106 -1.29365
v 61.57432 -3.86457 -1.21349
v 61.57432 -3.78975 -1.21269
v 61.73332 -3.87065 -1.16776
v 61.73332 -3.79850 -1.16703
v 62.03071 -4.04793 -1.19813
v 62.16895 -4.08254 -1.14608
v 62.16895 -4.04739 -1.15487
v 62.03071 -4.00392 -1.20855
v 62.03071 -3.95249 -1.22029
v 62.16895 -4.00490 -1.16497
v 62.16895 -3.95524 -1.17634
v 62.30012 -3.95780 -1.13478
v 62.03071 -3.89391 -1.23303
v 62.03071 -3.82850 -1.24649
v 62.16895 -3.89868 -1.18869
v 62.16895 -3.83552 -1.20175
v 62.30012 -3.90315 -1.14675
v 62.30012 -3.84213 -1.15941
v 62.30012 -3.77502 -1.17255
v 61.88548 -4.04582 -1.12289
v 61.88548 -3.99621 -1.12374
v 61.88548 -3.93964 -1.12423
v 61.88548 -3.87641 -1.12419
v 61.88548 -3.80680 -1.12352
v 62.03071 -4.04535 -1.08143
v 62.16895 -4.04484 -1.04212
v 62.03071 -3.99746 -1.08227
v 62.03071 -3.94288 -1.08277
v 62.16895 -3.99861 -1.04296
v 62.16895 -3.94590 -1.04346
v 62.30012 -4.04683 -1.11396
v 62.30012 -4.08079 -1.10544
v 62.30012 -4.00578 -1.12375
v 62.30012 -4.08250 -1.00401
v 62.30012 -4.04432 -1.00496
v 62.30012 -3.99965 -1.00579
v 62.30012 -3.94872 -1.00630
v 62.03071 -3.88185 -1.08276
v 62.16895 -3.88698 -1.04348
v 62.03071 -3.81467 -1.08214
v 62.16895 -3.82211 -1.04291
v 62.30012 -3.89179 -1.00634
v 62.30012 -3.82912 -1.00582
v 61.88548 -3.74653 -1.30805
v 61.88548 -3.66582 -1.32202
v 61.57432 -3.70859 -1.21052
v 61.57432 -3.62139 -1.20707
v 61.73332 -3.72022 -1.16498
v 61.73332 -3.63612 -1.16169
v 61.57432 -3.52855 -1.20214
v 61.73332 -3.54658 -1.15700
v 62.03071 -3.75657 -1.26045
v 62.03071 -3.67867 -1.27401
v 62.16895 -3.76606 -1.21529
v 62.16895 -3.69085 -1.22844
v 62.30012 -3.70235 -1.18532
v 62.30012 -3.62437 -1.19777
v 62.03071 -3.59508 -1.28723
v 62.16895 -3.61014 -1.24127
v 62.03071 -3.50622 -1.29980
v 62.16895 -3.52433 -1.25348
v 62.30012 -3.54146 -1.20964
v 62.30012 -3.45404 -1.22060
v 61.88548 -3.73129 -1.12157
v 61.88548 -3.65015 -1.11845
v 61.88548 -3.56377 -1.11396
v 61.88548 -3.47255 -1.10792
v 62.03071 -3.74179 -1.08030
v 62.16895 -3.75174 -1.04117
v 62.03071 -3.66348 -1.07733
v 62.16895 -3.67612 -1.03833
v 62.30012 -3.76113 -1.00417
v 62.30012 -3.68806 -1.00146
v 62.03071 -3.58011 -1.07304
v 62.16895 -3.59562 -1.03423
v 62.03071 -3.49207 -1.06726
v 62.16895 -3.51060 -1.02869
v 62.30012 -3.61028 -0.99753
v 62.30012 -3.52814 -0.99221
v 62.42416 -3.78345 -1.13225
v 62.42416 -4.00656 -1.08489
v 62.42416 -4.07908 -1.06713
v 62.42416 -4.04625 -1.07539
v 62.42416 -3.96017 -1.09559
v 62.54100 -4.08148 -0.98955
v 62.54100 -4.05099 -0.99724
v 62.54100 -4.01414 -1.00608
v 62.42416 -4.08070 -0.96902
v 62.42416 -4.04378 -0.96995
v 62.54100 -3.97106 -1.01604
v 62.42416 -4.00059 -0.97077
v 62.42416 -3.95135 -0.97128
v 62.42416 -3.90734 -1.10721
v 62.42416 -3.84833 -1.11950
v 62.54100 -3.86720 -1.03830
v 62.54100 -3.80694 -1.05018
v 62.54100 -3.92199 -1.02686
v 62.42416 -3.89630 -0.97135
v 62.65059 -3.89169 -0.93933
v 62.42416 -3.83570 -0.97087
v 62.42416 -3.76996 -0.96930
v 62.65059 -3.83711 -0.95012
v 62.65059 -3.77801 -0.96061
v 62.42416 -3.71318 -1.14464
v 62.42416 -3.63778 -1.15674
v 62.42416 -3.55762 -1.16827
v 62.42416 -3.47308 -1.17894
v 62.54100 -3.74169 -1.06173
v 62.54100 -3.67167 -1.07301
v 62.42416 -3.69931 -0.96671
v 62.65059 -3.71459 -0.97085
v 62.42416 -3.62410 -0.96295
v 62.65059 -3.64716 -0.98062
v 62.54100 -3.59722 -1.08376
v 62.54100 -3.51871 -1.09371
v 62.65059 -3.57605 -0.98967
v 62.42416 -3.54467 -0.95784
v 62.65059 -3.50162 -0.99771
v 62.42416 -3.46141 -0.95120
v 62.54100 -4.08293 -0.89842
v 62.54100 -4.04865 -0.89930
v 62.65059 -4.05816 -0.90205
v 62.65059 -4.02478 -0.91008
v 62.54100 -4.00853 -0.90008
v 62.65059 -3.98576 -0.91912
v 62.65059 -3.94132 -0.92894
v 62.54100 -3.96280 -0.90058
v 62.75286 -3.95927 -0.83779
v 62.65059 -4.05599 -0.81335
v 62.65059 -4.01965 -0.81408
v 62.65059 -3.97822 -0.81456
v 62.65059 -3.93192 -0.81466
v 62.75286 -4.06476 -0.81346
v 62.75286 -4.03462 -0.82072
v 62.75286 -4.06276 -0.73338
v 62.75286 -4.02995 -0.73405
v 62.84776 -4.07082 -0.73146
v 62.84776 -4.04368 -0.73801
v 62.84776 -4.01197 -0.74539
v 62.75286 -3.99939 -0.82890
v 62.75286 -3.99254 -0.73450
v 62.75286 -3.95072 -0.73462
v 62.84776 -3.97585 -0.75340
v 62.84776 -3.93551 -0.76188
v 62.54100 -3.91168 -0.90067
v 62.54100 -3.85540 -0.90026
v 62.54100 -3.79434 -0.89883
v 62.75286 -3.91446 -0.84719
v 62.75286 -3.86518 -0.85695
v 62.75286 -3.81182 -0.86645
v 62.65059 -3.88093 -0.81432
v 62.65059 -3.82562 -0.81305
v 62.75286 -3.90468 -0.73433
v 62.75286 -3.85473 -0.73321
v 62.84776 -3.89115 -0.77069
v 62.84776 -3.79156 -0.78763
v 62.75286 -3.80106 -0.73133
v 62.84776 -3.84311 -0.77926
v 62.84776 -4.06898 -0.65937
v 62.84776 -4.03943 -0.65999
v 62.84776 -4.00576 -0.66041
v 62.84776 -3.96811 -0.66053
v 62.84776 -3.92666 -0.66029
v 62.84776 -3.88169 -0.65931
v 62.84776 -3.83336 -0.65764
v 62.84776 -3.78192 -0.65517
v 62.93526 -4.07633 -0.65605
v 62.93526 -4.05197 -0.66193
v 62.93526 -4.02350 -0.66857
v 62.93526 -3.95485 -0.68341
v 62.93526 -3.99107 -0.67578
v 62.93526 -4.07465 -0.59132
v 62.93526 -4.04813 -0.59189
v 62.93526 -4.01789 -0.59228
v 63.01530 -4.08133 -0.58721
v 63.01530 -4.05950 -0.59249
v 63.01530 -4.03399 -0.59844
v 63.01530 -4.07980 -0.52922
v 63.01530 -4.05603 -0.52974
v 63.08783 -4.06628 -0.52967
v 63.01530 -4.02893 -0.53010
v 63.08783 -4.04345 -0.53501
v 63.08783 -4.01745 -0.54081
v 62.93526 -3.98408 -0.59240
v 62.93526 -3.94686 -0.59220
v 63.01530 -4.00493 -0.60491
v 63.01530 -3.97249 -0.61176
v 63.01530 -3.93680 -0.61887
v 63.01530 -3.99864 -0.53022
v 63.08783 -3.98842 -0.54694
v 63.01530 -3.96529 -0.53006
v 63.01530 -3.92911 -0.52930
v 63.08783 -3.95649 -0.55331
v 62.93526 -3.91502 -0.69133
v 62.93526 -3.87189 -0.69904
v 63.01530 -3.85669 -0.63256
v 62.93526 -3.82560 -0.70657
v 62.93526 -3.77639 -0.71377
v 63.01530 -3.81259 -0.63902
v 62.93526 -3.90648 -0.59134
v 62.93526 -3.86309 -0.58986
v 63.01530 -3.89816 -0.62579
v 63.08783 -3.92192 -0.55952
v 63.08783 -3.88481 -0.56558
v 62.93526 -3.81689 -0.58766
v 63.08783 -3.84536 -0.57138
v 63.08783 -3.80375 -0.57675
v 62.54100 -3.72873 -0.89646
v 62.54100 -3.65887 -0.89300
v 62.75286 -3.69366 -0.88458
v 62.75286 -3.75455 -0.87573
v 62.75286 -3.62946 -0.89277
v 62.65059 -3.76618 -0.81094
v 62.65059 -3.70290 -0.80784
v 62.65059 -3.63608 -0.80361
v 62.84776 -3.73674 -0.79562
v 62.84776 -3.67894 -0.80302
v 62.84776 -3.61844 -0.80962
v 62.54100 -3.58510 -0.88829
v 62.54100 -3.50777 -0.88217
v 62.75286 -3.56226 -0.90007
v 62.75286 -3.49254 -0.90575
v 62.65059 -3.56602 -0.79810
v 62.65059 -3.49319 -0.79079
v 62.84776 -3.55568 -0.81476
v 62.84776 -3.49083 -0.81867
v 62.93526 -3.61381 -0.73101
v 62.93526 -3.55558 -0.73454
v 62.93526 -3.49575 -0.73681
v 62.75286 -3.74392 -0.72856
v 62.84776 -3.72758 -0.65179
v 62.75286 -3.68357 -0.72477
v 62.75286 -3.62031 -0.71983
v 62.84776 -3.67062 -0.64737
v 62.84776 -3.61141 -0.64148
v 62.75286 -3.55454 -0.71327
v 62.84776 -3.55012 -0.63432
v 62.75286 -3.48647 -0.70528
v 62.84776 -3.48703 -0.62579
v 62.93526 -3.72449 -0.72043
v 63.01530 -3.76609 -0.64501
v 63.01530 -3.71742 -0.65034
v 62.93526 -3.67017 -0.72637
v 63.01530 -3.66693 -0.65452
v 63.01530 -3.61476 -0.65770
v 62.93526 -3.76810 -0.58464
v 62.93526 -3.71695 -0.58070
v 63.08783 -3.76020 -0.58154
v 63.08783 -3.71502 -0.58529
v 63.08783 -3.66834 -0.58815
v 63.08783 -3.62037 -0.59000
v 62.93526 -3.66378 -0.57544
v 63.01530 -3.56115 -0.65975
v 63.01530 -3.50635 -0.66054
v 63.08783 -3.57134 -0.59072
v 62.93526 -3.60874 -0.56903
v 62.93526 -3.55209 -0.56140
v 63.08783 -3.52146 -0.59025
v 63.08783 -3.47112 -0.58799
v 62.93526 -3.49407 -0.55249
v 61.57432 -3.43052 -1.19555
v 61.57432 -3.32776 -1.18705
v 61.73332 -3.45203 -1.15069
v 61.73332 -3.35292 -1.14255
v 61.57432 -3.22094 -1.17589
v 61.73332 -3.24989 -1.13184
v 62.03071 -3.41251 -1.31140
v 62.16895 -3.43385 -1.26475
v 62.03071 -3.31444 -1.32167
v 62.16895 -3.33915 -1.27475
v 62.30012 -3.36253 -1.23033
v 62.16895 -3.24091 -1.28246
v 62.03071 -3.21271 -1.32957
v 62.16895 -3.13941 -1.28823
v 62.30012 -3.26762 -1.23785
v 62.30012 -3.16955 -1.24351
v 61.88548 -3.37693 -1.10012
v 61.88548 -3.27753 -1.08985
v 61.73332 -3.14326 -1.11890
v 61.88548 -3.17465 -1.07741
v 62.03071 -3.39978 -1.05977
v 62.03071 -3.30385 -1.04991
v 62.16895 -3.42149 -1.02150
v 62.16895 -3.32884 -1.01202
v 62.30012 -3.44203 -0.98531
v 62.30012 -3.35251 -0.97619
v 62.03071 -3.20455 -1.03796
v 62.16895 -3.23296 -1.00053
v 62.30012 -3.25986 -0.96514
v 62.30012 -3.16451 -0.95200
v 61.57432 -3.11039 -1.16241
v 61.57432 -2.99662 -1.14643
v 62.16895 -3.03514 -1.29178
v 62.30012 -3.06879 -1.24701
v 62.16895 -2.92856 -1.29289
v 62.30012 -2.96580 -1.24816
v 62.30012 -2.86105 -1.24678
v 61.88548 -3.06877 -1.06267
v 61.73332 -3.03352 -1.10355
v 61.57432 -2.88012 -1.12788
v 61.73332 -2.92115 -1.08572
v 61.88548 -2.96035 -1.04553
v 61.88548 -2.84983 -1.02602
v 62.03071 -3.10236 -1.02378
v 62.16895 -3.13427 -0.98689
v 62.03071 -2.99771 -1.00729
v 62.16895 -3.03321 -0.97102
v 62.30012 -3.06685 -0.93672
v 62.16895 -2.93019 -0.95295
v 62.03071 -2.89103 -0.98852
v 62.16895 -2.82592 -0.93181
v 62.42416 -3.38460 -1.18841
v 62.42416 -3.29282 -1.19575
v 62.42416 -3.19799 -1.20129
v 62.54100 -3.43655 -1.10255
v 62.54100 -3.35131 -1.10942
v 62.65059 -3.42441 -1.00398
v 62.42416 -3.37485 -0.94242
v 62.65059 -3.34464 -1.00871
v 62.54100 -3.26324 -1.11461
v 62.54100 -3.17275 -1.11788
v 62.65059 -3.26267 -1.01171
v 62.42416 -3.28526 -0.93177
v 62.65059 -3.17889 -1.01279
v 62.42416 -3.10056 -1.20475
v 62.42416 -3.00098 -1.20593
v 62.42416 -2.89968 -1.20467
v 62.54100 -3.08026 -1.11903
v 62.54100 -2.98619 -1.11791
v 62.65059 -3.09367 -1.01182
v 62.65059 -3.00767 -1.00781
v 62.54100 -2.89124 -1.11343
v 62.65059 -2.92101 -1.00143
v 62.65059 -2.83407 -0.99259
v 62.30012 -2.96731 -0.91930
v 62.30012 -2.86655 -0.89892
v 62.54100 -3.42738 -0.87406
v 62.54100 -3.34417 -0.86421
v 62.75286 -3.42051 -0.91006
v 62.75286 -3.34649 -0.91280
v 62.65059 -3.41781 -0.78191
v 62.65059 -3.34022 -0.77134
v 62.84776 -3.42419 -0.82116
v 62.84776 -3.35608 -0.82210
v 62.54100 -3.25852 -0.85249
v 62.42416 -3.19305 -0.91911
v 62.54100 -3.17081 -0.83885
v 62.75286 -3.27084 -0.91381
v 62.75286 -3.19389 -0.91296
v 62.65059 -3.26076 -0.75903
v 62.65059 -3.17976 -0.74499
v 62.84776 -3.28680 -0.82136
v 62.84776 -3.21688 -0.81816
v 62.84776 -3.14643 -0.81304
v 62.93526 -3.43460 -0.73767
v 62.93526 -3.37239 -0.73704
v 62.93526 -3.30960 -0.73419
v 62.75286 -3.41640 -0.69578
v 62.75286 -3.34464 -0.68469
v 62.84776 -3.42242 -0.61584
v 62.84776 -3.35656 -0.60449
v 62.75286 -3.27149 -0.67205
v 62.75286 -3.19745 -0.65723
v 62.84776 -3.28989 -0.59118
v 62.84776 -3.22253 -0.57641
v 62.84776 -3.15477 -0.56020
v 63.01530 -3.45062 -0.65999
v 63.01530 -3.39436 -0.65746
v 63.01530 -3.33767 -0.65338
v 63.08783 -3.42040 -0.58436
v 62.93526 -3.43493 -0.54232
v 62.93526 -3.37506 -0.53039
v 63.08783 -3.36951 -0.57928
v 63.08783 -3.31867 -0.57272
v 62.93526 -3.24634 -0.72961
v 63.01530 -3.28080 -0.64768
v 63.01530 -3.22399 -0.64033
v 62.93526 -3.18287 -0.72323
v 63.01530 -3.16749 -0.63131
v 63.08783 -3.26811 -0.56467
v 63.08783 -3.21817 -0.55464
v 63.08783 -3.16893 -0.54313
v 62.42416 -3.09862 -0.90437
v 62.42416 -3.00236 -0.88757
v 62.75286 -3.11623 -0.90938
v 62.75286 -3.03797 -0.90366
v 62.54100 -3.08140 -0.82330
v 62.54100 -2.99090 -0.80509
v 62.84776 -3.07574 -0.80591
v 62.84776 -3.00514 -0.79672
v 62.42416 -2.90492 -0.86791
v 62.75286 -2.95947 -0.89570
v 62.75286 -2.88105 -0.88547
v 62.54100 -2.89947 -0.78489
v 62.84776 -2.93492 -0.78546
v 62.84776 -2.86557 -0.77147
v 62.65059 -3.09777 -0.72853
v 62.65059 -3.01494 -0.71028
v 62.75286 -3.12265 -0.64078
v 62.84776 -3.08688 -0.54260
v 62.75286 -3.04739 -0.62275
v 62.65059 -2.93161 -0.69027
v 62.65059 -2.84812 -0.66854
v 62.75286 -2.97199 -0.60316
v 62.75286 -2.89674 -0.58209
v 62.93526 -3.11947 -0.71501
v 62.93526 -3.05641 -0.70492
v 62.93526 -2.99414 -0.69238
v 63.01530 -3.11169 -0.62010
v 63.08783 -3.12059 -0.53007
v 63.01530 -3.05665 -0.60721
v 63.01530 -3.00264 -0.59260
v 62.93526 -2.93272 -0.67798
v 62.93526 -2.87245 -0.66165
v 63.01530 -2.95000 -0.57592
v 63.01530 -2.89915 -0.55654
v 63.01530 -2.85062 -0.53350
v 63.08783 -4.06315 -0.47353
v 63.08783 -4.03890 -0.47386
v 63.08783 -4.01180 -0.47398
v 63.08783 -3.98196 -0.47384
v 63.08783 -3.94958 -0.47318
v 63.15284 -4.02864 -0.48345
v 63.15284 -4.07232 -0.47348
v 63.15284 -4.05190 -0.47826
v 63.21027 -4.05933 -0.42820
v 63.21027 -4.03849 -0.43286
v 63.21027 -4.01522 -0.43779
v 63.15284 -4.00267 -0.48895
v 63.15284 -3.97410 -0.49466
v 63.15284 -3.94317 -0.50022
v 63.21027 -3.98963 -0.44291
v 63.21027 -3.96192 -0.44789
v 63.21027 -3.93218 -0.45277
v 63.15284 -4.06950 -0.42326
v 63.15284 -4.04781 -0.42356
v 63.21027 -4.07762 -0.42391
v 63.21027 -4.07509 -0.37891
v 63.21027 -4.05565 -0.37919
v 63.15284 -4.02356 -0.42368
v 63.21027 -4.03392 -0.37930
v 63.21027 -4.01000 -0.37921
v 63.15284 -3.99686 -0.42356
v 63.15284 -3.96789 -0.42297
v 63.21027 -3.98405 -0.37869
v 63.15284 -3.93677 -0.42195
v 63.21027 -3.95616 -0.37777
v 63.21027 -3.92647 -0.37640
v 63.30232 -3.96440 -0.33035
v 63.30232 -3.94030 -0.33348
v 63.01530 -3.89023 -0.52798
v 63.01530 -3.84883 -0.52603
v 63.08783 -3.91479 -0.47201
v 63.08783 -3.87775 -0.47028
v 63.01530 -3.80512 -0.52335
v 63.08783 -3.83863 -0.46789
v 63.08783 -3.79762 -0.46476
v 63.15284 -3.90997 -0.50565
v 63.15284 -3.87468 -0.51085
v 63.21027 -3.90055 -0.45743
v 63.21027 -3.86721 -0.46176
v 63.15284 -3.83746 -0.51566
v 63.15284 -3.79850 -0.51996
v 63.21027 -3.83230 -0.46562
v 63.21027 -3.79609 -0.46864
v 63.15284 -3.90363 -0.42041
v 63.15284 -3.86863 -0.41828
v 63.21027 -3.89511 -0.37451
v 63.21027 -3.86223 -0.37202
v 63.30232 -3.91509 -0.33627
v 63.30232 -3.88892 -0.33846
v 63.30232 -3.86189 -0.34014
v 63.15284 -3.83193 -0.41549
v 63.15284 -3.79379 -0.41176
v 63.21027 -3.82805 -0.36868
v 63.21027 -3.79267 -0.36461
v 63.30232 -3.83411 -0.34122
v 63.30232 -3.80571 -0.34166
v 63.30232 -3.77683 -0.34141
v 63.30232 -4.07910 -0.30921
v 63.30232 -4.04724 -0.31614
v 63.30232 -4.06405 -0.31258
v 63.30232 -4.02875 -0.31985
v 63.30232 -4.00873 -0.32345
v 63.30232 -4.07644 -0.27381
v 63.30232 -4.06074 -0.27389
v 63.30232 -4.04346 -0.27383
v 63.30232 -4.02471 -0.27346
v 63.36379 -4.01652 -0.22789
v 63.30232 -3.98724 -0.32698
v 63.30232 -4.00456 -0.27280
v 63.30232 -3.98310 -0.27182
v 63.36379 -3.99990 -0.23005
v 63.36379 -3.98250 -0.23198
v 63.30232 -3.96045 -0.27045
v 63.30232 -3.93669 -0.26866
v 63.36379 -3.96445 -0.23349
v 63.36379 -3.94580 -0.23464
v 63.36379 -3.92663 -0.23539
v 63.36379 -4.07367 -0.21809
v 63.36379 -4.06092 -0.22065
v 63.36379 -4.04710 -0.22313
v 63.36379 -4.08299 -0.18895
v 63.36379 -4.07106 -0.18890
v 63.36379 -4.05813 -0.18865
v 63.36379 -4.03228 -0.22557
v 63.36379 -4.04422 -0.18820
v 63.36379 -4.02942 -0.18752
v 63.36379 -4.01379 -0.18658
v 63.36379 -3.99740 -0.18534
v 63.36379 -3.98037 -0.18368
v 63.36379 -3.96273 -0.18166
v 63.36379 -3.94458 -0.17924
v 63.30232 -3.91200 -0.26625
v 63.36379 -3.90705 -0.23570
v 63.36379 -3.88712 -0.23552
v 63.30232 -3.88644 -0.26332
v 63.30232 -3.86012 -0.25982
v 63.36379 -3.86700 -0.23464
v 63.30232 -3.83318 -0.25572
v 63.36379 -3.84674 -0.23320
v 63.36379 -3.82640 -0.23118
v 63.30232 -3.80571 -0.25104
v 63.30232 -3.77790 -0.24555
v 63.36379 -3.80609 -0.22858
v 63.36379 -3.92599 -0.17642
v 63.36379 -3.90703 -0.17319
v 63.36379 -3.88785 -0.16940
v 63.36379 -3.86847 -0.16519
v 63.36379 -3.84897 -0.16057
v 63.36379 -3.78588 -0.22537
v 63.36379 -3.82943 -0.15555
v 63.36379 -3.80992 -0.15014
v 63.36379 -3.79056 -0.14429
v 63.36379 -3.77138 -0.13814
v 63.01530 -3.75929 -0.51983
v 63.01530 -3.71164 -0.51513
v 63.08783 -3.75498 -0.46057
v 63.08783 -3.71085 -0.45547
v 63.01530 -3.66232 -0.50941
v 63.01530 -3.61156 -0.50259
v 63.08783 -3.66542 -0.44938
v 63.08783 -3.61890 -0.44228
v 63.15284 -3.75808 -0.52333
v 63.15284 -3.71631 -0.52590
v 63.21027 -3.75867 -0.47095
v 63.21027 -3.72022 -0.47245
v 63.15284 -3.67340 -0.52756
v 63.15284 -3.62953 -0.52822
v 63.21027 -3.68092 -0.47306
v 63.21027 -3.64094 -0.47270
v 63.15284 -3.75430 -0.40720
v 63.15284 -3.71366 -0.40177
v 63.21027 -3.75626 -0.35976
v 63.21027 -3.71896 -0.35408
v 63.30232 -3.74767 -0.34013
v 63.30232 -3.71830 -0.33804
v 63.15284 -3.67204 -0.39543
v 63.15284 -3.62960 -0.38818
v 63.21027 -3.68094 -0.34760
v 63.21027 -3.64245 -0.33999
v 63.30232 -3.68882 -0.33512
v 63.30232 -3.65938 -0.33134
v 63.01530 -3.55957 -0.49463
v 63.08783 -3.57147 -0.43416
v 63.01530 -3.50657 -0.48554
v 63.15284 -3.58491 -0.52781
v 63.15284 -3.53987 -0.52581
v 63.21027 -3.60059 -0.47091
v 63.21027 -3.55992 -0.46802
v 63.15284 -3.49449 -0.52257
v 63.21027 -3.51913 -0.46397
v 63.21027 -3.47838 -0.45873
v 63.08783 -3.52346 -0.42463
v 63.08783 -3.47496 -0.41406
v 63.15284 -3.58665 -0.37967
v 63.21027 -3.60357 -0.33153
v 63.15284 -3.54325 -0.37022
v 63.15284 -3.49959 -0.35985
v 63.15284 -3.45584 -0.34857
v 63.30232 -3.74980 -0.23945
v 63.30232 -3.72154 -0.23275
v 63.30232 -3.63009 -0.32670
v 63.36379 -3.76593 -0.22138
v 63.36379 -3.74625 -0.21680
v 63.30232 -3.69321 -0.22546
v 63.36379 -3.72693 -0.21160
v 63.36379 -3.70811 -0.20565
v 63.36379 -3.68992 -0.19874
v 63.36379 -3.75247 -0.13169
v 63.30232 -3.66495 -0.21762
v 63.36379 -3.67256 -0.19053
v 63.36379 -3.65597 -0.18144
v 63.30232 -3.63688 -0.20915
v 63.36379 -3.64019 -0.17160
v 63.36379 -3.62525 -0.16112
v 63.36379 -3.61120 -0.15012
v 63.21027 -3.56445 -0.32225
v 63.30232 -3.60117 -0.32091
v 63.30232 -3.57264 -0.31427
v 63.30232 -3.54464 -0.30672
v 63.21027 -3.52525 -0.31216
v 63.21027 -3.48613 -0.30130
v 63.30232 -3.51735 -0.29811
v 63.30232 -3.49099 -0.28809
v 63.30232 -3.46583 -0.27618
v 63.30232 -3.60908 -0.20023
v 63.30232 -3.58166 -0.19088
v 63.30232 -3.55479 -0.18096
v 63.36379 -3.59816 -0.13843
v 63.30232 -3.52867 -0.17016
v 63.30232 -3.50353 -0.15822
v 63.30232 -3.47929 -0.14563
v 63.30232 -3.45603 -0.13258
v 63.36379 -3.73393 -0.12484
v 63.36379 -3.71591 -0.11740
v 63.36379 -3.69856 -0.10916
v 63.36379 -3.68184 -0.10048
v 63.36379 -3.66579 -0.09147
v 63.36379 -3.65045 -0.08227
v 63.36379 -3.63585 -0.07300
v 63.36379 -3.62204 -0.06368
v 63.36379 -3.58603 -0.12652
v 63.36379 -3.57485 -0.11450
v 63.36379 -3.56464 -0.10252
v 63.36379 -3.55539 -0.09070
v 63.36379 -3.54720 -0.07899
v 63.36379 -3.60902 -0.05459
v 63.36379 -3.59679 -0.04585
v 63.36379 -3.58539 -0.03757
v 63.36379 -3.57484 -0.02985
v 63.36379 -3.53997 -0.06775
v 63.36379 -3.53373 -0.05711
v 63.36379 -3.52847 -0.04718
v 63.36379 -3.52417 -0.03812
v 63.36379 -3.52091 -0.02977
v 63.36379 -3.56513 -0.02288
v 63.36379 -3.55628 -0.01674
v 63.36379 -3.54830 -0.01151
v 63.36379 -3.54122 -0.00728
v 63.36379 -3.53505 -0.00408
v 63.36379 -3.51863 -0.02242
v 63.36379 -3.51533 -0.01399
v 63.36379 -3.52972 -0.00222
v 63.36379 -3.52529 -0.00159
v 63.36379 -3.52177 -0.00221
v 63.36379 -3.51825 -0.00697
v 63.01530 -3.45293 -0.47488
v 63.01530 -3.39873 -0.46304
v 62.93526 -3.31457 -0.51715
v 63.01530 -3.34420 -0.45004
v 63.15284 -3.44896 -0.51804
v 63.15284 -3.40348 -0.51218
v 63.21027 -3.43784 -0.45230
v 63.21027 -3.39781 -0.44429
v 63.15284 -3.35824 -0.50499
v 63.15284 -3.31356 -0.49604
v 63.21027 -3.35833 -0.43508
v 63.08783 -3.42617 -0.40245
v 63.08783 -3.37727 -0.38983
v 63.08783 -3.32848 -0.37625
v 63.15284 -3.41218 -0.33644
v 63.21027 -3.31958 -0.42464
v 62.93526 -3.25372 -0.50263
v 63.01530 -3.28956 -0.43593
v 62.93526 -3.19275 -0.48685
v 63.15284 -3.26950 -0.48575
v 63.15284 -3.22625 -0.47408
v 63.15284 -3.18410 -0.46075
v 63.15284 -3.14338 -0.44526
v 63.01530 -3.23504 -0.42073
v 63.08783 -3.28003 -0.36158
v 63.08783 -3.23204 -0.34615
v 63.01530 -3.18090 -0.40431
v 63.08783 -3.18471 -0.32997
v 63.21027 -3.28181 -0.41270
v 63.21027 -3.24532 -0.39883
v 63.21027 -3.21050 -0.38234
v 63.21027 -3.17722 -0.36411
v 63.21027 -3.14556 -0.34437
v 63.21027 -3.44729 -0.28956
v 63.21027 -3.40881 -0.27721
v 63.30232 -3.44178 -0.26302
v 63.30232 -3.41891 -0.24875
v 63.30232 -3.39726 -0.23356
v 63.15284 -3.36884 -0.32333
v 63.15284 -3.32590 -0.30953
v 63.21027 -3.37086 -0.26426
v 63.21027 -3.33367 -0.25052
v 63.21027 -3.29753 -0.23557
v 63.30232 -3.37690 -0.21761
v 63.30232 -3.35798 -0.20067
v 63.30232 -3.34041 -0.18340
v 63.30232 -3.32421 -0.16598
v 63.30232 -3.30940 -0.14861
v 63.30232 -3.29600 -0.13148
v 63.08783 -3.13832 -0.31279
v 63.15284 -3.28355 -0.29507
v 63.15284 -3.24204 -0.27972
v 63.15284 -3.20171 -0.26303
v 63.15284 -3.16286 -0.24455
v 63.21027 -3.26272 -0.21903
v 63.21027 -3.22918 -0.20161
v 63.21027 -3.19699 -0.18354
v 63.21027 -3.16622 -0.16507
v 62.84776 -3.01912 -0.52366
v 62.84776 -2.95185 -0.50320
v 62.84776 -2.88522 -0.48168
v 63.08783 -3.07348 -0.51516
v 62.93526 -3.13190 -0.46987
v 62.93526 -3.07149 -0.45152
v 63.08783 -3.02797 -0.49783
v 62.93526 -3.01165 -0.43223
v 63.08783 -2.98454 -0.47724
v 63.01530 -3.12728 -0.38705
v 63.01530 -3.07439 -0.36895
v 63.01530 -3.02255 -0.34974
v 63.15284 -3.10452 -0.42684
v 63.15284 -3.06738 -0.40649
v 63.15284 -3.03206 -0.38444
v 63.15284 -2.99863 -0.36095
v 63.08783 -2.94304 -0.45447
v 63.08783 -2.90356 -0.42981
v 62.93526 -2.95263 -0.41201
v 63.01530 -2.97218 -0.32885
v 62.93526 -2.89479 -0.39055
v 63.08783 -2.86621 -0.40355
v 62.93526 -2.83858 -0.36722
v 63.08783 -2.83106 -0.37598
v 63.15284 -2.96718 -0.33630
v 63.08783 -3.09324 -0.29412
v 63.08783 -3.04983 -0.27346
v 63.08783 -3.00801 -0.25170
v 63.21027 -3.11561 -0.32333
v 63.21027 -3.08743 -0.30125
v 63.21027 -3.06125 -0.27780
v 63.21027 -3.03693 -0.25389
v 63.21027 -3.01451 -0.22977
v 63.15284 -3.12544 -0.22509
v 63.15284 -3.08951 -0.20492
v 63.21027 -3.13692 -0.14646
v 63.21027 -3.10923 -0.12775
v 63.15284 -3.05517 -0.18430
v 63.21027 -2.99402 -0.20572
v 63.15284 -3.02248 -0.16352
v 63.15284 -2.99158 -0.14263
v 63.01530 -2.92368 -0.30575
v 63.08783 -2.96786 -0.22914
v 63.01530 -2.87694 -0.28141
v 63.01530 -2.83208 -0.25618
v 63.15284 -2.93798 -0.31011
v 63.15284 -2.91084 -0.28342
v 63.15284 -2.88582 -0.25650
v 63.15284 -2.86296 -0.22965
v 63.08783 -2.92948 -0.20608
v 63.08783 -2.89295 -0.18284
v 63.08783 -2.85842 -0.15948
v 63.08783 -2.82583 -0.13671
v 63.21027 -2.97549 -0.18201
v 63.21027 -2.95904 -0.15852
v 63.21027 -2.94456 -0.13597
v 63.15284 -2.84228 -0.20318
v 63.15284 -2.82394 -0.17695
v 63.30232 -3.43379 -0.11925
v 63.30232 -3.41263 -0.10580
v 63.30232 -3.39262 -0.09229
v 63.30232 -3.37374 -0.07911
v 63.30232 -3.35601 -0.06645
v 63.30232 -3.33949 -0.05445
v 63.30232 -3.32419 -0.04327
v 63.30232 -3.31012 -0.03316
v 63.30232 -3.29729 -0.02425
v 63.30232 -3.28412 -0.11451
v 63.30232 -3.27365 -0.09822
v 63.30232 -3.26461 -0.08279
v 63.30232 -3.25698 -0.06840
v 63.30232 -3.25075 -0.05526
v 63.30232 -3.24603 -0.04315
v 63.30232 -3.24272 -0.03250
v 63.30232 -3.28573 -0.01668
v 63.30232 -3.27547 -0.01055
v 63.30232 -3.26652 -0.00591
v 63.30232 -3.25879 -0.00322
v 63.30232 -3.23794 -0.02028
v 63.30232 -3.24080 -0.02344
v 63.30232 -3.25237 -0.00230
v 63.30232 -3.24727 -0.00320
v 63.30232 -3.24216 -0.01010
v 63.21027 -3.08310 -0.10951
v 63.21027 -3.05858 -0.09198
v 63.21027 -3.03570 -0.07537
v 63.21027 -3.01454 -0.05989
v 63.21027 -2.99506 -0.04590
v 63.15284 -2.96242 -0.12227
v 63.15284 -2.93505 -0.10269
v 63.21027 -2.93205 -0.11460
v 63.15284 -2.90953 -0.08415
v 63.21027 -2.92149 -0.09469
v 63.21027 -2.91288 -0.07649
v 63.21027 -2.97731 -0.03357
v 63.21027 -2.90634 -0.05974
v 63.21027 -2.90177 -0.04498
v 63.15284 -2.88591 -0.06686
v 63.15284 -2.86417 -0.05124
v 63.21027 -2.89911 -0.03245
v 63.21027 -2.89516 -0.02807
v 63.21027 -2.89704 -0.02638
v 63.15284 -2.84436 -0.03748
v 63.21027 -2.96131 -0.02309
v 63.21027 -2.94710 -0.01460
v 63.21027 -2.93472 -0.00817
v 63.21027 -2.92402 -0.00445
v 63.21027 -2.90101 -0.01398
v 63.21027 -2.91514 -0.00318
v 63.21027 -2.90807 -0.00442
v 63.15284 -2.82652 -0.02578
v 59.84986 -2.76402 -1.32911
v 60.02020 -2.76541 -1.31534
v 59.62745 -2.62369 -1.32127
v 59.84986 -2.62703 -1.30366
v 60.02020 -2.62956 -1.29022
v 60.27694 -2.78059 -1.28714
v 60.48138 -2.79263 -1.26478
v 60.27694 -2.64723 -1.26264
v 60.27694 -2.51228 -1.23415
v 60.48138 -2.66125 -1.24078
v 60.48138 -2.52831 -1.21284
v 59.62745 -2.48360 -1.29123
v 59.84986 -2.48842 -1.27410
v 60.02020 -2.49209 -1.26103
v 60.02020 -2.35325 -1.22879
v 59.62745 -2.34211 -1.25808
v 59.84986 -2.34843 -1.24147
v 59.62745 -2.19981 -1.22188
v 59.84986 -2.20764 -1.20582
v 60.02020 -2.21362 -1.19356
v 60.27694 -2.37599 -1.20267
v 60.48138 -2.39404 -1.18196
v 60.27694 -2.23890 -1.16826
v 60.48138 -2.25899 -1.14819
v 60.67962 -2.80426 -1.24320
v 60.67962 -2.67481 -1.21966
v 60.87156 -2.81547 -1.22237
v 60.87156 -2.68789 -1.19929
v 60.67962 -2.54381 -1.19225
v 60.87156 -2.55879 -1.17240
v 61.05709 -2.70051 -1.17968
v 61.23611 -2.71264 -1.16082
v 61.40856 -2.72431 -1.14271
v 61.23611 -2.58712 -1.13489
v 61.05709 -2.57322 -1.15328
v 61.40856 -2.60048 -1.11724
v 60.67962 -2.41151 -1.16195
v 60.87156 -2.42838 -1.14265
v 60.67962 -2.27843 -1.12881
v 60.87156 -2.29721 -1.11011
v 61.05709 -2.44466 -1.12406
v 61.23611 -2.46033 -1.10619
v 61.40856 -2.47540 -1.08903
v 61.40856 -2.34958 -1.05814
v 61.05709 -2.31534 -1.09209
v 61.23611 -2.33280 -1.07477
v 61.23611 -2.20503 -1.04072
v 61.40856 -2.22354 -1.02465
v 59.62745 -2.05728 -1.18274
v 59.84986 -2.06662 -1.16726
v 60.02020 -2.07375 -1.15544
v 59.62745 -1.91510 -1.14076
v 59.84986 -1.92593 -1.12590
v 60.02020 -1.93421 -1.11455
v 60.27694 -2.10158 -1.13101
v 60.48138 -2.12370 -1.11163
v 60.27694 -1.96459 -1.09104
v 60.48138 -1.98873 -1.07239
v 59.62745 -1.77400 -1.09557
v 59.84986 -1.78632 -1.08136
v 60.02020 -1.79573 -1.07050
v 59.62745 -1.63427 -1.04817
v 59.84986 -1.64806 -1.03462
v 60.02020 -1.65859 -1.02428
v 60.27694 -1.82863 -1.04797
v 60.48138 -1.85478 -1.03010
v 60.48138 -1.72212 -0.98571
v 60.27694 -1.69398 -1.00277
v 60.27694 -1.56121 -0.95548
v 60.48138 -1.59131 -0.93925
v 60.67962 -2.14512 -1.09291
v 60.87156 -2.16581 -1.07485
v 60.87156 -2.03471 -1.03699
v 60.67962 -2.01211 -1.05437
v 60.67962 -1.88011 -1.01283
v 60.87156 -1.90459 -0.99617
v 61.05709 -2.18579 -1.05745
v 61.05709 -2.05653 -1.02025
v 61.23611 -2.07755 -1.00414
v 61.40856 -2.09777 -0.98867
v 61.05709 -1.92823 -0.98012
v 61.23611 -1.95101 -0.96468
v 61.40856 -1.97293 -0.94986
v 60.67962 -1.74937 -0.96922
v 60.87156 -1.77572 -0.95331
v 61.05709 -1.80116 -0.93798
v 60.67962 -1.62045 -0.92358
v 60.87156 -1.64864 -0.90845
v 61.23611 -1.82569 -0.92324
v 61.40856 -1.84929 -0.90908
v 61.40856 -1.72736 -0.86638
v 61.05709 -1.67586 -0.89387
v 61.23611 -1.70210 -0.87985
v 61.23611 -1.58102 -0.83386
v 61.40856 -1.60789 -0.82112
v 62.16895 -2.82015 -1.29138
v 62.16895 -2.71076 -1.28600
v 62.30012 -2.75535 -1.24166
v 62.16895 -2.60053 -1.27762
v 62.03071 -2.54958 -1.32403
v 62.30012 -2.64883 -1.23364
v 62.30012 -2.54199 -1.22258
v 61.57432 -2.76137 -1.10677
v 61.73332 -2.80660 -1.06544
v 61.73332 -2.69067 -1.04173
v 61.88548 -2.73797 -1.00321
v 61.57432 -2.64118 -1.08213
v 61.57432 -2.51978 -1.05483
v 61.88548 -2.62498 -0.97795
v 61.73332 -2.57357 -1.01548
v 61.88548 -2.51131 -0.95027
v 62.03071 -2.78306 -0.96657
v 62.03071 -2.67399 -0.94224
v 62.03071 -2.43509 -1.31200
v 62.16895 -2.48997 -1.26609
v 62.16895 -2.37954 -1.25135
v 62.30012 -2.43528 -1.20841
v 62.03071 -2.32075 -1.29664
v 62.03071 -2.20702 -1.27793
v 62.16895 -2.26971 -1.23336
v 62.30012 -2.32914 -1.19111
v 62.30012 -2.22434 -1.16967
v 61.57432 -2.39766 -1.02494
v 61.73332 -2.45577 -0.98672
v 61.57432 -2.27532 -0.99253
v 61.73332 -2.33775 -0.95553
v 62.42416 -2.79746 -1.19979
v 62.42416 -2.69446 -1.19211
v 62.42416 -2.59114 -1.18149
v 62.54100 -2.79558 -1.10635
v 62.54100 -2.69961 -1.09654
v 62.65059 -2.74724 -0.98121
v 62.54100 -2.60376 -1.08394
v 62.54100 -2.50842 -1.06851
v 62.65059 -2.66087 -0.96728
v 62.65059 -2.57559 -0.94999
v 62.42416 -2.48794 -1.16786
v 62.42416 -2.38530 -1.15119
v 62.54100 -2.41428 -1.04938
v 62.42416 -2.28395 -1.13054
v 62.54100 -2.32145 -1.02744
v 62.54100 -2.23034 -1.00259
v 62.16895 -2.72059 -0.90837
v 62.30012 -2.76476 -0.87633
v 62.16895 -2.61463 -0.88269
v 62.03071 -2.56427 -0.91559
v 62.16895 -2.50846 -0.85483
v 62.30012 -2.66237 -0.85156
v 62.30012 -2.55977 -0.82470
v 61.88548 -2.39743 -0.92024
v 61.88548 -2.28379 -0.88797
v 61.73332 -2.21998 -0.92201
v 62.03071 -2.45434 -0.88668
v 62.16895 -2.40252 -0.82487
v 62.30012 -2.45740 -0.79580
v 62.30012 -2.35576 -0.76461
v 62.03071 -2.34465 -0.85559
v 62.16895 -2.29736 -0.79253
v 62.03071 -2.23576 -0.82204
v 62.16895 -2.19318 -0.75854
v 62.30012 -2.25509 -0.73182
v 62.42416 -2.80649 -0.84611
v 62.75286 -2.80306 -0.87292
v 62.75286 -2.72604 -0.85735
v 62.54100 -2.80749 -0.76275
v 62.42416 -2.70747 -0.82222
v 62.54100 -2.71534 -0.73871
v 62.84776 -2.79718 -0.75540
v 62.84776 -2.73007 -0.73719
v 62.75286 -2.65008 -0.83947
v 62.42416 -2.60825 -0.79628
v 62.42416 -2.50925 -0.76839
v 62.75286 -2.57554 -0.81921
v 62.65059 -2.76480 -0.64516
v 62.84776 -2.66465 -0.71640
v 62.65059 -2.68208 -0.61991
v 62.75286 -2.82203 -0.55933
v 62.75286 -2.74803 -0.53540
v 62.54100 -2.62337 -0.71286
v 62.54100 -2.53207 -0.68494
v 62.84776 -2.60146 -0.69227
v 62.84776 -2.54117 -0.66359
v 62.65059 -2.60014 -0.59337
v 62.65059 -2.51933 -0.56556
v 62.93526 -2.81370 -0.64301
v 62.93526 -2.75696 -0.62136
v 62.93526 -2.70281 -0.59563
v 62.93526 -2.65106 -0.56720
v 62.93526 -2.60184 -0.53641
v 62.65059 -2.49148 -0.93016
v 62.65059 -2.40895 -0.90769
v 62.42416 -2.41096 -0.73828
v 62.75286 -2.50289 -0.79609
v 62.75286 -2.43272 -0.76926
v 62.75286 -2.36576 -0.73738
v 62.65059 -2.32850 -0.88205
v 62.65059 -2.25081 -0.85229
v 62.54100 -2.44163 -0.65559
v 62.84776 -2.48355 -0.63191
v 62.65059 -2.44013 -0.53606
v 62.54100 -2.35243 -0.62484
v 62.84776 -2.42875 -0.59760
v 62.84776 -2.37691 -0.56106
v 62.42416 -2.31360 -0.70663
v 62.42416 -2.21757 -0.67347
v 62.75286 -2.30178 -0.70215
v 62.75286 -2.24094 -0.66402
v 62.54100 -2.26502 -0.59222
v 61.88548 -2.14111 -1.32480
v 61.88548 -2.02479 -1.30074
v 61.88548 -1.91009 -1.27322
v 62.03071 -2.09474 -1.25479
v 62.16895 -2.16126 -1.21110
v 62.16895 -2.05432 -1.18561
v 62.30012 -2.12100 -1.14512
v 62.03071 -1.98401 -1.22831
v 62.16895 -1.94939 -1.15676
v 61.57432 -2.15324 -0.95769
v 62.30012 -2.01958 -1.11732
v 62.30012 -1.92075 -1.08563
v 61.73332 -1.83259 -1.32030
v 61.88548 -1.79755 -1.24210
v 61.73332 -1.71597 -1.28796
v 61.73332 -1.60232 -1.25115
v 61.88548 -1.68787 -1.20668
v 61.88548 -1.58197 -1.16566
v 62.03071 -1.87537 -1.19836
v 62.03071 -1.76949 -1.16426
v 62.16895 -1.84712 -1.12390
v 62.16895 -1.74836 -1.08581
v 62.30012 -1.82530 -1.04889
v 62.30012 -1.73425 -1.00530
v 62.03071 -1.66724 -1.12474
v 62.16895 -1.65416 -1.04064
v 62.03071 -1.56971 -1.07789
v 62.16895 -1.56415 -0.99077
v 62.30012 -1.64725 -0.95717
v 62.42416 -2.18400 -1.10686
v 62.42416 -2.08592 -1.08004
v 62.54100 -2.14155 -0.97424
v 62.54100 -2.05579 -0.94135
v 62.42416 -1.99033 -1.04946
v 62.42416 -1.89802 -1.01400
v 62.42416 -1.80995 -0.97190
v 61.88548 -2.17099 -0.85314
v 61.73332 -2.10309 -0.88583
v 61.88548 -2.05926 -0.81654
v 61.57432 -2.03207 -0.92011
v 61.57432 -1.91205 -0.88062
v 61.73332 -1.98730 -0.84782
v 61.88548 -1.94907 -0.77821
v 62.03071 -2.12790 -0.78678
v 62.03071 -2.02153 -0.74985
v 62.16895 -2.09045 -0.72294
v 62.30012 -2.15580 -0.69748
v 62.30012 -2.05851 -0.66105
v 62.16895 -1.98977 -0.68518
v 62.03071 -1.91729 -0.71068
v 62.16895 -1.89196 -0.64417
v 62.30012 -1.96397 -0.62148
v 61.57432 -1.79369 -0.83927
v 61.73332 -1.87312 -0.80802
v 61.88548 -1.84110 -0.73756
v 61.73332 -1.76123 -0.76582
v 61.57432 -1.67772 -0.79544
v 61.57432 -1.56506 -0.74786
v 62.30012 -1.56453 -0.90508
v 61.88548 -1.73621 -0.69343
v 61.73332 -1.65254 -0.72000
v 61.88548 -1.63524 -0.64468
v 62.03071 -1.81603 -0.66816
v 62.16895 -1.79780 -0.59886
v 62.03071 -1.71854 -0.62117
v 62.30012 -1.87297 -0.57775
v 62.30012 -1.78529 -0.53173
v 62.16895 -1.70709 -0.55117
v 62.03071 -1.62464 -0.57172
v 62.65059 -2.17667 -0.81695
v 62.65059 -2.10584 -0.77791
v 62.65059 -2.03848 -0.73564
v 62.54100 -1.97398 -0.90229
v 62.54100 -1.89580 -0.85916
v 62.42416 -2.12347 -0.63830
v 62.54100 -2.18008 -0.55678
v 62.75286 -2.18337 -0.62340
v 62.75286 -2.12922 -0.58078
v 62.75286 -2.07894 -0.53553
v 62.65059 -1.97475 -0.69064
v 62.65059 -1.91480 -0.64341
v 62.42416 -2.03204 -0.60009
v 62.42416 -1.94401 -0.55785
v 62.42416 -1.72580 -0.92541
v 62.54100 -1.82146 -0.81246
v 62.54100 -1.75114 -0.76274
v 62.42416 -1.64578 -0.87508
v 62.42416 -1.57009 -0.82151
v 62.65059 -1.85915 -0.59327
v 62.65059 -1.80745 -0.54216
v 62.54100 -1.68498 -0.71057
v 62.54100 -1.62358 -0.65518
v 62.54100 -1.56653 -0.59872
v 62.84776 -2.81950 -0.45914
v 62.84776 -2.75509 -0.43521
v 62.75286 -2.67504 -0.51032
v 62.84776 -2.69250 -0.40920
v 62.75286 -2.60351 -0.48371
v 62.75286 -2.53401 -0.45479
v 62.84776 -2.63224 -0.38043
v 62.84776 -2.57417 -0.35014
v 63.01530 -2.80424 -0.50805
v 63.01530 -2.76014 -0.48048
v 63.01530 -2.71840 -0.45111
v 62.93526 -2.78446 -0.34141
v 63.08783 -2.79843 -0.34670
v 63.01530 -2.67914 -0.42029
v 62.93526 -2.55528 -0.50362
v 62.93526 -2.51147 -0.46920
v 63.01530 -2.64268 -0.38756
v 63.01530 -2.60881 -0.35419
v 62.84776 -2.51844 -0.31874
v 63.08783 -2.76811 -0.31686
v 63.01530 -2.78920 -0.23040
v 62.93526 -2.73231 -0.31423
v 62.93526 -2.68226 -0.28605
v 63.08783 -2.74015 -0.28676
v 63.08783 -2.71461 -0.25674
v 63.08783 -2.69150 -0.22714
v 63.01530 -2.74838 -0.20442
v 63.01530 -2.70980 -0.17830
v 63.08783 -2.67101 -0.19782
v 63.01530 -2.67339 -0.15284
v 63.15284 -2.80778 -0.15177
v 63.15284 -2.79382 -0.12792
v 62.93526 -2.63441 -0.25726
v 62.93526 -2.58886 -0.22824
v 63.01530 -2.57758 -0.32054
v 63.01530 -2.54904 -0.28698
v 63.01530 -2.52323 -0.25390
v 63.08783 -2.65296 -0.16967
v 63.01530 -2.63922 -0.12837
v 63.08783 -2.63737 -0.14301
v 62.93526 -2.54581 -0.19909
v 62.65059 -2.36318 -0.50399
v 62.75286 -2.46709 -0.42281
v 62.75286 -2.40261 -0.38914
v 62.65059 -2.28908 -0.46854
v 62.65059 -2.21770 -0.43121
v 62.84776 -2.32814 -0.52271
v 62.84776 -2.28285 -0.48198
v 62.84776 -2.24078 -0.44048
v 62.75286 -2.34072 -0.35423
v 62.84776 -2.20200 -0.39862
v 62.93526 -2.47080 -0.43265
v 62.93526 -2.43300 -0.39540
v 62.93526 -2.39816 -0.35783
v 62.84776 -2.46517 -0.28665
v 62.84776 -2.41446 -0.25432
v 62.84776 -2.36653 -0.22183
v 62.75286 -2.28156 -0.31857
v 62.75286 -2.22526 -0.28263
v 62.84776 -2.32130 -0.19014
v 62.84776 -2.27885 -0.15970
v 62.84776 -2.23926 -0.13086
v 62.93526 -2.36633 -0.32037
v 63.01530 -2.50034 -0.22112
v 63.01530 -2.48018 -0.18965
v 62.93526 -2.50519 -0.17065
v 62.93526 -2.46706 -0.14333
v 63.01530 -2.46276 -0.15985
v 63.01530 -2.44807 -0.13206
v 62.93526 -2.33754 -0.28343
v 62.93526 -2.31200 -0.24684
v 62.93526 -2.28952 -0.21171
v 62.93526 -2.27009 -0.17843
v 62.93526 -2.25371 -0.14742
v 63.08783 -2.79524 -0.11482
v 63.08783 -2.76672 -0.09409
v 63.08783 -2.74033 -0.07476
v 63.08783 -2.71604 -0.05729
v 63.08783 -2.69390 -0.04190
v 63.08783 -2.67395 -0.02882
v 63.15284 -2.78205 -0.10569
v 63.15284 -2.77243 -0.08538
v 63.15284 -2.76515 -0.06668
v 63.15284 -2.76005 -0.05021
v 63.15284 -2.75708 -0.03622
v 63.15284 -2.75478 -0.02944
v 63.15284 -2.81066 -0.01629
v 63.15284 -2.79684 -0.00912
v 63.15284 -2.78490 -0.00497
v 63.15284 -2.77498 -0.00354
v 63.15284 -2.76710 -0.00494
v 63.15284 -2.75921 -0.01560
v 63.01530 -2.60735 -0.10519
v 63.08783 -2.62421 -0.11815
v 63.08783 -2.61348 -0.09545
v 63.08783 -2.60534 -0.07454
v 63.08783 -2.59964 -0.05613
v 63.08783 -2.59634 -0.04048
v 63.08783 -2.59142 -0.03501
v 63.08783 -2.59376 -0.03291
v 63.01530 -2.57786 -0.08358
v 63.01530 -2.55072 -0.06405
v 63.01530 -2.52599 -0.04685
v 63.08783 -2.65623 -0.01822
v 63.08783 -2.64079 -0.01020
v 63.08783 -2.62745 -0.00555
v 63.08783 -2.61636 -0.00396
v 63.08783 -2.60754 -0.00551
v 63.08783 -2.59872 -0.01743
v 62.84776 -2.20262 -0.10397
v 62.93526 -2.43150 -0.11745
v 63.01530 -2.43608 -0.10668
v 63.01530 -2.50370 -0.03222
v 62.93526 -2.39860 -0.09332
v 63.01530 -2.42700 -0.08331
v 62.93526 -2.36831 -0.07152
v 63.01530 -2.42064 -0.06273
v 63.01530 -2.41695 -0.04524
v 63.01530 -2.41146 -0.03912
v 63.01530 -2.41408 -0.03677
v 63.01530 -2.48390 -0.02037
v 63.01530 -2.46665 -0.01140
v 63.01530 -2.45173 -0.00620
v 63.01530 -2.43934 -0.00442
v 63.01530 -2.42949 -0.00616
v 63.01530 -2.41962 -0.01948
v 62.93526 -2.34072 -0.05231
v 62.93526 -2.31585 -0.03597
v 62.93526 -2.24034 -0.11908
v 62.93526 -2.23021 -0.09299
v 62.93526 -2.22312 -0.07002
v 62.93526 -2.21902 -0.05050
v 62.93526 -2.21289 -0.04366
v 62.93526 -2.21581 -0.04104
v 62.93526 -2.29376 -0.02274
v 62.93526 -2.27450 -0.01273
v 62.93526 -2.25786 -0.00692
v 62.93526 -2.24403 -0.00493
v 62.93526 -2.23303 -0.00687
v 62.93526 -2.22201 -0.02173
v 62.16895 -1.62003 -0.50175
v 62.30012 -1.70114 -0.48403
v 62.30012 -1.62071 -0.43531
v 62.54100 -2.09831 -0.51760
v 62.65059 -2.14918 -0.39252
v 62.65059 -2.08368 -0.35300
v 62.84776 -2.16656 -0.35688
v 62.54100 -2.01952 -0.47635
v 62.54100 -1.94391 -0.43361
v 62.75286 -2.03223 -0.48940
v 62.75286 -1.98918 -0.44289
v 62.75286 -1.94984 -0.39651
v 62.75286 -1.91426 -0.35079
v 62.84776 -2.13452 -0.31573
v 62.75286 -2.17203 -0.24652
v 62.84776 -2.10610 -0.27497
v 62.84776 -2.08108 -0.23583
v 62.75286 -2.12181 -0.21131
v 62.75286 -2.07467 -0.17747
v 62.84776 -2.05946 -0.19876
v 62.84776 -2.04123 -0.16421
v 62.65059 -2.02135 -0.31317
v 62.65059 -1.96243 -0.27315
v 62.65059 -1.90683 -0.23414
v 62.75286 -1.88272 -0.30549
v 62.75286 -2.03072 -0.14542
v 62.84776 -2.02635 -0.13264
v 62.42416 -1.85921 -0.51340
v 62.65059 -1.75979 -0.49063
v 62.42416 -1.77781 -0.46732
v 62.54100 -1.87162 -0.38994
v 62.54100 -1.80283 -0.34593
v 62.65059 -1.71625 -0.43924
v 62.42416 -1.70001 -0.42026
v 62.65059 -1.67688 -0.38858
v 62.65059 -1.64197 -0.33840
v 62.42416 -1.62597 -0.37284
v 62.54100 -1.73781 -0.30173
v 62.75286 -1.85495 -0.26201
v 62.65059 -1.85464 -0.19664
v 62.65059 -1.80598 -0.16113
v 62.65059 -1.76094 -0.12802
v 62.75286 -1.83095 -0.22082
v 62.75286 -1.81072 -0.18243
v 62.75286 -1.79421 -0.14736
v 62.54100 -1.67645 -0.25863
v 62.65059 -1.61124 -0.29023
v 62.65059 -1.58469 -0.24460
v 62.54100 -1.61886 -0.21721
v 62.65059 -1.56231 -0.20207
v 62.54100 -1.56516 -0.17798
v 62.84776 -2.16891 -0.07968
v 62.84776 -2.13818 -0.05828
v 62.84776 -2.11049 -0.04008
v 62.84776 -2.08589 -0.02534
v 62.84776 -2.06445 -0.01418
v 62.84776 -2.04592 -0.00771
v 62.75286 -1.99004 -0.11554
v 62.84776 -2.01508 -0.10358
v 62.84776 -2.00720 -0.07798
v 62.84776 -2.00264 -0.05624
v 62.84776 -1.99581 -0.04861
v 62.84776 -1.99907 -0.04570
v 62.75286 -1.95260 -0.08855
v 62.75286 -1.91848 -0.06476
v 62.75286 -1.88773 -0.04454
v 62.84776 -2.03052 -0.00549
v 62.84776 -2.01826 -0.00765
v 62.84776 -2.00599 -0.02420
v 62.65059 -1.71950 -0.09812
v 62.75286 -1.86041 -0.02815
v 62.75286 -1.78172 -0.11507
v 62.75286 -1.77297 -0.08663
v 62.75286 -1.76791 -0.06247
v 62.75286 -1.76034 -0.05399
v 62.75286 -1.76396 -0.05076
v 62.75286 -1.77166 -0.02687
v 62.75286 -1.83660 -0.01576
v 62.75286 -1.81602 -0.00857
v 62.75286 -1.79891 -0.00610
v 62.75286 -1.78530 -0.00849
v 62.65059 -1.68173 -0.07176
v 62.65059 -1.64768 -0.04935
v 62.65059 -1.61744 -0.03119
v 62.65059 -1.59108 -0.01746
v 62.65059 -1.56829 -0.00949
v 48.50515 -1.42125 -3.05443
v 48.84552 -1.43361 -3.00558
v 49.18562 -1.44573 -2.95697
v 48.50515 -1.18129 -2.99538
v 48.84552 -1.19667 -2.94784
v 48.50515 -0.94518 -2.92709
v 49.18562 -1.21181 -2.90053
v 48.84552 -0.96351 -2.88097
v 49.18562 -0.98160 -2.83507
v 49.52528 -1.45761 -2.90865
v 49.75606 -1.46554 -2.87594
v 49.86434 -1.46952 -2.86094
v 49.52528 -1.22671 -2.85348
v 49.52528 -0.99945 -2.78941
v 49.75606 -1.23671 -2.82162
v 49.86434 -1.24164 -2.80702
v 49.75606 -1.01145 -2.75850
v 49.86434 -1.01732 -2.74433
v 48.50515 -0.71301 -2.85188
v 48.84552 -0.73421 -2.80726
v 49.18562 -0.75518 -2.76286
v 48.50515 -0.48587 -2.76956
v 48.84552 -0.50986 -2.72654
v 49.18562 -0.53362 -2.68372
v 49.18562 -0.31850 -2.59632
v 49.52528 -0.77590 -2.71868
v 49.75606 -0.78986 -2.68877
v 49.86434 -0.79666 -2.67506
v 49.52528 -0.55715 -2.64111
v 49.52528 -0.34471 -2.55538
v 49.75606 -0.57301 -2.61226
v 49.86434 -0.58069 -2.59904
v 49.75606 -0.36240 -2.52765
v 49.86434 -0.37094 -2.51495
v 50.20261 -1.48181 -2.81420
v 50.53994 -1.49386 -2.76779
v 50.20261 -1.25694 -2.76152
v 50.53994 -1.27199 -2.71633
v 50.87613 -1.50567 -2.72173
v 50.87613 -1.28679 -2.67146
v 50.20261 -1.03555 -2.70018
v 50.53994 -1.05354 -2.65632
v 50.87613 -1.07127 -2.61276
v 51.21103 -1.51724 -2.67603
v 51.54446 -1.52954 -2.63166
v 51.21103 -1.30134 -2.62695
v 51.54446 -1.31658 -2.58370
v 51.87625 -1.54164 -2.58772
v 51.87625 -1.33160 -2.54086
v 51.21103 -1.08874 -2.56955
v 51.54446 -1.10684 -2.52754
v 51.87625 -1.12471 -2.48592
v 50.20261 -0.81775 -2.63234
v 50.53994 -0.83860 -2.58989
v 50.87613 -0.85919 -2.54774
v 50.20261 -0.60458 -2.55783
v 50.53994 -0.62821 -2.51689
v 50.87613 -0.65159 -2.47621
v 50.20261 -0.39751 -2.47536
v 50.53994 -0.42383 -2.43601
v 50.87613 -0.44988 -2.39692
v 51.21103 -0.87952 -2.50590
v 51.54446 -0.90043 -2.46521
v 51.21103 -0.67469 -2.43584
v 51.54446 -0.69832 -2.39656
v 51.87625 -0.92109 -2.42490
v 51.87625 -0.72170 -2.35763
v 51.21103 -0.47565 -2.35811
v 51.54446 -0.50192 -2.32034
v 51.54446 -0.31299 -2.23429
v 51.87625 -0.52792 -2.28289
v 51.87625 -0.34148 -2.19845
v 48.50515 -1.55569 -2.09699
v 48.50515 -1.32890 -2.00634
v 48.84552 -1.33899 -1.97375
v 49.18562 -1.34894 -1.94133
v 48.50515 -1.10459 -1.91226
v 48.84552 -1.11737 -1.88148
v 49.18562 -1.13003 -1.85086
v 49.52528 -1.35876 -1.90912
v 49.75606 -1.36535 -1.88733
v 49.86434 -1.36888 -1.87711
v 49.52528 -1.14255 -1.82042
v 49.75606 -1.15099 -1.79982
v 49.86434 -1.15538 -1.79015
v 49.52528 -0.92963 -1.72854
v 49.75606 -0.93988 -1.70916
v 49.86434 -0.94513 -1.70005
v 48.50515 -0.88372 -1.81492
v 48.84552 -0.89915 -1.78597
v 49.18562 -0.91446 -1.75717
v 48.50515 -0.66778 -1.71322
v 48.84552 -0.68578 -1.68615
v 49.18562 -0.70367 -1.65921
v 48.50515 -0.45873 -1.60490
v 48.84552 -0.47921 -1.57976
v 49.18562 -0.49957 -1.55475
v 49.18562 -0.30402 -1.44166
v 49.52528 -0.72143 -1.63243
v 49.75606 -0.73344 -1.61429
v 49.86434 -0.73951 -1.60575
v 49.52528 -0.51982 -1.52988
v 49.52528 -0.32662 -1.41878
v 49.86434 -0.54039 -1.50508
v 49.75606 -0.53352 -1.51304
v 49.75606 -0.34192 -1.40328
v 49.86434 -0.34954 -1.39595
v 50.20261 -1.37981 -1.84530
v 50.53994 -1.39058 -1.81374
v 50.87613 -1.40119 -1.78245
v 50.20261 -1.16902 -1.76004
v 51.21103 -1.41164 -1.75144
v 50.53994 -1.18251 -1.73015
v 50.20261 -0.96143 -1.67166
v 50.53994 -0.97758 -1.64349
v 50.87613 -1.19583 -1.70052
v 50.87613 -0.99357 -1.61555
v 51.54446 -1.42297 -1.72146
v 51.87625 -1.43417 -1.69181
v 51.21103 -1.20899 -1.67115
v 51.54446 -1.22298 -1.64275
v 51.21103 -1.00939 -1.58785
v 51.54446 -1.02599 -1.56106
v 51.87625 -1.23684 -1.61465
v 51.87625 -1.04245 -1.53455
v 50.53994 -0.77716 -1.55272
v 50.20261 -0.75841 -1.57913
v 50.87613 -0.79573 -1.52651
v 50.20261 -0.56178 -1.48031
v 50.53994 -0.58301 -1.45571
v 50.20261 -0.37329 -1.37311
v 50.53994 -0.39689 -1.35043
v 50.87613 -0.60408 -1.43131
v 51.21103 -0.81414 -1.50053
v 51.54446 -0.83329 -1.47540
v 51.21103 -0.62497 -1.40712
v 51.54446 -0.64657 -1.38371
v 51.87625 -0.85229 -1.45052
v 51.87625 -0.66801 -1.36054
v 48.50515 -0.26538 -2.67878
v 48.50515 -0.05361 -2.57701
v 48.84552 -0.29205 -2.63746
v 48.84552 -0.08281 -2.53752
v 49.18562 -0.11180 -2.49819
v 48.50515 0.14680 -2.46030
v 48.84552 0.11525 -2.42281
v 49.18562 0.08391 -2.38547
v 48.84552 0.30331 -2.29852
v 49.18562 0.26978 -2.26329
v 49.52528 -0.14055 -2.45905
v 49.75606 -0.15998 -2.43253
v 49.86434 -0.16934 -2.42040
v 49.52528 0.05279 -2.34831
v 49.52528 0.23646 -2.22821
v 49.75606 0.03176 -2.32313
v 49.86434 0.02165 -2.31161
v 49.75606 0.21393 -2.20444
v 49.86434 0.20311 -2.19357
v 48.50515 0.33705 -2.33389
v 48.50515 0.51675 -2.19916
v 48.84552 0.48098 -2.16599
v 50.20261 -0.19845 -2.38255
v 50.53994 -0.22731 -2.34493
v 50.20261 -0.00983 -2.27568
v 50.53994 -0.04106 -2.23997
v 50.87613 -0.25591 -2.30755
v 50.87613 -0.07202 -2.20447
v 50.20261 0.16941 -2.15968
v 51.21103 -0.28422 -2.27043
v 51.21103 -0.10271 -2.16922
v 48.50515 -0.25850 -1.48776
v 48.50515 -0.06630 -1.36603
v 48.84552 -0.28131 -1.46465
v 48.84552 -0.09134 -1.34499
v 49.18562 0.44541 -2.13295
v 48.84552 0.64792 -2.02662
v 49.18562 0.61048 -1.99584
v 48.50515 0.68555 -2.05751
v 48.50515 0.84318 -1.91044
v 48.84552 0.80386 -1.88188
v 49.18562 0.76470 -1.85342
v 49.52528 0.41005 -2.10005
v 49.52528 0.57324 -1.96520
v 49.75606 0.38613 -2.07775
v 49.86434 0.37465 -2.06756
v 49.75606 0.54803 -1.94442
v 49.86434 0.53595 -1.93494
v 49.52528 0.72575 -1.82508
v 49.75606 0.69936 -1.80587
v 49.86434 0.68673 -1.79710
v 48.84552 0.94717 -1.72992
v 49.18562 0.90649 -1.70386
v 49.52528 0.86601 -1.67790
v 49.75606 0.83858 -1.66030
v 49.86434 0.82544 -1.65228
v 49.86434 0.95342 -1.50563
v 50.53994 0.13597 -2.12597
v 50.53994 0.30339 -2.00419
v 50.87613 0.10279 -2.09247
v 50.87613 0.26815 -1.97277
v 51.54446 -0.13380 -2.13488
v 51.87625 -0.16462 -2.10083
v 51.87625 0.00361 -1.99460
v 51.21103 0.06989 -2.05919
v 51.54446 0.03661 -2.02676
v 51.21103 0.23319 -1.94156
v 51.54446 0.19787 -1.91114
v 51.87625 0.16284 -1.88096
v 51.87625 0.31275 -1.76113
v 50.20261 0.33890 -2.03579
v 50.53994 0.46089 -1.87593
v 50.20261 0.49830 -1.90536
v 50.20261 0.64733 -1.76976
v 50.53994 0.60817 -1.74256
v 50.87613 0.42374 -1.84667
v 51.21103 0.38687 -1.81760
v 51.54446 0.34966 -1.78925
v 50.87613 0.56927 -1.71551
v 50.20261 0.78449 -1.62725
v 50.53994 0.74376 -1.60235
v 50.87613 0.70329 -1.57759
v 50.20261 0.91105 -1.48293
v 50.53994 0.86891 -1.46033
v 50.87613 0.82702 -1.43786
v 51.21103 0.53064 -1.68863
v 51.54446 0.49171 -1.66241
v 51.87625 0.45306 -1.63640
v 51.54446 0.62259 -1.52896
v 51.87625 0.58239 -1.50513
v 51.21103 0.66309 -1.55298
v 51.21103 0.78540 -1.41552
v 51.54446 0.74349 -1.39372
v 51.87625 0.70187 -1.37208
v 52.20623 -1.55349 -2.54419
v 52.20623 -1.34635 -2.49842
v 52.53423 -1.36085 -2.45640
v 52.68722 -1.36755 -2.43686
v 52.86009 -1.37591 -2.41567
v 52.20623 -1.14231 -2.44468
v 52.53423 -1.15963 -2.40385
v 52.20623 -0.94147 -2.38495
v 52.53423 -0.96157 -2.34537
v 52.68722 -1.16765 -2.38485
v 52.86009 -1.17747 -2.36426
v 52.68722 -0.97088 -2.32696
v 52.86009 -0.98212 -2.30702
v 53.18364 -1.39145 -2.37612
v 53.50471 -1.40673 -2.33700
v 53.82314 -1.42173 -2.29834
v 53.18364 -1.19574 -2.32583
v 53.18364 -1.00306 -2.26978
v 53.50471 -1.21372 -2.28781
v 53.82314 -1.23142 -2.25023
v 53.50471 -1.02370 -2.23294
v 53.82314 -1.04403 -2.19651
v 52.20623 -0.74479 -2.31904
v 52.53423 -0.76758 -2.28082
v 52.68722 -0.77816 -2.26303
v 52.86009 -0.79079 -2.24378
v 52.20623 -0.55362 -2.24577
v 52.53423 -0.57901 -2.20899
v 52.20623 -0.36967 -2.16292
v 52.68722 -0.59080 -2.19187
v 52.86009 -0.60477 -2.17335
v 53.18364 -0.81433 -2.20781
v 53.18364 -0.63082 -2.13875
v 53.50471 -0.83755 -2.17222
v 53.82314 -0.86044 -2.13703
v 54.13876 -1.43647 -2.26015
v 54.13876 -1.24882 -2.21310
v 54.45143 -1.45199 -2.22368
v 54.76096 -1.46730 -2.18776
v 54.45143 -1.26691 -2.17763
v 54.76096 -1.28475 -2.14268
v 54.13876 -1.06404 -2.16052
v 55.06722 -1.48232 -2.15234
v 52.20623 -1.44520 -1.66246
v 52.53423 -1.45606 -1.63343
v 52.20623 -1.25052 -1.58684
v 52.53423 -1.26401 -1.55933
v 52.68722 -1.46109 -1.61994
v 52.86009 -1.46783 -1.60496
v 52.68722 -1.27027 -1.54654
v 52.86009 -1.27837 -1.53232
v 52.20623 -1.05873 -1.50831
v 52.53423 -1.07481 -1.48234
v 52.86009 -1.09172 -1.45683
v 52.68722 -1.08228 -1.47028
v 53.18364 -1.48036 -1.57703
v 53.50471 -1.49270 -1.54946
v 53.18364 -1.29345 -1.50581
v 53.82314 -1.50483 -1.52226
v 53.50471 -1.30833 -1.47962
v 53.82314 -1.32298 -1.45379
v 53.18364 -1.10931 -1.43176
v 53.50471 -1.12667 -1.40701
v 53.82314 -1.14381 -1.38257
v 52.53423 -0.39753 -2.12771
v 52.68722 -0.41048 -2.11132
v 52.86009 -0.42573 -2.09360
v 53.50471 -0.65653 -2.10451
v 53.82314 -0.68191 -2.07065
v 53.18364 -0.45416 -2.06049
v 53.50471 -0.48226 -2.02771
v 53.82314 -0.51000 -1.99529
v 53.50471 -0.31676 -1.93857
v 53.82314 -0.34672 -1.90775
v 52.20623 -0.87110 -1.42589
v 52.53423 -0.88970 -1.40152
v 52.20623 -0.68925 -1.33759
v 52.68722 -0.89835 -1.39019
v 52.86009 -0.90909 -1.37754
v 53.18364 -0.92912 -1.35397
v 54.76096 -1.10497 -2.09223
v 54.45143 -1.08465 -2.12612
v 55.37003 -1.49706 -2.11743
v 55.06722 -1.30228 -2.10822
v 55.37003 -1.31950 -2.07425
v 55.62092 -1.50918 -2.08860
v 55.62092 -1.33368 -2.04619
v 55.06722 -1.12497 -2.05880
v 55.37003 -1.14462 -2.02584
v 55.06722 -0.95120 -2.00391
v 55.37003 -0.97324 -1.97203
v 55.62092 -1.16082 -1.99861
v 55.62092 -0.99141 -1.94569
v 54.13876 -1.51676 -1.49543
v 54.13876 -1.33742 -1.42831
v 54.45143 -1.52963 -1.46995
v 54.76096 -1.54235 -1.44491
v 54.45143 -1.35269 -1.40411
v 54.76096 -1.36778 -1.38032
v 54.13876 -1.16070 -1.35847
v 54.45143 -1.17834 -1.33559
v 55.06722 -1.55485 -1.42025
v 55.06722 -1.38264 -1.35689
v 55.37003 -1.39726 -1.33383
v 54.13876 -0.88301 -2.10225
v 54.13876 -0.70694 -2.03717
v 54.45143 -0.90606 -2.06900
v 54.76096 -0.92881 -2.03623
v 54.45143 -0.73235 -2.00515
v 54.76096 -0.75744 -1.97360
v 54.13876 -0.53738 -1.96324
v 54.13876 -0.37629 -1.87728
v 54.45143 -0.56505 -1.93257
v 54.76096 -0.59237 -1.90234
v 54.45143 -0.40608 -1.84812
v 54.76096 -0.43550 -1.81937
v 55.06722 -0.78216 -1.94246
v 55.37003 -0.80649 -1.91176
v 55.06722 -0.61930 -1.87251
v 55.37003 -0.64582 -1.84308
v 55.62092 -0.82656 -1.88638
v 55.62092 -0.66772 -1.81876
v 55.06722 -0.46450 -1.79099
v 55.37003 -0.49308 -1.76299
v 55.62092 -0.51669 -1.73985
v 55.06722 -0.31703 -1.70189
v 55.37003 -0.34755 -1.67543
v 55.62092 -0.37276 -1.65354
v 52.20623 -0.19512 -2.06706
v 52.53423 -0.22530 -2.03359
v 52.20623 -0.02906 -1.96271
v 52.68722 -0.23932 -2.01801
v 52.86009 -0.25576 -2.00117
v 52.53423 -0.06141 -1.93109
v 52.68722 -0.07645 -1.91637
v 52.86009 -0.09401 -1.90047
v 52.20623 0.12814 -1.85102
v 52.53423 0.09376 -1.82135
v 52.68722 0.07778 -1.80753
v 52.86009 0.05917 -1.79262
v 53.18364 -0.28644 -1.96971
v 53.18364 -0.12679 -1.87076
v 53.50471 -0.15921 -1.84135
v 53.82314 -0.19125 -1.81224
v 53.50471 -0.00996 -1.73715
v 53.18364 0.02442 -1.76475
v 52.20623 0.27616 -1.73323
v 52.53423 0.23991 -1.70556
v 52.68722 0.22304 -1.69268
v 52.86009 0.20346 -1.67879
v 53.82314 -0.04394 -1.70984
v 53.18364 0.16688 -1.65283
v 53.18364 0.30033 -1.53622
v 53.50471 0.13068 -1.62712
v 53.82314 0.09488 -1.60166
v 53.50471 0.26245 -1.51244
v 53.82314 0.22497 -1.48890
v 52.20623 0.41474 -1.61058
v 52.53423 0.37675 -1.58499
v 52.68722 0.35908 -1.57307
v 52.86009 0.33859 -1.56023
v 52.20623 0.54250 -1.48148
v 52.53423 0.50296 -1.45803
v 52.68722 0.48455 -1.44711
v 52.86009 0.46326 -1.43535
v 52.20623 0.66057 -1.35060
v 53.18364 0.42346 -1.41337
v 53.50471 0.38406 -1.39160
v 53.82314 0.34506 -1.37004
v 54.13876 -0.22290 -1.78345
v 54.45143 -0.25467 -1.75589
v 54.13876 -0.07753 -1.68282
v 54.76096 -0.28606 -1.72872
v 54.76096 -0.14441 -1.63143
v 54.45143 -0.11117 -1.65694
v 54.76096 -0.01085 -1.52857
v 54.13876 0.05949 -1.57648
v 54.45143 0.02411 -1.55236
v 54.13876 0.18791 -1.46561
v 54.13876 0.30649 -1.34871
v 54.45143 0.15092 -1.44329
v 54.76096 0.11437 -1.42127
v 55.06722 -0.17721 -1.60624
v 55.37003 -0.20955 -1.58138
v 55.62092 -0.23628 -1.56082
v 55.06722 -0.04535 -1.50508
v 55.37003 -0.07939 -1.48189
v 55.62092 -0.10753 -1.46272
v 55.62092 0.01323 -1.36031
v 55.06722 0.07828 -1.39953
v 55.37003 0.04267 -1.37807
v 50.87613 -0.42031 -1.32793
v 51.54446 -0.46749 -1.28402
v 51.21103 -0.44357 -1.30561
v 51.87625 -0.49125 -1.26264
v 51.87625 -0.32142 -1.16054
v 49.18562 -0.11628 -1.32403
v 48.50515 0.11752 -1.24120
v 48.84552 0.09037 -1.22223
v 49.18562 0.06332 -1.20333
v 48.50515 0.29267 -1.11478
v 48.84552 0.26353 -1.09787
v 49.18562 0.23447 -1.08102
v 49.52528 -0.14111 -1.30318
v 49.75606 -0.15794 -1.28907
v 49.86434 -0.16628 -1.28237
v 49.86434 0.00907 -1.16574
v 49.52528 0.03636 -1.18453
v 49.75606 0.01809 -1.17179
v 49.52528 0.20550 -1.06426
v 49.75606 0.18586 -1.05291
v 49.86434 0.17619 -1.04749
v 48.50515 0.45888 -0.98828
v 48.84552 0.42785 -0.97340
v 49.18562 0.39690 -0.95858
v 49.52528 0.36605 -0.94383
v 49.75606 0.34511 -0.93384
v 48.50515 0.61546 -0.86213
v 48.84552 0.58267 -0.84925
v 49.18562 0.54996 -0.83642
v 48.50515 0.76296 -0.73964
v 48.50515 0.90122 -0.62227
v 48.84552 0.72852 -0.72868
v 49.18562 0.69414 -0.71775
v 48.84552 0.86523 -0.61313
v 49.18562 0.82930 -0.60402
v 49.52528 0.51732 -0.82365
v 49.86434 0.33484 -0.92905
v 49.86434 0.48434 -0.81083
v 49.75606 0.49518 -0.81499
v 49.75606 0.63656 -0.69951
v 49.86434 0.62518 -0.69594
v 49.52528 0.65985 -0.70688
v 49.52528 0.79344 -0.59495
v 49.75606 0.76909 -0.58880
v 49.86434 0.75721 -0.58581
v 50.20261 -0.19228 -1.26150
v 50.53994 -0.21812 -1.24077
v 50.20261 -0.01907 -1.14686
v 50.87613 -0.24380 -1.22021
v 50.53994 -0.04705 -1.12811
v 50.87613 -0.07486 -1.10951
v 50.20261 0.14604 -1.03060
v 50.53994 0.11604 -1.01383
v 50.87613 0.08620 -0.99718
v 51.21103 -0.26930 -1.19981
v 51.54446 -0.29545 -1.18008
v 51.21103 -0.10250 -1.09105
v 51.54446 -0.13075 -1.07320
v 51.87625 -0.15883 -1.05551
v 51.87625 -0.00378 -0.94888
v 51.21103 0.05653 -0.98067
v 51.54446 0.02629 -0.96470
v 50.20261 0.30278 -0.91414
v 50.53994 0.27087 -0.89932
v 50.87613 0.23912 -0.88462
v 51.21103 0.20754 -0.87003
v 51.54446 0.17541 -0.85592
v 51.54446 0.31600 -0.74720
v 51.87625 0.14346 -0.84194
v 51.87625 0.28229 -0.73504
v 50.87613 0.94032 -1.29773
v 51.21103 0.89742 -1.27766
v 51.54446 0.85425 -1.25805
v 51.87625 0.81136 -1.23859
v 51.54446 0.95478 -1.12337
v 51.87625 0.91077 -1.10606
v 50.20261 0.45049 -0.79785
v 50.53994 0.41680 -0.78496
v 50.87613 0.38326 -0.77217
v 50.20261 0.58967 -0.68484
v 50.53994 0.55430 -0.67381
v 50.87613 0.51908 -0.66286
v 50.87613 0.64640 -0.55803
v 50.20261 0.72013 -0.57648
v 50.53994 0.68319 -0.56722
v 51.21103 0.34990 -0.75947
v 51.21103 0.48404 -0.65199
v 51.54446 0.44848 -0.64149
v 51.21103 0.60979 -0.54891
v 51.54446 0.57268 -0.54009
v 51.87625 0.41311 -0.63109
v 51.87625 0.53576 -0.53136
v 49.18562 0.95524 -0.49653
v 49.52528 0.91792 -0.48915
v 49.86434 0.88024 -0.48169
v 49.75606 0.89258 -0.48414
v 50.53994 0.80330 -0.46644
v 50.20261 0.84170 -0.47404
v 50.20261 0.95417 -0.37860
v 50.53994 0.91442 -0.37255
v 50.87613 0.76505 -0.45889
v 50.87613 0.87481 -0.36653
v 51.21103 0.72697 -0.45141
v 51.54446 0.68841 -0.44419
v 51.54446 0.79549 -0.35482
v 51.21103 0.83538 -0.36057
v 51.87625 0.65005 -0.43703
v 51.87625 0.75579 -0.34912
v 51.21103 0.93525 -0.27840
v 51.54446 0.89412 -0.27397
v 51.87625 0.85318 -0.26959
v 51.87625 0.94206 -0.19931
v 53.50471 -0.94891 -1.33068
v 53.82314 -0.96846 -1.30770
v 52.53423 -0.71029 -1.31488
v 52.68722 -0.72007 -1.30432
v 52.86009 -0.73206 -1.29251
v 52.20623 -0.51481 -1.24147
v 52.53423 -0.53815 -1.22051
v 52.20623 -0.34718 -1.14118
v 52.68722 -0.54900 -1.21077
v 52.86009 -0.56219 -1.19985
v 52.53423 -0.37272 -1.12202
v 52.68722 -0.38460 -1.11311
v 52.86009 -0.39893 -1.10311
v 53.18364 -0.75444 -1.27050
v 53.50471 -0.77658 -1.24875
v 53.82314 -0.79845 -1.22729
v 53.82314 -0.63525 -1.13953
v 53.18364 -0.58681 -1.17949
v 53.50471 -0.61117 -1.15938
v 53.18364 -0.42568 -1.08445
v 53.82314 -0.47835 -1.04782
v 53.50471 -0.45216 -1.06601
v 53.50471 -0.29987 -0.96985
v 53.82314 -0.32808 -0.95333
v 54.13876 -0.98776 -1.28503
v 54.76096 -1.19577 -1.31309
v 54.45143 -1.00769 -1.26350
v 54.76096 -1.02740 -1.24232
v 55.62092 -1.40932 -1.31481
v 55.06722 -1.21295 -1.29092
v 55.37003 -1.22986 -1.26910
v 55.06722 -1.04684 -1.22147
v 55.37003 -1.06599 -1.20093
v 55.62092 -1.24382 -1.25110
v 55.62092 -1.08181 -1.18399
v 54.13876 -0.82006 -1.20611
v 54.45143 -0.84221 -1.18600
v 54.76096 -0.86412 -1.16623
v 54.13876 -0.65905 -1.11994
v 54.45143 -0.68332 -1.10134
v 54.76096 -0.70732 -1.08305
v 54.13876 -0.50426 -1.02986
v 54.13876 -0.35598 -0.93703
v 54.45143 -0.53054 -1.01281
v 54.76096 -0.55654 -0.99605
v 55.06722 -0.88574 -1.14674
v 55.37003 -0.90705 -1.12756
v 55.06722 -0.73101 -1.06502
v 55.37003 -0.75438 -1.04728
v 55.62092 -0.92466 -1.11173
v 55.62092 -0.77369 -1.03263
v 55.62092 -0.62849 -0.94983
v 55.06722 -0.58221 -0.97953
v 55.37003 -0.60754 -0.96326
v 54.45143 -0.38418 -0.92157
v 54.76096 -0.41209 -0.90635
v 55.37003 -0.46685 -0.87660
v 55.06722 -0.43965 -0.89136
v 55.06722 -0.30359 -0.80165
v 55.37003 -0.33257 -0.78840
v 55.62092 -0.48935 -0.86441
v 55.62092 -0.35655 -0.77746
v 52.20623 -0.18669 -1.03800
v 52.53423 -0.21432 -1.02066
v 52.20623 -0.03363 -0.93320
v 52.68722 -0.22719 -1.01259
v 52.86009 -0.24259 -1.00351
v 53.18364 -0.27137 -0.98658
v 52.53423 -0.06324 -0.91768
v 52.68722 -0.07704 -0.91046
v 52.86009 -0.09347 -0.90231
v 52.20623 0.11174 -0.82809
v 52.53423 0.08025 -0.81438
v 52.68722 0.06557 -0.80800
v 52.86009 0.04818 -0.80077
v 52.20623 0.24880 -0.72300
v 52.53423 0.21555 -0.71107
v 52.68722 0.20006 -0.70552
v 52.86009 0.18175 -0.69921
v 52.68722 0.32680 -0.60583
v 52.86009 0.30765 -0.60040
v 53.18364 -0.12417 -0.88711
v 53.18364 0.01565 -0.78729
v 53.50471 -0.15459 -0.87210
v 53.82314 -0.18470 -0.85727
v 53.50471 -0.01657 -0.77398
v 53.82314 -0.04848 -0.76083
v 53.18364 0.14753 -0.68743
v 53.18364 0.27182 -0.59028
v 53.50471 0.11361 -0.67580
v 53.82314 0.08001 -0.66432
v 53.50471 0.23631 -0.58028
v 53.82314 0.20112 -0.57041
v 52.53423 0.61962 -1.32930
v 52.68722 0.60055 -1.31938
v 52.86009 0.57851 -1.30872
v 52.20623 0.76880 -1.21928
v 52.53423 0.72657 -1.20012
v 52.68722 0.70690 -1.19120
v 52.86009 0.68420 -1.18162
v 52.20623 0.86707 -1.08888
v 52.53423 0.82372 -1.07183
v 52.20623 0.95537 -0.96082
v 52.53423 0.91103 -0.94583
v 52.68722 0.80352 -1.06389
v 52.86009 0.78023 -1.05538
v 52.68722 0.89037 -0.93885
v 52.86009 0.86655 -0.93138
v 53.18364 0.53733 -1.28878
v 53.18364 0.64177 -1.16370
v 53.82314 0.45616 -1.24945
v 53.50471 0.49654 -1.26902
v 53.50471 0.59973 -1.14594
v 53.82314 0.55810 -1.12835
v 53.18364 0.73668 -1.03945
v 53.50471 0.69353 -1.02367
v 53.82314 0.65079 -1.00803
v 52.20623 0.37797 -0.62078
v 52.53423 0.34307 -0.61057
v 52.86009 0.94244 -0.80909
v 53.18364 0.82202 -0.91740
v 53.18364 0.89707 -0.79701
v 53.50471 0.77789 -0.90354
v 53.82314 0.73417 -0.88980
v 53.50471 0.85210 -0.78503
v 53.82314 0.80755 -0.77316
v 53.18364 0.96268 -0.68177
v 53.50471 0.91700 -0.67158
v 53.82314 0.87173 -0.66148
v 53.82314 0.92677 -0.55600
v 54.45143 0.26805 -1.32826
v 54.76096 0.23005 -1.30808
v 55.37003 0.15549 -1.26848
v 55.06722 0.19253 -1.28815
v 55.06722 0.29829 -1.17509
v 55.37003 0.25995 -1.15722
v 55.62092 0.12486 -1.25221
v 55.62092 0.22824 -1.14243
v 55.62092 0.32320 -1.03211
v 54.13876 -0.21449 -0.84264
v 54.13876 -0.08007 -0.74786
v 54.45143 -0.24452 -0.82876
v 54.76096 -0.27423 -0.81511
v 54.45143 -0.11182 -0.73556
v 54.76096 -0.14324 -0.72346
v 54.45143 0.01338 -0.64226
v 54.76096 -0.01965 -0.63170
v 54.13876 0.04674 -0.65299
v 54.13876 0.16628 -0.56067
v 54.45143 0.13140 -0.55144
v 54.76096 0.09687 -0.54237
v 55.06722 -0.17429 -0.71153
v 55.37003 -0.20495 -0.69979
v 55.06722 -0.05229 -0.62129
v 55.37003 -0.08453 -0.61104
v 55.62092 -0.23033 -0.69010
v 55.62092 -0.11121 -0.60258
v 55.06722 0.06273 -0.53343
v 54.13876 0.41621 -1.23008
v 54.45143 0.37645 -1.21151
v 54.76096 0.33713 -1.19319
v 54.13876 0.51691 -1.11094
v 54.13876 0.60849 -0.99255
v 54.45143 0.47595 -1.09425
v 54.76096 0.43543 -1.07777
v 54.45143 0.56645 -0.97770
v 54.76096 0.52487 -0.96304
v 55.06722 0.39541 -1.06148
v 55.37003 0.35590 -1.04541
v 55.06722 0.48379 -0.94855
v 55.37003 0.44322 -0.93425
v 54.45143 0.64790 -0.86315
v 54.76096 0.60539 -0.85027
v 54.13876 0.69089 -0.87621
v 54.13876 0.76343 -0.76140
v 54.45143 0.71964 -0.75011
v 54.76096 0.67632 -0.73897
v 54.13876 0.82690 -0.65148
v 54.13876 0.88135 -0.54765
v 54.45143 0.78242 -0.64187
v 54.76096 0.73841 -0.63238
v 54.76096 0.79171 -0.53168
v 54.45143 0.83629 -0.53961
v 55.06722 0.56337 -0.83754
v 55.37003 0.52187 -0.82496
v 55.62092 0.40965 -0.92241
v 55.62092 0.48752 -0.81455
v 55.06722 0.63349 -0.72795
v 55.37003 0.59119 -0.71707
v 55.62092 0.55617 -0.70806
v 55.62092 0.61633 -0.60606
v 55.06722 0.69490 -0.62300
v 55.37003 0.65192 -0.61373
v 53.82314 0.31469 -0.48026
v 52.53423 0.46262 -0.51415
v 52.20623 0.49907 -0.52271
v 52.20623 0.61192 -0.42994
v 52.53423 0.57403 -0.42291
v 52.68722 0.44564 -0.51016
v 52.86009 0.42568 -0.50558
v 52.68722 0.55637 -0.41964
v 52.86009 0.53568 -0.41586
v 52.86009 0.63744 -0.33223
v 52.20623 0.71632 -0.34347
v 52.53423 0.67710 -0.33788
v 52.68722 0.65882 -0.33527
v 52.53423 0.77203 -0.26094
v 52.20623 0.81247 -0.26524
v 52.20623 0.90022 -0.19611
v 52.53423 0.85864 -0.19295
v 52.53423 0.93687 -0.13486
v 52.68722 0.75316 -0.25893
v 52.86009 0.73115 -0.25656
v 52.68722 0.83925 -0.19147
v 52.68722 0.91700 -0.13384
v 52.86009 0.81666 -0.18970
v 52.86009 0.89388 -0.13258
v 53.18364 0.38836 -0.49703
v 53.18364 0.49697 -0.40880
v 53.50471 0.35136 -0.48859
v 53.50471 0.45858 -0.40183
v 53.82314 0.42053 -0.39496
v 53.18364 0.59744 -0.32656
v 53.50471 0.55777 -0.32096
v 53.82314 0.51844 -0.31543
v 53.82314 0.60861 -0.24348
v 53.18364 0.68997 -0.25214
v 53.18364 0.77438 -0.18639
v 53.18364 0.85061 -0.13023
v 53.50471 0.64911 -0.24778
v 53.50471 0.73244 -0.18313
v 53.82314 0.69086 -0.17991
v 53.50471 0.80769 -0.12791
v 52.86009 0.96270 -0.08593
v 53.18364 0.91854 -0.08436
v 53.82314 0.76512 -0.12562
v 53.50471 0.87473 -0.08282
v 53.50471 0.93339 -0.04828
v 53.82314 0.83128 -0.08131
v 53.82314 0.88916 -0.04736
v 53.82314 0.93959 -0.02677
v 54.13876 0.27837 -0.47204
v 54.45143 0.24207 -0.46427
v 54.76096 0.20613 -0.45662
v 54.76096 0.30796 -0.37545
v 55.62092 0.00109 -0.51736
v 55.06722 0.17059 -0.44908
v 55.37003 0.02901 -0.52463
v 55.37003 0.13548 -0.44166
v 55.06722 0.27112 -0.36924
v 55.37003 0.23472 -0.36313
v 55.62092 0.10641 -0.43554
v 55.62092 0.20457 -0.35808
v 55.37003 0.32653 -0.28990
v 55.62092 0.29539 -0.28585
v 54.13876 0.38284 -0.38817
v 54.45143 0.34521 -0.38176
v 54.13876 0.47948 -0.30998
v 54.13876 0.56848 -0.23924
v 54.45143 0.44063 -0.30484
v 54.76096 0.40217 -0.29978
v 54.76096 0.48891 -0.23132
v 54.45143 0.52849 -0.23524
v 54.45143 0.60864 -0.17376
v 54.76096 0.56803 -0.17083
v 54.13876 0.92685 -0.45113
v 54.45143 0.88134 -0.44455
v 54.76096 0.83630 -0.43806
v 54.45143 0.91771 -0.35794
v 54.76096 0.87231 -0.35275
v 54.13876 0.64966 -0.17674
v 54.45143 0.94466 -0.27853
v 54.76096 0.89904 -0.27453
v 54.45143 0.96292 -0.20886
v 54.76096 0.91717 -0.20589
v 54.76096 0.92693 -0.14787
v 54.76096 0.94436 -0.12734
v 55.06722 0.36413 -0.29480
v 55.06722 0.44976 -0.22745
v 55.37003 0.41105 -0.22364
v 55.37003 0.48814 -0.16512
v 55.06722 0.52785 -0.16795
v 55.62092 0.37900 -0.22050
v 55.62092 0.45525 -0.16278
v 55.06722 0.74764 -0.52383
v 55.06722 0.79176 -0.43163
v 55.37003 0.70408 -0.51608
v 55.37003 0.74774 -0.42529
v 55.37003 0.78305 -0.34254
v 55.06722 0.82742 -0.34762
v 55.62092 0.66802 -0.50967
v 55.62092 0.71130 -0.42003
v 55.62092 0.74631 -0.33834
v 55.06722 0.85391 -0.27057
v 55.37003 0.80931 -0.26665
v 55.06722 0.87192 -0.20295
v 55.06722 0.88165 -0.14579
v 55.37003 0.82718 -0.20005
v 55.37003 0.83688 -0.14374
v 55.62092 0.77236 -0.26341
v 55.62092 0.79013 -0.19764
v 55.62092 0.79980 -0.14203
v 54.76096 0.63944 -0.11920
v 54.13876 0.72294 -0.12337
v 54.13876 0.78822 -0.07981
v 54.13876 0.84532 -0.04646
v 54.13876 0.89505 -0.02625
v 54.13876 0.93678 -0.01804
v 54.45143 0.68098 -0.12126
v 54.45143 0.74542 -0.07843
v 54.45143 0.80176 -0.04563
v 54.76096 0.70303 -0.07707
v 54.76096 0.75864 -0.04483
v 54.45143 0.96009 -0.06473
v 54.76096 0.93530 -0.11976
v 54.76096 0.91467 -0.06386
v 54.45143 0.85083 -0.02579
v 54.45143 0.89197 -0.01775
v 54.45143 0.92515 -0.02187
v 54.76096 0.80704 -0.02533
v 54.76096 0.84761 -0.01746
v 54.76096 0.88030 -0.02157
v 55.06722 0.59834 -0.11716
v 55.37003 0.55771 -0.11516
v 55.37003 0.61965 -0.07442
v 55.62092 0.52405 -0.11351
v 55.62092 0.58531 -0.07333
v 55.62092 0.63884 -0.04260
v 55.06722 0.66110 -0.07573
v 55.06722 0.71597 -0.04403
v 55.37003 0.67379 -0.04325
v 55.06722 0.76372 -0.02488
v 55.06722 0.80372 -0.01718
v 55.37003 0.72088 -0.02444
v 55.37003 0.76032 -0.01690
v 55.37003 0.79206 -0.02097
v 55.06722 0.86973 -0.06300
v 55.06722 0.88996 -0.11811
v 55.06722 0.89888 -0.12561
v 55.37003 0.84513 -0.11648
v 55.37003 0.85392 -0.12391
v 55.37003 0.82530 -0.06215
v 55.06722 0.83593 -0.02127
v 55.62092 0.78849 -0.06145
v 55.62092 0.68539 -0.02408
v 55.62092 0.72437 -0.01667
v 55.62092 0.75572 -0.02073
v 55.62092 0.80800 -0.11513
v 55.62092 0.81667 -0.12249
v 48.50515 0.98801 -1.75608
v 48.50515 1.12146 -1.59987
v 48.84552 1.07927 -1.57613
v 49.18562 1.03723 -1.55246
v 48.50515 1.24341 -1.44337
v 48.84552 1.20001 -1.42202
v 49.18562 1.15677 -1.40074
v 49.52528 0.99537 -1.52889
v 49.52528 1.11369 -1.37954
v 49.75606 0.96700 -1.51291
v 49.75606 1.08448 -1.36517
v 49.86434 1.07050 -1.35863
v 50.20261 1.02688 -1.33823
v 49.18562 1.26503 -1.25025
v 48.50515 1.35378 -1.28818
v 48.50515 1.45257 -1.13595
v 48.84552 1.30934 -1.26919
v 48.50515 1.53888 -0.98605
v 48.84552 1.40723 -1.11926
v 49.18562 1.36202 -1.10261
v 48.84552 1.49281 -0.97160
v 49.18562 1.44684 -0.95720
v 49.52528 1.22089 -1.23139
v 49.75606 1.19095 -1.21860
v 49.86434 1.17661 -1.21279
v 49.86434 1.27174 -1.06968
v 49.52528 1.31695 -1.08603
v 49.52528 1.40102 -0.94284
v 49.75606 1.28638 -1.07479
v 49.75606 1.36992 -0.93311
v 48.84552 1.56721 -0.83040
v 49.18562 1.52063 -0.81813
v 49.18562 1.58349 -0.68692
v 49.52528 1.47418 -0.80590
v 49.86434 1.35503 -0.92870
v 49.86434 1.42756 -0.79386
v 49.75606 1.44266 -0.79761
v 49.52528 1.53655 -0.67669
v 49.52528 1.58826 -0.55670
v 49.75606 1.50469 -0.66976
v 49.86434 1.48941 -0.66663
v 49.75606 1.55614 -0.55102
v 49.86434 1.54074 -0.54846
v 48.50515 1.61389 -0.84271
v 48.50515 1.67770 -0.70748
v 48.50515 1.73049 -0.58190
v 48.84552 1.63055 -0.69718
v 48.84552 1.68299 -0.57348
v 49.18562 1.63557 -0.56507
v 50.53994 0.98348 -1.31793
v 50.53994 1.08737 -1.17661
v 50.20261 1.13189 -1.19466
v 50.87613 1.04310 -1.15866
v 50.20261 1.22605 -1.05376
v 50.53994 1.18057 -1.03791
v 50.87613 1.13532 -1.02214
v 51.21103 0.99907 -1.14081
v 51.21103 1.09031 -1.00646
v 51.54446 1.04504 -0.99114
v 51.87625 1.00005 -0.97592
v 50.53994 1.26225 -0.90124
v 50.87613 1.21618 -0.88761
v 50.20261 1.30854 -0.91494
v 50.20261 1.38040 -0.78216
v 50.53994 1.33343 -0.77050
v 50.87613 1.28668 -0.75890
v 50.53994 1.39421 -0.64711
v 50.20261 1.44172 -0.65685
v 50.20261 1.49263 -0.54046
v 50.53994 1.44470 -0.53250
v 50.87613 1.34690 -0.63742
v 51.21103 1.17035 -0.87405
v 51.54446 1.12426 -0.86079
v 51.21103 1.24017 -0.74736
v 51.54446 1.19339 -0.73607
v 51.87625 1.07844 -0.84763
v 51.54446 1.25249 -0.61834
v 51.87625 1.14687 -0.72486
v 51.87625 1.20540 -0.60897
v 51.21103 1.29983 -0.62778
v 48.50515 1.03005 -0.51138
v 48.50515 1.14926 -0.40813
v 48.84552 0.99262 -0.50394
v 48.84552 1.11049 -0.40227
v 49.18562 1.07176 -0.39643
v 48.50515 1.25915 -0.31481
v 48.84552 1.21913 -0.31036
v 49.18562 1.17915 -0.30592
v 49.18562 1.27724 -0.22597
v 48.50515 1.35954 -0.23239
v 48.50515 1.45037 -0.16199
v 48.84552 1.31837 -0.22918
v 48.84552 1.40815 -0.15984
v 49.18562 1.36596 -0.15768
v 49.52528 1.03310 -0.39061
v 49.75606 1.00683 -0.38666
v 49.86434 0.99406 -0.38470
v 49.52528 1.13923 -0.30150
v 49.52528 1.23617 -0.22278
v 49.75606 1.11212 -0.29850
v 49.86434 1.09895 -0.29699
v 49.86434 1.19472 -0.21950
v 49.75606 1.20826 -0.22061
v 49.86434 1.58177 -0.44090
v 49.52528 1.32382 -0.15553
v 49.75606 1.29519 -0.15407
v 49.86434 1.28132 -0.15329
v 48.50515 1.53153 -0.10448
v 48.84552 1.48834 -0.10318
v 48.84552 1.55874 -0.05969
v 49.18562 1.44518 -0.10187
v 49.18562 1.51472 -0.05904
v 49.18562 1.57572 -0.03284
v 49.52528 1.40208 -0.10057
v 49.52528 1.47074 -0.05838
v 49.52528 1.53094 -0.03257
v 49.52528 1.58182 -0.02172
v 49.75606 1.37279 -0.09969
v 49.86434 1.35861 -0.09919
v 49.86434 1.42641 -0.05766
v 49.75606 1.44087 -0.05794
v 49.75606 1.50052 -0.03239
v 49.86434 1.48582 -0.03225
v 49.75606 1.59200 -0.02611
v 49.75606 1.55092 -0.02165
v 49.86434 1.53599 -0.02157
v 49.86434 1.57689 -0.02603
v 48.50515 1.77253 -0.46761
v 48.50515 1.80276 -0.36297
v 48.84552 1.72479 -0.46089
v 49.18562 1.67713 -0.45417
v 49.18562 1.70716 -0.35262
v 48.84552 1.75493 -0.35779
v 48.50515 1.82228 -0.27126
v 48.50515 1.83143 -0.19383
v 48.50515 1.84031 -0.15537
v 48.50515 1.85211 -0.16374
v 49.18562 1.72670 -0.26363
v 49.18562 1.73606 -0.18851
v 49.18562 1.74500 -0.15136
v 48.84552 1.77446 -0.26744
v 48.84552 1.78372 -0.19117
v 48.84552 1.79263 -0.15336
v 48.84552 1.80430 -0.16176
v 49.18562 1.75654 -0.15978
v 49.52528 1.62956 -0.44748
v 49.52528 1.65948 -0.34748
v 49.75606 1.59727 -0.44294
v 49.75606 1.62710 -0.34398
v 49.86434 1.61155 -0.34241
v 49.52528 1.67901 -0.25984
v 49.52528 1.68848 -0.18586
v 49.52528 1.70885 -0.15779
v 49.52528 1.69744 -0.14935
v 49.75606 1.64663 -0.25726
v 49.86434 1.63107 -0.25610
v 49.75606 1.65616 -0.18406
v 49.86434 1.64062 -0.18325
v 49.75606 1.66514 -0.14799
v 49.86434 1.66086 -0.15580
v 49.86434 1.64959 -0.14737
v 49.75606 1.67645 -0.15644
v 48.50515 1.60280 -0.06035
v 48.50515 1.66540 -0.03335
v 48.50515 1.71841 -0.02201
v 48.50515 1.80949 -0.08142
v 48.50515 1.76179 -0.02675
v 48.84552 1.62054 -0.03309
v 48.84552 1.71560 -0.02658
v 49.18562 1.66943 -0.02641
v 49.18562 1.71551 -0.07962
v 48.84552 1.67284 -0.02191
v 49.18562 1.62730 -0.02182
v 48.84552 1.76248 -0.08052
v 49.52528 1.66861 -0.07871
v 49.52528 1.62333 -0.02623
v 49.75606 1.63674 -0.07809
v 49.86434 1.62139 -0.07779
v 50.20261 1.05781 -0.29229
v 50.53994 1.01680 -0.28763
v 50.53994 1.11027 -0.21259
v 50.20261 1.15243 -0.21604
v 50.20261 1.23797 -0.15089
v 50.53994 1.19476 -0.14849
v 50.87613 0.97594 -0.28299
v 50.87613 1.06826 -0.20918
v 50.87613 1.15169 -0.14612
v 50.20261 1.53337 -0.43453
v 50.53994 1.48514 -0.42817
v 50.20261 1.56299 -0.33751
v 50.53994 1.51460 -0.33262
v 50.87613 1.39697 -0.52458
v 50.87613 1.43710 -0.42185
v 50.87613 1.46639 -0.32776
v 50.20261 1.58247 -0.25248
v 50.53994 1.53402 -0.24888
v 50.20261 1.59208 -0.18071
v 50.53994 1.54368 -0.17818
v 50.53994 1.55262 -0.14346
v 50.53994 1.56359 -0.15183
v 50.87613 1.48575 -0.24529
v 50.87613 1.49546 -0.17566
v 50.87613 1.50439 -0.14151
v 50.87613 1.51520 -0.14984
v 51.87625 1.25416 -0.50129
v 51.21103 1.02641 -0.20579
v 51.21103 1.10879 -0.14376
v 51.54446 0.98414 -0.20253
v 51.54446 1.06548 -0.14151
v 51.87625 1.02237 -0.13927
v 51.21103 1.34947 -0.51669
v 51.54446 1.30169 -0.50896
v 51.21103 1.38928 -0.41555
v 51.54446 1.34118 -0.40938
v 51.87625 1.29332 -0.40325
v 51.21103 1.41839 -0.32291
v 51.54446 1.37010 -0.31816
v 51.54446 1.38932 -0.23820
v 51.54446 1.39911 -0.17067
v 51.54446 1.40799 -0.13766
v 51.54446 1.41851 -0.14591
v 51.21103 1.43768 -0.24171
v 51.21103 1.44744 -0.17314
v 51.21103 1.45634 -0.13957
v 51.21103 1.46701 -0.14786
v 51.87625 1.32205 -0.31344
v 51.87625 1.34119 -0.23470
v 51.87625 1.35101 -0.16822
v 51.87625 1.37024 -0.14397
v 51.87625 1.35986 -0.13576
v 50.53994 1.27014 -0.09612
v 50.87613 1.22612 -0.09460
v 50.20261 1.31431 -0.09765
v 50.20261 1.38126 -0.05679
v 50.53994 1.33624 -0.05592
v 50.53994 1.39409 -0.03136
v 50.20261 1.43989 -0.03180
v 50.20261 1.57342 -0.07684
v 50.53994 1.52559 -0.07588
v 50.20261 1.48938 -0.02132
v 50.20261 1.52968 -0.02575
v 50.53994 1.44289 -0.02107
v 50.53994 1.48260 -0.02547
v 50.87613 1.29136 -0.05506
v 50.87613 1.34844 -0.03092
v 50.87613 1.39656 -0.02083
v 50.87613 1.43568 -0.02519
v 50.87613 1.47793 -0.07493
v 51.21103 1.18227 -0.09309
v 51.21103 1.24666 -0.05421
v 51.54446 1.13802 -0.09165
v 51.54446 1.20157 -0.05340
v 51.54446 1.25711 -0.03007
v 51.87625 1.09397 -0.09023
v 51.87625 1.15668 -0.05260
v 51.87625 1.21146 -0.02966
v 51.87625 1.25757 -0.02013
v 51.21103 1.30296 -0.03048
v 51.21103 1.43045 -0.07397
v 51.54446 1.38264 -0.07304
v 51.21103 1.35041 -0.02058
v 51.21103 1.38894 -0.02492
v 51.54446 1.30388 -0.02035
v 51.54446 1.34184 -0.02465
v 51.87625 1.33505 -0.07211
v 51.87625 1.29496 -0.02438
v 50.20261 1.61215 -0.15381
v 50.20261 1.60103 -0.14541
v 52.20623 1.03293 -0.83456
v 52.53423 0.98775 -0.82159
v 52.68722 0.96670 -0.81555
v 52.20623 1.10066 -0.71373
v 52.53423 1.05477 -0.70268
v 52.53423 1.11216 -0.59042
v 52.20623 1.15862 -0.59966
v 52.68722 1.03339 -0.69754
v 52.86009 1.00876 -0.69204
v 52.68722 1.09050 -0.58612
v 52.86009 1.06556 -0.58153
v 53.18364 1.01890 -0.57295
v 53.50471 0.97263 -0.56444
v 52.20623 1.20692 -0.49367
v 52.53423 1.16001 -0.48611
v 52.20623 1.24576 -0.39716
v 52.53423 1.19851 -0.39112
v 52.86009 1.11295 -0.47883
v 52.68722 1.13814 -0.48258
v 52.68722 1.17648 -0.38830
v 52.86009 1.15110 -0.38531
v 52.20623 0.97949 -0.13706
v 52.20623 1.27428 -0.30875
v 52.53423 1.22683 -0.30409
v 52.53423 1.24580 -0.22778
v 52.53423 1.25566 -0.16335
v 52.53423 1.27453 -0.14011
v 52.53423 1.26444 -0.13198
v 52.68722 1.20470 -0.30191
v 52.86009 1.17920 -0.29961
v 52.68722 1.22363 -0.22618
v 52.68722 1.23350 -0.16222
v 52.68722 1.25228 -0.13921
v 52.68722 1.24226 -0.13110
v 52.86009 1.19807 -0.22447
v 52.86009 1.20794 -0.16101
v 52.86009 1.21667 -0.13015
v 52.86009 1.22661 -0.13821
v 52.20623 1.29334 -0.23123
v 52.20623 1.30319 -0.16578
v 52.20623 1.31200 -0.13386
v 52.20623 1.32223 -0.14204
v 53.18364 1.06582 -0.47182
v 53.18364 1.10361 -0.37971
v 53.50471 1.01908 -0.46486
v 53.82314 0.97275 -0.45796
v 53.50471 1.05652 -0.37416
v 53.82314 1.00983 -0.36865
v 53.18364 1.13149 -0.29530
v 53.18364 1.15025 -0.22129
v 53.18364 1.16010 -0.15876
v 53.18364 1.16878 -0.12837
v 53.18364 1.17856 -0.13635
v 53.50471 1.08417 -0.29103
v 53.82314 1.03725 -0.28679
v 53.50471 1.10280 -0.21812
v 53.50471 1.11264 -0.15652
v 53.82314 1.05576 -0.21498
v 53.82314 1.06558 -0.15430
v 53.82314 1.08362 -0.13266
v 53.50471 1.13089 -0.13450
v 52.20623 1.05015 -0.08881
v 52.20623 1.11203 -0.05181
v 52.53423 1.00661 -0.08742
v 52.53423 1.06765 -0.05103
v 52.53423 1.12093 -0.02886
v 52.20623 1.16606 -0.02926
v 52.53423 1.24069 -0.07025
v 52.20623 1.21151 -0.01990
v 52.20623 1.24834 -0.02411
v 52.53423 1.16572 -0.01967
v 52.53423 1.20199 -0.02385
v 52.68722 0.98629 -0.08677
v 52.68722 1.04695 -0.05066
v 52.68722 1.09988 -0.02867
v 52.86009 1.02293 -0.05015
v 52.86009 1.07548 -0.02838
v 52.86009 1.11964 -0.01938
v 52.68722 1.21875 -0.06981
v 52.86009 1.19341 -0.06931
v 52.68722 1.14437 -0.01957
v 52.68722 1.18037 -0.02372
v 52.86009 1.15537 -0.02354
v 52.20623 1.28773 -0.07117
v 53.18364 0.97799 -0.04921
v 53.18364 1.02983 -0.02783
v 53.18364 1.07337 -0.01904
v 53.18364 1.10857 -0.02319
v 53.18364 1.14598 -0.06838
v 53.50471 0.98452 -0.02730
v 53.50471 1.09891 -0.06745
v 53.82314 1.07414 -0.12484
v 53.82314 1.05223 -0.06652
v 53.50471 1.02745 -0.01870
v 53.50471 1.06214 -0.02285
v 53.82314 0.98191 -0.01837
v 53.82314 1.01608 -0.02251
v 53.50471 1.12126 -0.12660
v 54.13876 0.96357 -0.36320
v 54.13876 0.99076 -0.28258
v 54.13876 1.00914 -0.21186
v 54.13876 1.01895 -0.15210
v 54.13876 1.03677 -0.13083
v 54.45143 0.97270 -0.14998
v 54.45143 0.99033 -0.12907
v 54.13876 1.02744 -0.12310
v 54.13876 1.00597 -0.06561
v 54.13876 0.97044 -0.02218
v 54.45143 0.98114 -0.12142
v 55.96473 -1.52720 -2.05075
v 56.25631 -1.54237 -2.01877
v 55.96473 -1.35441 -2.00934
v 56.25631 -1.37188 -1.97819
v 56.54384 -1.55723 -1.98733
v 56.54384 -1.38900 -1.94757
v 55.96473 -1.18420 -1.96283
v 56.25631 -1.20392 -1.93259
v 55.96473 -1.01737 -1.91107
v 56.25631 -1.03929 -1.88179
v 56.54384 -1.22327 -1.90285
v 56.54384 -1.06081 -1.85300
v 56.82718 -1.40579 -1.91749
v 57.08650 -1.42107 -1.89004
v 57.08650 -1.25954 -1.84696
v 57.38070 -1.43980 -1.86093
v 57.65060 -1.45691 -1.83430
v 57.38070 -1.28041 -1.81868
v 57.65060 -1.29949 -1.79281
v 56.82718 -1.24225 -1.87363
v 57.08650 -1.10118 -1.79888
v 56.82718 -1.08193 -1.82471
v 57.08650 -0.94703 -1.74482
v 57.38070 -1.12414 -1.77151
v 57.65060 -1.14514 -1.74645
v 57.38070 -0.97202 -1.71842
v 57.65060 -0.99487 -1.69425
v 55.96473 -0.85503 -1.85300
v 56.25631 -0.87908 -1.82477
v 55.96473 -0.69858 -1.78675
v 56.25631 -0.72466 -1.75968
v 56.54384 -0.90270 -1.79701
v 56.82718 -0.92588 -1.76973
v 56.54384 -0.75028 -1.73305
v 55.96473 -0.54979 -1.70938
v 56.25631 -0.57778 -1.68360
v 55.96473 -0.40798 -1.62471
v 56.25631 -0.43777 -1.60032
v 56.54384 -0.60529 -1.65824
v 56.54384 -0.46706 -1.57633
v 56.25631 -0.30496 -1.51080
v 56.54384 -0.33591 -1.48824
v 56.82718 -0.77545 -1.70687
v 57.08650 -0.79841 -1.68297
v 56.82718 -0.63232 -1.63331
v 57.08650 -0.65698 -1.61055
v 57.38070 -0.82533 -1.65764
v 57.65060 -0.84996 -1.63446
v 57.38070 -0.68573 -1.58643
v 57.65060 -0.71203 -1.56435
v 56.82718 -0.49584 -1.55273
v 57.08650 -0.52212 -1.53118
v 56.82718 -0.36635 -1.46605
v 57.08650 -0.39414 -1.44579
v 57.38070 -0.55258 -1.50836
v 57.65060 -0.58046 -1.48746
v 57.38070 -0.42622 -1.42433
v 57.38070 -0.30691 -1.33530
v 57.65060 -0.45558 -1.40469
v 57.91574 -1.47364 -1.80821
v 58.17599 -1.49000 -1.78266
v 57.91574 -1.31816 -1.76746
v 58.17599 -1.33641 -1.74264
v 58.43121 -1.50597 -1.75768
v 58.55462 -1.51367 -1.74563
v 58.43121 -1.35425 -1.71836
v 58.55462 -1.36285 -1.70664
v 57.91574 -1.16569 -1.72190
v 58.17599 -1.18580 -1.69786
v 57.91574 -1.01725 -1.67057
v 58.17599 -1.03916 -1.64738
v 58.43121 -1.20546 -1.67434
v 58.55462 -1.21494 -1.66299
v 58.43121 -1.06058 -1.62468
v 58.55462 -1.07091 -1.61373
v 58.55462 -0.93198 -1.55718
v 58.68128 -1.52229 -1.73421
v 58.92606 -1.53891 -1.71218
v 58.68128 -1.37233 -1.69556
v 58.92606 -1.39062 -1.67416
v 58.92606 -1.24518 -1.63154
v 59.16543 -1.55512 -1.69069
v 59.16543 -1.40846 -1.65328
v 59.39927 -1.42584 -1.63292
v 59.16543 -1.26461 -1.61132
v 59.39927 -1.28355 -1.59160
v 58.68128 -1.22526 -1.65226
v 58.92606 -1.10354 -1.58340
v 58.68128 -1.08205 -1.60338
v 58.68128 -0.94389 -1.54725
v 59.16543 -1.12451 -1.56390
v 59.39927 -1.14496 -1.54488
v 58.92606 -0.96689 -1.52809
v 59.16543 -0.98934 -1.50938
v 59.39927 -1.01123 -1.49114
v 57.91574 -0.87409 -1.61173
v 58.17599 -0.89772 -1.58948
v 57.91574 -0.73780 -1.54270
v 58.43121 -0.92082 -1.56769
v 58.17599 -0.76304 -1.52150
v 58.17599 -0.63456 -1.44690
v 58.43121 -0.78774 -1.50075
v 58.55462 -0.79966 -1.49073
v 58.43121 -0.66076 -1.42726
v 58.55462 -0.67341 -1.41777
v 57.91574 -0.60779 -1.46697
v 57.91574 -0.48437 -1.38542
v 58.17599 -0.51258 -1.36655
v 58.43121 -0.54019 -1.34807
v 58.55462 -0.55353 -1.33915
v 58.68128 -0.81231 -1.48128
v 58.92606 -0.83674 -1.46304
v 58.68128 -0.68676 -1.40883
v 58.92606 -0.71252 -1.39157
v 59.16543 -0.86058 -1.44523
v 59.39927 -0.88383 -1.42785
v 59.16543 -0.73768 -1.37472
v 59.39927 -0.76222 -1.35828
v 55.96473 -0.27348 -1.53372
v 55.96473 -0.14659 -1.43742
v 56.25631 -0.17963 -1.41602
v 55.96473 -0.02755 -1.33688
v 56.54384 -0.21215 -1.39496
v 56.82718 -0.24413 -1.37425
v 57.08650 -0.27333 -1.35533
v 59.62745 -1.44275 -1.61309
v 59.84986 -1.45920 -1.59380
v 60.02020 -1.47177 -1.57905
v 59.62745 -1.30198 -1.57240
v 60.02020 -1.33361 -1.53942
v 59.84986 -1.31991 -1.55371
v 60.27694 -1.51112 -1.54803
v 60.48138 -1.54241 -1.52337
v 60.48138 -1.40877 -1.48538
v 60.27694 -1.37548 -1.50931
v 60.48138 -1.27858 -1.44230
v 59.62745 -1.16486 -1.52636
v 59.84986 -1.18423 -1.50833
v 60.02020 -1.19904 -1.49454
v 59.62745 -1.03255 -1.47336
v 59.84986 -1.05329 -1.45606
v 60.02020 -1.06915 -1.44282
v 60.02020 -0.94538 -1.38183
v 60.27694 -1.24334 -1.46544
v 60.27694 -1.11581 -1.41484
v 60.48138 -1.15291 -1.39260
v 60.27694 -0.99425 -1.35514
v 60.48138 -1.03313 -1.33391
v 60.67962 -1.44101 -1.46220
v 60.87156 -1.47218 -1.43980
v 60.67962 -1.31271 -1.41989
v 60.87156 -1.34571 -1.39822
v 61.05709 -1.50228 -1.41817
v 61.23611 -1.53129 -1.39732
v 61.23611 -1.40829 -1.35714
v 61.40856 -1.55919 -1.37727
v 61.40856 -1.43784 -1.33774
v 61.05709 -1.37757 -1.37730
v 60.67962 -1.18885 -1.37105
v 60.87156 -1.22361 -1.35021
v 59.62745 -0.90648 -1.41092
v 59.62745 -0.78613 -1.34226
v 59.84986 -0.92852 -1.39444
v 55.96473 -1.42716 -1.29021
v 56.25631 -1.44222 -1.26945
v 55.96473 -1.26416 -1.22784
v 56.25631 -1.28134 -1.20820
v 56.54384 -1.45702 -1.24905
v 56.54384 -1.29824 -1.18891
v 55.96473 -1.10458 -1.16211
v 56.25631 -1.12384 -1.14363
v 55.96473 -0.94978 -1.09130
v 56.25631 -0.97103 -1.07404
v 56.54384 -1.14278 -1.12548
v 56.54384 -0.99195 -1.05709
v 56.82718 -1.47154 -1.22903
v 57.08650 -1.48479 -1.21078
v 56.82718 -1.31483 -1.16997
v 57.08650 -1.32997 -1.15270
v 57.38070 -1.50145 -1.19126
v 57.65060 -1.51668 -1.17342
v 57.38070 -1.34865 -1.13422
v 57.65060 -1.36574 -1.11732
v 56.82718 -1.16139 -1.10766
v 57.08650 -1.17838 -1.09140
v 56.82718 -1.01251 -1.04044
v 57.08650 -1.03128 -1.02526
v 57.38070 -1.19904 -1.07400
v 57.65060 -1.21794 -1.05809
v 57.38070 -1.05384 -1.00899
v 57.65060 -1.07450 -0.99412
v 57.65060 -0.93661 -0.92386
v 55.96473 -0.80106 -1.01375
v 56.25631 -0.82422 -0.99779
v 55.96473 -0.65800 -0.93254
v 56.54384 -0.84701 -0.98212
v 56.82718 -0.86943 -0.96673
v 57.08650 -0.88991 -0.95268
v 57.38070 -0.91429 -0.93763
v 57.65060 -0.33767 -1.31696
v 56.25631 -0.68298 -0.91793
v 56.54384 -0.70758 -0.90357
v 55.96473 -0.52091 -0.84873
v 56.25631 -0.54762 -0.83549
v 55.96473 -0.39004 -0.76341
v 56.25631 -0.41841 -0.75154
v 56.54384 -0.57393 -0.82247
v 56.54384 -0.44635 -0.73987
v 56.54384 -0.32507 -0.65683
v 56.82718 -0.73177 -0.88947
v 57.08650 -0.75388 -0.87660
v 57.08650 -0.62349 -0.79802
v 57.38070 -0.78000 -0.86280
v 57.65060 -0.80393 -0.85018
v 57.38070 -0.65127 -0.78549
v 57.65060 -0.67672 -0.77404
v 56.82718 -0.59983 -0.80968
v 56.82718 -0.47386 -0.72841
v 57.08650 -0.49900 -0.71795
v 56.82718 -0.35410 -0.64669
v 57.08650 -0.38065 -0.63743
v 57.38070 -0.52835 -0.70671
v 57.65060 -0.55525 -0.69643
v 57.38070 -0.41149 -0.62747
v 57.38070 -0.30117 -0.54801
v 57.65060 -0.43976 -0.61836
v 57.65060 -0.33073 -0.54007
v 57.91574 -1.53160 -1.15596
v 58.17599 -1.54620 -1.13888
v 57.91574 -1.38249 -1.10079
v 58.17599 -1.39889 -1.08462
v 58.17599 -1.25463 -1.02728
v 58.43121 -1.41493 -1.06882
v 58.55462 -1.42268 -1.06120
v 58.43121 -1.27239 -1.01240
v 58.55462 -1.28097 -1.00522
v 57.91574 -1.23647 -1.04252
v 57.91574 -1.09475 -0.97956
v 58.17599 -1.11460 -0.96532
v 58.43121 -1.13403 -0.95140
v 58.55462 -1.14341 -0.94468
v 58.68128 -1.43143 -1.05376
v 58.92606 -1.44831 -1.03941
v 58.68128 -1.29051 -0.99819
v 58.92606 -1.30894 -0.98466
v 59.16543 -1.46479 -1.02543
v 59.39927 -1.48086 -1.01183
v 59.16543 -1.32693 -0.97147
v 59.39927 -1.34448 -0.95863
v 58.68128 -1.15373 -0.93810
v 57.91574 -0.95851 -0.91039
v 58.17599 -0.97997 -0.89720
v 58.55462 -1.01114 -0.87810
v 58.43121 -1.00099 -0.88432
v 58.92606 -1.17364 -0.92542
v 58.68128 -1.02219 -0.87200
v 58.92606 -1.04353 -0.86024
v 59.16543 -1.19309 -0.91307
v 59.39927 -1.21206 -0.90103
v 59.16543 -1.06437 -0.84878
v 59.39927 -1.08470 -0.83762
v 59.16543 -0.94046 -0.78126
v 59.39927 -0.96209 -0.77100
v 57.91574 -0.36782 -1.29897
v 58.17599 -0.39738 -1.28134
v 58.43121 -0.42631 -1.26409
v 58.55462 -0.44028 -1.25575
v 58.43121 -0.31935 -1.17626
v 58.55462 -0.33392 -1.16853
v 59.16543 -0.62096 -1.29869
v 59.39927 -0.64671 -1.28324
v 58.68128 -0.56753 -1.33075
v 58.92606 -0.59456 -1.31453
v 58.92606 -0.48311 -1.23279
v 58.68128 -0.45490 -1.24792
v 58.68128 -0.34910 -1.16128
v 58.92606 -0.37842 -1.14727
v 59.16543 -0.51067 -1.21801
v 59.39927 -0.53756 -1.20359
v 59.16543 -0.40706 -1.13358
v 59.16543 -0.31104 -1.04421
v 59.39927 -0.43500 -1.12023
v 59.39927 -0.33996 -1.03197
v 57.91574 -0.82740 -0.83782
v 58.17599 -0.85041 -0.82573
v 57.91574 -0.70169 -0.76282
v 58.17599 -0.72618 -0.75184
v 58.43121 -0.87294 -0.81391
v 58.55462 -0.88383 -0.80821
v 58.43121 -0.75016 -0.74111
v 58.55462 -0.76175 -0.73594
v 58.43121 -0.63291 -0.66688
v 58.55462 -0.64516 -0.66224
v 57.91574 -0.58165 -0.68636
v 58.17599 -0.60754 -0.67651
v 57.91574 -0.46752 -0.60944
v 58.17599 -0.49473 -0.60071
v 57.91574 -0.35976 -0.53228
v 58.43121 -0.52140 -0.59218
v 58.55462 -0.53429 -0.58806
v 58.68128 -0.89558 -0.80260
v 58.68128 -0.77418 -0.73084
v 58.92606 -0.91828 -0.79179
v 58.92606 -0.79818 -0.72100
v 58.68128 -0.65823 -0.65764
v 58.92606 -0.68346 -0.64879
v 59.16543 -0.82162 -0.71141
v 59.39927 -0.84450 -0.70207
v 59.16543 -0.70811 -0.64016
v 59.39927 -0.73217 -0.63176
v 59.39927 -0.62534 -0.56096
v 58.68128 -0.54796 -0.58398
v 58.92606 -0.57436 -0.57610
v 59.16543 -0.60016 -0.56843
v 58.17599 -0.38822 -0.52467
v 58.43121 -0.41612 -0.51722
v 58.55462 -0.42960 -0.51363
v 58.43121 -0.31683 -0.44417
v 58.55462 -0.33087 -0.44109
v 58.92606 -0.47134 -0.50316
v 58.68128 -0.44384 -0.51005
v 58.68128 -0.34564 -0.43800
v 58.92606 -0.37417 -0.43206
v 59.16543 -0.49821 -0.49644
v 59.39927 -0.52444 -0.48989
v 59.16543 -0.40205 -0.42626
v 59.16543 -0.31184 -0.35882
v 59.39927 -0.42927 -0.42062
v 59.39927 -0.33999 -0.35405
v 56.25631 -0.06205 -1.31705
v 56.54384 -0.09601 -1.29754
v 56.54384 0.01142 -1.19462
v 55.96473 0.08253 -1.23072
v 56.25631 0.04670 -1.21253
v 56.25631 0.14743 -1.10635
v 55.96473 0.18448 -1.12289
v 55.96473 0.27816 -1.01451
v 56.25631 0.24001 -0.99962
v 56.54384 0.11096 -1.09007
v 56.54384 0.20245 -0.98496
v 57.08650 -0.15993 -1.26081
v 56.82718 -0.12942 -1.27834
v 56.82718 -0.02329 -1.17701
v 57.08650 -0.05500 -1.16092
v 57.38070 -0.19492 -1.24225
v 57.65060 -0.22696 -1.22526
v 57.38070 -0.09125 -1.14390
v 57.38070 0.00484 -1.04394
v 57.65060 -0.12447 -1.12830
v 57.65060 -0.02945 -1.02976
v 56.82718 0.07506 -1.07405
v 57.08650 0.04226 -1.05942
v 56.82718 0.16548 -0.97053
v 57.08650 0.13168 -0.95735
v 57.38070 0.09320 -0.94341
v 55.96473 -0.26566 -0.67767
v 56.25631 -0.29559 -0.66716
v 55.96473 -0.14827 -0.59175
v 56.25631 -0.17967 -0.58260
v 56.54384 -0.21060 -0.57360
v 56.25631 0.32432 -0.89347
v 56.54384 0.28578 -0.88041
v 56.82718 -0.24107 -0.56477
v 57.08650 -0.26893 -0.55670
v 56.82718 0.24784 -0.86756
v 57.08650 0.21316 -0.85581
v 56.82718 0.32210 -0.76627
v 57.08650 0.28663 -0.75593
v 57.38070 0.17372 -0.84340
v 57.65060 0.05793 -0.93065
v 57.65060 0.13758 -0.83203
v 57.38070 0.24635 -0.74501
v 57.65060 0.20943 -0.73500
v 57.38070 0.31050 -0.64781
v 57.65060 0.27290 -0.63914
v 57.65060 0.32862 -0.54728
v 55.96473 0.36345 -0.90674
v 55.96473 0.44030 -0.80076
v 56.25631 0.40030 -0.78908
v 56.54384 0.36089 -0.77759
v 56.25631 0.46733 -0.68600
v 55.96473 0.50808 -0.69611
v 55.96473 0.56749 -0.59587
v 56.25631 0.52610 -0.58724
v 56.54384 0.42718 -0.67603
v 56.54384 0.48531 -0.57874
v 56.82718 0.38765 -0.66623
v 57.08650 0.35150 -0.65727
v 56.82718 0.44515 -0.57038
v 57.08650 0.40842 -0.56273
v 57.38070 0.36679 -0.55467
v 57.91574 -0.25839 -1.20859
v 58.17599 -0.28919 -1.19225
v 57.91574 -0.15705 -1.11301
v 58.17599 -0.18899 -1.09802
v 57.91574 -0.06310 -1.01585
v 58.17599 -0.09609 -1.00222
v 58.43121 -0.22028 -1.08334
v 58.55462 -0.23539 -1.07625
v 58.55462 -0.14401 -0.98242
v 58.43121 -0.12840 -0.98887
v 58.68128 -0.25109 -1.06960
v 58.92606 -0.28142 -1.05676
v 58.68128 -0.16019 -0.97638
v 58.92606 -0.19144 -0.96471
v 59.16543 -0.22197 -0.95331
v 59.39927 -0.25177 -0.94219
v 58.17599 -0.01061 -0.90585
v 58.43121 -0.04385 -0.89382
v 58.55462 -0.05992 -0.88801
v 58.55462 0.01677 -0.79405
v 57.91574 0.02332 -0.91812
v 57.91574 0.10211 -0.82087
v 58.17599 0.06732 -0.80993
v 58.43121 0.03324 -0.79922
v 57.91574 0.17319 -0.72518
v 58.17599 0.13764 -0.71556
v 57.91574 0.23600 -0.63063
v 57.91574 0.29114 -0.54002
v 58.17599 0.19980 -0.62229
v 58.17599 0.25438 -0.53291
v 58.55462 0.08598 -0.70157
v 58.43121 0.10281 -0.70613
v 58.43121 0.16432 -0.61412
v 58.55462 0.14718 -0.61017
v 58.68128 -0.07653 -0.88258
v 58.92606 -0.10862 -0.87209
v 58.68128 -0.00024 -0.78921
v 58.92606 -0.03308 -0.77987
v 59.39927 -0.17059 -0.85182
v 59.16543 -0.13998 -0.86183
v 59.16543 -0.06519 -0.77075
v 59.39927 -0.09652 -0.76184
v 59.16543 0.00234 -0.68109
v 59.39927 -0.02964 -0.67326
v 58.68128 0.06863 -0.69732
v 58.92606 0.03511 -0.68912
v 58.68128 0.12952 -0.60650
v 58.92606 0.09542 -0.59940
v 59.16543 0.06208 -0.59246
v 59.39927 0.02953 -0.58568
v 55.96473 -0.03759 -0.50809
v 56.25631 -0.07037 -0.50025
v 56.54384 -0.10267 -0.49254
v 56.54384 -0.00144 -0.41468
v 55.96473 0.06621 -0.42774
v 55.96473 0.16296 -0.35168
v 56.25631 0.03214 -0.42115
v 56.25631 0.12769 -0.34627
v 56.54384 0.09291 -0.34095
v 55.96473 0.25247 -0.28075
v 56.25631 0.21608 -0.27643
v 56.25631 0.29745 -0.21325
v 56.54384 0.18021 -0.27219
v 56.54384 0.26056 -0.20998
v 57.08650 -0.16358 -0.47806
v 56.82718 -0.13448 -0.48497
v 56.82718 -0.03451 -0.40831
v 57.08650 -0.06477 -0.40250
v 57.38070 -0.19714 -0.47060
v 57.65060 -0.22792 -0.46378
v 57.38070 -0.09957 -0.39622
v 57.65060 -0.13148 -0.39048
v 57.38070 -0.00862 -0.32579
v 57.65060 -0.04159 -0.32106
v 56.82718 0.05866 -0.33573
v 57.08650 0.02733 -0.33096
v 56.82718 0.14487 -0.26803
v 57.08650 0.11253 -0.26423
v 56.82718 0.22422 -0.20677
v 56.82718 0.29656 -0.15265
v 57.08650 0.19096 -0.20384
v 57.08650 0.26246 -0.15049
v 57.38070 0.07552 -0.26009
v 57.65060 0.04157 -0.25631
v 57.38070 0.15296 -0.20064
v 57.65060 0.11812 -0.19771
v 57.38070 0.22357 -0.14812
v 57.65060 0.18789 -0.14595
v 57.08650 0.32695 -0.10496
v 57.38070 0.28725 -0.10330
v 57.65060 0.25082 -0.10177
v 57.65060 0.30680 -0.06577
v 55.96473 0.61855 -0.50113
v 56.25631 0.57662 -0.49391
v 56.25631 0.61897 -0.40710
v 56.54384 0.53531 -0.48679
v 56.54384 0.57722 -0.40126
v 55.96473 0.33487 -0.21657
v 55.96473 0.41001 -0.15988
v 56.25631 0.37165 -0.15743
v 56.54384 0.33383 -0.15502
v 56.54384 0.61118 -0.32331
v 56.54384 0.63654 -0.25179
v 55.96473 0.66132 -0.41303
v 55.96473 0.69595 -0.33273
v 56.25631 0.65326 -0.32799
v 55.96473 0.72175 -0.25908
v 56.25631 0.67884 -0.25541
v 55.96473 0.73937 -0.19442
v 55.96473 0.74901 -0.13975
v 56.25631 0.69634 -0.19170
v 56.25631 0.70594 -0.13782
v 56.54384 0.65391 -0.18901
v 56.54384 0.66348 -0.13592
v 57.08650 0.45740 -0.47338
v 56.82718 0.49462 -0.47978
v 56.82718 0.53610 -0.39552
v 57.08650 0.49849 -0.39026
v 57.38070 0.41524 -0.46662
v 57.65060 0.37659 -0.46043
v 57.38070 0.45591 -0.38472
v 57.65060 0.41686 -0.37965
v 56.82718 0.56973 -0.31870
v 56.82718 0.59486 -0.24823
v 57.08650 0.53181 -0.31449
v 57.08650 0.55673 -0.24497
v 56.82718 0.61211 -0.18636
v 56.82718 0.62165 -0.13404
v 57.08650 0.57386 -0.18394
v 57.08650 0.58336 -0.13232
v 57.38070 0.48890 -0.31006
v 57.65060 0.44954 -0.30599
v 57.65060 0.47403 -0.23840
v 57.38070 0.51360 -0.24154
v 57.38070 0.53059 -0.18139
v 57.38070 0.54005 -0.13051
v 57.65060 0.49090 -0.17906
v 57.65060 0.50032 -0.12885
v 55.96473 0.47781 -0.11150
v 56.25631 0.43859 -0.10979
v 55.96473 0.53816 -0.07204
v 55.96473 0.59089 -0.04187
v 56.25631 0.49817 -0.07094
v 56.25631 0.55022 -0.04124
v 55.96473 0.63672 -0.02368
v 56.25631 0.59545 -0.02335
v 56.25631 0.63329 -0.01623
v 56.54384 0.39993 -0.10811
v 56.54384 0.45874 -0.06987
v 56.54384 0.51012 -0.04063
v 56.54384 0.55475 -0.02303
v 56.54384 0.59207 -0.01604
v 56.54384 0.62203 -0.01997
v 55.96473 0.76568 -0.12064
v 55.96473 0.75715 -0.11334
v 55.96473 0.73808 -0.06054
v 56.25631 0.72244 -0.11906
v 56.25631 0.71402 -0.11182
v 56.25631 0.69532 -0.05977
v 55.96473 0.67508 -0.01644
v 55.96473 0.70592 -0.02044
v 56.25631 0.66368 -0.02021
v 56.54384 0.67981 -0.11750
v 56.54384 0.67151 -0.11032
v 56.54384 0.65316 -0.05901
v 56.82718 0.36182 -0.10647
v 56.82718 0.41989 -0.06881
v 56.82718 0.47060 -0.04003
v 57.08650 0.38433 -0.06785
v 57.08650 0.43444 -0.03948
v 57.08650 0.47793 -0.02241
v 56.82718 0.63780 -0.11597
v 56.82718 0.62961 -0.10884
v 56.82718 0.61162 -0.05825
v 57.08650 0.59936 -0.11456
v 57.08650 0.59128 -0.10748
v 57.08650 0.57360 -0.05756
v 56.82718 0.51464 -0.02270
v 56.82718 0.55145 -0.01584
v 56.82718 0.58099 -0.01973
v 57.08650 0.51428 -0.01566
v 57.08650 0.54342 -0.01952
v 57.38070 0.34389 -0.06676
v 57.38070 0.39335 -0.03884
v 57.65060 0.35566 -0.03826
v 57.38070 0.43628 -0.02206
v 57.38070 0.47213 -0.01543
v 57.65060 0.39806 -0.02173
v 57.65060 0.43346 -0.01523
v 57.65060 0.46181 -0.01904
v 57.38070 0.54790 -0.10605
v 57.38070 0.55587 -0.11306
v 57.38070 0.53056 -0.05682
v 57.65060 0.50812 -0.10473
v 57.65060 0.51598 -0.11168
v 57.65060 0.49108 -0.05613
v 57.38070 0.50086 -0.01927
v 57.91574 -0.25813 -0.45710
v 58.17599 -0.28777 -0.45056
v 57.91574 -0.16281 -0.38486
v 58.17599 -0.19355 -0.37935
v 58.43121 -0.22369 -0.37397
v 58.55462 -0.23826 -0.37138
v 57.91574 -0.07396 -0.31644
v 57.91574 0.00823 -0.25261
v 58.17599 -0.10573 -0.31191
v 58.17599 -0.02448 -0.24899
v 58.55462 -0.15193 -0.30534
v 58.43121 -0.13688 -0.30748
v 58.55462 -0.07206 -0.24374
v 58.43121 -0.05656 -0.24544
v 58.55462 0.00144 -0.18798
v 58.17599 0.30140 -0.44840
v 58.43121 0.21835 -0.52594
v 58.55462 0.20093 -0.52257
v 58.55462 0.24725 -0.43974
v 58.43121 0.26490 -0.44256
v 58.43121 0.30401 -0.36498
v 58.55462 0.28618 -0.36267
v 57.91574 0.08389 -0.19485
v 57.91574 0.15285 -0.14382
v 58.17599 0.05030 -0.19204
v 58.17599 0.11846 -0.14174
v 58.43121 0.01736 -0.18930
v 58.43121 0.08474 -0.13971
v 58.55462 0.06844 -0.13873
v 58.55462 0.31782 -0.29239
v 58.68128 -0.25352 -0.36876
v 58.92606 -0.28302 -0.36373
v 58.68128 -0.16766 -0.30318
v 58.92606 -0.19805 -0.29900
v 58.68128 -0.08822 -0.24199
v 58.92606 -0.11944 -0.23862
v 58.68128 -0.01511 -0.18661
v 58.92606 -0.04710 -0.18397
v 59.16543 -0.22776 -0.29494
v 59.16543 -0.14996 -0.23533
v 59.39927 -0.25677 -0.29098
v 59.39927 -0.17977 -0.23214
v 59.16543 -0.07837 -0.18140
v 59.16543 -0.01312 -0.13377
v 59.39927 -0.10891 -0.17890
v 59.39927 -0.04433 -0.13189
v 58.92606 0.14841 -0.51340
v 58.68128 0.18302 -0.51944
v 58.68128 0.22912 -0.43712
v 58.92606 0.19408 -0.43207
v 58.68128 0.26787 -0.36053
v 58.92606 0.23248 -0.35639
v 59.16543 0.11457 -0.50749
v 59.39927 0.08153 -0.50172
v 59.16543 0.15983 -0.42713
v 59.39927 0.12638 -0.42230
v 59.39927 0.16409 -0.34839
v 59.16543 0.19788 -0.35234
v 58.68128 0.05152 -0.13770
v 58.92606 0.01884 -0.13571
v 58.68128 0.29936 -0.29068
v 58.92606 0.26369 -0.28737
v 58.68128 0.32303 -0.22656
v 58.92606 0.28717 -0.22400
v 58.92606 0.30342 -0.16834
v 59.16543 0.22882 -0.28413
v 59.39927 0.19477 -0.28097
v 59.16543 0.25211 -0.22150
v 59.16543 0.26825 -0.16648
v 59.39927 0.21786 -0.21906
v 59.39927 0.23388 -0.16467
v 57.91574 0.21504 -0.10028
v 57.91574 0.27036 -0.06480
v 57.91574 0.31864 -0.03769
v 58.17599 0.17993 -0.09883
v 58.17599 0.23459 -0.06385
v 58.17599 0.28229 -0.03713
v 58.17599 0.32366 -0.02111
v 58.43121 0.14549 -0.09740
v 58.55462 0.12884 -0.09671
v 58.43121 0.19951 -0.06292
v 58.43121 0.24666 -0.03659
v 58.55462 0.18256 -0.06247
v 58.55462 0.22942 -0.03633
v 58.43121 0.28753 -0.02081
v 58.43121 0.32162 -0.01464
v 58.55462 0.27005 -0.02066
v 58.55462 0.30394 -0.01455
v 58.55462 0.33103 -0.01827
v 59.39927 0.01389 -0.09180
v 58.68128 0.11160 -0.09597
v 58.68128 0.16502 -0.06197
v 58.92606 0.07829 -0.09454
v 58.92606 0.13114 -0.06100
v 58.68128 0.21164 -0.03601
v 58.92606 0.17726 -0.03541
v 58.92606 0.31262 -0.12124
v 58.92606 0.32748 -0.10527
v 58.92606 0.32012 -0.09865
v 58.92606 0.30443 -0.05292
v 58.68128 0.25204 -0.02047
v 58.68128 0.28573 -0.01442
v 58.68128 0.31266 -0.01814
v 58.92606 0.21722 -0.02010
v 58.92606 0.25053 -0.01417
v 58.92606 0.27716 -0.01789
v 59.16543 0.04571 -0.09315
v 59.16543 0.09801 -0.06006
v 59.16543 0.14364 -0.03482
v 59.39927 0.06565 -0.05915
v 59.39927 0.11080 -0.03425
v 59.39927 0.14991 -0.01940
v 59.16543 0.27739 -0.11991
v 59.16543 0.29209 -0.10412
v 59.16543 0.28483 -0.09757
v 59.16543 0.26937 -0.05232
v 59.39927 0.24297 -0.11861
v 59.39927 0.25035 -0.09653
v 59.39927 0.23512 -0.05175
v 59.39927 0.25753 -0.10300
v 59.16543 0.18317 -0.01975
v 59.16543 0.21612 -0.01393
v 59.16543 0.24245 -0.01765
v 59.39927 0.18251 -0.01370
v 59.39927 0.20854 -0.01742
v 57.91574 0.33863 -0.45436
v 57.91574 0.37851 -0.37466
v 58.17599 0.34089 -0.36977
v 57.91574 0.41089 -0.30200
v 57.91574 0.43517 -0.23531
v 58.17599 0.37297 -0.29808
v 58.17599 0.39704 -0.23228
v 57.91574 0.45192 -0.17676
v 57.91574 0.46130 -0.12722
v 58.17599 0.41367 -0.17451
v 58.43121 0.33579 -0.29424
v 58.43121 0.35966 -0.22932
v 58.55462 0.34158 -0.22788
v 58.43121 0.37616 -0.17230
v 58.55462 0.35802 -0.17123
v 58.68128 0.33940 -0.17024
v 57.91574 0.46904 -0.10343
v 57.91574 0.47679 -0.11032
v 57.91574 0.45229 -0.05546
v 58.17599 0.42300 -0.12562
v 58.17599 0.43068 -0.10216
v 58.17599 0.43834 -0.10899
v 58.17599 0.41422 -0.05480
v 57.91574 0.36051 -0.02142
v 57.91574 0.39547 -0.01503
v 57.91574 0.42346 -0.01881
v 58.17599 0.35818 -0.01483
v 58.17599 0.38581 -0.01859
v 58.43121 0.38544 -0.12405
v 58.43121 0.40062 -0.10768
v 58.43121 0.39307 -0.10091
v 58.55462 0.36729 -0.12329
v 58.55462 0.38239 -0.10705
v 58.55462 0.37488 -0.10031
v 58.43121 0.37689 -0.05415
v 58.55462 0.35884 -0.05383
v 58.43121 0.34889 -0.01837
v 58.68128 0.34864 -0.12259
v 58.68128 0.36367 -0.10644
v 58.68128 0.35621 -0.09974
v 58.68128 0.34029 -0.05352
v 59.62745 -1.49651 -0.99859
v 59.84986 -1.51174 -0.98574
v 60.02020 -1.52338 -0.97593
v 59.62745 -1.36157 -0.94614
v 59.84986 -1.37820 -0.93401
v 61.05709 -1.25718 -1.33009
v 61.23611 -1.28953 -1.31070
v 61.40856 -1.32067 -1.29204
v 60.87156 -1.10721 -1.29347
v 60.67962 -1.07078 -1.31335
v 60.67962 -0.95804 -1.24981
v 60.87156 -0.99604 -1.23096
v 61.23611 -1.17630 -1.25575
v 61.05709 -1.14239 -1.27427
v 61.40856 -1.20894 -1.23794
v 61.40856 -1.10221 -1.17830
v 61.05709 -1.03275 -1.21275
v 61.23611 -1.06815 -1.19519
v 61.23611 -0.96535 -1.12974
v 61.40856 -1.00076 -1.11382
v 60.02020 -1.39092 -0.92474
v 59.84986 -1.24854 -0.87797
v 60.02020 -1.26230 -0.86929
v 60.27694 -1.43115 -0.90540
v 60.48138 -1.46316 -0.89006
v 60.27694 -1.30485 -0.85113
v 60.48138 -1.33870 -0.83673
v 59.62745 -1.23055 -0.88933
v 59.62745 -1.10452 -0.82676
v 59.84986 -1.12381 -0.81622
v 60.02020 -1.13856 -0.80817
v 59.62745 -0.98318 -0.76102
v 60.02020 -1.01943 -0.74393
v 59.84986 -1.00371 -0.75133
v 60.27694 -1.18334 -0.79130
v 60.48138 -1.21896 -0.77791
v 60.48138 -1.10365 -0.71608
v 60.27694 -1.06633 -0.72840
v 60.27694 -0.95409 -0.66328
v 60.48138 -0.99304 -0.65206
v 60.67962 -1.49416 -0.87523
v 60.87156 -1.52414 -0.86092
v 60.87156 -1.40322 -0.80937
v 60.67962 -1.37150 -0.82281
v 60.67962 -1.25347 -0.76498
v 60.87156 -1.28686 -0.75249
v 61.05709 -1.55310 -0.84713
v 61.05709 -1.43386 -0.79642
v 61.23611 -1.46341 -0.78397
v 61.40856 -1.49184 -0.77201
v 61.05709 -1.31912 -0.74046
v 61.23611 -1.35022 -0.72889
v 61.40856 -1.38015 -0.71778
v 61.40856 -1.27258 -0.66072
v 60.67962 -1.13982 -0.70417
v 60.87156 -1.17481 -0.69268
v 60.67962 -1.03078 -0.64121
v 60.87156 -1.06730 -0.63073
v 60.87156 -0.96457 -0.56749
v 61.05709 -1.20861 -0.68160
v 61.23611 -1.24120 -0.67095
v 61.05709 -1.10258 -0.62064
v 61.23611 -1.13660 -0.61094
v 61.40856 -1.16936 -0.60161
v 61.23611 -1.03665 -0.54966
v 61.05709 -1.00126 -0.55840
v 61.40856 -1.07072 -0.54126
v 59.84986 -0.80940 -1.32666
v 60.02020 -0.82720 -1.31473
v 59.62745 -0.67181 -1.26818
v 59.84986 -0.69624 -1.25351
v 60.02020 -0.71493 -1.24230
v 60.27694 -0.87819 -1.28943
v 60.48138 -0.91875 -1.26931
v 60.48138 -0.81005 -1.19953
v 60.27694 -0.76791 -1.21848
v 60.27694 -0.66366 -1.14311
v 60.48138 -0.70730 -1.12540
v 59.62745 -0.56377 -1.18953
v 59.84986 -0.58928 -1.17584
v 60.02020 -0.60881 -1.16537
v 59.62745 -0.46225 -1.10720
v 59.84986 -0.48877 -1.09453
v 60.02020 -0.50907 -1.08482
v 59.62745 -0.36815 -1.02003
v 59.84986 -0.39560 -1.00840
v 60.02020 -0.41660 -0.99950
v 60.27694 -0.56567 -1.06418
v 60.48138 -0.61072 -1.04775
v 60.27694 -0.47482 -0.98055
v 60.48138 -0.52115 -0.96546
v 60.67962 -0.85089 -1.18118
v 60.87156 -0.89039 -1.16342
v 61.05709 -0.92855 -1.14627
v 60.87156 -0.79051 -1.09164
v 60.67962 -0.74959 -1.10824
v 60.67962 -0.65436 -1.03183
v 60.87156 -0.69659 -1.01643
v 61.23611 -0.86814 -1.06014
v 61.05709 -0.83003 -1.07560
v 61.40856 -0.90482 -1.04526
v 61.23611 -0.77674 -0.98720
v 61.40856 -0.81461 -0.97338
v 61.05709 -0.73739 -1.00155
v 60.67962 -0.56605 -0.95084
v 60.87156 -0.60949 -0.93670
v 59.62745 -0.86681 -0.69300
v 59.84986 -0.88853 -0.68417
v 60.02020 -0.90515 -0.67744
v 59.84986 -0.77849 -0.61564
v 60.02020 -0.79597 -0.60958
v 59.62745 -0.75564 -0.62358
v 59.62745 -0.64990 -0.55369
v 59.84986 -0.67382 -0.54664
v 60.02020 -0.69212 -0.54125
v 60.27694 -0.84686 -0.59683
v 60.48138 -0.88735 -0.58671
v 60.27694 -0.74485 -0.52989
v 59.84986 -0.30913 -0.92077
v 60.02020 -0.33078 -0.91268
v 60.27694 -0.39049 -0.89543
v 60.48138 -0.43801 -0.88171
v 60.27694 -0.31283 -0.80973
v 60.48138 -0.36143 -0.79736
v 61.05709 -0.65146 -0.92303
v 61.23611 -0.69194 -0.90985
v 61.40856 -0.73091 -0.89716
v 61.40856 -0.65319 -0.81953
v 60.67962 -0.92660 -0.57693
v 60.67962 -0.48406 -0.86840
v 60.87156 -0.52862 -0.85553
v 60.67962 -0.40854 -0.78537
v 60.87156 -0.45413 -0.77377
v 61.05709 -0.57168 -0.84308
v 61.23611 -0.61321 -0.83108
v 61.23611 -0.54067 -0.75174
v 61.05709 -0.49818 -0.76255
v 61.40856 -0.58158 -0.74132
v 60.67962 -0.33960 -0.70265
v 60.87156 -0.38612 -0.69231
v 60.87156 -0.32467 -0.61207
v 61.23611 -0.47443 -0.67267
v 61.40856 -0.51618 -0.66338
v 61.40856 -0.45707 -0.58659
v 61.05709 -0.43107 -0.68231
v 61.23611 -0.41457 -0.59477
v 61.05709 -0.37042 -0.60327
v 61.57432 -1.51285 -1.29766
v 61.73332 -1.49258 -1.20855
v 61.57432 -1.39911 -1.25340
v 61.57432 -1.29063 -1.20099
v 61.73332 -1.38791 -1.15808
v 61.88548 -1.48095 -1.11705
v 61.88548 -1.38445 -1.06341
v 61.73332 -1.28793 -1.10241
v 61.88548 -1.29271 -1.00538
v 62.03071 -1.47654 -1.02619
v 62.16895 -1.47858 -0.93680
v 62.03071 -1.38795 -0.97024
v 61.57432 -1.18701 -1.14319
v 61.57432 -1.08851 -1.08069
v 61.73332 -1.19288 -1.04221
v 61.88548 -1.20593 -0.94365
v 61.73332 -1.10298 -0.97816
v 61.57432 -0.99536 -1.01422
v 62.30012 -1.48628 -0.84963
v 62.30012 -1.41268 -0.79146
v 62.16895 -1.39763 -0.87937
v 62.03071 -1.30416 -0.91071
v 62.16895 -1.32149 -0.81912
v 62.16895 -1.25083 -0.75518
v 62.30012 -1.34437 -0.72971
v 61.57432 -1.45663 -0.69531
v 61.73332 -1.54792 -0.66940
v 61.88548 -1.53798 -0.59338
v 61.73332 -1.44715 -0.61614
v 61.88548 -1.44464 -0.54022
v 61.57432 -1.35219 -0.64002
v 61.57432 -1.25198 -0.58274
v 61.73332 -1.35045 -0.56098
v 62.30012 -1.28092 -0.66679
v 61.88548 -1.12432 -0.87891
v 61.73332 -1.01844 -0.91100
v 61.73332 -0.93999 -0.83976
v 61.88548 -1.04859 -0.81022
v 61.88548 -0.97826 -0.74024
v 62.03071 -1.22536 -0.84828
v 62.03071 -1.15222 -0.78202
v 62.16895 -1.18520 -0.69003
v 62.16895 -1.12471 -0.62436
v 62.30012 -1.22244 -0.60336
v 62.30012 -1.16902 -0.54011
v 62.03071 -1.08429 -0.71452
v 62.03071 -1.02170 -0.64648
v 62.16895 -1.06946 -0.55888
v 62.03071 -0.96452 -0.57865
v 62.42416 -1.49889 -0.76529
v 62.42416 -1.43280 -0.70562
v 62.54100 -1.51395 -0.54181
v 62.42416 -1.37142 -0.64480
v 62.42416 -1.31483 -0.58349
v 61.57432 -0.90775 -0.94454
v 61.57432 -0.82647 -0.87062
v 61.73332 -0.86714 -0.76718
v 61.57432 -0.75099 -0.79533
v 61.88548 -0.91344 -0.66972
v 61.73332 -0.80001 -0.69405
v 61.88548 -0.85425 -0.59942
v 61.88548 -0.80073 -0.53014
v 61.57432 -0.68144 -0.71948
v 61.57432 -0.61792 -0.64387
v 61.73332 -0.73869 -0.62116
v 61.73332 -0.68327 -0.54933
v 61.57432 -0.56050 -0.56938
v 61.23611 -0.94155 -0.48792
v 61.40856 -0.97686 -0.48044
v 60.48138 -0.78681 -0.52089
v 60.27694 -0.64849 -0.46268
v 60.48138 -0.69183 -0.45479
v 59.62745 -0.55003 -0.48353
v 59.84986 -0.57495 -0.47735
v 60.02020 -0.59403 -0.47263
v 59.84986 -0.48170 -0.40981
v 60.02020 -0.50150 -0.40574
v 59.62745 -0.45583 -0.41514
v 59.62745 -0.36745 -0.34940
v 59.84986 -0.39421 -0.34489
v 60.02020 -0.41469 -0.34145
v 60.27694 -0.55759 -0.39716
v 60.27694 -0.47231 -0.33418
v 60.48138 -0.60223 -0.39035
v 60.48138 -0.51817 -0.32841
v 59.84986 -0.31265 -0.28340
v 60.02020 -0.33376 -0.28055
v 60.27694 -0.39280 -0.27452
v 60.48138 -0.43980 -0.26974
v 60.27694 -0.31924 -0.21886
v 60.48138 -0.36729 -0.21500
v 60.48138 -0.30056 -0.16549
v 60.67962 -0.82748 -0.51219
v 60.87156 -0.86684 -0.50379
v 60.87156 -0.77450 -0.43981
v 60.67962 -0.73384 -0.44717
v 60.67962 -0.64551 -0.38378
v 60.87156 -0.68739 -0.37743
v 61.05709 -0.90487 -0.49570
v 61.05709 -0.81379 -0.43272
v 61.23611 -0.85169 -0.42591
v 61.40856 -0.88818 -0.41936
v 61.40856 -0.80451 -0.35980
v 61.05709 -0.72787 -0.37132
v 61.23611 -0.76691 -0.36544
v 61.05709 -0.64725 -0.31230
v 61.23611 -0.68737 -0.30733
v 61.40856 -0.72600 -0.30255
v 61.40856 -0.65280 -0.24832
v 61.05709 -0.31670 -0.52505
v 61.23611 -0.36153 -0.51768
v 61.23611 -0.31487 -0.44372
v 61.40856 -0.40470 -0.51059
v 61.40856 -0.35862 -0.43767
v 61.40856 -0.31883 -0.36865
v 60.67962 -0.56263 -0.32285
v 60.67962 -0.48536 -0.26513
v 60.87156 -0.60566 -0.31748
v 60.87156 -0.52946 -0.26068
v 60.87156 -0.45896 -0.20770
v 60.67962 -0.41387 -0.21128
v 60.67962 -0.34807 -0.16258
v 60.87156 -0.39407 -0.15978
v 61.05709 -0.57208 -0.25639
v 61.23611 -0.61320 -0.25228
v 61.23611 -0.54458 -0.20092
v 61.05709 -0.50253 -0.20424
v 61.23611 -0.48142 -0.15449
v 61.40856 -0.58507 -0.19774
v 61.40856 -0.52273 -0.15200
v 61.05709 -0.43853 -0.15708
v 60.87156 -0.33494 -0.11749
v 61.40856 -0.46593 -0.11165
v 61.05709 -0.38020 -0.11547
v 61.23611 -0.42387 -0.11352
v 61.05709 -0.32763 -0.08002
v 61.23611 -0.37200 -0.07862
v 61.23611 -0.32591 -0.05027
v 61.40856 -0.41474 -0.07729
v 61.40856 -0.36925 -0.04938
v 61.40856 -0.32959 -0.02817
v 61.88548 -1.35544 -0.48593
v 61.73332 -1.25803 -0.50463
v 61.88548 -1.27055 -0.43123
v 62.03071 -1.53452 -0.52048
v 62.16895 -1.53682 -0.45127
v 62.03071 -1.44838 -0.46814
v 62.16895 -1.45763 -0.40040
v 62.30012 -1.54417 -0.38622
v 62.30012 -1.47182 -0.33690
v 62.03071 -1.36642 -0.41541
v 62.16895 -1.38280 -0.34931
v 62.03071 -1.28895 -0.36244
v 62.30012 -1.40355 -0.28882
v 62.16895 -1.31218 -0.29950
v 62.16895 -1.24590 -0.25162
v 62.30012 -1.33948 -0.24261
v 62.30012 -1.27974 -0.19885
v 61.57432 -1.15620 -0.52425
v 61.73332 -1.17009 -0.44786
v 61.88548 -1.19033 -0.37628
v 61.57432 -1.06507 -0.46531
v 61.57432 -0.97896 -0.40611
v 61.73332 -1.08699 -0.39084
v 61.73332 -1.00857 -0.33524
v 62.30012 -1.12072 -0.47777
v 62.16895 -1.01951 -0.49435
v 62.16895 -0.97523 -0.43044
v 62.16895 -0.93626 -0.36910
v 62.30012 -1.07790 -0.41603
v 62.30012 -1.04022 -0.35677
v 61.88548 -1.11464 -0.32270
v 61.88548 -1.04361 -0.27121
v 61.73332 -0.93499 -0.28180
v 61.88548 -0.97738 -0.22244
v 62.03071 -1.21586 -0.31079
v 62.03071 -1.14726 -0.26115
v 62.16895 -1.18411 -0.20628
v 62.16895 -1.12692 -0.16400
v 62.30012 -1.22445 -0.15805
v 62.30012 -1.00767 -0.30064
v 62.30012 -0.98023 -0.24834
v 62.03071 -1.08330 -0.21414
v 62.03071 -1.02411 -0.17030
v 62.03071 -0.96964 -0.13068
v 62.30012 -0.95786 -0.20056
v 62.30012 -0.94094 -0.15659
v 62.54100 -1.46592 -0.48506
v 62.54100 -1.42248 -0.42910
v 62.42416 -1.26315 -0.52236
v 62.54100 -1.38397 -0.37369
v 62.42416 -1.55598 -0.32520
v 62.42416 -1.48994 -0.27876
v 62.42416 -1.42796 -0.23413
v 62.65059 -1.54405 -0.16322
v 62.65059 -1.53023 -0.12745
v 62.54100 -1.51546 -0.14141
v 62.54100 -1.35008 -0.32048
v 62.54100 -1.32079 -0.27009
v 62.42416 -1.37016 -0.19186
v 62.54100 -1.29611 -0.22313
v 62.54100 -1.27598 -0.18022
v 62.42416 -1.31667 -0.15245
v 62.54100 -1.26074 -0.14072
v 62.42416 -1.21641 -0.46209
v 62.42416 -1.17498 -0.40240
v 62.42416 -1.13851 -0.34510
v 62.42416 -1.10701 -0.29083
v 62.42416 -1.08046 -0.24025
v 62.42416 -1.05881 -0.19404
v 62.42416 -1.04242 -0.15151
v 62.30012 -1.17357 -0.12118
v 62.30012 -1.12720 -0.08869
v 62.16895 -1.07428 -0.12580
v 62.16895 -1.02632 -0.09212
v 62.16895 -0.98309 -0.06347
v 62.16895 -0.94468 -0.04024
v 62.30012 -1.08540 -0.06106
v 62.30012 -1.04827 -0.03866
v 62.30012 -1.01589 -0.02170
v 62.30012 -0.98790 -0.01184
v 62.30012 -0.96462 -0.00841
v 62.30012 -0.94609 -0.01161
v 62.65059 -1.52056 -0.09595
v 62.65059 -1.51497 -0.06919
v 62.65059 -1.50660 -0.05978
v 62.65059 -1.51060 -0.05621
v 62.65059 -1.51914 -0.02975
v 62.54100 -1.46972 -0.10837
v 62.54100 -1.42804 -0.07926
v 62.65059 -1.54934 -0.00675
v 62.65059 -1.53426 -0.00940
v 62.54100 -1.39047 -0.05451
v 62.54100 -1.35709 -0.03445
v 62.42416 -1.26744 -0.11685
v 62.54100 -1.25009 -0.10593
v 62.54100 -1.24857 -0.03283
v 62.54100 -1.32799 -0.01928
v 62.54100 -1.30284 -0.01047
v 62.54100 -1.28192 -0.00744
v 62.54100 -1.26527 -0.01036
v 62.42416 -1.22258 -0.08547
v 62.54100 -1.24394 -0.07639
v 62.42416 -1.18215 -0.05880
v 62.54100 -1.23470 -0.06598
v 62.54100 -1.23912 -0.06205
v 62.42416 -1.14622 -0.03718
v 62.42416 -1.11490 -0.02082
v 62.42416 -1.08782 -0.01132
v 62.42416 -1.03098 -0.11405
v 62.42416 -1.02437 -0.08223
v 62.42416 -1.01919 -0.06680
v 62.42416 -1.01443 -0.07103
v 62.42416 -1.02937 -0.03535
v 62.42416 -1.06530 -0.00804
v 62.42416 -1.04738 -0.01117
v 61.57432 -0.89771 -0.34839
v 61.88548 -0.75330 -0.46155
v 61.73332 -0.63415 -0.47822
v 61.88548 -0.71156 -0.39572
v 61.88548 -0.67551 -0.33339
v 62.03071 -0.91283 -0.51181
v 62.03071 -0.86701 -0.44562
v 62.03071 -0.82669 -0.38209
v 61.57432 -0.82147 -0.29291
v 61.73332 -0.86639 -0.23118
v 61.88548 -0.91609 -0.17696
v 61.88548 -0.85968 -0.13585
v 61.73332 -0.80290 -0.18397
v 61.57432 -0.75038 -0.24035
v 61.88548 -0.64514 -0.27533
v 61.57432 -0.68460 -0.19134
v 61.57432 -0.62407 -0.14702
v 61.73332 -0.74448 -0.14129
v 61.88548 -0.62037 -0.22230
v 62.16895 -0.90260 -0.31102
v 62.16895 -0.87424 -0.25689
v 62.03071 -0.79186 -0.32193
v 62.16895 -0.85110 -0.20745
v 62.16895 -0.83361 -0.16195
v 62.03071 -0.76252 -0.26588
v 62.03071 -0.73859 -0.21470
v 62.03071 -0.72049 -0.16760
v 61.57432 -0.50963 -0.49564
v 61.57432 -0.46486 -0.42488
v 61.73332 -0.59093 -0.40999
v 61.73332 -0.55361 -0.34539
v 61.57432 -0.42620 -0.35791
v 61.73332 -0.52216 -0.28521
v 61.73332 -0.49652 -0.23026
v 61.88548 -0.60165 -0.17352
v 61.88548 -0.58857 -0.13058
v 61.73332 -0.47713 -0.17972
v 61.73332 -0.46360 -0.13524
v 61.57432 -0.39363 -0.29552
v 61.57432 -0.36708 -0.23856
v 61.57432 -0.34701 -0.18618
v 61.57432 -0.33300 -0.14009
v 61.88548 -0.80828 -0.09960
v 61.88548 -0.76196 -0.06875
v 61.88548 -0.72079 -0.04372
v 61.73332 -0.69123 -0.10366
v 61.73332 -0.64325 -0.07162
v 61.88548 -0.68491 -0.02474
v 61.88548 -0.65387 -0.01364
v 61.88548 -0.62806 -0.00969
v 62.03071 -0.92000 -0.09575
v 62.03071 -0.87525 -0.06604
v 62.16895 -0.82138 -0.12189
v 62.16895 -0.81434 -0.08789
v 62.03071 -0.83550 -0.04193
v 62.16895 -0.81971 -0.03788
v 62.16895 -0.80368 -0.07600
v 62.16895 -0.80880 -0.07142
v 62.30012 -0.92911 -0.11786
v 62.30012 -0.92229 -0.08498
v 62.30012 -0.91200 -0.07344
v 62.30012 -0.91694 -0.06905
v 62.30012 -0.92747 -0.03658
v 62.16895 -0.91119 -0.02265
v 62.16895 -0.88223 -0.01240
v 62.16895 -0.85815 -0.00881
v 62.03071 -0.80084 -0.02366
v 62.16895 -0.83898 -0.01208
v 62.03071 -0.70785 -0.12614
v 62.03071 -0.70057 -0.09094
v 62.03071 -0.69483 -0.07392
v 62.03071 -0.70613 -0.03924
v 62.03071 -0.68951 -0.07868
v 62.03071 -0.77087 -0.01299
v 62.03071 -0.74595 -0.00923
v 62.03071 -0.72610 -0.01258
v 61.57432 -0.56891 -0.10793
v 61.57432 -0.51919 -0.07465
v 61.57432 -0.47501 -0.04762
v 61.88548 -0.58104 -0.09415
v 61.88548 -0.57509 -0.07655
v 61.88548 -0.56957 -0.08151
v 61.73332 -0.60061 -0.04561
v 61.88548 -0.58681 -0.04068
v 61.73332 -0.46179 -0.04220
v 61.73332 -0.56344 -0.02588
v 61.88548 -0.60751 -0.01311
v 61.73332 -0.53129 -0.01432
v 61.73332 -0.50455 -0.01017
v 61.73332 -0.48326 -0.01367
v 61.57432 -0.43650 -0.02710
v 61.57432 -0.32494 -0.10100
v 61.57432 -0.31855 -0.08216
v 61.57432 -0.31259 -0.08755
v 61.57432 -0.33115 -0.04378
v 61.73332 -0.45581 -0.09750
v 61.73332 -0.44965 -0.07929
v 61.73332 -0.44391 -0.08446
v 61.57432 -0.40319 -0.01505
v 61.57432 -0.37548 -0.01069
v 61.57432 -0.35341 -0.01426
v 59.62745 -0.28083 -0.93133
v 59.62745 -0.20044 -0.84205
v 59.84986 -0.22951 -0.83254
v 60.02020 -0.25176 -0.82526
v 59.84986 -0.15685 -0.74468
v 60.02020 -0.17964 -0.73820
v 59.62745 -0.12708 -0.75315
v 59.62745 -0.06084 -0.66562
v 59.84986 -0.09123 -0.65818
v 60.02020 -0.11450 -0.65248
v 59.62745 -0.00222 -0.57907
v 59.84986 -0.03315 -0.57263
v 60.02020 -0.05683 -0.56770
v 60.27694 -0.24195 -0.72436
v 60.27694 -0.17791 -0.64029
v 60.48138 -0.29154 -0.71334
v 60.48138 -0.22838 -0.63059
v 60.48138 -0.17247 -0.54873
v 60.27694 -0.12122 -0.55714
v 60.67962 -0.27731 -0.62118
v 60.67962 -0.22215 -0.54057
v 60.87156 -0.27023 -0.53268
v 60.02020 -0.00613 -0.48639
v 60.27694 -0.07136 -0.47739
v 60.48138 -0.12329 -0.47021
v 60.27694 -0.02835 -0.40194
v 60.27694 0.00786 -0.33170
v 60.48138 -0.08085 -0.39593
v 59.62745 -0.28507 -0.28713
v 59.62745 -0.20885 -0.22904
v 59.84986 -0.23719 -0.22603
v 60.02020 -0.25889 -0.22373
v 59.84986 -0.16775 -0.17412
v 60.02020 -0.18998 -0.17232
v 59.62745 -0.13871 -0.17647
v 59.62745 -0.07478 -0.13006
v 59.84986 -0.10446 -0.12829
v 60.02020 -0.12719 -0.12693
v 60.27694 -0.25154 -0.16851
v 60.48138 -0.04513 -0.32676
v 60.48138 -0.01604 -0.26365
v 60.48138 0.00592 -0.20565
v 59.62745 0.04931 -0.49608
v 59.84986 0.01791 -0.49060
v 59.62745 0.09374 -0.41759
v 59.62745 0.13113 -0.34453
v 59.84986 0.06195 -0.41300
v 60.02020 0.03760 -0.40948
v 60.02020 0.07441 -0.33789
v 59.84986 0.09900 -0.34077
v 59.62745 0.16154 -0.27788
v 59.84986 0.12916 -0.27487
v 60.02020 0.10437 -0.27257
v 59.84986 0.15189 -0.21435
v 60.02020 0.12696 -0.21257
v 59.84986 0.16768 -0.16116
v 60.02020 0.14266 -0.15983
v 59.62745 0.18445 -0.21667
v 59.62745 0.20036 -0.16289
v 60.27694 0.03733 -0.26760
v 60.27694 0.05957 -0.20872
v 60.27694 0.07504 -0.15696
v 60.48138 0.02119 -0.15467
v 60.67962 -0.17363 -0.46326
v 60.87156 -0.22235 -0.45652
v 60.87156 -0.18103 -0.38445
v 60.67962 -0.13175 -0.39010
v 61.05709 -0.26944 -0.45001
v 61.05709 -0.22865 -0.37899
v 61.23611 -0.27459 -0.37373
v 60.87156 -0.14623 -0.31734
v 60.67962 -0.09650 -0.32198
v 60.67962 -0.06778 -0.25981
v 60.87156 -0.11787 -0.25609
v 60.67962 -0.04611 -0.20268
v 60.67962 -0.03101 -0.15244
v 60.87156 -0.09647 -0.19979
v 60.87156 -0.08155 -0.15029
v 61.23611 -0.24066 -0.30853
v 61.05709 -0.19429 -0.31286
v 61.05709 -0.16629 -0.25249
v 61.23611 -0.21300 -0.24902
v 61.40856 -0.28532 -0.30436
v 61.40856 -0.25799 -0.24567
v 61.05709 -0.14514 -0.19700
v 61.23611 -0.19211 -0.19431
v 61.23611 -0.17754 -0.14619
v 61.40856 -0.23735 -0.19171
v 61.40856 -0.22294 -0.14424
v 61.05709 -0.13040 -0.14820
v 59.62745 -0.01715 -0.09048
v 60.02020 -0.07058 -0.08824
v 59.84986 -0.04741 -0.08921
v 59.84986 0.00330 -0.05741
v 60.02020 -0.02027 -0.05675
v 60.27694 -0.18985 -0.12406
v 60.48138 -0.23974 -0.12179
v 60.48138 -0.18493 -0.08455
v 60.27694 -0.13424 -0.08618
v 60.27694 -0.08481 -0.05536
v 60.27694 -0.04171 -0.03189
v 60.48138 -0.13621 -0.05426
v 60.48138 -0.09373 -0.03121
v 60.27694 -0.00440 -0.01797
v 60.48138 -0.05696 -0.01754
v 60.48138 -0.02635 -0.01243
v 60.48138 -0.00193 -0.01612
v 59.62745 0.03408 -0.05826
v 59.62745 0.07876 -0.03370
v 59.84986 0.04753 -0.03317
v 60.02020 0.02361 -0.03277
v 60.02020 0.15161 -0.11517
v 60.02020 0.15883 -0.09374
v 60.02020 0.16576 -0.10002
v 59.84986 0.16912 -0.05063
v 60.02020 0.14417 -0.05021
v 59.62745 0.11746 -0.01907
v 59.62745 0.14970 -0.01348
v 59.84986 0.08583 -0.01875
v 60.02020 0.06160 -0.01850
v 60.02020 0.09324 -0.01309
v 59.84986 0.11773 -0.01326
v 59.84986 0.14319 -0.01698
v 60.02020 0.11849 -0.01681
v 59.62745 0.20940 -0.11735
v 59.62745 0.22381 -0.10191
v 59.62745 0.21672 -0.09550
v 59.62745 0.20169 -0.05118
v 59.84986 0.17667 -0.11611
v 59.84986 0.18393 -0.09450
v 59.84986 0.19093 -0.10084
v 59.62745 0.17544 -0.01719
v 60.27694 0.08387 -0.11311
v 60.27694 0.09097 -0.09206
v 60.27694 0.07662 -0.04927
v 60.27694 0.09776 -0.09821
v 60.48138 0.02993 -0.11146
v 60.48138 0.04361 -0.09676
v 60.48138 0.03694 -0.09071
v 60.48138 0.02284 -0.04852
v 60.27694 0.02667 -0.01272
v 60.27694 0.05145 -0.01643
v 60.67962 -0.28811 -0.11960
v 60.67962 -0.23407 -0.08298
v 60.67962 -0.18604 -0.05320
v 60.67962 -0.14416 -0.03055
v 60.87156 -0.28165 -0.08147
v 60.87156 -0.23428 -0.05218
v 60.87156 -0.19299 -0.02991
v 60.87156 -0.15725 -0.01675
v 60.67962 -0.02237 -0.10987
v 60.67962 -0.01545 -0.08941
v 60.67962 -0.00889 -0.09536
v 60.67962 -0.02931 -0.04780
v 60.87156 -0.07300 -0.10832
v 60.87156 -0.06617 -0.08815
v 60.87156 -0.07981 -0.04710
v 60.87156 -0.05971 -0.09400
v 60.67962 -0.10792 -0.01714
v 60.67962 -0.07775 -0.01215
v 60.67962 -0.05370 -0.01583
v 60.87156 -0.12751 -0.01189
v 60.87156 -0.10381 -0.01555
v 61.05709 -0.28091 -0.05121
v 61.05709 -0.24018 -0.02931
v 61.23611 -0.28572 -0.02873
v 61.23611 -0.16916 -0.10538
v 61.23611 -0.16251 -0.08575
v 61.23611 -0.15625 -0.09141
v 61.23611 -0.17571 -0.04576
v 61.40856 -0.22107 -0.04513
v 61.40856 -0.21465 -0.10399
v 61.40856 -0.20191 -0.09019
v 61.40856 -0.20807 -0.08461
v 61.23611 -0.25096 -0.01603
v 61.23611 -0.22204 -0.01138
v 61.05709 -0.20494 -0.01638
v 61.05709 -0.17562 -0.01163
v 61.05709 -0.15225 -0.01528
v 61.23611 -0.19899 -0.01502
v 61.40856 -0.29528 -0.01569
v 61.40856 -0.26674 -0.01115
v 61.40856 -0.24401 -0.01477
v 61.05709 -0.12194 -0.10683
v 61.05709 -0.10884 -0.09268
v 61.05709 -0.11520 -0.08693
v 61.05709 -0.12861 -0.04642
f 18 2 1
f 1 3 20
f 3 7 56
f 2 3 1
f 2 4 3
f 4 7 3
f 4 8 7
f 5 4 2
f 5 6 4
f 6 8 4
f 6 9 8
f 8 10 7
f 8 11 10
f 9 11 8
f 18 5 2
f 18 26 5
f 9 14 11
f 11 12 10
f 11 13 12
f 13 16 12
f 14 13 11
f 14 15 13
f 15 17 13
f 13 17 16
f 17 22 16
f 17 23 22
f 15 24 17
f 24 23 17
f 1 20 18
f 3 56 20
f 7 10 62
f 18 21 19
f 18 20 21
f 19 21 55
f 20 57 21
f 7 62 56
f 10 12 64
f 12 16 68
f 10 64 62
f 12 68 64
f 16 22 70
f 24 25 23
f 26 6 5
f 26 27 6
f 27 9 6
f 27 28 9
f 18 29 26
f 29 27 26
f 30 28 27
f 28 14 9
f 28 31 14
f 32 31 28
f 29 30 27
f 30 32 28
f 105 30 29
f 31 15 14
f 31 33 15
f 18 105 29
f 106 32 30
f 32 36 31
f 107 36 32
f 18 111 105
f 33 24 15
f 36 33 31
f 37 34 33
f 34 25 24
f 33 34 24
f 34 35 25
f 38 35 34
f 36 37 33
f 108 37 36
f 37 38 34
f 109 38 37
f 38 39 35
f 110 39 38
f 22 40 85
f 40 43 89
f 23 40 22
f 23 41 40
f 41 43 40
f 25 41 23
f 25 42 41
f 42 44 41
f 41 44 43
f 44 46 43
f 42 45 44
f 45 47 44
f 44 47 46
f 47 49 46
f 47 50 49
f 45 48 47
f 48 50 47
f 48 86 50
f 50 138 49
f 35 42 25
f 35 51 42
f 51 45 42
f 39 51 35
f 53 52 51
f 51 52 45
f 52 48 45
f 100 101 52
f 39 53 51
f 113 53 39
f 53 100 52
f 52 101 48
f 101 86 48
f 19 55 54
f 20 56 57
f 21 57 58
f 21 58 55
f 54 55 60
f 54 60 59
f 55 58 61
f 56 63 57
f 56 62 63
f 57 66 58
f 57 63 66
f 55 61 60
f 58 76 61
f 58 66 76
f 59 60 74
f 59 74 73
f 60 61 75
f 62 65 63
f 62 64 65
f 16 70 68
f 63 65 67
f 63 67 66
f 64 69 65
f 65 71 67
f 66 67 77
f 66 77 76
f 64 68 69
f 65 69 71
f 68 72 69
f 68 70 72
f 69 78 71
f 69 72 78
f 67 71 79
f 60 75 74
f 73 74 177
f 61 76 81
f 61 81 75
f 74 75 178
f 75 81 181
f 67 79 77
f 71 80 79
f 71 78 80
f 76 77 82
f 76 82 81
f 77 79 83
f 77 83 82
f 81 82 182
f 79 80 176
f 79 176 83
f 73 177 84
f 211 18 19
f 211 19 54
f 74 178 177
f 211 54 59
f 22 85 70
f 40 89 85
f 70 87 72
f 70 85 87
f 43 94 89
f 43 46 94
f 46 49 97
f 46 97 94
f 49 138 148
f 50 139 138
f 86 139 50
f 86 140 139
f 72 87 88
f 72 88 78
f 85 90 87
f 87 91 88
f 78 88 92
f 78 92 80
f 85 89 90
f 87 90 91
f 89 95 90
f 90 96 91
f 88 93 92
f 88 91 93
f 91 192 93
f 80 92 190
f 80 190 176
f 89 94 95
f 90 95 96
f 49 148 97
f 94 98 95
f 94 97 98
f 95 98 99
f 95 99 96
f 91 96 192
f 96 99 193
f 97 149 98
f 97 148 149
f 98 149 223
f 98 223 99
f 126 100 53
f 127 103 100
f 101 102 86
f 103 102 101
f 102 140 86
f 102 152 140
f 104 152 102
f 100 103 101
f 103 104 102
f 128 104 103
f 104 154 152
f 129 154 104
f 105 106 30
f 106 107 32
f 18 115 111
f 107 108 36
f 111 106 105
f 112 107 106
f 111 112 106
f 112 114 107
f 114 108 107
f 114 118 108
f 108 109 37
f 109 110 38
f 110 113 39
f 118 109 108
f 18 288 115
f 119 110 109
f 118 119 109
f 120 113 110
f 119 120 110
f 120 121 113
f 115 112 111
f 116 114 112
f 117 118 114
f 115 116 112
f 116 117 114
f 117 122 118
f 122 119 118
f 123 120 119
f 124 121 120
f 122 123 119
f 123 124 120
f 18 295 288
f 124 125 121
f 113 126 53
f 126 127 100
f 121 126 113
f 130 127 126
f 121 130 126
f 131 128 127
f 130 131 127
f 127 128 103
f 128 129 104
f 129 170 154
f 134 129 128
f 131 134 128
f 134 135 129
f 135 170 129
f 135 174 170
f 125 130 121
f 132 131 130
f 133 134 131
f 125 132 130
f 132 133 131
f 136 135 134
f 137 174 135
f 133 136 134
f 136 137 135
f 137 270 174
f 138 141 224
f 139 141 138
f 139 142 141
f 140 142 139
f 140 143 142
f 142 144 141
f 143 145 142
f 142 145 144
f 145 147 144
f 143 146 145
f 146 150 145
f 145 150 147
f 146 151 150
f 138 224 148
f 141 229 224
f 141 144 229
f 144 147 232
f 144 232 229
f 152 143 140
f 152 153 143
f 154 153 152
f 153 146 143
f 155 156 153
f 154 155 153
f 170 155 154
f 153 156 146
f 156 151 146
f 171 158 155
f 158 157 156
f 156 157 151
f 155 158 156
f 158 159 157
f 147 160 243
f 150 160 147
f 150 161 160
f 151 161 150
f 151 162 161
f 161 163 160
f 162 164 161
f 161 164 163
f 162 168 164
f 164 165 163
f 168 242 164
f 164 242 165
f 168 254 242
f 157 162 151
f 157 166 162
f 159 166 157
f 166 168 162
f 166 169 168
f 159 167 166
f 167 169 166
f 167 256 169
f 169 254 168
f 170 171 155
f 174 171 170
f 174 175 171
f 175 172 171
f 171 172 158
f 172 159 158
f 172 173 159
f 272 173 172
f 175 272 172
f 270 175 174
f 173 167 159
f 173 275 167
f 82 83 183
f 83 176 184
f 84 177 180
f 177 178 185
f 75 181 178
f 178 181 186
f 211 59 73
f 84 180 179
f 177 185 180
f 211 73 84
f 178 186 185
f 81 182 181
f 82 183 182
f 83 184 183
f 181 182 187
f 182 183 188
f 183 184 189
f 181 187 186
f 182 188 187
f 183 189 188
f 92 191 190
f 176 190 196
f 92 93 191
f 93 194 191
f 190 191 197
f 96 193 192
f 99 223 227
f 99 227 193
f 93 192 194
f 192 193 195
f 192 195 194
f 193 227 234
f 193 234 195
f 176 196 184
f 190 197 196
f 191 194 199
f 184 196 198
f 191 199 197
f 184 198 189
f 196 197 201
f 196 201 198
f 197 202 201
f 194 195 200
f 194 200 199
f 195 234 241
f 195 241 200
f 197 199 202
f 199 200 203
f 199 203 202
f 200 241 259
f 200 259 203
f 179 180 205
f 211 84 179
f 180 185 206
f 179 205 204
f 180 206 205
f 185 186 207
f 185 207 206
f 18 211 474
f 211 179 204
f 186 187 208
f 187 188 209
f 188 189 210
f 204 205 212
f 205 206 213
f 206 207 214
f 186 208 207
f 187 209 208
f 188 210 209
f 207 208 215
f 208 209 216
f 209 210 217
f 18 474 481
f 204 212 211
f 205 213 212
f 206 214 213
f 211 212 475
f 18 481 496
f 212 213 476
f 211 475 474
f 212 476 475
f 213 214 477
f 207 215 214
f 208 216 215
f 209 217 216
f 214 215 478
f 215 216 479
f 189 198 218
f 189 218 210
f 198 201 219
f 198 219 218
f 201 220 219
f 201 202 220
f 202 203 221
f 202 221 220
f 203 259 281
f 210 218 222
f 218 219 459
f 203 281 221
f 219 220 460
f 220 221 461
f 221 281 463
f 210 222 217
f 218 459 222
f 219 460 459
f 220 461 460
f 148 225 149
f 148 224 225
f 149 226 223
f 149 225 226
f 223 226 228
f 224 230 225
f 225 231 226
f 223 228 227
f 226 237 228
f 227 228 235
f 224 229 230
f 225 230 231
f 229 233 230
f 230 236 231
f 226 231 237
f 229 232 233
f 230 233 236
f 227 235 234
f 228 239 235
f 231 238 237
f 231 236 238
f 228 237 239
f 237 238 240
f 237 240 239
f 234 235 258
f 234 258 241
f 235 261 258
f 235 239 261
f 147 243 232
f 160 163 247
f 232 244 233
f 232 243 244
f 160 247 243
f 163 250 247
f 163 165 250
f 242 346 165
f 254 347 242
f 233 245 236
f 233 244 245
f 236 245 246
f 236 246 238
f 243 248 244
f 244 249 245
f 243 247 248
f 244 248 249
f 245 253 246
f 245 249 253
f 238 246 263
f 238 263 240
f 165 368 250
f 247 251 248
f 248 252 249
f 247 250 251
f 248 251 252
f 250 369 251
f 249 252 265
f 249 265 253
f 255 352 254
f 169 255 254
f 256 255 169
f 256 257 255
f 257 353 255
f 241 258 260
f 241 260 259
f 258 283 260
f 239 262 261
f 239 240 262
f 258 261 283
f 261 284 283
f 261 262 284
f 246 253 264
f 246 264 263
f 251 370 252
f 253 267 264
f 253 265 267
f 252 371 265
f 265 380 267
f 240 263 266
f 240 266 262
f 263 264 268
f 263 268 266
f 262 266 286
f 264 269 268
f 264 267 269
f 262 286 284
f 266 268 287
f 266 287 286
f 267 381 269
f 268 269 468
f 268 468 287
f 269 548 468
f 272 273 173
f 271 272 175
f 270 271 175
f 274 273 272
f 271 274 272
f 274 322 273
f 275 256 167
f 275 276 256
f 273 275 173
f 273 278 275
f 278 276 275
f 278 279 276
f 276 257 256
f 276 277 257
f 277 354 257
f 279 277 276
f 280 393 277
f 322 278 273
f 328 279 278
f 322 328 278
f 328 329 279
f 279 280 277
f 329 280 279
f 330 396 280
f 329 330 280
f 259 260 282
f 259 282 281
f 260 285 282
f 281 282 464
f 260 283 285
f 283 284 462
f 283 462 285
f 284 286 467
f 286 287 469
f 284 467 462
f 288 116 115
f 289 117 116
f 288 289 116
f 289 290 117
f 290 122 117
f 290 291 122
f 18 310 295
f 291 123 122
f 292 124 123
f 293 125 124
f 291 292 123
f 292 293 124
f 293 294 125
f 295 289 288
f 296 290 289
f 295 296 289
f 297 291 290
f 294 132 125
f 302 133 132
f 303 136 133
f 294 302 132
f 18 633 310
f 296 297 290
f 297 298 291
f 298 292 291
f 299 293 292
f 298 299 292
f 300 294 293
f 299 300 293
f 300 301 294
f 18 640 633
f 302 303 133
f 304 137 136
f 305 270 137
f 303 304 136
f 304 305 137
f 305 321 270
f 301 302 294
f 306 303 302
f 307 304 303
f 301 306 302
f 306 307 303
f 308 305 304
f 309 321 305
f 307 308 304
f 308 309 305
f 309 326 321
f 310 296 295
f 311 297 296
f 312 298 297
f 310 311 296
f 311 312 297
f 313 299 298
f 312 313 298
f 18 659 640
f 314 300 299
f 315 301 300
f 313 314 299
f 314 315 300
f 315 316 301
f 633 311 310
f 634 312 311
f 635 313 312
f 633 634 311
f 636 314 313
f 637 315 314
f 316 306 301
f 317 307 306
f 318 308 307
f 316 317 306
f 317 318 307
f 319 309 308
f 320 326 309
f 318 319 308
f 634 635 312
f 635 636 313
f 18 711 659
f 638 316 315
f 636 637 314
f 637 638 315
f 638 639 316
f 319 320 309
f 320 336 326
f 639 317 316
f 647 318 317
f 648 319 318
f 639 647 317
f 647 648 318
f 649 320 319
f 648 649 319
f 649 650 320
f 650 336 320
f 650 651 336
f 321 271 270
f 323 274 271
f 321 323 271
f 324 322 274
f 323 324 274
f 324 325 322
f 326 323 321
f 327 324 323
f 326 327 323
f 334 325 324
f 327 334 324
f 334 335 325
f 325 328 322
f 331 329 328
f 325 331 328
f 331 332 329
f 332 330 329
f 333 433 330
f 332 333 330
f 335 331 325
f 340 332 331
f 335 340 331
f 340 341 332
f 341 333 332
f 342 436 333
f 341 342 333
f 336 327 326
f 337 334 327
f 336 337 327
f 338 335 334
f 337 338 334
f 338 339 335
f 651 337 336
f 651 652 337
f 652 338 337
f 653 339 338
f 339 340 335
f 339 343 340
f 343 341 340
f 343 344 341
f 344 342 341
f 345 443 342
f 344 345 342
f 654 343 339
f 674 344 343
f 675 345 344
f 676 446 345
f 242 347 346
f 254 352 347
f 347 348 346
f 165 346 368
f 352 349 347
f 347 349 348
f 352 355 349
f 349 350 348
f 355 351 349
f 349 351 350
f 346 372 368
f 346 348 372
f 348 375 372
f 348 350 375
f 255 353 352
f 353 355 352
f 353 356 355
f 257 354 353
f 354 356 353
f 354 359 356
f 356 357 355
f 355 357 351
f 356 358 357
f 359 358 356
f 359 360 358
f 351 361 350
f 357 362 351
f 351 362 361
f 350 361 385
f 362 363 361
f 362 364 363
f 358 365 357
f 357 365 362
f 358 366 365
f 360 366 358
f 360 399 366
f 365 364 362
f 365 367 364
f 366 367 365
f 366 392 367
f 399 392 366
f 399 401 392
f 250 368 369
f 251 369 370
f 252 370 371
f 368 373 369
f 368 372 373
f 369 374 370
f 369 373 374
f 370 374 378
f 265 371 380
f 370 378 371
f 372 376 373
f 373 377 374
f 372 375 376
f 373 376 377
f 374 377 379
f 374 379 378
f 371 382 380
f 371 378 382
f 378 383 382
f 378 379 383
f 267 380 381
f 380 382 384
f 380 384 381
f 269 381 548
f 382 542 384
f 382 383 542
f 350 385 375
f 375 386 376
f 361 389 385
f 361 363 389
f 364 405 363
f 375 385 386
f 376 387 377
f 376 386 387
f 377 388 379
f 377 387 388
f 379 388 544
f 385 390 386
f 363 561 389
f 386 391 387
f 385 389 390
f 386 390 391
f 389 562 390
f 390 563 391
f 387 543 388
f 387 391 543
f 367 407 364
f 392 408 367
f 401 409 392
f 379 544 383
f 277 393 354
f 393 359 354
f 393 394 359
f 396 394 393
f 394 360 359
f 394 395 360
f 397 395 394
f 280 396 393
f 396 397 394
f 330 433 396
f 433 397 396
f 433 434 397
f 397 398 395
f 434 398 397
f 434 435 398
f 395 399 360
f 395 400 399
f 398 400 395
f 400 401 399
f 398 403 400
f 435 403 398
f 402 421 401
f 400 402 401
f 403 402 400
f 403 404 402
f 404 422 402
f 439 404 403
f 440 425 404
f 364 407 405
f 407 406 405
f 363 405 561
f 405 406 565
f 405 565 561
f 406 413 573
f 367 408 407
f 392 409 408
f 408 410 407
f 407 410 406
f 408 411 410
f 409 411 408
f 401 421 409
f 409 412 411
f 421 412 409
f 410 413 406
f 411 414 410
f 412 415 411
f 423 416 412
f 410 414 413
f 411 415 414
f 412 416 415
f 414 417 413
f 415 418 414
f 416 419 415
f 414 418 417
f 415 419 418
f 427 420 416
f 416 420 419
f 418 813 417
f 419 814 418
f 420 815 419
f 421 423 412
f 422 423 421
f 402 422 421
f 422 424 423
f 423 427 416
f 424 427 423
f 424 428 427
f 404 425 422
f 425 424 422
f 425 426 424
f 451 426 425
f 426 428 424
f 426 430 428
f 427 429 420
f 428 429 427
f 428 431 429
f 429 816 420
f 429 847 816
f 431 847 429
f 431 849 847
f 430 431 428
f 430 432 431
f 432 849 431
f 333 436 433
f 436 434 433
f 436 437 434
f 437 435 434
f 437 438 435
f 443 437 436
f 342 443 436
f 443 444 437
f 444 438 437
f 435 439 403
f 438 439 435
f 439 440 404
f 441 440 439
f 442 451 440
f 438 441 439
f 445 441 438
f 441 442 440
f 449 442 441
f 450 453 442
f 444 445 438
f 446 444 443
f 447 445 444
f 345 446 443
f 446 447 444
f 749 447 446
f 447 448 445
f 445 449 441
f 448 449 445
f 449 450 442
f 601 450 449
f 448 601 449
f 601 602 450
f 602 458 450
f 440 451 425
f 451 452 426
f 453 452 451
f 452 430 426
f 452 455 430
f 454 455 452
f 442 453 451
f 453 454 452
f 458 454 453
f 454 457 455
f 455 432 430
f 455 456 432
f 456 850 432
f 457 456 455
f 450 458 453
f 458 610 454
f 610 457 454
f 213 477 476
f 214 478 477
f 216 217 480
f 217 222 486
f 222 459 487
f 221 463 461
f 459 460 488
f 460 461 489
f 461 463 506
f 281 464 463
f 282 465 464
f 463 464 507
f 282 285 465
f 285 462 466
f 285 466 465
f 464 465 508
f 465 466 509
f 286 469 467
f 287 468 470
f 287 470 469
f 468 551 470
f 462 467 471
f 462 471 466
f 467 469 472
f 469 470 473
f 467 472 471
f 466 471 514
f 469 473 472
f 470 552 473
f 18 496 520
f 474 475 482
f 475 476 483
f 476 477 484
f 215 479 478
f 216 480 479
f 474 482 481
f 475 483 482
f 476 484 483
f 477 478 485
f 477 485 484
f 478 479 490
f 479 480 491
f 478 490 485
f 18 520 687
f 479 491 490
f 217 486 480
f 222 487 486
f 459 488 487
f 480 486 492
f 486 487 493
f 460 489 488
f 461 506 489
f 487 488 494
f 488 489 495
f 489 506 510
f 480 492 491
f 486 493 492
f 481 482 497
f 482 483 498
f 483 484 499
f 484 485 500
f 485 490 501
f 490 491 502
f 487 494 493
f 491 492 503
f 492 493 504
f 488 495 494
f 489 510 495
f 493 494 505
f 494 495 527
f 495 510 532
f 481 497 496
f 482 498 497
f 18 687 698
f 483 499 498
f 484 500 499
f 485 501 500
f 496 497 521
f 497 498 522
f 498 499 523
f 490 502 501
f 499 500 524
f 500 501 525
f 18 698 1195
f 491 503 502
f 492 504 503
f 493 505 504
f 494 527 505
f 495 532 527
f 463 507 506
f 464 508 507
f 465 509 508
f 466 514 509
f 471 472 515
f 472 473 516
f 506 507 511
f 507 508 512
f 508 509 513
f 506 511 510
f 507 512 511
f 508 513 512
f 510 511 533
f 511 512 534
f 512 513 535
f 471 515 514
f 509 514 517
f 472 516 515
f 473 593 516
f 509 517 513
f 514 515 518
f 515 516 519
f 514 518 517
f 515 519 518
f 516 596 519
f 510 533 532
f 511 534 533
f 513 517 539
f 517 518 540
f 501 502 526
f 496 521 520
f 497 522 521
f 498 523 522
f 499 524 523
f 500 525 524
f 501 526 525
f 502 503 528
f 503 504 529
f 504 505 530
f 505 527 531
f 502 528 526
f 503 529 528
f 504 530 529
f 505 531 530
f 527 532 536
f 527 536 531
f 512 535 534
f 532 533 537
f 533 534 538
f 534 535 700
f 532 537 536
f 533 538 537
f 534 700 538
f 513 539 535
f 517 540 539
f 518 519 541
f 518 541 540
f 519 615 541
f 535 539 705
f 539 540 706
f 535 705 700
f 539 706 705
f 540 541 707
f 540 707 706
f 541 773 707
f 381 384 549
f 384 542 550
f 388 543 546
f 391 564 543
f 383 544 545
f 383 545 542
f 542 545 555
f 388 546 544
f 544 546 547
f 543 569 546
f 544 547 545
f 546 570 547
f 468 548 551
f 381 549 548
f 548 549 553
f 548 553 551
f 384 550 549
f 549 550 554
f 549 554 553
f 470 551 552
f 551 553 558
f 551 558 552
f 553 554 559
f 553 559 558
f 542 555 550
f 545 547 556
f 550 555 557
f 550 557 554
f 545 556 555
f 547 583 556
f 555 556 560
f 555 560 557
f 554 557 597
f 556 585 560
f 554 597 559
f 557 560 598
f 557 598 597
f 560 605 598
f 389 561 562
f 390 562 563
f 561 566 562
f 561 565 566
f 562 566 567
f 391 563 564
f 562 567 563
f 563 567 568
f 563 568 564
f 565 574 566
f 565 573 574
f 406 573 565
f 566 575 567
f 566 574 575
f 567 575 576
f 567 576 568
f 543 564 569
f 546 569 570
f 564 571 569
f 564 568 571
f 569 572 570
f 569 571 572
f 568 580 571
f 568 576 580
f 571 580 587
f 571 587 572
f 413 417 577
f 413 577 573
f 417 813 827
f 573 578 574
f 573 577 578
f 574 579 575
f 575 581 576
f 574 578 579
f 575 579 581
f 417 827 577
f 577 828 578
f 578 829 579
f 579 833 581
f 577 827 828
f 578 828 829
f 418 814 813
f 419 815 814
f 420 816 815
f 576 582 580
f 576 581 582
f 579 829 833
f 580 589 587
f 580 582 589
f 581 834 582
f 581 833 834
f 582 858 589
f 582 834 858
f 547 570 583
f 570 572 584
f 570 584 583
f 556 583 585
f 432 850 849
f 583 584 586
f 572 587 588
f 572 588 584
f 584 588 591
f 583 586 585
f 560 585 605
f 585 586 606
f 584 591 586
f 586 591 608
f 587 589 590
f 587 590 588
f 589 858 859
f 589 859 590
f 588 592 591
f 588 590 592
f 591 592 609
f 590 862 592
f 590 859 862
f 473 552 593
f 552 558 594
f 552 594 593
f 558 559 595
f 558 595 594
f 516 593 596
f 593 594 603
f 593 603 596
f 594 595 614
f 594 614 603
f 559 597 599
f 559 599 595
f 597 598 600
f 597 600 599
f 598 607 600
f 595 599 618
f 595 618 614
f 599 600 619
f 456 921 850
f 457 604 456
f 604 921 456
f 604 924 921
f 585 606 605
f 598 605 607
f 605 606 622
f 605 622 607
f 586 608 606
f 606 608 623
f 600 607 625
f 606 623 622
f 591 609 608
f 608 609 624
f 592 952 609
f 592 862 952
f 610 612 457
f 602 611 458
f 611 610 458
f 611 762 610
f 762 612 610
f 762 765 612
f 612 604 457
f 612 613 604
f 613 924 604
f 613 930 924
f 765 613 612
f 765 766 613
f 766 930 613
f 766 1092 930
f 599 619 618
f 600 625 619
f 519 596 615
f 596 603 616
f 596 616 615
f 603 614 617
f 603 617 616
f 541 615 773
f 615 616 774
f 615 774 773
f 616 617 775
f 614 618 620
f 614 620 617
f 618 619 621
f 617 620 779
f 618 621 620
f 619 627 621
f 620 621 780
f 607 622 626
f 622 623 629
f 609 952 954
f 608 624 623
f 623 624 630
f 609 954 624
f 607 626 625
f 619 625 627
f 622 629 626
f 625 626 628
f 626 629 631
f 625 628 627
f 626 631 628
f 623 630 629
f 624 954 960
f 624 960 630
f 629 630 632
f 629 632 631
f 630 960 1116
f 630 1116 632
f 640 634 633
f 641 635 634
f 642 636 635
f 643 637 636
f 18 722 711
f 644 638 637
f 645 639 638
f 640 641 634
f 641 642 635
f 642 643 636
f 643 644 637
f 644 645 638
f 645 646 639
f 646 647 639
f 655 648 647
f 656 649 648
f 657 650 649
f 658 651 650
f 646 655 647
f 655 656 648
f 656 657 649
f 659 641 640
f 660 642 641
f 661 643 642
f 670 652 651
f 671 653 652
f 652 653 338
f 653 654 339
f 654 674 343
f 674 675 344
f 675 676 345
f 750 448 447
f 657 658 650
f 658 670 651
f 18 741 722
f 659 660 641
f 660 661 642
f 661 662 643
f 662 644 643
f 663 645 644
f 664 646 645
f 662 663 644
f 663 664 645
f 664 665 646
f 711 660 659
f 18 1420 741
f 712 661 660
f 713 662 661
f 714 663 662
f 715 664 663
f 716 665 664
f 665 655 646
f 666 656 655
f 667 657 656
f 665 666 655
f 666 667 656
f 668 658 657
f 669 670 658
f 667 668 657
f 668 669 658
f 669 678 670
f 717 666 665
f 718 667 666
f 719 668 667
f 720 669 668
f 721 678 669
f 672 654 653
f 670 671 652
f 671 672 653
f 672 673 654
f 673 674 654
f 677 675 674
f 673 677 674
f 677 682 675
f 682 676 675
f 683 749 676
f 682 683 676
f 678 671 670
f 679 672 671
f 678 679 671
f 680 673 672
f 679 680 672
f 680 681 673
f 733 679 678
f 681 677 673
f 684 682 677
f 681 684 677
f 685 683 682
f 686 754 683
f 684 685 682
f 685 686 683
f 734 680 679
f 735 681 680
f 736 684 681
f 520 521 688
f 521 522 689
f 18 1195 1217
f 522 523 690
f 520 688 687
f 521 689 688
f 522 690 689
f 523 524 691
f 524 525 692
f 525 526 693
f 523 691 690
f 526 528 694
f 528 529 695
f 529 530 696
f 524 692 691
f 525 693 692
f 18 1217 1235
f 687 688 699
f 688 689 1190
f 689 690 1191
f 687 699 698
f 688 1190 699
f 689 1191 1190
f 690 691 1192
f 691 692 1193
f 692 693 1194
f 690 1192 1191
f 691 1193 1192
f 692 1194 1193
f 526 694 693
f 528 695 694
f 529 696 695
f 530 531 697
f 531 536 701
f 530 697 696
f 531 701 697
f 693 694 1200
f 694 695 1201
f 693 1200 1194
f 694 1201 1200
f 695 696 1202
f 696 697 1203
f 697 701 1210
f 18 1235 1573
f 536 537 702
f 536 702 701
f 537 703 702
f 537 538 703
f 538 700 704
f 538 704 703
f 701 702 1211
f 702 703 1212
f 703 704 1213
f 700 705 708
f 700 708 704
f 705 706 709
f 706 707 710
f 705 709 708
f 704 708 1214
f 706 710 709
f 707 776 710
f 711 712 660
f 712 713 661
f 713 714 662
f 714 715 663
f 715 716 664
f 716 717 665
f 717 718 666
f 18 1435 1420
f 722 712 711
f 723 713 712
f 724 714 713
f 722 723 712
f 723 724 713
f 724 725 714
f 725 715 714
f 726 716 715
f 727 717 716
f 725 726 715
f 18 1589 1435
f 726 727 716
f 727 728 717
f 718 719 667
f 719 720 668
f 720 721 669
f 721 733 678
f 728 718 717
f 729 719 718
f 730 720 719
f 728 729 718
f 729 730 719
f 731 721 720
f 732 733 721
f 730 731 720
f 731 732 721
f 732 740 733
f 741 723 722
f 742 724 723
f 1415 725 724
f 1416 726 725
f 1417 727 726
f 1418 728 727
f 733 734 679
f 734 735 680
f 735 736 681
f 740 734 733
f 743 735 734
f 740 743 734
f 744 736 735
f 743 744 735
f 737 685 684
f 736 737 684
f 737 738 685
f 738 686 685
f 739 759 686
f 738 739 686
f 745 737 736
f 746 738 737
f 747 739 738
f 748 789 739
f 744 745 736
f 745 746 737
f 746 747 738
f 747 748 739
f 18 1600 1589
f 741 742 723
f 742 1415 724
f 1415 1416 725
f 1416 1417 726
f 1417 1418 727
f 1418 1419 728
f 1419 729 728
f 1423 730 729
f 1424 731 730
f 1425 732 731
f 1426 740 732
f 1419 1423 729
f 1423 1424 730
f 1424 1425 731
f 1425 1426 732
f 1426 1446 740
f 1446 743 740
f 1447 744 743
f 1446 1447 743
f 1448 745 744
f 1447 1448 744
f 1448 1449 745
f 1449 746 745
f 1450 747 746
f 1449 1450 746
f 1450 1451 747
f 1451 748 747
f 1452 804 748
f 1451 1452 748
f 676 749 446
f 749 750 447
f 750 751 448
f 754 750 749
f 683 754 749
f 754 755 750
f 755 751 750
f 755 756 751
f 751 601 448
f 751 752 601
f 752 602 601
f 753 611 602
f 752 753 602
f 756 752 751
f 757 753 752
f 756 757 752
f 758 763 753
f 759 755 754
f 760 756 755
f 686 759 754
f 759 760 755
f 760 761 756
f 761 757 756
f 757 758 753
f 761 792 757
f 792 758 757
f 793 769 758
f 792 793 758
f 763 762 611
f 753 763 611
f 763 764 762
f 764 765 762
f 764 767 765
f 769 764 763
f 770 767 764
f 767 766 765
f 768 1092 766
f 767 768 766
f 771 768 767
f 768 1094 1092
f 758 769 763
f 769 770 764
f 770 771 767
f 796 770 769
f 771 772 768
f 772 1094 768
f 793 796 769
f 796 797 770
f 797 771 770
f 797 800 771
f 772 1099 1094
f 800 772 771
f 801 1099 772
f 616 775 774
f 707 773 776
f 773 774 777
f 774 775 778
f 773 777 776
f 774 778 777
f 617 779 775
f 620 780 779
f 621 783 780
f 775 779 781
f 779 780 782
f 775 781 778
f 779 782 781
f 780 787 782
f 621 627 783
f 627 628 784
f 627 784 783
f 628 631 785
f 628 785 784
f 780 783 787
f 783 784 788
f 783 788 787
f 784 785 1267
f 784 1267 788
f 631 632 786
f 631 786 785
f 632 1116 1118
f 632 1118 786
f 785 786 1268
f 786 1118 1335
f 785 1268 1267
f 786 1335 1268
f 789 760 759
f 739 789 759
f 789 790 760
f 790 761 760
f 790 791 761
f 804 790 789
f 805 791 790
f 791 792 761
f 794 793 792
f 795 796 793
f 791 794 792
f 794 795 793
f 748 804 789
f 804 805 790
f 805 806 791
f 806 794 791
f 806 807 794
f 807 795 794
f 808 798 795
f 807 808 795
f 798 797 796
f 799 800 797
f 795 798 796
f 798 799 797
f 799 802 800
f 800 801 772
f 801 1127 1099
f 802 801 800
f 803 1127 801
f 802 803 801
f 803 1131 1127
f 809 799 798
f 808 809 798
f 810 802 799
f 809 810 799
f 810 811 802
f 811 803 802
f 812 1131 803
f 811 812 803
f 812 1495 1131
f 1467 805 804
f 1468 806 805
f 1469 807 806
f 1470 808 807
f 813 817 830
f 813 830 827
f 814 817 813
f 815 818 814
f 814 818 817
f 815 819 818
f 816 819 815
f 816 820 819
f 818 821 817
f 819 822 818
f 820 823 819
f 819 823 822
f 820 852 823
f 818 822 821
f 817 821 837
f 822 824 821
f 823 825 822
f 822 825 824
f 852 826 823
f 823 826 825
f 852 854 826
f 825 866 824
f 826 867 825
f 854 868 826
f 826 868 867
f 827 831 828
f 828 832 829
f 827 830 831
f 828 831 832
f 829 832 835
f 817 837 830
f 830 838 831
f 831 839 832
f 830 837 838
f 831 838 839
f 829 835 833
f 833 836 834
f 833 835 836
f 834 836 860
f 832 842 835
f 832 839 842
f 835 842 843
f 835 843 836
f 836 843 864
f 821 840 837
f 837 841 838
f 838 844 839
f 837 840 841
f 838 841 844
f 824 893 840
f 840 894 841
f 841 897 844
f 840 893 894
f 841 894 897
f 821 824 840
f 825 867 866
f 824 866 893
f 839 845 842
f 839 844 845
f 842 845 846
f 842 846 843
f 844 898 845
f 844 897 898
f 845 899 846
f 847 820 816
f 847 848 820
f 849 848 847
f 849 851 848
f 848 852 820
f 848 853 852
f 851 853 848
f 850 851 849
f 850 922 851
f 851 856 853
f 922 856 851
f 922 925 856
f 853 854 852
f 853 855 854
f 856 855 853
f 855 879 854
f 854 879 868
f 857 877 855
f 855 877 879
f 856 857 855
f 925 857 856
f 925 926 857
f 857 878 877
f 926 878 857
f 926 936 878
f 834 860 858
f 858 860 861
f 858 861 859
f 836 864 860
f 860 865 861
f 860 864 865
f 859 863 862
f 859 861 863
f 861 865 891
f 861 891 863
f 843 890 864
f 843 846 890
f 864 892 865
f 867 869 866
f 868 870 867
f 879 871 868
f 867 870 869
f 868 871 870
f 870 872 869
f 871 873 870
f 866 869 895
f 866 895 893
f 869 872 902
f 870 873 872
f 871 874 873
f 873 875 872
f 874 876 873
f 873 876 875
f 874 885 876
f 876 983 875
f 885 984 876
f 936 882 878
f 877 880 879
f 879 880 871
f 877 881 880
f 880 874 871
f 881 884 880
f 880 884 874
f 881 883 884
f 878 881 877
f 878 882 881
f 882 883 881
f 882 887 883
f 938 887 882
f 884 885 874
f 884 886 885
f 883 886 884
f 883 888 886
f 886 999 885
f 888 1000 886
f 940 889 887
f 887 888 883
f 887 889 888
f 889 981 888
f 845 898 899
f 864 890 892
f 846 910 890
f 846 899 910
f 890 913 892
f 890 910 913
f 865 892 957
f 865 957 891
f 892 965 957
f 892 913 965
f 893 896 894
f 893 895 896
f 895 903 896
f 894 900 897
f 897 901 898
f 894 896 900
f 897 900 901
f 898 911 899
f 898 901 911
f 869 902 895
f 896 904 900
f 900 905 901
f 895 902 903
f 896 903 904
f 901 915 911
f 900 904 905
f 901 905 915
f 872 906 902
f 872 875 906
f 902 907 903
f 903 908 904
f 902 906 907
f 903 907 908
f 904 908 909
f 904 909 905
f 905 909 917
f 875 986 906
f 906 987 907
f 907 988 908
f 908 989 909
f 899 912 910
f 899 911 912
f 910 912 914
f 911 916 912
f 911 915 916
f 912 916 919
f 910 914 913
f 913 966 965
f 913 914 966
f 912 919 914
f 914 969 966
f 914 919 969
f 905 917 915
f 915 917 918
f 915 918 916
f 916 918 920
f 916 920 919
f 909 1018 917
f 917 1021 918
f 919 920 970
f 918 1022 920
f 921 922 850
f 921 923 922
f 923 925 922
f 923 927 925
f 924 923 921
f 924 929 923
f 929 927 923
f 929 932 927
f 927 926 925
f 927 928 926
f 928 936 926
f 928 937 936
f 932 928 927
f 932 933 928
f 933 937 928
f 933 944 937
f 930 929 924
f 930 931 929
f 931 932 929
f 931 934 932
f 1092 931 930
f 1092 1093 931
f 1093 934 931
f 934 933 932
f 934 935 933
f 935 944 933
f 1096 935 934
f 935 946 944
f 1097 946 935
f 937 938 936
f 936 938 882
f 937 939 938
f 938 940 887
f 939 940 938
f 944 939 937
f 939 942 940
f 945 942 939
f 942 941 940
f 940 941 889
f 941 982 889
f 943 1050 941
f 942 943 941
f 948 943 942
f 949 1051 943
f 944 945 939
f 946 945 944
f 945 948 942
f 947 948 945
f 946 947 945
f 1104 947 946
f 947 950 948
f 948 949 943
f 950 949 948
f 950 951 949
f 951 1052 949
f 862 953 952
f 862 863 953
f 863 956 953
f 863 891 956
f 952 955 954
f 952 953 955
f 953 956 959
f 953 959 955
f 891 957 958
f 891 958 956
f 957 965 967
f 957 967 958
f 956 958 962
f 956 962 959
f 958 967 973
f 958 973 962
f 954 955 961
f 954 961 960
f 955 959 963
f 955 963 961
f 960 961 1117
f 959 962 964
f 959 964 963
f 960 1117 1116
f 961 963 1120
f 961 1120 1117
f 962 975 964
f 962 973 975
f 963 964 1121
f 963 1121 1120
f 964 975 1124
f 965 968 967
f 965 966 968
f 966 971 968
f 966 969 971
f 967 974 973
f 967 968 974
f 968 977 974
f 968 971 977
f 919 970 969
f 969 970 972
f 920 1065 970
f 969 972 971
f 971 972 978
f 970 1067 972
f 973 974 976
f 973 976 975
f 974 977 979
f 974 979 976
f 975 976 1125
f 976 979 1126
f 971 978 977
f 977 978 980
f 972 1077 978
f 977 980 979
f 978 1079 980
f 888 981 1000
f 889 982 981
f 876 984 983
f 875 983 986
f 984 985 983
f 983 990 986
f 983 985 990
f 985 1005 993
f 906 986 987
f 907 987 988
f 986 991 987
f 987 992 988
f 908 988 989
f 988 1019 989
f 986 990 991
f 987 991 992
f 990 995 991
f 985 993 990
f 988 992 1019
f 991 996 992
f 992 1027 1019
f 1005 1010 994
f 1005 994 993
f 1010 1291 994
f 1010 1025 1291
f 990 993 995
f 993 994 997
f 991 995 996
f 992 996 1027
f 993 997 995
f 995 997 998
f 995 998 996
f 996 1028 1027
f 996 998 1028
f 994 1292 997
f 997 1293 998
f 994 1291 1292
f 997 1292 1293
f 998 1293 1294
f 885 999 984
f 886 1000 999
f 1000 1002 999
f 999 1001 984
f 981 1003 1000
f 984 1001 985
f 999 1002 1001
f 1003 1007 1002
f 1000 1003 1002
f 1004 1011 1003
f 1001 1005 985
f 1002 1006 1001
f 982 1004 981
f 981 1004 1003
f 982 1054 1004
f 1054 1015 1004
f 1001 1006 1005
f 1002 1007 1006
f 1006 1010 1005
f 1007 1008 1006
f 1006 1008 1010
f 1007 1009 1008
f 1003 1011 1007
f 1011 1009 1007
f 1011 1012 1009
f 1008 1025 1010
f 1009 1026 1008
f 1008 1026 1025
f 1009 1013 1026
f 1012 1013 1009
f 1012 1014 1013
f 1004 1015 1011
f 1054 1057 1015
f 1057 1016 1015
f 1057 1058 1016
f 1015 1012 1011
f 1015 1016 1012
f 1016 1014 1012
f 1016 1017 1014
f 1058 1017 1016
f 1058 1061 1017
f 909 989 1018
f 989 1020 1018
f 917 1018 1021
f 1018 1023 1021
f 989 1019 1020
f 1018 1020 1023
f 1019 1029 1020
f 1020 1031 1023
f 918 1021 1022
f 920 1022 1065
f 1021 1024 1022
f 1021 1023 1024
f 1023 1033 1024
f 1019 1027 1029
f 1027 1028 1030
f 1027 1030 1029
f 1020 1029 1031
f 1029 1030 1032
f 998 1294 1028
f 1028 1294 1295
f 1028 1295 1030
f 1030 1295 1296
f 1023 1031 1033
f 1029 1032 1031
f 1031 1032 1034
f 1031 1034 1033
f 1030 1296 1032
f 1032 1315 1034
f 1032 1296 1315
f 1025 1297 1291
f 1017 1038 1014
f 1061 1039 1017
f 1013 1036 1026
f 1026 1035 1025
f 1026 1036 1035
f 1014 1037 1013
f 1013 1037 1036
f 1014 1038 1037
f 1036 1041 1035
f 1037 1040 1036
f 1037 1042 1040
f 1038 1042 1037
f 1025 1035 1297
f 1035 1041 1299
f 1036 1040 1041
f 1017 1039 1038
f 1038 1046 1042
f 1039 1046 1038
f 1080 1047 1039
f 1039 1047 1046
f 1040 1043 1041
f 1042 1045 1040
f 1040 1045 1043
f 1042 1044 1045
f 1044 2064 1045
f 1046 1044 1042
f 1047 1048 1046
f 1046 1048 1044
f 1048 2065 1044
f 1047 1049 1048
f 1049 2066 1048
f 941 1050 982
f 1050 1054 982
f 943 1051 1050
f 1051 1055 1050
f 1051 1056 1055
f 949 1052 1051
f 1052 1056 1051
f 1052 1072 1056
f 1053 1072 1052
f 951 1053 1052
f 1053 1143 1072
f 1055 1057 1054
f 1050 1055 1054
f 1056 1059 1055
f 1059 1058 1057
f 1055 1059 1057
f 1059 1060 1058
f 1060 1061 1058
f 1060 1064 1061
f 1062 1060 1059
f 1056 1062 1059
f 1062 1063 1060
f 1063 1064 1060
f 1063 1075 1064
f 1022 1066 1065
f 970 1065 1067
f 1022 1024 1066
f 1024 1069 1066
f 1065 1068 1067
f 972 1067 1077
f 1065 1066 1068
f 1066 1071 1068
f 1024 1033 1069
f 1033 1034 1070
f 1033 1070 1069
f 1034 1316 1070
f 1066 1069 1071
f 1069 1070 1317
f 1069 1317 1071
f 1072 1062 1056
f 1143 1073 1072
f 1073 1063 1062
f 1072 1073 1062
f 1073 1074 1063
f 1074 1075 1063
f 1074 1076 1075
f 1147 1074 1073
f 1143 1147 1073
f 1147 1148 1074
f 1148 1076 1074
f 1148 1149 1076
f 1067 1078 1077
f 1067 1068 1078
f 1068 1320 1078
f 978 1077 1079
f 1077 1319 1079
f 1077 1078 1319
f 1068 1071 1320
f 1061 1080 1039
f 1064 1080 1061
f 1064 1081 1080
f 1075 1081 1064
f 1075 1086 1081
f 1086 1084 1081
f 1080 1082 1047
f 1081 1082 1080
f 1081 1084 1082
f 1086 1088 1084
f 1082 1049 1047
f 1084 1083 1082
f 1082 1083 1049
f 1083 2043 1049
f 1085 2044 1083
f 1088 1085 1084
f 1084 1085 1083
f 1089 2045 1085
f 1076 1086 1075
f 1076 1087 1086
f 1087 1088 1086
f 1087 1090 1088
f 1149 1087 1076
f 1149 1157 1087
f 1157 1090 1087
f 1090 1089 1088
f 1088 1089 1085
f 1091 2046 1089
f 1159 1091 1090
f 1090 1091 1089
f 1161 2047 1091
f 1094 1093 1092
f 1093 1096 934
f 1095 1096 1093
f 1094 1095 1093
f 1095 1098 1096
f 1096 1097 935
f 1098 1097 1096
f 1097 1104 946
f 1098 1101 1097
f 1101 1104 1097
f 1101 1108 1104
f 1099 1095 1094
f 1099 1100 1095
f 1100 1098 1095
f 1100 1102 1098
f 1127 1100 1099
f 1128 1102 1100
f 1102 1101 1098
f 1102 1103 1101
f 1103 1108 1101
f 1129 1103 1102
f 1103 1110 1108
f 1104 1105 947
f 1105 950 947
f 1105 1106 950
f 1108 1105 1104
f 1108 1109 1105
f 1109 1106 1105
f 1109 1112 1106
f 1106 951 950
f 1106 1107 951
f 1107 1053 951
f 1112 1107 1106
f 1113 1144 1107
f 1110 1109 1108
f 1111 1112 1109
f 1110 1111 1109
f 1111 1114 1112
f 1112 1113 1107
f 1114 1113 1112
f 1114 1115 1113
f 1115 1145 1113
f 1116 1117 1119
f 1116 1119 1118
f 1117 1120 1122
f 1118 1119 1336
f 1117 1122 1119
f 964 1124 1121
f 1120 1121 1123
f 1121 1124 1339
f 1120 1123 1122
f 1121 1339 1123
f 1119 1122 1337
f 975 1125 1124
f 976 1126 1125
f 1124 1341 1339
f 1124 1125 1341
f 1125 1126 1344
f 979 980 1340
f 979 1340 1126
f 1127 1128 1100
f 1128 1129 1102
f 1131 1128 1127
f 1131 1132 1128
f 1132 1129 1128
f 1132 1133 1129
f 1129 1130 1103
f 1130 1110 1103
f 1130 1135 1110
f 1133 1130 1129
f 1134 1135 1130
f 1495 1132 1131
f 1496 1133 1132
f 1133 1134 1130
f 1134 1138 1135
f 1499 1134 1133
f 1135 1111 1110
f 1135 1136 1111
f 1136 1114 1111
f 1136 1137 1114
f 1138 1136 1135
f 1140 1137 1136
f 1137 1115 1114
f 1137 1139 1115
f 1139 1166 1115
f 1138 1140 1136
f 1495 1496 1132
f 1496 1499 1133
f 1499 1500 1134
f 1500 1138 1134
f 1500 1506 1138
f 1140 1141 1137
f 1506 1140 1138
f 1507 1141 1140
f 1141 1139 1137
f 1141 1142 1139
f 1142 1168 1139
f 1508 1142 1141
f 1509 1175 1142
f 1144 1143 1053
f 1107 1144 1053
f 1144 1146 1143
f 1145 1146 1144
f 1113 1145 1144
f 1115 1166 1145
f 1146 1147 1143
f 1153 1150 1146
f 1146 1150 1147
f 1150 1148 1147
f 1151 1149 1148
f 1150 1151 1148
f 1154 1151 1150
f 1151 1152 1149
f 1155 1152 1151
f 1145 1153 1146
f 1166 1153 1145
f 1167 1154 1153
f 1166 1167 1153
f 1153 1154 1150
f 1154 1155 1151
f 1155 1156 1152
f 1170 1155 1154
f 1167 1170 1154
f 1170 1171 1155
f 1171 1156 1155
f 1171 1172 1156
f 1152 1157 1149
f 1157 1159 1090
f 1158 1159 1157
f 1152 1158 1157
f 1158 1160 1159
f 1159 1161 1091
f 1160 1161 1159
f 1160 1162 1161
f 1162 2050 1161
f 1156 1158 1152
f 1156 1163 1158
f 1163 1160 1158
f 1163 1164 1160
f 1172 1163 1156
f 1181 1164 1163
f 1164 1162 1160
f 1165 2052 1162
f 1164 1165 1162
f 1182 1165 1164
f 1183 2053 1165
f 1168 1167 1166
f 1169 1170 1167
f 1139 1168 1166
f 1168 1169 1167
f 1173 1171 1170
f 1174 1172 1171
f 1169 1173 1170
f 1173 1174 1171
f 1174 1177 1172
f 1175 1169 1168
f 1142 1175 1168
f 1176 1173 1169
f 1175 1176 1169
f 1532 1176 1175
f 1178 1174 1173
f 1176 1178 1173
f 1179 1177 1174
f 1178 1179 1174
f 1179 1180 1177
f 1172 1181 1163
f 1181 1182 1164
f 1177 1181 1172
f 1177 1184 1181
f 1184 1182 1181
f 1184 1186 1182
f 1182 1183 1165
f 1186 1183 1182
f 1187 2057 1183
f 1186 1187 1183
f 1180 1184 1177
f 1185 1186 1184
f 1180 1185 1184
f 1185 1188 1186
f 1188 1187 1186
f 1189 2060 1187
f 1188 1189 1187
f 695 1202 1201
f 696 1203 1202
f 698 699 1196
f 699 1190 1197
f 1190 1191 1198
f 1191 1192 1199
f 1192 1193 1204
f 1193 1194 1205
f 698 1196 1195
f 699 1197 1196
f 1190 1198 1197
f 18 1573 1649
f 1191 1199 1198
f 1192 1204 1199
f 1193 1205 1204
f 697 1210 1203
f 1194 1200 1206
f 1200 1201 1207
f 1201 1202 1208
f 1202 1203 1209
f 1194 1206 1205
f 1200 1207 1206
f 1201 1208 1207
f 1203 1210 1224
f 1202 1209 1208
f 1203 1224 1209
f 708 709 1215
f 701 1211 1210
f 702 1212 1211
f 703 1213 1212
f 1210 1211 1225
f 1210 1225 1224
f 1211 1226 1225
f 1211 1212 1226
f 1212 1213 1227
f 1212 1227 1226
f 704 1214 1213
f 708 1215 1214
f 709 710 1216
f 709 1216 1215
f 710 1260 1216
f 1213 1214 1228
f 1214 1215 1229
f 1215 1216 1230
f 1213 1228 1227
f 1214 1229 1228
f 1215 1230 1229
f 1195 1196 1218
f 1196 1197 1219
f 1197 1198 1220
f 18 1649 1659
f 1198 1199 1221
f 1199 1204 1222
f 1204 1205 1223
f 1195 1218 1217
f 1196 1219 1218
f 1197 1220 1219
f 1198 1221 1220
f 1199 1222 1221
f 1204 1223 1222
f 18 1659 1681
f 1205 1206 1231
f 1206 1207 1232
f 1207 1208 1233
f 1208 1209 1234
f 1205 1231 1223
f 1206 1232 1231
f 1207 1233 1232
f 1209 1224 1246
f 1208 1234 1233
f 1209 1246 1234
f 1224 1225 1247
f 1225 1226 1248
f 1226 1227 1249
f 1224 1247 1246
f 1225 1248 1247
f 1226 1249 1248
f 1216 1270 1230
f 1227 1228 1250
f 1228 1229 1251
f 1229 1230 1252
f 1227 1250 1249
f 1228 1251 1250
f 1229 1252 1251
f 1230 1284 1252
f 1217 1218 1236
f 1218 1219 1237
f 1219 1220 1238
f 1220 1221 1239
f 1221 1222 1240
f 1222 1223 1241
f 1223 1231 1242
f 1231 1232 1243
f 1232 1233 1244
f 1233 1234 1245
f 1217 1236 1235
f 1218 1237 1236
f 1219 1238 1237
f 1220 1239 1238
f 1221 1240 1239
f 1222 1241 1240
f 18 1681 3205
f 1234 1246 1254
f 1223 1242 1241
f 1231 1243 1242
f 1232 1244 1243
f 1233 1245 1244
f 1234 1254 1245
f 1235 1236 1574
f 1236 1237 1575
f 1237 1238 1576
f 1235 1574 1573
f 1238 1239 1577
f 1239 1240 1578
f 1240 1241 1579
f 1236 1575 1574
f 1237 1576 1575
f 1238 1577 1576
f 1239 1578 1577
f 1241 1242 1580
f 1242 1243 1581
f 1243 1244 1647
f 1244 1245 1648
f 1245 1254 1582
f 1246 1247 1255
f 1247 1248 1256
f 1248 1249 1257
f 1246 1255 1254
f 1247 1256 1255
f 1248 1257 1256
f 1249 1250 1258
f 1250 1251 1259
f 1251 1252 1253
f 1250 1259 1258
f 1249 1258 1257
f 1251 1253 1259
f 1252 1287 1253
f 1254 1255 1583
f 1255 1256 1584
f 1256 1257 1585
f 1257 1258 1586
f 710 776 1260
f 776 777 1261
f 776 1261 1260
f 777 778 1262
f 777 1262 1261
f 1216 1260 1270
f 1260 1261 1271
f 1261 1262 1272
f 778 781 1263
f 778 1263 1262
f 781 782 1264
f 781 1264 1263
f 782 1265 1264
f 1262 1263 1273
f 782 787 1265
f 787 788 1266
f 788 1267 1269
f 787 1266 1265
f 788 1269 1266
f 1267 1268 1275
f 1267 1275 1269
f 1268 1335 1348
f 1268 1348 1275
f 1263 1264 1274
f 1260 1271 1270
f 1261 1272 1271
f 1230 1270 1284
f 1270 1271 1285
f 1270 1285 1284
f 1271 1272 1286
f 1271 1286 1285
f 1262 1273 1272
f 1263 1274 1273
f 1264 1276 1274
f 1272 1273 1289
f 1272 1289 1286
f 1273 1274 1290
f 1273 1290 1289
f 1274 1280 1290
f 1264 1265 1276
f 1265 1266 1277
f 1266 1269 1278
f 1269 1275 1279
f 1275 1348 1352
f 1265 1277 1276
f 1266 1278 1277
f 1274 1276 1280
f 1276 1277 1281
f 1269 1279 1278
f 1275 1352 1279
f 1276 1281 1280
f 1277 1278 1282
f 1277 1282 1281
f 1278 1279 1283
f 1278 1283 1282
f 1279 1352 1354
f 1279 1354 1283
f 1252 1284 1287
f 1284 1285 1288
f 1285 1286 1623
f 1284 1288 1287
f 1285 1623 1288
f 1286 1289 1624
f 1289 1290 1625
f 1286 1624 1623
f 1289 1625 1624
f 1290 1631 1625
f 1280 1281 1632
f 1290 1280 1631
f 1280 1632 1631
f 1281 1282 1633
f 1282 1283 1634
f 1283 1354 1853
f 1291 1298 1292
f 1292 1301 1293
f 1291 1297 1298
f 1292 1298 1301
f 1297 1300 1298
f 1297 1299 1300
f 1298 1300 1305
f 1293 1302 1294
f 1293 1301 1302
f 1294 1303 1295
f 1294 1302 1303
f 1035 1299 1297
f 1298 1305 1301
f 1301 1306 1302
f 1302 1311 1303
f 1301 1305 1306
f 1302 1306 1311
f 1295 1304 1296
f 1295 1303 1304
f 1296 1323 1315
f 1296 1304 1323
f 1303 1312 1304
f 1303 1311 1312
f 1304 1312 1325
f 1041 1307 1299
f 1041 1043 1307
f 1045 2063 1043
f 1299 1308 1300
f 1300 1309 1305
f 1305 1310 1306
f 1306 1313 1311
f 1043 2075 1307
f 1299 1307 1308
f 1300 1308 1309
f 1305 1309 1310
f 1307 2076 1308
f 1308 2077 1309
f 1306 1310 1313
f 1309 2078 1310
f 1311 1314 1312
f 1311 1313 1314
f 1310 2079 1313
f 1312 1314 1326
f 1313 2080 1314
f 1034 1315 1316
f 1070 1316 1318
f 1070 1318 1317
f 1078 1371 1319
f 1071 1317 1321
f 1071 1321 1320
f 1317 1318 1322
f 1317 1322 1321
f 1078 1320 1371
f 1320 1321 1372
f 1320 1372 1371
f 1321 1322 1373
f 1321 1373 1372
f 1315 1323 1324
f 1315 1324 1316
f 1304 1325 1323
f 1323 1325 1327
f 1323 1327 1324
f 1316 1324 1329
f 1316 1329 1318
f 1324 1327 1331
f 1324 1331 1329
f 1312 1326 1325
f 1325 1326 1328
f 1325 1328 1327
f 1327 1333 1331
f 1327 1328 1333
f 1314 2126 1326
f 1326 2127 1328
f 1318 1329 1330
f 1318 1330 1322
f 1329 1331 1332
f 1329 1332 1330
f 1322 1384 1373
f 1322 1330 1384
f 1330 1332 1386
f 1330 1386 1384
f 1331 1334 1332
f 1328 2136 1333
f 1331 1333 1334
f 1333 2137 1334
f 1332 1334 1387
f 1118 1336 1335
f 1119 1337 1336
f 1335 1336 1349
f 1336 1337 1350
f 1335 1349 1348
f 1336 1350 1349
f 1122 1123 1338
f 1122 1338 1337
f 1123 1339 1342
f 1123 1342 1338
f 1337 1338 1351
f 1338 1342 1358
f 1125 1344 1341
f 980 1369 1340
f 1126 1340 1345
f 1126 1345 1344
f 1340 1377 1345
f 1339 1341 1343
f 1339 1343 1342
f 1341 1344 1346
f 1341 1346 1343
f 1342 1343 1359
f 1344 1345 1347
f 1344 1347 1346
f 1345 1379 1347
f 1348 1349 1353
f 1349 1350 1356
f 1337 1351 1350
f 1338 1358 1351
f 1348 1353 1352
f 1349 1356 1353
f 1350 1351 1357
f 1350 1357 1356
f 1351 1358 1362
f 1351 1362 1357
f 1352 1353 1355
f 1352 1355 1354
f 1353 1356 1366
f 1353 1366 1355
f 1356 1357 1367
f 1357 1362 1368
f 1356 1367 1366
f 1357 1368 1367
f 1342 1359 1358
f 1343 1360 1359
f 1343 1346 1360
f 1346 1347 1361
f 1358 1359 1363
f 1358 1363 1362
f 1359 1360 1364
f 1346 1361 1360
f 1347 1393 1361
f 1360 1361 1365
f 1359 1364 1363
f 1362 1363 1861
f 1362 1861 1368
f 1363 1364 1864
f 1363 1864 1861
f 1360 1365 1364
f 1361 1401 1365
f 1364 1365 1865
f 1364 1865 1864
f 1365 1875 1865
f 980 1079 1369
f 1079 1370 1369
f 1079 1319 1370
f 1319 1374 1370
f 1340 1369 1377
f 1369 1370 1378
f 1319 1371 1374
f 1371 1372 1375
f 1371 1375 1374
f 1372 1376 1375
f 1372 1373 1376
f 1370 1374 1380
f 1374 1375 1381
f 1375 1376 1383
f 1369 1378 1377
f 1345 1377 1379
f 1370 1380 1378
f 1377 1382 1379
f 1377 1378 1382
f 1378 1395 1382
f 1374 1381 1380
f 1375 1383 1381
f 1378 1380 1395
f 1380 1381 1396
f 1380 1396 1395
f 1381 1383 1397
f 1381 1397 1396
f 1373 1384 1385
f 1373 1385 1376
f 1384 1386 1388
f 1384 1388 1385
f 1332 1387 1386
f 1334 2300 1387
f 1386 1387 1389
f 1386 1389 1388
f 1387 2301 1389
f 1376 1390 1383
f 1376 1385 1390
f 1385 1388 1391
f 1385 1391 1390
f 1383 1390 1405
f 1383 1405 1397
f 1390 1391 1407
f 1390 1407 1405
f 1388 1392 1391
f 1388 1389 1392
f 1389 2304 1392
f 1391 1392 1408
f 1347 1379 1393
f 1379 1394 1393
f 1379 1382 1394
f 1361 1393 1401
f 1382 1398 1394
f 1393 1394 1402
f 1382 1395 1398
f 1395 1396 1399
f 1396 1397 1400
f 1395 1399 1398
f 1396 1400 1399
f 1393 1402 1401
f 1394 1403 1402
f 1365 1401 1875
f 1401 1402 1876
f 1394 1398 1403
f 1398 1399 1404
f 1398 1404 1403
f 1399 1400 1409
f 1399 1409 1404
f 1397 1405 1406
f 1405 1407 1410
f 1397 1406 1400
f 1405 1410 1406
f 1391 1408 1407
f 1392 2348 1408
f 1400 1406 1411
f 1402 1403 1877
f 1403 1404 1878
f 1404 1409 1879
f 1407 1412 1410
f 1407 1408 1412
f 1408 2351 1412
f 1400 1411 1409
f 1406 1410 1413
f 1406 1413 1411
f 1409 1411 1886
f 1410 1412 1414
f 1410 1414 1413
f 1412 2352 1414
f 1420 742 741
f 18 1730 1600
f 1421 1415 742
f 1422 1416 1415
f 1427 1417 1416
f 1428 1418 1417
f 1429 1419 1418
f 1420 1421 742
f 1421 1422 1415
f 1422 1427 1416
f 1427 1428 1417
f 1428 1429 1418
f 1429 1430 1419
f 1430 1423 1419
f 1431 1424 1423
f 1432 1425 1424
f 1433 1426 1425
f 1434 1446 1426
f 1430 1431 1423
f 1431 1432 1424
f 18 1745 1730
f 1432 1433 1425
f 1433 1434 1426
f 1434 1453 1446
f 1435 1421 1420
f 1436 1422 1421
f 1437 1427 1422
f 1438 1428 1427
f 1439 1429 1428
f 1440 1430 1429
f 1435 1436 1421
f 1436 1437 1422
f 18 1766 1745
f 1437 1438 1427
f 1438 1439 1428
f 1439 1440 1429
f 1440 1441 1430
f 1441 1431 1430
f 1442 1432 1431
f 1443 1433 1432
f 1444 1434 1433
f 1445 1453 1434
f 1441 1442 1431
f 1442 1443 1432
f 1443 1444 1433
f 1444 1445 1434
f 1445 1457 1453
f 1453 1447 1446
f 1454 1448 1447
f 1455 1449 1448
f 1456 1450 1449
f 1460 1451 1450
f 1462 1452 1451
f 1461 1467 1452
f 1453 1454 1447
f 1454 1455 1448
f 1455 1456 1449
f 1456 1460 1450
f 1460 1462 1451
f 1462 1461 1452
f 1457 1454 1453
f 1458 1455 1454
f 1459 1456 1455
f 1457 1458 1454
f 1458 1459 1455
f 1459 1463 1456
f 1465 1461 1462
f 1463 1460 1456
f 1464 1462 1460
f 1466 1472 1461
f 1463 1464 1460
f 1464 1465 1462
f 1465 1466 1461
f 1589 1436 1435
f 1590 1437 1436
f 1591 1438 1437
f 1452 1467 804
f 1467 1468 805
f 1468 1469 806
f 1472 1468 1467
f 1472 1473 1468
f 1473 1469 1468
f 1469 1470 807
f 1471 809 808
f 1470 1471 808
f 1474 1470 1469
f 1475 1471 1470
f 1476 1477 1471
f 1461 1472 1467
f 1473 1474 1469
f 1474 1475 1470
f 1475 1476 1471
f 1485 1473 1472
f 1487 1474 1473
f 1466 1485 1472
f 1485 1487 1473
f 1487 1486 1474
f 1486 1475 1474
f 1489 1483 1476
f 1488 1476 1475
f 1477 810 809
f 1471 1477 809
f 1477 1478 810
f 1478 811 810
f 1478 1479 811
f 1483 1478 1477
f 1479 812 811
f 1480 1495 812
f 1479 1480 812
f 1480 1497 1495
f 1476 1483 1477
f 1483 1484 1478
f 1484 1479 1478
f 1484 1481 1479
f 1481 1480 1479
f 1481 1482 1480
f 1482 1497 1480
f 1482 1501 1497
f 1490 1484 1483
f 1491 1481 1484
f 1640 1486 1487
f 1488 1489 1476
f 1486 1488 1475
f 1641 1488 1486
f 1642 1489 1488
f 1643 1490 1489
f 1489 1490 1483
f 1490 1491 1484
f 1491 1493 1481
f 1644 1491 1490
f 1645 1493 1491
f 1493 1482 1481
f 1493 1492 1482
f 1492 1501 1482
f 1492 1515 1501
f 1646 1492 1493
f 1643 1644 1490
f 1644 1645 1491
f 1645 1646 1493
f 1646 1494 1492
f 1494 1515 1492
f 1494 1519 1515
f 1497 1496 1495
f 1498 1499 1496
f 1497 1498 1496
f 1498 1503 1499
f 1503 1500 1499
f 1503 1504 1500
f 1504 1506 1500
f 1504 1510 1506
f 1501 1498 1497
f 1502 1503 1498
f 1501 1502 1498
f 1502 1505 1503
f 1505 1504 1503
f 1514 1510 1504
f 1505 1514 1504
f 1514 1523 1510
f 1506 1507 1140
f 1507 1508 1141
f 1510 1507 1506
f 1511 1508 1507
f 1510 1511 1507
f 1511 1512 1508
f 1508 1509 1142
f 1512 1509 1508
f 1513 1532 1509
f 1523 1511 1510
f 1523 1524 1511
f 1524 1512 1511
f 1524 1525 1512
f 1512 1513 1509
f 1525 1513 1512
f 1525 1526 1513
f 1526 1537 1513
f 1515 1502 1501
f 1515 1516 1502
f 1516 1505 1502
f 1516 1517 1505
f 1517 1514 1505
f 1518 1523 1514
f 1517 1518 1514
f 1518 1527 1523
f 1519 1516 1515
f 1519 1520 1516
f 1520 1517 1516
f 1520 1521 1517
f 1521 1518 1517
f 1522 1527 1518
f 1521 1522 1518
f 1522 1529 1527
f 1527 1524 1523
f 1528 1525 1524
f 1527 1528 1524
f 1528 1530 1525
f 1530 1526 1525
f 1530 1531 1526
f 1531 1548 1526
f 1529 1528 1527
f 1564 1530 1528
f 1529 1564 1528
f 1564 1565 1530
f 1565 1531 1530
f 1565 1566 1531
f 1566 1553 1531
f 1509 1532 1175
f 1533 1178 1176
f 1532 1533 1176
f 1537 1533 1532
f 1538 1534 1533
f 1534 1179 1178
f 1533 1534 1178
f 1534 1535 1179
f 1535 1180 1179
f 1535 1536 1180
f 1539 1535 1534
f 1540 1536 1535
f 1513 1537 1532
f 1537 1538 1533
f 1548 1538 1537
f 1549 1539 1538
f 1538 1539 1534
f 1539 1540 1535
f 1540 1541 1536
f 1550 1540 1539
f 1551 1541 1540
f 1536 1185 1180
f 1536 1542 1185
f 1542 1188 1185
f 1542 1543 1188
f 1543 1189 1188
f 1544 2790 1189
f 1543 1544 1189
f 1541 1542 1536
f 1541 1545 1542
f 1545 1543 1542
f 1545 1546 1543
f 1552 1545 1541
f 1558 1546 1545
f 1546 1544 1543
f 1547 2791 1544
f 1546 1547 1544
f 1559 1547 1546
f 1526 1548 1537
f 1548 1549 1538
f 1553 1549 1548
f 1531 1553 1548
f 1554 1550 1549
f 1553 1554 1549
f 1549 1550 1539
f 1550 1551 1540
f 1551 1552 1541
f 1555 1551 1550
f 1556 1552 1551
f 1567 1554 1553
f 1566 1567 1553
f 1568 1555 1554
f 1567 1568 1554
f 1554 1555 1550
f 1555 1556 1551
f 1556 1557 1552
f 1569 1556 1555
f 1570 1557 1556
f 1552 1558 1545
f 1558 1559 1546
f 1557 1558 1552
f 1561 1559 1558
f 1560 2795 1547
f 1559 1560 1547
f 1562 1560 1559
f 1563 2797 1560
f 1557 1561 1558
f 1561 1562 1559
f 1571 1561 1557
f 1572 1562 1561
f 1562 1563 1560
f 1962 1563 1562
f 1930 1529 1522
f 1935 1564 1529
f 1936 1565 1564
f 1938 1566 1565
f 1939 1567 1566
f 1957 1568 1567
f 1958 1569 1568
f 1568 1569 1555
f 1569 1570 1556
f 1570 1571 1557
f 1959 1570 1569
f 1960 1571 1570
f 1571 1572 1561
f 1572 1962 1562
f 18 3205 3218
f 1240 1579 1578
f 1241 1580 1579
f 1242 1581 1580
f 1243 1647 1581
f 1244 1648 1647
f 1245 1582 1648
f 1254 1583 1582
f 1255 1584 1583
f 1256 1585 1584
f 1258 1259 1587
f 1259 1253 1588
f 1257 1586 1585
f 1258 1587 1586
f 1259 1588 1587
f 1253 1626 1588
f 18 1827 1766
f 1589 1590 1436
f 1590 1591 1437
f 1591 1592 1438
f 1592 1439 1438
f 1593 1440 1439
f 1594 1441 1440
f 1592 1593 1439
f 1593 1594 1440
f 1594 1595 1441
f 18 3481 1827
f 1595 1442 1441
f 1596 1443 1442
f 1597 1444 1443
f 1595 1596 1442
f 1596 1597 1443
f 1598 1445 1444
f 1599 1457 1445
f 1597 1598 1444
f 1598 1599 1445
f 1599 1611 1457
f 1600 1590 1589
f 1601 1591 1590
f 1602 1592 1591
f 1600 1601 1590
f 1601 1602 1591
f 1602 1603 1592
f 1603 1593 1592
f 1604 1594 1593
f 1605 1595 1594
f 1606 1596 1595
f 1607 1597 1596
f 1608 1598 1597
f 1609 1599 1598
f 1610 1611 1599
f 1603 1604 1593
f 1604 1605 1594
f 1605 1606 1595
f 18 3492 3481
f 1606 1607 1596
f 1607 1608 1597
f 1608 1609 1598
f 1609 1610 1599
f 1610 1618 1611
f 1611 1458 1457
f 1612 1459 1458
f 1613 1463 1459
f 1611 1612 1458
f 1612 1613 1459
f 1613 1614 1463
f 1614 1464 1463
f 1615 1465 1464
f 1616 1466 1465
f 1617 1485 1466
f 1614 1615 1464
f 1615 1616 1465
f 1616 1617 1466
f 1618 1612 1611
f 1619 1613 1612
f 1620 1614 1613
f 1621 1615 1614
f 1622 1616 1615
f 1732 1639 1617
f 1733 1617 1616
f 1733 1732 1617
f 1618 1619 1612
f 1619 1620 1613
f 1620 1621 1614
f 1621 1622 1615
f 1622 1733 1616
f 1253 1287 1626
f 1287 1288 1628
f 1288 1623 1627
f 1287 1628 1626
f 1288 1627 1628
f 1623 1624 1629
f 1624 1625 1630
f 1623 1629 1627
f 1624 1630 1629
f 1625 1635 1630
f 1627 1629 1707
f 1629 1630 1706
f 1281 1633 1632
f 1632 1633 1637
f 1282 1634 1633
f 1283 1853 1634
f 1633 1634 1638
f 1634 1853 1857
f 1625 1631 1635
f 1631 1632 1636
f 1631 1636 1635
f 1632 1637 1636
f 1633 1638 1637
f 1630 1635 1708
f 1635 1636 1714
f 1636 1637 1715
f 1634 1857 1638
f 1637 1638 1716
f 1637 1716 1715
f 1638 1857 1902
f 1638 1902 1716
f 1639 1487 1485
f 1639 1640 1487
f 1617 1639 1485
f 1640 1641 1486
f 1641 1642 1488
f 1789 1640 1639
f 1732 1789 1639
f 1789 1790 1640
f 1790 1641 1640
f 1790 1786 1641
f 1642 1643 1489
f 1787 1643 1642
f 1788 1644 1643
f 1786 1642 1641
f 1786 1787 1642
f 1796 1645 1644
f 1797 1646 1645
f 1798 1494 1646
f 1573 1574 1650
f 1574 1575 1651
f 1575 1576 1652
f 18 3218 3238
f 1576 1577 1653
f 1577 1578 1654
f 1578 1579 1655
f 1573 1650 1649
f 1574 1651 1650
f 1575 1652 1651
f 1576 1653 1652
f 1577 1654 1653
f 1578 1655 1654
f 1579 1580 1656
f 1580 1581 1657
f 1581 1647 1665
f 1647 1648 1658
f 1648 1582 1666
f 1579 1656 1655
f 1580 1657 1656
f 1581 1665 1657
f 1647 1658 1665
f 1648 1666 1658
f 18 3238 3254
f 1649 1650 1660
f 1650 1651 1661
f 1651 1652 1662
f 1652 1653 1663
f 1653 1654 1664
f 1654 1655 1673
f 1649 1660 1659
f 1650 1661 1660
f 1651 1662 1661
f 1652 1663 1662
f 1653 1664 1663
f 1654 1673 1664
f 1655 1656 1682
f 1656 1657 1683
f 1657 1665 1684
f 1665 1658 1685
f 1658 1666 1674
f 1655 1682 1673
f 1656 1683 1682
f 1657 1684 1683
f 1665 1685 1684
f 1658 1674 1685
f 1582 1583 1667
f 1583 1584 1668
f 1584 1585 1669
f 1582 1667 1666
f 1585 1586 1670
f 1586 1587 1671
f 1587 1588 1672
f 1583 1668 1667
f 1584 1669 1668
f 1588 1703 1672
f 1585 1670 1669
f 1586 1671 1670
f 1587 1672 1671
f 1666 1667 1675
f 1667 1668 1676
f 1668 1669 1677
f 1666 1675 1674
f 1667 1676 1675
f 1668 1677 1676
f 1670 1671 1680
f 1669 1670 1678
f 1671 1672 1679
f 1669 1678 1677
f 18 3254 3299
f 1671 1679 1680
f 1672 1709 1679
f 1670 1680 1678
f 1659 1660 1686
f 1660 1661 1687
f 1661 1662 1688
f 1662 1663 1689
f 1663 1664 1690
f 1664 1673 1691
f 18 3299 3962
f 1659 1686 1681
f 1660 1687 1686
f 1661 1688 1687
f 1662 1689 1688
f 1663 1690 1689
f 1664 1691 1690
f 1673 1682 1692
f 1682 1683 1693
f 1683 1684 1694
f 1684 1685 1695
f 1685 1674 1702
f 1673 1692 1691
f 1682 1693 1692
f 1683 1694 1693
f 1684 1695 1694
f 1685 1702 1695
f 18 3962 3988
f 1681 1686 3206
f 1686 1687 3207
f 1687 1688 3208
f 1688 1689 3209
f 1689 1690 3210
f 1690 1691 3211
f 1681 3206 3205
f 1686 3207 3206
f 1687 3208 3207
f 1688 3209 3208
f 1689 3210 3209
f 18 3988 4003
f 1690 3211 3210
f 1691 1692 3212
f 1692 1693 3213
f 1693 1694 3214
f 1694 1695 3215
f 1695 1702 3216
f 1691 3212 3211
f 1692 3213 3212
f 1693 3214 3213
f 1694 3215 3214
f 1695 3216 3215
f 1674 1675 1696
f 1675 1676 1697
f 1676 1677 1698
f 1674 1696 1702
f 1675 1697 1696
f 1676 1698 1697
f 1677 1678 1699
f 1678 1680 1700
f 1680 1679 1701
f 1680 1701 1700
f 1677 1699 1698
f 1678 1700 1699
f 1679 1724 1701
f 1702 1696 3217
f 1696 1697 1822
f 1697 1698 1823
f 1702 3217 3216
f 1696 1822 3217
f 1697 1823 1822
f 1698 1699 1824
f 1699 1700 1826
f 1700 1701 1825
f 1700 1825 1826
f 1701 1843 1825
f 1698 1824 1823
f 1699 1826 1824
f 1588 1626 1703
f 1626 1628 1704
f 1626 1704 1703
f 1628 1627 1705
f 1628 1705 1704
f 1703 1704 1710
f 1704 1705 1711
f 1627 1707 1705
f 1629 1706 1707
f 1630 1708 1706
f 1672 1703 1709
f 1635 1714 1708
f 1636 1715 1714
f 1705 1707 1712
f 1707 1706 1713
f 1703 1710 1709
f 1704 1711 1710
f 1709 1710 1725
f 1710 1711 1723
f 1705 1712 1711
f 1707 1713 1712
f 1706 1717 1713
f 1711 1712 1726
f 1712 1713 1727
f 1713 1728 1727
f 1706 1708 1717
f 1708 1714 1718
f 1714 1715 1719
f 1708 1718 1717
f 1714 1719 1718
f 1715 1716 1720
f 1716 1902 1906
f 1715 1720 1719
f 1716 1906 1720
f 1718 1719 1721
f 1713 1717 1728
f 1717 1718 1729
f 1717 1729 1728
f 1718 1721 1729
f 1719 1720 1722
f 1720 1906 1983
f 1719 1722 1721
f 1720 1983 1722
f 1679 1709 1724
f 1709 1725 1724
f 1710 1723 1725
f 1701 1724 1843
f 1724 1725 1841
f 1725 1723 1842
f 1711 1726 1723
f 1712 1727 1726
f 1723 1726 1844
f 1726 1727 1845
f 1730 1601 1600
f 1731 1602 1601
f 1736 1603 1602
f 1730 1731 1601
f 1731 1736 1602
f 18 3521 3492
f 1736 1737 1603
f 1737 1604 1603
f 1738 1605 1604
f 1739 1606 1605
f 1737 1738 1604
f 1738 1739 1605
f 1739 1740 1606
f 1740 1607 1606
f 1741 1608 1607
f 1742 1609 1608
f 1740 1741 1607
f 1741 1742 1608
f 1743 1610 1609
f 1744 1618 1610
f 1742 1743 1609
f 1743 1744 1610
f 1744 1756 1618
f 1756 1619 1618
f 1757 1620 1619
f 1758 1621 1620
f 1756 1757 1619
f 1757 1758 1620
f 1758 1759 1621
f 1734 1732 1733
f 1735 1789 1732
f 1759 1622 1621
f 1760 1733 1622
f 1759 1760 1622
f 1760 1734 1733
f 1734 1735 1732
f 1745 1731 1730
f 1746 1736 1731
f 18 3564 3521
f 1747 1737 1736
f 1748 1738 1737
f 1749 1739 1738
f 1750 1740 1739
f 1745 1746 1731
f 1746 1747 1736
f 1747 1748 1737
f 1748 1749 1738
f 1749 1750 1739
f 1750 1751 1740
f 18 4049 3564
f 1751 1741 1740
f 1752 1742 1741
f 1753 1743 1742
f 1754 1744 1743
f 1755 1756 1744
f 1751 1752 1741
f 1752 1753 1742
f 1753 1754 1743
f 1754 1755 1744
f 1755 1761 1756
f 1761 1757 1756
f 1762 1758 1757
f 1763 1759 1758
f 1761 1762 1757
f 1762 1763 1758
f 1763 1764 1759
f 1764 1760 1759
f 1765 1734 1760
f 1777 1735 1734
f 1778 1791 1735
f 1765 1777 1734
f 1777 1778 1735
f 1764 1765 1760
f 1766 1746 1745
f 1767 1747 1746
f 1768 1748 1747
f 1766 1767 1746
f 1767 1768 1747
f 1768 1769 1748
f 1769 1749 1748
f 1770 1750 1749
f 1771 1751 1750
f 1769 1770 1749
f 1770 1771 1750
f 1771 1772 1751
f 18 4066 4049
f 1772 1752 1751
f 1773 1753 1752
f 1774 1754 1753
f 1775 1755 1754
f 1776 1761 1755
f 1772 1773 1752
f 1773 1774 1753
f 1774 1775 1754
f 1775 1776 1755
f 1776 1779 1761
f 1827 1767 1766
f 1828 1768 1767
f 1829 1769 1768
f 1830 1770 1769
f 1831 1771 1770
f 1832 1772 1771
f 1833 1773 1772
f 1834 1774 1773
f 1835 1775 1774
f 1836 1776 1775
f 1837 1779 1776
f 1785 1777 1765
f 1783 1778 1777
f 1784 1809 1778
f 1779 1762 1761
f 1780 1763 1762
f 1781 1764 1763
f 1779 1780 1762
f 1780 1781 1763
f 1781 1782 1764
f 1782 1765 1764
f 1785 1783 1777
f 1782 1785 1765
f 1783 1784 1778
f 1838 1780 1779
f 1839 1781 1780
f 1840 1782 1781
f 3494 1783 1785
f 3493 1785 1782
f 3495 1784 1783
f 3496 1814 1784
f 3494 3495 1783
f 3495 3496 1784
f 1787 1788 1643
f 1791 1790 1789
f 1792 1786 1790
f 1792 1793 1786
f 1735 1791 1789
f 1791 1792 1790
f 1793 1787 1786
f 1793 1795 1787
f 1795 1788 1787
f 1794 1796 1788
f 1807 1793 1792
f 1795 1794 1788
f 1808 1795 1793
f 1811 1800 1794
f 1810 1794 1795
f 1797 1798 1646
f 1788 1796 1644
f 1796 1797 1645
f 1800 1797 1796
f 1801 1798 1797
f 1798 1799 1494
f 1799 1519 1494
f 1799 1927 1519
f 1802 1799 1798
f 1803 1927 1799
f 1802 1803 1799
f 1803 1934 1927
f 1794 1800 1796
f 1800 1801 1797
f 1801 1802 1798
f 1804 1802 1801
f 1817 1801 1800
f 1805 1803 1802
f 1806 1934 1803
f 1809 1792 1791
f 1809 1807 1792
f 1778 1809 1791
f 1807 1808 1793
f 1808 1810 1795
f 1810 1811 1794
f 1811 1817 1800
f 1817 1804 1801
f 1804 1805 1802
f 1805 1806 1803
f 1806 1940 1934
f 1820 1940 1806
f 1814 1807 1809
f 1814 1815 1807
f 1815 1808 1807
f 1815 1816 1808
f 1812 1811 1810
f 1813 1817 1811
f 1816 1810 1808
f 1816 1812 1810
f 1784 1814 1809
f 1812 1813 1811
f 3470 1815 1814
f 3471 1816 1815
f 3470 3471 1815
f 3496 3470 1814
f 3471 3472 1816
f 3472 1812 1816
f 3472 3473 1812
f 3473 1813 1812
f 3474 1818 1813
f 1818 1804 1817
f 1819 1805 1804
f 1821 1806 1805
f 1818 1819 1804
f 1819 1821 1805
f 1813 1818 1817
f 3475 1819 1818
f 3476 1821 1819
f 1821 1820 1806
f 1820 1953 1940
f 3477 1820 1821
f 3478 1953 1820
f 18 4096 4066
f 1827 1828 1767
f 1828 1829 1768
f 1829 1830 1769
f 1830 1831 1770
f 1831 1832 1771
f 1832 1833 1772
f 18 4102 4096
f 1833 1834 1773
f 1834 1835 1774
f 1835 1836 1775
f 1836 1837 1776
f 1837 1838 1779
f 1838 1839 1780
f 1839 1840 1781
f 1840 3493 1782
f 3493 3494 1785
f 1726 1845 1844
f 1727 1849 1845
f 1724 1841 1843
f 1725 1842 1841
f 1825 1843 3277
f 1843 1841 3275
f 1841 1842 3276
f 1723 1844 1842
f 1842 1844 3278
f 1844 1845 3279
f 1844 3279 3278
f 1845 3280 3279
f 1728 1729 1846
f 1729 1721 1847
f 1727 1728 1849
f 1728 1846 1849
f 1729 1847 1846
f 1721 1722 1848
f 1722 1983 1991
f 1722 1991 1848
f 1721 1848 1847
f 1845 1849 3280
f 1849 1846 1850
f 1846 1847 1851
f 1849 1850 3280
f 1846 1851 1850
f 1847 1848 1852
f 1847 1852 1851
f 1848 1991 1996
f 1848 1996 1852
f 1852 1996 3314
f 1354 1355 1854
f 1354 1854 1853
f 1355 1366 1855
f 1355 1855 1854
f 1853 1854 1858
f 1854 1855 1859
f 1366 1367 1856
f 1366 1856 1855
f 1367 1368 1862
f 1367 1862 1856
f 1855 1856 1860
f 1856 1862 1868
f 1853 1858 1857
f 1854 1859 1858
f 1857 1858 1903
f 1857 1903 1902
f 1858 1859 1904
f 1855 1860 1859
f 1856 1868 1860
f 1859 1860 1905
f 1860 1868 1910
f 1368 1861 1863
f 1861 1864 1866
f 1368 1863 1862
f 1861 1866 1863
f 1864 1865 1867
f 1864 1867 1866
f 1865 1880 1867
f 1862 1863 1869
f 1863 1866 1870
f 1866 1867 1871
f 1862 1869 1868
f 1863 1870 1869
f 1866 1871 1870
f 1867 1884 1871
f 1858 1904 1903
f 1859 1905 1904
f 1860 1910 1905
f 1868 1869 1872
f 1868 1872 1910
f 1869 1870 1873
f 1869 1873 1872
f 1870 1871 1874
f 1870 1874 1873
f 1871 1893 1874
f 1401 1876 1875
f 1402 1877 1876
f 1865 1875 1880
f 1875 1876 1881
f 1875 1881 1880
f 1876 1882 1881
f 1403 1878 1877
f 1404 1879 1878
f 1876 1877 1882
f 1877 1878 1883
f 1877 1883 1882
f 1878 1879 1885
f 1878 1885 1883
f 1867 1880 1884
f 1880 1881 1892
f 1880 1892 1884
f 1881 1895 1892
f 1881 1882 1895
f 1882 1883 1896
f 1882 1896 1895
f 1883 1885 1897
f 1883 1897 1896
f 1409 1886 1879
f 1411 1413 1887
f 1411 1887 1886
f 1879 1886 1889
f 1886 1887 1890
f 1413 1888 1887
f 1413 1414 1888
f 1414 2813 1888
f 1887 1888 1891
f 1879 1889 1885
f 1886 1890 1889
f 1885 1889 1899
f 1885 1899 1897
f 1889 1890 1900
f 1889 1900 1899
f 1887 1891 1890
f 1888 2816 1891
f 1890 1901 1900
f 1890 1891 1901
f 1963 2798 1563
f 1871 1884 1893
f 1884 1892 1894
f 1884 1894 1893
f 1892 1898 1894
f 1892 1895 1898
f 1895 1896 1915
f 1896 1897 1918
f 1895 1915 1898
f 1896 1918 1915
f 1897 1899 1922
f 1897 1922 1918
f 1899 1900 1924
f 1891 2834 1901
f 1900 1901 1925
f 1902 1903 1907
f 1903 1904 1908
f 1902 1907 1906
f 1903 1908 1907
f 1904 1905 1909
f 1905 1910 1911
f 1904 1909 1908
f 1905 1911 1909
f 1906 1907 1984
f 1907 1908 1985
f 1907 1985 1984
f 1906 1984 1983
f 1908 1909 1986
f 1908 1986 1985
f 1909 1911 1988
f 1909 1988 1986
f 1910 1872 1912
f 1872 1873 1913
f 1910 1912 1911
f 1872 1913 1912
f 1911 1912 1987
f 1912 1913 1989
f 1873 1874 1914
f 1873 1914 1913
f 1874 1916 1914
f 1913 1914 1990
f 1874 1893 1916
f 1893 1917 1916
f 1893 1894 1917
f 1894 1919 1917
f 1914 1916 2010
f 1894 1898 1919
f 1898 1915 1920
f 1915 1918 1921
f 1898 1920 1919
f 1915 1921 1920
f 1899 1924 1922
f 1900 1925 1924
f 1901 2880 1925
f 1918 1922 1923
f 1922 1924 1926
f 1918 1923 1921
f 1922 1926 1923
f 1924 1925 2017
f 1924 2017 1926
f 1925 2982 2017
f 1927 1520 1519
f 1927 1928 1520
f 1928 1521 1520
f 1928 1929 1521
f 1929 1522 1521
f 1929 1930 1522
f 1930 1935 1529
f 1934 1928 1927
f 1934 1931 1928
f 1931 1929 1928
f 1931 1932 1929
f 1933 1935 1930
f 1932 1930 1929
f 1932 1933 1930
f 1933 1937 1935
f 1935 1936 1564
f 1936 1938 1565
f 1938 1939 1566
f 1937 1936 1935
f 1944 1938 1936
f 1937 1944 1936
f 1944 1945 1938
f 1945 1939 1938
f 1946 1957 1939
f 1945 1946 1939
f 1940 1931 1934
f 1940 1941 1931
f 1941 1932 1931
f 1941 1943 1932
f 1943 1933 1932
f 1942 1937 1933
f 1943 1942 1933
f 1942 1947 1937
f 1953 1941 1940
f 1954 1943 1941
f 1954 1955 1943
f 1955 1942 1943
f 1956 1947 1942
f 1955 1956 1942
f 1956 1949 1947
f 1947 1944 1937
f 1948 1945 1944
f 1951 1946 1945
f 1952 1967 1946
f 1947 1948 1944
f 1948 1951 1945
f 1951 1952 1946
f 1950 1951 1948
f 1949 1948 1947
f 1949 1950 1948
f 1950 3605 1951
f 3605 1952 1951
f 3606 1972 1952
f 3605 3606 1952
f 1953 1954 1941
f 1939 1957 1567
f 1957 1958 1568
f 1958 1959 1569
f 1959 1960 1570
f 1967 1958 1957
f 1946 1967 1957
f 1968 1959 1958
f 1967 1968 1958
f 1960 1961 1571
f 1969 1960 1959
f 1968 1969 1959
f 1969 1970 1960
f 1970 1961 1960
f 1970 1971 1961
f 1961 1572 1571
f 1964 1962 1572
f 1962 1963 1563
f 1965 1963 1962
f 1966 2926 1963
f 1961 1964 1572
f 1964 1965 1962
f 1971 1964 1961
f 1977 1965 1964
f 1965 1966 1963
f 1978 1966 1965
f 1979 2929 1966
f 1972 1968 1967
f 1952 1972 1967
f 1973 1969 1968
f 1972 1973 1968
f 1974 1970 1969
f 1973 1974 1969
f 1974 1975 1970
f 1975 1971 1970
f 1975 1976 1971
f 3628 1973 1972
f 3606 3628 1972
f 3629 1974 1973
f 3628 3629 1973
f 3630 1975 1974
f 3629 3630 1974
f 3630 3631 1975
f 3631 1976 1975
f 3631 3632 1976
f 1971 1977 1964
f 1977 1978 1965
f 1976 1977 1971
f 1976 1980 1977
f 1980 1978 1977
f 1978 1979 1966
f 1981 1979 1978
f 1982 2940 1979
f 1980 1981 1978
f 3632 1980 1976
f 3632 3633 1980
f 3633 1981 1980
f 3633 3634 1981
f 1981 1982 1979
f 3634 1982 1981
f 3635 2943 1982
f 1984 1985 1994
f 1985 1986 1993
f 1986 1988 1997
f 1911 1987 1988
f 1912 1989 1987
f 1988 1987 1998
f 1987 1989 1999
f 1913 1990 1989
f 1914 2010 1990
f 1989 1990 2000
f 1987 1999 1998
f 1989 2000 1999
f 1990 2021 2000
f 1983 1984 1992
f 1983 1992 1991
f 1984 1994 1992
f 1985 1993 1994
f 1986 1997 1993
f 1991 1992 1995
f 1992 1994 2001
f 1994 1993 2002
f 1993 1997 2005
f 1993 2005 2002
f 1991 1995 1996
f 1992 2001 1995
f 1994 2002 2001
f 1988 1998 1997
f 1998 1999 2003
f 1997 1998 2006
f 1997 2006 2005
f 1998 2003 2006
f 1999 2000 2004
f 1996 1995 3315
f 1995 2001 3316
f 2002 2005 3322
f 2001 2002 3317
f 2001 3317 3316
f 2002 3322 3317
f 1999 2004 2003
f 2000 2027 2004
f 2005 2006 2007
f 2006 2003 2008
f 2005 2007 3322
f 2006 2008 2007
f 2003 2004 2009
f 2004 2032 2009
f 2003 2009 2008
f 1916 1917 2011
f 1917 1919 2012
f 1919 1920 2013
f 1920 1921 2014
f 1916 2011 2010
f 1917 2012 2011
f 1990 2010 2021
f 2010 2011 2022
f 1919 2013 2012
f 1920 2014 2013
f 2010 2022 2021
f 2011 2015 2022
f 2011 2012 2015
f 2012 2013 2016
f 2012 2016 2015
f 2013 2014 2023
f 2013 2023 2016
f 1921 1923 2018
f 1923 1926 2019
f 1921 2018 2014
f 1923 2019 2018
f 1926 2017 2020
f 1926 2020 2019
f 2017 2983 2020
f 2014 2018 2024
f 2014 2024 2023
f 2018 2019 2025
f 2018 2025 2024
f 2019 2026 2025
f 2019 2020 2026
f 2020 2992 2026
f 2000 2021 2027
f 2021 2022 2028
f 2022 2015 2029
f 2015 2016 2030
f 2016 2023 2031
f 2022 2029 2028
f 2021 2028 2027
f 2015 2030 2029
f 2016 2031 2030
f 2028 2029 2034
f 2029 2030 2035
f 2030 2031 2036
f 2004 2027 2032
f 2027 2028 2033
f 2027 2033 2032
f 2028 2034 2033
f 2009 2032 4168
f 2032 2033 4169
f 2029 2035 2034
f 2030 2036 2035
f 2033 2034 4170
f 2034 2035 4171
f 2035 2036 4172
f 2023 2024 2037
f 2023 2037 2031
f 2024 2025 2038
f 2024 2038 2037
f 2031 2037 2040
f 2037 2038 2041
f 2025 2026 2039
f 2025 2039 2038
f 2026 3003 2039
f 2038 2039 2042
f 2031 2040 2036
f 2037 2041 2040
f 2036 2040 4178
f 2040 2041 4179
f 2038 2042 2041
f 2039 3006 2042
f 2041 2042 4180
f 1048 2066 2065
f 1049 2043 2066
f 1083 2044 2043
f 1085 2045 2044
f 2045 2121 2044
f 2045 2123 2121
f 2046 2123 2045
f 1089 2046 2045
f 2046 2048 2123
f 2047 2048 2046
f 1091 2047 2046
f 2047 2049 2048
f 1161 2050 2047
f 2050 2049 2047
f 2050 2051 2049
f 1162 2052 2050
f 2052 2051 2050
f 2052 2054 2051
f 2051 2135 2049
f 2054 2299 2051
f 2054 2303 2299
f 1165 2053 2052
f 2053 2054 2052
f 2057 2055 2053
f 2053 2055 2054
f 2055 2303 2054
f 2055 2056 2303
f 1183 2057 2053
f 2057 2058 2055
f 1187 2060 2057
f 2060 2058 2057
f 2060 2061 2058
f 2058 2056 2055
f 2058 2059 2056
f 2061 2059 2058
f 1189 2790 2060
f 2790 2061 2060
f 2790 2792 2061
f 2061 2062 2059
f 2792 2062 2061
f 2792 2793 2062
f 1045 2064 2063
f 1043 2063 2075
f 2064 2069 2063
f 2064 2070 2069
f 2063 2081 2075
f 2063 2069 2081
f 1044 2065 2064
f 2066 2067 2065
f 2065 2070 2064
f 2065 2067 2070
f 2043 2068 2066
f 2066 2068 2067
f 2120 2074 2068
f 2070 2071 2069
f 2067 2072 2070
f 2068 2073 2067
f 2070 2072 2071
f 2067 2073 2072
f 2072 2092 2071
f 2073 2091 2072
f 2068 2074 2073
f 2074 2093 2073
f 1307 2075 2076
f 1308 2076 2077
f 1309 2077 2078
f 1310 2078 2079
f 2075 2082 2076
f 2076 2083 2077
f 2075 2081 2082
f 2076 2082 2083
f 2077 2087 2078
f 2077 2083 2087
f 1313 2079 2080
f 2078 2088 2079
f 2078 2087 2088
f 2079 2128 2080
f 2079 2088 2128
f 2069 2084 2081
f 2069 2071 2084
f 2081 2085 2082
f 2082 2086 2083
f 2083 2089 2087
f 2081 2084 2085
f 2082 2085 2086
f 2083 2086 2089
f 2071 2102 2084
f 2084 2103 2085
f 2085 2104 2086
f 2087 2090 2088
f 2088 2130 2128
f 2087 2089 2090
f 2086 2105 2089
f 2088 2090 2130
f 2089 2106 2090
f 2073 2093 2091
f 2074 2143 2093
f 2072 2091 2092
f 2071 2092 2102
f 2091 2095 2092
f 2093 2094 2091
f 2143 2096 2093
f 2091 2094 2095
f 2093 2096 2094
f 2092 2095 2107
f 2092 2107 2102
f 2096 2098 2094
f 2095 2097 2112
f 2094 2097 2095
f 2094 2098 2097
f 2096 2099 2098
f 2098 2101 2097
f 2099 2100 2098
f 2098 2100 2101
f 2099 2148 2100
f 2100 2183 2101
f 2148 2200 2100
f 2084 2102 2103
f 2085 2103 2104
f 2102 2108 2103
f 2102 2107 2108
f 2086 2104 2105
f 2089 2105 2106
f 2090 2106 2164
f 2103 2109 2104
f 2104 2110 2105
f 2103 2108 2109
f 2104 2109 2110
f 2105 2111 2106
f 2105 2110 2111
f 2095 2112 2107
f 2097 2116 2112
f 2097 2101 2116
f 2107 2113 2108
f 2108 2114 2109
f 2109 2115 2110
f 2107 2112 2113
f 2108 2113 2114
f 2109 2114 2115
f 2110 2168 2111
f 2110 2115 2168
f 2112 2117 2113
f 2112 2116 2117
f 2113 2117 2118
f 2113 2118 2114
f 2114 2118 2119
f 2101 2184 2116
f 2116 2185 2117
f 2117 2186 2118
f 2114 2119 2115
f 2115 2119 2170
f 2115 2170 2168
f 2118 2187 2119
f 2044 2120 2043
f 2043 2120 2068
f 2044 2121 2120
f 2121 2122 2120
f 2121 2124 2122
f 2120 2122 2074
f 2122 2143 2074
f 2124 2141 2122
f 2123 2124 2121
f 2123 2125 2124
f 2125 2142 2124
f 1314 2080 2126
f 1326 2126 2127
f 2080 2129 2126
f 2080 2128 2129
f 1328 2127 2136
f 2126 2132 2127
f 2126 2129 2132
f 2127 2132 2138
f 2128 2131 2129
f 2128 2130 2131
f 2090 2164 2130
f 2130 2165 2131
f 2129 2133 2132
f 2129 2131 2133
f 2131 2166 2133
f 2048 2125 2123
f 2048 2134 2125
f 2134 2154 2125
f 2049 2134 2048
f 2049 2135 2134
f 2135 2155 2134
f 1333 2136 2137
f 2127 2138 2136
f 2136 2138 2140
f 1334 2137 2300
f 2136 2140 2137
f 2132 2139 2138
f 2132 2133 2139
f 2138 2163 2140
f 2138 2139 2163
f 2122 2141 2143
f 2124 2142 2141
f 2142 2145 2141
f 2125 2154 2142
f 2154 2151 2142
f 2154 2158 2151
f 2141 2144 2143
f 2143 2144 2096
f 2141 2145 2144
f 2142 2151 2145
f 2144 2099 2096
f 2145 2147 2144
f 2144 2147 2099
f 2151 2146 2145
f 2145 2146 2147
f 2147 2148 2099
f 2147 2149 2148
f 2149 2201 2148
f 2146 2149 2147
f 2146 2150 2149
f 2150 2193 2149
f 2151 2152 2146
f 2158 2152 2151
f 2158 2159 2152
f 2152 2150 2146
f 2152 2153 2150
f 2159 2153 2152
f 2153 2194 2150
f 2160 2195 2153
f 2134 2155 2154
f 2155 2158 2154
f 2155 2157 2158
f 2135 2156 2155
f 2156 2157 2155
f 2156 2306 2157
f 2306 2161 2157
f 2306 2309 2161
f 2157 2159 2158
f 2157 2161 2159
f 2159 2160 2153
f 2161 2160 2159
f 2161 2162 2160
f 2162 2196 2160
f 2309 2162 2161
f 2309 2310 2162
f 2310 2197 2162
f 2133 2175 2139
f 2139 2176 2163
f 2130 2164 2165
f 2106 2167 2164
f 2106 2111 2167
f 2164 2172 2165
f 2164 2167 2172
f 2131 2165 2166
f 2165 2177 2166
f 2165 2172 2177
f 2111 2169 2167
f 2111 2168 2169
f 2167 2169 2173
f 2168 2170 2171
f 2119 2213 2170
f 2168 2171 2169
f 2169 2171 2174
f 2170 2214 2171
f 2167 2173 2172
f 2172 2178 2177
f 2172 2173 2178
f 2169 2174 2173
f 2171 2215 2174
f 2173 2179 2178
f 2173 2174 2179
f 2133 2166 2175
f 2166 2177 2180
f 2166 2180 2175
f 2139 2175 2176
f 2175 2180 2326
f 2175 2326 2176
f 2177 2178 2181
f 2177 2181 2180
f 2174 2228 2179
f 2178 2179 2182
f 2178 2182 2181
f 2179 2229 2182
f 2180 2181 2327
f 2180 2327 2326
f 2181 2182 2328
f 2181 2328 2327
f 2182 2375 2328
f 2100 2200 2183
f 2101 2183 2184
f 2116 2184 2185
f 2117 2185 2186
f 2118 2186 2187
f 2183 2203 2188
f 2183 2188 2184
f 2184 2189 2185
f 2184 2188 2189
f 2185 2190 2186
f 2186 2216 2187
f 2185 2189 2190
f 2186 2190 2216
f 2203 2191 2188
f 2188 2192 2189
f 2188 2191 2192
f 2189 2218 2190
f 2189 2192 2218
f 2191 2265 2192
f 2191 2264 2265
f 2148 2201 2200
f 2149 2193 2201
f 2150 2194 2193
f 2153 2195 2194
f 2195 2210 2194
f 2160 2196 2195
f 2196 2211 2195
f 2196 2198 2211
f 2197 2198 2196
f 2162 2197 2196
f 2197 2199 2198
f 2366 2199 2197
f 2368 2227 2199
f 2200 2203 2183
f 2201 2202 2200
f 2193 2204 2201
f 2201 2204 2202
f 2200 2202 2203
f 2194 2205 2193
f 2193 2205 2204
f 2119 2187 2213
f 2170 2213 2214
f 2194 2210 2205
f 2195 2211 2210
f 2171 2214 2215
f 2202 2206 2203
f 2204 2207 2202
f 2205 2208 2204
f 2202 2207 2206
f 2203 2206 2191
f 2204 2208 2207
f 2205 2209 2208
f 2207 2234 2206
f 2209 2236 2208
f 2208 2235 2207
f 2210 2209 2205
f 2210 2212 2209
f 2211 2212 2210
f 2211 2225 2212
f 2212 2237 2209
f 2225 2238 2212
f 2187 2217 2213
f 2187 2216 2217
f 2213 2221 2214
f 2213 2217 2221
f 2174 2215 2228
f 2214 2222 2215
f 2214 2221 2222
f 2206 2264 2191
f 2190 2219 2216
f 2190 2218 2219
f 2216 2220 2217
f 2216 2219 2220
f 2217 2220 2223
f 2192 2266 2218
f 2218 2267 2219
f 2219 2268 2220
f 2217 2223 2221
f 2221 2223 2224
f 2221 2224 2222
f 2220 2273 2223
f 2223 2288 2224
f 2198 2225 2211
f 2198 2226 2225
f 2226 2253 2225
f 2199 2226 2198
f 2199 2227 2226
f 2227 2255 2226
f 2179 2228 2229
f 2215 2230 2228
f 2215 2222 2230
f 2228 2230 2232
f 2182 2229 2375
f 2228 2232 2229
f 2229 2232 2377
f 2222 2224 2231
f 2222 2231 2230
f 2224 2289 2231
f 2230 2231 2233
f 2230 2233 2232
f 2232 2233 2378
f 2231 2292 2233
f 2208 2236 2235
f 2207 2235 2234
f 2237 2243 2236
f 2209 2237 2236
f 2212 2238 2237
f 2238 2239 2237
f 2253 2240 2238
f 2237 2239 2243
f 2238 2240 2239
f 2254 2248 2240
f 2206 2234 2264
f 2235 2241 2234
f 2236 2242 2235
f 2234 2241 2269
f 2235 2242 2241
f 2236 2243 2242
f 2242 2244 2241
f 2243 2245 2242
f 2242 2245 2244
f 2243 2247 2245
f 2234 2269 2264
f 2192 2265 2266
f 2218 2266 2267
f 2219 2267 2268
f 2241 2276 2269
f 2241 2244 2276
f 2239 2247 2243
f 2239 2246 2247
f 2240 2246 2239
f 2240 2248 2246
f 2220 2268 2273
f 2223 2273 2288
f 2245 2249 2244
f 2245 2250 2249
f 2244 2249 2280
f 2247 2250 2245
f 2246 2251 2247
f 2248 2252 2246
f 2247 2251 2250
f 2246 2252 2251
f 2248 2261 2252
f 2225 2253 2238
f 2226 2255 2253
f 2255 2254 2253
f 2253 2254 2240
f 2255 2257 2254
f 2257 2260 2254
f 2257 2259 2260
f 2227 2256 2255
f 2256 2257 2255
f 2258 2259 2257
f 2256 2258 2257
f 2258 2387 2259
f 2254 2260 2248
f 2260 2261 2248
f 2259 2262 2260
f 2260 2262 2261
f 2387 2263 2259
f 2259 2263 2262
f 2387 2389 2263
f 2264 2270 2265
f 2265 2271 2266
f 2266 2272 2267
f 2267 2274 2268
f 2264 2269 2270
f 2265 2270 2271
f 2266 2271 2272
f 2269 2277 2270
f 2270 2278 2271
f 2269 2276 2277
f 2270 2277 2278
f 2271 2278 2279
f 2267 2272 2274
f 2271 2279 2272
f 2272 2284 2274
f 2272 2279 2284
f 2268 2275 2273
f 2273 2290 2288
f 2268 2274 2275
f 2274 2285 2275
f 2274 2284 2285
f 2273 2275 2290
f 2275 2285 2294
f 2244 2280 2276
f 2276 2281 2277
f 2277 2282 2278
f 2278 2283 2279
f 2276 2280 2281
f 2277 2281 2282
f 2278 2282 2283
f 2279 2286 2284
f 2284 2287 2285
f 2279 2283 2286
f 2284 2286 2287
f 2224 2288 2289
f 2288 2291 2289
f 2288 2290 2291
f 2275 2294 2290
f 2290 2294 2296
f 2290 2296 2291
f 2231 2289 2292
f 2289 2293 2292
f 2289 2291 2293
f 2291 2296 2297
f 2291 2297 2293
f 2285 2295 2294
f 2294 2298 2296
f 2285 2287 2295
f 2294 2295 2298
f 2296 2426 2297
f 2296 2298 2426
f 2299 2156 2135
f 2051 2299 2135
f 2303 2305 2299
f 2137 2302 2300
f 2137 2140 2302
f 1387 2300 2301
f 2300 2302 2321
f 2300 2321 2301
f 2140 2320 2302
f 2140 2163 2320
f 2056 2312 2303
f 1389 2301 2304
f 2301 2321 2323
f 2301 2323 2304
f 1392 2304 2348
f 2299 2305 2156
f 2305 2306 2156
f 2305 2307 2306
f 2303 2312 2305
f 2312 2307 2305
f 2307 2309 2306
f 2307 2308 2309
f 2314 2308 2307
f 2315 2311 2308
f 2308 2310 2309
f 2308 2311 2310
f 2311 2366 2310
f 2316 2367 2311
f 2313 2314 2312
f 2312 2314 2307
f 2056 2313 2312
f 2313 2317 2314
f 2314 2315 2308
f 2317 2315 2314
f 2315 2316 2311
f 2317 2318 2315
f 2318 2316 2315
f 2318 2319 2316
f 2319 2370 2316
f 2163 2325 2320
f 2302 2322 2321
f 2302 2320 2322
f 2320 2332 2322
f 2304 2323 2349
f 2321 2324 2323
f 2321 2322 2324
f 2323 2324 2350
f 2322 2333 2324
f 2163 2176 2325
f 2176 2326 2329
f 2176 2329 2325
f 2320 2325 2332
f 2325 2334 2332
f 2325 2329 2334
f 2326 2330 2329
f 2326 2327 2330
f 2327 2328 2331
f 2327 2331 2330
f 2329 2330 2335
f 2328 2376 2331
f 2330 2331 2336
f 2322 2332 2333
f 2332 2334 2337
f 2332 2337 2333
f 2329 2335 2334
f 2334 2335 2338
f 2330 2336 2335
f 2331 2380 2336
f 2335 2336 2339
f 2334 2338 2337
f 2335 2339 2338
f 2336 2381 2339
f 2059 2313 2056
f 2062 2340 2059
f 2793 2344 2062
f 2059 2340 2313
f 2340 2317 2313
f 2340 2341 2317
f 2344 2341 2340
f 2341 2318 2317
f 2341 2342 2318
f 2342 2319 2318
f 2343 2397 2319
f 2342 2343 2319
f 2345 2342 2341
f 2346 2343 2342
f 2347 2398 2343
f 2062 2344 2340
f 2344 2345 2341
f 2793 2801 2344
f 2801 2345 2344
f 2801 2803 2345
f 2345 2346 2342
f 2346 2347 2343
f 2803 2346 2345
f 2803 2804 2346
f 2804 2347 2346
f 2805 2403 2347
f 2804 2805 2347
f 2304 2349 2348
f 1408 2348 2351
f 2348 2349 2353
f 2348 2353 2351
f 2323 2350 2349
f 2324 2357 2350
f 2349 2354 2353
f 2349 2350 2354
f 2350 2361 2354
f 1412 2351 2352
f 2351 2353 2355
f 2351 2355 2352
f 2353 2354 2356
f 2353 2356 2355
f 2354 2362 2356
f 2324 2333 2357
f 2350 2357 2361
f 2333 2337 2358
f 2333 2358 2357
f 2357 2363 2361
f 2357 2358 2363
f 2337 2338 2359
f 2337 2359 2358
f 2338 2339 2360
f 2338 2360 2359
f 2339 2406 2360
f 2358 2359 2364
f 2359 2360 2365
f 2354 2361 2362
f 2361 2820 2362
f 2361 2363 2820
f 2358 2364 2363
f 2359 2365 2364
f 2360 2438 2365
f 2363 2364 2821
f 2363 2821 2820
f 2364 2365 2870
f 2364 2870 2821
f 2310 2366 2197
f 2366 2368 2199
f 2367 2368 2366
f 2311 2367 2366
f 2370 2369 2367
f 2367 2369 2368
f 2369 2373 2368
f 2369 2374 2373
f 2316 2370 2367
f 2370 2371 2369
f 2319 2397 2370
f 2397 2371 2370
f 2397 2399 2371
f 2371 2374 2369
f 2371 2372 2374
f 2399 2372 2371
f 2399 2400 2372
f 2368 2373 2227
f 2373 2256 2227
f 2374 2383 2373
f 2328 2375 2376
f 2229 2377 2375
f 2375 2377 2379
f 2331 2376 2380
f 2375 2379 2376
f 2376 2379 2382
f 2232 2378 2377
f 2377 2378 2419
f 2377 2419 2379
f 2372 2385 2374
f 2400 2391 2372
f 2376 2382 2380
f 2336 2380 2381
f 2380 2382 2434
f 2380 2434 2381
f 2379 2419 2420
f 2379 2420 2382
f 2373 2383 2256
f 2383 2258 2256
f 2384 2387 2258
f 2383 2384 2258
f 2384 2388 2387
f 2385 2384 2383
f 2374 2385 2383
f 2385 2386 2384
f 2386 2388 2384
f 2386 2393 2388
f 2388 2389 2387
f 2393 2390 2388
f 2393 2396 2390
f 2388 2390 2389
f 2391 2386 2385
f 2372 2391 2385
f 2391 2392 2386
f 2392 2393 2386
f 2392 2394 2393
f 2400 2407 2391
f 2407 2392 2391
f 2407 2408 2392
f 2408 2394 2392
f 2394 2396 2393
f 2394 2395 2396
f 2411 2395 2394
f 2343 2398 2397
f 2398 2399 2397
f 2398 2401 2399
f 2403 2401 2398
f 2401 2400 2399
f 2402 2407 2400
f 2401 2402 2400
f 2347 2403 2398
f 2403 2404 2401
f 2805 2835 2403
f 2835 2404 2403
f 2404 2402 2401
f 2404 2405 2402
f 2405 2409 2402
f 2836 2405 2404
f 2837 2415 2405
f 2339 2381 2406
f 2381 2434 2436
f 2381 2436 2406
f 2360 2406 2438
f 2409 2408 2407
f 2408 2411 2394
f 2410 2411 2408
f 2402 2409 2407
f 2409 2410 2408
f 2410 2413 2411
f 2413 2412 2411
f 2411 2412 2395
f 2413 2414 2412
f 2415 2410 2409
f 2405 2415 2409
f 2416 2413 2410
f 2415 2416 2410
f 2416 2417 2413
f 2844 2416 2415
f 2845 2417 2416
f 2417 2414 2413
f 2417 2418 2414
f 2846 2418 2417
f 2365 2891 2870
f 2233 2421 2378
f 2378 2423 2419
f 2419 2428 2420
f 2382 2420 2435
f 2382 2435 2434
f 2420 2441 2435
f 2233 2292 2421
f 2292 2422 2421
f 2292 2293 2422
f 2293 2297 2425
f 2293 2425 2422
f 2378 2421 2423
f 2421 2424 2423
f 2421 2422 2424
f 2422 2425 2430
f 2422 2430 2424
f 2297 2427 2425
f 2297 2426 2427
f 2425 2432 2430
f 2425 2427 2432
f 2419 2423 2428
f 2423 2424 2429
f 2423 2429 2428
f 2424 2430 2431
f 2424 2431 2429
f 2420 2428 2441
f 2428 2442 2441
f 2428 2429 2442
f 2429 2431 2445
f 2429 2445 2442
f 2430 2433 2431
f 2430 2432 2433
f 2431 2433 2446
f 2406 2436 2439
f 2434 2435 2437
f 2434 2437 2436
f 2436 2437 2440
f 2435 2443 2437
f 2406 2439 2438
f 2365 2438 2891
f 2438 2439 2893
f 2438 2893 2891
f 2436 2440 2439
f 2437 2449 2440
f 2439 2440 2894
f 2439 2894 2893
f 2440 2900 2894
f 2435 2441 2443
f 2441 2442 2444
f 2442 2445 2447
f 2441 2444 2443
f 2442 2447 2444
f 2431 2446 2445
f 2445 2446 2448
f 2445 2448 2447
f 2437 2443 2449
f 2443 2444 2450
f 2443 2450 2449
f 2444 2447 2451
f 2444 2451 2450
f 2440 2449 2900
f 2449 2901 2900
f 2449 2450 2901
f 2450 2451 2904
f 2450 2904 2901
f 2447 2452 2451
f 2447 2448 2452
f 2451 2452 2905
f 2250 2453 2249
f 2251 2454 2250
f 2252 2455 2251
f 2250 2454 2453
f 2251 2455 2454
f 2261 2456 2252
f 2252 2456 2455
f 2456 2467 2455
f 2263 2458 2262
f 2262 2457 2261
f 2261 2457 2456
f 2262 2458 2457
f 2457 2489 2456
f 2458 2490 2457
f 2458 2495 2490
f 2389 2459 2263
f 2263 2459 2458
f 2459 2495 2458
f 2459 2460 2495
f 2603 2460 2459
f 2249 2453 2461
f 2249 2461 2280
f 2280 2462 2281
f 2281 2463 2282
f 2282 2464 2283
f 2280 2461 2462
f 2281 2462 2463
f 2282 2463 2464
f 2453 2475 2461
f 2454 2465 2453
f 2455 2466 2454
f 2454 2466 2465
f 2453 2465 2475
f 2455 2467 2466
f 2456 2489 2467
f 2283 2474 2286
f 2283 2464 2474
f 2286 2500 2287
f 2286 2474 2500
f 2466 2468 2465
f 2467 2469 2466
f 2489 2470 2467
f 2466 2469 2468
f 2467 2470 2469
f 2469 2471 2468
f 2470 2472 2469
f 2470 2473 2472
f 2465 2480 2475
f 2465 2468 2480
f 2468 2471 2483
f 2469 2472 2471
f 2461 2476 2462
f 2462 2477 2463
f 2461 2475 2476
f 2462 2476 2477
f 2463 2478 2464
f 2463 2477 2478
f 2464 2478 2479
f 2464 2479 2474
f 2474 2479 2503
f 2475 2481 2476
f 2476 2482 2477
f 2477 2486 2478
f 2478 2487 2479
f 2468 2483 2480
f 2475 2480 2481
f 2476 2481 2482
f 2477 2482 2486
f 2478 2486 2487
f 2480 2484 2481
f 2480 2483 2484
f 2481 2485 2482
f 2481 2484 2485
f 2482 2488 2486
f 2482 2485 2488
f 2486 2506 2487
f 2486 2488 2506
f 2457 2490 2489
f 2287 2501 2295
f 2287 2500 2501
f 2295 2501 2502
f 2295 2502 2298
f 2298 2630 2426
f 2490 2491 2489
f 2495 2493 2490
f 2489 2491 2470
f 2490 2493 2491
f 2491 2473 2470
f 2491 2492 2473
f 2493 2492 2491
f 2495 2496 2493
f 2493 2494 2492
f 2496 2494 2493
f 2460 2496 2495
f 2496 2497 2494
f 2498 2497 2496
f 2460 2498 2496
f 2498 2499 2497
f 2474 2503 2500
f 2500 2503 2504
f 2500 2504 2501
f 2298 2502 2630
f 2501 2508 2502
f 2501 2504 2508
f 2502 2508 2632
f 2479 2505 2503
f 2503 2509 2504
f 2479 2487 2505
f 2487 2506 2507
f 2487 2507 2505
f 2503 2505 2509
f 2505 2507 2510
f 2505 2510 2509
f 2504 2511 2508
f 2504 2509 2511
f 2509 2510 2512
f 2509 2512 2511
f 2472 2513 2471
f 2473 2518 2472
f 2472 2518 2513
f 2471 2514 2483
f 2471 2513 2514
f 2483 2515 2484
f 2484 2516 2485
f 2483 2514 2515
f 2484 2515 2516
f 2485 2517 2488
f 2488 2524 2506
f 2485 2516 2517
f 2488 2517 2524
f 2514 2533 2515
f 2513 2532 2514
f 2515 2534 2516
f 2513 2527 2532
f 2527 2552 2532
f 2497 2520 2494
f 2492 2519 2473
f 2473 2519 2518
f 2492 2521 2519
f 2494 2521 2492
f 2494 2520 2521
f 2518 2527 2513
f 2519 2529 2518
f 2521 2528 2519
f 2520 2530 2521
f 2499 2522 2497
f 2497 2522 2520
f 2499 2645 2522
f 2522 2531 2520
f 2645 2523 2522
f 2521 2530 2528
f 2520 2531 2530
f 2522 2523 2531
f 2506 2525 2507
f 2506 2524 2525
f 2507 2525 2526
f 2507 2526 2510
f 2510 2656 2512
f 2510 2526 2656
f 2518 2529 2527
f 2519 2528 2529
f 2528 2540 2529
f 2529 2539 2527
f 2529 2540 2539
f 2530 2541 2528
f 2531 2542 2530
f 2528 2541 2540
f 2530 2542 2541
f 2527 2539 2552
f 2523 2546 2531
f 2531 2546 2542
f 2523 2547 2546
f 2516 2535 2517
f 2514 2532 2533
f 2515 2533 2534
f 2516 2534 2535
f 2532 2553 2533
f 2533 2554 2534
f 2532 2552 2553
f 2533 2553 2554
f 2517 2536 2524
f 2524 2537 2525
f 2525 2538 2526
f 2526 2659 2656
f 2517 2535 2536
f 2524 2536 2537
f 2534 2555 2535
f 2535 2556 2536
f 2534 2554 2555
f 2535 2555 2556
f 2536 2562 2537
f 2536 2556 2562
f 2525 2537 2538
f 2526 2538 2659
f 2537 2563 2538
f 2537 2562 2563
f 2538 2563 2707
f 2540 2544 2539
f 2541 2545 2540
f 2542 2543 2541
f 2540 2545 2544
f 2541 2543 2545
f 2546 2548 2542
f 2547 2549 2546
f 2547 2693 2549
f 2542 2548 2543
f 2546 2549 2548
f 2545 2565 2544
f 2543 2566 2545
f 2545 2566 2565
f 2548 2567 2543
f 2549 2550 2548
f 2543 2567 2566
f 2548 2550 2567
f 2693 2551 2549
f 2549 2551 2550
f 2552 2558 2553
f 2539 2557 2552
f 2539 2544 2557
f 2553 2559 2554
f 2554 2560 2555
f 2555 2561 2556
f 2552 2557 2558
f 2553 2558 2559
f 2554 2559 2560
f 2555 2560 2561
f 2556 2564 2562
f 2562 2708 2563
f 2556 2561 2564
f 2562 2564 2708
f 2544 2565 2568
f 2544 2568 2557
f 2557 2569 2558
f 2558 2570 2559
f 2557 2568 2569
f 2558 2569 2570
f 2559 2571 2560
f 2560 2572 2561
f 2565 2574 2585
f 2565 2585 2568
f 2566 2574 2565
f 2567 2575 2566
f 2550 2576 2567
f 2567 2576 2575
f 2566 2575 2574
f 2551 2577 2550
f 2550 2577 2576
f 2551 2721 2577
f 2561 2573 2564
f 2564 2712 2708
f 2559 2570 2571
f 2560 2571 2572
f 2568 2586 2569
f 2569 2587 2570
f 2570 2590 2571
f 2568 2585 2586
f 2569 2586 2587
f 2570 2587 2590
f 2561 2572 2573
f 2564 2573 2712
f 2571 2591 2572
f 2571 2590 2591
f 2572 2592 2573
f 2572 2591 2592
f 2575 2578 2574
f 2576 2579 2575
f 2577 2580 2576
f 2721 2581 2577
f 2577 2581 2580
f 2575 2579 2578
f 2574 2578 2588
f 2576 2580 2579
f 2580 2583 2579
f 2581 2584 2580
f 2579 2582 2578
f 2579 2583 2582
f 2580 2584 2583
f 2583 2596 2582
f 2584 2597 2583
f 2574 2588 2585
f 2585 2589 2586
f 2586 2593 2587
f 2585 2588 2589
f 2586 2589 2593
f 2587 2594 2590
f 2590 2595 2591
f 2591 2736 2592
f 2587 2593 2594
f 2590 2594 2595
f 2591 2595 2736
f 2578 2582 2598
f 2578 2598 2588
f 2583 2597 2596
f 2584 2741 2597
f 2582 2596 3324
f 2588 2599 2589
f 2589 2600 2593
f 2593 2601 2594
f 2588 2598 2599
f 2589 2599 2600
f 2593 2600 2601
f 2594 2602 2595
f 2594 2601 2602
f 2582 3324 2598
f 2598 3325 2599
f 2599 3326 2600
f 2389 2603 2459
f 2390 2603 2389
f 2390 2604 2603
f 2603 2605 2460
f 2604 2605 2603
f 2396 2604 2390
f 2396 2607 2604
f 2604 2606 2605
f 2607 2606 2604
f 2606 2626 2605
f 2609 2628 2606
f 2606 2628 2626
f 2395 2607 2396
f 2608 2609 2607
f 2607 2609 2606
f 2395 2608 2607
f 2412 2608 2395
f 2614 2611 2608
f 2608 2611 2609
f 2611 2610 2609
f 2609 2610 2628
f 2611 2612 2610
f 2612 2638 2610
f 2612 2613 2638
f 2414 2614 2412
f 2412 2614 2608
f 2614 2615 2611
f 2414 2618 2614
f 2618 2615 2614
f 2618 2620 2615
f 2615 2612 2611
f 2616 2613 2612
f 2615 2616 2612
f 2616 2617 2613
f 2620 2616 2615
f 2621 2617 2616
f 2620 2621 2616
f 2621 2622 2617
f 2418 2618 2414
f 2847 2619 2418
f 2418 2619 2618
f 2619 2620 2618
f 2619 2623 2620
f 3036 2623 2619
f 2623 2621 2620
f 2624 2622 2621
f 2623 2624 2621
f 2624 2625 2622
f 2622 2669 2617
f 2625 2672 2622
f 2625 2673 2672
f 2605 2498 2460
f 2605 2626 2498
f 2626 2499 2498
f 2626 2627 2499
f 2628 2627 2626
f 2628 2629 2627
f 2610 2629 2628
f 2426 2631 2427
f 2426 2630 2631
f 2502 2632 2630
f 2630 2632 2635
f 2427 2639 2432
f 2427 2631 2639
f 2630 2635 2631
f 2631 2635 2641
f 2508 2633 2632
f 2508 2511 2633
f 2511 2512 2634
f 2511 2634 2633
f 2632 2633 2636
f 2632 2636 2635
f 2633 2634 2637
f 2633 2637 2636
f 2635 2636 2642
f 2636 2637 2643
f 2610 2638 2629
f 2432 2640 2433
f 2432 2639 2640
f 2631 2641 2639
f 2639 2641 2644
f 2433 2640 2665
f 2639 2644 2640
f 2640 2644 2667
f 2635 2642 2641
f 2636 2643 2642
f 2641 2642 2654
f 2641 2654 2644
f 2642 2643 2655
f 2642 2655 2654
f 2627 2645 2499
f 2627 2646 2645
f 2646 2648 2645
f 2629 2646 2627
f 2629 2647 2646
f 2647 2649 2646
f 2645 2648 2523
f 2646 2649 2648
f 2649 2691 2648
f 2647 2652 2649
f 2652 2694 2649
f 2652 2700 2694
f 2512 2656 2657
f 2512 2657 2634
f 2634 2658 2637
f 2648 2547 2523
f 2648 2691 2547
f 2649 2694 2691
f 2638 2647 2629
f 2638 2650 2647
f 2650 2652 2647
f 2613 2650 2638
f 2613 2651 2650
f 2651 2653 2650
f 2650 2653 2652
f 2653 2700 2652
f 2653 2699 2700
f 2651 2670 2653
f 2670 2699 2653
f 2670 2755 2699
f 2656 2660 2657
f 2634 2657 2658
f 2657 2663 2658
f 2656 2659 2660
f 2538 2707 2659
f 2659 2710 2660
f 2659 2707 2710
f 2657 2660 2663
f 2660 2715 2663
f 2660 2710 2715
f 2637 2661 2643
f 2637 2658 2661
f 2658 2664 2661
f 2643 2662 2655
f 2643 2661 2662
f 2661 2685 2662
f 2658 2663 2664
f 2663 2715 2716
f 2663 2716 2664
f 2661 2664 2685
f 2664 2716 2769
f 2664 2769 2685
f 2433 2665 2446
f 2640 2667 2665
f 2446 2666 2448
f 2446 2665 2666
f 2665 2667 2678
f 2665 2678 2666
f 2644 2676 2667
f 2644 2654 2676
f 2448 2666 2668
f 2448 2668 2452
f 2452 2668 3060
f 2617 2651 2613
f 2617 2669 2651
f 2669 2670 2651
f 2622 2672 2669
f 2672 2671 2669
f 2669 2671 2670
f 2671 2755 2670
f 2671 2756 2755
f 2674 2756 2671
f 2673 2674 2672
f 2672 2674 2671
f 2674 2761 2756
f 2673 2675 2674
f 2675 2761 2674
f 2675 3093 2761
f 2654 2655 2677
f 2654 2677 2676
f 2667 2679 2678
f 2667 2676 2679
f 2676 2677 2680
f 2676 2680 2679
f 2666 2678 2681
f 2666 2681 2668
f 2668 2681 3061
f 2678 2682 2681
f 2678 2679 2682
f 2679 2680 2683
f 2679 2683 2682
f 2681 2682 3062
f 2682 2683 3063
f 2655 2662 2684
f 2655 2684 2677
f 2662 2686 2684
f 2677 2684 2687
f 2677 2687 2680
f 2684 2689 2687
f 2662 2685 2686
f 2685 2771 2686
f 2685 2769 2771
f 2684 2686 2689
f 2686 2771 2775
f 2680 2687 2688
f 2680 2688 2683
f 2687 2690 2688
f 2687 2689 2690
f 2686 2775 2689
f 2689 2775 2777
f 2689 2777 2690
f 2691 2693 2547
f 2694 2692 2691
f 2691 2692 2693
f 2700 2695 2694
f 2694 2695 2692
f 2692 2696 2693
f 2693 2696 2551
f 2692 2697 2696
f 2697 2722 2696
f 2701 2698 2695
f 2695 2697 2692
f 2695 2698 2697
f 2698 2725 2697
f 2698 2742 2725
f 2699 2701 2700
f 2700 2701 2695
f 2755 2702 2699
f 2699 2702 2701
f 2702 2703 2701
f 2701 2703 2698
f 2703 2742 2698
f 2703 2705 2742
f 2702 2704 2703
f 2757 2704 2702
f 2704 2705 2703
f 2704 2706 2705
f 2706 2744 2705
f 2563 2709 2707
f 2563 2708 2709
f 2707 2709 2711
f 2707 2711 2710
f 2710 2717 2715
f 2710 2711 2717
f 2696 2721 2551
f 2696 2722 2721
f 2697 2725 2722
f 2708 2712 2713
f 2708 2713 2709
f 2573 2735 2712
f 2573 2592 2735
f 2712 2738 2713
f 2712 2735 2738
f 2709 2714 2711
f 2709 2713 2714
f 2711 2714 2719
f 2713 2738 2739
f 2713 2739 2714
f 2715 2718 2716
f 2715 2717 2718
f 2716 2770 2769
f 2716 2718 2770
f 2711 2719 2717
f 2717 2719 2720
f 2714 2750 2719
f 2714 2739 2750
f 2717 2720 2718
f 2718 2720 2773
f 2719 2752 2720
f 2719 2750 2752
f 2722 2724 2721
f 2725 2723 2722
f 2721 2724 2581
f 2722 2723 2724
f 2742 2726 2725
f 2725 2726 2723
f 2742 2743 2726
f 2724 2727 2581
f 2724 2729 2727
f 2581 2727 2584
f 2723 2729 2724
f 2723 2731 2729
f 2727 2741 2584
f 2727 2728 2741
f 2729 2728 2727
f 2729 2730 2728
f 2731 2730 2729
f 2743 2733 2726
f 2726 2731 2723
f 2726 2733 2731
f 2731 2732 2730
f 2733 2732 2731
f 2733 2734 2732
f 2592 2737 2735
f 2592 2736 2737
f 2735 2737 2740
f 2735 2740 2738
f 2738 2751 2739
f 2738 2740 2751
f 2595 3328 2736
f 2595 2602 3328
f 2736 3331 2737
f 2736 3328 3331
f 2737 3333 2740
f 2737 3331 3333
f 2740 3333 3335
f 2705 2743 2742
f 2705 2744 2743
f 2706 2745 2744
f 2744 2746 2743
f 2744 2748 2746
f 2743 2746 2733
f 2746 2734 2733
f 2746 2747 2734
f 2748 2747 2746
f 2745 2748 2744
f 2745 2780 2748
f 2748 2749 2747
f 2780 2749 2748
f 2780 2781 2749
f 2739 2753 2750
f 2739 2751 2753
f 2750 2754 2752
f 2750 2753 2754
f 2740 3335 2751
f 2751 3337 2753
f 2756 2757 2755
f 2761 2758 2756
f 2755 2757 2702
f 2756 2758 2757
f 2757 2759 2704
f 2758 2759 2757
f 2759 2706 2704
f 2759 2764 2706
f 2758 2760 2759
f 2760 2764 2759
f 2760 2765 2764
f 2761 2762 2758
f 3093 2762 2761
f 3093 3094 2762
f 2762 2760 2758
f 2762 2763 2760
f 2763 2765 2760
f 2763 2767 2765
f 3094 2763 2762
f 3094 3097 2763
f 3097 2767 2763
f 3097 3102 2767
f 2764 2745 2706
f 2764 2779 2745
f 2765 2779 2764
f 2765 2766 2779
f 2767 2766 2765
f 2767 2768 2766
f 3102 2768 2767
f 3103 2788 2768
f 2769 2770 2772
f 2769 2772 2771
f 2771 2772 2776
f 2718 2773 2770
f 2770 2773 2774
f 2720 2784 2773
f 2720 2752 2784
f 2770 2774 2772
f 2773 2785 2774
f 2773 2784 2785
f 2771 2776 2775
f 2775 3108 2777
f 2775 2776 3108
f 2772 2778 2776
f 2772 2774 2778
f 2774 2785 3345
f 2774 3345 2778
f 2776 2778 3111
f 2776 3111 3108
f 2778 3345 3373
f 2778 3373 3111
f 2779 2780 2745
f 2779 2782 2780
f 2782 2781 2780
f 2782 2783 2781
f 2766 2782 2779
f 2766 2786 2782
f 2786 2783 2782
f 2786 2787 2783
f 2752 3339 2784
f 2752 2754 3339
f 2784 3344 2785
f 2768 2786 2766
f 2788 2787 2786
f 2768 2788 2786
f 2788 2789 2787
f 3113 2789 2788
f 2791 2792 2790
f 1544 2791 2790
f 2791 2794 2792
f 2794 2793 2792
f 2794 2799 2793
f 1547 2795 2791
f 2795 2794 2791
f 2795 2796 2794
f 2796 2799 2794
f 1560 2797 2795
f 2797 2796 2795
f 2797 2822 2796
f 2798 2822 2797
f 1563 2798 2797
f 2799 2801 2793
f 2800 2802 2799
f 2796 2800 2799
f 2802 2803 2801
f 2799 2802 2801
f 2802 2807 2803
f 2807 2804 2803
f 2808 2805 2804
f 2807 2808 2804
f 2809 2835 2805
f 2808 2809 2805
f 2806 2807 2802
f 2800 2806 2802
f 2806 2810 2807
f 2810 2808 2807
f 2811 2809 2808
f 2812 2838 2809
f 2810 2811 2808
f 2811 2812 2809
f 1414 2352 2813
f 2352 2355 2814
f 2352 2814 2813
f 1888 2813 2816
f 2813 2814 2817
f 2355 2815 2814
f 2355 2356 2815
f 2356 2819 2815
f 2814 2815 2818
f 2813 2817 2816
f 1891 2816 2834
f 2816 2817 2878
f 2814 2818 2817
f 2815 2874 2818
f 2356 2362 2819
f 2362 2820 2871
f 2362 2871 2819
f 2820 2821 2872
f 2815 2819 2874
f 2822 2800 2796
f 2823 2806 2800
f 2822 2823 2800
f 2824 2823 2822
f 2798 2824 2822
f 2926 2824 2798
f 2825 2826 2823
f 2824 2825 2823
f 2927 2825 2824
f 2928 2830 2825
f 2823 2826 2806
f 2826 2810 2806
f 2826 2827 2810
f 2827 2811 2810
f 2827 2828 2811
f 2828 2812 2811
f 2828 2829 2812
f 2829 2839 2812
f 2825 2830 2826
f 2830 2827 2826
f 2830 2831 2827
f 2932 2831 2830
f 2831 2828 2827
f 2831 2832 2828
f 2832 2829 2828
f 2833 2855 2829
f 2832 2833 2829
f 2933 2832 2831
f 2934 2833 2832
f 2935 2858 2833
f 2816 2878 2834
f 2835 2836 2404
f 2809 2838 2835
f 2838 2836 2835
f 2838 2840 2836
f 2836 2837 2405
f 2840 2837 2836
f 2840 2841 2837
f 2841 2844 2837
f 2839 2840 2838
f 2812 2839 2838
f 2839 2842 2840
f 2842 2841 2840
f 2843 2848 2841
f 2842 2843 2841
f 2837 2844 2415
f 2844 2845 2416
f 2845 2846 2417
f 2848 2845 2844
f 2841 2848 2844
f 2849 2846 2845
f 2848 2849 2845
f 2849 2852 2846
f 2846 2847 2418
f 2852 2847 2846
f 2852 2853 2847
f 2850 2849 2848
f 2851 2852 2849
f 2843 2850 2848
f 2850 2851 2849
f 2851 2854 2852
f 2854 2853 2852
f 2854 2863 2853
f 2829 2855 2839
f 2855 2842 2839
f 2855 2856 2842
f 2856 2843 2842
f 2857 2850 2843
f 2856 2857 2843
f 2833 2858 2855
f 2858 2856 2855
f 2858 2859 2856
f 2954 2859 2858
f 2859 2857 2856
f 2859 2860 2857
f 2955 2860 2859
f 2860 2861 2857
f 2957 2866 2860
f 2861 2851 2850
f 2862 2854 2851
f 2857 2861 2850
f 2861 2862 2851
f 2862 2864 2854
f 2864 2863 2854
f 2864 2865 2863
f 2866 2862 2861
f 2860 2866 2861
f 2867 2864 2862
f 2866 2867 2862
f 2867 2868 2864
f 2960 2867 2866
f 2961 2868 2867
f 2868 2865 2864
f 2868 2869 2865
f 2962 2869 2868
f 2817 2818 2879
f 2821 2870 2873
f 2820 2872 2871
f 2821 2873 2872
f 2870 2892 2873
f 2819 2871 2875
f 2819 2875 2874
f 2818 2874 2883
f 2874 2875 2884
f 2871 2872 2876
f 2871 2876 2875
f 2872 2873 2877
f 2872 2877 2876
f 2873 2897 2877
f 2875 2876 2885
f 2876 2877 2886
f 1901 2834 2880
f 2834 2878 2881
f 2834 2881 2880
f 2817 2879 2878
f 2818 2883 2879
f 2878 2879 2882
f 2878 2882 2881
f 2879 2887 2882
f 1925 2880 2982
f 2880 2881 2984
f 2880 2984 2982
f 2881 2882 2985
f 2881 2985 2984
f 2882 2988 2985
f 2874 2884 2883
f 2879 2883 2887
f 2883 2884 2888
f 2883 2888 2887
f 2875 2885 2884
f 2876 2886 2885
f 2877 2912 2886
f 2884 2885 2889
f 2885 2886 2890
f 2882 2887 2988
f 2887 2888 2989
f 2887 2989 2988
f 2884 2889 2888
f 2885 2890 2889
f 2886 2915 2890
f 2888 2889 2990
f 2888 2990 2989
f 2889 2890 2991
f 2889 2991 2990
f 2890 3015 2991
f 2870 2891 2892
f 2891 2893 2895
f 2891 2895 2892
f 2893 2894 2896
f 2893 2896 2895
f 2894 2902 2896
f 2873 2892 2897
f 2892 2895 2898
f 2892 2898 2897
f 2877 2897 2912
f 2897 2898 2913
f 2895 2896 2899
f 2895 2899 2898
f 2896 2907 2899
f 2898 2899 2914
f 2894 2900 2902
f 2900 2901 2903
f 2901 2904 2906
f 2900 2903 2902
f 2901 2906 2903
f 2451 2905 2904
f 2904 2909 2906
f 2904 2905 2909
f 2896 2902 2907
f 2902 2908 2907
f 2902 2903 2908
f 2903 2906 2910
f 2903 2910 2908
f 2906 2909 2911
f 2906 2911 2910
f 2897 2913 2912
f 2886 2912 2915
f 2912 2913 2916
f 2898 2914 2913
f 2899 2918 2914
f 2913 2914 2917
f 2912 2916 2915
f 2890 2915 3015
f 2913 2917 2916
f 2899 2907 2918
f 2915 2916 3016
f 2915 3016 3015
f 2914 2922 2917
f 2916 2917 3017
f 2916 3017 3016
f 2917 3024 3017
f 2907 2919 2918
f 2907 2908 2919
f 2908 2910 2920
f 2908 2920 2919
f 2914 2918 2922
f 2918 2919 2923
f 2919 2920 2924
f 2910 2921 2920
f 2910 2911 2921
f 2920 2921 2925
f 2918 2923 2922
f 2919 2924 2923
f 2917 2922 3024
f 2922 3025 3024
f 2922 2923 3025
f 2923 2924 3026
f 2923 3026 3025
f 2920 2925 2924
f 2924 3027 3026
f 2924 2925 3027
f 1963 2926 2798
f 2926 2927 2824
f 2929 2927 2926
f 2927 2928 2825
f 2930 2928 2927
f 2931 2932 2928
f 1966 2929 2926
f 2929 2930 2927
f 2940 2930 2929
f 2930 2931 2928
f 2941 2931 2930
f 2942 2936 2931
f 2928 2932 2830
f 2932 2933 2831
f 2936 2933 2932
f 2933 2934 2832
f 2934 2935 2833
f 2938 2934 2933
f 2939 2935 2934
f 2937 2954 2935
f 2931 2936 2932
f 2936 2938 2933
f 2946 2938 2936
f 2938 2939 2934
f 2939 2937 2935
f 2947 2939 2938
f 2948 2937 2939
f 2949 2956 2937
f 1979 2940 2929
f 2940 2941 2930
f 2943 2941 2940
f 2941 2942 2931
f 2944 2942 2941
f 2945 2946 2942
f 1982 2943 2940
f 2943 2944 2941
f 3748 2944 2943
f 2944 2945 2942
f 3749 2945 2944
f 3750 2950 2945
f 2942 2946 2936
f 2946 2947 2938
f 2950 2947 2946
f 2947 2948 2939
f 2948 2949 2937
f 2951 2948 2947
f 2952 2949 2948
f 2945 2950 2946
f 2950 2951 2947
f 3754 2951 2950
f 2951 2952 2948
f 2952 2953 2949
f 2953 2968 2949
f 3755 2952 2951
f 3755 3756 2952
f 3756 2953 2952
f 3757 2971 2953
f 3756 3757 2953
f 2935 2954 2858
f 2954 2955 2859
f 2956 2955 2954
f 2937 2956 2954
f 2956 2958 2955
f 2955 2957 2860
f 2958 2957 2955
f 2959 2960 2957
f 2968 2958 2956
f 2958 2959 2957
f 2969 2959 2958
f 2970 2964 2959
f 2957 2960 2866
f 2960 2961 2867
f 2961 2962 2868
f 2964 2961 2960
f 2965 2962 2961
f 2962 2963 2869
f 2966 2963 2962
f 2959 2964 2960
f 2964 2965 2961
f 2965 2966 2962
f 2974 2965 2964
f 2975 2966 2965
f 2966 2967 2963
f 2976 2967 2966
f 2949 2968 2956
f 2968 2969 2958
f 2971 2969 2968
f 2969 2970 2959
f 2972 2970 2969
f 2972 2973 2970
f 2973 2974 2970
f 2953 2971 2968
f 2971 2972 2969
f 3757 3776 2971
f 3776 2972 2971
f 3776 3777 2972
f 3777 2973 2972
f 3777 3778 2973
f 3778 2978 2973
f 2970 2974 2964
f 2974 2975 2965
f 2973 2978 2974
f 2975 2976 2966
f 2978 2975 2974
f 2979 2976 2975
f 2978 2979 2975
f 2979 2980 2976
f 2976 2977 2967
f 2980 2977 2976
f 2980 2981 2977
f 3782 2979 2978
f 3778 3782 2978
f 3783 2980 2979
f 3782 3783 2979
f 3783 3784 2980
f 3784 2981 2980
f 3784 3794 2981
f 2017 2982 2983
f 2982 2984 2986
f 2982 2986 2983
f 2984 2985 2987
f 2984 2987 2986
f 2985 2995 2987
f 2020 2983 2992
f 2983 2986 2993
f 2985 2988 2995
f 2988 2989 2997
f 2988 2997 2995
f 2989 2990 2998
f 2983 2993 2992
f 2986 2987 2994
f 2986 2994 2993
f 2987 2996 2994
f 2990 2991 2999
f 2989 2998 2997
f 2990 2999 2998
f 2991 3018 2999
f 2987 2995 2996
f 2995 2997 3000
f 2995 3000 2996
f 2997 2998 3001
f 2998 2999 3002
f 2997 3001 3000
f 2998 3002 3001
f 2999 3020 3002
f 2026 2992 3003
f 2992 2993 3004
f 2992 3004 3003
f 2993 3005 3004
f 2993 2994 3005
f 2994 3009 3005
f 2039 3003 3006
f 3003 3004 3007
f 3003 3007 3006
f 2042 3006 5853
f 3006 3007 5854
f 3004 3008 3007
f 3004 3005 3008
f 3005 3013 3008
f 3007 3008 5855
f 2994 2996 3009
f 2996 3000 3010
f 2996 3010 3009
f 3000 3001 3011
f 3000 3011 3010
f 3001 3002 3012
f 3001 3012 3011
f 3002 3034 3012
f 3005 3009 3013
f 3009 3010 3014
f 3009 3014 3013
f 3010 3011 3351
f 3010 3351 3014
f 3011 3012 3352
f 3011 3352 3351
f 3012 3356 3352
f 2991 3015 3018
f 3015 3016 3019
f 3015 3019 3018
f 3016 3017 3021
f 3016 3021 3019
f 3017 3028 3021
f 2999 3018 3020
f 3018 3019 3022
f 3018 3022 3020
f 3019 3021 3023
f 3019 3023 3022
f 3021 3030 3023
f 3017 3024 3028
f 3024 3025 3029
f 3025 3026 3032
f 3024 3029 3028
f 3025 3032 3029
f 3026 3027 3033
f 3026 3033 3032
f 3021 3028 3030
f 3028 3029 3031
f 3029 3032 3353
f 3028 3031 3030
f 3029 3353 3031
f 3002 3020 3034
f 3020 3022 3035
f 3020 3035 3034
f 3022 3023 3355
f 3022 3355 3035
f 3012 3034 3356
f 2847 3036 2619
f 2853 3036 2847
f 2853 3040 3036
f 3036 3037 2623
f 3040 3037 3036
f 3037 2624 2623
f 3038 2625 2624
f 3037 3038 2624
f 3038 3039 2625
f 3041 3038 3037
f 3042 3039 3038
f 2863 3040 2853
f 3040 3041 3037
f 2863 3044 3040
f 3044 3041 3040
f 3044 3046 3041
f 3041 3042 3038
f 3042 3043 3039
f 3046 3042 3041
f 3047 3043 3042
f 3046 3047 3042
f 3047 3048 3043
f 3039 2673 2625
f 3039 3056 2673
f 3043 3056 3039
f 3043 3058 3056
f 3048 3058 3043
f 3048 3078 3058
f 2865 3044 2863
f 3045 3046 3044
f 2865 3045 3044
f 3045 3049 3046
f 3049 3047 3046
f 3050 3048 3047
f 3049 3050 3047
f 3050 3051 3048
f 2869 3045 2865
f 2869 3052 3045
f 3052 3049 3045
f 3052 3053 3049
f 2963 3052 2869
f 3140 3053 3052
f 3053 3050 3049
f 3054 3051 3050
f 3053 3054 3050
f 3054 3055 3051
f 3141 3054 3053
f 3142 3055 3054
f 3051 3078 3048
f 3051 3079 3078
f 3055 3079 3051
f 2452 3060 2905
f 3056 2675 2673
f 3058 3057 3056
f 3056 3057 2675
f 3057 3093 2675
f 3057 3095 3093
f 3059 3095 3057
f 3078 3059 3058
f 3058 3059 3057
f 3059 3099 3095
f 3078 3080 3059
f 3080 3099 3059
f 3080 3119 3099
f 2668 3061 3060
f 2905 3060 3064
f 2905 3064 2909
f 3060 3061 3066
f 3060 3066 3064
f 2681 3062 3061
f 2682 3063 3062
f 3061 3067 3066
f 3061 3062 3067
f 3062 3063 3068
f 3062 3068 3067
f 2909 3064 3065
f 3064 3066 3069
f 2909 3065 2911
f 3064 3069 3065
f 3066 3067 3070
f 3067 3068 3071
f 3066 3070 3069
f 3067 3071 3070
f 2683 3072 3063
f 2683 2688 3072
f 2688 3073 3072
f 3063 3072 3074
f 3063 3074 3068
f 3072 3076 3074
f 2688 2690 3073
f 2690 2777 3109
f 2690 3109 3073
f 3072 3073 3076
f 3073 3109 3112
f 3068 3074 3075
f 3068 3075 3071
f 3074 3077 3075
f 3074 3076 3077
f 3073 3112 3076
f 3076 3385 3077
f 3076 3112 3385
f 3079 3080 3078
f 3081 3119 3080
f 3079 3081 3080
f 3081 3121 3119
f 3055 3082 3079
f 3082 3081 3079
f 3146 3082 3055
f 3149 3083 3082
f 3082 3083 3081
f 3083 3121 3081
f 3083 3124 3121
f 2911 3065 3084
f 2911 3084 2921
f 3065 3069 3085
f 3065 3085 3084
f 2921 3084 3088
f 3084 3085 3089
f 3069 3086 3085
f 3069 3070 3086
f 3070 3071 3087
f 3070 3087 3086
f 3085 3086 3090
f 3086 3087 3091
f 2921 3088 2925
f 3084 3089 3088
f 2925 3088 3153
f 2925 3153 3027
f 3088 3089 3406
f 3088 3406 3153
f 3085 3090 3089
f 3086 3091 3090
f 3089 3407 3406
f 3089 3090 3407
f 3071 3075 3092
f 3071 3092 3087
f 3075 3367 3092
f 3087 3092 3368
f 3075 3077 3367
f 3087 3368 3091
f 3095 3094 3093
f 3099 3096 3095
f 3095 3096 3094
f 3096 3097 3094
f 3098 3102 3097
f 3096 3098 3097
f 3098 3104 3102
f 3099 3100 3096
f 3119 3100 3099
f 3119 3120 3100
f 3100 3098 3096
f 3100 3101 3098
f 3101 3104 3098
f 3101 3106 3104
f 3120 3101 3100
f 3120 3123 3101
f 3123 3106 3101
f 3104 3103 3102
f 3102 3103 2768
f 3104 3105 3103
f 3105 3113 3103
f 3106 3105 3104
f 3106 3107 3105
f 3128 3107 3106
f 3107 3115 3105
f 3107 3117 3115
f 3129 3117 3107
f 2777 3110 3109
f 2777 3108 3110
f 3109 3110 3371
f 3108 3370 3110
f 3108 3111 3370
f 3109 3371 3112
f 3103 3113 2788
f 3113 3114 2789
f 3105 3115 3113
f 3115 3114 3113
f 3115 3116 3114
f 3117 3116 3115
f 3117 3118 3116
f 3134 3118 3117
f 3121 3120 3119
f 3121 3122 3120
f 3122 3123 3120
f 3123 3128 3106
f 3122 3126 3123
f 3126 3128 3123
f 3126 3130 3128
f 3124 3122 3121
f 3124 3125 3122
f 3125 3126 3122
f 3127 3130 3126
f 3125 3127 3126
f 3127 3132 3130
f 3128 3129 3107
f 3130 3129 3128
f 3130 3131 3129
f 3129 3134 3117
f 3131 3134 3129
f 3131 3136 3134
f 3132 3131 3130
f 3132 3133 3131
f 3133 3136 3131
f 3134 3135 3118
f 3136 3135 3134
f 3136 3137 3135
f 3138 3137 3136
f 3133 3138 3136
f 3138 3139 3137
f 2963 3140 3052
f 3140 3141 3053
f 2967 3140 2963
f 3143 3141 3140
f 3141 3142 3054
f 3142 3146 3055
f 3144 3142 3141
f 3147 3146 3142
f 2967 3143 3140
f 3143 3144 3141
f 2977 3143 2967
f 2977 3145 3143
f 3145 3144 3143
f 3145 3154 3144
f 3144 3147 3142
f 2981 3145 2977
f 2981 3157 3145
f 3157 3154 3145
f 3794 3157 2981
f 3147 3148 3146
f 3154 3147 3144
f 3155 3148 3147
f 3154 3155 3147
f 3155 3156 3148
f 3146 3149 3082
f 3148 3149 3146
f 3151 3150 3149
f 3149 3150 3083
f 3150 3124 3083
f 3150 3170 3124
f 3152 3170 3150
f 3148 3151 3149
f 3156 3151 3148
f 3156 3164 3151
f 3164 3152 3151
f 3151 3152 3150
f 3152 3173 3170
f 3164 3165 3152
f 3165 3173 3152
f 3165 3184 3173
f 3027 3153 3411
f 3027 3411 3033
f 3157 3158 3154
f 3158 3155 3154
f 3159 3156 3155
f 3158 3159 3155
f 3159 3160 3156
f 3876 3158 3157
f 3794 3876 3157
f 3876 3161 3158
f 3161 3159 3158
f 3162 3160 3159
f 3161 3162 3159
f 3162 3163 3160
f 3166 3165 3164
f 3160 3164 3156
f 3160 3166 3164
f 3166 3168 3165
f 3168 3184 3165
f 3168 3188 3184
f 3163 3166 3160
f 3163 3167 3166
f 3167 3168 3166
f 3169 3188 3168
f 3167 3169 3168
f 3169 3190 3188
f 3170 3125 3124
f 3170 3171 3125
f 3173 3171 3170
f 3171 3127 3125
f 3171 3172 3127
f 3172 3132 3127
f 3172 3176 3132
f 3174 3172 3171
f 3175 3176 3172
f 3173 3174 3171
f 3184 3174 3173
f 3184 3185 3174
f 3174 3175 3172
f 3175 3178 3176
f 3185 3175 3174
f 3185 3186 3175
f 3186 3178 3175
f 3186 3192 3178
f 3176 3133 3132
f 3176 3177 3133
f 3178 3177 3176
f 3177 3138 3133
f 3178 3181 3177
f 3192 3181 3178
f 3177 3179 3138
f 3179 3139 3138
f 3179 3180 3139
f 3181 3179 3177
f 3182 3180 3179
f 3192 3194 3181
f 3181 3182 3179
f 3182 3183 3180
f 3194 3182 3181
f 3194 3197 3182
f 3197 3183 3182
f 3197 3198 3183
f 3188 3185 3184
f 3188 3189 3185
f 3189 3186 3185
f 3187 3192 3186
f 3189 3187 3186
f 3190 3189 3188
f 3190 3191 3189
f 3191 3187 3189
f 3191 3193 3187
f 3187 3195 3192
f 3193 3195 3187
f 3193 3201 3195
f 3195 3194 3192
f 3195 3196 3194
f 3196 3197 3194
f 3199 3198 3197
f 3196 3199 3197
f 3199 3200 3198
f 3201 3196 3195
f 3201 3202 3196
f 3202 3199 3196
f 3202 3203 3199
f 3203 3200 3199
f 3203 3204 3200
f 3909 3203 3202
f 3910 3204 3203
f 3205 3206 3219
f 3206 3207 3220
f 3207 3208 3221
f 3208 3209 3222
f 3209 3210 3223
f 3210 3211 3224
f 3205 3219 3218
f 3206 3220 3219
f 3207 3221 3220
f 3208 3222 3221
f 3209 3223 3222
f 3210 3224 3223
f 18 4003 4289
f 3211 3212 3225
f 3212 3213 3226
f 3213 3214 3227
f 3214 3215 3228
f 3215 3216 3230
f 3211 3225 3224
f 3212 3226 3225
f 3213 3227 3226
f 3214 3228 3227
f 3215 3230 3228
f 3218 3219 3239
f 3219 3220 3240
f 18 4289 4297
f 3220 3221 3241
f 3218 3239 3238
f 3219 3240 3239
f 3220 3241 3240
f 3221 3222 3242
f 3222 3223 3243
f 3223 3224 3244
f 3221 3242 3241
f 3222 3243 3242
f 3223 3244 3243
f 18 4297 4321
f 3227 3228 3248
f 3228 3230 3249
f 3224 3225 3245
f 3225 3226 3246
f 3224 3245 3244
f 3225 3246 3245
f 3226 3247 3246
f 3226 3227 3247
f 3227 3248 3247
f 3228 3249 3248
f 3216 3217 3231
f 3217 1822 3232
f 1822 1823 3229
f 3216 3231 3230
f 3217 3232 3231
f 1822 3229 3232
f 1823 1824 3233
f 1824 1826 3235
f 1826 1825 3234
f 1826 3234 3235
f 1825 3277 3234
f 1823 3233 3229
f 1824 3235 3233
f 3230 3231 3250
f 3231 3232 3251
f 3232 3229 3236
f 3230 3250 3249
f 3231 3251 3250
f 3232 3236 3251
f 3233 3235 3253
f 3229 3233 3237
f 3235 3234 3252
f 3235 3252 3253
f 3234 3283 3252
f 3229 3237 3236
f 3233 3253 3237
f 3238 3239 3255
f 3239 3240 3256
f 3240 3241 3257
f 3241 3242 3258
f 3242 3243 3259
f 3243 3244 3260
f 3244 3245 3261
f 18 4321 4332
f 3238 3255 3254
f 3239 3256 3255
f 3240 3257 3256
f 3241 3258 3257
f 3242 3259 3258
f 3243 3260 3259
f 18 4332 4344
f 3245 3246 3262
f 3244 3261 3260
f 3245 3262 3261
f 3246 3264 3262
f 3246 3247 3264
f 3247 3248 3263
f 3248 3249 3268
f 3247 3263 3264
f 3248 3268 3263
f 3254 3255 3300
f 3255 3256 3301
f 3256 3257 3302
f 3257 3258 3303
f 3258 3259 3304
f 3259 3260 3305
f 3260 3261 3306
f 3261 3262 3307
f 3264 3263 3309
f 3262 3264 3308
f 18 4344 4405
f 3261 3307 3306
f 3262 3308 3307
f 3263 3268 3310
f 3264 3309 3308
f 3263 3310 3309
f 3249 3250 3269
f 3250 3251 3270
f 3251 3236 3271
f 3249 3269 3268
f 3250 3270 3269
f 3251 3271 3270
f 3236 3237 3265
f 3237 3253 3267
f 3253 3252 3266
f 3253 3266 3267
f 3252 3296 3266
f 3236 3265 3271
f 3237 3267 3265
f 3269 3270 3312
f 3270 3271 3313
f 3268 3269 3311
f 3268 3311 3310
f 3269 3312 3311
f 3270 3313 3312
f 3265 3267 3274
f 3271 3265 3272
f 3267 3266 3273
f 3271 3272 3313
f 3267 3273 3274
f 3266 3951 3273
f 3265 3274 3272
f 1843 3275 3277
f 1841 3276 3275
f 3234 3277 3283
f 3277 3275 3281
f 3275 3276 3282
f 1842 3278 3276
f 3278 3279 3285
f 3276 3278 3284
f 3277 3281 3283
f 3275 3282 3281
f 3276 3284 3282
f 3279 3280 3286
f 3280 1850 3287
f 3279 3286 3285
f 3278 3285 3284
f 3252 3283 3296
f 3283 3281 3294
f 3281 3282 3295
f 3284 3285 3298
f 3282 3284 3297
f 3282 3297 3295
f 3284 3298 3297
f 3285 3290 3298
f 1850 1851 3288
f 1850 3288 3287
f 3280 3287 3286
f 1851 1852 3289
f 1851 3289 3288
f 1852 3314 3289
f 3288 3289 3293
f 3286 3287 3291
f 3285 3286 3290
f 3287 3288 3292
f 3289 3314 3318
f 3287 3292 3291
f 3286 3291 3290
f 3288 3293 3292
f 3289 3318 3293
f 3292 3293 3957
f 3293 3318 4151
f 3283 3294 3296
f 3281 3295 3294
f 3266 3296 3951
f 3296 3294 3949
f 3294 3295 3950
f 3297 3298 3953
f 3295 3297 3952
f 3295 3952 3950
f 3298 3954 3953
f 3297 3953 3952
f 3296 3949 3951
f 3294 3950 3949
f 3298 3290 3954
f 3290 3291 3955
f 3291 3292 3956
f 3254 3300 3299
f 3255 3301 3300
f 3256 3302 3301
f 3257 3303 3302
f 3258 3304 3303
f 3259 3305 3304
f 3301 3302 3965
f 3299 3300 3963
f 3300 3301 3964
f 3302 3303 3966
f 3303 3304 3967
f 3304 3305 3968
f 3260 3306 3305
f 3305 3306 3969
f 3306 3307 3970
f 3307 3308 3971
f 3308 3309 3972
f 3309 3310 3977
f 3310 3311 3976
f 1996 3315 3314
f 1995 3316 3315
f 3314 3315 3319
f 3315 3316 3320
f 3315 3320 3319
f 3316 3317 3321
f 3317 3322 3323
f 3316 3321 3320
f 3317 3323 3321
f 3314 3319 3318
f 3322 2007 4144
f 2007 2008 4145
f 2007 4145 4144
f 3322 4144 3323
f 2008 2009 4146
f 2008 4146 4145
f 2009 4168 4146
f 2032 4169 4168
f 2598 3324 3325
f 2599 3325 3326
f 2600 3327 2601
f 2600 3326 3327
f 2601 3327 3329
f 2601 3329 2602
f 2602 3329 3330
f 2602 3330 3328
f 3328 3330 3332
f 3328 3332 3331
f 3331 3332 3334
f 3331 3334 3333
f 3333 3334 3336
f 2751 3335 3337
f 3333 3336 3335
f 3335 3336 3338
f 2753 3337 3340
f 2753 3340 2754
f 3335 3338 3337
f 3337 3341 3340
f 3337 3338 3341
f 2784 3339 3344
f 2754 3340 3342
f 2754 3342 3339
f 3340 3341 3343
f 3340 3343 3342
f 3339 3342 3347
f 3339 3347 3344
f 3342 3343 3348
f 3342 3348 3347
f 2785 3346 3345
f 2785 3344 3346
f 3345 3374 3373
f 3345 3346 3374
f 3344 3349 3346
f 3344 3347 3349
f 3347 3348 3350
f 3346 3349 3377
f 3347 3350 3349
f 3349 3350 3378
f 3008 3013 5859
f 3013 3014 5860
f 3014 3351 5861
f 3351 3352 5862
f 3032 3033 3354
f 3032 3354 3353
f 3023 3359 3355
f 3035 3355 3358
f 3034 3035 3357
f 3034 3357 3356
f 3352 3356 5888
f 3356 3357 5889
f 3035 3358 3357
f 3355 3363 3358
f 3357 3358 5890
f 3023 3030 3359
f 3030 3360 3359
f 3030 3031 3360
f 3031 3353 3361
f 3031 3361 3360
f 3355 3359 3363
f 3359 3360 3364
f 3360 3361 3366
f 3353 3354 3362
f 3353 3362 3361
f 3361 3362 3365
f 3359 3364 3363
f 3360 3366 3364
f 3358 3363 5894
f 3363 3364 5895
f 3364 3366 5896
f 3361 3365 3366
f 3366 3365 5897
f 3090 3091 3408
f 3090 3408 3407
f 3077 3385 3387
f 3077 3387 3367
f 3092 3367 3369
f 3367 3387 3391
f 3092 3369 3368
f 3091 3368 3417
f 3091 3417 3408
f 3368 3418 3417
f 3367 3391 3369
f 3368 3369 3418
f 3369 3391 3435
f 3369 3435 3418
f 3111 3373 3375
f 3110 3370 3372
f 3111 3375 3370
f 3370 3375 3381
f 3112 3386 3385
f 3112 3371 3386
f 3110 3372 3371
f 3370 3381 3372
f 3371 3372 3389
f 3371 3389 3386
f 3372 3381 3394
f 3372 3394 3389
f 3373 3374 3376
f 3373 3376 3375
f 3346 3377 3374
f 3374 3377 3379
f 3349 3378 3377
f 3374 3379 3376
f 3377 3378 3380
f 3377 3380 3379
f 3375 3382 3381
f 3375 3376 3382
f 3381 3395 3394
f 3381 3382 3395
f 3376 3379 3383
f 3376 3383 3382
f 3379 3380 3384
f 3379 3384 3383
f 3382 3398 3395
f 3382 3383 3398
f 3383 3384 3399
f 3385 3386 3388
f 3385 3388 3387
f 3386 3389 3390
f 3389 3394 3396
f 3386 3390 3388
f 3389 3396 3390
f 3387 3392 3391
f 3387 3388 3392
f 3391 3392 3436
f 3388 3390 3393
f 3388 3393 3392
f 3390 3396 3402
f 3390 3402 3393
f 3392 3393 3437
f 3393 3402 3443
f 3394 3395 3397
f 3394 3397 3396
f 3395 3398 3400
f 3383 3399 3398
f 3398 3399 3401
f 3395 3400 3397
f 3398 3401 3400
f 3396 3403 3402
f 3396 3397 3403
f 3402 3403 3444
f 3397 3400 3404
f 3397 3404 3403
f 3400 3401 3405
f 3400 3405 3404
f 3403 3404 3446
f 3404 3405 3447
f 3153 3406 3409
f 3153 3409 3411
f 3406 3407 3410
f 3407 3408 3413
f 3406 3410 3409
f 3407 3413 3410
f 3033 3411 3412
f 3411 3409 3414
f 3033 3412 3354
f 3411 3414 3412
f 3409 3410 3415
f 3410 3413 3416
f 3409 3415 3414
f 3410 3416 3415
f 3408 3417 3419
f 3408 3419 3413
f 3417 3421 3419
f 3417 3418 3421
f 3418 3435 3438
f 3418 3438 3421
f 3413 3419 3420
f 3413 3420 3416
f 3419 3422 3420
f 3419 3421 3422
f 3421 3438 3440
f 3421 3440 3422
f 3354 3412 3423
f 3354 3423 3362
f 3412 3414 3424
f 3412 3424 3423
f 3362 3423 3427
f 3423 3424 3428
f 3414 3425 3424
f 3414 3415 3425
f 3415 3416 3426
f 3415 3426 3425
f 3424 3425 3430
f 3425 3426 3431
f 3362 3427 3365
f 3423 3428 3427
f 3365 3427 6001
f 3427 3428 6002
f 3424 3430 3428
f 3425 3431 3430
f 3416 3420 3429
f 3416 3429 3426
f 3420 3432 3429
f 3426 3429 3433
f 3420 3422 3432
f 3422 3440 3456
f 3422 3456 3432
f 3426 3433 3431
f 3427 6002 6001
f 3428 6003 6002
f 3428 3430 6003
f 3430 3431 6004
f 3430 6004 6003
f 3429 3432 3434
f 3432 3456 3459
f 3429 3434 3433
f 3431 3433 6013
f 3431 6013 6004
f 3433 6014 6013
f 3432 3459 3434
f 3433 3434 6014
f 3434 3459 6019
f 3434 6019 6014
f 3391 3436 3435
f 3435 3439 3438
f 3435 3436 3439
f 3392 3437 3436
f 3393 3443 3437
f 3436 3437 3442
f 3436 3442 3439
f 3437 3443 3448
f 3437 3448 3442
f 3438 3439 3441
f 3438 3441 3440
f 3439 3442 3445
f 3439 3445 3441
f 3402 3444 3443
f 3443 3449 3448
f 3443 3444 3449
f 3403 3446 3444
f 3442 3448 3450
f 3442 3450 3445
f 3404 3447 3446
f 3444 3446 3452
f 3444 3452 3449
f 3446 3447 3453
f 3446 3453 3452
f 3448 3449 3451
f 3448 3451 3450
f 3449 3452 3454
f 3452 3453 3455
f 3449 3454 3451
f 3452 3455 3454
f 3440 3457 3456
f 3440 3441 3457
f 3456 3457 3460
f 3441 3445 3458
f 3441 3458 3457
f 3445 3450 3462
f 3445 3462 3458
f 3457 3458 3461
f 3458 3462 3466
f 3456 3460 3459
f 3459 3460 6020
f 3457 3461 3460
f 3458 3466 3461
f 3459 6020 6019
f 3460 3461 6023
f 3460 6023 6020
f 3461 3466 6025
f 3461 6025 6023
f 3450 3463 3462
f 3450 3451 3463
f 3451 3454 3464
f 3451 3464 3463
f 3454 3455 3465
f 3462 3463 3467
f 3454 3465 3464
f 3463 3464 3468
f 3464 3465 3469
f 3462 3467 3466
f 3466 3467 6026
f 3466 6026 6025
f 3463 3468 3467
f 3464 3469 3468
f 3467 3468 6052
f 3467 6052 6026
f 3468 3469 6053
f 3468 6053 6052
f 3473 3474 1813
f 3541 3473 3472
f 3542 3474 3473
f 3543 3475 3474
f 3476 3477 1821
f 3477 3478 1820
f 3478 3607 1953
f 3474 3475 1818
f 3475 3476 1819
f 3545 3477 3476
f 3544 3476 3475
f 3479 3478 3477
f 3543 3544 3475
f 3544 3545 3476
f 3545 3479 3477
f 3480 3607 3478
f 3480 3611 3607
f 3479 3480 3478
f 3555 3611 3480
f 3481 1828 1827
f 3482 1829 1828
f 3483 1830 1829
f 3484 1831 1830
f 3485 1832 1831
f 3486 1833 1832
f 3481 3482 1828
f 3482 3483 1829
f 3483 3484 1830
f 3484 3485 1831
f 3485 3486 1832
f 3486 3487 1833
f 3487 1834 1833
f 3488 1835 1834
f 3489 1836 1835
f 3491 1837 1836
f 3490 1838 1837
f 3487 3488 1834
f 3488 3489 1835
f 3489 3491 1836
f 3491 3490 1837
f 3490 3497 1838
f 18 4438 4102
f 18 4489 4438
f 3492 3482 3481
f 3504 3483 3482
f 3505 3484 3483
f 3506 3485 3484
f 3507 3486 3485
f 3508 3487 3486
f 3492 3504 3482
f 3504 3505 3483
f 3505 3506 3484
f 3506 3507 3485
f 3507 3508 3486
f 3508 3509 3487
f 3509 3488 3487
f 3513 3497 3490
f 3510 3489 3488
f 3511 3491 3489
f 3512 3490 3491
f 3509 3510 3488
f 3510 3511 3489
f 3513 3514 3497
f 3511 3512 3491
f 3512 3513 3490
f 3497 1839 1838
f 3498 1840 1839
f 3501 3493 1840
f 3497 3498 1839
f 3498 3501 1840
f 3501 3502 3493
f 3503 3495 3494
f 3499 3496 3495
f 3500 3470 3496
f 3502 3494 3493
f 3502 3503 3494
f 3503 3499 3495
f 3499 3500 3496
f 3514 3498 3497
f 3515 3501 3498
f 3516 3502 3501
f 3514 3515 3498
f 3515 3516 3501
f 3516 3517 3502
f 3517 3503 3502
f 3518 3499 3503
f 3519 3500 3499
f 3518 3519 3499
f 3520 3539 3500
f 3519 3520 3500
f 3517 3518 3503
f 18 4505 4489
f 18 4515 4505
f 3536 3520 3519
f 3537 3547 3520
f 3521 3504 3492
f 3522 3505 3504
f 3523 3506 3505
f 3524 3507 3506
f 3525 3508 3507
f 3526 3509 3508
f 3521 3522 3504
f 3522 3523 3505
f 3523 3524 3506
f 3524 3525 3507
f 3525 3526 3508
f 3526 3527 3509
f 3527 3510 3509
f 3528 3511 3510
f 3529 3512 3511
f 3530 3513 3512
f 3531 3514 3513
f 3527 3528 3510
f 3528 3529 3511
f 3529 3530 3512
f 3530 3531 3513
f 3531 3533 3514
f 18 4573 4515
f 18 4582 4573
f 3564 3522 3521
f 3565 3523 3522
f 3566 3524 3523
f 3567 3525 3524
f 3568 3526 3525
f 3569 3527 3526
f 3564 3565 3522
f 3565 3566 3523
f 3566 3567 3524
f 3567 3568 3525
f 3568 3569 3526
f 3569 3570 3527
f 3570 3528 3527
f 3571 3529 3528
f 3572 3530 3529
f 3573 3531 3530
f 3574 3533 3531
f 3570 3571 3528
f 3571 3572 3529
f 3573 3574 3531
f 3572 3573 3530
f 3574 3577 3533
f 3533 3515 3514
f 3532 3516 3515
f 3534 3517 3516
f 3533 3532 3515
f 3532 3534 3516
f 3534 3535 3517
f 3535 3518 3517
f 3538 3519 3518
f 3535 3538 3518
f 3538 3536 3519
f 3536 3537 3520
f 3578 3534 3532
f 3575 3535 3534
f 3576 3538 3535
f 3579 3536 3538
f 3581 3537 3536
f 3580 3561 3537
f 3581 3580 3537
f 3577 3532 3533
f 3577 3578 3532
f 3578 3575 3534
f 3575 3576 3535
f 3576 3579 3538
f 3579 3581 3536
f 3539 3471 3470
f 3539 3540 3471
f 3540 3472 3471
f 3540 3541 3472
f 3500 3539 3470
f 3547 3540 3539
f 3548 3541 3540
f 3541 3542 3473
f 3542 3543 3474
f 3546 3544 3543
f 3549 3542 3541
f 3550 3543 3542
f 3547 3548 3540
f 3520 3547 3539
f 3548 3549 3541
f 3553 3545 3544
f 3554 3479 3545
f 3556 3480 3479
f 3549 3550 3542
f 3550 3546 3543
f 3561 3548 3547
f 3561 3562 3548
f 3562 3549 3548
f 3562 3563 3549
f 3563 3550 3549
f 3551 3546 3550
f 3552 3553 3546
f 3563 3551 3550
f 3551 3552 3546
f 3587 3557 3552
f 3554 3556 3479
f 3546 3553 3544
f 3553 3554 3545
f 3558 3556 3554
f 3556 3555 3480
f 3555 3660 3611
f 3559 3555 3556
f 3560 3660 3555
f 3557 3554 3553
f 3560 3666 3660
f 3552 3557 3553
f 3557 3558 3554
f 3558 3559 3556
f 3594 3558 3557
f 3595 3559 3558
f 3559 3560 3555
f 3583 3666 3560
f 3596 3560 3559
f 3537 3561 3547
f 3588 3562 3561
f 3584 3563 3562
f 3588 3584 3562
f 3580 3588 3561
f 3584 3585 3563
f 3585 3551 3563
f 3586 3552 3551
f 4049 3565 3564
f 4050 3566 3565
f 4051 3567 3566
f 4052 3568 3567
f 4053 3569 3568
f 4054 3570 3569
f 4055 3571 3570
f 4056 3572 3571
f 4057 3573 3572
f 4058 3574 3573
f 4059 3577 3574
f 4060 3578 3577
f 4061 3575 3578
f 4063 3576 3575
f 4063 4062 3576
f 4062 3579 3576
f 4064 3581 3579
f 4065 3580 3581
f 3582 3588 3580
f 4062 4064 3579
f 4064 4065 3581
f 4065 3582 3580
f 3595 3596 3559
f 3596 3583 3560
f 3583 3678 3666
f 3585 3586 3551
f 3586 3587 3552
f 3592 3587 3586
f 3593 3594 3587
f 3589 3584 3588
f 3589 3590 3584
f 3590 3585 3584
f 3590 3591 3585
f 3582 3589 3588
f 3591 3586 3585
f 4120 3591 3590
f 3591 3592 3586
f 3592 3593 3587
f 4121 3592 3591
f 4123 3593 3592
f 4124 3599 3593
f 3587 3594 3557
f 3594 3595 3558
f 3600 3596 3595
f 3599 3595 3594
f 3597 3583 3596
f 3598 3678 3583
f 3593 3599 3594
f 3599 3600 3595
f 3600 3597 3596
f 3598 3690 3678
f 3597 3598 3583
f 3604 3690 3598
f 3601 3600 3599
f 3602 3597 3600
f 3603 3598 3597
f 4123 4124 3593
f 3602 3603 3597
f 3601 3602 3600
f 4124 3601 3599
f 3603 3604 3598
f 3604 3695 3690
f 4133 3604 3603
f 4132 3695 3604
f 3617 3606 3605
f 3618 3628 3606
f 3607 1954 1953
f 3608 1955 1954
f 3607 3608 1954
f 3608 3609 1955
f 3609 1956 1955
f 3610 1949 1956
f 3609 3610 1956
f 3610 3616 1949
f 3613 3610 3609
f 3614 3616 3610
f 3614 3619 3616
f 3611 3608 3607
f 3611 3612 3608
f 3612 3609 3608
f 3612 3613 3609
f 3613 3614 3610
f 3616 1950 1949
f 3615 3605 1950
f 3616 3615 1950
f 3615 3617 3605
f 3617 3618 3606
f 3619 3615 3616
f 3620 3617 3615
f 3619 3620 3615
f 3620 3622 3617
f 3623 3636 3618
f 3622 3618 3617
f 3622 3623 3618
f 3660 3612 3611
f 3661 3613 3612
f 3661 3662 3613
f 3621 3619 3614
f 3662 3614 3613
f 3662 3621 3614
f 3621 3624 3619
f 3624 3620 3619
f 3625 3622 3620
f 3625 3626 3622
f 3624 3625 3620
f 3626 3623 3622
f 3627 3644 3623
f 3626 3627 3623
f 3667 3626 3625
f 3669 3627 3626
f 3670 3649 3627
f 3636 3629 3628
f 3637 3630 3629
f 3636 3637 3629
f 3638 3631 3630
f 3637 3638 3630
f 3638 3639 3631
f 3639 3632 3631
f 3639 3640 3632
f 3640 3633 3632
f 3640 3641 3633
f 3641 3634 3633
f 3641 3642 3634
f 3634 3635 1982
f 3642 3635 3634
f 3643 3748 3635
f 3642 3643 3635
f 3618 3636 3628
f 3644 3637 3636
f 3645 3638 3637
f 3623 3644 3636
f 3644 3645 3637
f 3646 3639 3638
f 3645 3646 3638
f 3646 3647 3639
f 3647 3640 3639
f 3647 3648 3640
f 3648 3641 3640
f 3648 3654 3641
f 3654 3642 3641
f 3654 3655 3642
f 3655 3643 3642
f 3656 3751 3643
f 3655 3656 3643
f 3649 3645 3644
f 3650 3646 3645
f 3651 3647 3646
f 3652 3648 3647
f 3627 3649 3644
f 3649 3650 3645
f 3650 3651 3646
f 3651 3652 3647
f 3652 3653 3648
f 3708 3650 3649
f 3671 3651 3650
f 3670 3708 3649
f 3708 3671 3650
f 3672 3652 3651
f 3673 3653 3652
f 3671 3672 3651
f 3672 3673 3652
f 3673 3674 3653
f 3653 3654 3648
f 3657 3655 3654
f 3658 3656 3655
f 3659 3762 3656
f 3658 3659 3656
f 3653 3657 3654
f 3657 3658 3655
f 3674 3657 3653
f 3675 3658 3657
f 3674 3675 3657
f 3675 3676 3658
f 3676 3659 3658
f 3677 3765 3659
f 3676 3677 3659
f 3660 3661 3612
f 3663 3662 3661
f 3666 3661 3660
f 3666 3663 3661
f 3663 3664 3662
f 3664 3621 3662
f 3665 3624 3621
f 3664 3665 3621
f 3665 3668 3624
f 3668 3625 3624
f 3668 3667 3625
f 3667 3669 3626
f 3669 3670 3627
f 2034 4171 4170
f 2035 4172 4171
f 2036 4178 4172
f 2040 4179 4178
f 2041 4180 4179
f 2042 5853 4180
f 3680 3668 3665
f 3678 3663 3666
f 3679 3664 3663
f 3679 3681 3664
f 3678 3679 3663
f 3681 3665 3664
f 3681 3680 3665
f 3680 3683 3668
f 3689 3681 3679
f 3691 3680 3681
f 3692 3683 3680
f 3692 3693 3683
f 3683 3667 3668
f 3684 3669 3667
f 3683 3684 3667
f 3684 3685 3669
f 3682 3708 3670
f 3685 3670 3669
f 3685 3682 3670
f 3686 3685 3684
f 3693 3684 3683
f 3693 3686 3684
f 3686 3687 3685
f 3687 3682 3685
f 3688 3709 3682
f 3687 3688 3682
f 3690 3679 3678
f 3690 3689 3679
f 3689 3691 3681
f 3695 3689 3690
f 3696 3691 3689
f 3691 3692 3680
f 3697 3692 3691
f 3702 3715 3688
f 3696 3697 3691
f 3694 3693 3692
f 3697 3694 3692
f 3694 3700 3693
f 3695 3696 3689
f 4218 3696 3695
f 4219 3697 3696
f 3698 3694 3697
f 3699 3700 3694
f 4218 4219 3696
f 4219 3698 3697
f 3699 3704 3700
f 3698 3699 3694
f 3700 3686 3693
f 3701 3687 3686
f 3701 3703 3687
f 3700 3701 3686
f 3705 3703 3701
f 3703 3688 3687
f 3703 3702 3688
f 3706 3702 3703
f 3707 3728 3702
f 3704 3701 3700
f 3704 3705 3701
f 3705 3706 3703
f 4634 3705 3704
f 4633 3706 3705
f 3706 3707 3702
f 4635 3707 3706
f 4636 3736 3707
f 3709 3671 3708
f 3710 3672 3671
f 3709 3710 3671
f 3682 3709 3708
f 3711 3673 3672
f 3712 3674 3673
f 3710 3711 3672
f 3711 3712 3673
f 3712 3713 3674
f 3714 3711 3710
f 3716 3712 3711
f 3717 3713 3712
f 3715 3710 3709
f 3688 3715 3709
f 3715 3714 3710
f 3714 3716 3711
f 3716 3717 3712
f 3717 3718 3713
f 3713 3675 3674
f 3720 3676 3675
f 3713 3720 3675
f 3720 3721 3676
f 3721 3677 3676
f 3719 3815 3677
f 3721 3719 3677
f 3718 3720 3713
f 3722 3721 3720
f 3722 3723 3721
f 3723 3719 3721
f 3724 3818 3719
f 3723 3724 3719
f 3718 3722 3720
f 3728 3714 3715
f 3729 3716 3714
f 3728 3729 3714
f 3731 3717 3716
f 3729 3731 3716
f 3731 3730 3717
f 3730 3718 3717
f 3730 3732 3718
f 3725 3723 3722
f 3732 3722 3718
f 3732 3725 3722
f 3725 3726 3723
f 3726 3724 3723
f 3727 3821 3724
f 3726 3727 3724
f 3702 3728 3715
f 3737 3731 3729
f 3736 3729 3728
f 3707 3736 3728
f 3736 3737 3729
f 3733 3730 3731
f 3734 3732 3730
f 3737 3733 3731
f 3733 3734 3730
f 3734 3735 3732
f 4660 3737 3736
f 3741 3733 3737
f 3742 3734 3733
f 3743 3735 3734
f 3738 3726 3725
f 3740 3727 3726
f 3739 3832 3727
f 3735 3725 3732
f 3738 3740 3726
f 3735 3738 3725
f 3740 3739 3727
f 3747 3835 3739
f 3744 3738 3735
f 3745 3740 3738
f 3746 3739 3740
f 4635 4636 3707
f 4636 4660 3736
f 4660 3741 3737
f 3742 3743 3734
f 3743 3744 3735
f 3741 3742 3733
f 3744 3745 3738
f 3745 3746 3740
f 4665 3745 3744
f 4673 3746 3745
f 3746 3747 3739
f 4672 3945 3747
f 4671 3747 3746
f 3635 3748 2943
f 3748 3749 2944
f 3643 3751 3748
f 3751 3749 3748
f 3749 3750 2945
f 3750 3754 2950
f 3751 3752 3749
f 3752 3750 3749
f 3753 3754 3750
f 3752 3753 3750
f 3656 3762 3751
f 3762 3752 3751
f 3762 3763 3752
f 3763 3753 3752
f 3764 3758 3753
f 3763 3764 3753
f 3754 3755 2951
f 3753 3758 3754
f 3758 3755 3754
f 3758 3759 3755
f 3759 3756 3755
f 3759 3760 3756
f 3760 3757 3756
f 3761 3776 3757
f 3760 3761 3757
f 3764 3768 3758
f 3768 3759 3758
f 3768 3769 3759
f 3769 3760 3759
f 3770 3761 3760
f 3769 3770 3760
f 3771 3779 3761
f 3770 3771 3761
f 3659 3765 3762
f 3765 3763 3762
f 3766 3764 3763
f 3765 3766 3763
f 3767 3768 3764
f 3766 3767 3764
f 3815 3766 3765
f 3677 3815 3765
f 3815 3816 3766
f 3816 3767 3766
f 3817 3772 3767
f 3816 3817 3767
f 3772 3769 3768
f 3767 3772 3768
f 3772 3773 3769
f 3773 3770 3769
f 3774 3771 3770
f 3775 3787 3771
f 3773 3774 3770
f 3774 3775 3771
f 3789 3773 3772
f 3817 3789 3772
f 3789 3790 3773
f 3790 3774 3773
f 3791 3775 3774
f 3761 3779 3776
f 3779 3777 3776
f 3779 3780 3777
f 3781 3782 3778
f 3780 3778 3777
f 3780 3781 3778
f 3787 3780 3779
f 3771 3787 3779
f 3787 3788 3780
f 3788 3781 3780
f 3793 3785 3781
f 3788 3793 3781
f 3785 3783 3782
f 3786 3784 3783
f 3781 3785 3782
f 3785 3786 3783
f 3786 3795 3784
f 3795 3794 3784
f 3801 3788 3787
f 3775 3801 3787
f 3006 5854 5853
f 3792 3801 3775
f 3790 3791 3774
f 3791 3792 3775
f 3795 3796 3794
f 3797 3786 3785
f 3798 3795 3786
f 3793 3797 3785
f 3797 3798 3786
f 3798 3799 3795
f 3799 3796 3795
f 3799 3800 3796
f 3801 3802 3788
f 3802 3793 3788
f 3803 3797 3793
f 3802 3803 3793
f 3804 3802 3801
f 3792 3804 3801
f 3804 3805 3802
f 3805 3803 3802
f 3805 3806 3803
f 3806 3807 3803
f 3851 3811 3806
f 3807 3798 3797
f 3808 3799 3798
f 3808 3809 3799
f 3803 3807 3797
f 3807 3808 3798
f 3809 3800 3799
f 3809 3810 3800
f 3813 3810 3809
f 3811 3808 3807
f 3806 3811 3807
f 3812 3809 3808
f 3811 3812 3808
f 3812 3813 3809
f 3854 3812 3811
f 3855 3813 3812
f 3813 3814 3810
f 3856 3814 3813
f 3818 3816 3815
f 3719 3818 3815
f 3818 3819 3816
f 3819 3817 3816
f 3820 3789 3817
f 3819 3820 3817
f 3821 3819 3818
f 3724 3821 3818
f 3821 3822 3819
f 3822 3820 3819
f 3823 3824 3820
f 3822 3823 3820
f 3824 3790 3789
f 3820 3824 3789
f 3824 3825 3790
f 3825 3791 3790
f 3826 3792 3791
f 3827 3804 3792
f 3826 3827 3792
f 3825 3826 3791
f 3828 3825 3824
f 3823 3828 3824
f 3828 3829 3825
f 3838 3829 3828
f 3829 3826 3825
f 3829 3830 3826
f 3830 3827 3826
f 3831 3849 3827
f 3830 3831 3827
f 3839 3830 3829
f 3840 3831 3830
f 3841 3852 3831
f 3832 3822 3821
f 3727 3832 3821
f 3832 3833 3822
f 3833 3823 3822
f 3834 3828 3823
f 3833 3834 3823
f 3834 3838 3828
f 3838 3839 3829
f 3839 3840 3830
f 3835 3833 3832
f 3836 3834 3833
f 3837 3838 3834
f 3739 3835 3832
f 3835 3836 3833
f 3945 3836 3835
f 3836 3837 3834
f 3747 3945 3835
f 3945 3946 3836
f 3946 3837 3836
f 3947 3842 3837
f 3946 3947 3837
f 3842 3839 3838
f 3840 3841 3831
f 3843 3840 3839
f 3844 3841 3840
f 3843 3844 3840
f 3845 3865 3841
f 3844 3845 3841
f 3837 3842 3838
f 3842 3843 3839
f 3947 3948 3842
f 3948 3843 3842
f 3948 3846 3843
f 3846 3844 3843
f 3847 3845 3844
f 3848 3870 3845
f 3846 3847 3844
f 3847 3848 3845
f 3827 3849 3804
f 3849 3805 3804
f 3849 3850 3805
f 3852 3850 3849
f 3850 3806 3805
f 3850 3851 3806
f 3853 3851 3850
f 3857 3854 3851
f 3831 3852 3849
f 3852 3853 3850
f 3853 3857 3851
f 3851 3854 3811
f 3854 3855 3812
f 3855 3856 3813
f 3859 3855 3854
f 3856 3858 3814
f 3865 3853 3852
f 3866 3857 3853
f 3867 3859 3857
f 3866 3867 3857
f 3860 3856 3855
f 3860 3861 3856
f 3861 3858 3856
f 3861 3862 3858
f 3857 3859 3854
f 3859 3860 3855
f 3871 3860 3859
f 3867 3871 3859
f 3872 3861 3860
f 3871 3872 3860
f 3872 3863 3861
f 3863 3862 3861
f 3863 3864 3862
f 3841 3865 3852
f 3865 3866 3853
f 3845 3870 3865
f 3870 3866 3865
f 3868 3867 3866
f 3870 3868 3866
f 3869 3871 3867
f 3868 3869 3867
f 5923 3868 3870
f 5923 5924 3868
f 3848 5923 3870
f 5924 3869 3868
f 5925 3873 3869
f 3873 3872 3871
f 3874 3863 3872
f 3874 3875 3863
f 3869 3873 3871
f 3873 3874 3872
f 3875 3864 3863
f 3875 5926 3864
f 5928 3874 3873
f 3796 3876 3794
f 3877 3161 3876
f 3796 3877 3876
f 3877 3878 3161
f 3878 3162 3161
f 3879 3163 3162
f 3878 3879 3162
f 3879 3880 3163
f 3800 3877 3796
f 3800 3881 3877
f 3881 3878 3877
f 3881 3882 3878
f 3882 3879 3878
f 3883 3880 3879
f 3882 3883 3879
f 3883 3884 3880
f 3892 3883 3882
f 3890 3884 3883
f 3880 3167 3163
f 3880 3885 3167
f 3885 3169 3167
f 3885 3886 3169
f 3886 3190 3169
f 3886 3902 3190
f 3888 3902 3886
f 3884 3885 3880
f 3884 3887 3885
f 3887 3886 3885
f 3891 3887 3884
f 3887 3888 3886
f 3897 3888 3887
f 3888 3905 3902
f 3898 3905 3888
f 3810 3881 3800
f 3810 3889 3881
f 3889 3882 3881
f 3889 3892 3882
f 3814 3889 3810
f 3893 3892 3889
f 3892 3890 3883
f 3890 3891 3884
f 3894 3890 3892
f 3814 3893 3889
f 3893 3894 3892
f 3858 3893 3814
f 3891 3897 3887
f 3895 3891 3890
f 3931 3894 3893
f 3931 3932 3894
f 3894 3895 3890
f 3895 3896 3891
f 3932 3895 3894
f 3933 3896 3895
f 3932 3933 3895
f 3933 3934 3896
f 3896 3897 3891
f 3896 3899 3897
f 3899 3898 3897
f 3897 3898 3888
f 3898 3917 3905
f 3899 3900 3898
f 3900 3917 3898
f 3900 3921 3917
f 3942 3900 3899
f 3934 3899 3896
f 3934 3942 3899
f 3901 3921 3900
f 3942 3901 3900
f 3901 3923 3921
f 3902 3191 3190
f 3902 3903 3191
f 3905 3903 3902
f 3903 3193 3191
f 3903 3904 3193
f 3904 3201 3193
f 3904 3908 3201
f 3906 3904 3903
f 3907 3908 3904
f 3905 3906 3903
f 3917 3906 3905
f 3917 3918 3906
f 3906 3907 3904
f 3907 3912 3908
f 3918 3907 3906
f 3918 3919 3907
f 3919 3912 3907
f 3919 3926 3912
f 3908 3202 3201
f 3908 3909 3202
f 3912 3909 3908
f 3909 3910 3203
f 3910 3911 3204
f 3913 3910 3909
f 3914 3911 3910
f 3914 3915 3911
f 3912 3913 3909
f 3926 3913 3912
f 3926 3927 3913
f 3913 3914 3910
f 3930 3915 3914
f 3927 3914 3913
f 3927 3930 3914
f 3930 3916 3915
f 3921 3918 3917
f 3921 3922 3918
f 3922 3919 3918
f 3920 3926 3919
f 3922 3920 3919
f 3920 3928 3926
f 3923 3922 3921
f 3923 3924 3922
f 3924 3920 3922
f 3924 3925 3920
f 3925 3928 3920
f 3925 6029 3928
f 3928 3927 3926
f 3928 3929 3927
f 3929 3930 3927
f 6028 3916 3930
f 6029 3929 3928
f 3858 3931 3893
f 3938 3932 3931
f 3862 3931 3858
f 3862 3938 3931
f 3938 3935 3932
f 3935 3933 3932
f 3936 3934 3933
f 3935 3936 3933
f 3936 3937 3934
f 3864 3938 3862
f 3939 3935 3938
f 3939 3940 3935
f 3864 3939 3938
f 6084 3940 3939
f 3940 3936 3935
f 3941 3937 3936
f 3940 3941 3936
f 3941 6081 3937
f 3937 3942 3934
f 3943 3901 3942
f 3937 3943 3942
f 6082 3944 3943
f 3943 3944 3901
f 3944 3923 3901
f 3944 6103 3923
f 6081 3943 3937
f 6081 6082 3943
f 5926 3939 3864
f 5926 6084 3939
f 6103 3924 3923
f 6104 3925 3924
f 6248 3946 3945
f 6249 3947 3946
f 6250 3948 3947
f 18 4405 4772
f 18 4906 4582
f 18 4913 4906
f 3273 3951 4021
f 3951 3949 4020
f 3949 3950 4022
f 3950 3952 4023
f 3952 3953 4024
f 3950 4023 4022
f 3953 3958 4024
f 3952 4024 4023
f 3291 3956 3955
f 3290 3955 3954
f 3955 3956 3961
f 3292 3957 3956
f 3293 4151 3957
f 3956 3957 3960
f 3957 4151 4156
f 3954 3955 3959
f 3953 3954 3958
f 3954 3959 3958
f 3955 3961 3959
f 3959 3961 4034
f 3956 3960 3961
f 3957 4156 3960
f 3961 3960 4033
f 3960 4156 4208
f 18 4772 4807
f 3309 3977 3972
f 3299 3963 3962
f 3300 3964 3963
f 3301 3965 3964
f 3302 3966 3965
f 3303 3967 3966
f 3304 3968 3967
f 3962 3963 3989
f 3963 3964 3983
f 3964 3965 3984
f 3965 3966 3985
f 3966 3967 3986
f 3967 3968 3987
f 3305 3969 3968
f 3306 3970 3969
f 3307 3971 3970
f 3308 3972 3971
f 3968 3969 3990
f 3969 3970 3991
f 3970 3971 3992
f 3971 3972 3993
f 3972 3977 3995
f 18 4807 4816
f 18 4816 4818
f 3972 3995 3993
f 3311 3312 3978
f 3312 3313 3979
f 3310 3976 3977
f 3311 3978 3976
f 3312 3979 3978
f 3272 3274 3975
f 3313 3272 3973
f 3274 3273 3974
f 3313 3973 3979
f 3272 3975 3973
f 3274 3974 3975
f 3273 4021 3974
f 3976 3978 3996
f 3977 3976 3994
f 3978 3979 3997
f 3977 3994 3995
f 3976 3996 3994
f 3978 3997 3996
f 3973 3975 3981
f 3979 3973 3980
f 3975 3974 3982
f 3975 3982 3981
f 3979 3980 3997
f 3973 3981 3980
f 3974 4027 3982
f 3962 3989 3988
f 3963 3983 3989
f 3964 3984 3983
f 3965 3985 3984
f 3966 3986 3985
f 3967 3987 3986
f 3988 3989 4004
f 3989 3983 3998
f 3983 3984 3999
f 3984 3985 4000
f 3985 3986 4001
f 3986 3987 4002
f 3968 3990 3987
f 3969 3991 3990
f 3970 3992 3991
f 3971 3993 3992
f 3990 3991 4006
f 3987 3990 4005
f 3991 3992 4007
f 3992 3993 4008
f 3993 3995 4013
f 3988 4004 4003
f 3994 3996 4014
f 3996 3997 4015
f 3995 3994 4012
f 3997 3980 4009
f 18 4818 4833
f 18 4833 5061
f 18 5061 5068
f 18 5068 5083
f 18 5083 5090
f 3993 4013 4008
f 3989 3998 4004
f 3983 3999 3998
f 3985 4001 4000
f 3984 4000 3999
f 3986 4002 4001
f 4003 4004 4283
f 4004 3998 4284
f 3998 3999 4285
f 3999 4000 4286
f 4000 4001 4287
f 4001 4002 4288
f 3987 4005 4002
f 3990 4006 4005
f 3991 4007 4006
f 3992 4008 4007
f 4002 4005 4290
f 4005 4006 4291
f 4006 4007 4292
f 4007 4008 4293
f 4008 4013 4294
f 4007 4293 4292
f 4008 4294 4293
f 3995 4012 4013
f 3994 4014 4012
f 3996 4015 4014
f 3980 3981 4011
f 3981 3982 4010
f 3981 4010 4011
f 3982 4041 4010
f 3997 4009 4015
f 3980 4011 4009
f 4012 4014 4296
f 4014 4015 4016
f 4013 4012 4295
f 4009 4011 4019
f 4015 4009 4017
f 4011 4010 4018
f 4013 4295 4294
f 4012 4296 4295
f 4014 4016 4296
f 4011 4018 4019
f 4010 4046 4018
f 4015 4017 4016
f 4009 4019 4017
f 3951 4020 4021
f 3949 4022 4020
f 3974 4021 4027
f 4021 4020 4025
f 4020 4022 4026
f 4023 4024 4029
f 4022 4023 4028
f 4022 4028 4026
f 4024 4031 4029
f 4023 4029 4028
f 4021 4025 4027
f 4020 4026 4025
f 3958 3959 4032
f 4024 3958 4031
f 3958 4032 4031
f 3959 4034 4032
f 3982 4027 4041
f 4027 4025 4039
f 4025 4026 4040
f 4028 4029 4030
f 4026 4028 4042
f 4026 4042 4040
f 4028 4030 4042
f 4029 4035 4030
f 4032 4034 4037
f 3961 4033 4034
f 3960 4208 4033
f 4034 4033 4038
f 4033 4208 4213
f 4033 4213 4038
f 4029 4031 4035
f 4031 4032 4036
f 4031 4036 4035
f 4032 4037 4036
f 4034 4038 4037
f 4036 4037 4137
f 4037 4038 4138
f 4038 4213 4229
f 4038 4229 4138
f 4027 4039 4041
f 4025 4040 4039
f 4010 4041 4046
f 4041 4039 4044
f 4039 4040 4045
f 4040 4042 4047
f 4042 4030 4043
f 4040 4047 4045
f 4042 4043 4047
f 4030 4048 4043
f 4041 4044 4046
f 4039 4045 4044
f 4018 4046 4371
f 4030 4035 4048
f 4035 4036 4136
f 4035 4136 4048
f 4036 4137 4136
f 4037 4138 4137
f 4049 4050 3565
f 4050 4051 3566
f 4051 4052 3567
f 4052 4053 3568
f 4053 4054 3569
f 4054 4055 3570
f 4055 4056 3571
f 4056 4057 3572
f 4057 4058 3573
f 4058 4059 3574
f 4059 4060 3577
f 18 4936 4913
f 18 4955 4936
f 18 4967 4955
f 4066 4050 4049
f 4067 4051 4050
f 4068 4052 4051
f 4069 4053 4052
f 4070 4054 4053
f 4071 4055 4054
f 4066 4067 4050
f 4067 4068 4051
f 4068 4069 4052
f 4069 4070 4053
f 4070 4071 4054
f 4071 4072 4055
f 4072 4056 4055
f 4073 4057 4056
f 4074 4058 4057
f 4075 4059 4058
f 4076 4060 4059
f 4072 4073 4056
f 4073 4074 4057
f 4074 4075 4058
f 4075 4076 4059
f 4076 4081 4060
f 4060 4061 3578
f 4061 4063 3575
f 4081 4061 4060
f 4082 4063 4061
f 4083 4062 4063
f 4081 4082 4061
f 4082 4083 4063
f 4083 4084 4062
f 4084 4064 4062
f 4078 4065 4064
f 4080 3582 4065
f 4079 3589 3582
f 4084 4078 4064
f 4078 4080 4065
f 4080 4079 3582
f 18 4980 4967
f 18 5134 4980
f 18 5140 5134
f 18 5155 5140
f 18 5162 5155
f 4097 4068 4067
f 4096 4067 4066
f 4098 4069 4068
f 4099 4070 4069
f 4100 4071 4070
f 4101 4072 4071
f 4096 4097 4067
f 4097 4098 4068
f 4098 4099 4069
f 4099 4100 4070
f 4100 4101 4071
f 4101 4092 4072
f 4092 4073 4072
f 4093 4074 4073
f 4094 4075 4074
f 4095 4076 4075
f 4077 4081 4076
f 4092 4093 4073
f 4093 4094 4074
f 4095 4077 4076
f 4077 4085 4081
f 4094 4095 4075
f 4091 4122 4079
f 4085 4082 4081
f 4086 4083 4082
f 4087 4084 4083
f 4085 4086 4082
f 4086 4087 4083
f 4087 4088 4084
f 4089 4080 4078
f 4088 4078 4084
f 4090 4079 4080
f 4089 4090 4080
f 4090 4091 4079
f 4088 4089 4078
f 4119 4090 4089
f 4117 4091 4090
f 4118 4126 4091
f 4102 4097 4096
f 4103 4098 4097
f 4104 4099 4098
f 4105 4100 4099
f 4106 4101 4100
f 4107 4092 4101
f 4102 4103 4097
f 4103 4104 4098
f 4104 4105 4099
f 4105 4106 4100
f 4106 4107 4101
f 4107 4108 4092
f 4108 4093 4092
f 4109 4094 4093
f 4110 4095 4094
f 4112 4085 4077
f 4111 4077 4095
f 4112 4113 4085
f 4108 4109 4093
f 4109 4110 4094
f 4110 4111 4095
f 4111 4112 4077
f 4113 4086 4085
f 4114 4087 4086
f 4115 4088 4087
f 4113 4114 4086
f 4114 4115 4087
f 4115 4116 4088
f 4116 4089 4088
f 4119 4117 4090
f 4116 4119 4089
f 4117 4118 4091
f 4122 3590 3589
f 4079 4122 3589
f 4122 4120 3590
f 4120 4121 3591
f 4121 4123 3592
f 4126 4120 4122
f 4128 4121 4120
f 4128 4127 4121
f 4129 4124 4123
f 4125 3601 4124
f 4127 4123 4121
f 4127 4129 4123
f 4129 4125 4124
f 4091 4126 4122
f 4126 4128 4120
f 4464 4128 4126
f 4465 4127 4128
f 4118 4464 4126
f 4464 4465 4128
f 4465 4457 4127
f 4457 4129 4127
f 4459 4130 4125
f 4458 4125 4129
f 4458 4459 4125
f 4457 4458 4129
f 4130 3602 3601
f 4130 4131 3602
f 4131 3603 3602
f 4125 4130 3601
f 4131 4133 3603
f 4460 4133 4131
f 4133 4132 3604
f 4132 4218 3695
f 4462 4132 4133
f 4462 4463 4132
f 4463 4218 4132
f 4463 4628 4218
f 4461 4131 4130
f 4461 4460 4131
f 4459 4461 4130
f 4460 4462 4133
f 18 5090 5205
f 18 5205 5212
f 18 5212 5271
f 18 5271 5266
f 18 5231 5162
f 18 5266 5238
f 18 5238 5241
f 18 5241 5231
f 4046 4044 4373
f 4044 4045 4372
f 4044 4372 4373
f 4045 4047 4134
f 4047 4043 4135
f 4043 4139 4135
f 4045 4134 4372
f 4047 4135 4134
f 4048 4136 4140
f 4136 4137 4141
f 4138 4229 4233
f 4137 4138 4142
f 4137 4142 4141
f 4138 4233 4142
f 4043 4048 4139
f 4048 4140 4139
f 4136 4141 4140
f 4139 4140 4379
f 4140 4141 4381
f 4142 4233 4234
f 4141 4142 4382
f 4141 4382 4381
f 4142 4234 4382
f 3319 3320 4153
f 3318 3319 4152
f 3318 4152 4151
f 3319 4153 4152
f 3320 3321 4143
f 3321 3323 4147
f 3320 4143 4153
f 3321 4147 4143
f 4144 4145 4150
f 4145 4146 4149
f 3323 4144 4148
f 3323 4148 4147
f 4144 4150 4148
f 4145 4149 4150
f 4146 4173 4149
f 4147 4148 4159
f 4148 4150 4160
f 4150 4149 4161
f 4149 4190 4161
f 4151 4152 4157
f 4152 4153 4154
f 4151 4157 4156
f 4152 4154 4157
f 4153 4143 4155
f 4143 4147 4158
f 4143 4158 4155
f 4153 4155 4154
f 4156 4157 4209
f 4157 4154 4162
f 4154 4155 4163
f 4147 4159 4158
f 4148 4160 4159
f 4150 4161 4160
f 4156 4209 4208
f 4157 4162 4209
f 4155 4158 4165
f 4155 4165 4163
f 4154 4163 4162
f 4163 4165 4214
f 4158 4159 4164
f 4159 4160 4166
f 4160 4161 4167
f 4160 4167 4166
f 4161 4195 4167
f 4158 4164 4165
f 4159 4166 4164
f 4165 4164 4215
f 4164 4166 4216
f 4164 4216 4215
f 4166 4167 4217
f 4166 4217 4216
f 4167 4197 4217
f 2033 4170 4169
f 4146 4168 4173
f 4168 4174 4173
f 4168 4169 4174
f 4169 4175 4174
f 4169 4170 4175
f 4170 4171 4176
f 4170 4176 4175
f 4171 4172 4177
f 4171 4177 4176
f 4173 4174 4191
f 4149 4173 4190
f 4173 4191 4190
f 4174 4184 4191
f 4174 4175 4184
f 4175 4176 4185
f 4176 4177 4186
f 4175 4185 4184
f 4176 4186 4185
f 4172 4178 4181
f 4178 4179 4182
f 4172 4181 4177
f 4179 4180 4183
f 4178 4182 4181
f 4179 4183 4182
f 4180 5856 4183
f 4177 4181 4187
f 4181 4182 4188
f 4177 4187 4186
f 4181 4188 4187
f 4182 4189 4188
f 4182 4183 4189
f 4183 5867 4189
f 4188 4189 4203
f 4161 4190 4195
f 4190 4191 4192
f 4190 4192 4195
f 4191 4194 4192
f 4191 4184 4194
f 4184 4185 4193
f 4185 4186 4196
f 4184 4193 4194
f 4185 4196 4193
f 4193 4196 4201
f 4167 4195 4197
f 4195 4192 4198
f 4195 4198 4197
f 4192 4199 4198
f 4192 4194 4199
f 4194 4193 4200
f 4194 4200 4199
f 4193 4201 4200
f 4186 4187 4202
f 4187 4188 4204
f 4186 4202 4196
f 4187 4204 4202
f 4188 4203 4204
f 4189 5872 4203
f 4196 4202 4205
f 4202 4204 4206
f 4204 4203 4207
f 4196 4205 4201
f 4202 4206 4205
f 4204 4207 4206
f 4203 5875 4207
f 4208 4209 4210
f 4209 4162 4211
f 4162 4163 4212
f 4208 4210 4213
f 4209 4211 4210
f 4162 4212 4211
f 4163 4214 4212
f 4212 4214 4224
f 4213 4210 4220
f 4210 4211 4221
f 4213 4220 4229
f 4210 4221 4220
f 4211 4212 4222
f 4165 4215 4214
f 4214 4215 4225
f 4215 4216 4226
f 4216 4217 4223
f 4628 4219 4218
f 4625 3698 4219
f 4628 4625 4219
f 4625 4626 3698
f 4626 3699 3698
f 4627 3704 3699
f 4198 4199 4249
f 4199 4200 4250
f 4200 4201 4251
f 4201 4205 4257
f 4205 4206 4258
f 4205 4258 4257
f 4206 4259 4258
f 4206 4207 4259
f 4207 5932 4259
f 4211 4222 4221
f 4212 4224 4222
f 4221 4222 4231
f 4222 4224 4238
f 4215 4226 4225
f 4216 4223 4226
f 4217 4247 4223
f 4214 4225 4224
f 4225 4226 4227
f 4224 4225 4239
f 4224 4239 4238
f 4226 4223 4228
f 4225 4227 4239
f 4223 4252 4228
f 4226 4228 4227
f 4229 4220 4230
f 4220 4221 4232
f 4220 4232 4230
f 4229 4230 4233
f 4221 4231 4232
f 4222 4238 4231
f 4232 4231 4236
f 4231 4238 4242
f 4233 4230 4235
f 4230 4232 4237
f 4230 4237 4235
f 4233 4235 4234
f 4232 4236 4237
f 4231 4242 4236
f 4239 4227 4240
f 4238 4239 4243
f 4238 4243 4242
f 4239 4240 4243
f 4227 4228 4241
f 4228 4266 4241
f 4227 4241 4240
f 4235 4237 4423
f 4237 4236 4424
f 4236 4242 4429
f 4236 4429 4424
f 4242 4243 4244
f 4243 4240 4245
f 4242 4244 4429
f 4243 4245 4244
f 4240 4241 4246
f 4240 4246 4245
f 4241 4270 4246
f 4245 4246 4432
f 4217 4197 4247
f 4197 4248 4247
f 4197 4198 4248
f 4198 4249 4248
f 4247 4248 4253
f 4199 4250 4249
f 4200 4251 4250
f 4248 4249 4254
f 4249 4250 4255
f 4250 4251 4256
f 4223 4247 4252
f 4247 4253 4252
f 4248 4254 4253
f 4252 4253 4265
f 4249 4255 4254
f 4250 4256 4255
f 4253 4254 4267
f 4254 4255 4268
f 4254 4268 4267
f 4255 4256 4269
f 4255 4269 4268
f 4201 4257 4251
f 4251 4257 4261
f 4257 4258 4262
f 4258 4259 4260
f 4251 4261 4256
f 4257 4262 4261
f 4258 4260 4262
f 4259 5935 4260
f 4261 4262 4263
f 4256 4261 4276
f 4256 4276 4269
f 4261 4263 4276
f 4262 4260 4264
f 4262 4264 4263
f 4228 4252 4266
f 4252 4265 4266
f 4253 4267 4265
f 4260 5946 4264
f 4241 4266 4270
f 4266 4265 4271
f 4265 4272 4271
f 4268 4269 4274
f 4265 4267 4272
f 4267 4268 4273
f 4267 4273 4272
f 4268 4274 4273
f 4266 4271 4270
f 4246 4270 4434
f 4270 4435 4434
f 4270 4271 4435
f 4271 4436 4435
f 4271 4272 4436
f 4272 4273 4437
f 4273 4274 4275
f 4272 4437 4436
f 4273 4275 4437
f 4269 4276 4277
f 4276 4263 4278
f 4269 4277 4274
f 4276 4278 4277
f 4263 4264 4279
f 4264 5953 4279
f 4263 4279 4278
f 4274 4277 4280
f 4277 4278 4281
f 4277 4281 4280
f 4274 4280 4275
f 4278 4282 4281
f 4278 4279 4282
f 4279 5956 4282
f 4281 4282 5491
f 4003 4283 4289
f 4004 4284 4283
f 3998 4285 4284
f 3999 4286 4285
f 4000 4287 4286
f 4001 4288 4287
f 4002 4290 4288
f 4289 4283 4298
f 4283 4284 4299
f 4284 4285 4301
f 4286 4287 4302
f 4287 4288 4303
f 4285 4286 4300
f 4005 4291 4290
f 4006 4292 4291
f 4288 4290 4304
f 4290 4291 4305
f 4290 4305 4304
f 4291 4306 4305
f 4292 4293 4307
f 4291 4292 4306
f 4293 4294 4313
f 4292 4307 4306
f 4293 4313 4307
f 4283 4299 4298
f 4289 4298 4297
f 4284 4301 4299
f 4285 4300 4301
f 4286 4302 4300
f 4287 4303 4302
f 4288 4304 4303
f 4294 4295 4314
f 4295 4296 4308
f 4296 4016 4309
f 4294 4314 4313
f 4016 4017 4310
f 4017 4019 4311
f 4019 4018 4312
f 4297 4298 4322
f 4298 4299 4323
f 4299 4301 4326
f 4301 4300 4327
f 4300 4302 4324
f 4302 4303 4325
f 4301 4327 4326
f 4300 4324 4327
f 4302 4325 4324
f 4307 4313 4341
f 4303 4304 4328
f 4304 4305 4329
f 4303 4328 4325
f 4304 4329 4328
f 4305 4330 4329
f 4305 4306 4330
f 4306 4307 4331
f 4306 4331 4330
f 4307 4341 4331
f 4295 4308 4314
f 4296 4309 4308
f 4017 4311 4310
f 4018 4371 4312
f 4019 4312 4311
f 4016 4310 4309
f 4311 4312 4318
f 4313 4314 4315
f 4308 4309 4317
f 4314 4308 4316
f 4313 4315 4341
f 4314 4316 4315
f 4308 4317 4316
f 4309 4310 4319
f 4310 4311 4320
f 4309 4319 4317
f 4310 4320 4319
f 4312 4376 4318
f 4311 4318 4320
f 4319 4320 4359
f 4320 4318 4360
f 4318 4392 4360
f 4297 4322 4321
f 4298 4323 4322
f 4299 4326 4323
f 4322 4323 4334
f 4321 4322 4333
f 4323 4326 4336
f 4326 4327 4335
f 4327 4324 4337
f 4324 4325 4338
f 4321 4333 4332
f 4322 4334 4333
f 4323 4336 4334
f 4326 4335 4336
f 4327 4337 4335
f 4324 4338 4337
f 4325 4328 4339
f 4328 4329 4340
f 4329 4330 4342
f 4330 4331 4343
f 4331 4341 4355
f 4329 4342 4340
f 4325 4339 4338
f 4328 4340 4339
f 4330 4343 4342
f 4331 4355 4343
f 4341 4315 4356
f 4315 4357 4356
f 4315 4316 4357
f 4316 4317 4358
f 4316 4358 4357
f 4341 4356 4355
f 4317 4319 4361
f 4319 4359 4361
f 4317 4361 4358
f 4320 4360 4359
f 4332 4333 4345
f 4333 4334 4346
f 4334 4336 4347
f 4336 4335 4348
f 4335 4337 4350
f 4337 4338 4349
f 4332 4345 4344
f 4333 4346 4345
f 4334 4347 4346
f 4336 4348 4347
f 4335 4350 4348
f 4337 4349 4350
f 4338 4339 4351
f 4339 4340 4352
f 4342 4343 4353
f 4343 4355 4363
f 4340 4342 4354
f 4342 4353 4354
f 4343 4363 4353
f 4338 4351 4349
f 4339 4352 4351
f 4340 4354 4352
f 4354 4353 4412
f 4353 4363 4416
f 4357 4358 4362
f 4361 4359 4367
f 4358 4361 4366
f 4359 4360 4368
f 4359 4368 4367
f 4360 4394 4368
f 4355 4356 4364
f 4356 4357 4365
f 4355 4364 4363
f 4356 4365 4364
f 4357 4362 4365
f 4358 4366 4362
f 4361 4367 4366
f 4363 4364 4417
f 4365 4362 4418
f 4364 4365 4419
f 4365 4418 4419
f 4367 4368 4370
f 4362 4366 4420
f 4366 4367 4369
f 4362 4420 4418
f 4366 4369 4420
f 4367 4370 4369
f 4368 4400 4370
f 4046 4373 4371
f 4371 4373 4377
f 4312 4371 4376
f 4373 4372 4378
f 4372 4134 4374
f 4371 4377 4376
f 4373 4378 4377
f 4134 4135 4375
f 4135 4380 4375
f 4372 4374 4378
f 4134 4375 4374
f 4377 4378 4383
f 4318 4376 4392
f 4376 4377 4393
f 4378 4374 4384
f 4374 4375 4385
f 4135 4139 4380
f 4139 4379 4380
f 4140 4381 4379
f 4380 4379 4388
f 4375 4380 4387
f 4376 4393 4392
f 4377 4383 4393
f 4375 4387 4385
f 4374 4385 4384
f 4378 4384 4383
f 4384 4385 4397
f 4379 4381 4389
f 4379 4389 4388
f 4381 4382 4386
f 4382 4234 4421
f 4381 4386 4389
f 4382 4421 4386
f 4380 4388 4387
f 4388 4389 4390
f 4385 4387 4403
f 4387 4388 4404
f 4389 4386 4391
f 4386 4421 4426
f 4387 4404 4403
f 4388 4390 4404
f 4386 4426 4391
f 4389 4391 4390
f 4391 4426 5458
f 4360 4392 4394
f 4392 4393 4396
f 4393 4383 4395
f 4392 4396 4394
f 4393 4395 4396
f 4383 4384 4398
f 4383 4398 4395
f 4384 4397 4398
f 4385 4403 4397
f 4395 4398 4402
f 4398 4397 4762
f 4397 4767 4762
f 4394 4396 4401
f 4368 4394 4400
f 4396 4395 4399
f 4394 4401 4400
f 4396 4399 4401
f 4395 4402 4399
f 4398 4762 4402
f 4403 4404 4764
f 4404 4390 4765
f 4397 4403 4767
f 4403 4764 4767
f 4404 4765 4764
f 4390 4391 4766
f 4390 4766 4765
f 4391 5458 4766
f 4344 4345 4406
f 4345 4346 4407
f 4346 4347 4408
f 4344 4406 4405
f 4345 4407 4406
f 4346 4408 4407
f 4347 4348 4409
f 4350 4349 4411
f 4348 4350 4410
f 4347 4409 4408
f 4348 4410 4409
f 4350 4411 4410
f 4405 4406 4773
f 4406 4407 4774
f 4407 4408 4775
f 4408 4409 4776
f 4409 4410 4777
f 4410 4411 4778
f 4349 4351 4413
f 4351 4352 4414
f 4349 4413 4411
f 4351 4414 4413
f 4352 4415 4414
f 4352 4354 4415
f 4354 4412 4415
f 4353 4416 4412
f 4411 4413 4779
f 4413 4414 4780
f 4414 4415 4781
f 4415 4412 4782
f 4412 4416 4798
f 4363 4417 4416
f 4364 4419 4417
f 4416 4417 4799
f 4234 4235 4422
f 4234 4422 4421
f 4235 4423 4422
f 4421 4422 4425
f 4422 4423 4427
f 4237 4424 4423
f 4424 4429 4430
f 4423 4424 4428
f 4423 4428 4427
f 4424 4430 4428
f 4421 4425 4426
f 4422 4427 4425
f 4426 4425 5459
f 4425 4427 5460
f 4425 5460 5459
f 4427 4428 5453
f 4428 4430 5454
f 4427 5453 5460
f 4429 4244 4431
f 4244 4245 4433
f 4244 4433 4431
f 4429 4431 4430
f 4431 4433 5456
f 4245 4432 4433
f 4246 4434 4432
f 4433 4432 5457
f 4430 4431 5455
f 4426 5459 5458
f 4434 4435 5484
f 4432 4434 5483
f 4435 4436 5480
f 4436 4437 5481
f 4437 4275 5482
f 4275 4280 5490
f 4280 4281 5492
f 4438 4103 4102
f 4439 4104 4103
f 4440 4105 4104
f 4442 4107 4106
f 4443 4108 4107
f 4441 4106 4105
f 4438 4439 4103
f 4439 4440 4104
f 4440 4441 4105
f 4441 4442 4106
f 4442 4443 4107
f 4443 4444 4108
f 4444 4109 4108
f 4445 4110 4109
f 4446 4111 4110
f 4447 4112 4111
f 4448 4113 4112
f 4444 4445 4109
f 4445 4446 4110
f 4446 4447 4111
f 4447 4448 4112
f 4448 4452 4113
f 4489 4439 4438
f 4487 4440 4439
f 4488 4441 4440
f 4490 4442 4441
f 4491 4443 4442
f 4492 4444 4443
f 4493 4445 4444
f 4494 4446 4445
f 4495 4447 4446
f 4496 4448 4447
f 4497 4452 4448
f 4452 4114 4113
f 4449 4115 4114
f 4450 4116 4115
f 4451 4119 4116
f 4453 4117 4119
f 4454 4118 4117
f 4455 4464 4118
f 4453 4454 4117
f 4454 4455 4118
f 4452 4449 4114
f 4449 4450 4115
f 4450 4451 4116
f 4451 4453 4119
f 4498 4450 4449
f 4499 4449 4452
f 4499 4498 4449
f 4500 4451 4450
f 4498 4500 4450
f 4500 4501 4451
f 4503 4455 4454
f 4456 4470 4455
f 4501 4453 4451
f 4502 4454 4453
f 4501 4502 4453
f 4502 4503 4454
f 4503 4456 4455
f 4469 4461 4459
f 4476 4460 4461
f 4477 4462 4460
f 4477 4478 4462
f 4479 4628 4463
f 4478 4463 4462
f 4478 4479 4463
f 4479 4629 4628
f 4470 4465 4464
f 4466 4457 4465
f 4470 4466 4465
f 4455 4470 4464
f 4466 4467 4457
f 4467 4458 4457
f 4468 4459 4458
f 4467 4468 4458
f 4468 4469 4459
f 4474 4469 4468
f 4475 4476 4469
f 4471 4466 4470
f 4471 4472 4466
f 4472 4467 4466
f 4472 4473 4467
f 4456 4471 4470
f 4549 4473 4472
f 4473 4468 4467
f 4473 4474 4468
f 4474 4475 4469
f 4469 4476 4461
f 4476 4477 4460
f 4481 4477 4476
f 4482 4478 4477
f 4481 4482 4477
f 4482 4483 4478
f 4483 4479 4478
f 4480 4629 4479
f 4483 4480 4479
f 4480 4642 4629
f 4475 4481 4476
f 4550 4474 4473
f 4552 4475 4474
f 4553 4481 4475
f 4552 4553 4475
f 4561 4482 4481
f 4484 4483 4482
f 4561 4484 4482
f 4553 4561 4481
f 4484 4485 4483
f 4485 4480 4483
f 4485 4486 4480
f 4486 4642 4480
f 4486 4649 4642
f 4565 4649 4486
f 4489 4487 4439
f 4487 4488 4440
f 4488 4490 4441
f 4490 4491 4442
f 4491 4492 4443
f 4492 4493 4444
f 4508 4492 4491
f 4509 4493 4492
f 4493 4494 4445
f 4494 4495 4446
f 4495 4496 4447
f 4496 4497 4448
f 4497 4499 4452
f 4510 4494 4493
f 4513 4495 4494
f 4514 4496 4495
f 4511 4497 4496
f 4512 4499 4497
f 4532 4500 4498
f 4526 4501 4500
f 4531 4498 4499
f 4527 4502 4501
f 4528 4503 4502
f 4530 4456 4503
f 4529 4471 4456
f 4505 4487 4489
f 4504 4488 4487
f 4506 4490 4488
f 4505 4504 4487
f 4504 4506 4488
f 4506 4507 4490
f 4507 4491 4490
f 4507 4508 4491
f 4508 4509 4492
f 4509 4510 4493
f 4510 4513 4494
f 4513 4514 4495
f 4514 4511 4496
f 4511 4512 4497
f 4512 4531 4499
f 4515 4504 4505
f 4516 4506 4504
f 4517 4507 4506
f 4518 4508 4507
f 4519 4509 4508
f 4520 4510 4509
f 4521 4513 4510
f 4522 4514 4513
f 4523 4511 4514
f 4524 4512 4511
f 4525 4531 4512
f 4525 4534 4531
f 4515 4516 4504
f 4516 4517 4506
f 4517 4518 4507
f 4518 4519 4508
f 4519 4520 4509
f 4520 4521 4510
f 4521 4522 4513
f 4522 4523 4514
f 4523 4524 4511
f 4524 4525 4512
f 4531 4532 4498
f 4532 4526 4500
f 4526 4527 4501
f 4530 4529 4456
f 4527 4528 4502
f 4528 4530 4503
f 4537 4551 4529
f 4533 4526 4532
f 4534 4532 4531
f 4535 4527 4526
f 4533 4535 4526
f 4535 4536 4527
f 4534 4533 4532
f 4536 4528 4527
f 4538 4530 4528
f 4536 4538 4528
f 4538 4539 4530
f 4539 4529 4530
f 4539 4537 4529
f 4542 4536 4535
f 4543 4538 4536
f 4546 4539 4538
f 4548 4554 4537
f 4547 4537 4539
f 4573 4516 4515
f 4574 4517 4516
f 4575 4518 4517
f 4573 4574 4516
f 4574 4575 4517
f 4575 4576 4518
f 4576 4519 4518
f 4577 4520 4519
f 4578 4521 4520
f 4576 4577 4519
f 4577 4578 4520
f 4578 4579 4521
f 4541 4534 4525
f 4579 4522 4521
f 4580 4523 4522
f 4581 4524 4523
f 4579 4580 4522
f 4580 4581 4523
f 4540 4525 4524
f 4540 4541 4525
f 4541 4544 4534
f 4581 4540 4524
f 4544 4533 4534
f 4545 4535 4533
f 4544 4545 4533
f 4545 4542 4535
f 4542 4543 4536
f 4543 4546 4538
f 4546 4547 4539
f 4547 4548 4537
f 4551 4472 4471
f 4529 4551 4471
f 4551 4549 4472
f 4549 4550 4473
f 4554 4549 4551
f 4556 4550 4549
f 4550 4552 4474
f 4558 4561 4553
f 4555 4552 4550
f 4557 4553 4552
f 4537 4554 4551
f 4554 4556 4549
f 4556 4555 4550
f 4555 4557 4552
f 4557 4558 4553
f 4570 4556 4554
f 4571 4555 4556
f 4548 4570 4554
f 4570 4571 4556
f 4571 4572 4555
f 4572 4557 4555
f 4560 4562 4558
f 4559 4558 4557
f 4572 4559 4557
f 4559 4560 4558
f 4562 4484 4561
f 4563 4485 4484
f 4564 4486 4485
f 4563 4564 4485
f 4558 4562 4561
f 4562 4563 4484
f 4564 4565 4486
f 4565 4693 4649
f 4569 4565 4564
f 4568 4693 4565
f 4566 4563 4562
f 4567 4564 4563
f 4560 4566 4562
f 4566 4567 4563
f 4567 4569 4564
f 4569 4568 4565
f 4568 4697 4693
f 4582 4574 4573
f 4583 4575 4574
f 4584 4576 4575
f 4585 4577 4576
f 4586 4578 4577
f 4587 4579 4578
f 4589 4581 4580
f 4590 4540 4581
f 4588 4580 4579
f 4591 4541 4540
f 4592 4544 4541
f 4587 4588 4579
f 4582 4583 4574
f 4583 4584 4575
f 4584 4585 4576
f 4585 4586 4577
f 4586 4587 4578
f 4906 4583 4582
f 4907 4584 4583
f 4908 4585 4584
f 4909 4586 4585
f 4910 4587 4586
f 4911 4588 4587
f 4588 4589 4580
f 4589 4590 4581
f 4590 4591 4540
f 4591 4592 4541
f 4592 4593 4544
f 4912 4589 4588
f 4920 4590 4589
f 4921 4591 4590
f 4922 4592 4591
f 4923 4593 4592
f 4906 4907 4583
f 4907 4908 4584
f 4908 4909 4585
f 4909 4910 4586
f 4910 4911 4587
f 4911 4912 4588
f 4912 4920 4589
f 4920 4921 4590
f 4921 4922 4591
f 4922 4923 4592
f 4923 4928 4593
f 4593 4545 4544
f 4594 4542 4545
f 4595 4543 4542
f 4594 4595 4542
f 4595 4596 4543
f 4599 4570 4548
f 4596 4546 4543
f 4597 4547 4546
f 4596 4597 4546
f 4597 4598 4547
f 4598 4548 4547
f 4598 4599 4548
f 4593 4594 4545
f 4600 4595 4594
f 4601 4596 4595
f 4928 4594 4593
f 4602 4597 4596
f 4603 4598 4597
f 4605 4606 4599
f 4604 4599 4598
f 4602 4603 4597
f 4603 4604 4598
f 4604 4605 4599
f 4928 4600 4594
f 4600 4601 4595
f 4601 4602 4596
f 4935 4611 4605
f 4617 4567 4566
f 4616 4569 4567
f 4618 4568 4569
f 4619 4697 4568
f 4619 4722 4697
f 4606 4571 4570
f 4607 4572 4571
f 4599 4606 4570
f 4606 4607 4571
f 4607 4608 4572
f 4608 4559 4572
f 4608 4609 4559
f 4609 4560 4559
f 4610 4566 4560
f 4609 4610 4560
f 4614 4610 4609
f 4615 4617 4610
f 4611 4607 4606
f 4605 4611 4606
f 4611 4612 4607
f 4612 4608 4607
f 4612 4613 4608
f 4613 4609 4608
f 4613 4614 4609
f 4614 4615 4610
f 5008 4612 4611
f 5009 4613 4612
f 5010 4614 4613
f 5012 4621 4615
f 5011 4615 4614
f 5011 5012 4615
f 4617 4616 4567
f 4610 4617 4566
f 4616 4618 4569
f 4621 4616 4617
f 4622 4618 4616
f 4622 4623 4618
f 4618 4619 4568
f 4623 4619 4618
f 4623 4620 4619
f 4620 4722 4619
f 4620 4728 4722
f 4615 4621 4617
f 4621 4622 4616
f 5013 4622 4621
f 5012 5013 4621
f 5013 5014 4622
f 5014 4623 4622
f 5014 5017 4623
f 5017 4620 4623
f 4624 4728 4620
f 5017 4624 4620
f 4624 4729 4728
f 4626 4627 3699
f 4627 4634 3704
f 4632 4634 4627
f 4629 4625 4628
f 4630 4626 4625
f 4630 4631 4626
f 4629 4630 4625
f 4631 4627 4626
f 4631 4632 4627
f 4632 4637 4634
f 4645 4632 4631
f 4644 4637 4632
f 4634 4633 3705
f 4633 4635 3706
f 4637 4633 4634
f 4638 4635 4633
f 4638 4639 4635
f 4640 4660 4636
f 4639 4636 4635
f 4639 4640 4636
f 4637 4638 4633
f 4646 4638 4637
f 4647 4639 4638
f 4646 4647 4638
f 4647 4648 4639
f 4648 4640 4639
f 4641 4661 4640
f 4648 4641 4640
f 4642 4630 4629
f 4643 4631 4630
f 4642 4643 4630
f 4643 4645 4631
f 4645 4644 4632
f 4644 4646 4637
f 4650 4645 4643
f 4651 4644 4645
f 4652 4646 4644
f 4652 4655 4646
f 4649 4643 4642
f 4649 4650 4643
f 4650 4651 4645
f 4693 4650 4649
f 4694 4651 4650
f 4651 4652 4644
f 4695 4652 4651
f 4695 4696 4652
f 4696 4655 4652
f 4696 4701 4655
f 4656 4648 4647
f 4655 4647 4646
f 4655 4656 4647
f 4656 4654 4648
f 4654 4641 4648
f 4653 4666 4641
f 4654 4653 4641
f 4701 4656 4655
f 4657 4654 4656
f 4701 4657 4656
f 4657 4658 4654
f 4658 4653 4654
f 4658 4659 4653
f 4659 4677 4653
f 4661 3741 4660
f 4662 3742 3741
f 4640 4661 4660
f 4661 4662 3741
f 4663 3743 3742
f 4662 4663 3742
f 4663 4664 3743
f 4664 3744 3743
f 4664 4665 3744
f 4668 4664 4663
f 4669 4665 4664
f 4666 4662 4661
f 4667 4663 4662
f 4666 4667 4662
f 4641 4666 4661
f 4667 4668 4663
f 4668 4669 4664
f 4669 4670 4665
f 4681 4670 4669
f 4665 4673 3745
f 4673 4671 3746
f 4671 4672 3747
f 4670 4673 4665
f 4674 4671 4673
f 4675 4672 4671
f 4676 6248 4672
f 4670 4674 4673
f 4674 4675 4671
f 4679 4674 4670
f 4687 4675 4674
f 4675 4676 4672
f 4688 4676 4675
f 4689 6251 4676
f 4678 4668 4667
f 4680 4669 4668
f 4677 4667 4666
f 4653 4677 4666
f 4677 4678 4667
f 4683 4678 4677
f 4684 4680 4678
f 4678 4680 4668
f 4680 4681 4669
f 4681 4679 4670
f 4685 4681 4680
f 4686 4679 4681
f 4659 4683 4677
f 4683 4684 4678
f 4684 4685 4680
f 4685 4686 4681
f 4686 4682 4679
f 4706 4684 4683
f 4707 4685 4684
f 4708 4686 4685
f 4709 4682 4686
f 4679 4687 4674
f 4687 4688 4675
f 4682 4687 4679
f 4690 4688 4687
f 4688 4689 4676
f 4691 4689 4688
f 4692 6266 4689
f 4691 4692 4689
f 4682 4690 4687
f 4690 4691 4688
f 4713 6269 4692
f 4710 4690 4682
f 4711 4691 4690
f 4711 4712 4691
f 4712 4692 4691
f 4712 4713 4692
f 4693 4694 4650
f 4694 4695 4651
f 4697 4694 4693
f 4698 4695 4694
f 4697 4698 4694
f 4698 4699 4695
f 4700 4701 4696
f 4699 4696 4695
f 4699 4700 4696
f 4700 4702 4701
f 4717 4702 4700
f 4702 4657 4701
f 4703 4658 4657
f 4703 4704 4658
f 4702 4703 4657
f 4704 4659 4658
f 4705 4683 4659
f 4704 4705 4659
f 4721 4706 4705
f 4718 4703 4702
f 4719 4704 4703
f 4720 4705 4704
f 4705 4706 4683
f 4706 4707 4684
f 4742 4707 4706
f 4741 4708 4707
f 4707 4708 4685
f 4708 4709 4686
f 4709 4710 4682
f 4743 4709 4708
f 4744 4710 4709
f 4742 4741 4707
f 4741 4743 4708
f 4743 4744 4709
f 4744 4745 4710
f 4710 4711 4690
f 4745 4711 4710
f 4714 4712 4711
f 4714 4715 4712
f 4716 6299 4713
f 4715 4713 4712
f 4715 4716 4713
f 4745 4714 4711
f 4758 6302 4716
f 4722 4698 4697
f 4722 4723 4698
f 4723 4699 4698
f 4723 4725 4699
f 4725 4700 4699
f 4725 4717 4700
f 4717 4718 4702
f 4718 4719 4703
f 4719 4720 4704
f 4720 4721 4705
f 4735 4721 4720
f 4736 4742 4721
f 4728 4723 4722
f 4724 4725 4723
f 4728 4724 4723
f 4724 4726 4725
f 4726 4717 4725
f 4727 4718 4717
f 4727 4733 4718
f 4726 4727 4717
f 4729 4724 4728
f 4730 4726 4724
f 4730 4731 4726
f 4729 4730 4724
f 4731 4727 4726
f 4731 4732 4727
f 4732 4733 4727
f 4732 4737 4733
f 5571 4737 4732
f 4733 4719 4718
f 4734 4720 4719
f 4733 4734 4719
f 4734 4735 4720
f 4738 4735 4734
f 4735 4736 4721
f 4740 4736 4735
f 4739 4746 4736
f 4737 4734 4733
f 4737 4738 4734
f 4738 4740 4735
f 5573 4738 4737
f 5572 4740 4738
f 4740 4739 4736
f 5575 4739 4740
f 5574 4754 4739
f 4721 4742 4706
f 4746 4741 4742
f 4747 4743 4741
f 4749 4744 4743
f 4750 4745 4744
f 4748 4714 4745
f 4748 4756 4714
f 4756 4715 4714
f 4756 4757 4715
f 4757 4716 4715
f 4757 4758 4716
f 4746 4747 4741
f 4736 4746 4742
f 4754 4747 4746
f 4755 4749 4747
f 4747 4749 4743
f 4749 4750 4744
f 4750 4748 4745
f 4751 4750 4749
f 4755 4751 4749
f 4751 4752 4750
f 4752 4748 4750
f 4752 4753 4748
f 4739 4754 4746
f 4754 4755 4747
f 5608 4755 4754
f 5609 4751 4755
f 5608 5609 4755
f 5610 4752 4751
f 5609 5610 4751
f 5610 5611 4752
f 5611 4753 4752
f 5611 5612 4753
f 4753 4756 4748
f 4753 4759 4756
f 4759 4757 4756
f 4759 4760 4757
f 4760 4758 4757
f 4761 6350 4758
f 4760 4761 4758
f 5612 4759 4753
f 5619 4760 4759
f 5619 5620 4760
f 5620 4761 4760
f 5618 6352 4761
f 5620 5618 4761
f 5612 5619 4759
f 4400 4401 4864
f 4401 4399 4863
f 4402 4762 4763
f 4399 4402 4865
f 4399 4865 4863
f 4762 4768 4763
f 4402 4763 4865
f 4765 4766 4771
f 4766 5458 5463
f 4767 4764 4769
f 4762 4767 4768
f 4764 4765 4770
f 4767 4769 4768
f 4764 4770 4769
f 4765 4771 4770
f 4766 5463 4771
f 4768 4769 4872
f 4769 4770 4873
f 4771 5463 5465
f 4770 4771 4874
f 4770 4874 4873
f 4771 5465 4874
f 4414 4781 4780
f 4415 4782 4781
f 4412 4798 4782
f 4405 4773 4772
f 4406 4774 4773
f 4407 4775 4774
f 4408 4776 4775
f 4409 4777 4776
f 4410 4778 4777
f 4776 4777 4788
f 4777 4778 4787
f 4772 4773 4783
f 4773 4774 4784
f 4774 4775 4785
f 4772 4783 4807
f 4773 4784 4783
f 4774 4785 4784
f 4775 4776 4786
f 4775 4786 4785
f 4776 4788 4786
f 4411 4779 4778
f 4413 4780 4779
f 4778 4779 4789
f 4779 4780 4790
f 4781 4782 4791
f 4780 4781 4792
f 4782 4798 4801
f 4777 4787 4788
f 4778 4789 4787
f 4779 4790 4789
f 4780 4792 4790
f 4781 4791 4792
f 4782 4801 4791
f 4790 4792 4827
f 4792 4791 4828
f 4791 4801 4844
f 4419 4418 4794
f 4416 4799 4798
f 4417 4793 4799
f 4417 4419 4793
f 4419 4794 4793
f 4418 4420 4795
f 4420 4369 4796
f 4369 4370 4797
f 4369 4797 4796
f 4370 4862 4797
f 4418 4795 4794
f 4420 4796 4795
f 4795 4796 4806
f 4796 4797 4805
f 4798 4799 4802
f 4799 4793 4803
f 4793 4794 4800
f 4794 4795 4804
f 4797 4870 4805
f 4798 4802 4801
f 4799 4803 4802
f 4793 4800 4803
f 4801 4802 4845
f 4802 4846 4845
f 4803 4800 4847
f 4802 4803 4846
f 4803 4847 4846
f 4795 4806 4804
f 4794 4804 4800
f 4796 4805 4806
f 4806 4805 4810
f 4800 4804 4808
f 4804 4806 4809
f 4800 4808 4847
f 4804 4809 4808
f 4806 4810 4809
f 4805 4876 4810
f 4807 4783 4817
f 4783 4784 4811
f 4784 4785 4812
f 4807 4817 4816
f 4783 4811 4817
f 4784 4812 4811
f 4785 4786 4813
f 4786 4788 4814
f 4788 4787 4815
f 4788 4815 4814
f 4785 4813 4812
f 4786 4814 4813
f 4787 4789 4825
f 4789 4790 4826
f 4787 4825 4815
f 4789 4826 4825
f 4790 4827 4826
f 4792 4828 4827
f 4791 4844 4828
f 4801 4845 4844
f 4809 4810 4854
f 4816 4817 4819
f 4817 4811 4820
f 4811 4812 4821
f 4816 4819 4818
f 4817 4820 4819
f 4811 4821 4820
f 4812 4813 4822
f 4813 4814 4824
f 4814 4815 4823
f 4814 4823 4824
f 4812 4822 4821
f 4813 4824 4822
f 4826 4827 4831
f 4827 4828 4832
f 4828 4844 4848
f 4815 4825 4829
f 4825 4826 4830
f 4815 4829 4823
f 4825 4830 4829
f 4826 4831 4830
f 4827 4832 4831
f 4828 4848 4832
f 4823 4829 4840
f 4829 4830 4841
f 4830 4831 4842
f 4831 4832 4843
f 4832 4848 4860
f 4818 4819 4834
f 4819 4820 4835
f 4820 4821 4836
f 4821 4822 4837
f 4822 4824 4838
f 4824 4823 4839
f 4832 4860 4843
f 4818 4834 4833
f 4819 4835 4834
f 4820 4836 4835
f 4821 4837 4836
f 4822 4838 4837
f 4824 4839 4838
f 4833 4834 5062
f 4834 4835 5063
f 4835 4836 5064
f 4836 4837 5065
f 4838 4839 5067
f 4837 4838 5066
f 4836 5065 5064
f 4837 5066 5065
f 4838 5067 5066
f 4833 5062 5061
f 4834 5063 5062
f 4835 5064 5063
f 4823 4840 4839
f 4829 4841 4840
f 4830 4842 4841
f 4831 4843 4842
f 4839 4840 5077
f 4840 4841 5078
f 4839 5077 5067
f 4840 5078 5077
f 4841 5075 5078
f 4843 4860 5105
f 4841 4842 5075
f 4842 4843 5076
f 4842 5076 5075
f 4843 5105 5076
f 4844 4845 4849
f 4846 4847 4851
f 4845 4846 4850
f 4844 4849 4848
f 4845 4850 4849
f 4846 4851 4850
f 4848 4849 4861
f 4849 4850 4855
f 4850 4851 4856
f 4847 4808 4852
f 4808 4809 4853
f 4847 4852 4851
f 4808 4853 4852
f 4809 4854 4853
f 4810 4893 4854
f 4853 4854 4858
f 4851 4852 4857
f 4852 4853 4859
f 4848 4861 4860
f 4849 4855 4861
f 4850 4856 4855
f 4852 4859 4857
f 4851 4857 4856
f 4853 4858 4859
f 4854 4896 4858
f 4857 4859 5114
f 4859 4858 5115
f 4859 5115 5114
f 4858 5331 5115
f 4860 4861 5106
f 4861 5107 5106
f 4860 5106 5105
f 4861 4855 5107
f 4855 4856 5108
f 4855 5108 5107
f 4856 4857 5113
f 4856 5113 5108
f 4857 5114 5113
f 4370 4400 4862
f 4400 4864 4862
f 4401 4863 4864
f 4864 4863 4867
f 4797 4862 4870
f 4862 4864 4866
f 4863 4865 4868
f 4862 4866 4870
f 4864 4867 4866
f 4865 4763 4869
f 4865 4869 4868
f 4763 4871 4869
f 4863 4868 4867
f 4867 4868 4879
f 4868 4869 4880
f 4869 4886 4880
f 4870 4866 4877
f 4805 4870 4876
f 4870 4877 4876
f 4866 4867 4875
f 4866 4875 4877
f 4867 4879 4875
f 4868 4880 4879
f 4763 4768 4871
f 4768 4872 4871
f 4769 4873 4872
f 4872 4873 4884
f 4869 4871 4886
f 4871 4872 4883
f 4871 4883 4886
f 4872 4884 4883
f 4873 4874 4885
f 4874 5465 5519
f 4873 4885 4884
f 4810 4876 4893
f 4876 4877 4894
f 4877 4875 4878
f 4876 4894 4893
f 4877 4878 4894
f 4879 4880 4882
f 4875 4879 4881
f 4875 4881 4878
f 4879 4882 4881
f 4880 4887 4882
f 4881 4882 4899
f 4874 5519 4885
f 4884 4885 4890
f 4885 5519 5524
f 4886 4883 4888
f 4880 4886 4887
f 4883 4884 4889
f 4886 4888 4887
f 4883 4889 4888
f 4884 4890 4889
f 4885 5524 4890
f 4887 4888 4901
f 4882 4887 4900
f 4887 4901 4900
f 4888 4889 4891
f 4888 4891 4901
f 4889 4890 4892
f 4890 5524 5526
f 4889 4892 4891
f 4890 5526 4892
f 4891 4892 4905
f 4892 5526 5545
f 4854 4893 4896
f 4893 4894 4897
f 4893 4897 4896
f 4894 4878 4895
f 4894 4895 4897
f 4896 4897 5332
f 4858 4896 5331
f 4896 5332 5331
f 4897 4895 5333
f 4897 5333 5332
f 4878 4881 4898
f 4878 4898 4895
f 4881 4899 4898
f 4882 4900 4899
f 4898 4899 5335
f 4899 4903 5335
f 4895 4898 5334
f 4895 5334 5333
f 4898 5335 5334
f 4900 4901 4902
f 4899 4900 4903
f 4900 4902 4903
f 4901 4891 4904
f 4901 4904 4902
f 4891 4905 4904
f 4892 5545 4905
f 4913 4907 4906
f 4914 4908 4907
f 4915 4909 4908
f 4916 4910 4909
f 4917 4911 4910
f 4918 4912 4911
f 4913 4914 4907
f 4914 4915 4908
f 4915 4916 4909
f 4916 4917 4910
f 4917 4918 4911
f 4918 4919 4912
f 4924 4921 4920
f 4925 4922 4921
f 4927 4923 4922
f 4926 4928 4923
f 4919 4920 4912
f 4926 4929 4928
f 4919 4924 4920
f 4924 4925 4921
f 4925 4927 4922
f 4927 4926 4923
f 4945 4926 4927
f 4946 4929 4926
f 4929 4600 4928
f 4930 4601 4600
f 4932 4602 4601
f 4929 4930 4600
f 4930 4932 4601
f 4932 4931 4602
f 4947 4930 4929
f 4948 4932 4930
f 4949 4931 4932
f 4931 4603 4602
f 4933 4604 4603
f 4934 4605 4604
f 4931 4933 4603
f 4933 4934 4604
f 4934 4935 4605
f 4950 4933 4931
f 4951 4934 4933
f 4953 5008 4935
f 4952 4935 4934
f 4936 4914 4913
f 4937 4915 4914
f 4938 4916 4915
f 4939 4917 4916
f 4940 4918 4917
f 4941 4919 4918
f 4942 4924 4919
f 4943 4925 4924
f 4944 4927 4925
f 4936 4937 4914
f 4937 4938 4915
f 4938 4939 4916
f 4939 4940 4917
f 4940 4941 4918
f 4941 4942 4919
f 4955 4937 4936
f 4956 4938 4937
f 4957 4939 4938
f 4956 4957 4938
f 4957 4958 4939
f 4955 4956 4937
f 4958 4940 4939
f 4959 4941 4940
f 4960 4942 4941
f 4958 4959 4940
f 4959 4960 4941
f 4960 4961 4942
f 4942 4943 4924
f 4943 4944 4925
f 4944 4945 4927
f 4945 4946 4926
f 4946 4947 4929
f 4962 4944 4943
f 4963 4945 4944
f 4964 4946 4945
f 4965 4947 4946
f 4961 4943 4942
f 4961 4962 4943
f 4962 4963 4944
f 4963 4964 4945
f 4964 4965 4946
f 4965 4988 4947
f 4947 4948 4930
f 4948 4949 4932
f 4949 4950 4931
f 4988 4948 4947
f 4989 4949 4948
f 4990 4950 4949
f 4990 4991 4950
f 4988 4989 4948
f 4989 4990 4949
f 4950 4951 4933
f 4951 4952 4934
f 4952 4953 4935
f 4954 5021 4953
f 4991 4951 4950
f 4994 4952 4951
f 4991 4994 4951
f 4994 4995 4952
f 4995 4953 4952
f 4995 4954 4953
f 4966 4958 4957
f 4969 4959 4958
f 4970 4960 4959
f 4971 4961 4960
f 4972 4962 4961
f 4973 4963 4962
f 4974 4964 4963
f 4975 4965 4964
f 4976 4988 4965
f 4974 4975 4964
f 4975 4976 4965
f 4976 4999 4988
f 4967 4956 4955
f 4968 4957 4956
f 4968 4966 4957
f 4967 4968 4956
f 4966 4969 4958
f 4969 4970 4959
f 4970 4971 4960
f 4971 4972 4961
f 4972 4973 4962
f 4973 4974 4963
f 4980 4968 4967
f 4981 4966 4968
f 4980 4981 4968
f 4981 4982 4966
f 4982 4969 4966
f 4982 4983 4969
f 4983 4970 4969
f 4977 4971 4970
f 4983 4977 4970
f 4978 4972 4971
f 4978 4979 4972
f 4977 4978 4971
f 5135 4982 4981
f 5134 4981 4980
f 5133 4983 4982
f 5134 5135 4981
f 5135 5133 4982
f 5133 5136 4983
f 5136 4977 4983
f 5137 4978 4977
f 5138 4979 4978
f 5136 5137 4977
f 5137 5138 4978
f 5138 5139 4979
f 4979 4973 4972
f 4984 4974 4973
f 4985 4975 4974
f 4979 4984 4973
f 4984 4985 4974
f 4986 4976 4975
f 4987 4999 4976
f 4987 5001 4999
f 4985 4986 4975
f 4986 4987 4976
f 5147 4985 4984
f 5148 4986 4985
f 5149 4987 4986
f 5150 5001 4987
f 5150 5179 5001
f 5139 4984 4979
f 5139 5147 4984
f 5147 5148 4985
f 5148 5149 4986
f 5149 5150 4987
f 4999 4989 4988
f 5000 4990 4989
f 4992 4991 4990
f 4999 5000 4989
f 5000 4992 4990
f 4992 4993 4991
f 4993 4994 4991
f 4996 4995 4994
f 4996 4997 4995
f 4997 4954 4995
f 4998 5026 4954
f 4997 4998 4954
f 4993 4996 4994
f 5006 4998 4997
f 5007 5034 4998
f 5002 4992 5000
f 5004 4993 4992
f 5003 4996 4993
f 5005 4997 4996
f 5001 5000 4999
f 5001 5002 5000
f 5002 5004 4992
f 5004 5003 4993
f 5179 5002 5001
f 5180 5004 5002
f 5179 5180 5002
f 5177 5003 5004
f 5180 5177 5004
f 5177 5178 5003
f 5003 5005 4996
f 5005 5006 4997
f 5006 5007 4998
f 5178 5005 5003
f 5185 5006 5005
f 5178 5185 5005
f 5185 5186 5006
f 5186 5007 5006
f 5187 5040 5007
f 5186 5187 5007
f 5008 5009 4612
f 5009 5010 4613
f 4935 5008 4611
f 5021 5009 5008
f 4953 5021 5008
f 5021 5022 5009
f 5022 5010 5009
f 5022 5023 5010
f 5010 5011 4614
f 5020 5013 5012
f 5023 5011 5010
f 5023 5027 5011
f 5027 5012 5011
f 5027 5020 5012
f 5015 5014 5013
f 5016 5017 5014
f 5020 5015 5013
f 5015 5016 5014
f 5016 5018 5017
f 5018 4624 5017
f 5019 4729 4624
f 5019 5568 4729
f 5018 5019 4624
f 5033 5568 5019
f 5026 5022 5021
f 5024 5023 5022
f 4954 5026 5021
f 5026 5024 5022
f 5024 5025 5023
f 5025 5027 5023
f 5029 5015 5020
f 5028 5020 5027
f 5025 5028 5027
f 5028 5029 5020
f 5038 5030 5029
f 5030 5016 5015
f 5029 5030 5015
f 5030 5031 5016
f 5031 5018 5016
f 5031 5032 5018
f 5049 5031 5030
f 5050 5032 5031
f 5032 5019 5018
f 5032 5033 5019
f 5033 5581 5568
f 5051 5033 5032
f 5052 5581 5033
f 5034 5024 5026
f 5034 5035 5024
f 4998 5034 5026
f 5035 5025 5024
f 5035 5036 5025
f 5040 5035 5034
f 5041 5036 5035
f 5036 5028 5025
f 5036 5037 5028
f 5037 5029 5028
f 5037 5038 5029
f 5042 5037 5036
f 5039 5049 5038
f 5046 5038 5037
f 5046 5039 5038
f 5041 5042 5036
f 5042 5046 5037
f 5007 5040 5034
f 5040 5041 5035
f 5043 5041 5040
f 5043 5045 5041
f 5187 5043 5040
f 5045 5042 5041
f 5045 5044 5042
f 5044 5046 5042
f 5047 5039 5046
f 5048 5053 5039
f 5044 5047 5046
f 5047 5048 5039
f 5050 5051 5032
f 5038 5049 5030
f 5049 5050 5031
f 5053 5050 5049
f 5039 5053 5049
f 5053 5054 5050
f 5054 5051 5050
f 5054 5055 5051
f 5051 5052 5033
f 5052 5584 5581
f 5055 5052 5051
f 5055 5056 5052
f 5056 5584 5052
f 5056 5588 5584
f 5059 5054 5053
f 5060 5055 5054
f 5060 5057 5055
f 5057 5056 5055
f 5058 5588 5056
f 5057 5058 5056
f 5058 5590 5588
f 5048 5059 5053
f 5059 5060 5054
f 5061 5062 5069
f 5062 5063 5070
f 5063 5064 5071
f 5063 5071 5070
f 5061 5069 5068
f 5062 5070 5069
f 5064 5065 5072
f 5064 5072 5071
f 5065 5073 5072
f 5066 5067 5074
f 5065 5066 5073
f 5066 5074 5073
f 5069 5070 5085
f 5068 5069 5084
f 5070 5071 5086
f 5071 5072 5087
f 5072 5073 5088
f 5073 5074 5089
f 5076 5105 5110
f 5067 5077 5079
f 5077 5078 5080
f 5067 5079 5074
f 5077 5080 5079
f 5078 5081 5080
f 5078 5075 5081
f 5075 5076 5082
f 5075 5082 5081
f 5076 5110 5082
f 5074 5079 5097
f 5079 5080 5098
f 5080 5081 5099
f 5081 5082 5100
f 5082 5110 5120
f 5082 5120 5100
f 5068 5084 5083
f 5069 5085 5084
f 5070 5086 5085
f 5083 5084 5091
f 5084 5085 5092
f 5085 5086 5095
f 5072 5088 5087
f 5071 5087 5086
f 5073 5089 5088
f 5086 5087 5096
f 5087 5088 5093
f 5088 5089 5094
f 5083 5091 5090
f 5084 5092 5091
f 5085 5095 5092
f 5090 5091 5206
f 5091 5092 5207
f 5092 5095 5208
f 5086 5096 5095
f 5087 5093 5096
f 5088 5094 5093
f 5095 5096 5209
f 5096 5093 5210
f 5093 5094 5211
f 5074 5097 5089
f 5079 5098 5097
f 5080 5099 5098
f 5089 5097 5101
f 5097 5098 5102
f 5081 5100 5099
f 5098 5099 5103
f 5099 5100 5104
f 5100 5120 5123
f 5089 5101 5094
f 5097 5102 5101
f 5098 5103 5102
f 5094 5101 5219
f 5101 5102 5220
f 5099 5104 5103
f 5100 5123 5104
f 5103 5104 5222
f 5102 5103 5221
f 5104 5123 5282
f 5104 5282 5222
f 5105 5106 5111
f 5106 5112 5111
f 5106 5107 5112
f 5107 5108 5109
f 5107 5109 5112
f 5105 5111 5110
f 5110 5111 5119
f 5110 5119 5120
f 5111 5121 5119
f 5111 5112 5121
f 5112 5122 5121
f 5112 5109 5122
f 5113 5114 5117
f 5108 5113 5116
f 5108 5116 5109
f 5113 5117 5116
f 5114 5115 5118
f 5115 5337 5118
f 5114 5118 5117
f 5116 5117 5128
f 5117 5129 5128
f 5117 5118 5129
f 5118 5341 5129
f 5109 5116 5127
f 5109 5127 5122
f 5116 5128 5127
f 5120 5119 5124
f 5119 5126 5124
f 5119 5121 5126
f 5121 5125 5126
f 5121 5122 5125
f 5120 5124 5123
f 5123 5124 5283
f 5123 5283 5282
f 5124 5285 5283
f 5124 5126 5285
f 5126 5284 5285
f 5126 5125 5284
f 5122 5127 5130
f 5122 5130 5125
f 5127 5128 5131
f 5127 5131 5130
f 5128 5132 5131
f 5128 5129 5132
f 5129 5345 5132
f 5125 5130 5294
f 5125 5294 5284
f 5130 5131 5296
f 5130 5296 5294
f 5131 5132 5297
f 5131 5297 5296
f 5132 5346 5297
f 5140 5135 5134
f 5141 5133 5135
f 5140 5141 5135
f 5141 5142 5133
f 5142 5136 5133
f 5142 5143 5136
f 5144 5138 5137
f 5145 5139 5138
f 5143 5137 5136
f 5143 5144 5137
f 5144 5145 5138
f 5145 5146 5139
f 5155 5141 5140
f 5156 5142 5141
f 5157 5143 5142
f 5159 5145 5144
f 5158 5144 5143
f 5160 5146 5145
f 5146 5147 5139
f 5151 5148 5147
f 5152 5149 5148
f 5151 5152 5148
f 5146 5151 5147
f 5153 5150 5149
f 5152 5153 5149
f 5153 5154 5150
f 5154 5179 5150
f 5154 5181 5179
f 5161 5151 5146
f 5169 5152 5151
f 5170 5153 5152
f 5172 5181 5154
f 5171 5154 5153
f 5155 5156 5141
f 5156 5157 5142
f 5157 5158 5143
f 5162 5156 5155
f 5163 5157 5156
f 5164 5158 5157
f 5158 5159 5144
f 5160 5161 5146
f 5159 5160 5145
f 5165 5159 5158
f 5166 5160 5159
f 5167 5161 5160
f 5162 5163 5156
f 5163 5164 5157
f 5164 5165 5158
f 5231 5163 5162
f 5232 5164 5163
f 5233 5165 5164
f 5165 5166 5159
f 5166 5167 5160
f 5167 5168 5161
f 5234 5166 5165
f 5235 5167 5166
f 5236 5168 5167
f 5161 5169 5151
f 5169 5170 5152
f 5173 5170 5169
f 5168 5169 5161
f 5174 5171 5170
f 5172 5192 5181
f 5170 5171 5153
f 5171 5172 5154
f 5175 5172 5171
f 5176 5192 5172
f 5168 5173 5169
f 5173 5174 5170
f 5237 5173 5168
f 5252 5174 5173
f 5253 5175 5174
f 5174 5175 5171
f 5175 5176 5172
f 5176 5196 5192
f 5254 5176 5175
f 5255 5196 5176
f 5181 5180 5179
f 5181 5182 5180
f 5182 5177 5180
f 5183 5178 5177
f 5182 5183 5177
f 5183 5184 5178
f 5192 5182 5181
f 5191 5183 5182
f 5193 5184 5183
f 5184 5185 5178
f 5189 5186 5185
f 5189 5190 5186
f 5190 5187 5186
f 5188 5043 5187
f 5190 5188 5187
f 5201 5372 5188
f 5184 5189 5185
f 5194 5189 5184
f 5199 5190 5189
f 5200 5188 5190
f 5192 5191 5182
f 5196 5191 5192
f 5195 5193 5191
f 5191 5193 5183
f 5193 5194 5184
f 5197 5194 5193
f 5196 5195 5191
f 5307 5195 5196
f 5308 5197 5195
f 5195 5197 5193
f 5197 5198 5194
f 5309 5198 5197
f 5194 5199 5189
f 5199 5200 5190
f 5198 5199 5194
f 5202 5200 5199
f 5200 5201 5188
f 5203 5201 5200
f 5204 5382 5201
f 5198 5202 5199
f 5202 5203 5200
f 5310 5202 5198
f 5322 5203 5202
f 5203 5204 5201
f 5323 5204 5203
f 5315 5379 5204
f 5090 5206 5205
f 5091 5207 5206
f 5092 5208 5207
f 5205 5206 5213
f 5206 5207 5214
f 5207 5208 5215
f 5095 5209 5208
f 5096 5210 5209
f 5093 5211 5210
f 5208 5209 5216
f 5209 5210 5217
f 5210 5211 5218
f 5205 5213 5212
f 5206 5214 5213
f 5207 5215 5214
f 5212 5213 5272
f 5213 5214 5273
f 5212 5272 5271
f 5213 5273 5272
f 5214 5215 5274
f 5214 5274 5273
f 5208 5216 5215
f 5209 5217 5216
f 5210 5218 5217
f 5215 5216 5275
f 5215 5275 5274
f 5216 5276 5275
f 5216 5217 5276
f 5217 5218 5277
f 5217 5277 5276
f 5094 5219 5211
f 5101 5220 5219
f 5102 5221 5220
f 5211 5219 5224
f 5211 5224 5218
f 5219 5223 5224
f 5219 5220 5223
f 5220 5227 5223
f 5103 5222 5221
f 5220 5221 5227
f 5221 5222 5228
f 5221 5228 5227
f 5222 5282 5290
f 5222 5290 5228
f 5218 5224 5225
f 5224 5223 5226
f 5224 5226 5225
f 5218 5225 5277
f 5223 5229 5226
f 5223 5227 5229
f 5227 5228 5230
f 5228 5290 5292
f 5227 5230 5229
f 5228 5292 5230
f 5231 5232 5163
f 5232 5233 5164
f 5233 5234 5165
f 5241 5232 5231
f 5242 5233 5232
f 5243 5234 5233
f 5234 5235 5166
f 5235 5236 5167
f 5236 5237 5168
f 5249 5235 5234
f 5250 5236 5235
f 5251 5237 5236
f 5266 5239 5238
f 5264 5240 5239
f 5239 5240 5243
f 5265 5245 5240
f 5240 5245 5249
f 5241 5242 5232
f 5242 5243 5233
f 5238 5242 5241
f 5239 5243 5242
f 5243 5249 5234
f 5240 5249 5243
f 5238 5239 5242
f 5245 5250 5249
f 5246 5251 5250
f 5248 5244 5251
f 5268 5246 5245
f 5267 5248 5246
f 5245 5246 5250
f 5269 5247 5248
f 5246 5248 5251
f 5248 5247 5244
f 5249 5250 5235
f 5250 5251 5236
f 5251 5244 5237
f 5278 5259 5258
f 5279 5262 5259
f 5280 5263 5262
f 5281 5303 5263
f 5257 5254 5253
f 5237 5252 5173
f 5252 5253 5174
f 5244 5252 5237
f 5256 5253 5252
f 5254 5255 5176
f 5255 5307 5196
f 5260 5255 5254
f 5261 5307 5255
f 5253 5254 5175
f 5247 5256 5244
f 5258 5257 5256
f 5256 5257 5253
f 5259 5260 5257
f 5270 5258 5247
f 5247 5258 5256
f 5258 5259 5257
f 5244 5256 5252
f 5262 5261 5260
f 5257 5260 5254
f 5260 5261 5255
f 5263 5311 5261
f 5261 5311 5307
f 5259 5262 5260
f 5262 5263 5261
f 5263 5303 5311
f 5271 5272 5264
f 5272 5273 5265
f 5273 5274 5268
f 5265 5268 5245
f 5271 5264 5266
f 5272 5265 5264
f 5273 5268 5265
f 5274 5275 5267
f 5276 5270 5269
f 5275 5276 5269
f 5276 5277 5270
f 5268 5267 5246
f 5267 5269 5248
f 5269 5270 5247
f 5274 5267 5268
f 5275 5269 5267
f 5266 5264 5239
f 5264 5265 5240
f 5277 5225 5278
f 5277 5278 5270
f 5225 5279 5278
f 5225 5226 5279
f 5226 5280 5279
f 5270 5278 5258
f 5278 5279 5259
f 5226 5229 5280
f 5229 5230 5281
f 5229 5281 5280
f 5230 5292 5324
f 5230 5324 5281
f 5280 5281 5263
f 5279 5280 5262
f 5281 5324 5303
f 5282 5291 5290
f 5283 5293 5291
f 5282 5283 5291
f 5283 5285 5293
f 5285 5284 5286
f 5285 5286 5293
f 5287 5288 5326
f 5288 5289 5327
f 5290 5291 5287
f 5290 5287 5292
f 5291 5288 5287
f 5291 5293 5288
f 5293 5289 5288
f 5293 5286 5289
f 5284 5294 5295
f 5294 5296 5298
f 5284 5295 5286
f 5294 5298 5295
f 5296 5297 5299
f 5296 5299 5298
f 5297 5400 5299
f 5289 5300 5328
f 5300 5302 5329
f 5298 5301 5302
f 5299 5402 5301
f 5301 5428 5330
f 5302 5330 5329
f 5302 5301 5330
f 5286 5295 5300
f 5286 5300 5289
f 5295 5298 5302
f 5295 5302 5300
f 5298 5299 5301
f 5324 5304 5303
f 5325 5305 5304
f 5326 5306 5305
f 5304 5305 5313
f 5305 5306 5314
f 5307 5308 5195
f 5311 5308 5307
f 5312 5309 5308
f 5308 5309 5197
f 5309 5310 5198
f 5313 5310 5309
f 5311 5312 5308
f 5303 5312 5311
f 5304 5313 5312
f 5303 5304 5312
f 5312 5313 5309
f 5305 5314 5313
f 5313 5314 5310
f 5318 5315 5323
f 5319 5413 5315
f 5306 5316 5314
f 5316 5318 5323
f 5317 5318 5316
f 5327 5317 5306
f 5306 5317 5316
f 5328 5320 5317
f 5317 5320 5318
f 5329 5321 5320
f 5330 5416 5321
f 5320 5319 5318
f 5321 5417 5319
f 5318 5319 5315
f 5320 5321 5319
f 5310 5322 5202
f 5322 5323 5203
f 5314 5322 5310
f 5316 5323 5322
f 5323 5315 5204
f 5314 5316 5322
f 5292 5325 5324
f 5292 5287 5325
f 5287 5326 5325
f 5324 5325 5304
f 5326 5327 5306
f 5288 5327 5326
f 5325 5326 5305
f 5327 5328 5317
f 5328 5329 5320
f 5289 5328 5327
f 5300 5329 5328
f 5329 5330 5321
f 5332 5333 5339
f 5333 5334 5340
f 5333 5340 5339
f 5334 5335 5336
f 5334 5336 5340
f 5335 5356 5336
f 5115 5331 5337
f 5331 5332 5338
f 5331 5338 5337
f 5332 5339 5338
f 5337 5338 5342
f 5118 5337 5341
f 5337 5342 5341
f 5338 5339 5343
f 5338 5343 5342
f 5339 5340 5350
f 5339 5350 5343
f 5340 5336 5351
f 5340 5351 5350
f 5336 5363 5351
f 5341 5342 5347
f 5342 5343 5344
f 5342 5344 5347
f 5129 5341 5345
f 5341 5347 5345
f 5132 5345 5346
f 5345 5347 5348
f 5345 5348 5346
f 5347 5344 5349
f 5347 5349 5348
f 5343 5350 5353
f 5343 5353 5344
f 5350 5351 5352
f 5350 5352 5353
f 5351 5364 5352
f 5344 5353 5354
f 5344 5354 5349
f 5353 5352 5355
f 5352 5366 5355
f 5353 5355 5354
f 4902 4904 5358
f 5335 4903 5356
f 4903 4902 5357
f 4903 5357 5356
f 4902 5358 5357
f 5336 5356 5363
f 5356 5357 5362
f 5357 5358 5360
f 5357 5360 5362
f 4904 4905 5359
f 4905 5545 5650
f 4905 5650 5359
f 4904 5359 5358
f 5358 5359 5361
f 5358 5361 5360
f 5359 5650 5651
f 5359 5651 5361
f 5356 5362 5363
f 5361 5651 5660
f 5351 5363 5364
f 5363 5362 5365
f 5363 5365 5364
f 5362 5360 5368
f 5362 5368 5365
f 5352 5364 5366
f 5364 5365 5367
f 5364 5367 5366
f 5355 5366 5434
f 5366 5367 5435
f 5365 5368 5370
f 5365 5370 5367
f 5367 5370 5440
f 5360 5369 5368
f 5360 5361 5369
f 5361 5660 5369
f 5369 5660 5661
f 5368 5371 5370
f 5368 5369 5371
f 5370 5442 5440
f 5370 5371 5442
f 5369 5661 5371
f 5371 5661 5727
f 5371 5727 5442
f 5372 5045 5043
f 5188 5372 5043
f 5372 5373 5045
f 5373 5044 5045
f 5373 5374 5044
f 5382 5373 5372
f 5377 5374 5373
f 5374 5047 5044
f 5374 5375 5047
f 5375 5048 5047
f 5376 5059 5048
f 5375 5376 5048
f 5378 5375 5374
f 5383 5376 5375
f 5383 5384 5376
f 5384 5387 5376
f 5382 5377 5373
f 5379 5377 5382
f 5377 5378 5374
f 5380 5378 5377
f 5379 5380 5377
f 5413 5380 5379
f 5380 5381 5378
f 5414 5381 5380
f 5201 5382 5372
f 5204 5379 5382
f 5378 5383 5375
f 5381 5383 5378
f 5385 5384 5383
f 5386 5391 5384
f 5381 5385 5383
f 5415 5385 5381
f 5385 5386 5384
f 5422 5386 5385
f 5423 5393 5386
f 5390 5590 5058
f 5390 5689 5590
f 5387 5060 5059
f 5376 5387 5059
f 5387 5388 5060
f 5388 5057 5060
f 5388 5389 5057
f 5391 5388 5387
f 5391 5392 5388
f 5384 5391 5387
f 5392 5389 5388
f 5392 5395 5389
f 5389 5058 5057
f 5389 5390 5058
f 5395 5390 5389
f 5395 5396 5390
f 5396 5689 5390
f 5396 5699 5689
f 5393 5392 5391
f 5394 5395 5392
f 5393 5394 5392
f 5446 5394 5393
f 5386 5393 5391
f 5394 5397 5395
f 5447 5397 5394
f 5397 5396 5395
f 5398 5699 5396
f 5397 5398 5396
f 5451 5398 5397
f 5398 5700 5699
f 5452 5700 5398
f 5412 5449 5427
f 5400 5401 5403
f 5401 5399 5404
f 5297 5346 5400
f 5346 5348 5401
f 5346 5401 5400
f 5348 5399 5401
f 5348 5349 5399
f 5400 5403 5402
f 5402 5405 5428
f 5301 5402 5428
f 5402 5403 5405
f 5401 5404 5403
f 5403 5406 5405
f 5403 5404 5406
f 5299 5400 5402
f 5349 5354 5407
f 5349 5407 5399
f 5399 5407 5409
f 5354 5355 5408
f 5354 5408 5407
f 5355 5434 5408
f 5407 5408 5411
f 5407 5411 5409
f 5408 5437 5411
f 5399 5409 5404
f 5404 5409 5410
f 5404 5410 5406
f 5406 5410 5425
f 5411 5438 5412
f 5409 5411 5412
f 5409 5412 5410
f 5410 5412 5427
f 5315 5413 5379
f 5413 5414 5380
f 5417 5414 5413
f 5414 5415 5381
f 5420 5415 5414
f 5428 5418 5416
f 5319 5417 5413
f 5417 5420 5414
f 5416 5420 5417
f 5321 5416 5417
f 5416 5418 5420
f 5405 5419 5418
f 5418 5419 5421
f 5418 5421 5420
f 5420 5421 5415
f 5415 5422 5385
f 5421 5422 5415
f 5424 5423 5422
f 5426 5446 5423
f 5422 5423 5386
f 5419 5424 5421
f 5406 5425 5419
f 5419 5425 5424
f 5421 5424 5422
f 5424 5426 5423
f 5425 5426 5424
f 5427 5448 5426
f 5425 5427 5426
f 5410 5427 5425
f 5330 5428 5416
f 5428 5405 5418
f 5405 5406 5419
f 5438 5439 5429
f 5438 5429 5449
f 5429 5431 5430
f 5439 5431 5429
f 5439 5444 5431
f 5452 5713 5700
f 5432 5713 5452
f 5432 5715 5713
f 5444 5445 5433
f 5431 5432 5430
f 5430 5432 5452
f 5431 5433 5432
f 5444 5433 5431
f 5445 5716 5433
f 5445 5730 5716
f 5433 5715 5432
f 5433 5716 5715
f 5366 5435 5434
f 5408 5434 5437
f 5434 5435 5436
f 5434 5436 5437
f 5367 5440 5435
f 5435 5440 5441
f 5435 5441 5436
f 5411 5437 5438
f 5437 5436 5439
f 5437 5439 5438
f 5412 5438 5449
f 5436 5441 5444
f 5436 5444 5439
f 5440 5442 5443
f 5441 5443 5445
f 5440 5443 5441
f 5442 5727 5728
f 5442 5728 5443
f 5443 5728 5730
f 5441 5445 5444
f 5443 5730 5445
f 5423 5446 5393
f 5446 5447 5394
f 5448 5447 5446
f 5447 5451 5397
f 5450 5451 5447
f 5426 5448 5446
f 5448 5450 5447
f 5449 5450 5448
f 5427 5449 5448
f 5449 5429 5450
f 5450 5430 5451
f 5429 5430 5450
f 5451 5452 5398
f 5430 5452 5451
f 4428 5454 5453
f 4432 5483 5457
f 4430 5455 5454
f 4431 5456 5455
f 5454 5455 5469
f 5455 5456 5471
f 4433 5457 5456
f 5456 5457 5472
f 5456 5472 5471
f 5457 5486 5472
f 5459 5460 5461
f 5458 5459 5464
f 5458 5464 5463
f 5459 5461 5464
f 5460 5453 5462
f 5453 5454 5470
f 5453 5470 5462
f 5460 5462 5461
f 5462 5470 5474
f 5463 5464 5466
f 5464 5461 5468
f 5464 5468 5466
f 5463 5466 5465
f 5466 5468 5520
f 5461 5462 5467
f 5461 5467 5468
f 5462 5474 5467
f 5468 5467 5521
f 5467 5474 5532
f 5454 5469 5470
f 5455 5471 5469
f 5470 5469 5475
f 5469 5471 5476
f 5469 5476 5475
f 5471 5472 5473
f 5471 5473 5476
f 5472 5496 5473
f 5470 5475 5474
f 5474 5475 5477
f 5475 5476 5478
f 5476 5473 5479
f 5467 5532 5521
f 5474 5477 5532
f 5475 5478 5477
f 5476 5479 5478
f 5473 5505 5479
f 5478 5479 5536
f 4434 5484 5483
f 4435 5480 5484
f 4436 5481 5480
f 4437 5482 5481
f 5457 5483 5486
f 5483 5484 5487
f 5483 5487 5486
f 5484 5488 5487
f 5484 5480 5488
f 5480 5481 5489
f 5480 5489 5488
f 5481 5482 5485
f 5481 5485 5489
f 5488 5489 5498
f 5489 5485 5499
f 4275 5490 5482
f 4280 5492 5490
f 5482 5490 5493
f 5490 5492 5494
f 4281 5491 5492
f 4282 6422 5491
f 5492 5491 5495
f 5482 5493 5485
f 5490 5494 5493
f 5492 5495 5494
f 5491 6425 5495
f 5485 5493 5501
f 5493 5494 5502
f 5494 5503 5502
f 5494 5495 5503
f 5495 6440 5503
f 5472 5486 5496
f 5486 5497 5496
f 5486 5487 5497
f 5487 5500 5497
f 5496 5497 5504
f 5487 5488 5500
f 5488 5498 5500
f 5489 5499 5498
f 5497 5500 5507
f 5500 5498 5506
f 5498 5499 5508
f 5498 5508 5506
f 5473 5496 5505
f 5485 5501 5499
f 5493 5502 5501
f 5499 5501 5514
f 5499 5514 5508
f 5501 5502 5512
f 5501 5512 5514
f 5502 5503 5513
f 5502 5513 5512
f 5503 6449 5513
f 5496 5504 5505
f 5497 5507 5504
f 5479 5505 5547
f 5505 5504 5548
f 5505 5548 5547
f 5504 5509 5548
f 5500 5506 5507
f 5507 5506 5510
f 5506 5508 5511
f 5504 5507 5509
f 5507 5510 5509
f 5506 5511 5510
f 5508 5514 5515
f 5514 5512 5516
f 5508 5515 5511
f 5514 5516 5515
f 5515 5516 5560
f 5512 5517 5516
f 5512 5513 5517
f 5513 6450 5517
f 5516 5517 5561
f 5465 5466 5518
f 5465 5518 5519
f 5466 5520 5518
f 5519 5518 5525
f 5518 5520 5522
f 5519 5525 5524
f 5518 5522 5525
f 5468 5521 5520
f 5520 5521 5523
f 5521 5532 5533
f 5520 5523 5522
f 5521 5533 5523
f 5523 5533 5538
f 5524 5527 5526
f 5524 5525 5527
f 5525 5522 5528
f 5525 5528 5527
f 5526 5527 5546
f 5526 5546 5545
f 5527 5528 5530
f 5527 5530 5546
f 5522 5523 5529
f 5522 5529 5528
f 5523 5538 5529
f 5529 5538 5540
f 5528 5529 5531
f 5528 5531 5530
f 5529 5540 5531
f 5532 5477 5534
f 5477 5478 5535
f 5532 5534 5533
f 5477 5535 5534
f 5533 5534 5539
f 5534 5535 5542
f 5478 5536 5535
f 5479 5547 5536
f 5535 5536 5537
f 5534 5542 5539
f 5535 5537 5542
f 5536 5549 5537
f 5533 5539 5538
f 5538 5539 5541
f 5539 5542 5544
f 5539 5544 5541
f 5538 5541 5540
f 5541 5544 5672
f 5542 5537 5543
f 5542 5543 5544
f 5537 5554 5543
f 5544 5543 5648
f 5536 5547 5549
f 5547 5548 5550
f 5548 5509 5551
f 5509 5510 5552
f 5510 5511 5553
f 5548 5551 5550
f 5547 5550 5549
f 5549 5550 5555
f 5509 5552 5551
f 5510 5553 5552
f 5550 5551 5556
f 5551 5552 5557
f 5552 5553 5558
f 5551 5557 5556
f 5552 5558 5557
f 5537 5549 5554
f 5549 5555 5554
f 5550 5556 5555
f 5554 5555 5753
f 5543 5554 5752
f 5555 5556 5754
f 5556 5557 5755
f 5557 5756 5755
f 5557 5558 5756
f 5556 5755 5754
f 5511 5515 5559
f 5511 5559 5553
f 5515 5560 5559
f 5516 5561 5560
f 5517 6493 5561
f 5553 5559 5564
f 5553 5564 5558
f 5559 5560 5563
f 5559 5563 5564
f 5560 5562 5563
f 5560 5561 5562
f 5561 6496 5562
f 5558 5564 5565
f 5558 5565 5756
f 5564 5563 5566
f 5564 5566 5565
f 5563 5567 5566
f 5563 5562 5567
f 5562 6499 5567
f 5568 4730 4729
f 5568 5569 4730
f 5569 4731 4730
f 5569 5570 4731
f 5581 5569 5568
f 5580 5570 5569
f 5570 4732 4731
f 5570 5571 4732
f 5571 5573 4737
f 5582 5571 5570
f 5583 5573 5571
f 5580 5582 5570
f 5582 5583 5571
f 5583 5576 5573
f 5573 5572 4738
f 5572 5575 4740
f 5576 5572 5573
f 5577 5575 5572
f 5575 5574 4739
f 5578 5574 5575
f 5578 5579 5574
f 5579 5608 5574
f 5576 5577 5572
f 5577 5578 5575
f 5597 5578 5577
f 5600 5579 5578
f 5600 5601 5579
f 5601 5613 5579
f 5581 5580 5569
f 5584 5580 5581
f 5585 5582 5580
f 5586 5583 5582
f 5586 5587 5583
f 5587 5576 5583
f 5587 5596 5576
f 5596 5577 5576
f 5596 5597 5577
f 5597 5600 5578
f 5584 5585 5580
f 5585 5586 5582
f 5589 5586 5585
f 5588 5585 5584
f 5588 5589 5585
f 5589 5592 5586
f 5593 5596 5587
f 5592 5587 5586
f 5592 5593 5587
f 5593 5598 5596
f 5590 5589 5588
f 5591 5592 5589
f 5590 5591 5589
f 5591 5594 5592
f 5594 5593 5592
f 5595 5598 5593
f 5595 5604 5598
f 5594 5595 5593
f 5691 5595 5594
f 5692 5604 5595
f 5598 5597 5596
f 5599 5600 5597
f 5598 5599 5597
f 5599 5602 5600
f 5602 5601 5600
f 5603 5627 5601
f 5602 5603 5601
f 5604 5599 5598
f 5605 5602 5599
f 5605 5606 5602
f 5604 5605 5599
f 5701 5605 5604
f 5702 5606 5605
f 5606 5603 5602
f 5606 5607 5603
f 5607 5639 5603
f 5704 5607 5606
f 5703 5643 5607
f 5574 5608 4754
f 5614 5610 5609
f 5613 5609 5608
f 5579 5613 5608
f 5613 5614 5609
f 5615 5611 5610
f 5615 5616 5611
f 5616 5612 5611
f 5616 5617 5612
f 5614 5615 5610
f 5627 5614 5613
f 5628 5615 5614
f 5601 5627 5613
f 5627 5628 5614
f 5629 5616 5615
f 5630 5617 5616
f 5628 5629 5615
f 5629 5630 5616
f 5630 5631 5617
f 5621 5620 5619
f 5617 5619 5612
f 5617 5621 5619
f 5621 5623 5620
f 5623 5618 5620
f 5624 6561 5618
f 5623 5624 5618
f 5622 5623 5621
f 5631 5621 5617
f 5631 5622 5621
f 5622 5626 5623
f 5626 5624 5623
f 5625 6565 5624
f 5626 5625 5624
f 5640 5629 5628
f 5641 5630 5629
f 5642 5631 5630
f 5640 5641 5629
f 5641 5642 5630
f 5642 5632 5631
f 5632 5622 5631
f 5633 5626 5622
f 5632 5633 5622
f 5633 5634 5626
f 5635 6566 5625
f 5634 5625 5626
f 5634 5635 5625
f 5647 5633 5632
f 5647 5636 5633
f 5636 5634 5633
f 5636 5637 5634
f 5833 5637 5636
f 5637 5635 5634
f 5638 6576 5635
f 5637 5638 5635
f 5760 5638 5637
f 5761 6581 5638
f 5639 5628 5627
f 5603 5639 5627
f 5639 5640 5628
f 5643 5640 5639
f 5607 5643 5639
f 5644 5641 5640
f 5643 5644 5640
f 5818 5644 5643
f 5819 5645 5644
f 5645 5642 5641
f 5644 5645 5641
f 5645 5646 5642
f 5646 5632 5642
f 5646 5647 5632
f 5821 5646 5645
f 5820 5647 5646
f 5822 5636 5647
f 5531 5540 5668
f 5540 5541 5669
f 5541 5672 5669
f 5544 5648 5672
f 5543 5752 5648
f 5545 5546 5649
f 5545 5649 5650
f 5546 5530 5653
f 5546 5653 5649
f 5650 5652 5651
f 5650 5649 5652
f 5649 5655 5652
f 5649 5653 5655
f 5652 5655 5658
f 5530 5654 5653
f 5530 5531 5654
f 5531 5668 5654
f 5653 5654 5656
f 5654 5671 5656
f 5654 5668 5671
f 5653 5656 5655
f 5655 5656 5659
f 5656 5671 5675
f 5651 5657 5660
f 5651 5652 5657
f 5652 5658 5657
f 5655 5659 5658
f 5658 5659 5666
f 5656 5675 5659
f 5659 5678 5666
f 5659 5675 5678
f 5660 5657 5662
f 5657 5658 5664
f 5660 5662 5661
f 5661 5663 5727
f 5661 5662 5663
f 5657 5664 5662
f 5662 5664 5665
f 5662 5665 5663
f 5658 5666 5664
f 5664 5666 5667
f 5664 5667 5665
f 5665 5667 5733
f 5666 5678 5687
f 5666 5687 5667
f 5667 5687 5750
f 5540 5669 5668
f 5668 5669 5670
f 5669 5672 5673
f 5668 5670 5671
f 5669 5673 5670
f 5671 5670 5676
f 5670 5679 5676
f 5670 5673 5679
f 5672 5648 5674
f 5648 5767 5674
f 5672 5674 5673
f 5673 5674 5681
f 5674 5770 5681
f 5673 5681 5679
f 5671 5676 5675
f 5675 5677 5678
f 5675 5676 5677
f 5676 5679 5680
f 5676 5680 5677
f 5678 5677 5688
f 5677 5683 5688
f 5677 5680 5683
f 5679 5681 5682
f 5679 5682 5680
f 5680 5682 5685
f 5681 5777 5682
f 5680 5685 5683
f 5683 5685 5686
f 5683 5686 5684
f 5684 5686 5747
f 5682 5779 5685
f 5685 5780 5686
f 5678 5688 5687
f 5687 5751 5750
f 5687 5688 5751
f 5688 5684 5751
f 5688 5683 5684
f 5689 5591 5590
f 5689 5690 5591
f 5690 5594 5591
f 5690 5691 5594
f 5699 5690 5689
f 5699 5693 5690
f 5693 5691 5690
f 5693 5695 5691
f 5691 5692 5595
f 5692 5701 5604
f 5695 5692 5691
f 5695 5696 5692
f 5696 5701 5692
f 5696 5705 5701
f 5694 5695 5693
f 5700 5694 5693
f 5713 5694 5700
f 5694 5697 5695
f 5714 5697 5694
f 5697 5696 5695
f 5698 5705 5696
f 5697 5698 5696
f 5721 5698 5697
f 5698 5707 5705
f 5722 5707 5698
f 5700 5693 5699
f 5701 5702 5605
f 5702 5704 5606
f 5705 5702 5701
f 5705 5706 5702
f 5706 5704 5702
f 5706 5709 5704
f 5704 5703 5607
f 5710 5818 5703
f 5709 5703 5704
f 5709 5710 5703
f 5707 5706 5705
f 5707 5708 5706
f 5708 5709 5706
f 5708 5711 5709
f 5737 5708 5707
f 5738 5711 5708
f 5712 5823 5710
f 5743 5825 5712
f 5711 5710 5709
f 5711 5712 5710
f 5749 5712 5711
f 5713 5714 5694
f 5715 5714 5713
f 5715 5718 5714
f 5714 5721 5697
f 5718 5721 5714
f 5718 5723 5721
f 5730 5717 5716
f 5730 5731 5717
f 5716 5718 5715
f 5716 5717 5718
f 5717 5724 5723
f 5731 5724 5717
f 5731 5719 5724
f 5717 5723 5718
f 5719 5720 5725
f 5720 5741 5725
f 5720 5734 5741
f 5723 5726 5722
f 5721 5722 5698
f 5723 5722 5721
f 5722 5737 5707
f 5726 5737 5722
f 5726 5740 5737
f 5724 5726 5723
f 5724 5725 5726
f 5719 5725 5724
f 5725 5740 5726
f 5725 5741 5740
f 5727 5729 5728
f 5727 5663 5729
f 5728 5731 5730
f 5728 5729 5731
f 5663 5732 5729
f 5663 5665 5732
f 5729 5719 5731
f 5729 5732 5719
f 5665 5733 5732
f 5732 5733 5720
f 5732 5720 5719
f 5667 5750 5733
f 5733 5750 5734
f 5733 5734 5720
f 5750 5735 5734
f 5741 5736 5739
f 5734 5736 5741
f 5734 5735 5736
f 5751 5745 5735
f 5751 5684 5745
f 5736 5742 5739
f 5736 5746 5742
f 5735 5746 5736
f 5735 5745 5746
f 5737 5738 5708
f 5740 5738 5737
f 5740 5739 5738
f 5738 5749 5711
f 5739 5749 5738
f 5739 5742 5749
f 5741 5739 5740
f 5749 5743 5712
f 5742 5743 5749
f 5742 5744 5743
f 5744 5836 5743
f 5748 5837 5744
f 5684 5747 5745
f 5745 5747 5748
f 5746 5748 5744
f 5745 5748 5746
f 5746 5744 5742
f 5747 5840 5748
f 5686 5841 5747
f 5750 5751 5735
f 5554 5753 5752
f 5648 5752 5767
f 5555 5754 5753
f 5752 5753 5768
f 5753 5772 5768
f 5754 5755 5773
f 5753 5754 5772
f 5754 5773 5772
f 5755 5756 5771
f 5755 5771 5773
f 5756 5565 5757
f 5756 5757 5771
f 5565 5566 5758
f 5565 5758 5757
f 5566 5759 5758
f 5566 5567 5759
f 5567 6623 5759
f 5758 5759 5799
f 5833 5760 5637
f 5760 5761 5638
f 5762 5761 5760
f 5763 6625 5761
f 5762 5763 5761
f 5851 5811 5764
f 5764 5763 5762
f 5765 6626 5763
f 5764 5765 5763
f 5811 5765 5764
f 5766 6631 5765
f 5811 5766 5765
f 5752 5768 5767
f 5674 5767 5770
f 5767 5769 5770
f 5767 5768 5769
f 5768 5774 5769
f 5768 5772 5774
f 5772 5773 5775
f 5772 5775 5774
f 5773 5771 5776
f 5773 5776 5775
f 5775 5776 5788
f 5769 5774 5784
f 5774 5775 5785
f 5681 5770 5777
f 5770 5778 5777
f 5682 5777 5779
f 5777 5781 5779
f 5770 5769 5778
f 5769 5784 5778
f 5777 5778 5781
f 5778 5786 5781
f 5685 5779 5780
f 5779 5782 5780
f 5686 5780 5841
f 5780 5783 5841
f 5779 5781 5782
f 5781 5790 5782
f 5780 5782 5783
f 5782 5792 5783
f 5774 5785 5784
f 5778 5784 5786
f 5784 5785 5787
f 5784 5787 5786
f 5775 5788 5785
f 5785 5788 5789
f 5785 5789 5787
f 5787 5789 5794
f 5781 5786 5790
f 5786 5787 5791
f 5786 5791 5790
f 5790 5791 5793
f 5783 5792 5849
f 5792 5793 5850
f 5782 5790 5792
f 5790 5793 5792
f 5787 5794 5791
f 5791 5794 5796
f 5793 5795 5850
f 5793 5796 5795
f 5791 5796 5793
f 5757 5758 5798
f 5771 5797 5776
f 5771 5757 5797
f 5776 5797 5802
f 5757 5798 5797
f 5797 5798 5801
f 5797 5801 5802
f 5776 5802 5788
f 5759 6658 5799
f 5758 5799 5798
f 5798 5800 5801
f 5798 5799 5800
f 5799 6659 5800
f 5801 5800 5809
f 5788 5803 5789
f 5788 5802 5803
f 5789 5805 5794
f 5789 5803 5805
f 5802 5801 5807
f 5802 5807 5803
f 5803 5807 5808
f 5803 5808 5805
f 5795 5806 5852
f 5852 5811 5851
f 5852 5812 5811
f 5806 5813 5812
f 5806 5812 5852
f 5794 5804 5796
f 5794 5805 5804
f 5796 5806 5795
f 5796 5804 5806
f 5804 5816 5813
f 5805 5816 5804
f 5805 5808 5816
f 5804 5813 5806
f 5801 5809 5807
f 5807 5810 5808
f 5807 5809 5810
f 5800 6666 5809
f 5809 6667 5810
f 5808 5810 5817
f 5810 6668 5817
f 5812 5766 5811
f 5813 5815 5812
f 5812 5815 5766
f 5815 6632 5766
f 5814 6670 5815
f 5813 5814 5815
f 5808 5817 5816
f 5816 5814 5813
f 5816 5817 5814
f 5817 6669 5814
f 5703 5818 5643
f 5818 5819 5644
f 5823 5819 5818
f 5710 5823 5818
f 5824 5821 5819
f 5823 5824 5819
f 5821 5820 5646
f 5819 5821 5645
f 5820 5822 5647
f 5827 5820 5821
f 5824 5827 5821
f 5827 5828 5820
f 5828 5822 5820
f 5828 5829 5822
f 5825 5824 5823
f 5712 5825 5823
f 5826 5827 5824
f 5825 5826 5824
f 5743 5836 5825
f 5836 5826 5825
f 5836 5838 5826
f 5838 5830 5826
f 5830 5828 5827
f 5826 5830 5827
f 5830 5831 5828
f 5831 5829 5828
f 5831 5832 5829
f 5843 5844 5831
f 5838 5843 5830
f 5843 5831 5830
f 5844 5832 5831
f 5844 5847 5832
f 5822 5833 5636
f 5829 5833 5822
f 5829 5834 5833
f 5834 5760 5833
f 5834 5762 5760
f 5832 5834 5829
f 5832 5835 5834
f 5835 5762 5834
f 5835 5764 5762
f 5847 5835 5832
f 5847 5851 5835
f 5851 5764 5835
f 5837 5838 5836
f 5744 5837 5836
f 5840 5839 5837
f 5842 5845 5839
f 5839 5843 5838
f 5837 5839 5838
f 5841 5842 5840
f 5747 5841 5840
f 5748 5840 5837
f 5840 5842 5839
f 5783 5849 5842
f 5841 5783 5842
f 5839 5845 5843
f 5845 5844 5843
f 5845 5846 5844
f 5842 5849 5845
f 5849 5850 5846
f 5849 5846 5845
f 5846 5847 5844
f 5846 5848 5847
f 5850 5848 5846
f 5850 5795 5848
f 5792 5850 5849
f 5848 5851 5847
f 5848 5852 5851
f 5795 5852 5848
f 4180 5853 5856
f 5853 5854 5857
f 3007 5855 5854
f 3008 5859 5855
f 5854 5855 5858
f 5853 5857 5856
f 5854 5858 5857
f 5855 5863 5858
f 4183 5856 5867
f 5856 5857 5868
f 5856 5868 5867
f 5857 5858 5869
f 5857 5869 5868
f 5858 5870 5869
f 3013 5860 5859
f 5855 5859 5863
f 5859 5860 5864
f 3014 5861 5860
f 3351 5862 5861
f 3352 5888 5862
f 5860 5861 5865
f 5861 5862 5866
f 5859 5864 5863
f 5858 5863 5870
f 5863 5864 5871
f 5863 5871 5870
f 5860 5865 5864
f 5861 5866 5865
f 5862 5891 5866
f 5864 5865 5878
f 5864 5878 5871
f 5865 5866 5879
f 5865 5879 5878
f 5866 5904 5879
f 4189 5867 5872
f 5867 5868 5873
f 5867 5873 5872
f 5868 5874 5873
f 5868 5869 5874
f 5869 5880 5874
f 4203 5872 5875
f 5872 5873 5876
f 5872 5876 5875
f 5873 5874 5877
f 5873 5877 5876
f 5874 5884 5877
f 5869 5870 5880
f 5870 5871 5881
f 5870 5881 5880
f 5871 5878 5882
f 5878 5879 5883
f 5871 5882 5881
f 5878 5883 5882
f 5879 5905 5883
f 5874 5880 5884
f 5880 5881 5885
f 5881 5882 5886
f 5880 5885 5884
f 5882 5883 5887
f 5881 5886 5885
f 5882 5887 5886
f 5883 5910 5887
f 3356 5889 5888
f 5862 5888 5891
f 5888 5889 5892
f 3357 5890 5889
f 3358 5894 5890
f 5889 5890 5893
f 5889 5893 5892
f 5890 5898 5893
f 5888 5892 5891
f 5866 5891 5904
f 5891 5892 5906
f 3363 5895 5894
f 3364 5896 5895
f 5890 5894 5898
f 5894 5899 5898
f 5894 5895 5899
f 5895 5896 5900
f 3366 5897 5896
f 5891 5906 5904
f 5892 5893 5907
f 5892 5907 5906
f 5893 5913 5907
f 5895 5900 5899
f 5896 5901 5900
f 5896 5897 5901
f 5893 5898 5913
f 5898 5899 5914
f 5899 5900 5902
f 5898 5914 5913
f 5899 5902 5914
f 5900 5901 5903
f 5900 5903 5902
f 5879 5904 5905
f 5904 5906 5908
f 5904 5908 5905
f 5906 5907 5909
f 5906 5909 5908
f 5907 5915 5909
f 5883 5905 5910
f 5905 5908 5911
f 5905 5911 5910
f 5910 5911 5968
f 5908 5909 5912
f 5908 5912 5911
f 5909 5919 5912
f 5907 5913 5915
f 5913 5914 5916
f 5914 5902 5917
f 5913 5916 5915
f 5914 5917 5916
f 5902 5918 5917
f 5902 5903 5918
f 5917 5918 5921
f 5909 5915 5919
f 5915 5920 5919
f 5915 5916 5920
f 5916 5917 5922
f 5916 5922 5920
f 5911 5912 5969
f 5912 5919 5974
f 5919 5920 5975
f 5920 5922 5976
f 5917 5921 5922
f 5922 5921 5977
f 4207 5875 5932
f 5875 5876 5933
f 5875 5933 5932
f 5876 5934 5933
f 5876 5877 5934
f 5877 5938 5934
f 5877 5884 5938
f 5884 5885 5939
f 5884 5939 5938
f 5885 5886 5940
f 5885 5940 5939
f 5886 5887 5941
f 5886 5941 5940
f 5887 5910 5967
f 6276 5924 5923
f 5924 5925 3869
f 6277 5925 5924
f 6278 5928 5925
f 5927 3875 3874
f 5929 5926 3875
f 5925 5928 3873
f 5927 5929 3875
f 5928 5927 3874
f 6281 5927 5928
f 6278 6281 5928
f 6282 5929 5927
f 5929 5930 5926
f 6283 5930 5929
f 6281 6282 5927
f 6282 6283 5929
f 6283 5931 5930
f 4259 5932 5935
f 5932 5933 5936
f 5933 5934 5937
f 5932 5936 5935
f 5933 5937 5936
f 5934 5942 5937
f 4260 5935 5946
f 5935 5936 5947
f 5935 5947 5946
f 5936 5937 5948
f 5936 5948 5947
f 5937 5949 5948
f 5934 5938 5942
f 5938 5939 5943
f 5887 5967 5941
f 5939 5940 5944
f 5940 5941 5945
f 5938 5943 5942
f 5939 5944 5943
f 5940 5945 5944
f 5941 5970 5945
f 5937 5942 5949
f 5942 5943 5950
f 5942 5950 5949
f 5943 5944 5951
f 5944 5945 5952
f 5943 5951 5950
f 5944 5952 5951
f 5945 5971 5952
f 4264 5946 5953
f 5946 5947 5954
f 5946 5954 5953
f 5947 5948 5955
f 5947 5955 5954
f 5948 5959 5955
f 4279 5953 5956
f 5953 5954 5957
f 5954 5955 5958
f 5953 5957 5956
f 4282 5956 6422
f 5956 5957 6423
f 5954 5958 5957
f 5955 5963 5958
f 5957 5958 6424
f 5948 5949 5959
f 5949 5950 5960
f 5949 5960 5959
f 5950 5951 5961
f 5951 5952 5962
f 5952 5988 5962
f 5950 5961 5960
f 5951 5962 5961
f 5960 5961 5965
f 5961 5962 5966
f 5955 5959 5963
f 5959 5960 5964
f 5959 5964 5963
f 5958 5963 6428
f 5963 5964 6429
f 5960 5965 5964
f 5961 5966 5965
f 5962 5991 5966
f 5964 5965 6430
f 5965 5966 6431
f 5910 5968 5967
f 5941 5967 5970
f 5967 5968 5972
f 5911 5969 5968
f 5912 5974 5969
f 5968 5969 5973
f 5968 5973 5972
f 5969 5979 5973
f 5967 5972 5970
f 5970 5972 5982
f 5945 5970 5971
f 5970 5982 5971
f 5972 5973 5983
f 5972 5983 5982
f 5973 5984 5983
f 5919 5975 5974
f 5920 5976 5975
f 5969 5974 5979
f 5922 5977 5976
f 5974 5980 5979
f 5974 5975 5980
f 5975 5976 5981
f 5975 5981 5980
f 5976 5978 5981
f 5976 5977 5978
f 5973 5979 5984
f 5979 5980 5985
f 5980 5981 5986
f 5981 5978 5987
f 5979 5985 5984
f 5980 5986 5985
f 5985 5986 5996
f 5981 5987 5986
f 5986 5987 5997
f 5952 5971 5988
f 5971 5982 5989
f 5971 5989 5988
f 5982 5983 5990
f 5982 5990 5989
f 5983 5994 5990
f 5962 5988 5991
f 5988 5989 5992
f 5989 5990 5993
f 5990 5998 5993
f 5988 5992 5991
f 5991 5992 6188
f 5966 5991 6187
f 5989 5993 5992
f 5983 5984 5994
f 5984 5995 5994
f 5984 5985 5995
f 5985 5996 5995
f 5986 5997 5996
f 5990 5994 5998
f 5994 5995 5999
f 5995 5996 6000
f 5994 5999 5998
f 5995 6000 5999
f 5996 5997 6190
f 5996 6190 6000
f 3365 6001 5897
f 5897 6001 6005
f 5897 6005 5901
f 6001 6002 6006
f 6001 6006 6005
f 6002 6003 6008
f 6003 6004 6009
f 6002 6008 6006
f 6003 6009 6008
f 5901 6005 6007
f 5901 6007 5903
f 6005 6006 6010
f 6005 6010 6007
f 6006 6008 6011
f 6008 6009 6012
f 6006 6011 6010
f 6008 6012 6011
f 6004 6013 6015
f 6004 6015 6009
f 6013 6016 6015
f 6013 6014 6016
f 6014 6019 6021
f 6014 6021 6016
f 6009 6015 6017
f 6015 6033 6017
f 6009 6017 6012
f 6015 6016 6033
f 6016 6021 6047
f 6016 6047 6033
f 5903 6007 6018
f 5903 6018 5918
f 6007 6010 6034
f 6007 6034 6018
f 6010 6035 6034
f 6010 6011 6035
f 6011 6012 6036
f 6012 6017 6041
f 6019 6020 6022
f 6019 6022 6021
f 6020 6023 6024
f 6023 6025 6050
f 6020 6024 6022
f 6023 6050 6024
f 6021 6022 6048
f 6025 6026 6051
f 6105 6029 3925
f 6028 6027 3916
f 3929 6028 3930
f 6031 6027 6028
f 6029 6030 3929
f 6111 6030 6029
f 6030 6028 3929
f 6030 6031 6028
f 6031 6032 6027
f 6112 6031 6030
f 6112 6114 6031
f 6114 6032 6031
f 6114 6115 6032
f 6017 6033 6042
f 6033 6047 6060
f 5918 6018 6037
f 6018 6034 6038
f 6011 6036 6035
f 6034 6035 6039
f 6035 6036 6040
f 5918 6037 5921
f 6018 6038 6037
f 5921 6037 6142
f 5921 6142 5977
f 6037 6038 6144
f 6034 6039 6038
f 6035 6040 6039
f 6038 6039 6145
f 6037 6144 6142
f 6038 6145 6144
f 6039 6040 6146
f 6039 6146 6145
f 6012 6041 6036
f 6017 6042 6041
f 6036 6041 6043
f 6041 6045 6043
f 6033 6060 6042
f 6041 6042 6045
f 6042 6060 6063
f 6042 6063 6045
f 6036 6043 6040
f 6040 6043 6044
f 6040 6044 6146
f 6043 6046 6044
f 6043 6045 6046
f 6045 6063 6065
f 6045 6065 6046
f 6021 6048 6047
f 6047 6048 6061
f 6022 6024 6049
f 6022 6049 6048
f 6024 6050 6056
f 6024 6056 6049
f 6048 6049 6062
f 6049 6056 6067
f 6025 6051 6050
f 6026 6052 6054
f 6052 6053 6055
f 6026 6054 6051
f 6052 6055 6054
f 6054 6055 6059
f 6050 6051 6057
f 6050 6057 6056
f 6056 6057 6068
f 6051 6054 6058
f 6051 6058 6057
f 6054 6059 6058
f 6057 6058 6071
f 6057 6071 6068
f 6058 6059 6072
f 6058 6072 6071
f 6047 6061 6060
f 6060 6061 6064
f 6048 6062 6061
f 6049 6067 6062
f 6060 6064 6063
f 6061 6062 6066
f 6061 6066 6064
f 6062 6067 6069
f 6062 6069 6066
f 6063 6064 6074
f 6063 6074 6065
f 6064 6066 6075
f 6066 6069 6077
f 6066 6077 6075
f 6064 6075 6074
f 6056 6068 6067
f 6067 6068 6070
f 6067 6070 6069
f 6068 6071 6073
f 6071 6072 6076
f 6068 6073 6070
f 6071 6076 6073
f 6069 6070 6078
f 6074 6075 6166
f 6075 6077 6172
f 6069 6078 6077
f 6077 6078 6173
f 6070 6073 6079
f 6070 6079 6078
f 6073 6076 6080
f 6073 6080 6079
f 6078 6079 6176
f 6079 6080 6177
f 6079 6177 6176
f 6085 3941 3940
f 6086 6081 3941
f 6083 6103 3944
f 6087 6082 6081
f 6093 6083 6082
f 6082 6083 3944
f 6083 6106 6103
f 6093 6095 6083
f 6095 6106 6083
f 6095 6123 6106
f 6084 6085 3940
f 5930 6084 5926
f 5930 6090 6084
f 6090 6085 6084
f 6090 6092 6085
f 6085 6086 3941
f 6086 6087 6081
f 6092 6086 6085
f 6088 6087 6086
f 6092 6088 6086
f 6088 6089 6087
f 5931 6090 5930
f 6091 6092 6090
f 5931 6091 6090
f 6091 6097 6092
f 6097 6088 6092
f 6098 6089 6088
f 6097 6098 6088
f 6098 6099 6089
f 6087 6093 6082
f 6089 6093 6087
f 6094 6095 6093
f 6089 6094 6093
f 6096 6123 6095
f 6096 6124 6123
f 6094 6096 6095
f 6099 6094 6089
f 6100 6096 6094
f 6359 6097 6091
f 6360 6098 6097
f 6361 6099 6098
f 6361 6362 6099
f 6101 6124 6096
f 6099 6100 6094
f 6362 6100 6099
f 6362 6367 6100
f 6367 6101 6100
f 6100 6101 6096
f 6101 6127 6124
f 6367 6102 6101
f 6102 6127 6101
f 6102 6129 6127
f 6103 6104 3924
f 6106 6104 6103
f 6104 6105 3925
f 6105 6111 6029
f 6107 6105 6104
f 6107 6109 6105
f 6109 6111 6105
f 6109 6118 6111
f 6106 6107 6104
f 6123 6107 6106
f 6123 6108 6107
f 6108 6109 6107
f 6110 6118 6109
f 6108 6110 6109
f 6110 6119 6118
f 6126 6119 6110
f 6111 6112 6030
f 6118 6112 6111
f 6118 6113 6112
f 6113 6114 6112
f 6116 6115 6114
f 6113 6116 6114
f 6116 6117 6115
f 6119 6113 6118
f 6119 6120 6113
f 6120 6116 6113
f 6120 6122 6116
f 6122 6117 6116
f 6133 6120 6119
f 6122 6121 6117
f 6134 6122 6120
f 6135 6121 6122
f 6134 6135 6122
f 6135 6136 6121
f 6124 6108 6123
f 6124 6125 6108
f 6125 6110 6108
f 6127 6125 6124
f 6127 6128 6125
f 6125 6126 6110
f 6126 6133 6119
f 6128 6126 6125
f 6128 6131 6126
f 6131 6133 6126
f 6131 6137 6133
f 6129 6128 6127
f 6129 6130 6128
f 6394 6130 6129
f 6130 6131 6128
f 6130 6132 6131
f 6132 6137 6131
f 6132 6141 6137
f 6395 6132 6130
f 6133 6134 6120
f 6137 6134 6133
f 6138 6135 6134
f 6137 6138 6134
f 6139 6136 6135
f 6139 6140 6136
f 6138 6139 6135
f 6180 6139 6138
f 6183 6140 6139
f 6141 6138 6137
f 6141 6180 6138
f 6180 6183 6139
f 5977 6142 6143
f 6142 6144 6147
f 5977 6143 5978
f 6142 6147 6143
f 6144 6145 6149
f 6145 6146 6148
f 6144 6149 6147
f 6145 6148 6149
f 6146 6044 6154
f 6146 6154 6148
f 6044 6046 6155
f 6149 6148 6153
f 5978 6143 6150
f 5978 6150 5987
f 6143 6147 6151
f 6143 6151 6150
f 5987 6150 6160
f 6150 6151 6161
f 6147 6149 6152
f 6147 6152 6151
f 6149 6153 6152
f 6150 6161 6160
f 6151 6162 6161
f 6151 6152 6162
f 6152 6153 6163
f 6152 6163 6162
f 6044 6155 6154
f 6148 6154 6156
f 6046 6065 6165
f 6046 6165 6155
f 6154 6155 6158
f 6155 6165 6167
f 6148 6156 6153
f 6154 6158 6156
f 6155 6167 6158
f 6153 6156 6157
f 6153 6157 6163
f 6156 6159 6157
f 6158 6167 6169
f 6156 6158 6159
f 6158 6169 6159
f 5987 6160 5997
f 5997 6160 6195
f 6160 6161 6196
f 5997 6195 6190
f 6160 6196 6195
f 6161 6162 6197
f 6162 6163 6198
f 6163 6157 6207
f 6157 6159 6208
f 6065 6164 6165
f 6065 6074 6164
f 6165 6164 6168
f 6074 6166 6164
f 6075 6172 6166
f 6164 6166 6171
f 6165 6168 6167
f 6164 6171 6168
f 6166 6172 6174
f 6166 6174 6171
f 6167 6168 6170
f 6167 6170 6169
f 6168 6171 6213
f 6171 6174 6215
f 6171 6215 6213
f 6168 6213 6170
f 6077 6173 6172
f 6078 6176 6173
f 6172 6173 6175
f 6172 6175 6174
f 6173 6176 6178
f 6176 6177 6179
f 6173 6178 6175
f 6176 6179 6178
f 6178 6179 6217
f 6174 6214 6215
f 6174 6175 6214
f 6175 6178 6216
f 6395 6396 6132
f 6396 6141 6132
f 6396 6181 6141
f 6181 6180 6141
f 6181 6182 6180
f 6182 6183 6180
f 6183 6184 6140
f 6185 6184 6183
f 6182 6185 6183
f 6185 6186 6184
f 6402 6185 6182
f 6403 6186 6185
f 5958 6428 6424
f 5963 6429 6428
f 5964 6430 6429
f 5965 6431 6430
f 5966 6187 6431
f 5991 6188 6187
f 5992 5993 6189
f 5992 6189 6188
f 5993 6191 6189
f 6188 6189 6459
f 5993 5998 6191
f 5998 6192 6191
f 5999 6000 6193
f 5998 5999 6192
f 5999 6193 6192
f 6189 6191 6460
f 6191 6192 6461
f 6192 6193 6462
f 6000 6194 6193
f 6000 6190 6194
f 6193 6463 6462
f 6193 6194 6463
f 6195 6196 6200
f 6162 6198 6197
f 6161 6197 6196
f 6196 6197 6203
f 6197 6198 6202
f 6190 6195 6199
f 6190 6199 6194
f 6195 6200 6199
f 6196 6203 6200
f 6197 6202 6203
f 6194 6199 6201
f 6194 6201 6463
f 6199 6200 6204
f 6199 6204 6201
f 6200 6203 6205
f 6203 6202 6206
f 6200 6205 6204
f 6203 6206 6205
f 6205 6206 6768
f 6163 6207 6198
f 6157 6208 6207
f 6198 6207 6209
f 6207 6211 6209
f 6159 6169 6220
f 6159 6220 6208
f 6207 6208 6211
f 6208 6220 6223
f 6208 6223 6211
f 6198 6209 6202
f 6202 6209 6210
f 6209 6212 6210
f 6202 6210 6206
f 6209 6211 6212
f 6211 6223 6226
f 6211 6226 6212
f 6206 6210 6777
f 6210 6778 6777
f 6210 6212 6778
f 6212 6226 6234
f 6212 6234 6778
f 6169 6170 6221
f 6170 6213 6222
f 6213 6215 6227
f 6215 6214 6228
f 6215 6228 6227
f 6175 6216 6214
f 6178 6217 6216
f 6214 6216 6218
f 6214 6218 6228
f 6216 6217 6219
f 6216 6219 6218
f 6169 6221 6220
f 6220 6221 6224
f 6170 6222 6221
f 6221 6222 6225
f 6213 6227 6222
f 6220 6224 6223
f 6222 6227 6229
f 6221 6225 6224
f 6222 6229 6225
f 6224 6225 6236
f 6225 6229 6240
f 6223 6233 6226
f 6223 6224 6233
f 6224 6236 6233
f 6225 6240 6236
f 6227 6230 6229
f 6227 6228 6230
f 6229 6241 6240
f 6229 6230 6241
f 6228 6218 6231
f 6228 6231 6230
f 6218 6219 6232
f 6218 6232 6231
f 6230 6231 6238
f 6231 6232 6239
f 6226 6235 6234
f 6226 6233 6235
f 6233 6236 6237
f 6236 6240 6242
f 6233 6237 6235
f 6235 6237 6827
f 6236 6242 6237
f 6237 6242 6829
f 6230 6238 6241
f 6231 6239 6238
f 6240 6241 6243
f 6240 6243 6242
f 6241 6238 6244
f 6238 6239 6245
f 6241 6244 6243
f 6238 6245 6244
f 6242 6830 6829
f 6242 6243 6830
f 6243 6244 6246
f 6243 6246 6830
f 6244 6245 6247
f 6244 6247 6246
f 4672 6248 3945
f 6248 6249 3946
f 6249 6250 3947
f 6252 6254 6250
f 6251 6249 6248
f 6253 6250 6249
f 4676 6251 6248
f 6251 6253 6249
f 6266 6253 6251
f 6266 6267 6253
f 6253 6252 6250
f 6267 6252 6253
f 6268 6258 6252
f 6254 3846 3948
f 6254 6255 3846
f 6250 6254 3948
f 6258 6255 6254
f 6255 3847 3846
f 6255 6256 3847
f 6256 3848 3847
f 6257 5923 3848
f 6256 6257 3848
f 6260 6256 6255
f 6259 6257 6256
f 6261 6276 6257
f 6259 6261 6257
f 6252 6258 6254
f 6258 6260 6255
f 6262 6260 6258
f 6260 6259 6256
f 6263 6259 6260
f 6264 6261 6259
f 6265 6280 6261
f 6267 6268 6252
f 6268 6262 6258
f 6262 6263 6260
f 6263 6264 6259
f 6264 6265 6261
f 6274 6265 6264
f 6275 6285 6265
f 4689 6266 6251
f 6269 6267 6266
f 4692 6269 6266
f 6269 6270 6267
f 6270 6268 6267
f 6271 6262 6268
f 6299 6270 6269
f 6270 6271 6268
f 6300 6271 6270
f 6301 6272 6271
f 6300 6301 6271
f 4713 6299 6269
f 6299 6300 6270
f 6272 6263 6262
f 6273 6264 6263
f 6271 6272 6262
f 6272 6273 6263
f 6308 6273 6272
f 6273 6274 6264
f 6274 6275 6265
f 6307 6297 6275
f 6305 6274 6273
f 6306 6275 6274
f 6257 6276 5923
f 6276 6277 5924
f 6277 6278 5925
f 6261 6280 6276
f 6280 6277 6276
f 6280 6279 6277
f 6284 6281 6278
f 6279 6278 6277
f 6279 6284 6278
f 6289 6282 6281
f 6290 6283 6282
f 6284 6289 6281
f 6289 6290 6282
f 6291 5931 6283
f 6285 6279 6280
f 6285 6287 6279
f 6265 6285 6280
f 6287 6284 6279
f 6286 6289 6284
f 6287 6286 6284
f 6297 6287 6285
f 6297 6298 6287
f 6298 6286 6287
f 6288 6293 6286
f 6298 6288 6286
f 6290 6291 6283
f 6293 6290 6289
f 6294 6291 6290
f 6291 6292 5931
f 6295 6292 6291
f 6295 6296 6292
f 6286 6293 6289
f 6293 6294 6290
f 6294 6295 6291
f 6318 6294 6293
f 6319 6295 6294
f 6288 6318 6293
f 6318 6319 6294
f 6319 6320 6295
f 6320 6296 6295
f 6320 6321 6296
f 6275 6297 6285
f 6302 6300 6299
f 4716 6302 6299
f 6302 6303 6300
f 6303 6301 6300
f 6304 6308 6301
f 6303 6304 6301
f 6350 6303 6302
f 6350 6351 6303
f 6351 6304 6303
f 6313 6309 6304
f 6351 6313 6304
f 6301 6308 6272
f 6308 6305 6273
f 6305 6306 6274
f 6306 6307 6275
f 6311 6307 6306
f 6312 6322 6307
f 6309 6305 6308
f 6310 6306 6305
f 6304 6309 6308
f 6309 6310 6305
f 6314 6310 6309
f 6310 6311 6306
f 6311 6312 6307
f 6316 6311 6310
f 6315 6312 6311
f 6317 6326 6312
f 6313 6314 6309
f 6314 6316 6310
f 6355 6316 6314
f 6316 6315 6311
f 6315 6317 6312
f 6356 6315 6316
f 6358 6334 6317
f 6357 6317 6315
f 6356 6357 6315
f 6357 6358 6317
f 6329 6320 6319
f 6332 6321 6320
f 6332 6333 6321
f 6322 6298 6297
f 6322 6324 6298
f 6307 6322 6297
f 6326 6324 6322
f 6324 6288 6298
f 6324 6323 6288
f 6323 6318 6288
f 6326 6327 6324
f 6327 6323 6324
f 6327 6325 6323
f 6325 6328 6323
f 6312 6326 6322
f 6334 6327 6326
f 6328 6319 6318
f 6323 6328 6318
f 6328 6329 6319
f 6329 6332 6320
f 6330 6329 6328
f 6331 6332 6329
f 6325 6330 6328
f 6330 6331 6329
f 6331 6340 6332
f 6340 6333 6332
f 6340 6341 6333
f 6336 6330 6325
f 6317 6334 6326
f 6334 6335 6327
f 6337 6335 6334
f 6335 6325 6327
f 6335 6336 6325
f 6338 6336 6335
f 6358 6337 6334
f 6337 6338 6335
f 6596 6338 6337
f 6339 6343 6336
f 6338 6339 6336
f 6597 6339 6338
f 6484 6347 6339
f 6343 6331 6330
f 6344 6340 6331
f 6344 6345 6340
f 6345 6341 6340
f 6345 6342 6341
f 6336 6343 6330
f 6343 6344 6331
f 6347 6344 6343
f 6339 6347 6343
f 6346 6345 6344
f 6347 6346 6344
f 6346 6348 6345
f 6348 6342 6345
f 6348 6349 6342
f 4758 6350 6302
f 4761 6352 6350
f 6352 6351 6350
f 6352 6353 6351
f 6353 6313 6351
f 6354 6314 6313
f 6353 6354 6313
f 5618 6561 6352
f 6561 6353 6352
f 6561 6562 6353
f 6563 6355 6354
f 6562 6354 6353
f 6562 6563 6354
f 6354 6355 6314
f 6355 6356 6316
f 6563 6568 6355
f 6568 6356 6355
f 6568 6569 6356
f 6569 6357 6356
f 6570 6358 6357
f 6571 6337 6358
f 6292 6091 5931
f 6292 6359 6091
f 6359 6360 6097
f 6296 6359 6292
f 6360 6361 6098
f 6296 6363 6359
f 6363 6360 6359
f 6363 6364 6360
f 6364 6361 6360
f 6366 6362 6361
f 6364 6366 6361
f 6366 6365 6362
f 6321 6363 6296
f 6369 6364 6363
f 6365 6367 6362
f 6368 6102 6367
f 6365 6368 6367
f 6368 6377 6102
f 6377 6129 6102
f 6377 6394 6129
f 6370 6366 6364
f 6372 6365 6366
f 6321 6369 6363
f 6369 6370 6364
f 6333 6369 6321
f 6333 6373 6369
f 6373 6370 6369
f 6370 6372 6366
f 6372 6371 6365
f 6374 6372 6370
f 6375 6371 6372
f 6373 6374 6370
f 6374 6375 6372
f 6375 6376 6371
f 6385 6375 6374
f 6386 6376 6375
f 6371 6368 6365
f 6379 6377 6368
f 6371 6379 6368
f 6378 6394 6377
f 6379 6378 6377
f 6378 6397 6394
f 6376 6379 6371
f 6376 6380 6379
f 6380 6378 6379
f 6387 6380 6376
f 6380 6381 6378
f 6381 6397 6378
f 6381 6400 6397
f 6386 6387 6376
f 6387 6382 6380
f 6382 6381 6380
f 6382 6383 6381
f 6383 6400 6381
f 6383 6406 6400
f 6393 6406 6383
f 6393 6421 6406
f 6341 6373 6333
f 6341 6384 6373
f 6384 6374 6373
f 6384 6385 6374
f 6388 6385 6384
f 6342 6384 6341
f 6342 6388 6384
f 6388 6390 6385
f 6385 6386 6375
f 6390 6386 6385
f 6391 6387 6386
f 6349 6388 6342
f 6786 6390 6388
f 6786 6783 6390
f 6390 6391 6386
f 6391 6389 6387
f 6783 6391 6390
f 6784 6389 6391
f 6784 6785 6389
f 6783 6784 6391
f 6349 6786 6388
f 6389 6382 6387
f 6392 6383 6382
f 6389 6392 6382
f 6795 6393 6392
f 6785 6392 6389
f 6785 6795 6392
f 6392 6393 6383
f 6796 6421 6393
f 6394 6395 6130
f 6397 6395 6394
f 6397 6398 6395
f 6398 6396 6395
f 6399 6181 6396
f 6400 6398 6397
f 6398 6399 6396
f 6399 6401 6181
f 6405 6399 6398
f 6405 6408 6399
f 6408 6401 6399
f 6408 6412 6401
f 6400 6405 6398
f 6401 6182 6181
f 6401 6402 6182
f 6412 6402 6401
f 6402 6403 6185
f 6413 6403 6402
f 6403 6404 6186
f 6406 6405 6400
f 6406 6407 6405
f 6407 6408 6405
f 6407 6410 6408
f 6410 6412 6408
f 6410 6417 6412
f 6421 6407 6406
f 6421 6409 6407
f 6409 6410 6407
f 6411 6417 6410
f 6409 6411 6410
f 6411 6419 6417
f 6412 6413 6402
f 6417 6413 6412
f 6414 6404 6403
f 6414 6415 6404
f 6413 6414 6403
f 6418 6414 6413
f 6420 6415 6414
f 6418 6420 6414
f 6420 6416 6415
f 6417 6418 6413
f 6419 6418 6417
f 6419 6814 6418
f 6814 6420 6418
f 6814 6817 6420
f 6817 6416 6420
f 6817 6818 6416
f 6832 6409 6421
f 5956 6423 6422
f 5491 6422 6425
f 6422 6423 6426
f 6422 6426 6425
f 5957 6424 6423
f 6423 6424 6427
f 6423 6427 6426
f 6424 6432 6427
f 6426 6427 6442
f 6425 6426 6441
f 5495 6425 6440
f 6425 6441 6440
f 6426 6442 6441
f 6427 6436 6442
f 6424 6428 6432
f 6428 6429 6433
f 6428 6433 6432
f 6429 6430 6434
f 6429 6434 6433
f 6430 6431 6435
f 6430 6435 6434
f 6431 6457 6435
f 6427 6432 6436
f 6432 6433 6437
f 6433 6434 6438
f 6434 6435 6439
f 6434 6439 6438
f 6435 6466 6439
f 6432 6437 6436
f 6433 6438 6437
f 5503 6440 6449
f 6440 6441 6443
f 6440 6443 6449
f 6441 6442 6444
f 6441 6444 6443
f 6442 6445 6444
f 6442 6436 6445
f 6436 6437 6446
f 6436 6446 6445
f 6445 6446 6454
f 6437 6438 6447
f 6438 6439 6448
f 6439 6467 6448
f 6437 6447 6446
f 6438 6448 6447
f 6446 6447 6455
f 6447 6448 6456
f 6444 6445 6453
f 6448 6491 6456
f 5513 6449 6450
f 6449 6443 6452
f 6449 6452 6450
f 5517 6450 6493
f 6450 6452 6494
f 6450 6494 6493
f 6443 6451 6452
f 6443 6444 6451
f 6444 6453 6451
f 6452 6495 6494
f 6452 6451 6495
f 6451 6503 6495
f 6445 6454 6453
f 6451 6453 6503
f 6453 6454 6504
f 6453 6504 6503
f 6446 6455 6454
f 6447 6456 6455
f 6454 6455 6505
f 6455 6456 6506
f 6455 6506 6505
f 6456 6520 6506
f 6454 6505 6504
f 6431 6187 6457
f 6187 6188 6458
f 6187 6458 6457
f 6435 6457 6466
f 6457 6458 6464
f 6457 6464 6466
f 6188 6459 6458
f 6189 6460 6459
f 6458 6459 6465
f 6458 6465 6464
f 6459 6472 6465
f 6191 6461 6460
f 6192 6462 6461
f 6459 6460 6472
f 6460 6461 6473
f 6461 6462 6474
f 6460 6473 6472
f 6461 6474 6473
f 6462 6475 6474
f 6462 6463 6475
f 6439 6466 6467
f 6466 6464 6468
f 6466 6468 6467
f 6448 6467 6491
f 6464 6465 6469
f 6464 6469 6468
f 6465 6476 6469
f 6467 6468 6470
f 6467 6470 6491
f 6468 6469 6471
f 6468 6471 6470
f 6469 6480 6471
f 6465 6472 6476
f 6472 6473 6477
f 6473 6474 6478
f 6474 6475 6479
f 6472 6477 6476
f 6473 6478 6477
f 6474 6479 6478
f 6469 6476 6480
f 6476 6477 6481
f 6477 6478 6482
f 6476 6481 6480
f 6477 6482 6481
f 6471 6480 6532
f 6480 6481 6533
f 6481 6482 6536
f 6478 6483 6482
f 6478 6479 6483
f 6482 6483 6519
f 6597 6484 6339
f 6600 6485 6484
f 6485 6346 6347
f 6484 6485 6347
f 6486 6348 6346
f 6485 6486 6346
f 6486 6487 6348
f 6601 6486 6485
f 6602 6487 6486
f 6487 6349 6348
f 6487 6488 6349
f 6601 6602 6486
f 6602 6489 6487
f 6489 6488 6487
f 6489 6490 6488
f 6614 6490 6489
f 6456 6491 6520
f 6491 6470 6522
f 6491 6522 6520
f 6470 6471 6523
f 6470 6523 6522
f 6471 6532 6523
f 6480 6533 6532
f 6481 6536 6533
f 6614 6492 6490
f 6494 6495 6498
f 5561 6493 6496
f 6493 6494 6497
f 6493 6497 6496
f 6496 6497 6500
f 6494 6498 6497
f 6495 6508 6498
f 6497 6498 6501
f 5562 6496 6499
f 6496 6500 6499
f 6499 6500 6624
f 5567 6499 6623
f 6498 6511 6501
f 6497 6501 6500
f 6500 6501 6502
f 6500 6502 6624
f 6501 6512 6502
f 6495 6503 6508
f 6503 6504 6509
f 6504 6505 6510
f 6505 6506 6507
f 6504 6510 6509
f 6505 6507 6510
f 6506 6521 6507
f 6498 6508 6511
f 6503 6509 6508
f 6508 6509 6513
f 6509 6510 6514
f 6510 6507 6515
f 6508 6513 6511
f 6501 6511 6512
f 6511 6513 6517
f 6511 6517 6512
f 6512 6517 6682
f 6509 6514 6513
f 6507 6526 6515
f 6510 6515 6514
f 6514 6515 6518
f 6513 6514 6516
f 6513 6516 6517
f 6517 6683 6682
f 6517 6516 6683
f 6514 6518 6516
f 6515 6527 6518
f 6516 6518 6686
f 6516 6686 6683
f 6518 6547 6686
f 6482 6519 6536
f 6506 6520 6521
f 6520 6522 6524
f 6520 6524 6521
f 6521 6524 6528
f 6522 6523 6525
f 6522 6525 6524
f 6524 6525 6529
f 6523 6534 6525
f 6525 6539 6529
f 6507 6521 6526
f 6515 6526 6527
f 6521 6528 6526
f 6526 6528 6531
f 6526 6531 6527
f 6518 6527 6547
f 6527 6531 6548
f 6527 6548 6547
f 6524 6529 6528
f 6528 6529 6530
f 6528 6530 6531
f 6529 6543 6530
f 6531 6530 6549
f 6531 6549 6548
f 6530 6551 6549
f 6523 6532 6534
f 6533 6536 6537
f 6532 6533 6535
f 6532 6535 6534
f 6533 6537 6535
f 6525 6534 6539
f 6534 6535 6540
f 6535 6537 6541
f 6536 6519 6538
f 6536 6538 6537
f 6537 6538 6542
f 6534 6540 6539
f 6535 6541 6540
f 6540 6541 6545
f 6537 6542 6541
f 6541 6542 6546
f 6529 6539 6543
f 6539 6540 6544
f 6539 6544 6543
f 6530 6543 6551
f 6543 6553 6551
f 6540 6545 6544
f 6543 6544 6553
f 6544 6545 6555
f 6544 6555 6553
f 6541 6546 6545
f 6545 6556 6555
f 6545 6546 6556
f 6547 6548 6742
f 6548 6549 6550
f 6548 6550 6742
f 6549 6552 6550
f 6549 6551 6552
f 6551 6554 6552
f 6550 6552 6751
f 6552 6752 6751
f 6551 6553 6554
f 6553 6555 6557
f 6553 6557 6554
f 6552 6554 6752
f 6554 6557 6558
f 6554 6558 6752
f 6555 6556 6559
f 6555 6559 6557
f 6557 6560 6558
f 6557 6559 6560
f 6558 6560 6763
f 6565 6562 6561
f 6565 6567 6562
f 6567 6563 6562
f 6564 6568 6563
f 6567 6564 6563
f 6578 6572 6564
f 5624 6565 6561
f 6566 6567 6565
f 5625 6566 6565
f 6566 6577 6567
f 6577 6564 6567
f 6577 6578 6564
f 6564 6572 6568
f 6572 6569 6568
f 6572 6573 6569
f 6569 6570 6357
f 6570 6571 6358
f 6573 6570 6569
f 6574 6571 6570
f 6575 6596 6571
f 6573 6574 6570
f 6574 6575 6571
f 6588 6573 6572
f 6578 6588 6572
f 6588 6584 6573
f 6584 6574 6573
f 6584 6585 6574
f 6585 6575 6574
f 6586 6598 6575
f 6585 6586 6575
f 6576 6577 6566
f 6576 6579 6577
f 5635 6576 6566
f 6579 6578 6577
f 6580 6588 6578
f 6579 6580 6578
f 5638 6581 6576
f 6581 6579 6576
f 6581 6583 6579
f 6625 6583 6581
f 6583 6580 6579
f 6582 6589 6580
f 6583 6582 6580
f 6628 6592 6582
f 6627 6582 6583
f 6590 6585 6584
f 6591 6586 6585
f 6587 6603 6586
f 6590 6591 6585
f 6591 6587 6586
f 6595 6604 6587
f 6589 6584 6588
f 6580 6589 6588
f 6589 6590 6584
f 6582 6592 6589
f 6592 6590 6589
f 6592 6593 6590
f 6638 6593 6592
f 6593 6591 6590
f 6593 6594 6591
f 6594 6587 6591
f 6594 6595 6587
f 6641 6594 6593
f 6640 6595 6594
f 6642 6607 6595
f 6571 6596 6337
f 6596 6597 6338
f 6598 6597 6596
f 6599 6484 6597
f 6575 6598 6596
f 6598 6599 6597
f 6603 6599 6598
f 6586 6603 6598
f 6603 6606 6599
f 6599 6600 6484
f 6606 6600 6599
f 6606 6605 6600
f 6605 6601 6600
f 6600 6601 6485
f 6612 6602 6601
f 6613 6489 6602
f 6604 6606 6603
f 6587 6604 6603
f 6604 6608 6606
f 6609 6612 6605
f 6608 6605 6606
f 6608 6609 6605
f 6595 6607 6604
f 6607 6608 6604
f 6607 6610 6608
f 6711 6610 6607
f 6610 6609 6608
f 6611 6615 6609
f 6610 6611 6609
f 6702 6611 6610
f 6605 6612 6601
f 6612 6613 6602
f 6613 6614 6489
f 6615 6613 6612
f 6609 6615 6612
f 6616 6614 6613
f 6615 6616 6613
f 6616 6619 6614
f 6619 6492 6614
f 6619 6620 6492
f 6617 6616 6615
f 6618 6619 6616
f 6618 6621 6619
f 6611 6617 6615
f 6617 6618 6616
f 6621 6620 6619
f 6621 6622 6620
f 5759 6623 6658
f 6499 6624 6623
f 6623 6624 6660
f 6624 6502 6661
f 6502 6678 6661
f 5761 6625 6581
f 6625 6627 6583
f 5763 6626 6625
f 6626 6627 6625
f 6626 6629 6627
f 6627 6628 6582
f 6629 6628 6627
f 6630 6638 6628
f 6629 6630 6628
f 5765 6631 6626
f 6631 6633 6629
f 6631 6629 6626
f 5766 6632 6631
f 6632 6633 6631
f 6670 6634 6632
f 6632 6634 6633
f 6633 6630 6629
f 6635 6639 6630
f 6633 6635 6630
f 6634 6635 6633
f 6676 6636 6634
f 6636 6646 6635
f 6634 6636 6635
f 6676 6637 6636
f 6637 6647 6636
f 6502 6512 6678
f 6512 6682 6678
f 6628 6638 6592
f 6638 6641 6593
f 6630 6639 6638
f 6639 6641 6638
f 6639 6643 6641
f 6641 6640 6594
f 6640 6642 6595
f 6643 6640 6641
f 6643 6644 6640
f 6644 6642 6640
f 6645 6711 6642
f 6644 6645 6642
f 6635 6646 6639
f 6646 6643 6639
f 6646 6651 6643
f 6636 6647 6646
f 6637 6648 6647
f 6647 6651 6646
f 6647 6652 6651
f 6648 6652 6647
f 6648 6653 6652
f 6651 6644 6643
f 6651 6649 6644
f 6650 6712 6645
f 6649 6650 6645
f 6649 6645 6644
f 6652 6649 6651
f 6652 6654 6649
f 6653 6654 6652
f 6653 6655 6654
f 6654 6656 6650
f 6656 6713 6650
f 6657 6714 6656
f 6654 6650 6649
f 6655 6656 6654
f 6655 6657 6656
f 6623 6660 6658
f 5799 6658 6659
f 6658 6660 6662
f 6658 6662 6659
f 6659 6662 6664
f 5800 6659 6666
f 6659 6664 6666
f 6624 6661 6660
f 6660 6661 6663
f 6661 6679 6663
f 6660 6663 6662
f 6662 6663 6665
f 6662 6665 6664
f 6663 6680 6665
f 6664 6665 6674
f 6665 6681 6674
f 5809 6666 6667
f 5810 6667 6668
f 6666 6672 6667
f 6666 6664 6672
f 6667 6672 6673
f 6667 6673 6668
f 6668 6673 6677
f 5814 6669 6670
f 5815 6670 6632
f 6669 6676 6670
f 6670 6676 6634
f 6668 6677 6669
f 6669 6677 6676
f 5817 6668 6669
f 6673 6671 6677
f 6677 6671 6637
f 6671 6648 6637
f 6675 6696 6671
f 6664 6674 6672
f 6672 6675 6673
f 6672 6674 6675
f 6674 6697 6675
f 6673 6675 6671
f 6677 6637 6676
f 6661 6678 6679
f 6678 6682 6684
f 6678 6684 6679
f 6663 6679 6680
f 6679 6688 6680
f 6679 6684 6688
f 6665 6680 6681
f 6680 6688 6690
f 6680 6690 6681
f 6681 6690 6701
f 6682 6683 6685
f 6682 6685 6684
f 6684 6685 6689
f 6683 6686 6687
f 6683 6687 6685
f 6686 6737 6687
f 6685 6687 6693
f 6685 6693 6689
f 6687 6738 6693
f 6684 6689 6688
f 6692 6695 6700
f 6695 6739 6700
f 6688 6691 6690
f 6688 6689 6691
f 6690 6692 6701
f 6690 6691 6692
f 6689 6693 6694
f 6689 6694 6691
f 6693 6740 6694
f 6691 6694 6695
f 6691 6695 6692
f 6694 6741 6695
f 6671 6696 6648
f 6697 6698 6696
f 6697 6701 6698
f 6696 6653 6648
f 6696 6698 6653
f 6674 6681 6697
f 6675 6697 6696
f 6681 6701 6697
f 6698 6699 6655
f 6701 6699 6698
f 6701 6692 6699
f 6698 6655 6653
f 6699 6657 6655
f 6699 6700 6657
f 6700 6715 6657
f 6692 6700 6699
f 6711 6702 6610
f 6702 6703 6611
f 6703 6617 6611
f 6704 6703 6702
f 6704 6705 6703
f 6705 6717 6703
f 6706 6705 6704
f 6706 6708 6705
f 6708 6721 6705
f 6707 6708 6706
f 6707 6710 6708
f 6716 6710 6707
f 6716 6709 6710
f 6746 6709 6716
f 6710 6723 6708
f 6709 6724 6710
f 6747 6725 6709
f 6642 6711 6607
f 6645 6712 6711
f 6712 6702 6711
f 6712 6704 6702
f 6650 6713 6712
f 6713 6704 6712
f 6713 6706 6704
f 6656 6714 6713
f 6657 6715 6714
f 6714 6706 6713
f 6714 6707 6706
f 6715 6707 6714
f 6739 6716 6715
f 6715 6716 6707
f 6703 6717 6617
f 6717 6618 6617
f 6717 6718 6618
f 6718 6621 6618
f 6718 6720 6621
f 6721 6718 6717
f 6705 6721 6717
f 6722 6720 6718
f 6721 6722 6718
f 6722 6732 6720
f 6720 6622 6621
f 6720 6719 6622
f 6732 6729 6719
f 6732 6719 6720
f 6723 6722 6721
f 6708 6723 6721
f 6726 6732 6722
f 6723 6726 6722
f 6726 6733 6732
f 6724 6726 6723
f 6757 6728 6725
f 6710 6724 6723
f 6709 6725 6724
f 6725 6727 6724
f 6724 6727 6726
f 6727 6733 6726
f 6727 6734 6733
f 6728 6734 6727
f 6728 6735 6734
f 6758 6735 6728
f 6725 6728 6727
f 6733 6729 6732
f 6733 6730 6729
f 6734 6730 6733
f 6735 6731 6734
f 6759 6736 6735
f 6734 6731 6730
f 6735 6736 6731
f 6686 6547 6737
f 6687 6737 6738
f 6547 6742 6737
f 6737 6742 6743
f 6737 6743 6738
f 6738 6743 6748
f 6695 6741 6739
f 6739 6746 6716
f 6741 6746 6739
f 6741 6749 6746
f 6693 6738 6740
f 6694 6740 6741
f 6738 6748 6740
f 6740 6749 6741
f 6740 6748 6749
f 6742 6550 6744
f 6742 6744 6743
f 6550 6751 6744
f 6743 6744 6745
f 6743 6745 6748
f 6748 6745 6750
f 6744 6753 6745
f 6745 6754 6750
f 6749 6750 6747
f 6746 6747 6709
f 6749 6747 6746
f 6750 6757 6747
f 6748 6750 6749
f 6700 6739 6715
f 6752 6558 6761
f 6754 6756 6758
f 6756 6762 6759
f 6744 6751 6753
f 6751 6755 6753
f 6745 6753 6754
f 6753 6756 6754
f 6751 6752 6755
f 6752 6761 6755
f 6755 6761 6762
f 6753 6755 6756
f 6755 6762 6756
f 6747 6757 6725
f 6750 6754 6757
f 6754 6758 6757
f 6757 6758 6728
f 6758 6759 6735
f 6756 6759 6758
f 6762 6760 6759
f 6759 6760 6736
f 6762 6764 6760
f 6558 6763 6761
f 6761 6764 6762
f 6761 6763 6764
f 6463 6201 6765
f 6201 6204 6766
f 6204 6205 6767
f 6463 6765 6475
f 6201 6766 6765
f 6475 6765 6769
f 6475 6769 6479
f 6765 6766 6770
f 6765 6770 6769
f 6204 6767 6766
f 6205 6768 6767
f 6767 6768 6772
f 6766 6771 6770
f 6766 6767 6771
f 6767 6772 6771
f 6770 6771 6776
f 6771 6772 6775
f 6479 6769 6773
f 6479 6773 6483
f 6769 6770 6774
f 6769 6774 6773
f 6483 6773 6861
f 6773 6774 6862
f 6770 6776 6774
f 6771 6775 6776
f 6774 6776 6863
f 6776 6775 6864
f 6206 6777 6768
f 6768 6777 6779
f 6777 6780 6779
f 6768 6779 6772
f 6777 6778 6780
f 6778 6234 6823
f 6772 6779 6781
f 6779 6782 6781
f 6778 6823 6780
f 6779 6780 6782
f 6780 6823 6825
f 6780 6825 6782
f 6772 6781 6775
f 6775 6781 6865
f 6790 6785 6784
f 6488 6786 6349
f 6787 6783 6786
f 6488 6787 6786
f 6787 6788 6783
f 6788 6784 6783
f 6788 6790 6784
f 6790 6791 6785
f 6789 6788 6787
f 6789 6794 6788
f 6490 6787 6488
f 6490 6789 6787
f 6492 6789 6490
f 6794 6790 6788
f 6792 6791 6790
f 6794 6792 6790
f 6792 6793 6791
f 6791 6795 6785
f 6791 6797 6795
f 6797 6796 6795
f 6795 6796 6393
f 6796 6832 6421
f 6797 6798 6796
f 6798 6832 6796
f 6798 6835 6832
f 6800 6835 6798
f 6800 6840 6835
f 6793 6797 6791
f 6799 6798 6797
f 6793 6799 6797
f 6799 6800 6798
f 6492 6801 6789
f 6801 6794 6789
f 6801 6802 6794
f 7045 6802 6801
f 6803 6793 6792
f 6802 6792 6794
f 6802 6803 6792
f 6803 6804 6793
f 6805 6803 6802
f 6807 6804 6803
f 7045 6805 6802
f 6807 6806 6804
f 6805 6807 6803
f 7047 6807 6805
f 6808 6806 6807
f 7047 6808 6807
f 6808 6809 6806
f 6804 6799 6793
f 6804 6810 6799
f 6810 6800 6799
f 6812 6811 6810
f 6806 6810 6804
f 6810 6811 6800
f 6811 6840 6800
f 6811 6844 6840
f 6813 6844 6811
f 6806 6812 6810
f 6809 6812 6806
f 6809 6886 6812
f 6886 6813 6812
f 6812 6813 6811
f 6813 6846 6844
f 6888 6846 6813
f 6888 6963 6846
f 6886 6888 6813
f 6833 6411 6409
f 6834 6419 6411
f 6834 6815 6419
f 6815 6814 6419
f 6815 6816 6814
f 6819 6818 6817
f 6816 6817 6814
f 6816 6819 6817
f 6819 6820 6818
f 6839 6819 6816
f 6839 6821 6819
f 6821 6820 6819
f 6821 6822 6820
f 6234 6235 6824
f 6234 6824 6823
f 6823 6824 6826
f 6823 6826 6825
f 6235 6827 6824
f 6237 6829 6827
f 6824 6827 6828
f 6827 6829 6831
f 6827 6831 6828
f 6824 6828 6826
f 6829 6938 6831
f 6829 6830 6938
f 6830 6246 6941
f 6830 6941 6938
f 6246 6247 6942
f 6246 6942 6941
f 6832 6833 6409
f 6835 6833 6832
f 6833 6834 6411
f 6836 6834 6833
f 6837 6815 6834
f 6835 6836 6833
f 6840 6836 6835
f 6840 6841 6836
f 6836 6837 6834
f 6837 6838 6815
f 6842 6838 6837
f 6842 6850 6838
f 6841 6837 6836
f 6841 6842 6837
f 6838 6816 6815
f 6838 6839 6816
f 6850 6839 6838
f 6849 6821 6839
f 6852 6822 6821
f 6844 6841 6840
f 6844 6845 6841
f 6845 6842 6841
f 6843 6850 6842
f 6845 6843 6842
f 6843 6851 6850
f 6848 6851 6843
f 6848 6855 6851
f 6846 6845 6844
f 6846 6847 6845
f 6963 6847 6846
f 6963 6964 6847
f 6847 6843 6845
f 6847 6848 6843
f 6964 6848 6847
f 6964 6967 6848
f 6967 6855 6848
f 6967 6995 6855
f 6850 6849 6839
f 6851 6849 6850
f 6851 6854 6849
f 6849 6852 6821
f 6852 6853 6822
f 6854 6852 6849
f 6854 6857 6852
f 6857 6853 6852
f 6857 6858 6853
f 6855 6854 6851
f 6855 6856 6854
f 6995 6856 6855
f 6859 6858 6857
f 6859 6860 6858
f 6856 6857 6854
f 6856 6859 6857
f 6981 6859 6856
f 6983 6860 6859
f 6483 6861 6519
f 6773 6862 6861
f 6861 6862 6870
f 6774 6863 6862
f 6776 6864 6863
f 6862 6871 6870
f 6862 6863 6871
f 6863 6864 6872
f 6863 6872 6871
f 6775 6865 6864
f 6781 6867 6865
f 6864 6865 6866
f 6864 6866 6872
f 6865 6868 6866
f 6781 6782 6867
f 6782 6930 6867
f 6782 6825 6930
f 6867 6930 6932
f 6865 6867 6868
f 6867 6932 6868
f 6866 6868 6884
f 6868 6959 6884
f 6868 6932 6959
f 6519 6861 6869
f 6519 6869 6538
f 6538 6869 6873
f 6861 6870 6869
f 6869 6870 6875
f 6869 6875 6873
f 6538 6873 6542
f 6542 6873 6874
f 6873 6875 6878
f 6542 6874 6546
f 6873 6878 6874
f 6874 6878 6903
f 6870 6876 6875
f 6870 6871 6876
f 6871 6872 6877
f 6871 6877 6876
f 6876 6877 6880
f 6875 6876 6879
f 6875 6879 6878
f 6878 6905 6903
f 6876 6880 6879
f 6878 6879 6905
f 6879 6880 6898
f 6879 6898 6905
f 7050 6809 6808
f 7050 6881 6809
f 6546 6899 6556
f 6546 6874 6899
f 6874 6903 6899
f 6872 6882 6877
f 6872 6866 6882
f 6877 6882 6883
f 6866 6884 6882
f 6882 6885 6883
f 6877 6883 6880
f 6880 6883 6918
f 6880 6918 6898
f 6883 6919 6918
f 6882 6884 6885
f 6884 6959 6960
f 6884 6960 6885
f 6885 6960 7006
f 6883 6885 6919
f 6885 7006 6919
f 6881 6886 6809
f 6881 6887 6886
f 6887 6888 6886
f 7057 6887 6881
f 7057 6890 6887
f 6890 6889 6887
f 6887 6889 6888
f 6889 6963 6888
f 6889 6966 6963
f 6890 6894 6889
f 6894 6966 6889
f 6894 6971 6966
f 7063 6891 6890
f 6891 6894 6890
f 7066 6893 6891
f 6893 6895 6891
f 6892 6897 6893
f 6924 6896 6892
f 6891 6895 6894
f 6895 6971 6894
f 6895 6972 6971
f 6893 6897 6895
f 6892 6896 6897
f 6897 6972 6895
f 6897 6973 6972
f 6928 6974 6896
f 6896 6974 6973
f 6896 6973 6897
f 6556 6900 6559
f 6556 6899 6900
f 6899 6903 6904
f 6899 6904 6900
f 6900 6904 6910
f 6559 6901 6560
f 6559 6900 6901
f 6560 6901 6902
f 6900 6910 6901
f 6901 6910 6913
f 6560 6902 6763
f 6763 6902 7068
f 6901 6913 6902
f 6902 6914 7068
f 6902 6913 6914
f 6903 6907 6904
f 6904 6908 6910
f 6903 6905 6907
f 6905 6898 6906
f 6905 6906 6907
f 6904 6907 6908
f 6907 6906 6909
f 6907 6909 6908
f 6910 6908 6915
f 6908 6909 6916
f 6914 6917 7070
f 6917 6912 6911
f 6917 6911 7070
f 6910 6915 6913
f 6913 6917 6914
f 6908 6916 6915
f 6915 6916 6912
f 6913 6915 6917
f 6915 6912 6917
f 6898 6918 6921
f 6918 6920 6921
f 6918 6919 6920
f 6919 7006 7007
f 6919 7007 6920
f 6920 7007 7014
f 6898 6921 6906
f 6906 6921 6922
f 6906 6922 6909
f 6909 6922 6925
f 6921 6926 6922
f 6922 6927 6925
f 6911 6924 6892
f 6912 6924 6911
f 6912 6923 6924
f 6923 6928 6924
f 6909 6925 6916
f 6916 6923 6912
f 6916 6925 6923
f 6925 6929 6923
f 6921 6920 6926
f 6922 6926 6927
f 6920 7014 6926
f 6926 7014 7018
f 6929 7015 7020
f 6925 6927 6929
f 6926 7018 6927
f 6927 7015 6929
f 6927 7018 7015
f 6923 6929 6928
f 6924 6928 6896
f 6928 7020 6974
f 6929 7020 6928
f 6825 6826 6931
f 6826 6828 6934
f 6828 6831 6939
f 6828 6939 6934
f 6825 6931 6930
f 6930 6931 6933
f 6930 6933 6932
f 6826 6934 6931
f 6931 6934 6935
f 6931 6935 6933
f 6934 6939 6945
f 6934 6945 6935
f 6932 6936 6959
f 6932 6933 6936
f 6935 6945 6947
f 6933 6935 6937
f 6933 6937 6936
f 6935 6947 6937
f 6936 6937 6962
f 6937 6949 6962
f 6937 6947 6949
f 6831 6940 6939
f 6831 6938 6940
f 6939 6940 6946
f 6938 6941 6943
f 6941 6942 6944
f 6938 6943 6940
f 6941 6944 6943
f 6940 6943 6951
f 6943 6944 6952
f 6943 6952 6951
f 6939 6946 6945
f 6940 6951 6946
f 6945 6948 6947
f 6945 6946 6948
f 6947 6950 6949
f 6947 6948 6950
f 6949 6950 7025
f 6946 6951 6953
f 6946 6953 6948
f 6951 6952 6954
f 6951 6954 6953
f 6953 6954 6956
f 6948 6955 6950
f 6948 6953 6955
f 6950 6955 6957
f 6953 6956 6955
f 6955 6956 6958
f 6950 6957 7025
f 6955 6958 6957
f 6957 6958 7035
f 6959 6961 6960
f 6960 7005 7006
f 6959 6936 6961
f 6960 6961 7005
f 6936 6962 6961
f 6961 6962 7010
f 6961 7010 7005
f 6962 7023 7010
f 6962 6949 7023
f 6966 6964 6963
f 6966 6965 6964
f 6971 6965 6966
f 6965 6967 6964
f 6968 6995 6967
f 6965 6968 6967
f 6969 6968 6965
f 6968 6996 6995
f 6977 6996 6968
f 6971 6969 6965
f 6972 6969 6971
f 6972 6970 6969
f 6973 6970 6972
f 7020 6976 6974
f 6974 6975 6973
f 6973 6975 6970
f 6974 6976 6975
f 6969 6977 6968
f 6970 6977 6969
f 6970 6978 6977
f 6977 6997 6996
f 6978 6999 6997
f 6978 6997 6977
f 6975 6978 6970
f 6975 6979 6978
f 6976 6979 6975
f 7017 6980 6976
f 6976 6980 6979
f 6979 6999 6978
f 6980 7000 6979
f 7022 7001 6980
f 6979 7000 6999
f 6980 7001 7000
f 6996 6981 6995
f 6995 6981 6856
f 6996 6982 6981
f 6981 6983 6859
f 6982 6983 6981
f 6983 6984 6860
f 6985 6984 6983
f 6982 6985 6983
f 6998 6985 6982
f 6985 6986 6984
f 6987 6986 6985
f 6949 7025 7023
f 6998 6987 6985
f 7002 6987 6998
f 6987 6988 6986
f 6989 6988 6987
f 7002 6989 6987
f 7004 6991 6989
f 6989 6990 6988
f 6991 6990 6989
f 6991 6994 6990
f 6992 6994 6991
f 6992 6993 6994
f 7041 6993 6992
f 6997 6982 6996
f 6999 6998 6997
f 6997 6998 6982
f 7000 7002 6999
f 7001 7004 7000
f 7044 7003 7001
f 6999 7002 6998
f 7000 7004 7002
f 7001 7003 7004
f 7004 6989 7002
f 7003 6991 7004
f 7030 6992 7003
f 7003 6992 6991
f 7006 7008 7007
f 7007 7009 7014
f 7006 7005 7008
f 7007 7008 7009
f 7005 7010 7011
f 7010 7024 7011
f 7010 7023 7024
f 7005 7011 7008
f 7008 7011 7012
f 7008 7012 7009
f 7009 7012 7013
f 7011 7027 7012
f 7011 7024 7027
f 7012 7027 7032
f 7009 7013 7019
f 7012 7032 7013
f 7013 7032 7028
f 7015 7017 7020
f 7014 7009 7019
f 7015 7016 7017
f 7014 7019 7018
f 7018 7016 7015
f 7018 7019 7016
f 7020 7017 6976
f 7016 7021 7022
f 7017 7022 6980
f 7016 7022 7017
f 7022 7044 7001
f 7021 7044 7022
f 7021 7028 7044
f 7019 7021 7016
f 7019 7013 7021
f 7013 7028 7021
f 7023 7026 7024
f 7023 7025 7026
f 7024 7026 7029
f 7024 7029 7027
f 7027 7029 7033
f 7028 7031 7030
f 7027 7033 7032
f 7032 7031 7028
f 7032 7033 7031
f 7025 7034 7026
f 7025 6957 7034
f 7026 7036 7029
f 7026 7034 7036
f 7029 7036 7043
f 6957 7035 7034
f 7034 7035 7037
f 7034 7037 7036
f 7036 7037 7038
f 7036 7038 7043
f 7030 7041 6992
f 7031 7041 7030
f 7031 7039 7041
f 7039 7040 7042
f 7041 7042 6993
f 7039 7042 7041
f 7029 7043 7033
f 7033 7039 7031
f 7033 7043 7039
f 7043 7038 7040
f 7043 7040 7039
f 7028 7030 7044
f 7044 7030 7003
f 6620 6801 6492
f 6620 7045 6801
f 6622 7045 6620
f 7046 6805 7045
f 6622 7046 7045
f 7046 7047 6805
f 6719 7046 6622
f 6719 7048 7046
f 7048 7047 7046
f 7048 7049 7047
f 6729 7048 6719
f 6729 7051 7048
f 7051 7049 7048
f 7051 7055 7049
f 7049 6808 7047
f 7049 7050 6808
f 7055 7050 7049
f 7055 7056 7050
f 7056 6881 7050
f 7056 7057 6881
f 6730 7051 6729
f 6730 7052 7051
f 7052 7058 7055
f 7052 7055 7051
f 6731 7052 6730
f 6731 7053 7052
f 6736 7053 6731
f 6760 7054 6736
f 6736 7054 7053
f 7053 7058 7052
f 7053 7059 7058
f 7054 7059 7053
f 7067 7060 7054
f 7054 7060 7059
f 7058 7056 7055
f 7058 7061 7056
f 7061 7057 7056
f 7061 7063 7057
f 7059 7061 7058
f 7060 7065 7059
f 7069 7062 7060
f 7059 7065 7061
f 7065 7063 7061
f 7065 7066 7063
f 7060 7062 7065
f 7070 7064 7062
f 7062 7066 7065
f 7062 7064 7066
f 7063 6890 7057
f 7066 6891 7063
f 7064 6893 7066
f 6911 6892 7064
f 7064 6892 6893
f 6764 7068 7067
f 6760 7067 7054
f 6764 7067 6760
f 7067 7069 7060
f 7068 7069 7067
f 7068 6914 7069
f 6763 7068 6764
f 6914 7070 7069
f 7069 7070 7062
f 7070 6911 7064
f 2597 7071 2596
f 2741 7073 2597
f 2597 7073 7071
f 2596 7207 3324
f 2596 7071 7207
f 7071 7211 7207
f 7071 7079 7211
f 2732 7076 2730
f 2734 7077 2732
f 2734 7072 7077
f 2728 7074 2741
f 2741 7074 7073
f 2730 7075 2728
f 2728 7075 7074
f 2730 7076 7075
f 7073 7079 7071
f 7074 7080 7073
f 7075 7081 7074
f 7073 7080 7079
f 7074 7081 7080
f 7076 7078 7075
f 7075 7078 7081
f 7076 7086 7078
f 2732 7077 7076
f 7077 7086 7076
f 7077 7087 7086
f 7072 7087 7077
f 7072 7092 7087
f 7081 7084 7080
f 7080 7082 7079
f 7078 7085 7081
f 7086 7083 7078
f 7080 7084 7082
f 7081 7085 7084
f 7078 7083 7085
f 7087 7088 7086
f 7092 7089 7087
f 7086 7088 7083
f 7087 7089 7088
f 2747 7072 2734
f 2747 7090 7072
f 2749 7090 2747
f 2749 7091 7090
f 2781 7091 2749
f 7091 7093 7090
f 7103 7095 7091
f 7090 7092 7072
f 7090 7093 7092
f 7091 7095 7093
f 7093 7094 7092
f 7092 7094 7089
f 7093 7096 7094
f 7095 7096 7093
f 7095 7097 7096
f 7084 7237 7082
f 7085 7238 7084
f 7083 7239 7085
f 7085 7239 7238
f 7088 7240 7083
f 7083 7240 7239
f 7088 7098 7240
f 7089 7098 7088
f 7089 7099 7098
f 7094 7099 7089
f 7094 7100 7099
f 7096 7100 7094
f 7100 7270 7099
f 7101 7272 7100
f 7100 7272 7270
f 7097 7101 7096
f 7096 7101 7100
f 7097 7115 7101
f 7101 7102 7272
f 7115 7102 7101
f 7115 7118 7102
f 7118 7274 7102
f 2781 7103 7091
f 2783 7103 2781
f 7103 7106 7095
f 7104 7106 7103
f 2787 7104 2783
f 2783 7104 7103
f 7104 7105 7106
f 7109 7105 7104
f 7111 7108 7105
f 7106 7097 7095
f 7105 7107 7106
f 7106 7107 7097
f 7105 7108 7107
f 2789 7109 2787
f 2787 7109 7104
f 7109 7111 7105
f 7110 7111 7109
f 2789 7110 7109
f 3114 7110 2789
f 7110 7112 7111
f 7112 7113 7111
f 7112 7114 7113
f 7111 7113 7108
f 7107 7115 7097
f 7107 7116 7115
f 7116 7118 7115
f 7116 7120 7118
f 7108 7116 7107
f 7108 7117 7116
f 7117 7120 7116
f 7117 7123 7120
f 7118 7119 7274
f 7120 7119 7118
f 7120 7121 7119
f 7123 7121 7120
f 7123 7124 7121
f 7124 7401 7121
f 7124 7409 7401
f 7113 7117 7108
f 7113 7122 7117
f 7122 7123 7117
f 7122 7125 7123
f 7114 7122 7113
f 7114 7137 7122
f 7137 7125 7122
f 7137 7139 7125
f 7125 7124 7123
f 7125 7126 7124
f 7126 7409 7124
f 7126 7127 7409
f 7139 7126 7125
f 7139 7140 7126
f 7140 7127 7126
f 7140 7167 7127
f 3114 7128 7110
f 7128 7112 7110
f 7128 7129 7112
f 3116 7128 3114
f 3116 7131 7128
f 7131 7129 7128
f 7131 7133 7129
f 7129 7114 7112
f 7129 7130 7114
f 7133 7130 7129
f 7133 7134 7130
f 3118 7131 3116
f 3118 7132 7131
f 7132 7133 7131
f 3135 7132 3118
f 7149 7135 7132
f 7132 7135 7133
f 7135 7134 7133
f 7135 7136 7134
f 7130 7137 7114
f 7130 7138 7137
f 7138 7139 7137
f 7138 7141 7139
f 7134 7138 7130
f 7134 7143 7138
f 7143 7141 7138
f 7141 7140 7139
f 7141 7142 7140
f 7142 7167 7140
f 7145 7142 7141
f 7142 7168 7167
f 7146 7168 7142
f 7136 7143 7134
f 7143 7145 7141
f 7144 7145 7143
f 7136 7144 7143
f 7144 7147 7145
f 7145 7146 7142
f 7147 7146 7145
f 7146 7169 7168
f 7147 7148 7146
f 7148 7169 7146
f 7148 7170 7169
f 3135 7149 7132
f 7149 7150 7135
f 3137 7149 3135
f 3137 7152 7149
f 7152 7150 7149
f 7152 7154 7150
f 7150 7136 7135
f 7150 7151 7136
f 7154 7151 7150
f 7154 7155 7151
f 3139 7152 3137
f 7153 7154 7152
f 3139 7153 7152
f 7153 7156 7154
f 7156 7155 7154
f 7156 7157 7155
f 7151 7144 7136
f 7155 7158 7151
f 7151 7158 7144
f 7158 7147 7144
f 7158 7159 7147
f 7155 7161 7158
f 7161 7159 7158
f 7159 7148 7147
f 7159 7160 7148
f 7160 7170 7148
f 7160 7172 7170
f 7163 7160 7159
f 7164 7172 7160
f 7157 7161 7155
f 7161 7163 7159
f 7162 7163 7161
f 7157 7162 7161
f 7162 7165 7163
f 7163 7164 7160
f 7165 7164 7163
f 7164 7174 7172
f 7166 7174 7164
f 7165 7166 7164
f 7166 7176 7174
f 7168 7774 7167
f 7169 7775 7168
f 7169 7778 7775
f 7170 7778 7169
f 7170 7171 7778
f 7172 7171 7170
f 7172 7173 7171
f 7174 7173 7172
f 7174 7175 7173
f 7176 7175 7174
f 7176 7813 7175
f 3180 7153 3139
f 3180 7177 7153
f 7177 7156 7153
f 7177 7178 7156
f 3183 7177 3180
f 7180 7178 7177
f 7178 7157 7156
f 7178 7179 7157
f 7181 7179 7178
f 3183 7180 7177
f 7180 7181 7178
f 3198 7180 3183
f 3198 7189 7180
f 7189 7181 7180
f 7189 7191 7181
f 7181 7182 7179
f 7191 7182 7181
f 7191 7192 7182
f 7179 7162 7157
f 7179 7183 7162
f 7183 7165 7162
f 7183 7184 7165
f 7182 7183 7179
f 7186 7184 7183
f 7184 7166 7165
f 7184 7185 7166
f 7185 7176 7166
f 7185 7205 7176
f 7187 7185 7184
f 7188 7205 7185
f 7182 7186 7183
f 7186 7187 7184
f 7192 7186 7182
f 7192 7198 7186
f 7198 7187 7186
f 7198 7200 7187
f 7187 7188 7185
f 7188 7206 7205
f 7200 7188 7187
f 7200 7201 7188
f 7201 7206 7188
f 7201 7893 7206
f 3200 7189 3198
f 7190 7191 7189
f 3200 7190 7189
f 7190 7193 7191
f 7193 7192 7191
f 7193 7194 7192
f 3204 7190 3200
f 3204 7195 7190
f 7195 7193 7190
f 7195 7196 7193
f 3911 7195 3204
f 11206 7196 7195
f 7196 7194 7193
f 7196 7197 7194
f 11207 7197 7196
f 7194 7198 7192
f 7199 7200 7198
f 7194 7199 7198
f 7199 7202 7200
f 7202 7201 7200
f 7203 7893 7201
f 7202 7203 7201
f 7197 7199 7194
f 7197 7204 7199
f 7204 7202 7199
f 7204 7864 7202
f 11208 7204 7197
f 7864 7203 7202
f 7205 7813 7176
f 7205 7872 7813
f 7206 7872 7205
f 3324 7208 3325
f 3325 7209 3326
f 3324 7207 7208
f 3325 7208 7209
f 3326 7210 3327
f 3326 7209 7210
f 3327 7210 7216
f 7207 7212 7208
f 7208 7213 7209
f 7209 7220 7210
f 7207 7211 7212
f 7208 7212 7213
f 7209 7213 7220
f 7079 7214 7211
f 7211 7215 7212
f 7212 7223 7213
f 7211 7214 7215
f 7212 7215 7223
f 3327 7216 3329
f 3329 7217 3330
f 3329 7216 7217
f 3330 7218 3332
f 3330 7217 7218
f 7210 7221 7216
f 7210 7220 7221
f 7216 7222 7217
f 7216 7221 7222
f 3332 7218 7219
f 3332 7219 3334
f 7217 7226 7218
f 7217 7222 7226
f 7218 7231 7219
f 7218 7226 7231
f 7079 7082 7214
f 7213 7224 7220
f 7220 7225 7221
f 7221 7227 7222
f 7213 7223 7224
f 7220 7224 7225
f 7221 7225 7227
f 7222 7228 7226
f 7226 7233 7231
f 7222 7227 7228
f 7226 7228 7233
f 3334 7219 7229
f 3334 7229 3336
f 3336 7229 7230
f 7219 7232 7229
f 7219 7231 7232
f 3336 7230 3338
f 3338 7230 7283
f 3338 7283 3341
f 7229 7234 7230
f 7229 7232 7234
f 7230 7234 7285
f 7231 7235 7232
f 7231 7233 7235
f 7232 7236 7234
f 7232 7235 7236
f 7082 7237 7251
f 7084 7238 7237
f 7238 7241 7237
f 7239 7242 7238
f 7238 7242 7241
f 7239 7245 7242
f 7082 7251 7214
f 7214 7252 7215
f 7215 7253 7223
f 7223 7254 7224
f 7214 7251 7252
f 7215 7252 7253
f 7223 7253 7254
f 7224 7255 7225
f 7224 7254 7255
f 7237 7258 7251
f 7237 7241 7258
f 7240 7245 7239
f 7098 7244 7240
f 7240 7244 7245
f 7099 7249 7098
f 7098 7249 7244
f 7099 7270 7249
f 7225 7256 7227
f 7225 7255 7256
f 7227 7257 7228
f 7242 7243 7241
f 7242 7246 7243
f 7241 7243 7260
f 7241 7260 7258
f 7243 7307 7315
f 7245 7246 7242
f 7245 7247 7246
f 7244 7247 7245
f 7244 7248 7247
f 7249 7248 7244
f 7249 7250 7248
f 7270 7250 7249
f 7246 7307 7243
f 7247 7309 7246
f 7248 7308 7247
f 7250 7310 7248
f 7250 7330 7310
f 7246 7309 7307
f 7247 7308 7309
f 7248 7310 7308
f 7251 7259 7252
f 7252 7261 7253
f 7251 7258 7259
f 7252 7259 7261
f 7253 7262 7254
f 7254 7266 7255
f 7253 7261 7262
f 7254 7262 7266
f 7227 7256 7257
f 7255 7268 7256
f 7255 7266 7268
f 7256 7277 7257
f 7256 7268 7277
f 7258 7263 7259
f 7258 7260 7263
f 7259 7264 7261
f 7259 7263 7264
f 7261 7264 7265
f 7261 7265 7262
f 7262 7265 7267
f 7243 7315 7260
f 7260 7316 7263
f 7263 7317 7264
f 7264 7319 7265
f 7260 7315 7316
f 7263 7316 7317
f 7264 7317 7319
f 7262 7267 7266
f 7266 7267 7269
f 7266 7269 7268
f 7268 7269 7278
f 7268 7278 7277
f 7265 7320 7267
f 7267 7321 7269
f 7265 7319 7320
f 7267 7320 7321
f 7228 7275 7233
f 7233 7276 7235
f 7270 7271 7250
f 7272 7271 7270
f 7272 7273 7271
f 7271 7330 7250
f 7271 7329 7330
f 7273 7329 7271
f 7273 7333 7329
f 7102 7273 7272
f 7102 7274 7273
f 7274 7333 7273
f 7274 7334 7333
f 7119 7334 7274
f 7228 7257 7275
f 7233 7275 7276
f 7257 7279 7275
f 7257 7277 7279
f 7275 7279 7281
f 7235 7276 7295
f 7235 7295 7236
f 7275 7281 7276
f 7276 7298 7295
f 7276 7281 7298
f 7277 7278 7280
f 7277 7280 7279
f 7269 7339 7278
f 7278 7342 7280
f 7269 7321 7339
f 7278 7339 7342
f 7279 7282 7281
f 7279 7280 7282
f 7281 7282 7299
f 7280 7343 7282
f 7280 7342 7343
f 7282 7343 7406
f 3341 7283 7284
f 3341 7284 3343
f 7230 7285 7283
f 7283 7285 7286
f 3343 7284 7289
f 3343 7289 3348
f 7283 7286 7284
f 7284 7286 7291
f 7234 7287 7285
f 7234 7236 7287
f 7285 7288 7286
f 7285 7287 7288
f 3348 7289 7290
f 7284 7291 7289
f 7289 7291 7293
f 3348 7290 3350
f 3350 7290 7735
f 7289 7293 7290
f 7286 7292 7291
f 7286 7288 7292
f 7291 7294 7293
f 7291 7292 7294
f 7119 7399 7334
f 7121 7399 7119
f 7121 7401 7399
f 7236 7295 7296
f 7236 7296 7287
f 7295 7298 7300
f 7295 7300 7296
f 7287 7297 7288
f 7287 7296 7297
f 7296 7300 7303
f 7296 7303 7297
f 7281 7299 7298
f 7298 7299 7301
f 7298 7301 7300
f 7282 7406 7299
f 7299 7408 7301
f 7299 7406 7408
f 7300 7301 7304
f 7300 7304 7303
f 7301 7414 7304
f 7301 7408 7414
f 7288 7302 7292
f 7288 7297 7302
f 7297 7303 7305
f 7297 7305 7302
f 7292 7302 7744
f 7292 7744 7294
f 7302 7305 7746
f 7302 7746 7744
f 7303 7304 7306
f 7303 7306 7305
f 7304 7415 7306
f 7304 7414 7415
f 7305 7306 7747
f 7305 7747 7746
f 7306 7790 7747
f 7306 7415 7790
f 7309 7312 7307
f 7308 7311 7309
f 7309 7311 7312
f 7310 7313 7308
f 7330 7314 7310
f 7308 7313 7311
f 7310 7314 7313
f 7313 7326 7311
f 7314 7328 7313
f 7307 7318 7315
f 7315 7322 7316
f 7316 7323 7317
f 7315 7318 7322
f 7316 7322 7323
f 7307 7312 7318
f 7311 7327 7312
f 7317 7324 7319
f 7319 7325 7320
f 7317 7323 7324
f 7319 7324 7325
f 7320 7340 7321
f 7320 7325 7340
f 7312 7368 7318
f 7318 7369 7322
f 7322 7370 7323
f 7323 7371 7324
f 7324 7372 7325
f 7312 7327 7368
f 7311 7326 7327
f 7313 7328 7326
f 7314 7346 7328
f 7326 7349 7327
f 7328 7348 7326
f 7326 7348 7349
f 7327 7376 7368
f 7327 7349 7376
f 7329 7331 7330
f 7330 7331 7314
f 7333 7332 7329
f 7329 7332 7331
f 7331 7346 7314
f 7332 7347 7331
f 7334 7335 7333
f 7333 7335 7332
f 7334 7336 7335
f 7335 7337 7332
f 7336 7338 7335
f 7331 7347 7346
f 7332 7337 7347
f 7335 7338 7337
f 7336 7403 7338
f 7403 7359 7338
f 7321 7341 7339
f 7321 7340 7341
f 7339 7344 7342
f 7339 7341 7344
f 7325 7373 7340
f 7340 7374 7341
f 7342 7344 7345
f 7342 7345 7343
f 7341 7375 7344
f 7346 7350 7328
f 7347 7351 7346
f 7328 7350 7348
f 7346 7351 7350
f 7337 7352 7347
f 7337 7358 7352
f 7347 7352 7351
f 7338 7358 7337
f 7338 7359 7358
f 7349 7353 7380
f 7351 7355 7350
f 7352 7356 7351
f 7358 7357 7352
f 7348 7353 7349
f 7350 7354 7348
f 7348 7354 7353
f 7350 7355 7354
f 7351 7356 7355
f 7352 7357 7356
f 7359 7361 7358
f 7358 7361 7357
f 7359 7360 7361
f 7354 7362 7353
f 7355 7363 7354
f 7354 7363 7362
f 7355 7364 7363
f 7356 7364 7355
f 7357 7365 7356
f 7356 7365 7364
f 7365 7456 7364
f 7361 7366 7357
f 7361 7367 7366
f 7357 7366 7365
f 7360 7367 7361
f 7360 7421 7367
f 7366 7459 7365
f 7367 7460 7366
f 7421 7461 7367
f 7318 7368 7369
f 7322 7369 7370
f 7323 7370 7371
f 7324 7371 7372
f 7368 7377 7369
f 7369 7378 7370
f 7368 7376 7377
f 7370 7379 7371
f 7371 7384 7372
f 7369 7377 7378
f 7370 7378 7379
f 7371 7379 7384
f 7344 7432 7345
f 7325 7372 7373
f 7340 7373 7374
f 7372 7385 7373
f 7372 7384 7385
f 7373 7389 7374
f 7373 7385 7389
f 7341 7374 7375
f 7344 7375 7432
f 7374 7390 7375
f 7374 7389 7390
f 7375 7390 7439
f 7349 7380 7376
f 7376 7381 7377
f 7377 7382 7378
f 7378 7386 7379
f 7376 7380 7381
f 7377 7381 7382
f 7378 7382 7386
f 7353 7383 7380
f 7380 7393 7381
f 7381 7394 7382
f 7380 7383 7393
f 7381 7393 7394
f 7379 7387 7384
f 7384 7388 7385
f 7379 7386 7387
f 7384 7387 7388
f 7385 7388 7391
f 7385 7391 7389
f 7389 7392 7390
f 7389 7391 7392
f 7353 7362 7383
f 7363 7454 7362
f 7364 7455 7363
f 7382 7395 7386
f 7386 7396 7387
f 7382 7394 7395
f 7386 7395 7396
f 7387 7397 7388
f 7387 7396 7397
f 7362 7475 7383
f 7383 7476 7393
f 7393 7477 7394
f 7394 7478 7395
f 7395 7479 7396
f 7388 7398 7391
f 7388 7397 7398
f 7391 7444 7392
f 7391 7398 7444
f 7396 7484 7397
f 7397 7485 7398
f 7399 7336 7334
f 7399 7400 7336
f 7401 7400 7399
f 7400 7403 7336
f 7401 7402 7400
f 7409 7402 7401
f 7410 7405 7402
f 7402 7404 7400
f 7400 7404 7403
f 7404 7417 7403
f 7404 7419 7417
f 7402 7405 7404
f 7405 7419 7404
f 7405 7416 7419
f 7343 7407 7406
f 7343 7345 7407
f 7406 7407 7431
f 7406 7431 7408
f 7408 7431 7435
f 7403 7417 7359
f 7409 7410 7402
f 7127 7410 7409
f 7411 7412 7410
f 7127 7411 7410
f 7167 7411 7127
f 7774 7413 7411
f 7410 7412 7405
f 7412 7416 7405
f 7412 7424 7416
f 7413 7424 7412
f 7411 7413 7412
f 7413 7425 7424
f 7776 7425 7413
f 7408 7435 7414
f 7414 7436 7415
f 7417 7360 7359
f 7419 7418 7417
f 7417 7418 7360
f 7419 7420 7418
f 7416 7420 7419
f 7416 7426 7420
f 7418 7421 7360
f 7420 7422 7418
f 7418 7422 7421
f 7422 7522 7421
f 7420 7423 7422
f 7426 7423 7420
f 7426 7429 7423
f 7423 7523 7422
f 7429 7524 7423
f 7424 7426 7416
f 7425 7427 7424
f 7425 7428 7427
f 7424 7427 7426
f 7427 7429 7426
f 7427 7430 7429
f 7430 7525 7429
f 7428 7430 7427
f 7428 7784 7430
f 7784 7527 7430
f 7345 7433 7407
f 7407 7434 7431
f 7345 7432 7433
f 7375 7439 7432
f 7432 7441 7433
f 7432 7439 7441
f 7407 7433 7434
f 7431 7434 7437
f 7433 7441 7442
f 7433 7442 7434
f 7414 7435 7436
f 7431 7437 7435
f 7415 7436 7791
f 7435 7438 7436
f 7435 7437 7438
f 7434 7447 7437
f 7434 7442 7447
f 7436 7438 7794
f 7437 7449 7438
f 7437 7447 7449
f 7390 7440 7439
f 7439 7443 7441
f 7390 7392 7440
f 7439 7440 7443
f 7441 7448 7442
f 7441 7443 7448
f 7392 7445 7440
f 7392 7444 7445
f 7440 7445 7446
f 7398 7541 7444
f 7444 7544 7445
f 7440 7446 7443
f 7443 7452 7448
f 7443 7446 7452
f 7445 7545 7446
f 7442 7450 7447
f 7442 7448 7450
f 7447 7451 7449
f 7447 7450 7451
f 7448 7453 7450
f 7448 7452 7453
f 7450 7453 7805
f 7450 7805 7451
f 7446 7558 7452
f 7452 7560 7453
f 7453 7967 7805
f 7367 7461 7460
f 7362 7454 7475
f 7363 7455 7454
f 7364 7456 7455
f 7365 7459 7456
f 7455 7458 7454
f 7456 7457 7455
f 7455 7457 7458
f 7456 7462 7457
f 7383 7475 7476
f 7393 7476 7477
f 7394 7477 7478
f 7395 7478 7479
f 7396 7479 7484
f 7454 7480 7475
f 7454 7458 7480
f 7366 7460 7459
f 7459 7462 7456
f 7460 7463 7459
f 7459 7463 7462
f 7460 7464 7463
f 7461 7464 7460
f 7461 7530 7464
f 7397 7484 7485
f 7457 7465 7458
f 7457 7468 7465
f 7458 7465 7488
f 7465 7470 7492
f 7462 7468 7457
f 7463 7469 7462
f 7462 7469 7468
f 7464 7466 7463
f 7463 7466 7469
f 7464 7467 7466
f 7530 7467 7464
f 7534 7474 7467
f 7468 7470 7465
f 7469 7471 7468
f 7466 7472 7469
f 7467 7473 7466
f 7469 7472 7471
f 7468 7471 7470
f 7466 7473 7472
f 7472 7501 7471
f 7473 7503 7472
f 7471 7500 7470
f 7467 7474 7473
f 7474 7502 7473
f 7475 7481 7476
f 7476 7482 7477
f 7475 7480 7481
f 7476 7481 7482
f 7477 7483 7478
f 7477 7482 7483
f 7478 7486 7479
f 7478 7483 7486
f 7398 7485 7541
f 7479 7486 7487
f 7479 7487 7484
f 7484 7542 7485
f 7484 7487 7542
f 7458 7488 7480
f 7465 7492 7488
f 7480 7489 7481
f 7481 7490 7482
f 7480 7488 7489
f 7481 7489 7490
f 7482 7491 7483
f 7482 7490 7491
f 7488 7493 7489
f 7489 7494 7490
f 7490 7497 7491
f 7488 7492 7493
f 7489 7493 7494
f 7490 7494 7497
f 7470 7504 7492
f 7492 7505 7493
f 7493 7506 7494
f 7483 7495 7486
f 7483 7491 7495
f 7486 7496 7487
f 7486 7495 7496
f 7491 7498 7495
f 7487 7548 7542
f 7487 7496 7548
f 7495 7499 7496
f 7491 7497 7498
f 7495 7498 7499
f 7496 7499 7550
f 7494 7507 7497
f 7497 7508 7498
f 7498 7509 7499
f 7471 7501 7500
f 7472 7503 7501
f 7474 7569 7502
f 7473 7502 7503
f 7501 7511 7500
f 7503 7512 7501
f 7502 7510 7503
f 7569 7513 7502
f 7492 7504 7505
f 7493 7505 7506
f 7470 7500 7504
f 7500 7511 7517
f 7501 7512 7511
f 7503 7510 7512
f 7502 7513 7510
f 7494 7506 7507
f 7497 7507 7508
f 7498 7508 7509
f 7500 7517 7504
f 7504 7518 7505
f 7505 7519 7506
f 7506 7520 7507
f 7504 7517 7518
f 7505 7518 7519
f 7506 7519 7520
f 7507 7521 7508
f 7508 7582 7509
f 7507 7520 7521
f 7508 7521 7582
f 7512 7515 7511
f 7510 7514 7512
f 7513 7516 7510
f 7512 7514 7515
f 7510 7516 7514
f 7514 7599 7515
f 7516 7601 7514
f 7511 7634 7517
f 7511 7515 7634
f 7515 7648 7634
f 7421 7522 7461
f 7422 7523 7522
f 7523 7531 7522
f 7423 7524 7523
f 7524 7532 7523
f 7524 7533 7532
f 7525 7533 7524
f 7429 7525 7524
f 7430 7527 7525
f 7525 7526 7533
f 7527 7526 7525
f 7784 7951 7527
f 7527 7528 7526
f 7951 7528 7527
f 7528 7554 7526
f 7528 7529 7554
f 7952 7529 7528
f 7955 7557 7529
f 7522 7530 7461
f 7522 7531 7530
f 7523 7532 7531
f 7530 7534 7467
f 7531 7534 7530
f 7531 7535 7534
f 7535 7536 7534
f 7532 7535 7531
f 7538 7537 7535
f 7534 7536 7474
f 7535 7537 7536
f 7536 7569 7474
f 7537 7568 7536
f 7532 7538 7535
f 7533 7538 7532
f 7533 7539 7538
f 7539 7540 7538
f 7538 7540 7537
f 7540 7570 7537
f 7539 7555 7540
f 7555 7571 7540
f 7444 7541 7544
f 7485 7542 7543
f 7485 7543 7541
f 7541 7546 7544
f 7541 7543 7546
f 7445 7544 7545
f 7446 7545 7558
f 7544 7546 7547
f 7544 7547 7545
f 7542 7549 7543
f 7542 7548 7549
f 7496 7550 7548
f 7543 7549 7552
f 7548 7551 7549
f 7548 7550 7551
f 7499 7575 7550
f 7549 7551 7553
f 7550 7576 7551
f 7543 7552 7546
f 7549 7553 7552
f 7546 7562 7547
f 7546 7552 7562
f 7552 7564 7562
f 7551 7577 7553
f 7552 7553 7564
f 7553 7596 7564
f 7526 7539 7533
f 7526 7554 7539
f 7554 7555 7539
f 7556 7588 7555
f 7554 7556 7555
f 7529 7556 7554
f 7529 7557 7556
f 7557 7589 7556
f 7956 7590 7557
f 7452 7558 7560
f 7545 7547 7559
f 7545 7559 7558
f 7558 7559 7561
f 7453 7560 7967
f 7558 7561 7560
f 7560 7561 7968
f 7547 7562 7563
f 7547 7563 7559
f 7562 7565 7563
f 7562 7564 7565
f 7564 7597 7565
f 7559 7566 7561
f 7559 7563 7566
f 7563 7567 7566
f 7561 7566 7971
f 7563 7565 7567
f 7565 7598 7567
f 7566 7567 7972
f 7536 7568 7569
f 7537 7570 7568
f 7568 7578 7569
f 7569 7578 7513
f 7568 7572 7578
f 7570 7572 7568
f 7570 7573 7572
f 7555 7588 7571
f 7540 7571 7570
f 7571 7573 7570
f 7571 7574 7573
f 7588 7574 7571
f 7574 7584 7573
f 7574 7585 7584
f 7499 7509 7575
f 7550 7575 7576
f 7509 7583 7575
f 7509 7582 7583
f 7575 7586 7576
f 7575 7583 7586
f 7551 7576 7577
f 7553 7577 7596
f 7576 7587 7577
f 7576 7586 7587
f 7577 7587 7643
f 7578 7580 7513
f 7513 7580 7516
f 7572 7579 7578
f 7578 7579 7580
f 7572 7581 7579
f 7573 7581 7572
f 7580 7602 7516
f 7579 7603 7580
f 7581 7600 7579
f 7573 7584 7581
f 7584 7604 7581
f 7585 7605 7584
f 7556 7589 7588
f 7588 7591 7574
f 7589 7591 7588
f 7589 7593 7591
f 7557 7590 7589
f 7590 7593 7589
f 7590 7594 7593
f 7591 7585 7574
f 7591 7592 7585
f 7593 7592 7591
f 7593 7595 7592
f 7595 7621 7592
f 7594 7595 7593
f 7594 7985 7595
f 7985 7622 7595
f 7564 7596 7597
f 7577 7643 7596
f 7596 7645 7597
f 7596 7643 7645
f 7565 7597 7598
f 7597 7645 7646
f 7597 7646 7598
f 7592 7620 7585
f 7514 7601 7599
f 7515 7599 7648
f 7599 7606 7652
f 7516 7602 7601
f 7580 7603 7602
f 7579 7600 7603
f 7581 7604 7600
f 7601 7606 7599
f 7602 7607 7601
f 7603 7608 7602
f 7601 7607 7606
f 7602 7608 7607
f 7603 7609 7608
f 7600 7609 7603
f 7604 7610 7600
f 7600 7610 7609
f 7584 7605 7604
f 7585 7620 7605
f 7605 7615 7604
f 7620 7616 7605
f 7605 7616 7615
f 7604 7615 7610
f 7607 7611 7606
f 7608 7612 7607
f 7609 7613 7608
f 7607 7612 7611
f 7608 7613 7612
f 7610 7614 7609
f 7609 7614 7613
f 7610 7617 7614
f 7617 7684 7614
f 7615 7617 7610
f 7616 7618 7615
f 7615 7618 7617
f 7616 7619 7618
f 7623 7619 7616
f 7618 7693 7617
f 7619 7694 7618
f 7985 8020 7622
f 7592 7621 7620
f 7621 7623 7620
f 7620 7623 7616
f 7621 7624 7623
f 7595 7622 7621
f 7622 7624 7621
f 7622 7626 7624
f 8020 7626 7622
f 7624 7625 7623
f 7623 7625 7619
f 7624 7628 7625
f 7625 7629 7619
f 7628 7630 7625
f 7626 7628 7624
f 7626 7627 7628
f 8023 7627 7626
f 7627 7631 7628
f 7618 7694 7693
f 7619 7629 7694
f 7625 7630 7629
f 7628 7631 7630
f 7630 7720 7629
f 7631 7721 7630
f 7627 7632 7631
f 7632 7633 7631
f 7631 7633 7721
f 7632 8035 7633
f 7517 7635 7518
f 7518 7636 7519
f 7517 7634 7635
f 7518 7635 7636
f 7519 7637 7520
f 7519 7636 7637
f 7520 7638 7521
f 7520 7637 7638
f 7634 7649 7635
f 7635 7650 7636
f 7636 7651 7637
f 7521 7639 7582
f 7521 7638 7639
f 7582 7639 7640
f 7582 7640 7583
f 7583 7640 7641
f 7637 7655 7638
f 7638 7656 7639
f 7639 7657 7640
f 7583 7641 7586
f 7586 7642 7587
f 7586 7641 7642
f 7640 7658 7641
f 7641 7672 7642
f 7587 7642 7644
f 7587 7644 7643
f 7643 7647 7645
f 7643 7644 7647
f 7642 7673 7644
f 7645 7647 8072
f 7645 8072 7646
f 7644 7674 7647
f 7647 8101 8072
f 7634 7648 7649
f 7635 7649 7650
f 7636 7650 7651
f 7637 7651 7655
f 7599 7652 7648
f 7648 7653 7649
f 7649 7654 7650
f 7650 7659 7651
f 7648 7652 7653
f 7649 7653 7654
f 7650 7654 7659
f 7606 7662 7652
f 7652 7663 7653
f 7653 7664 7654
f 7652 7662 7663
f 7638 7655 7656
f 7639 7656 7657
f 7651 7660 7655
f 7651 7659 7660
f 7655 7660 7661
f 7655 7661 7656
f 7656 7668 7657
f 7656 7661 7668
f 7640 7657 7658
f 7641 7658 7672
f 7657 7669 7658
f 7657 7668 7669
f 7658 7669 7675
f 7606 7611 7662
f 7612 7682 7611
f 7613 7681 7612
f 7614 7683 7613
f 7654 7665 7659
f 7653 7663 7664
f 7654 7664 7665
f 7659 7666 7660
f 7659 7665 7666
f 7660 7667 7661
f 7660 7666 7667
f 7611 7688 7662
f 7662 7689 7663
f 7663 7690 7664
f 7664 7691 7665
f 7665 7692 7666
f 7666 7698 7667
f 7661 7670 7668
f 7661 7667 7670
f 7668 7671 7669
f 7668 7670 7671
f 7667 7699 7670
f 7670 7722 7671
f 7642 7672 7673
f 7644 7673 7674
f 7658 7675 7672
f 7672 7676 7673
f 7672 7675 7676
f 7647 7674 8101
f 7673 7678 7674
f 7673 7676 7678
f 7674 7678 8103
f 7669 7677 7675
f 7669 7671 7677
f 7675 7677 7679
f 7675 7679 7676
f 7671 7723 7677
f 7677 7724 7679
f 7676 7680 7678
f 7676 7679 7680
f 7679 7730 7680
f 7611 7682 7688
f 7612 7681 7682
f 7613 7683 7681
f 7614 7684 7683
f 7683 7687 7681
f 7684 7686 7683
f 7681 7685 7682
f 7681 7687 7685
f 7683 7686 7687
f 7684 7695 7686
f 7662 7688 7689
f 7663 7689 7690
f 7664 7690 7691
f 7665 7691 7692
f 7666 7692 7698
f 7682 7706 7688
f 7682 7685 7706
f 7617 7693 7684
f 7693 7695 7684
f 7694 7696 7693
f 7693 7696 7695
f 7629 7697 7694
f 7694 7697 7696
f 7667 7698 7699
f 7670 7699 7722
f 7687 7700 7685
f 7686 7701 7687
f 7687 7701 7700
f 7686 7705 7701
f 7685 7700 7713
f 7685 7713 7706
f 7701 8336 7700
f 7695 7705 7686
f 7696 7702 7695
f 7695 7702 7705
f 7696 7703 7702
f 7720 7704 7697
f 7697 7703 7696
f 7697 7704 7703
f 7704 8338 7703
f 7705 8337 7701
f 7702 8334 7705
f 7703 8335 7702
f 7688 7707 7689
f 7689 7708 7690
f 7688 7706 7707
f 7689 7707 7708
f 7690 7709 7691
f 7691 7710 7692
f 7690 7708 7709
f 7691 7709 7710
f 7692 7711 7698
f 7692 7710 7711
f 7698 7711 7712
f 7698 7712 7699
f 7699 7728 7722
f 7699 7712 7728
f 7706 7714 7707
f 7707 7715 7708
f 7708 7716 7709
f 7709 7717 7710
f 7706 7713 7714
f 7707 7714 7715
f 7708 7715 7716
f 7709 7716 7717
f 7700 8344 7713
f 7713 8345 7714
f 7714 8346 7715
f 7715 8349 7716
f 7710 7718 7711
f 7710 7717 7718
f 7711 7719 7712
f 7711 7718 7719
f 7716 8350 7717
f 7717 8351 7718
f 7718 8378 7719
f 7629 7720 7697
f 7630 7721 7720
f 7671 7722 7723
f 7677 7723 7724
f 7679 7724 7730
f 7721 7725 7720
f 7720 7725 7704
f 7633 7726 7721
f 7721 7726 7725
f 7725 8365 7704
f 7726 8366 7725
f 7633 7727 7726
f 8035 7727 7633
f 8035 8114 7727
f 7727 8369 7726
f 8114 8370 7727
f 7722 7728 7729
f 7722 7729 7723
f 7723 7729 7731
f 7723 7731 7724
f 7724 8116 7730
f 7724 7731 8116
f 7712 7732 7728
f 7712 7719 7732
f 7728 7733 7729
f 7728 7732 7733
f 7719 8379 7732
f 7732 8382 7733
f 7729 7734 7731
f 7729 7733 7734
f 7731 8120 8116
f 7731 7734 8120
f 7733 8383 7734
f 3350 7735 3378
f 7290 7737 7735
f 3378 7735 7736
f 3378 7736 3380
f 7290 7293 7737
f 7735 7737 7740
f 7735 7740 7736
f 7293 7738 7737
f 7293 7294 7738
f 7737 7741 7740
f 7737 7738 7741
f 3380 7736 7739
f 3380 7739 3384
f 7736 7740 7742
f 7736 7742 7739
f 3384 7739 7756
f 7739 7742 7758
f 7740 7743 7742
f 7740 7741 7743
f 7742 7743 7759
f 7294 7745 7738
f 7294 7744 7745
f 7744 7746 7748
f 7744 7748 7745
f 7738 7750 7741
f 7738 7745 7750
f 7745 7752 7750
f 7745 7748 7752
f 7746 7747 7749
f 7746 7749 7748
f 7747 7792 7749
f 7747 7790 7792
f 7748 7749 7753
f 7741 7750 7751
f 7750 7752 7754
f 7741 7751 7743
f 7743 7751 7765
f 7750 7754 7751
f 7748 7753 7752
f 7749 7792 7796
f 7752 7753 7755
f 7749 7796 7753
f 7753 7796 7798
f 7752 7755 7754
f 7753 7798 7755
f 3384 7756 3399
f 7739 7758 7756
f 3399 7756 7757
f 3399 7757 3401
f 7756 7758 7760
f 7756 7760 7757
f 7742 7759 7758
f 7758 7762 7760
f 7758 7759 7762
f 3401 7757 7761
f 3401 7761 3405
f 7757 7760 7763
f 7743 7765 7759
f 7757 7763 7761
f 3405 7761 7846
f 7761 7763 7847
f 7760 7764 7763
f 7760 7762 7764
f 7763 7764 7848
f 7751 7766 7765
f 7751 7754 7766
f 7759 7765 7768
f 7759 7768 7762
f 7765 7766 7770
f 7765 7770 7768
f 7754 7755 7767
f 7754 7767 7766
f 7755 7798 7824
f 7755 7824 7767
f 7766 7767 7771
f 7766 7771 7770
f 7767 7824 7828
f 7767 7828 7771
f 7762 7768 7769
f 7768 7770 7772
f 7762 7769 7764
f 7764 7769 7855
f 7768 7772 7769
f 7770 7771 7773
f 7771 7828 7830
f 7770 7773 7772
f 7771 7830 7773
f 7167 7774 7411
f 7775 7776 7774
f 7168 7775 7774
f 7774 7776 7413
f 7776 7780 7425
f 7775 7777 7776
f 7777 7780 7776
f 7777 7782 7780
f 7778 7777 7775
f 7171 7779 7778
f 7778 7779 7777
f 7779 7782 7777
f 7779 7786 7782
f 7171 7811 7779
f 7811 7786 7779
f 7811 7815 7786
f 7780 7428 7425
f 7780 7781 7428
f 7782 7781 7780
f 7782 7783 7781
f 7783 7785 7781
f 7781 7784 7428
f 7781 7785 7784
f 7785 7951 7784
f 7783 7788 7785
f 7788 7953 7785
f 7786 7783 7782
f 7786 7787 7783
f 7815 7787 7786
f 7815 7816 7787
f 7787 7788 7783
f 7787 7789 7788
f 7816 7789 7787
f 7816 7820 7789
f 7789 7959 7788
f 7820 7961 7789
f 7415 7791 7790
f 7790 7791 7793
f 7436 7794 7791
f 7790 7793 7792
f 7792 7793 7797
f 7791 7795 7793
f 7791 7794 7795
f 7438 7801 7794
f 7438 7449 7801
f 7794 7803 7795
f 7794 7801 7803
f 7792 7797 7796
f 7793 7800 7797
f 7796 7799 7798
f 7796 7797 7799
f 7797 7826 7799
f 7793 7795 7800
f 7795 7803 7807
f 7795 7807 7800
f 7797 7800 7826
f 7800 7807 7834
f 7800 7834 7826
f 7449 7802 7801
f 7449 7451 7802
f 7801 7804 7803
f 7801 7802 7804
f 7451 7805 7806
f 7451 7806 7802
f 7805 7969 7806
f 7802 7806 7809
f 7802 7809 7804
f 7806 7975 7809
f 7803 7808 7807
f 7803 7804 7808
f 7807 7835 7834
f 7807 7808 7835
f 7804 7809 7810
f 7804 7810 7808
f 7809 7977 7810
f 7808 7838 7835
f 7808 7810 7838
f 7810 8011 7838
f 7173 7811 7171
f 7175 7812 7173
f 7173 7812 7811
f 7812 7815 7811
f 7812 7817 7815
f 7814 7817 7812
f 7813 7814 7175
f 7175 7814 7812
f 7814 7821 7817
f 7813 7873 7814
f 7873 7821 7814
f 7873 7877 7821
f 7817 7816 7815
f 7821 7818 7817
f 7817 7818 7816
f 7818 7820 7816
f 7818 7819 7820
f 7822 7819 7818
f 7819 7996 7820
f 7821 7822 7818
f 7877 7822 7821
f 7877 7878 7822
f 7822 7823 7819
f 7878 7823 7822
f 7878 7881 7823
f 7823 7998 7819
f 7881 8004 7823
f 7798 7799 7825
f 7798 7825 7824
f 7799 7827 7825
f 7824 7829 7828
f 7824 7825 7829
f 7799 7826 7827
f 7826 7834 7836
f 7826 7836 7827
f 7825 7827 7832
f 7827 7836 7840
f 7828 7829 7831
f 7825 7832 7829
f 7828 7831 7830
f 7829 7833 7831
f 7829 7832 7833
f 7827 7840 7832
f 7832 7840 7842
f 7832 7842 7833
f 7834 7837 7836
f 7834 7835 7837
f 7836 7837 7841
f 7835 7838 7839
f 7835 7839 7837
f 7837 7839 7844
f 7838 8013 7839
f 7836 7841 7840
f 7840 7843 7842
f 7840 7841 7843
f 7837 7844 7841
f 7839 8087 7844
f 7841 7845 7843
f 7841 7844 7845
f 7844 8089 7845
f 3405 7846 3447
f 7761 7847 7846
f 3447 7846 7849
f 3447 7849 3453
f 7846 7847 7851
f 7846 7851 7849
f 7763 7848 7847
f 7847 7852 7851
f 7847 7848 7852
f 3453 7849 7850
f 7849 7851 7853
f 3453 7850 3455
f 7849 7853 7850
f 7851 7852 7854
f 7851 7854 7853
f 7764 7855 7848
f 7769 7856 7855
f 7769 7772 7856
f 7848 7855 7858
f 7772 7773 7857
f 7848 7858 7852
f 7855 7856 7860
f 7855 7860 7858
f 7772 7857 7856
f 7773 7830 7886
f 7773 7886 7857
f 7856 7857 7861
f 7856 7861 7860
f 7857 7886 7889
f 7857 7889 7861
f 7852 7858 7859
f 7858 7860 7862
f 7852 7859 7854
f 7858 7862 7859
f 7860 7861 7863
f 7861 7889 7891
f 7860 7863 7862
f 7861 7891 7863
f 7203 7895 7893
f 11215 7864 7204
f 7864 7865 7203
f 7865 7895 7203
f 7865 7899 7895
f 11216 7865 7864
f 11217 7899 7865
f 3455 7850 7866
f 3455 7866 3465
f 7850 7853 7867
f 7850 7867 7866
f 3465 7866 7869
f 7866 7867 7870
f 7853 7868 7867
f 7853 7854 7868
f 7867 7868 7911
f 3465 7869 3469
f 7866 7870 7869
f 3469 7869 11278
f 3469 11278 6053
f 7867 7911 7870
f 7854 7859 7871
f 7854 7871 7868
f 7859 7862 7914
f 7859 7914 7871
f 7868 7871 7916
f 7862 7863 7915
f 7862 7915 7914
f 7872 7873 7813
f 7875 7874 7872
f 7872 7874 7873
f 7874 7877 7873
f 7874 7879 7877
f 7876 7879 7874
f 7206 7875 7872
f 7893 7875 7206
f 7893 7894 7875
f 7894 7876 7875
f 7875 7876 7874
f 7876 7883 7879
f 7894 7897 7876
f 7897 7883 7876
f 7897 7902 7883
f 7879 7878 7877
f 7879 7880 7878
f 7883 7880 7879
f 7880 7881 7878
f 7880 7882 7881
f 7884 7882 7880
f 7882 8152 7881
f 7885 8154 7882
f 7883 7884 7880
f 7902 7884 7883
f 7902 7904 7884
f 7884 7885 7882
f 7904 7885 7884
f 7904 7906 7885
f 7906 8160 7885
f 7830 7831 7887
f 7830 7887 7886
f 7831 7888 7887
f 7886 7887 7890
f 7886 7890 7889
f 7887 7923 7890
f 7831 7833 7888
f 7833 7842 7892
f 7833 7892 7888
f 7887 7888 7923
f 7888 7927 7923
f 7888 7892 7927
f 7889 7890 7922
f 7889 7922 7891
f 7842 7925 7892
f 7842 7843 7925
f 7895 7894 7893
f 7896 7897 7894
f 7895 7896 7894
f 7898 7902 7897
f 7896 7898 7897
f 7898 7903 7902
f 7899 7896 7895
f 7899 7900 7896
f 7900 7898 7896
f 11240 7900 7899
f 11240 11241 7900
f 11241 7901 7900
f 7900 7901 7898
f 7901 7903 7898
f 7901 7908 7903
f 11241 11244 7901
f 11244 7908 7901
f 11244 11249 7908
f 7903 7904 7902
f 7908 7905 7903
f 7903 7905 7904
f 7905 7906 7904
f 7905 7907 7906
f 7907 8175 7906
f 7909 7907 7905
f 7910 8177 7907
f 7908 7909 7905
f 11249 7909 7908
f 11249 11250 7909
f 7909 7910 7907
f 11250 7910 7909
f 11250 11253 7910
f 11253 8182 7910
f 7869 7870 7912
f 7869 7912 11278
f 7870 7913 7912
f 7870 7911 7913
f 7871 7914 7918
f 7863 7891 7933
f 7863 7933 7915
f 7914 7915 7919
f 7915 7936 7919
f 7915 7933 7936
f 7868 7916 7911
f 7911 7916 7917
f 7871 7918 7916
f 7916 7918 7920
f 7911 7917 7913
f 7916 7920 7917
f 7914 7919 7918
f 7918 7919 7921
f 7919 7936 7938
f 7918 7921 7920
f 7919 7938 7921
f 7890 7924 7922
f 7890 7923 7924
f 7923 7927 7929
f 7923 7929 7924
f 7892 7928 7927
f 7892 7925 7928
f 7843 7845 7926
f 7843 7926 7925
f 7845 8242 7926
f 7925 7931 7928
f 7925 7926 7931
f 7927 7928 7930
f 7927 7930 7929
f 7928 7931 7932
f 7926 8248 7931
f 7928 7932 7930
f 7931 8250 7932
f 7891 7922 7934
f 7891 7934 7933
f 7922 7935 7934
f 7933 7937 7936
f 7933 7934 7937
f 7934 7940 7937
f 7922 7924 7935
f 7924 7929 7942
f 7924 7942 7935
f 7934 7935 7940
f 7935 7942 7945
f 7935 7945 7940
f 7936 7937 7939
f 7936 7939 7938
f 7937 7941 7939
f 7937 7940 7941
f 7940 7945 7947
f 7940 7947 7941
f 7929 7943 7942
f 7929 7930 7943
f 7930 7932 7944
f 7930 7944 7943
f 7942 7946 7945
f 7942 7943 7946
f 7932 8268 7944
f 7943 7944 7949
f 7943 7949 7946
f 7944 8272 7949
f 7945 7946 7948
f 7945 7948 7947
f 7946 7949 7950
f 7946 7950 7948
f 7948 7950 11324
f 7949 8274 7950
f 7785 7953 7951
f 7951 7952 7528
f 7953 7952 7951
f 7953 7954 7952
f 7788 7959 7953
f 7959 7954 7953
f 7959 7960 7954
f 7952 7955 7529
f 7954 7955 7952
f 7957 7956 7955
f 7955 7956 7557
f 7954 7957 7955
f 7960 7957 7954
f 7963 7958 7957
f 7957 7958 7956
f 7964 7983 7958
f 7789 7961 7959
f 7961 7960 7959
f 7961 7962 7960
f 7996 7962 7961
f 7960 7963 7957
f 7962 7963 7960
f 7965 7964 7963
f 7963 7964 7958
f 7966 7990 7964
f 7962 7965 7963
f 7997 7965 7962
f 8000 7966 7965
f 7965 7966 7964
f 8001 7991 7966
f 7966 7991 7990
f 7958 7982 7956
f 7805 7967 7969
f 7560 7968 7967
f 7967 7968 7970
f 7967 7970 7969
f 7806 7969 7975
f 7969 7970 7976
f 7969 7976 7975
f 7561 7971 7968
f 7566 7972 7971
f 7968 7971 7973
f 7567 7989 7972
f 7971 7972 7974
f 7968 7973 7970
f 7971 7974 7973
f 7970 7973 7979
f 7972 8070 7974
f 7973 7974 7980
f 7809 7975 7977
f 7975 7976 7978
f 7810 7977 8011
f 7975 7978 7977
f 7977 7978 8012
f 7970 7979 7976
f 7973 7980 7979
f 7976 7979 7981
f 7974 8076 7980
f 7979 7980 8069
f 7976 7981 7978
f 7979 8069 7981
f 7978 7981 8083
f 7956 7982 7590
f 7982 7594 7590
f 7982 7984 7594
f 7958 7983 7982
f 7983 7984 7982
f 7983 7987 7984
f 7990 7987 7983
f 7984 7985 7594
f 7984 7986 7985
f 7986 8020 7985
f 7987 7986 7984
f 7987 7988 7986
f 7988 8021 7986
f 7567 7598 7989
f 7972 7989 8070
f 7598 8071 7989
f 7974 8070 8076
f 7964 7990 7983
f 7990 7992 7987
f 7991 7992 7990
f 7991 7994 7992
f 7992 7988 7987
f 7992 7993 7988
f 7993 8022 7988
f 7994 7993 7992
f 7994 7995 7993
f 7995 8027 7993
f 7820 7996 7961
f 7996 7997 7962
f 7998 7997 7996
f 7819 7998 7996
f 7998 7999 7997
f 7997 8000 7965
f 7999 8000 7997
f 8000 8001 7966
f 7999 8002 8000
f 8002 8001 8000
f 8002 8003 8001
f 8003 8008 8001
f 7823 8004 7998
f 8004 7999 7998
f 8004 8005 7999
f 7881 8152 8004
f 8152 8005 8004
f 8152 8153 8005
f 8005 8002 7999
f 8006 8003 8002
f 8005 8006 8002
f 8007 8009 8003
f 8006 8007 8003
f 8153 8006 8005
f 8156 8007 8006
f 8153 8156 8006
f 8157 8010 8007
f 8156 8157 8007
f 8001 8008 7991
f 8003 8009 8008
f 8007 8010 8009
f 8157 8164 8010
f 7838 8011 8013
f 7977 8012 8011
f 8011 8012 8082
f 7839 8013 8087
f 8011 8082 8013
f 7978 8083 8012
f 8008 7994 7991
f 8008 8014 7994
f 8009 8014 8008
f 8009 8016 8014
f 8014 7995 7994
f 8014 8015 7995
f 8015 8028 7995
f 8016 8015 8014
f 8016 8017 8015
f 8017 8047 8015
f 8010 8016 8009
f 8010 8018 8016
f 8164 8018 8010
f 8164 8166 8018
f 8018 8017 8016
f 8018 8019 8017
f 8019 8051 8017
f 8166 8019 8018
f 8166 8167 8019
f 8167 8052 8019
f 7986 8021 8020
f 7988 8022 8021
f 8022 8025 8021
f 8022 8031 8025
f 8020 8023 7626
f 8021 8023 8020
f 8021 8025 8023
f 8023 8024 7627
f 8025 8024 8023
f 8025 8026 8024
f 8026 8034 8024
f 8024 7632 7627
f 8031 8026 8025
f 8031 8032 8026
f 8032 8037 8026
f 7993 8027 8022
f 8027 8031 8022
f 8027 8029 8031
f 7995 8028 8027
f 8028 8029 8027
f 8028 8030 8029
f 8030 8033 8029
f 8029 8032 8031
f 8029 8033 8032
f 8033 8041 8032
f 8030 8049 8033
f 8049 8043 8033
f 8024 8034 7632
f 8034 8035 7632
f 8034 8036 8035
f 8037 8036 8034
f 8026 8037 8034
f 8032 8041 8037
f 8037 8038 8036
f 8041 8038 8037
f 8036 8114 8035
f 8036 8039 8114
f 8038 8039 8036
f 8038 8040 8039
f 8042 8040 8038
f 8045 8896 8040
f 8033 8043 8041
f 8043 8042 8041
f 8041 8042 8038
f 8043 8044 8042
f 8049 8057 8043
f 8057 8044 8043
f 8057 8058 8044
f 8042 8045 8040
f 8044 8045 8042
f 8046 8910 8045
f 8044 8046 8045
f 8058 8046 8044
f 8058 8061 8046
f 8061 8885 8046
f 8015 8047 8028
f 8047 8030 8028
f 8047 8048 8030
f 8017 8051 8047
f 8051 8048 8047
f 8051 8053 8048
f 8048 8049 8030
f 8048 8050 8049
f 8053 8050 8048
f 8053 8056 8050
f 8050 8057 8049
f 8056 8059 8050
f 8019 8052 8051
f 8052 8053 8051
f 8052 8054 8053
f 8167 8200 8052
f 8200 8054 8052
f 8200 8202 8054
f 8054 8056 8053
f 8054 8055 8056
f 8202 8055 8054
f 8202 8203 8055
f 8055 8063 8056
f 8203 8065 8055
f 8050 8059 8057
f 8059 8058 8057
f 8059 8060 8058
f 8056 8063 8059
f 8063 8060 8059
f 8063 8064 8060
f 8060 8061 8058
f 8060 8062 8061
f 8062 8886 8061
f 8064 8062 8060
f 8064 8067 8062
f 8067 8887 8062
f 8055 8065 8063
f 8065 8064 8063
f 8065 8066 8064
f 8212 8066 8065
f 8066 8067 8064
f 8066 8068 8067
f 8068 8889 8067
f 8213 8068 8066
f 8216 8891 8068
f 7980 8077 8069
f 7981 8069 8084
f 7598 7646 8071
f 7989 8074 8070
f 7989 8071 8074
f 7646 8072 8073
f 7646 8073 8071
f 8072 8102 8073
f 8071 8073 8075
f 8071 8075 8074
f 8073 8107 8075
f 7980 8076 8077
f 8070 8078 8076
f 8070 8074 8078
f 8069 8077 8092
f 8076 8080 8077
f 8076 8078 8080
f 8074 8075 8079
f 8074 8079 8078
f 8075 8108 8079
f 8078 8079 8081
f 8078 8081 8080
f 8079 8109 8081
f 7981 8084 8083
f 8012 8083 8085
f 8069 8092 8084
f 8083 8084 8086
f 8012 8085 8082
f 8083 8086 8085
f 8084 8093 8086
f 8013 8082 8088
f 8013 8088 8087
f 7844 8087 8089
f 8087 8088 8241
f 8087 8241 8089
f 8082 8085 8090
f 8082 8090 8088
f 8085 8091 8090
f 8085 8086 8091
f 8086 8098 8091
f 8088 8090 8244
f 8088 8244 8241
f 8090 8091 8245
f 8090 8245 8244
f 8091 8256 8245
f 8077 8094 8092
f 8077 8080 8094
f 8084 8092 8093
f 8092 8096 8093
f 8092 8094 8096
f 8080 8081 8095
f 8080 8095 8094
f 8081 8129 8095
f 8094 8095 8097
f 8094 8097 8096
f 8095 8134 8097
f 8086 8093 8098
f 8093 8096 8099
f 8093 8099 8098
f 8091 8098 8256
f 8098 8099 8258
f 8098 8258 8256
f 8096 8097 8100
f 8096 8100 8099
f 8097 8135 8100
f 8099 8100 8259
f 8099 8259 8258
f 8100 8289 8259
f 8072 8101 8102
f 7674 8103 8101
f 8101 8105 8102
f 8101 8103 8105
f 8073 8102 8107
f 8102 8110 8107
f 8102 8105 8110
f 7678 8104 8103
f 7678 7680 8104
f 8103 8104 8106
f 7680 8115 8104
f 8103 8106 8105
f 8105 8106 8111
f 8105 8111 8110
f 8104 8118 8106
f 8106 8123 8111
f 8075 8107 8108
f 8107 8110 8112
f 8107 8112 8108
f 8079 8108 8109
f 8108 8112 8130
f 8108 8130 8109
f 8110 8111 8113
f 8110 8113 8112
f 8112 8131 8130
f 8111 8125 8113
f 8112 8113 8131
f 8113 8140 8131
f 7680 7730 8115
f 8039 8893 8114
f 8040 8894 8039
f 8104 8115 8118
f 7730 8117 8115
f 7730 8116 8117
f 8106 8118 8123
f 8115 8119 8118
f 8115 8117 8119
f 8118 8119 8124
f 8116 8120 8121
f 8116 8121 8117
f 7734 8902 8120
f 8120 8904 8121
f 8117 8122 8119
f 8117 8121 8122
f 8119 8122 8127
f 8121 8905 8122
f 8111 8123 8125
f 8118 8124 8123
f 8123 8126 8125
f 8123 8124 8126
f 8113 8125 8140
f 8125 8141 8140
f 8125 8126 8141
f 8119 8127 8124
f 8124 8127 8128
f 8122 8915 8127
f 8124 8128 8126
f 8126 8144 8141
f 8126 8128 8144
f 8127 8917 8128
f 8081 8109 8129
f 8109 8130 8132
f 8109 8132 8129
f 8095 8129 8134
f 8129 8132 8136
f 8129 8136 8134
f 8130 8131 8133
f 8130 8133 8132
f 8131 8142 8133
f 8132 8133 8137
f 8132 8137 8136
f 8133 8146 8137
f 8097 8134 8135
f 8134 8136 8138
f 8134 8138 8135
f 8100 8135 8289
f 8135 8138 8291
f 8135 8291 8289
f 8136 8137 8139
f 8136 8139 8138
f 8137 8148 8139
f 8138 8139 8292
f 8138 8292 8291
f 8139 8297 8292
f 8131 8140 8142
f 8140 8143 8142
f 8140 8141 8143
f 8133 8142 8146
f 8142 8147 8146
f 8142 8143 8147
f 8141 8145 8143
f 8141 8144 8145
f 8128 8973 8144
f 8143 8150 8147
f 8143 8145 8150
f 8144 8975 8145
f 8145 8997 8150
f 8137 8146 8148
f 8146 8149 8148
f 8146 8147 8149
f 8139 8148 8297
f 8148 8302 8297
f 8148 8149 8302
f 8147 8151 8149
f 8147 8150 8151
f 8150 8999 8151
f 8149 8305 8302
f 8149 8151 8305
f 8154 8153 8152
f 7882 8154 8152
f 8154 8155 8153
f 8160 8155 8154
f 8155 8156 8153
f 8158 8157 8156
f 8159 8164 8157
f 8155 8158 8156
f 8161 8158 8155
f 8162 8159 8158
f 8158 8159 8157
f 8163 8165 8159
f 7885 8160 8154
f 8160 8161 8155
f 7906 8175 8160
f 8175 8161 8160
f 8175 8176 8161
f 8161 8162 8158
f 8162 8163 8159
f 8176 8162 8161
f 8179 8163 8162
f 8176 8179 8162
f 8180 8170 8163
f 8179 8180 8163
f 8159 8165 8164
f 8163 8170 8165
f 8165 8166 8164
f 8165 8168 8166
f 8170 8168 8165
f 8168 8167 8166
f 8169 8200 8167
f 8168 8169 8167
f 8171 8169 8168
f 8172 8201 8169
f 8170 8171 8168
f 8180 8190 8170
f 8190 8171 8170
f 8190 8173 8171
f 8171 8172 8169
f 8173 8172 8171
f 8173 8174 8172
f 8174 8206 8172
f 7907 8177 8175
f 8177 8176 8175
f 8177 8178 8176
f 8182 8178 8177
f 8178 8179 8176
f 8181 8180 8179
f 8178 8181 8179
f 8181 8184 8180
f 8183 8181 8178
f 7910 8182 8177
f 8182 8183 8178
f 11253 11439 8182
f 11439 8183 8182
f 8184 8190 8180
f 8186 8184 8181
f 8187 8191 8184
f 11439 8185 8183
f 8183 8186 8181
f 8186 8187 8184
f 8185 8186 8183
f 8188 8187 8186
f 8185 8188 8186
f 8188 8189 8187
f 8189 8194 8187
f 8184 8191 8190
f 8191 8173 8190
f 8191 8192 8173
f 8194 8192 8191
f 8192 8174 8173
f 8192 8193 8174
f 8193 8207 8174
f 8196 8193 8192
f 8197 8224 8193
f 8187 8194 8191
f 8194 8196 8192
f 8195 8196 8194
f 8189 8195 8194
f 8195 8198 8196
f 8196 8197 8193
f 8198 8197 8196
f 8199 8227 8197
f 8198 8199 8197
f 8201 8202 8200
f 8169 8201 8200
f 8201 8204 8202
f 8206 8204 8201
f 8204 8203 8202
f 8204 8205 8203
f 8208 8205 8204
f 8205 8212 8203
f 8210 8214 8205
f 8172 8206 8201
f 8206 8208 8204
f 8174 8207 8206
f 8207 8208 8206
f 8207 8209 8208
f 8208 8210 8205
f 8209 8210 8208
f 8209 8211 8210
f 8211 8218 8210
f 8203 8212 8065
f 8212 8213 8066
f 8214 8213 8212
f 8205 8214 8212
f 8214 8215 8213
f 8218 8215 8214
f 8213 8216 8068
f 8215 8216 8213
f 8217 9195 8216
f 8219 8217 8215
f 8215 8217 8216
f 8222 9197 8217
f 8210 8218 8214
f 8218 8219 8215
f 8211 8220 8218
f 8220 8219 8218
f 8220 8221 8219
f 8219 8222 8217
f 8221 8222 8219
f 8221 8223 8222
f 8223 9199 8222
f 8193 8224 8207
f 8224 8209 8207
f 8224 8225 8209
f 8197 8227 8224
f 8227 8225 8224
f 8227 8229 8225
f 8225 8211 8209
f 8225 8226 8211
f 8226 8220 8211
f 8229 8226 8225
f 8229 8230 8226
f 8230 8234 8226
f 8228 8229 8227
f 8199 8228 8227
f 8228 8231 8229
f 11474 8231 8228
f 8231 8230 8229
f 8232 8236 8230
f 8231 8232 8230
f 11476 8232 8231
f 11477 8238 8232
f 8226 8234 8220
f 8234 8221 8220
f 8234 8233 8221
f 8230 8236 8234
f 8236 8233 8234
f 8236 8237 8233
f 8233 8223 8221
f 8233 8235 8223
f 8235 9201 8223
f 8237 8235 8233
f 8237 8240 8235
f 8240 9202 8235
f 8232 8238 8236
f 8238 8237 8236
f 8238 8239 8237
f 11481 8239 8238
f 8239 8240 8237
f 8239 8313 8240
f 7845 8089 8242
f 8089 8241 8243
f 8089 8243 8242
f 7926 8242 8248
f 8242 8243 8249
f 8241 8244 8246
f 8241 8246 8243
f 8244 8247 8246
f 8244 8245 8247
f 8245 8257 8247
f 8243 8246 8252
f 8246 8247 8253
f 7931 8248 8250
f 8242 8249 8248
f 8248 8249 8251
f 8243 8252 8249
f 8246 8253 8252
f 8248 8251 8250
f 8249 8252 8254
f 8247 8262 8253
f 8252 8253 8255
f 8249 8254 8251
f 8252 8255 8254
f 8253 8263 8255
f 8245 8256 8257
f 8256 8260 8257
f 8256 8258 8260
f 8247 8257 8262
f 8257 8260 8264
f 8258 8259 8261
f 8258 8261 8260
f 8259 8290 8261
f 8260 8261 8265
f 8253 8262 8263
f 8257 8264 8262
f 8262 8264 8266
f 8262 8266 8263
f 8260 8265 8264
f 8264 8265 8267
f 8261 8295 8265
f 8264 8267 8266
f 8265 8298 8267
f 7932 8250 8268
f 8250 8251 8269
f 8250 8269 8268
f 7944 8268 8272
f 8268 8269 8273
f 8268 8273 8272
f 8251 8254 8270
f 8251 8270 8269
f 8254 8255 8271
f 8254 8271 8270
f 8255 8277 8271
f 8269 8270 8275
f 8269 8275 8273
f 8270 8276 8275
f 8270 8271 8276
f 8271 8283 8276
f 7949 8272 8274
f 8272 8273 8279
f 8272 8279 8274
f 8273 8275 8280
f 8255 8263 8277
f 8263 8266 8278
f 8263 8278 8277
f 8271 8277 8283
f 8266 8267 8282
f 8266 8282 8278
f 7950 8274 11482
f 8274 8279 11483
f 8275 8281 8280
f 8275 8276 8281
f 8276 8284 8281
f 8273 8280 8279
f 8279 8280 11486
f 8280 8281 11487
f 8277 8278 8285
f 8277 8285 8283
f 8267 8314 8282
f 8278 8282 8286
f 8278 8286 8285
f 8282 8315 8286
f 8276 8283 8284
f 8283 8285 8287
f 8283 8287 8284
f 8281 8284 11494
f 8284 8287 11495
f 8285 8286 8288
f 8285 8288 8287
f 8286 8320 8288
f 8287 8288 11497
f 8288 11532 11497
f 8259 8289 8290
f 8289 8293 8290
f 8289 8291 8293
f 8261 8290 8295
f 8290 8293 8296
f 8291 8292 8294
f 8291 8294 8293
f 8293 8294 8299
f 8292 8303 8294
f 8265 8295 8298
f 8290 8296 8295
f 8295 8296 8300
f 8295 8300 8298
f 8293 8299 8296
f 8292 8297 8303
f 8296 8299 8301
f 8294 8307 8299
f 8296 8301 8300
f 8300 8301 8317
f 8299 8309 8301
f 8297 8302 8304
f 8294 8303 8307
f 8297 8304 8303
f 8303 8304 8308
f 8302 8305 8306
f 8151 9224 8305
f 8302 8306 8304
f 8304 8306 8311
f 8305 9226 8306
f 8299 8307 8309
f 8303 8308 8307
f 8307 8308 8310
f 8307 8310 8309
f 8301 8309 8323
f 8309 8310 8324
f 8304 8311 8308
f 8306 9230 8311
f 8308 8311 8312
f 8308 8312 8310
f 8310 8312 8326
f 8311 9232 8312
f 8313 9253 8240
f 11521 8313 8239
f 11521 11524 8313
f 11524 9257 8313
f 8267 8298 8314
f 8298 8300 8316
f 8298 8316 8314
f 8282 8314 8315
f 8314 8316 8318
f 8314 8318 8315
f 8300 8317 8316
f 8301 8323 8317
f 8316 8317 8319
f 8316 8319 8318
f 8317 8325 8319
f 8286 8315 8320
f 8315 8318 8322
f 8315 8322 8320
f 8288 8320 11532
f 8318 8319 8321
f 8318 8321 8322
f 8320 8322 11534
f 8320 11534 11532
f 8319 8329 8321
f 8322 8321 11535
f 8322 11535 11534
f 8321 11540 11535
f 8309 8324 8323
f 8317 8323 8325
f 8323 8327 8325
f 8323 8324 8327
f 8310 8326 8324
f 8312 9276 8326
f 8324 8328 8327
f 8324 8326 8328
f 8326 9278 8328
f 8319 8325 8329
f 8325 8327 8330
f 8325 8330 8329
f 8321 8329 11540
f 8329 8330 8331
f 8329 8331 11540
f 8327 8332 8330
f 8327 8328 8332
f 8328 9282 8332
f 8330 8332 8333
f 8330 8333 8331
f 8332 9284 8333
f 7700 8336 8344
f 7701 8337 8336
f 7705 8334 8337
f 7702 8335 8334
f 8334 8339 8337
f 8337 8340 8336
f 8335 8341 8334
f 7703 8338 8335
f 7704 8365 8338
f 8338 8342 8335
f 8365 8343 8338
f 8337 8339 8340
f 8334 8341 8339
f 8335 8342 8341
f 8338 8343 8342
f 8339 8356 8340
f 8341 8357 8339
f 8342 8358 8341
f 8343 8359 8342
f 8342 8359 8358
f 8343 8373 8359
f 7713 8344 8345
f 7714 8345 8346
f 7715 8346 8349
f 8336 8347 8344
f 8344 8348 8345
f 8345 8352 8346
f 8344 8347 8348
f 8345 8348 8352
f 7716 8349 8350
f 7717 8350 8351
f 7718 8351 8378
f 8336 8340 8347
f 8346 8353 8349
f 8349 8354 8350
f 8350 8355 8351
f 8346 8352 8353
f 8349 8353 8354
f 8350 8354 8355
f 8351 8355 8380
f 8339 8357 8356
f 8341 8358 8357
f 8340 8360 8347
f 8340 8356 8360
f 8357 8392 8356
f 8356 8392 8398
f 8358 8393 8357
f 8359 8394 8358
f 8373 8391 8359
f 8357 8393 8392
f 8358 8394 8393
f 8359 8391 8394
f 8347 8361 8348
f 8348 8362 8352
f 8352 8363 8353
f 8353 8364 8354
f 8347 8360 8361
f 8348 8361 8362
f 8352 8362 8363
f 8353 8363 8364
f 8354 8386 8355
f 8354 8364 8386
f 8356 8398 8360
f 8360 8399 8361
f 8361 8400 8362
f 8362 8401 8363
f 8360 8398 8399
f 8361 8399 8400
f 8362 8400 8401
f 8363 8402 8364
f 8364 8412 8386
f 8363 8401 8402
f 8364 8402 8412
f 7725 8366 8365
f 7726 8369 8366
f 8366 8367 8365
f 8369 8368 8366
f 8365 8367 8343
f 8366 8368 8367
f 8369 8371 8368
f 7727 8370 8369
f 8370 8371 8369
f 8893 8372 8370
f 8370 8372 8371
f 8367 8373 8343
f 8368 8374 8367
f 8367 8374 8373
f 8371 8375 8368
f 8368 8375 8374
f 8375 8407 8374
f 8372 8376 8371
f 8371 8376 8375
f 8372 8377 8376
f 8376 8408 8375
f 8376 8405 8408
f 8377 8405 8376
f 8377 8921 8405
f 7719 8378 8379
f 7732 8379 8382
f 8351 8380 8378
f 8378 8381 8379
f 8379 8384 8382
f 8378 8380 8381
f 8379 8381 8384
f 7733 8382 8383
f 7734 8383 8902
f 8382 8385 8383
f 8382 8384 8385
f 8374 8406 8373
f 8373 8406 8391
f 8374 8407 8406
f 8375 8408 8407
f 8355 8387 8380
f 8355 8386 8387
f 8380 8388 8381
f 8380 8387 8388
f 8381 8388 8389
f 8386 8413 8387
f 8386 8412 8413
f 8387 8416 8388
f 8387 8413 8416
f 8381 8389 8384
f 8384 8390 8385
f 8384 8389 8390
f 8388 8417 8389
f 8388 8416 8417
f 8389 8927 8390
f 8389 8417 8927
f 8393 8395 8392
f 8394 8396 8393
f 8393 8396 8395
f 8391 8397 8394
f 8394 8397 8396
f 8391 8409 8397
f 8396 8404 8395
f 8397 8403 8396
f 8392 8432 8398
f 8392 8395 8432
f 8395 8437 8432
f 8396 8403 8404
f 8397 8420 8403
f 8403 8423 8404
f 8395 8404 8437
f 8404 8423 8441
f 8921 8415 8405
f 8407 8410 8406
f 8406 8409 8391
f 8406 8410 8409
f 8408 8411 8407
f 8407 8411 8410
f 8408 8414 8411
f 8409 8420 8397
f 8410 8421 8409
f 8411 8418 8410
f 8414 8419 8411
f 8405 8414 8408
f 8405 8415 8414
f 8921 8926 8415
f 8415 8428 8414
f 8926 8429 8415
f 8409 8421 8420
f 8410 8418 8421
f 8411 8419 8418
f 8421 8424 8420
f 8420 8422 8403
f 8418 8425 8421
f 8419 8426 8418
f 8420 8424 8422
f 8403 8422 8423
f 8418 8426 8425
f 8421 8425 8424
f 8419 8427 8426
f 8414 8428 8419
f 8428 8427 8419
f 8429 8431 8428
f 8415 8429 8428
f 8928 8430 8429
f 8428 8431 8427
f 8429 8430 8431
f 8398 8433 8399
f 8399 8434 8400
f 8398 8432 8433
f 8399 8433 8434
f 8400 8435 8401
f 8400 8434 8435
f 8401 8436 8402
f 8401 8435 8436
f 8432 8438 8433
f 8433 8439 8434
f 8434 8440 8435
f 8435 8448 8436
f 8432 8437 8438
f 8433 8438 8439
f 8434 8439 8440
f 8435 8440 8448
f 8404 8441 8437
f 8437 8442 8438
f 8438 8443 8439
f 8439 8451 8440
f 8437 8441 8442
f 8438 8442 8443
f 8439 8443 8451
f 8402 8444 8412
f 8402 8436 8444
f 8412 8445 8413
f 8412 8444 8445
f 8413 8446 8416
f 8413 8445 8446
f 8436 8449 8444
f 8444 8450 8445
f 8416 8447 8417
f 8416 8446 8447
f 8417 8948 8927
f 8417 8447 8948
f 8445 8455 8446
f 8446 8456 8447
f 8436 8448 8449
f 8440 8452 8448
f 8448 8453 8449
f 8444 8449 8450
f 8445 8450 8455
f 8449 8454 8450
f 8440 8451 8452
f 8448 8452 8453
f 8449 8453 8454
f 8446 8455 8456
f 8450 8457 8455
f 8447 8456 8952
f 8455 8458 8456
f 8450 8454 8457
f 8455 8457 8458
f 8426 8462 8425
f 8422 8460 8423
f 8424 8459 8422
f 8422 8459 8460
f 8424 8461 8459
f 8425 8461 8424
f 8425 8462 8461
f 8427 8463 8426
f 8427 8466 8463
f 8426 8463 8462
f 8459 8476 8460
f 8461 8477 8459
f 8462 8478 8461
f 8459 8477 8476
f 8461 8478 8477
f 8463 8464 8462
f 8466 8465 8463
f 8462 8464 8478
f 8463 8465 8464
f 8431 8466 8427
f 8431 8467 8466
f 8430 8467 8431
f 8430 8468 8467
f 8467 8469 8466
f 8466 8469 8465
f 8467 8470 8469
f 8468 8470 8467
f 8468 9020 8470
f 8469 8497 8465
f 8470 8512 8469
f 8469 8512 8497
f 9020 8471 8470
f 8470 8471 8512
f 9020 9026 8471
f 9026 8515 8471
f 8423 8472 8441
f 8441 8473 8442
f 8442 8474 8443
f 8460 8475 8472
f 8441 8472 8473
f 8442 8473 8474
f 8472 8482 8473
f 8472 8475 8482
f 8423 8460 8472
f 8443 8479 8451
f 8451 8480 8452
f 8452 8481 8453
f 8453 8487 8454
f 8460 8476 8475
f 8443 8474 8479
f 8451 8479 8480
f 8452 8480 8481
f 8453 8481 8487
f 8473 8483 8474
f 8474 8484 8479
f 8479 8485 8480
f 8473 8482 8483
f 8474 8483 8484
f 8479 8484 8485
f 8480 8486 8481
f 8481 8490 8487
f 8480 8485 8486
f 8481 8486 8490
f 8454 8488 8457
f 8457 8489 8458
f 8454 8487 8488
f 8457 8488 8489
f 8487 8491 8488
f 8487 8490 8491
f 8488 9057 8489
f 8488 8491 9057
f 8477 8492 8476
f 8478 8493 8477
f 8478 8496 8493
f 8477 8493 8492
f 8476 8492 8501
f 8464 8496 8478
f 8465 8495 8464
f 8464 8495 8496
f 8465 8497 8495
f 8496 8498 8493
f 8493 8494 8492
f 8493 8498 8494
f 8492 8494 8505
f 8498 8523 8494
f 8495 8499 8496
f 8496 8499 8498
f 8495 8500 8499
f 8497 8500 8495
f 8497 8513 8500
f 8500 8524 8499
f 8513 8521 8500
f 8500 8521 8524
f 8513 8534 8521
f 8499 8522 8498
f 8498 8522 8523
f 8499 8524 8522
f 8476 8501 8475
f 8475 8502 8482
f 8482 8503 8483
f 8483 8504 8484
f 8484 8509 8485
f 8475 8501 8502
f 8482 8502 8503
f 8483 8503 8504
f 8484 8504 8509
f 8485 8510 8486
f 8485 8509 8510
f 8492 8505 8501
f 8494 8523 8529
f 8494 8529 8505
f 8501 8506 8502
f 8502 8507 8503
f 8501 8505 8506
f 8502 8506 8507
f 8503 8508 8504
f 8503 8507 8508
f 8505 8530 8506
f 8505 8529 8530
f 8506 8531 8507
f 8507 8532 8508
f 8506 8530 8531
f 8507 8531 8532
f 8504 8511 8509
f 8504 8508 8511
f 8509 8517 8510
f 8509 8511 8517
f 8508 8533 8511
f 8508 8532 8533
f 8511 8540 8517
f 8511 8533 8540
f 8512 8513 8497
f 8512 8514 8513
f 8471 8514 8512
f 8514 8534 8513
f 8515 8535 8514
f 8514 8535 8534
f 8471 8515 8514
f 8515 8536 8535
f 9027 8536 8515
f 8486 8516 8490
f 8486 8510 8516
f 8490 8516 8519
f 8490 8519 8491
f 8491 9063 9057
f 8491 8519 9063
f 8510 8518 8516
f 8510 8517 8518
f 8516 8518 8520
f 8517 8540 8541
f 8517 8541 8518
f 8516 8520 8519
f 8519 8520 9064
f 8518 8542 8520
f 8518 8541 8542
f 8520 8542 9082
f 8522 8525 8523
f 8524 8526 8522
f 8521 8528 8524
f 8534 8527 8521
f 8524 8528 8526
f 8522 8526 8525
f 8521 8527 8528
f 8526 8544 8525
f 8528 8543 8526
f 8527 8545 8528
f 8528 8545 8543
f 8527 8549 8545
f 8523 8525 8556
f 8523 8556 8529
f 8529 8557 8530
f 8530 8558 8531
f 8531 8559 8532
f 8532 8560 8533
f 8533 8561 8540
f 8525 8564 8556
f 8526 8543 8544
f 8525 8544 8564
f 8535 8537 8534
f 8535 8538 8537
f 8534 8537 8527
f 8536 8538 8535
f 9079 8539 8536
f 8536 8539 8538
f 8537 8549 8527
f 8538 8550 8537
f 8537 8550 8549
f 8538 8551 8550
f 8539 8551 8538
f 8539 8552 8551
f 8540 8562 8541
f 8541 8563 8542
f 8545 8547 8543
f 8543 8546 8544
f 8549 8548 8545
f 8545 8548 8547
f 8543 8547 8546
f 8544 8546 8569
f 8547 8580 8546
f 8548 8579 8547
f 8547 8579 8580
f 8548 8584 8579
f 8546 8580 8598
f 8551 8554 8550
f 8552 8555 8551
f 8551 8555 8554
f 8552 9087 8555
f 8550 8553 8549
f 8549 8553 8548
f 8550 8554 8553
f 8553 8584 8548
f 8554 8582 8553
f 8555 8583 8554
f 8553 8582 8584
f 8554 8583 8582
f 9087 8585 8555
f 8555 8585 8583
f 9087 9387 8585
f 8529 8556 8557
f 8530 8557 8558
f 8531 8558 8559
f 8532 8559 8560
f 8533 8560 8561
f 8556 8565 8557
f 8557 8566 8558
f 8556 8564 8565
f 8557 8565 8566
f 8558 8567 8559
f 8559 8568 8560
f 8558 8566 8567
f 8559 8567 8568
f 8540 8561 8562
f 8541 8562 8563
f 8560 8573 8561
f 8561 8574 8562
f 8560 8568 8573
f 8561 8573 8574
f 8562 8575 8563
f 8562 8574 8575
f 8564 8570 8565
f 8544 8569 8564
f 8565 8571 8566
f 8566 8572 8567
f 8567 8576 8568
f 8567 8572 8576
f 8564 8569 8570
f 8565 8570 8571
f 8566 8571 8572
f 8546 8598 8569
f 8569 8599 8570
f 8570 8600 8571
f 8571 8601 8572
f 8572 8608 8576
f 8569 8598 8599
f 8570 8599 8600
f 8571 8600 8601
f 8572 8601 8608
f 8568 8577 8573
f 8573 8578 8574
f 8568 8576 8577
f 8573 8577 8578
f 8574 9097 8575
f 8574 8578 9097
f 8576 8609 8577
f 8576 8608 8609
f 8577 8609 8610
f 8577 8610 8578
f 8578 9405 9097
f 8578 8610 9405
f 8584 8587 8579
f 8579 8581 8580
f 8579 8587 8581
f 8583 8588 8582
f 8582 8586 8584
f 8584 8586 8587
f 8582 8588 8586
f 8583 8594 8588
f 8585 8594 8583
f 9387 8593 8585
f 8585 8593 8594
f 8587 8589 8581
f 8586 8590 8587
f 8588 8591 8586
f 8594 8592 8588
f 8587 8590 8589
f 8586 8591 8590
f 8594 8595 8592
f 8588 8592 8591
f 9388 8596 8593
f 8593 8595 8594
f 8593 8596 8595
f 8592 8626 8591
f 8595 8627 8592
f 8596 8628 8595
f 8596 8597 8628
f 8580 8603 8598
f 8580 8581 8603
f 8598 8604 8599
f 8599 8602 8600
f 8600 8611 8601
f 8598 8603 8604
f 8599 8604 8602
f 8600 8602 8611
f 8581 8589 8605
f 8581 8605 8603
f 8603 8606 8604
f 8604 8607 8602
f 8602 8615 8611
f 8603 8605 8606
f 8604 8606 8607
f 8602 8607 8615
f 8601 8612 8608
f 8608 8613 8609
f 8601 8611 8612
f 8608 8612 8613
f 8609 8614 8610
f 8609 8613 8614
f 8610 8614 9407
f 8611 8616 8612
f 8612 8617 8613
f 8611 8615 8616
f 8612 8616 8617
f 8613 8618 8614
f 8613 8617 8618
f 8614 8618 9409
f 8589 8619 8605
f 8605 8620 8606
f 8606 8621 8607
f 8605 8619 8620
f 8606 8620 8621
f 8625 8622 8619
f 8619 8623 8620
f 8620 8639 8621
f 8619 8622 8623
f 8620 8623 8639
f 8590 8625 8589
f 8591 8624 8590
f 8590 8624 8625
f 8591 8626 8624
f 8592 8627 8626
f 8589 8625 8619
f 8595 8628 8627
f 8626 8630 8624
f 8624 8631 8625
f 8624 8630 8631
f 8627 8632 8626
f 8626 8632 8630
f 8627 8629 8632
f 8625 8631 8622
f 8628 8629 8627
f 8628 8633 8629
f 8597 8633 8628
f 8597 8634 8633
f 8615 8636 8616
f 8607 8635 8615
f 8616 8637 8617
f 8607 8621 8635
f 8615 8635 8636
f 8616 8636 8637
f 8617 8638 8618
f 8617 8637 8638
f 8621 8640 8635
f 8621 8639 8640
f 8635 8641 8636
f 8635 8640 8641
f 8636 8641 8642
f 8636 8642 8637
f 8637 8643 8638
f 8637 8642 8643
f 8622 8652 8623
f 8622 8651 8652
f 8630 8644 8631
f 8630 8645 8644
f 8632 8645 8630
f 8629 8646 8632
f 8632 8646 8645
f 8629 8647 8646
f 8645 8657 8644
f 8646 8658 8645
f 8647 8659 8646
f 8634 8648 8633
f 8634 9458 8648
f 8633 8647 8629
f 8633 8648 8647
f 8648 8649 8647
f 9458 8650 8648
f 8645 8658 8657
f 8646 8659 8658
f 8647 8649 8659
f 8648 8650 8649
f 9458 9460 8650
f 9460 8666 8650
f 8631 8644 8651
f 8631 8651 8622
f 8623 8653 8639
f 8639 8654 8640
f 8623 8652 8653
f 8639 8653 8654
f 8640 8655 8641
f 8640 8654 8655
f 8644 8675 8651
f 8641 8656 8642
f 8641 8655 8656
f 8642 9463 8643
f 8642 8656 9463
f 8644 8657 8675
f 8658 8660 8657
f 8649 8662 8659
f 8659 8661 8658
f 8658 8661 8660
f 8659 8662 8661
f 8657 8681 8675
f 8657 8660 8681
f 8650 8665 8649
f 8649 8665 8662
f 8650 8666 8665
f 8662 8664 8661
f 8661 8663 8660
f 8661 8664 8663
f 8662 8667 8664
f 8660 8663 8684
f 8665 8667 8662
f 8666 8668 8665
f 9474 8669 8666
f 8665 8668 8667
f 8666 8669 8668
f 8667 8670 8664
f 8664 8671 8663
f 8664 8670 8671
f 8670 8699 8671
f 8669 8673 8668
f 8668 8672 8667
f 8667 8672 8670
f 8668 8673 8672
f 8669 8674 8673
f 8672 8698 8670
f 8673 8700 8672
f 8674 8701 8673
f 8673 8701 8700
f 8674 8702 8701
f 8651 8676 8652
f 8652 8677 8653
f 8653 8678 8654
f 8654 8679 8655
f 8655 8680 8656
f 8656 9781 9463
f 8652 8676 8677
f 8651 8675 8676
f 8653 8677 8678
f 8654 8678 8679
f 8675 8681 8676
f 8676 8682 8677
f 8676 8681 8682
f 8677 8683 8678
f 8678 8688 8679
f 8677 8682 8683
f 8678 8683 8688
f 8655 8679 8680
f 8656 8680 9781
f 8679 8689 8680
f 8679 8688 8689
f 8680 8689 9786
f 8660 8684 8681
f 8681 8686 8682
f 8682 8687 8683
f 8681 8684 8685
f 8681 8685 8686
f 8682 8686 8687
f 8683 8687 8690
f 8683 8690 8688
f 8688 8691 8689
f 8688 8690 8691
f 8689 8691 9788
f 8663 8671 8692
f 8663 8692 8684
f 8684 8693 8685
f 8684 8692 8693
f 8685 8694 8686
f 8686 8695 8687
f 8685 8693 8694
f 8686 8694 8695
f 8671 8709 8692
f 8692 8710 8693
f 8693 8711 8694
f 8694 8712 8695
f 8687 8696 8690
f 8687 8695 8696
f 8690 8696 8697
f 8690 8697 8691
f 8695 8713 8696
f 8696 8714 8697
f 8671 8699 8709
f 8699 8704 8715
f 8670 8698 8699
f 8672 8700 8698
f 8698 8704 8699
f 8700 8703 8698
f 8701 8705 8700
f 8700 8705 8703
f 8701 8706 8705
f 8702 8706 8701
f 8702 8707 8706
f 8698 8703 8704
f 8703 8717 8704
f 8705 8718 8703
f 8703 8718 8717
f 8706 8719 8705
f 8705 8719 8718
f 8706 8720 8719
f 8707 8720 8706
f 8707 8708 8720
f 8692 8709 8710
f 8693 8710 8711
f 8694 8711 8712
f 8699 8715 8709
f 8709 8715 8710
f 8710 8716 8711
f 8711 8721 8712
f 8710 8715 8716
f 8711 8716 8721
f 8695 8712 8713
f 8696 8713 8714
f 8712 8722 8713
f 8713 8723 8714
f 8712 8721 8722
f 8713 8722 8723
f 8704 8717 8731
f 8704 8731 8715
f 8715 8731 8732
f 8715 8733 8716
f 8715 8732 8733
f 8716 8733 8734
f 8717 8737 8731
f 8720 8727 8719
f 8719 8725 8718
f 8718 8726 8717
f 8708 8728 8720
f 8716 8734 8721
f 8721 8735 8722
f 8721 8734 8735
f 8722 8735 8736
f 8722 8736 8723
f 8718 8725 8726
f 8719 8727 8725
f 8720 8728 8727
f 8708 8724 8728
f 8717 8726 8737
f 8725 8742 8726
f 8727 8743 8725
f 8728 8729 8727
f 8725 8743 8742
f 8727 8729 8743
f 8724 8730 8728
f 8724 9868 8730
f 8728 8730 8729
f 8731 8738 8732
f 8732 8739 8733
f 8734 8745 8735
f 8733 8744 8734
f 8735 8746 8736
f 8731 8737 8738
f 8732 8738 8739
f 8726 8740 8737
f 8737 8741 8738
f 8738 8747 8739
f 8737 8740 8741
f 8738 8741 8747
f 8733 8739 8744
f 8734 8744 8745
f 8735 8745 8746
f 8726 8742 8740
f 8739 8748 8744
f 8744 8749 8745
f 8739 8747 8748
f 8744 8748 8749
f 8745 8750 8746
f 8745 8749 8750
f 8742 8754 8740
f 8729 8751 8743
f 8743 8751 8742
f 8729 8752 8751
f 8730 8752 8729
f 9868 8753 8730
f 8730 8753 8752
f 9868 9894 8753
f 8753 8762 8752
f 9894 8761 8753
f 8742 8751 8754
f 8752 8759 8751
f 8751 8759 8760
f 8752 8762 8759
f 8751 8760 8763
f 8753 8761 8762
f 9894 9944 8761
f 8740 8755 8741
f 8741 8756 8747
f 8740 8754 8755
f 8741 8755 8756
f 8754 8763 8755
f 8747 8757 8748
f 8748 8758 8749
f 8747 8756 8757
f 8748 8757 8758
f 8749 9896 8750
f 8749 8758 9896
f 8751 8763 8754
f 8755 8765 8756
f 8756 8766 8757
f 8757 8767 8758
f 8758 9950 9896
f 8755 8763 8765
f 8756 8765 8766
f 8757 8766 8767
f 8758 8767 9950
f 8761 8769 8762
f 9944 8764 8761
f 8759 8768 8760
f 8762 8768 8759
f 8762 8769 8768
f 8761 8764 8769
f 9944 9947 8764
f 8760 8770 8763
f 8760 8768 8770
f 8763 8771 8765
f 8765 8772 8766
f 8766 8775 8767
f 8767 9982 9950
f 8769 8774 8768
f 8764 8776 8769
f 9947 8777 8764
f 8763 8770 8771
f 8765 8771 8772
f 8766 8772 8775
f 8767 8775 9982
f 8768 8774 8773
f 8769 8776 8774
f 8768 8779 8770
f 8768 8773 8779
f 8764 8777 8776
f 9947 8778 8777
f 8770 8781 8771
f 8771 8782 8772
f 8770 8779 8780
f 8770 8780 8781
f 8771 8781 8782
f 8772 8782 8783
f 8772 8783 8775
f 8775 8784 9982
f 8775 8783 8784
f 8774 8785 8773
f 8776 8786 8774
f 8777 8788 8776
f 8778 8789 8777
f 8778 8787 8789
f 8773 8790 8779
f 8776 8788 8786
f 8774 8786 8785
f 8779 8790 8780
f 8780 8791 8781
f 8781 8792 8782
f 8773 8785 8790
f 8777 8789 8788
f 8782 8793 8783
f 8783 8794 8784
f 8780 8790 8791
f 8781 8791 8792
f 8782 8792 8793
f 8783 8793 8794
f 8786 8796 8785
f 8788 8797 8786
f 8788 8795 8797
f 8786 8797 8796
f 8789 8795 8788
f 8787 8798 8789
f 8789 8798 8795
f 8787 8799 8798
f 8785 8800 8790
f 8790 8802 8791
f 8785 8796 8800
f 8791 8803 8792
f 8790 8800 8801
f 8790 8801 8802
f 8791 8802 8803
f 8792 8803 8804
f 8795 8807 8797
f 8797 8808 8796
f 8792 8804 8793
f 8793 8805 8794
f 8793 8804 8805
f 8794 8805 10021
f 8798 8806 8795
f 8799 8809 8798
f 9999 8810 8799
f 8796 8811 8800
f 8800 8811 8801
f 8801 8812 8802
f 8802 8813 8803
f 8803 8814 8804
f 8804 8815 8805
f 8795 8806 8807
f 8797 8807 8808
f 8796 8808 8811
f 8798 8809 8806
f 8799 8810 8809
f 10029 8817 8810
f 8801 8811 8812
f 8802 8812 8813
f 8803 8813 8814
f 8806 8819 8807
f 8807 8819 8808
f 8808 8820 8811
f 8806 8818 8819
f 8808 8819 8820
f 8804 8814 8815
f 8805 8815 10034
f 8809 8818 8806
f 8810 8816 8809
f 8810 8817 8816
f 10029 10037 8817
f 8809 8816 8818
f 8811 8821 8812
f 8812 8822 8813
f 8811 8820 8821
f 8812 8821 8822
f 8813 8822 8825
f 8813 8825 8814
f 8814 8826 8815
f 8814 8825 8826
f 8815 8826 10040
f 8818 8824 8819
f 8818 8823 8824
f 8816 8823 8818
f 8817 8827 8816
f 10037 8828 8817
f 8816 8827 8823
f 8817 8828 8827
f 10037 8829 8828
f 8819 8830 8820
f 8819 8824 8830
f 8820 8831 8821
f 8821 8832 8822
f 8820 8830 8831
f 8821 8831 8832
f 8822 8832 8833
f 8823 8837 8824
f 8822 8833 8825
f 8825 8834 8826
f 8826 8835 10040
f 8829 8839 8828
f 8825 8833 8834
f 8826 8834 8835
f 8827 8836 8823
f 8828 8838 8827
f 8824 8841 8830
f 8830 8842 8831
f 8831 8843 8832
f 8832 8846 8833
f 8833 8847 8834
f 8834 8848 8835
f 8827 8838 8836
f 8828 8839 8838
f 8829 8840 8839
f 8823 8836 8837
f 8824 8837 8841
f 8836 8845 8837
f 8830 8841 8842
f 8831 8842 8843
f 8832 8843 8846
f 10286 8851 8840
f 8838 8844 8836
f 8839 8850 8838
f 8833 8846 8847
f 8840 8849 8839
f 8834 8847 8848
f 8838 8850 8844
f 8839 8849 8850
f 8840 8851 8849
f 8837 8854 8841
f 8841 8855 8842
f 8842 8856 8843
f 8836 8844 8845
f 8837 8845 8854
f 8841 8854 8855
f 8842 8855 8856
f 8843 8856 8857
f 8843 8857 8846
f 8846 8852 8847
f 8847 8853 8848
f 8846 8857 8852
f 8851 8863 8849
f 8847 8852 8853
f 8848 8853 10300
f 10299 8860 8851
f 8844 8859 8845
f 8845 8864 8854
f 8854 8865 8855
f 8855 8866 8856
f 8849 8862 8850
f 8850 8858 8844
f 8856 8867 8857
f 8857 8868 8852
f 8852 8869 8853
f 8853 8870 10300
f 8844 8858 8859
f 8850 8862 8858
f 8849 8863 8862
f 8851 8860 8863
f 10299 8861 8860
f 8845 8859 8864
f 8854 8864 8865
f 8855 8865 8866
f 8856 8866 8867
f 8857 8867 8868
f 8852 8868 8869
f 8853 8869 8870
f 8862 8872 8858
f 8858 8872 8859
f 8859 8873 8864
f 8864 8873 8865
f 8865 8874 8866
f 8866 8875 8867
f 8862 8871 8872
f 8859 8872 8873
f 8863 8871 8862
f 8860 8876 8863
f 8861 8878 8860
f 10342 8877 8861
f 8867 8881 8868
f 8868 8882 8869
f 8860 8878 8876
f 8863 8876 8871
f 8869 8883 8870
f 8870 8884 10347
f 8861 8877 8878
f 10342 8880 8877
f 8865 8873 8874
f 8866 8874 8875
f 8873 8872 8871
f 8873 8871 8876
f 8867 8875 8881
f 8868 8881 8882
f 8869 8882 8883
f 8873 8878 8877
f 8873 8877 8880
f 8873 8880 8879
f 8870 8883 8884
f 10347 8884 10365
f 8873 8879 10362
f 8873 10362 10363
f 8873 8876 8878
f 8045 8910 8896
f 8046 8885 8910
f 8886 8912 8885
f 8061 8886 8885
f 8887 8970 8886
f 8062 8887 8886
f 8889 8888 8887
f 8887 8888 8970
f 8067 8889 8887
f 8891 8890 8889
f 8889 8890 8888
f 8068 8891 8889
f 9195 8892 8891
f 8891 8892 8890
f 9196 8977 8892
f 8114 8893 8370
f 8039 8894 8893
f 8894 8895 8893
f 8893 8895 8372
f 8894 8897 8895
f 8040 8896 8894
f 8896 8897 8894
f 8896 8898 8897
f 8897 8899 8895
f 8895 8377 8372
f 8895 8899 8377
f 8897 8901 8899
f 8899 8921 8377
f 8899 8922 8921
f 8901 8922 8899
f 8898 8901 8897
f 8898 8900 8901
f 8900 8924 8901
f 8901 8924 8922
f 8900 8934 8924
f 8120 8902 8904
f 8383 8903 8902
f 8902 8906 8904
f 8383 8385 8903
f 8902 8903 8906
f 8121 8904 8905
f 8904 8907 8905
f 8904 8906 8907
f 8385 8908 8903
f 8385 8390 8908
f 8903 8909 8906
f 8903 8908 8909
f 8390 8947 8908
f 8390 8927 8947
f 8908 8947 8950
f 8906 8919 8907
f 8906 8909 8919
f 8908 8950 8909
f 8909 8958 8919
f 8909 8950 8958
f 8910 8898 8896
f 8885 8911 8910
f 8910 8911 8898
f 8885 8912 8911
f 8911 8900 8898
f 8911 8913 8900
f 8912 8913 8911
f 8913 8934 8900
f 8913 8935 8934
f 8912 8914 8913
f 8970 8914 8912
f 8914 8935 8913
f 8914 8938 8935
f 8971 8938 8914
f 8122 8905 8915
f 8905 8916 8915
f 8127 8915 8917
f 8905 8907 8916
f 8915 8918 8917
f 8128 8917 8973
f 8915 8916 8918
f 8917 8918 8974
f 8907 8919 8920
f 8907 8920 8916
f 8916 8946 8918
f 8916 8920 8946
f 8922 8926 8921
f 8922 8923 8926
f 8924 8923 8922
f 8924 8925 8923
f 8934 8925 8924
f 8934 8936 8925
f 8925 8929 8923
f 8936 8932 8925
f 8936 8940 8932
f 8923 8928 8926
f 8926 8928 8429
f 8929 8930 8928
f 8923 8929 8928
f 8928 8930 8430
f 8929 8931 8930
f 8925 8932 8929
f 8932 8931 8929
f 8940 8933 8932
f 8932 8933 8931
f 8935 8936 8934
f 8935 8937 8936
f 8937 8940 8936
f 8938 8937 8935
f 8938 8939 8937
f 8939 8941 8937
f 8937 8941 8940
f 8941 8944 8940
f 8942 8945 8941
f 8939 8942 8941
f 8942 8943 8945
f 8940 8944 8933
f 8941 8945 8944
f 8919 8958 8959
f 8919 8959 8920
f 8918 8946 8995
f 8920 8961 8946
f 8920 8959 8961
f 8927 8948 8949
f 8927 8949 8947
f 8447 8952 8948
f 8948 8953 8949
f 8947 8951 8950
f 8947 8949 8951
f 8950 8951 8960
f 8950 8960 8958
f 8949 8955 8951
f 8948 8952 8953
f 8456 8954 8952
f 8952 8956 8953
f 8456 8458 8954
f 8952 8954 8956
f 8949 8953 8955
f 8953 8957 8955
f 8951 8955 8964
f 8953 8956 8957
f 8955 8957 8965
f 8958 8960 8962
f 8958 8962 8959
f 8951 8964 8960
f 8960 8966 8962
f 8959 8962 8963
f 8959 8963 8961
f 8962 8967 8963
f 8955 8965 8964
f 8960 8964 8966
f 8964 8968 8966
f 8964 8965 8968
f 8962 8966 8967
f 8966 8969 8967
f 8966 8968 8969
f 8886 8970 8912
f 8970 8971 8914
f 8888 8971 8970
f 8971 8978 8938
f 8972 8978 8971
f 8888 8972 8971
f 8890 8972 8888
f 8972 8980 8978
f 8976 8980 8972
f 8917 8974 8973
f 8144 8973 8975
f 8973 8974 8994
f 8973 8994 8975
f 8145 8975 8997
f 8918 8995 8974
f 8890 8976 8972
f 8892 8976 8890
f 8976 8986 8980
f 8977 8986 8976
f 8892 8977 8976
f 8977 8988 8986
f 9203 8988 8977
f 8980 8979 8978
f 8978 8939 8938
f 8978 8979 8939
f 8979 8942 8939
f 8981 8982 8979
f 8980 8981 8979
f 8986 8981 8980
f 8987 8984 8981
f 8979 8982 8942
f 8982 8943 8942
f 8984 8983 8982
f 8982 8983 8943
f 8981 8984 8982
f 8990 8985 8984
f 8984 8985 8983
f 8986 8987 8981
f 8988 8987 8986
f 8989 8990 8987
f 8988 8989 8987
f 9208 8989 8988
f 9209 8992 8989
f 8987 8990 8984
f 8992 8991 8990
f 8990 8991 8985
f 8989 8992 8990
f 9212 8993 8992
f 8992 8993 8991
f 8975 8994 8998
f 8974 8995 8996
f 8946 9003 8995
f 8946 8961 9003
f 8995 9003 9005
f 8974 8996 8994
f 8994 8996 9001
f 8995 9005 8996
f 8996 9005 9011
f 8975 8998 8997
f 8150 8997 8999
f 8997 8998 9000
f 8997 9000 8999
f 8151 8999 9224
f 8999 9000 9225
f 8994 9001 8998
f 8998 9001 9002
f 8996 9011 9001
f 9001 9011 9013
f 8998 9002 9000
f 9000 9002 9228
f 9001 9013 9002
f 9002 9013 9236
f 8961 8963 9004
f 8961 9004 9003
f 9003 9004 9006
f 8963 9007 9004
f 9003 9006 9005
f 9005 9006 9012
f 9004 9009 9006
f 8963 8967 9007
f 8967 9008 9007
f 8967 8969 9008
f 9004 9007 9009
f 9007 9010 9009
f 9006 9009 9015
f 9007 9008 9010
f 9009 9010 9016
f 9005 9012 9011
f 9011 9012 9014
f 9006 9015 9012
f 9011 9014 9013
f 9013 9014 9237
f 9012 9017 9014
f 9009 9016 9015
f 9012 9015 9017
f 9015 9016 9018
f 9015 9018 9017
f 9014 9017 9240
f 9017 9018 9241
f 8930 8468 8430
f 8930 9019 8468
f 8931 9019 8930
f 8931 9022 9019
f 9019 9020 8468
f 9019 9021 9020
f 9022 9021 9019
f 9022 9025 9021
f 8933 9022 8931
f 8933 9023 9022
f 8944 9023 8933
f 9023 9025 9022
f 9034 9024 9023
f 9023 9024 9025
f 9021 9026 9020
f 9021 9028 9026
f 9025 9028 9021
f 9025 9030 9028
f 9026 9027 8515
f 9028 9027 9026
f 9029 9079 9027
f 9028 9029 9027
f 9030 9029 9028
f 9029 9044 9079
f 9031 9044 9029
f 9024 9030 9025
f 9024 9032 9030
f 9032 9031 9030
f 9030 9031 9029
f 9031 9045 9044
f 9033 9045 9031
f 9032 9033 9031
f 9033 9046 9045
f 8944 9034 9023
f 8945 9034 8944
f 8945 9036 9034
f 9034 9035 9024
f 9036 9035 9034
f 9036 9038 9035
f 8943 9036 8945
f 8943 9037 9036
f 9037 9038 9036
f 9037 9039 9038
f 9038 9040 9035
f 9038 9042 9040
f 9035 9032 9024
f 9035 9040 9032
f 9040 9033 9032
f 9040 9041 9033
f 9041 9046 9033
f 9041 9049 9046
f 9042 9041 9040
f 9043 9049 9041
f 9039 9042 9038
f 9039 9121 9042
f 9121 9043 9042
f 9121 9122 9043
f 9042 9043 9041
f 9043 9051 9049
f 9122 9051 9043
f 9122 9136 9051
f 9045 9081 9044
f 9045 9047 9081
f 9046 9047 9045
f 9046 9048 9047
f 9048 9090 9047
f 9048 9104 9090
f 9049 9048 9046
f 9049 9050 9048
f 9051 9050 9049
f 9050 9104 9048
f 9050 9053 9104
f 9052 9053 9050
f 9051 9052 9050
f 9136 9052 9051
f 9136 9137 9052
f 9052 9054 9053
f 9137 9054 9052
f 9137 9141 9054
f 9054 9106 9053
f 9054 9055 9106
f 9141 9055 9054
f 9141 9143 9055
f 9143 9432 9055
f 8458 9056 8954
f 8954 9059 8956
f 8458 8489 9056
f 8954 9056 9059
f 8489 9058 9056
f 8489 9057 9058
f 9056 9061 9059
f 9056 9058 9061
f 8956 9060 8957
f 8956 9059 9060
f 8957 9060 9071
f 9059 9061 9062
f 9059 9062 9060
f 9027 9079 8536
f 9057 9065 9058
f 9057 9063 9065
f 9058 9065 9067
f 8519 9064 9063
f 9063 9064 9066
f 8520 9082 9064
f 9064 9082 9083
f 9063 9066 9065
f 9065 9066 9068
f 9064 9083 9066
f 9066 9083 9084
f 9058 9067 9061
f 9061 9067 9069
f 9061 9069 9062
f 9065 9068 9067
f 9066 9084 9068
f 9067 9068 9070
f 9067 9070 9069
f 9068 9084 9102
f 9068 9102 9070
f 8957 9071 8965
f 8965 9071 9073
f 8965 9073 8968
f 9060 9072 9071
f 9060 9062 9072
f 9071 9072 9074
f 8968 9073 9155
f 8968 9155 8969
f 9071 9074 9073
f 9073 9157 9155
f 9073 9074 9157
f 9062 9075 9072
f 9062 9069 9075
f 9072 9075 9077
f 9069 9070 9076
f 9069 9076 9075
f 9070 9102 9103
f 9070 9103 9076
f 9075 9076 9078
f 9076 9103 9109
f 9072 9077 9074
f 9074 9161 9157
f 9074 9077 9161
f 9075 9078 9077
f 9076 9109 9078
f 9077 9078 9162
f 9077 9162 9161
f 9078 9109 9175
f 9078 9175 9162
f 9044 9080 9079
f 9079 9080 8539
f 9044 9081 9080
f 9080 8552 8539
f 9081 9085 9080
f 9080 9085 8552
f 9081 9086 9085
f 8542 9092 9082
f 9082 9093 9083
f 9047 9086 9081
f 9047 9090 9086
f 9083 9094 9084
f 9085 9087 8552
f 9085 9088 9087
f 9086 9088 9085
f 9086 9089 9088
f 9088 9387 9087
f 9088 9386 9387
f 9089 9386 9088
f 9089 9392 9386
f 9090 9089 9086
f 9090 9091 9089
f 9104 9091 9090
f 9104 9105 9091
f 9091 9392 9089
f 9091 9393 9392
f 9105 9393 9091
f 9105 9426 9393
f 8542 8563 9092
f 9082 9092 9093
f 8563 9095 9092
f 8563 8575 9095
f 9092 9096 9093
f 9092 9095 9096
f 9083 9093 9094
f 9084 9107 9102
f 9084 9094 9107
f 9093 9099 9094
f 9093 9096 9099
f 9094 9111 9107
f 9094 9099 9111
f 8575 9098 9095
f 8575 9097 9098
f 9095 9100 9096
f 9095 9098 9100
f 9097 9406 9098
f 9097 9405 9406
f 9098 9411 9100
f 9098 9406 9411
f 9096 9101 9099
f 9096 9100 9101
f 9099 9113 9111
f 9099 9101 9113
f 9100 9412 9101
f 9100 9411 9412
f 9101 9412 9441
f 9053 9105 9104
f 9053 9106 9105
f 9106 9426 9105
f 9055 9427 9106
f 9106 9427 9426
f 9055 9432 9427
f 9143 9509 9432
f 9102 9108 9103
f 9102 9107 9108
f 9103 9108 9110
f 9107 9111 9112
f 9107 9112 9108
f 9103 9110 9109
f 9109 9177 9175
f 9109 9110 9177
f 9108 9115 9110
f 9108 9112 9115
f 9110 9181 9177
f 9110 9115 9181
f 9111 9113 9114
f 9111 9114 9112
f 9101 9441 9113
f 9113 9441 9442
f 9113 9442 9114
f 9112 9116 9115
f 9112 9114 9116
f 9115 9116 9182
f 9114 9447 9116
f 9114 9442 9447
f 9116 9447 9522
f 8983 9037 8943
f 8985 9118 8983
f 8985 9117 9118
f 8991 9117 8985
f 8983 9118 9037
f 9118 9039 9037
f 9118 9119 9039
f 9117 9119 9118
f 9117 9120 9119
f 9127 9120 9117
f 9119 9121 9039
f 9119 9123 9121
f 9123 9122 9121
f 9124 9136 9122
f 9123 9124 9122
f 9124 9135 9136
f 9120 9123 9119
f 9120 9125 9123
f 9129 9125 9120
f 9125 9124 9123
f 9125 9126 9124
f 9126 9135 9124
f 9126 9139 9135
f 8991 9127 9117
f 8993 9127 8991
f 9128 9129 9127
f 8993 9128 9127
f 9213 9128 8993
f 9294 9130 9128
f 9127 9129 9120
f 9128 9130 9129
f 9129 9131 9125
f 9130 9131 9129
f 9131 9126 9125
f 9131 9132 9126
f 9132 9139 9126
f 9132 9147 9139
f 9133 9132 9131
f 9134 9147 9132
f 9130 9133 9131
f 9296 9133 9130
f 9133 9134 9132
f 9134 9149 9147
f 9298 9134 9133
f 9299 9149 9134
f 9135 9137 9136
f 9135 9138 9137
f 9138 9141 9137
f 9138 9142 9141
f 9139 9138 9135
f 9139 9140 9138
f 9140 9142 9138
f 9140 9145 9142
f 9142 9143 9141
f 9142 9144 9143
f 9144 9509 9143
f 9144 9503 9509
f 9145 9144 9142
f 9145 9146 9144
f 9146 9503 9144
f 9146 9504 9503
f 9147 9140 9139
f 9147 9148 9140
f 9149 9148 9147
f 9148 9145 9140
f 9148 9151 9145
f 9150 9151 9148
f 9149 9150 9148
f 9310 9150 9149
f 9311 9153 9150
f 9150 9153 9151
f 9151 9146 9145
f 9151 9152 9146
f 9153 9152 9151
f 9152 9504 9146
f 9152 9505 9504
f 9154 9505 9152
f 9153 9154 9152
f 9314 9154 9153
f 9154 9507 9505
f 9315 9507 9154
f 8969 9155 9156
f 8969 9156 9008
f 9155 9157 9158
f 9155 9158 9156
f 9008 9156 9159
f 9008 9159 9010
f 9010 9159 9167
f 9156 9160 9159
f 9156 9158 9160
f 9157 9161 9163
f 9157 9163 9158
f 9161 9162 9164
f 9162 9175 9176
f 9161 9164 9163
f 9162 9176 9164
f 9158 9165 9160
f 9158 9163 9165
f 9163 9164 9166
f 9163 9166 9165
f 9164 9176 9179
f 9164 9179 9166
f 9010 9167 9016
f 9016 9167 9169
f 9159 9168 9167
f 9159 9160 9168
f 9016 9169 9018
f 9167 9168 9170
f 9018 9169 9326
f 9167 9170 9169
f 9169 9170 9327
f 9160 9171 9168
f 9160 9165 9171
f 9168 9171 9173
f 9165 9166 9172
f 9165 9172 9171
f 9166 9179 9187
f 9166 9187 9172
f 9171 9172 9174
f 9172 9187 9189
f 9168 9173 9170
f 9170 9173 9330
f 9171 9174 9173
f 9172 9189 9174
f 9173 9174 9331
f 9174 9189 9342
f 9175 9177 9178
f 9175 9178 9176
f 9177 9181 9183
f 9177 9183 9178
f 9176 9178 9180
f 9176 9180 9179
f 9178 9183 9184
f 9178 9184 9180
f 9115 9182 9181
f 9181 9185 9183
f 9181 9182 9185
f 9116 9522 9182
f 9182 9525 9185
f 9182 9522 9525
f 9183 9185 9186
f 9183 9186 9184
f 9185 9525 9526
f 9185 9526 9186
f 9179 9188 9187
f 9179 9180 9188
f 9187 9188 9190
f 9180 9191 9188
f 9180 9184 9191
f 9188 9191 9193
f 9187 9190 9189
f 9189 9190 9343
f 9188 9193 9190
f 9190 9193 9346
f 9184 9192 9191
f 9184 9186 9192
f 9191 9192 9194
f 9186 9541 9192
f 9186 9526 9541
f 9192 9541 9544
f 9191 9194 9193
f 9193 9194 9347
f 9192 9544 9194
f 9194 9544 9625
f 8216 9195 8891
f 9197 9196 9195
f 9195 9196 8892
f 8217 9197 9195
f 9199 9198 9197
f 9197 9198 9196
f 8222 9199 9197
f 9201 9200 9199
f 9199 9200 9198
f 8223 9201 9199
f 9201 9205 9200
f 9202 9205 9201
f 8235 9202 9201
f 9196 9203 8977
f 9198 9203 9196
f 9203 9208 8988
f 9204 9208 9203
f 9198 9204 9203
f 9200 9204 9198
f 9204 9210 9208
f 9206 9210 9204
f 9200 9206 9204
f 9205 9206 9200
f 9206 9216 9210
f 9207 9216 9206
f 9205 9207 9206
f 9207 9218 9216
f 9208 9209 8989
f 9210 9209 9208
f 9211 9212 9209
f 9210 9211 9209
f 9216 9211 9210
f 9217 9214 9211
f 9209 9212 8992
f 9214 9213 9212
f 9212 9213 8993
f 9211 9214 9212
f 9220 9215 9214
f 9214 9215 9213
f 9216 9217 9211
f 9218 9217 9216
f 9219 9220 9217
f 9218 9219 9217
f 9260 9219 9218
f 9261 9222 9219
f 9217 9220 9214
f 9222 9221 9220
f 9220 9221 9215
f 9219 9222 9220
f 9264 9223 9222
f 9222 9223 9221
f 8999 9225 9224
f 8305 9224 9226
f 9224 9225 9227
f 9224 9227 9226
f 8306 9226 9230
f 9226 9227 9231
f 9000 9228 9225
f 9225 9228 9229
f 9002 9236 9228
f 9228 9236 9238
f 9225 9229 9227
f 9227 9229 9233
f 9228 9238 9229
f 9229 9238 9244
f 9226 9231 9230
f 8311 9230 9232
f 9230 9231 9234
f 9230 9234 9232
f 8312 9232 9276
f 9227 9233 9231
f 9231 9233 9235
f 9229 9244 9233
f 9231 9235 9234
f 9232 9234 9277
f 9233 9244 9246
f 9234 9235 9280
f 9233 9246 9235
f 9235 9246 9286
f 9013 9237 9236
f 9236 9237 9239
f 9014 9240 9237
f 9236 9239 9238
f 9237 9242 9239
f 9017 9241 9240
f 9237 9240 9242
f 9238 9239 9245
f 9240 9241 9243
f 9240 9243 9242
f 9239 9242 9248
f 9242 9243 9249
f 9238 9245 9244
f 9244 9245 9247
f 9239 9248 9245
f 9244 9247 9246
f 9246 9247 9287
f 9245 9250 9247
f 9242 9249 9248
f 9245 9248 9250
f 9248 9249 9251
f 9248 9251 9250
f 9247 9250 9290
f 9250 9251 9291
f 9202 9252 9205
f 9253 9252 9202
f 8240 9253 9202
f 9253 9254 9252
f 9252 9207 9205
f 9252 9255 9207
f 9255 9218 9207
f 9255 9260 9218
f 9254 9255 9252
f 9254 9256 9255
f 9256 9260 9255
f 9256 9262 9260
f 9257 9254 9253
f 8313 9257 9253
f 9257 9258 9254
f 12468 9258 9257
f 11524 12468 9257
f 12468 12469 9258
f 9258 9256 9254
f 9258 9259 9256
f 9259 9262 9256
f 9259 9268 9262
f 12469 9259 9258
f 12469 12472 9259
f 12472 9268 9259
f 12472 9270 9268
f 9260 9261 9219
f 9263 9264 9261
f 9262 9261 9260
f 9262 9263 9261
f 9261 9264 9222
f 9266 9265 9264
f 9264 9265 9223
f 9263 9266 9264
f 9272 9267 9266
f 9266 9267 9265
f 9268 9263 9262
f 9268 9269 9263
f 9269 9266 9263
f 9270 9269 9268
f 9270 9271 9269
f 9271 9272 9269
f 9269 9272 9266
f 9272 9273 9267
f 9271 9274 9272
f 9274 9273 9272
f 9274 9275 9273
f 9232 9277 9276
f 8326 9276 9278
f 9276 9277 9279
f 9276 9279 9278
f 9278 9279 9283
f 9234 9280 9277
f 9277 9280 9281
f 9235 9286 9280
f 9280 9286 9288
f 9277 9281 9279
f 9279 9281 9285
f 9280 9288 9281
f 9281 9288 9293
f 8328 9278 9282
f 9278 9283 9282
f 8332 9282 9284
f 9282 9728 9284
f 9282 9283 9728
f 9279 9285 9283
f 9283 9285 9729
f 9281 9293 9285
f 9283 9729 9728
f 9246 9287 9286
f 9286 9287 9289
f 9247 9290 9287
f 9286 9289 9288
f 9288 9289 9731
f 9287 9292 9289
f 9250 9291 9290
f 9287 9290 9292
f 9290 9291 9730
f 9290 9730 9292
f 9289 9292 9734
f 9288 9731 9293
f 9213 9294 9128
f 9215 9294 9213
f 9295 9296 9294
f 9215 9295 9294
f 9221 9295 9215
f 9302 9297 9295
f 9294 9296 9130
f 9295 9297 9296
f 9296 9298 9133
f 9297 9298 9296
f 9298 9299 9134
f 9299 9310 9149
f 9300 9299 9298
f 9301 9310 9299
f 9297 9300 9298
f 9304 9300 9297
f 9300 9301 9299
f 9301 9312 9310
f 9306 9301 9300
f 9307 9312 9301
f 9221 9302 9295
f 9223 9302 9221
f 9223 9303 9302
f 9265 9303 9223
f 9302 9304 9297
f 9303 9304 9302
f 9303 9305 9304
f 9352 9305 9303
f 9304 9306 9300
f 9305 9306 9304
f 9306 9307 9301
f 9307 9318 9312
f 9308 9307 9306
f 9309 9318 9307
f 9305 9308 9306
f 9353 9308 9305
f 9308 9309 9307
f 9309 9320 9318
f 9356 9309 9308
f 9357 9320 9309
f 9310 9311 9150
f 9312 9311 9310
f 9313 9314 9311
f 9311 9314 9153
f 9312 9313 9311
f 9318 9313 9312
f 9313 9316 9314
f 9319 9316 9313
f 9319 9322 9316
f 9314 9315 9154
f 9316 9315 9314
f 9315 9610 9507
f 9317 9610 9315
f 9316 9317 9315
f 9322 9317 9316
f 9322 9323 9317
f 9317 9612 9610
f 9323 9612 9317
f 9323 9614 9612
f 9318 9319 9313
f 9320 9319 9318
f 9320 9321 9319
f 9321 9322 9319
f 9321 9324 9322
f 9368 9321 9320
f 9368 9369 9321
f 9369 9324 9321
f 9369 9372 9324
f 9324 9323 9322
f 9324 9325 9323
f 9325 9614 9323
f 9325 9616 9614
f 9372 9325 9324
f 9372 9373 9325
f 9373 9616 9325
f 9373 9657 9616
f 9018 9326 9241
f 9241 9326 9328
f 9169 9327 9326
f 9326 9327 9329
f 9241 9328 9243
f 9243 9328 9334
f 9326 9329 9328
f 9328 9329 9335
f 9170 9330 9327
f 9327 9330 9332
f 9173 9331 9330
f 9174 9342 9331
f 9330 9331 9333
f 9331 9342 9344
f 9327 9332 9329
f 9329 9332 9338
f 9330 9333 9332
f 9331 9344 9333
f 9332 9333 9339
f 9332 9339 9338
f 9333 9344 9350
f 9333 9350 9339
f 9243 9334 9249
f 9249 9334 9336
f 9328 9335 9334
f 9334 9337 9336
f 9334 9335 9337
f 9249 9336 9251
f 9251 9336 9381
f 9336 9745 9381
f 9336 9337 9745
f 9329 9338 9335
f 9335 9340 9337
f 9335 9338 9340
f 9338 9339 9341
f 9338 9341 9340
f 9339 9350 9738
f 9339 9738 9341
f 9337 9748 9745
f 9337 9340 9748
f 9189 9343 9342
f 9342 9343 9345
f 9190 9346 9343
f 9343 9346 9348
f 9342 9345 9344
f 9344 9351 9350
f 9344 9345 9351
f 9343 9348 9345
f 9345 9740 9351
f 9345 9348 9740
f 9193 9347 9346
f 9346 9349 9348
f 9346 9347 9349
f 9194 9625 9347
f 9347 10681 9349
f 9347 9625 10681
f 9348 9349 9741
f 9350 9739 9738
f 9350 9351 9739
f 9265 9352 9303
f 9267 9352 9265
f 9352 9353 9305
f 9354 9353 9352
f 9267 9354 9352
f 9273 9354 9267
f 9354 9355 9353
f 9360 9355 9354
f 9353 9356 9308
f 9355 9356 9353
f 9356 9357 9309
f 9357 9368 9320
f 9358 9357 9356
f 9359 9368 9357
f 9359 9370 9368
f 9355 9358 9356
f 9361 9358 9355
f 9358 9359 9357
f 9364 9359 9358
f 9365 9370 9359
f 9365 9376 9370
f 9273 9360 9354
f 9275 9360 9273
f 9360 9361 9355
f 9362 9361 9360
f 9275 9362 9360
f 12484 9362 9275
f 9362 9363 9361
f 12527 9363 9362
f 9361 9364 9358
f 9363 9364 9361
f 9364 9365 9359
f 9366 9365 9364
f 9367 9376 9365
f 9367 9378 9376
f 9363 9366 9364
f 12528 9366 9363
f 9366 9367 9365
f 12531 9367 9366
f 12531 12532 9367
f 12532 9378 9367
f 12532 12544 9378
f 9370 9369 9368
f 9370 9371 9369
f 9371 9372 9369
f 9371 9374 9372
f 9376 9371 9370
f 9376 9377 9371
f 9377 9374 9371
f 9377 9380 9374
f 9374 9373 9372
f 9374 9375 9373
f 9375 9657 9373
f 9375 9661 9657
f 9380 9375 9374
f 9380 9382 9375
f 9382 9661 9375
f 9378 9377 9376
f 9378 9379 9377
f 9379 9380 9377
f 9379 9384 9380
f 12544 9379 9378
f 9251 9381 9291
f 9291 9381 9746
f 9291 9746 9730
f 9382 9662 9661
f 12544 12545 9379
f 12545 9384 9379
f 12545 12549 9384
f 9384 9382 9380
f 9384 9383 9382
f 9383 9662 9382
f 9383 9669 9662
f 12549 9383 9384
f 12549 9385 9383
f 9385 9669 9383
f 9385 9672 9669
f 9386 9388 9387
f 9387 9388 8593
f 9386 9390 9388
f 9392 9390 9386
f 9392 9395 9390
f 9390 9389 9388
f 9390 9391 9389
f 9388 9389 8596
f 9395 9391 9390
f 9395 9396 9391
f 9393 9395 9392
f 9393 9394 9395
f 9426 9394 9393
f 9426 9428 9394
f 9428 9397 9394
f 9394 9396 9395
f 9394 9397 9396
f 9389 8597 8596
f 9391 9398 9389
f 9389 9398 8597
f 9396 9399 9391
f 9391 9399 9398
f 9396 9401 9399
f 9399 9417 9398
f 9399 9400 9417
f 9401 9400 9399
f 9397 9401 9396
f 9397 9402 9401
f 9429 9402 9397
f 9401 9403 9400
f 9402 9403 9401
f 9435 9404 9402
f 9402 9404 9403
f 8610 9407 9405
f 9405 9408 9406
f 9405 9407 9408
f 9406 9413 9411
f 9406 9408 9413
f 8614 9409 9407
f 9407 9409 9410
f 9407 9410 9408
f 9408 9410 9415
f 9411 9414 9412
f 9411 9413 9414
f 9412 9414 9443
f 9408 9415 9413
f 9413 9415 9416
f 9413 9416 9414
f 9414 9416 9444
f 9398 8634 8597
f 9398 9417 8634
f 8618 9418 9409
f 8618 8638 9418
f 9409 9418 9419
f 9409 9419 9410
f 9410 9419 9422
f 8638 9420 9418
f 8638 8643 9420
f 9418 9421 9419
f 9418 9420 9421
f 9419 9421 9424
f 9410 9422 9415
f 9415 9422 9423
f 9415 9423 9416
f 9416 9423 9450
f 9419 9424 9422
f 9422 9424 9425
f 9422 9425 9423
f 9423 9425 9452
f 9427 9428 9426
f 9427 9430 9428
f 9430 9429 9428
f 9428 9429 9397
f 9430 9431 9429
f 9432 9430 9427
f 9432 9433 9430
f 9509 9433 9432
f 9509 9510 9433
f 9433 9431 9430
f 9433 9434 9431
f 9510 9434 9433
f 9431 9435 9429
f 9429 9435 9402
f 9431 9436 9435
f 9435 9437 9404
f 9436 9437 9435
f 9436 9438 9437
f 9434 9436 9431
f 9434 9439 9436
f 9511 9439 9434
f 9516 9440 9439
f 9439 9438 9436
f 9439 9440 9438
f 9516 9519 9440
f 9412 9443 9441
f 9441 9443 9445
f 9441 9445 9442
f 9414 9444 9443
f 9443 9446 9445
f 9443 9444 9446
f 9442 9448 9447
f 9442 9445 9448
f 9447 9448 9523
f 9445 9449 9448
f 9445 9446 9449
f 9448 9449 9524
f 9416 9450 9444
f 9444 9451 9446
f 9444 9450 9451
f 9423 9452 9450
f 9450 9452 9453
f 9450 9453 9451
f 9446 9454 9449
f 9446 9451 9454
f 9449 9454 9531
f 9451 9453 9455
f 9451 9455 9454
f 9454 9455 9532
f 9404 9466 9403
f 9404 9456 9466
f 9437 9456 9404
f 9486 9468 9456
f 9417 9458 8634
f 9417 9457 9458
f 9400 9457 9417
f 9457 9460 9458
f 9400 9459 9457
f 9403 9459 9400
f 9459 9461 9457
f 9466 9462 9459
f 9457 9461 9460
f 9461 9474 9460
f 9460 9474 8666
f 9461 9471 9474
f 9459 9462 9461
f 9462 9471 9461
f 9462 9472 9471
f 9467 9472 9462
f 8643 9463 9464
f 8643 9464 9420
f 9463 9782 9464
f 9420 9465 9421
f 9420 9464 9465
f 9421 9465 9469
f 9464 9783 9465
f 9403 9466 9459
f 9456 9467 9466
f 9466 9467 9462
f 9468 9480 9467
f 9467 9480 9472
f 9456 9468 9467
f 9468 9482 9480
f 9492 9482 9468
f 9421 9469 9424
f 9424 9469 9470
f 9465 9784 9469
f 9424 9470 9425
f 9472 9476 9471
f 9480 9473 9472
f 9472 9473 9476
f 9471 9475 9474
f 9474 9475 8669
f 9471 9476 9475
f 9475 8674 8669
f 9475 9477 8674
f 9476 9477 9475
f 9476 9478 9477
f 9477 8702 8674
f 9478 9575 9477
f 9473 9478 9476
f 9473 9479 9478
f 9479 9576 9478
f 9482 9481 9480
f 9480 9481 9473
f 9495 9483 9482
f 9482 9483 9481
f 9483 9485 9481
f 9483 9484 9485
f 9496 9484 9483
f 9481 9479 9473
f 9481 9485 9479
f 9485 9577 9479
f 9484 9578 9485
f 9499 9579 9484
f 9437 9486 9456
f 9438 9486 9437
f 9487 9492 9486
f 9438 9487 9486
f 9487 9488 9492
f 9440 9487 9438
f 9440 9489 9487
f 9489 9488 9487
f 9519 9489 9440
f 9519 9547 9489
f 9547 9490 9489
f 9489 9490 9488
f 9490 9497 9488
f 9490 9491 9497
f 9547 9549 9490
f 9549 9491 9490
f 9549 9553 9491
f 9486 9492 9468
f 9492 9495 9482
f 9488 9495 9492
f 9488 9497 9495
f 9425 9493 9452
f 9425 9470 9493
f 9452 9493 9494
f 9452 9494 9453
f 9453 9494 9803
f 9453 9803 9455
f 9495 9496 9483
f 9497 9496 9495
f 9497 9498 9496
f 9496 9499 9484
f 9500 9581 9499
f 9498 9499 9496
f 9498 9500 9499
f 9491 9498 9497
f 9491 9501 9498
f 9553 9501 9491
f 9553 9558 9501
f 9501 9500 9498
f 9501 9502 9500
f 9502 9582 9500
f 9558 9502 9501
f 9558 9559 9502
f 9559 9585 9502
f 9504 9512 9503
f 9504 9514 9512
f 9505 9514 9504
f 9505 9506 9514
f 9507 9506 9505
f 9508 9535 9506
f 9507 9508 9506
f 9610 9508 9507
f 9508 9536 9535
f 9611 9536 9508
f 9503 9510 9509
f 9503 9512 9510
f 9510 9511 9434
f 9512 9511 9510
f 9512 9513 9511
f 9514 9513 9512
f 9514 9515 9513
f 9511 9516 9439
f 9513 9516 9511
f 9513 9517 9516
f 9517 9519 9516
f 9517 9518 9519
f 9515 9517 9513
f 9515 9520 9517
f 9520 9518 9517
f 9520 9521 9518
f 9447 9523 9522
f 9522 9527 9525
f 9522 9523 9527
f 9448 9524 9523
f 9523 9528 9527
f 9523 9524 9528
f 9525 9527 9529
f 9525 9529 9526
f 9527 9528 9530
f 9527 9530 9529
f 9449 9531 9524
f 9524 9533 9528
f 9524 9531 9533
f 9454 9532 9531
f 9531 9532 9814
f 9531 9814 9533
f 9528 9533 9534
f 9528 9534 9530
f 9533 9814 9815
f 9533 9815 9534
f 9506 9515 9514
f 9506 9535 9515
f 9535 9520 9515
f 9535 9537 9520
f 9536 9537 9535
f 9537 9521 9520
f 9537 9538 9521
f 9539 9538 9537
f 9536 9539 9537
f 9618 9539 9536
f 9539 9540 9538
f 9620 9540 9539
f 9620 9621 9540
f 9526 9542 9541
f 9526 9529 9542
f 9541 9542 9545
f 9529 9543 9542
f 9529 9530 9543
f 9542 9543 9546
f 9541 9545 9544
f 9544 9545 10679
f 9542 9546 9545
f 9545 9546 10680
f 9530 9816 9543
f 9530 9534 9816
f 9543 9818 9546
f 9518 9547 9519
f 9548 9549 9547
f 9518 9548 9547
f 9550 9553 9549
f 9548 9550 9549
f 9550 9554 9553
f 9521 9548 9518
f 9538 9551 9521
f 9521 9551 9548
f 9551 9550 9548
f 9562 9552 9551
f 9551 9552 9550
f 9552 9554 9550
f 9552 9556 9554
f 9563 9556 9552
f 9554 9558 9553
f 9554 9555 9558
f 9556 9555 9554
f 9556 9557 9555
f 9566 9557 9556
f 9567 9561 9557
f 9455 9820 9532
f 9555 9559 9558
f 9560 9590 9559
f 9555 9560 9559
f 9557 9560 9555
f 9557 9561 9560
f 9561 9591 9560
f 9574 9594 9561
f 9538 9562 9551
f 9540 9562 9538
f 9564 9563 9562
f 9562 9563 9552
f 9563 9566 9556
f 9564 9565 9563
f 9565 9566 9563
f 9565 9568 9566
f 9540 9564 9562
f 9621 9564 9540
f 9621 9634 9564
f 9634 9565 9564
f 9636 9568 9565
f 9634 9636 9565
f 9636 9570 9568
f 9566 9567 9557
f 9568 9567 9566
f 9568 9569 9567
f 9567 9574 9561
f 9569 9574 9567
f 9569 9572 9574
f 9570 9569 9568
f 9570 9571 9569
f 9571 9572 9569
f 9571 9573 9572
f 9572 9599 9574
f 9573 9600 9572
f 9477 9575 8702
f 9478 9576 9575
f 9479 9577 9576
f 9577 9850 9576
f 9485 9578 9577
f 9578 9851 9577
f 9578 9860 9851
f 9579 9860 9578
f 9484 9579 9578
f 9579 9580 9860
f 9581 9580 9579
f 9500 9582 9581
f 9499 9581 9579
f 9582 9583 9581
f 9581 9583 9580
f 9582 9584 9583
f 9585 9584 9582
f 9584 9906 9583
f 9584 9907 9906
f 9586 9907 9584
f 9502 9585 9582
f 9559 9590 9585
f 9585 9586 9584
f 9590 9586 9585
f 9590 9588 9586
f 9586 9587 9907
f 9588 9587 9586
f 9588 9589 9587
f 9592 9922 9589
f 9591 9588 9590
f 9560 9591 9590
f 9594 9593 9591
f 9591 9593 9588
f 9593 9589 9588
f 9593 9592 9589
f 9595 9592 9593
f 9595 9596 9592
f 9596 10129 9592
f 9561 9594 9591
f 9594 9595 9593
f 9574 9599 9594
f 9599 9595 9594
f 9599 9597 9595
f 9597 9596 9595
f 9598 10131 9596
f 9597 9598 9596
f 9602 10135 9598
f 9596 10131 10129
f 9598 10135 10131
f 9600 9597 9599
f 9600 9601 9597
f 9572 9600 9599
f 9601 9598 9597
f 9601 9602 9598
f 9604 9602 9601
f 9604 9605 9602
f 9605 9607 9602
f 9573 9603 9600
f 9603 9601 9600
f 9603 9604 9601
f 9703 9604 9603
f 9703 9704 9604
f 9606 9608 9605
f 9704 9605 9604
f 9704 9606 9605
f 9706 9609 9606
f 9602 9607 10135
f 9605 9608 9607
f 9606 9609 9608
f 9610 9611 9508
f 9612 9611 9610
f 9612 9613 9611
f 9611 9618 9536
f 9613 9618 9611
f 9613 9619 9618
f 9614 9613 9612
f 9614 9615 9613
f 9615 9619 9613
f 9615 9626 9619
f 9616 9615 9614
f 9616 9617 9615
f 9617 9626 9615
f 9657 9617 9616
f 9657 9658 9617
f 9618 9620 9539
f 9619 9620 9618
f 9619 9622 9620
f 9622 9621 9620
f 9622 9623 9621
f 9626 9622 9619
f 9626 9629 9622
f 9629 9623 9622
f 9629 9624 9623
f 9544 10679 9625
f 9617 9627 9626
f 9658 9627 9617
f 9658 9628 9627
f 9627 9629 9626
f 9627 9630 9629
f 9630 9624 9629
f 9630 9631 9624
f 9628 9630 9627
f 9628 9632 9630
f 9632 9631 9630
f 9632 9633 9631
f 9623 9634 9621
f 9635 9636 9634
f 9623 9635 9634
f 9637 9570 9636
f 9635 9637 9636
f 9637 9640 9570
f 9624 9635 9623
f 9624 9638 9635
f 9638 9637 9635
f 9638 9639 9637
f 9639 9640 9637
f 9639 9643 9640
f 9647 9643 9639
f 9640 9571 9570
f 9640 9641 9571
f 9641 9573 9571
f 9641 9642 9573
f 9644 9642 9641
f 9643 9641 9640
f 9643 9644 9641
f 9650 9644 9643
f 9644 9645 9642
f 9651 9645 9644
f 9642 9603 9573
f 9645 9703 9642
f 9652 9707 9645
f 9631 9638 9624
f 9631 9646 9638
f 9646 9639 9638
f 9648 9647 9646
f 9646 9647 9639
f 9647 9650 9643
f 9649 9650 9647
f 9633 9646 9631
f 9633 9648 9646
f 9666 9648 9633
f 9679 9649 9648
f 9648 9649 9647
f 9649 9653 9650
f 9680 9653 9649
f 9680 9683 9653
f 9650 9651 9644
f 9653 9651 9650
f 9653 9654 9651
f 9651 9652 9645
f 9654 9652 9651
f 9654 9655 9652
f 9683 9654 9653
f 9683 9685 9654
f 9685 9655 9654
f 9655 9708 9652
f 9656 9713 9655
f 9685 9656 9655
f 9661 9658 9657
f 9661 9659 9658
f 9659 9628 9658
f 9659 9660 9628
f 9662 9659 9661
f 9662 9663 9659
f 9663 9660 9659
f 9663 9664 9660
f 9660 9632 9628
f 9660 9665 9632
f 9665 9633 9632
f 9665 9666 9633
f 9667 9666 9665
f 9664 9665 9660
f 9664 9667 9665
f 9667 9668 9666
f 9675 9668 9667
f 9669 9663 9662
f 9669 9670 9663
f 9670 9664 9663
f 9670 9671 9664
f 9672 9670 9669
f 9672 9673 9670
f 9673 9671 9670
f 9673 9674 9671
f 9671 9667 9664
f 9671 9675 9667
f 9674 9675 9671
f 9675 9676 9668
f 9677 9676 9675
f 9674 9677 9675
f 12595 9677 9674
f 9677 9678 9676
f 12599 9678 9677
f 12599 12600 9678
f 9666 9679 9648
f 9668 9679 9666
f 9681 9680 9679
f 9679 9680 9649
f 9681 9682 9680
f 9682 9683 9680
f 9682 9684 9683
f 9668 9681 9679
f 9676 9681 9668
f 9676 9691 9681
f 9691 9682 9681
f 9692 9684 9682
f 9691 9692 9682
f 9684 9685 9683
f 9692 9688 9684
f 9684 9686 9685
f 9686 9656 9685
f 9687 9717 9656
f 9686 9687 9656
f 9690 9721 9687
f 9688 9686 9684
f 9688 9689 9686
f 9689 9687 9686
f 9689 9690 9687
f 9698 9690 9689
f 9699 9723 9690
f 9694 9692 9691
f 9678 9691 9676
f 9678 9694 9691
f 12600 9694 9678
f 9693 9688 9692
f 9694 9693 9692
f 9693 9697 9688
f 9695 9693 9694
f 12600 9695 9694
f 9696 9697 9693
f 9696 9700 9697
f 9695 9696 9693
f 12617 9700 9696
f 9697 9689 9688
f 9697 9698 9689
f 9700 9698 9697
f 9698 9699 9690
f 9701 9699 9698
f 9702 9725 9699
f 9700 9701 9698
f 12620 9701 9700
f 12620 12621 9701
f 9701 9702 9699
f 12623 9726 9702
f 12621 9702 9701
f 12621 12623 9702
f 9642 9703 9603
f 9707 9704 9703
f 9707 9705 9704
f 9705 9606 9704
f 9705 9706 9606
f 9710 9711 9706
f 9645 9707 9703
f 9708 9705 9707
f 9652 9708 9707
f 9708 9709 9705
f 9709 9706 9705
f 9709 9710 9706
f 9715 9712 9710
f 9714 9710 9709
f 9714 9715 9710
f 9706 9711 9609
f 9710 9712 9711
f 9715 10778 9712
f 9713 9709 9708
f 9713 9714 9709
f 9655 9713 9708
f 9717 9714 9713
f 9716 10778 9715
f 9718 9715 9714
f 9718 9716 9715
f 9720 10792 9716
f 9656 9717 9713
f 9721 9718 9717
f 9717 9718 9714
f 9721 9719 9718
f 9719 9716 9718
f 9719 9720 9716
f 9687 9721 9717
f 9723 9719 9721
f 9723 9722 9719
f 9722 9720 9719
f 9722 10887 9720
f 9724 10887 9722
f 9690 9723 9721
f 9725 9722 9723
f 9725 9724 9722
f 9699 9725 9723
f 9726 9724 9725
f 9726 10899 9724
f 9702 9726 9725
f 9727 10899 9726
f 12623 9727 9726
f 9285 9293 9732
f 9285 9732 9729
f 9729 9732 12643
f 9292 9730 9735
f 9293 9731 9733
f 9289 9734 9731
f 9293 9733 9732
f 9732 9733 12644
f 9731 9736 9733
f 9292 9735 9734
f 9731 9734 9736
f 9734 9735 9737
f 9734 9737 9736
f 9733 9736 12647
f 9736 9737 12648
f 9340 9341 9749
f 9340 9749 9748
f 9341 9738 9762
f 9341 9762 9749
f 9348 9741 9740
f 9349 10690 9741
f 9349 10681 10690
f 9351 9742 9739
f 9351 9740 9742
f 9738 9739 9763
f 9738 9763 9762
f 9739 9742 9767
f 9739 9767 9763
f 9740 9741 9743
f 9740 9743 9742
f 9741 10690 10694
f 9741 10694 9743
f 9742 9743 9744
f 9742 9744 9767
f 9743 10694 10696
f 9743 10696 9744
f 9381 9747 9746
f 9381 9745 9747
f 9730 9746 9752
f 9730 9752 9735
f 9746 9753 9752
f 9746 9747 9753
f 9745 9750 9747
f 9745 9748 9750
f 9749 9762 9764
f 9748 9749 9751
f 9748 9751 9750
f 9749 9764 9751
f 9747 9756 9753
f 9747 9750 9756
f 9750 9751 9757
f 9751 9764 9772
f 9750 9757 9756
f 9751 9772 9757
f 9735 9752 9754
f 9735 9754 9737
f 9752 9755 9754
f 9752 9753 9755
f 9737 9754 12695
f 9737 12695 12648
f 9754 9755 12696
f 9754 12696 12695
f 9753 9756 9758
f 9753 9758 9755
f 9756 9757 9759
f 9757 9772 9773
f 9756 9759 9758
f 9757 9773 9759
f 9755 9758 9760
f 9755 9760 12696
f 9758 9759 9761
f 9759 9773 9775
f 9758 9761 9760
f 9759 9775 9761
f 9762 9763 9765
f 9762 9765 9764
f 9763 9767 9768
f 9763 9768 9765
f 9764 9765 9766
f 9764 9766 9772
f 9765 9768 9770
f 9765 9770 9766
f 9767 9744 9769
f 9767 9769 9768
f 9744 10696 10727
f 9744 10727 9769
f 9768 9769 9771
f 9768 9771 9770
f 9769 10730 9771
f 9769 10727 10730
f 9772 9766 9774
f 9772 9774 9773
f 9766 9770 9777
f 9766 9777 9774
f 9770 9778 9777
f 9770 9771 9778
f 9773 9774 9776
f 9773 9776 9775
f 9774 9779 9776
f 9774 9777 9779
f 9771 10737 9778
f 9771 10730 10737
f 9778 10737 10740
f 9777 9780 9779
f 9777 9778 9780
f 9779 9780 12714
f 9778 10740 9780
f 9780 10740 13222
f 9463 9781 9782
f 8680 9786 9781
f 9781 9786 9787
f 9781 9787 9782
f 9464 9782 9783
f 9782 9789 9783
f 9782 9787 9789
f 9469 9785 9470
f 9465 9783 9784
f 9469 9784 9785
f 9783 9795 9784
f 9783 9789 9795
f 9784 9797 9785
f 9784 9795 9797
f 8689 9788 9786
f 9786 9790 9787
f 9786 9788 9790
f 9787 9791 9789
f 9787 9790 9791
f 8691 9792 9788
f 8691 8697 9792
f 9788 9793 9790
f 9788 9792 9793
f 8697 9854 9792
f 9792 9855 9793
f 9790 9793 9794
f 9790 9794 9791
f 9793 9856 9794
f 9789 9796 9795
f 9789 9791 9796
f 9795 9798 9797
f 9795 9796 9798
f 9791 9799 9796
f 9791 9794 9799
f 9794 9863 9799
f 9796 9800 9798
f 9796 9799 9800
f 9799 9864 9800
f 9470 9801 9493
f 9493 9802 9494
f 9470 9785 9801
f 9785 9805 9801
f 9785 9797 9805
f 9493 9801 9802
f 9801 9805 9807
f 9801 9807 9802
f 9494 9804 9803
f 9455 9803 9820
f 9494 9802 9804
f 9802 9807 9810
f 9802 9810 9804
f 9803 9804 9821
f 9804 9810 9826
f 9797 9806 9805
f 9797 9798 9806
f 9805 9808 9807
f 9805 9806 9808
f 9798 9809 9806
f 9798 9800 9809
f 9800 9908 9809
f 9806 9809 9812
f 9806 9812 9808
f 9809 9909 9812
f 9807 9811 9810
f 9807 9808 9811
f 9810 9811 9827
f 9808 9812 9813
f 9808 9813 9811
f 9811 9813 9830
f 9812 9912 9813
f 9813 10123 9830
f 9543 9816 9818
f 9534 9815 9817
f 9534 9817 9816
f 9816 9817 9819
f 9546 9818 10684
f 9816 9819 9818
f 9818 9819 10685
f 9818 10685 10684
f 9803 9821 9820
f 9532 9820 9823
f 9532 9823 9814
f 9820 9822 9823
f 9804 9826 9821
f 9820 9821 9822
f 9821 9828 9822
f 9821 9826 9828
f 9814 9823 9824
f 9823 9825 9824
f 9814 9824 9815
f 9823 9822 9825
f 9822 9828 9832
f 9822 9832 9825
f 9824 9825 9836
f 9825 9832 9839
f 9810 9827 9826
f 9826 9827 9829
f 9826 9829 9828
f 9811 9830 9827
f 9827 9830 9831
f 9827 9831 9829
f 9830 10124 9831
f 9828 9833 9832
f 9828 9829 9833
f 9832 9833 9840
f 9829 9831 9834
f 9829 9834 9833
f 9831 10127 9834
f 9833 9834 9841
f 9815 9824 9835
f 9815 9835 9817
f 9824 9836 9835
f 9817 9835 9837
f 9825 9839 9836
f 9835 9836 9838
f 9836 9839 9842
f 9836 9842 9838
f 9817 9837 9819
f 9835 9838 9837
f 9819 9837 10703
f 9819 10703 10685
f 9837 10705 10703
f 9837 9838 10705
f 9838 9842 9844
f 9838 9844 10705
f 9832 9840 9839
f 9839 9843 9842
f 9839 9840 9843
f 9833 9841 9840
f 9834 10153 9841
f 9840 9841 9846
f 9840 9846 9843
f 9841 10154 9846
f 9842 9843 9845
f 9842 9845 9844
f 9843 9846 9847
f 9843 9847 9845
f 9846 10162 9847
f 9575 8707 8702
f 9575 9848 8707
f 9576 9848 9575
f 9576 9850 9848
f 9577 9851 9850
f 9848 8708 8707
f 9848 9849 8708
f 9850 9849 9848
f 9850 9852 9849
f 9851 9852 9850
f 9860 9853 9851
f 9851 9853 9852
f 9853 9870 9852
f 9861 9871 9853
f 8697 8714 9854
f 9792 9854 9855
f 8714 9857 9854
f 9854 9858 9855
f 9854 9857 9858
f 8714 8723 9857
f 9793 9855 9856
f 9855 9858 9859
f 9855 9859 9856
f 9849 8724 8708
f 9852 9867 9849
f 8723 8736 9882
f 8723 9882 9857
f 9857 9882 9883
f 9857 9883 9858
f 9858 9883 9884
f 9858 9884 9859
f 9860 9861 9853
f 9580 9861 9860
f 9862 9875 9861
f 9580 9862 9861
f 9583 9862 9580
f 9906 9876 9862
f 9794 9856 9863
f 9856 9865 9863
f 9856 9859 9865
f 9799 9863 9864
f 9863 9866 9864
f 9863 9865 9866
f 9864 9866 9910
f 9859 9884 9885
f 9859 9885 9865
f 9865 9885 9886
f 9865 9886 9866
f 9866 9886 9926
f 9849 9867 8724
f 9852 9870 9867
f 9870 9869 9867
f 9867 9868 8724
f 9867 9869 9868
f 9870 9872 9869
f 9853 9871 9870
f 9871 9872 9870
f 9871 9873 9872
f 9875 9873 9871
f 9869 9894 9868
f 9872 9893 9869
f 9872 9895 9893
f 9873 9895 9872
f 9873 9874 9895
f 9877 9874 9873
f 9861 9875 9871
f 9862 9876 9875
f 9906 9914 9876
f 9914 9878 9876
f 9875 9877 9873
f 9876 9877 9875
f 9876 9878 9877
f 9914 9916 9878
f 9877 9879 9874
f 9878 9879 9877
f 9878 9880 9879
f 9880 9955 9879
f 9916 9880 9878
f 9916 9881 9880
f 9881 9956 9880
f 9881 9942 9956
f 8736 9887 9882
f 9882 9889 9883
f 9883 9890 9884
f 9884 9900 9885
f 9885 9902 9886
f 8736 8746 9887
f 9882 9887 9889
f 8746 9888 9887
f 8746 8750 9888
f 9887 9891 9889
f 9887 9888 9891
f 9883 9889 9890
f 9889 9891 9892
f 9889 9892 9890
f 9869 9893 9894
f 9893 9944 9894
f 9893 9945 9944
f 9895 9945 9893
f 9895 9943 9945
f 9874 9943 9895
f 9874 9946 9943
f 9879 9946 9874
f 8750 9897 9888
f 8750 9896 9897
f 9888 9898 9891
f 9888 9897 9898
f 9896 9951 9897
f 9896 9950 9951
f 9897 9953 9898
f 9897 9951 9953
f 9891 9898 9899
f 9891 9899 9892
f 9892 9899 9904
f 9898 9954 9899
f 9898 9953 9954
f 9899 9954 9960
f 9884 9890 9900
f 9885 9900 9902
f 9890 9892 9901
f 9890 9901 9900
f 9900 9901 9903
f 9886 9902 9930
f 9900 9903 9902
f 9902 9931 9930
f 9902 9903 9931
f 9879 9955 9946
f 9880 9956 9955
f 9892 9904 9901
f 9901 9904 9905
f 9899 9960 9904
f 9904 9962 9905
f 9904 9960 9962
f 9901 9905 9903
f 9903 9934 9931
f 9903 9905 9934
f 9905 9962 9963
f 9905 9963 9934
f 9583 9906 9862
f 9907 9914 9906
f 9587 9915 9907
f 9800 9864 9908
f 9864 9910 9908
f 9809 9908 9909
f 9908 9911 9909
f 9908 9910 9911
f 9866 9926 9910
f 9910 9926 9927
f 9910 9927 9911
f 9589 9920 9587
f 9812 9909 9912
f 9909 9913 9912
f 9909 9911 9913
f 9813 9912 10123
f 9912 10125 10123
f 9912 9913 10125
f 9911 9928 9913
f 9913 9929 10125
f 9907 9915 9914
f 9915 9916 9914
f 9915 9917 9916
f 9587 9920 9915
f 9920 9917 9915
f 9920 9921 9917
f 9917 9881 9916
f 9917 9918 9881
f 9918 9942 9881
f 9918 9966 9942
f 9921 9918 9917
f 9921 9919 9918
f 9919 9966 9918
f 9919 9967 9966
f 9922 9921 9920
f 9922 9923 9921
f 9589 9922 9920
f 10129 9923 9922
f 10129 10130 9923
f 10130 9924 9923
f 9923 9919 9921
f 9923 9924 9919
f 9924 9967 9919
f 9924 9968 9967
f 10130 9925 9924
f 9925 9968 9924
f 9925 9969 9968
f 9886 9930 9926
f 9911 9927 9928
f 9926 9932 9927
f 9927 9936 9928
f 9913 9928 9929
f 9928 9938 9929
f 9926 9930 9932
f 9930 9933 9932
f 9930 9931 9933
f 9927 9932 9936
f 9932 9937 9936
f 9932 9933 9937
f 9931 9934 9935
f 9931 9935 9933
f 9934 9972 9935
f 9934 9963 9972
f 9933 9935 9940
f 9933 9940 9937
f 9935 9974 9940
f 9935 9972 9974
f 9928 9936 9938
f 9936 9937 9939
f 9929 9938 10143
f 9936 9939 9938
f 9938 9939 10145
f 9937 9940 9941
f 9937 9941 9939
f 9940 9979 9941
f 9940 9974 9979
f 9939 9941 10147
f 9939 10147 10145
f 9941 9979 9981
f 9941 9981 10147
f 9945 9947 9944
f 9943 9948 9945
f 9946 9949 9943
f 9946 9952 9949
f 9955 9952 9946
f 9955 9959 9952
f 9945 9948 9947
f 9943 9949 9948
f 9950 9983 9951
f 9951 9986 9953
f 9948 8778 9947
f 9948 9984 8778
f 9949 9984 9948
f 9949 9985 9984
f 9959 9987 9952
f 9953 9989 9954
f 9952 9985 9949
f 9952 9987 9985
f 9959 9988 9987
f 9956 9959 9955
f 9956 9957 9959
f 9942 9957 9956
f 9942 9958 9957
f 9957 9988 9959
f 9958 9961 9957
f 9954 10007 9960
f 9960 10008 9962
f 9957 9961 9988
f 9970 9964 9958
f 9970 9965 9964
f 9962 10009 9963
f 9958 9964 9961
f 9968 9971 9967
f 9969 9976 9968
f 10174 9977 9969
f 9966 9958 9942
f 9966 9970 9958
f 9967 9970 9966
f 9971 9965 9970
f 9967 9971 9970
f 9976 9973 9971
f 9971 9973 9965
f 9963 10070 9972
f 9976 9975 9973
f 9972 10071 9974
f 9973 10012 9965
f 9975 10073 9973
f 9978 10072 9975
f 9968 9976 9971
f 9977 9975 9976
f 9969 9977 9976
f 10177 9978 9977
f 9977 9978 9975
f 9974 10081 9979
f 10177 9980 9978
f 9980 10074 9978
f 10179 10083 9980
f 10179 10084 10083
f 9950 9982 9983
f 9951 9983 9986
f 9982 9991 9983
f 9982 8784 9991
f 9983 9992 9986
f 9983 9991 9992
f 9953 9986 9989
f 9954 9989 10007
f 9986 9993 9989
f 9986 9992 9993
f 9989 9994 10007
f 9989 9993 9994
f 9987 9996 9985
f 9984 8787 8778
f 9985 9995 9984
f 9984 9995 8787
f 9987 10002 9996
f 9985 9996 9995
f 9988 10002 9987
f 9961 9990 9988
f 9988 9990 10002
f 8784 9997 9991
f 9991 9998 9992
f 9995 8799 8787
f 9996 9999 9995
f 10002 10000 9996
f 8784 8794 9997
f 9991 9997 9998
f 9992 9998 10003
f 9995 9999 8799
f 9996 10000 9999
f 10002 10001 10000
f 9992 10003 9993
f 9993 10004 9994
f 9990 10001 10002
f 10010 10005 9990
f 10010 10006 10005
f 9993 10003 10004
f 9994 10004 10015
f 9990 10005 10001
f 10006 10033 10005
f 10017 10032 10006
f 9960 10007 10008
f 10007 9994 10013
f 10007 10013 10008
f 10008 10013 10014
f 9962 10008 10009
f 10008 10014 10009
f 10009 10014 10075
f 9964 10010 9961
f 9964 10011 10010
f 9961 10010 9990
f 10012 10017 10011
f 9965 10011 9964
f 9965 10012 10011
f 10073 10020 10012
f 9994 10015 10013
f 10013 10016 10014
f 10011 10006 10010
f 10011 10017 10006
f 10012 10020 10017
f 10013 10015 10016
f 10020 10056 10017
f 10014 10019 10075
f 10073 10018 10020
f 10014 10016 10019
f 10075 10019 10092
f 10018 10057 10020
f 10078 10059 10018
f 10018 10059 10057
f 10078 10060 10059
f 8794 10021 9997
f 10000 10029 9999
f 9997 10021 10022
f 9997 10022 9998
f 9998 10023 10003
f 10001 10030 10000
f 9998 10022 10023
f 8805 10034 10021
f 10021 10035 10022
f 10022 10036 10023
f 10003 10024 10004
f 10005 10031 10001
f 10003 10023 10024
f 10004 10025 10015
f 10004 10024 10025
f 10023 10046 10024
f 10024 10047 10025
f 10015 10025 10026
f 10015 10026 10016
f 10016 10026 10027
f 10025 10062 10026
f 10026 10063 10027
f 10016 10027 10019
f 10019 10028 10092
f 10019 10027 10028
f 10027 10067 10028
f 9999 10029 8810
f 10000 10030 10029
f 10001 10031 10030
f 10030 10037 10029
f 10031 10038 10030
f 10033 10039 10031
f 10005 10033 10031
f 10006 10032 10033
f 10032 10048 10033
f 10032 10049 10048
f 10056 10049 10032
f 10056 10050 10049
f 10021 10034 10035
f 10030 10038 10037
f 10022 10035 10036
f 10031 10039 10038
f 10033 10048 10039
f 10048 10044 10039
f 8815 10040 10034
f 10034 10041 10035
f 10034 10040 10041
f 10035 10043 10036
f 10035 10041 10043
f 10036 10043 10051
f 10038 8829 10037
f 10039 10042 10038
f 10039 10044 10042
f 10038 10042 8829
f 10048 10045 10044
f 10023 10036 10046
f 10024 10046 10047
f 10025 10047 10062
f 10049 10045 10048
f 10050 10052 10049
f 10064 10055 10050
f 10036 10051 10046
f 10046 10051 10053
f 10046 10053 10047
f 10047 10054 10062
f 10047 10053 10054
f 10049 10052 10045
f 10055 10291 10052
f 10050 10055 10052
f 10065 10292 10055
f 10017 10056 10032
f 10020 10057 10056
f 10057 10050 10056
f 10057 10064 10050
f 10059 10064 10057
f 10059 10058 10064
f 10060 10058 10059
f 10102 10061 10060
f 10060 10061 10058
f 10026 10062 10063
f 10058 10065 10064
f 10064 10065 10055
f 10058 10066 10065
f 10061 10066 10058
f 10061 10068 10066
f 10062 10054 10313
f 10062 10313 10063
f 10063 10313 10314
f 10066 10293 10065
f 10068 10320 10066
f 10027 10063 10067
f 10028 10067 10108
f 10103 10068 10061
f 10103 10069 10068
f 10063 10314 10067
f 10067 10314 10317
f 10067 10317 10108
f 10108 10317 10398
f 10069 10321 10068
f 10110 10324 10069
f 10068 10321 10320
f 10069 10324 10321
f 10110 10325 10324
f 9963 10009 10070
f 9972 10070 10071
f 10009 10075 10070
f 10070 10075 10076
f 10070 10076 10071
f 9974 10071 10081
f 10071 10076 10077
f 10071 10077 10081
f 9973 10073 10012
f 9975 10072 10073
f 10072 10018 10073
f 9978 10074 10072
f 10074 10078 10072
f 10074 10079 10078
f 10083 10079 10074
f 10083 10080 10079
f 10075 10092 10076
f 10072 10078 10018
f 10076 10092 10094
f 10079 10060 10078
f 10087 10105 10080
f 10076 10094 10077
f 10077 10094 10095
f 10080 10102 10079
f 9979 10081 10082
f 10081 10085 10082
f 9979 10082 9981
f 9981 10082 10199
f 10082 10086 10199
f 9980 10083 10074
f 10084 10080 10083
f 10084 10087 10080
f 10201 10087 10084
f 10201 10088 10087
f 10081 10077 10085
f 10082 10085 10086
f 10088 10089 10087
f 10077 10095 10085
f 10085 10095 10098
f 10085 10098 10086
f 10205 10090 10088
f 10086 10098 10100
f 10086 10100 10203
f 10079 10102 10060
f 10080 10105 10102
f 10087 10089 10105
f 10088 10090 10089
f 10205 10091 10090
f 10092 10093 10094
f 10092 10028 10093
f 10028 10108 10093
f 10094 10093 10096
f 10094 10096 10095
f 10095 10096 10097
f 10093 10109 10096
f 10096 10114 10097
f 10095 10097 10098
f 10098 10097 10099
f 10098 10099 10100
f 10100 10099 10101
f 10100 10101 10220
f 10097 10118 10099
f 10099 10119 10101
f 10101 10122 10222
f 10105 10103 10102
f 10102 10103 10061
f 10105 10104 10103
f 10089 10104 10105
f 10090 10106 10089
f 10090 10107 10106
f 10089 10106 10104
f 10107 10111 10106
f 10115 10112 10107
f 10093 10108 10109
f 10104 10069 10103
f 10104 10110 10069
f 10106 10110 10104
f 10106 10111 10110
f 10108 10398 10109
f 10109 10398 10399
f 10109 10399 10114
f 10111 10325 10110
f 10112 10406 10111
f 10096 10109 10114
f 10097 10114 10118
f 10107 10112 10111
f 10115 10113 10112
f 10114 10399 10402
f 10114 10402 10118
f 10113 10407 10112
f 10117 10410 10113
f 10111 10406 10325
f 10112 10407 10406
f 10113 10410 10407
f 10117 10411 10410
f 10091 10107 10090
f 10091 10115 10107
f 10116 10113 10115
f 10217 10115 10091
f 10217 10116 10115
f 10229 10117 10116
f 10230 10120 10229
f 10099 10118 10119
f 10116 10117 10113
f 10118 10403 10119
f 10119 10426 10122
f 10120 10411 10117
f 10101 10119 10122
f 10229 10120 10117
f 10230 10121 10120
f 10121 10429 10120
f 10232 10430 10121
f 10120 10429 10411
f 10121 10430 10429
f 10232 10433 10430
f 9830 10123 10124
f 10123 10125 10126
f 10123 10126 10124
f 10124 10126 10128
f 9831 10124 10127
f 10124 10128 10127
f 9834 10127 10153
f 10127 10128 10141
f 10127 10141 10153
f 9592 10129 9922
f 10131 10130 10129
f 10131 10132 10130
f 10132 9925 10130
f 10132 10133 9925
f 10134 10133 10132
f 10133 9969 9925
f 10133 10174 9969
f 10137 10174 10133
f 10137 10175 10174
f 10135 10132 10131
f 10135 10134 10132
f 9607 10134 10135
f 9607 10136 10134
f 10134 10137 10133
f 10136 10137 10134
f 10136 10138 10137
f 10138 10175 10137
f 10138 10176 10175
f 10156 10176 10138
f 10125 9929 10139
f 10125 10139 10126
f 9929 10143 10139
f 10126 10139 10140
f 10139 10144 10140
f 10126 10140 10128
f 10128 10140 10142
f 10140 10149 10142
f 10128 10142 10141
f 9938 10145 10143
f 10139 10143 10144
f 10143 10146 10144
f 10143 10145 10146
f 10145 10147 10148
f 10147 9981 10180
f 10147 10180 10148
f 10145 10148 10146
f 10146 10148 10151
f 10148 10180 10185
f 10148 10185 10151
f 10140 10144 10149
f 10142 10149 10166
f 10144 10146 10150
f 10144 10150 10149
f 10149 10150 10167
f 10149 10167 10166
f 10146 10151 10150
f 10150 10151 10152
f 10151 10185 10208
f 10150 10152 10167
f 10151 10208 10152
f 9841 10153 10154
f 10153 10161 10154
f 9846 10154 10162
f 9847 10162 10781
f 9608 10136 9607
f 9608 10155 10136
f 10155 10138 10136
f 10155 10156 10138
f 10157 10156 10155
f 10157 10158 10156
f 10158 10187 10156
f 10156 10187 10176
f 10158 10188 10187
f 9609 10155 9608
f 9609 10157 10155
f 9711 10157 9609
f 9711 10774 10157
f 10774 10158 10157
f 10159 10188 10158
f 10774 10159 10158
f 10159 10189 10188
f 10776 10189 10159
f 10153 10141 10161
f 10154 10161 10163
f 10141 10142 10160
f 10141 10160 10161
f 10142 10166 10160
f 10161 10160 10164
f 10160 10168 10164
f 10154 10163 10162
f 10162 10163 10782
f 10161 10164 10163
f 10163 10164 10165
f 10163 10165 10782
f 10164 10172 10165
f 10160 10166 10168
f 10166 10167 10169
f 10166 10169 10168
f 10168 10169 10171
f 10167 10152 10170
f 10167 10170 10169
f 10152 10245 10170
f 10169 10170 10197
f 10164 10168 10172
f 10168 10171 10172
f 10165 10172 10790
f 10172 10171 10173
f 10172 10173 10790
f 10169 10197 10171
f 10175 10177 10174
f 10175 10178 10177
f 10176 10178 10175
f 10176 10182 10178
f 10187 10182 10176
f 10187 10183 10182
f 10174 10177 9977
f 10178 9980 10177
f 10178 10179 9980
f 10182 10179 10178
f 10182 10181 10179
f 10181 10084 10179
f 10181 10201 10084
f 10184 10201 10181
f 10184 10202 10201
f 10183 10181 10182
f 10183 10184 10181
f 10190 10184 10183
f 10190 10186 10184
f 10186 10202 10184
f 10186 10210 10202
f 10192 10210 10186
f 10192 10211 10210
f 10188 10183 10187
f 10188 10190 10183
f 10189 10190 10188
f 10189 10191 10190
f 10805 10191 10189
f 10805 10194 10191
f 10191 10186 10190
f 10191 10192 10186
f 10194 10192 10191
f 10194 10193 10192
f 10193 10211 10192
f 10193 10247 10211
f 10195 10248 10247
f 10195 10247 10193
f 10808 10195 10193
f 10808 10193 10194
f 10196 10248 10195
f 10810 10254 10196
f 10152 10208 10245
f 10170 10245 10246
f 10170 10246 10197
f 10171 10197 10198
f 10197 10246 10253
f 10197 10253 10198
f 10171 10198 10173
f 10198 10253 10840
f 9981 10199 10180
f 10180 10199 10200
f 10199 10203 10200
f 10180 10200 10185
f 10185 10200 10207
f 10202 10088 10201
f 10202 10205 10088
f 10210 10205 10202
f 10210 10206 10205
f 10199 10086 10203
f 10200 10203 10204
f 10200 10204 10207
f 10206 10091 10205
f 10203 10220 10204
f 10214 10217 10206
f 10204 10221 10212
f 10185 10207 10208
f 10208 10209 10245
f 10208 10207 10209
f 10211 10206 10210
f 10211 10214 10206
f 10247 10214 10211
f 10247 10215 10214
f 10207 10204 10212
f 10207 10212 10209
f 10209 10212 10213
f 10209 10213 10249
f 10215 10218 10214
f 10216 10219 10215
f 10251 10237 10216
f 10206 10217 10091
f 10214 10218 10217
f 10215 10219 10218
f 10216 10237 10219
f 10251 10240 10237
f 10203 10100 10220
f 10220 10101 10222
f 10220 10222 10221
f 10221 10222 10223
f 10204 10220 10221
f 10221 10223 10224
f 10222 10233 10223
f 10224 10223 10226
f 10223 10234 10226
f 10212 10221 10224
f 10212 10224 10213
f 10224 10226 10225
f 10213 10224 10225
f 10213 10225 10259
f 10259 10225 10261
f 10225 10226 10227
f 10226 10512 10227
f 10225 10227 10261
f 10261 10227 10228
f 10227 10526 10228
f 10228 10528 10262
f 10218 10116 10217
f 10218 10229 10116
f 10219 10229 10218
f 10219 10230 10229
f 10231 10121 10230
f 10237 10230 10219
f 10237 10231 10230
f 10231 10232 10121
f 10222 10122 10233
f 10223 10233 10234
f 10235 10433 10232
f 10236 10514 10235
f 10238 10232 10231
f 10238 10235 10232
f 10239 10236 10235
f 10226 10234 10512
f 10242 10515 10236
f 10235 10514 10433
f 10236 10515 10514
f 10240 10231 10237
f 10240 10238 10231
f 10268 10238 10240
f 10268 10239 10238
f 10269 10241 10239
f 10239 10235 10238
f 10241 10236 10239
f 10241 10242 10236
f 10227 10512 10526
f 10243 10518 10242
f 10244 10519 10243
f 10271 10242 10241
f 10271 10243 10242
f 10273 10244 10243
f 10245 10209 10249
f 10245 10249 10246
f 10246 10249 10250
f 10248 10215 10247
f 10248 10216 10215
f 10254 10251 10216
f 10254 10216 10248
f 10249 10213 10259
f 10249 10259 10250
f 10250 10259 10260
f 10252 10240 10251
f 10255 10252 10251
f 10257 10268 10252
f 10246 10250 10253
f 10253 10256 10840
f 10196 10254 10248
f 10255 10251 10254
f 10810 10255 10254
f 10841 10252 10255
f 10253 10250 10256
f 10250 10260 10256
f 10840 10256 10843
f 10256 10264 10843
f 10841 10257 10252
f 10258 10269 10257
f 10842 10258 10257
f 10846 10270 10258
f 10252 10268 10240
f 10257 10269 10268
f 10259 10261 10260
f 10260 10261 10263
f 10260 10263 10264
f 10264 10263 10266
f 10261 10228 10263
f 10263 10228 10262
f 10263 10262 10266
f 10266 10262 10568
f 10256 10260 10264
f 10843 10264 10265
f 10264 10266 10265
f 10265 10267 10852
f 10265 10266 10267
f 10266 10568 10267
f 10267 10568 10569
f 10852 10267 10855
f 10267 10569 10855
f 10269 10239 10268
f 10270 10241 10269
f 10270 10271 10241
f 10275 10273 10271
f 10275 10271 10270
f 10273 10243 10271
f 10274 10244 10273
f 10274 10272 10244
f 10277 10272 10274
f 10277 10571 10272
f 10258 10270 10269
f 10846 10275 10270
f 10276 10273 10275
f 10847 10276 10275
f 10863 10274 10276
f 10276 10274 10273
f 10863 10277 10274
f 10278 10571 10277
f 10279 10574 10278
f 10864 10278 10277
f 10864 10277 10863
f 10040 10280 10041
f 10042 8840 8829
f 10044 10286 10042
f 10040 8835 10280
f 10041 10280 10281
f 10041 10281 10043
f 10043 10282 10051
f 10045 10287 10044
f 10052 10285 10045
f 10043 10281 10282
f 8835 10297 10280
f 10280 10298 10281
f 10281 10302 10282
f 10051 10283 10053
f 10051 10282 10283
f 10053 10284 10054
f 10053 10283 10284
f 10054 10284 10315
f 10282 10305 10283
f 10283 10306 10284
f 10284 10308 10315
f 10042 10286 8840
f 10044 10287 10286
f 10052 10291 10285
f 10045 10285 10287
f 10287 10299 10286
f 10285 10288 10287
f 8835 8848 10297
f 10280 10297 10298
f 10286 10299 8851
f 10287 10288 10299
f 10291 10289 10285
f 10281 10298 10302
f 10282 10302 10305
f 10285 10289 10288
f 10291 10290 10289
f 10055 10292 10291
f 10293 10294 10292
f 10065 10293 10292
f 10320 10295 10293
f 10292 10290 10291
f 10292 10294 10290
f 10283 10305 10306
f 10293 10295 10294
f 10320 10296 10295
f 10284 10306 10308
f 8848 10300 10297
f 10297 10301 10298
f 10297 10300 10301
f 10288 8861 10299
f 10298 10301 10303
f 10289 10342 10288
f 10298 10303 10302
f 10302 10304 10305
f 10290 10344 10289
f 10302 10303 10304
f 10294 10343 10290
f 10300 10347 10301
f 10301 10348 10303
f 10303 10349 10304
f 10304 10350 10307
f 10288 10342 8861
f 10289 10344 10342
f 10290 10343 10344
f 10294 10345 10343
f 10305 10307 10306
f 10295 10345 10294
f 10296 10346 10295
f 10305 10304 10307
f 10306 10307 10309
f 10306 10309 10308
f 10322 10352 10296
f 10308 10309 10310
f 10307 10353 10309
f 10309 10354 10310
f 10310 10357 10330
f 10295 10346 10345
f 10296 10352 10346
f 10322 10311 10352
f 10054 10315 10313
f 10313 10315 10316
f 10313 10316 10314
f 10314 10316 10318
f 10315 10328 10316
f 10316 10329 10318
f 10314 10318 10317
f 10317 10318 10319
f 10317 10319 10398
f 10398 10319 10400
f 10318 10335 10319
f 10319 10336 10400
f 10066 10320 10293
f 10321 10296 10320
f 10324 10322 10321
f 10321 10322 10296
f 10315 10308 10328
f 10324 10323 10322
f 10316 10328 10329
f 10325 10323 10324
f 10325 10326 10323
f 10406 10326 10325
f 10406 10327 10326
f 10318 10329 10335
f 10319 10335 10336
f 10308 10310 10328
f 10328 10330 10329
f 10323 10311 10322
f 10328 10310 10330
f 10326 10312 10323
f 10327 10332 10326
f 10329 10331 10335
f 10329 10330 10331
f 10326 10332 10312
f 10327 10333 10332
f 10330 10358 10331
f 10331 10376 10337
f 10323 10312 10311
f 10408 10333 10327
f 10335 10337 10336
f 10335 10331 10337
f 10409 10334 10408
f 10336 10338 10414
f 10336 10337 10338
f 10408 10334 10333
f 10409 10339 10334
f 10412 10340 10339
f 10337 10379 10338
f 10338 10380 10416
f 10300 8870 10347
f 10301 10347 10348
f 10303 10348 10349
f 10344 8880 10342
f 10343 8879 10344
f 10345 10362 10343
f 10304 10349 10350
f 10346 10363 10345
f 10352 10364 10346
f 10345 10363 10362
f 10347 10365 10348
f 10344 8879 8880
f 10343 10362 8879
f 10348 10366 10349
f 10346 10364 10363
f 10352 10368 10364
f 10349 10367 10350
f 10350 10369 10353
f 10353 10370 10354
f 10307 10350 10353
f 10309 10353 10354
f 10311 10368 10352
f 10312 10351 10311
f 10310 10354 10357
f 10330 10357 10358
f 10332 10355 10312
f 10333 10356 10332
f 10311 10351 10368
f 10312 10355 10351
f 10332 10356 10355
f 10354 10371 10357
f 10333 10359 10356
f 10357 10372 10358
f 10358 10373 10376
f 10348 10365 10366
f 8873 10363 10364
f 8873 10364 10368
f 10349 10366 10367
f 8873 10351 10355
f 8873 10368 10351
f 10350 10367 10369
f 8873 10355 10356
f 10353 10369 10370
f 8873 10356 10359
f 8873 10359 10360
f 10354 10370 10371
f 8873 10360 10361
f 8873 10361 10377
f 10357 10371 10372
f 8873 10377 10378
f 10358 10372 10373
f 10449 8874 8873
f 10449 8882 8881
f 10449 8881 8875
f 10449 8875 8874
f 10449 8883 8882
f 10449 10365 8884
f 10449 8884 8883
f 8873 10378 10381
f 8873 10381 10383
f 10376 10373 10374
f 8873 10383 10384
f 10379 10374 10375
f 10449 10366 10365
f 10449 10367 10366
f 10449 10369 10367
f 10449 10370 10369
f 10334 10359 10333
f 10331 10358 10376
f 10339 10360 10334
f 10340 10361 10339
f 10337 10376 10379
f 10334 10360 10359
f 10339 10361 10360
f 10376 10374 10379
f 10379 10375 10380
f 10340 10377 10361
f 10341 10378 10377
f 10380 10388 10382
f 10416 10382 10417
f 10341 10377 10340
f 10338 10379 10380
f 10416 10380 10382
f 10418 10378 10341
f 10419 10381 10418
f 10417 10382 10385
f 10418 10381 10378
f 10419 10383 10381
f 10424 10384 10383
f 8873 10384 10387
f 8873 10387 10393
f 10380 10375 10388
f 8873 10393 10446
f 10449 10371 10370
f 10449 10372 10371
f 10449 10373 10372
f 10382 10388 10389
f 10449 10374 10373
f 8873 10446 10447
f 8873 10447 10449
f 10382 10389 10385
f 10449 10375 10374
f 10385 10389 10390
f 10449 10388 10375
f 10449 10389 10388
f 10385 10390 10386
f 10386 10390 10391
f 10449 10390 10389
f 10449 10391 10390
f 10443 10391 10392
f 10449 10392 10391
f 10386 10391 10443
f 10443 10392 10444
f 10444 10392 10394
f 10448 10394 10395
f 10449 10394 10392
f 10449 10395 10394
f 10449 10396 10395
f 10398 10400 10399
f 10399 10401 10402
f 10400 10414 10401
f 10399 10400 10401
f 10401 10415 10404
f 10118 10402 10403
f 10402 10404 10403
f 10402 10401 10404
f 10404 10420 10405
f 10403 10404 10405
f 10407 10327 10406
f 10407 10408 10327
f 10410 10408 10407
f 10410 10409 10408
f 10412 10339 10409
f 10413 10340 10412
f 10411 10409 10410
f 10411 10412 10409
f 10429 10412 10411
f 10429 10413 10412
f 10431 10341 10413
f 10400 10336 10414
f 10414 10416 10415
f 10401 10414 10415
f 10415 10417 10420
f 10413 10341 10340
f 10431 10418 10341
f 10414 10338 10416
f 10415 10416 10417
f 10420 10417 10422
f 10404 10415 10420
f 10405 10420 10421
f 10432 10418 10431
f 10432 10419 10418
f 10434 10424 10419
f 10420 10422 10421
f 10421 10422 10423
f 10421 10423 10438
f 10438 10423 10439
f 10119 10403 10426
f 10403 10405 10426
f 10426 10405 10427
f 10426 10427 10428
f 10428 10427 10436
f 10122 10426 10428
f 10122 10428 10233
f 10233 10428 10510
f 10428 10436 10510
f 10510 10436 10437
f 10430 10413 10429
f 10430 10431 10413
f 10433 10431 10430
f 10433 10432 10431
f 10514 10432 10433
f 10514 10434 10432
f 10515 10434 10514
f 10515 10435 10434
f 10405 10421 10427
f 10427 10438 10436
f 10436 10440 10437
f 10437 10441 10521
f 10434 10419 10432
f 10427 10421 10438
f 10435 10424 10434
f 10436 10438 10440
f 10438 10439 10440
f 10440 10460 10441
f 10440 10439 10460
f 10435 10425 10424
f 10516 10445 10425
f 10517 10461 10445
f 10516 10425 10435
f 10437 10440 10441
f 10517 10445 10516
f 10441 10464 10442
f 10441 10460 10464
f 10521 10441 10442
f 10520 10462 10461
f 10525 10463 10462
f 10417 10385 10422
f 10422 10386 10423
f 10422 10385 10386
f 10424 10383 10419
f 10425 10384 10424
f 10445 10387 10425
f 10425 10387 10384
f 10445 10393 10387
f 10423 10386 10443
f 10439 10443 10444
f 10461 10446 10393
f 10462 10447 10446
f 10423 10443 10439
f 10439 10444 10460
f 10461 10393 10445
f 10462 10446 10461
f 10463 10447 10462
f 10460 10444 10448
f 10463 10449 10447
f 10466 10450 10449
f 10464 10448 10453
f 10467 10451 10450
f 10444 10394 10448
f 10449 10450 10451
f 10448 10395 10453
f 10453 10396 10456
f 10449 10451 10454
f 10449 10397 10396
f 10453 10395 10396
f 10449 10452 10397
f 10456 10396 10397
f 10449 10477 10452
f 10469 10397 10452
f 10449 10478 10477
f 10449 10479 10478
f 10449 10480 10479
f 10449 10481 10480
f 10449 10454 10455
f 10456 10397 10469
f 10449 10455 10457
f 10449 10457 10458
f 10449 10458 10459
f 10470 10452 10477
f 10449 10482 10481
f 10471 10477 10478
f 10469 10452 10470
f 10449 10459 10472
f 10449 10472 10485
f 10470 10477 10471
f 10473 10478 10479
f 10449 10485 10486
f 10449 10486 10487
f 10449 10487 10488
f 10460 10448 10464
f 10464 10453 10465
f 10466 10449 10463
f 10467 10450 10466
f 10465 10453 10456
f 10468 10451 10467
f 10543 10456 10469
f 10442 10464 10465
f 10465 10456 10543
f 10543 10469 10544
f 10544 10470 10550
f 10545 10454 10468
f 10546 10455 10545
f 10468 10454 10451
f 10545 10455 10454
f 10546 10457 10455
f 10544 10469 10470
f 10547 10458 10457
f 10471 10478 10473
f 10449 10488 10489
f 10473 10479 10474
f 10553 10459 10458
f 10474 10480 10475
f 10550 10470 10471
f 10547 10457 10546
f 10553 10458 10547
f 10551 10471 10473
f 10554 10472 10459
f 10555 10485 10472
f 10556 10486 10485
f 10449 10483 10482
f 10449 10484 10483
f 10449 10490 10484
f 10449 10491 10490
f 10474 10479 10480
f 10449 10492 10491
f 10449 10493 10492
f 10449 10499 10493
f 10449 10500 10499
f 10449 10489 10494
f 10475 10480 10481
f 10449 10494 10495
f 10449 10495 10496
f 10476 10481 10482
f 10449 10496 10497
f 10449 10502 10501
f 10449 10501 10500
f 10449 10497 10498
f 10626 10482 10483
f 10449 10498 10504
f 10449 10504 10505
f 10449 10505 10509
f 10475 10481 10476
f 10627 10483 10484
f 10449 10503 10502
f 10449 10508 10507
f 10449 10507 10506
f 10449 10506 10503
f 10449 10509 10508
f 10628 10484 10490
f 10476 10482 10626
f 10626 10483 10627
f 10557 10487 10486
f 10558 10488 10487
f 10627 10484 10628
f 10635 10489 10488
f 10636 10494 10489
f 10629 10490 10491
f 10630 10491 10492
f 10631 10492 10493
f 10628 10490 10629
f 10632 10493 10499
f 10633 10499 10500
f 10634 10500 10501
f 10642 10501 10502
f 10233 10510 10234
f 10234 10510 10511
f 10510 10437 10511
f 10511 10521 10513
f 10234 10511 10512
f 10512 10513 10526
f 10512 10511 10513
f 10526 10513 10527
f 10518 10435 10515
f 10518 10516 10435
f 10519 10517 10516
f 10242 10518 10515
f 10519 10516 10518
f 10243 10519 10518
f 10529 10520 10517
f 10529 10517 10519
f 10530 10525 10520
f 10511 10437 10521
f 10521 10442 10522
f 10513 10521 10522
f 10513 10522 10527
f 10527 10522 10523
f 10522 10524 10523
f 10523 10548 10534
f 10520 10461 10517
f 10525 10462 10520
f 10538 10463 10525
f 10522 10442 10524
f 10442 10465 10524
f 10538 10466 10463
f 10539 10467 10466
f 10539 10466 10538
f 10523 10524 10548
f 10540 10467 10539
f 10534 10548 10549
f 10526 10527 10528
f 10528 10527 10533
f 10228 10526 10528
f 10272 10529 10244
f 10571 10530 10272
f 10528 10533 10572
f 10572 10533 10536
f 10244 10529 10519
f 10530 10520 10529
f 10531 10538 10525
f 10531 10525 10530
f 10272 10530 10529
f 10571 10531 10530
f 10532 10538 10531
f 10527 10523 10533
f 10533 10523 10534
f 10533 10534 10536
f 10534 10549 10535
f 10536 10534 10535
f 10536 10535 10577
f 10577 10535 10537
f 10532 10539 10538
f 10541 10468 10540
f 10580 10540 10539
f 10580 10539 10532
f 10581 10541 10540
f 10524 10465 10543
f 10524 10543 10548
f 10548 10543 10544
f 10540 10468 10467
f 10550 10471 10551
f 10548 10544 10549
f 10549 10544 10550
f 10549 10550 10560
f 10541 10545 10468
f 10542 10546 10545
f 10560 10550 10551
f 10596 10547 10546
f 10551 10473 10552
f 10552 10473 10474
f 10554 10459 10553
f 10564 10474 10475
f 10555 10472 10554
f 10556 10485 10555
f 10565 10475 10476
f 10557 10486 10556
f 10558 10487 10557
f 10552 10474 10564
f 10564 10475 10565
f 10566 10476 10626
f 10567 10626 10627
f 10535 10560 10537
f 10537 10561 10559
f 10559 10562 10593
f 10535 10549 10560
f 10542 10545 10541
f 10596 10546 10542
f 10537 10560 10561
f 10560 10551 10561
f 10561 10551 10552
f 10561 10552 10562
f 10562 10552 10564
f 10597 10553 10547
f 10598 10554 10553
f 10559 10561 10562
f 10597 10547 10596
f 10562 10564 10563
f 10593 10562 10563
f 10598 10553 10597
f 10599 10554 10598
f 10563 10564 10565
f 10599 10555 10554
f 10600 10556 10555
f 10565 10476 10566
f 10566 10626 10567
f 10567 10627 10603
f 10601 10565 10566
f 10563 10565 10601
f 10602 10566 10567
f 10606 10557 10556
f 10621 10558 10557
f 10622 10635 10558
f 10262 10572 10568
f 10568 10573 10569
f 10569 10575 10570
f 10855 10569 10570
f 10570 10586 10980
f 10980 10588 10981
f 10262 10528 10572
f 10568 10572 10573
f 10574 10531 10571
f 10572 10536 10573
f 10278 10574 10571
f 10569 10573 10575
f 10576 10532 10574
f 10584 10580 10576
f 10574 10532 10531
f 10576 10580 10532
f 10584 10581 10580
f 10573 10536 10577
f 10573 10577 10575
f 10575 10577 10578
f 10577 10537 10578
f 10578 10537 10559
f 10578 10559 10579
f 10575 10578 10586
f 10586 10578 10579
f 10581 10540 10580
f 10582 10541 10581
f 10582 10542 10541
f 10583 10542 10582
f 10583 10596 10542
f 10585 10582 10581
f 10592 10596 10583
f 10279 10576 10574
f 10988 10584 10576
f 10570 10575 10586
f 10585 10581 10584
f 10988 10576 10279
f 10989 10584 10988
f 10989 10585 10584
f 10990 10589 10585
f 10586 10579 10588
f 10589 10582 10585
f 10588 10579 10587
f 10588 10587 10590
f 10590 10587 10609
f 10980 10586 10588
f 10981 10588 10590
f 10591 10583 10589
f 10590 10609 10991
f 10992 10592 10591
f 10589 10583 10582
f 10591 10592 10583
f 10992 10613 10592
f 10579 10559 10593
f 10593 10563 10594
f 10594 10601 10595
f 10579 10593 10587
f 10587 10593 10594
f 10587 10594 10609
f 10595 10602 10610
f 10609 10594 10595
f 10594 10563 10601
f 10595 10601 10602
f 10592 10597 10596
f 10613 10598 10597
f 10613 10597 10592
f 10614 10599 10598
f 10610 10605 10617
f 10601 10566 10602
f 10600 10555 10599
f 10602 10567 10605
f 10606 10556 10600
f 10621 10557 10606
f 10605 10567 10603
f 10605 10603 10607
f 10622 10558 10621
f 10607 10603 10604
f 10608 10604 10651
f 10623 10635 10622
f 10610 10602 10605
f 10617 10605 10607
f 10607 10604 10608
f 10609 10595 10611
f 10611 10595 10610
f 10612 10610 10617
f 10991 10609 10611
f 10999 10613 10992
f 10611 10610 10612
f 10612 10617 11000
f 10614 10598 10613
f 10615 10599 10614
f 10615 10600 10599
f 10616 10600 10615
f 10999 10614 10613
f 11003 10615 10614
f 10617 10607 10618
f 10618 10608 10619
f 11000 10617 10618
f 11006 10618 10619
f 10619 10656 10620
f 10616 10606 10600
f 10624 10621 10606
f 10618 10607 10608
f 10625 10622 10621
f 10619 10608 10656
f 11010 10623 10622
f 10624 10606 10616
f 10625 10621 10624
f 11010 10622 10625
f 11011 10623 11010
f 10635 10488 10558
f 10629 10491 10630
f 10637 10495 10494
f 10638 10496 10495
f 10630 10492 10631
f 10639 10497 10496
f 10640 10498 10497
f 10641 10504 10498
f 10631 10493 10632
f 10632 10499 10633
f 10636 10489 10635
f 10637 10494 10636
f 10603 10627 10628
f 10638 10495 10637
f 10639 10496 10638
f 10640 10497 10639
f 10641 10498 10640
f 10647 10504 10641
f 10643 10502 10503
f 10644 10503 10506
f 10645 10506 10507
f 10647 10505 10504
f 10650 10509 10505
f 10648 10507 10508
f 10649 10508 10509
f 10633 10500 10634
f 10634 10501 10642
f 10642 10502 10643
f 10643 10503 10644
f 10644 10506 10645
f 10645 10507 10648
f 10648 10508 10649
f 10649 10509 10650
f 10650 10505 10646
f 10646 10505 10647
f 10604 10628 10629
f 10651 10629 10630
f 10652 10630 10631
f 10653 10631 10632
f 10603 10628 10604
f 10604 10629 10651
f 10651 10630 10652
f 10623 10636 10635
f 10658 10637 10636
f 10660 10638 10637
f 10652 10631 10653
f 10654 10632 10633
f 10655 10633 10634
f 10661 10639 10638
f 10662 10634 10642
f 10671 10642 10643
f 10672 10643 10644
f 10673 10644 10645
f 10674 10645 10648
f 10676 10648 10649
f 10653 10632 10654
f 10654 10633 10655
f 10655 10634 10662
f 10663 10640 10639
f 10664 10641 10640
f 10667 10647 10641
f 10658 10636 10623
f 10656 10651 10652
f 10660 10637 10658
f 10661 10638 10660
f 10608 10651 10656
f 10656 10652 10657
f 10657 10652 10653
f 10663 10639 10661
f 10659 10653 10654
f 10664 10640 10663
f 10667 10641 10664
f 10669 10647 10667
f 10662 10642 10671
f 10671 10643 10672
f 10669 10646 10647
f 10675 10650 10646
f 10677 10649 10650
f 10672 10644 10673
f 10673 10645 10674
f 10674 10648 10676
f 10676 10649 10677
f 10675 10646 10668
f 10668 10646 10669
f 10677 10650 10675
f 10620 10657 11054
f 11054 10659 11055
f 10657 10653 10659
f 10620 10656 10657
f 10665 10654 10655
f 10666 10655 10662
f 10659 10654 10665
f 10665 10655 10666
f 10670 10662 10671
f 11011 10658 10623
f 11060 10660 10658
f 11054 10657 10659
f 11061 10661 10660
f 11060 10658 11011
f 11055 10659 10665
f 11061 10660 11060
f 10666 10662 10670
f 10670 10671 10678
f 11056 10665 10666
f 11062 10663 10661
f 11063 10664 10663
f 11064 10667 10664
f 11065 10668 10669
f 11065 10669 10667
f 10678 10671 10672
f 11066 10672 10673
f 11067 10673 10674
f 11068 10674 10676
f 11069 10676 10677
f 10678 10672 11066
f 11066 10673 11067
f 11067 10674 11068
f 11068 10676 11069
f 11071 10675 10668
f 11070 10677 10675
f 9625 10682 10681
f 9625 10679 10682
f 9545 10680 10679
f 10679 10683 10682
f 10679 10680 10683
f 10681 10691 10690
f 10681 10682 10691
f 10682 10683 10692
f 10682 10692 10691
f 9546 10684 10680
f 10680 10686 10683
f 10680 10684 10686
f 10684 10685 10688
f 10684 10688 10686
f 10683 10686 10687
f 10683 10687 10692
f 10686 10688 10689
f 10686 10689 10687
f 10690 10691 10695
f 10690 10695 10694
f 10691 10692 10693
f 10691 10693 10695
f 10694 10695 10697
f 10694 10697 10696
f 10695 10693 10698
f 10695 10698 10697
f 10692 10687 10699
f 10692 10699 10693
f 10687 10689 10700
f 10687 10700 10699
f 10693 10699 10701
f 10693 10701 10698
f 10699 10700 10702
f 10699 10702 10701
f 10701 10702 10734
f 10685 10703 10704
f 10685 10704 10688
f 10703 10706 10704
f 10703 10705 10706
f 10705 9844 10709
f 10705 10709 10706
f 10688 10704 10707
f 10704 10708 10707
f 10688 10707 10689
f 10704 10706 10708
f 10706 10709 10713
f 10706 10713 10708
f 10707 10708 10716
f 10708 10713 10719
f 9844 9845 10710
f 9844 10710 10709
f 10709 10710 10712
f 9845 9847 10711
f 9845 10711 10710
f 9847 10781 10711
f 10710 10711 10714
f 10709 10712 10713
f 10710 10714 10712
f 10713 10712 10720
f 10711 10785 10714
f 10712 10714 10721
f 10712 10721 10720
f 10714 10786 10721
f 10689 10707 10715
f 10689 10715 10700
f 10707 10716 10715
f 10700 10715 10717
f 10708 10719 10716
f 10715 10716 10718
f 10700 10717 10702
f 10715 10718 10717
f 10716 10719 10723
f 10702 10717 10749
f 10717 10750 10749
f 10716 10723 10718
f 10717 10718 10750
f 10718 10723 10755
f 10718 10755 10750
f 10713 10720 10719
f 10719 10724 10723
f 10719 10720 10724
f 10720 10721 10722
f 10720 10722 10724
f 10721 10801 10722
f 10723 10724 10725
f 10723 10725 10755
f 10724 10722 10726
f 10724 10726 10725
f 10722 10803 10726
f 10696 10697 10728
f 10696 10728 10727
f 10697 10698 10729
f 10697 10729 10728
f 10727 10731 10730
f 10727 10728 10731
f 10728 10732 10731
f 10728 10729 10732
f 10698 10733 10729
f 10698 10701 10733
f 10701 10734 10733
f 10730 10731 10738
f 10731 10732 10739
f 10729 10733 10735
f 10733 10734 10736
f 10729 10735 10732
f 10732 10735 10743
f 10733 10736 10735
f 10735 10736 10744
f 10735 10744 10743
f 10730 10738 10737
f 10737 10738 10741
f 10731 10739 10738
f 10738 10739 10742
f 10737 10741 10740
f 10738 10742 10741
f 10740 10741 13223
f 10741 13224 13223
f 10741 10742 13224
f 10732 10743 10739
f 10739 10743 10746
f 10743 10744 10745
f 10743 10745 10746
f 10739 10746 10742
f 10742 10747 13224
f 10742 10746 10747
f 10746 10745 10748
f 10746 10748 10747
f 10702 10749 10734
f 10734 10749 10752
f 10734 10752 10736
f 10749 10751 10752
f 10749 10750 10751
f 10750 10755 10756
f 10750 10756 10751
f 10736 10752 10753
f 10736 10753 10744
f 10752 10754 10753
f 10752 10751 10754
f 10751 10756 10759
f 10751 10759 10754
f 10754 10759 10764
f 10755 10725 10757
f 10755 10757 10756
f 10725 10726 10758
f 10725 10758 10757
f 10726 10896 10758
f 10757 10758 10761
f 10758 10926 10761
f 10756 10760 10759
f 10756 10757 10760
f 10759 10760 10767
f 10757 10761 10760
f 10760 10761 10768
f 10744 10753 10762
f 10753 10763 10762
f 10744 10762 10745
f 10753 10754 10763
f 10754 10764 10763
f 10762 10763 10766
f 10745 10762 10765
f 10745 10765 10748
f 10762 10766 10765
f 10759 10767 10764
f 10760 10768 10767
f 10761 10927 10768
f 10763 10764 10770
f 10748 10765 13262
f 10763 10770 10766
f 10765 10766 13263
f 10766 10770 13268
f 10766 13268 13263
f 10764 10771 10770
f 10764 10767 10771
f 10767 10768 10769
f 10767 10769 10771
f 10768 10939 10769
f 10770 10771 10772
f 10770 10772 13268
f 10771 10769 10773
f 10771 10773 10772
f 10769 10943 10773
f 10772 10773 13271
f 9712 10774 9711
f 9712 10775 10774
f 10775 10159 10774
f 10775 10776 10159
f 10777 10776 10775
f 10777 10779 10776
f 10776 10805 10189
f 10779 10805 10776
f 10779 10806 10805
f 10778 10775 9712
f 10778 10777 10775
f 10792 10777 10778
f 10792 10793 10777
f 10793 10779 10777
f 10793 10780 10779
f 10780 10806 10779
f 10780 10807 10806
f 10795 10807 10780
f 10162 10782 10781
f 10781 10782 10783
f 10711 10781 10785
f 10781 10783 10785
f 10782 10165 10784
f 10782 10784 10783
f 10165 10790 10784
f 10783 10784 10787
f 10784 10791 10787
f 10714 10785 10786
f 10785 10783 10788
f 10785 10788 10786
f 10786 10788 10802
f 10783 10787 10788
f 10788 10787 10789
f 10788 10789 10802
f 10787 10824 10789
f 10790 10173 10821
f 10784 10790 10791
f 10790 10821 10791
f 10787 10791 10824
f 10887 10796 9720
f 9716 10792 10778
f 10796 10793 10792
f 10796 10794 10793
f 10794 10780 10793
f 10794 10795 10780
f 10795 10815 10807
f 10798 10795 10794
f 10799 10815 10795
f 10799 10816 10815
f 9720 10796 10792
f 10797 10794 10796
f 10797 10798 10794
f 10887 10797 10796
f 10798 10799 10795
f 10800 10816 10799
f 10800 10818 10816
f 10891 10799 10798
f 10891 10800 10799
f 10893 10818 10800
f 10721 10786 10801
f 10786 10802 10801
f 10801 10802 10804
f 10802 10789 10828
f 10802 10828 10804
f 10722 10801 10803
f 10801 10804 10803
f 10803 10804 10830
f 10726 10803 10896
f 10803 10830 10896
f 10893 10916 10818
f 10806 10194 10805
f 10806 10808 10194
f 10807 10808 10806
f 10815 10809 10807
f 10809 10195 10808
f 10807 10809 10808
f 10811 10196 10809
f 10809 10196 10195
f 10811 10810 10196
f 10813 10255 10810
f 10815 10811 10809
f 10812 10810 10811
f 10812 10813 10810
f 10817 10814 10813
f 10817 10813 10812
f 10816 10811 10815
f 10816 10812 10811
f 10818 10812 10816
f 10818 10817 10812
f 10819 10814 10817
f 10819 10868 10814
f 10820 10869 10868
f 10916 10817 10818
f 10916 10819 10817
f 10917 10819 10916
f 10917 10820 10819
f 10820 10868 10819
f 10918 10869 10820
f 10791 10821 10823
f 10173 10198 10822
f 10173 10822 10821
f 10198 10840 10822
f 10822 10840 10844
f 10821 10826 10823
f 10821 10822 10826
f 10822 10844 10826
f 10791 10823 10824
f 10789 10824 10831
f 10824 10823 10825
f 10824 10825 10831
f 10823 10826 10827
f 10823 10827 10825
f 10826 10844 10849
f 10826 10849 10827
f 10825 10827 10833
f 10827 10849 10850
f 10827 10850 10833
f 10789 10831 10828
f 10804 10828 10829
f 10804 10829 10830
f 10828 10835 10829
f 10830 10829 10923
f 10829 10837 10923
f 10831 10825 10832
f 10828 10831 10835
f 10831 10832 10835
f 10825 10833 10832
f 10833 10850 10870
f 10832 10833 10834
f 10832 10834 10836
f 10833 10870 10834
f 10834 10870 10882
f 10829 10835 10837
f 10835 10832 10836
f 10835 10836 10837
f 10837 10836 10838
f 10836 10834 10839
f 10834 10882 10839
f 10836 10839 10838
f 10838 10839 10933
f 10839 10882 10883
f 10839 10883 10933
f 10813 10841 10255
f 10842 10257 10841
f 10814 10841 10813
f 10814 10842 10841
f 10840 10843 10844
f 10844 10843 10845
f 10844 10845 10849
f 10848 10258 10842
f 10848 10846 10258
f 10851 10846 10848
f 10851 10847 10846
f 10868 10842 10814
f 10868 10848 10842
f 10869 10848 10868
f 10869 10851 10848
f 10849 10845 10857
f 10849 10857 10850
f 10871 10847 10851
f 10871 10853 10847
f 10872 10853 10871
f 10843 10265 10845
f 10845 10265 10852
f 10845 10852 10857
f 10857 10852 10854
f 10847 10275 10846
f 10853 10276 10847
f 10859 10863 10853
f 10852 10855 10854
f 10854 10855 10856
f 10854 10856 10861
f 10861 10856 10982
f 10857 10854 10858
f 10858 10854 10861
f 10850 10857 10858
f 10858 10861 10876
f 10860 10864 10859
f 10872 10859 10853
f 10877 10865 10860
f 10876 10861 10862
f 10861 10982 10862
f 10880 10866 10877
f 10853 10863 10276
f 10859 10864 10863
f 10865 10278 10864
f 10865 10279 10278
f 10866 10988 10279
f 10860 10865 10864
f 10866 10279 10865
f 10867 10988 10866
f 10877 10866 10865
f 10880 10867 10866
f 10881 10994 10867
f 10874 10871 10851
f 10874 10851 10869
f 10875 10871 10874
f 10850 10858 10870
f 10873 10859 10872
f 10875 10872 10871
f 10918 10874 10869
f 10919 10875 10874
f 10956 10872 10875
f 10956 10873 10872
f 10957 10884 10873
f 10957 10873 10956
f 10870 10858 10876
f 10870 10876 10882
f 10882 10876 10879
f 10873 10860 10859
f 10884 10877 10860
f 10884 10860 10873
f 10885 10880 10877
f 10876 10862 10879
f 10879 10862 10878
f 10879 10878 10886
f 10886 10878 11021
f 10881 10867 10880
f 11026 10994 10881
f 10882 10879 10883
f 10883 10879 10886
f 10883 10886 10961
f 10885 10877 10884
f 10958 10885 10884
f 10886 11021 10962
f 10963 10881 10880
f 10963 10880 10885
f 10964 11026 10881
f 10964 10881 10963
f 10888 10797 10887
f 9724 10888 10887
f 10889 10890 10888
f 10899 10888 9724
f 10899 10889 10888
f 10900 10894 10889
f 10890 10798 10797
f 10890 10891 10798
f 10888 10890 10797
f 10894 10891 10890
f 10894 10892 10891
f 10892 10800 10891
f 10892 10893 10800
f 10895 10893 10892
f 10889 10894 10890
f 10905 10892 10894
f 10905 10895 10892
f 10900 10905 10894
f 10895 10897 10893
f 10907 10897 10895
f 10758 10896 10926
f 10897 10916 10893
f 10897 10917 10916
f 10898 10917 10897
f 10898 10920 10917
f 10907 10898 10897
f 10909 10920 10898
f 10909 10921 10920
f 9727 10901 10899
f 10901 10889 10899
f 10901 10900 10889
f 10903 10905 10900
f 13369 10901 9727
f 13369 10902 10901
f 10902 10900 10901
f 10902 10903 10900
f 10904 10906 10903
f 13370 10903 10902
f 13370 10904 10903
f 13374 10911 10904
f 10906 10895 10905
f 10906 10907 10895
f 10903 10906 10905
f 10911 10907 10906
f 10904 10911 10906
f 10911 10908 10907
f 10908 10898 10907
f 10908 10909 10898
f 10912 10909 10908
f 10912 10910 10909
f 10910 10921 10909
f 10910 10922 10921
f 10915 10922 10910
f 10915 10970 10922
f 10913 10908 10911
f 10913 10912 10908
f 13374 10913 10911
f 13378 10912 10913
f 13378 10914 10912
f 10914 10910 10912
f 10914 10915 10910
f 13379 10915 10914
f 13379 10945 10915
f 10920 10820 10917
f 10920 10918 10820
f 10919 10874 10918
f 10921 10918 10920
f 10921 10919 10918
f 10922 10919 10921
f 10922 10959 10919
f 10970 10959 10922
f 10896 10830 10924
f 10896 10924 10926
f 10926 10924 10928
f 10830 10923 10924
f 10924 10923 10925
f 10924 10925 10928
f 10923 10930 10925
f 10761 10926 10927
f 10926 10928 10927
f 10927 10928 10940
f 10928 10925 10929
f 10925 10931 10929
f 10928 10929 10940
f 10940 10929 10941
f 10929 10936 10941
f 10923 10837 10930
f 10837 10838 10930
f 10930 10838 10932
f 10925 10930 10931
f 10930 10932 10931
f 10929 10931 10936
f 10931 10932 10935
f 10838 10933 10932
f 10933 10883 10961
f 10933 10961 10934
f 10932 10933 10934
f 10932 10934 10935
f 10934 10961 10968
f 10931 10935 10936
f 10936 10935 10937
f 10935 10934 10938
f 10935 10938 10937
f 10934 10968 10938
f 10938 10968 10969
f 10937 10938 10952
f 10938 10969 10952
f 10952 10969 11147
f 10768 10927 10939
f 10927 10940 10939
f 10769 10939 10943
f 10939 10940 10942
f 10939 10942 10943
f 10940 10941 10942
f 10942 10941 10946
f 10943 10942 10947
f 10773 10943 10944
f 10943 10947 10944
f 10945 10970 10915
f 10945 10973 10970
f 13387 10973 10945
f 13387 10974 10973
f 10941 10949 10946
f 10944 10947 13395
f 10942 10946 10947
f 10947 10946 10948
f 10946 10951 10948
f 10947 10948 13395
f 13395 10948 13396
f 10948 10955 13396
f 10941 10936 10949
f 10936 10937 10949
f 10949 10937 10950
f 10946 10949 10951
f 10949 10950 10951
f 10951 10950 10954
f 10937 10952 10950
f 10950 10952 10953
f 10952 11147 10953
f 10950 10953 10954
f 10948 10951 10955
f 10951 10954 10955
f 10955 10954 11120
f 13396 10955 13513
f 10955 11120 13513
f 10959 10956 10875
f 10959 10875 10919
f 10960 10957 10956
f 10958 10884 10957
f 10960 10956 10959
f 10971 10958 10957
f 10971 10957 10960
f 10972 10966 10958
f 10966 10963 10885
f 10966 10885 10958
f 10961 10886 10962
f 10961 10962 10968
f 10968 10962 11123
f 10965 11026 10964
f 10967 10964 10963
f 10967 10963 10966
f 10968 11123 10969
f 10975 10964 10967
f 10975 10965 10964
f 10976 10965 10975
f 10970 10960 10959
f 10973 10960 10970
f 10973 10971 10960
f 10972 10958 10971
f 10974 10971 10973
f 10974 10972 10971
f 13418 10977 10972
f 13418 10972 10974
f 10977 10967 10966
f 10977 10966 10972
f 10978 10975 10967
f 10978 10967 10977
f 10979 10976 10975
f 13419 10978 10977
f 10979 10975 10978
f 13420 10976 10979
f 10855 10570 10856
f 10856 10570 10980
f 10856 10980 10982
f 10982 10980 10981
f 10982 10981 10984
f 10984 10981 10983
f 10981 10590 10983
f 10983 10991 10986
f 10862 10982 10984
f 10984 10983 10985
f 10862 10984 10878
f 10878 10984 10985
f 10985 10983 10986
f 10986 11001 10987
f 11022 10986 10987
f 10985 10986 11022
f 10990 10585 10989
f 10867 10989 10988
f 10994 10990 10989
f 10993 10591 10589
f 10993 10589 10990
f 10983 10590 10991
f 10996 10992 10591
f 10996 10591 10993
f 10986 10991 11001
f 10997 10999 10992
f 10997 10992 10996
f 10994 10989 10867
f 10995 10993 10990
f 10995 10990 10994
f 11031 10993 10995
f 11031 10996 10993
f 11014 10999 10997
f 11032 10997 10996
f 11032 10996 11031
f 11033 11014 10997
f 10987 11002 10998
f 10998 11012 11034
f 10991 10611 11001
f 11001 10611 10612
f 11001 10612 11002
f 11003 10614 10999
f 11002 10612 11000
f 11004 10615 11003
f 11005 10616 11004
f 11014 11003 10999
f 11012 11000 11006
f 11002 11000 11012
f 11015 11004 11003
f 11004 10616 10615
f 11000 10618 11006
f 11006 10619 11007
f 11007 10619 10620
f 11009 10620 11054
f 11013 11006 11007
f 11008 10624 11005
f 11017 10625 11008
f 11007 10620 11009
f 11019 11010 11017
f 11009 11054 11018
f 11073 11011 11019
f 11005 10624 10616
f 11008 10625 10624
f 11017 11010 10625
f 11019 11011 11010
f 10987 11001 11002
f 10998 11002 11012
f 11015 11003 11014
f 11012 11006 11013
f 11016 11005 11004
f 11016 11004 11015
f 11034 11012 11013
f 11035 11013 11020
f 11043 11005 11016
f 11013 11007 11020
f 11043 11008 11005
f 11044 11017 11008
f 11020 11007 11009
f 11045 11009 11018
f 11044 11008 11043
f 11020 11009 11045
f 11045 11018 11046
f 11047 11019 11017
f 11048 11073 11019
f 11047 11017 11044
f 11048 11019 11047
f 10878 10985 11021
f 11021 10985 11022
f 11027 10995 11026
f 11021 11022 11024
f 11022 10987 11023
f 11023 10987 10998
f 11024 11022 11023
f 11023 10998 11029
f 10962 11021 11024
f 11123 11024 11025
f 11024 11023 11025
f 11028 11031 11027
f 10965 11027 11026
f 11025 11023 11029
f 11030 11032 11028
f 11025 11029 11124
f 11124 11029 11037
f 11126 11033 11030
f 11133 11042 11126
f 11026 10995 10994
f 11027 11031 10995
f 11033 10997 11032
f 11042 11014 11033
f 11028 11032 11031
f 11030 11033 11032
f 11126 11042 11033
f 11029 10998 11034
f 11034 11013 11035
f 11029 11034 11037
f 11037 11034 11035
f 11035 11020 11036
f 11036 11045 11039
f 11039 11046 11040
f 11037 11035 11038
f 11038 11035 11036
f 11125 11037 11038
f 11135 11049 11133
f 11038 11036 11134
f 11134 11036 11039
f 11040 11090 11041
f 11137 11039 11040
f 11134 11039 11137
f 11138 11040 11041
f 11042 11015 11014
f 11049 11016 11015
f 11050 11043 11016
f 11049 11015 11042
f 11050 11016 11049
f 11036 11020 11045
f 11039 11045 11046
f 11051 11044 11043
f 11051 11043 11050
f 11052 11047 11044
f 11040 11046 11090
f 11053 11048 11047
f 11133 11049 11042
f 11135 11050 11049
f 11136 11051 11050
f 11052 11044 11051
f 11053 11047 11052
f 11108 11048 11053
f 11139 11052 11051
f 11055 10665 11056
f 11056 10666 11057
f 11057 10670 11058
f 11018 11054 11055
f 11072 11055 11056
f 11018 11055 11072
f 11074 11060 11073
f 11058 10678 11059
f 11080 11056 11057
f 11062 10661 11061
f 11063 10663 11062
f 11057 10666 10670
f 11064 10664 11063
f 11065 10667 11064
f 11058 10670 10678
f 11073 11060 11011
f 11074 11061 11060
f 11075 11062 11061
f 11076 11063 11062
f 11077 11064 11063
f 11079 11065 11064
f 11059 11066 11083
f 11083 11067 11084
f 11084 11068 11085
f 11085 11069 11086
f 11069 10677 11070
f 11070 10675 11071
f 11071 10668 11065
f 11059 10678 11066
f 11083 11066 11067
f 11084 11067 11068
f 11085 11068 11069
f 11086 11069 11070
f 11087 11070 11071
f 11088 11071 11065
f 11072 11056 11080
f 11075 11061 11074
f 11081 11057 11058
f 11076 11062 11075
f 11082 11058 11059
f 11077 11063 11076
f 11078 11065 11079
f 11079 11064 11077
f 11088 11065 11078
f 11080 11057 11081
f 11092 11059 11083
f 11081 11058 11082
f 11046 11018 11072
f 11090 11072 11080
f 11093 11080 11081
f 11091 11074 11073
f 11094 11075 11074
f 11082 11059 11092
f 11096 11076 11075
f 11097 11077 11076
f 11098 11078 11079
f 11099 11079 11077
f 11087 11071 11088
f 11086 11070 11087
f 11100 11083 11084
f 11101 11084 11085
f 11092 11083 11100
f 11102 11085 11086
f 11103 11086 11087
f 11100 11084 11101
f 11105 11088 11078
f 11104 11087 11088
f 11101 11085 11102
f 11041 11093 11089
f 11089 11095 11171
f 11171 11106 11172
f 11046 11072 11090
f 11090 11080 11093
f 11091 11073 11048
f 11094 11074 11091
f 11095 11081 11082
f 11093 11081 11095
f 11106 11082 11092
f 11107 11092 11100
f 11096 11075 11094
f 11097 11076 11096
f 11099 11077 11097
f 11098 11079 11099
f 11105 11078 11098
f 11041 11090 11093
f 11108 11091 11048
f 11109 11094 11091
f 11095 11082 11106
f 11110 11096 11094
f 11111 11097 11096
f 11106 11092 11107
f 11113 11099 11097
f 11107 11100 11114
f 11119 11105 11098
f 11102 11086 11103
f 11103 11087 11104
f 11104 11088 11105
f 11114 11100 11101
f 11115 11101 11102
f 11116 11102 11103
f 11117 11103 11104
f 11118 11104 11105
f 11089 11093 11095
f 11109 11091 11108
f 11110 11094 11109
f 11112 11098 11099
f 11171 11095 11106
f 11111 11096 11110
f 11113 11097 11111
f 11112 11099 11113
f 11119 11098 11112
f 11172 11106 11107
f 11173 11107 11114
f 11114 11101 11115
f 11115 11102 11116
f 11116 11103 11117
f 11118 11105 11119
f 11117 11104 11118
f 11174 11114 11115
f 11175 11115 11116
f 10953 11147 11149
f 10954 10953 11121
f 10953 11149 11121
f 11121 11149 11153
f 13513 11120 13514
f 10954 11121 11120
f 11120 11121 11122
f 11121 11153 11122
f 11120 11122 13514
f 11122 11153 11156
f 13514 11122 13517
f 11122 11156 13517
f 13517 11156 13560
f 10962 11024 11123
f 11127 11025 11124
f 11123 11025 11127
f 11127 11124 11128
f 11129 11027 10965
f 11129 11028 11027
f 11130 11028 11129
f 11128 11124 11125
f 11130 11030 11028
f 11124 11037 11125
f 11131 11126 11030
f 11131 11030 11130
f 11132 11133 11126
f 10969 11123 11127
f 10969 11127 11147
f 11147 11127 11128
f 10976 11129 10965
f 11148 11130 11129
f 11128 11125 11150
f 11150 11125 11141
f 11150 11141 11151
f 11132 11126 11131
f 11152 11131 11130
f 11141 11038 11134
f 11136 11050 11135
f 11125 11038 11141
f 11141 11134 11142
f 11144 11135 11133
f 11142 11134 11137
f 11137 11040 11138
f 11139 11051 11136
f 11140 11052 11139
f 11145 11041 11089
f 11138 11041 11145
f 11143 11137 11138
f 11146 11053 11140
f 11151 11141 11142
f 11144 11133 11132
f 11142 11137 11143
f 11158 11136 11135
f 11158 11135 11144
f 11162 11136 11158
f 11162 11139 11136
f 11163 11140 11139
f 11159 11138 11145
f 11143 11138 11159
f 11163 11139 11162
f 11160 11145 11177
f 11159 11145 11160
f 11164 11146 11140
f 11164 11140 11163
f 11140 11053 11052
f 11146 11108 11053
f 11147 11128 11149
f 11149 11128 11150
f 11148 11129 10976
f 11152 11130 11148
f 11149 11150 11153
f 11153 11150 11151
f 11156 11151 11157
f 11154 11132 11131
f 11155 11144 11132
f 11154 11131 11152
f 11155 11132 11154
f 13420 11148 10976
f 13556 11152 11148
f 13556 11148 13420
f 11153 11151 11156
f 11156 11157 13560
f 13557 11154 11152
f 13559 11155 11154
f 11151 11142 11157
f 11157 11142 11143
f 11165 11143 11159
f 11157 11143 11165
f 11166 11158 11144
f 11167 11162 11158
f 11168 11159 11160
f 11160 11177 11161
f 11191 11146 11164
f 11169 11163 11162
f 13560 11157 11165
f 13560 11165 13561
f 13561 11165 11168
f 11166 11144 11155
f 11167 11158 11166
f 11165 11159 11168
f 11168 11160 11170
f 11170 11160 11161
f 11170 11161 13565
f 11169 11162 11167
f 13563 11164 11163
f 13564 11191 11164
f 13563 11163 11169
f 13564 11164 13563
f 11177 11089 11171
f 11172 11107 11173
f 11173 11114 11174
f 11145 11089 11177
f 11178 11108 11146
f 11179 11109 11178
f 11177 11171 11183
f 11183 11171 11172
f 11180 11110 11179
f 11182 11111 11180
f 11184 11172 11173
f 11181 11113 11182
f 11188 11112 11181
f 11174 11115 11175
f 11175 11116 11176
f 11176 11117 11186
f 11186 11118 11187
f 11187 11119 11188
f 11183 11172 11184
f 11185 11173 11174
f 11184 11173 11185
f 11161 11177 11183
f 11191 11178 11146
f 11192 11179 11178
f 11193 11180 11179
f 11185 11174 11190
f 11194 11181 11182
f 11195 11182 11180
f 11196 11188 11181
f 11190 11174 11175
f 11197 11175 11176
f 11198 11176 11186
f 11199 11186 11187
f 11200 11187 11188
f 11190 11175 11197
f 11197 11176 11198
f 11198 11186 11199
f 11178 11109 11108
f 11179 11110 11109
f 11180 11111 11110
f 11182 11113 11111
f 11181 11112 11113
f 11188 11119 11112
f 11176 11116 11117
f 11186 11117 11118
f 11187 11118 11119
f 11189 11183 11184
f 11161 11183 11189
f 11192 11178 11191
f 11201 11184 11185
f 11202 11185 11190
f 11193 11179 11192
f 11195 11180 11193
f 11194 11182 11195
f 11196 11181 11194
f 11189 11184 11201
f 11201 11185 11202
f 11199 11187 11200
f 11200 11188 11196
f 11203 11190 11197
f 11204 11197 11198
f 11205 11198 11199
f 13565 11161 11189
f 13597 11189 11201
f 13565 11189 13597
f 13598 11201 11202
f 13592 11192 11191
f 13593 11193 11192
f 13595 11195 11193
f 11202 11190 11203
f 13596 11196 11194
f 13594 11194 11195
f 13592 11191 13564
f 13593 11192 13592
f 13595 11193 13593
f 13594 11195 13595
f 13596 11194 13594
f 11203 11197 11204
f 13599 11199 11200
f 13600 11200 11196
f 11204 11198 11205
f 11205 11199 13599
f 13599 11200 13600
f 13600 11196 13596
f 3911 11206 7195
f 11206 11207 7196
f 3915 11206 3911
f 3915 11209 11206
f 11209 11207 11206
f 11209 11210 11207
f 11207 11208 7197
f 11210 11208 11207
f 3916 11209 3915
f 11211 11210 11209
f 3916 11211 11209
f 11208 11215 7204
f 11210 11212 11208
f 11211 11213 11210
f 11213 11212 11210
f 11213 11214 11212
f 11215 11216 7864
f 11212 11215 11208
f 11212 11218 11215
f 11218 11216 11215
f 11218 11220 11216
f 11216 11217 7865
f 11217 11240 7899
f 11220 11217 11216
f 11220 11221 11217
f 11221 11240 11217
f 11221 11242 11240
f 11214 11218 11212
f 11219 11220 11218
f 11214 11219 11218
f 11219 11222 11220
f 11222 11221 11220
f 11222 11223 11221
f 11223 11242 11221
f 11223 11246 11242
f 11232 11223 11222
f 11233 11246 11223
f 6027 11211 3916
f 6027 11224 11211
f 11224 11213 11211
f 11224 11225 11213
f 6032 11224 6027
f 11227 11225 11224
f 11225 11214 11213
f 11225 11226 11214
f 11228 11226 11225
f 6032 11227 11224
f 11227 11228 11225
f 6115 11227 6032
f 6115 11345 11227
f 11345 11228 11227
f 11345 11347 11228
f 11228 11229 11226
f 11347 11229 11228
f 11347 11230 11229
f 11226 11219 11214
f 11226 11231 11219
f 11231 11222 11219
f 11231 11232 11222
f 11229 11231 11226
f 11229 11234 11231
f 11234 11232 11231
f 11234 11236 11232
f 11232 11233 11223
f 11233 11258 11246
f 11236 11233 11232
f 11236 11237 11233
f 11237 11258 11233
f 11237 11261 11258
f 11230 11234 11229
f 11235 11236 11234
f 11230 11235 11234
f 11235 11238 11236
f 11238 11237 11236
f 11239 11261 11237
f 11238 11239 11237
f 11239 11264 11261
f 11357 11264 11239
f 11242 11241 11240
f 11242 11243 11241
f 11243 11244 11241
f 11245 11249 11244
f 11243 11245 11244
f 11245 11251 11249
f 11246 11243 11242
f 11246 11247 11243
f 11247 11245 11243
f 11258 11247 11246
f 11259 11248 11247
f 11247 11248 11245
f 11248 11251 11245
f 11248 11255 11251
f 11260 11255 11248
f 11260 11267 11255
f 11251 11250 11249
f 11251 11252 11250
f 11252 11253 11250
f 11254 11439 11253
f 11252 11254 11253
f 11256 11254 11252
f 11255 11252 11251
f 11255 11256 11252
f 11257 11440 11254
f 11267 11256 11255
f 11267 11268 11256
f 11256 11257 11254
f 11268 11257 11256
f 11268 11271 11257
f 11271 11444 11257
f 11258 11259 11247
f 11262 11260 11259
f 11261 11259 11258
f 11261 11262 11259
f 11259 11260 11248
f 11263 11267 11260
f 11262 11263 11260
f 11263 11269 11267
f 11264 11262 11261
f 11264 11265 11262
f 11265 11263 11262
f 11367 11265 11264
f 11368 11266 11265
f 11265 11266 11263
f 11266 11269 11263
f 11266 11273 11269
f 11368 11371 11266
f 11371 11273 11266
f 11371 11374 11273
f 11269 11268 11267
f 11273 11270 11269
f 11269 11270 11268
f 11270 11271 11268
f 11270 11272 11271
f 11272 11446 11271
f 11274 11272 11270
f 11276 11461 11272
f 11273 11274 11270
f 11374 11274 11273
f 11374 11275 11274
f 11274 11276 11272
f 11277 11465 11276
f 11275 11276 11274
f 11275 11277 11276
f 6053 11278 11279
f 11278 7912 11280
f 11278 11280 11279
f 6053 11279 6055
f 6055 11279 11282
f 11279 11280 11283
f 7912 11281 11280
f 7912 7913 11281
f 11280 11281 11284
f 6055 11282 6059
f 11279 11283 11282
f 6059 11282 11294
f 6059 11294 6072
f 11282 11283 11295
f 11282 11295 11294
f 11280 11284 11283
f 11283 11296 11295
f 11283 11284 11296
f 7913 7917 11285
f 7913 11285 11281
f 7917 7920 11286
f 7920 7921 11287
f 7917 11286 11285
f 11281 11285 11288
f 11285 11286 11289
f 7920 11287 11286
f 7921 7938 11313
f 7921 11313 11287
f 11286 11287 11290
f 11287 11313 11316
f 11281 11288 11284
f 11285 11289 11288
f 11284 11288 11291
f 11284 11291 11296
f 11288 11289 11292
f 11288 11292 11291
f 11286 11290 11289
f 11287 11316 11290
f 11290 11316 11319
f 11289 11290 11293
f 11289 11293 11292
f 11290 11319 11293
f 6072 11294 11297
f 11294 11295 11298
f 6072 11297 6076
f 11294 11298 11297
f 11295 11296 11299
f 11295 11299 11298
f 11298 11299 11302
f 6076 11297 11300
f 6076 11300 6080
f 11297 11298 11301
f 11297 11301 11300
f 6080 11300 11376
f 6080 11376 6177
f 11300 11301 11378
f 11298 11302 11301
f 11300 11378 11376
f 11301 11303 11378
f 11301 11302 11303
f 11296 11291 11304
f 11296 11304 11299
f 11291 11292 11305
f 11291 11305 11304
f 11299 11304 11307
f 11304 11305 11310
f 11292 11293 11306
f 11292 11306 11305
f 11293 11319 11332
f 11293 11332 11306
f 11305 11306 11309
f 11306 11332 11334
f 11306 11334 11309
f 11299 11307 11302
f 11304 11310 11307
f 11305 11309 11310
f 11307 11310 11311
f 11302 11307 11308
f 11302 11308 11303
f 11307 11311 11308
f 11310 11309 11312
f 11309 11334 11336
f 11310 11312 11311
f 11309 11336 11312
f 11312 11336 11675
f 7938 7939 11314
f 7938 11314 11313
f 7939 11315 11314
f 11313 11314 11318
f 11314 11321 11318
f 7939 7941 11315
f 7941 7947 11317
f 7941 11317 11315
f 11314 11315 11321
f 11315 11317 11325
f 11313 11318 11316
f 7947 11323 11317
f 7947 7948 11323
f 7948 11324 11323
f 11315 11325 11321
f 11316 11318 11320
f 11316 11320 11319
f 11318 11322 11320
f 11318 11321 11322
f 11321 11325 11327
f 11321 11327 11322
f 11322 11327 11339
f 11317 11326 11325
f 11317 11323 11326
f 7950 11482 11324
f 11323 11324 11329
f 11323 11329 11326
f 11324 11484 11329
f 11325 11326 11328
f 11325 11328 11327
f 11327 11328 11340
f 11326 11329 11330
f 11326 11330 11328
f 11329 11490 11330
f 11328 11330 11343
f 11319 11320 11331
f 11319 11331 11332
f 11320 11333 11331
f 11320 11322 11333
f 11322 11339 11333
f 11332 11331 11335
f 11332 11335 11334
f 11331 11338 11335
f 11331 11333 11338
f 11333 11339 11341
f 11333 11341 11338
f 11334 11335 11337
f 11335 11630 11337
f 11334 11337 11336
f 11335 11338 11630
f 11338 11341 11632
f 11338 11632 11630
f 11327 11340 11339
f 11339 11340 11342
f 11339 11342 11341
f 11328 11343 11340
f 11330 11513 11343
f 11340 11343 11344
f 11340 11344 11342
f 11343 11515 11344
f 11341 11342 11631
f 11342 11344 11633
f 6117 11345 6115
f 11346 11347 11345
f 11346 11348 11347
f 6117 11346 11345
f 11348 11230 11347
f 11348 11349 11230
f 6121 11346 6117
f 11349 11235 11230
f 11350 11348 11346
f 11351 11349 11348
f 6121 11350 11346
f 11350 11351 11348
f 6136 11350 6121
f 6136 11364 11350
f 11364 11351 11350
f 11364 11353 11351
f 11353 11352 11351
f 11351 11352 11349
f 11353 11354 11352
f 11349 11355 11235
f 11355 11238 11235
f 11355 11356 11238
f 11352 11355 11349
f 11352 11358 11355
f 11358 11356 11355
f 11358 11360 11356
f 11356 11239 11238
f 11356 11357 11239
f 11357 11367 11264
f 11360 11357 11356
f 11360 11361 11357
f 11361 11367 11357
f 11361 11369 11367
f 11354 11358 11352
f 11359 11360 11358
f 11359 11362 11360
f 11354 11359 11358
f 11380 11359 11354
f 11387 11362 11359
f 11362 11361 11360
f 11363 11369 11361
f 11362 11363 11361
f 11363 11373 11369
f 11389 11363 11362
f 11390 11373 11363
f 6140 11364 6136
f 6140 11365 11364
f 11365 11353 11364
f 11365 11366 11353
f 6184 11365 6140
f 11383 11366 11365
f 11366 11354 11353
f 11366 11380 11354
f 11380 11387 11359
f 11367 11368 11265
f 11369 11368 11367
f 11370 11371 11368
f 11369 11370 11368
f 11402 11372 11370
f 11372 11374 11371
f 11372 11375 11374
f 11370 11372 11371
f 11404 11375 11372
f 11373 11370 11369
f 11373 11402 11370
f 11402 11404 11372
f 11375 11275 11374
f 11375 11406 11275
f 11406 11277 11275
f 11406 11407 11277
f 11407 11467 11277
f 11389 11390 11363
f 11390 11415 11373
f 6177 11376 11377
f 11376 11378 11379
f 6177 11377 6179
f 11376 11379 11377
f 11378 11635 11379
f 11378 11303 11635
f 11303 11308 11642
f 11303 11642 11635
f 11308 11311 11643
f 11308 11643 11642
f 11311 11312 11644
f 6184 11383 11365
f 11383 11381 11366
f 11381 11380 11366
f 11381 11382 11380
f 6186 11383 6184
f 6186 11384 11383
f 11384 11381 11383
f 11384 11385 11381
f 11385 11382 11381
f 6404 11384 6186
f 12091 11385 11384
f 6404 12091 11384
f 12091 11396 11385
f 11385 11386 11382
f 11396 11386 11385
f 11396 11397 11386
f 11382 11387 11380
f 11387 11389 11362
f 11388 11389 11387
f 11382 11388 11387
f 11388 11391 11389
f 11391 11390 11389
f 11391 11392 11390
f 11392 11415 11390
f 11392 11417 11415
f 11393 11391 11388
f 11394 11392 11391
f 11394 11395 11392
f 11395 11417 11392
f 11395 11418 11417
f 11386 11388 11382
f 11386 11393 11388
f 11393 11394 11391
f 11397 11393 11386
f 11398 11394 11393
f 11397 11398 11393
f 11399 11395 11394
f 11400 11418 11395
f 11398 11399 11394
f 12094 11398 11397
f 12098 11399 11398
f 12098 12100 11399
f 11399 11400 11395
f 11400 11424 11418
f 12100 11400 11399
f 12100 11401 11400
f 11401 11424 11400
f 11401 11427 11424
f 11415 11402 11373
f 11415 11403 11402
f 11403 11404 11402
f 11404 11409 11375
f 11405 11409 11404
f 11403 11405 11404
f 11405 11411 11409
f 11420 11411 11405
f 11409 11406 11375
f 11409 11410 11406
f 11410 11407 11406
f 11410 11408 11407
f 11408 11567 11407
f 11411 11410 11409
f 11411 11412 11410
f 11412 11408 11410
f 11413 11569 11408
f 11421 11412 11411
f 11421 11422 11412
f 11412 11413 11408
f 11422 11413 11412
f 11422 11414 11413
f 11414 11575 11413
f 11417 11403 11415
f 11416 11405 11403
f 11417 11416 11403
f 11418 11416 11417
f 11418 11419 11416
f 11419 11420 11416
f 11416 11420 11405
f 11420 11421 11411
f 11423 11421 11420
f 11419 11423 11420
f 11423 11430 11421
f 11430 11422 11421
f 11431 11414 11422
f 11425 11423 11419
f 11426 11430 11423
f 11426 11435 11430
f 11424 11419 11418
f 11424 11425 11419
f 11428 11426 11425
f 11427 11425 11424
f 11425 11426 11423
f 11427 11428 11425
f 12103 11428 11427
f 12103 12140 11428
f 12140 11429 11428
f 11428 11429 11426
f 11429 11435 11426
f 11429 11436 11435
f 12140 11700 11429
f 11700 11436 11429
f 11430 11431 11422
f 11435 11431 11430
f 11435 11433 11431
f 11431 11432 11414
f 11432 11585 11414
f 11434 11596 11432
f 11433 11432 11431
f 11433 11434 11432
f 11438 11600 11434
f 11436 11433 11435
f 11436 11437 11433
f 11701 11437 11436
f 11437 11434 11433
f 11437 11438 11434
f 11702 11438 11437
f 11254 11440 11439
f 11440 8185 11439
f 11440 11441 8185
f 11444 11441 11440
f 11441 8188 8185
f 11442 8189 8188
f 11441 11442 8188
f 11443 8195 8189
f 11442 11443 8189
f 11445 11442 11441
f 11448 11443 11442
f 11449 11452 11443
f 11257 11444 11440
f 11444 11445 11441
f 11271 11446 11444
f 11446 11445 11444
f 11446 11447 11445
f 11445 11448 11442
f 11447 11448 11445
f 11450 11449 11448
f 11448 11449 11443
f 11447 11450 11448
f 11451 11455 11449
f 11450 11451 11449
f 11443 11452 8195
f 11452 8198 8195
f 11452 11453 8198
f 11449 11455 11452
f 11455 11453 11452
f 11453 8199 8198
f 11455 11457 11453
f 11453 11454 8199
f 11454 8228 8199
f 11457 11454 11453
f 11457 11458 11454
f 11458 11474 11454
f 11456 11457 11455
f 11451 11456 11455
f 11456 11459 11457
f 11470 11459 11456
f 11459 11458 11457
f 11459 11460 11458
f 11460 11475 11458
f 11472 11460 11459
f 11473 11480 11460
f 11272 11461 11446
f 11461 11447 11446
f 11461 11462 11447
f 11465 11462 11461
f 11465 11466 11462
f 11462 11450 11447
f 11463 11451 11450
f 11462 11463 11450
f 11464 11456 11451
f 11463 11464 11451
f 11466 11463 11462
f 11468 11464 11463
f 11466 11468 11463
f 11469 11470 11464
f 11468 11469 11464
f 11276 11465 11461
f 11467 11466 11465
f 11277 11467 11465
f 11467 11503 11466
f 11504 11469 11468
f 11503 11468 11466
f 11503 11504 11468
f 11464 11470 11456
f 11470 11472 11459
f 11469 11471 11470
f 11471 11472 11470
f 11471 11506 11472
f 11472 11473 11460
f 11506 11473 11472
f 11454 11474 8228
f 11474 11476 8231
f 11458 11475 11474
f 11475 11476 11474
f 11475 11478 11476
f 11476 11477 8232
f 11479 11481 11477
f 11478 11477 11476
f 11478 11479 11477
f 11460 11480 11475
f 11480 11478 11475
f 11480 11520 11478
f 11520 11479 11478
f 11477 11481 8238
f 11481 11521 8239
f 8274 11483 11482
f 11324 11482 11484
f 11482 11483 11485
f 11482 11485 11484
f 8279 11486 11483
f 8280 11487 11486
f 8281 11494 11487
f 11483 11486 11488
f 11483 11488 11485
f 11486 11489 11488
f 11486 11487 11489
f 11487 11496 11489
f 11329 11484 11490
f 11484 11485 11491
f 11484 11491 11490
f 11330 11490 11513
f 11490 11491 11514
f 11490 11514 11513
f 11485 11488 11493
f 11485 11493 11491
f 11488 11492 11493
f 11488 11489 11492
f 11489 11500 11492
f 11491 11493 11516
f 11493 11492 11517
f 11491 11516 11514
f 11493 11517 11516
f 11492 11518 11517
f 11487 11494 11496
f 8284 11495 11494
f 11494 11495 11498
f 8287 11497 11495
f 11494 11498 11496
f 11495 11497 11499
f 11495 11499 11498
f 11498 11499 11502
f 11497 11533 11499
f 11489 11496 11500
f 11496 11501 11500
f 11496 11498 11501
f 11492 11500 11518
f 11500 11501 11742
f 11500 11742 11518
f 11498 11502 11501
f 11499 11538 11502
f 11501 11502 11743
f 11501 11743 11742
f 11567 11503 11467
f 11505 11471 11469
f 11504 11505 11469
f 11568 11504 11503
f 11570 11505 11504
f 11571 11508 11505
f 11570 11571 11505
f 11507 11543 11473
f 11506 11507 11473
f 11510 11544 11507
f 11505 11508 11471
f 11508 11506 11471
f 11508 11509 11506
f 11571 11579 11508
f 11579 11509 11508
f 11579 11511 11509
f 11509 11507 11506
f 11509 11510 11507
f 11512 11549 11510
f 11511 11510 11509
f 11511 11512 11510
f 11582 11550 11512
f 11343 11513 11515
f 11513 11514 11744
f 11513 11744 11515
f 11514 11516 11745
f 11514 11745 11744
f 11516 11517 11746
f 11517 11518 11755
f 11473 11543 11480
f 11543 11520 11480
f 11543 11545 11520
f 11520 11519 11479
f 11519 11522 11479
f 11545 11519 11520
f 11545 11546 11519
f 11546 11526 11519
f 11522 11521 11481
f 11479 11522 11481
f 11522 11523 11521
f 11526 11523 11522
f 11523 11524 11521
f 11525 12468 11524
f 11523 11525 11524
f 11527 11525 11523
f 11530 12470 11525
f 11519 11526 11522
f 11526 11527 11523
f 11546 11528 11526
f 11528 11527 11526
f 11528 11529 11527
f 11527 11530 11525
f 11529 11530 11527
f 11531 12474 11530
f 11529 11531 11530
f 11559 12476 11531
f 11497 11532 11533
f 11532 11534 11536
f 11532 11536 11533
f 11499 11533 11538
f 11533 11536 11539
f 11534 11535 11537
f 11534 11537 11536
f 11535 11541 11537
f 11536 11537 11767
f 11502 11538 11766
f 11533 11539 11538
f 11536 11767 11539
f 11535 11540 11541
f 11540 8331 11542
f 11540 11542 11541
f 11537 11541 11771
f 8331 8333 11770
f 8331 11770 11542
f 11544 11545 11543
f 11544 11547 11545
f 11507 11544 11543
f 11549 11547 11544
f 11547 11546 11545
f 11547 11548 11546
f 11548 11528 11546
f 11551 11548 11547
f 11551 11552 11548
f 11552 11555 11548
f 11510 11549 11544
f 11549 11551 11547
f 11550 11551 11549
f 11512 11550 11549
f 11550 11553 11551
f 11608 11553 11550
f 11553 11552 11551
f 11553 11554 11552
f 11554 11557 11552
f 11609 11554 11553
f 11609 11611 11554
f 11611 11561 11554
f 11548 11555 11528
f 11555 11529 11528
f 11555 11556 11529
f 11556 11531 11529
f 11552 11557 11555
f 11557 11556 11555
f 11557 11558 11556
f 11556 11559 11531
f 11560 12495 11559
f 11558 11559 11556
f 11558 11560 11559
f 11563 12497 11560
f 11561 11558 11557
f 11554 11561 11557
f 11561 11562 11558
f 11611 11564 11561
f 11564 11562 11561
f 11562 11560 11558
f 11562 11563 11560
f 11564 11565 11562
f 11566 12502 11563
f 11565 11563 11562
f 11565 11566 11563
f 11622 11566 11565
f 11623 12504 11566
f 11407 11567 11467
f 11567 11568 11503
f 11569 11568 11567
f 11408 11569 11567
f 11569 11572 11568
f 11568 11570 11504
f 11572 11570 11568
f 11573 11571 11570
f 11573 11574 11571
f 11574 11579 11571
f 11572 11573 11570
f 11575 11572 11569
f 11576 11573 11572
f 11577 11574 11573
f 11578 11580 11574
f 11577 11578 11574
f 11413 11575 11569
f 11575 11576 11572
f 11585 11576 11575
f 11414 11585 11575
f 11585 11586 11576
f 11576 11577 11573
f 11586 11577 11576
f 11587 11578 11577
f 11588 11584 11578
f 11586 11587 11577
f 11574 11580 11579
f 11580 11511 11579
f 11580 11581 11511
f 11578 11584 11580
f 11584 11581 11580
f 11584 11583 11581
f 11581 11512 11511
f 11581 11582 11512
f 11589 11608 11582
f 11583 11582 11581
f 11583 11589 11582
f 11596 11586 11585
f 11587 11588 11578
f 11597 11587 11586
f 11598 11588 11587
f 11597 11598 11587
f 11599 11590 11588
f 11598 11599 11588
f 11593 11610 11589
f 11588 11590 11584
f 11590 11583 11584
f 11590 11592 11583
f 11599 11591 11590
f 11591 11592 11590
f 11591 11594 11592
f 11592 11589 11583
f 11592 11593 11589
f 11594 11593 11592
f 11595 11615 11593
f 11594 11595 11593
f 11605 11594 11591
f 11606 11595 11594
f 11607 11617 11595
f 11606 11607 11595
f 11432 11596 11585
f 11596 11597 11586
f 11600 11597 11596
f 11601 11598 11597
f 11600 11601 11597
f 11434 11600 11596
f 11438 11604 11600
f 11604 11601 11600
f 11604 11835 11601
f 11602 11599 11598
f 11601 11602 11598
f 11603 11591 11599
f 11602 11603 11599
f 11837 11605 11603
f 11835 11602 11601
f 11836 11603 11602
f 11835 11836 11602
f 11836 11837 11603
f 11603 11605 11591
f 11605 11606 11594
f 11850 11606 11605
f 11837 11850 11605
f 11853 11607 11606
f 11582 11608 11550
f 11608 11609 11553
f 11610 11609 11608
f 11610 11613 11609
f 11589 11610 11608
f 11615 11613 11610
f 11615 11616 11613
f 11613 11611 11609
f 11613 11612 11611
f 11612 11564 11611
f 11616 11612 11613
f 11616 11614 11612
f 11614 11621 11612
f 11593 11615 11610
f 11595 11617 11615
f 11617 11616 11615
f 11617 11619 11616
f 11607 11618 11617
f 11618 11619 11617
f 11618 11872 11619
f 11619 11614 11616
f 11619 11620 11614
f 11620 11624 11614
f 11873 11628 11620
f 11872 11620 11619
f 11872 11873 11620
f 11612 11621 11564
f 11621 11565 11564
f 11621 11622 11565
f 11624 11622 11621
f 11614 11624 11621
f 11622 11623 11566
f 11625 11623 11622
f 11624 11625 11622
f 11628 11625 11624
f 11628 11629 11625
f 11625 11626 11623
f 11626 12586 11623
f 11629 11626 11625
f 11629 11627 11626
f 11627 12587 11626
f 11620 11628 11624
f 11875 11629 11628
f 11874 11627 11629
f 11336 11337 11676
f 11337 11630 11678
f 11630 11632 11684
f 11630 11684 11678
f 11341 11631 11632
f 11632 11631 11685
f 11632 11685 11684
f 11342 11633 11631
f 11344 11747 11633
f 11631 11633 11634
f 11631 11634 11685
f 11633 11749 11634
f 6179 11377 11636
f 11377 11379 11637
f 11379 11635 11638
f 6179 11636 6217
f 11377 11637 11636
f 11636 11637 11640
f 6217 11636 11639
f 6217 11639 6219
f 11636 11640 11639
f 11379 11638 11637
f 11637 11638 11641
f 11637 11641 11640
f 11639 11640 11652
f 11640 11641 11653
f 11635 11642 11646
f 11635 11646 11638
f 11642 11643 11647
f 11642 11647 11646
f 11311 11644 11643
f 11312 11675 11644
f 11643 11644 11645
f 11643 11645 11647
f 11644 11675 11677
f 11644 11677 11645
f 11638 11646 11648
f 11646 11647 11649
f 11638 11648 11641
f 11646 11649 11648
f 11641 11654 11653
f 11641 11648 11654
f 11648 11649 11655
f 11648 11655 11654
f 11647 11645 11650
f 11647 11650 11649
f 11645 11677 11681
f 11645 11681 11650
f 11649 11650 11666
f 11649 11666 11655
f 11650 11681 11692
f 11650 11692 11666
f 6219 11639 11651
f 6219 11651 6232
f 11639 11652 11651
f 11651 11652 11657
f 6232 11651 11656
f 11640 11653 11652
f 6232 11656 6239
f 11651 11657 11656
f 11656 11657 11661
f 11652 11653 11658
f 11652 11658 11657
f 11657 11658 11662
f 6239 11656 11659
f 6239 11659 6245
f 11656 11661 11659
f 11657 11662 11661
f 11659 11661 11663
f 6245 11659 11660
f 6245 11660 6247
f 11659 11663 11660
f 6247 11660 12171
f 11660 11663 12173
f 11661 11662 11664
f 11661 11664 11663
f 11663 11722 12173
f 11663 11664 11722
f 11653 11654 11665
f 11653 11665 11658
f 11654 11655 11668
f 11654 11668 11665
f 11658 11665 11671
f 11658 11671 11662
f 11665 11668 11669
f 11665 11669 11671
f 11655 11666 11667
f 11655 11667 11668
f 11666 11692 11706
f 11666 11706 11667
f 11668 11667 11670
f 11668 11670 11669
f 11667 11709 11670
f 11667 11706 11709
f 11670 11709 11713
f 11662 11671 11672
f 11662 11672 11664
f 11671 11669 11673
f 11671 11673 11672
f 11664 11672 11723
f 11664 11723 11722
f 11672 11673 11725
f 11669 11670 11674
f 11669 11674 11673
f 11673 11674 11724
f 11670 11713 11674
f 11674 11713 11727
f 11336 11676 11675
f 11337 11678 11676
f 11675 11676 11679
f 11675 11679 11677
f 11676 11680 11679
f 11676 11678 11680
f 11678 11684 11686
f 11678 11686 11680
f 11677 11679 11682
f 11679 11680 11683
f 11680 11686 11690
f 11677 11682 11681
f 11679 11683 11682
f 11681 11682 11693
f 11681 11693 11692
f 11682 11694 11693
f 11682 11683 11694
f 11680 11690 11683
f 11683 11690 11695
f 11684 11685 11687
f 11685 11634 11688
f 11684 11687 11686
f 11686 11687 11691
f 11686 11691 11690
f 11685 11688 11687
f 11634 11804 11688
f 11687 11688 11689
f 11687 11689 11691
f 11688 11806 11689
f 11690 11691 11696
f 11692 11693 11707
f 11693 11694 11708
f 11683 11695 11694
f 11694 11695 11715
f 11694 11715 11708
f 11690 11696 11695
f 11695 11697 11715
f 11695 11696 11697
f 11691 11689 11698
f 11691 11698 11696
f 11689 11813 11698
f 11696 11698 11699
f 11696 11699 11697
f 11698 11817 11699
f 11700 11701 11436
f 12143 11701 11700
f 11701 11702 11437
f 12147 11702 11701
f 12147 11704 11702
f 11702 11703 11438
f 11703 11604 11438
f 11704 11703 11702
f 11704 11705 11703
f 11705 11838 11703
f 12150 11842 11705
f 11692 11707 11706
f 11706 11707 11710
f 11693 11708 11707
f 11707 11708 11711
f 11706 11710 11709
f 11709 11710 11714
f 11707 11711 11710
f 11710 11712 11714
f 11708 11715 11716
f 11708 11716 11711
f 11710 11711 11712
f 11711 11716 11718
f 11711 11718 11712
f 11709 11714 11713
f 11713 11714 11726
f 11715 11717 11716
f 11715 11697 11717
f 11716 11719 11718
f 11716 11717 11719
f 11697 11699 11720
f 11697 11720 11717
f 11699 11859 11720
f 11717 11720 11721
f 11720 11937 11721
f 11717 11721 11719
f 11672 11725 11723
f 11723 11725 12186
f 11673 11724 11725
f 11725 11724 12187
f 11674 11727 11724
f 11724 11727 11728
f 11724 11728 12187
f 11713 11726 11727
f 11714 11730 11726
f 11727 11726 11729
f 11727 11729 11728
f 11728 11729 12270
f 11726 11731 11729
f 11714 11712 11730
f 11712 11732 11730
f 11712 11718 11732
f 11730 11732 11735
f 11726 11730 11731
f 11729 11731 12275
f 11730 11735 11731
f 11731 11735 11738
f 11731 11738 12275
f 11718 11719 11733
f 11719 11721 11736
f 11719 11736 11733
f 11721 11938 11736
f 11718 11733 11732
f 11732 11734 11735
f 11732 11733 11734
f 11735 11734 11739
f 11733 11736 11737
f 11733 11737 11734
f 11736 11945 11737
f 11735 11739 11738
f 11738 11739 12298
f 11734 11737 11740
f 11734 11740 11739
f 11739 11740 11741
f 11737 11949 11740
f 11739 11741 12298
f 11740 11950 11741
f 11502 11766 11743
f 11344 11515 11747
f 11515 11744 11748
f 11516 11746 11745
f 11517 11755 11746
f 11744 11745 11750
f 11745 11746 11751
f 11746 11759 11751
f 11515 11748 11747
f 11747 11748 11752
f 11633 11747 11749
f 11747 11752 11749
f 11744 11750 11748
f 11745 11751 11750
f 11748 11750 11753
f 11750 11751 11754
f 11748 11753 11752
f 11750 11754 11753
f 11749 11752 11805
f 11751 11761 11754
f 11752 11753 11807
f 11753 11754 11808
f 11754 11809 11808
f 11518 11742 11756
f 11518 11756 11755
f 11746 11755 11759
f 11755 11756 11760
f 11755 11760 11759
f 11742 11743 11757
f 11742 11757 11756
f 11743 11777 11757
f 11756 11757 11758
f 11756 11758 11760
f 11757 11780 11758
f 11751 11759 11761
f 11759 11760 11763
f 11759 11763 11761
f 11754 11761 11809
f 11761 11763 11764
f 11761 11764 11809
f 11760 11758 11762
f 11760 11762 11763
f 11758 11783 11762
f 11763 11762 11765
f 11763 11765 11764
f 11762 11784 11765
f 11537 11771 11767
f 11538 11539 11768
f 11538 11768 11766
f 11766 11768 11778
f 11539 11767 11769
f 11767 11773 11769
f 11539 11769 11768
f 11768 11769 11779
f 11541 11542 11772
f 11541 11772 11771
f 8333 12631 11770
f 11542 11770 11775
f 11542 11775 11772
f 11770 12633 11775
f 11767 11771 11773
f 11771 11772 11774
f 11771 11774 11773
f 11769 11773 11787
f 11773 11774 11788
f 11773 11788 11787
f 11772 11775 11776
f 11772 11776 11774
f 11775 12637 11776
f 11774 11776 11791
f 11774 11791 11788
f 11776 12639 11791
f 11743 11766 11777
f 11766 11778 11777
f 11777 11778 11781
f 11757 11777 11780
f 11777 11781 11780
f 11768 11779 11778
f 11778 11779 11782
f 11769 11787 11779
f 11780 11781 11785
f 11778 11782 11781
f 11781 11782 11786
f 11779 11789 11782
f 11782 11794 11786
f 11758 11780 11783
f 11780 11785 11783
f 11783 11785 11796
f 11762 11783 11784
f 11783 11796 11784
f 11781 11786 11785
f 11785 11786 11797
f 11786 11799 11797
f 11785 11797 11796
f 11779 11787 11789
f 11787 11790 11789
f 11787 11788 11790
f 11782 11789 11794
f 11789 11790 11795
f 11789 11795 11794
f 11788 11791 11792
f 11788 11792 11790
f 11791 12660 11792
f 11790 11792 11793
f 11790 11793 11795
f 11792 12662 11793
f 11786 11794 11799
f 11794 11795 11798
f 11765 11784 11881
f 11784 11796 11883
f 11796 11797 11884
f 11796 11884 11883
f 11797 11800 11884
f 11794 11798 11799
f 11797 11799 11800
f 11799 11798 11801
f 11799 11801 11800
f 11795 11793 11802
f 11795 11802 11798
f 11793 12670 11802
f 11798 11802 11803
f 11798 11803 11801
f 11801 11803 11897
f 11802 12672 11803
f 11634 11749 11804
f 11749 11805 11804
f 11804 11805 11810
f 11688 11804 11806
f 11804 11810 11806
f 11752 11807 11805
f 11753 11808 11807
f 11805 11807 11811
f 11807 11808 11812
f 11808 11823 11812
f 11805 11811 11810
f 11807 11812 11811
f 11808 11809 11823
f 11809 11764 11825
f 11806 11810 11814
f 11810 11811 11815
f 11811 11816 11815
f 11811 11812 11816
f 11812 11824 11816
f 11689 11806 11813
f 11806 11814 11813
f 11698 11813 11817
f 11813 11814 11818
f 11813 11818 11817
f 11810 11815 11814
f 11814 11815 11819
f 11814 11819 11818
f 11815 11820 11819
f 11815 11816 11820
f 11699 11817 11859
f 11817 11818 11860
f 11817 11860 11859
f 11816 11829 11820
f 11818 11819 11821
f 11818 11821 11860
f 11819 11822 11821
f 11819 11820 11822
f 11820 11830 11822
f 11809 11825 11823
f 11812 11823 11824
f 11823 11825 11827
f 11823 11827 11824
f 11764 11765 11826
f 11764 11826 11825
f 11765 11881 11826
f 11825 11826 11828
f 11825 11828 11827
f 11827 11828 11832
f 11826 11882 11828
f 11816 11824 11829
f 11824 11827 11831
f 11824 11831 11829
f 11829 11831 11833
f 11820 11829 11830
f 11822 11830 11959
f 11829 11833 11830
f 11830 11833 11961
f 11827 11832 11831
f 11831 11832 11834
f 11828 11889 11832
f 11832 11890 11834
f 11831 11834 11833
f 11833 11834 11935
f 11840 11837 11836
f 11841 11850 11837
f 11703 11838 11604
f 11838 11835 11604
f 11838 11839 11835
f 11842 11839 11838
f 11705 11842 11838
f 11839 11836 11835
f 11839 11840 11836
f 11843 11840 11839
f 11846 11841 11840
f 11840 11841 11837
f 11847 11851 11841
f 11842 11843 11839
f 11844 11843 11842
f 12150 11844 11842
f 11844 11845 11843
f 11843 11846 11840
f 11846 11847 11841
f 11849 11856 11847
f 11845 11846 11843
f 11845 11848 11846
f 11848 11847 11846
f 11848 11849 11847
f 11850 11853 11606
f 11851 11853 11850
f 11841 11851 11850
f 11851 11854 11853
f 11853 11852 11607
f 11852 11618 11607
f 11855 11900 11852
f 11854 11852 11853
f 11854 11855 11852
f 11857 11855 11854
f 11857 11858 11855
f 11858 11903 11855
f 11847 11856 11851
f 11856 11854 11851
f 11856 11857 11854
f 11862 11857 11856
f 11862 11864 11857
f 11849 11862 11856
f 11864 11858 11857
f 11864 11865 11858
f 11865 11904 11858
f 11720 11859 11937
f 11859 11860 11936
f 11859 11936 11937
f 11860 11821 11940
f 11821 11941 11940
f 11860 11940 11936
f 11821 11822 11941
f 11822 11959 11941
f 12360 11848 11845
f 12361 11849 11848
f 12360 12361 11848
f 11861 11862 11849
f 12361 11861 11849
f 12367 11863 11861
f 11861 11863 11862
f 11863 11864 11862
f 11863 11866 11864
f 11868 11866 11863
f 11866 11865 11864
f 11867 11915 11865
f 11866 11867 11865
f 11869 11867 11866
f 11870 11916 11867
f 12367 11868 11863
f 11868 11869 11866
f 11869 11870 11867
f 12371 11870 11869
f 12371 11871 11870
f 11871 11919 11870
f 11900 11872 11618
f 11901 11873 11872
f 11901 11902 11873
f 11902 11875 11873
f 11873 11875 11628
f 11875 11874 11629
f 11876 11874 11875
f 11902 11876 11875
f 11876 11877 11874
f 11874 11878 11627
f 11878 12589 11627
f 11879 12800 11878
f 11877 11878 11874
f 11877 11879 11878
f 11909 11877 11876
f 11910 11879 11877
f 11910 11880 11879
f 11880 12803 11879
f 11784 11883 11881
f 11826 11881 11882
f 11881 11883 11885
f 11881 11885 11882
f 11883 11884 11886
f 11883 11886 11885
f 11884 11893 11886
f 11828 11882 11889
f 11882 11887 11889
f 11882 11885 11887
f 11885 11886 11888
f 11885 11888 11887
f 11886 11895 11888
f 11832 11889 11890
f 11889 11887 11891
f 11889 11891 11890
f 11834 11890 11983
f 11887 11888 11892
f 11887 11892 11891
f 11888 11899 11892
f 11884 11800 11893
f 11800 11894 11893
f 11800 11801 11894
f 11893 11894 11896
f 11886 11893 11895
f 11893 11896 11895
f 11888 11895 11899
f 11895 11896 11989
f 11895 11989 11899
f 11801 11897 11894
f 11894 11897 11898
f 11803 12823 11897
f 11897 12825 11898
f 11894 11898 11896
f 11896 11898 11987
f 11896 11987 11989
f 11898 12909 11987
f 11852 11900 11618
f 11900 11901 11872
f 11903 11901 11900
f 11903 11905 11901
f 11855 11903 11900
f 11905 11902 11901
f 11906 11876 11902
f 11858 11904 11903
f 11904 11905 11903
f 11904 11907 11905
f 11915 11907 11904
f 11905 11906 11902
f 11908 11909 11906
f 11907 11906 11905
f 11907 11908 11906
f 11913 11908 11907
f 11906 11909 11876
f 11909 11910 11877
f 11908 11911 11909
f 11911 11910 11909
f 11911 11912 11910
f 11912 11880 11910
f 11912 11927 11880
f 11927 12804 11880
f 11915 11913 11907
f 11913 11914 11908
f 11914 11911 11908
f 11918 11925 11914
f 11865 11915 11904
f 11916 11913 11915
f 11867 11916 11915
f 11916 11917 11913
f 11917 11914 11913
f 11917 11918 11914
f 11919 11917 11916
f 11919 11921 11917
f 11870 11919 11916
f 11871 11920 11919
f 11920 11921 11919
f 11920 11924 11921
f 11921 11918 11917
f 11921 11922 11918
f 11922 11929 11918
f 11924 11922 11921
f 11924 11923 11922
f 11923 11933 11922
f 11914 11925 11911
f 11925 11912 11911
f 11925 11926 11912
f 11918 11929 11925
f 11929 11926 11925
f 11929 11930 11926
f 11926 11927 11912
f 11926 11928 11927
f 11928 12844 11927
f 11930 11928 11926
f 11930 11931 11928
f 11931 12845 11928
f 11933 11930 11929
f 11933 11934 11930
f 11934 11931 11930
f 11934 11932 11931
f 11932 12849 11931
f 12032 12850 11932
f 11922 11933 11929
f 11923 12026 11933
f 12026 11934 11933
f 12026 12028 11934
f 12028 11932 11934
f 12028 12032 11932
f 11833 11935 11961
f 11834 11983 11935
f 11721 11937 11938
f 11937 11936 11939
f 11937 11939 11938
f 11938 11939 11946
f 11936 11940 11942
f 11940 11941 11943
f 11941 11960 11943
f 11936 11942 11939
f 11940 11943 11942
f 11939 11942 11947
f 11939 11947 11946
f 11942 11944 11947
f 11942 11943 11944
f 11943 11964 11944
f 11736 11938 11945
f 11938 11946 11945
f 11737 11945 11949
f 11945 11946 11948
f 11945 11948 11949
f 11740 11949 11950
f 11949 11948 11951
f 11741 11950 12380
f 11949 11951 11950
f 11950 11951 11952
f 11950 11952 12380
f 11946 11947 11953
f 11947 11954 11953
f 11946 11953 11948
f 11948 11953 11955
f 11947 11944 11954
f 11944 11968 11954
f 11953 11954 11957
f 11953 11957 11955
f 11954 11969 11957
f 11948 11955 11951
f 11951 11955 11956
f 11955 11958 11956
f 11951 11956 11952
f 11955 11957 11958
f 11957 11970 11958
f 11941 11959 11960
f 11830 11961 11959
f 11959 11961 11962
f 11959 11962 11960
f 11943 11960 11964
f 11960 11965 11964
f 11960 11962 11965
f 11961 11935 11963
f 11961 11963 11962
f 11962 11963 11966
f 11935 11997 11963
f 11963 11999 11966
f 11962 11966 11965
f 11944 11964 11968
f 11964 11965 11971
f 11964 11971 11968
f 11965 11966 11967
f 11965 11967 11971
f 11966 12000 11967
f 12404 11920 11871
f 11954 11968 11969
f 11968 11971 11972
f 11968 11972 11969
f 11969 11972 11974
f 11957 11969 11970
f 11969 11974 11970
f 11971 11967 11973
f 11971 11973 11972
f 11972 11973 11977
f 11972 11977 11974
f 11967 12012 11973
f 11973 12045 11977
f 11952 11956 12431
f 11956 11975 12431
f 11956 11958 11975
f 11958 11976 11975
f 11958 11970 11976
f 11975 11976 12443
f 11970 11978 11976
f 11970 11974 11978
f 11976 11979 12443
f 11976 11978 11979
f 11974 11977 11980
f 11977 12046 11980
f 11974 11980 11978
f 11978 11980 11981
f 11978 11981 11979
f 11979 11981 11982
f 11979 11982 12448
f 11980 12047 11981
f 11981 12048 11982
f 11982 12049 12454
f 11935 11983 11997
f 11890 11984 11983
f 11890 11891 11984
f 11983 11984 11998
f 11891 11892 11985
f 11892 11988 11985
f 11891 11985 11984
f 11984 11985 11986
f 11984 11986 11998
f 11985 11991 11986
f 11892 11899 11988
f 11899 11989 11990
f 11899 11990 11988
f 11985 11988 11991
f 11986 11991 12019
f 11988 11992 11991
f 11988 11990 11992
f 11991 11992 11995
f 11989 11987 11993
f 11989 11993 11990
f 11987 12913 11993
f 11990 11993 11994
f 11993 12914 11994
f 11990 11994 11992
f 11992 11994 11996
f 11991 11995 12019
f 11992 11996 11995
f 11994 12918 11996
f 11963 11997 11999
f 11983 11998 11997
f 11997 11998 12001
f 11997 12001 11999
f 11998 11986 12002
f 11998 12002 12001
f 11999 12001 12004
f 11966 11999 12000
f 11999 12004 12000
f 11967 12000 12012
f 12000 12004 12005
f 12000 12005 12012
f 12012 12005 12050
f 12001 12002 12003
f 12001 12003 12004
f 11986 12019 12002
f 12002 12020 12003
f 12004 12003 12006
f 12004 12006 12005
f 12005 12006 12044
f 12005 12044 12050
f 12003 12023 12006
f 12006 12064 12044
f 12404 12007 11920
f 12007 11924 11920
f 12007 12008 11924
f 12457 12008 12007
f 12457 12010 12008
f 12458 12010 12457
f 12009 12026 11923
f 12008 11923 11924
f 12008 12009 11923
f 12010 12009 12008
f 12010 12011 12009
f 12013 12011 12010
f 12011 12027 12009
f 11973 12012 12045
f 12012 12050 12045
f 12458 12013 12010
f 12013 12014 12011
f 12015 12014 12013
f 12015 12016 12014
f 12014 12031 12011
f 12016 12035 12014
f 12462 12016 12015
f 12462 12017 12016
f 12467 12017 12462
f 12467 12056 12017
f 12017 12037 12016
f 12056 12038 12017
f 12002 12019 12020
f 12019 12021 12020
f 12019 11995 12021
f 12003 12020 12023
f 12020 12022 12023
f 12020 12021 12022
f 12006 12023 12064
f 12023 12065 12064
f 12023 12022 12065
f 11995 12024 12021
f 11995 11996 12024
f 11996 12956 12024
f 12021 12025 12022
f 12021 12024 12025
f 12022 12025 12067
f 12024 12957 12025
f 12025 12997 12067
f 12022 12067 12065
f 12009 12027 12026
f 12027 12028 12026
f 12027 12029 12028
f 12031 12029 12027
f 12031 12030 12029
f 12011 12031 12027
f 12029 12032 12028
f 12029 12033 12032
f 12033 12951 12032
f 12030 12033 12029
f 12030 12034 12033
f 12034 12962 12033
f 12014 12035 12031
f 12035 12030 12031
f 12035 12036 12030
f 12037 12036 12035
f 12016 12037 12035
f 12017 12038 12037
f 12056 12079 12038
f 12038 12039 12037
f 12037 12039 12036
f 12079 12040 12038
f 12038 12040 12039
f 12036 12034 12030
f 12036 12041 12034
f 12039 12041 12036
f 12041 12963 12034
f 12042 12965 12041
f 12039 12042 12041
f 12043 12967 12042
f 12089 12968 12043
f 12040 12042 12039
f 12081 12043 12040
f 12040 12043 12042
f 11977 12045 12046
f 12045 12050 12051
f 12045 12051 12046
f 12046 12051 12052
f 11980 12046 12047
f 11981 12047 12048
f 12046 12052 12047
f 12047 12058 12048
f 12047 12052 12058
f 12466 12060 12055
f 11982 12048 12049
f 12454 12049 12466
f 12048 12058 12059
f 12048 12059 12049
f 12049 12060 12466
f 12049 12059 12060
f 12050 12044 12053
f 12050 12053 12051
f 12051 12053 12054
f 12051 12054 12052
f 12052 12054 12061
f 12044 12070 12053
f 12053 12071 12054
f 12054 12073 12061
f 12052 12061 12058
f 12463 12018 12056
f 12055 12057 12018
f 12060 12063 12057
f 12060 12057 12055
f 12018 12079 12056
f 12057 12080 12018
f 12063 12078 12057
f 12058 12061 12062
f 12058 12062 12059
f 12059 12062 12063
f 12059 12063 12060
f 12061 12074 12062
f 12062 12084 12063
f 12044 12064 12070
f 12064 12066 12070
f 12064 12065 12066
f 12065 12067 12068
f 12065 12068 12066
f 12066 12069 12072
f 12066 12068 12069
f 12067 12999 12068
f 12068 13000 12069
f 12053 12070 12071
f 12054 12071 12073
f 12070 12072 12071
f 12070 12066 12072
f 12071 12072 12075
f 12071 12075 12073
f 12061 12073 12074
f 12073 12076 12074
f 12073 12075 12076
f 12074 12076 12077
f 12063 12084 12078
f 12018 12080 12079
f 12057 12078 12080
f 12080 12081 12079
f 12078 12082 12080
f 12079 12081 12040
f 12080 12082 12081
f 12078 12083 12082
f 12084 12083 12078
f 12084 12077 12083
f 12062 12074 12084
f 12074 12077 12084
f 12072 12086 12075
f 12072 12069 12086
f 12077 12085 12083
f 12077 12088 12085
f 12069 13003 12086
f 12090 13013 12089
f 12085 13012 12090
f 12088 13014 12085
f 12075 12086 12087
f 12075 12087 12076
f 12076 12088 12077
f 12076 12087 12088
f 12086 13018 12087
f 12087 13019 12088
f 12082 12089 12081
f 12083 12090 12082
f 12081 12089 12043
f 12082 12090 12089
f 12083 12085 12090
f 6415 12091 6404
f 6415 12092 12091
f 12092 11396 12091
f 12092 12093 11396
f 6416 12092 6415
f 12095 12093 12092
f 12093 11397 11396
f 12093 12094 11397
f 6416 12095 12092
f 12095 12096 12093
f 12105 12096 12095
f 12096 12094 12093
f 12096 12097 12094
f 12107 12097 12096
f 6818 12095 6416
f 6818 12105 12095
f 12094 12098 11398
f 12097 12098 12094
f 12097 12099 12098
f 12099 12100 12098
f 12099 12101 12100
f 12104 12099 12097
f 12101 11401 12100
f 12102 11427 11401
f 12101 12102 11401
f 12102 12103 11427
f 12107 12104 12097
f 6820 12105 6818
f 12105 12107 12096
f 6820 12106 12105
f 12106 12107 12105
f 12106 12109 12107
f 12109 12104 12107
f 12109 12110 12104
f 6822 12106 6820
f 6822 12108 12106
f 12108 12109 12106
f 6853 12108 6822
f 12108 12111 12109
f 12134 12111 12108
f 12111 12110 12109
f 12111 12112 12110
f 12104 12113 12099
f 12113 12101 12099
f 12113 12114 12101
f 12117 12114 12113
f 12114 12102 12101
f 12115 12103 12102
f 12115 12142 12103
f 12114 12115 12102
f 12119 12115 12114
f 12116 12142 12115
f 12117 12119 12114
f 12119 12116 12115
f 12116 12144 12142
f 12110 12113 12104
f 12110 12117 12113
f 12112 12117 12110
f 12118 12119 12117
f 12112 12118 12117
f 12118 12120 12119
f 12120 12116 12119
f 12120 12125 12116
f 12125 12144 12116
f 12125 12153 12144
f 6247 12171 6942
f 11660 12173 12171
f 12134 12121 12111
f 12121 12112 12111
f 12121 12122 12112
f 12137 12122 12121
f 12137 12123 12122
f 12124 12120 12118
f 12124 12127 12120
f 12122 12118 12112
f 12122 12124 12118
f 12123 12124 12122
f 12128 12127 12124
f 12127 12125 12120
f 12127 12126 12125
f 12126 12153 12125
f 12126 12154 12153
f 12131 12154 12126
f 12130 12126 12127
f 12123 12128 12124
f 12139 12128 12123
f 12128 12130 12127
f 12129 12130 12128
f 12139 12129 12128
f 12129 12132 12130
f 12130 12131 12126
f 12131 12158 12154
f 12132 12131 12130
f 12132 12133 12131
f 12133 12158 12131
f 12133 12159 12158
f 6853 12134 12108
f 6858 12134 6853
f 6858 12135 12134
f 12135 12121 12134
f 12135 12137 12121
f 6860 12135 6858
f 12136 12137 12135
f 6860 12136 12135
f 12136 12138 12137
f 12218 12138 12136
f 6984 12136 6860
f 12138 12123 12137
f 12220 12139 12138
f 12138 12139 12123
f 12142 12140 12103
f 12141 11700 12140
f 12142 12141 12140
f 12144 12141 12142
f 12141 12143 11700
f 12143 12147 11701
f 12145 12143 12141
f 12144 12145 12141
f 12153 12145 12144
f 12153 12151 12145
f 12151 12146 12145
f 12145 12146 12143
f 12146 12147 12143
f 12146 12148 12147
f 12151 12152 12146
f 12152 12148 12146
f 12148 11704 12147
f 12148 12149 11704
f 12162 12149 12148
f 12149 11705 11704
f 12149 12150 11705
f 12163 12150 12149
f 12155 12152 12151
f 12152 12162 12148
f 12156 12162 12152
f 12155 12156 12152
f 12156 12164 12162
f 12154 12151 12153
f 12154 12155 12151
f 12158 12155 12154
f 12158 12157 12155
f 12157 12156 12155
f 12160 12161 12157
f 12159 12157 12158
f 12159 12160 12157
f 12157 12161 12156
f 12161 12164 12156
f 12161 12170 12164
f 12160 12282 12161
f 12282 12170 12161
f 12282 12301 12170
f 12162 12163 12149
f 12164 12163 12162
f 12164 12165 12163
f 12163 12166 12150
f 12166 11844 12150
f 12168 12359 12166
f 12165 12166 12163
f 12165 12168 12166
f 12170 12165 12164
f 12170 12167 12165
f 12167 12168 12165
f 12167 12169 12168
f 12169 12362 12168
f 12302 12169 12167
f 12302 12295 12169
f 12295 12365 12169
f 12301 12167 12170
f 12301 12302 12167
f 6942 12171 12172
f 12171 12174 12172
f 12171 12173 12174
f 6942 12172 6944
f 6944 12172 12176
f 6944 12176 6952
f 12172 12174 12177
f 12172 12177 12176
f 12173 12175 12174
f 12173 11722 12175
f 12174 12175 12178
f 12174 12178 12177
f 12176 12177 12182
f 12177 12179 12182
f 12177 12178 12179
f 6952 12176 12180
f 6952 12180 6954
f 12176 12182 12180
f 6954 12180 12181
f 12180 12183 12181
f 12180 12182 12183
f 6954 12181 6956
f 6956 12181 12198
f 12181 12183 12199
f 12182 12184 12183
f 12182 12179 12184
f 12183 12184 12201
f 11722 11723 12185
f 11722 12185 12175
f 12175 12185 12188
f 11723 12186 12185
f 12185 12190 12188
f 12185 12186 12190
f 12175 12188 12178
f 11725 12187 12186
f 12186 12187 12191
f 12187 11728 12269
f 12178 12188 12189
f 12178 12189 12179
f 12188 12193 12189
f 12188 12190 12193
f 12189 12193 12196
f 12186 12191 12190
f 12187 12269 12191
f 12191 12269 12272
f 12190 12191 12192
f 12190 12192 12193
f 12191 12272 12192
f 12193 12192 12197
f 12193 12197 12196
f 12192 12272 12273
f 12192 12273 12197
f 12197 12273 12323
f 12236 12132 12129
f 12236 12238 12132
f 12238 12133 12132
f 12238 12194 12133
f 12194 12159 12133
f 12194 12278 12159
f 12240 12278 12194
f 12240 12280 12278
f 12179 12195 12184
f 12179 12189 12195
f 12184 12195 12204
f 12189 12196 12195
f 12195 12196 12208
f 12196 12197 12209
f 12246 12285 12280
f 6956 12198 6958
f 6958 12198 12253
f 12181 12199 12198
f 12198 12199 12200
f 12198 12200 12253
f 12253 12200 12258
f 12183 12201 12199
f 12199 12202 12200
f 12200 12203 12258
f 12199 12201 12202
f 12200 12202 12203
f 12184 12204 12201
f 12195 12208 12204
f 12204 12208 12211
f 12201 12204 12205
f 12201 12205 12202
f 12202 12205 12206
f 12202 12206 12203
f 12203 12206 12207
f 12204 12211 12205
f 12205 12212 12206
f 12205 12211 12212
f 12206 12212 12215
f 12206 12215 12207
f 12207 12215 12214
f 12196 12209 12208
f 12208 12209 12210
f 12208 12210 12211
f 12197 12323 12209
f 12209 12323 12324
f 12209 12324 12210
f 12210 12324 12327
f 12211 12210 12213
f 12211 12213 12212
f 12212 12213 12216
f 12210 12327 12213
f 12213 12327 12330
f 12217 12328 12268
f 12217 12331 12328
f 12212 12216 12215
f 12215 12216 12217
f 12215 12217 12214
f 12213 12330 12216
f 12216 12331 12217
f 12216 12330 12331
f 12218 12220 12138
f 6984 12218 12136
f 6986 12218 6984
f 12219 12220 12218
f 6986 12219 12218
f 6988 12219 6986
f 12219 12223 12220
f 12224 12223 12219
f 12220 12221 12139
f 12223 12221 12220
f 12223 12222 12221
f 6988 12224 12219
f 6990 12224 6988
f 12224 12231 12223
f 12225 12231 12224
f 6990 12225 12224
f 6994 12225 6990
f 6993 12226 6994
f 6994 12226 12225
f 6993 12227 12226
f 7042 12227 6993
f 12226 12232 12225
f 12225 12232 12231
f 12227 12233 12226
f 12256 12234 12227
f 12226 12233 12232
f 12227 12234 12233
f 12231 12222 12223
f 12231 12228 12222
f 12232 12229 12228
f 12232 12228 12231
f 12233 12229 12232
f 12234 12230 12233
f 12264 12235 12234
f 12233 12230 12229
f 12234 12235 12230
f 12221 12129 12139
f 12221 12236 12129
f 12222 12236 12221
f 12222 12237 12236
f 12237 12238 12236
f 12237 12239 12238
f 12239 12194 12238
f 12239 12240 12194
f 12228 12237 12222
f 12228 12241 12237
f 12229 12241 12228
f 12241 12239 12237
f 12241 12245 12239
f 12242 12245 12241
f 12229 12242 12241
f 12230 12242 12229
f 12235 12244 12230
f 12261 12243 12235
f 12230 12244 12242
f 12235 12243 12244
f 12242 12247 12245
f 12244 12249 12247
f 12244 12247 12242
f 12243 12249 12244
f 12265 12252 12243
f 12243 12252 12249
f 12245 12240 12239
f 12245 12246 12240
f 12247 12246 12245
f 12246 12280 12240
f 12248 12285 12246
f 12247 12248 12246
f 12249 12251 12248
f 12249 12248 12247
f 12252 12250 12251
f 12252 12251 12249
f 12267 12250 12252
f 12248 12287 12285
f 12251 12287 12248
f 12268 12357 12250
f 12250 12358 12251
f 12251 12358 12287
f 12250 12357 12358
f 6958 12253 7035
f 7035 12253 12254
f 7035 12254 7037
f 7037 12254 12255
f 12253 12258 12254
f 12254 12258 12262
f 12257 12259 12264
f 7037 12255 7038
f 7038 12255 12257
f 12254 12262 12255
f 12255 12259 12257
f 12255 12262 12259
f 7040 12257 12256
f 7040 12256 7042
f 7042 12256 12227
f 12256 12264 12234
f 12257 12264 12256
f 7038 12257 7040
f 12259 12261 12264
f 12258 12203 12263
f 12264 12261 12235
f 12259 12260 12261
f 12258 12263 12262
f 12262 12260 12259
f 12262 12263 12260
f 12260 12266 12265
f 12261 12265 12243
f 12260 12265 12261
f 12265 12267 12252
f 12266 12267 12265
f 12266 12214 12267
f 12203 12207 12263
f 12263 12266 12260
f 12263 12207 12266
f 12207 12214 12266
f 12267 12268 12250
f 12214 12268 12267
f 12214 12217 12268
f 12268 12328 12357
f 11728 12270 12269
f 12269 12271 12272
f 12269 12270 12271
f 11729 12275 12270
f 12270 12276 12271
f 12272 12271 12274
f 12272 12274 12273
f 12273 12274 12321
f 12271 12277 12274
f 12270 12275 12276
f 12275 12296 12276
f 12275 11738 12296
f 12271 12276 12277
f 12276 12296 12297
f 12276 12297 12277
f 12274 12277 12322
f 12277 12297 12339
f 12278 12160 12159
f 12278 12279 12160
f 12279 12282 12160
f 12280 12279 12278
f 12280 12281 12279
f 12281 12283 12279
f 12283 12301 12282
f 12283 12303 12301
f 12284 12303 12283
f 12284 12306 12303
f 12279 12283 12282
f 12281 12284 12283
f 12285 12281 12280
f 12285 12286 12281
f 12287 12286 12285
f 12286 12284 12281
f 12287 12288 12286
f 12358 12288 12287
f 12357 12289 12358
f 12328 12290 12357
f 12358 12289 12288
f 12357 12290 12289
f 12288 12291 12286
f 12289 12292 12288
f 12290 12293 12289
f 12286 12291 12284
f 12291 12306 12284
f 12291 12312 12306
f 12288 12292 12291
f 12289 12293 12292
f 12290 12294 12293
f 12292 12312 12291
f 12292 12313 12312
f 12293 12313 12292
f 12294 12314 12293
f 12293 12314 12313
f 12294 12315 12314
f 12305 12372 12295
f 11738 12298 12296
f 12296 12299 12297
f 12296 12298 12299
f 12298 11741 12300
f 12298 12300 12299
f 11741 12380 12300
f 12303 12302 12301
f 12303 12304 12302
f 12306 12304 12303
f 12306 12307 12304
f 12304 12295 12302
f 12304 12305 12295
f 12307 12305 12304
f 12307 12316 12305
f 12316 12374 12305
f 12312 12307 12306
f 12312 12308 12307
f 12313 12308 12312
f 12314 12309 12313
f 12313 12309 12308
f 12314 12310 12309
f 12315 12311 12310
f 12315 12310 12314
f 12308 12317 12316
f 12308 12316 12307
f 12317 12381 12316
f 12309 12317 12308
f 12309 12318 12317
f 12310 12318 12309
f 12311 12320 12310
f 12310 12320 12318
f 12311 12319 12320
f 12318 12397 12317
f 12320 12398 12318
f 12319 12399 12320
f 12273 12321 12323
f 12274 12322 12321
f 12321 12322 12334
f 12277 12339 12322
f 12322 12339 12340
f 12322 12340 12334
f 12323 12321 12325
f 12323 12325 12324
f 12324 12326 12327
f 12324 12325 12326
f 12327 12326 12332
f 12321 12334 12325
f 12325 12335 12326
f 12326 12336 12332
f 12331 12333 12329
f 12328 12329 12290
f 12331 12329 12328
f 12333 12338 12329
f 12329 12294 12290
f 12327 12332 12330
f 12330 12333 12331
f 12330 12332 12333
f 12332 12337 12333
f 12325 12334 12335
f 12326 12335 12336
f 12334 12348 12335
f 12334 12340 12348
f 12335 12348 12351
f 12337 12352 12349
f 12332 12336 12337
f 12335 12351 12336
f 12336 12352 12337
f 12336 12351 12352
f 12329 12338 12294
f 12333 12337 12338
f 12338 12315 12294
f 12338 12349 12315
f 12337 12349 12338
f 12297 12299 12341
f 12297 12341 12339
f 12339 12342 12340
f 12340 12343 12348
f 12339 12341 12342
f 12340 12342 12343
f 12299 12344 12341
f 12299 12300 12344
f 12300 12420 12344
f 12344 12421 12345
f 12341 12344 12345
f 12341 12345 12342
f 12342 12345 12346
f 12342 12346 12343
f 12343 12346 12347
f 12345 12425 12346
f 12343 12347 12353
f 12346 12427 12347
f 12347 12428 12356
f 12352 12350 12349
f 12348 12343 12353
f 12349 12350 12311
f 12352 12354 12350
f 12348 12353 12351
f 12351 12354 12352
f 12351 12353 12354
f 12349 12311 12315
f 12354 12355 12350
f 12354 12356 12355
f 12350 12319 12311
f 12350 12355 12319
f 12355 12400 12319
f 12356 12442 12355
f 12353 12356 12354
f 12353 12347 12356
f 12166 12359 11844
f 12359 11845 11844
f 12359 12360 11845
f 12168 12362 12359
f 12362 12360 12359
f 12362 12363 12360
f 12363 12361 12360
f 12363 12366 12361
f 12366 11861 12361
f 12366 12367 11861
f 12365 12363 12362
f 12365 12364 12363
f 12169 12365 12362
f 12295 12372 12365
f 12372 12364 12365
f 12364 12366 12363
f 12368 12367 12366
f 12369 11868 12367
f 12364 12368 12366
f 12373 12368 12364
f 12377 12369 12368
f 12368 12369 12367
f 12376 12370 12369
f 12370 11869 11868
f 12369 12370 11868
f 12370 12371 11869
f 12401 12371 12370
f 12305 12374 12372
f 12372 12373 12364
f 12374 12373 12372
f 12374 12375 12373
f 12381 12375 12374
f 12381 12382 12375
f 12377 12376 12369
f 12379 12401 12376
f 12373 12377 12368
f 12375 12377 12373
f 12378 12376 12377
f 12375 12378 12377
f 12387 12379 12378
f 12382 12378 12375
f 12382 12387 12378
f 12378 12379 12376
f 12387 12388 12379
f 12388 12402 12379
f 12397 12382 12381
f 12397 12383 12382
f 12398 12384 12383
f 12399 12386 12384
f 12383 12387 12382
f 12383 12389 12387
f 12389 12388 12387
f 12393 12407 12388
f 12389 12393 12388
f 12384 12390 12389
f 12384 12389 12383
f 12390 12393 12389
f 12386 12390 12384
f 12385 12392 12386
f 12386 12392 12390
f 12385 12391 12392
f 12392 12394 12390
f 12391 12395 12392
f 12394 12408 12393
f 12395 12409 12394
f 12390 12394 12393
f 12392 12395 12394
f 12391 12396 12395
f 12396 12410 12395
f 12316 12381 12374
f 12317 12397 12381
f 12318 12398 12397
f 12320 12399 12398
f 12319 12400 12399
f 12398 12383 12397
f 12399 12384 12398
f 12400 12386 12399
f 12400 12385 12386
f 12376 12401 12370
f 12401 12403 12371
f 12402 12403 12401
f 12379 12402 12401
f 12402 12405 12403
f 12407 12405 12402
f 12403 11871 12371
f 12403 12404 11871
f 12405 12404 12403
f 12405 12406 12404
f 12412 12406 12405
f 12406 12007 12404
f 12413 12457 12406
f 12407 12412 12405
f 12408 12414 12412
f 12388 12407 12402
f 12393 12408 12407
f 12408 12412 12407
f 12394 12409 12408
f 12395 12410 12409
f 12396 12411 12410
f 12409 12414 12408
f 12409 12415 12414
f 12410 12415 12409
f 12411 12456 12410
f 12410 12456 12415
f 12411 12419 12456
f 12412 12413 12406
f 12414 12413 12412
f 12414 12416 12413
f 12416 12458 12413
f 12415 12416 12414
f 12415 12417 12416
f 12456 12417 12415
f 12419 12450 12456
f 12456 12450 12417
f 12419 12418 12450
f 12417 12459 12416
f 12450 12460 12417
f 12418 12464 12450
f 12300 12380 12420
f 12344 12420 12421
f 12380 11952 12422
f 12380 12422 12420
f 12420 12422 12423
f 12420 12423 12421
f 12421 12423 12424
f 12345 12421 12425
f 12346 12425 12427
f 12356 12428 12442
f 12421 12424 12425
f 12442 12426 12385
f 12428 12430 12426
f 12428 12426 12442
f 12347 12427 12428
f 12425 12424 12429
f 12425 12429 12427
f 12427 12429 12430
f 12427 12430 12428
f 11952 12431 12422
f 12422 12432 12423
f 12422 12431 12432
f 12431 12434 12432
f 12423 12432 12433
f 12423 12433 12424
f 12432 12435 12433
f 12431 11975 12434
f 11975 12443 12434
f 12432 12434 12435
f 12434 12444 12435
f 12433 12435 12436
f 12435 12445 12436
f 12440 12438 12437
f 12426 12437 12391
f 12426 12391 12385
f 12437 12396 12391
f 12430 12437 12426
f 12430 12440 12437
f 12438 12411 12396
f 12440 12441 12438
f 12441 12447 12438
f 12437 12438 12396
f 12424 12439 12429
f 12424 12433 12439
f 12429 12440 12430
f 12429 12439 12440
f 12433 12436 12439
f 12439 12441 12440
f 12439 12436 12441
f 12436 12446 12441
f 12355 12442 12400
f 12442 12385 12400
f 12434 12443 12444
f 12443 12448 12444
f 12443 11979 12448
f 12446 12449 12447
f 12446 12453 12449
f 12435 12444 12445
f 12436 12445 12446
f 12444 12448 12452
f 12444 12452 12445
f 12445 12453 12446
f 12445 12452 12453
f 12438 12447 12411
f 12441 12446 12447
f 12447 12419 12411
f 12447 12449 12419
f 12449 12451 12418
f 12449 12418 12419
f 12453 12451 12449
f 12453 12455 12451
f 12455 12465 12451
f 12451 12461 12418
f 12448 12454 12452
f 12448 11982 12454
f 12452 12455 12453
f 12452 12454 12455
f 12454 12466 12455
f 12406 12457 12007
f 12413 12458 12457
f 12416 12459 12458
f 12459 12013 12458
f 12459 12015 12013
f 12417 12460 12459
f 12450 12464 12460
f 12418 12461 12464
f 12460 12015 12459
f 12464 12462 12460
f 12460 12462 12015
f 12461 12463 12467
f 12464 12467 12462
f 12451 12465 12461
f 12455 12466 12465
f 12461 12467 12464
f 12465 12463 12461
f 12465 12055 12463
f 12466 12055 12465
f 12463 12056 12467
f 12055 12018 12463
f 11525 12470 12468
f 12470 12469 12468
f 12470 12471 12469
f 12474 12471 12470
f 12474 12475 12471
f 12471 12472 12469
f 12471 12473 12472
f 12473 9270 12472
f 12473 12480 9270
f 12475 12473 12471
f 12475 12478 12473
f 12478 12480 12473
f 12478 12487 12480
f 11530 12474 12470
f 11531 12476 12474
f 12476 12475 12474
f 12495 12477 12476
f 12476 12477 12475
f 12477 12478 12475
f 12477 12479 12478
f 12479 12487 12478
f 12479 12489 12487
f 12496 12479 12477
f 12496 12499 12479
f 12499 12489 12479
f 12499 12500 12489
f 12480 9271 9270
f 12480 12481 9271
f 12481 9274 9271
f 12487 12481 12480
f 12487 12482 12481
f 12482 12483 12481
f 12481 12483 9274
f 12483 9275 9274
f 12483 12484 9275
f 12482 12485 12483
f 12485 12484 12483
f 12485 12486 12484
f 12489 12482 12487
f 12489 12488 12482
f 12488 12485 12482
f 12500 12488 12489
f 12500 12490 12488
f 12490 12491 12488
f 12488 12491 12485
f 12491 12486 12485
f 12491 12492 12486
f 12490 12493 12491
f 12493 12492 12491
f 8333 9284 12631
f 12514 12494 12493
f 12493 12494 12492
f 11559 12495 12476
f 12495 12496 12477
f 12497 12496 12495
f 11560 12497 12495
f 12502 12498 12497
f 12497 12498 12496
f 12498 12499 12496
f 12498 12501 12499
f 12501 12500 12499
f 12501 12510 12500
f 11563 12502 12497
f 12510 12490 12500
f 12502 12503 12498
f 12503 12501 12498
f 12503 12506 12501
f 12506 12510 12501
f 12506 12512 12510
f 12504 12503 12502
f 12504 12505 12503
f 11566 12504 12502
f 12586 12505 12504
f 11623 12586 12504
f 12586 12508 12505
f 12505 12506 12503
f 12505 12507 12506
f 12507 12512 12506
f 12507 12518 12512
f 12508 12507 12505
f 12509 12518 12507
f 12508 12509 12507
f 12509 12520 12518
f 12590 12520 12509
f 12510 12511 12490
f 12511 12493 12490
f 12512 12511 12510
f 12512 12513 12511
f 12513 12514 12511
f 12519 12516 12513
f 12511 12514 12493
f 12514 12515 12494
f 12516 12515 12514
f 12513 12516 12514
f 12522 12517 12516
f 12516 12517 12515
f 12522 12523 12517
f 12518 12513 12512
f 12518 12519 12513
f 12519 12522 12516
f 12520 12519 12518
f 12521 12522 12519
f 12520 12521 12519
f 12591 12521 12520
f 12591 12592 12521
f 12592 12524 12521
f 12521 12524 12522
f 12524 12523 12522
f 12524 12526 12523
f 12525 12526 12524
f 12592 12525 12524
f 12525 12667 12526
f 12484 12527 9362
f 12486 12527 12484
f 12527 12528 9363
f 12529 12528 12527
f 12486 12529 12527
f 12492 12529 12486
f 12529 12530 12528
f 12535 12530 12529
f 12528 12531 9366
f 12530 12531 12528
f 12533 12532 12531
f 12530 12533 12531
f 12492 12535 12529
f 12533 12534 12532
f 12534 12544 12532
f 12534 12546 12544
f 12536 12533 12530
f 12536 12539 12533
f 12539 12534 12533
f 12540 12546 12534
f 12539 12540 12534
f 12540 12554 12546
f 12494 12535 12492
f 12535 12536 12530
f 12537 12536 12535
f 12494 12537 12535
f 12515 12537 12494
f 12537 12538 12536
f 12563 12538 12537
f 12563 12564 12538
f 12538 12539 12536
f 12538 12541 12539
f 12542 12554 12540
f 12541 12540 12539
f 12541 12542 12540
f 12542 12556 12554
f 12564 12541 12538
f 12564 12566 12541
f 12566 12542 12541
f 12543 12556 12542
f 12566 12543 12542
f 12543 12557 12556
f 12546 12545 12544
f 12546 12547 12545
f 12547 12549 12545
f 12547 12550 12549
f 12554 12547 12546
f 12554 12548 12547
f 12548 12550 12547
f 12548 12552 12550
f 12550 9385 12549
f 12550 12551 9385
f 12551 9672 9385
f 12551 12593 9672
f 12552 12551 12550
f 12552 12553 12551
f 12553 12593 12551
f 12553 12596 12593
f 12556 12548 12554
f 12556 12555 12548
f 12555 12552 12548
f 12555 12558 12552
f 12557 12555 12556
f 12557 12560 12555
f 12560 12558 12555
f 12560 12561 12558
f 12558 12553 12552
f 12558 12559 12553
f 12559 12596 12553
f 12559 12604 12596
f 12561 12559 12558
f 12579 12561 12560
f 12562 12604 12559
f 12561 12562 12559
f 12582 12562 12561
f 12562 12607 12604
f 12583 12607 12562
f 12583 12628 12607
f 12515 12563 12537
f 12517 12563 12515
f 12517 12565 12563
f 12565 12564 12563
f 12565 12567 12564
f 12567 12566 12564
f 12569 12543 12566
f 12523 12565 12517
f 12523 12573 12565
f 12573 12567 12565
f 12573 12568 12567
f 12567 12569 12566
f 12570 12557 12543
f 12570 12578 12557
f 12569 12570 12543
f 12568 12569 12567
f 12568 12571 12569
f 12571 12570 12569
f 12571 12572 12570
f 12572 12578 12570
f 12572 12580 12578
f 12576 12572 12571
f 12577 12580 12572
f 12526 12573 12523
f 12526 12574 12573
f 12574 12568 12573
f 12574 12575 12568
f 12667 12574 12526
f 12667 12731 12574
f 12731 12575 12574
f 12575 12571 12568
f 12575 12576 12571
f 12576 12577 12572
f 12577 12739 12580
f 12578 12560 12557
f 12578 12579 12560
f 12580 12579 12578
f 12579 12582 12561
f 12581 12582 12579
f 12580 12581 12579
f 12739 12581 12580
f 12739 12740 12581
f 12581 12584 12582
f 12740 12584 12581
f 12582 12583 12562
f 12584 12583 12582
f 12584 12585 12583
f 12585 12628 12583
f 12585 12629 12628
f 12737 12585 12584
f 12587 12508 12586
f 11626 12587 12586
f 12587 12588 12508
f 12589 12588 12587
f 11627 12589 12587
f 12589 12797 12588
f 12588 12509 12508
f 12588 12590 12509
f 12797 12590 12588
f 12590 12591 12520
f 12798 12591 12590
f 12797 12798 12590
f 12809 12592 12591
f 12593 9673 9672
f 12593 12594 9673
f 12594 9674 9673
f 12594 12595 9674
f 12598 12595 12594
f 12596 12594 12593
f 12596 12598 12594
f 12604 12598 12596
f 12598 12597 12595
f 12605 12597 12598
f 12595 12599 9677
f 12597 12599 12595
f 12597 12602 12599
f 12602 12600 12599
f 12602 12601 12600
f 12606 12602 12597
f 12606 12611 12602
f 12611 12601 12602
f 12611 12603 12601
f 12604 12605 12598
f 12607 12605 12604
f 12607 12608 12605
f 12605 12606 12597
f 12608 12606 12605
f 12608 12609 12606
f 12628 12608 12607
f 12628 12630 12608
f 12630 12609 12608
f 12630 12610 12609
f 12609 12611 12606
f 12609 12612 12611
f 12612 12603 12611
f 12612 12613 12603
f 12614 12613 12612
f 12610 12612 12609
f 12610 12614 12612
f 12614 12615 12613
f 12601 9695 12600
f 12616 9696 9695
f 12601 12616 9695
f 12618 12617 12616
f 12616 12617 9696
f 12617 12620 9700
f 12619 12620 12617
f 12619 12625 12620
f 12603 12616 12601
f 12603 12618 12616
f 12613 12618 12603
f 12626 12619 12618
f 12618 12619 12617
f 12626 12627 12619
f 12627 12625 12619
f 12627 13227 12625
f 12625 12621 12620
f 12625 12622 12621
f 12622 12623 12621
f 12624 9727 12623
f 12622 12624 12623
f 13227 12622 12625
f 13228 12624 12622
f 12613 12626 12618
f 12615 12626 12613
f 12615 13231 12626
f 13231 12627 12626
f 12629 12630 12628
f 12629 13289 12630
f 13289 12610 12630
f 13289 13290 12610
f 13290 12614 12610
f 9284 12632 12631
f 9284 9728 12632
f 11770 12631 12633
f 12631 12634 12633
f 12631 12632 12634
f 9728 9729 12635
f 9728 12635 12632
f 9729 12643 12635
f 12635 12643 12645
f 12632 12635 12636
f 12632 12636 12634
f 12635 12645 12636
f 12636 12645 12651
f 11775 12633 12637
f 12633 12638 12637
f 12633 12634 12638
f 11776 12637 12639
f 12634 12641 12638
f 12634 12636 12641
f 12636 12651 12641
f 12637 12640 12639
f 12637 12638 12640
f 12641 12651 12653
f 12638 12642 12640
f 12638 12641 12642
f 12640 12642 12663
f 12641 12653 12642
f 12642 12653 12664
f 9732 12644 12643
f 12643 12644 12646
f 9733 12647 12644
f 12643 12646 12645
f 12645 12646 12652
f 12644 12649 12646
f 9736 12648 12647
f 12644 12647 12649
f 12647 12650 12649
f 12647 12648 12650
f 12646 12649 12655
f 12649 12656 12655
f 12649 12650 12656
f 12645 12652 12651
f 12651 12652 12654
f 12646 12655 12652
f 12652 12657 12654
f 12651 12654 12653
f 12653 12654 12665
f 12654 12666 12665
f 12652 12655 12657
f 12655 12656 12658
f 12655 12658 12657
f 12654 12657 12666
f 12657 12659 12666
f 12657 12658 12659
f 11791 12639 12660
f 12639 12661 12660
f 12639 12640 12661
f 11792 12660 12662
f 12660 12668 12662
f 12660 12661 12668
f 12640 12663 12661
f 12661 12663 12669
f 12642 12664 12663
f 12663 12664 12677
f 12661 12669 12668
f 12653 12665 12664
f 12664 12665 12678
f 12662 12668 12671
f 12668 12669 12674
f 12663 12677 12669
f 12669 12684 12674
f 12669 12677 12684
f 11793 12662 12670
f 12662 12671 12670
f 11802 12670 12672
f 12670 12671 12673
f 12670 12673 12672
f 11803 12672 12823
f 12668 12674 12671
f 12671 12674 12675
f 12671 12675 12673
f 12674 12684 12685
f 12674 12685 12675
f 12672 12824 12823
f 12672 12673 12824
f 12673 12675 12676
f 12673 12676 12824
f 12675 12685 12687
f 12675 12687 12676
f 12676 12687 12830
f 12664 12678 12677
f 12665 12680 12678
f 12677 12678 12679
f 12677 12679 12684
f 12678 12682 12679
f 12665 12666 12680
f 12666 12681 12680
f 12666 12659 12681
f 12678 12680 12682
f 12680 12683 12682
f 12680 12681 12683
f 12682 12683 12690
f 12684 12679 12686
f 12684 12686 12685
f 12679 12689 12686
f 12679 12682 12689
f 12685 12686 12688
f 12685 12688 12687
f 12686 12691 12688
f 12687 12688 12831
f 12688 12692 12831
f 12682 12690 12689
f 12686 12689 12691
f 12689 12693 12691
f 12689 12690 12693
f 12688 12691 12692
f 12691 12694 12692
f 12691 12693 12694
f 12648 12695 12697
f 12648 12697 12650
f 12695 12696 12698
f 12695 12698 12697
f 12650 12697 12704
f 12650 12704 12656
f 12697 12698 12699
f 12697 12699 12704
f 12696 9760 12700
f 12696 12700 12698
f 9760 9761 12701
f 9761 9775 12709
f 9760 12701 12700
f 9761 12709 12701
f 12698 12700 12702
f 12698 12702 12699
f 12700 12701 12703
f 12701 12709 12711
f 12701 12711 12703
f 12700 12703 12702
f 12656 12704 12705
f 12656 12705 12658
f 12704 12699 12706
f 12704 12706 12705
f 12658 12705 12718
f 12658 12718 12659
f 12705 12706 12719
f 12699 12707 12706
f 12699 12702 12707
f 12702 12703 12708
f 12702 12708 12707
f 12703 12711 12717
f 12703 12717 12708
f 12706 12707 12721
f 9775 12710 12709
f 9775 9776 12710
f 9776 12713 12710
f 9776 9779 12713
f 12710 12713 12715
f 12709 12712 12711
f 12709 12710 12712
f 12711 12712 12722
f 12710 12715 12712
f 12712 12715 12725
f 9779 12714 12713
f 12713 12714 12716
f 9780 13222 12714
f 12714 13222 13225
f 12713 12716 12715
f 12715 12716 12726
f 12714 13225 12716
f 12716 13225 13249
f 12711 12722 12717
f 12712 12725 12722
f 12705 12719 12718
f 12718 12719 12752
f 12707 12708 12720
f 12708 12717 12723
f 12706 12721 12719
f 12719 12721 12755
f 12707 12720 12721
f 12708 12723 12720
f 12721 12720 12756
f 12720 12723 12768
f 12720 12768 12756
f 12716 13249 12726
f 12717 12722 12724
f 12722 12725 12727
f 12722 12727 12724
f 12717 12724 12723
f 12723 12724 12770
f 12723 12770 12768
f 12724 12727 12729
f 12724 12729 12770
f 12715 12726 12725
f 12725 12726 12728
f 12725 12728 12727
f 12726 13249 13250
f 12726 13250 12728
f 12727 12728 12730
f 12727 12730 12729
f 12728 13253 12730
f 12728 13250 13253
f 12730 13253 13328
f 12813 12731 12667
f 12731 12732 12575
f 12859 12732 12731
f 12859 12860 12732
f 12732 12576 12575
f 12733 12577 12576
f 12733 12734 12577
f 12734 12739 12577
f 12734 12742 12739
f 12732 12733 12576
f 12860 12733 12732
f 12860 12735 12733
f 12735 12734 12733
f 12736 12742 12734
f 12736 12743 12742
f 12735 12736 12734
f 12866 12743 12736
f 12740 12737 12584
f 12737 12738 12585
f 12738 12629 12585
f 12738 13291 12629
f 12746 13291 12738
f 12742 12740 12739
f 12742 12741 12740
f 12741 12737 12740
f 12741 12745 12737
f 12744 12745 12741
f 12743 12741 12742
f 12743 12744 12741
f 12744 12747 12745
f 12745 12738 12737
f 12745 12746 12738
f 12747 12746 12745
f 12747 12749 12746
f 12746 13300 13291
f 12749 13300 12746
f 12749 13303 13300
f 12869 12744 12743
f 12869 12870 12744
f 12870 12747 12744
f 12870 12748 12747
f 12748 12749 12747
f 12748 12750 12749
f 12750 13303 12749
f 12750 13306 13303
f 12874 13306 12750
f 12874 13726 13306
f 12659 12718 12751
f 12659 12751 12681
f 12718 12752 12751
f 12681 12751 12753
f 12751 12752 12754
f 12681 12753 12683
f 12683 12753 12761
f 12751 12754 12753
f 12753 12754 12762
f 12719 12755 12752
f 12721 12756 12755
f 12752 12755 12757
f 12752 12757 12754
f 12756 12768 12769
f 12755 12756 12758
f 12755 12758 12757
f 12756 12769 12758
f 12753 12762 12761
f 12754 12757 12759
f 12754 12759 12762
f 12757 12758 12760
f 12758 12769 12772
f 12757 12760 12759
f 12758 12772 12760
f 12760 12772 12779
f 12683 12761 12690
f 12690 12761 12763
f 12690 12763 12693
f 12761 12762 12764
f 12761 12764 12763
f 12693 12763 12765
f 12693 12765 12694
f 12763 12782 12765
f 12763 12764 12782
f 12762 12759 12766
f 12759 12760 12767
f 12762 12766 12764
f 12764 12766 12783
f 12759 12767 12766
f 12760 12779 12767
f 12766 12767 12784
f 12767 12779 12788
f 12767 12788 12784
f 12764 12783 12782
f 12766 12784 12783
f 12768 12770 12771
f 12768 12771 12769
f 12770 12729 12774
f 12770 12774 12771
f 12729 12775 12774
f 12729 12730 12775
f 12771 12774 12776
f 12769 12771 12773
f 12769 12773 12772
f 12771 12776 12773
f 12772 12773 12780
f 12773 12781 12780
f 12773 12776 12781
f 12774 12775 12777
f 12730 13328 12775
f 12775 13333 12777
f 12775 13328 13333
f 12774 12777 12776
f 12776 12778 12781
f 12776 12777 12778
f 12777 13333 13334
f 12777 13334 12778
f 12772 12780 12779
f 12779 12787 12788
f 12779 12780 12787
f 12780 12781 12791
f 12781 12778 12792
f 12778 13334 13441
f 12694 12765 13056
f 12765 13057 13056
f 12765 12782 13057
f 12782 12783 12785
f 12782 12785 13057
f 12783 12784 12786
f 12784 12788 12789
f 12783 12786 12785
f 12784 12789 12786
f 12786 12789 13086
f 12780 12791 12787
f 12787 12791 12793
f 12788 12787 12790
f 12788 12790 12789
f 12787 12793 12790
f 12789 12790 13087
f 12790 12794 13087
f 12790 12793 12794
f 12781 12792 12791
f 12791 12792 12795
f 12778 13441 12792
f 12792 13446 12795
f 12792 13441 13446
f 12791 12795 12793
f 12793 12795 12796
f 12793 12796 12794
f 12794 12796 13096
f 12795 13446 13447
f 12795 13447 12796
f 12796 13447 13754
f 12800 12797 12589
f 12798 12809 12591
f 12801 12798 12797
f 12801 12799 12798
f 12799 12809 12798
f 12799 12810 12809
f 11878 12800 12589
f 12800 12801 12797
f 12803 12801 12800
f 11879 12803 12800
f 12803 12802 12801
f 12802 12799 12801
f 12806 12810 12799
f 12804 12802 12803
f 11880 12804 12803
f 12804 12805 12802
f 12844 12805 12804
f 12844 12828 12805
f 12802 12806 12799
f 12805 12806 12802
f 12806 12818 12810
f 12807 12818 12806
f 12807 12820 12818
f 12805 12807 12806
f 12828 12807 12805
f 12829 12820 12807
f 12809 12808 12592
f 12808 12525 12592
f 12810 12808 12809
f 12810 12811 12808
f 12818 12811 12810
f 12811 12812 12808
f 12812 12667 12525
f 12808 12812 12525
f 12812 12813 12667
f 12814 12813 12812
f 12814 12816 12813
f 12811 12814 12812
f 12819 12814 12811
f 12815 12816 12814
f 12819 12815 12814
f 12815 12817 12816
f 12818 12819 12811
f 12820 12819 12818
f 12820 12821 12819
f 12821 12815 12819
f 12832 12821 12820
f 12821 12822 12815
f 12822 12817 12815
f 12822 12837 12817
f 11897 12823 12825
f 12823 12824 12826
f 12823 12826 12825
f 11898 12825 12909
f 12825 12910 12909
f 12825 12826 12910
f 12824 12676 12827
f 12824 12827 12826
f 12826 12827 12911
f 12676 12830 12827
f 12827 12830 12924
f 12828 12829 12807
f 12829 12832 12820
f 12847 12832 12829
f 12847 12834 12832
f 12687 12831 12830
f 12830 12831 12923
f 12833 12822 12821
f 12832 12833 12821
f 12834 12833 12832
f 12834 12835 12833
f 12835 12836 12833
f 12833 12836 12822
f 12836 12837 12822
f 12836 12838 12837
f 12835 12839 12836
f 12839 12838 12836
f 12839 12840 12838
f 12854 12835 12834
f 12855 12839 12835
f 12855 12841 12839
f 12841 12840 12839
f 12841 12842 12840
f 12858 12842 12841
f 12858 12843 12842
f 11927 12844 12804
f 12845 12828 12844
f 11928 12845 12844
f 12849 12846 12845
f 12845 12846 12828
f 11931 12849 12845
f 12846 12829 12828
f 12846 12847 12829
f 12848 12847 12846
f 12852 12834 12847
f 12849 12848 12846
f 11932 12850 12849
f 12850 12848 12849
f 12032 12951 12850
f 12951 12851 12850
f 12850 12851 12848
f 12848 12852 12847
f 12851 12852 12848
f 12852 12854 12834
f 12853 12854 12852
f 12851 12853 12852
f 12853 12856 12854
f 12954 12856 12853
f 12952 12853 12851
f 12854 12855 12835
f 12856 12855 12854
f 12856 12857 12855
f 12974 12857 12856
f 12857 12841 12855
f 12973 12858 12857
f 12857 12858 12841
f 12813 12859 12731
f 12816 12859 12813
f 12816 12861 12859
f 12861 12860 12859
f 12861 12862 12860
f 12862 12735 12860
f 12865 12736 12735
f 12817 12861 12816
f 12817 12863 12861
f 12863 12862 12861
f 12863 12864 12862
f 12837 12863 12817
f 12837 12879 12863
f 12879 12864 12863
f 12879 12875 12864
f 12862 12865 12735
f 12864 12865 12862
f 12865 12866 12736
f 12866 12869 12743
f 12868 12866 12865
f 12867 12869 12866
f 12864 12868 12865
f 12868 12867 12866
f 12867 12871 12869
f 12875 12868 12864
f 12876 12867 12868
f 12877 12871 12867
f 12871 12870 12869
f 12871 12872 12870
f 12893 12872 12871
f 12872 12748 12870
f 12872 12873 12748
f 12873 12750 12748
f 12873 12874 12750
f 12875 12876 12868
f 12881 12876 12875
f 12876 12877 12867
f 12877 12893 12871
f 12882 12877 12876
f 12878 12893 12877
f 12882 12878 12877
f 12878 12895 12893
f 12838 12879 12837
f 12838 12880 12879
f 12880 12875 12879
f 12880 12881 12875
f 12840 12880 12838
f 12840 12883 12880
f 12883 12881 12880
f 12883 12884 12881
f 12881 12882 12876
f 12884 12882 12881
f 12884 12890 12882
f 12890 12878 12882
f 12890 12889 12878
f 12889 12895 12878
f 12842 12883 12840
f 12842 12885 12883
f 12885 12884 12883
f 12885 12887 12884
f 12843 12885 12842
f 12843 12886 12885
f 12886 12887 12885
f 12886 12888 12887
f 12887 12890 12884
f 12887 12891 12890
f 12889 12903 12895
f 12891 12889 12890
f 12891 12892 12889
f 12892 12903 12889
f 12892 12905 12903
f 13073 12905 12892
f 13073 13103 12905
f 12888 12891 12887
f 12888 13072 12891
f 13072 12892 12891
f 13072 13073 12892
f 12894 12873 12872
f 12894 12898 12873
f 12893 12894 12872
f 12895 12894 12893
f 12896 12898 12894
f 12895 12896 12894
f 12903 12896 12895
f 12896 12899 12898
f 12904 12899 12896
f 12898 12874 12873
f 12898 12897 12874
f 12897 13726 12874
f 12897 13727 13726
f 12900 13727 12897
f 12900 13732 13727
f 12899 12897 12898
f 12899 12900 12897
f 12901 12900 12899
f 12904 12901 12899
f 12901 12902 12900
f 12907 12902 12901
f 12902 13732 12900
f 12902 13733 13732
f 12908 13733 12902
f 12908 13736 13733
f 12903 12904 12896
f 12905 12904 12903
f 12905 12906 12904
f 12906 12901 12904
f 13103 12906 12905
f 13103 13102 12906
f 12906 12907 12901
f 13102 12907 12906
f 13102 13108 12907
f 12907 12908 12902
f 13108 12908 12907
f 13108 13109 12908
f 13109 13736 12908
f 11987 12909 12913
f 12909 12910 12915
f 12827 12924 12911
f 12826 12911 12910
f 12910 12912 12915
f 12910 12911 12912
f 12911 12924 12925
f 12911 12925 12912
f 12912 12925 12933
f 12909 12915 12913
f 11993 12913 12914
f 12913 12916 12914
f 12913 12915 12916
f 11994 12914 12918
f 12915 12912 12917
f 12915 12917 12916
f 12912 12933 12917
f 12914 12916 12919
f 12914 12919 12918
f 11996 12918 12956
f 12918 12920 12956
f 12918 12919 12920
f 12916 12921 12919
f 12916 12917 12921
f 12917 12935 12921
f 12917 12933 12935
f 12919 12921 12922
f 12919 12922 12920
f 12921 12937 12922
f 12921 12935 12937
f 12920 12922 12959
f 12922 12937 12938
f 12922 12938 12959
f 12959 12938 13024
f 12830 12923 12924
f 12831 12927 12923
f 12924 12923 12926
f 12924 12926 12925
f 12925 12926 12934
f 12923 12929 12926
f 12926 12931 12934
f 12831 12692 12927
f 12692 12928 12927
f 12923 12927 12929
f 12692 12694 12928
f 12927 12928 12930
f 12927 12930 12929
f 12926 12929 12931
f 12929 12932 12931
f 12929 12930 12932
f 12931 12932 12942
f 12925 12934 12933
f 12933 12934 12936
f 12933 12936 12935
f 12935 12936 12939
f 12934 12941 12936
f 12936 12943 12939
f 12935 12939 12937
f 12937 12939 12940
f 12937 12940 12938
f 12938 12940 12947
f 12939 12945 12940
f 12934 12931 12941
f 12931 12942 12941
f 12936 12941 12943
f 12941 12942 12944
f 12941 12944 12943
f 12943 12944 12946
f 12939 12943 12945
f 12943 12946 12945
f 12940 12945 12948
f 12945 12946 12949
f 12938 12947 13024
f 12940 12948 12947
f 12947 12948 13041
f 12945 12949 12948
f 12948 12950 13041
f 12948 12949 12950
f 12962 12952 12951
f 12951 12952 12851
f 12962 12953 12952
f 12952 12954 12853
f 12953 12954 12952
f 12953 12955 12954
f 12954 12974 12856
f 12955 12974 12954
f 12964 12955 12953
f 12964 12960 12955
f 12955 12975 12974
f 12960 12975 12955
f 12960 12981 12975
f 12024 12956 12957
f 12956 12958 12957
f 12025 12957 12997
f 12957 12998 12997
f 12956 12920 12958
f 12957 12958 12998
f 12920 12959 12958
f 12958 12959 13006
f 12966 12960 12964
f 12966 12961 12960
f 12961 12981 12960
f 12971 12982 12961
f 12961 12982 12981
f 12971 12985 12982
f 12972 12985 12971
f 12972 12986 12985
f 12033 12962 12951
f 12963 12953 12962
f 12034 12963 12962
f 12963 12964 12953
f 12965 12964 12963
f 12967 12966 12965
f 12041 12965 12963
f 12965 12966 12964
f 12042 12967 12965
f 12043 12968 12967
f 12968 12969 12967
f 13013 12970 12968
f 12967 12969 12966
f 12968 12970 12969
f 12969 12961 12966
f 12969 12971 12961
f 12970 12971 12969
f 13016 12972 12970
f 12970 12972 12971
f 13022 12986 12972
f 12974 12973 12857
f 12976 12977 12973
f 12975 12973 12974
f 12975 12976 12973
f 12981 12976 12975
f 12981 12983 12976
f 12983 12979 12976
f 12977 12843 12858
f 12973 12977 12858
f 12979 12978 12977
f 12977 12978 12843
f 12976 12979 12977
f 12989 12980 12979
f 12979 12980 12978
f 12989 12990 12980
f 12983 12989 12979
f 12982 12983 12981
f 12982 12984 12983
f 12984 12989 12983
f 12985 12984 12982
f 12985 12987 12984
f 12986 12987 12985
f 12986 12988 12987
f 12987 12992 12984
f 12988 12993 12987
f 12992 12990 12989
f 12992 12991 12990
f 12984 12992 12989
f 12987 12993 12992
f 12993 12991 12992
f 12988 12994 12993
f 12994 12995 12993
f 12993 12995 12991
f 12994 12996 12995
f 12997 12998 13001
f 12067 12997 12999
f 12997 13001 12999
f 12999 13002 13000
f 12068 12999 13000
f 12069 13000 13003
f 13000 13004 13003
f 12999 13001 13002
f 13000 13002 13004
f 13003 13004 13005
f 12958 13006 12998
f 12998 13007 13001
f 12998 13006 13007
f 13001 13007 13008
f 12959 13024 13006
f 13006 13024 13025
f 13006 13025 13007
f 13007 13026 13008
f 13007 13025 13026
f 13001 13008 13002
f 13002 13009 13004
f 13002 13008 13009
f 13020 13011 13023
f 13008 13036 13009
f 13008 13026 13036
f 13022 13031 12986
f 13023 13032 13030
f 13011 13032 13023
f 13011 13038 13032
f 13004 13010 13005
f 13005 13011 13020
f 13004 13009 13010
f 13005 13010 13011
f 13009 13037 13010
f 13009 13036 13037
f 13010 13038 13011
f 13010 13037 13038
f 13019 13017 13014
f 12085 13014 13012
f 12089 13013 12968
f 12090 13012 13013
f 13012 13016 13013
f 13014 13015 13012
f 12088 13019 13014
f 13013 13016 12970
f 13014 13017 13015
f 13019 13020 13017
f 13012 13015 13016
f 12086 13003 13018
f 12087 13018 13019
f 13003 13005 13018
f 13018 13020 13019
f 13018 13005 13020
f 13015 13022 13016
f 13017 13021 13015
f 13016 13022 12972
f 13017 13023 13021
f 13015 13021 13022
f 13020 13023 13017
f 13021 13031 13022
f 13023 13030 13021
f 13021 13030 13031
f 13024 12947 13027
f 13024 13027 13025
f 13025 13027 13028
f 13025 13028 13026
f 13026 13029 13036
f 13026 13028 13029
f 12947 13041 13027
f 13027 13042 13028
f 13028 13044 13029
f 13029 13045 13039
f 13038 13040 13035
f 13031 13034 12988
f 13032 13035 13033
f 13031 12988 12986
f 13030 13034 13031
f 13030 13033 13034
f 13032 13033 13030
f 13038 13035 13032
f 13040 13051 13035
f 13034 12994 12988
f 13033 13049 13034
f 13035 13050 13033
f 13036 13039 13037
f 13036 13029 13039
f 13037 13040 13038
f 13037 13039 13040
f 13039 13055 13040
f 13027 13041 13042
f 13041 13043 13042
f 13042 13046 13044
f 13028 13042 13044
f 13041 12950 13043
f 13042 13043 13046
f 13055 13048 13054
f 13029 13044 13045
f 13044 13047 13045
f 13045 13048 13055
f 13044 13046 13047
f 13045 13047 13048
f 13034 13049 12994
f 13033 13050 13049
f 13049 12996 12994
f 13050 13052 13049
f 13051 13053 13050
f 13040 13055 13051
f 13035 13051 13050
f 13055 13054 13051
f 13049 13052 12996
f 13050 13053 13052
f 13051 13054 13053
f 13039 13045 13055
f 12694 13056 12928
f 12928 13056 13058
f 13056 13057 13059
f 12928 13058 12930
f 13056 13059 13058
f 13058 13059 13064
f 12930 13058 13062
f 12930 13062 12932
f 13058 13064 13062
f 13057 13060 13059
f 13057 12785 13060
f 13059 13067 13064
f 13059 13060 13067
f 12785 12786 13061
f 12785 13061 13060
f 12786 13086 13061
f 13061 13086 13088
f 13060 13061 13066
f 13060 13066 13067
f 12932 13062 13063
f 12932 13063 12942
f 13062 13064 13065
f 13062 13065 13063
f 13063 13065 13080
f 13061 13088 13066
f 13064 13067 13069
f 13064 13069 13065
f 13065 13069 13082
f 13067 13066 13068
f 13066 13088 13090
f 13067 13068 13069
f 13066 13090 13068
f 13065 13082 13080
f 13069 13068 13070
f 13069 13070 13082
f 13068 13092 13070
f 13068 13090 13092
f 13070 13092 13114
f 12978 12886 12843
f 13181 12888 12886
f 13181 13071 12888
f 13071 13072 12888
f 13071 13075 13072
f 13075 13073 13072
f 13074 13103 13073
f 13075 13074 13073
f 13074 13104 13103
f 13183 13075 13071
f 13183 13076 13075
f 13076 13074 13075
f 13076 13077 13074
f 13077 13104 13074
f 13077 13106 13104
f 13191 13077 13076
f 13085 13106 13077
f 12942 13063 13078
f 12942 13078 12944
f 12944 13078 13079
f 12944 13079 12946
f 13063 13080 13078
f 13078 13080 13081
f 13078 13081 13079
f 13079 13081 13130
f 12946 13079 13127
f 13080 13083 13081
f 13080 13082 13083
f 13082 13070 13084
f 13082 13084 13083
f 13070 13114 13084
f 13191 13085 13077
f 13085 13116 13106
f 13193 13116 13085
f 13193 13118 13116
f 12789 13087 13086
f 13086 13087 13089
f 13087 12794 13094
f 13086 13089 13088
f 13088 13089 13091
f 13087 13094 13089
f 13089 13095 13091
f 13089 13094 13095
f 13088 13091 13090
f 13090 13091 13093
f 13090 13093 13092
f 13092 13093 13115
f 13091 13098 13093
f 13091 13095 13098
f 13093 13099 13115
f 13093 13098 13099
f 12794 13096 13094
f 13094 13096 13097
f 13094 13097 13095
f 12796 13754 13096
f 13096 13754 13755
f 13096 13755 13097
f 13095 13097 13100
f 13097 13760 13100
f 13097 13755 13760
f 13095 13100 13098
f 13098 13100 13101
f 13098 13101 13099
f 13100 13761 13101
f 13100 13760 13761
f 13105 13108 13102
f 13105 13110 13108
f 13104 13102 13103
f 13104 13105 13102
f 13106 13105 13104
f 13106 13107 13105
f 13116 13107 13106
f 13107 13110 13105
f 13107 13113 13110
f 13117 13113 13107
f 13110 13109 13108
f 13110 13111 13109
f 13109 13768 13736
f 13111 13768 13109
f 13111 13770 13768
f 13113 13111 13110
f 13113 13112 13111
f 13112 13770 13111
f 13112 13771 13770
f 13121 13112 13113
f 13092 13115 13114
f 13116 13117 13107
f 13118 13117 13116
f 13118 13119 13117
f 13117 13121 13113
f 13119 13121 13117
f 13119 13123 13121
f 13196 13119 13118
f 13196 13120 13119
f 13218 13120 13196
f 13218 13152 13120
f 13120 13123 13119
f 13120 13124 13123
f 13152 13124 13120
f 13152 13168 13124
f 13122 13771 13112
f 13122 13776 13771
f 13121 13122 13112
f 13123 13122 13121
f 13123 13125 13122
f 13125 13776 13122
f 13125 13783 13776
f 13124 13125 13123
f 13124 13126 13125
f 13168 13172 13126
f 13168 13126 13124
f 13126 13783 13125
f 13126 13784 13783
f 13172 13784 13126
f 13172 13850 13784
f 12946 13127 12949
f 12949 13127 13128
f 12949 13128 12950
f 12950 13128 13129
f 12950 13129 13043
f 13079 13130 13127
f 13127 13130 13131
f 13127 13131 13128
f 13128 13132 13129
f 13128 13131 13132
f 13129 13132 13133
f 13081 13134 13130
f 13081 13083 13134
f 13083 13084 13135
f 13084 13114 13146
f 13083 13135 13134
f 13134 13135 13138
f 13084 13146 13135
f 13135 13146 13147
f 13135 13147 13138
f 13130 13134 13136
f 13130 13136 13131
f 13131 13136 13137
f 13131 13137 13132
f 13132 13140 13133
f 13132 13137 13140
f 13134 13138 13136
f 13136 13138 13139
f 13136 13139 13137
f 13137 13139 13142
f 13138 13147 13150
f 13138 13150 13139
f 13139 13150 13156
f 13144 13158 13221
f 13133 13140 13141
f 13139 13156 13142
f 13137 13142 13140
f 13140 13142 13143
f 13140 13143 13141
f 13141 13143 13144
f 13142 13157 13143
f 13142 13156 13157
f 13143 13158 13144
f 13143 13157 13158
f 13099 13145 13162
f 13099 13101 13145
f 13101 13816 13145
f 13101 13761 13816
f 13145 13816 13833
f 13114 13148 13146
f 13114 13115 13148
f 13146 13148 13149
f 13146 13149 13147
f 13147 13149 13151
f 13115 13162 13148
f 13115 13099 13162
f 13148 13162 13163
f 13148 13163 13149
f 13149 13164 13151
f 13149 13163 13164
f 13151 13164 13176
f 13147 13151 13150
f 13150 13151 13159
f 13220 13154 13152
f 13158 13155 13221
f 13221 13155 13153
f 13158 13161 13155
f 13154 13168 13152
f 13153 13170 13154
f 13155 13169 13153
f 13153 13169 13170
f 13154 13170 13168
f 13161 13171 13155
f 13155 13171 13169
f 13161 13178 13171
f 13150 13159 13156
f 13156 13159 13160
f 13156 13160 13157
f 13157 13161 13158
f 13157 13160 13161
f 13151 13176 13159
f 13159 13177 13160
f 13159 13176 13177
f 13160 13177 13178
f 13160 13178 13161
f 13162 13145 13165
f 13162 13165 13163
f 13163 13165 13166
f 13163 13166 13164
f 13164 13166 13167
f 13145 13833 13165
f 13165 13834 13166
f 13165 13833 13834
f 13166 13834 13842
f 13164 13167 13176
f 13176 13167 13179
f 13166 13842 13167
f 13167 13843 13179
f 13167 13842 13843
f 13179 13843 13857
f 13178 13174 13171
f 13178 13180 13174
f 13170 13172 13168
f 13171 13175 13169
f 13169 13173 13170
f 13170 13173 13172
f 13169 13175 13173
f 13171 13174 13175
f 13173 13850 13172
f 13175 13852 13173
f 13174 13851 13175
f 13173 13852 13850
f 13175 13851 13852
f 13180 13853 13174
f 13180 13857 13853
f 13174 13853 13851
f 13176 13179 13177
f 13177 13180 13178
f 13177 13179 13180
f 13179 13857 13180
f 12978 13181 12886
f 12980 13181 12978
f 12980 13182 13181
f 12990 13182 12980
f 13182 13071 13181
f 13182 13183 13071
f 13184 13183 13182
f 13186 13076 13183
f 12990 13184 13182
f 12991 13184 12990
f 12991 13185 13184
f 13185 13186 13184
f 13184 13186 13183
f 13185 13187 13186
f 12995 13185 12991
f 12995 13188 13185
f 12996 13188 12995
f 12996 13189 13188
f 13188 13187 13185
f 13188 13190 13187
f 13189 13190 13188
f 13189 13200 13190
f 13186 13191 13076
f 13187 13191 13186
f 13187 13192 13191
f 13192 13085 13191
f 13192 13193 13085
f 13190 13192 13187
f 13190 13194 13192
f 13200 13194 13190
f 13200 13209 13194
f 13194 13193 13192
f 13194 13195 13193
f 13195 13118 13193
f 13195 13196 13118
f 13209 13212 13195
f 13209 13195 13194
f 13212 13196 13195
f 13212 13218 13196
f 13043 13204 13046
f 13043 13129 13204
f 13052 13189 12996
f 13052 13197 13189
f 13053 13198 13197
f 13048 13206 13199
f 13054 13199 13198
f 13048 13199 13054
f 13129 13133 13204
f 13206 13208 13203
f 13197 13200 13189
f 13198 13201 13197
f 13199 13202 13198
f 13197 13201 13200
f 13198 13202 13201
f 13206 13203 13199
f 13199 13203 13202
f 13046 13205 13047
f 13046 13204 13205
f 13047 13206 13048
f 13047 13205 13206
f 13204 13207 13205
f 13205 13208 13206
f 13204 13133 13207
f 13205 13207 13208
f 13053 13197 13052
f 13054 13198 13053
f 13201 13211 13209
f 13202 13210 13211
f 13208 13215 13203
f 13208 13217 13215
f 13203 13215 13210
f 13201 13209 13200
f 13202 13211 13201
f 13203 13210 13202
f 13211 13212 13209
f 13210 13214 13211
f 13211 13214 13212
f 13210 13213 13214
f 13215 13213 13210
f 13214 13218 13212
f 13213 13220 13214
f 13214 13220 13218
f 13213 13219 13220
f 13216 13219 13213
f 13217 13216 13215
f 13217 13144 13216
f 13215 13216 13213
f 13216 13221 13219
f 13144 13221 13216
f 13133 13141 13207
f 13207 13217 13208
f 13207 13141 13217
f 13141 13144 13217
f 13220 13152 13218
f 13219 13154 13220
f 13221 13153 13219
f 13219 13153 13154
f 10740 13223 13222
f 13222 13226 13225
f 13222 13223 13226
f 13223 13242 13226
f 13223 13224 13242
f 13224 10747 13245
f 13224 13245 13242
f 13294 12615 12614
f 13294 13295 12615
f 13229 13369 12624
f 13227 13228 12622
f 13228 13229 12624
f 13234 13229 13228
f 13236 13371 13229
f 13230 13227 12627
f 13230 13235 13227
f 13231 13230 12627
f 13232 13230 13231
f 13295 13231 12615
f 13295 13232 13231
f 13232 13233 13230
f 13233 13235 13230
f 13233 13238 13235
f 13313 13233 13232
f 13314 13238 13233
f 13314 13315 13238
f 13235 13228 13227
f 13235 13234 13228
f 13238 13234 13235
f 13234 13236 13229
f 13238 13239 13234
f 13237 13372 13236
f 13239 13236 13234
f 13239 13237 13236
f 13241 13381 13237
f 13315 13239 13238
f 13315 13240 13239
f 13240 13237 13239
f 13240 13241 13237
f 13320 13241 13240
f 13322 13382 13241
f 13225 13226 13243
f 13225 13243 13249
f 13226 13242 13244
f 13226 13244 13243
f 10747 10748 13246
f 10747 13246 13245
f 13245 13246 13248
f 13242 13245 13247
f 13242 13247 13244
f 13244 13247 13256
f 13245 13248 13247
f 13247 13248 13257
f 13249 13243 13251
f 13249 13251 13250
f 13243 13252 13251
f 13243 13244 13252
f 13251 13252 13254
f 13250 13251 13255
f 13250 13255 13253
f 13253 13255 13329
f 13251 13254 13255
f 13244 13256 13252
f 13252 13256 13259
f 13247 13257 13256
f 13256 13257 13258
f 13256 13258 13259
f 13252 13259 13254
f 13255 13330 13329
f 13255 13254 13330
f 13254 13259 13260
f 13254 13260 13330
f 13259 13258 13261
f 13259 13261 13260
f 13260 13261 13338
f 10748 13262 13246
f 10765 13263 13262
f 13246 13262 13265
f 13262 13264 13265
f 13263 13268 13269
f 13262 13263 13264
f 13263 13269 13264
f 13246 13265 13248
f 13248 13265 13266
f 13248 13266 13257
f 13265 13267 13266
f 13265 13264 13267
f 13264 13269 13272
f 13264 13272 13267
f 13268 13270 13269
f 13268 10772 13270
f 13269 13270 13273
f 10772 13271 13270
f 10773 10944 13271
f 13270 13271 13274
f 13269 13273 13272
f 13270 13274 13273
f 13267 13272 13281
f 13271 13394 13274
f 13272 13282 13281
f 13272 13273 13282
f 13273 13274 13275
f 13274 13399 13275
f 13273 13275 13282
f 13257 13266 13276
f 13257 13276 13258
f 13266 13267 13277
f 13266 13277 13276
f 13258 13276 13278
f 13267 13281 13277
f 13276 13277 13279
f 13277 13281 13283
f 13277 13283 13279
f 13258 13278 13261
f 13276 13279 13278
f 13261 13278 13350
f 13261 13350 13338
f 13278 13280 13350
f 13278 13279 13280
f 13279 13283 13287
f 13279 13287 13280
f 13280 13287 13467
f 13281 13282 13284
f 13281 13284 13283
f 13282 13275 13285
f 13283 13284 13286
f 13282 13285 13284
f 13275 13400 13285
f 13284 13285 13288
f 13285 13527 13288
f 13283 13286 13287
f 13287 13286 13436
f 13284 13288 13286
f 13292 13290 13289
f 13291 13289 12629
f 13291 13292 13289
f 13300 13292 13291
f 13292 13293 13290
f 13300 13301 13292
f 13301 13293 13292
f 13301 13302 13293
f 13290 13294 12614
f 13293 13294 13290
f 13293 13297 13294
f 13297 13295 13294
f 13297 13296 13295
f 13302 13297 13293
f 13302 13298 13297
f 13298 13296 13297
f 13298 13299 13296
f 13309 13299 13298
f 13309 13310 13299
f 13303 13301 13300
f 13304 13302 13301
f 13303 13304 13301
f 13304 13305 13302
f 13307 13305 13304
f 13306 13304 13303
f 13306 13307 13304
f 13726 13307 13306
f 13726 13340 13307
f 13307 13308 13305
f 13340 13308 13307
f 13340 13341 13308
f 13305 13298 13302
f 13305 13309 13298
f 13308 13309 13305
f 13308 13311 13309
f 13311 13310 13309
f 13311 13312 13310
f 13342 13312 13311
f 13341 13311 13308
f 13296 13232 13295
f 13296 13313 13232
f 13299 13313 13296
f 13317 13314 13313
f 13313 13314 13233
f 13316 13315 13314
f 13299 13317 13313
f 13317 13316 13314
f 13316 13321 13315
f 13319 13321 13316
f 13318 13316 13317
f 13310 13317 13299
f 13310 13318 13317
f 13318 13319 13316
f 13319 13325 13321
f 13326 13319 13318
f 13327 13325 13319
f 13326 13327 13319
f 13327 13346 13325
f 13321 13240 13315
f 13321 13320 13240
f 13325 13320 13321
f 13320 13322 13241
f 13325 13323 13320
f 13324 13386 13322
f 13323 13322 13320
f 13323 13324 13322
f 13348 13423 13324
f 13346 13323 13325
f 13346 13347 13323
f 13347 13324 13323
f 13312 13318 13310
f 13312 13326 13318
f 13343 13326 13312
f 13253 13329 13328
f 13328 13331 13333
f 13328 13329 13331
f 13329 13330 13332
f 13329 13332 13331
f 13333 13331 13335
f 13333 13335 13334
f 13331 13332 13336
f 13331 13336 13335
f 13330 13260 13337
f 13330 13337 13332
f 13332 13337 13339
f 13260 13338 13337
f 13337 13338 13438
f 13337 13438 13339
f 13332 13339 13336
f 13341 13342 13311
f 13729 13342 13341
f 13729 13344 13342
f 13342 13343 13312
f 13344 13343 13342
f 13344 13345 13343
f 13739 13345 13344
f 13355 13347 13346
f 13355 13356 13347
f 13347 13348 13324
f 13349 13424 13348
f 13356 13348 13347
f 13356 13349 13348
f 13359 13426 13349
f 13338 13350 13461
f 13350 13462 13461
f 13338 13461 13438
f 13350 13280 13462
f 13351 13327 13326
f 13343 13351 13326
f 13353 13352 13351
f 13351 13352 13327
f 13352 13346 13327
f 13352 13355 13346
f 13353 13354 13352
f 13354 13355 13352
f 13354 13358 13355
f 13345 13351 13343
f 13345 13353 13351
f 13360 13354 13353
f 13741 13353 13345
f 13741 13360 13353
f 13361 13358 13354
f 13358 13356 13355
f 13358 13357 13356
f 13366 13357 13358
f 13357 13349 13356
f 13357 13359 13349
f 13745 13361 13360
f 13360 13361 13354
f 13361 13366 13358
f 13362 13366 13361
f 13745 13362 13361
f 13362 13368 13366
f 13747 13368 13362
f 13747 13478 13368
f 13366 13363 13357
f 13364 13431 13359
f 13363 13359 13357
f 13363 13364 13359
f 13367 13364 13363
f 13365 13432 13364
f 13367 13365 13364
f 13481 13435 13365
f 13368 13363 13366
f 13368 13367 13363
f 13478 13367 13368
f 13478 13479 13367
f 13479 13365 13367
f 13479 13481 13365
f 12624 13369 9727
f 13371 10902 13369
f 13371 13370 10902
f 13229 13371 13369
f 13373 10904 13370
f 13373 13374 10904
f 13372 13370 13371
f 13372 13373 13370
f 13236 13372 13371
f 13381 13373 13372
f 13381 13376 13373
f 13375 10913 13374
f 13376 13374 13373
f 13376 13375 13374
f 13377 13378 13375
f 13383 13375 13376
f 13383 13377 13375
f 13384 13380 13377
f 13375 13378 10913
f 13380 10914 13378
f 13380 13379 10914
f 13377 13380 13378
f 13390 13379 13380
f 13384 13390 13380
f 13237 13381 13372
f 13382 13376 13381
f 13382 13383 13376
f 13241 13382 13381
f 13386 13383 13382
f 13386 13385 13383
f 13385 13377 13383
f 13385 13384 13377
f 13404 13384 13385
f 13322 13386 13382
f 13423 13404 13385
f 13423 13385 13386
f 13271 10944 13394
f 13389 13387 10945
f 13389 10945 13379
f 13388 10974 13387
f 13388 13418 10974
f 13391 13388 13387
f 13393 13418 13388
f 13393 13419 13418
f 13390 13389 13379
f 13408 13389 13390
f 13408 13391 13389
f 13391 13387 13389
f 13392 13388 13391
f 13392 13393 13388
f 10944 13395 13394
f 13394 13395 13397
f 13394 13397 13399
f 13395 13396 13397
f 13396 13513 13398
f 13397 13396 13398
f 13397 13398 13401
f 13274 13394 13399
f 13399 13397 13401
f 13275 13399 13400
f 13399 13401 13400
f 13400 13401 13511
f 13401 13398 13510
f 13402 13419 13393
f 13402 13421 13419
f 13410 13393 13392
f 13410 13402 13393
f 13412 13421 13402
f 13412 13422 13421
f 13413 13558 13422
f 13403 13390 13384
f 13404 13403 13384
f 13406 13408 13403
f 13405 13403 13404
f 13405 13406 13403
f 13407 13409 13406
f 13425 13406 13405
f 13425 13407 13406
f 13403 13408 13390
f 13409 13391 13408
f 13409 13392 13391
f 13406 13409 13408
f 13414 13392 13409
f 13407 13414 13409
f 13285 13400 13527
f 13400 13511 13527
f 13427 13414 13407
f 13429 13415 13427
f 13414 13410 13392
f 13415 13410 13414
f 13415 13411 13410
f 13411 13412 13402
f 13411 13402 13410
f 13413 13422 13412
f 13416 13412 13411
f 13416 13413 13412
f 13427 13415 13414
f 13417 13416 13411
f 13417 13411 13415
f 13429 13417 13415
f 13630 13416 13417
f 13535 13413 13416
f 13419 10977 13418
f 13421 10979 10978
f 13421 10978 13419
f 13422 10979 13421
f 13422 13420 10979
f 13558 13420 13422
f 13324 13423 13386
f 13424 13404 13423
f 13424 13405 13404
f 13348 13424 13423
f 13426 13405 13424
f 13426 13425 13405
f 13428 13407 13425
f 13349 13426 13424
f 13431 13425 13426
f 13359 13431 13426
f 13431 13428 13425
f 13428 13427 13407
f 13433 13427 13428
f 13433 13429 13427
f 13430 13417 13429
f 13434 13430 13429
f 13432 13428 13431
f 13432 13433 13428
f 13435 13434 13433
f 13435 13433 13432
f 13434 13429 13433
f 13430 13630 13417
f 13364 13432 13431
f 13365 13435 13432
f 13652 13434 13435
f 13287 13436 13467
f 13286 13288 13437
f 13288 13530 13437
f 13286 13437 13436
f 13436 13437 13470
f 13437 13531 13470
f 13334 13335 13442
f 13335 13443 13442
f 13335 13336 13443
f 13336 13339 13439
f 13336 13439 13443
f 13339 13438 13440
f 13339 13440 13439
f 13439 13440 13452
f 13334 13442 13441
f 13441 13442 13444
f 13441 13444 13446
f 13442 13443 13445
f 13442 13445 13444
f 13444 13445 13449
f 13446 13444 13448
f 13446 13448 13447
f 13444 13449 13448
f 13443 13439 13450
f 13443 13450 13445
f 13445 13450 13451
f 13445 13451 13449
f 13439 13452 13450
f 13450 13452 13453
f 13450 13453 13451
f 13447 13454 13754
f 13447 13448 13454
f 13448 13449 13455
f 13448 13455 13454
f 13454 13455 13757
f 13451 13453 13457
f 13449 13456 13455
f 13449 13451 13456
f 13455 13458 13757
f 13455 13456 13458
f 13451 13457 13456
f 13456 13457 13459
f 13456 13459 13458
f 13458 13459 13460
f 13438 13461 13464
f 13461 13463 13464
f 13280 13467 13462
f 13462 13467 13468
f 13461 13462 13463
f 13462 13468 13463
f 13463 13468 13472
f 13438 13464 13440
f 13440 13464 13465
f 13440 13465 13452
f 13464 13466 13465
f 13464 13463 13466
f 13463 13472 13466
f 13465 13466 13486
f 13466 13472 13474
f 13466 13474 13486
f 13467 13469 13468
f 13467 13436 13469
f 13436 13470 13469
f 13468 13469 13473
f 13470 13625 13471
f 13469 13470 13471
f 13469 13471 13473
f 13468 13473 13472
f 13472 13473 13475
f 13472 13475 13474
f 13473 13471 13476
f 13471 13633 13476
f 13474 13475 13493
f 13473 13476 13475
f 13476 13638 13477
f 13475 13476 13477
f 13475 13477 13493
f 13493 13477 13497
f 13477 13640 13497
f 13452 13465 13484
f 13452 13484 13453
f 13465 13486 13484
f 13793 13479 13478
f 13793 13480 13479
f 13482 13652 13481
f 13480 13481 13479
f 13480 13482 13481
f 13483 13653 13482
f 13795 13482 13480
f 13795 13483 13482
f 13808 13656 13483
f 13453 13484 13485
f 13453 13485 13457
f 13484 13487 13485
f 13484 13486 13487
f 13486 13474 13492
f 13486 13492 13487
f 13485 13487 13488
f 13487 13492 13495
f 13487 13495 13488
f 13488 13495 13499
f 13457 13485 13489
f 13457 13489 13459
f 13485 13488 13489
f 13489 13491 13490
f 13459 13490 13460
f 13459 13489 13490
f 13460 13490 13868
f 13490 13500 13868
f 13489 13488 13491
f 13488 13499 13491
f 13491 13499 13502
f 13490 13491 13500
f 13491 13502 13500
f 13474 13493 13492
f 13492 13493 13494
f 13492 13494 13495
f 13495 13494 13496
f 13495 13496 13499
f 13493 13497 13494
f 13494 13497 13498
f 13497 13641 13498
f 13494 13498 13496
f 13496 13498 13501
f 13809 13663 13808
f 13499 13503 13502
f 13499 13496 13503
f 13868 13500 13872
f 13500 13502 13504
f 13500 13504 13872
f 13496 13501 13503
f 13498 13701 13501
f 13501 13702 13507
f 13502 13503 13505
f 13502 13505 13504
f 13504 13506 13889
f 13504 13505 13506
f 13503 13501 13507
f 13503 13507 13505
f 13505 13507 13508
f 13507 13703 13508
f 13508 13715 13509
f 13505 13508 13506
f 13506 13508 13509
f 13506 13509 13891
f 13891 13509 13906
f 13509 13723 13906
f 13906 13724 13907
f 13398 13515 13510
f 13510 13519 13512
f 13401 13510 13511
f 13511 13510 13512
f 13512 13521 13529
f 13513 13514 13515
f 13398 13513 13515
f 13515 13514 13516
f 13515 13516 13519
f 13514 13517 13516
f 13516 13517 13518
f 13517 13560 13518
f 13516 13518 13520
f 13510 13515 13519
f 13519 13516 13520
f 13519 13520 13521
f 13521 13520 13523
f 13512 13519 13521
f 13518 13560 13561
f 13520 13518 13522
f 13518 13561 13522
f 13522 13561 13562
f 13521 13523 13544
f 13544 13523 13524
f 13520 13522 13523
f 13523 13522 13525
f 13522 13562 13525
f 13523 13525 13524
f 13524 13525 13526
f 13525 13562 13568
f 13525 13568 13526
f 13526 13568 13571
f 13526 13571 13548
f 13548 13571 13603
f 13527 13511 13528
f 13288 13527 13530
f 13527 13528 13530
f 13530 13528 13532
f 13511 13512 13528
f 13528 13512 13529
f 13529 13544 13540
f 13528 13529 13532
f 13532 13529 13540
f 13437 13530 13531
f 13530 13532 13531
f 13531 13532 13533
f 13531 13533 13625
f 13532 13540 13533
f 13534 13558 13413
f 13534 13573 13558
f 13535 13534 13413
f 13538 13573 13534
f 13529 13521 13544
f 13538 13574 13573
f 13539 13574 13538
f 13539 13575 13574
f 13630 13535 13416
f 13631 13535 13630
f 13631 13536 13535
f 13536 13538 13534
f 13536 13534 13535
f 13537 13539 13538
f 13549 13575 13539
f 13537 13538 13536
f 13644 13539 13537
f 13540 13545 13541
f 13625 13533 13542
f 13533 13540 13541
f 13541 13551 13543
f 13533 13541 13542
f 13542 13541 13543
f 13543 13552 13635
f 13544 13524 13545
f 13545 13524 13546
f 13540 13544 13545
f 13541 13545 13551
f 13545 13546 13551
f 13551 13546 13547
f 13524 13526 13546
f 13546 13526 13548
f 13546 13548 13547
f 13547 13548 13580
f 13548 13603 13580
f 13547 13580 13582
f 13549 13576 13575
f 13550 13576 13549
f 13550 13577 13576
f 13644 13549 13539
f 13645 13550 13549
f 13554 13577 13550
f 13543 13551 13552
f 13551 13547 13552
f 13552 13547 13582
f 13552 13582 13553
f 13635 13552 13553
f 13554 13578 13577
f 13555 13579 13578
f 13647 13554 13550
f 13555 13578 13554
f 13683 13579 13555
f 13683 13618 13579
f 13557 11152 13556
f 13558 13556 13420
f 13559 11154 13557
f 13566 11155 13559
f 13573 13557 13556
f 13573 13556 13558
f 13574 13557 13573
f 13574 13559 13557
f 13575 13566 13559
f 13566 11166 11155
f 13561 11168 13562
f 13567 11167 11166
f 13567 11166 13566
f 13562 11168 11170
f 13568 11170 13565
f 13562 11170 13568
f 13569 11169 11167
f 13570 13563 11169
f 13571 13565 13597
f 13572 13564 13563
f 13569 11167 13567
f 13576 13567 13566
f 13570 11169 13569
f 13568 13565 13571
f 13572 13563 13570
f 13575 13559 13574
f 13576 13566 13575
f 13577 13569 13567
f 13577 13567 13576
f 13578 13570 13569
f 13579 13572 13570
f 13578 13569 13577
f 13579 13570 13578
f 13618 13572 13579
f 13580 13603 13610
f 13580 13610 13581
f 13581 13610 13612
f 13582 13580 13581
f 13581 13612 13586
f 13586 13612 13615
f 13586 13615 13587
f 13587 13615 13616
f 13553 13582 13583
f 13553 13583 13675
f 13675 13583 13584
f 13676 13584 13585
f 13582 13581 13583
f 13583 13581 13586
f 13583 13586 13584
f 13584 13586 13587
f 13587 13616 13588
f 13684 13619 13618
f 13684 13618 13683
f 13686 13619 13684
f 13584 13587 13585
f 13585 13587 13588
f 13585 13588 13688
f 13685 13621 13620
f 13686 13620 13619
f 13687 13622 13621
f 13685 13620 13686
f 13687 13621 13685
f 13591 13622 13687
f 13588 13616 13617
f 13588 13617 13589
f 13589 13617 13623
f 13590 13623 13624
f 13688 13588 13589
f 13689 13589 13590
f 13589 13623 13590
f 13590 13624 13591
f 13591 13624 13622
f 13597 11201 13598
f 13601 11202 11203
f 13602 11203 11204
f 13598 11202 13601
f 13604 13592 13564
f 13611 13593 13592
f 13601 11203 13602
f 13613 13594 13595
f 13614 13595 13593
f 13605 13596 13594
f 13606 11204 11205
f 13607 11205 13599
f 13608 13599 13600
f 13602 11204 13606
f 13609 13600 13596
f 13603 13597 13598
f 13571 13597 13603
f 13604 13564 13572
f 13611 13592 13604
f 13610 13598 13601
f 13614 13593 13611
f 13613 13595 13614
f 13605 13594 13613
f 13603 13598 13610
f 13612 13601 13602
f 13610 13601 13612
f 13615 13602 13606
f 13606 11205 13607
f 13607 13599 13608
f 13609 13596 13605
f 13608 13600 13609
f 13616 13606 13607
f 13618 13604 13572
f 13619 13611 13604
f 13612 13602 13615
f 13620 13614 13611
f 13622 13605 13613
f 13619 13604 13618
f 13621 13613 13614
f 13620 13611 13619
f 13621 13614 13620
f 13622 13613 13621
f 13624 13605 13622
f 13617 13607 13608
f 13615 13606 13616
f 13616 13607 13617
f 13624 13609 13605
f 13623 13608 13609
f 13617 13608 13623
f 13623 13609 13624
f 13626 13630 13430
f 13628 13631 13626
f 13470 13531 13625
f 13471 13625 13633
f 13627 13430 13434
f 13627 13626 13430
f 13654 13626 13627
f 13629 13632 13628
f 13654 13628 13626
f 13655 13628 13654
f 13655 13629 13628
f 13626 13631 13630
f 13632 13537 13536
f 13632 13536 13631
f 13646 13537 13632
f 13646 13644 13537
f 13628 13632 13631
f 13629 13646 13632
f 13625 13542 13633
f 13633 13542 13634
f 13633 13634 13638
f 13542 13543 13634
f 13638 13634 13637
f 13634 13543 13635
f 13634 13635 13637
f 13637 13635 13636
f 13635 13553 13636
f 13637 13636 13642
f 13476 13633 13638
f 13639 13646 13629
f 13657 13639 13629
f 13643 13649 13639
f 13477 13638 13640
f 13638 13637 13640
f 13640 13637 13642
f 13497 13640 13641
f 13640 13642 13641
f 13641 13642 13670
f 13659 13650 13643
f 13660 13651 13659
f 13649 13645 13644
f 13649 13644 13646
f 13650 13645 13649
f 13645 13549 13644
f 13647 13550 13645
f 13650 13647 13645
f 13651 13648 13647
f 13693 13677 13648
f 13648 13554 13647
f 13648 13555 13554
f 13677 13683 13555
f 13677 13555 13648
f 13639 13649 13646
f 13643 13650 13649
f 13651 13647 13650
f 13693 13648 13651
f 13659 13651 13650
f 13660 13693 13651
f 13652 13627 13434
f 13653 13627 13652
f 13653 13654 13627
f 13481 13652 13435
f 13656 13654 13653
f 13656 13655 13654
f 13663 13655 13656
f 13482 13653 13652
f 13483 13656 13653
f 13663 13657 13655
f 13664 13658 13657
f 13657 13629 13655
f 13658 13643 13639
f 13658 13639 13657
f 13498 13641 13701
f 13661 13659 13643
f 13662 13660 13659
f 13661 13643 13658
f 13662 13659 13661
f 13664 13657 13663
f 13808 13663 13656
f 13809 13664 13663
f 13665 13661 13658
f 13665 13658 13664
f 13666 13662 13661
f 13666 13661 13665
f 13813 13665 13664
f 13814 13666 13665
f 13636 13675 13667
f 13642 13636 13667
f 13667 13676 13668
f 13668 13679 13669
f 13641 13670 13701
f 13701 13670 13671
f 13642 13667 13670
f 13670 13667 13668
f 13670 13668 13671
f 13671 13668 13669
f 13669 13691 13672
f 13704 13693 13660
f 13705 13694 13704
f 13671 13669 13707
f 13707 13669 13672
f 13707 13672 13710
f 13708 13697 13706
f 13711 13696 13708
f 13672 13698 13673
f 13710 13672 13673
f 13673 13699 13674
f 13674 13700 13711
f 13636 13553 13675
f 13667 13675 13676
f 13675 13584 13676
f 13679 13585 13688
f 13676 13585 13679
f 13694 13678 13677
f 13695 13682 13678
f 13668 13676 13679
f 13669 13679 13691
f 13679 13688 13691
f 13696 13680 13681
f 13678 13683 13677
f 13678 13684 13683
f 13682 13686 13684
f 13681 13685 13686
f 13692 13687 13680
f 13680 13687 13685
f 13682 13684 13678
f 13681 13686 13682
f 13680 13685 13681
f 13691 13688 13689
f 13698 13689 13690
f 13691 13689 13698
f 13699 13690 13692
f 13700 13692 13680
f 13698 13690 13699
f 13688 13589 13689
f 13689 13590 13690
f 13690 13590 13591
f 13692 13591 13687
f 13690 13591 13692
f 13694 13677 13693
f 13695 13678 13694
f 13697 13681 13682
f 13696 13681 13697
f 13700 13680 13696
f 13697 13682 13695
f 13704 13694 13693
f 13705 13695 13694
f 13706 13697 13695
f 13708 13696 13697
f 13672 13691 13698
f 13673 13698 13699
f 13674 13699 13700
f 13699 13692 13700
f 13711 13700 13696
f 13701 13671 13702
f 13702 13671 13707
f 13703 13707 13710
f 13501 13701 13702
f 13507 13702 13703
f 13702 13707 13703
f 13703 13710 13715
f 13720 13704 13660
f 13721 13705 13704
f 13706 13695 13705
f 13709 13708 13706
f 13720 13660 13662
f 13722 13706 13705
f 13721 13704 13720
f 13722 13705 13721
f 13714 13708 13709
f 13709 13706 13722
f 13715 13710 13712
f 13715 13712 13723
f 13723 13712 13713
f 13712 13673 13674
f 13710 13673 13712
f 13713 13674 13711
f 13714 13711 13708
f 13712 13674 13713
f 13713 13711 13714
f 13716 13720 13662
f 13717 13721 13720
f 13718 13722 13721
f 13508 13703 13715
f 13719 13709 13722
f 13725 13709 13719
f 13716 13662 13666
f 13717 13720 13716
f 13718 13721 13717
f 13719 13722 13718
f 13509 13715 13723
f 13723 13713 13724
f 13724 13713 13714
f 13725 13714 13709
f 13724 13714 13725
f 13906 13723 13724
f 13907 13724 13725
f 13908 13725 13719
f 13727 13340 13726
f 13727 13728 13340
f 13728 13341 13340
f 13728 13729 13341
f 13732 13728 13727
f 13732 13730 13728
f 13730 13729 13728
f 13730 13731 13729
f 13731 13344 13729
f 13731 13739 13344
f 13739 13741 13345
f 13734 13731 13730
f 13733 13730 13732
f 13733 13734 13730
f 13736 13734 13733
f 13734 13735 13731
f 13736 13737 13734
f 13768 13737 13736
f 13737 13735 13734
f 13737 13738 13735
f 13769 13738 13737
f 13735 13739 13731
f 13735 13740 13739
f 13740 13741 13739
f 13740 13742 13741
f 13744 13742 13740
f 13744 13743 13742
f 13738 13740 13735
f 13738 13744 13740
f 13748 13744 13738
f 13742 13360 13741
f 13742 13745 13360
f 13743 13745 13742
f 13746 13362 13745
f 13743 13746 13745
f 13746 13747 13362
f 13768 13769 13737
f 13769 13748 13738
f 13748 13749 13744
f 13773 13749 13748
f 13773 13751 13749
f 13749 13743 13744
f 13749 13750 13743
f 13751 13750 13749
f 13751 13753 13750
f 13752 13753 13751
f 13752 13765 13753
f 13754 13756 13755
f 13754 13454 13756
f 13454 13757 13756
f 13755 13758 13760
f 13755 13756 13758
f 13756 13757 13759
f 13756 13759 13758
f 13758 13759 13763
f 13760 13762 13761
f 13760 13758 13762
f 13758 13763 13762
f 13757 13764 13759
f 13757 13458 13764
f 13759 13821 13763
f 13759 13764 13821
f 13458 13460 13764
f 13764 13460 13822
f 13764 13822 13821
f 13785 13765 13752
f 13785 13766 13765
f 13786 13767 13766
f 13770 13769 13768
f 13770 13772 13769
f 13772 13748 13769
f 13772 13773 13748
f 13771 13772 13770
f 13771 13775 13772
f 13775 13773 13772
f 13775 13774 13773
f 13774 13751 13773
f 13774 13752 13751
f 13776 13775 13771
f 13776 13777 13775
f 13783 13777 13776
f 13783 13779 13777
f 13777 13774 13775
f 13777 13778 13774
f 13779 13778 13777
f 13779 13780 13778
f 13784 13781 13779
f 13781 13780 13779
f 13781 13782 13780
f 13854 13782 13781
f 13854 13837 13782
f 13784 13779 13783
f 13850 13781 13784
f 13850 13854 13781
f 13778 13752 13774
f 13778 13785 13752
f 13780 13785 13778
f 13780 13786 13785
f 13786 13766 13785
f 13782 13787 13786
f 13782 13786 13780
f 13837 13787 13782
f 13837 13858 13787
f 13787 13767 13786
f 13787 13788 13767
f 13858 13788 13787
f 13789 13747 13746
f 13750 13746 13743
f 13750 13789 13746
f 13792 13790 13789
f 13789 13790 13747
f 13790 13478 13747
f 13790 13793 13478
f 13791 13793 13790
f 13791 13794 13793
f 13792 13791 13790
f 13797 13796 13791
f 13796 13794 13791
f 13796 13805 13794
f 13753 13789 13750
f 13753 13792 13789
f 13765 13792 13753
f 13765 13797 13792
f 13797 13791 13792
f 13794 13480 13793
f 13794 13795 13480
f 13805 13795 13794
f 13805 13804 13795
f 13804 13483 13795
f 13799 13805 13796
f 13799 13806 13805
f 13460 13868 13822
f 13798 13796 13797
f 13800 13799 13798
f 13766 13797 13765
f 13766 13798 13797
f 13767 13798 13766
f 13798 13799 13796
f 13802 13806 13799
f 13767 13800 13798
f 13788 13800 13767
f 13801 13802 13800
f 13788 13801 13800
f 13862 13801 13788
f 13876 13803 13801
f 13800 13802 13799
f 13802 13810 13806
f 13803 13810 13802
f 13801 13803 13802
f 13803 13815 13810
f 13880 13815 13803
f 13806 13804 13805
f 13810 13807 13806
f 13806 13807 13804
f 13804 13808 13483
f 13807 13808 13804
f 13807 13809 13808
f 13811 13809 13807
f 13815 13811 13810
f 13810 13811 13807
f 13909 13812 13815
f 13815 13812 13811
f 13811 13813 13809
f 13813 13664 13809
f 13814 13665 13813
f 13897 13666 13814
f 13812 13813 13811
f 13812 13814 13813
f 13892 13814 13812
f 13761 13762 13818
f 13761 13818 13816
f 13816 13818 13819
f 13816 13819 13833
f 13762 13817 13818
f 13762 13763 13817
f 13818 13817 13820
f 13818 13820 13819
f 13819 13820 13836
f 13763 13821 13824
f 13821 13822 13823
f 13821 13823 13824
f 13824 13823 13827
f 13763 13824 13817
f 13817 13824 13825
f 13817 13825 13820
f 13820 13826 13836
f 13820 13825 13826
f 13836 13826 13829
f 13824 13827 13825
f 13825 13827 13828
f 13825 13828 13826
f 13826 13828 13830
f 13826 13830 13829
f 13829 13830 13831
f 13829 13831 13866
f 13866 13831 13832
f 13833 13835 13834
f 13833 13819 13835
f 13834 13835 13844
f 13857 13848 13840
f 13819 13836 13835
f 13835 13836 13845
f 13855 13837 13854
f 13855 13838 13837
f 13856 13839 13838
f 13848 13841 13840
f 13848 13849 13841
f 13840 13841 13839
f 13834 13844 13842
f 13842 13847 13843
f 13843 13848 13857
f 13842 13844 13847
f 13843 13847 13848
f 13835 13845 13844
f 13844 13845 13846
f 13844 13846 13847
f 13847 13849 13848
f 13847 13846 13849
f 13852 13854 13850
f 13851 13855 13852
f 13853 13856 13851
f 13852 13855 13854
f 13851 13856 13855
f 13857 13840 13853
f 13853 13840 13856
f 13856 13838 13855
f 13840 13839 13856
f 13849 13867 13860
f 13838 13858 13837
f 13839 13859 13838
f 13841 13861 13839
f 13838 13859 13858
f 13839 13861 13859
f 13849 13860 13841
f 13841 13860 13861
f 13858 13862 13788
f 13859 13864 13862
f 13859 13862 13858
f 13861 13864 13859
f 13860 13863 13861
f 13861 13863 13864
f 13860 13865 13863
f 13867 13865 13860
f 13867 13832 13865
f 13836 13829 13845
f 13845 13866 13846
f 13846 13867 13849
f 13845 13829 13866
f 13846 13866 13867
f 13866 13832 13867
f 13822 13868 13869
f 13822 13869 13823
f 13868 13872 13869
f 13823 13869 13870
f 13823 13870 13827
f 13827 13870 13871
f 13869 13873 13870
f 13870 13874 13871
f 13869 13872 13873
f 13872 13889 13873
f 13872 13504 13889
f 13873 13890 13874
f 13873 13889 13890
f 13870 13873 13874
f 13871 13874 13875
f 13874 13902 13875
f 13874 13890 13902
f 13875 13903 13887
f 13875 13902 13903
f 13887 13903 13904
f 13827 13871 13828
f 13828 13871 13884
f 13864 13876 13862
f 13862 13876 13801
f 13864 13877 13876
f 13863 13878 13877
f 13877 13880 13876
f 13878 13881 13877
f 13879 13883 13878
f 13832 13886 13879
f 13865 13879 13878
f 13832 13879 13865
f 13886 13882 13879
f 13880 13909 13815
f 13881 13909 13880
f 13882 13910 13883
f 13883 13911 13881
f 13883 13910 13911
f 13881 13911 13909
f 13886 13888 13882
f 13882 13912 13910
f 13888 13912 13882
f 13876 13880 13803
f 13877 13881 13880
f 13878 13883 13881
f 13879 13882 13883
f 13828 13884 13830
f 13830 13884 13885
f 13871 13875 13884
f 13884 13887 13885
f 13885 13888 13886
f 13830 13885 13831
f 13831 13886 13832
f 13831 13885 13886
f 13884 13875 13887
f 13885 13887 13888
f 13887 13904 13888
f 13888 13904 13912
f 13889 13891 13890
f 13889 13506 13891
f 13909 13892 13812
f 13910 13894 13893
f 13911 13893 13892
f 13904 13895 13912
f 13912 13895 13894
f 13899 13716 13897
f 13898 13717 13899
f 13908 13719 13896
f 13896 13718 13898
f 13892 13897 13814
f 13893 13897 13892
f 13893 13899 13897
f 13894 13898 13899
f 13894 13899 13893
f 13895 13896 13898
f 13905 13896 13895
f 13895 13898 13894
f 13890 13900 13902
f 13890 13891 13900
f 13902 13900 13901
f 13902 13901 13903
f 13903 13905 13904
f 13903 13901 13905
f 13904 13905 13895
f 13891 13906 13900
f 13900 13906 13907
f 13900 13907 13901
f 13901 13908 13905
f 13901 13907 13908
f 13905 13908 13896
f 13907 13725 13908
f 13911 13892 13909
f 13912 13894 13910
f 13910 13893 13911
f 13863 13877 13864
f 13865 13878 13863
f 13897 13716 13666
f 13899 13717 13716
f 13898 13718 13717
f 13896 13719 13718
