# 7x6F - rebuilt from the APC geometry file, millimetres
o 7x6F
v 43.41368 -9.62609 -8.29856
v 43.46582 -9.62724 -8.28786
v 43.41368 -9.61924 -8.27677
v 43.46582 -9.62038 -8.26608
v 43.55842 -9.62925 -8.26886
v 43.55842 -9.62238 -8.24711
v 43.62201 -9.63062 -8.25582
v 43.62201 -9.62374 -8.23409
v 43.69709 -9.63223 -8.24044
v 43.41368 -9.59848 -8.21193
v 43.46582 -9.59959 -8.20127
v 43.55842 -9.60155 -8.18236
v 43.69709 -9.62533 -8.21872
v 43.62201 -9.60288 -8.16939
v 43.69709 -9.60443 -8.15408
v 43.99081 -9.63835 -8.18034
v 44.11138 -9.64080 -8.15571
v 43.78361 -9.63406 -8.22272
v 43.78361 -9.62714 -8.20103
v 43.88153 -9.63610 -8.20268
v 43.88153 -9.62917 -8.18102
v 43.99081 -9.63141 -8.15870
v 43.41368 -9.72521 -8.12116
v 43.46582 -9.72627 -8.11040
v 43.41368 -9.72034 -8.09582
v 43.46582 -9.72139 -8.08507
v 43.55842 -9.72813 -8.09130
v 43.55842 -9.72323 -8.06600
v 43.41368 -9.70654 -8.01850
v 43.46582 -9.70755 -8.00781
v 43.62201 -9.72940 -8.07819
v 43.62201 -9.72448 -8.05291
v 43.69709 -9.73088 -8.06272
v 43.69709 -9.72595 -8.03747
v 43.41368 -9.56333 -8.10525
v 43.46582 -9.56441 -8.09465
v 43.55842 -9.56630 -8.07585
v 43.62201 -9.56758 -8.06295
v 43.69709 -9.56907 -8.04774
v 43.78361 -9.73258 -8.04490
v 43.78361 -9.72762 -8.01968
v 43.88153 -9.73447 -8.02474
v 43.78361 -9.60620 -8.13645
v 43.88153 -9.60818 -8.11652
v 44.11138 -9.63383 -8.13411
v 43.99081 -9.61036 -8.09430
v 43.78361 -9.57078 -8.03022
v 43.88153 -9.57267 -8.01042
v 44.11138 -9.61272 -8.06981
v 44.24318 -9.64344 -8.12882
v 44.38616 -9.64624 -8.09967
v 44.38616 -9.63921 -8.07816
v 44.24318 -9.63644 -8.10726
v 44.24318 -9.61525 -8.04307
v 44.38616 -9.61794 -8.01411
v 44.54023 -9.64831 -8.06807
v 44.54023 -9.64126 -8.04661
v 44.70531 -9.65003 -8.03415
v 44.70531 -9.64295 -8.01275
v 43.55842 -9.70932 -7.98882
v 43.62201 -9.71053 -7.97580
v 43.69709 -9.71193 -7.96042
v 43.41368 -9.68375 -7.88971
v 43.46582 -9.68470 -7.87910
v 43.55842 -9.68635 -7.86026
v 43.88153 -9.72949 -7.99955
v 43.78361 -9.71354 -7.94272
v 43.99081 -9.73655 -8.00226
v 43.99081 -9.73154 -7.97711
v 44.11138 -9.73882 -7.97747
v 44.11138 -9.73378 -7.95236
v 43.88153 -9.71533 -7.92270
v 43.99081 -9.71729 -7.90037
v 44.11138 -9.71943 -7.87576
v 43.99081 -9.57476 -7.98835
v 44.11138 -9.57701 -7.96403
v 43.62201 -9.68748 -7.84733
v 43.69709 -9.68879 -7.83208
v 43.78361 -9.69028 -7.81453
v 43.88153 -9.69194 -7.79467
v 44.11138 -9.69572 -7.74816
v 43.99081 -9.69375 -7.77255
v 43.99081 -9.52325 -7.84398
v 44.11138 -9.52537 -7.81989
v 43.41368 -9.51243 -7.95989
v 43.46582 -9.51345 -7.94937
v 43.55842 -9.51525 -7.93072
v 43.62201 -9.51647 -7.91793
v 43.69709 -9.51789 -7.90284
v 43.78361 -9.51950 -7.88547
v 43.88153 -9.52129 -7.86584
v 43.41368 -9.44300 -7.78171
v 43.46582 -9.44397 -7.77130
v 43.55842 -9.44567 -7.75283
v 43.62201 -9.44681 -7.74016
v 43.69709 -9.44814 -7.72523
v 44.24318 -9.74125 -7.95040
v 44.24318 -9.73618 -7.92534
v 44.38616 -9.74385 -7.92105
v 44.38616 -9.73873 -7.89605
v 44.24318 -9.57943 -7.93749
v 44.38616 -9.58199 -7.90874
v 44.54023 -9.74571 -7.88923
v 44.54023 -9.74055 -7.86429
v 44.54023 -9.61990 -7.98272
v 44.70531 -9.62149 -7.94904
v 44.54023 -9.58380 -7.87762
v 44.24318 -9.72172 -7.84889
v 44.38616 -9.72415 -7.81977
v 44.24318 -9.69782 -7.72154
v 44.24318 -9.52763 -7.79361
v 44.38616 -9.53001 -7.76517
v 44.54023 -9.72584 -7.78820
v 44.70531 -9.74721 -7.85506
v 44.70531 -9.74200 -7.83019
v 44.70531 -9.72715 -7.75431
v 44.70531 -9.58523 -7.84423
v 44.54023 -9.53164 -7.73440
v 44.88133 -9.65179 -7.99803
v 44.88133 -9.64467 -7.97670
v 45.06818 -9.65356 -7.95975
v 45.06818 -9.64640 -7.93849
v 44.88133 -9.62310 -7.91319
v 45.06818 -9.62472 -7.87521
v 45.26579 -9.65534 -7.91934
v 45.26579 -9.64813 -7.89817
v 45.45584 -9.65695 -7.88054
v 45.45584 -9.64970 -7.85945
v 44.88133 -9.74873 -7.81867
v 44.88133 -9.74348 -7.79387
v 44.88133 -9.72847 -7.71824
v 45.06818 -9.75026 -7.78009
v 45.06818 -9.74496 -7.75538
v 44.88133 -9.58667 -7.80872
v 45.06818 -9.58809 -7.77110
v 45.26579 -9.75179 -7.73935
v 45.26579 -9.74643 -7.71474
v 45.26579 -9.62632 -7.83513
v 45.45584 -9.62776 -7.79666
v 45.26579 -9.58949 -7.73142
v 45.69283 -9.65622 -7.83198
v 45.69283 -9.64892 -7.81100
v 45.69283 -9.62682 -7.74854
v 45.92204 -9.65538 -7.78511
v 45.92204 -9.64802 -7.76424
v 46.16157 -9.65436 -7.73625
v 46.16157 -9.64694 -7.71550
v 43.41368 -9.65075 -7.71231
v 43.46582 -9.65161 -7.70180
v 43.55842 -9.65310 -7.68317
v 43.62201 -9.65412 -7.67039
v 43.69709 -9.65529 -7.65531
v 43.78361 -9.65663 -7.63796
v 43.88153 -9.65811 -7.61834
v 43.99081 -9.65972 -7.59649
v 44.11138 -9.66146 -7.57241
v 43.41368 -9.60499 -7.49177
v 43.46582 -9.60574 -7.48141
v 43.55842 -9.60704 -7.46303
v 43.62201 -9.60792 -7.45043
v 43.69709 -9.60893 -7.43557
v 43.41368 -9.34919 -7.58242
v 43.46582 -9.35011 -7.57212
v 43.78361 -9.44965 -7.70805
v 43.88153 -9.45132 -7.68864
v 43.99081 -9.45314 -7.66702
v 44.11138 -9.45510 -7.64322
v 43.55842 -9.35170 -7.55387
v 43.62201 -9.35277 -7.54136
v 43.69709 -9.35401 -7.52661
v 43.78361 -9.35541 -7.50965
v 43.88153 -9.35696 -7.49049
v 43.99081 -9.35865 -7.46916
v 44.11138 -9.36045 -7.44569
v 44.38616 -9.70005 -7.69270
v 44.54023 -9.70152 -7.66145
v 44.70531 -9.70260 -7.62793
v 44.70531 -9.53286 -7.70141
v 44.24318 -9.66331 -7.54614
v 44.38616 -9.66525 -7.51769
v 44.54023 -9.66642 -7.48689
v 44.70531 -9.66718 -7.45386
v 44.24318 -9.45718 -7.61726
v 44.38616 -9.45937 -7.58918
v 44.24318 -9.36235 -7.42010
v 44.54023 -9.46078 -7.55884
v 44.70531 -9.46177 -7.52635
v 43.78361 -9.61008 -7.41848
v 43.88153 -9.61134 -7.39916
v 43.99081 -9.61271 -7.37765
v 44.11138 -9.61417 -7.35396
v 43.41368 -9.53509 -7.24968
v 43.46582 -9.53573 -7.23948
v 43.55842 -9.53684 -7.22139
v 43.62201 -9.53758 -7.20900
v 43.69709 -9.53843 -7.19438
v 43.78361 -9.53939 -7.17757
v 43.88153 -9.54044 -7.15859
v 43.99081 -9.54156 -7.13745
v 44.24318 -9.61570 -7.32812
v 44.38616 -9.61730 -7.30017
v 44.54023 -9.61811 -7.26993
v 44.70531 -9.61849 -7.23751
v 44.38616 -9.36434 -7.39243
v 44.54023 -9.36554 -7.36257
v 44.70531 -9.36631 -7.33063
v 43.41368 -9.23348 -7.35901
v 43.46582 -9.23433 -7.34886
v 43.55842 -9.23580 -7.33087
v 43.62201 -9.23679 -7.31855
v 43.69709 -9.23794 -7.30402
v 43.78361 -9.23923 -7.28732
v 43.88153 -9.24065 -7.26846
v 43.99081 -9.24219 -7.24747
v 44.11138 -9.24382 -7.22438
v 44.24318 -9.24553 -7.19923
v 44.38616 -9.24731 -7.17204
v 44.54023 -9.24829 -7.14274
v 45.06818 -9.72979 -7.68000
v 44.88133 -9.70367 -7.59225
v 44.88133 -9.53407 -7.66634
v 45.06818 -9.53525 -7.62922
v 45.26579 -9.73108 -7.63964
v 45.45584 -9.75317 -7.70023
v 45.45584 -9.74775 -7.67570
v 45.45584 -9.73222 -7.60090
v 45.45584 -9.59072 -7.69335
v 45.26579 -9.53637 -7.59008
v 45.06818 -9.70470 -7.55446
v 45.26579 -9.70569 -7.51458
v 45.45584 -9.70654 -7.47631
v 45.45584 -9.53733 -7.55256
v 44.88133 -9.46272 -7.49182
v 45.06818 -9.46361 -7.45529
v 45.69283 -9.75217 -7.65124
v 45.69283 -9.74668 -7.62684
v 45.69283 -9.58953 -7.64577
v 45.92204 -9.75108 -7.60396
v 45.92204 -9.74552 -7.57967
v 45.92204 -9.62577 -7.70212
v 46.16157 -9.62452 -7.65374
v 45.92204 -9.58822 -7.59990
v 45.69283 -9.73094 -7.55241
v 45.69283 -9.70490 -7.42844
v 45.69283 -9.53580 -7.50571
v 45.92204 -9.72957 -7.50561
v 46.16157 -9.74979 -7.55464
v 46.16157 -9.74417 -7.53049
v 46.16157 -9.72799 -7.45683
v 46.16157 -9.58669 -7.55211
v 45.92204 -9.53415 -7.46057
v 44.88133 -9.66790 -7.41874
v 45.06818 -9.66856 -7.38155
v 45.26579 -9.66913 -7.34233
v 45.45584 -9.66958 -7.30472
v 44.88133 -9.61878 -7.20307
v 45.06818 -9.61898 -7.16663
v 45.26579 -9.61906 -7.12822
v 44.88133 -9.36701 -7.29671
v 45.26579 -9.46442 -7.41681
v 45.45584 -9.46507 -7.37993
v 45.06818 -9.36763 -7.26084
v 45.26579 -9.36814 -7.22308
v 45.45584 -9.36850 -7.18692
v 45.92204 -9.70317 -7.38228
v 46.16157 -9.70121 -7.33418
v 46.16157 -9.53226 -7.41358
v 45.69283 -9.66745 -7.25772
v 45.92204 -9.66524 -7.21242
v 46.16157 -9.66276 -7.16525
v 45.69283 -9.46316 -7.33397
v 45.92204 -9.46113 -7.28972
v 45.69283 -9.36622 -7.14192
v 46.16157 -9.45884 -7.24368
v 46.41128 -9.65314 -7.68543
v 46.41128 -9.64566 -7.66482
v 46.47692 -9.65279 -7.67210
v 46.47692 -9.64529 -7.65152
v 46.41128 -9.62305 -7.60344
v 46.47692 -9.62264 -7.59025
v 46.67105 -9.64978 -7.63229
v 46.67105 -9.64223 -7.61183
v 46.94075 -9.64543 -7.57713
v 46.41128 -9.74831 -7.50333
v 46.41128 -9.74261 -7.47932
v 46.47692 -9.74789 -7.48987
v 46.47692 -9.74217 -7.46589
v 46.41128 -9.58493 -7.50245
v 46.47692 -9.58443 -7.48943
v 46.94075 -9.63782 -7.55682
v 46.67105 -9.74469 -7.44967
v 46.67105 -9.73891 -7.42581
v 46.67105 -9.61943 -7.55088
v 46.94075 -9.61482 -7.49634
v 46.67105 -9.58100 -7.45059
v 47.22024 -9.64073 -7.52014
v 47.22024 -9.63305 -7.50000
v 47.22024 -9.60984 -7.44001
v 47.50938 -9.63567 -7.46136
v 47.50938 -9.62791 -7.44140
v 46.41128 -9.72619 -7.40611
v 46.47692 -9.72569 -7.39279
v 46.41128 -9.69900 -7.28418
v 46.41128 -9.53011 -7.36479
v 46.47692 -9.52952 -7.35199
v 46.67105 -9.72224 -7.35307
v 46.94075 -9.74009 -7.39395
v 46.94075 -9.73423 -7.37026
v 46.94075 -9.71731 -7.29802
v 46.94075 -9.57606 -7.39682
v 46.67105 -9.52579 -7.31388
v 46.47692 -9.69840 -7.27106
v 46.67105 -9.69465 -7.23194
v 46.94075 -9.68928 -7.17775
v 46.41128 -9.45625 -7.19591
v 46.47692 -9.45553 -7.18339
v 46.94075 -9.52042 -7.26114
v 46.67105 -9.45147 -7.14615
v 47.22024 -9.73514 -7.33636
v 47.22024 -9.72919 -7.31284
v 47.22024 -9.57074 -7.34131
v 47.50938 -9.72982 -7.27694
v 47.50938 -9.60447 -7.38194
v 47.50938 -9.56501 -7.28410
v 47.22024 -9.71199 -7.24115
v 47.50938 -9.72378 -7.25361
v 47.50938 -9.70630 -7.18250
v 47.22024 -9.51465 -7.20672
v 47.50938 -9.50845 -7.15068
v 47.80801 -9.62732 -7.40028
v 47.80801 -9.61948 -7.38051
v 47.80801 -9.59583 -7.32163
v 48.11600 -9.61825 -7.33746
v 48.11600 -9.61034 -7.31790
v 47.80801 -9.72124 -7.21519
v 47.80801 -9.71511 -7.19206
v 47.80801 -9.55600 -7.22474
v 48.11600 -9.71193 -7.15167
v 48.11600 -9.70571 -7.12876
v 48.11600 -9.58644 -7.25964
v 48.11600 -9.54624 -7.16374
v 48.43317 -9.60867 -7.27301
v 48.43317 -9.60067 -7.25366
v 48.43317 -9.57654 -7.19604
v 48.75937 -9.59857 -7.20698
v 48.75937 -9.59048 -7.18786
v 48.75937 -9.56609 -7.13092
v 44.11138 -9.54274 -7.11419
v 43.41368 -9.43741 -6.99400
v 43.46582 -9.43795 -6.98397
v 43.55842 -9.43888 -6.96620
v 43.62201 -9.43949 -6.95402
v 43.69709 -9.44020 -6.93967
v 43.78361 -9.44098 -6.92317
v 43.88153 -9.44183 -6.90453
v 43.99081 -9.44273 -6.88379
v 44.11138 -9.44366 -6.86097
v 44.24318 -9.54397 -7.08884
v 44.38616 -9.54523 -7.06141
v 44.54023 -9.54570 -7.03177
v 44.70531 -9.54570 -7.00002
v 44.24318 -9.44462 -6.83611
v 43.41368 -9.31367 -6.72333
v 43.46582 -9.31411 -6.71350
v 43.55842 -9.31487 -6.69607
v 43.62201 -9.31537 -6.68413
v 43.69709 -9.31593 -6.67006
v 43.78361 -9.31655 -6.65388
v 43.88153 -9.31721 -6.63563
v 43.99081 -9.31790 -6.61531
v 44.11138 -9.31860 -6.59296
v 44.38616 -9.44557 -6.80923
v 44.54023 -9.44573 -6.78020
v 44.70531 -9.44541 -6.74912
v 44.24318 -9.31930 -6.56863
v 44.38616 -9.31998 -6.54233
v 43.41368 -9.09107 -7.12176
v 43.46582 -9.09186 -7.11177
v 43.55842 -9.09324 -7.09407
v 43.62201 -9.09415 -7.08195
v 43.69709 -9.09521 -7.06767
v 43.78361 -9.09640 -7.05125
v 43.88153 -9.09770 -7.03272
v 43.99081 -9.09910 -7.01210
v 44.11138 -9.10058 -6.98943
v 43.41368 -8.92066 -6.87495
v 43.46582 -8.92140 -6.86514
v 43.55842 -8.92269 -6.84776
v 43.62201 -8.92355 -6.83586
v 44.70531 -9.24882 -7.11143
v 44.24318 -9.10213 -6.96474
v 44.38616 -9.10371 -6.93807
v 44.54023 -9.10450 -6.90937
v 44.70531 -9.10482 -6.87872
v 43.69709 -8.92453 -6.82183
v 43.78361 -8.92563 -6.80572
v 43.88153 -8.92684 -6.78753
v 43.99081 -8.92813 -6.76731
v 44.11138 -8.92948 -6.74508
v 44.24318 -8.93088 -6.72088
v 44.38616 -8.93231 -6.69475
v 44.54023 -8.93294 -6.66666
v 44.70531 -8.93311 -6.63669
v 45.45584 -9.61902 -7.09142
v 44.88133 -9.54559 -6.96630
v 45.06818 -9.54535 -6.93065
v 45.26579 -9.54496 -6.89311
v 45.45584 -9.54446 -6.85716
v 45.69283 -9.61631 -7.04548
v 45.92204 -9.61352 -7.00124
v 46.16157 -9.61042 -6.95522
v 45.92204 -9.36384 -7.09863
v 46.16157 -9.36116 -7.05363
v 44.88133 -9.44495 -6.71613
v 45.06818 -9.44433 -6.68128
v 45.26579 -9.44353 -6.64459
v 45.45584 -9.44263 -6.60949
v 45.69283 -9.54120 -6.81233
v 45.92204 -9.53786 -6.76919
v 46.16157 -9.53419 -6.72434
v 45.69283 -9.43892 -6.56574
v 44.88133 -9.24926 -7.07819
v 45.06818 -9.24960 -7.04307
v 45.26579 -9.24980 -7.00612
v 44.88133 -9.10504 -6.84620
v 45.45584 -9.24985 -6.97076
v 45.69283 -9.24722 -6.92684
v 45.92204 -9.24447 -6.88462
v 46.16157 -9.24140 -6.84076
v 45.06818 -9.10513 -6.81187
v 45.26579 -9.10506 -6.77577
v 45.45584 -9.10485 -6.74124
v 44.88133 -8.93315 -6.60492
v 45.06818 -8.93305 -6.57139
v 45.69283 -9.10192 -6.69843
v 45.92204 -9.09887 -6.65730
v 46.16157 -9.09548 -6.61461
v 44.54023 -9.31985 -6.51393
v 44.70531 -9.31924 -6.48356
v 43.41368 -9.16547 -6.43677
v 43.46582 -9.16582 -6.42715
v 43.55842 -9.16641 -6.41010
v 43.62201 -9.16679 -6.39842
v 43.69709 -9.16722 -6.38466
v 43.78361 -9.16768 -6.36884
v 43.88153 -9.16816 -6.35099
v 43.99081 -9.16864 -6.33114
v 44.11138 -9.16912 -6.30930
v 44.24318 -9.16957 -6.28553
v 44.38616 -9.16997 -6.25984
v 43.41368 -8.99365 -6.13499
v 43.46582 -8.99391 -6.12559
v 43.55842 -8.99433 -6.10895
v 43.62201 -8.99460 -6.09756
v 43.69709 -8.99489 -6.08413
v 43.78361 -8.99520 -6.06870
v 43.88153 -8.99550 -6.05129
v 43.99081 -8.99580 -6.03192
v 44.11138 -8.99606 -6.01063
v 44.54023 -9.16959 -6.23212
v 44.70531 -9.16871 -6.20249
v 44.24318 -8.99627 -5.98745
v 44.38616 -8.99642 -5.96242
v 44.88133 -9.31847 -6.45133
v 45.06818 -9.31751 -6.41729
v 45.26579 -9.31635 -6.38148
v 45.45584 -9.31510 -6.34723
v 45.92204 -9.43513 -6.52368
v 46.16157 -9.43099 -6.47998
v 45.69283 -9.31100 -6.30458
v 45.92204 -9.30683 -6.26361
v 46.16157 -9.30228 -6.22106
v 45.26579 -8.93278 -6.53614
v 45.45584 -8.93236 -6.50246
v 45.69283 -8.92921 -6.46076
v 45.92204 -8.92594 -6.42072
v 46.16157 -8.92231 -6.37919
v 44.88133 -9.16765 -6.17106
v 45.06818 -9.16638 -6.13787
v 45.26579 -9.16490 -6.10298
v 45.45584 -9.16333 -6.06961
v 45.69283 -9.15889 -6.02810
v 45.92204 -9.15440 -5.98823
v 43.41368 -8.72558 -6.61482
v 43.46582 -8.72627 -6.60520
v 43.55842 -8.72748 -6.58816
v 43.62201 -8.72828 -6.57649
v 43.69709 -8.72920 -6.56275
v 43.78361 -8.73023 -6.54696
v 43.88153 -8.73134 -6.52915
v 43.99081 -8.73253 -6.50935
v 44.11138 -8.73377 -6.48760
v 43.41368 -8.50508 -6.34506
v 43.46582 -8.50574 -6.33565
v 43.55842 -8.50688 -6.31898
v 43.62201 -8.50764 -6.30757
v 43.69709 -8.50850 -6.29413
v 43.78361 -8.50946 -6.27870
v 43.88153 -8.51050 -6.26129
v 44.24318 -8.73504 -6.46392
v 44.38616 -8.73633 -6.43836
v 44.54023 -8.73683 -6.41092
v 44.70531 -8.73687 -6.38168
v 43.99081 -8.51160 -6.24194
v 44.11138 -8.51274 -6.22068
v 44.24318 -8.51391 -6.19756
v 44.38616 -8.51508 -6.17260
v 44.54023 -8.51548 -6.14585
v 44.70531 -8.51541 -6.11736
v 43.41368 -8.25658 -6.07296
v 43.46582 -8.25722 -6.06377
v 43.55842 -8.25831 -6.04748
v 43.62201 -8.25904 -6.03634
v 43.69709 -8.25986 -6.02322
v 43.78361 -8.26078 -6.00814
v 43.88153 -8.26177 -5.99115
v 43.99081 -8.26282 -5.97226
v 44.88133 -8.73676 -6.35068
v 45.06818 -8.73650 -6.31799
v 45.26579 -8.73606 -6.28364
v 45.45584 -8.73548 -6.25083
v 44.88133 -8.51519 -6.08718
v 45.06818 -8.51481 -6.05536
v 45.26579 -8.51424 -6.02195
v 45.45584 -8.51353 -5.99005
v 45.69283 -8.73215 -6.21029
v 45.92204 -8.72871 -6.17139
v 46.16157 -8.72490 -6.13106
v 46.41128 -9.66000 -7.11625
v 46.47692 -9.65925 -7.10340
v 46.67105 -9.65509 -7.06510
v 46.94075 -9.64913 -7.01208
v 46.41128 -9.60701 -6.90745
v 46.47692 -9.60608 -6.89493
v 46.67105 -9.60142 -6.85763
v 46.41128 -9.35816 -7.00696
v 46.47692 -9.35733 -6.99474
v 46.94075 -9.44563 -7.09463
v 46.67105 -9.35296 -6.95842
v 46.94075 -9.34668 -6.90822
v 47.22024 -9.68351 -7.12179
v 47.50938 -9.67733 -7.06410
v 47.22024 -9.64274 -6.95737
v 47.50938 -9.63591 -6.90102
v 47.22024 -9.43935 -7.04153
v 47.50938 -9.43262 -6.98688
v 47.22024 -9.33994 -6.85651
v 46.94075 -9.59476 -6.80605
v 46.41128 -9.53017 -6.67784
v 46.47692 -9.52908 -6.66566
v 46.67105 -9.52397 -6.62939
v 46.94075 -9.51668 -6.57927
v 47.22024 -9.58764 -6.75286
v 47.50938 -9.58004 -6.69812
v 47.50938 -9.33271 -6.80333
v 46.41128 -9.23799 -6.79531
v 46.47692 -9.23705 -6.78341
v 46.67105 -9.23237 -6.74811
v 46.94075 -9.22567 -6.69935
v 46.41128 -9.09171 -6.57041
v 46.47692 -9.09069 -6.55884
v 47.22024 -9.21847 -6.64916
v 47.50938 -9.21076 -6.59759
v 47.80801 -9.69734 -7.12158
v 47.80801 -9.66789 -7.00424
v 48.11600 -9.68764 -7.05894
v 47.80801 -9.62582 -6.84260
v 48.11600 -9.65769 -6.94271
v 47.80801 -9.49897 -7.09259
v 48.11600 -9.48871 -7.03294
v 47.80801 -9.42261 -6.93031
v 48.11600 -9.41181 -6.87226
v 48.43317 -9.70212 -7.08647
v 48.43317 -9.69579 -7.06378
v 48.43317 -9.67741 -6.99466
v 48.43317 -9.53594 -7.10121
v 48.75937 -9.69177 -7.01965
v 48.75937 -9.68534 -6.99720
v 48.75937 -9.52508 -7.03719
v 48.43317 -9.64694 -6.87961
v 48.75937 -9.66664 -6.92882
v 48.43317 -9.47789 -6.97183
v 48.75937 -9.46650 -6.90929
v 48.11600 -9.61495 -6.78259
v 47.80801 -9.56918 -6.64146
v 48.11600 -9.55750 -6.58331
v 47.80801 -9.32224 -6.74837
v 48.11600 -9.31094 -6.69202
v 48.43317 -9.60349 -6.72110
v 48.75937 -9.63563 -6.81499
v 48.75937 -9.59144 -6.65817
v 48.43317 -9.40041 -6.81283
v 48.75937 -9.38842 -6.75207
v 48.43317 -9.29904 -6.63437
v 47.80801 -9.19983 -6.54438
v 48.75937 -9.28651 -6.57546
v 46.41128 -9.42645 -6.43470
v 46.47692 -9.42523 -6.42285
v 46.67105 -9.41976 -6.38758
v 46.94075 -9.41196 -6.33886
v 47.22024 -9.50889 -6.52763
v 47.50938 -9.50058 -6.47454
v 47.22024 -9.40364 -6.28870
v 46.41128 -9.29733 -6.17699
v 46.47692 -9.29599 -6.16546
v 47.50938 -9.39477 -6.23717
v 46.67105 -9.08577 -6.52456
v 46.94075 -9.07871 -6.47726
v 46.41128 -8.91830 -6.33622
v 46.47692 -8.91721 -6.32498
v 46.67105 -8.91212 -6.29173
v 47.22024 -9.07115 -6.42860
v 47.50938 -9.06306 -6.37865
v 46.67105 -9.29023 -6.13117
v 46.94075 -9.28203 -6.08383
v 46.94075 -8.90484 -6.24585
v 47.22024 -9.27328 -6.03513
v 47.50938 -9.26398 -5.98511
v 47.22024 -8.89703 -6.19870
v 47.50938 -8.88868 -6.15032
v 47.80801 -9.48904 -6.41965
v 48.11600 -9.47665 -6.36338
v 48.43317 -9.54521 -6.52377
v 48.75937 -9.53230 -6.46289
v 48.43317 -9.46362 -6.30580
v 47.80801 -9.38271 -6.18397
v 48.11600 -9.36979 -6.12947
v 48.75937 -9.44995 -6.24698
v 48.43317 -9.35620 -6.07374
v 48.75937 -9.34195 -6.01685
v 48.11600 -9.18806 -6.48987
v 47.80801 -9.05178 -6.32718
v 48.11600 -9.03967 -6.27451
v 48.43317 -9.17567 -6.43414
v 48.75937 -9.16263 -6.37725
v 47.80801 -8.87721 -6.10056
v 48.11600 -8.86489 -6.04967
v 48.43317 -9.02690 -6.22070
v 48.75937 -9.01348 -6.16581
v 48.43317 -8.85191 -5.99772
v 46.41128 -8.72069 -6.08935
v 46.47692 -8.71955 -6.07845
v 46.67105 -8.71435 -6.04623
v 46.94075 -8.70690 -6.00182
v 47.22024 -8.69893 -5.95620
v 49.09443 -9.58792 -7.13942
v 49.09443 -9.57974 -7.12054
v 49.25314 -9.58278 -7.10751
v 49.09443 -9.55509 -7.06430
v 49.25314 -9.57456 -7.08874
v 49.43818 -9.57396 -7.07008
v 49.25314 -9.54978 -7.03285
v 49.43818 -9.56569 -7.05146
v 49.43818 -9.54077 -6.99598
v 49.79044 -9.55694 -6.99908
v 49.79044 -9.54859 -6.98073
v 49.09443 -9.68088 -6.95126
v 49.09443 -9.67435 -6.92906
v 49.25314 -9.67563 -6.91896
v 49.25314 -9.66905 -6.89688
v 49.09443 -9.65531 -6.86145
v 49.43818 -9.66670 -6.88107
v 49.43818 -9.66006 -6.85914
v 49.79044 -9.52340 -6.92604
v 49.09443 -9.51365 -6.97174
v 49.25314 -9.50814 -6.94084
v 49.09443 -9.45451 -6.84540
v 49.43818 -9.49891 -6.90465
v 49.79044 -9.48111 -6.83602
v 50.15104 -9.53923 -6.92673
v 50.15104 -9.53078 -6.90866
v 50.15104 -9.50532 -6.85480
v 49.25314 -9.64986 -6.82963
v 49.43818 -9.64069 -6.79234
v 49.09443 -9.62374 -6.74891
v 49.25314 -9.61802 -6.71772
v 49.79044 -9.64947 -6.80918
v 49.79044 -9.64273 -6.78752
v 49.79044 -9.62303 -6.72158
v 49.43818 -9.60856 -6.68117
v 49.09443 -9.57879 -6.59386
v 49.25314 -9.57271 -6.56351
v 49.79044 -9.59034 -6.61185
v 49.25314 -9.44874 -6.81525
v 49.43818 -9.43921 -6.77997
v 49.09443 -9.37581 -6.69002
v 49.79044 -9.42087 -6.71309
v 49.25314 -9.36974 -6.66076
v 49.43818 -9.35990 -6.62656
v 49.79044 -9.34095 -6.56176
v 50.15104 -9.63155 -6.73591
v 50.15104 -9.62470 -6.71453
v 50.15104 -9.60466 -6.64948
v 50.15104 -9.57140 -6.54124
v 50.15104 -9.46260 -6.76613
v 50.15104 -9.40178 -6.64502
v 50.51979 -9.52081 -6.85310
v 50.51979 -9.51226 -6.83531
v 50.51979 -9.61291 -6.66131
v 50.51979 -9.60595 -6.64023
v 50.51979 -9.58556 -6.57610
v 50.89650 -9.59356 -6.58545
v 50.89650 -9.58648 -6.56468
v 50.51979 -9.48653 -6.78231
v 50.51979 -9.44336 -6.69504
v 50.89650 -9.50167 -6.77823
v 50.89650 -9.49303 -6.76074
v 50.89650 -9.46702 -6.70862
v 50.51979 -9.38196 -6.57581
v 50.89650 -9.42339 -6.62280
v 51.23942 -9.48397 -6.71040
v 51.23942 -9.47524 -6.69318
v 51.23942 -9.44897 -6.64187
v 51.23942 -9.40493 -6.55737
v 51.67302 -9.45586 -6.62436
v 51.67302 -9.44703 -6.60750
v 51.67302 -9.42046 -6.55725
v 49.43818 -9.56286 -6.52798
v 49.79044 -9.54389 -6.46062
v 49.09443 -9.51875 -6.40073
v 49.25314 -9.51224 -6.37141
v 49.43818 -9.50193 -6.33711
v 49.79044 -9.48207 -6.27214
v 50.15104 -9.52417 -6.39205
v 50.15104 -9.32124 -6.49585
v 49.09443 -9.43561 -6.18696
v 49.25314 -9.42872 -6.15867
v 49.43818 -9.41801 -6.12561
v 49.09443 -9.32701 -5.95884
v 49.79044 -9.39741 -6.06302
v 50.15104 -9.46145 -6.20604
v 50.15104 -9.37602 -5.99938
v 49.09443 -9.27335 -6.51536
v 49.25314 -9.26702 -6.48703
v 49.43818 -9.25690 -6.45396
v 49.09443 -9.14894 -6.31924
v 49.25314 -9.14235 -6.29192
v 49.43818 -9.13199 -6.26007
v 49.79044 -9.23742 -6.39135
v 50.15104 -9.21719 -6.32769
v 49.79044 -9.11203 -6.19980
v 49.09443 -8.99940 -6.10989
v 49.25314 -8.99262 -6.08355
v 49.43818 -8.98209 -6.05292
v 49.79044 -8.96180 -5.99496
v 50.15104 -9.09130 -6.13856
v 50.51979 -9.55172 -6.46940
v 50.89650 -9.56574 -6.50149
v 50.89650 -9.53130 -6.39639
v 50.51979 -9.30079 -6.42886
v 50.89650 -9.36140 -6.50551
v 50.51979 -9.50370 -6.32232
v 50.89650 -9.48248 -6.25149
v 51.23942 -9.57565 -6.51670
v 51.23942 -9.56848 -6.49621
v 51.23942 -9.54742 -6.43390
v 51.67302 -9.54734 -6.42951
v 51.67302 -9.54004 -6.40939
v 51.23942 -9.34242 -6.44187
v 51.67302 -9.37595 -6.47450
v 51.23942 -9.51244 -6.33026
v 51.67302 -9.51861 -6.34821
v 51.67302 -9.31282 -6.36132
v 50.51979 -9.44006 -6.13886
v 50.89650 -9.41790 -6.07067
v 51.23942 -9.46289 -6.18736
v 51.67302 -9.48300 -6.24647
v 51.67302 -9.43261 -6.10617
v 51.23942 -9.39746 -6.00897
v 50.51979 -9.19619 -6.26303
v 50.89650 -9.27958 -6.36086
v 51.23942 -9.26001 -6.29933
v 50.89650 -9.17443 -6.19743
v 50.51979 -9.06980 -6.07641
v 50.89650 -9.04753 -6.01339
v 51.23942 -9.15436 -6.13810
v 51.67302 -9.22975 -6.22155
v 51.67302 -9.12356 -6.06320
v 51.23942 -9.02701 -5.95641
v 52.07244 -9.42960 -6.54556
v 52.07244 -9.42069 -6.52903
v 52.07244 -9.39385 -6.47976
v 52.07244 -9.34890 -6.39861
v 52.47904 -9.40252 -6.46578
v 52.47904 -9.39352 -6.44959
v 52.47904 -9.36641 -6.40133
v 52.07244 -9.52089 -6.34964
v 52.07244 -9.51349 -6.32985
v 52.07244 -9.49171 -6.26973
v 52.47904 -9.49361 -6.26877
v 52.47904 -9.48610 -6.24933
v 52.47904 -9.32103 -6.32182
v 52.89259 -9.37462 -6.38510
v 52.89259 -9.36553 -6.36925
v 52.89259 -9.33815 -6.32201
v 53.23332 -9.35136 -6.31898
v 53.23332 -9.34219 -6.30341
v 53.31289 -9.34488 -6.30345
v 53.31289 -9.33570 -6.28795
v 53.23332 -9.31461 -6.25701
v 52.07244 -9.45554 -6.16974
v 52.47904 -9.46399 -6.19028
v 52.07244 -9.40437 -6.03185
v 52.47904 -9.42724 -6.09209
v 52.47904 -9.37530 -5.95666
v 52.89259 -9.46550 -6.18698
v 52.89259 -9.45788 -6.16789
v 52.89259 -9.43543 -6.10992
v 52.89259 -9.29234 -6.24417
v 53.23332 -9.44206 -6.11993
v 53.23332 -9.43436 -6.10114
v 53.31289 -9.43554 -6.10419
v 53.31289 -9.30807 -6.24174
v 52.89259 -9.39811 -6.01357
v 53.31289 -9.42782 -6.08546
v 53.23332 -9.41163 -6.04407
v 53.31289 -9.40504 -6.02861
v 52.07244 -9.28521 -6.28760
v 52.07244 -9.20154 -6.15038
v 52.47904 -9.25679 -6.21300
v 52.07244 -9.09487 -5.99469
v 52.47904 -9.17252 -6.07839
v 52.89259 -9.22755 -6.13759
v 53.23332 -9.26845 -6.18054
v 53.31289 -9.26183 -6.16560
v 52.89259 -9.14269 -6.00563
v 53.23332 -9.20321 -6.07580
v 53.31289 -9.19651 -6.06130
v 53.73973 -9.30990 -6.22045
v 53.73973 -9.30063 -6.20531
v 53.73973 -9.40036 -6.02006
v 53.73973 -9.39255 -6.00171
v 53.73973 -9.27277 -6.16017
v 53.73973 -9.22615 -6.08577
v 53.73973 -9.16034 -5.98382
v 54.17288 -9.27403 -6.13674
v 54.17288 -9.26468 -6.12196
v 54.17288 -9.23658 -6.07790
v 54.17288 -9.18959 -6.00526
v 54.61213 -9.23726 -6.05239
v 54.61213 -9.22784 -6.03797
v 54.61213 -9.19951 -5.99499
v 44.54023 -8.99579 -5.93542
v 44.70531 -8.99467 -5.90656
v 44.88133 -8.99334 -5.87596
v 45.06818 -8.99180 -5.84366
v 45.26579 -8.99003 -5.80971
v 45.45584 -8.98818 -5.77726
v 46.16157 -9.14950 -5.94685
v 45.69283 -8.98345 -5.73691
v 45.92204 -8.97868 -5.69818
v 46.16157 -8.97349 -5.65799
v 43.41368 -8.79652 -5.82342
v 43.46582 -8.79669 -5.81427
v 43.55842 -8.79696 -5.79807
v 43.62201 -8.79712 -5.78697
v 43.69709 -8.79729 -5.77390
v 43.78361 -8.79746 -5.75887
v 43.88153 -8.79760 -5.74192
v 43.99081 -8.79771 -5.72307
v 44.11138 -8.79778 -5.70235
v 44.24318 -8.79778 -5.67980
v 43.41368 -8.57661 -5.50015
v 43.46582 -8.57669 -5.49127
v 43.55842 -8.57681 -5.47554
v 43.62201 -8.57687 -5.46476
v 43.69709 -8.57692 -5.45207
v 43.78361 -8.57695 -5.43748
v 43.88153 -8.57694 -5.42103
v 43.99081 -8.57688 -5.40273
v 44.11138 -8.57675 -5.38262
v 44.38616 -8.79770 -5.65544
v 44.54023 -8.79685 -5.62919
v 44.70531 -8.79552 -5.60113
v 44.11138 -8.26391 -5.95152
v 43.41368 -7.98366 -5.79493
v 43.46582 -7.98428 -5.78596
v 43.55842 -7.98535 -5.77008
v 43.62201 -7.98605 -5.75922
v 43.69709 -7.98686 -5.74643
v 43.78361 -7.98775 -5.73173
v 43.88153 -7.98871 -5.71517
v 43.99081 -7.98973 -5.69676
v 44.11138 -7.99078 -5.67655
v 44.24318 -8.26501 -5.92895
v 44.38616 -8.26612 -5.90461
v 44.54023 -8.26646 -5.87855
v 44.70531 -8.26635 -5.85082
v 44.24318 -7.99185 -5.65457
v 44.38616 -7.99291 -5.63087
v 44.54023 -7.99324 -5.60553
v 44.70531 -7.99312 -5.57858
v 45.69283 -8.51009 -5.95070
v 45.92204 -8.50654 -5.91296
v 46.16157 -8.50261 -5.87386
v 44.88133 -8.79397 -5.57139
v 45.06818 -8.79220 -5.54000
v 45.26579 -8.79018 -5.50702
v 45.45584 -8.78810 -5.47550
v 45.69283 -8.78314 -5.43634
v 45.92204 -8.77816 -5.39875
v 44.88133 -8.26609 -5.82146
v 45.06818 -8.26566 -5.79050
v 45.26579 -8.26504 -5.75801
v 45.45584 -8.26428 -5.72700
v 45.69283 -8.26082 -5.68882
v 44.88133 -7.99286 -5.55005
v 45.06818 -7.99243 -5.51998
v 45.26579 -7.99180 -5.48843
v 45.45584 -7.99104 -5.45832
v 45.92204 -8.25726 -5.65222
v 46.16157 -8.25332 -5.61431
v 45.69283 -7.98765 -5.42133
v 45.92204 -7.98415 -5.38587
v 44.24318 -8.57655 -5.36072
v 44.38616 -8.57625 -5.33709
v 44.54023 -8.57521 -5.31162
v 44.70531 -8.57369 -5.28441
v 43.41368 -8.33378 -5.16825
v 43.46582 -8.33379 -5.15964
v 43.55842 -8.33377 -5.14440
v 43.62201 -8.33373 -5.13397
v 43.69709 -8.33367 -5.12167
v 43.78361 -8.33357 -5.10755
v 43.88153 -8.33342 -5.09161
v 43.99081 -8.33320 -5.07389
v 44.11138 -8.33290 -5.05441
v 43.41368 -8.06840 -4.83011
v 43.46582 -8.06833 -4.82180
v 43.55842 -8.06818 -4.80707
v 43.62201 -8.06806 -4.79699
v 43.69709 -8.06790 -4.78511
v 44.24318 -8.33251 -5.03322
v 44.38616 -8.33201 -5.01033
v 44.54023 -8.33080 -4.98567
v 44.70531 -8.32912 -4.95934
v 44.88133 -8.57194 -5.25557
v 45.06818 -8.56996 -5.22514
v 45.26579 -8.56773 -5.19316
v 45.45584 -8.56544 -5.16261
v 46.16157 -8.77276 -5.35977
v 45.69283 -8.56031 -5.12467
v 45.92204 -8.55517 -5.08826
v 46.16157 -8.54959 -5.05051
v 46.16157 -7.98027 -5.34916
v 44.88133 -8.32721 -4.93143
v 45.06818 -8.32506 -4.90198
v 45.26579 -8.32265 -4.87104
v 45.45584 -8.32020 -4.84148
v 45.69283 -8.31495 -4.80478
v 46.41128 -9.14419 -5.90402
v 46.47692 -9.14275 -5.89281
v 46.67105 -9.13676 -5.85951
v 46.94075 -9.12823 -5.81356
v 47.22024 -9.11915 -5.76631
v 47.50938 -9.10950 -5.71781
v 46.41128 -8.96787 -5.61641
v 46.47692 -8.96636 -5.60553
v 46.67105 -8.96019 -5.57323
v 46.94075 -8.95141 -5.52868
v 47.22024 -8.94207 -5.48289
v 47.50938 -8.93216 -5.43590
v 47.80801 -9.25152 -5.93355
v 48.11600 -9.23820 -5.88077
v 47.80801 -9.09676 -5.66788
v 48.43317 -9.22420 -5.82683
v 48.75937 -9.20953 -5.77179
v 48.75937 -8.83827 -5.94476
v 48.11600 -9.08316 -5.61679
v 47.80801 -8.91924 -5.38760
v 48.43317 -9.06887 -5.56461
v 48.75937 -9.05390 -5.51139
v 48.11600 -8.90546 -5.33820
v 48.43317 -8.89099 -5.28776
v 48.75937 -8.87583 -5.23635
v 46.41128 -8.49827 -5.83345
v 46.47692 -8.49710 -5.82288
v 46.67105 -8.49184 -5.79173
v 46.94075 -8.48432 -5.74880
v 47.50938 -8.69040 -5.90943
v 47.22024 -8.47626 -5.70473
v 47.50938 -8.46764 -5.65958
v 46.41128 -8.24898 -5.57514
v 46.47692 -8.24780 -5.56491
v 46.67105 -8.24259 -5.53478
v 46.94075 -8.23512 -5.49327
v 47.22024 -8.22712 -5.45069
v 47.50938 -8.21858 -5.40708
v 47.80801 -8.67882 -5.86140
v 48.11600 -8.66640 -5.81231
v 48.43317 -8.65331 -5.76224
v 48.75937 -8.63956 -5.71122
v 47.80801 -8.45606 -5.61329
v 48.11600 -8.44364 -5.56602
v 48.43317 -8.43056 -5.51783
v 48.75937 -8.41681 -5.46876
v 46.41128 -8.76692 -5.31943
v 46.47692 -8.76534 -5.30888
v 46.67105 -8.75906 -5.27759
v 46.94075 -8.75013 -5.23443
v 47.22024 -8.74064 -5.19008
v 47.50938 -8.73057 -5.14459
v 46.41128 -8.54358 -5.01146
v 46.47692 -8.54197 -5.00125
v 46.67105 -8.53562 -4.97097
v 46.94075 -8.52662 -4.92922
v 47.22024 -8.51705 -4.88633
v 47.50938 -8.50690 -4.84235
v 46.41128 -7.97599 -5.31126
v 46.47692 -7.97483 -5.30135
v 46.67105 -7.96973 -5.27224
v 46.94075 -7.96241 -5.23216
v 47.22024 -7.95458 -5.19105
v 47.50938 -7.94620 -5.14896
v 47.80801 -8.71759 -5.09789
v 48.11600 -8.70376 -5.05014
v 47.80801 -8.49395 -4.79725
v 48.43317 -8.68925 -5.00141
v 48.75937 -8.67405 -4.95176
v 47.80801 -8.20716 -5.36244
v 48.11600 -8.19492 -5.31688
v 47.80801 -7.93507 -5.10595
v 48.43317 -8.18203 -5.27045
v 48.75937 -8.16849 -5.22320
v 48.11600 -7.92313 -5.06208
v 48.43317 -7.91056 -5.01739
v 43.78361 -8.06768 -4.77146
v 43.88153 -8.06740 -4.75606
v 43.99081 -8.06704 -4.73894
v 44.11138 -8.06659 -4.72013
v 44.24318 -8.06603 -4.69965
v 44.38616 -8.06536 -4.67754
v 44.54023 -8.06401 -4.65372
v 44.70531 -8.06220 -4.62828
v 44.88133 -8.06017 -4.60131
v 45.06818 -8.05789 -4.57287
v 45.26579 -8.05535 -4.54298
v 45.45584 -8.05278 -4.51443
v 45.92204 -8.30970 -4.76957
v 46.16157 -8.30402 -4.73306
v 45.69283 -8.04748 -4.47899
v 45.92204 -8.04218 -4.44499
v 46.16157 -8.03646 -4.40974
v 46.41128 -8.29791 -4.69531
v 46.47692 -8.29627 -4.68544
v 46.67105 -8.28992 -4.65618
v 46.94075 -8.28091 -4.61584
v 47.22024 -8.27135 -4.57441
v 47.50938 -8.26123 -4.53193
v 46.41128 -8.03032 -4.37328
v 46.47692 -8.02867 -4.36375
v 46.67105 -8.02238 -4.33552
v 46.94075 -8.01346 -4.29659
v 47.22024 -8.00400 -4.25661
v 47.50938 -7.99399 -4.21561
v 48.11600 -8.48017 -4.75116
v 48.43317 -8.46571 -4.70414
v 48.75937 -8.45058 -4.65624
v 47.80801 -8.24841 -4.48843
v 48.11600 -8.23479 -4.44399
v 48.43317 -8.22051 -4.39865
v 48.75937 -8.20556 -4.35247
v 47.80801 -7.98142 -4.17369
v 48.11600 -7.96807 -4.13086
v 48.43317 -7.95408 -4.08718
v 48.75937 -7.93945 -4.04269
v 43.41368 -7.68878 -5.50959
v 43.46582 -7.68938 -5.50086
v 43.55842 -7.69043 -5.48542
v 43.62201 -7.69113 -5.47485
v 43.69709 -7.69192 -5.46241
v 43.78361 -7.69279 -5.44812
v 43.88153 -7.69374 -5.43201
v 43.99081 -7.69474 -5.41411
v 44.11138 -7.69577 -5.39446
v 44.24318 -7.69681 -5.37310
v 44.38616 -7.69785 -5.35006
v 44.54023 -7.69818 -5.32546
v 44.70531 -7.69809 -5.29933
v 43.41368 -7.37291 -5.21840
v 43.46582 -7.37351 -5.20993
v 43.55842 -7.37455 -5.19493
v 43.62201 -7.37524 -5.18467
v 43.69709 -7.37603 -5.17260
v 43.78361 -7.37690 -5.15873
v 43.88153 -7.37784 -5.14310
v 43.99081 -7.37883 -5.12574
v 44.11138 -7.37985 -5.10668
v 44.24318 -7.38089 -5.08595
v 43.41368 -7.02836 -4.93852
v 43.46582 -7.02898 -4.93030
v 43.55842 -7.03005 -4.91577
v 43.62201 -7.03076 -4.90582
v 43.69709 -7.03157 -4.89411
v 43.78361 -7.03248 -4.88067
v 43.88153 -7.03345 -4.86551
v 44.11138 -7.03556 -4.83019
v 43.99081 -7.03449 -4.84868
v 44.38616 -7.38192 -5.06361
v 44.54023 -7.38229 -5.03979
v 44.70531 -7.38225 -5.01451
v 44.24318 -7.03666 -4.81010
v 44.38616 -7.03776 -4.78843
v 44.88133 -7.69785 -5.27167
v 45.06818 -7.69745 -5.24253
v 45.26579 -7.69686 -5.21196
v 45.45584 -7.69614 -5.18279
v 45.69283 -7.69285 -5.14701
v 45.92204 -7.68945 -5.11274
v 46.16157 -7.68569 -5.07726
v 44.88133 -7.38207 -4.98775
v 45.06818 -7.38172 -4.95956
v 45.26579 -7.38120 -4.93000
v 45.45584 -7.38054 -4.90180
v 45.69283 -7.37741 -4.86728
v 45.92204 -7.37416 -4.83422
v 46.16157 -7.37056 -4.80002
v 46.41128 -7.68153 -5.04064
v 46.47692 -7.68040 -5.03107
v 46.67105 -7.67545 -5.00301
v 46.94075 -7.66836 -4.96438
v 47.22024 -7.66076 -4.92476
v 47.50938 -7.65263 -4.88423
v 47.80801 -7.64186 -4.84288
v 48.11600 -7.63031 -4.80071
v 48.75937 -7.89735 -4.97193
v 43.41368 -7.78130 -4.48743
v 43.46582 -7.78116 -4.47942
v 43.55842 -7.78090 -4.46523
v 43.62201 -7.78071 -4.45551
v 43.69709 -7.78045 -4.44407
v 43.78361 -7.78013 -4.43091
v 43.88153 -7.77974 -4.41607
v 43.99081 -7.77926 -4.39957
v 44.11138 -7.77867 -4.38143
v 44.24318 -7.77797 -4.36169
v 44.38616 -7.77715 -4.34037
v 44.54023 -7.77569 -4.31741
v 44.70531 -7.77380 -4.29289
v 44.54023 -7.03824 -4.76537
v 44.70531 -7.03833 -4.74091
v 44.88133 -7.77167 -4.26690
v 45.06818 -7.76931 -4.23948
v 45.26579 -7.76668 -4.21066
v 44.88133 -7.03830 -4.71502
v 45.06818 -7.03813 -4.68774
v 45.26579 -7.03778 -4.65914
v 45.45584 -7.03731 -4.63185
v 45.69283 -7.03446 -4.59852
v 45.92204 -7.03151 -4.56659
v 46.16157 -7.02823 -4.53356
v 43.41368 -7.47217 -4.14415
v 43.46582 -7.47198 -4.13645
v 43.55842 -7.47161 -4.12283
v 43.62201 -7.47135 -4.11349
v 43.69709 -7.47101 -4.10250
v 43.78361 -7.47061 -4.08986
v 43.88153 -7.47011 -4.07561
v 43.99081 -7.46952 -4.05975
v 44.11138 -7.46882 -4.04233
v 44.24318 -7.46800 -4.02335
v 44.38616 -7.46705 -4.00287
v 44.54023 -7.46551 -3.98080
v 44.70531 -7.46356 -3.95723
v 43.41368 -7.14401 -3.79843
v 43.46582 -7.14377 -3.79107
v 43.55842 -7.14332 -3.77802
v 43.62201 -7.14299 -3.76908
v 43.69709 -7.14259 -3.75855
v 43.78361 -7.14210 -3.74645
v 43.88153 -7.14152 -3.73280
v 43.99081 -7.14084 -3.71761
v 44.11138 -7.14004 -3.70091
v 44.24318 -7.13912 -3.68273
v 44.38616 -7.13805 -3.66310
v 44.54023 -7.13646 -3.64195
v 44.70531 -7.13448 -3.61935
v 45.45584 -7.76403 -4.18313
v 44.88133 -7.46138 -3.93224
v 45.06818 -7.45897 -3.90587
v 45.69283 -7.75874 -4.14897
v 45.92204 -7.75345 -4.11619
v 46.16157 -7.74776 -4.08220
v 45.26579 -7.45630 -3.87816
v 45.45584 -7.45361 -3.85167
v 45.69283 -7.44839 -3.81882
v 45.92204 -7.44318 -3.78728
v 46.16157 -7.43758 -3.75458
v 43.41368 -6.66482 -4.65612
v 43.46582 -6.66547 -4.64818
v 43.55842 -6.66658 -4.63412
v 43.62201 -6.66733 -4.62449
v 43.69709 -6.66818 -4.61317
v 43.78361 -6.66912 -4.60016
v 43.88153 -6.67015 -4.58550
v 43.99081 -6.67124 -4.56921
v 44.11138 -6.67239 -4.55132
v 44.24318 -6.67356 -4.53188
v 44.38616 -6.67475 -4.51091
v 44.54023 -6.67536 -4.48864
v 44.70531 -6.67562 -4.46502
v 43.41368 -6.28346 -4.37283
v 43.46582 -6.28414 -4.36516
v 43.55842 -6.28531 -4.35159
v 43.62201 -6.28609 -4.34230
v 43.69709 -6.28699 -4.33137
v 43.78361 -6.28799 -4.31881
v 43.88153 -6.28908 -4.30466
v 43.99081 -6.29025 -4.28893
v 44.11138 -6.29148 -4.27167
v 44.24318 -6.29276 -4.25290
v 44.38616 -6.29405 -4.23266
v 44.54023 -6.29482 -4.21118
v 44.88133 -6.67577 -4.44002
v 45.06818 -6.67579 -4.41369
v 45.26579 -6.67567 -4.38607
v 45.45584 -6.67540 -4.35972
v 45.69283 -6.67290 -4.32760
v 45.92204 -6.67029 -4.29683
v 46.16157 -6.66737 -4.26500
v 44.70531 -6.29527 -4.18843
v 44.88133 -6.29563 -4.16435
v 45.06818 -6.29588 -4.13898
v 45.26579 -6.29600 -4.11238
v 45.45584 -6.29599 -4.08699
v 45.69283 -6.29387 -4.05611
v 45.92204 -6.29165 -4.02653
v 46.16157 -6.28913 -3.99592
v 46.41128 -7.36658 -4.76471
v 46.47692 -7.36550 -4.75549
v 46.67105 -7.36074 -4.72849
v 46.94075 -7.35393 -4.69134
v 46.41128 -7.02459 -4.49946
v 46.47692 -7.02359 -4.49056
v 47.22024 -7.34663 -4.65326
v 47.50938 -7.33881 -4.61430
v 46.67105 -7.01917 -4.46454
v 46.94075 -7.01283 -4.42873
v 47.22024 -7.00602 -4.39203
v 47.50938 -6.99873 -4.35449
v 48.43317 -7.61815 -4.75778
v 48.75937 -7.60537 -4.71412
v 47.80801 -7.32849 -4.57463
v 48.11600 -7.31742 -4.53420
v 48.43317 -7.30576 -4.49305
v 47.80801 -6.98907 -4.31632
v 48.11600 -6.97871 -4.27743
v 48.75937 -7.29349 -4.45121
v 46.41128 -7.74165 -4.04705
v 46.47692 -7.74002 -4.03786
v 46.67105 -7.73384 -4.01065
v 46.94075 -7.72509 -3.97313
v 47.22024 -7.71582 -3.93459
v 47.50938 -7.70601 -3.89508
v 46.41128 -7.43157 -3.72075
v 46.47692 -7.42996 -3.71190
v 46.67105 -7.42396 -3.68572
v 46.94075 -7.41546 -3.64962
v 47.22024 -7.40646 -3.61253
v 47.80801 -7.69379 -3.85472
v 48.11600 -7.68082 -3.81349
v 48.43317 -7.66723 -3.77144
v 48.75937 -7.65303 -3.72860
v 46.41128 -6.66411 -4.23214
v 46.47692 -6.66322 -4.22356
v 46.67105 -6.65918 -4.19854
v 48.43317 -6.96779 -4.23784
v 48.75937 -6.95631 -4.19759
v 46.94075 -6.65337 -4.16410
v 47.22024 -6.64712 -4.12881
v 47.50938 -6.64041 -4.09271
v 46.41128 -6.28631 -3.96432
v 46.47692 -6.28554 -3.95607
v 46.67105 -6.28191 -3.93206
v 46.94075 -6.27669 -3.89903
v 47.22024 -6.27106 -3.86516
v 47.50938 -6.26501 -3.83052
v 47.80801 -6.63150 -4.05606
v 48.11600 -6.62193 -4.01872
v 48.43317 -6.61183 -3.98071
v 48.75937 -6.60120 -3.94208
v 47.80801 -6.25691 -3.79541
v 48.11600 -6.24820 -3.75964
v 48.43317 -6.23900 -3.72324
v 48.75937 -6.22931 -3.68624
v 49.25314 -9.31984 -5.93151
v 49.43818 -9.30886 -5.89961
v 49.79044 -9.28772 -5.83923
v 49.09443 -9.19416 -5.71570
v 49.25314 -9.18678 -5.68929
v 50.15104 -9.26579 -5.77788
v 50.15104 -8.94074 -5.93612
v 49.43818 -9.17562 -5.65849
v 49.79044 -9.15414 -5.60023
v 49.09443 -9.03823 -5.45719
v 49.25314 -9.03071 -5.43167
v 49.43818 -9.01945 -5.40195
v 50.15104 -9.13186 -5.54106
v 50.51979 -9.35384 -5.93475
v 50.89650 -9.33088 -5.86919
v 51.23942 -9.30973 -5.80988
v 51.67302 -9.36619 -5.93092
v 50.51979 -9.24307 -5.71562
v 50.51979 -8.91891 -5.87643
v 50.89650 -8.89631 -5.81594
v 51.67302 -9.27766 -5.73497
v 51.67302 -8.99574 -5.88460
v 51.23942 -8.87549 -5.76129
v 51.67302 -8.84396 -5.69252
v 50.89650 -9.21956 -5.65248
v 50.51979 -9.10879 -5.48104
v 50.89650 -9.08493 -5.42021
v 51.23942 -9.19790 -5.59540
v 51.67302 -9.16533 -5.52338
v 49.79044 -8.99778 -5.34575
v 49.09443 -8.85998 -5.18401
v 49.25314 -8.85238 -5.15937
v 49.43818 -8.84109 -5.13072
v 50.15104 -8.97532 -5.28871
v 50.51979 -8.95207 -5.23086
v 50.89650 -8.92803 -5.17226
v 51.23942 -9.06297 -5.36523
v 51.67302 -9.03015 -5.29595
v 51.23942 -8.90591 -5.11932
v 51.67302 -8.87306 -5.05270
v 49.09443 -8.82397 -5.89083
v 49.25314 -8.81709 -5.86545
v 49.43818 -8.80648 -5.83598
v 49.79044 -8.78607 -5.78025
v 50.15104 -8.76487 -5.72370
v 49.09443 -8.62514 -5.65931
v 49.25314 -8.61821 -5.63489
v 49.43818 -8.60760 -5.60658
v 49.79044 -8.58719 -5.55308
v 49.09443 -8.40240 -5.41885
v 49.25314 -8.39548 -5.39539
v 50.15104 -8.56600 -5.49883
v 50.51979 -8.74291 -5.66637
v 50.89650 -8.72019 -5.60830
v 50.51979 -8.54405 -5.44386
v 50.89650 -8.52135 -5.38820
v 51.23942 -8.69927 -5.55585
v 51.67302 -8.66775 -5.48999
v 49.79044 -8.81939 -5.07655
v 49.43818 -8.38494 -5.36825
v 49.09443 -8.65817 -4.90122
v 49.25314 -8.65055 -4.87744
v 49.43818 -8.63932 -4.84982
v 49.79044 -8.61774 -4.79761
v 50.15104 -8.79689 -5.02159
v 49.79044 -8.36467 -5.31697
v 49.09443 -8.15429 -5.17517
v 49.25314 -8.14747 -5.15259
v 49.43818 -8.13713 -5.12653
v 49.79044 -8.11722 -5.07732
v 50.15104 -8.34364 -5.26500
v 50.15104 -8.09658 -5.02747
v 51.23942 -8.50045 -5.33796
v 51.67302 -8.46912 -5.27500
v 50.51979 -8.77360 -4.96588
v 50.89650 -8.74954 -4.90945
v 51.23942 -8.72741 -4.85850
v 51.67302 -8.69472 -4.79447
v 50.51979 -8.32186 -5.21237
v 50.89650 -8.29933 -5.15911
v 51.23942 -8.27860 -5.11105
v 50.51979 -8.07520 -4.97700
v 50.89650 -8.05309 -4.92596
v 51.67302 -8.24764 -5.05096
v 51.23942 -8.03275 -4.87991
v 51.67302 -8.00247 -4.82246
v 52.07244 -9.33707 -5.85952
v 52.47904 -9.30710 -5.78729
v 52.89259 -9.34540 -5.88063
v 53.23332 -9.37385 -5.94922
v 53.31289 -9.36715 -5.93412
v 53.23332 -9.32052 -5.81835
v 53.31289 -9.31369 -5.80374
v 52.47904 -9.06537 -5.92542
v 52.07244 -9.24781 -5.66645
v 52.07244 -8.96664 -5.81896
v 52.47904 -8.93673 -5.75259
v 53.23332 -9.11788 -5.94602
v 53.31289 -9.11108 -5.93204
v 52.89259 -9.27631 -5.71430
v 52.89259 -9.03507 -5.85542
v 52.89259 -8.90603 -5.68555
v 53.23332 -9.00989 -5.79808
v 53.31289 -9.00302 -5.78464
v 52.47904 -9.21712 -5.59718
v 52.07244 -9.13503 -5.45754
v 52.47904 -9.10390 -5.39100
v 52.89259 -9.18561 -5.52719
v 53.23332 -9.25071 -5.65451
v 53.31289 -9.24373 -5.64049
v 53.23332 -9.15944 -5.46987
v 53.31289 -9.15234 -5.45644
v 53.23332 -8.88053 -5.63065
v 53.31289 -8.87361 -5.61779
v 53.73973 -9.36945 -5.94600
v 53.73973 -9.33104 -5.85342
v 54.17288 -9.36428 -5.93522
v 54.17288 -9.35637 -5.91723
v 54.17288 -9.33297 -5.86268
v 54.61213 -9.32729 -5.84973
v 54.61213 -9.31929 -5.83212
v 54.17288 -9.29404 -5.77204
v 54.61213 -9.29559 -5.77873
v 53.73973 -9.07441 -5.85733
v 53.73973 -9.27688 -5.72567
v 53.73973 -8.96598 -5.71283
v 54.17288 -9.12332 -5.90567
v 54.61213 -9.15217 -5.92413
v 54.61213 -9.08544 -5.82691
v 54.61213 -9.25616 -5.69003
v 54.17288 -9.03690 -5.78198
v 54.61213 -8.99856 -5.70603
v 53.73973 -9.20611 -5.56560
v 53.73973 -9.11411 -5.38471
v 53.73973 -8.83630 -5.54909
v 54.17288 -9.23919 -5.64693
v 54.61213 -9.20064 -5.56759
v 54.17288 -9.16764 -5.49007
v 54.61213 -9.12831 -5.41396
v 54.17288 -8.92813 -5.64040
v 54.61213 -8.88947 -5.56739
v 52.07244 -8.99963 -5.23264
v 52.47904 -8.96829 -5.16868
v 52.89259 -9.07196 -5.32378
v 53.23332 -9.04543 -5.26874
v 53.31289 -9.03828 -5.25586
v 52.89259 -8.93615 -5.10408
v 52.07244 -8.84252 -4.99184
v 53.23332 -8.90948 -5.05119
v 53.31289 -8.90231 -5.03883
v 53.73973 -8.99974 -5.18705
v 54.17288 -9.07504 -5.31237
v 54.61213 -9.03515 -5.23947
v 54.17288 -8.96037 -5.11767
v 53.73973 -8.86372 -4.97279
v 54.61213 -8.92020 -5.04774
v 52.07244 -8.81464 -5.62968
v 52.47904 -8.78452 -5.56618
v 52.07244 -8.63844 -5.42982
v 52.47904 -8.60836 -5.36904
v 52.89259 -8.75362 -5.50204
v 53.23332 -8.72798 -5.44953
v 53.31289 -8.72104 -5.43724
v 53.73973 -8.68368 -5.37159
v 54.17288 -8.79819 -5.47979
v 54.61213 -8.75931 -5.40993
v 52.07244 -8.43999 -5.21750
v 52.47904 -8.41011 -5.15944
v 52.89259 -8.57751 -5.30768
v 53.23332 -8.55192 -5.25744
v 53.31289 -8.54502 -5.24570
v 52.89259 -8.37948 -5.10084
v 52.47904 -8.81117 -4.93036
v 52.89259 -8.77904 -4.86829
v 53.23332 -8.75238 -4.81749
v 53.31289 -8.74524 -4.80563
v 52.07244 -8.21888 -4.99611
v 52.47904 -8.18938 -4.94074
v 53.23332 -8.35408 -5.05287
v 53.31289 -8.34725 -5.04167
v 52.89259 -8.15915 -4.88486
v 53.23332 -8.13410 -4.83914
v 53.31289 -8.12737 -4.82848
v 53.73973 -8.50787 -5.18296
v 54.17288 -8.64554 -5.30538
v 54.61213 -8.60665 -5.23863
v 54.17288 -8.46996 -5.11969
v 54.17288 -8.82432 -4.90621
v 54.61213 -8.78413 -4.83911
v 54.61213 -8.43133 -5.05590
v 53.73973 -8.31049 -4.98184
v 54.17288 -8.27301 -4.92151
v 54.61213 -8.23483 -4.86068
v 49.09443 -8.43478 -4.60749
v 49.25314 -8.42720 -4.58456
v 49.43818 -8.41611 -4.55796
v 49.79044 -8.39479 -4.50769
v 50.15104 -8.59538 -4.74466
v 50.15104 -8.37270 -4.45672
v 49.09443 -8.18996 -4.30549
v 49.25314 -8.18248 -4.28339
v 49.43818 -8.17160 -4.25779
v 49.79044 -8.15069 -4.20941
v 50.51979 -8.57225 -4.69100
v 50.89650 -8.54835 -4.63667
v 51.23942 -8.52637 -4.58763
v 51.67302 -8.49407 -4.52608
v 50.51979 -8.34986 -4.40509
v 50.89650 -8.32627 -4.35282
v 51.23942 -8.30458 -4.30565
v 51.67302 -8.27286 -4.24655
v 49.09443 -7.92417 -3.99743
v 49.25314 -7.91686 -3.97614
v 49.43818 -7.90626 -3.95151
v 50.15104 -8.12903 -4.16038
v 50.51979 -8.10663 -4.11071
v 50.89650 -8.08351 -4.06045
v 51.23942 -8.06225 -4.01509
v 51.67302 -8.03130 -3.95835
v 52.07244 -8.66434 -4.73600
v 52.47904 -8.63317 -4.67695
v 52.89259 -8.60123 -4.61735
v 53.23332 -8.57474 -4.56857
v 53.31289 -8.56767 -4.55720
v 52.07244 -8.46406 -4.46989
v 52.47904 -8.43328 -4.41317
v 52.89259 -8.40175 -4.35592
v 53.23332 -8.37561 -4.30909
v 53.31289 -8.36865 -4.29819
v 52.07244 -7.97434 -4.77005
v 52.47904 -7.94549 -4.71715
v 52.89259 -7.91594 -4.66378
v 53.73973 -8.70681 -4.74227
v 53.73973 -8.52961 -4.49647
v 54.17288 -8.66760 -4.67840
v 54.61213 -8.62762 -4.61404
v 54.17288 -8.49079 -4.43525
v 54.61213 -8.45123 -4.37356
v 53.73973 -8.09122 -4.77153
v 54.17288 -8.05437 -4.71410
v 54.61213 -8.01684 -4.65620
v 53.73973 -8.33119 -4.23996
v 52.07244 -8.24339 -4.19260
v 52.47904 -8.21317 -4.13815
v 52.07244 -8.00255 -3.90658
v 52.89259 -8.18222 -4.08322
v 53.23332 -8.15657 -4.03828
v 53.31289 -8.14975 -4.02784
v 52.47904 -7.97308 -3.85433
v 52.89259 -7.94290 -3.80163
v 53.23332 -7.91789 -3.75853
v 53.31289 -7.91126 -3.74853
v 53.73973 -8.11309 -3.97207
v 54.17288 -8.29300 -4.18128
v 54.61213 -8.25408 -4.12216
v 54.17288 -8.07571 -3.91589
v 54.61213 -8.03764 -3.85929
v 49.09443 -7.88350 -4.92573
v 49.25314 -7.87685 -4.90402
v 49.43818 -7.86678 -4.87902
v 49.79044 -7.84740 -4.83183
v 50.15104 -7.82730 -4.78404
v 49.09443 -7.59197 -4.66978
v 49.25314 -7.58553 -4.64894
v 49.43818 -7.57579 -4.62501
v 49.79044 -7.55706 -4.57984
v 50.15104 -7.53763 -4.53411
v 49.09443 -7.28063 -4.40874
v 49.25314 -7.27445 -4.38878
v 49.43818 -7.26511 -4.36593
v 49.79044 -7.24713 -4.32279
v 50.15104 -7.22848 -4.27915
v 50.51979 -7.80649 -4.73567
v 50.89650 -7.78497 -4.68677
v 51.23942 -7.76518 -4.64267
v 51.67302 -7.73578 -4.58779
v 50.51979 -7.51751 -4.48786
v 50.89650 -7.49671 -4.44111
v 51.23942 -7.47757 -4.39896
v 51.67302 -7.44922 -4.34664
v 50.51979 -7.20916 -4.23501
v 49.79044 -7.88590 -3.90498
v 49.09443 -7.63821 -3.68504
v 49.25314 -7.63111 -3.66454
v 49.43818 -7.62087 -3.64087
v 50.15104 -7.86482 -3.85782
v 50.51979 -7.84303 -3.81005
v 50.89650 -7.82053 -3.76173
v 51.23942 -7.79986 -3.71813
v 51.67302 -7.76987 -3.66367
v 50.89650 -7.18920 -4.19041
v 51.23942 -7.17083 -4.15022
v 51.67302 -7.14367 -4.10048
v 49.09443 -6.94425 -4.15674
v 49.25314 -6.93846 -4.13755
v 49.43818 -6.92966 -4.11562
v 49.79044 -6.91272 -4.07425
v 50.15104 -6.89514 -4.03239
v 49.09443 -6.59004 -3.90287
v 49.25314 -6.58467 -3.88445
v 49.43818 -6.57647 -3.86346
v 49.79044 -6.56067 -3.82385
v 50.15104 -6.54427 -3.78379
v 49.09443 -6.21912 -3.64867
v 49.25314 -6.21422 -3.63103
v 49.43818 -6.20666 -3.61098
v 50.51979 -6.87694 -3.99006
v 50.89650 -6.85813 -3.94729
v 51.23942 -6.84082 -3.90876
v 50.51979 -6.52729 -3.74328
v 51.67302 -6.81521 -3.86120
v 50.89650 -6.50973 -3.70235
v 51.23942 -6.49357 -3.66548
v 51.67302 -6.46966 -3.62010
v 52.07244 -7.70848 -4.53773
v 53.23332 -7.89146 -4.62011
v 53.31289 -7.88490 -4.60995
v 52.47904 -7.68048 -4.48722
v 52.89259 -7.65181 -4.43628
v 53.23332 -7.62806 -4.39460
v 53.31289 -7.62171 -4.38492
v 52.07244 -7.42288 -4.29894
v 52.47904 -7.39589 -4.25082
v 52.89259 -7.36825 -4.20230
v 53.73973 -7.84964 -4.55564
v 54.17288 -7.81371 -4.50089
v 53.73973 -7.58756 -4.33318
v 54.61213 -7.77714 -4.44570
v 54.17288 -7.55276 -4.28102
v 54.61213 -7.51736 -4.22843
v 52.07244 -7.74203 -3.61398
v 52.07244 -7.11844 -4.05513
v 52.47904 -7.09258 -4.00941
v 53.23332 -7.34536 -4.16261
v 53.31289 -7.33924 -4.15340
v 52.89259 -7.06611 -3.96331
v 53.23332 -7.04420 -3.92561
v 53.31289 -7.03835 -3.91688
v 53.73973 -7.87559 -3.69515
v 54.17288 -7.83923 -3.64138
v 53.73973 -7.30636 -4.10422
v 54.17288 -7.27287 -4.05465
v 54.61213 -7.23880 -4.00467
v 53.73973 -7.00689 -3.87026
v 52.07244 -6.79143 -3.81784
v 52.47904 -6.76705 -3.77414
v 52.89259 -6.74210 -3.73008
v 53.23332 -6.72144 -3.69405
v 53.31289 -6.71592 -3.68572
v 53.73973 -6.68625 -3.64126
v 54.17288 -6.97486 -3.82327
v 54.61213 -6.94229 -3.77591
v 43.41368 -5.88396 -4.09301
v 43.46582 -5.88468 -4.08563
v 43.55842 -5.88592 -4.07256
v 43.62201 -5.88675 -4.06361
v 43.69709 -5.88771 -4.05308
v 43.78361 -5.88879 -4.04098
v 43.88153 -5.88997 -4.02735
v 43.99081 -5.89123 -4.01220
v 44.11138 -5.89257 -3.99557
v 44.24318 -5.89397 -3.97748
v 44.38616 -5.89540 -3.95797
v 44.54023 -5.89636 -3.93731
v 44.70531 -5.89704 -3.91544
v 43.41368 -5.46442 -3.82400
v 43.46582 -5.46519 -3.81690
v 43.55842 -5.46654 -3.80433
v 43.62201 -5.46744 -3.79572
v 43.69709 -5.46848 -3.78560
v 43.78361 -5.46966 -3.77396
v 43.88153 -5.47096 -3.76084
v 44.11138 -5.47385 -3.73025
v 43.99081 -5.47236 -3.74626
v 44.24318 -5.47542 -3.71284
v 44.38616 -5.47704 -3.69406
v 44.54023 -5.47825 -3.67419
v 44.70531 -5.47923 -3.65318
v 44.88133 -5.89766 -3.89228
v 45.06818 -5.89819 -3.86789
v 45.26579 -5.89861 -3.84229
v 45.45584 -5.89888 -3.81788
v 45.69283 -5.89722 -3.78823
v 45.92204 -5.89544 -3.75983
v 46.16157 -5.89340 -3.73044
v 44.88133 -5.48017 -3.63092
v 46.41128 -5.89109 -3.70010
v 46.47692 -5.89046 -3.69218
v 46.67105 -5.88730 -3.66918
v 46.94075 -5.88275 -3.63752
v 55.05725 -9.19961 -5.96746
v 55.05725 -9.19012 -5.95341
v 55.05725 -9.16158 -5.91151
v 55.05725 -9.11389 -5.84242
v 55.22468 -9.18535 -5.93566
v 55.22468 -9.17583 -5.92174
v 55.22468 -9.14721 -5.88025
v 55.22468 -9.09940 -5.81182
v 55.05725 -9.28941 -5.76366
v 55.05725 -9.28131 -5.74642
v 55.05725 -9.25732 -5.69420
v 55.22468 -9.27505 -5.73143
v 55.22468 -9.26692 -5.71434
v 55.22468 -9.24283 -5.66255
v 55.05725 -9.04673 -5.74758
v 55.22468 -9.03209 -5.71787
v 55.50801 -9.15898 -5.88201
v 55.50801 -9.14942 -5.86832
v 55.50801 -9.12069 -5.82751
v 55.50801 -9.24853 -5.67708
v 55.50801 -9.07270 -5.76020
v 55.96419 -9.11620 -5.79610
v 55.96419 -9.10658 -5.78278
v 55.96419 -9.07768 -5.74306
v 55.50801 -9.00516 -5.66776
v 55.96419 -9.02942 -5.67753
v 55.05725 -9.21741 -5.60746
v 55.22468 -9.20274 -5.57654
v 55.05725 -9.16123 -5.48769
v 55.22468 -9.14633 -5.45777
v 55.05725 -8.95941 -5.62953
v 55.22468 -8.94461 -5.60086
v 55.05725 -8.85003 -5.49383
v 55.22468 -8.83512 -5.46627
v 55.50801 -9.24036 -5.66023
v 55.50801 -9.21610 -5.60918
v 55.50801 -9.17574 -5.52442
v 55.96419 -9.20551 -5.59007
v 55.96419 -9.19726 -5.57360
v 55.96419 -9.17275 -5.52374
v 55.50801 -9.11896 -5.40736
v 55.96419 -9.13197 -5.44096
v 55.50801 -8.91747 -5.55254
v 55.96419 -8.96155 -5.58748
v 55.96419 -8.87353 -5.47510
v 56.42554 -9.07254 -5.70981
v 56.42554 -9.06287 -5.69685
v 56.42554 -9.16159 -5.50270
v 56.42554 -9.15327 -5.48661
v 56.42554 -9.12853 -5.43792
v 56.42554 -9.03381 -5.65821
v 56.42554 -8.98530 -5.59445
v 56.42554 -8.91712 -5.50677
v 56.42554 -8.82883 -5.39721
v 56.89185 -9.11679 -5.41502
v 56.89185 -9.10839 -5.39931
v 56.89185 -9.02802 -5.62319
v 56.89185 -9.01830 -5.61060
v 56.89185 -8.98909 -5.57303
v 57.21858 -8.99659 -5.56287
v 57.21858 -8.98683 -5.55052
v 57.36285 -8.98140 -5.53629
v 57.36285 -8.97163 -5.52405
v 57.21858 -8.95754 -5.51368
v 56.89185 -8.94036 -5.51102
v 57.21858 -8.90867 -5.45287
v 56.89185 -8.87191 -5.42569
v 57.21858 -8.84005 -5.36916
v 57.36285 -8.94231 -5.48753
v 57.36285 -8.89338 -5.42725
v 55.05725 -9.08816 -5.33730
v 55.22468 -9.07298 -5.30858
v 55.05725 -8.99445 -5.16604
v 55.22468 -8.97907 -5.13853
v 55.96419 -9.07464 -5.32660
v 55.50801 -9.04521 -5.26024
v 55.50801 -8.95101 -5.09225
v 55.96419 -9.00026 -5.18278
v 55.05725 -8.87925 -4.97731
v 55.22468 -8.86379 -4.95092
v 55.96419 -8.90565 -5.01807
v 55.50801 -8.83565 -4.90656
v 56.42554 -9.08735 -5.35711
v 56.42554 -9.02949 -5.24545
v 56.42554 -8.95452 -5.10489
v 56.89185 -9.08343 -5.35178
v 57.21858 -9.08514 -5.35397
v 57.21858 -9.07670 -5.33852
v 57.36285 -9.06986 -5.32709
v 57.36285 -9.06141 -5.31175
v 56.89185 -9.04188 -5.27292
v 57.21858 -9.05160 -5.29179
v 57.36285 -9.03625 -5.26538
v 56.89185 -8.98353 -5.16393
v 57.21858 -9.00981 -5.21427
v 57.21858 -8.95113 -5.10712
v 57.36285 -8.99436 -5.18846
v 57.36285 -8.93556 -5.08211
v 56.42554 -8.85952 -4.94346
v 56.89185 -8.90801 -5.02662
v 57.21858 -8.87526 -4.97203
v 57.36285 -8.85956 -4.94802
v 55.50801 -8.80786 -5.41982
v 55.05725 -8.71966 -5.33954
v 55.22468 -8.70469 -5.31316
v 55.05725 -8.56703 -5.17136
v 55.22468 -8.55208 -5.14615
v 55.50801 -8.67738 -5.26872
v 55.96419 -8.76377 -5.34534
v 55.96419 -8.63325 -5.19745
v 55.50801 -8.52487 -5.10368
v 55.05725 -8.39200 -4.99161
v 55.22468 -8.37716 -4.96751
v 55.96419 -8.79017 -4.83546
v 55.96419 -8.48092 -5.03557
v 55.05725 -8.19599 -4.79937
v 55.50801 -8.35023 -4.92695
v 55.96419 -8.30675 -4.86186
v 56.42554 -8.71894 -5.27041
v 56.42554 -8.58841 -5.12570
v 56.89185 -8.78337 -5.31891
v 57.21858 -8.75136 -5.26430
v 57.36285 -8.82472 -5.34424
v 57.36285 -8.73599 -5.24023
v 56.89185 -8.67341 -5.19505
v 57.21858 -8.64137 -5.14245
v 57.36285 -8.62601 -5.11927
v 56.42554 -8.43632 -4.96698
v 56.89185 -8.81267 -4.86844
v 57.21858 -8.77971 -4.81610
v 57.36285 -8.76394 -4.79309
v 56.89185 -8.54291 -5.05350
v 57.21858 -8.51092 -5.00308
v 57.36285 -8.49562 -4.98086
v 56.89185 -8.39108 -4.89792
v 56.42554 -8.26265 -4.79630
v 57.21858 -8.35931 -4.84966
v 57.36285 -8.34413 -4.82840
v 57.83833 -8.93107 -5.44911
v 57.83833 -8.92127 -5.43722
v 57.83833 -8.89186 -5.40175
v 57.83833 -9.01923 -5.23894
v 57.83833 -9.01072 -5.22397
v 57.83833 -8.84280 -5.34317
v 57.83833 -8.98540 -5.17875
v 57.83833 -8.94323 -5.10375
v 58.31803 -8.87991 -5.36180
v 58.31803 -8.87008 -5.35025
v 58.31803 -8.84060 -5.31580
v 58.80170 -8.82792 -5.27441
v 58.31803 -8.96773 -5.15070
v 58.31803 -8.95918 -5.13609
v 58.31803 -8.93370 -5.09200
v 57.83833 -8.88405 -5.00005
v 58.31803 -8.89128 -5.01888
v 58.80170 -8.91538 -5.06242
v 58.80170 -8.90679 -5.04817
v 58.80170 -8.88119 -5.00518
v 58.80170 -8.83854 -4.93390
v 58.31803 -8.83178 -4.91776
v 59.21248 -8.87059 -4.98800
v 59.21248 -8.86197 -4.97405
v 59.28911 -8.86182 -4.97419
v 59.21248 -8.83628 -4.93195
v 59.28911 -8.85321 -4.96029
v 57.83833 -8.77398 -5.26246
v 57.83833 -8.68516 -5.16117
v 58.31803 -8.79143 -5.25889
v 58.80170 -8.81808 -5.26320
v 58.80170 -8.78854 -5.22973
v 58.31803 -8.72251 -5.18041
v 58.31803 -8.63363 -5.08180
v 58.80170 -8.73930 -5.17445
v 58.80170 -8.67031 -5.09816
v 57.83833 -8.80764 -4.86916
v 57.83833 -8.57525 -5.04309
v 57.83833 -8.44508 -4.90779
v 58.31803 -8.75501 -4.79002
v 58.80170 -8.77876 -4.83530
v 58.31803 -8.52385 -4.96654
v 58.80170 -8.58143 -5.00216
v 58.31803 -8.39394 -4.83431
v 58.80170 -8.47183 -4.88967
v 59.21248 -8.78346 -5.20071
v 59.21248 -8.77361 -5.18977
v 59.28911 -8.77475 -5.18702
v 59.21248 -8.74404 -5.15712
v 59.28911 -8.76490 -5.17613
v 59.28911 -8.73534 -5.14363
v 59.21248 -8.69477 -5.10316
v 59.28911 -8.68606 -5.08992
v 59.78000 -8.71876 -5.09971
v 59.78000 -8.70891 -5.08914
v 59.21248 -8.62575 -5.02867
v 59.28911 -8.61705 -5.01576
v 59.28911 -8.82750 -4.91837
v 59.21248 -8.79348 -4.86219
v 59.28911 -8.78468 -4.84889
v 59.21248 -8.53691 -4.93481
v 59.28911 -8.52823 -4.92229
v 59.21248 -8.42750 -4.82460
v 59.28911 -8.41887 -4.81250
v 59.78000 -8.67935 -5.05757
v 59.78000 -8.63010 -5.00539
v 60.27412 -8.66201 -5.01250
v 60.27412 -8.65217 -5.00223
v 60.27412 -8.62265 -4.97155
v 59.78000 -8.80543 -4.88614
v 59.78000 -8.79679 -4.87257
v 59.78000 -8.77102 -4.83170
v 60.27412 -8.74825 -4.79823
v 60.27412 -8.73960 -4.78500
v 59.78000 -8.56116 -4.93329
v 59.78000 -8.47249 -4.84228
v 60.27412 -8.57346 -4.92084
v 60.27412 -8.50463 -4.85072
v 55.05725 -8.74319 -4.77152
v 55.22468 -8.72774 -4.74619
v 55.05725 -8.58691 -4.54921
v 55.22468 -8.57155 -4.52492
v 55.50801 -8.69968 -4.70367
v 55.96419 -8.65436 -4.63550
v 55.05725 -8.41096 -4.31143
v 55.22468 -8.39577 -4.28815
v 55.50801 -8.54373 -4.48419
v 55.96419 -8.49879 -4.41888
v 55.50801 -8.36831 -4.24918
v 55.22468 -8.18134 -4.77638
v 55.05725 -7.97868 -4.59784
v 55.22468 -7.96430 -4.57596
v 55.50801 -8.15481 -4.73772
v 55.96419 -8.11200 -4.67567
v 55.50801 -7.93830 -4.53918
v 56.42554 -8.74397 -4.76392
v 56.42554 -8.60834 -4.56690
v 56.89185 -8.69707 -4.69195
v 57.21858 -8.66410 -4.64172
v 57.36285 -8.64836 -4.61965
v 56.89185 -8.56167 -4.49786
v 56.42554 -8.45319 -4.35315
v 57.21858 -8.52887 -4.44967
v 57.36285 -8.51323 -4.42851
v 56.89185 -8.40696 -4.28699
v 57.21858 -8.37449 -4.24079
v 56.42554 -8.06860 -4.61314
v 56.89185 -8.21796 -4.73025
v 57.21858 -8.18657 -4.68408
v 57.36285 -8.17161 -4.66374
v 56.89185 -8.02465 -4.55012
v 57.21858 -7.99381 -4.50606
v 57.36285 -8.35903 -4.22054
v 57.36285 -7.97913 -4.48664
v 55.05725 -8.21449 -4.06262
v 55.22468 -8.19955 -4.04032
v 55.96419 -8.32398 -4.18669
v 55.50801 -8.17261 -4.00303
v 55.96419 -8.12913 -3.94326
v 55.05725 -7.99891 -3.80230
v 55.22468 -7.98430 -3.78095
v 55.50801 -7.95801 -3.74534
v 55.96419 -7.91557 -3.68824
v 56.42554 -8.27901 -4.12378
v 56.89185 -8.23344 -4.06047
v 57.21858 -8.20144 -4.01625
v 57.36285 -8.18623 -3.99689
v 56.42554 -8.08503 -3.88308
v 56.89185 -8.04036 -3.82252
v 57.21858 -8.00901 -3.78022
v 57.36285 -7.99412 -3.76173
v 57.83833 -8.71183 -4.71747
v 57.83833 -8.59636 -4.54711
v 58.31803 -8.65906 -4.64152
v 58.80170 -8.70170 -4.71064
v 58.80170 -8.60566 -4.56527
v 57.83833 -8.46161 -4.35895
v 58.31803 -8.54375 -4.47421
v 58.80170 -8.49055 -4.40095
v 58.31803 -8.40941 -4.28901
v 57.83833 -8.29405 -4.75843
v 57.83833 -8.12226 -4.59678
v 58.31803 -8.24341 -4.68802
v 58.80170 -8.34223 -4.76044
v 58.80170 -8.19226 -4.61716
v 58.31803 -8.07240 -4.52934
v 57.83833 -7.93072 -4.42271
v 58.80170 -8.35665 -4.21869
v 58.80170 -8.02207 -4.46142
v 59.21248 -8.73349 -4.76567
v 59.28911 -8.72466 -4.75274
v 59.21248 -8.65623 -4.64353
v 59.28911 -8.64737 -4.63108
v 59.21248 -8.56016 -4.50075
v 59.78000 -8.72808 -4.76398
v 59.78000 -8.66791 -4.67024
v 60.27412 -8.71378 -4.74514
v 60.27412 -8.67076 -4.67911
v 60.27412 -8.61050 -4.58770
v 60.27412 -8.41618 -4.76209
v 59.78000 -8.59049 -4.55153
v 59.28911 -8.55131 -4.48878
v 59.21248 -8.44525 -4.33893
v 59.28911 -8.43645 -4.32742
v 59.78000 -8.49451 -4.41226
v 60.27412 -8.53302 -4.47182
v 59.78000 -8.38001 -4.25386
v 60.27412 -8.43718 -4.33550
v 59.21248 -8.29821 -4.69786
v 59.28911 -8.28966 -4.68622
v 59.21248 -8.14875 -4.55707
v 59.28911 -8.14030 -4.54589
v 59.78000 -8.36349 -4.73513
v 60.27412 -8.30758 -4.65749
v 59.78000 -8.23478 -4.61172
v 60.27412 -8.17943 -4.53687
v 59.21248 -7.97928 -4.40378
v 59.28911 -7.97099 -4.39305
v 59.78000 -8.08617 -4.47430
v 60.27412 -8.03162 -4.40228
v 59.78000 -7.91787 -4.32432
v 57.83833 -8.30802 -4.15393
v 57.83833 -8.13604 -3.93321
v 58.31803 -8.25645 -4.08693
v 58.80170 -8.20437 -4.01954
v 57.83833 -7.94500 -3.70092
v 58.31803 -8.08533 -3.86914
v 58.80170 -8.03414 -3.80468
v 59.21248 -8.31176 -4.15912
v 59.28911 -8.30305 -4.14808
v 59.21248 -8.16008 -3.96242
v 59.28911 -8.15150 -3.95184
v 59.78000 -8.24722 -4.07744
v 60.27412 -8.32308 -4.17999
v 60.27412 -8.19094 -4.00646
v 59.21248 -7.99062 -3.75003
v 59.28911 -7.98220 -3.73993
v 59.78000 -8.09650 -3.88416
v 60.27412 -8.04109 -3.81610
v 59.78000 -7.92825 -3.67523
v 55.05725 -7.73996 -4.39005
v 55.22468 -7.72595 -4.36919
v 55.96419 -7.89638 -4.48014
v 55.50801 -7.70069 -4.33415
v 55.96419 -7.65995 -4.27790
v 56.42554 -7.85391 -4.42062
v 56.42554 -7.61870 -4.22118
v 56.89185 -7.81092 -4.36062
v 57.21858 -7.78077 -4.31865
v 57.36285 -7.76643 -4.30016
v 55.05725 -7.48138 -4.17542
v 55.22468 -7.46783 -4.15555
v 55.50801 -7.44343 -4.12220
v 55.05725 -7.20419 -3.95430
v 55.22468 -7.19115 -3.93541
v 55.96419 -7.40412 -4.06865
v 55.50801 -7.16774 -3.90375
v 55.96419 -7.13002 -3.85291
v 56.89185 -7.57697 -4.16398
v 57.21858 -7.54771 -4.12395
v 57.36285 -7.53382 -4.10633
v 56.42554 -7.87256 -3.63077
v 56.42554 -7.36432 -4.01465
v 56.89185 -7.32406 -3.96018
v 57.21858 -7.29586 -3.92205
v 57.36285 -7.28248 -3.90527
v 56.42554 -7.09185 -3.80163
v 56.89185 -7.05326 -3.74989
v 57.21858 -7.02623 -3.71368
v 57.36285 -7.01342 -3.69774
v 55.05725 -6.90920 -3.72817
v 55.22468 -6.89674 -3.71027
v 55.50801 -6.87442 -3.68029
v 55.96419 -6.83847 -3.63216
v 57.83833 -7.71919 -4.23925
v 58.31803 -7.88184 -4.35828
v 58.80170 -7.83254 -4.29334
v 59.21248 -7.79066 -4.23818
v 59.28911 -7.78256 -4.22791
v 60.27412 -7.86438 -4.25511
v 57.83833 -7.48805 -4.04825
v 58.31803 -7.67153 -4.17783
v 58.80170 -7.62348 -4.11587
v 58.31803 -7.44189 -3.98965
v 58.31803 -7.89539 -3.63972
v 58.80170 -7.39538 -3.93052
v 57.83833 -7.23840 -3.84997
v 58.31803 -7.19397 -3.79415
v 58.80170 -7.14923 -3.73779
v 59.21248 -7.58269 -4.06321
v 59.28911 -7.57481 -4.05341
v 59.78000 -7.73066 -4.16210
v 60.27412 -7.67845 -4.09576
v 59.78000 -7.52436 -3.99054
v 60.27412 -7.47364 -3.92711
v 59.21248 -7.35591 -3.88023
v 59.28911 -7.34830 -3.87087
v 59.21248 -7.11127 -3.68984
v 59.28911 -7.10397 -3.68092
v 59.78000 -7.29959 -3.81081
v 60.27412 -7.25064 -3.75017
v 59.78000 -7.05722 -3.62364
v 57.83833 -6.97123 -3.64522
v 60.77122 -8.60453 -4.92544
v 60.77122 -8.59471 -4.91546
v 60.77122 -8.56524 -4.88564
v 60.77122 -8.51615 -4.83633
v 61.20384 -8.55419 -4.85023
v 61.20384 -8.54439 -4.84048
v 61.27104 -8.54612 -4.83866
v 61.27104 -8.53632 -4.82895
v 61.20384 -8.51499 -4.81137
v 61.27104 -8.50694 -4.79995
v 60.77122 -8.69031 -4.71054
v 60.77122 -8.68166 -4.69763
v 60.77122 -8.65582 -4.65873
v 60.77122 -8.61275 -4.59433
v 60.77122 -8.44749 -4.76810
v 60.77122 -8.55246 -4.50514
v 61.20384 -8.63955 -4.63484
v 61.20384 -8.63090 -4.62218
v 61.27104 -8.63141 -4.62321
v 61.27104 -8.62277 -4.61060
v 61.20384 -8.60506 -4.58410
v 61.27104 -8.59692 -4.57263
v 61.20384 -8.46602 -4.76322
v 61.27104 -8.45799 -4.75197
v 61.20384 -8.39754 -4.69656
v 61.27104 -8.38955 -4.68555
v 61.77334 -8.48558 -4.75263
v 61.77334 -8.47582 -4.74318
v 61.77334 -8.44655 -4.71493
v 61.77334 -8.39781 -4.66821
v 61.20384 -8.56200 -4.52103
v 61.27104 -8.55387 -4.50978
v 61.77334 -8.57036 -4.53674
v 61.77334 -8.56173 -4.52442
v 60.77122 -8.47497 -4.39200
v 60.77122 -8.37934 -4.25853
v 61.20384 -8.50171 -4.43370
v 61.27104 -8.49359 -4.42272
v 61.77334 -8.53593 -4.48734
v 61.77334 -8.49294 -4.42597
v 61.20384 -8.42428 -4.32282
v 61.27104 -8.41618 -4.31219
v 61.77334 -8.43277 -4.34096
v 60.77122 -8.35931 -4.68175
v 60.77122 -8.25117 -4.57960
v 61.20384 -8.30964 -4.61210
v 61.27104 -8.30171 -4.60137
v 61.20384 -8.20196 -4.51199
v 61.27104 -8.19410 -4.50157
v 61.77334 -8.32967 -4.60348
v 61.77334 -8.24227 -4.52136
v 60.77122 -8.12365 -4.46168
v 60.77122 -7.97670 -4.32985
v 61.77334 -8.13530 -4.42380
v 61.77334 -8.35553 -4.23295
v 61.20384 -8.07503 -4.39632
v 61.27104 -8.06728 -4.38624
v 61.20384 -7.92886 -4.26681
v 61.27104 -7.92124 -4.25708
v 61.77334 -8.00929 -4.31095
v 62.27784 -8.42440 -4.66690
v 62.27784 -8.41469 -4.65768
v 62.27784 -8.38556 -4.63015
v 62.27784 -8.50864 -4.45065
v 62.27784 -8.50004 -4.43860
v 62.27784 -8.47430 -4.40236
v 62.27784 -8.43142 -4.34239
v 62.27784 -8.37141 -4.25931
v 62.78431 -8.44629 -4.36498
v 62.78431 -8.43771 -4.35319
v 62.78431 -8.41207 -4.31774
v 62.78431 -8.36934 -4.25908
v 63.19774 -8.39508 -4.29563
v 63.19774 -8.38654 -4.28403
v 62.27784 -8.33706 -4.58461
v 62.27784 -8.26928 -4.52147
v 62.78431 -8.36262 -4.58152
v 62.78431 -8.35296 -4.57253
v 62.78431 -8.32400 -4.54566
v 62.78431 -8.27579 -4.50120
v 63.19774 -8.31191 -4.51233
v 63.19774 -8.30231 -4.50351
v 62.27784 -8.18238 -4.44128
v 62.27784 -8.07611 -4.34585
v 62.27784 -7.95098 -4.23536
v 62.78431 -8.20842 -4.43955
v 63.19774 -8.27350 -4.47714
v 63.19774 -8.22554 -4.43351
v 63.19774 -8.15855 -4.37298
v 63.19774 -8.36100 -4.24918
v 62.78431 -8.12207 -4.36117
v 62.78431 -8.01657 -4.26775
v 63.19774 -8.07271 -4.29597
v 63.19774 -7.96787 -4.20409
v 60.77122 -8.26570 -4.10584
v 60.77122 -8.13425 -3.93515
v 61.20384 -8.32887 -4.19174
v 61.27104 -8.32082 -4.18148
v 61.77334 -8.26053 -4.10491
v 61.20384 -8.21567 -4.04142
v 61.27104 -8.20770 -4.03153
v 61.77334 -8.14802 -3.95768
v 60.77122 -7.98530 -3.74769
v 61.20384 -8.08487 -3.87315
v 61.27104 -8.07700 -3.86364
v 61.77334 -8.01816 -3.79256
v 61.20384 -7.93673 -3.68817
v 61.27104 -7.92900 -3.67904
v 62.27784 -8.29441 -4.15368
v 62.27784 -8.19986 -4.02819
v 62.78431 -8.30955 -4.17780
v 62.78431 -8.23287 -4.07441
v 63.19774 -8.31842 -4.19151
v 63.19774 -8.25886 -4.11161
v 62.78431 -8.13882 -3.95135
v 63.19774 -8.18250 -4.00992
v 62.27784 -8.08801 -3.88358
v 62.27784 -7.95903 -3.72118
v 62.78431 -8.02769 -3.80927
v 63.19774 -8.08890 -3.88874
v 63.19774 -7.97840 -3.74864
v 63.29247 -8.38309 -4.27994
v 63.29247 -8.37456 -4.26838
v 63.29247 -8.30004 -4.49666
v 63.29247 -8.29044 -4.48788
v 63.29247 -8.26168 -4.46162
v 63.29247 -8.21379 -4.41816
v 63.29247 -8.14689 -4.35788
v 63.80206 -8.23592 -4.41277
v 63.80206 -8.22641 -4.40417
v 63.80206 -8.19787 -4.37846
v 63.29247 -8.34904 -4.23366
v 63.80206 -8.15037 -4.33591
v 63.29247 -8.06118 -4.28117
v 63.80206 -8.08402 -4.27686
v 63.80206 -7.99902 -4.20169
v 64.31284 -8.17132 -4.32936
v 64.31284 -8.16189 -4.32092
v 64.31284 -8.13360 -4.29571
v 64.31284 -8.08653 -4.25397
v 64.82452 -8.10625 -4.24648
v 64.82452 -8.09691 -4.23819
v 64.82452 -8.06891 -4.21341
v 63.29247 -8.30651 -4.17622
v 63.29247 -8.24701 -4.09662
v 63.80206 -8.31836 -4.19597
v 63.80206 -8.30988 -4.18464
v 63.80206 -8.28451 -4.15061
v 63.80206 -8.24224 -4.09430
v 63.29247 -8.17073 -3.99532
v 63.80206 -8.18311 -4.01626
v 63.29247 -7.95650 -4.18963
v 63.80206 -8.10731 -3.91691
v 64.31284 -8.25309 -4.11258
v 64.31284 -8.24467 -4.10145
v 64.31284 -8.21949 -4.06804
v 64.31284 -8.17752 -4.01276
v 64.31284 -8.02077 -4.19604
v 64.31284 -7.93657 -4.12226
v 64.31284 -8.11881 -3.93614
v 63.29247 -8.07725 -3.87455
v 63.80206 -8.01450 -3.79833
v 63.29247 -7.96690 -3.73491
v 63.80206 -7.90502 -3.66106
v 64.31284 -8.04358 -3.83858
v 64.31284 -7.95150 -3.72205
v 64.82452 -8.18733 -4.02981
v 64.82452 -8.17898 -4.01886
v 64.82452 -8.15400 -3.98601
v 65.18910 -8.14025 -3.97130
v 64.82452 -8.02229 -4.17239
v 64.82452 -7.95720 -4.11545
v 65.18910 -8.05968 -4.18785
v 65.18910 -8.05041 -4.17965
v 65.18910 -8.02262 -4.15514
v 65.33687 -8.04083 -4.16445
v 65.33687 -8.03159 -4.15629
v 65.33687 -8.00389 -4.13189
v 65.18910 -7.97636 -4.11458
v 65.18910 -7.91176 -4.05827
v 65.33687 -7.95778 -4.09151
v 64.82452 -8.11238 -3.93165
v 65.18910 -8.13196 -3.96047
v 65.18910 -8.10714 -3.92798
v 65.33687 -8.12120 -3.94796
v 65.33687 -8.11294 -3.93719
v 65.33687 -8.08819 -3.90483
v 65.84961 -7.97523 -4.08371
v 65.84961 -7.96609 -4.07568
v 65.84961 -7.93870 -4.05165
v 64.82452 -8.05417 -3.85632
v 64.82452 -7.97957 -3.76038
v 65.18910 -8.06579 -3.87422
v 65.33687 -8.04695 -3.85132
v 65.18910 -8.00796 -3.79972
v 65.33687 -7.98929 -3.77715
v 65.18910 -7.93385 -3.70484
v 65.33687 -7.91538 -3.68270
v 65.84961 -8.05491 -3.86743
v 65.84961 -8.04672 -3.85683
v 65.84961 -8.02221 -3.82498
v 65.84961 -7.98138 -3.77230
v 65.84961 -7.92428 -3.69929
v 60.77122 -7.81057 -4.18542
v 60.77122 -7.62595 -4.02889
v 61.20384 -7.76373 -4.12470
v 61.27104 -7.75628 -4.11532
v 61.77334 -7.86430 -4.18435
v 61.77334 -7.70063 -4.04518
v 61.20384 -7.58029 -3.97057
v 61.27104 -7.57304 -3.96156
v 61.77334 -7.87120 -3.61085
v 61.77334 -7.51889 -3.89411
v 60.77122 -7.42269 -3.86310
v 60.77122 -7.20149 -3.68894
v 61.20384 -7.37840 -3.80722
v 61.27104 -7.37138 -3.79859
v 61.77334 -7.31895 -3.73388
v 61.20384 -7.15879 -3.63545
v 61.27104 -7.15203 -3.62718
v 62.27784 -7.80709 -4.11122
v 62.27784 -7.64476 -3.97457
v 62.78431 -7.89237 -4.15949
v 63.19774 -7.84449 -4.09756
v 62.78431 -7.74964 -4.03771
v 63.19774 -7.70274 -3.97762
v 62.78431 -7.58871 -3.90349
v 62.27784 -7.46457 -3.82611
v 62.78431 -7.89963 -3.64952
v 63.19774 -7.54297 -3.84532
v 62.27784 -7.26639 -3.66858
v 62.78431 -7.41011 -3.75759
v 63.19774 -7.36571 -3.70143
v 63.29247 -7.83332 -4.08348
v 63.80206 -7.89528 -4.11189
v 63.29247 -7.69182 -3.96395
v 63.80206 -7.77321 -4.00770
v 64.31284 -7.83381 -4.03406
v 64.31284 -7.71293 -3.93170
v 63.29247 -7.53233 -3.83207
v 63.80206 -7.63305 -3.89028
v 63.80206 -7.47512 -3.76064
v 64.31284 -7.57415 -3.81628
v 63.29247 -7.35539 -3.68864
v 63.80206 -7.29993 -3.61959
v 64.31284 -7.41782 -3.68878
v 64.82452 -7.87384 -4.04292
v 64.82452 -7.77212 -3.95618
v 65.18910 -7.82903 -3.98655
v 65.33687 -7.89339 -4.03545
v 65.33687 -7.81093 -3.96404
v 65.84961 -7.89311 -4.01190
v 65.84961 -7.82945 -3.95671
v 65.18910 -7.72810 -3.90077
v 65.33687 -7.71033 -3.87865
v 64.82452 -7.88829 -3.64575
v 64.82452 -7.65249 -3.85551
v 65.18910 -7.60938 -3.80123
v 65.33687 -7.59200 -3.77955
v 64.82452 -7.51516 -3.74197
v 65.18910 -7.47311 -3.68895
v 65.33687 -7.45617 -3.66778
v 65.84961 -7.74792 -3.88640
v 65.84961 -7.64845 -3.80234
v 65.84961 -7.53146 -3.70478
v 64.82452 -7.36048 -3.61651
v 44.88133 -7.13228 -3.59539
v 45.06818 -7.12985 -3.57010
v 45.26579 -7.12717 -3.54351
v 45.45584 -7.12449 -3.51811
v 45.69283 -7.11938 -3.48658
v 45.92204 -7.11429 -3.45631
v 46.16157 -7.10883 -3.42492
v 43.41368 -6.79774 -3.45233
v 43.46582 -6.79746 -3.44530
v 43.55842 -6.79693 -3.43285
v 43.62201 -6.79655 -3.42432
v 43.69709 -6.79609 -3.41427
v 43.78361 -6.79553 -3.40272
v 43.88153 -6.79488 -3.38968
v 43.99081 -6.79412 -3.37517
v 44.11138 -6.79325 -3.35923
v 44.24318 -6.79224 -3.34186
v 44.38616 -6.79109 -3.32310
v 44.54023 -6.78947 -3.30288
v 44.70531 -6.78749 -3.28128
v 43.41368 -6.43415 -3.10824
v 43.46582 -6.43383 -3.10155
v 43.55842 -6.43324 -3.08971
v 43.62201 -6.43282 -3.08160
v 43.69709 -6.43231 -3.07204
v 43.78361 -6.43170 -3.06104
v 43.88153 -6.43100 -3.04864
v 43.99081 -6.43018 -3.03483
v 44.88133 -6.78530 -3.25836
v 45.06818 -6.78289 -3.23418
v 45.26579 -6.78024 -3.20875
v 45.45584 -6.77760 -3.18444
v 45.69283 -6.77264 -3.15426
v 45.92204 -6.76772 -3.12528
v 46.16157 -6.76244 -3.09522
v 44.11138 -6.42924 -3.01965
v 43.41368 -6.05389 -2.76890
v 43.46582 -6.05354 -2.76258
v 43.55842 -6.05290 -2.75136
v 43.62201 -6.05245 -2.74367
v 44.24318 -6.42817 -3.00311
v 44.38616 -6.42697 -2.98525
v 44.54023 -6.42534 -2.96598
v 44.70531 -6.42339 -2.94539
v 44.88133 -6.42125 -2.92355
v 45.06818 -6.41889 -2.90048
v 45.26579 -6.41630 -2.87622
v 45.45584 -6.41373 -2.85302
v 45.69283 -6.40899 -2.82422
v 45.92204 -6.40429 -2.79654
v 46.16157 -6.39925 -2.76783
v 46.41128 -7.10297 -3.39244
v 46.47692 -7.10141 -3.38394
v 46.67105 -7.09563 -3.35881
v 46.94075 -7.08745 -3.32414
v 47.50938 -7.39696 -3.57450
v 47.22024 -7.07879 -3.28852
v 47.50938 -7.06965 -3.25198
v 47.80801 -7.38519 -3.53569
v 48.11600 -7.37270 -3.49605
v 48.43317 -7.35963 -3.45561
v 48.75937 -7.34597 -3.41442
v 47.80801 -7.05840 -3.21475
v 48.11600 -7.04649 -3.17671
v 48.43317 -7.03402 -3.13790
v 48.75937 -7.02100 -3.09837
v 46.41128 -6.75680 -3.06411
v 46.47692 -6.75529 -3.05597
v 46.67105 -6.74977 -3.03189
v 46.94075 -6.74197 -2.99868
v 47.22024 -6.73372 -2.96454
v 47.50938 -6.72501 -2.92953
v 46.41128 -6.39387 -2.73810
v 46.47692 -6.39244 -2.73032
v 46.67105 -6.38723 -2.70731
v 46.94075 -6.37986 -2.67556
v 47.22024 -6.37208 -2.64292
v 47.50938 -6.36388 -2.60943
v 47.80801 -6.71437 -2.89387
v 48.11600 -6.70310 -2.85745
v 48.43317 -6.69132 -2.82028
v 48.75937 -6.67901 -2.78241
v 47.80801 -6.35392 -2.57536
v 48.11600 -6.34339 -2.54055
v 48.43317 -6.33237 -2.50503
v 48.75937 -6.32086 -2.46882
v 49.79044 -7.60121 -3.59614
v 50.15104 -7.58085 -3.55080
v 49.09443 -7.33173 -3.37252
v 49.25314 -7.32491 -3.35282
v 49.43818 -7.31510 -3.33007
v 49.79044 -7.29627 -3.28711
v 49.09443 -7.00741 -3.05815
v 49.25314 -7.00091 -3.03923
v 50.15104 -7.27677 -3.24356
v 50.51979 -7.55981 -3.50489
v 50.89650 -7.53809 -3.45845
v 51.23942 -7.51813 -3.41655
v 51.67302 -7.48930 -3.36430
v 50.51979 -7.25663 -3.19946
v 50.89650 -7.23584 -3.15485
v 51.23942 -7.21674 -3.11460
v 51.67302 -7.18925 -3.06450
v 49.43818 -6.99159 -3.01742
v 49.79044 -6.19210 -3.57316
v 50.15104 -6.17698 -3.53489
v 50.51979 -6.16132 -3.49621
v 50.89650 -6.14511 -3.45713
v 51.23942 -6.13020 -3.42193
v 51.67302 -6.10810 -3.37874
v 49.79044 -6.97369 -2.97622
v 49.09443 -6.66618 -2.74388
v 50.15104 -6.95517 -2.93446
v 49.25314 -6.66004 -2.72575
v 49.43818 -6.65126 -2.70488
v 49.79044 -6.63440 -2.66545
v 50.15104 -6.61695 -2.62547
v 50.51979 -6.93604 -2.89217
v 50.89650 -6.91629 -2.84939
v 51.23942 -6.89815 -2.81080
v 51.67302 -6.87214 -2.76283
v 50.51979 -6.59893 -2.58500
v 50.89650 -6.58033 -2.54405
v 51.23942 -6.56324 -2.50711
v 51.67302 -6.53885 -2.46126
v 52.47904 -7.71349 -3.56386
v 52.89259 -7.68426 -3.51331
v 53.23332 -7.66004 -3.47197
v 53.31289 -7.65364 -3.46240
v 52.07244 -7.46253 -3.31663
v 52.47904 -7.43509 -3.26856
v 52.89259 -7.40700 -3.22008
v 53.23332 -7.38372 -3.18045
v 53.31289 -7.37757 -3.17130
v 53.73973 -7.61917 -3.41132
v 54.61213 -7.80221 -3.58723
v 54.17288 -7.58403 -3.35987
v 54.61213 -7.54826 -3.30807
v 53.73973 -7.34449 -3.12243
v 54.17288 -7.31077 -3.07323
v 52.07244 -7.16373 -3.01879
v 52.47904 -7.13757 -2.97270
v 52.89259 -7.11078 -2.92624
v 53.23332 -7.08859 -2.88826
v 53.31289 -7.08273 -2.87951
v 53.73973 -7.05123 -2.83279
v 54.61213 -7.27644 -3.02371
v 54.17288 -7.01911 -2.78576
v 54.61213 -6.98642 -2.73846
v 52.07244 -6.44744 -3.57875
v 52.47904 -6.42467 -3.53706
v 52.07244 -6.08757 -3.33938
v 52.89259 -6.40137 -3.49504
v 53.23332 -6.38207 -3.46069
v 53.31289 -6.37691 -3.45276
v 52.47904 -6.06653 -3.29971
v 54.17288 -6.65604 -3.59645
v 54.61213 -6.62532 -3.55130
v 53.73973 -6.34916 -3.41045
v 54.17288 -6.32092 -3.36783
v 54.61213 -6.29220 -3.32487
v 52.07244 -6.84799 -2.71908
v 52.47904 -6.82324 -2.67496
v 52.89259 -6.79789 -2.63050
v 53.23332 -6.77689 -2.59417
v 53.31289 -6.77136 -2.58581
v 53.73973 -6.74157 -2.54123
v 54.17288 -6.71121 -2.49637
v 54.61213 -6.68029 -2.45125
v 49.09443 -6.30887 -2.43196
v 49.25314 -6.30314 -2.41462
v 49.43818 -6.29495 -2.39469
v 49.79044 -6.27923 -2.35701
v 50.15104 -6.26297 -2.31882
v 50.51979 -6.24616 -2.28013
v 50.89650 -6.22882 -2.24100
v 51.23942 -6.21289 -2.20569
v 51.67302 -6.19025 -2.16195
v 52.07244 -6.51620 -2.41946
v 52.47904 -6.49298 -2.37731
v 52.89259 -6.46920 -2.33484
v 53.23332 -6.44950 -2.30014
v 53.31289 -6.44431 -2.29218
v 52.07244 -6.16922 -2.12206
v 52.47904 -6.14766 -2.08185
v 52.89259 -6.12557 -2.04134
v 53.23332 -6.10727 -2.00825
v 53.31289 -6.10245 -2.00068
v 53.73973 -6.41638 -2.24971
v 54.17288 -6.38791 -2.20700
v 54.61213 -6.35892 -2.16407
v 53.73973 -6.07653 -1.96030
v 45.06818 -5.48104 -3.60747
v 45.26579 -5.48184 -3.58286
v 45.45584 -5.48249 -3.55937
v 45.69283 -5.48139 -3.53091
v 45.92204 -5.48015 -3.50364
v 46.16157 -5.47870 -3.47541
v 43.69709 -6.05191 -2.73461
v 43.78361 -6.05127 -2.72419
v 43.88153 -6.05052 -2.71243
v 43.99081 -6.04966 -2.69934
v 44.11138 -6.04868 -2.68494
v 43.41368 -5.65546 -2.44106
v 44.24318 -6.04758 -2.66925
v 44.38616 -6.04633 -2.65229
v 44.54023 -6.04473 -2.63400
v 44.70531 -6.04285 -2.61444
v 44.88133 -6.04078 -2.59367
v 45.06818 -6.03852 -2.57174
v 45.26579 -6.03604 -2.54867
v 45.45584 -6.03359 -2.52660
v 45.69283 -6.02911 -2.49917
v 45.92204 -6.02468 -2.47281
v 46.16157 -6.01994 -2.44545
v 43.41368 -5.02976 -3.56098
v 43.46582 -5.03060 -3.55417
v 43.55842 -5.03206 -3.54212
v 43.62201 -5.03305 -3.53386
v 43.69709 -5.03419 -3.52415
v 43.78361 -5.03549 -3.51298
v 43.88153 -5.03691 -3.50040
v 43.99081 -5.03847 -3.48640
v 44.11138 -5.04013 -3.47103
v 44.24318 -5.04189 -3.45431
v 44.38616 -5.04373 -3.43627
v 44.54023 -5.04521 -3.41722
v 44.70531 -5.04651 -3.39708
v 43.41368 -4.58315 -3.30244
v 43.46582 -4.58406 -3.29593
v 43.55842 -4.58565 -3.28439
v 43.62201 -4.58673 -3.27650
v 43.69709 -4.58798 -3.26720
v 43.78361 -4.58940 -3.25652
v 43.88153 -4.59097 -3.24446
v 43.99081 -4.59269 -3.23107
v 44.11138 -4.59454 -3.21635
v 44.24318 -4.59651 -3.20033
v 44.38616 -4.59858 -3.18304
v 44.54023 -4.60036 -3.16482
v 44.70531 -4.60201 -3.14557
v 44.88133 -5.04780 -3.37575
v 45.06818 -5.04906 -3.35326
v 45.26579 -5.05028 -3.32965
v 45.45584 -5.05134 -3.30711
v 45.69283 -5.05083 -3.27985
v 45.92204 -5.05019 -3.25373
v 46.16157 -5.04937 -3.22667
v 44.88133 -4.60368 -3.12516
v 45.06818 -4.60535 -3.10365
v 45.26579 -4.60701 -3.08105
v 45.45584 -4.60851 -3.05947
v 45.69283 -4.60863 -3.03344
v 45.92204 -4.60862 -3.00847
v 46.16157 -4.60847 -2.98260
v 47.22024 -5.87782 -3.60506
v 47.50938 -5.87251 -3.57186
v 46.41128 -5.47701 -3.44625
v 46.47692 -5.47654 -3.43863
v 46.67105 -5.47396 -3.41657
v 46.94075 -5.47020 -3.38620
v 47.22024 -5.46612 -3.35505
v 47.50938 -5.46170 -3.32318
v 47.80801 -5.86533 -3.53826
v 48.11600 -5.85758 -3.50403
v 48.43317 -5.84939 -3.46919
v 48.75937 -5.84074 -3.43378
v 47.80801 -5.45559 -3.29096
v 48.11600 -5.44897 -3.25814
v 48.43317 -5.44196 -3.22472
v 48.75937 -5.43454 -3.19074
v 46.41128 -5.04835 -3.19872
v 46.47692 -5.04806 -3.19141
v 46.67105 -5.04608 -3.17030
v 46.94075 -5.04319 -3.14123
v 47.22024 -5.04001 -3.11141
v 47.50938 -5.03654 -3.08088
v 47.80801 -5.03156 -3.05006
v 46.41128 -4.60817 -2.95586
v 46.47692 -4.60806 -2.94887
v 46.67105 -4.60673 -2.92872
v 46.94075 -4.60474 -2.90096
v 47.22024 -4.60251 -2.87247
v 47.50938 -4.60004 -2.84329
v 48.11600 -5.02614 -3.01865
v 48.43317 -5.02038 -2.98666
v 48.75937 -5.01426 -2.95412
v 47.80801 -4.59626 -2.81387
v 48.11600 -4.59209 -2.78388
v 48.43317 -4.58763 -2.75333
v 48.75937 -4.58288 -2.72223
v 43.46582 -5.65510 -2.43508
v 43.55842 -5.65444 -2.42449
v 43.62201 -5.65397 -2.41723
v 43.69709 -5.65341 -2.40867
v 43.78361 -5.65276 -2.39883
v 43.88153 -5.65200 -2.38772
v 43.99081 -5.65113 -2.37534
v 44.11138 -5.65015 -2.36173
v 44.24318 -5.64904 -2.34689
v 44.38616 -5.64781 -2.33084
v 44.54023 -5.64628 -2.31352
v 44.70531 -5.64451 -2.29498
v 43.41368 -5.24400 -2.11959
v 43.46582 -5.24363 -2.11398
v 43.55842 -5.24296 -2.10402
v 43.62201 -5.24250 -2.09719
v 43.69709 -5.24194 -2.08914
v 43.78361 -5.24129 -2.07988
v 43.88153 -5.24053 -2.06942
v 43.99081 -5.23967 -2.05777
v 44.11138 -5.23871 -2.04494
v 44.24318 -5.23762 -2.03096
v 44.38616 -5.23642 -2.01584
v 44.54023 -5.23499 -1.99950
v 44.70531 -5.23336 -1.98200
v 44.88133 -5.64257 -2.27530
v 45.06818 -5.64046 -2.25451
v 45.26579 -5.63815 -2.23262
v 45.45584 -5.63587 -2.21166
v 45.69283 -5.63174 -2.18561
v 45.92204 -5.62765 -2.16055
v 46.16157 -5.62328 -2.13452
v 44.88133 -5.23159 -1.96341
v 45.06818 -5.22965 -1.94376
v 45.26579 -5.22755 -1.92306
v 45.45584 -5.22548 -1.90324
v 45.69283 -5.22173 -1.87856
v 45.92204 -5.21802 -1.85483
v 46.16157 -5.21407 -1.83015
v 43.41368 -4.82086 -1.80627
v 43.46582 -4.82049 -1.80102
v 43.55842 -4.81984 -1.79170
v 43.62201 -4.81938 -1.78531
v 43.69709 -4.81883 -1.77778
v 43.78361 -4.81819 -1.76910
v 43.88153 -4.81746 -1.75930
v 43.99081 -4.81662 -1.74839
v 44.11138 -4.81569 -1.73636
v 44.24318 -4.81465 -1.72325
v 44.38616 -4.81350 -1.70906
v 44.54023 -4.81219 -1.69370
v 44.70531 -4.81074 -1.67725
v 43.41368 -4.38753 -1.50266
v 43.46582 -4.38717 -1.49777
v 43.55842 -4.38654 -1.48910
v 43.62201 -4.38610 -1.48315
v 43.69709 -4.38557 -1.47613
v 43.78361 -4.38496 -1.46805
v 43.88153 -4.38426 -1.45891
v 43.99081 -4.38347 -1.44873
v 44.11138 -4.38259 -1.43752
v 44.24318 -4.38161 -1.42528
v 44.38616 -4.38054 -1.41202
v 44.54023 -4.37938 -1.39767
v 44.70531 -4.37812 -1.38227
v 44.88133 -4.80915 -1.65977
v 45.06818 -4.80743 -1.64127
v 45.26579 -4.80556 -1.62178
v 45.45584 -4.80373 -1.60310
v 45.69283 -4.80040 -1.57982
v 45.92204 -4.79712 -1.55741
v 46.16157 -4.79363 -1.53410
v 44.88133 -4.37676 -1.36590
v 45.06818 -4.37528 -1.34856
v 45.26579 -4.37368 -1.33028
v 45.45584 -4.37211 -1.31275
v 45.69283 -4.36925 -1.29087
v 45.92204 -4.36643 -1.26980
v 46.41128 -6.01488 -2.41710
v 46.47692 -6.01354 -2.40969
v 46.67105 -6.00869 -2.38774
v 46.94075 -6.00184 -2.35745
v 47.22024 -5.99461 -2.32630
v 47.50938 -5.98699 -2.29432
v 46.41128 -5.61863 -2.10756
v 46.47692 -5.61739 -2.10050
v 46.67105 -5.61297 -2.07961
v 46.94075 -5.60672 -2.05076
v 47.22024 -5.60013 -2.02107
v 47.50938 -5.59319 -1.99058
v 47.80801 -5.97780 -2.26183
v 48.11600 -5.96808 -2.22862
v 48.43317 -5.95792 -2.19471
v 48.75937 -5.94732 -2.16014
v 47.80801 -5.58488 -1.95962
v 48.11600 -5.57609 -1.92798
v 48.43317 -5.56690 -1.89565
v 48.75937 -5.55731 -1.86267
v 46.41128 -5.20987 -1.80457
v 46.47692 -5.20875 -1.79787
v 46.67105 -5.20479 -1.77804
v 46.94075 -5.19920 -1.75065
v 47.22024 -5.19330 -1.72244
v 47.50938 -5.18709 -1.69345
v 47.80801 -5.17971 -1.66404
v 48.11600 -5.17190 -1.63397
v 48.43317 -5.16375 -1.60324
v 48.75937 -5.15524 -1.57187
v 46.41128 -4.78992 -1.50992
v 46.47692 -4.78893 -1.50358
v 46.67105 -4.78546 -1.48482
v 46.94075 -4.78057 -1.45889
v 47.22024 -4.77542 -1.43216
v 47.50938 -4.76999 -1.40469
v 47.80801 -4.76359 -1.37684
v 48.11600 -4.75683 -1.34835
v 48.43317 -4.74977 -1.31921
v 48.75937 -4.74240 -1.28946
v 43.41368 -4.12323 -3.05495
v 43.46582 -4.12423 -3.04873
v 43.55842 -4.12597 -3.03772
v 43.62201 -4.12715 -3.03018
v 43.69709 -4.12852 -3.02130
v 43.78361 -4.13009 -3.01110
v 43.88153 -4.13183 -2.99958
v 43.99081 -4.13374 -2.98678
v 44.11138 -4.13581 -2.97270
v 44.24318 -4.13802 -2.95738
v 44.38616 -4.14036 -2.94084
v 44.54023 -4.14249 -2.92343
v 44.70531 -4.14453 -2.90505
v 43.46582 -3.65290 -2.81359
v 43.41368 -3.65181 -2.81951
v 43.55842 -3.65481 -2.80310
v 43.62201 -3.65611 -2.79591
v 43.69709 -3.65763 -2.78745
v 43.78361 -3.65937 -2.77772
v 43.88153 -3.66130 -2.76673
v 43.99081 -3.66344 -2.75451
v 44.11138 -3.66575 -2.74108
v 44.24318 -3.66824 -2.72644
v 44.38616 -3.67088 -2.71064
v 44.54023 -3.67339 -2.69403
v 44.70531 -3.67587 -2.67650
v 44.88133 -4.14663 -2.88556
v 45.06818 -4.14877 -2.86500
v 45.26579 -4.15093 -2.84340
v 45.45584 -4.15292 -2.82275
v 45.69283 -4.15375 -2.79790
v 45.92204 -4.15444 -2.77405
v 46.16157 -4.15504 -2.74932
v 44.88133 -3.67844 -2.65791
v 45.06818 -3.68110 -2.63828
v 45.26579 -3.68382 -2.61764
v 45.45584 -3.68635 -2.59790
v 45.69283 -3.68797 -2.57419
v 45.92204 -3.68942 -2.55142
v 46.16157 -3.69084 -2.52779
v 43.41368 -3.17391 -2.59139
v 43.46582 -3.17510 -2.58577
v 43.55842 -3.17720 -2.57580
v 43.62201 -3.17862 -2.56897
v 43.69709 -3.18029 -2.56093
v 43.78361 -3.18220 -2.55167
v 43.88153 -3.18435 -2.54122
v 43.99081 -3.18671 -2.52959
v 44.11138 -3.18928 -2.51680
v 44.24318 -3.19206 -2.50286
v 44.38616 -3.19503 -2.48779
v 44.54023 -3.19793 -2.47199
v 44.70531 -3.20086 -2.45532
v 46.41128 -4.15552 -2.72375
v 46.47692 -4.15563 -2.71706
v 46.67105 -4.15500 -2.69783
v 46.94075 -4.15401 -2.67132
v 47.22024 -4.15283 -2.64410
v 47.50938 -4.15146 -2.61620
v 46.41128 -3.69219 -2.50334
v 46.47692 -3.69253 -2.49694
v 46.67105 -3.69267 -2.47859
v 46.94075 -3.69275 -2.45327
v 47.80801 -4.14897 -2.58810
v 48.11600 -4.14617 -2.55945
v 48.43317 -4.14313 -2.53023
v 48.75937 -4.13985 -2.50047
v 43.41368 -2.68990 -2.37421
v 43.46582 -2.69120 -2.36889
v 43.55842 -2.69349 -2.35945
v 43.62201 -2.69505 -2.35298
v 43.69709 -2.69688 -2.34535
v 43.78361 -2.69898 -2.33658
v 43.88153 -2.70133 -2.32666
v 43.99081 -2.70394 -2.31563
v 44.11138 -2.70679 -2.30348
v 44.24318 -2.70987 -2.29024
v 44.38616 -2.71318 -2.27591
v 44.54023 -2.71650 -2.26092
v 44.70531 -2.71991 -2.24511
v 44.88133 -3.20393 -2.43763
v 45.06818 -3.20712 -2.41893
v 45.26579 -3.21042 -2.39926
v 45.45584 -3.21352 -2.38044
v 45.69283 -3.21595 -2.35787
v 45.92204 -3.21820 -2.33618
v 46.16157 -3.22045 -2.31366
v 44.88133 -2.72350 -2.22831
v 45.06818 -2.72725 -2.21055
v 45.26579 -2.73115 -2.19184
v 45.45584 -2.73485 -2.17393
v 45.69283 -2.73811 -2.15250
v 45.92204 -2.74118 -2.13189
v 46.16157 -2.74432 -2.11046
v 47.22024 -3.69271 -2.42724
v 47.50938 -3.69253 -2.40054
v 47.80801 -3.69144 -2.37368
v 48.11600 -3.69011 -2.34627
v 48.43317 -3.68861 -2.31829
v 48.75937 -3.68692 -2.28978
v 46.41128 -3.22270 -2.29032
v 46.47692 -3.22328 -2.28421
v 46.67105 -3.22421 -2.26673
v 46.94075 -3.22540 -2.24260
v 47.22024 -3.22653 -2.21778
v 47.50938 -3.22758 -2.19228
v 46.41128 -2.74750 -2.08823
v 46.47692 -2.74832 -2.08241
v 46.67105 -2.75007 -2.06580
v 46.94075 -2.75242 -2.04284
v 47.22024 -2.75476 -2.01919
v 47.50938 -2.75708 -1.99489
v 47.80801 -3.22792 -2.16666
v 48.11600 -3.22810 -2.14048
v 48.43317 -3.22816 -2.11374
v 48.75937 -3.22810 -2.08647
v 47.80801 -2.75889 -1.97047
v 48.11600 -2.76063 -1.94551
v 48.43317 -2.76230 -1.91998
v 48.75937 -2.76392 -1.89392
v 49.09443 -5.83165 -3.39782
v 49.25314 -5.82726 -3.38094
v 49.43818 -5.82041 -3.36180
v 49.79044 -5.80722 -3.32570
v 50.15104 -5.79351 -3.28918
v 49.09443 -5.42671 -3.15623
v 49.25314 -5.42294 -3.14001
v 49.43818 -5.41690 -3.12169
v 49.79044 -5.40527 -3.08712
v 50.15104 -5.39318 -3.05214
v 50.51979 -5.77929 -3.25226
v 50.89650 -5.76459 -3.21496
v 51.23942 -5.75104 -3.18136
v 51.67302 -5.73093 -3.14027
v 50.51979 -5.38063 -3.01677
v 50.89650 -5.36764 -2.98103
v 51.23942 -5.35566 -2.94883
v 51.67302 -5.33779 -2.90957
v 49.09443 -5.00778 -2.92106
v 49.25314 -5.00465 -2.90552
v 49.43818 -4.99948 -2.88802
v 49.79044 -4.98950 -2.85499
v 50.15104 -4.97911 -2.82155
v 49.09443 -4.57781 -2.69062
v 49.25314 -4.57536 -2.67576
v 49.43818 -4.57108 -2.65908
v 49.79044 -4.56282 -2.62757
v 50.15104 -4.55420 -2.59567
v 50.51979 -4.96832 -2.78772
v 50.89650 -4.95712 -2.75354
v 51.23942 -4.94680 -2.72274
v 51.67302 -4.93128 -2.68530
v 50.51979 -4.54524 -2.56339
v 50.89650 -4.53592 -2.53077
v 51.23942 -4.52732 -2.50136
v 51.67302 -4.51424 -2.46572
v 52.07244 -5.71224 -3.10283
v 52.47904 -5.69308 -3.06510
v 52.89259 -6.04499 -3.25973
v 53.23332 -6.02715 -3.22706
v 53.31289 -6.02237 -3.21954
v 52.89259 -5.67346 -3.02707
v 53.73973 -5.99669 -3.17938
v 54.17288 -5.97054 -3.13893
v 54.61213 -5.94395 -3.09817
v 53.23332 -5.65721 -2.99600
v 53.31289 -5.65285 -2.98886
v 52.07244 -5.32117 -2.87379
v 52.47904 -5.30413 -2.83774
v 52.89259 -5.28667 -2.80141
v 53.23332 -5.27221 -2.77171
v 53.31289 -5.26830 -2.76491
v 53.73973 -5.62939 -2.95076
v 54.17288 -5.60550 -2.91239
v 54.61213 -5.58122 -2.87374
v 53.73973 -5.24732 -2.72859
v 54.17288 -5.22595 -2.69202
v 54.61213 -5.20422 -2.65519
v 52.07244 -4.91684 -2.65118
v 52.47904 -4.90202 -2.61679
v 52.89259 -4.88683 -2.58214
v 53.23332 -4.87424 -2.55382
v 53.31289 -4.87082 -2.54735
v 53.73973 -4.85243 -2.51279
v 54.17288 -4.83369 -2.47800
v 54.61213 -4.81462 -2.44297
v 49.09443 -5.93627 -2.12494
v 49.25314 -5.93098 -2.10837
v 49.43818 -5.92344 -2.08935
v 49.79044 -5.90898 -2.05339
v 50.15104 -5.89401 -2.01693
v 50.51979 -5.87854 -1.98000
v 50.89650 -5.86258 -1.94263
v 51.23942 -5.84792 -1.90892
v 51.67302 -5.82717 -1.86721
v 49.09443 -5.54732 -1.82908
v 49.25314 -5.54254 -1.81327
v 49.43818 -5.53573 -1.79513
v 49.79044 -5.52264 -1.76084
v 50.15104 -5.50910 -1.72606
v 49.09443 -5.14638 -1.53991
v 49.25314 -5.14213 -1.52485
v 49.43818 -5.13607 -1.50760
v 50.51979 -5.49511 -1.69082
v 50.89650 -5.48067 -1.65515
v 51.23942 -5.46740 -1.62297
v 51.67302 -5.44870 -1.58321
v 49.79044 -5.12444 -1.47498
v 50.15104 -5.11240 -1.44188
v 50.51979 -5.09995 -1.40834
v 50.89650 -5.08711 -1.37438
v 51.23942 -5.07530 -1.34374
v 51.67302 -5.05875 -1.30594
v 54.17288 -6.05009 -1.91971
v 54.61213 -6.02316 -1.87892
v 52.07244 -5.80790 -1.82918
v 52.47904 -5.78813 -1.79085
v 52.89259 -5.76788 -1.75224
v 53.23332 -5.75109 -1.72071
v 53.31289 -5.74667 -1.71351
v 52.07244 -5.43134 -1.54696
v 52.47904 -5.41352 -1.51043
v 52.89259 -5.39526 -1.47364
v 53.23332 -5.38011 -1.44359
v 53.31289 -5.37612 -1.43676
v 53.73973 -5.72289 -1.67515
v 54.17288 -5.69863 -1.63660
v 54.61213 -5.67391 -1.59789
v 53.73973 -5.35465 -1.40032
v 54.17288 -5.33273 -1.36372
v 54.61213 -5.31039 -1.32698
v 52.07244 -4.50206 -2.43325
v 52.47904 -4.48955 -2.40052
v 52.89259 -4.47672 -2.36753
v 53.23332 -4.46607 -2.34057
v 53.31289 -4.46315 -2.33443
v 53.73973 -4.44744 -2.30161
v 54.17288 -4.43142 -2.26858
v 54.61213 -4.41512 -2.23533
v 52.07244 -5.04338 -1.27148
v 49.09443 -4.13633 -2.47021
v 49.25314 -4.13460 -2.45598
v 49.43818 -4.13129 -2.44005
v 49.79044 -4.12489 -2.40995
v 50.15104 -4.11818 -2.37945
v 49.09443 -3.68504 -2.26076
v 49.25314 -3.68410 -2.24710
v 49.43818 -3.68183 -2.23185
v 49.79044 -3.67740 -2.20303
v 50.15104 -3.67273 -2.17381
v 50.51979 -4.11118 -2.34859
v 50.89650 -4.10389 -2.31737
v 51.23942 -4.09713 -2.28922
v 51.67302 -4.08667 -2.25523
v 50.51979 -3.66783 -2.14422
v 50.89650 -3.66269 -2.11427
v 51.23942 -3.65791 -2.08725
v 51.67302 -3.65021 -2.05471
v 49.09443 -3.22791 -2.05868
v 49.25314 -3.22777 -2.04560
v 49.43818 -3.22656 -2.03103
v 49.79044 -3.22415 -2.00348
v 50.15104 -3.22157 -1.97553
v 49.09443 -2.76547 -1.86735
v 49.25314 -2.76617 -1.85483
v 50.51979 -3.21881 -1.94720
v 50.89650 -3.21587 -1.91851
v 51.23942 -3.21310 -1.89261
v 51.67302 -3.20822 -1.86150
v 49.43818 -2.76603 -1.84092
v 49.79044 -2.76570 -1.81460
v 50.15104 -2.76526 -1.78787
v 50.51979 -2.76470 -1.76076
v 50.89650 -2.76402 -1.73329
v 51.23942 -2.76331 -1.70847
v 51.67302 -2.76132 -1.67875
v 52.07244 -4.07690 -2.22423
v 52.47904 -4.06686 -2.19298
v 52.89259 -4.05653 -2.16149
v 53.23332 -4.04796 -2.13576
v 53.31289 -4.04557 -2.12990
v 52.07244 -3.64301 -2.02503
v 52.47904 -3.63557 -1.99510
v 52.89259 -3.62790 -1.96493
v 53.23332 -3.62152 -1.94027
v 53.31289 -3.61969 -1.93467
v 53.73973 -4.03270 -2.09865
v 54.17288 -4.01958 -2.06719
v 54.61213 -4.00621 -2.03553
v 53.73973 -3.60982 -1.90479
v 54.17288 -3.59974 -1.87472
v 54.61213 -3.58945 -1.84446
v 52.07244 -3.20362 -1.83313
v 52.47904 -3.19884 -1.80449
v 52.89259 -3.19388 -1.77563
v 53.23332 -3.18973 -1.75204
v 53.31289 -3.18847 -1.74669
v 52.07244 -2.75939 -1.65161
v 52.47904 -2.75734 -1.62422
v 52.89259 -2.75515 -1.59660
v 53.23332 -2.75329 -1.57402
v 53.31289 -2.75261 -1.56892
v 53.73973 -3.18166 -1.71815
v 54.17288 -3.17467 -1.68944
v 54.61213 -3.16751 -1.66057
v 53.73973 -2.74891 -1.54166
v 54.17288 -2.74509 -1.51424
v 54.61213 -2.74114 -1.48668
v 46.16157 -4.36343 -1.24786
v 46.41128 -4.36025 -1.22508
v 46.47692 -4.35941 -1.21911
v 46.67105 -4.35647 -1.20142
v 46.94075 -4.35232 -1.17696
v 47.22024 -4.34796 -1.15173
v 47.50938 -4.34337 -1.12577
v 47.80801 -4.33800 -1.09948
v 48.11600 -4.33233 -1.07257
v 48.43317 -4.32642 -1.04504
v 48.75937 -4.32024 -1.01690
v 43.41368 -3.94563 -1.21010
v 43.46582 -3.94530 -1.20557
v 43.55842 -3.94471 -1.19754
v 43.62201 -3.94430 -1.19203
v 43.69709 -3.94381 -1.18552
v 43.78361 -3.94324 -1.17803
v 43.88153 -3.94260 -1.16956
v 43.99081 -3.94187 -1.16012
v 44.11138 -3.94106 -1.14971
v 44.24318 -3.94017 -1.13834
v 44.38616 -3.93919 -1.12602
v 44.54023 -3.93821 -1.11266
v 44.70531 -3.93718 -1.09831
v 43.41368 -3.49346 -0.93594
v 43.46582 -3.49316 -0.93177
v 43.55842 -3.49263 -0.92437
v 43.62201 -3.49227 -0.91929
v 43.69709 -3.49184 -0.91329
v 43.78361 -3.49134 -0.90638
v 43.88153 -3.49078 -0.89857
v 43.99081 -3.49015 -0.88984
v 44.11138 -3.48945 -0.88023
v 44.24318 -3.48868 -0.86972
v 44.38616 -3.48785 -0.85832
v 44.54023 -3.48708 -0.84594
v 44.70531 -3.48632 -0.83262
v 44.88133 -3.93607 -1.08304
v 45.06818 -3.93486 -1.06687
v 45.26579 -3.93356 -1.04980
v 45.45584 -3.93229 -1.03342
v 45.69283 -3.92993 -1.01294
v 45.92204 -3.92761 -0.99320
v 46.16157 -3.92515 -0.97263
v 44.88133 -3.48551 -0.81845
v 45.06818 -3.48463 -0.80341
v 45.26579 -3.48369 -0.78754
v 45.45584 -3.48277 -0.77229
v 45.69283 -3.48097 -0.75318
v 45.92204 -3.47921 -0.73474
v 46.16157 -3.47735 -0.71552
v 43.41368 -3.03453 -0.67815
v 43.46582 -3.03428 -0.67434
v 43.55842 -3.03384 -0.66756
v 43.62201 -3.03353 -0.66291
v 43.69709 -3.03318 -0.65741
v 43.78361 -3.03277 -0.65108
v 43.88153 -3.03231 -0.64391
v 43.99081 -3.03180 -0.63590
v 44.11138 -3.03123 -0.62707
v 44.24318 -3.03062 -0.61741
v 44.38616 -3.02995 -0.60692
v 44.54023 -3.02944 -0.59550
v 44.70531 -3.02899 -0.58320
v 43.41368 -2.57167 -0.43592
v 43.46582 -2.57148 -0.43245
v 43.55842 -2.57114 -0.42629
v 43.62201 -2.57091 -0.42206
v 43.69709 -2.57065 -0.41706
v 43.78361 -2.57034 -0.41129
v 43.88153 -2.57000 -0.40476
v 43.99081 -2.56963 -0.39746
v 44.11138 -2.56922 -0.38939
v 44.24318 -2.56878 -0.38057
v 44.38616 -2.56832 -0.37098
v 44.54023 -2.56808 -0.36051
v 44.70531 -2.56797 -0.34921
v 44.88133 -3.02851 -0.57009
v 45.06818 -3.02800 -0.55618
v 45.26579 -3.02746 -0.54147
v 45.45584 -3.02693 -0.52733
v 45.69283 -3.02575 -0.50957
v 45.92204 -3.02460 -0.49241
v 46.16157 -3.02339 -0.47450
v 44.88133 -2.56786 -0.33716
v 45.06818 -2.56774 -0.32435
v 45.26579 -2.56763 -0.31080
v 45.45584 -2.56753 -0.29776
v 45.69283 -2.56700 -0.28132
v 45.92204 -2.56650 -0.26542
v 46.16157 -2.56597 -0.24881
v 46.41128 -3.92254 -0.95126
v 46.47692 -3.92185 -0.94566
v 46.67105 -3.91947 -0.92904
v 46.94075 -3.91611 -0.90604
v 47.22024 -3.91258 -0.88231
v 47.50938 -3.90886 -0.85787
v 46.41128 -3.47538 -0.69553
v 46.47692 -3.47485 -0.69028
v 47.80801 -3.90458 -0.83314
v 48.11600 -3.90005 -0.80781
v 48.43317 -3.89533 -0.78188
v 48.75937 -3.89039 -0.75536
v 46.67105 -3.47308 -0.67472
v 46.94075 -3.47058 -0.65315
v 47.22024 -3.46796 -0.63088
v 47.50938 -3.46519 -0.60792
v 47.80801 -3.46206 -0.58471
v 48.11600 -3.45876 -0.56092
v 48.43317 -3.45531 -0.53654
v 48.75937 -3.45170 -0.51160
v 46.41128 -3.02211 -0.45586
v 46.47692 -3.02177 -0.45096
v 46.67105 -3.02065 -0.43641
v 46.94075 -3.01907 -0.41624
v 47.22024 -3.01741 -0.39538
v 47.50938 -3.01566 -0.37386
v 46.41128 -2.56542 -0.23149
v 46.47692 -2.56527 -0.22694
v 46.67105 -2.56483 -0.21340
v 46.94075 -2.56421 -0.19460
v 47.22024 -2.56355 -0.17515
v 47.50938 -2.56285 -0.15505
v 47.80801 -3.01375 -0.35212
v 48.11600 -3.01175 -0.32981
v 48.43317 -3.00964 -0.30693
v 48.75937 -3.00742 -0.28350
v 47.80801 -2.56220 -0.13475
v 48.11600 -2.56152 -0.11391
v 48.43317 -2.56079 -0.09251
v 48.75937 -2.56001 -0.07057
v 49.09443 -4.73472 -1.25913
v 49.25314 -4.73104 -1.24484
v 49.43818 -4.72577 -1.22848
v 49.79044 -4.71566 -1.19753
v 50.15104 -4.70519 -1.16612
v 49.09443 -4.31380 -0.98820
v 49.25314 -4.31072 -0.97468
v 49.43818 -4.30627 -0.95921
v 49.79044 -4.29774 -0.92993
v 50.15104 -4.28890 -0.90020
v 50.51979 -4.69436 -1.13427
v 50.89650 -4.68318 -1.10203
v 51.23942 -4.67289 -1.07292
v 51.67302 -4.65858 -1.03707
v 50.51979 -4.27975 -0.87005
v 50.89650 -4.27030 -0.83951
v 51.23942 -4.26160 -0.81195
v 51.67302 -4.24960 -0.77804
v 52.47904 -5.02759 -1.23674
v 52.89259 -5.01140 -1.20177
v 53.23332 -4.99797 -1.17322
v 53.31289 -4.99443 -1.16674
v 52.07244 -4.64527 -1.00439
v 52.47904 -4.63160 -0.97145
v 52.07244 -4.23843 -0.74712
v 52.47904 -4.22694 -0.71596
v 52.89259 -4.61757 -0.93828
v 53.23332 -4.60591 -0.91122
v 53.31289 -4.60283 -0.90510
v 52.89259 -4.21513 -0.68460
v 53.73973 -4.97535 -1.13222
v 54.17288 -4.95588 -1.09756
v 54.61213 -4.93601 -1.06280
v 53.73973 -4.58625 -0.87248
v 54.17288 -4.56930 -0.83976
v 54.61213 -4.55199 -0.80695
v 53.23332 -4.20532 -0.65901
v 53.31289 -4.20272 -0.65325
v 49.09443 -3.88525 -0.72829
v 49.25314 -3.88278 -0.71553
v 49.43818 -3.87919 -0.70095
v 49.79044 -3.87229 -0.67334
v 50.15104 -3.86513 -0.64529
v 49.09443 -3.44793 -0.48612
v 49.25314 -3.44612 -0.47410
v 49.43818 -3.44342 -0.46037
v 49.79044 -3.43824 -0.43437
v 50.15104 -3.43286 -0.40795
v 50.51979 -3.85772 -0.61683
v 50.89650 -3.85005 -0.58800
v 51.23942 -3.84298 -0.56197
v 51.67302 -3.83336 -0.52999
v 50.51979 -3.42727 -0.38113
v 50.89650 -3.42148 -0.35394
v 51.23942 -3.41612 -0.32939
v 51.67302 -3.40898 -0.29926
v 49.09443 -3.00510 -0.25954
v 49.25314 -3.00398 -0.24824
v 49.43818 -3.00223 -0.23533
v 49.79044 -2.99884 -0.21086
v 50.15104 -2.99531 -0.18598
v 50.51979 -2.99162 -0.16072
v 50.89650 -2.98778 -0.13510
v 51.23942 -2.98422 -0.11195
v 52.07244 -3.82438 -0.50084
v 52.47904 -3.81513 -0.47146
v 52.89259 -3.80561 -0.44189
v 53.23332 -3.79768 -0.41777
v 53.31289 -3.79557 -0.41236
v 52.07244 -3.40230 -0.27180
v 52.47904 -3.39539 -0.24412
v 52.89259 -3.38825 -0.21627
v 53.23332 -3.38229 -0.19356
v 53.31289 -3.38069 -0.18848
v 53.73973 -4.18870 -0.62252
v 54.17288 -4.17435 -0.59170
v 54.61213 -4.15969 -0.56084
v 53.73973 -3.78418 -0.38350
v 54.17288 -3.77250 -0.35458
v 54.61213 -3.76054 -0.32564
v 53.73973 -3.37203 -0.16140
v 54.17288 -3.36312 -0.13429
v 54.61213 -3.35396 -0.10718
v 49.09443 -2.55917 -0.04812
v 49.25314 -2.55877 -0.03752
v 49.43818 -2.55797 -0.02541
v 49.79044 -2.55641 -0.00247
v 50.15104 -2.55476 0.02089
v 51.67302 -2.97965 -0.08358
v 50.51979 -2.55302 0.04462
v 50.89650 -2.55118 0.06870
v 51.23942 -2.54944 0.09046
v 51.67302 -2.54747 0.11711
v 52.07244 -2.97534 -0.05770
v 52.47904 -2.97085 -0.03163
v 52.89259 -2.96619 -0.00540
v 53.23332 -2.96226 0.01599
v 53.31289 -2.96118 0.02076
v 52.07244 -2.54557 0.14142
v 52.47904 -2.54354 0.16591
v 52.89259 -2.54138 0.19055
v 53.23332 -2.53952 0.21064
v 53.31289 -2.53897 0.21510
v 53.73973 -2.95533 0.04616
v 54.17288 -2.94928 0.07157
v 54.61213 -2.94301 0.09698
v 53.73973 -2.53597 0.23886
v 54.17288 -2.53280 0.26263
v 54.61213 -2.52947 0.28635
v 55.05725 -7.76455 -3.53271
v 55.22468 -7.75034 -3.51229
v 55.50801 -7.72483 -3.47830
v 55.96419 -7.68366 -3.42381
v 55.05725 -7.51187 -3.25594
v 55.22468 -7.49815 -3.23642
v 55.50801 -7.47355 -3.20399
v 55.96419 -7.43386 -3.15203
v 56.42554 -7.64193 -3.36898
v 56.89185 -7.82899 -3.57294
v 57.21858 -7.79841 -3.53254
v 57.36285 -7.78391 -3.51492
v 56.89185 -7.59968 -3.31381
v 57.21858 -7.57003 -3.27529
v 57.36285 -7.55597 -3.25852
v 56.42554 -7.39363 -3.09976
v 56.89185 -7.35290 -3.04718
v 55.05725 -7.24152 -2.97389
v 55.22468 -7.22835 -2.95524
v 55.50801 -7.20479 -2.92434
v 55.96419 -7.16678 -2.87483
v 56.42554 -7.12825 -2.82505
v 57.21858 -7.32432 -3.01047
v 57.36285 -7.31078 -2.99454
v 56.89185 -7.08925 -2.77499
v 57.21858 -7.06187 -2.74006
v 57.36285 -7.04892 -2.72494
v 55.05725 -6.59412 -3.50578
v 55.22468 -6.58238 -3.48872
v 55.50801 -6.56138 -3.46017
v 55.96419 -6.52755 -3.41435
v 55.05725 -6.26303 -3.28159
v 55.22468 -6.25205 -3.26536
v 55.50801 -6.23247 -3.23824
v 55.96419 -6.20092 -3.19472
v 56.42554 -6.80210 -3.58361
v 56.89185 -6.76534 -3.53462
v 57.21858 -6.73960 -3.50032
v 57.36285 -6.72741 -3.48524
v 56.42554 -6.49334 -3.36812
v 56.89185 -6.45876 -3.32148
v 56.42554 -6.16902 -3.15082
v 57.21858 -6.43455 -3.28884
v 57.36285 -6.42310 -3.27449
v 56.89185 -6.13678 -3.10653
v 57.21858 -6.11421 -3.07553
v 57.36285 -6.10354 -3.06192
v 55.05725 -6.95316 -2.69087
v 55.22468 -6.94061 -2.67306
v 55.50801 -6.91822 -2.64364
v 55.96419 -6.88209 -2.59652
v 56.42554 -6.84546 -2.54916
v 56.89185 -6.80838 -2.50157
v 57.21858 -6.78235 -2.46837
v 57.36285 -6.77004 -2.45405
v 57.83833 -7.73607 -3.45696
v 58.80170 -7.84533 -3.57815
v 58.31803 -7.68776 -3.39864
v 58.80170 -7.63903 -3.33995
v 57.83833 -7.50963 -3.20337
v 58.31803 -7.46284 -3.14788
v 58.80170 -7.41564 -3.09205
v 59.21248 -7.80278 -3.52593
v 59.28911 -7.79456 -3.51629
v 60.27412 -7.87391 -3.61015
v 59.78000 -7.74188 -3.45456
v 60.27412 -7.68885 -3.39244
v 59.21248 -7.59762 -3.29018
v 59.28911 -7.58962 -3.28101
v 59.78000 -7.53843 -3.22227
v 60.27412 -7.48692 -3.16317
v 60.27412 -7.01026 -3.56578
v 59.21248 -7.37554 -3.04471
v 59.28911 -7.36781 -3.03601
v 57.83833 -7.26615 -2.94213
v 58.31803 -7.22109 -2.88942
v 58.80170 -7.17563 -2.83641
v 57.83833 -7.00620 -2.67523
v 59.21248 -7.13703 -2.79148
v 59.28911 -7.12960 -2.78323
v 59.78000 -7.31832 -2.98026
v 60.27412 -7.26852 -2.92417
v 59.78000 -7.08201 -2.73045
v 60.27412 -7.03413 -2.67736
v 57.83833 -6.68729 -3.43551
v 58.31803 -6.92872 -3.59219
v 58.80170 -6.88592 -3.53863
v 58.31803 -6.64688 -3.38529
v 58.80170 -6.60621 -3.33454
v 57.83833 -6.38539 -3.22719
v 58.31803 -6.34742 -3.17941
v 58.80170 -6.30921 -3.13115
v 59.21248 -6.84964 -3.49305
v 59.28911 -6.84267 -3.48456
v 59.78000 -6.79807 -3.43010
v 60.27412 -6.75330 -3.37506
v 59.21248 -6.57174 -3.29134
v 59.28911 -6.56514 -3.28330
v 59.78000 -6.52288 -3.23168
v 59.21248 -6.27683 -3.09005
v 59.28911 -6.27064 -3.08241
v 60.27412 -6.48047 -3.17948
v 59.78000 -6.23104 -3.03333
v 58.31803 -6.96307 -2.62525
v 58.80170 -6.91957 -2.57501
v 57.83833 -6.06841 -3.01704
v 59.21248 -6.88262 -2.53245
v 59.28911 -6.87551 -2.52466
v 59.78000 -6.83003 -2.47482
v 60.27412 -6.19130 -2.98371
v 55.05725 -6.64884 -2.40590
v 55.22468 -6.63698 -2.38893
v 55.50801 -6.61585 -2.36097
v 55.96419 -6.58175 -2.31623
v 55.05725 -6.32941 -2.12092
v 55.22468 -6.31829 -2.10479
v 55.50801 -6.29851 -2.07829
v 55.96419 -6.26661 -2.03590
v 56.42554 -6.54719 -2.27128
v 56.89185 -6.51218 -2.22614
v 57.21858 -6.48762 -2.19467
v 57.36285 -6.47600 -2.18114
v 56.42554 -6.23425 -1.99335
v 56.89185 -6.20148 -1.95065
v 57.21858 -6.17847 -1.92090
v 57.36285 -6.16759 -1.90815
v 57.83833 -6.72944 -2.40697
v 58.31803 -6.68844 -2.35967
v 58.80170 -6.64709 -2.31216
v 57.83833 -6.43768 -2.13669
v 57.83833 -6.13172 -1.86632
v 58.31803 -6.39899 -2.09207
v 58.80170 -6.35995 -2.04729
v 59.21248 -6.61196 -2.27194
v 59.28911 -6.60522 -2.26460
v 60.27412 -6.78428 -2.42471
v 59.78000 -6.56206 -2.21766
v 60.27412 -6.51862 -2.17051
v 59.21248 -6.32678 -2.00940
v 59.28911 -6.32043 -2.00251
v 59.78000 -6.27974 -1.95848
v 60.27412 -6.23880 -1.91430
v 58.31803 -6.09548 -1.82436
v 58.80170 -6.05892 -1.78229
v 60.77122 -7.81924 -3.54469
v 60.77122 -7.63552 -3.32995
v 61.20384 -7.77165 -3.48771
v 61.27104 -7.76408 -3.47899
v 61.77334 -7.70753 -3.41377
v 61.20384 -7.58911 -3.27554
v 61.27104 -7.58173 -3.26723
v 61.77334 -7.52664 -3.20503
v 61.77334 -7.10158 -3.56517
v 60.77122 -7.43511 -3.10369
v 61.20384 -7.39005 -3.05191
v 61.27104 -7.38289 -3.04401
v 62.27784 -7.81315 -3.54231
v 62.27784 -7.65075 -3.34818
v 62.78431 -7.75487 -3.47343
v 63.19774 -7.85113 -3.59100
v 63.19774 -7.70731 -3.41715
v 62.27784 -7.47135 -3.14246
v 62.78431 -7.59378 -3.28223
v 63.19774 -7.54730 -3.22830
v 62.27784 -7.05103 -3.50255
v 62.78431 -7.21374 -3.60270
v 63.19774 -7.17084 -3.54864
v 62.78431 -7.00042 -3.43930
v 62.78431 -7.41589 -3.07951
v 63.19774 -7.37066 -3.02802
v 60.77122 -7.21845 -2.86773
v 61.77334 -7.32946 -2.98492
v 61.20384 -7.17490 -2.81860
v 61.27104 -7.16800 -2.81112
v 61.77334 -7.11641 -2.75517
v 60.77122 -6.98600 -2.62396
v 62.27784 -7.27584 -2.92545
v 62.78431 -7.22208 -2.86562
v 63.19774 -7.17825 -2.81666
v 62.27784 -7.06467 -2.69888
v 62.78431 -7.01280 -2.64224
v 60.77122 -6.96313 -3.50732
v 60.77122 -6.70838 -3.31941
v 61.20384 -6.92221 -3.45622
v 61.27104 -6.91575 -3.44831
v 61.77334 -6.86749 -3.38903
v 61.20384 -6.66940 -3.27074
v 61.27104 -6.66325 -3.26321
v 61.77334 -6.61738 -3.20670
v 60.77122 -6.43795 -3.12669
v 61.20384 -6.40107 -3.08048
v 61.27104 -6.39526 -3.07333
v 62.27784 -6.81916 -3.32911
v 63.19774 -6.95921 -3.38737
v 62.27784 -6.57146 -3.14955
v 62.78431 -6.77080 -3.26856
v 63.19774 -6.73143 -3.21881
v 62.78431 -6.52554 -3.09176
v 63.19774 -6.48817 -3.04425
v 61.20384 -6.94414 -2.57748
v 61.27104 -6.93751 -2.57042
v 61.77334 -6.88798 -2.51766
v 60.77122 -6.15147 -2.93351
v 61.77334 -6.35195 -3.01965
v 61.20384 -6.11692 -2.88958
v 61.27104 -6.11150 -2.88278
v 61.77334 -6.07103 -2.83173
v 62.27784 -6.83830 -2.46457
v 63.19774 -6.97051 -2.59589
v 62.27784 -6.30863 -2.96532
v 62.78431 -6.26532 -2.91035
v 63.19774 -6.23010 -2.86514
v 63.29247 -7.83982 -3.57775
v 63.80206 -7.77899 -3.50645
v 63.29247 -7.69623 -3.40441
v 63.80206 -7.63664 -3.33584
v 64.31284 -7.84295 -3.58703
v 64.31284 -7.71802 -3.43489
v 63.29247 -7.53648 -3.21611
v 63.80206 -7.47832 -3.15045
v 64.31284 -7.57694 -3.26696
v 63.29247 -7.16089 -3.53632
v 63.80206 -7.10740 -3.46975
v 64.31284 -7.24444 -3.55002
v 64.31284 -7.05391 -3.40262
v 64.31284 -7.42007 -3.08444
v 64.82452 -7.78071 -3.51287
v 65.18910 -7.84318 -3.59147
v 65.33687 -7.82497 -3.56984
v 65.18910 -7.73632 -3.46006
v 65.33687 -7.71842 -3.43902
v 64.82452 -7.65693 -3.36312
v 65.84961 -7.85111 -3.60631
v 65.84961 -7.76160 -3.49521
v 65.84961 -7.65611 -3.36645
v 64.82452 -7.51717 -3.19780
v 65.18910 -7.61338 -3.31196
v 65.33687 -7.59583 -3.29159
v 65.18910 -7.47458 -3.14847
v 65.33687 -7.45743 -3.12884
v 65.84961 -7.53475 -3.22134
v 65.18910 -7.31964 -3.56489
v 65.33687 -7.30319 -3.54428
v 64.82452 -7.18894 -3.47997
v 64.82452 -7.00046 -3.33491
v 65.18910 -7.14943 -3.42988
v 65.33687 -7.13355 -3.40988
v 65.84961 -7.39718 -3.59475
v 65.84961 -7.24595 -3.47320
v 65.84961 -7.07825 -3.34091
v 65.84961 -7.39775 -3.06116
v 63.29247 -7.36014 -3.01640
v 63.80206 -7.30359 -2.95376
v 63.29247 -7.16806 -2.80563
v 63.80206 -7.11332 -2.74617
v 64.31284 -7.24699 -2.89077
v 64.31284 -7.05853 -2.68634
v 64.82452 -7.36178 -3.01811
v 65.18910 -7.32026 -2.97076
v 65.33687 -7.30356 -2.95194
v 64.82452 -7.19036 -2.82744
v 65.18910 -7.15004 -2.78222
v 65.33687 -7.13384 -2.76426
v 65.84961 -7.24545 -2.88706
v 64.82452 -7.00374 -2.62618
v 65.84961 -7.07748 -2.70237
v 63.29247 -6.94966 -3.37552
v 63.80206 -6.89836 -3.31151
v 63.29247 -6.72232 -3.20745
v 63.80206 -6.67341 -3.14606
v 64.31284 -6.84709 -3.24688
v 64.31284 -6.62455 -3.08403
v 63.29247 -6.47954 -3.03340
v 64.82452 -6.79588 -3.18164
v 65.18910 -6.96243 -3.28646
v 65.33687 -6.94716 -3.26711
v 65.18910 -6.75946 -3.13492
v 65.33687 -6.74486 -3.11627
v 65.84961 -6.89400 -3.20040
v 65.84961 -6.69404 -3.05196
v 63.29247 -6.96069 -2.58547
v 63.80206 -6.90793 -2.52928
v 64.31284 -6.85514 -2.47275
v 63.80206 -6.43320 -2.97472
v 63.29247 -6.22197 -2.85480
v 63.80206 -6.17839 -2.79889
v 64.31284 -6.38693 -2.91538
v 64.31284 -6.13490 -2.74233
v 64.82452 -6.57577 -3.02138
v 65.18910 -6.54110 -2.97648
v 65.33687 -6.52722 -2.95856
v 65.18910 -6.96473 -2.58320
v 65.33687 -6.94909 -2.56617
v 65.84961 -6.89465 -2.50744
v 64.82452 -6.34077 -2.85541
v 65.18910 -6.30796 -2.81241
v 65.33687 -6.29487 -2.79526
v 65.84961 -6.47893 -2.89678
v 65.84961 -6.24928 -2.73611
v 64.82452 -6.09152 -2.68513
v 65.18910 -6.06071 -2.64409
v 60.77122 -6.73828 -2.37434
v 61.20384 -6.69828 -2.33052
v 61.27104 -6.69194 -2.32389
v 61.77334 -6.64466 -2.27432
v 60.77122 -6.47495 -2.12315
v 60.77122 -6.19763 -1.86996
v 61.20384 -6.43697 -2.08198
v 61.27104 -6.43097 -2.07578
v 61.77334 -6.38613 -2.02939
v 62.27784 -6.59723 -2.22447
v 62.78431 -6.78851 -2.41117
v 63.19774 -6.74791 -2.36749
v 62.78431 -6.54970 -2.17436
v 62.27784 -6.34115 -1.98278
v 63.19774 -6.51094 -2.13339
v 62.78431 -6.29606 -1.93597
v 63.19774 -6.25930 -1.89773
v 61.20384 -6.16182 -1.83145
v 61.27104 -6.15616 -1.82567
v 61.77334 -6.11393 -1.78249
v 62.27784 -6.07156 -1.73915
v 63.29247 -6.73850 -2.35770
v 63.80206 -6.68789 -2.30488
v 64.31284 -6.63727 -2.25175
v 63.29247 -6.50196 -2.12423
v 63.80206 -6.45370 -2.07484
v 63.29247 -6.25079 -1.88920
v 64.31284 -6.40542 -2.02519
v 64.82452 -6.80235 -2.41590
v 65.18910 -6.76478 -2.37529
v 65.33687 -6.74973 -2.35921
v 64.82452 -6.58666 -2.19832
v 65.18910 -6.55064 -2.16017
v 65.33687 -6.53624 -2.14509
v 65.84961 -6.69738 -2.30381
v 64.82452 -6.35715 -1.97529
v 65.18910 -6.32280 -1.93968
v 65.33687 -6.30909 -1.92563
v 65.84961 -6.48615 -2.09315
v 65.84961 -6.26143 -1.87726
v 63.80206 -6.20505 -1.84328
v 64.31284 -6.15929 -1.79715
v 64.82452 -6.11355 -1.75083
v 65.18910 -6.08099 -1.71778
v 65.33687 -6.06804 -1.70478
v 55.05725 -5.91695 -3.05711
v 55.22468 -5.90679 -3.04172
v 55.50801 -5.88871 -3.01603
v 55.96419 -5.85959 -2.97479
v 55.05725 -5.55656 -2.83480
v 55.22468 -5.54727 -2.82021
v 55.50801 -5.53080 -2.79588
v 55.96419 -5.50429 -2.75684
v 55.05725 -5.18214 -2.61809
v 55.22468 -5.17383 -2.60420
v 55.50801 -5.15914 -2.58105
v 55.96419 -5.13547 -2.54392
v 56.42554 -5.83014 -2.93321
v 56.89185 -5.80039 -2.89128
v 57.21858 -5.77956 -2.86193
v 57.36285 -5.76972 -2.84905
v 56.42554 -5.47747 -2.71749
v 56.89185 -5.45038 -2.67781
v 57.21858 -5.43142 -2.65005
v 57.36285 -5.42246 -2.63787
v 56.42554 -5.11154 -2.50651
v 56.89185 -5.08735 -2.46881
v 57.21858 -5.07042 -2.44244
v 57.83833 -5.73731 -2.80659
v 58.31803 -6.03303 -2.97172
v 58.80170 -5.99745 -2.92594
v 58.31803 -5.70469 -2.76372
v 58.80170 -5.67188 -2.72042
v 57.83833 -5.39296 -2.59774
v 58.31803 -5.36326 -2.55724
v 58.80170 -5.33340 -2.51634
v 59.21248 -5.96730 -2.88696
v 59.28911 -5.96155 -2.87972
v 59.78000 -5.92476 -2.83320
v 60.27412 -5.88787 -2.78615
v 59.21248 -5.64408 -2.68357
v 59.28911 -5.63880 -2.67672
v 59.78000 -5.60499 -2.63275
v 59.21248 -5.30810 -2.48153
v 59.28911 -5.30331 -2.47507
v 60.27412 -5.57109 -2.58829
v 55.05725 -5.99575 -1.83795
v 55.22468 -5.98541 -1.82264
v 55.50801 -5.96708 -1.79757
v 55.96419 -5.93751 -1.75750
v 55.05725 -5.64874 -1.55903
v 55.22468 -5.63925 -1.54451
v 55.50801 -5.62247 -1.52084
v 55.96419 -5.59539 -1.48301
v 55.05725 -5.28763 -1.29013
v 55.22468 -5.27904 -1.27637
v 56.42554 -5.90752 -1.71731
v 56.89185 -5.87712 -1.67702
v 57.21858 -5.85578 -1.64896
v 57.36285 -5.84569 -1.63700
v 56.42554 -5.56791 -1.44511
v 56.89185 -5.54005 -1.40714
v 57.21858 -5.52048 -1.38074
v 57.36285 -5.51123 -1.36953
v 55.05725 -4.79525 -2.40770
v 55.22468 -4.78796 -2.39449
v 55.50801 -4.77512 -2.37252
v 55.96419 -4.75443 -2.33727
v 55.05725 -4.39855 -2.20186
v 55.22468 -4.39231 -2.18933
v 55.50801 -4.38138 -2.16851
v 55.96419 -4.36377 -2.13512
v 56.42554 -4.73350 -2.30178
v 57.36285 -5.06242 -2.43089
v 56.89185 -4.71234 -2.26603
v 57.21858 -4.69753 -2.24104
v 57.36285 -4.69052 -2.23010
v 56.42554 -4.34595 -2.10152
v 56.89185 -4.32793 -2.06770
v 57.21858 -4.31531 -2.04406
v 57.36285 -4.30933 -2.03372
v 59.78000 -5.27266 -2.43358
v 60.27412 -5.24193 -2.39164
v 57.83833 -5.81241 -1.59774
v 58.31803 -5.77879 -1.55841
v 58.80170 -5.74485 -1.51903
v 57.83833 -5.48071 -1.33278
v 58.31803 -5.44985 -1.29602
v 59.21248 -6.02784 -1.74674
v 59.28911 -6.02190 -1.74030
v 59.78000 -5.98386 -1.69917
v 60.27412 -5.94557 -1.65795
v 59.21248 -5.71600 -1.48578
v 59.28911 -5.71050 -1.47979
v 59.78000 -5.67526 -1.44153
v 60.27412 -5.63978 -1.40324
v 57.83833 -5.03606 -2.39282
v 57.83833 -4.66745 -2.19406
v 58.31803 -5.00953 -2.35443
v 58.80170 -4.98285 -2.31568
v 58.31803 -4.64422 -2.15774
v 57.83833 -4.28965 -1.99969
v 58.80170 -4.62085 -2.12113
v 58.31803 -4.26982 -1.96542
v 58.80170 -4.24986 -1.93090
v 59.21248 -4.96025 -2.28274
v 59.28911 -4.95598 -2.27662
v 59.78000 -4.92871 -2.23739
v 60.27412 -4.90136 -2.19777
v 59.21248 -4.60105 -2.09001
v 59.28911 -4.59733 -2.08424
v 59.21248 -4.23296 -1.90158
v 59.28911 -4.22981 -1.89615
v 59.78000 -4.57357 -2.04722
v 60.27412 -4.54975 -2.00988
v 59.78000 -4.20967 -1.86132
v 55.05725 -3.99260 -2.00368
v 55.22468 -3.98747 -1.99176
v 55.50801 -3.97857 -1.97196
v 55.96419 -3.96420 -1.94025
v 56.42554 -3.94964 -1.90835
v 56.89185 -3.93492 -1.87626
v 57.21858 -3.92460 -1.85386
v 55.05725 -3.57896 -1.81404
v 55.22468 -3.57500 -1.80265
v 55.50801 -3.56820 -1.78376
v 55.96419 -3.55723 -1.75352
v 57.36285 -3.91970 -1.84406
v 56.42554 -3.54610 -1.72313
v 56.89185 -3.53482 -1.69258
v 57.21858 -3.52690 -1.67128
v 57.36285 -3.52313 -1.66197
v 55.05725 -3.16020 -1.63154
v 55.22468 -3.15743 -1.62067
v 55.50801 -3.15278 -1.60268
v 55.96419 -3.14526 -1.57387
v 55.05725 -2.73706 -1.45897
v 55.22468 -2.73551 -1.44861
v 55.50801 -2.73305 -1.43145
v 55.96419 -2.72905 -1.40401
v 56.42554 -3.13761 -1.54495
v 56.89185 -3.12983 -1.51592
v 57.21858 -3.12436 -1.49569
v 57.36285 -3.12172 -1.48686
v 56.42554 -2.72494 -1.37649
v 56.89185 -2.72073 -1.34889
v 57.21858 -2.71776 -1.32968
v 57.36285 -2.71628 -1.32129
v 57.83833 -3.90356 -1.81185
v 58.31803 -3.88729 -1.77944
v 58.80170 -3.87091 -1.74683
v 57.83833 -3.51067 -1.63138
v 58.31803 -3.49811 -1.60066
v 58.80170 -3.48544 -1.56979
v 59.21248 -3.85703 -1.71918
v 59.28911 -3.85447 -1.71406
v 60.27412 -4.18948 -1.82623
v 59.78000 -3.83811 -1.68126
v 60.27412 -3.82168 -1.64826
v 59.21248 -3.47469 -1.54366
v 59.28911 -3.47274 -1.53882
v 59.78000 -3.46028 -1.50788
v 60.27412 -3.44776 -1.47680
v 57.83833 -3.11302 -1.45786
v 58.31803 -3.10422 -1.42877
v 58.80170 -3.09533 -1.39961
v 57.83833 -2.71140 -1.29380
v 58.31803 -2.70643 -1.26627
v 59.21248 -3.08776 -1.37495
v 59.28911 -3.08644 -1.37039
v 59.78000 -3.07794 -1.34125
v 60.27412 -3.06939 -1.31206
v 60.77122 -5.85089 -2.73858
v 61.20384 -5.81882 -2.69694
v 61.27104 -5.81380 -2.69049
v 61.77334 -5.77635 -2.64209
v 60.77122 -5.53713 -2.54334
v 61.20384 -5.50768 -2.50401
v 61.27104 -5.50308 -2.49791
v 61.77334 -5.46879 -2.45218
v 62.27784 -6.03056 -2.78007
v 62.27784 -5.73889 -2.59312
v 62.78431 -5.99011 -2.72779
v 63.19774 -5.95722 -2.68479
v 62.78431 -5.70147 -2.54357
v 63.19774 -5.67105 -2.50281
v 63.29247 -5.94965 -2.67496
v 63.80206 -5.90904 -2.62177
v 63.29247 -5.66407 -2.49348
v 63.80206 -5.62660 -2.44306
v 64.31284 -5.86853 -2.56796
v 65.33687 -6.04844 -2.62772
v 64.82452 -5.82813 -2.51354
v 65.18910 -5.79944 -2.47450
v 65.33687 -5.78806 -2.45893
v 65.84961 -6.00574 -2.57129
v 60.77122 -5.21114 -2.34925
v 61.20384 -5.18446 -2.31217
v 61.27104 -5.18030 -2.30643
v 61.77334 -5.14935 -2.26331
v 62.27784 -5.43452 -2.40590
v 62.78431 -5.40028 -2.35909
v 63.19774 -5.37245 -2.32059
v 60.77122 -5.90706 -1.61663
v 61.20384 -5.87355 -1.58079
v 61.27104 -5.86827 -1.57543
v 60.77122 -5.60408 -1.36492
v 61.77334 -5.82881 -1.53546
v 61.20384 -5.57301 -1.33172
v 61.27104 -5.56812 -1.32679
v 61.77334 -5.53159 -1.29001
v 62.78431 -6.02909 -1.69567
v 63.19774 -5.99445 -1.66017
v 62.27784 -5.78921 -1.49539
v 62.78431 -5.74951 -1.45525
v 63.19774 -5.71713 -1.42253
v 60.77122 -4.87396 -2.15775
v 61.20384 -4.85021 -2.12278
v 61.27104 -4.84653 -2.11736
v 61.77334 -4.81911 -2.07670
v 60.77122 -4.52587 -1.97220
v 61.20384 -4.50517 -1.93930
v 61.27104 -4.50199 -1.93420
v 61.77334 -4.47823 -1.89596
v 62.27784 -5.11842 -2.21970
v 62.78431 -5.08752 -2.17559
v 62.27784 -4.79170 -2.03562
v 63.19774 -5.06242 -2.13933
v 62.78431 -4.76432 -1.99411
v 63.19774 -4.74208 -1.96002
v 62.27784 -4.45449 -1.85737
v 62.78431 -4.43077 -1.81842
v 63.19774 -4.41150 -1.78646
v 63.29247 -5.36608 -2.31178
v 63.80206 -5.33191 -2.26413
v 64.31284 -5.58923 -2.39204
v 64.31284 -5.29784 -2.21593
v 65.84961 -5.74842 -2.40527
v 64.82452 -5.55197 -2.34045
v 65.18910 -5.52552 -2.30344
v 65.33687 -5.51507 -2.28869
v 64.82452 -5.26389 -2.16720
v 65.84961 -5.47866 -2.23784
v 65.18910 -5.23978 -2.13225
v 65.33687 -5.23031 -2.11831
v 65.84961 -5.19729 -2.07032
v 63.29247 -5.98644 -1.65229
v 63.80206 -5.94340 -1.60988
v 64.31284 -5.90033 -1.56731
v 63.29247 -5.70965 -1.41529
v 63.80206 -5.66946 -1.37640
v 64.31284 -5.62923 -1.33743
v 65.84961 -6.02297 -1.66003
v 64.82452 -5.85727 -1.52462
v 65.18910 -5.82662 -1.49418
v 65.33687 -5.81446 -1.48225
v 65.84961 -5.77216 -1.44118
v 64.82452 -5.58901 -1.29838
v 65.18910 -5.56038 -1.27059
v 63.29247 -5.05669 -2.13103
v 63.80206 -5.02598 -2.08615
v 63.29247 -4.73703 -1.95221
v 63.80206 -4.70993 -1.91003
v 64.31284 -4.99536 -2.04077
v 64.31284 -4.68291 -1.86742
v 64.82452 -4.96485 -1.99490
v 65.18910 -4.94320 -1.96201
v 65.33687 -4.93474 -1.94891
v 65.84961 -4.90525 -1.90377
v 63.29247 -4.40715 -1.77914
v 63.80206 -4.38380 -1.73961
v 64.31284 -4.36052 -1.69973
v 64.82452 -4.65599 -1.82440
v 65.18910 -4.63688 -1.79358
v 65.33687 -4.62947 -1.78130
v 64.82452 -4.33733 -1.65950
v 65.18910 -4.32086 -1.63072
v 65.33687 -4.31455 -1.61925
v 65.84961 -4.60364 -1.73903
v 65.84961 -4.29253 -1.57980
v 60.77122 -4.16924 -1.79085
v 60.77122 -3.80522 -1.61504
v 61.20384 -4.15169 -1.76000
v 61.27104 -4.14901 -1.75521
v 61.77334 -4.12903 -1.71936
v 61.20384 -3.79093 -1.58611
v 61.27104 -3.78878 -1.58162
v 61.77334 -3.77271 -1.54803
v 60.77122 -3.43519 -1.44559
v 61.20384 -3.42428 -1.41846
v 61.27104 -3.42267 -1.41425
v 61.77334 -3.41063 -1.38279
v 62.27784 -4.10907 -1.68322
v 62.78431 -4.08912 -1.64680
v 63.19774 -4.07291 -1.61694
v 62.27784 -3.75665 -1.51424
v 62.78431 -3.74059 -1.48023
v 62.27784 -3.39857 -1.35121
v 63.19774 -3.72753 -1.45240
v 62.78431 -3.38651 -1.31951
v 63.19774 -3.37669 -1.29363
v 60.77122 -3.06078 -1.28280
v 63.29247 -4.06927 -1.61010
v 63.80206 -4.04979 -1.57319
v 64.31284 -4.03037 -1.53601
v 63.29247 -3.72464 -1.44603
v 63.80206 -3.70914 -1.41166
v 63.29247 -3.37456 -1.28770
v 64.31284 -3.69367 -1.37711
v 64.82452 -4.01101 -1.49856
v 65.18910 -3.99726 -1.47178
v 65.33687 -3.99207 -1.46113
v 65.84961 -3.97397 -1.42445
v 64.82452 -3.67824 -1.34237
v 65.18910 -3.66729 -1.31758
v 65.33687 -3.66325 -1.30771
v 65.84961 -3.64915 -1.27378
v 55.50801 -5.26392 -1.25402
v 55.96419 -5.23950 -1.21833
v 56.42554 -5.21471 -1.18261
v 56.89185 -5.18956 -1.14687
v 57.21858 -5.17188 -1.12204
v 57.36285 -5.16352 -1.11155
v 55.05725 -4.91575 -1.02795
v 55.22468 -4.90811 -1.01494
v 55.50801 -4.89471 -0.99390
v 55.96419 -4.87305 -0.96035
v 55.05725 -4.53433 -0.77409
v 55.22468 -4.52766 -0.76183
v 55.50801 -4.51604 -0.74209
v 55.96419 -4.49724 -0.71064
v 56.42554 -4.85105 -0.92679
v 56.89185 -4.82871 -0.89326
v 57.21858 -4.81301 -0.87000
v 57.36285 -4.80557 -0.86022
v 56.42554 -4.47813 -0.67923
v 56.89185 -4.45870 -0.64788
v 57.21858 -4.44503 -0.62616
v 57.36285 -4.43855 -0.61709
v 57.83833 -5.13593 -1.07719
v 58.80170 -5.41870 -1.25925
v 59.21248 -5.39220 -1.22826
v 59.28911 -5.38717 -1.22270
v 59.78000 -5.35488 -1.18726
v 60.27412 -5.32236 -1.15184
v 58.31803 -5.10802 -1.04288
v 58.80170 -5.07983 -1.00863
v 57.83833 -4.78102 -0.82824
v 58.31803 -4.75617 -0.79635
v 58.80170 -4.73105 -0.76458
v 59.21248 -5.05583 -0.97980
v 59.28911 -5.05129 -0.97466
v 59.21248 -4.70965 -0.73789
v 59.28911 -4.70561 -0.73317
v 59.78000 -5.02214 -0.94191
v 60.27412 -4.99276 -0.90926
v 59.78000 -4.67972 -0.70309
v 57.83833 -4.41714 -0.58745
v 58.31803 -4.39546 -0.55796
v 58.80170 -4.37350 -0.52864
v 59.21248 -4.35479 -0.50406
v 59.28911 -4.35128 -0.49974
v 60.27412 -4.65360 -0.67317
v 59.78000 -4.32874 -0.47228
v 60.27412 -4.30599 -0.44505
v 55.05725 -4.14470 -0.52995
v 55.22468 -4.13903 -0.51843
v 55.50801 -4.12924 -0.49998
v 55.96419 -4.11339 -0.47060
v 55.05725 -3.74830 -0.29670
v 55.22468 -3.74366 -0.28591
v 55.50801 -3.73574 -0.26873
v 55.96419 -3.72290 -0.24140
v 56.42554 -4.09724 -0.44130
v 56.89185 -4.08081 -0.41211
v 57.21858 -4.06923 -0.39192
v 57.36285 -4.06374 -0.38354
v 56.42554 -3.70979 -0.21419
v 56.89185 -3.69643 -0.18712
v 57.21858 -3.68699 -0.16843
v 57.36285 -3.68250 -0.16073
v 57.83833 -4.04556 -0.35620
v 58.31803 -4.02712 -0.32906
v 58.80170 -4.00843 -0.30214
v 57.83833 -3.66763 -0.13564
v 58.31803 -3.65252 -0.11081
v 59.21248 -3.99248 -0.27964
v 59.28911 -3.98951 -0.27571
v 59.78000 -3.97043 -0.25082
v 60.27412 -3.95114 -0.22622
v 58.80170 -2.70137 -1.23872
v 59.21248 -2.69705 -1.21547
v 59.28911 -2.69636 -1.21117
v 59.78000 -2.69189 -1.18376
v 60.27412 -2.68737 -1.15635
v 55.05725 -3.34456 -0.08009
v 55.22468 -3.34099 -0.07001
v 55.50801 -3.33501 -0.05402
v 55.96419 -3.32529 -0.02863
v 56.42554 -3.31533 -0.00340
v 56.89185 -3.30514 0.02166
v 57.21858 -3.29792 0.03893
v 57.36285 -3.29447 0.04599
v 55.05725 -2.93654 0.12232
v 55.22468 -2.93407 0.13175
v 55.50801 -2.93008 0.14661
v 55.96419 -2.92356 0.17018
v 55.05725 -2.52596 0.31000
v 55.22468 -2.52461 0.31878
v 55.50801 -2.52263 0.33255
v 55.96419 -2.51935 0.35436
v 56.42554 -2.91683 0.19357
v 56.89185 -2.90989 0.21673
v 57.21858 -2.90495 0.23268
v 57.36285 -2.90256 0.23914
v 56.42554 -2.51589 0.37595
v 56.89185 -2.51224 0.39729
v 57.21858 -2.50961 0.41194
v 57.36285 -2.50829 0.41782
v 57.83833 -3.28301 0.06894
v 58.80170 -3.63717 -0.08625
v 59.21248 -3.62405 -0.06577
v 59.28911 -3.62163 -0.06224
v 59.78000 -3.60608 -0.03985
v 60.27412 -3.59033 -0.01782
v 58.31803 -3.27133 0.09160
v 58.80170 -3.25943 0.11393
v 57.83833 -2.89460 0.26009
v 58.31803 -2.88644 0.28070
v 58.80170 -2.87807 0.30094
v 57.83833 -2.50387 0.43685
v 58.31803 -2.49926 0.45550
v 58.80170 -2.49447 0.47373
v 59.21248 -3.24923 0.13249
v 59.28911 -3.24738 0.13566
v 59.78000 -3.23547 0.15568
v 60.27412 -3.22337 0.17530
v 59.21248 -2.87086 0.31770
v 59.28911 -2.86959 0.32053
v 59.78000 -2.86141 0.33833
v 60.27412 -2.85304 0.35566
v 59.21248 -2.49028 0.48875
v 59.28911 -2.48960 0.49125
v 59.78000 -2.48518 0.50692
v 60.27412 -2.48059 0.52207
v 60.77122 -5.28963 -1.11646
v 61.20384 -5.26113 -1.08588
v 61.27104 -5.25666 -1.08136
v 61.77334 -5.22321 -1.04772
v 62.27784 -5.49492 -1.25321
v 62.27784 -5.18962 -1.01414
v 62.78431 -5.45814 -1.21639
v 63.19774 -5.42815 -1.18643
v 62.78431 -5.15592 -0.98062
v 63.19774 -5.12843 -0.95339
v 60.77122 -4.96317 -0.87673
v 61.20384 -4.93740 -0.84865
v 61.27104 -4.93336 -0.84454
v 61.77334 -4.90316 -0.81394
v 62.27784 -4.87283 -0.78347
v 62.78431 -4.84238 -0.75315
v 63.19774 -4.81751 -0.72858
v 60.77122 -4.62727 -0.64343
v 60.77122 -4.28303 -0.41807
v 61.20384 -4.60432 -0.61785
v 61.27104 -4.60073 -0.61413
v 61.77334 -4.57392 -0.58653
v 61.20384 -4.26300 -0.39492
v 61.27104 -4.25988 -0.39159
v 61.77334 -4.23656 -0.36693
v 62.27784 -4.54696 -0.55913
v 62.78431 -4.51988 -0.53196
v 63.19774 -4.49775 -0.51001
v 62.27784 -4.21308 -0.34255
v 63.29247 -5.42123 -1.17985
v 63.80206 -5.38403 -1.14447
v 64.31284 -5.34681 -1.10909
v 65.33687 -5.54906 -1.25972
v 64.82452 -5.30957 -1.07371
v 65.18910 -5.28307 -1.04855
v 65.33687 -5.27263 -1.03876
v 65.84961 -5.50968 -1.22236
v 65.84961 -5.23632 -1.00511
v 63.29247 -5.12209 -0.94745
v 63.80206 -5.08805 -0.91556
v 63.29247 -4.81180 -0.72326
v 63.80206 -4.78108 -0.69478
v 64.31284 -5.05397 -0.88375
v 64.82452 -5.01987 -0.85200
v 65.18910 -4.99558 -0.82949
v 65.33687 -4.98606 -0.82077
v 65.84961 -4.95296 -0.79082
v 64.31284 -4.75030 -0.66644
v 63.29247 -4.49268 -0.50531
v 63.80206 -4.46539 -0.48017
v 64.31284 -4.43805 -0.45526
v 64.82452 -4.71949 -0.63826
v 65.18910 -4.69754 -0.61832
v 65.33687 -4.68899 -0.61065
v 64.82452 -4.41066 -0.43058
v 65.18910 -4.39114 -0.41318
v 65.33687 -4.38359 -0.40654
v 65.84961 -4.65926 -0.58432
v 65.84961 -4.35736 -0.38377
v 60.77122 -3.93164 -0.20193
v 61.20384 -3.91462 -0.18117
v 61.27104 -3.91198 -0.17822
v 61.77334 -3.89224 -0.15643
v 62.27784 -3.87236 -0.13498
v 62.78431 -4.18948 -0.31846
v 63.19774 -4.17018 -0.29908
v 62.78431 -3.85233 -0.11391
v 63.19774 -3.83595 -0.09704
v 61.20384 -3.05329 -1.25743
v 61.27104 -3.05222 -1.25349
v 61.77334 -3.04427 -1.22410
v 60.77122 -2.68279 -1.12896
v 61.20384 -2.67878 -1.10527
v 61.27104 -2.67828 -1.10159
v 61.77334 -2.67448 -1.07418
v 62.27784 -3.03629 -1.19468
v 62.78431 -3.02829 -1.16523
v 63.19774 -3.02176 -1.14125
v 62.27784 -2.67064 -1.04683
v 62.78431 -2.66676 -1.01953
v 63.19774 -2.66357 -0.99738
v 63.80206 -3.36312 -1.25578
v 64.31284 -3.35170 -1.22378
v 64.82452 -3.34030 -1.19170
v 65.18910 -3.33219 -1.16885
v 65.33687 -3.32933 -1.15976
v 65.84961 -3.31932 -1.12850
v 63.29247 -4.16577 -0.29498
v 63.80206 -4.14205 -0.27311
v 64.31284 -4.11825 -0.25155
v 64.82452 -4.09439 -0.23031
v 65.18910 -4.07738 -0.21539
v 65.33687 -4.07087 -0.20975
v 65.84961 -4.04825 -0.19046
v 63.29247 -3.02041 -1.13575
v 63.80206 -3.01310 -1.10623
v 64.31284 -3.00579 -1.07671
v 63.29247 -2.66300 -0.99230
v 63.80206 -2.65989 -0.96507
v 64.31284 -2.65674 -0.93796
v 64.82452 -2.99847 -1.04721
v 65.18910 -2.99325 -1.02626
v 65.33687 -2.99159 -1.01792
v 65.84961 -2.98573 -0.98928
v 64.82452 -2.65357 -0.91095
v 65.18910 -2.65129 -0.89182
v 65.33687 -2.65083 -0.88422
v 65.84961 -2.64918 -0.85810
v 60.77122 -3.57439 0.00385
v 61.20384 -3.56044 0.02228
v 61.27104 -3.55829 0.02486
v 61.77334 -3.54223 0.04387
v 62.27784 -3.52602 0.06246
v 62.78431 -3.50967 0.08062
v 63.19774 -3.49626 0.09506
v 60.77122 -3.21109 0.19448
v 60.77122 -2.84449 0.37250
v 61.20384 -3.20031 0.21071
v 61.27104 -3.19867 0.21295
v 61.77334 -3.18639 0.22933
v 61.20384 -2.83694 0.38666
v 61.27104 -2.83583 0.38857
v 61.77334 -2.82741 0.40247
v 62.27784 -3.17396 0.24522
v 62.27784 -2.81883 0.41582
v 62.78431 -3.16139 0.26062
v 63.19774 -3.15105 0.27276
v 62.78431 -2.81011 0.42859
v 63.19774 -2.80291 0.43856
v 60.77122 -2.47583 0.53668
v 61.20384 -2.47156 0.54886
v 61.27104 -2.47096 0.55045
v 61.77334 -2.46645 0.56199
v 62.27784 -2.46178 0.57292
v 62.78431 -2.45697 0.58322
v 63.19774 -2.45293 0.59111
v 63.29247 -3.83222 -0.09352
v 63.80206 -3.81216 -0.07484
v 64.31284 -3.79201 -0.05654
v 63.29247 -3.49324 0.09801
v 63.80206 -3.47692 0.11361
v 64.31284 -3.46052 0.12876
v 64.82452 -3.77179 -0.03863
v 65.18910 -3.75736 -0.02613
v 65.33687 -3.75192 -0.02147
v 64.82452 -3.44403 0.14344
v 65.18910 -3.43225 0.15361
v 65.33687 -3.42790 0.15733
v 65.84961 -3.73302 -0.00555
v 65.84961 -3.41281 0.16998
v 63.29247 -3.14875 0.27518
v 63.80206 -3.13629 0.28786
v 64.31284 -3.12374 0.30002
v 63.29247 -2.80133 0.44047
v 63.80206 -2.79281 0.45039
v 64.31284 -2.78417 0.45971
v 64.82452 -3.11108 0.31165
v 65.18910 -3.10203 0.31961
v 65.33687 -3.09880 0.32244
v 65.84961 -3.08763 0.33201
v 64.82452 -2.77542 0.46843
v 65.18910 -2.76913 0.47428
v 65.33687 -2.76706 0.47626
v 65.84961 -2.75986 0.48289
v 63.29247 -2.45210 0.59254
v 63.80206 -2.44756 0.59985
v 64.31284 -2.44289 0.60649
v 64.82452 -2.43811 0.61247
v 65.18910 -2.43463 0.61632
v 65.33687 -2.43371 0.61750
v 65.84961 -2.43055 0.62137
v 43.41368 -2.19968 -2.17242
v 43.46582 -2.20110 -2.16739
v 43.55842 -2.20360 -2.15847
v 43.62201 -2.20531 -2.15235
v 43.69709 -2.20731 -2.14514
v 43.78361 -2.20962 -2.13683
v 43.88153 -2.21221 -2.12745
v 43.99081 -2.21509 -2.11699
v 44.11138 -2.21824 -2.10548
v 44.24318 -2.22166 -2.09291
v 44.38616 -2.22534 -2.07931
v 44.54023 -2.22911 -2.06510
v 44.70531 -2.23304 -2.05011
v 43.41368 -1.70778 -1.98218
v 43.46582 -1.70932 -1.97744
v 43.55842 -1.71204 -1.96903
v 43.69709 -1.71610 -1.95646
v 43.62201 -1.71390 -1.96327
v 43.78361 -1.71862 -1.94862
v 43.88153 -1.72146 -1.93976
v 43.99081 -1.72461 -1.92988
v 44.11138 -1.72808 -1.91899
v 44.24318 -1.73185 -1.90709
v 44.38616 -1.73592 -1.89421
v 44.54023 -1.74017 -1.88077
v 44.70531 -1.74464 -1.86660
v 44.88133 -2.23719 -2.03418
v 45.06818 -2.24155 -2.01732
v 45.26579 -2.24611 -1.99954
v 45.45584 -2.25045 -1.98249
v 45.69283 -2.25462 -1.96214
v 45.92204 -2.25859 -1.94254
v 46.16157 -2.26267 -1.92214
v 44.88133 -1.74937 -1.85151
v 45.06818 -1.75436 -1.83553
v 45.26579 -1.75960 -1.81866
v 45.45584 -1.76461 -1.80247
v 45.69283 -1.76971 -1.78317
v 45.92204 -1.77460 -1.76456
v 46.16157 -1.77965 -1.74515
v 43.41368 -1.21756 -1.80168
v 43.46582 -1.21923 -1.79724
v 43.55842 -1.22217 -1.78934
v 43.62201 -1.22419 -1.78392
v 43.69709 -1.22657 -1.77752
v 43.78361 -1.22931 -1.77015
v 43.88153 -1.23241 -1.76181
v 43.99081 -1.23585 -1.75250
v 44.11138 -1.23963 -1.74224
v 44.24318 -1.24376 -1.73102
v 44.38616 -1.24822 -1.71885
v 44.54023 -1.25294 -1.70618
v 44.70531 -1.25795 -1.69283
v 43.46582 -0.73303 -1.62699
v 43.55842 -0.73620 -1.61961
v 43.62201 -0.73838 -1.61454
v 43.69709 -0.74095 -1.60855
v 43.78361 -0.74391 -1.60164
v 43.88153 -0.74725 -1.59382
v 43.99081 -0.75097 -1.58509
v 44.11138 -0.75508 -1.57546
v 43.41368 -0.73124 -1.63115
v 44.24318 -0.75955 -1.56492
v 44.38616 -0.76440 -1.55348
v 44.54023 -0.76958 -1.54160
v 44.70531 -0.77513 -1.52908
v 44.88133 -1.26327 -1.67860
v 45.06818 -1.26890 -1.66350
v 45.26579 -1.27482 -1.64754
v 45.45584 -1.28049 -1.63221
v 45.69283 -1.28652 -1.61398
v 45.92204 -1.29232 -1.59636
v 46.16157 -1.29835 -1.57797
v 44.88133 -0.78102 -1.51572
v 45.06818 -0.78726 -1.50153
v 45.26579 -0.79385 -1.48653
v 45.45584 -0.80016 -1.47209
v 45.69283 -0.80710 -1.45496
v 45.92204 -0.81379 -1.43839
v 46.16157 -0.82076 -1.42107
v 46.41128 -2.26685 -1.90095
v 46.47692 -2.26794 -1.89540
v 46.67105 -2.27057 -1.87959
v 46.94075 -2.27415 -1.85771
v 47.22024 -2.27778 -1.83515
v 47.50938 -2.28146 -1.81192
v 46.41128 -1.78487 -1.72498
v 46.47692 -1.78624 -1.71968
v 46.67105 -1.78976 -1.70464
v 46.94075 -1.79461 -1.68381
v 47.22024 -1.79958 -1.66229
v 47.50938 -1.80465 -1.64011
v 47.80801 -2.28485 -1.78860
v 48.11600 -2.28824 -1.76472
v 48.43317 -2.29163 -1.74028
v 48.75937 -2.29503 -1.71529
v 47.80801 -1.80965 -1.61784
v 48.11600 -1.81472 -1.59500
v 48.43317 -1.81988 -1.57159
v 48.75937 -1.82510 -1.54762
v 46.41128 -1.30460 -1.55882
v 46.47692 -1.30623 -1.55380
v 46.67105 -1.31066 -1.53955
v 46.94075 -1.31676 -1.51978
v 47.22024 -1.32305 -1.49933
v 47.50938 -1.32951 -1.47822
v 46.41128 -0.82800 -1.40302
v 46.47692 -0.82989 -1.39827
v 46.67105 -0.83518 -1.38486
v 46.94075 -0.84250 -1.36623
v 47.22024 -0.85006 -1.34694
v 47.50938 -0.85785 -1.32699
v 47.80801 -1.33610 -1.45701
v 48.11600 -1.34285 -1.43525
v 48.43317 -1.34974 -1.41290
v 48.75937 -1.35677 -1.38999
v 47.80801 -0.86597 -1.30697
v 48.11600 -0.87433 -1.28638
v 44.11138 -0.27206 -1.42707
v 43.41368 -0.24637 -1.47905
v 43.46582 -0.24830 -1.47518
v 43.55842 -0.25171 -1.46830
v 43.62201 -0.25406 -1.46357
v 43.69709 -0.25682 -1.45798
v 43.78361 -0.26001 -1.45153
v 43.88153 -0.26361 -1.44423
v 43.99081 -0.26763 -1.43608
v 44.24318 -0.27689 -1.41721
v 44.38616 -0.28214 -1.40650
v 44.54023 -0.28780 -1.39540
v 44.70531 -0.29388 -1.38371
v 43.41368 0.23038 -1.33751
v 43.46582 0.22833 -1.33392
v 43.55842 0.22467 -1.32753
v 43.62201 0.22217 -1.32314
v 43.69709 0.21921 -1.31795
v 43.78361 0.21580 -1.31197
v 43.88153 0.21194 -1.30518
v 43.99081 0.20763 -1.29760
v 44.11138 0.20288 -1.28922
v 44.38616 0.19206 -1.27007
v 44.24318 0.19769 -1.28004
v 44.88133 -0.30036 -1.37123
v 45.06818 -0.30723 -1.35796
v 45.26579 -0.31448 -1.34391
v 45.45584 -0.32145 -1.33038
v 45.69283 -0.32929 -1.31437
v 45.92204 -0.33687 -1.29887
v 46.16157 -0.34478 -1.28265
v 49.09443 -2.29843 -1.68977
v 49.25314 -2.30001 -1.67774
v 49.43818 -2.30102 -1.66441
v 49.79044 -2.30288 -1.63915
v 50.15104 -2.30470 -1.61347
v 49.25314 -1.83287 -1.51154
v 49.09443 -1.83039 -1.52311
v 49.43818 -1.83505 -1.49874
v 49.79044 -1.83915 -1.47448
v 50.15104 -1.84326 -1.44978
v 50.51979 -2.30646 -1.58740
v 50.89650 -2.30816 -1.56095
v 51.23942 -2.30963 -1.53704
v 51.67302 -2.31067 -1.50846
v 50.51979 -1.84739 -1.42468
v 50.89650 -1.85152 -1.39919
v 51.23942 -1.85520 -1.37612
v 51.67302 -1.85933 -1.34858
v 49.09443 -1.36393 -1.36653
v 49.25314 -1.36729 -1.35544
v 49.43818 -1.37063 -1.34320
v 49.79044 -1.37694 -1.31998
v 50.15104 -1.38333 -1.29631
v 50.51979 -1.38979 -1.27222
v 52.07244 -2.31154 -1.48235
v 52.47904 -2.31234 -1.45598
v 52.89259 -2.31306 -1.42938
v 53.23332 -2.31359 -1.40763
v 53.31289 -2.31352 -1.40272
v 52.07244 -1.86305 -1.32341
v 52.47904 -1.86675 -1.29798
v 52.89259 -1.87042 -1.27232
v 53.73973 -2.31308 -1.37651
v 54.17288 -2.31254 -1.35014
v 54.61213 -2.31193 -1.32363
v 43.41368 -2.10720 -0.20933
v 43.46582 -2.10708 -0.20621
v 43.55842 -2.10686 -0.20065
v 43.62201 -2.10672 -0.19683
v 43.69709 -2.10655 -0.19232
v 43.78361 -2.10637 -0.18711
v 43.88153 -2.10616 -0.18120
v 43.99081 -2.10595 -0.17459
v 44.11138 -2.10571 -0.16729
v 44.24318 -2.10547 -0.15929
v 44.38616 -2.10522 -0.15059
v 44.54023 -2.10528 -0.14106
v 44.70531 -2.10553 -0.13076
v 44.88133 -2.10580 -0.11976
v 45.06818 -2.10610 -0.10806
v 45.26579 -2.10644 -0.09565
v 48.43317 -0.88289 -1.26522
v 48.75937 -0.89165 -1.24349
v 43.41368 -1.64291 0.00063
v 43.46582 -1.64286 0.00342
v 43.55842 -1.64278 0.00838
v 43.62201 -1.64273 0.01179
v 43.69709 -1.64268 0.01583
v 43.78361 -1.64262 0.02050
v 43.88153 -1.64257 0.02579
v 43.99081 -1.64252 0.03170
v 44.11138 -1.64247 0.03825
v 44.24318 -1.64244 0.04543
v 44.38616 -1.64242 0.05324
v 44.54023 -1.64279 0.06183
v 44.70531 -1.64340 0.07113
v 45.45584 -2.10678 -0.08371
v 45.69283 -2.10692 -0.06860
v 45.92204 -2.10707 -0.05397
v 46.16157 -2.10725 -0.03867
v 44.88133 -1.64406 0.08107
v 45.06818 -1.64479 0.09166
v 45.26579 -1.64558 0.10289
v 45.45584 -1.64636 0.11372
v 45.69283 -1.64717 0.12746
v 45.92204 -1.64797 0.14078
v 46.16157 -1.64883 0.15473
v 43.41368 -1.17789 0.18825
v 43.46582 -1.17792 0.19071
v 43.55842 -1.17800 0.19509
v 43.62201 -1.17806 0.19811
v 43.69709 -1.17813 0.20168
v 43.78361 -1.17822 0.20580
v 43.88153 -1.17833 0.21048
v 43.99081 -1.17846 0.21571
v 44.11138 -1.17863 0.22151
v 44.24318 -1.17882 0.22786
v 44.38616 -1.17905 0.23478
v 44.54023 -1.17974 0.24242
v 44.70531 -1.18072 0.25071
v 43.41368 -0.71587 0.35618
v 43.46582 -0.71601 0.35832
v 43.55842 -0.71625 0.36215
v 43.62201 -0.71643 0.36478
v 43.69709 -0.71664 0.36789
v 43.78361 -0.71689 0.37149
v 43.88153 -0.71718 0.37557
v 43.99081 -0.71752 0.38014
v 44.11138 -0.71790 0.38520
v 44.24318 -0.71834 0.39075
v 44.38616 -0.71883 0.39680
v 44.54023 -0.71987 0.40351
v 44.70531 -0.72124 0.41080
v 44.88133 -1.18179 0.25958
v 45.06818 -1.18295 0.26903
v 45.26579 -1.18419 0.27906
v 45.45584 -1.18542 0.28873
v 45.69283 -1.18689 0.30106
v 45.92204 -1.18833 0.31302
v 46.16157 -1.18987 0.32555
v 44.88133 -0.72272 0.41861
v 45.06818 -0.72432 0.42692
v 45.26579 -0.72604 0.43575
v 45.45584 -0.72771 0.44428
v 45.92204 -0.73194 0.46577
v 46.16157 -0.73415 0.47686
v 45.69283 -0.72985 0.45518
v 46.41128 -2.10743 -0.02269
v 46.47692 -2.10749 -0.01849
v 46.67105 -2.10773 -0.00597
v 46.94075 -2.10806 0.01143
v 47.22024 -2.10841 0.02946
v 47.50938 -2.10877 0.04810
v 46.41128 -1.64975 0.16930
v 46.47692 -1.64999 0.17314
v 46.67105 -1.65090 0.18459
v 46.94075 -1.65217 0.20052
v 47.22024 -1.65350 0.21703
v 47.50938 -1.65488 0.23413
v 47.80801 -2.10938 0.06692
v 48.11600 -2.11002 0.08626
v 48.43317 -2.11067 0.10614
v 48.75937 -2.11132 0.12654
v 48.11600 -1.65863 0.26910
v 47.80801 -1.65671 0.25137
v 48.43317 -1.66061 0.28733
v 48.75937 -1.66263 0.30606
v 46.94075 -1.19566 0.36676
v 46.41128 -1.19150 0.33864
v 46.47692 -1.19193 0.34209
v 46.67105 -1.19348 0.35241
v 47.22024 -1.19793 0.38166
v 47.50938 -1.20030 0.39708
v 46.41128 -0.73648 0.48845
v 46.47692 -0.73710 0.49150
v 47.80801 -1.20330 0.41260
v 48.11600 -1.20645 0.42858
v 48.43317 -1.20970 0.44501
v 48.75937 -1.21304 0.46189
v 46.67105 -0.73929 0.50067
v 46.94075 -0.74236 0.51342
v 47.22024 -0.74556 0.52665
v 47.50938 -0.74889 0.54035
v 47.80801 -0.75304 0.55411
v 48.11600 -0.75738 0.56827
v 48.43317 -0.76186 0.58283
v 48.75937 -0.76648 0.59779
v 44.54023 0.18593 -1.25975
v 44.70531 0.17932 -1.24890
v 44.88133 0.17228 -1.23731
v 45.06818 0.16480 -1.22497
v 45.26579 0.15690 -1.21190
v 45.45584 0.14931 -1.19930
v 45.69283 0.14059 -1.18444
v 45.92204 0.13216 -1.17003
v 46.16157 0.12335 -1.15494
v 43.41368 0.69660 -1.20610
v 43.46582 0.69441 -1.20278
v 43.55842 0.69053 -1.19689
v 43.62201 0.68786 -1.19283
v 43.69709 0.68471 -1.18804
v 43.78361 0.68108 -1.18251
v 43.88153 0.67697 -1.17624
v 43.99081 0.67238 -1.16922
v 44.11138 0.66732 -1.16147
v 44.38616 0.65579 -1.14374
v 44.54023 0.64920 -1.13422
v 44.70531 0.64209 -1.12421
v 44.24318 0.66179 -1.15298
v 43.41368 1.15044 -1.08535
v 43.46582 1.14813 -1.08231
v 43.55842 1.14402 -1.07690
v 43.62201 1.14119 -1.07317
v 43.69709 1.13786 -1.06877
v 43.78361 1.13401 -1.06369
v 43.88153 1.12966 -1.05792
v 43.99081 1.12480 -1.05148
v 44.11138 1.11944 -1.04434
v 44.24318 1.11358 -1.03653
v 44.38616 1.10722 -1.02803
v 44.54023 1.10020 -1.01929
v 44.70531 1.09259 -1.01012
v 44.88133 0.63450 -1.11351
v 45.06818 0.62645 -1.10212
v 45.26579 0.61793 -1.09003
v 45.45584 0.60973 -1.07838
v 45.69283 0.60017 -1.06469
v 45.92204 0.59092 -1.05140
v 46.16157 0.58125 -1.03747
v 44.88133 1.08448 -1.00031
v 45.06818 1.07586 -0.98985
v 45.26579 1.06675 -0.97876
v 45.45584 1.05798 -0.96805
v 45.69283 1.04761 -0.95553
v 45.92204 1.03757 -0.94337
v 46.16157 1.02708 -0.93061
v 46.41128 -0.35300 -1.26571
v 46.47692 -0.35516 -1.26126
v 46.67105 -0.36131 -1.24871
v 46.94075 -0.36984 -1.23126
v 47.22024 -0.37865 -1.21317
v 47.50938 -0.38775 -1.19444
v 46.41128 0.11418 -1.13918
v 46.47692 0.11177 -1.13503
v 46.67105 0.10480 -1.12337
v 46.94075 0.09512 -1.10716
v 47.22024 0.08510 -1.09032
v 47.50938 0.07474 -1.07288
v 47.80801 -0.39739 -1.17564
v 48.11600 -0.40733 -1.15629
v 48.43317 -0.41753 -1.13638
v 48.75937 -0.42799 -1.11591
v 47.80801 0.06365 -1.05538
v 48.11600 0.05220 -1.03735
v 48.43317 0.04043 -1.01878
v 48.75937 0.02835 -0.99967
v 46.41128 0.57118 -1.02291
v 46.47692 0.56853 -1.01907
v 46.67105 0.56077 -1.00834
v 46.94075 0.54999 -0.99340
v 47.22024 0.53882 -0.97787
v 47.50938 0.52728 -0.96176
v 46.41128 1.01614 -0.91725
v 46.47692 1.01327 -0.91373
v 46.94075 0.99292 -0.89028
v 46.67105 1.00475 -0.90394
v 47.22024 0.98066 -0.87607
v 47.50938 0.96797 -0.86133
v 47.80801 0.51481 -0.94562
v 48.11600 0.50192 -0.92898
v 48.43317 0.48865 -0.91181
v 48.75937 0.47503 -0.89414
v 47.80801 0.95418 -0.84656
v 48.11600 0.93992 -0.83134
v 48.43317 0.92523 -0.81562
v 48.75937 0.91014 -0.79942
v 48.43317 1.34865 -0.73101
v 48.75937 1.33214 -0.71628
v 43.41368 -0.25791 0.50236
v 43.46582 -0.25815 0.50420
v 43.55842 -0.25859 0.50749
v 43.62201 -0.25889 0.50975
v 43.69709 -0.25926 0.51243
v 43.78361 -0.25968 0.51552
v 43.88153 -0.26017 0.51903
v 43.99081 -0.26073 0.52297
v 44.11138 -0.26136 0.52732
v 44.24318 -0.26207 0.53210
v 44.38616 -0.26285 0.53730
v 44.54023 -0.26425 0.54310
v 44.70531 -0.26603 0.54943
v 43.46582 0.19353 0.62833
v 43.55842 0.19289 0.63110
v 43.62201 0.19244 0.63302
v 43.69709 0.19191 0.63528
v 43.78361 0.19129 0.63789
v 43.88153 0.19058 0.64086
v 43.99081 0.18978 0.64418
v 44.11138 0.18888 0.64786
v 43.41368 0.19389 0.62677
v 44.24318 0.18789 0.65189
v 44.38616 0.18679 0.65628
v 44.54023 0.18501 0.66122
v 44.70531 0.18280 0.66661
v 45.06818 -0.27001 0.56341
v 45.26579 -0.27222 0.57107
v 45.45584 -0.27437 0.57846
v 44.88133 -0.26795 0.55620
v 45.69283 -0.27718 0.58797
v 45.92204 -0.27993 0.59720
v 46.16157 -0.28283 0.60687
v 44.88133 0.18042 0.67238
v 45.06818 0.17787 0.67852
v 45.26579 0.17515 0.68504
v 45.45584 0.17252 0.69134
v 45.69283 0.16900 0.69949
v 45.92204 0.16558 0.70739
v 46.16157 0.16197 0.71567
v 43.41368 0.63641 0.73129
v 43.46582 0.63593 0.73258
v 43.55842 0.63506 0.73487
v 43.62201 0.63447 0.73645
v 43.69709 0.63376 0.73831
v 43.78361 0.63293 0.74047
v 43.88153 0.63199 0.74292
v 43.99081 0.63094 0.74566
v 44.11138 0.62976 0.74869
v 44.24318 0.62847 0.75201
v 44.38616 0.62704 0.75563
v 44.54023 0.62487 0.75972
v 44.70531 0.62221 0.76421
v 43.41368 1.07095 0.81007
v 43.46582 1.07033 0.81110
v 43.55842 1.06923 0.81295
v 43.62201 1.06846 0.81422
v 43.69709 1.06756 0.81571
v 43.78361 1.06651 0.81744
v 43.88153 1.06532 0.81941
v 43.99081 1.06399 0.82160
v 44.11138 1.06251 0.82402
v 44.24318 1.06088 0.82667
v 44.38616 1.05910 0.82956
v 44.54023 1.05650 0.83286
v 44.70531 1.05338 0.83650
v 44.88133 0.61936 0.76901
v 45.06818 0.61632 0.77412
v 45.26579 0.61308 0.77954
v 45.45584 0.60994 0.78477
v 45.69283 0.60573 0.79159
v 45.92204 0.60163 0.79821
v 46.16157 0.59732 0.80512
v 44.88133 1.05003 0.84038
v 45.06818 1.04646 0.84451
v 45.26579 1.04268 0.84888
v 45.45584 1.03902 0.85308
v 45.69283 1.03408 0.85863
v 45.92204 1.02928 0.86400
v 46.16157 1.02426 0.86961
v 46.41128 -0.28588 0.61698
v 46.47692 -0.28669 0.61964
v 46.67105 -0.28953 0.62765
v 46.94075 -0.29350 0.63881
v 47.22024 -0.29763 0.65038
v 47.50938 -0.30191 0.66235
v 46.41128 0.15820 0.72432
v 46.47692 0.15720 0.72660
v 46.67105 0.15371 0.73349
v 46.94075 0.14884 0.74307
v 47.22024 0.14378 0.75300
v 47.50938 0.13853 0.76327
v 47.80801 -0.30720 0.67435
v 48.11600 -0.31273 0.68668
v 48.43317 -0.31843 0.69936
v 48.75937 -0.32430 0.71239
v 47.80801 0.13212 0.77352
v 48.11600 0.12541 0.78405
v 48.43317 0.11849 0.79486
v 48.75937 0.11137 0.80596
v 46.41128 0.59282 0.81234
v 46.47692 0.59163 0.81424
v 46.67105 0.58749 0.82002
v 46.94075 0.58174 0.82805
v 47.22024 0.57576 0.83636
v 47.50938 0.56956 0.84494
v 46.41128 1.01900 0.87545
v 46.47692 1.01762 0.87698
v 46.67105 1.01283 0.88168
v 46.94075 1.00618 0.88820
v 47.22024 0.99927 0.89493
v 47.50938 0.99212 0.90188
v 47.80801 0.56204 0.85346
v 48.11600 0.55418 0.86219
v 48.43317 0.54608 0.87116
v 48.75937 0.53774 0.88034
v 47.80801 0.98349 0.90871
v 48.11600 0.97448 0.91569
v 48.43317 0.96520 0.92284
v 48.75937 0.95565 0.93015
v 49.09443 -0.90060 -1.22122
v 49.25314 -0.90482 -1.21069
v 49.43818 -0.90926 -1.19909
v 49.79044 -0.91769 -1.17706
v 50.15104 -0.92626 -1.15458
v 50.89650 -1.39632 -1.24774
v 51.23942 -1.40220 -1.22556
v 51.67302 -1.40937 -1.19913
v 50.51979 -0.93497 -1.13168
v 50.89650 -0.94380 -1.10837
v 51.23942 -0.95178 -1.08725
v 51.67302 -0.96189 -1.06213
v 51.23942 -0.50255 -0.96847
v 51.67302 -0.51554 -0.94477
v 53.23332 -1.87338 -1.25132
v 53.31289 -1.87392 -1.24659
v 52.89259 -1.42906 -1.12583
v 53.23332 -1.43443 -1.10563
v 53.31289 -1.43558 -1.10108
v 53.73973 -1.87678 -1.22131
v 53.73973 -1.44169 -1.07680
v 54.17288 -1.87959 -1.19589
v 54.61213 -1.88235 -1.17035
v 54.17288 -1.44781 -1.05238
v 54.61213 -1.45391 -1.02784
v 52.07244 -1.41590 -1.17495
v 52.47904 -1.42247 -1.15051
v 52.07244 -0.97113 -1.03913
v 52.47904 -0.98046 -1.01587
v 52.89259 -0.98987 -0.99237
v 53.23332 -0.99755 -0.97313
v 53.31289 -0.99929 -0.96881
v 52.07244 -0.52743 -0.92305
v 52.47904 -0.53947 -0.90107
v 52.89259 -0.55164 -0.87886
v 53.23332 -0.56160 -0.86067
v 53.31289 -0.56391 -0.85658
v 53.73973 -1.00856 -0.94571
v 54.17288 -1.01787 -0.92248
v 54.61213 -1.02722 -0.89914
v 53.73973 -0.57628 -0.83476
v 54.17288 -0.58873 -0.81281
v 54.61213 -0.60127 -0.79077
v 49.09443 -2.11197 0.14743
v 49.25314 -2.11226 0.15731
v 49.43818 -2.11241 0.16857
v 49.79044 -2.11268 0.18995
v 50.15104 -2.11290 0.21172
v 49.09443 -1.66470 0.32525
v 49.25314 -1.66568 0.33433
v 49.43818 -1.66674 0.34468
v 49.79044 -1.66876 0.36432
v 50.15104 -1.67078 0.38434
v 50.51979 -2.11308 0.23385
v 50.89650 -2.11322 0.25631
v 51.23942 -2.11328 0.27662
v 51.67302 -2.11390 0.30148
v 50.51979 -1.67282 0.40469
v 50.89650 -1.67485 0.42536
v 51.23942 -1.67665 0.44405
v 51.67302 -1.67975 0.46689
v 49.09443 -1.21646 0.47920
v 49.25314 -1.21808 0.48738
v 49.43818 -1.22002 0.49671
v 49.79044 -1.22370 0.51442
v 50.15104 -1.22744 0.53246
v 49.09443 -0.77121 0.61312
v 49.25314 -0.77346 0.62038
v 49.43818 -0.77624 0.62864
v 49.79044 -0.78153 0.64431
v 50.15104 -0.78693 0.66027
v 50.51979 -1.23123 0.55080
v 50.89650 -1.23507 0.56943
v 51.23942 -1.23852 0.58627
v 51.67302 -1.24400 0.60682
v 50.51979 -0.79242 0.67651
v 50.89650 -0.79800 0.69298
v 51.23942 -0.80305 0.70787
v 51.67302 -0.81082 0.72599
v 52.07244 -2.11439 0.32415
v 52.47904 -2.11479 0.34699
v 52.89259 -2.11511 0.36996
v 53.23332 -2.11530 0.38868
v 53.31289 -2.11528 0.39283
v 52.07244 -1.68254 0.48771
v 53.73973 -2.11510 0.41488
v 54.17288 -2.11480 0.43692
v 54.61213 -2.11438 0.45890
v 52.47904 -1.68530 0.50869
v 52.89259 -1.68801 0.52979
v 53.23332 -1.69018 0.54697
v 53.31289 -1.69067 0.55076
v 53.73973 -1.69322 0.57091
v 54.17288 -1.69570 0.59102
v 54.61213 -1.69810 0.61105
v 52.07244 -1.24898 0.62555
v 52.47904 -1.25398 0.64440
v 52.89259 -1.25898 0.66335
v 53.23332 -1.26304 0.67877
v 53.31289 -1.26402 0.68216
v 52.07244 -0.81792 0.74249
v 52.47904 -0.82508 0.75910
v 52.89259 -0.83230 0.77577
v 53.23332 -0.83819 0.78933
v 53.31289 -0.83964 0.79228
v 53.73973 -1.26920 0.70013
v 54.17288 -1.27435 0.71805
v 54.61213 -1.27947 0.73587
v 53.73973 -0.84736 0.80795
v 54.17288 -0.85511 0.82356
v 54.61213 -0.86287 0.83906
v 49.25314 -0.44376 -1.08497
v 49.09443 -0.43870 -1.09491
v 49.43818 -0.44929 -1.07405
v 49.79044 -0.45980 -1.05329
v 50.15104 -0.47052 -1.03209
v 49.09443 0.01597 -0.98005
v 49.25314 0.01011 -0.97075
v 49.43818 0.00353 -0.96057
v 49.79044 -0.00897 -0.94120
v 50.15104 -0.02173 -0.92139
v 50.15104 0.41778 -0.82177
v 50.51979 -0.48143 -1.01047
v 50.89650 -0.49251 -0.98845
v 50.89650 -0.04797 -0.88058
v 51.23942 -0.05998 -0.86188
v 51.67302 -0.07572 -0.83975
v 50.51979 -0.03473 -0.90118
v 50.51979 0.40278 -0.80307
v 50.89650 0.38749 -0.78400
v 51.23942 0.37362 -0.76668
v 51.67302 0.35525 -0.74623
v 49.09443 0.46106 -0.87598
v 49.25314 0.45445 -0.86737
v 49.43818 0.44688 -0.85797
v 49.79044 0.43249 -0.84007
v 49.25314 0.88732 -0.77486
v 49.43818 0.87880 -0.76627
v 49.79044 0.86260 -0.74989
v 50.15104 0.84604 -0.73313
v 49.09443 0.89465 -0.78276
v 49.09443 1.31520 -0.70111
v 49.25314 1.30717 -0.69391
v 49.43818 1.29774 -0.68611
v 50.51979 0.82913 -0.71600
v 50.89650 0.81190 -0.69852
v 51.23942 0.79624 -0.68263
v 49.79044 1.27980 -0.67124
v 50.15104 1.26145 -0.65601
v 51.67302 0.77536 -0.66394
v 50.51979 1.24270 -0.64044
v 50.89650 1.22358 -0.62453
v 51.23942 1.20621 -0.61007
v 51.67302 1.18291 -0.59311
v 52.07244 -0.09015 -0.81945
v 52.47904 -0.10479 -0.79890
v 52.89259 -0.11960 -0.77812
v 53.23332 -0.13174 -0.76111
v 53.31289 -0.13461 -0.75729
v 52.07244 0.33839 -0.72747
v 52.47904 0.32128 -0.70847
v 52.89259 0.30394 -0.68925
v 53.73973 -0.14995 -0.73689
v 54.17288 -0.16543 -0.71637
v 54.61213 -0.18104 -0.69577
v 53.23332 0.28971 -0.67351
v 53.31289 0.28631 -0.66998
v 53.73973 0.26812 -0.65112
v 54.17288 0.24974 -0.63215
v 54.61213 0.23120 -0.61310
v 52.07244 0.75618 -0.64678
v 52.47904 0.73670 -0.62939
v 52.89259 0.71695 -0.61180
v 53.23332 0.70073 -0.59738
v 53.31289 0.69682 -0.59414
v 52.07244 1.16149 -0.57753
v 52.47904 1.13973 -0.56173
v 52.89259 1.11764 -0.54574
v 53.23332 1.09950 -0.53263
v 53.31289 1.09510 -0.52970
v 53.73973 0.67589 -0.57689
v 54.17288 0.65473 -0.55954
v 54.61213 0.63336 -0.54210
v 53.73973 1.07153 -0.51403
v 54.17288 1.04769 -0.49826
v 54.61213 1.02359 -0.48242
v 49.09443 -0.33034 0.72573
v 49.25314 -0.33320 0.73204
v 49.43818 -0.33681 0.73922
v 49.79044 -0.34369 0.75284
v 50.15104 -0.35071 0.76670
v 49.09443 0.10405 0.81733
v 49.25314 0.10059 0.82270
v 49.43818 0.09615 0.82880
v 49.79044 0.08772 0.84037
v 50.15104 0.07910 0.85214
v 50.51979 -0.35787 0.78078
v 50.89650 -0.36516 0.79507
v 51.23942 -0.37177 0.80797
v 51.67302 -0.38178 0.82363
v 50.51979 0.07030 0.86407
v 50.89650 0.06133 0.87617
v 51.23942 0.05319 0.88708
v 51.67302 0.04097 0.90028
v 49.09443 0.52917 0.88973
v 49.25314 0.52511 0.89416
v 49.43818 0.51988 0.89919
v 49.79044 0.50994 0.90871
v 50.15104 0.49977 0.91838
v 49.25314 0.94118 0.94111
v 49.09443 0.94583 0.93760
v 49.43818 0.93517 0.94509
v 49.79044 0.92374 0.95260
v 49.09443 1.34941 0.96679
v 49.25314 1.34417 0.96943
v 49.43818 1.33739 0.97240
v 49.79044 1.32449 0.97800
v 50.15104 0.91204 0.96019
v 50.15104 1.31128 0.98364
v 50.51979 0.48938 0.92817
v 50.89650 0.47878 0.93807
v 51.23942 0.46915 0.94698
v 51.67302 0.45481 0.95770
v 51.23942 0.87680 0.98255
v 51.67302 0.86038 0.99084
v 50.51979 0.90009 0.96787
v 50.89650 0.88789 0.97560
v 50.51979 1.29778 0.98931
v 50.89650 1.28401 0.99499
v 51.23942 1.27147 1.00007
v 51.67302 1.25302 1.00606
v 52.07244 -0.39096 0.83787
v 52.47904 -0.40025 0.85219
v 52.89259 -0.40963 0.86654
v 53.23332 -0.41732 0.87820
v 53.31289 -0.41923 0.88072
v 52.07244 0.02976 0.91226
v 52.47904 0.01840 0.92429
v 52.89259 0.00689 0.93633
v 53.23332 -0.00255 0.94609
v 53.31289 -0.00491 0.94817
v 52.89259 0.41471 0.98686
v 53.23332 0.40357 0.99471
v 53.31289 0.40076 0.99636
v 53.73973 -0.42945 0.89407
v 54.17288 -0.43973 0.90733
v 54.61213 -0.45008 0.92048
v 54.61213 -0.04323 0.98094
v 53.73973 -0.01757 0.95920
v 53.73973 0.38574 1.00507
v 54.17288 -0.03035 0.97013
v 54.17288 0.37056 1.01367
v 54.61213 0.35521 1.02214
v 52.07244 0.44164 0.96742
v 52.47904 0.42827 0.97715
v 52.07244 0.84528 0.99832
v 52.47904 0.82994 1.00578
v 52.89259 0.81437 1.01320
v 53.23332 0.80157 1.01918
v 53.31289 0.79833 1.02040
v 52.07244 1.23604 1.01142
v 52.47904 1.21877 1.01673
v 52.89259 1.20123 1.02198
v 53.23332 1.18679 1.02618
v 53.31289 1.18314 1.02700
v 53.73973 0.78101 1.02683
v 54.17288 0.76347 1.03315
v 54.61213 0.74572 1.03933
v 53.73973 1.16356 1.03129
v 54.17288 1.14371 1.03545
v 54.61213 1.12362 1.03947
v 43.41368 1.59065 -0.97669
v 43.46582 1.58821 -0.97391
v 43.62201 1.58090 -0.96557
v 43.69709 1.57738 -0.96154
v 43.78361 1.57333 -0.95690
v 43.88153 1.56874 -0.95163
v 43.99081 1.56361 -0.94573
v 44.11138 1.55795 -0.93921
v 43.55842 1.58388 -0.96897
v 44.24318 1.55177 -0.93205
v 44.38616 1.54505 -0.92427
v 44.54023 1.53761 -0.91630
v 44.70531 1.52952 -0.90794
v 43.41368 2.01504 -0.87973
v 43.46582 2.01248 -0.87721
v 43.55842 2.00793 -0.87273
v 43.62201 2.00480 -0.86964
v 43.69709 2.00111 -0.86599
v 43.78361 1.99685 -0.86177
v 43.88153 1.99203 -0.85699
v 44.11138 1.98070 -0.84570
v 43.99081 1.98664 -0.85163
v 44.24318 1.97421 -0.83920
v 44.38616 1.96716 -0.83212
v 44.54023 1.95930 -0.82490
v 44.70531 1.95075 -0.81734
v 44.88133 1.52089 -0.89900
v 45.06818 1.51173 -0.88946
v 45.26579 1.50203 -0.87934
v 45.45584 1.49270 -0.86956
v 45.69283 1.48155 -0.85818
v 46.16157 1.45946 -0.83550
v 45.92204 1.47075 -0.84712
v 44.88133 1.94163 -0.80925
v 45.06818 1.93194 -0.80062
v 45.26579 1.92169 -0.79146
v 45.45584 1.91183 -0.78260
v 45.69283 1.89992 -0.77234
v 45.92204 1.88839 -0.76237
v 46.16157 1.87634 -0.75189
v 46.16157 2.27399 -0.67613
v 43.41368 2.41977 -0.79101
v 43.46582 2.41709 -0.78873
v 43.55842 2.41234 -0.78469
v 43.62201 2.40907 -0.78191
v 43.69709 2.40521 -0.77862
v 43.99081 2.39010 -0.76567
v 44.11138 2.38389 -0.76032
v 43.78361 2.40076 -0.77482
v 43.88153 2.39572 -0.77050
v 44.24318 2.37710 -0.75445
v 44.38616 2.36974 -0.74806
v 44.54023 2.36150 -0.74157
v 44.70531 2.35251 -0.73480
v 43.55842 2.79540 -0.70500
v 43.41368 2.80313 -0.71065
v 43.46582 2.80034 -0.70862
v 43.62201 2.79200 -0.70251
v 43.69709 2.78798 -0.69957
v 43.78361 2.78336 -0.69617
v 43.88153 2.77812 -0.69230
v 43.99081 2.77227 -0.68798
v 44.11138 2.76581 -0.68319
v 44.88133 2.34293 -0.72753
v 45.06818 2.33275 -0.71979
v 45.26579 2.32197 -0.71155
v 45.45584 2.31161 -0.70360
v 45.69283 2.29899 -0.69443
v 45.92204 2.28677 -0.68551
v 44.70531 2.73309 -0.66039
v 43.41368 3.16320 -0.63824
v 43.46582 3.16031 -0.63644
v 43.55842 3.15519 -0.63324
v 43.62201 3.15167 -0.63103
v 43.69709 3.14751 -0.62842
v 43.78361 3.14272 -0.62540
v 43.88153 3.13729 -0.62197
v 43.99081 3.13124 -0.61813
v 44.11138 3.12455 -0.61388
v 44.24318 2.75875 -0.67794
v 44.38616 2.75109 -0.67221
v 44.54023 2.74248 -0.66642
v 44.24318 3.11724 -0.60922
v 44.38616 3.10930 -0.60413
v 44.54023 3.10036 -0.59901
v 44.70531 3.09058 -0.59369
v 44.88133 2.72307 -0.65392
v 45.06818 2.71242 -0.64702
v 45.26579 2.70116 -0.63968
v 45.45584 2.69032 -0.63259
v 45.69283 2.67702 -0.62447
v 45.92204 2.66416 -0.61656
v 46.16157 2.65070 -0.60824
v 44.88133 3.08015 -0.58798
v 45.06818 3.06907 -0.58188
v 45.26579 3.05735 -0.57540
v 45.45584 3.04607 -0.56913
v 45.69283 3.03215 -0.56199
v 45.92204 3.01867 -0.55503
v 46.16157 3.00457 -0.54771
v 46.41128 1.44768 -0.82334
v 46.47692 1.44459 -0.82014
v 46.67105 1.43534 -0.81125
v 46.94075 1.42249 -0.79885
v 47.22024 1.40916 -0.78595
v 47.50938 1.39537 -0.77255
v 47.50938 1.80750 -0.69520
v 46.41128 1.86376 -0.74091
v 46.47692 1.86046 -0.73801
v 46.67105 1.85051 -0.73002
v 46.94075 1.83668 -0.71888
v 47.22024 1.82234 -0.70727
v 47.80801 1.38031 -0.75914
v 48.11600 1.36471 -0.74531
v 47.80801 1.79123 -0.68314
v 46.41128 2.26067 -0.66630
v 46.47692 2.25716 -0.66371
v 46.67105 2.24655 -0.65660
v 46.94075 2.23180 -0.64667
v 47.22024 2.21651 -0.63632
v 47.50938 2.20068 -0.62555
v 48.11600 1.77436 -0.67069
v 48.43317 1.75700 -0.65782
v 48.75937 1.73914 -0.64454
v 47.80801 2.18326 -0.61481
v 48.11600 2.16520 -0.60371
v 48.43317 2.14660 -0.59223
v 48.75937 2.12747 -0.58038
v 46.41128 2.63666 -0.59951
v 46.47692 2.63297 -0.59721
v 46.67105 2.62174 -0.59093
v 46.94075 2.60612 -0.58216
v 47.22024 2.58992 -0.57301
v 47.50938 2.57315 -0.56349
v 46.94075 2.95774 -0.52483
v 46.41128 2.98987 -0.54003
v 46.47692 2.98600 -0.53800
v 46.67105 2.97418 -0.53251
v 47.22024 2.94068 -0.51681
v 47.50938 2.92304 -0.50845
v 47.80801 2.55464 -0.55400
v 48.11600 2.53545 -0.54419
v 48.75937 2.49535 -0.52355
v 48.43317 2.51568 -0.53404
v 47.80801 2.90350 -0.50014
v 48.11600 2.88324 -0.49154
v 48.43317 2.86237 -0.48263
v 48.75937 2.84091 -0.47341
v 48.43317 3.18473 -0.43705
v 48.75937 3.16220 -0.42902
v 43.41368 1.49272 0.86830
v 43.46582 1.49196 0.86911
v 43.55842 1.49059 0.87054
v 43.62201 1.48965 0.87152
v 43.69709 1.48854 0.87268
v 43.78361 1.48726 0.87401
v 43.88153 1.48581 0.87552
v 43.99081 1.48418 0.87721
v 44.11138 1.48237 0.87907
v 44.24318 1.48040 0.88110
v 44.38616 1.47824 0.88331
v 44.54023 1.47521 0.88587
v 44.70531 1.47159 0.88871
v 43.46582 1.89877 0.90700
v 43.41368 1.89969 0.90641
v 43.55842 1.89714 0.90805
v 43.62201 1.89602 0.90877
v 43.69709 1.89469 0.90962
v 43.78361 1.89316 0.91059
v 43.88153 1.89143 0.91169
v 43.99081 1.88949 0.91292
v 44.11138 1.88735 0.91426
v 44.24318 1.88501 0.91572
v 44.38616 1.88246 0.91731
v 44.54023 1.87897 0.91920
v 44.70531 1.87486 0.92130
v 44.24318 2.27376 0.92925
v 44.38616 2.27079 0.93028
v 44.54023 2.26682 0.93157
v 44.70531 2.26219 0.93302
v 45.06818 1.46363 0.89495
v 44.88133 1.46774 0.89174
v 45.26579 1.45927 0.89833
v 45.45584 1.45508 0.90158
v 45.69283 1.44939 0.90593
v 45.92204 1.44389 0.91013
v 46.16157 1.43813 0.91450
v 44.88133 1.87047 0.92354
v 45.06818 1.86581 0.92590
v 45.26579 1.86087 0.92837
v 45.45584 1.85612 0.93074
v 44.88133 2.25725 0.93455
v 45.06818 2.25200 0.93615
v 45.26579 2.24646 0.93781
v 45.45584 2.24112 0.93939
v 45.69283 1.84968 0.93399
v 45.92204 1.84345 0.93710
v 46.16157 1.83694 0.94033
v 45.69283 2.23390 0.94165
v 45.92204 2.22693 0.94379
v 46.16157 2.21964 0.94599
v 43.41368 2.29092 0.92304
v 43.46582 2.28984 0.92345
v 43.55842 2.28793 0.92416
v 43.62201 2.28661 0.92464
v 43.69709 2.28506 0.92522
v 43.78361 2.28327 0.92587
v 43.88153 2.28125 0.92660
v 43.99081 2.27898 0.92741
v 44.11138 2.27649 0.92830
v 43.41368 2.66632 0.91553
v 43.46582 2.66507 0.91577
v 43.55842 2.66286 0.91620
v 43.62201 2.66134 0.91648
v 43.69709 2.65954 0.91681
v 43.78361 2.65747 0.91719
v 43.88153 2.65514 0.91761
v 43.99081 2.65253 0.91807
v 44.11138 2.64965 0.91856
v 44.24318 2.64650 0.91909
v 44.38616 2.64308 0.91964
v 44.54023 2.63861 0.92041
v 44.70531 2.63342 0.92131
v 43.41368 3.02581 0.88140
v 43.46582 3.02438 0.88150
v 43.55842 3.02185 0.88168
v 43.62201 3.02011 0.88181
v 43.69709 3.01805 0.88194
v 43.78361 3.01568 0.88209
v 43.88153 3.01301 0.88226
v 43.99081 3.01002 0.88243
v 44.11138 3.00672 0.88261
v 44.24318 3.00312 0.88278
v 44.38616 2.99922 0.88296
v 44.54023 2.99419 0.88331
v 44.70531 2.98841 0.88375
v 45.06818 2.62202 0.92319
v 44.88133 2.62789 0.92223
v 45.26579 2.61582 0.92417
v 45.45584 2.60985 0.92509
v 45.69283 2.60181 0.92651
v 45.92204 2.59404 0.92784
v 46.16157 2.58592 0.92918
v 45.26579 2.96880 0.88507
v 45.45584 2.96215 0.88546
v 44.88133 2.98225 0.88420
v 45.06818 2.97571 0.88464
v 45.69283 2.95323 0.88621
v 45.92204 2.94461 0.88689
v 46.16157 2.93561 0.88755
v 46.41128 1.43211 0.91904
v 46.47692 1.43053 0.92023
v 46.67105 1.42509 0.92392
v 46.94075 1.41753 0.92901
v 47.22024 1.40969 0.93425
v 47.50938 1.40157 0.93964
v 47.22024 1.80501 0.95490
v 47.50938 1.79593 0.95884
v 46.41128 1.83015 0.94366
v 46.47692 1.82836 0.94453
v 46.67105 1.82226 0.94727
v 46.94075 1.81379 0.95104
v 46.41128 2.21204 0.94825
v 46.47692 2.21005 0.94883
v 46.67105 2.20327 0.95073
v 46.94075 2.19386 0.95331
v 47.22024 2.18412 0.95593
v 47.50938 2.17404 0.95858
v 47.80801 1.39184 0.94488
v 48.11600 1.38168 0.95021
v 47.80801 1.78509 0.96260
v 48.11600 1.77379 0.96639
v 48.43317 1.37122 0.95564
v 48.75937 1.36046 0.96117
v 48.43317 1.76215 0.97023
v 48.75937 1.75019 0.97411
v 47.80801 2.16207 0.96102
v 48.11600 2.14961 0.96345
v 48.43317 2.13678 0.96587
v 48.75937 2.12359 0.96828
v 46.41128 2.57747 0.93053
v 46.47692 2.57525 0.93087
v 46.67105 2.56776 0.93206
v 46.94075 2.55736 0.93366
v 47.22024 2.54659 0.93525
v 47.50938 2.53546 0.93683
v 46.41128 2.92623 0.88818
v 46.47692 2.92377 0.88834
v 46.67105 2.91552 0.88897
v 46.94075 2.90407 0.88979
v 47.22024 2.89222 0.89057
v 47.50938 2.87997 0.89131
v 47.80801 2.52232 0.93819
v 48.11600 2.50863 0.93949
v 48.43317 2.49455 0.94075
v 48.75937 2.48007 0.94196
v 47.80801 2.86558 0.89183
v 48.11600 2.85061 0.89228
v 47.80801 3.18666 0.82973
v 48.11600 3.17039 0.82955
v 48.43317 2.83520 0.89265
v 48.75937 2.81936 0.89296
v 48.43317 3.15363 0.82929
v 48.75937 3.13640 0.82894
v 43.55842 3.48963 -0.56849
v 43.41368 3.49789 -0.57288
v 43.46582 3.49491 -0.57130
v 43.62201 3.48600 -0.56656
v 43.69709 3.48172 -0.56427
v 43.78361 3.47678 -0.56162
v 43.88153 3.47119 -0.55861
v 43.99081 3.46494 -0.55524
v 44.11138 3.45805 -0.55150
v 44.70531 3.42296 -0.53380
v 44.24318 3.45051 -0.54740
v 44.38616 3.44233 -0.54293
v 44.54023 3.43309 -0.53845
v 43.41368 3.80460 -0.51255
v 43.46582 3.80155 -0.51118
v 43.55842 3.79614 -0.50875
v 43.62201 3.79242 -0.50708
v 43.69709 3.78802 -0.50510
v 43.88153 3.77722 -0.50020
v 43.99081 3.77082 -0.49727
v 44.11138 3.76375 -0.49403
v 43.78361 3.78296 -0.50280
v 43.41368 4.08187 -0.45701
v 43.46582 4.07876 -0.45585
v 43.55842 4.07324 -0.45378
v 43.69709 4.06495 -0.45066
v 43.62201 4.06944 -0.45235
v 43.78361 4.05978 -0.44870
v 43.88153 4.05393 -0.44647
v 43.99081 4.04739 -0.44397
v 44.11138 4.04017 -0.44120
v 44.24318 3.75602 -0.49048
v 44.38616 3.74763 -0.48659
v 44.54023 3.73812 -0.48272
v 44.70531 3.72768 -0.47871
v 44.24318 4.03228 -0.43815
v 44.38616 4.02371 -0.43482
v 44.70531 4.00325 -0.42809
v 44.54023 4.01396 -0.43151
v 44.88133 3.41216 -0.52881
v 45.06818 3.40068 -0.52348
v 45.26579 3.38854 -0.51780
v 45.45584 3.37685 -0.51231
v 45.69283 3.36235 -0.50610
v 45.92204 3.34830 -0.50004
v 46.16157 3.33362 -0.49366
v 45.92204 3.65057 -0.44955
v 46.16157 3.63535 -0.44404
v 44.88133 3.71655 -0.47440
v 45.06818 3.70472 -0.46979
v 45.26579 3.69220 -0.46488
v 45.45584 3.68016 -0.46012
v 44.88133 3.99183 -0.42441
v 45.06818 3.97969 -0.42047
v 45.26579 3.96685 -0.41626
v 45.45584 3.95448 -0.41218
v 45.69283 3.66512 -0.45477
v 45.69283 3.93897 -0.40761
v 45.92204 3.92396 -0.40315
v 46.16157 3.90825 -0.39843
v 43.41368 4.32707 -0.40375
v 43.46582 4.32391 -0.40278
v 43.55842 4.31830 -0.40104
v 43.62201 4.31444 -0.39985
v 43.69709 4.30989 -0.39843
v 43.88153 4.29869 -0.39492
v 43.78361 4.30464 -0.39679
v 43.99081 4.29205 -0.39281
v 44.11138 4.28472 -0.39048
v 44.24318 4.27670 -0.38791
v 43.55842 4.52942 -0.34905
v 43.41368 4.53828 -0.35125
v 43.46582 4.53509 -0.35046
v 43.62201 4.52552 -0.34807
v 43.69709 4.52092 -0.34690
v 43.78361 4.51561 -0.34556
v 43.88153 4.50961 -0.34402
v 43.99081 4.50290 -0.34229
v 44.11138 4.49549 -0.34036
v 44.38616 4.26800 -0.38510
v 44.54023 4.25805 -0.38231
v 44.70531 4.24712 -0.37944
v 44.24318 4.48738 -0.33824
v 44.38616 4.47858 -0.33591
v 44.54023 4.46850 -0.33361
v 44.70531 4.45740 -0.33124
v 43.62201 4.70147 -0.29656
v 43.69709 4.69685 -0.29563
v 43.41368 4.71429 -0.29909
v 43.46582 4.71108 -0.29846
v 43.55842 4.70538 -0.29733
v 43.78361 4.69151 -0.29455
v 43.88153 4.68547 -0.29332
v 43.99081 4.67873 -0.29194
v 44.11138 4.67128 -0.29039
v 43.99081 4.81732 -0.23917
v 44.11138 4.80988 -0.23798
v 43.41368 4.85283 -0.24463
v 43.46582 4.84963 -0.24416
v 43.55842 4.84394 -0.24331
v 43.62201 4.84004 -0.24272
v 43.69709 4.83542 -0.24201
v 43.78361 4.83009 -0.24119
v 43.41368 4.95466 -0.19042
v 43.46582 4.95148 -0.19008
v 43.55842 4.94584 -0.18948
v 43.62201 4.94196 -0.18906
v 43.69709 4.93737 -0.18856
v 43.41368 5.01303 -0.12530
v 43.46582 5.00990 -0.12510
v 43.55842 5.00434 -0.12473
v 43.62201 5.00052 -0.12447
v 43.69709 4.99601 -0.12416
v 43.88153 4.82406 -0.24024
v 43.78361 4.93208 -0.18796
v 43.88153 4.92609 -0.18728
v 43.99081 4.91939 -0.18649
v 44.11138 4.91199 -0.18561
v 43.78361 4.99080 -0.12378
v 43.88153 4.98490 -0.12333
v 43.99081 4.97830 -0.12282
v 44.11138 4.97102 -0.12223
v 44.24318 4.66313 -0.28868
v 44.38616 4.65429 -0.28680
v 44.54023 4.64411 -0.28494
v 44.70531 4.63288 -0.28301
v 44.24318 4.80174 -0.23664
v 44.38616 4.79289 -0.23517
v 44.54023 4.78268 -0.23371
v 44.70531 4.77140 -0.23219
v 44.24318 4.90389 -0.18461
v 44.38616 4.89509 -0.18351
v 44.24318 4.96304 -0.12156
v 44.38616 4.95437 -0.12081
v 44.54023 4.88489 -0.18239
v 44.70531 4.87360 -0.18122
v 44.70531 4.93306 -0.11917
v 44.54023 4.94427 -0.12002
v 44.88133 4.23545 -0.37633
v 45.06818 4.22306 -0.37301
v 45.26579 4.20994 -0.36945
v 45.45584 4.19731 -0.36599
v 44.88133 4.44554 -0.32867
v 45.06818 4.43295 -0.32590
v 45.26579 4.41962 -0.32294
v 45.45584 4.40678 -0.32005
v 45.45584 4.58171 -0.27387
v 45.69283 4.18139 -0.36214
v 45.92204 4.16598 -0.35836
v 46.16157 4.14986 -0.35435
v 45.69283 4.39053 -0.31684
v 45.69283 4.56521 -0.27123
v 45.92204 4.37480 -0.31368
v 46.16157 4.35834 -0.31032
v 45.92204 4.54923 -0.26861
v 46.16157 4.53251 -0.26583
v 44.88133 4.62090 -0.28093
v 45.06818 4.60817 -0.27867
v 45.26579 4.59469 -0.27625
v 44.88133 4.75935 -0.23053
v 45.06818 4.74654 -0.22873
v 45.26579 4.73298 -0.22677
v 45.45584 4.71992 -0.22485
v 44.88133 4.86154 -0.17992
v 45.06818 4.84872 -0.17850
v 44.88133 4.92109 -0.11822
v 45.06818 4.90837 -0.11717
v 45.26579 4.83514 -0.17694
v 45.45584 4.82206 -0.17540
v 45.26579 4.89488 -0.11599
v 45.45584 4.88189 -0.11481
v 45.69283 4.70325 -0.22268
v 45.69283 4.80528 -0.17361
v 45.92204 4.68710 -0.22053
v 46.16157 4.67019 -0.21821
v 45.92204 4.78903 -0.17182
v 46.16157 4.77202 -0.16988
v 45.69283 4.86516 -0.11340
v 45.92204 4.84895 -0.11196
v 46.16157 4.83198 -0.11038
v 46.47692 3.31427 -0.48519
v 46.41128 3.31830 -0.48696
v 46.67105 3.30189 -0.48043
v 46.94075 3.28468 -0.47376
v 46.41128 3.61947 -0.43825
v 46.47692 3.61529 -0.43672
v 46.67105 3.60241 -0.43262
v 46.94075 3.58450 -0.42688
v 47.22024 3.26684 -0.46679
v 47.50938 3.24837 -0.45952
v 47.22024 3.56593 -0.42087
v 47.50938 3.54670 -0.41460
v 46.41128 3.89187 -0.39346
v 46.47692 3.88756 -0.39215
v 46.67105 3.87421 -0.38864
v 46.94075 3.85566 -0.38372
v 46.67105 4.11487 -0.34604
v 46.94075 4.09575 -0.34185
v 47.22024 3.83642 -0.37857
v 47.50938 3.81650 -0.37318
v 47.22024 4.07592 -0.33746
v 47.50938 4.05540 -0.33285
v 47.80801 3.22788 -0.45229
v 48.11600 3.20662 -0.44481
v 47.80801 3.52533 -0.40836
v 48.11600 3.50315 -0.40189
v 48.43317 3.48031 -0.39517
v 48.75937 3.45681 -0.38821
v 47.80801 3.79432 -0.36780
v 48.11600 3.77130 -0.36222
v 47.80801 4.03250 -0.32824
v 48.11600 4.00873 -0.32345
v 48.43317 3.74759 -0.35642
v 48.75937 3.72319 -0.35040
v 48.43317 3.98425 -0.31845
v 48.75937 3.95905 -0.31325
v 46.41128 4.13304 -0.35013
v 46.47692 4.12861 -0.34901
v 46.41128 4.34116 -0.30676
v 46.47692 4.33664 -0.30582
v 46.67105 4.32255 -0.30332
v 46.94075 4.30296 -0.29978
v 46.41128 4.51506 -0.26286
v 46.47692 4.51047 -0.26207
v 46.67105 4.49611 -0.25997
v 46.94075 4.47614 -0.25700
v 47.22024 4.28264 -0.29606
v 47.50938 4.26161 -0.29214
v 47.22024 4.45542 -0.25385
v 47.50938 4.43397 -0.25053
v 47.50938 4.57030 -0.20521
v 46.41128 4.65255 -0.21574
v 46.47692 4.64791 -0.21508
v 46.41128 4.75425 -0.16779
v 46.47692 4.74958 -0.16722
v 46.41128 4.81426 -0.10866
v 46.47692 4.80959 -0.10819
v 46.67105 4.63334 -0.21330
v 46.94075 4.61308 -0.21077
v 46.67105 4.73487 -0.16568
v 46.67105 4.79486 -0.10688
v 46.94075 4.71440 -0.16346
v 46.94075 4.77436 -0.10498
v 47.22024 4.59206 -0.20807
v 47.22024 4.69316 -0.16109
v 47.22024 4.75308 -0.10292
v 47.50938 4.67116 -0.15855
v 47.50938 4.73104 -0.10071
v 47.80801 4.23810 -0.28820
v 48.11600 4.21370 -0.28409
v 47.80801 4.40997 -0.24717
v 48.11600 4.38505 -0.24365
v 47.80801 4.54590 -0.20228
v 48.11600 4.52057 -0.19920
v 48.43317 4.18856 -0.27980
v 48.75937 4.16268 -0.27532
v 48.75937 4.33294 -0.23608
v 48.43317 4.35937 -0.23995
v 48.43317 4.49445 -0.19595
v 48.75937 4.46758 -0.19253
v 48.75937 4.56716 -0.14703
v 47.80801 4.64646 -0.15591
v 47.80801 4.70626 -0.09838
v 48.11600 4.62081 -0.15312
v 48.11600 4.68051 -0.09590
v 48.43317 4.59437 -0.15016
v 43.88153 3.66121 0.75828
v 43.99081 3.65744 0.75805
v 44.11138 3.65327 0.75779
v 44.24318 3.64872 0.75750
v 44.38616 3.64379 0.75716
v 44.54023 3.63763 0.75694
v 44.70531 3.63062 0.75677
v 43.41368 3.36354 0.82872
v 43.46582 3.36193 0.82871
v 43.55842 3.35906 0.82870
v 43.62201 3.35709 0.82869
v 43.69709 3.35477 0.82867
v 43.78361 3.35210 0.82864
v 43.88153 3.34907 0.82860
v 43.99081 3.34569 0.82855
v 44.11138 3.34197 0.82847
v 44.24318 3.33790 0.82837
v 44.38616 3.33348 0.82825
v 44.54023 3.32790 0.82827
v 44.70531 3.32151 0.82836
v 43.41368 3.67738 0.75912
v 43.46582 3.67558 0.75904
v 43.55842 3.67238 0.75888
v 43.62201 3.67018 0.75877
v 43.69709 3.66758 0.75863
v 43.78361 3.66459 0.75847
v 43.41368 3.96504 0.67478
v 43.46582 3.96304 0.67464
v 43.55842 3.95950 0.67438
v 43.62201 3.95707 0.67420
v 43.69709 3.95420 0.67399
v 43.78361 3.95090 0.67374
v 43.88153 3.94715 0.67345
v 43.99081 3.94298 0.67311
v 44.11138 3.93837 0.67274
v 44.24318 3.93333 0.67232
v 44.38616 3.92787 0.67186
v 44.54023 3.92113 0.67149
v 44.70531 3.91350 0.67116
v 44.88133 3.62314 0.75656
v 45.06818 3.61521 0.75631
v 45.26579 3.60683 0.75602
v 45.45584 3.59877 0.75571
v 45.69283 3.58803 0.75558
v 45.92204 3.57765 0.75540
v 46.16157 3.56681 0.75518
v 44.88133 3.31469 0.82842
v 45.06818 3.30747 0.82846
v 45.26579 3.29983 0.82847
v 45.45584 3.29248 0.82844
v 45.69283 3.28266 0.82868
v 45.92204 3.27317 0.82885
v 46.16157 3.26325 0.82899
v 45.26579 3.88758 0.66990
v 45.45584 3.87879 0.66943
v 44.88133 3.90536 0.67078
v 45.06818 3.89671 0.67036
v 45.69283 3.86713 0.66908
v 45.92204 3.85586 0.66872
v 46.16157 3.84408 0.66830
v 45.69283 4.11748 0.57214
v 45.92204 4.10532 0.57173
v 46.16157 4.09262 0.57127
v 43.41368 4.45730 0.46332
v 43.46582 4.45493 0.46315
v 43.55842 4.45072 0.46284
v 43.62201 4.44782 0.46263
v 43.69709 4.44440 0.46238
v 43.78361 4.44045 0.46210
v 43.88153 4.43598 0.46178
v 43.99081 4.43100 0.46142
v 44.11138 4.42549 0.46103
v 44.24318 4.41946 0.46061
v 44.38616 4.41292 0.46015
v 44.54023 4.40502 0.45977
v 44.70531 4.39612 0.45942
v 43.69709 4.81752 0.19738
v 43.78361 4.81293 0.19727
v 43.88153 4.80773 0.19716
v 43.99081 4.80192 0.19705
v 44.11138 4.79549 0.19695
v 43.41368 5.04012 -0.07179
v 43.41368 5.05125 -0.05765
v 43.46582 5.03705 -0.07168
v 43.46582 5.04819 -0.05758
v 43.55842 5.03158 -0.07148
v 43.55842 5.04273 -0.05741
v 43.62201 5.02781 -0.07133
v 43.69709 5.02336 -0.07113
v 43.62201 5.03897 -0.05728
v 43.69709 5.03452 -0.05709
v 43.41368 4.97195 0.05023
v 43.46582 4.96902 0.05023
v 43.55842 4.96379 0.05024
v 43.62201 4.96020 0.05027
v 43.69709 4.95594 0.05032
v 44.11138 4.93230 0.05086
v 43.78361 5.01821 -0.07088
v 43.88153 5.01238 -0.07058
v 43.78361 5.02937 -0.05685
v 43.88153 5.02352 -0.05653
v 43.99081 5.00586 -0.07021
v 44.11138 4.99864 -0.06976
v 43.99081 5.01697 -0.05612
v 44.11138 5.00970 -0.05560
v 43.78361 4.95103 0.05039
v 43.88153 4.94545 0.05050
v 43.99081 4.93921 0.05065
v 43.41368 4.83250 0.19781
v 43.46582 4.82975 0.19772
v 43.55842 4.82486 0.19758
v 43.62201 4.82150 0.19748
v 44.24318 4.78846 0.19686
v 44.38616 4.78081 0.19680
v 44.54023 4.77172 0.19681
v 44.70531 4.76157 0.19689
v 44.24318 4.92473 0.05114
v 44.38616 4.91648 0.05149
v 44.24318 4.99072 -0.06923
v 44.24318 5.00172 -0.05497
v 44.38616 4.98211 -0.06861
v 44.38616 4.99301 -0.05419
v 44.54023 4.90676 0.05196
v 44.70531 4.89591 0.05254
v 44.54023 4.97203 -0.06789
v 44.54023 4.98279 -0.05324
v 44.70531 4.96082 -0.06707
v 44.70531 4.97140 -0.05212
v 43.41368 4.66139 0.33451
v 43.46582 4.65882 0.33437
v 43.55842 4.65426 0.33411
v 43.62201 4.65113 0.33394
v 43.69709 4.64743 0.33374
v 43.78361 4.64316 0.33352
v 43.88153 4.63832 0.33328
v 43.99081 4.63292 0.33301
v 44.11138 4.62695 0.33273
v 44.24318 4.62041 0.33244
v 44.38616 4.61331 0.33213
v 44.54023 4.60482 0.33190
v 44.70531 4.59529 0.33171
v 45.45584 4.35562 0.45786
v 44.88133 4.58511 0.33153
v 45.06818 4.57429 0.33135
v 45.26579 4.56284 0.33120
v 45.45584 4.55180 0.33107
v 44.88133 4.38664 0.45905
v 45.06818 4.37656 0.45866
v 45.26579 4.36589 0.45825
v 45.69283 4.34211 0.45758
v 45.92204 4.32904 0.45730
v 46.16157 4.31536 0.45702
v 45.69283 4.53735 0.33109
v 45.92204 4.52335 0.33113
v 46.16157 4.50870 0.33121
v 44.88133 4.75072 0.19700
v 45.06818 4.73918 0.19717
v 45.26579 4.72694 0.19740
v 45.45584 4.71516 0.19766
v 44.88133 4.94882 -0.06613
v 44.88133 4.95919 -0.05079
v 45.06818 4.93605 -0.06504
v 45.06818 4.94615 -0.04924
v 45.26579 4.92250 -0.06380
v 45.26579 4.93230 -0.04745
v 45.45584 4.90943 -0.06252
v 45.45584 4.91890 -0.04558
v 44.88133 4.88431 0.05324
v 45.06818 4.87195 0.05406
v 45.26579 4.85883 0.05503
v 45.45584 4.84616 0.05605
v 45.69283 4.69978 0.19814
v 45.92204 4.68487 0.19866
v 45.92204 4.81372 0.05899
v 46.16157 4.79697 0.06069
v 45.69283 4.89252 -0.06085
v 45.69283 4.90152 -0.04305
v 45.92204 4.87612 -0.05912
v 45.92204 4.88461 -0.04041
v 46.16157 4.85892 -0.05720
v 46.16157 4.86686 -0.03745
v 45.69283 4.82970 0.05749
v 46.16157 4.66926 0.19927
v 43.41368 4.22388 0.57869
v 43.46582 4.22170 0.57852
v 43.55842 4.21782 0.57821
v 43.62201 4.21516 0.57799
v 43.69709 4.21202 0.57774
v 43.78361 4.20840 0.57744
v 43.88153 4.20430 0.57711
v 43.99081 4.19973 0.57673
v 44.11138 4.19468 0.57630
v 44.24318 4.18916 0.57584
v 44.38616 4.18316 0.57532
v 44.54023 4.17586 0.57489
v 44.70531 4.16760 0.57449
v 44.88133 4.15880 0.57405
v 45.06818 4.14945 0.57358
v 45.26579 4.13957 0.57306
v 45.45584 4.13005 0.57256
v 46.41128 3.55551 0.75490
v 46.47692 3.55254 0.75482
v 46.67105 3.54274 0.75474
v 46.94075 3.52914 0.75458
v 47.22024 3.51505 0.75435
v 47.50938 3.50048 0.75406
v 46.41128 3.25293 0.82908
v 46.47692 3.25021 0.82909
v 46.67105 3.24119 0.82930
v 46.94075 3.22868 0.82953
v 47.22024 3.21571 0.82971
v 47.50938 3.20231 0.82982
v 46.41128 3.83180 0.66783
v 46.47692 3.82857 0.66770
v 46.67105 3.81799 0.66747
v 46.94075 3.80330 0.66710
v 46.41128 4.07937 0.57078
v 46.47692 4.07588 0.57065
v 46.67105 4.06453 0.57039
v 46.94075 4.04875 0.57001
v 47.22024 3.78807 0.66668
v 47.50938 3.77233 0.66621
v 47.22024 4.03241 0.56960
v 47.50938 4.01549 0.56914
v 47.80801 3.48355 0.75359
v 48.11600 3.46596 0.75303
v 48.75937 3.42921 0.75165
v 48.43317 3.44784 0.75238
v 47.80801 3.75413 0.66558
v 48.11600 3.73521 0.66487
v 47.80801 3.99604 0.56858
v 48.11600 3.97582 0.56796
v 48.43317 3.71573 0.66410
v 48.75937 3.69570 0.66325
v 48.43317 3.95500 0.56730
v 48.75937 3.93358 0.56658
v 46.41128 4.30110 0.45672
v 46.47692 4.29735 0.45665
v 46.67105 4.28520 0.45654
v 46.94075 4.26831 0.45639
v 46.41128 4.49340 0.33132
v 46.47692 4.48938 0.33136
v 46.94075 4.45841 0.33188
v 46.67105 4.47643 0.33157
v 47.22024 4.25080 0.45624
v 47.50938 4.23267 0.45608
v 47.22024 4.43973 0.33224
v 47.50938 4.42038 0.33265
v 47.50938 4.57544 0.20405
v 46.94075 4.80031 -0.05022
v 46.94075 4.80615 -0.02647
v 46.41128 4.77944 0.06259
v 46.47692 4.77483 0.06312
v 46.67105 4.76014 0.06473
v 46.94075 4.73968 0.06710
v 46.41128 4.84094 -0.05507
v 46.41128 4.84826 -0.03415
v 46.47692 4.83620 -0.05449
v 46.47692 4.84335 -0.03325
v 46.67105 4.82120 -0.05275
v 46.67105 4.82782 -0.03050
v 47.22024 4.77862 -0.04746
v 47.22024 4.78361 -0.02208
v 47.50938 4.75612 -0.04447
v 47.50938 4.76019 -0.01729
v 47.22024 4.71843 0.06970
v 47.50938 4.69638 0.07253
v 46.41128 4.65296 0.19997
v 46.47692 4.64867 0.20016
v 46.67105 4.63493 0.20082
v 46.94075 4.61583 0.20179
v 47.22024 4.59599 0.20287
v 47.80801 4.21193 0.45588
v 48.11600 4.19037 0.45566
v 47.80801 4.39834 0.33307
v 47.80801 4.55215 0.20533
v 48.11600 4.37543 0.33354
v 48.11600 4.52793 0.20672
v 48.43317 4.35182 0.33405
v 48.75937 4.32752 0.33460
v 48.43317 4.16816 0.45542
v 48.75937 4.14531 0.45518
v 48.43317 4.50295 0.20822
v 48.75937 4.47725 0.20982
v 47.80801 4.73080 -0.04125
v 47.80801 4.73388 -0.01210
v 48.11600 4.70448 -0.03779
v 48.11600 4.70650 -0.00652
v 47.80801 4.67151 0.07560
v 48.11600 4.64564 0.07891
v 48.43317 4.65397 -0.09325
v 48.43317 4.67733 -0.03409
v 48.43317 4.67821 -0.00053
v 48.75937 4.62664 -0.09044
v 48.75937 4.64936 -0.03014
v 48.75937 4.64905 0.00586
v 48.43317 4.61895 0.08246
v 48.75937 4.59145 0.08626
v 49.09443 1.72080 -0.63086
v 49.25314 1.71212 -0.62437
v 49.43818 1.70182 -0.61736
v 49.79044 1.68222 -0.60400
v 50.15104 1.66216 -0.59031
v 49.25314 2.09852 -0.56236
v 49.09443 2.10782 -0.56816
v 49.43818 2.08740 -0.55613
v 49.79044 2.06623 -0.54424
v 50.15104 2.04456 -0.53204
v 50.51979 1.64167 -0.57629
v 50.89650 1.62076 -0.56196
v 51.67302 1.57615 -0.53371
v 51.23942 1.60175 -0.54893
v 50.51979 2.02242 -0.51955
v 50.89650 1.99982 -0.50678
v 51.23942 1.97927 -0.49516
v 51.67302 1.95148 -0.48163
v 49.09443 2.47447 -0.51273
v 49.25314 2.46458 -0.50759
v 49.43818 2.45268 -0.50209
v 49.79044 2.43002 -0.49160
v 50.15104 2.40683 -0.48083
v 49.09443 2.81886 -0.46390
v 49.25314 2.80842 -0.45938
v 49.43818 2.79578 -0.45457
v 49.79044 2.77172 -0.44538
v 49.09443 3.13906 -0.42072
v 49.25314 3.12811 -0.41677
v 49.43818 3.11478 -0.41259
v 49.79044 3.08941 -0.40460
v 50.15104 2.74709 -0.43594
v 50.15104 3.06343 -0.39637
v 50.51979 2.38313 -0.46979
v 50.89650 2.35893 -0.45850
v 50.51979 2.72192 -0.42626
v 50.89650 2.69621 -0.41634
v 51.23942 2.33692 -0.44822
v 51.67302 2.30706 -0.43629
v 51.23942 2.67282 -0.40730
v 51.67302 2.64100 -0.39687
v 50.51979 3.03688 -0.38793
v 50.89650 3.00975 -0.37928
v 51.67302 2.95143 -0.36230
v 51.23942 2.98508 -0.37138
v 52.07244 1.55259 -0.51972
v 52.47904 1.52865 -0.50552
v 52.89259 1.50435 -0.49114
v 53.23332 1.48437 -0.47935
v 53.31289 1.47950 -0.47671
v 52.07244 1.92590 -0.46919
v 52.47904 1.89990 -0.45656
v 52.47904 2.25162 -0.41418
v 52.89259 1.87350 -0.44376
v 53.23332 1.85178 -0.43326
v 53.31289 1.84647 -0.43091
v 52.89259 2.22322 -0.40287
v 53.23332 2.19985 -0.39360
v 53.31289 2.19412 -0.39152
v 53.73973 1.45342 -0.46262
v 54.17288 1.42701 -0.44844
v 54.61213 1.40031 -0.43418
v 54.17288 1.78917 -0.40573
v 54.61213 1.75999 -0.39303
v 53.73973 1.81800 -0.41837
v 53.73973 2.16339 -0.38044
v 54.17288 2.13226 -0.36928
v 54.61213 2.10074 -0.35804
v 52.07244 2.27957 -0.42532
v 52.07244 2.61171 -0.38725
v 52.47904 2.58191 -0.37748
v 52.89259 2.55163 -0.36756
v 53.23332 2.52671 -0.35942
v 53.31289 2.52058 -0.35760
v 52.07244 2.92044 -0.35392
v 52.47904 2.88892 -0.34540
v 52.47904 3.17027 -0.31554
v 52.89259 2.85688 -0.33674
v 53.23332 2.83051 -0.32962
v 53.31289 2.82400 -0.32803
v 52.89259 3.13660 -0.30800
v 53.23332 3.10887 -0.30179
v 53.31289 3.10203 -0.30040
v 53.73973 2.48772 -0.34786
v 54.17288 2.45442 -0.33805
v 54.61213 2.42069 -0.32817
v 54.61213 2.71802 -0.30228
v 53.73973 2.78915 -0.31952
v 53.73973 3.06532 -0.29295
v 54.17288 2.75381 -0.31093
v 54.17288 3.02810 -0.28544
v 54.61213 2.99039 -0.27786
v 49.09443 1.73790 0.97802
v 49.25314 1.73208 0.97984
v 49.43818 1.72453 0.98189
v 49.79044 1.71017 0.98572
v 50.15104 1.69548 0.98953
v 49.09443 2.11005 0.97067
v 49.25314 2.10363 0.97177
v 49.43818 2.09531 0.97300
v 49.79044 2.07949 0.97526
v 50.15104 2.06329 0.97747
v 50.51979 1.68046 0.99334
v 50.89650 1.66512 0.99711
v 51.23942 1.65116 1.00046
v 51.67302 1.63070 1.00430
v 50.89650 2.02983 0.98171
v 50.51979 2.04674 0.97962
v 51.23942 2.01444 0.98352
v 51.67302 1.99199 0.98548
v 49.09443 2.46520 0.94312
v 49.25314 2.45816 0.94364
v 49.43818 2.44904 0.94420
v 49.79044 2.43170 0.94520
v 50.15104 2.41395 0.94611
v 49.25314 2.79539 0.89327
v 49.09443 2.80309 0.89319
v 49.43818 2.78544 0.89333
v 49.79044 2.76651 0.89338
v 49.09443 3.11871 0.82851
v 49.25314 3.11033 0.82828
v 49.43818 3.09955 0.82800
v 49.79044 3.07903 0.82739
v 50.15104 2.74714 0.89334
v 50.15104 3.05802 0.82669
v 50.51979 2.39580 0.94694
v 50.89650 2.37726 0.94769
v 50.51979 2.72734 0.89319
v 50.89650 2.70711 0.89295
v 51.23942 2.36039 0.94828
v 51.67302 2.33590 0.94875
v 51.23942 2.68869 0.89264
v 51.67302 2.66209 0.89204
v 50.51979 3.03654 0.82588
v 50.89650 3.01460 0.82496
v 51.67302 2.96593 0.82273
v 51.23942 2.99462 0.82405
v 52.07244 1.61187 1.00770
v 52.47904 1.59272 1.01102
v 52.89259 1.57324 1.01426
v 53.23332 1.55721 1.01681
v 53.31289 1.55315 1.01726
v 52.07244 1.97132 0.98716
v 52.47904 1.95028 0.98873
v 52.89259 1.92888 0.99020
v 53.23332 1.91126 0.99131
v 53.31289 1.90679 0.99144
v 52.89259 2.26701 0.94934
v 53.23332 2.24776 0.94932
v 53.31289 2.24289 0.94919
v 53.73973 1.53137 1.01957
v 54.17288 1.50927 1.02174
v 54.61213 1.48688 1.02378
v 53.73973 1.88284 0.99202
v 53.73973 2.21673 0.94845
v 54.17288 1.85853 0.99247
v 54.61213 1.83387 0.99279
v 54.17288 2.19018 0.94757
v 54.61213 2.16324 0.94656
v 52.07244 2.31334 0.94906
v 52.47904 2.29037 0.94926
v 52.07244 2.63760 0.89137
v 52.47904 2.61265 0.89058
v 52.89259 2.58728 0.88967
v 53.31289 2.56108 0.88855
v 53.23332 2.56637 0.88884
v 52.47904 3.18828 0.73932
v 52.89259 3.15891 0.73750
v 53.23332 3.13471 0.73594
v 53.31289 3.12860 0.73550
v 52.07244 2.93950 0.82142
v 52.47904 2.91259 0.81999
v 52.89259 2.88521 0.81844
v 53.23332 2.86264 0.81710
v 53.31289 2.85694 0.81670
v 53.73973 2.53269 0.88688
v 54.17288 2.50386 0.88509
v 54.61213 2.47461 0.88317
v 53.73973 3.09584 0.73309
v 54.17288 3.06257 0.73057
v 54.61213 3.02882 0.72794
v 53.73973 2.82634 0.81448
v 54.17288 2.79528 0.81214
v 54.61213 2.76376 0.80968
v 49.25314 3.42123 -0.37758
v 49.43818 3.40726 -0.37396
v 49.79044 3.38067 -0.36703
v 49.09443 3.43266 -0.38101
v 49.79044 3.64397 -0.33203
v 50.15104 3.35345 -0.35989
v 50.15104 3.61560 -0.32583
v 49.09443 3.69812 -0.34415
v 49.25314 3.68624 -0.34118
v 49.43818 3.67169 -0.33804
v 49.79044 3.87710 -0.29733
v 49.09443 3.93317 -0.30785
v 49.25314 3.92090 -0.30527
v 49.43818 3.90582 -0.30255
v 49.25314 4.12351 -0.26842
v 49.43818 4.10797 -0.26606
v 49.79044 4.07839 -0.26152
v 50.15104 3.84770 -0.29193
v 50.15104 4.04809 -0.25681
v 50.51979 3.32561 -0.35256
v 50.89650 3.29718 -0.34503
v 50.51979 3.58658 -0.31944
v 50.89650 3.55694 -0.31288
v 51.23942 3.27131 -0.33816
v 51.67302 3.23595 -0.33026
v 51.23942 3.52997 -0.30688
v 51.67302 3.49304 -0.29999
v 50.51979 3.81763 -0.28637
v 50.89650 3.78691 -0.28064
v 50.51979 4.01711 -0.25195
v 50.89650 3.98547 -0.24693
v 51.23942 3.75896 -0.27540
v 51.67302 3.72062 -0.26935
v 51.23942 3.95666 -0.24233
v 51.23942 4.12199 -0.20718
v 51.67302 3.91710 -0.23700
v 51.67302 4.08140 -0.20242
v 49.09443 4.13610 -0.27065
v 49.25314 4.29292 -0.23011
v 49.09443 4.30579 -0.23205
v 49.43818 4.27701 -0.22805
v 49.79044 4.24670 -0.22407
v 49.09443 4.43996 -0.18896
v 49.25314 4.42688 -0.18724
v 49.43818 4.41065 -0.18538
v 49.25314 4.52593 -0.14216
v 49.09443 4.53918 -0.14374
v 49.43818 4.50945 -0.14040
v 49.79044 4.37975 -0.18178
v 49.79044 4.47808 -0.13701
v 50.15104 4.21567 -0.21994
v 50.15104 4.34811 -0.17803
v 50.15104 4.44595 -0.13346
v 50.51979 4.18393 -0.21566
v 50.51979 4.31574 -0.17415
v 50.89650 4.15151 -0.21124
v 50.89650 4.28267 -0.17012
v 50.51979 4.41308 -0.12977
v 50.89650 4.37950 -0.12594
v 51.23942 4.25258 -0.16641
v 51.23942 4.34894 -0.12242
v 51.67302 4.21112 -0.16201
v 51.67302 4.30678 -0.11815
v 52.07244 3.20340 -0.32297
v 52.47904 3.42443 -0.28711
v 52.07244 3.45903 -0.29361
v 52.47904 3.64938 -0.25804
v 52.89259 3.38925 -0.28050
v 53.23332 3.36028 -0.27505
v 53.31289 3.35311 -0.27383
v 52.89259 3.61285 -0.25221
v 53.23332 3.58277 -0.24742
v 53.31289 3.57532 -0.24634
v 52.07244 3.68531 -0.26375
v 52.07244 3.88066 -0.23206
v 52.47904 3.84358 -0.22700
v 52.07244 4.04401 -0.19801
v 52.47904 4.00596 -0.19350
v 52.89259 3.80587 -0.22185
v 53.23332 3.77483 -0.21760
v 53.31289 3.76713 -0.21664
v 52.89259 3.96727 -0.18889
v 52.89259 4.09457 -0.14946
v 53.23332 3.93542 -0.18509
v 53.31289 3.92751 -0.18422
v 53.23332 4.06204 -0.14593
v 53.31289 4.05396 -0.14512
v 53.73973 3.31470 -0.26728
v 53.73973 3.53538 -0.24054
v 54.17288 3.27575 -0.26066
v 54.61213 3.23628 -0.25399
v 54.17288 3.49488 -0.23469
v 54.61213 3.45384 -0.22878
v 54.61213 3.64161 -0.20101
v 53.73973 3.72586 -0.21148
v 53.73973 3.88513 -0.17959
v 53.73973 4.01065 -0.14080
v 53.73973 4.10294 -0.09751
v 54.17288 3.68402 -0.20627
v 54.17288 3.84215 -0.17490
v 54.61213 3.79860 -0.17017
v 54.17288 3.96673 -0.13642
v 54.61213 3.92222 -0.13202
v 52.07244 4.17293 -0.15792
v 52.07244 4.26796 -0.11417
v 52.47904 4.13408 -0.15374
v 52.47904 4.22845 -0.11010
v 52.89259 4.18829 -0.10595
v 53.23332 4.15522 -0.10252
v 53.31289 4.14700 -0.10173
v 49.09443 4.12183 0.45492
v 49.25314 4.11070 0.45480
v 49.43818 4.09659 0.45469
v 49.79044 4.06973 0.45447
v 50.15104 4.04222 0.45422
v 50.51979 4.01409 0.45395
v 50.89650 3.98535 0.45366
v 51.67302 4.09137 0.34067
v 51.23942 3.95919 0.45338
v 51.67302 3.92236 0.45302
v 49.09443 3.41008 0.75083
v 49.25314 3.40102 0.75042
v 49.43818 3.38939 0.74995
v 49.79044 3.36727 0.74899
v 49.43818 3.65291 0.66136
v 49.79044 3.62920 0.66033
v 50.15104 3.34462 0.74793
v 50.15104 3.60492 0.65922
v 49.43818 3.88787 0.56503
v 49.79044 3.86260 0.56421
v 49.09443 3.67512 0.66233
v 49.25314 3.66537 0.66187
v 49.09443 3.91157 0.56581
v 49.25314 3.90114 0.56544
v 50.15104 3.83672 0.56334
v 50.51979 3.32147 0.74677
v 50.89650 3.29781 0.74550
v 50.51979 3.58010 0.65802
v 50.89650 3.55474 0.65674
v 51.23942 3.27627 0.74429
v 51.67302 3.24550 0.74264
v 51.23942 3.53165 0.65552
v 51.67302 3.49882 0.65390
v 50.51979 3.81027 0.56240
v 50.89650 3.78323 0.56140
v 51.23942 3.75862 0.56046
v 51.67302 3.72380 0.55923
v 49.25314 4.58525 -0.08604
v 49.43818 4.56866 -0.08442
v 49.43818 4.58706 0.01982
v 49.79044 4.53708 -0.08127
v 49.79044 4.55756 -0.01695
v 49.79044 4.55327 0.02737
v 49.09443 4.56316 0.09030
v 49.25314 4.54975 0.09226
v 49.43818 4.53298 0.09458
v 49.79044 4.50102 0.09910
v 50.15104 4.50473 -0.07798
v 50.15104 4.52438 -0.01212
v 50.15104 4.51864 0.03529
v 50.15104 4.46828 0.10383
v 49.25314 4.29071 0.33548
v 49.09443 4.30254 0.33519
v 49.43818 4.27576 0.33586
v 49.79044 4.24731 0.33659
v 49.09443 4.45082 0.21154
v 49.25314 4.43829 0.21237
v 49.43818 4.42254 0.21338
v 49.79044 4.39255 0.21534
v 50.15104 4.21817 0.33735
v 50.15104 4.36183 0.21740
v 49.09443 4.59856 -0.08748
v 49.09443 4.62060 -0.02595
v 49.25314 4.60696 -0.02392
v 49.43818 4.58996 -0.02155
v 49.09443 4.61903 0.01264
v 49.25314 4.60479 0.01593
v 50.51979 4.47165 -0.07455
v 50.51979 4.49043 -0.00709
v 50.51979 4.48320 0.04355
v 50.89650 4.43784 -0.07098
v 50.89650 4.45575 -0.00185
v 50.89650 4.44698 0.05215
v 50.51979 4.43479 0.10878
v 50.89650 4.40056 0.11393
v 51.67302 4.32628 0.12475
v 51.23942 4.40707 -0.06769
v 51.23942 4.42417 0.00299
v 51.67302 4.36457 -0.06364
v 51.67302 4.38057 0.00910
v 51.23942 4.41401 0.06009
v 51.23942 4.36941 0.11868
v 51.67302 4.36862 0.07021
v 50.51979 4.18836 0.33814
v 50.51979 4.33041 0.21954
v 50.89650 4.15791 0.33896
v 50.89650 4.29830 0.22178
v 51.23942 4.13019 0.33970
v 51.23942 4.26907 0.22383
v 51.67302 4.22836 0.22648
v 52.07244 3.88844 0.45266
v 52.47904 3.85391 0.45225
v 52.07244 4.05562 0.34156
v 52.47904 4.01923 0.34244
v 52.89259 3.81880 0.45180
v 53.23332 3.78987 0.45140
v 53.31289 3.78261 0.45127
v 52.89259 3.98223 0.34331
v 52.89259 4.11391 0.23395
v 53.23332 3.95176 0.34401
v 53.31289 3.94413 0.34414
v 53.23332 4.08196 0.23602
v 53.31289 4.07399 0.23648
v 53.73973 4.11790 0.15387
v 54.17288 4.05827 -0.09325
v 54.17288 4.11394 -0.04001
v 54.17288 4.12389 0.04458
v 54.61213 4.01301 -0.08896
v 54.61213 4.06829 -0.03595
v 54.61213 4.07724 0.05064
v 54.17288 4.07228 0.15982
v 54.17288 4.10208 0.12895
v 54.61213 4.05383 0.13896
v 54.61213 4.02610 0.16577
v 53.73973 3.74370 0.45053
v 53.73973 3.90325 0.34483
v 53.73973 4.03125 0.23895
v 54.17288 3.86178 0.34549
v 54.17288 3.70421 0.44973
v 54.61213 3.66417 0.44887
v 54.61213 3.81974 0.34610
v 54.17288 3.98791 0.24140
v 54.61213 3.94400 0.24382
v 52.07244 3.21714 0.74103
v 52.47904 3.65908 0.55679
v 52.07244 3.46858 0.65235
v 52.47904 3.43779 0.65070
v 52.89259 3.40647 0.64896
v 53.31289 3.37416 0.64706
v 53.23332 3.38066 0.64747
v 52.89259 3.62587 0.55547
v 53.23332 3.59850 0.55433
v 53.31289 3.59162 0.55402
v 52.07244 3.69173 0.55805
v 53.73973 3.33929 0.64483
v 53.73973 3.55472 0.55229
v 54.17288 3.30389 0.64249
v 54.61213 3.26797 0.64007
v 54.17288 3.51727 0.55049
v 54.61213 3.47929 0.54861
v 52.07244 4.32542 -0.05986
v 52.07244 4.34043 0.01478
v 52.47904 4.28558 -0.05600
v 52.47904 4.29959 0.02059
v 52.07244 4.32684 0.07962
v 52.07244 4.28656 0.13038
v 52.47904 4.28435 0.08923
v 52.47904 4.24617 0.13615
v 52.89259 4.24509 -0.05206
v 52.89259 4.25809 0.02651
v 53.23332 4.21175 -0.04881
v 53.31289 4.20346 -0.04806
v 53.23332 4.22394 0.03138
v 53.31289 4.21545 0.03251
v 52.89259 4.24120 0.09903
v 52.89259 4.20512 0.14201
v 53.23332 4.20570 0.10709
v 53.31289 4.19691 0.10896
v 53.23332 4.17133 0.14683
v 53.31289 4.16293 0.14794
v 52.07244 4.19086 0.22893
v 52.47904 4.15270 0.23143
v 53.73973 4.15901 -0.04405
v 53.73973 4.16997 0.03853
v 53.73973 4.14978 0.11893
v 55.05725 -2.31122 -1.29701
v 55.22468 -2.31093 -1.28705
v 55.50801 -2.31075 -1.27058
v 55.96419 -2.31039 -1.24425
v 55.96419 -1.89149 -1.09394
v 55.05725 -1.88505 -1.14470
v 55.22468 -1.88605 -1.13512
v 55.05725 -1.46000 -1.00322
v 55.22468 -1.46227 -0.99402
v 55.50801 -1.88816 -1.11926
v 55.50801 -1.46666 -0.97880
v 55.96419 -1.47364 -0.95453
v 56.42554 -2.30995 -1.21788
v 56.42554 -1.89477 -1.06861
v 56.89185 -2.30944 -1.19146
v 57.21858 -2.30903 -1.17310
v 57.36285 -2.30876 -1.16509
v 56.89185 -1.89799 -1.04327
v 57.21858 -1.90019 -1.02569
v 57.36285 -1.90112 -1.01802
v 56.42554 -1.48060 -0.93026
v 56.89185 -1.48752 -0.90604
v 57.21858 -1.49231 -0.88924
v 57.36285 -1.49444 -0.88192
v 55.05725 -1.03659 -0.87573
v 55.22468 -1.04008 -0.86699
v 55.50801 -1.04669 -0.85253
v 55.96419 -1.05722 -0.82948
v 55.05725 -0.61387 -0.76867
v 55.22468 -0.61858 -0.76041
v 55.50801 -0.62736 -0.74675
v 55.96419 -0.64140 -0.72499
v 56.42554 -1.06777 -0.80645
v 57.21858 -1.08561 -0.76760
v 56.89185 -1.07830 -0.78350
v 57.36285 -1.08891 -0.76067
v 56.42554 -0.65548 -0.70327
v 56.89185 -0.66959 -0.68164
v 57.21858 -0.67939 -0.66668
v 57.36285 -0.68385 -0.66015
v 57.83833 -2.30780 -1.13887
v 57.83833 -1.90413 -0.99295
v 58.31803 -2.30677 -1.11266
v 58.80170 -2.30566 -1.08649
v 58.31803 -1.90708 -0.96795
v 58.80170 -1.90995 -0.94305
v 57.83833 -1.50139 -0.85802
v 58.31803 -1.50829 -0.83424
v 58.80170 -1.51512 -0.81062
v 59.21248 -2.30467 -1.06446
v 59.28911 -2.30462 -1.06039
v 59.78000 -2.30429 -1.03448
v 60.27412 -2.30388 -1.00866
v 59.21248 -1.91232 -0.92215
v 59.28911 -1.91293 -0.91829
v 59.78000 -1.91675 -0.89378
v 60.27412 -1.92050 -0.86943
v 59.21248 -1.52083 -0.79084
v 59.28911 -1.52208 -0.78720
v 59.78000 -1.53005 -0.76406
v 60.27412 -1.53793 -0.74117
v 57.83833 -1.09972 -0.73808
v 58.31803 -1.11049 -0.71564
v 58.80170 -1.12121 -0.69341
v 57.83833 -0.69848 -0.63889
v 58.31803 -0.71309 -0.61782
v 58.80170 -0.72766 -0.59698
v 59.21248 -1.13020 -0.67483
v 59.28911 -1.13210 -0.67141
v 59.78000 -1.14414 -0.64973
v 60.27412 -1.15610 -0.62834
v 59.21248 -0.73992 -0.57960
v 59.28911 -0.74245 -0.57640
v 59.78000 -0.75855 -0.55614
v 60.27412 -0.77458 -0.53621
v 55.05725 -2.11382 0.48078
v 55.22468 -2.11357 0.48890
v 55.50801 -2.11360 0.50155
v 55.96419 -2.11354 0.52155
v 55.05725 -1.70040 0.63097
v 55.22468 -1.70124 0.63835
v 55.50801 -1.70322 0.64976
v 55.96419 -1.70629 0.66777
v 56.42554 -2.11333 0.54130
v 56.89185 -2.11297 0.56077
v 57.21858 -2.11263 0.57410
v 57.36285 -2.11239 0.57940
v 56.42554 -1.70927 0.68551
v 56.89185 -1.71212 0.70295
v 57.21858 -1.71403 0.71487
v 57.36285 -1.71485 0.71954
v 55.05725 -1.28453 0.75357
v 55.22468 -1.28640 0.76012
v 55.50801 -1.29027 0.77014
v 55.96419 -1.29640 0.78593
v 55.05725 -0.87062 0.85442
v 55.22468 -0.87351 0.86010
v 55.50801 -0.87922 0.86867
v 55.96419 -0.88832 0.88213
v 56.42554 -1.30247 0.80144
v 57.21858 -1.31257 0.82701
v 56.89185 -1.30846 0.81665
v 57.36285 -1.31442 0.83100
v 56.42554 -0.89741 0.89533
v 56.89185 -0.90647 0.90823
v 57.21858 -0.91275 0.91699
v 57.36285 -0.91561 0.92028
v 56.89185 -0.50805 0.97801
v 57.21858 -0.51645 0.98518
v 57.36285 -0.52031 0.98779
v 57.83833 -2.11149 0.59649
v 58.31803 -2.11044 0.61316
v 58.80170 -2.10922 0.62938
v 57.83833 -1.71743 0.73456
v 58.31803 -1.71988 0.74916
v 58.80170 -1.72219 0.76327
v 59.21248 -2.10806 0.64268
v 59.28911 -2.10797 0.64485
v 59.78000 -2.10733 0.65843
v 60.27412 -2.10653 0.67145
v 59.21248 -1.72402 0.77478
v 59.28911 -1.72452 0.77663
v 59.78000 -1.72763 0.78807
v 60.27412 -1.73060 0.79894
v 57.83833 -1.32041 0.84381
v 58.31803 -1.32630 0.85618
v 58.80170 -1.33210 0.86808
v 57.83833 -0.92494 0.93082
v 57.83833 -0.53295 0.99609
v 58.31803 -0.93423 0.94093
v 58.80170 -0.94346 0.95059
v 58.31803 -0.54559 1.00399
v 58.80170 -0.55822 1.01146
v 59.21248 -1.33690 0.87772
v 59.28911 -1.33798 0.87922
v 59.78000 -1.34481 0.88847
v 60.27412 -1.35153 0.89716
v 59.78000 -0.96335 0.96660
v 60.27412 -0.97380 0.97315
v 59.21248 -0.95119 0.95836
v 59.28911 -0.95285 0.95952
v 59.21248 -0.56885 1.01741
v 59.28911 -0.57107 1.01824
v 59.78000 -0.58522 1.02325
v 60.27412 -0.59936 1.02775
v 55.05725 -0.19675 -0.67511
v 55.22468 -0.20263 -0.66740
v 55.50801 -0.21352 -0.65462
v 55.96419 -0.23094 -0.63428
v 55.05725 0.21250 -0.59400
v 55.22468 0.20549 -0.58688
v 55.50801 0.19259 -0.57506
v 55.96419 0.17190 -0.55624
v 56.42554 -0.24845 -0.61400
v 57.21858 -0.27823 -0.57986
v 57.36285 -0.28382 -0.57377
v 56.89185 -0.26600 -0.59381
v 56.42554 0.15110 -0.53749
v 56.89185 0.13021 -0.51884
v 57.21858 0.11565 -0.50596
v 57.36285 0.10897 -0.50033
v 55.05725 0.61180 -0.52462
v 55.22468 0.60371 -0.51810
v 55.50801 0.58886 -0.50727
v 55.96419 0.56504 -0.49003
v 55.05725 0.99926 -0.46653
v 55.22468 0.99013 -0.46060
v 55.50801 0.97340 -0.45074
v 55.96419 0.94655 -0.43506
v 55.50801 1.34467 -0.40567
v 55.96419 1.31492 -0.39152
v 56.42554 0.54106 -0.47286
v 56.89185 0.51696 -0.45579
v 57.21858 0.50014 -0.44401
v 57.36285 0.49241 -0.43885
v 57.21858 0.87330 -0.39319
v 57.36285 0.86455 -0.38849
v 56.42554 0.91951 -0.41943
v 56.89185 0.89229 -0.40391
v 56.42554 1.28494 -0.37743
v 57.21858 1.23366 -0.35378
v 56.89185 1.25475 -0.36343
v 57.36285 1.22394 -0.34953
v 57.83833 -0.30215 -0.55394
v 58.31803 -0.32049 -0.53432
v 58.80170 -0.33883 -0.51494
v 57.83833 0.08705 -0.48201
v 58.31803 0.06509 -0.46391
v 58.80170 0.04311 -0.44606
v 58.80170 0.41607 -0.38918
v 59.21248 -0.35428 -0.49881
v 59.28911 -0.35743 -0.49584
v 59.78000 -0.37748 -0.47705
v 60.27412 -0.39750 -0.45861
v 59.21248 0.02457 -0.43122
v 59.28911 0.02082 -0.42848
v 59.78000 -0.00309 -0.41119
v 60.27412 -0.02699 -0.39425
v 59.21248 0.39452 -0.37564
v 59.28911 0.39019 -0.37313
v 59.78000 0.36254 -0.35733
v 60.27412 0.33488 -0.34188
v 57.83833 0.46704 -0.42207
v 58.31803 0.44158 -0.40551
v 57.83833 0.83582 -0.37321
v 58.31803 0.80698 -0.35813
v 58.80170 0.77805 -0.34329
v 57.83833 1.19200 -0.33571
v 58.31803 1.15991 -0.32209
v 58.80170 1.12769 -0.30870
v 59.21248 0.75360 -0.33098
v 59.28911 0.74870 -0.32870
v 59.78000 0.71743 -0.31432
v 60.27412 0.68612 -0.30029
v 59.21248 1.10044 -0.29759
v 59.28911 1.09500 -0.29553
v 59.78000 1.06024 -0.28253
v 60.27412 1.02542 -0.26986
v 60.27412 1.34953 -0.24598
v 55.05725 -0.46047 0.93348
v 55.22468 -0.46436 0.93828
v 55.05725 -0.05621 0.99160
v 55.22468 -0.06108 0.99552
v 55.50801 -0.47188 0.94539
v 55.96419 -0.48390 0.95654
v 55.50801 -0.07037 1.00120
v 55.96419 -0.08526 1.01006
v 55.05725 0.33972 1.03045
v 55.22468 0.33392 1.03350
v 55.50801 0.32290 1.03775
v 55.96419 0.30522 1.04433
v 56.42554 -0.49597 0.96742
v 56.42554 -0.10025 1.01866
v 56.89185 -0.11530 1.02699
v 57.21858 -0.12580 1.03260
v 57.36285 -0.13064 1.03454
v 56.42554 0.28740 1.05069
v 56.89185 0.26945 1.05678
v 57.21858 0.25692 1.06085
v 57.36285 0.25113 1.06213
v 55.05725 0.72777 1.04535
v 55.22468 0.72104 1.04755
v 55.50801 0.70834 1.05041
v 55.96419 0.68793 1.05480
v 55.05725 1.10327 1.04334
v 55.22468 1.09563 1.04474
v 55.50801 1.08129 1.04630
v 55.96419 1.05822 1.04864
v 56.42554 0.66733 1.05897
v 56.89185 0.64655 1.06291
v 57.21858 0.63202 1.06550
v 57.36285 0.62529 1.06617
v 56.42554 1.03491 1.05079
v 57.21858 0.99488 1.05394
v 56.89185 1.01137 1.05272
v 57.36285 0.98724 1.05403
v 57.21858 1.34350 1.02757
v 57.36285 1.33497 1.02715
v 57.83833 -0.14652 1.04067
v 58.31803 -0.16246 1.04644
v 58.80170 -0.17844 1.05181
v 57.83833 0.23208 1.06615
v 58.31803 0.21292 1.06983
v 58.80170 0.19367 1.07317
v 59.21248 -0.19194 1.05601
v 59.28911 -0.19472 1.05653
v 59.78000 -0.21247 1.05957
v 60.27412 -0.23025 1.06214
v 59.21248 0.17737 1.07569
v 59.28911 0.17404 1.07591
v 59.78000 0.15277 1.07707
v 60.27412 0.13141 1.07783
v 57.83833 0.60313 1.06817
v 58.31803 0.58081 1.06989
v 58.80170 0.55835 1.07131
v 57.83833 0.96205 1.05419
v 57.83833 1.30684 1.02565
v 58.31803 0.93665 1.05411
v 58.80170 0.91105 1.05378
v 58.31803 1.27844 1.02396
v 58.80170 1.24979 1.02208
v 59.21248 0.53929 1.07227
v 59.28911 0.53543 1.07221
v 59.28911 0.88492 1.05300
v 59.78000 0.51068 1.07164
v 60.27412 0.48581 1.07075
v 59.78000 0.85679 1.05089
v 60.27412 0.82848 1.04852
v 59.21248 0.88931 1.05331
v 59.21248 1.22544 1.02034
v 59.28911 1.22054 1.01981
v 59.78000 1.18914 1.01635
v 60.27412 1.15750 1.01270
v 60.77122 -2.30342 -0.98294
v 60.77122 -1.92417 -0.84527
v 61.20384 -2.30296 -0.96076
v 61.27104 -2.30302 -0.95732
v 61.77334 -2.30345 -0.93172
v 61.20384 -1.92729 -0.82451
v 61.27104 -1.92792 -0.82129
v 61.77334 -1.93259 -0.79739
v 60.77122 -1.54573 -0.71853
v 61.20384 -1.55242 -0.69917
v 61.27104 -1.55362 -0.69616
v 62.27784 -2.30381 -0.90627
v 62.27784 -1.93718 -0.77375
v 62.78431 -2.30411 -0.88098
v 63.19774 -2.30431 -0.86054
v 62.78431 -1.94169 -0.75037
v 63.19774 -1.94529 -0.73155
v 61.77334 -1.56253 -0.67392
v 62.27784 -1.57134 -0.65201
v 62.78431 -1.58005 -0.63047
v 63.19774 -1.58706 -0.61321
v 60.77122 -1.16799 -0.60727
v 61.20384 -1.17821 -0.58930
v 61.27104 -1.17998 -0.58651
v 61.77334 -1.19309 -0.56591
v 60.77122 -0.79054 -0.51665
v 61.20384 -0.80429 -0.50002
v 61.27104 -0.80662 -0.49743
v 61.77334 -0.82394 -0.47837
v 62.27784 -1.20610 -0.54571
v 62.78431 -1.21900 -0.52595
v 63.19774 -1.22940 -0.51019
v 62.27784 -0.84115 -0.45977
v 62.78431 -0.85825 -0.44164
v 63.19774 -0.87207 -0.42726
v 62.78431 -0.50161 -0.37172
v 63.19774 -0.51881 -0.35863
v 63.29247 -2.30453 -0.85585
v 63.80206 -2.30566 -0.83081
v 63.29247 -1.94630 -0.72724
v 63.80206 -1.95169 -0.70428
v 64.31284 -2.30672 -0.80598
v 64.31284 -1.95698 -0.68165
v 64.82452 -2.30773 -0.78138
v 65.18910 -2.30840 -0.76402
v 65.33687 -2.30916 -0.75713
v 65.84961 -2.31175 -0.73345
v 63.29247 -1.58887 -0.60926
v 63.80206 -1.59851 -0.58829
v 64.31284 -1.60804 -0.56774
v 64.82452 -1.96218 -0.65935
v 65.18910 -1.96582 -0.64370
v 65.33687 -1.96780 -0.63749
v 65.84961 -1.97463 -0.61617
v 64.82452 -1.61743 -0.54764
v 65.18910 -1.62405 -0.53360
v 65.33687 -1.62726 -0.52803
v 65.84961 -1.63835 -0.50893
v 63.29247 -1.23201 -0.50658
v 63.80206 -1.24592 -0.48749
v 64.31284 -1.25968 -0.46889
v 63.29247 -0.87547 -0.42396
v 63.80206 -0.89366 -0.40657
v 64.31284 -0.91170 -0.38973
v 63.29247 -0.52300 -0.35563
v 63.80206 -0.54543 -0.33983
v 64.31284 -0.56771 -0.32460
v 64.82452 -1.27330 -0.45082
v 65.18910 -1.28291 -0.43827
v 65.33687 -1.28736 -0.43329
v 65.84961 -1.30273 -0.41622
v 65.84961 -0.96760 -0.34248
v 64.82452 -0.92958 -0.37346
v 65.18910 -0.94221 -0.36222
v 65.33687 -0.94790 -0.35776
v 64.82452 -0.58982 -0.30998
v 65.18910 -0.60546 -0.29993
v 65.33687 -0.61239 -0.29594
v 65.84961 -0.63638 -0.28227
v 60.77122 -2.10556 0.68388
v 61.20384 -2.10458 0.69414
v 61.27104 -2.10452 0.69543
v 61.77334 -2.10394 0.70471
v 60.77122 -1.73342 0.80919
v 61.20384 -1.73574 0.81754
v 61.27104 -1.73620 0.81854
v 61.77334 -1.73957 0.82561
v 62.27784 -2.10321 0.71332
v 62.78431 -2.10233 0.72126
v 63.19774 -2.10151 0.72720
v 62.27784 -1.74280 0.83200
v 62.78431 -1.74589 0.83769
v 63.19774 -1.74830 0.84179
v 60.77122 -1.35814 0.90524
v 60.77122 -0.98417 0.97911
v 61.20384 -1.36376 0.91173
v 61.27104 -1.36475 0.91244
v 61.77334 -1.37208 0.91739
v 61.20384 -0.99308 0.98380
v 61.27104 -0.99460 0.98424
v 61.77334 -1.00588 0.98718
v 60.77122 -0.61346 1.03171
v 61.20384 -0.62565 1.03470
v 61.27104 -0.62769 1.03489
v 61.77334 -0.64290 1.03597
v 62.27784 -1.37930 0.92168
v 62.27784 -1.01709 0.98949
v 62.78431 -1.38641 0.92528
v 63.19774 -1.39210 0.92769
v 62.78431 -1.02821 0.99116
v 63.19774 -1.03720 0.99202
v 62.27784 -0.65808 1.03648
v 62.78431 -0.67321 1.03639
v 63.19774 -0.68549 1.03587
v 63.29247 -2.10143 0.72818
v 63.80206 -2.10092 0.73302
v 64.31284 -2.10027 0.73717
v 63.29247 -1.74898 0.84235
v 63.80206 -1.75254 0.84493
v 64.31284 -1.75598 0.84678
v 64.82452 -2.09950 0.74059
v 65.18910 -2.09888 0.74260
v 65.33687 -2.09914 0.74304
v 65.84961 -2.10007 0.74435
v 64.82452 -1.75930 0.84789
v 65.18910 -1.76159 0.84825
v 65.33687 -1.76304 0.84803
v 65.84961 -1.76813 0.84707
v 65.84961 -1.43370 0.92271
v 63.29247 -1.39355 0.92787
v 63.80206 -1.40127 0.92842
v 63.29247 -1.03942 0.99186
v 63.80206 -1.05130 0.99060
v 64.31284 -1.40888 0.92827
v 64.31284 -1.06310 0.98867
v 63.29247 -0.68849 1.03541
v 63.80206 -0.70454 1.03255
v 64.31284 -0.72053 1.02909
v 64.82452 -1.41637 0.92739
v 65.18910 -1.42165 0.92635
v 65.33687 -1.42434 0.92557
v 64.82452 -1.07482 0.98607
v 65.18910 -1.08311 0.98383
v 65.33687 -1.08704 0.98257
v 65.84961 -1.10070 0.97808
v 64.82452 -0.73648 1.02502
v 65.18910 -0.74779 1.02177
v 65.33687 -0.75296 1.02012
v 65.84961 -0.77094 1.01428
v 60.77122 -0.41745 -0.44056
v 61.20384 -0.43467 -0.42526
v 61.27104 -0.43756 -0.42287
v 61.77334 -0.45901 -0.40533
v 60.77122 -0.05084 -0.37771
v 61.20384 -0.07145 -0.36372
v 61.27104 -0.07488 -0.36153
v 61.77334 -0.10038 -0.34548
v 60.77122 0.30724 -0.32682
v 61.20384 0.28333 -0.31411
v 61.27104 0.27937 -0.31211
v 61.77334 0.24993 -0.29750
v 62.27784 -0.48037 -0.38828
v 62.27784 -0.12579 -0.32992
v 62.78431 -0.15111 -0.31487
v 63.19774 -0.17163 -0.30301
v 62.27784 0.22056 -0.28336
v 62.78431 0.19127 -0.26972
v 63.19774 0.16750 -0.25901
v 60.77122 0.65479 -0.28663
v 61.20384 0.62768 -0.27512
v 61.27104 0.62321 -0.27331
v 61.77334 0.58994 -0.26003
v 60.77122 0.99054 -0.25754
v 60.77122 1.31128 -0.23494
v 61.20384 0.96033 -0.24717
v 61.27104 0.95537 -0.24553
v 61.77334 0.91842 -0.23352
v 61.20384 1.27812 -0.22565
v 61.27104 1.27269 -0.22417
v 61.77334 1.23221 -0.21337
v 62.27784 0.55672 -0.24723
v 62.27784 0.88148 -0.22196
v 62.78431 0.52356 -0.23491
v 63.19774 0.49664 -0.22526
v 62.78431 0.84458 -0.21085
v 63.19774 0.81460 -0.20217
v 62.27784 1.19173 -0.20297
v 63.19774 1.11836 -0.18524
v 62.78431 1.15126 -0.19301
v 63.29247 -0.17659 -0.30028
v 63.80206 -0.20320 -0.28596
v 64.31284 -0.22965 -0.27222
v 63.29247 0.16178 -0.25654
v 63.80206 0.13109 -0.24359
v 64.31284 0.10054 -0.23122
v 64.31284 0.42098 -0.20019
v 65.18910 -0.27457 -0.25011
v 65.33687 -0.28272 -0.24654
v 64.82452 -0.25595 -0.25910
v 65.84961 -0.31096 -0.23431
v 64.82452 0.07015 -0.21945
v 65.18910 0.04860 -0.21142
v 65.33687 0.03925 -0.20822
v 64.82452 0.38659 -0.18964
v 65.18910 0.36219 -0.18246
v 65.33687 0.35167 -0.17960
v 65.84961 0.00684 -0.19728
v 65.84961 0.31520 -0.16980
v 63.29247 0.49018 -0.22302
v 63.80206 0.45552 -0.21132
v 63.29247 0.80742 -0.20015
v 63.80206 0.76892 -0.18960
v 64.31284 0.73052 -0.17958
v 63.29247 1.11050 -0.18341
v 63.80206 1.06832 -0.17392
v 64.31284 1.02623 -0.16492
v 64.31284 1.30635 -0.15473
v 65.33687 0.65343 -0.16111
v 64.82452 0.69225 -0.17010
v 65.18910 0.66509 -0.16368
v 65.84961 0.61302 -0.15231
v 64.82452 0.98424 -0.15643
v 65.18910 0.95443 -0.15069
v 65.33687 0.94169 -0.14838
v 64.82452 1.26084 -0.14714
v 65.18910 1.22852 -0.14201
v 65.33687 1.21474 -0.13995
v 65.84961 0.89750 -0.14048
v 65.84961 1.16697 -0.13286
v 60.77122 -0.24805 1.06424
v 61.77334 -0.28515 1.06500
v 61.20384 -0.26347 1.06566
v 61.27104 -0.26604 1.06561
v 60.77122 0.10998 1.07818
v 61.20384 0.09138 1.07813
v 61.27104 0.08831 1.07787
v 61.77334 0.06537 1.07571
v 61.77334 0.40877 1.06421
v 62.27784 -0.30426 1.06388
v 62.78431 -0.32338 1.06222
v 63.19774 -0.33892 1.06048
v 62.27784 0.04238 1.07311
v 62.27784 0.38195 1.06035
v 62.78431 0.01934 1.07007
v 63.19774 0.00057 1.06726
v 62.78431 0.35503 1.05615
v 63.19774 0.33307 1.05246
v 60.77122 0.46081 1.06951
v 60.77122 0.80000 1.04588
v 61.20384 0.43907 1.06815
v 61.27104 0.43550 1.06771
v 61.27104 0.77114 1.04278
v 61.20384 0.77520 1.04338
v 61.77334 0.74073 1.03812
v 60.77122 1.12563 1.00886
v 61.27104 1.09333 1.00464
v 61.20384 1.09787 1.00538
v 61.77334 1.05934 0.99904
v 62.27784 0.71017 1.03321
v 63.19774 0.65439 1.02363
v 62.78431 0.67947 1.02804
v 62.27784 1.02516 0.99327
v 62.27784 1.32510 0.94218
v 62.78431 0.99079 0.98733
v 63.19774 0.96270 0.98237
v 63.19774 1.25620 0.93035
v 62.78431 1.28720 0.93569
v 63.29247 -0.34268 1.05975
v 63.80206 -0.36287 1.05553
v 64.31284 -0.38305 1.05077
v 64.31284 -0.05253 1.05508
v 63.29247 -0.00394 1.06630
v 63.80206 -0.02823 1.06091
v 63.29247 0.32781 1.05132
v 63.80206 0.29947 1.04503
v 64.31284 0.27108 1.03840
v 64.82452 -0.40320 1.04548
v 65.18910 -0.41753 1.04140
v 65.33687 -0.42394 1.03944
v 64.82452 -0.07685 1.04880
v 65.18910 -0.09416 1.04407
v 65.33687 -0.10179 1.04186
v 65.84961 -0.44622 1.03251
v 65.84961 -0.12833 1.03411
v 64.82452 0.24263 1.03142
v 65.18910 0.22235 1.02625
v 65.33687 0.21350 1.02389
v 65.84961 0.18275 1.01560
v 63.29247 0.64840 1.02236
v 63.80206 0.61611 1.01537
v 64.31284 0.58372 1.00814
v 64.31284 0.88363 0.96589
v 63.29247 0.95599 0.98099
v 63.80206 0.91988 0.97351
v 63.29247 1.24881 0.92891
v 63.80206 1.20901 0.92114
v 64.31284 1.16903 0.91332
v 64.82452 0.55124 1.00067
v 65.18910 0.52808 0.99521
v 65.33687 0.51804 0.99276
v 64.82452 0.84724 0.95812
v 65.18910 0.82128 0.95251
v 65.33687 0.81010 0.95002
v 65.84961 0.48318 0.98415
v 65.84961 0.77125 0.94128
v 65.18910 1.10024 0.89981
v 65.33687 1.08796 0.89733
v 64.82452 1.12889 0.90545
v 65.33687 1.34995 0.83646
v 65.84961 1.04529 0.88865
v 65.84961 1.30365 0.82799
v 55.05725 1.37332 -0.41989
v 55.22468 1.36320 -0.41455
v 55.05725 1.73050 -0.38029
v 55.22468 1.71942 -0.37554
v 55.50801 1.69919 -0.36760
v 55.96419 1.66669 -0.35495
v 55.05725 2.06887 -0.34677
v 55.22468 2.05689 -0.34257
v 55.50801 2.03505 -0.33552
v 55.96419 1.99995 -0.32429
v 56.42554 1.63392 -0.34236
v 57.21858 1.57782 -0.32122
v 57.36285 1.56718 -0.31741
v 56.89185 1.60090 -0.32985
v 56.42554 1.96453 -0.31311
v 56.42554 2.27492 -0.28853
v 57.21858 1.90387 -0.29435
v 56.89185 1.92883 -0.30201
v 57.36285 1.89235 -0.29095
v 56.89185 2.23670 -0.27872
v 57.21858 2.20996 -0.27195
v 57.36285 2.19762 -0.26893
v 55.05725 2.38657 -0.31826
v 55.22468 2.37375 -0.31455
v 55.05725 2.68180 -0.29359
v 55.22468 2.66819 -0.29035
v 55.50801 2.35039 -0.30832
v 55.96419 2.31283 -0.29841
v 55.50801 2.64341 -0.28487
v 55.96419 2.60356 -0.27614
v 55.05725 2.95223 -0.27025
v 55.22468 2.93789 -0.26741
v 55.05725 3.19633 -0.24728
v 55.22468 3.18132 -0.24478
v 55.50801 2.91179 -0.26259
v 55.96419 2.86982 -0.25490
v 55.50801 3.15402 -0.24051
v 55.96419 3.11011 -0.23370
v 56.42554 2.56333 -0.26744
v 57.21858 2.49435 -0.25284
v 57.36285 2.48124 -0.25017
v 56.89185 2.52274 -0.25880
v 56.42554 2.82744 -0.24725
v 56.42554 3.06576 -0.22693
v 56.89185 2.78468 -0.23964
v 57.21858 2.75477 -0.23440
v 57.36285 2.74095 -0.23204
v 56.89185 3.02101 -0.22020
v 57.21858 2.98970 -0.21555
v 57.21858 3.19749 -0.19466
v 57.36285 2.97523 -0.21346
v 57.36285 3.18245 -0.19279
v 57.83833 1.53218 -0.30503
v 58.31803 1.49700 -0.29282
v 58.80170 1.46166 -0.28082
v 58.80170 1.77805 -0.25834
v 57.83833 1.85446 -0.27991
v 57.83833 2.15701 -0.25913
v 58.31803 1.81635 -0.26903
v 58.31803 2.11614 -0.24948
v 58.80170 2.07505 -0.23999
v 59.21248 1.43175 -0.27088
v 59.28911 1.42579 -0.26903
v 59.21248 1.74562 -0.24949
v 59.28911 1.73917 -0.24784
v 59.78000 1.38771 -0.25735
v 59.78000 1.69794 -0.23740
v 60.27412 1.65659 -0.22725
v 59.21248 2.04024 -0.23215
v 59.28911 2.03333 -0.23067
v 59.78000 1.98915 -0.22138
v 60.27412 1.94481 -0.21234
v 59.78000 2.25968 -0.20808
v 60.27412 2.21256 -0.20007
v 57.83833 2.43809 -0.24150
v 57.83833 2.69546 -0.22437
v 58.31803 2.39466 -0.23296
v 58.80170 2.35097 -0.22458
v 58.31803 2.64966 -0.21682
v 58.80170 2.60359 -0.20941
v 57.83833 2.92762 -0.20665
v 57.83833 3.13294 -0.18673
v 58.31803 2.87967 -0.19995
v 58.80170 2.83141 -0.19338
v 58.31803 3.08308 -0.18078
v 58.80170 3.03290 -0.17495
v 59.21248 2.31395 -0.21764
v 59.28911 2.30661 -0.21633
v 59.21248 2.56453 -0.20329
v 59.28911 2.55680 -0.20213
v 60.27412 2.45767 -0.18772
v 59.78000 2.50734 -0.19482
v 59.78000 2.73066 -0.18044
v 60.27412 2.67868 -0.17415
v 59.21248 2.79051 -0.18796
v 59.28911 2.78242 -0.18693
v 59.21248 2.99035 -0.17015
v 59.28911 2.98195 -0.16923
v 59.21248 3.16281 -0.14881
v 59.28911 3.15413 -0.14800
v 59.78000 2.92816 -0.16348
v 60.27412 2.87413 -0.15791
v 59.78000 3.09860 -0.14290
v 60.27412 3.04281 -0.13800
v 60.27412 3.18384 -0.11396
v 55.05725 1.46420 1.02567
v 55.22468 1.45567 1.02633
v 55.05725 1.80888 0.99296
v 55.22468 1.79948 0.99299
v 55.50801 1.43973 1.02671
v 55.96419 1.41407 1.02718
v 55.50801 1.78197 0.99235
v 55.96419 1.75376 0.99122
v 55.05725 2.13592 0.94541
v 55.22468 2.12564 0.94495
v 55.50801 2.10656 0.94356
v 55.96419 2.07582 0.94122
v 56.42554 1.38812 1.02747
v 56.42554 1.72522 0.98994
v 56.89185 1.36189 1.02759
v 56.89185 1.69635 0.98851
v 57.21858 1.67611 0.98742
v 57.36285 1.66671 0.98657
v 56.42554 2.04469 0.93876
v 56.89185 2.01320 0.93618
v 57.21858 1.99111 0.93431
v 57.36285 1.98085 0.93315
v 55.05725 2.44495 0.88113
v 55.22468 2.43379 0.88034
v 55.05725 2.73179 0.80711
v 55.22468 2.71976 0.80613
v 55.50801 2.41313 0.87845
v 55.96419 2.37985 0.87535
v 55.50801 2.69756 0.80398
v 55.96419 2.66179 0.80046
v 55.05725 2.99460 0.72522
v 55.22468 2.98172 0.72418
v 55.50801 2.95802 0.72200
v 55.96419 2.91984 0.71845
v 55.50801 3.19272 0.63462
v 55.96419 3.15221 0.63140
v 56.42554 2.34614 0.87213
v 56.42554 2.62557 0.79686
v 56.89185 2.31204 0.86881
v 57.21858 2.28811 0.86645
v 57.36285 2.27700 0.86511
v 56.89185 2.58892 0.79316
v 57.21858 2.56321 0.79055
v 57.36285 2.55127 0.78913
v 56.42554 2.88118 0.71482
v 56.42554 3.11122 0.62810
v 56.89185 2.84207 0.71111
v 57.21858 2.81464 0.70850
v 57.36285 2.80191 0.70711
v 56.89185 3.06975 0.62474
v 57.21858 3.04068 0.62236
v 57.36285 3.02720 0.62111
v 57.83833 1.63570 0.98369
v 58.80170 1.57276 0.97748
v 58.31803 1.60438 0.98066
v 57.83833 1.94700 0.92927
v 57.83833 2.24035 0.86064
v 58.31803 1.91281 0.92528
v 58.80170 1.87827 0.92119
v 58.31803 2.20331 0.85610
v 58.80170 2.16589 0.85149
v 59.21248 1.54587 0.97470
v 59.28911 1.54048 0.97400
v 59.78000 1.50589 0.96945
v 60.27412 1.47101 0.96477
v 59.78000 1.80530 0.91155
v 60.27412 1.76728 0.90619
v 59.21248 1.84889 0.91766
v 59.28911 1.84301 0.91684
v 59.21248 2.13407 0.84754
v 59.28911 2.12771 0.84667
v 59.78000 2.08697 0.84103
v 60.27412 2.04587 0.83535
v 59.28911 3.19845 0.43134
v 59.78000 3.14482 0.42847
v 60.27412 3.09082 0.42551
v 57.83833 2.51190 0.78443
v 58.31803 2.47212 0.77968
v 58.80170 2.43195 0.77487
v 58.31803 2.71753 0.69791
v 58.80170 2.67471 0.69324
v 57.83833 2.75994 0.70253
v 57.83833 2.98275 0.61699
v 57.83833 3.17860 0.53017
v 58.31803 2.93785 0.61282
v 58.80170 2.89254 0.60861
v 58.31803 3.13138 0.52675
v 58.80170 3.08375 0.52329
v 59.28911 2.39096 0.76989
v 59.21248 2.39777 0.77078
v 59.21248 2.63830 0.68927
v 59.28911 2.63106 0.68842
v 59.78000 2.34730 0.76421
v 60.27412 2.30328 0.75850
v 59.78000 2.58464 0.68299
v 60.27412 2.53784 0.67755
v 59.28911 2.84637 0.60426
v 59.21248 2.85401 0.60502
v 59.21248 3.04327 0.52032
v 59.28911 3.03525 0.51969
v 59.78000 2.79736 0.59938
v 60.27412 2.74798 0.59448
v 60.27412 2.93208 0.51151
v 59.78000 2.98385 0.51562
v 55.05725 3.41229 -0.22284
v 55.22468 3.39668 -0.22062
v 55.05725 3.59868 -0.19572
v 55.22468 3.58255 -0.19374
v 55.50801 3.36830 -0.21683
v 55.96419 3.32267 -0.21078
v 55.50801 3.55324 -0.19035
v 55.96419 3.50611 -0.18495
v 55.96419 3.65945 -0.15573
v 55.05725 3.75450 -0.16542
v 55.05725 3.87717 -0.12759
v 55.22468 3.73793 -0.16364
v 55.22468 3.86024 -0.12594
v 55.50801 3.70785 -0.16059
v 55.50801 3.82951 -0.12311
v 55.96419 3.78009 -0.11861
v 56.42554 3.27657 -0.20475
v 56.42554 3.45850 -0.17958
v 56.42554 3.61057 -0.15091
v 56.89185 3.23005 -0.19878
v 56.89185 3.41044 -0.17425
v 57.21858 3.37681 -0.17058
v 57.36285 3.36128 -0.16892
v 57.21858 3.52671 -0.14285
v 56.89185 3.56124 -0.14613
v 57.21858 3.64453 -0.10674
v 57.36285 3.51076 -0.14136
v 57.36285 3.62825 -0.10537
v 56.42554 3.73018 -0.11415
v 56.89185 3.67979 -0.10975
v 57.83833 3.31013 -0.16352
v 57.83833 3.45825 -0.13654
v 57.83833 3.57465 -0.10097
v 58.31803 3.25862 -0.15822
v 58.31803 3.40537 -0.13182
v 58.80170 3.20677 -0.15306
v 58.80170 3.35213 -0.12723
v 58.31803 3.52066 -0.09669
v 59.21248 3.30699 -0.12348
v 59.28911 3.29808 -0.12276
v 59.78000 3.24110 -0.11827
v 55.05725 3.62360 0.44794
v 55.22468 3.60834 0.44758
v 55.50801 3.58048 0.44673
v 55.96419 3.53563 0.44531
v 55.05725 3.96720 -0.08466
v 55.05725 4.02208 -0.03190
v 55.22468 3.94998 -0.08306
v 55.22468 4.00471 -0.03039
v 55.05725 4.00509 0.14894
v 55.05725 3.97939 0.17167
v 55.05725 4.03005 0.05668
v 55.22468 3.98680 0.15264
v 55.22468 3.96185 0.17386
v 55.22468 4.01233 0.05892
v 55.96419 3.86853 -0.07600
v 55.96419 3.87901 0.18306
v 55.50801 3.91876 -0.08033
v 55.50801 3.97322 -0.02784
v 55.96419 3.92257 -0.02381
v 55.50801 3.98024 0.06265
v 55.50801 3.93008 0.17744
v 55.50801 3.95378 0.15877
v 55.96419 3.92866 0.06853
v 55.96419 3.90076 0.16841
v 55.22468 3.88285 0.24708
v 55.05725 3.77717 0.34666
v 55.22468 3.76116 0.34685
v 55.05725 3.89955 0.24620
v 55.50801 3.85249 0.24842
v 55.96419 3.80366 0.25049
v 55.50801 3.73201 0.34699
v 55.96419 3.68509 0.34716
v 56.42554 3.49027 0.44382
v 56.42554 3.63767 0.34724
v 57.21858 3.41230 0.44111
v 57.36285 3.39743 0.44047
v 57.36285 3.65361 0.25602
v 56.89185 3.44442 0.44225
v 56.89185 3.58976 0.34723
v 57.21858 3.55622 0.34717
v 57.36285 3.54071 0.34703
v 56.42554 3.81781 -0.07173
v 56.42554 3.87142 -0.01985
v 56.42554 3.87662 0.07429
v 56.42554 3.82750 0.18854
v 56.42554 3.84734 0.17785
v 56.89185 3.76661 -0.06752
v 57.21858 3.73079 -0.06465
v 56.89185 3.81981 -0.01596
v 57.21858 3.78369 -0.01332
v 57.36285 3.71425 -0.06336
v 57.36285 3.76701 -0.01215
v 56.89185 3.77557 0.19385
v 57.21858 3.73926 0.19741
v 57.21858 3.75603 0.19322
v 56.89185 3.82416 0.07990
v 57.21858 3.78747 0.08369
v 56.89185 3.79357 0.18703
v 57.36285 3.77056 0.08532
v 57.36285 3.72253 0.19891
v 57.36285 3.73876 0.19586
v 56.42554 3.75434 0.25247
v 56.89185 3.70455 0.25434
v 57.21858 3.66970 0.25557
v 55.05725 3.23156 0.63756
v 55.22468 3.21786 0.63660
v 55.22468 3.42630 0.54590
v 55.05725 3.44078 0.54665
v 55.50801 3.39978 0.54433
v 55.96419 3.35708 0.54178
v 56.42554 3.31387 0.53915
v 56.89185 3.27018 0.53645
v 57.21858 3.23956 0.53454
v 57.36285 3.22537 0.53352
v 57.83833 3.65981 -0.05923
v 58.31803 3.60498 -0.05523
v 58.31803 3.65685 -0.00483
v 58.80170 3.46631 -0.09254
v 58.80170 3.54979 -0.05138
v 58.80170 3.60122 -0.00141
v 58.31803 3.65895 0.09546
v 58.80170 3.60268 0.10013
v 57.83833 3.34843 0.43833
v 57.83833 3.60063 0.25741
v 57.83833 3.48963 0.34650
v 58.80170 3.38623 0.34508
v 58.31803 3.29900 0.43610
v 58.80170 3.24916 0.43380
v 58.31803 3.54725 0.25863
v 58.31803 3.61210 0.20808
v 58.31803 3.62501 0.21221
v 58.80170 3.49351 0.25968
v 58.80170 3.55644 0.21221
v 58.80170 3.56782 0.21968
v 58.31803 3.43812 0.34585
v 57.83833 3.71213 -0.00842
v 57.83833 3.71492 0.09052
v 57.83833 3.66748 0.20363
v 57.83833 3.68200 0.20425
v 59.21248 3.42023 -0.08916
v 59.28911 3.41114 -0.08852
v 59.21248 3.50301 -0.04827
v 59.28911 3.49379 -0.04768
v 59.28911 3.54477 0.00184
v 59.21248 3.55406 0.00133
v 59.28911 3.54564 0.10447
v 59.21248 3.55502 0.10382
v 59.78000 3.35300 -0.08453
v 60.27412 3.29459 -0.08073
v 60.27412 3.37552 -0.04067
v 60.27412 3.42560 0.00783
v 60.27412 3.42551 0.11207
v 59.78000 3.43479 -0.04407
v 59.78000 3.48532 0.00495
v 59.78000 3.48568 0.10846
v 59.21248 3.34218 0.34433
v 59.28911 3.33349 0.34413
v 59.21248 3.20683 0.43179
v 59.21248 3.44794 0.26041
v 59.28911 3.43895 0.26050
v 59.21248 3.50930 0.21543
v 59.21248 3.51948 0.22557
v 59.28911 3.50002 0.21598
v 59.28911 3.50998 0.22660
v 59.78000 3.27779 0.34279
v 59.78000 3.38144 0.26093
v 60.27412 3.22177 0.34130
v 60.27412 3.32364 0.26114
v 60.27412 3.38121 0.22212
v 60.27412 3.38861 0.23845
v 59.78000 3.44072 0.21925
v 59.78000 3.44934 0.23285
v 60.77122 1.61513 -0.21739
v 61.20384 1.57917 -0.20911
v 61.27104 1.57330 -0.20779
v 61.77334 1.52948 -0.19810
v 61.77334 1.80851 -0.18639
v 60.77122 1.90034 -0.20358
v 60.77122 2.16528 -0.19230
v 61.20384 1.86175 -0.19623
v 61.27104 1.85546 -0.19504
v 61.20384 2.12424 -0.18579
v 61.27104 2.11756 -0.18473
v 61.77334 2.06770 -0.17703
v 62.27784 1.48564 -0.18880
v 62.27784 1.76150 -0.17808
v 62.78431 1.44179 -0.17989
v 63.19774 1.40611 -0.17295
v 62.78431 1.71447 -0.17014
v 63.19774 1.67619 -0.16396
v 62.27784 2.01776 -0.16964
v 62.27784 2.25233 -0.16079
v 62.78431 1.96777 -0.16259
v 63.19774 1.92707 -0.15710
v 62.78431 2.19964 -0.15456
v 63.19774 2.15672 -0.14973
v 60.77122 2.40782 -0.18086
v 60.77122 2.62650 -0.16808
v 61.20384 2.36453 -0.17511
v 61.27104 2.35749 -0.17417
v 61.77334 2.30496 -0.16733
v 61.20384 2.58118 -0.16301
v 61.27104 2.57382 -0.16217
v 61.77334 2.51888 -0.15612
v 61.77334 2.70805 -0.14203
v 60.77122 2.81988 -0.15255
v 60.77122 2.98679 -0.13330
v 60.77122 3.12635 -0.10986
v 61.20384 2.77276 -0.14810
v 61.27104 2.76512 -0.14736
v 61.20384 2.93812 -0.12941
v 61.27104 2.93024 -0.12876
v 61.77334 2.87135 -0.12412
v 61.20384 3.07640 -0.10648
v 61.27104 3.06831 -0.10593
v 61.77334 3.00791 -0.10192
v 62.27784 2.46382 -0.15034
v 62.27784 2.65086 -0.13697
v 62.78431 2.40869 -0.14486
v 63.19774 2.36378 -0.14062
v 62.78431 2.59358 -0.13219
v 63.19774 2.54691 -0.12852
v 63.19774 2.70502 -0.11248
v 62.27784 2.81232 -0.11973
v 62.27784 2.94737 -0.09818
v 62.78431 2.75320 -0.11562
v 62.78431 2.88672 -0.09470
v 63.29247 1.39761 -0.17131
v 63.80206 1.35194 -0.16279
v 63.29247 1.66708 -0.16250
v 63.80206 1.61814 -0.15487
v 64.31284 1.56926 -0.14767
v 63.29247 1.91739 -0.15580
v 63.80206 1.86542 -0.14900
v 63.29247 2.14653 -0.14857
v 63.80206 2.09178 -0.14255
v 64.31284 1.81348 -0.14259
v 64.31284 2.03705 -0.13690
v 64.31284 2.23864 -0.12937
v 64.82452 1.52045 -0.14091
v 65.18910 1.48576 -0.13635
v 65.33687 1.47102 -0.13450
v 64.82452 1.76160 -0.13659
v 65.18910 1.72472 -0.13254
v 65.33687 1.70907 -0.13090
v 65.84961 1.41989 -0.12817
v 65.84961 1.65483 -0.12525
v 64.82452 1.98237 -0.13161
v 65.33687 1.92702 -0.12661
v 65.18910 1.94349 -0.12806
v 64.82452 2.18144 -0.12478
v 65.18910 2.14076 -0.12171
v 65.33687 2.12356 -0.12044
v 65.84961 1.86993 -0.12163
v 65.84961 2.06391 -0.11611
v 65.84961 2.23555 -0.10749
v 63.29247 2.35312 -0.13960
v 63.80206 2.29588 -0.13432
v 63.80206 2.47641 -0.12305
v 63.29247 2.53584 -0.12763
v 63.29247 2.69361 -0.11172
v 63.80206 2.63229 -0.10782
v 64.31284 2.41696 -0.11879
v 64.31284 2.57096 -0.10424
v 64.82452 2.35755 -0.11486
v 65.18910 2.31529 -0.11226
v 65.33687 2.29745 -0.11119
v 65.18910 2.46605 -0.09884
v 65.33687 2.44765 -0.09795
v 64.82452 2.50966 -0.10097
v 65.84961 2.38384 -0.09490
v 60.77122 1.43587 0.95998
v 60.77122 1.72895 0.90077
v 61.20384 1.40523 0.95572
v 61.27104 1.40023 0.95489
v 61.77334 1.36279 0.94858
v 61.20384 1.69553 0.89601
v 61.27104 1.69007 0.89511
v 61.77334 1.64929 0.88840
v 60.77122 2.25890 0.75279
v 61.27104 2.21391 0.74695
v 61.20384 2.22021 0.74785
v 61.77334 2.16683 0.74031
v 60.77122 2.00444 0.82964
v 61.20384 1.96832 0.82467
v 61.27104 1.96243 0.82376
v 61.77334 1.91841 0.81695
v 62.27784 1.60823 0.88165
v 62.78431 1.56691 0.87487
v 63.19774 1.53312 0.86934
v 63.19774 1.79303 0.79788
v 62.27784 2.11944 0.73370
v 63.19774 2.03277 0.72181
v 62.78431 2.07177 0.72713
v 63.19774 2.25080 0.64299
v 62.27784 1.87410 0.81016
v 62.78431 1.82951 0.80338
v 61.20384 3.18498 -0.07422
v 61.27104 3.17673 -0.07374
v 61.77334 3.11516 -0.07034
v 61.77334 3.19354 -0.03168
v 60.77122 3.16545 0.33966
v 60.77122 3.03649 0.42248
v 61.77334 2.92432 0.41562
v 61.20384 3.11647 0.33812
v 61.27104 3.10854 0.33782
v 61.77334 3.04934 0.33549
v 61.77334 3.19909 0.22781
v 61.77334 3.14609 0.25999
v 61.20384 2.98921 0.41978
v 61.27104 2.98155 0.41930
v 62.78431 2.66130 0.48871
v 63.19774 2.61589 0.48479
v 62.27784 3.05344 -0.06720
v 62.27784 3.13097 -0.02909
v 62.27784 3.17925 0.01705
v 62.27784 3.17812 0.12225
v 63.19774 2.83729 -0.09207
v 63.19774 2.94123 -0.06221
v 62.78431 2.99161 -0.06433
v 62.78431 3.06830 -0.02680
v 62.78431 3.11612 0.01869
v 63.19774 3.01724 -0.02516
v 63.19774 3.06469 0.01978
v 62.78431 3.11493 0.12360
v 63.19774 3.06350 0.12431
v 62.27784 2.86682 0.41186
v 62.27784 3.08502 0.25892
v 62.27784 2.98992 0.33301
v 62.27784 3.13668 0.22862
v 62.27784 3.14035 0.25334
v 62.78431 2.93030 0.33036
v 63.19774 2.88167 0.32807
v 62.78431 2.80910 0.40804
v 63.19774 2.76196 0.40487
v 62.78431 3.02382 0.25757
v 62.78431 3.07425 0.22888
v 62.78431 3.07729 0.25498
v 63.19774 3.02344 0.22868
v 63.19774 2.97393 0.25625
v 63.19774 3.02607 0.25567
v 60.77122 2.49069 0.67211
v 60.77122 2.69823 0.58958
v 61.27104 2.44290 0.66657
v 61.20384 2.44958 0.66741
v 61.77334 2.39295 0.66033
v 61.20384 2.65488 0.58533
v 61.27104 2.64784 0.58457
v 61.77334 2.59524 0.57896
v 60.77122 2.87996 0.50737
v 61.20384 2.83456 0.50376
v 61.27104 2.82720 0.50312
v 61.77334 2.77218 0.49833
v 62.27784 2.34269 0.65412
v 62.27784 2.54233 0.57336
v 62.27784 2.71687 0.49352
v 62.78431 2.48913 0.56780
v 63.19774 2.44566 0.56330
v 62.78431 2.29214 0.64797
v 64.31284 1.69072 0.78121
v 63.29247 1.52508 0.86788
v 63.80206 1.48174 0.86005
v 63.29247 1.78436 0.79645
v 63.80206 1.73765 0.78880
v 64.31284 1.43821 0.85223
v 63.29247 2.02351 0.72045
v 63.80206 1.97364 0.71316
v 63.80206 2.18819 0.63495
v 63.29247 2.24100 0.64172
v 64.31284 1.92354 0.70595
v 64.31284 2.13516 0.62826
v 64.82452 1.64360 0.77368
v 65.18910 1.60996 0.76836
v 65.33687 1.59563 0.76604
v 65.84961 1.54588 0.75797
v 65.84961 1.76912 0.68407
v 64.82452 1.39449 0.84443
v 65.18910 1.36328 0.83888
v 65.18910 2.04395 0.61700
v 65.33687 2.02785 0.61500
v 64.82452 1.87323 0.69883
v 65.18910 1.83733 0.69381
v 65.33687 1.82208 0.69163
v 64.82452 2.08193 0.62166
v 64.82452 2.26830 0.54399
v 65.18910 2.22844 0.53976
v 65.33687 2.21158 0.53795
v 65.84961 1.97195 0.60803
v 65.84961 2.15302 0.53164
v 64.31284 2.69985 -0.08529
v 63.29247 2.60514 0.48379
v 63.80206 2.54727 0.47845
v 63.80206 2.69080 0.39967
v 64.31284 2.48920 0.47312
v 64.31284 2.63063 0.39522
v 63.29247 2.82559 -0.09144
v 63.29247 2.92931 -0.06171
v 63.80206 2.76273 -0.08821
v 63.80206 2.86526 -0.05917
v 63.80206 2.94028 -0.02292
v 63.29247 3.00516 -0.02478
v 63.29247 3.05253 0.02002
v 63.80206 2.98721 0.02113
v 63.29247 3.05135 0.12443
v 63.80206 2.98613 0.12473
v 64.31284 2.80119 -0.05694
v 64.31284 2.87539 -0.02140
v 64.31284 2.92188 0.02190
v 64.31284 2.92098 0.12448
v 63.29247 2.96214 0.25588
v 63.29247 2.87016 0.32747
v 63.80206 2.80831 0.32415
v 63.80206 2.89878 0.25372
v 63.80206 2.94703 0.22756
v 63.80206 2.94920 0.25549
v 63.29247 2.75081 0.40406
v 63.29247 3.01144 0.22856
v 63.29247 3.01399 0.25572
v 64.31284 2.83536 0.25125
v 64.31284 2.74636 0.32066
v 64.31284 2.88269 0.22597
v 64.31284 2.88461 0.25431
v 64.82452 2.63698 -0.08268
v 64.82452 2.73714 -0.05505
v 65.18910 2.59226 -0.08101
v 65.33687 2.57341 -0.08031
v 65.18910 2.69158 -0.05388
v 65.33687 2.67238 -0.05339
v 65.84961 2.50801 -0.07791
v 65.84961 2.60579 -0.05171
v 65.84961 2.67752 -0.01839
v 65.84961 2.72267 0.02256
v 65.84961 2.72264 0.12101
v 64.82452 2.43098 0.46781
v 65.18910 2.38946 0.46404
v 65.33687 2.37192 0.46243
v 64.82452 2.68432 0.31700
v 65.33687 2.62151 0.31315
v 65.18910 2.72679 0.24632
v 65.33687 2.70776 0.24540
v 65.18910 2.64014 0.31430
v 64.82452 2.57034 0.39070
v 65.18910 2.52737 0.38745
v 65.33687 2.50924 0.38606
v 65.84961 2.31102 0.45682
v 65.84961 2.44629 0.38125
v 65.84961 2.55685 0.30915
v 65.84961 2.64174 0.24222
v 65.84961 2.68681 0.21825
v 65.84961 2.68863 0.24616
v 64.82452 2.81052 -0.02022
v 64.82452 2.85656 0.02231
v 65.18910 2.76437 -0.01958
v 65.18910 2.81010 0.02240
v 65.33687 2.74494 -0.01931
v 65.33687 2.79054 0.02244
v 64.82452 2.85591 0.12365
v 65.18910 2.80967 0.12274
v 65.33687 2.79020 0.12236
v 64.82452 2.77193 0.24847
v 64.82452 2.81845 0.22378
v 64.82452 2.82026 0.25218
v 65.18910 2.77279 0.22188
v 65.18910 2.77460 0.25011
v 65.33687 2.75356 0.22107
v 65.33687 2.75537 0.24923
v 63.29247 2.43535 0.56215
v 63.80206 2.37987 0.55604
v 64.31284 2.32418 0.54999
v 60.77122 3.23593 -0.07714
v 60.77122 3.31601 -0.03750
v 60.77122 3.36563 0.01047
v 60.77122 3.36516 0.11528
v 61.27104 3.25596 -0.03455
v 61.20384 3.26432 -0.03496
v 61.20384 3.31354 0.01254
v 61.27104 3.30512 0.01287
v 61.77334 3.24226 0.01511
v 61.20384 3.31281 0.11771
v 61.27104 3.30435 0.11806
v 61.77334 3.24127 0.12039
v 60.77122 3.26558 0.26111
v 60.77122 3.32154 0.22455
v 60.77122 3.32784 0.24337
v 61.20384 3.21513 0.26088
v 61.27104 3.20698 0.26079
v 61.20384 3.26978 0.22628
v 61.27104 3.26143 0.22649
v 61.20384 3.27522 0.24703
v 61.27104 3.26674 0.24753
v 61.77334 3.20351 0.25085
v 66.36247 -7.90927 -4.00365
v 66.36247 -7.98826 -3.78758
v 66.36247 -7.98015 -3.77714
v 66.36247 -7.95589 -3.74580
v 66.36247 -7.91547 -3.69395
v 66.87521 -7.92130 -3.70845
v 66.87521 -7.91327 -3.69818
v 66.36247 -7.90024 -3.99574
v 66.36247 -7.87317 -3.97210
v 66.36247 -7.82810 -3.93296
v 66.87521 -7.84300 -3.92431
v 66.87521 -7.83407 -3.91653
v 66.36247 -7.76516 -3.87863
v 66.36247 -7.68457 -3.80943
v 66.36247 -7.85894 -3.62209
v 66.36247 -7.58624 -3.72669
v 66.36247 -7.47060 -3.63067
v 66.87521 -7.80731 -3.89326
v 66.87521 -7.76277 -3.85474
v 66.87521 -7.70056 -3.80127
v 67.18300 -7.80306 -3.87702
v 67.18300 -7.79419 -3.86931
v 67.18300 -7.76762 -3.84626
v 67.38756 -7.77702 -3.84635
v 67.38756 -7.76820 -3.83869
v 67.18300 -7.72340 -3.80812
v 67.38756 -7.74175 -3.81579
v 67.38756 -7.69774 -3.77788
v 66.87521 -7.88926 -3.66734
v 66.87521 -7.84925 -3.61632
v 67.18300 -7.88094 -3.66129
v 67.18300 -7.87297 -3.65112
v 67.18300 -7.84910 -3.62057
v 67.38756 -7.85464 -3.63071
v 67.38756 -7.84670 -3.62060
v 66.87521 -7.62091 -3.73317
v 66.87521 -7.52374 -3.65174
v 67.18300 -7.66163 -3.75517
v 67.18300 -7.58254 -3.68772
v 67.38756 -7.63627 -3.72526
v 67.38756 -7.55756 -3.65824
v 67.89925 -7.71167 -3.77008
v 67.89925 -7.70295 -3.76254
v 67.89925 -7.67683 -3.74001
v 67.89925 -7.63334 -3.70270
v 67.89925 -7.57262 -3.65092
v 68.41002 -7.64613 -3.69462
v 68.41002 -7.63752 -3.68720
v 68.41002 -7.61172 -3.66502
v 68.41002 -7.56877 -3.62832
v 68.91962 -7.58045 -3.61998
v 68.91962 -7.57195 -3.61268
v 66.36247 -7.78650 -3.53058
v 66.36247 -7.69790 -3.42125
v 66.87521 -7.79330 -3.54561
v 67.18300 -7.80935 -3.57005
v 67.38756 -7.82294 -3.59026
v 67.38756 -7.78334 -3.54006
v 67.18300 -7.75375 -3.50003
v 67.38756 -7.72798 -3.47049
v 66.87521 -7.72160 -3.45556
v 67.18300 -7.68250 -3.41086
v 67.18300 -7.48606 -3.60708
v 67.38756 -7.46155 -3.57812
v 66.87521 -7.63392 -3.34799
v 67.38756 -7.65704 -3.38190
v 66.36247 -7.59348 -3.29453
v 66.36247 -7.47337 -3.15173
v 66.87521 -7.53059 -3.22331
v 67.18300 -7.59537 -3.30433
v 67.38756 -7.57028 -3.27606
v 67.18300 -7.49269 -3.18087
v 67.38756 -7.46804 -3.15341
v 66.36247 -7.33788 -3.52238
v 66.36247 -7.18840 -3.40275
v 66.87521 -7.40945 -3.55725
v 67.18300 -7.37260 -3.51351
v 67.38756 -7.34863 -3.48515
v 66.87521 -7.27829 -3.45070
v 67.18300 -7.24237 -3.40799
v 67.38756 -7.21903 -3.38030
v 66.87521 -7.13057 -3.33299
v 66.36247 -7.02265 -3.27257
v 66.87521 -7.41173 -3.08281
v 67.18300 -7.37459 -3.04175
v 67.18300 -7.09572 -3.29143
v 67.38756 -7.07309 -3.26449
v 67.89925 -7.78863 -3.55467
v 67.89925 -7.78077 -3.54473
v 67.89925 -7.75726 -3.51487
v 67.89925 -7.71810 -3.46549
v 67.89925 -7.49486 -3.58497
v 67.89925 -7.66332 -3.39705
v 68.41002 -7.72244 -3.47943
v 68.41002 -7.71467 -3.46965
v 68.41002 -7.69141 -3.44029
v 68.41002 -7.50879 -3.57737
v 68.91962 -7.54646 -3.59087
v 68.91962 -7.50405 -3.55476
v 68.91962 -7.44481 -3.50464
v 68.41002 -7.65267 -3.39172
v 68.41002 -7.59850 -3.32440
v 68.91962 -7.65611 -3.40503
v 68.91962 -7.64842 -3.39541
v 68.91962 -7.62542 -3.36653
v 68.91962 -7.58711 -3.31876
v 67.89925 -7.59314 -3.30990
v 67.89925 -7.50732 -3.20580
v 68.41002 -7.52908 -3.23868
v 68.91962 -7.53354 -3.25257
v 68.41002 -7.44420 -3.13629
v 68.91962 -7.46489 -3.16828
v 67.89925 -7.40001 -3.50613
v 67.89925 -7.28847 -3.41464
v 68.41002 -7.43199 -3.51248
v 68.41002 -7.33830 -3.43491
v 68.41002 -7.22813 -3.34491
v 68.91962 -7.36897 -3.44081
v 68.91962 -7.27645 -3.36450
v 67.89925 -7.40619 -3.08514
v 67.89925 -7.16045 -3.31148
v 67.89925 -7.01629 -3.19754
v 68.91962 -7.38096 -3.06759
v 68.41002 -7.10170 -3.24343
v 68.91962 -7.16766 -3.27597
v 68.91962 -7.04281 -3.17616
v 66.36247 -7.33778 -2.99411
v 66.36247 -7.18707 -2.82281
v 66.87521 -7.27757 -2.92774
v 67.38756 -7.35045 -3.01520
v 67.18300 -7.24129 -2.88821
v 67.38756 -7.21773 -2.86266
v 66.87521 -7.12845 -2.75921
v 66.36247 -7.02086 -2.64109
v 67.18300 -7.09313 -2.72135
v 67.38756 -7.07022 -2.69689
v 67.89925 -7.28989 -2.94920
v 67.89925 -7.15862 -2.79917
v 68.41002 -7.34419 -3.01764
v 68.41002 -7.22918 -2.88394
v 68.91962 -7.28207 -2.95092
v 68.41002 -7.09938 -2.73640
v 68.91962 -7.16836 -2.81946
v 67.89925 -7.01274 -2.63613
v 68.91962 -7.04003 -2.67440
v 66.36247 -6.84056 -3.13432
v 66.87521 -6.96678 -3.20491
v 66.87521 -6.78685 -3.06889
v 67.18300 -6.93311 -3.16460
v 67.38756 -6.91127 -3.13848
v 67.18300 -6.75448 -3.02993
v 67.89925 -6.85645 -3.07357
v 68.41002 -6.95933 -3.13134
v 68.91962 -6.90223 -3.06592
v 66.36247 -6.64294 -2.98827
v 66.87521 -6.59160 -2.92523
v 67.38756 -6.73351 -3.00468
v 67.18300 -6.56065 -2.88769
v 67.38756 -6.54063 -2.86337
v 66.36247 -6.83996 -2.44932
v 66.87521 -6.96402 -2.58046
v 67.18300 -6.92978 -2.54437
v 67.38756 -6.90759 -2.52108
v 66.36247 -6.43037 -2.83560
v 66.87521 -6.38157 -2.77506
v 67.18300 -6.35215 -2.73902
v 66.36247 -6.20344 -2.67755
v 67.38756 -6.33316 -2.71567
v 66.87521 -6.15737 -2.61962
v 67.18300 -6.12959 -2.58513
v 67.38756 -6.11170 -2.56280
v 67.89925 -6.68088 -2.94195
v 68.41002 -6.80147 -3.00940
v 68.91962 -6.74637 -2.94599
v 68.41002 -6.62810 -2.87994
v 68.91962 -6.57519 -2.81869
v 67.89925 -6.85192 -2.46324
v 68.41002 -6.95513 -2.57609
v 68.91962 -6.89744 -2.51679
v 67.89925 -6.49038 -2.80295
v 68.41002 -6.43998 -2.74324
v 67.89925 -6.28548 -2.65768
v 67.89925 -6.06677 -2.50735
v 68.91962 -6.38946 -2.68427
v 68.41002 -6.23766 -2.60039
v 68.91962 -6.18972 -2.54381
v 69.17690 -7.54717 -3.58255
v 69.17690 -7.53873 -3.57531
v 69.17690 -7.51340 -3.55368
v 69.17690 -7.47126 -3.51787
v 69.42777 -7.51505 -3.54674
v 69.42777 -7.50665 -3.53956
v 69.42777 -7.48149 -3.51810
v 69.17690 -7.62250 -3.36771
v 69.17690 -7.61486 -3.35817
v 69.17690 -7.59199 -3.32954
v 69.42777 -7.59007 -3.33201
v 69.42777 -7.58247 -3.32256
v 69.93423 -7.44998 -3.47492
v 69.93423 -7.44170 -3.46786
v 69.17690 -7.55390 -3.28218
v 69.17690 -7.50063 -3.21655
v 69.42777 -7.55974 -3.29416
v 69.42777 -7.52186 -3.24719
v 69.42777 -7.46889 -3.18210
v 69.93423 -7.52439 -3.26041
v 69.93423 -7.51688 -3.25112
v 69.93423 -7.49441 -3.22320
v 69.93423 -7.45697 -3.17702
v 69.17690 -7.41240 -3.46817
v 69.42777 -7.43961 -3.48259
v 69.17690 -7.33704 -3.40487
v 69.17690 -7.24512 -3.32920
v 69.42777 -7.38113 -3.43329
v 69.42777 -7.30624 -3.37050
v 69.93423 -7.41686 -3.44675
v 69.93423 -7.37552 -3.41182
v 69.93423 -7.31779 -3.36334
v 69.42777 -7.21491 -3.29546
v 69.17690 -7.43238 -3.13297
v 69.17690 -7.34893 -3.03315
v 69.42777 -7.40103 -3.09922
v 69.17690 -7.13703 -3.24141
v 69.42777 -7.10750 -3.20839
v 69.17690 -7.01298 -3.14243
v 69.42777 -6.98425 -3.11022
v 69.93423 -7.24388 -3.30159
v 69.93423 -7.40462 -3.11303
v 69.93423 -7.33755 -3.03154
v 69.93423 -7.15372 -3.22779
v 69.93423 -7.04771 -3.14217
v 70.43874 -7.45870 -3.18971
v 70.43874 -7.45128 -3.18057
v 70.43874 -7.38490 -3.40399
v 70.43874 -7.37673 -3.39705
v 70.43874 -7.35221 -3.37629
v 70.43874 -7.31141 -3.34194
v 70.94104 -7.31178 -3.32716
v 70.94104 -7.31985 -3.33399
v 70.43874 -7.25444 -3.29427
v 70.94104 -7.28759 -3.30676
v 70.94104 -7.24732 -3.27298
v 70.43874 -7.42907 -3.15312
v 70.43874 -7.39208 -3.10773
v 70.43874 -7.34035 -3.04483
v 70.94104 -7.39304 -3.11993
v 70.94104 -7.38571 -3.11095
v 70.94104 -7.36376 -3.08397
v 70.94104 -7.32721 -3.03936
v 70.43874 -7.18149 -3.23355
v 70.94104 -7.19110 -3.22612
v 70.43874 -7.09251 -3.16099
v 70.43874 -6.98789 -3.07680
v 70.94104 -7.11912 -3.16642
v 70.94104 -7.03133 -3.09508
v 71.16826 -7.29033 -3.30252
v 71.16826 -7.28231 -3.29575
v 71.16826 -7.25827 -3.27550
v 71.16826 -7.21825 -3.24199
v 71.44086 -7.25706 -3.26598
v 71.44086 -7.24910 -3.25926
v 71.44086 -7.22523 -3.23920
v 71.16826 -7.36325 -3.08857
v 71.16826 -7.35596 -3.07966
v 71.16826 -7.33413 -3.05289
v 71.44086 -7.32966 -3.05215
v 71.44086 -7.32242 -3.04332
v 71.16826 -7.16237 -3.19548
v 71.44086 -7.18550 -3.20599
v 71.16826 -7.09082 -3.13625
v 71.16826 -7.00357 -3.06546
v 71.44086 -7.13003 -3.15990
v 71.44086 -7.05900 -3.10120
v 69.17690 -7.25061 -2.91747
v 69.42777 -7.31806 -3.00023
v 69.42777 -7.22031 -2.88551
v 69.17690 -7.13756 -2.78715
v 69.42777 -7.10791 -2.75628
v 69.93423 -7.25556 -2.93422
v 69.93423 -7.15896 -2.82145
v 69.17690 -7.00998 -2.64333
v 69.42777 -6.98108 -2.61367
v 69.93423 -7.04789 -2.69440
v 70.43874 -7.27407 -2.96472
v 70.94104 -7.27610 -2.97753
v 70.94104 -7.21062 -2.89880
v 70.43874 -7.19305 -2.86906
v 70.43874 -7.09761 -2.75822
v 70.94104 -7.13058 -2.80479
v 71.16826 -7.29778 -3.00863
v 71.16826 -7.24696 -2.94729
v 71.44086 -7.30074 -3.01681
v 71.44086 -7.26462 -2.97296
v 71.44086 -7.21414 -2.91220
v 71.16826 -7.18184 -2.86918
v 71.16826 -7.10225 -2.77591
v 71.44086 -7.14945 -2.83482
v 71.44086 -7.07038 -2.74243
v 70.43874 -6.98788 -2.63335
v 70.94104 -7.03630 -2.69585
v 71.16826 -7.00849 -2.66784
v 69.17690 -6.87331 -3.03312
v 69.93423 -6.92605 -3.04564
v 71.44086 -6.97238 -3.03105
v 69.42777 -6.84546 -3.00181
v 69.17690 -6.71845 -2.91421
v 69.42777 -6.69160 -2.88388
v 69.17690 -6.54839 -2.78799
v 69.42777 -6.52263 -2.75871
v 69.93423 -6.78907 -2.93904
v 69.93423 -6.63722 -2.82309
v 69.17690 -6.86822 -2.48707
v 69.42777 -6.84015 -2.45872
v 69.93423 -6.92257 -2.55421
v 69.17690 -6.36387 -2.65472
v 69.42777 -6.33930 -2.62655
v 69.17690 -6.16543 -2.51547
v 69.42777 -6.14215 -2.48848
v 69.93423 -6.47046 -2.70003
v 69.93423 -6.28954 -2.57011
v 70.43874 -6.86784 -2.98189
v 70.94104 -6.92809 -3.01232
v 70.94104 -6.80964 -2.91902
v 70.43874 -6.73267 -2.87710
v 70.43874 -6.58282 -2.76311
v 70.94104 -6.67627 -2.81601
v 71.16826 -6.90096 -2.98334
v 71.16826 -6.78324 -2.89077
v 71.44086 -6.87053 -2.94968
v 71.44086 -6.75367 -2.85795
v 71.16826 -6.65069 -2.78856
v 71.44086 -6.62209 -2.75667
v 70.43874 -6.86407 -2.49557
v 70.94104 -6.92791 -2.57314
v 70.94104 -6.52843 -2.70396
v 71.44086 -6.97725 -2.63537
v 71.16826 -6.90070 -2.54610
v 71.44086 -6.87019 -2.51478
v 70.43874 -6.41827 -2.64214
v 70.94104 -6.36609 -2.58508
v 70.43874 -6.23976 -2.51445
v 70.94104 -6.18999 -2.45958
v 71.16826 -6.50376 -2.67740
v 71.44086 -6.47624 -2.64652
v 71.16826 -6.34242 -2.55945
v 71.44086 -6.31610 -2.52966
v 66.36247 -6.64481 -2.24900
v 66.87521 -6.78507 -2.39183
v 67.18300 -6.75202 -2.35762
v 67.38756 -6.73061 -2.33557
v 66.87521 -6.59204 -2.19482
v 67.18300 -6.56026 -2.16258
v 67.38756 -6.53972 -2.14182
v 66.36247 -6.43585 -2.04179
v 66.87521 -6.38537 -1.99103
v 67.18300 -6.35498 -1.96085
v 67.38756 -6.33536 -1.94144
v 67.89925 -6.67693 -2.28081
v 68.41002 -6.79614 -2.40609
v 68.91962 -6.74027 -2.34966
v 68.41002 -6.62315 -2.22673
v 68.91962 -6.56929 -2.17335
v 67.89925 -6.48820 -2.09030
v 67.89925 -6.28617 -1.89329
v 68.41002 -6.43658 -2.03944
v 68.91962 -6.38490 -1.98926
v 66.36247 -6.21357 -1.82945
v 66.87521 -6.16555 -1.78223
v 67.18300 -6.13664 -1.75416
v 67.38756 -6.11802 -1.73614
v 67.89925 -6.07132 -1.69146
v 68.41002 -6.23690 -1.84577
v 68.91962 -6.18757 -1.79892
v 69.17690 -6.71199 -2.32140
v 69.42777 -6.68484 -2.29445
v 69.17690 -6.54202 -2.14663
v 69.93423 -6.78332 -2.40191
v 69.93423 -6.62988 -2.24045
v 69.42777 -6.51588 -2.12115
v 69.93423 -6.09498 -2.43439
v 69.17690 -6.35874 -1.96415
v 69.42777 -6.33370 -1.94023
v 69.93423 -6.46297 -2.07014
v 69.93423 -6.28301 -1.89234
v 70.94104 -6.80561 -2.43775
v 70.43874 -6.72651 -2.34589
v 70.43874 -6.57495 -2.18722
v 70.94104 -6.66975 -2.29067
v 71.16826 -6.77910 -2.41178
v 71.44086 -6.74940 -2.38173
v 71.16826 -6.64401 -2.26588
v 71.44086 -6.61522 -2.23721
v 70.94104 -6.52007 -2.13477
v 71.16826 -6.16740 -2.43495
v 71.44086 -6.14237 -2.40631
v 70.43874 -6.41009 -2.01986
v 70.94104 -6.35727 -1.97035
v 71.16826 -6.49518 -2.11123
v 71.44086 -6.46740 -2.08404
v 71.16826 -6.33332 -1.94813
v 71.44086 -6.30665 -1.92250
v 69.17690 -6.16260 -1.77547
v 69.42777 -6.13873 -1.75317
v 69.93423 -6.09044 -1.70852
v 70.43874 -6.23236 -1.84516
v 70.94104 -6.18177 -1.79872
v 71.16826 -6.15883 -1.77789
v 71.44086 -6.13336 -1.75389
v 71.93796 -7.19620 -3.19976
v 71.93796 -7.18835 -3.19316
v 71.93796 -7.16480 -3.17343
v 71.93796 -7.12561 -3.14077
v 71.93796 -7.07088 -3.09544
v 71.93796 -7.00080 -3.03771
v 72.43208 -7.13548 -3.13451
v 72.43208 -7.12773 -3.12802
v 72.43208 -7.10450 -3.10861
v 72.43208 -7.06584 -3.07649
v 72.43208 -7.01185 -3.03192
v 72.92297 -7.07493 -3.07023
v 72.92297 -7.06728 -3.06385
v 72.92297 -7.04437 -3.04477
v 73.16216 -7.04534 -3.03911
v 73.16216 -7.03775 -3.03278
v 71.93796 -7.26823 -2.98618
v 71.93796 -7.26107 -2.97751
v 71.93796 -7.23966 -2.95145
v 71.93796 -7.20398 -2.90835
v 72.43208 -7.20693 -2.92117
v 72.43208 -7.19987 -2.91264
v 72.43208 -7.17871 -2.88703
v 71.93796 -7.15411 -2.84863
v 71.93796 -7.09021 -2.77259
v 72.43208 -7.14348 -2.84468
v 72.43208 -7.09422 -2.78600
v 72.92297 -7.00624 -3.01319
v 73.16216 -7.01499 -3.01386
v 72.92297 -7.14581 -2.85713
v 72.92297 -7.13884 -2.84875
v 72.92297 -7.11795 -2.82359
v 73.16216 -7.11595 -2.82612
v 73.16216 -7.10902 -2.81782
v 72.92297 -7.08315 -2.78198
v 73.16216 -7.08826 -2.79287
v 73.16216 -7.05368 -2.75162
v 71.93796 -7.01211 -2.68179
v 72.43208 -7.03111 -2.71127
v 72.92297 -7.03451 -2.72432
v 73.16216 -7.00533 -2.69446
v 73.41038 -7.01589 -3.00785
v 73.41038 -7.00835 -3.00158
v 73.41038 -6.98576 -2.98281
v 73.41038 -7.08623 -2.79498
v 73.41038 -7.07934 -2.78674
v 73.41038 -7.05871 -2.76202
v 73.89405 -7.02817 -2.73467
v 73.41038 -7.02435 -2.72113
v 73.89405 -7.02137 -2.72657
v 73.89405 -7.00100 -2.70228
v 71.93796 -6.91535 -2.96873
v 71.93796 -6.81487 -2.88871
v 72.43208 -6.94273 -2.97516
v 72.43208 -6.85844 -2.90733
v 72.43208 -6.75933 -2.82865
v 71.93796 -6.69958 -2.79851
v 72.43208 -6.64561 -2.73997
v 72.92297 -6.95299 -2.96937
v 73.16216 -6.97712 -2.98254
v 72.92297 -6.88482 -2.91356
v 73.16216 -6.92423 -2.93909
v 73.16216 -6.85652 -2.88374
v 72.92297 -6.80168 -2.84687
v 73.16216 -6.77395 -2.81761
v 72.92297 -6.70394 -2.76952
v 73.16216 -6.67687 -2.74090
v 72.43208 -6.95398 -2.62205
v 71.93796 -6.92013 -2.57658
v 71.93796 -6.81438 -2.45808
v 72.43208 -6.86314 -2.51868
v 71.93796 -6.56979 -2.69893
v 72.43208 -6.51759 -2.64207
v 72.92297 -6.97219 -2.65090
v 73.16216 -6.94340 -2.62168
v 72.92297 -6.89603 -2.56324
v 73.16216 -6.86772 -2.53477
v 72.92297 -6.80634 -2.46168
v 72.92297 -6.59179 -2.68234
v 73.16216 -6.56549 -2.65445
v 71.93796 -6.42591 -2.59063
v 72.43208 -6.37568 -2.53560
v 71.93796 -6.26794 -2.47574
v 72.92297 -6.46553 -2.58610
v 73.16216 -6.44010 -2.55902
v 72.92297 -6.32559 -2.48144
v 73.16216 -6.30111 -2.45524
v 73.41038 -6.94815 -2.95176
v 73.41038 -6.89563 -2.90867
v 73.41038 -6.82839 -2.85379
v 73.41038 -6.74640 -2.78823
v 73.89405 -6.95836 -2.94732
v 73.89405 -6.95092 -2.94114
v 73.89405 -6.92864 -2.92269
v 73.89405 -6.89154 -2.89216
v 74.37375 -6.90110 -2.88777
v 74.37375 -6.89377 -2.88170
v 73.89405 -6.83975 -2.84979
v 73.89405 -6.77343 -2.79582
v 74.37375 -6.87179 -2.86356
v 74.37375 -6.83521 -2.83354
v 74.37375 -6.78413 -2.79187
v 73.89405 -6.69256 -2.73135
v 74.37375 -6.71873 -2.73881
v 73.41038 -6.97632 -2.66447
v 73.41038 -6.91479 -2.59233
v 73.41038 -6.83959 -2.50619
v 73.41038 -6.65000 -2.71218
v 73.41038 -6.53939 -2.62647
v 73.89405 -6.96707 -2.66209
v 73.89405 -6.91964 -2.60641
v 74.37375 -6.97039 -2.67534
v 74.37375 -6.96367 -2.66739
v 74.37375 -6.94356 -2.64352
v 74.37375 -6.91007 -2.60403
v 73.89405 -6.85889 -2.53551
v 73.89405 -6.78464 -2.45087
v 74.37375 -6.86324 -2.54931
v 74.37375 -6.80326 -2.47965
v 73.89405 -6.59749 -2.65657
v 74.37375 -6.63899 -2.67542
v 74.37375 -6.54523 -2.60191
v 73.41038 -6.41489 -2.53185
v 73.89405 -6.48841 -2.57230
v 73.89405 -6.36562 -2.47928
v 74.37375 -6.43767 -2.51905
v 74.84923 -6.83692 -2.82327
v 74.84923 -6.84415 -2.82924
v 74.84923 -6.81525 -2.80543
v 74.84923 -6.77918 -2.77591
v 75.15352 -6.80760 -2.79203
v 75.15352 -6.80044 -2.78613
v 75.15352 -6.77896 -2.76849
v 74.84923 -6.72881 -2.73495
v 75.15352 -6.74322 -2.73929
v 75.32024 -6.78933 -2.77247
v 75.32024 -6.78220 -2.76661
v 75.32024 -6.76083 -2.74906
v 74.84923 -6.91292 -2.61703
v 74.84923 -6.90629 -2.60922
v 74.84923 -6.88644 -2.58576
v 74.84923 -6.85338 -2.54696
v 74.84923 -6.80716 -2.49320
v 75.15352 -6.87605 -2.57997
v 75.15352 -6.86947 -2.57224
v 75.15352 -6.84978 -2.54904
v 75.15352 -6.81700 -2.51068
v 75.15352 -6.77117 -2.45753
v 74.84923 -6.66432 -2.68278
v 74.84923 -6.58570 -2.62046
v 75.15352 -6.69331 -2.69878
v 75.15352 -6.62941 -2.64718
v 75.15352 -6.55150 -2.58554
v 75.32024 -6.85760 -2.56048
v 75.32024 -6.85105 -2.55280
v 75.32024 -6.83145 -2.52975
v 75.32024 -6.79881 -2.49162
v 75.32024 -6.75319 -2.43879
v 75.78654 -6.80588 -2.50627
v 75.78654 -6.79942 -2.49872
v 75.78654 -6.78007 -2.47606
v 75.78654 -6.74785 -2.43858
v 75.32024 -6.72525 -2.72004
v 75.32024 -6.67559 -2.67976
v 75.32024 -6.61200 -2.62846
v 75.78654 -6.73809 -2.71806
v 75.78654 -6.73106 -2.71229
v 75.78654 -6.70998 -2.69503
v 75.78654 -6.67490 -2.66648
v 75.78654 -6.62591 -2.62686
v 75.32024 -6.53447 -2.56719
v 75.78654 -6.56320 -2.57640
v 74.84923 -6.49326 -2.54819
v 74.84923 -6.38720 -2.46674
v 75.15352 -6.45990 -2.51406
v 75.32024 -6.44332 -2.49612
v 75.78654 -6.48673 -2.51614
v 75.78654 -6.39684 -2.44624
v 76.24789 -6.75455 -2.45306
v 76.24789 -6.74817 -2.44564
v 76.24789 -6.68030 -2.65896
v 76.24789 -6.68724 -2.66464
v 76.24789 -6.65951 -2.64199
v 76.24789 -6.62491 -2.61391
v 76.70407 -6.63679 -2.61224
v 76.70407 -6.62995 -2.60666
v 76.70407 -6.60945 -2.58996
v 76.24789 -6.57661 -2.57494
v 76.24789 -6.51476 -2.52532
v 76.70407 -6.57533 -2.56234
v 76.70407 -6.52770 -2.52402
v 77.14742 -6.58761 -2.56171
v 77.14742 -6.58087 -2.55622
v 77.14742 -6.56065 -2.53979
v 77.14742 -6.52700 -2.51262
v 76.24789 -6.43935 -2.46604
v 76.70407 -6.46671 -2.47521
v 77.14742 -6.48002 -2.47492
v 72.43208 -6.75872 -2.40225
v 71.93796 -6.69509 -2.32735
v 71.93796 -6.56258 -2.18534
v 72.43208 -6.64093 -2.27380
v 73.16216 -6.77859 -2.43410
v 72.92297 -6.70324 -2.34729
v 73.16216 -6.67613 -2.32071
v 72.92297 -6.58694 -2.22111
v 73.16216 -6.56057 -2.19562
v 71.93796 -6.09659 -2.35448
v 72.43208 -6.21989 -2.42266
v 72.92297 -6.17196 -2.37044
v 73.16216 -6.14854 -2.34518
v 71.93796 -6.41662 -2.03484
v 72.43208 -6.51009 -2.13428
v 72.43208 -6.36599 -1.98644
v 71.93796 -6.25789 -1.87614
v 72.92297 -6.45778 -2.08406
v 73.16216 -6.43222 -2.05977
v 72.92297 -6.31552 -1.93884
v 73.16216 -6.29088 -1.91583
v 73.41038 -6.75103 -2.40641
v 73.41038 -6.64924 -2.29402
v 73.41038 -6.53444 -2.17005
v 73.89405 -6.69721 -2.35281
v 74.37375 -6.72997 -2.39648
v 74.37375 -6.64366 -2.30013
v 73.89405 -6.59672 -2.24238
v 74.37375 -6.54447 -2.19162
v 73.41038 -6.27688 -2.42897
v 73.41038 -6.12538 -2.31985
v 74.37375 -6.31660 -2.42760
v 73.89405 -6.22953 -2.37813
v 74.37375 -6.18240 -2.32817
v 73.89405 -6.08013 -2.27086
v 73.41038 -6.40693 -2.03540
v 73.41038 -6.26651 -1.89275
v 73.89405 -6.48339 -2.12056
v 74.37375 -6.43260 -2.07194
v 73.89405 -6.35752 -1.98827
v 74.37375 -6.30837 -1.94197
v 71.93796 -6.08681 -1.71051
v 72.43208 -6.20929 -1.83054
v 72.92297 -6.16085 -1.78572
v 73.16216 -6.13719 -1.76406
v 73.41038 -6.11384 -1.74234
v 73.89405 -6.21892 -1.84811
v 74.37375 -6.17158 -1.80429
v 73.89405 -6.06824 -1.70035
v 74.84923 -6.74795 -2.42475
v 74.84923 -6.67561 -2.34303
v 75.15352 -6.71245 -2.38986
v 75.15352 -6.64072 -2.30907
v 74.84923 -6.59042 -2.24837
v 75.15352 -6.55626 -2.21549
v 75.32024 -6.69474 -2.37153
v 75.78654 -6.70280 -2.38665
v 75.78654 -6.64510 -2.32053
v 75.32024 -6.62334 -2.29123
v 75.32024 -6.53926 -2.19822
v 75.78654 -6.57461 -2.24160
v 75.15352 -6.35482 -2.43350
v 74.84923 -6.26783 -2.37684
v 75.15352 -6.23654 -2.34460
v 74.84923 -6.13552 -2.27910
v 75.15352 -6.10544 -2.24794
v 75.32024 -6.33875 -2.41604
v 75.78654 -6.29371 -2.36749
v 75.78654 -6.49161 -2.15018
v 75.32024 -6.22105 -2.32766
v 75.32024 -6.09060 -2.23157
v 75.78654 -6.17764 -2.28057
v 74.84923 -6.49252 -2.14177
v 74.84923 -6.38211 -2.02420
v 75.15352 -6.45919 -2.11011
v 75.15352 -6.34972 -1.99388
v 74.84923 -6.25951 -1.89652
v 75.15352 -6.22817 -1.86767
v 75.32024 -6.44263 -2.09348
v 75.78654 -6.39622 -2.04723
v 75.32024 -6.33367 -1.97796
v 75.78654 -6.28867 -1.93369
v 75.32024 -6.21267 -1.85252
v 76.24789 -6.72907 -2.42336
v 76.24789 -6.69726 -2.38652
v 76.24789 -6.65279 -2.33548
v 76.70407 -6.70364 -2.40086
v 76.70407 -6.69734 -2.39357
v 76.70407 -6.67849 -2.37167
v 76.70407 -6.64709 -2.33546
v 76.24789 -6.59583 -2.27049
v 76.24789 -6.52625 -2.19291
v 76.70407 -6.60319 -2.28529
v 76.70407 -6.54697 -2.22141
v 77.14742 -6.65401 -2.35053
v 77.14742 -6.64779 -2.34336
v 77.14742 -6.62918 -2.32183
v 77.14742 -6.59818 -2.28623
v 77.14742 -6.55485 -2.23690
v 76.24789 -6.35070 -2.39730
v 76.70407 -6.39235 -2.41692
v 76.70407 -6.30493 -2.34931
v 76.70407 -6.47829 -2.14517
v 76.24789 -6.24901 -2.31985
v 76.24789 -6.13454 -2.23437
v 76.70407 -6.20466 -2.27315
v 76.70407 -6.09180 -2.18909
v 77.14742 -6.41986 -2.42690
v 77.14742 -6.34653 -2.36956
v 77.14742 -6.49934 -2.17410
v 77.14742 -6.26032 -2.30306
v 77.14742 -6.16142 -2.22813
v 76.24789 -6.44432 -2.10305
v 76.24789 -6.35017 -2.00187
v 76.70407 -6.39743 -2.05685
v 76.70407 -6.30451 -1.95741
v 76.24789 -6.24402 -1.89029
v 77.14742 -6.43155 -2.09915
v 77.14742 -6.35172 -2.01233
v 77.14742 -6.26001 -1.91458
v 74.84923 -6.12453 -1.76128
v 75.15352 -6.09435 -1.73398
v 75.32024 -6.07947 -1.71965
v 75.78654 -6.16924 -1.81041
v 76.24789 -6.12615 -1.76913
v 76.70407 -6.19974 -1.84776
v 76.70407 -6.08342 -1.72870
v 77.14742 -6.15660 -1.80679
v 66.36247 -5.96279 -2.51544
v 66.87521 -5.91963 -2.46020
v 68.41002 -6.02171 -2.45257
v 66.36247 -5.70856 -2.35218
v 67.18300 -5.89360 -2.42733
v 67.38756 -5.87688 -2.40604
v 66.87521 -5.66848 -2.29968
v 67.18300 -5.64432 -2.26844
v 67.38756 -5.62883 -2.24822
v 66.36247 -5.44204 -2.18755
v 66.36247 -5.16406 -2.02286
v 66.87521 -5.40521 -2.13784
v 67.18300 -5.38301 -2.10827
v 67.38756 -5.36883 -2.08914
v 66.87521 -5.13064 -1.97596
v 67.89925 -5.83489 -2.35320
v 67.89925 -5.58995 -2.19803
v 68.91962 -5.97654 -2.39849
v 68.41002 -5.79276 -2.30102
v 68.91962 -5.75053 -2.24951
v 68.41002 -5.55095 -2.14849
v 67.89925 -5.33323 -2.04165
v 68.91962 -5.51184 -2.09960
v 68.41002 -5.29751 -1.99478
v 68.91962 -5.26168 -1.94856
v 66.36247 -5.97774 -1.61583
v 66.87521 -5.93236 -1.57220
v 66.36247 -5.72971 -1.40063
v 67.18300 -5.90504 -1.54627
v 67.38756 -5.88748 -1.52967
v 66.87521 -5.68713 -1.36065
v 67.18300 -5.66150 -1.33690
v 67.38756 -5.64507 -1.32173
v 68.41002 -6.02455 -1.64739
v 68.91962 -5.97774 -1.60396
v 67.89925 -5.84346 -1.48850
v 67.89925 -5.60388 -1.28413
v 68.41002 -5.79938 -1.44793
v 68.91962 -5.75527 -1.40797
v 66.36247 -4.87556 -1.85916
v 67.18300 -5.11049 -1.94808
v 67.38756 -5.09768 -1.93003
v 67.89925 -5.06552 -1.88527
v 66.87521 -4.84570 -1.81509
v 67.18300 -4.82769 -1.78889
v 67.38756 -4.81631 -1.77195
v 66.36247 -4.57763 -1.69726
v 66.87521 -4.55146 -1.65601
v 67.18300 -4.53567 -1.63150
v 67.38756 -4.52577 -1.61565
v 66.36247 -4.27034 -1.54082
v 66.87521 -4.24799 -1.50236
v 67.18300 -4.23450 -1.47950
v 67.38756 -4.22613 -1.46473
v 67.89925 -4.78772 -1.72991
v 68.41002 -5.03323 -1.84111
v 68.91962 -5.00084 -1.79757
v 68.41002 -4.75902 -1.68846
v 68.91962 -4.73021 -1.64762
v 67.89925 -4.50089 -1.57635
v 67.89925 -4.20510 -1.42811
v 68.41002 -4.47589 -1.53761
v 68.91962 -4.45080 -1.49945
v 69.17690 -5.95365 -2.37140
v 69.42777 -5.93174 -2.34562
v 69.17690 -5.72913 -2.22373
v 69.42777 -5.70868 -2.19920
v 69.93423 -5.88736 -2.29398
v 69.93423 -5.66726 -2.15008
v 69.17690 -5.49201 -2.07513
v 69.42777 -5.47312 -2.05188
v 69.17690 -5.24352 -1.92542
v 69.42777 -5.22626 -1.90346
v 69.93423 -5.43484 -2.00532
v 69.93423 -5.19128 -1.85951
v 70.43874 -6.04780 -2.38106
v 70.94104 -6.00062 -2.32850
v 70.43874 -5.84295 -2.24307
v 70.94104 -5.79855 -2.19293
v 71.16826 -5.97922 -2.30491
v 71.44086 -5.95558 -2.27748
v 71.16826 -5.77841 -2.17042
v 70.43874 -5.62581 -2.10168
v 71.44086 -5.75627 -2.14424
v 70.94104 -5.58436 -2.05401
v 70.43874 -5.39653 -1.95946
v 70.94104 -5.35822 -1.91430
v 71.16826 -5.56556 -2.03261
v 71.44086 -5.54501 -2.00773
v 71.16826 -5.34083 -1.89404
v 71.44086 -5.32196 -1.87047
v 69.17690 -5.95405 -1.58224
v 69.42777 -5.93145 -1.56159
v 69.17690 -5.73295 -1.38799
v 69.42777 -5.71170 -1.36903
v 69.93423 -5.88572 -1.52029
v 69.93423 -5.66871 -1.33112
v 70.43874 -6.04219 -1.66457
v 70.94104 -5.99400 -1.62133
v 71.16826 -5.97215 -1.60193
v 71.44086 -5.94797 -1.57963
v 70.43874 -5.84003 -1.47966
v 70.94104 -5.79441 -1.43970
v 70.43874 -5.62577 -1.29384
v 71.16826 -5.77373 -1.42179
v 71.44086 -5.75094 -1.40124
v 70.43874 -5.15627 -1.81622
v 69.17690 -4.98442 -1.77578
v 69.42777 -4.96887 -1.75513
v 69.17690 -4.71561 -1.62718
v 69.42777 -4.70183 -1.60783
v 69.93423 -4.93735 -1.71379
v 69.93423 -4.67391 -1.56912
v 69.17690 -4.43808 -1.48037
v 69.42777 -4.42614 -1.46232
v 69.93423 -4.40195 -1.42623
v 70.94104 -5.12125 -1.77362
v 70.43874 -4.90579 -1.67310
v 70.94104 -4.87422 -1.63307
v 71.16826 -5.10536 -1.75451
v 71.44086 -5.08827 -1.73226
v 71.16826 -4.85989 -1.61512
v 71.44086 -4.84465 -1.59421
v 70.43874 -4.64595 -1.53104
v 70.94104 -4.61797 -1.49358
v 70.43874 -4.37772 -1.39074
v 70.94104 -4.35345 -1.35585
v 71.16826 -4.60526 -1.47679
v 71.44086 -4.59195 -1.45723
v 71.16826 -4.34243 -1.34022
v 71.44086 -4.33112 -1.32199
v 66.36247 -3.95570 -1.38824
v 66.87521 -3.93729 -1.35252
v 67.18300 -3.92617 -1.33131
v 67.38756 -3.91938 -1.31760
v 67.89925 -3.90230 -1.28362
v 68.41002 -4.18396 -1.39203
v 68.91962 -4.16272 -1.35650
v 69.17690 -4.15194 -1.33874
v 69.42777 -4.14192 -1.32197
v 69.93423 -4.12159 -1.28845
v 72.43208 -6.05089 -2.30347
v 71.93796 -5.91235 -2.22784
v 72.43208 -5.86920 -2.17900
v 72.92297 -6.00531 -2.25329
v 73.16216 -5.98304 -2.22903
v 71.93796 -5.71577 -2.09688
v 72.43208 -5.67534 -2.05030
v 72.92297 -5.82616 -2.13098
v 73.16216 -5.80512 -2.10776
v 72.92297 -5.63501 -2.00451
v 73.16216 -5.61530 -1.98237
v 71.93796 -5.50741 -1.96272
v 72.43208 -5.46988 -1.91847
v 72.92297 -5.43243 -1.87497
v 73.16216 -5.41413 -1.85396
v 73.41038 -5.96106 -2.20471
v 73.89405 -5.91810 -2.15768
v 74.37375 -6.03510 -2.22273
v 73.41038 -5.78440 -2.08450
v 73.41038 -5.59593 -1.96021
v 74.37375 -5.87534 -2.11148
v 73.89405 -5.74391 -2.03952
v 74.37375 -5.70360 -1.99535
v 73.89405 -5.55807 -1.91737
v 74.37375 -5.52038 -1.87531
v 72.43208 -6.04039 -1.66785
v 72.92297 -5.99415 -1.62594
v 73.16216 -5.97157 -1.60569
v 71.93796 -5.90378 -1.53933
v 72.43208 -5.85974 -1.49973
v 71.93796 -5.70928 -1.36411
v 72.43208 -5.66775 -1.32765
v 72.92297 -5.81585 -1.46084
v 73.16216 -5.79443 -1.44206
v 72.92297 -5.62639 -1.29187
v 73.16216 -5.60620 -1.27459
v 71.93796 -5.28744 -1.82785
v 72.43208 -5.25298 -1.78595
v 72.92297 -5.21859 -1.74479
v 73.16216 -5.20178 -1.72490
v 73.41038 -5.94932 -1.58540
v 74.37375 -6.02288 -1.65914
v 73.41038 -5.77336 -1.42325
v 73.89405 -5.90586 -1.54619
v 74.37375 -5.86265 -1.50771
v 73.89405 -5.73222 -1.38691
v 74.37375 -5.69131 -1.35128
v 73.41038 -5.39619 -1.83293
v 73.41038 -5.18536 -1.70502
v 73.89405 -5.36114 -1.79228
v 74.37375 -5.32624 -1.75239
v 73.89405 -5.15328 -1.66660
v 71.93796 -5.05698 -1.69206
v 72.43208 -5.02574 -1.65255
v 72.92297 -4.99456 -1.61375
v 73.16216 -4.97932 -1.59501
v 71.93796 -4.81675 -1.55644
v 72.43208 -4.78888 -1.51934
v 72.92297 -4.76106 -1.48292
v 73.16216 -4.74746 -1.46534
v 71.93796 -4.56757 -1.42189
v 72.43208 -4.54321 -1.38720
v 71.93796 -4.31039 -1.28908
v 72.92297 -4.51889 -1.35316
v 73.16216 -4.50699 -1.33673
v 73.41038 -4.96450 -1.57629
v 74.37375 -5.12133 -1.62890
v 73.41038 -4.73431 -1.44779
v 73.89405 -4.93554 -1.54013
v 74.37375 -4.90669 -1.50466
v 73.89405 -4.70861 -1.41389
v 74.37375 -4.68300 -1.38066
v 73.41038 -4.49558 -1.32035
v 73.89405 -4.47327 -1.28871
v 74.84923 -5.99030 -2.17547
v 75.15352 -5.96155 -2.14545
v 75.78654 -6.04899 -2.18607
v 74.84923 -5.83280 -2.06613
v 75.15352 -5.80550 -2.03734
v 74.84923 -5.66350 -1.95201
v 75.15352 -5.63776 -1.92449
v 75.32024 -5.94742 -2.12970
v 75.78654 -5.90780 -2.08589
v 75.32024 -5.79214 -2.02223
v 75.32024 -5.62523 -1.91005
v 75.78654 -5.75468 -1.98022
v 75.78654 -5.59010 -1.86993
v 77.14742 -6.05012 -2.14545
v 76.24789 -6.00769 -2.14145
v 76.24789 -5.86847 -2.04294
v 76.70407 -5.96672 -2.09772
v 76.70407 -5.82945 -2.00086
v 76.24789 -5.71749 -1.93905
v 76.70407 -5.68060 -1.89871
v 77.14742 -5.92677 -2.05558
v 77.14742 -5.79141 -1.96033
v 77.14742 -5.64463 -1.85986
v 74.84923 -5.97780 -1.61871
v 75.15352 -5.94889 -1.59306
v 75.32024 -5.93469 -1.57960
v 75.78654 -6.03777 -1.67984
v 74.84923 -5.81971 -1.46999
v 75.15352 -5.79217 -1.44606
v 74.84923 -5.65066 -1.31636
v 75.15352 -5.62460 -1.29422
v 75.78654 -5.89488 -1.54222
v 75.32024 -5.77870 -1.43351
v 75.32024 -5.61191 -1.28262
v 75.78654 -5.74094 -1.39867
v 74.84923 -5.48289 -1.83404
v 75.15352 -5.45882 -1.80786
v 74.84923 -5.29151 -1.71327
v 75.15352 -5.26922 -1.68845
v 75.32024 -5.44718 -1.79412
v 75.78654 -5.41454 -1.75595
v 75.32024 -5.25852 -1.67543
v 75.78654 -5.22852 -1.63928
v 76.24789 -5.99641 -1.64082
v 76.70407 -5.95540 -1.60261
v 77.14742 -6.04179 -1.68976
v 77.14742 -5.91544 -1.56583
v 76.24789 -5.85540 -1.50559
v 76.70407 -5.81626 -1.46974
v 76.24789 -5.70350 -1.36455
v 76.70407 -5.66638 -1.33116
v 77.14742 -5.77813 -1.43524
v 77.14742 -5.63022 -1.29905
v 76.24789 -5.55522 -1.83061
v 76.24789 -5.38213 -1.71856
v 76.70407 -5.52061 -1.79211
v 76.24789 -5.19873 -1.60387
v 76.70407 -5.34996 -1.68195
v 76.70407 -5.16917 -1.56922
v 77.14742 -5.48686 -1.75503
v 77.14742 -5.31860 -1.64672
v 77.14742 -5.14033 -1.53587
v 74.84923 -5.08954 -1.59195
v 75.15352 -5.06913 -1.56851
v 74.84923 -4.87798 -1.46990
v 75.15352 -4.85954 -1.44787
v 75.32024 -5.05943 -1.55623
v 75.78654 -5.03223 -1.52211
v 75.32024 -4.85089 -1.43632
v 75.78654 -4.82663 -1.40427
v 74.84923 -4.65751 -1.34811
v 75.15352 -4.64113 -1.32748
v 75.32024 -4.63358 -1.31668
v 75.78654 -4.61239 -1.28669
v 76.24789 -5.00521 -1.48871
v 76.70407 -4.97839 -1.45603
v 76.24789 -4.80253 -1.37289
v 76.70407 -4.77860 -1.34221
v 77.14742 -4.95224 -1.42460
v 77.14742 -4.75525 -1.31272
v 66.36247 -5.47016 -1.18551
v 66.87521 -5.43054 -1.14919
v 67.18300 -5.40669 -1.12764
v 67.38756 -5.39146 -1.11391
v 66.36247 -5.19989 -0.97196
v 66.87521 -5.16337 -0.93932
v 67.18300 -5.14140 -0.91997
v 67.38756 -5.12741 -0.90768
v 67.89925 -5.35326 -1.07990
v 68.41002 -5.56265 -1.24710
v 68.91962 -5.52140 -1.21066
v 68.41002 -5.31504 -1.04644
v 68.91962 -5.27679 -1.01355
v 66.36247 -4.91977 -0.76135
v 66.87521 -4.88650 -0.73237
v 67.18300 -4.86648 -0.71520
v 67.38756 -4.85380 -0.70435
v 67.89925 -5.09236 -0.87727
v 68.41002 -5.05728 -0.84738
v 68.91962 -5.02220 -0.81803
v 66.36247 -4.62946 -0.55845
v 66.87521 -4.59959 -0.53305
v 67.18300 -4.58163 -0.51803
v 67.38756 -4.57031 -0.50858
v 66.36247 -4.33107 -0.36144
v 66.87521 -4.30473 -0.33955
v 67.18300 -4.28889 -0.32663
v 67.38756 -4.27900 -0.31856
v 67.89925 -4.82203 -0.67752
v 68.41002 -4.79024 -0.65118
v 68.91962 -4.75846 -0.62536
v 67.89925 -4.54198 -0.48524
v 68.41002 -4.51363 -0.46237
v 68.91962 -4.48530 -0.43999
v 67.89925 -4.25422 -0.29865
v 68.41002 -4.22944 -0.27919
v 68.91962 -4.20468 -0.26018
v 69.17690 -5.50052 -1.19245
v 69.42777 -5.48071 -1.17520
v 69.17690 -5.25744 -0.99712
v 69.42777 -5.23914 -0.98158
v 69.93423 -5.44062 -1.14072
v 69.93423 -5.20210 -0.95056
v 70.94104 -5.58289 -1.25721
v 70.43874 -5.40058 -1.10684
v 70.94104 -5.36061 -1.07359
v 71.16826 -5.56346 -1.24080
v 71.44086 -5.54214 -1.22202
v 71.16826 -5.34250 -1.05869
v 71.44086 -5.32274 -1.04170
v 70.43874 -5.16512 -0.92011
v 70.94104 -5.12821 -0.89024
v 69.17690 -5.00445 -0.80339
v 69.42777 -4.98772 -0.78957
v 69.93423 -4.95389 -0.76199
v 70.43874 -4.92012 -0.73496
v 70.94104 -4.88641 -0.70849
v 71.16826 -5.11149 -0.87688
v 71.44086 -5.09337 -0.86169
v 71.16826 -4.87114 -0.69666
v 71.44086 -4.85474 -0.68326
v 69.17690 -4.74238 -0.61249
v 69.42777 -4.72730 -0.60037
v 69.93423 -4.69681 -0.57623
v 69.17690 -4.47098 -0.42885
v 69.42777 -4.45762 -0.41839
v 69.93423 -4.43062 -0.39760
v 70.43874 -4.66637 -0.55260
v 70.94104 -4.63601 -0.52949
v 71.16826 -4.62225 -0.51918
v 71.44086 -4.60765 -0.50757
v 70.43874 -4.40367 -0.37728
v 70.94104 -4.37680 -0.35746
v 71.16826 -4.36463 -0.34862
v 71.44086 -4.35189 -0.33875
v 66.36247 -3.63491 -1.24029
v 66.36247 -3.30917 -1.09768
v 66.87521 -3.62053 -1.20727
v 67.18300 -3.61183 -1.18767
v 67.38756 -3.60665 -1.17500
v 66.87521 -3.29890 -1.06730
v 67.18300 -3.29267 -1.04927
v 67.38756 -3.28914 -1.03763
v 68.41002 -3.88511 -1.25016
v 68.91962 -3.86783 -1.21724
v 67.89925 -3.59362 -1.14362
v 67.89925 -3.28023 -1.00879
v 68.41002 -3.58048 -1.11274
v 68.91962 -3.56724 -1.08237
v 66.36247 -4.02559 -0.17159
v 66.87521 -4.00289 -0.15314
v 67.18300 -3.98925 -0.14227
v 67.38756 -3.98082 -0.13554
v 67.89925 -3.95971 -0.11898
v 68.41002 -3.93861 -0.10283
v 66.36247 -2.97975 -0.96106
v 66.87521 -2.97365 -0.93325
v 67.18300 -2.96993 -0.91676
v 67.38756 -2.96807 -0.90611
v 66.36247 -2.64742 -0.83238
v 66.87521 -2.64555 -0.80705
v 67.18300 -2.64438 -0.79204
v 67.38756 -2.64421 -0.78235
v 68.41002 -3.27122 -0.98043
v 67.89925 -2.96335 -0.87975
v 68.91962 -3.26211 -0.95255
v 68.41002 -2.95852 -0.85384
v 68.91962 -2.95359 -0.82839
v 67.89925 -2.64372 -0.75837
v 68.41002 -2.64313 -0.73482
v 68.91962 -2.64245 -0.71170
v 69.17690 -3.85905 -1.20078
v 69.42777 -3.85099 -1.18527
v 69.93423 -3.83464 -1.15428
v 69.17690 -3.56052 -1.06720
v 69.42777 -3.55446 -1.05292
v 69.93423 -3.54217 -1.02440
v 70.43874 -4.10121 -1.25549
v 70.94104 -4.08080 -1.22312
v 70.43874 -3.81822 -1.12382
v 70.94104 -3.80177 -1.09392
v 71.16826 -4.07153 -1.20861
v 71.44086 -4.06228 -1.19169
v 71.16826 -3.79429 -1.08053
v 71.44086 -3.78716 -1.06490
v 70.43874 -3.52981 -0.99640
v 70.94104 -3.51740 -0.96893
v 71.16826 -3.51175 -0.95663
v 71.44086 -3.50679 -0.94225
v 69.17690 -4.19217 -0.25074
v 69.42777 -4.18059 -0.24191
v 69.93423 -4.15720 -0.22440
v 70.43874 -4.13386 -0.20733
v 70.94104 -4.11060 -0.19072
v 71.16826 -4.10006 -0.18333
v 71.44086 -4.08926 -0.17516
v 69.17690 -3.25746 -0.93864
v 69.42777 -3.25346 -0.92556
v 69.17690 -2.95107 -0.81569
v 69.42777 -2.94914 -0.80379
v 69.93423 -3.24530 -0.89947
v 69.93423 -2.94517 -0.78004
v 69.17690 -2.64206 -0.70017
v 69.42777 -2.64223 -0.68939
v 70.43874 -3.23707 -0.87386
v 70.94104 -3.22877 -0.84875
v 70.43874 -2.94112 -0.75675
v 70.94104 -2.93701 -0.73394
v 71.16826 -3.22499 -0.83752
v 71.44086 -3.22224 -0.82437
v 71.16826 -2.93512 -0.72374
v 71.44086 -2.93460 -0.71178
v 69.93423 -2.64251 -0.66789
v 70.43874 -2.64270 -0.64683
v 70.94104 -2.64282 -0.62622
v 71.16826 -2.64284 -0.61701
v 71.44086 -2.64459 -0.60619
v 71.44086 -2.35394 -0.50626
v 66.36247 -3.71409 0.00997
v 66.36247 -3.39770 0.18226
v 66.87521 -3.69514 0.02508
v 67.18300 -3.68376 0.03396
v 67.38756 -3.67683 0.03939
v 66.87521 -3.38260 0.19416
v 67.18300 -3.37352 0.20112
v 67.38756 -3.36814 0.20529
v 68.91962 -3.91754 -0.08712
v 67.89925 -3.65949 0.05271
v 68.41002 -3.64218 0.06563
v 68.91962 -3.62489 0.07816
v 67.89925 -3.35466 0.21549
v 68.41002 -3.34121 0.22531
v 68.91962 -3.32779 0.23477
v 66.36247 -3.07645 0.34122
v 66.87521 -3.06528 0.35008
v 67.18300 -3.05858 0.35523
v 67.38756 -3.05477 0.35822
v 66.36247 -2.75267 0.48920
v 67.89925 -3.04525 0.36546
v 68.41002 -3.03576 0.37237
v 68.91962 -3.02631 0.37893
v 66.36247 -2.42741 0.62493
v 66.87521 -2.74551 0.49516
v 67.18300 -2.74122 0.49859
v 67.38756 -2.73901 0.50045
v 66.87521 -2.42430 0.62817
v 67.18300 -2.42245 0.62997
v 67.38756 -2.42187 0.63078
v 67.89925 -2.73351 0.50490
v 67.89925 -2.42044 0.63260
v 68.41002 -2.72805 0.50903
v 68.91962 -2.72262 0.51285
v 68.41002 -2.41904 0.63413
v 68.91962 -2.41769 0.63537
v 69.17690 -3.90689 -0.07933
v 69.42777 -3.89716 -0.07210
v 69.93423 -3.87748 -0.05777
v 69.17690 -3.61615 0.08435
v 69.42777 -3.60830 0.09004
v 69.93423 -3.59244 0.10128
v 69.17690 -3.32102 0.23942
v 69.42777 -3.31509 0.24363
v 69.93423 -3.30313 0.25189
v 70.43874 -3.85786 -0.04387
v 70.94104 -3.83831 -0.03039
v 71.16826 -3.82946 -0.02441
v 71.44086 -3.82064 -0.01790
v 70.43874 -3.57664 0.11212
v 70.94104 -3.56089 0.12257
v 71.16826 -3.55377 0.12719
v 71.44086 -3.54700 0.13210
v 70.43874 -3.29122 0.25979
v 70.94104 -3.27937 0.26734
v 69.17690 -3.02155 0.38212
v 69.42777 -3.01759 0.38494
v 69.93423 -3.00962 0.39041
v 70.43874 -3.00170 0.39554
v 70.94104 -2.99383 0.40035
v 71.16826 -3.27401 0.27064
v 71.44086 -3.26932 0.27402
v 71.16826 -2.99027 0.40243
v 71.44086 -2.98771 0.40436
v 69.17690 -2.71989 0.51466
v 69.42777 -2.71794 0.51616
v 69.17690 -2.41702 0.63589
v 69.42777 -2.41709 0.63615
v 69.93423 -2.71401 0.51898
v 69.93423 -2.41726 0.63648
v 70.43874 -2.71013 0.52149
v 70.94104 -2.70629 0.52371
v 70.43874 -2.41746 0.63655
v 70.94104 -2.41769 0.63634
v 71.16826 -2.70456 0.52462
v 71.44086 -2.70416 0.52520
v 71.16826 -2.41781 0.63617
v 71.44086 -2.41959 0.63547
v 71.93796 -5.50318 -1.18810
v 72.43208 -5.46435 -1.15482
v 71.93796 -5.28664 -1.01104
v 72.43208 -5.25067 -0.98098
v 72.92297 -5.42569 -1.12219
v 73.16216 -5.40682 -1.10644
v 72.92297 -5.21485 -0.95152
v 73.16216 -5.19736 -0.93732
v 73.41038 -5.58640 -1.25730
v 73.41038 -5.38836 -1.09069
v 73.89405 -5.54772 -1.22392
v 74.37375 -5.50928 -1.19121
v 73.89405 -5.35232 -1.06030
v 74.37375 -5.31650 -1.03054
v 73.41038 -5.18033 -0.92313
v 73.89405 -5.14708 -0.89577
v 71.93796 -5.06027 -0.83430
v 72.43208 -5.02730 -0.80747
v 72.92297 -4.99448 -0.78121
v 73.16216 -4.97846 -0.76856
v 72.43208 -4.28966 -1.25678
v 72.92297 -4.26895 -1.22512
v 73.16216 -4.25882 -1.20984
v 73.41038 -4.96292 -0.75594
v 74.37375 -5.11403 -0.86899
v 73.89405 -4.93259 -0.73161
v 74.37375 -4.90245 -0.70784
v 73.41038 -4.24921 -1.19462
v 74.37375 -4.45103 -1.25772
v 73.89405 -4.23040 -1.16524
v 74.37375 -4.21166 -1.13648
v 71.93796 -4.82479 -0.65914
v 72.43208 -4.79496 -0.63554
v 72.92297 -4.76527 -0.61248
v 73.16216 -4.75078 -0.60138
v 71.93796 -4.58097 -0.48669
v 72.43208 -4.55441 -0.46630
v 72.92297 -4.52798 -0.44640
v 73.16216 -4.51509 -0.43684
v 71.93796 -4.32863 -0.32102
v 72.43208 -4.30549 -0.30375
v 72.92297 -4.28246 -0.28694
v 73.16216 -4.27123 -0.27887
v 73.41038 -4.73680 -0.59031
v 73.89405 -4.70954 -0.56902
v 74.37375 -4.68244 -0.54825
v 73.41038 -4.50274 -0.42733
v 73.89405 -4.47866 -0.40904
v 74.37375 -4.45473 -0.39124
v 73.41038 -4.26058 -0.27086
v 73.89405 -4.23982 -0.25551
v 74.37375 -4.21920 -0.24058
v 74.84923 -5.47108 -1.15917
v 75.15352 -5.44659 -1.13888
v 74.84923 -5.28091 -1.00142
v 75.15352 -5.25810 -0.98298
v 75.32024 -5.43474 -1.12824
v 75.78654 -5.57636 -1.25040
v 75.78654 -5.40154 -1.09874
v 75.32024 -5.24714 -0.97333
v 75.78654 -5.21645 -0.94656
v 76.24789 -5.54110 -1.21888
v 76.70407 -5.50616 -1.18806
v 76.24789 -5.36862 -1.06989
v 76.70407 -5.33599 -1.04169
v 77.14742 -5.47212 -1.15842
v 77.14742 -5.30422 -1.01461
v 76.24789 -5.18602 -0.92041
v 76.70407 -5.15586 -0.89487
v 74.84923 -5.08120 -0.84282
v 75.15352 -5.06016 -0.82626
v 74.84923 -4.87252 -0.68463
v 75.32024 -5.05014 -0.81760
v 75.78654 -5.02209 -0.79361
v 74.84923 -4.42889 -1.22738
v 75.15352 -4.41466 -1.20816
v 75.32024 -4.40825 -1.19810
v 75.78654 -4.39025 -1.17018
v 76.24789 -4.99428 -0.77018
v 76.70407 -4.96673 -0.74732
v 77.14742 -5.12649 -0.87035
v 77.14742 -4.93991 -0.72540
v 76.24789 -4.59133 -1.25736
v 76.70407 -4.57042 -1.22869
v 76.24789 -4.37236 -1.14289
v 76.70407 -4.35458 -1.11622
v 77.14742 -4.55001 -1.20114
v 77.14742 -4.33723 -1.09061
v 75.15352 -4.85334 -0.66996
v 75.32024 -4.84432 -0.66230
v 75.78654 -4.81904 -0.64108
v 74.84923 -4.65554 -0.52799
v 75.15352 -4.63830 -0.51520
v 75.32024 -4.63032 -0.50853
v 75.78654 -4.60794 -0.49008
v 74.84923 -4.43099 -0.37391
v 75.15352 -4.41577 -0.36299
v 75.32024 -4.40886 -0.35730
v 75.78654 -4.38950 -0.34159
v 76.24789 -4.79399 -0.62038
v 76.70407 -4.76917 -0.60022
v 77.14742 -4.74501 -0.58091
v 76.24789 -4.58577 -0.47212
v 76.70407 -4.56381 -0.45464
v 77.14742 -4.54243 -0.43792
v 76.24789 -4.37032 -0.32633
v 76.70407 -4.35133 -0.31152
v 77.14742 -4.33285 -0.29737
v 71.93796 -4.04532 -1.16115
v 72.43208 -4.02836 -1.13120
v 71.93796 -3.77408 -1.03669
v 72.43208 -3.76097 -1.00905
v 72.92297 -4.01139 -1.10185
v 73.16216 -4.00308 -1.08769
v 72.92297 -3.74784 -0.98197
v 73.16216 -3.74141 -0.96892
v 71.93796 -3.49767 -0.91634
v 72.43208 -3.48850 -0.89095
v 72.92297 -3.47931 -0.86610
v 73.16216 -3.47479 -0.85413
v 73.41038 -3.99533 -1.07361
v 73.89405 -3.98016 -1.04643
v 74.37375 -3.96502 -1.01984
v 73.41038 -3.73557 -0.95595
v 73.41038 -3.47090 -0.84225
v 73.89405 -3.72413 -0.93094
v 74.37375 -3.71269 -0.90648
v 73.89405 -3.46326 -0.81935
v 74.37375 -3.45561 -0.79698
v 71.93796 -4.06954 -0.16052
v 72.43208 -4.04992 -0.14631
v 72.92297 -4.03041 -0.13251
v 73.16216 -4.02089 -0.12591
v 73.41038 -4.01200 -0.11938
v 73.89405 -3.99466 -0.10688
v 74.37375 -3.97745 -0.09478
v 71.93796 -3.21715 -0.80068
v 72.43208 -3.21200 -0.77749
v 71.93796 -2.93360 -0.69025
v 72.92297 -3.20680 -0.75481
v 73.16216 -3.20423 -0.74389
v 73.41038 -3.20233 -0.73307
v 73.89405 -3.19856 -0.71224
v 74.37375 -3.19476 -0.69189
v 72.43208 -2.93252 -0.66919
v 72.92297 -2.93136 -0.64862
v 73.16216 -2.93077 -0.63872
v 71.93796 -2.64772 -0.58673
v 72.43208 -2.65075 -0.56771
v 71.93796 -2.36122 -0.48879
v 72.43208 -2.36839 -0.47174
v 72.92297 -2.65370 -0.54915
v 73.16216 -2.65510 -0.54022
v 72.92297 -2.37545 -0.45511
v 73.16216 -2.37886 -0.44712
v 73.41038 -2.93088 -0.62893
v 73.89405 -2.93104 -0.61008
v 74.37375 -2.93114 -0.59169
v 73.41038 -2.65725 -0.53141
v 73.41038 -2.38305 -0.43926
v 73.89405 -2.66138 -0.51447
v 74.37375 -2.66541 -0.49795
v 73.89405 -2.39116 -0.42414
v 74.37375 -2.39915 -0.40942
v 74.84923 -4.19298 -1.10833
v 75.15352 -4.18097 -1.09051
v 74.84923 -3.94993 -0.99383
v 75.15352 -3.94022 -0.97737
v 75.32024 -4.17574 -1.08118
v 75.78654 -4.16105 -1.05532
v 75.32024 -3.93621 -0.96876
v 75.78654 -3.92493 -0.94491
v 74.84923 -3.70127 -0.88257
v 75.15352 -3.69392 -0.86745
v 74.84923 -3.44795 -0.77512
v 75.15352 -3.44300 -0.76131
v 75.32024 -3.69116 -0.85955
v 75.78654 -3.68339 -0.83766
v 75.32024 -3.44152 -0.75410
v 75.78654 -3.43732 -0.73413
v 76.24789 -4.14643 -1.03005
v 76.70407 -4.13190 -1.00538
v 77.14742 -4.11770 -0.98169
v 76.24789 -3.91370 -0.92161
v 76.70407 -3.90252 -0.89887
v 77.14742 -3.89159 -0.87706
v 76.24789 -3.67563 -0.81629
v 76.70407 -3.66789 -0.79545
v 76.24789 -3.43311 -0.71465
v 76.70407 -3.42888 -0.69567
v 77.14742 -3.66030 -0.77548
v 74.84923 -4.19873 -0.22610
v 75.15352 -4.18562 -0.21699
v 75.32024 -4.17983 -0.21226
v 75.78654 -4.16362 -0.19922
v 76.24789 -4.14755 -0.18658
v 76.70407 -4.13165 -0.17434
v 77.14742 -4.11618 -0.16270
v 77.14742 -3.42471 -0.67748
v 74.84923 -3.19091 -0.67203
v 75.15352 -3.18842 -0.65948
v 74.84923 -2.93116 -0.57376
v 75.15352 -2.93115 -0.56244
v 75.32024 -3.18823 -0.65294
v 75.78654 -3.18768 -0.63483
v 75.32024 -2.93228 -0.55655
v 75.78654 -2.93541 -0.54024
v 74.84923 -2.66935 -0.48186
v 75.15352 -2.67184 -0.47172
v 74.84923 -2.40702 -0.39510
v 75.32024 -2.67430 -0.46644
v 75.78654 -2.68116 -0.45185
v 75.15352 -2.41203 -0.38608
v 75.32024 -2.41583 -0.38139
v 75.78654 -2.42643 -0.36844
v 76.24789 -3.18707 -0.61719
v 76.70407 -3.18641 -0.60001
v 76.24789 -2.93846 -0.52437
v 76.70407 -2.94142 -0.50892
v 77.14742 -3.18572 -0.58356
v 77.14742 -2.94424 -0.49416
v 76.24789 -2.68790 -0.43766
v 76.70407 -2.69451 -0.42387
v 77.14742 -2.70090 -0.41070
v 76.24789 -2.43687 -0.35587
v 76.70407 -2.44716 -0.34366
v 77.14742 -2.45711 -0.33202
v 71.93796 -3.80456 -0.00626
v 72.43208 -3.78857 0.00499
v 72.92297 -3.77268 0.01585
v 73.16216 -3.76493 0.02103
v 71.93796 -3.53464 0.14083
v 72.43208 -3.52237 0.14921
v 72.92297 -3.51018 0.15724
v 73.16216 -3.50424 0.16105
v 73.41038 -3.75784 0.02613
v 73.89405 -3.74402 0.03585
v 73.41038 -3.49900 0.16477
v 74.37375 -3.73031 0.04521
v 73.89405 -3.48879 0.17181
v 74.37375 -3.47866 0.17853
v 71.93796 -3.26077 0.27996
v 72.43208 -3.25230 0.28559
v 71.93796 -2.98306 0.40769
v 72.43208 -2.97846 0.41074
v 72.92297 -3.24389 0.29091
v 73.16216 -3.23980 0.29340
v 72.92297 -2.97391 0.41351
v 73.16216 -2.97171 0.41477
v 73.41038 -3.23644 0.29579
v 73.41038 -2.97027 0.41592
v 73.89405 -3.22990 0.30027
v 74.37375 -3.22343 0.30445
v 73.89405 -2.96749 0.41799
v 74.37375 -2.96476 0.41981
v 71.93796 -2.70345 0.52605
v 72.43208 -2.70278 0.52667
v 71.93796 -2.42286 0.63402
v 72.43208 -2.42616 0.63235
v 72.92297 -2.70215 0.52703
v 73.16216 -2.70185 0.52713
v 72.92297 -2.42947 0.63048
v 73.16216 -2.43111 0.62948
v 73.41038 -2.70236 0.52711
v 73.41038 -2.43358 0.62838
v 73.89405 -2.70338 0.52691
v 74.37375 -2.70443 0.52649
v 73.89405 -2.43844 0.62606
v 74.37375 -2.44329 0.62357
v 74.84923 -3.96037 -0.08307
v 75.15352 -3.94944 -0.07573
v 75.32024 -3.94480 -0.07194
v 75.78654 -3.93182 -0.06150
v 74.84923 -3.71672 0.05422
v 75.15352 -3.70801 0.05984
v 74.84923 -3.46863 0.18493
v 75.15352 -3.46222 0.18889
v 75.32024 -3.70457 0.06272
v 75.78654 -3.69492 0.07064
v 75.32024 -3.45998 0.19091
v 75.78654 -3.45374 0.19639
v 76.24789 -3.91897 -0.05142
v 76.70407 -3.90626 -0.04171
v 77.14742 -3.89389 -0.03250
v 76.24789 -3.68537 0.07823
v 76.70407 -3.67593 0.08550
v 77.14742 -3.66675 0.09235
v 76.24789 -3.44757 0.20159
v 76.70407 -3.44147 0.20651
v 77.14742 -3.43555 0.21108
v 74.84923 -3.21704 0.30836
v 75.15352 -3.21295 0.31073
v 74.84923 -2.96207 0.42138
v 75.15352 -2.96036 0.42227
v 75.32024 -3.21196 0.31191
v 75.78654 -3.20918 0.31507
v 75.32024 -2.96063 0.42267
v 75.78654 -2.96140 0.42365
v 76.24789 -3.20645 0.31797
v 76.70407 -3.20377 0.32064
v 76.24789 -2.96217 0.42441
v 76.70407 -2.96296 0.42498
v 77.14742 -3.20117 0.32304
v 77.14742 -2.96375 0.42535
v 74.84923 -2.70549 0.52587
v 75.15352 -2.70619 0.52536
v 74.84923 -2.44814 0.62090
v 75.15352 -2.45126 0.61909
v 75.32024 -2.70773 0.52502
v 75.78654 -2.71207 0.52395
v 75.32024 -2.45409 0.61806
v 75.78654 -2.46204 0.61509
v 76.24789 -2.71640 0.52271
v 76.70407 -2.72070 0.52130
v 76.24789 -2.46994 0.61197
v 76.70407 -2.47779 0.60872
v 77.14742 -2.72491 0.51975
v 77.14742 -2.48544 0.60541
v 77.59995 -6.54226 -2.51183
v 77.59995 -6.53561 -2.50643
v 77.59995 -6.51566 -2.49027
v 77.59995 -6.48247 -2.46355
v 78.03920 -6.49177 -2.45772
v 78.03920 -6.49833 -2.46304
v 78.03920 -6.47209 -2.44183
v 77.59995 -6.60778 -2.30222
v 77.59995 -6.60164 -2.29517
v 77.59995 -6.58327 -2.27400
v 77.59995 -6.55267 -2.23899
v 78.03920 -6.56255 -2.25643
v 78.03920 -6.55649 -2.24950
v 78.03920 -6.53835 -2.22867
v 78.47235 -6.51783 -2.21162
v 77.59995 -6.43613 -2.42646
v 77.59995 -6.37680 -2.37923
v 77.59995 -6.30447 -2.32283
v 78.03920 -6.43935 -2.41554
v 78.03920 -6.39363 -2.37905
v 78.03920 -6.33510 -2.33259
v 77.59995 -6.50990 -2.19049
v 78.03920 -6.50814 -2.19423
v 78.03920 -6.46592 -2.14652
v 77.59995 -6.21945 -2.25742
v 77.59995 -6.12191 -2.18373
v 78.03920 -6.26375 -2.27711
v 78.03920 -6.17987 -2.21277
v 78.47235 -6.45488 -2.41527
v 78.47235 -6.44840 -2.41004
v 78.47235 -6.42899 -2.39441
v 78.47235 -6.39669 -2.36854
v 78.47235 -6.35159 -2.33265
v 78.47235 -6.51185 -2.20480
v 78.47235 -6.49394 -2.18431
v 78.47235 -6.46411 -2.15043
v 78.47235 -6.29385 -2.28694
v 78.47235 -6.22346 -2.23236
v 78.47235 -6.14072 -2.16907
v 77.59995 -6.45511 -2.12874
v 77.59995 -6.38819 -2.05503
v 78.03920 -6.41183 -2.08577
v 78.03920 -6.34576 -2.01327
v 77.59995 -6.30940 -1.96967
v 78.03920 -6.08365 -2.14028
v 77.59995 -6.21887 -1.87355
v 78.03920 -6.26799 -1.92930
v 78.47235 -6.42243 -2.10350
v 78.47235 -6.36903 -2.04374
v 78.47235 -6.30382 -1.97242
v 78.47235 -6.22704 -1.88982
v 78.89919 -6.41193 -2.36853
v 78.89919 -6.40554 -2.36339
v 78.89919 -6.38639 -2.34801
v 78.89919 -6.35453 -2.32256
v 79.14132 -6.38751 -2.34217
v 79.14132 -6.38117 -2.33707
v 79.14132 -6.36217 -2.32183
v 79.14132 -6.33055 -2.29662
v 79.31949 -6.37202 -2.32385
v 79.31949 -6.36572 -2.31879
v 79.31949 -6.34682 -2.30365
v 78.89919 -6.47364 -2.16780
v 78.89919 -6.46773 -2.16109
v 78.89919 -6.31004 -2.28725
v 79.14132 -6.28641 -2.26164
v 79.31949 -6.31537 -2.27861
v 78.89919 -6.25308 -2.24228
v 78.89919 -6.18364 -2.18859
v 79.14132 -6.22989 -2.21709
v 79.14132 -6.16100 -2.16390
v 79.31949 -6.27147 -2.24386
v 79.31949 -6.21526 -2.19960
v 79.31949 -6.14675 -2.14676
v 79.73304 -6.32977 -2.27656
v 79.73304 -6.33599 -2.28155
v 79.73304 -6.31111 -2.26166
v 80.13963 -6.30047 -2.24023
v 80.13963 -6.29432 -2.23532
v 79.73304 -6.28007 -2.23700
v 79.73304 -6.23672 -2.20278
v 79.73304 -6.18123 -2.15920
v 80.13963 -6.27590 -2.22064
v 80.13963 -6.24525 -2.19636
v 80.13963 -6.20246 -2.16266
v 78.89919 -6.45005 -2.14094
v 78.89919 -6.42061 -2.10761
v 79.14132 -6.44852 -2.14309
v 79.14132 -6.44266 -2.13645
v 79.14132 -6.42511 -2.11648
v 79.14132 -6.39588 -2.08346
v 78.89919 -6.37946 -2.06143
v 78.89919 -6.32675 -2.00265
v 79.14132 -6.35504 -2.03772
v 79.31949 -6.43255 -2.12593
v 79.31949 -6.42671 -2.11933
v 79.31949 -6.40926 -2.09949
v 79.31949 -6.38018 -2.06669
v 79.31949 -6.33955 -2.02124
v 79.14132 -6.30272 -1.97948
v 79.31949 -6.28750 -1.96339
v 78.89919 -6.10202 -2.12633
v 79.14132 -6.08002 -2.10223
v 79.31949 -6.06621 -2.08549
v 78.89919 -6.26238 -1.93249
v 79.14132 -6.23882 -1.90999
v 79.31949 -6.22394 -1.89435
v 79.73304 -6.39540 -2.08630
v 79.73304 -6.38964 -2.07979
v 79.73304 -6.37239 -2.06026
v 79.73304 -6.34367 -2.02796
v 80.13963 -6.35878 -2.04761
v 80.13963 -6.35309 -2.04120
v 80.13963 -6.33605 -2.02196
v 79.73304 -6.30353 -1.98321
v 80.13963 -6.30767 -1.99015
v 79.73304 -6.11359 -2.10717
v 80.13963 -6.14768 -2.11975
v 80.13963 -6.08090 -2.06852
v 79.73304 -6.25211 -1.92623
v 79.73304 -6.18933 -1.85825
v 80.13963 -6.26802 -1.94608
v 80.13963 -6.21723 -1.88997
v 77.59995 -6.11681 -1.76757
v 78.03920 -6.17863 -1.83476
v 78.03920 -6.07789 -1.73052
v 78.47235 -6.13884 -1.79683
v 78.89919 -6.18659 -1.85124
v 79.14132 -6.16360 -1.82950
v 78.89919 -6.09953 -1.75977
v 79.14132 -6.07719 -1.73889
v 79.31949 -6.14911 -1.81439
v 79.31949 -6.06315 -1.72438
v 79.73304 -6.11542 -1.77951
v 80.13963 -6.15521 -1.82302
v 80.13963 -6.08220 -1.74549
v 80.53905 -6.25940 -2.19508
v 80.53905 -6.26547 -2.19991
v 80.53905 -6.24122 -2.18062
v 80.53905 -6.21096 -2.15670
v 80.93111 -6.23102 -2.16059
v 80.93111 -6.22503 -2.15583
v 80.53905 -6.32271 -2.00986
v 80.53905 -6.31709 -2.00356
v 80.53905 -6.30026 -1.98461
v 80.93111 -6.28722 -1.97308
v 80.53905 -6.16871 -2.12352
v 80.53905 -6.11462 -2.08126
v 80.93111 -6.20708 -2.14159
v 80.93111 -6.17720 -2.11803
v 80.93111 -6.13548 -2.08535
v 80.93111 -6.08208 -2.04373
v 80.53905 -6.27223 -1.95328
v 80.53905 -6.23306 -1.90987
v 80.53905 -6.18288 -1.85462
v 80.93111 -6.28167 -1.96686
v 80.93111 -6.26504 -1.94820
v 80.93111 -6.23735 -1.91734
v 80.93111 -6.19865 -1.87459
v 81.13268 -6.21327 -2.14047
v 81.13268 -6.20732 -2.13575
v 81.13268 -6.18949 -2.12162
v 81.31558 -6.19955 -2.12332
v 81.31558 -6.19363 -2.11863
v 81.31558 -6.17589 -2.10460
v 81.13268 -6.15981 -2.09825
v 81.31558 -6.14638 -2.08138
v 81.13268 -6.11836 -2.06582
v 81.13268 -6.06531 -2.02453
v 81.31558 -6.10517 -2.04918
v 81.31558 -6.05242 -2.00816
v 81.13268 -6.26894 -1.95426
v 81.13268 -6.26342 -1.94810
v 81.13268 -6.24690 -1.92958
v 81.31558 -6.25476 -1.93823
v 81.31558 -6.24927 -1.93210
v 81.13268 -6.21938 -1.89896
v 81.13268 -6.18093 -1.85655
v 81.31558 -6.23284 -1.91371
v 81.31558 -6.20547 -1.88329
v 81.69229 -6.17121 -2.08816
v 81.69229 -6.16537 -2.08353
v 81.69229 -6.14784 -2.06970
v 81.69229 -6.11867 -2.04681
v 81.69229 -6.07794 -2.01505
v 82.06104 -6.14341 -2.05394
v 82.06104 -6.13763 -2.04938
v 82.06104 -6.12030 -2.03573
v 82.06104 -6.09147 -2.01316
v 81.69229 -6.22550 -1.90535
v 81.69229 -6.22007 -1.89931
v 81.69229 -6.20382 -1.88117
v 82.06104 -6.19679 -1.87337
v 82.06104 -6.19142 -1.86742
v 82.42164 -6.11614 -2.02068
v 82.42164 -6.11043 -2.01618
v 82.42164 -6.09330 -2.00272
v 82.42164 -6.06481 -1.98045
v 82.77390 -6.08379 -1.98393
v 82.77390 -6.08944 -1.98837
v 82.77390 -6.06686 -1.97065
v 80.53905 -6.12161 -1.78868
v 80.93111 -6.14908 -1.82016
v 80.93111 -6.08856 -1.75522
v 81.13268 -6.13167 -1.80254
v 81.31558 -6.16722 -1.84116
v 81.31558 -6.11823 -1.78752
v 81.13268 -6.07153 -1.73811
v 81.31558 -6.05842 -1.72352
v 81.69229 -6.17676 -1.85118
v 81.69229 -6.13894 -1.80963
v 81.69229 -6.09050 -1.75674
v 82.06104 -6.17535 -1.84953
v 82.06104 -6.14859 -1.81995
v 82.06104 -6.11119 -1.77898
v 82.06104 -6.06329 -1.72681
v 82.42164 -6.16864 -1.84230
v 82.42164 -6.16333 -1.83642
v 82.42164 -6.14744 -1.81878
v 82.42164 -6.12098 -1.78960
v 82.42164 -6.08399 -1.74919
v 82.77390 -6.14109 -1.81213
v 82.77390 -6.13584 -1.80634
v 82.77390 -6.12012 -1.78893
v 82.77390 -6.09394 -1.76015
v 82.77390 -6.05736 -1.72027
v 83.11765 -6.06332 -1.95702
v 83.11765 -6.05773 -1.95263
v 83.11765 -6.11414 -1.78287
v 83.11765 -6.10894 -1.77715
v 83.11765 -6.09339 -1.75998
v 83.11765 -6.06750 -1.73158
v 83.45271 -6.09350 -1.75515
v 83.45271 -6.08837 -1.74951
v 83.45271 -6.07298 -1.73255
v 83.77891 -6.07352 -1.72833
v 83.77891 -6.06843 -1.72276
v 83.77891 -6.05321 -1.70602
v 84.09608 -6.05404 -1.70240
v 77.59995 -6.01214 -2.10242
v 77.59995 -5.89049 -2.01403
v 78.03920 -5.97537 -2.06030
v 78.03920 -5.85537 -1.97337
v 77.59995 -5.75700 -1.92036
v 78.03920 -5.72370 -1.88125
v 78.47235 -6.04581 -2.09777
v 78.47235 -5.93900 -2.01910
v 78.47235 -5.82063 -1.93360
v 78.89919 -6.00840 -2.05619
v 79.14132 -5.98713 -2.03275
v 79.31949 -5.97383 -2.01648
v 78.89919 -5.90304 -1.97881
v 79.14132 -5.88260 -1.95610
v 79.31949 -5.86987 -1.94033
v 78.89919 -5.78629 -1.89471
v 79.14132 -5.76676 -1.87279
v 79.31949 -5.75466 -1.85758
v 79.73304 -6.03408 -2.04685
v 80.13963 -6.00240 -2.00912
v 79.73304 -5.94288 -1.97890
v 79.73304 -5.84025 -1.90393
v 80.13963 -5.91237 -1.94221
v 80.13963 -5.81105 -1.86840
v 77.59995 -6.00351 -1.65251
v 78.03920 -5.96605 -1.61735
v 77.59995 -5.61225 -1.82158
v 78.47235 -6.03940 -1.69430
v 78.47235 -5.92902 -1.58299
v 78.47235 -5.69075 -1.84299
v 77.59995 -5.87882 -1.53068
v 78.03920 -5.84298 -1.49753
v 77.59995 -5.74332 -1.40230
v 77.59995 -5.59738 -1.26843
v 78.03920 -5.70925 -1.37127
v 78.47235 -5.80756 -1.46514
v 78.47235 -5.67558 -1.34098
v 77.59995 -5.45668 -1.71850
v 78.03920 -5.58092 -1.78410
v 78.03920 -5.42748 -1.68274
v 77.59995 -5.29076 -1.61201
v 78.03920 -5.26383 -1.57803
v 78.47235 -5.54993 -1.74745
v 78.47235 -5.39858 -1.64778
v 78.47235 -5.23718 -1.54482
v 78.89919 -6.00139 -1.65892
v 79.14132 -5.97978 -1.63899
v 79.31949 -5.96626 -1.62513
v 78.89919 -5.65818 -1.80560
v 79.14132 -5.63966 -1.78452
v 79.31949 -5.62827 -1.76990
v 79.73304 -6.03051 -1.69088
v 79.73304 -5.93480 -1.59316
v 80.13963 -5.99834 -1.65821
v 80.13963 -5.90380 -1.56199
v 79.73304 -5.72653 -1.82246
v 79.73304 -5.60176 -1.73615
v 80.13963 -5.69879 -1.78819
v 78.89919 -5.89244 -1.54944
v 79.14132 -5.87165 -1.53054
v 79.31949 -5.85870 -1.51740
v 78.89919 -5.77257 -1.43353
v 79.14132 -5.75269 -1.41574
v 78.89919 -5.64233 -1.31142
v 79.14132 -5.62343 -1.29479
v 79.31949 -5.74036 -1.40336
v 79.31949 -5.61179 -1.28321
v 79.73304 -5.82857 -1.48709
v 80.13963 -5.79887 -1.45754
v 79.73304 -5.71169 -1.37481
v 80.13963 -5.68345 -1.34699
v 78.89919 -5.51928 -1.71164
v 79.14132 -5.50186 -1.69146
v 78.89919 -5.37002 -1.61363
v 79.31949 -5.49122 -1.67746
v 79.14132 -5.35377 -1.59438
v 79.31949 -5.34395 -1.58104
v 79.73304 -5.46648 -1.64516
v 80.13963 -5.57562 -1.70322
v 80.13963 -5.44208 -1.61364
v 78.89919 -5.21083 -1.51239
v 79.14132 -5.19584 -1.49411
v 79.31949 -5.18690 -1.48145
v 79.73304 -5.32112 -1.55025
v 79.73304 -5.16610 -1.45223
v 80.13963 -5.29859 -1.52021
v 80.13963 -5.14557 -1.42373
v 77.59995 -5.11498 -1.50304
v 78.03920 -5.09046 -1.47089
v 77.59995 -4.92951 -1.39367
v 78.03920 -4.90755 -1.36337
v 77.59995 -4.73530 -1.28370
v 78.47235 -5.06619 -1.43948
v 78.47235 -4.88581 -1.33378
v 78.89919 -5.04220 -1.40881
v 79.14132 -5.02855 -1.39154
v 79.31949 -5.02054 -1.37957
v 78.89919 -4.86430 -1.30489
v 79.14132 -4.85207 -1.28863
v 79.31949 -4.84504 -1.27737
v 79.73304 -5.00189 -1.35196
v 80.13963 -4.98349 -1.32505
v 80.53905 -6.04869 -2.03081
v 80.53905 -5.97119 -1.97231
v 80.53905 -5.88230 -1.90643
v 80.93111 -6.01698 -1.99404
v 80.93111 -5.94046 -1.93643
v 80.93111 -5.85271 -1.87155
v 81.13268 -6.00064 -1.97523
v 81.31558 -5.98812 -1.95920
v 81.13268 -5.92463 -1.91808
v 81.13268 -5.83746 -1.85371
v 81.31558 -5.91254 -1.90244
v 81.69229 -6.02581 -1.97461
v 81.69229 -5.96226 -1.92633
v 81.69229 -5.88757 -1.87037
v 82.06104 -6.05122 -1.98185
v 82.06104 -5.99969 -1.94197
v 82.06104 -5.93689 -1.89436
v 82.42164 -6.02502 -1.94957
v 82.42164 -5.97408 -1.91024
v 82.42164 -5.91200 -1.86329
v 82.77390 -6.03869 -1.94869
v 82.77390 -5.99936 -1.91822
v 82.77390 -5.94900 -1.87942
v 80.53905 -6.04950 -1.71232
v 80.53905 -5.96665 -1.62637
v 80.93111 -6.01732 -1.68001
v 80.93111 -5.93548 -1.59536
v 80.53905 -5.78228 -1.83375
v 80.53905 -5.67145 -1.75477
v 80.93111 -5.75395 -1.79997
v 80.93111 -5.64453 -1.72220
v 81.31558 -5.82585 -1.83851
v 81.13268 -6.00074 -1.66350
v 81.31558 -5.98801 -1.64941
v 81.13268 -5.91943 -1.57951
v 81.31558 -5.90714 -1.56599
v 81.13268 -5.73936 -1.78270
v 81.31558 -5.72831 -1.76798
v 81.13268 -5.63067 -1.70555
v 81.31558 -5.62024 -1.69136
v 80.53905 -5.87328 -1.53161
v 80.93111 -5.84325 -1.50203
v 80.53905 -5.76964 -1.42876
v 80.53905 -5.65564 -1.31990
v 80.93111 -5.74088 -1.40074
v 80.93111 -5.62828 -1.29354
v 81.13268 -5.82779 -1.48692
v 81.31558 -5.81600 -1.47403
v 81.13268 -5.72607 -1.38643
v 81.31558 -5.71484 -1.37422
v 81.13268 -5.61419 -1.28007
v 81.31558 -5.60358 -1.26859
v 80.53905 -5.54985 -1.67111
v 80.53905 -5.41803 -1.58292
v 80.93111 -5.52449 -1.63982
v 81.13268 -5.51142 -1.62383
v 81.31558 -5.50168 -1.61020
v 80.93111 -5.39436 -1.55299
v 80.53905 -5.27638 -1.49094
v 80.93111 -5.25452 -1.46244
v 81.13268 -5.38215 -1.53769
v 81.31558 -5.37315 -1.52466
v 81.13268 -5.24325 -1.44787
v 81.31558 -5.23504 -1.43545
v 82.06104 -5.86306 -1.83918
v 81.69229 -6.03136 -1.69363
v 81.69229 -5.96175 -1.62056
v 82.06104 -6.00481 -1.66458
v 82.06104 -5.93598 -1.59251
v 81.69229 -5.80191 -1.80734
v 81.69229 -5.70552 -1.73781
v 82.06104 -5.77840 -1.77703
v 82.06104 -5.68314 -1.70847
v 81.69229 -5.59872 -1.66227
v 82.42164 -5.83904 -1.80886
v 82.77390 -5.88763 -1.83311
v 82.42164 -6.03663 -1.69774
v 82.42164 -5.97879 -1.63635
v 82.42164 -5.91073 -1.56527
v 82.77390 -6.01052 -1.66952
v 82.77390 -5.95332 -1.60896
v 82.42164 -5.75535 -1.74757
v 82.77390 -5.81550 -1.77943
v 82.77390 -5.73278 -1.71897
v 82.42164 -5.66119 -1.67996
v 82.77390 -5.63970 -1.65229
v 81.69229 -5.88180 -1.53830
v 82.06104 -5.85693 -1.51139
v 81.69229 -5.79169 -1.44763
v 82.06104 -5.76783 -1.42198
v 81.69229 -5.69168 -1.34922
v 82.06104 -5.66895 -1.32493
v 82.42164 -5.83256 -1.48526
v 82.77390 -5.88601 -1.53884
v 82.77390 -5.80869 -1.45991
v 82.42164 -5.74445 -1.39707
v 82.42164 -5.64668 -1.30136
v 82.77390 -5.72157 -1.37292
v 82.77390 -5.62488 -1.27851
v 81.69229 -5.48156 -1.58227
v 82.06104 -5.57759 -1.63399
v 82.42164 -5.55687 -1.60652
v 82.77390 -5.53657 -1.57985
v 82.06104 -5.46181 -1.55511
v 81.69229 -5.35455 -1.49795
v 82.06104 -5.33629 -1.47198
v 81.69229 -5.21809 -1.41002
v 82.06104 -5.20143 -1.38530
v 82.42164 -5.44243 -1.52874
v 82.77390 -5.42346 -1.50314
v 82.42164 -5.31838 -1.44677
v 82.77390 -5.30084 -1.42230
v 82.42164 -5.18510 -1.36131
v 82.77390 -5.16910 -1.33802
v 80.53905 -5.12534 -1.39597
v 80.53905 -4.96535 -1.29883
v 80.93111 -5.10542 -1.36894
v 80.93111 -4.94749 -1.27332
v 81.13268 -5.09515 -1.35512
v 81.31558 -5.08778 -1.34335
v 81.69229 -5.07258 -1.31925
v 82.06104 -5.05765 -1.29582
v 82.42164 -5.04299 -1.27309
v 83.11765 -6.04100 -1.93954
v 83.45271 -6.04347 -1.92728
v 83.11765 -6.01314 -1.91787
v 83.11765 -5.97425 -1.88781
v 83.45271 -6.03795 -1.92296
v 83.45271 -6.02139 -1.91003
v 83.45271 -5.99384 -1.88864
v 83.45271 -5.95538 -1.85897
v 83.77891 -6.02425 -1.89851
v 83.77891 -6.01878 -1.89424
v 83.77891 -6.00241 -1.88147
v 83.77891 -5.97516 -1.86036
v 84.09608 -6.00550 -1.87067
v 84.09608 -6.00010 -1.86645
v 84.09608 -5.98389 -1.85385
v 83.11765 -5.92447 -1.84953
v 83.11765 -5.86379 -1.80384
v 83.45271 -5.90615 -1.82119
v 83.45271 -5.84614 -1.77609
v 83.77891 -5.93711 -1.83106
v 83.77891 -5.88841 -1.79376
v 83.77891 -5.82905 -1.74924
v 83.11765 -6.03132 -1.69224
v 83.11765 -5.98498 -1.64215
v 83.45271 -6.04736 -1.70452
v 83.45271 -6.01157 -1.66568
v 83.45271 -5.96572 -1.61624
v 83.11765 -5.92841 -1.58240
v 83.77891 -6.02786 -1.67834
v 83.77891 -5.99244 -1.63999
v 83.77891 -5.94707 -1.59118
v 83.11765 -5.79248 -1.75087
v 83.45271 -5.77561 -1.72382
v 83.11765 -5.71069 -1.69123
v 83.45271 -5.69473 -1.66495
v 83.11765 -5.61867 -1.62545
v 83.45271 -5.60372 -1.60003
v 83.77891 -5.75929 -1.69763
v 83.77891 -5.67929 -1.63952
v 84.09608 -5.95694 -1.83300
v 84.09608 -5.91930 -1.80407
v 84.09608 -5.87111 -1.76723
v 84.40407 -5.98725 -1.84377
v 84.40407 -5.98190 -1.83961
v 84.40407 -5.96587 -1.82716
v 84.40407 -5.93920 -1.80656
v 84.40407 -5.90195 -1.77799
v 84.40407 -5.85427 -1.74161
v 84.09608 -6.04901 -1.69689
v 84.09608 -6.03394 -1.68036
v 84.09608 -6.00885 -1.65303
v 84.09608 -5.97379 -1.61516
v 84.09608 -5.92889 -1.56695
v 84.40407 -6.03508 -1.67735
v 84.40407 -6.03010 -1.67192
v 84.40407 -6.01518 -1.65558
v 84.40407 -5.99035 -1.62858
v 84.40407 -5.95564 -1.59118
v 84.09608 -5.81239 -1.72327
v 84.09608 -5.74338 -1.67231
v 84.09608 -5.66423 -1.61493
v 84.40407 -5.79617 -1.69819
v 84.40407 -5.72788 -1.64786
v 84.40407 -5.64957 -1.59119
v 83.11765 -5.86183 -1.51321
v 83.45271 -5.90975 -1.55726
v 83.45271 -5.84387 -1.48897
v 83.77891 -5.89168 -1.53295
v 83.77891 -5.82650 -1.46552
v 83.11765 -5.78536 -1.43535
v 83.45271 -5.76822 -1.41211
v 83.11765 -5.69919 -1.34952
v 83.45271 -5.68297 -1.32739
v 83.77891 -5.75164 -1.38964
v 83.77891 -5.66729 -1.30600
v 84.09608 -5.87407 -1.50945
v 84.40407 -5.91119 -1.54356
v 84.40407 -5.85694 -1.48676
v 84.09608 -5.80956 -1.44286
v 84.40407 -5.79308 -1.42099
v 84.09608 -5.73548 -1.36793
v 84.09608 -5.65201 -1.28534
v 84.40407 -5.71976 -1.34698
v 83.77891 -5.58927 -1.57543
v 83.11765 -5.51672 -1.55399
v 83.45271 -5.50290 -1.52950
v 83.11765 -5.40489 -1.47832
v 83.45271 -5.39231 -1.45483
v 83.77891 -5.48955 -1.50581
v 83.77891 -5.38017 -1.43210
v 83.11765 -5.28367 -1.39859
v 83.45271 -5.27244 -1.37614
v 83.11765 -5.15343 -1.31546
v 83.45271 -5.14365 -1.29412
v 83.77891 -5.26161 -1.35444
v 83.77891 -5.13424 -1.27349
v 84.09608 -5.57518 -1.55165
v 84.09608 -5.47653 -1.48291
v 84.40407 -5.56146 -1.52869
v 84.40407 -5.46385 -1.46080
v 84.09608 -5.36833 -1.41014
v 84.09608 -5.25105 -1.33347
v 84.40407 -5.35679 -1.38894
v 84.40407 -5.24075 -1.31323
v 84.70270 -5.96951 -1.81782
v 84.70270 -5.96422 -1.81370
v 84.70270 -5.94835 -1.80140
v 84.70270 -5.92195 -1.78106
v 84.70270 -5.88509 -1.75283
v 84.70270 -5.83790 -1.71688
v 84.99184 -5.95230 -1.79281
v 84.99184 -5.94706 -1.78874
v 85.12048 -5.94462 -1.78172
v 85.12048 -5.93941 -1.77768
v 84.99184 -5.93135 -1.77659
v 84.99184 -5.90521 -1.75648
v 84.99184 -5.86873 -1.72858
v 85.12048 -5.92377 -1.76559
v 85.12048 -5.89776 -1.74558
v 85.12048 -5.86143 -1.71783
v 84.70270 -6.01666 -1.65320
v 84.70270 -6.01173 -1.64782
v 84.70270 -5.99696 -1.63169
v 84.70270 -5.97237 -1.60501
v 84.70270 -5.93801 -1.56805
v 84.99184 -5.99878 -1.62993
v 84.99184 -5.99390 -1.62462
v 84.99184 -5.97927 -1.60867
v 84.99184 -5.95492 -1.58230
v 85.12048 -5.99082 -1.61961
v 85.12048 -5.98595 -1.61433
v 85.12048 -5.97139 -1.59847
v 85.12048 -5.94715 -1.57224
v 84.99184 -5.82202 -1.69306
v 84.70270 -5.78040 -1.67399
v 84.70270 -5.71282 -1.62427
v 84.70270 -5.63531 -1.56828
v 84.99184 -5.76509 -1.65067
v 85.12048 -5.81493 -1.68250
v 85.12048 -5.75827 -1.64034
v 84.99184 -5.69819 -1.60154
v 85.12048 -5.69167 -1.59146
v 85.27132 -5.93899 -1.75126
v 85.27132 -5.93386 -1.74728
v 85.27132 -5.91846 -1.73538
v 85.27132 -5.89284 -1.71570
v 85.27132 -5.98439 -1.59166
v 85.27132 -5.97960 -1.58646
v 85.27132 -5.96526 -1.57085
v 85.27132 -5.85707 -1.68840
v 85.54103 -5.92886 -1.69700
v 85.54103 -5.92386 -1.69314
v 85.54103 -5.90890 -1.68159
v 85.54103 -5.88399 -1.66248
v 85.54103 -5.84921 -1.63598
v 85.80080 -5.91902 -1.64500
v 85.80080 -5.91416 -1.64124
v 85.80080 -5.89960 -1.63003
v 85.80080 -5.87538 -1.61148
v 85.80080 -5.84156 -1.58575
v 85.27132 -5.81128 -1.65364
v 85.27132 -5.75548 -1.61215
v 85.54103 -5.80469 -1.60224
v 85.54103 -5.75044 -1.56197
v 85.27132 -5.68990 -1.56407
v 84.70270 -5.89400 -1.52101
v 84.70270 -5.84028 -1.46488
v 84.99184 -5.92090 -1.54578
v 84.99184 -5.87732 -1.49928
v 85.12048 -5.91327 -1.53591
v 85.12048 -5.86989 -1.48966
v 84.99184 -5.82413 -1.44382
v 85.12048 -5.81693 -1.43449
v 84.99184 -5.62148 -1.54622
v 85.12048 -5.61531 -1.53644
v 84.70270 -5.77707 -1.39991
v 84.70270 -5.70448 -1.32678
v 84.99184 -5.76153 -1.37961
v 85.12048 -5.75461 -1.37061
v 84.99184 -5.68965 -1.30734
v 85.12048 -5.68304 -1.29873
v 85.27132 -5.94138 -1.54504
v 85.54103 -5.97284 -1.54189
v 85.54103 -5.96819 -1.53685
v 85.54103 -5.95424 -1.52169
v 85.27132 -5.90802 -1.50930
v 85.54103 -5.93102 -1.49664
v 85.27132 -5.86529 -1.46379
v 85.54103 -5.89857 -1.46193
v 85.54103 -5.85701 -1.41775
v 85.80080 -5.96165 -1.49421
v 85.80080 -5.95712 -1.48931
v 85.80080 -5.94355 -1.47460
v 85.80080 -5.92096 -1.45027
v 85.80080 -5.88939 -1.41656
v 85.80080 -5.84897 -1.37366
v 85.27132 -5.61470 -1.50993
v 85.54103 -5.68668 -1.51529
v 85.54103 -5.61357 -1.46274
v 85.80080 -5.79827 -1.55298
v 85.80080 -5.74551 -1.51388
v 85.80080 -5.68351 -1.46856
v 85.80080 -5.61241 -1.41754
v 85.27132 -5.81313 -1.40951
v 85.27132 -5.75175 -1.34666
v 85.54103 -5.80628 -1.36505
v 85.54103 -5.74659 -1.30403
v 85.27132 -5.68127 -1.27593
v 85.80080 -5.79962 -1.32248
v 84.70270 -5.54812 -1.50654
v 84.70270 -5.45152 -1.43948
v 84.99184 -5.53516 -1.48521
v 85.12048 -5.52939 -1.47576
v 84.99184 -5.43954 -1.41895
v 85.12048 -5.43421 -1.40985
v 84.70270 -5.34557 -1.36850
v 84.70270 -5.23074 -1.29371
v 84.99184 -5.33467 -1.34881
v 85.12048 -5.32982 -1.34009
v 84.99184 -5.22101 -1.27492
v 85.12048 -5.21668 -1.26659
v 85.27132 -5.53010 -1.45023
v 85.54103 -5.53132 -1.40480
v 85.27132 -5.43637 -1.38539
v 85.54103 -5.44019 -1.34186
v 85.80080 -5.53242 -1.36127
v 85.80080 -5.44381 -1.30017
v 85.27132 -5.33358 -1.31676
v 85.54103 -5.34026 -1.27525
v 86.05051 -5.90948 -1.59524
v 86.05051 -5.90476 -1.59160
v 86.05051 -5.89060 -1.58070
v 86.05051 -5.86703 -1.56268
v 86.05051 -5.95082 -1.44862
v 86.05051 -5.94641 -1.44386
v 86.05051 -5.83413 -1.53769
v 86.29004 -5.89567 -1.54419
v 86.29004 -5.90027 -1.54773
v 86.29004 -5.88189 -1.53361
v 86.29004 -5.85896 -1.51610
v 86.29004 -5.82695 -1.49181
v 86.05051 -5.93321 -1.42956
v 86.51926 -5.88692 -1.49903
v 86.51926 -5.89139 -1.50247
v 86.51926 -5.87350 -1.48874
v 86.51926 -5.85117 -1.47171
v 86.29004 -5.94037 -1.40511
v 86.05051 -5.91122 -1.40593
v 86.05051 -5.88051 -1.37318
v 86.29004 -5.93607 -1.40048
v 86.29004 -5.92322 -1.38659
v 86.29004 -5.90183 -1.36361
v 86.05051 -5.84117 -1.33150
v 86.29004 -5.87193 -1.33179
v 86.29004 -5.83364 -1.29128
v 86.51926 -5.93031 -1.36367
v 86.51926 -5.92613 -1.35917
v 86.51926 -5.91362 -1.34566
v 86.51926 -5.89278 -1.32332
v 86.51926 -5.86367 -1.29238
v 86.05051 -5.79202 -1.50586
v 86.05051 -5.74070 -1.46788
v 86.29004 -5.78596 -1.46088
v 86.29004 -5.73602 -1.42397
v 86.05051 -5.68039 -1.42386
v 86.51926 -5.82001 -1.44810
v 86.51926 -5.78011 -1.41803
v 86.05051 -5.79316 -1.28179
v 86.05051 -5.61123 -1.37430
v 86.29004 -5.67733 -1.38120
v 86.29004 -5.61003 -1.33304
v 86.51926 -5.73149 -1.38215
v 86.51926 -5.67436 -1.34056
v 86.51926 -5.60884 -1.29374
v 86.73804 -5.88286 -1.45945
v 86.73804 -5.87850 -1.45610
v 86.73804 -5.86543 -1.44609
v 86.73804 -5.84369 -1.42953
v 86.94629 -5.87044 -1.41541
v 86.94629 -5.87469 -1.41867
v 86.94629 -5.85771 -1.40566
v 86.94629 -5.83651 -1.38954
v 86.73804 -5.92066 -1.32430
v 86.73804 -5.91659 -1.31992
v 86.73804 -5.90439 -1.30678
v 86.73804 -5.88409 -1.28505
v 86.94629 -5.91143 -1.28699
v 86.94629 -5.90746 -1.28273
v 86.94629 -5.89557 -1.26994
v 87.09152 -5.86479 -1.38713
v 87.09152 -5.86896 -1.39032
v 87.09152 -5.85229 -1.37757
v 87.09152 -5.83148 -1.36175
v 87.14390 -5.86834 -1.34955
v 87.14390 -5.86428 -1.34644
v 87.14390 -5.85214 -1.33716
v 87.14390 -5.83193 -1.32180
v 86.73804 -5.81333 -1.40656
v 86.73804 -5.77447 -1.37731
v 86.73804 -5.72712 -1.34240
v 86.94629 -5.80693 -1.36718
v 86.94629 -5.76905 -1.33871
v 86.94629 -5.72290 -1.30473
v 86.73804 -5.67146 -1.30195
v 87.09152 -5.80243 -1.33981
v 87.09152 -5.76525 -1.31188
v 87.14390 -5.80373 -1.30050
v 87.14390 -5.76761 -1.27338
v 87.09152 -5.71994 -1.27855
v 86.05051 -5.53342 -1.31966
v 86.29004 -5.53432 -1.27994
v 77.59995 -5.44137 -1.13020
v 78.03920 -5.56522 -1.23963
v 78.03920 -5.41128 -1.10370
v 77.59995 -5.27571 -0.98884
v 78.47235 -5.53345 -1.21152
v 78.47235 -5.38153 -1.07786
v 78.03920 -5.24781 -0.96471
v 78.47235 -5.22023 -0.94119
v 78.89919 -5.50207 -1.18411
v 79.14132 -5.48424 -1.16868
v 79.31949 -5.47334 -1.15795
v 78.89919 -5.35216 -1.05267
v 79.14132 -5.33548 -1.03851
v 79.31949 -5.32537 -1.02864
v 79.73304 -5.58472 -1.25652
v 79.73304 -5.44800 -1.13321
v 80.13963 -5.55805 -1.23053
v 80.13963 -5.42303 -1.10912
v 79.73304 -5.30188 -1.00592
v 80.13963 -5.27874 -0.98381
v 78.89919 -5.19300 -0.91829
v 79.14132 -5.17754 -0.90542
v 79.31949 -5.16828 -0.89645
v 79.73304 -5.14676 -0.87580
v 78.03920 -4.71601 -1.25528
v 78.47235 -4.69692 -1.22753
v 77.59995 -5.10038 -0.84708
v 77.59995 -4.91631 -0.70464
v 78.03920 -5.07480 -0.82533
v 78.03920 -4.89319 -0.68531
v 78.47235 -5.04953 -0.80416
v 77.59995 -4.53294 -1.17405
v 78.03920 -4.51646 -1.14751
v 77.59995 -4.32316 -1.06544
v 78.03920 -4.30959 -1.04078
v 78.47235 -4.50014 -1.12161
v 78.47235 -4.29614 -1.01672
v 78.89919 -4.67803 -1.20045
v 79.14132 -4.66728 -1.18521
v 79.73304 -4.82868 -1.25139
v 80.13963 -4.81253 -1.22608
v 78.89919 -5.02458 -0.78356
v 79.14132 -5.01041 -0.77199
v 79.31949 -5.00206 -0.76393
v 80.13963 -5.12556 -0.85572
v 79.73304 -4.98264 -0.74536
v 80.13963 -4.96350 -0.72733
v 79.31949 -4.66129 -1.17466
v 78.89919 -4.48398 -1.09635
v 79.14132 -4.47478 -1.08213
v 79.31949 -4.46986 -1.07230
v 78.89919 -4.28282 -0.99327
v 79.14132 -4.27524 -0.98008
v 79.73304 -4.64732 -1.15034
v 80.13963 -4.63354 -1.12664
v 79.73304 -4.45840 -1.04962
v 80.13963 -4.44708 -1.02755
v 79.31949 -4.27144 -0.97096
v 79.73304 -4.26258 -0.94994
v 80.13963 -4.25382 -0.92948
v 77.59995 -4.72406 -0.56267
v 78.03920 -4.70352 -0.54576
v 78.47235 -4.87035 -0.66651
v 78.47235 -4.68323 -0.52933
v 77.59995 -4.52424 -0.42220
v 78.03920 -4.50639 -0.40769
v 78.47235 -4.48876 -0.39363
v 77.59995 -4.31752 -0.28414
v 78.03920 -4.30247 -0.27201
v 78.47235 -4.28760 -0.26029
v 78.89919 -4.84781 -0.64823
v 79.14132 -4.83500 -0.63798
v 79.31949 -4.82760 -0.63082
v 79.73304 -4.81039 -0.61437
v 80.13963 -4.79343 -0.59840
v 78.89919 -4.66321 -0.51338
v 79.14132 -4.65183 -0.50445
v 79.31949 -4.64542 -0.49820
v 79.73304 -4.63053 -0.48387
v 80.13963 -4.61586 -0.46997
v 78.89919 -4.47137 -0.38000
v 79.14132 -4.46149 -0.37238
v 79.31949 -4.45612 -0.36704
v 78.89919 -4.27294 -0.24896
v 79.14132 -4.26462 -0.24263
v 79.31949 -4.26033 -0.23819
v 79.73304 -4.44365 -0.35481
v 80.13963 -4.43136 -0.34297
v 79.73304 -4.25036 -0.22803
v 80.13963 -4.24055 -0.21824
v 80.53905 -5.53179 -1.20523
v 80.93111 -5.50596 -1.18062
v 80.53905 -5.39844 -1.08569
v 80.93111 -5.37426 -1.06291
v 81.13268 -5.49266 -1.16805
v 81.31558 -5.48272 -1.15733
v 81.13268 -5.36181 -1.05129
v 81.31558 -5.35260 -1.04137
v 80.53905 -5.25595 -0.96232
v 80.93111 -5.23354 -0.94144
v 81.13268 -5.22201 -0.93078
v 81.31558 -5.21356 -0.92169
v 81.69229 -5.58168 -1.24508
v 81.69229 -5.46221 -1.13539
v 82.06104 -5.56021 -1.22224
v 82.06104 -5.44209 -1.11409
v 81.69229 -5.33358 -1.02107
v 82.06104 -5.31493 -1.00137
v 82.42164 -5.53916 -1.20009
v 82.77390 -5.51856 -1.17862
v 82.42164 -5.42238 -1.09344
v 82.77390 -5.40308 -1.07342
v 82.42164 -5.29665 -0.98228
v 81.69229 -5.19615 -0.90309
v 82.06104 -5.17907 -0.88506
v 82.42164 -5.16234 -0.86758
v 82.77390 -5.27877 -0.96379
v 82.77390 -5.14596 -0.85067
v 80.53905 -4.79661 -1.20143
v 80.93111 -4.78092 -1.17744
v 81.13268 -4.93828 -1.26028
v 81.31558 -4.93182 -1.24917
v 81.13268 -4.77283 -1.16519
v 81.31558 -4.76732 -1.15475
v 80.53905 -5.10469 -0.83621
v 80.53905 -4.94467 -0.70983
v 80.93111 -5.08417 -0.81728
v 80.93111 -4.92616 -0.69285
v 81.13268 -5.07360 -0.80762
v 81.31558 -5.06599 -0.79938
v 81.13268 -4.91662 -0.68420
v 80.53905 -4.61994 -1.10357
v 80.53905 -4.43591 -1.00607
v 80.93111 -4.60653 -1.08113
v 80.93111 -4.42489 -0.98518
v 81.13268 -4.59962 -1.06967
v 81.31558 -4.59511 -1.05991
v 81.13268 -4.41920 -0.97451
v 80.53905 -4.24517 -0.90958
v 80.93111 -4.23662 -0.89024
v 81.31558 -4.41574 -0.96543
v 81.13268 -4.23222 -0.88037
v 81.31558 -4.22984 -0.87196
v 81.69229 -4.91847 -1.22643
v 82.06104 -4.90536 -1.20433
v 81.69229 -4.75594 -1.13338
v 82.06104 -4.74476 -1.11263
v 82.77390 -5.02864 -1.25103
v 82.42164 -4.89250 -1.18289
v 82.77390 -4.87988 -1.16210
v 82.42164 -4.73379 -1.09249
v 82.77390 -4.72302 -1.07297
v 81.69229 -5.05029 -0.78252
v 82.06104 -5.03488 -0.76619
v 82.42164 -5.01979 -0.75038
v 82.77390 -5.00502 -0.73509
v 81.69229 -4.58580 -1.03993
v 82.06104 -4.57664 -1.02053
v 82.42164 -4.56764 -1.00172
v 82.77390 -4.55882 -0.98349
v 81.69229 -4.40858 -0.94685
v 81.69229 -4.22492 -0.85477
v 82.06104 -4.40154 -0.92881
v 82.06104 -4.22007 -0.83808
v 82.42164 -4.39461 -0.91132
v 82.77390 -4.38781 -0.89438
v 82.42164 -4.21529 -0.82192
v 82.77390 -4.21059 -0.80626
v 80.53905 -4.77675 -0.58292
v 80.93111 -4.76035 -0.56793
v 81.31558 -4.90989 -0.67681
v 81.13268 -4.75190 -0.56029
v 81.31558 -4.74609 -0.55376
v 80.53905 -4.60143 -0.45652
v 80.93111 -4.58724 -0.44350
v 81.13268 -4.57993 -0.43688
v 81.31558 -4.57510 -0.43122
v 80.53905 -4.41927 -0.33153
v 80.93111 -4.40739 -0.32049
v 80.53905 -4.23090 -0.20879
v 80.93111 -4.22141 -0.19969
v 81.13268 -4.40127 -0.31488
v 81.31558 -4.39745 -0.31008
v 81.13268 -4.21653 -0.19508
v 81.31558 -4.21376 -0.19113
v 81.69229 -4.89600 -0.66172
v 81.69229 -4.73411 -0.54045
v 82.06104 -4.88238 -0.64711
v 82.06104 -4.72237 -0.52757
v 82.42164 -4.86903 -0.63297
v 82.77390 -4.85597 -0.61931
v 82.42164 -4.71086 -0.51512
v 82.77390 -4.69959 -0.50310
v 81.69229 -4.56512 -0.41968
v 82.06104 -4.55534 -0.40853
v 82.42164 -4.54575 -0.39778
v 82.77390 -4.53638 -0.38741
v 81.69229 -4.38956 -0.30030
v 82.06104 -4.38183 -0.29088
v 81.69229 -4.20804 -0.18311
v 82.06104 -4.20243 -0.17539
v 82.42164 -4.37425 -0.28181
v 82.77390 -4.36684 -0.27308
v 77.59995 -4.10673 -0.95843
v 78.03920 -4.09617 -0.93564
v 77.59995 -3.88383 -0.85566
v 78.03920 -3.87638 -0.83468
v 78.47235 -4.08570 -0.91342
v 78.47235 -3.86898 -0.81424
v 77.59995 -3.65583 -0.75590
v 78.03920 -3.65158 -0.73671
v 78.47235 -3.64732 -0.71801
v 78.89919 -4.07532 -0.89176
v 79.14132 -4.06940 -0.87959
v 79.31949 -4.06676 -0.87117
v 78.89919 -3.86163 -0.79433
v 79.14132 -3.85743 -0.78315
v 79.31949 -3.85599 -0.77542
v 79.73304 -4.06059 -0.85179
v 80.13963 -4.05448 -0.83294
v 79.73304 -3.85260 -0.75764
v 80.13963 -3.84923 -0.74034
v 78.89919 -3.64308 -0.69982
v 79.14132 -3.64066 -0.68960
v 79.31949 -3.64044 -0.68255
v 77.59995 -4.10383 -0.15187
v 78.03920 -4.09169 -0.14205
v 78.47235 -4.07970 -0.13259
v 77.59995 -3.42360 -0.65968
v 78.03920 -3.42260 -0.64223
v 78.47235 -3.42157 -0.62524
v 78.89919 -4.06788 -0.12348
v 79.14132 -4.06117 -0.11841
v 79.31949 -4.05800 -0.11484
v 79.73304 -4.05065 -0.10670
v 80.13963 -4.04341 -0.09887
v 78.89919 -3.42050 -0.60872
v 79.14132 -3.41988 -0.59944
v 79.31949 -3.42091 -0.59305
v 79.73304 -3.63990 -0.66633
v 80.13963 -3.63933 -0.65056
v 79.73304 -3.42328 -0.57835
v 80.13963 -3.42557 -0.56407
v 77.59995 -3.18802 -0.56749
v 78.03920 -3.19034 -0.55172
v 77.59995 -2.95001 -0.47975
v 78.03920 -2.95567 -0.46560
v 78.47235 -3.19257 -0.53639
v 78.47235 -2.96122 -0.45187
v 77.59995 -2.71016 -0.39787
v 78.03920 -2.71921 -0.38528
v 77.59995 -2.46988 -0.32071
v 78.03920 -2.48234 -0.30960
v 78.47235 -2.72811 -0.37305
v 78.47235 -2.49459 -0.29883
v 78.89919 -3.19473 -0.52148
v 79.14132 -3.19594 -0.51312
v 79.31949 -3.19825 -0.50737
v 78.89919 -2.96665 -0.43853
v 79.14132 -2.96971 -0.43105
v 79.31949 -2.97331 -0.42591
v 79.73304 -3.20357 -0.49415
v 80.13963 -3.20878 -0.48131
v 79.73304 -2.98163 -0.41411
v 80.13963 -2.98978 -0.40266
v 78.89919 -2.73683 -0.36120
v 79.14132 -2.74177 -0.35456
v 79.31949 -2.74667 -0.35001
v 78.89919 -2.50663 -0.28840
v 79.14132 -2.51345 -0.28256
v 79.31949 -2.51965 -0.27857
v 79.73304 -2.75801 -0.33955
v 80.13963 -2.76914 -0.32943
v 79.73304 -2.53403 -0.26941
v 80.13963 -2.54814 -0.26054
v 80.53905 -4.04843 -0.81461
v 80.93111 -4.04245 -0.79680
v 80.53905 -3.84587 -0.72354
v 80.93111 -3.84254 -0.70722
v 81.13268 -4.03936 -0.78772
v 81.31558 -4.03811 -0.77999
v 81.13268 -3.84081 -0.69890
v 81.31558 -3.84071 -0.69182
v 81.69229 -4.03550 -0.76417
v 82.06104 -4.03292 -0.74883
v 82.42164 -4.03036 -0.73397
v 82.77390 -4.02783 -0.71959
v 80.53905 -3.63873 -0.63525
v 80.93111 -3.63811 -0.62040
v 80.53905 -3.42779 -0.55022
v 80.93111 -3.42994 -0.53678
v 81.13268 -3.63778 -0.61282
v 81.31558 -3.63887 -0.60638
v 81.13268 -3.43103 -0.52994
v 81.31558 -3.43334 -0.52411
v 81.69229 -3.84050 -0.67734
v 82.06104 -3.84026 -0.66330
v 82.42164 -3.83999 -0.64971
v 82.77390 -3.83970 -0.63657
v 82.42164 -4.19694 -0.16798
v 82.77390 -4.19156 -0.16086
v 81.69229 -3.64110 -0.59321
v 82.06104 -3.64326 -0.58045
v 81.69229 -3.43807 -0.51222
v 82.06104 -3.44268 -0.50070
v 82.42164 -3.64534 -0.56810
v 82.77390 -3.64736 -0.55616
v 82.42164 -3.44716 -0.48956
v 82.77390 -3.45151 -0.47880
v 80.53905 -3.21386 -0.46886
v 80.93111 -3.21882 -0.45681
v 80.53905 -2.99776 -0.39157
v 81.13268 -3.22136 -0.45067
v 81.31558 -3.22490 -0.44544
v 80.93111 -3.00557 -0.38084
v 81.13268 -3.00957 -0.37538
v 81.31558 -3.01436 -0.37073
v 80.53905 -2.78005 -0.31963
v 80.93111 -2.79073 -0.31015
v 80.53905 -2.56199 -0.25197
v 80.93111 -2.57556 -0.24370
v 80.93111 -2.36083 -0.18196
v 81.13268 -2.79621 -0.30533
v 81.31558 -2.80226 -0.30124
v 81.13268 -2.58253 -0.23949
v 81.31558 -2.58984 -0.23592
v 81.13268 -2.36928 -0.17834
v 81.31558 -2.37786 -0.17527
v 81.69229 -3.23217 -0.43478
v 82.06104 -3.23926 -0.42446
v 82.42164 -3.24618 -0.41450
v 82.77390 -3.25292 -0.40487
v 81.69229 -3.02420 -0.36126
v 81.69229 -2.81470 -0.29289
v 82.06104 -3.03381 -0.35210
v 82.06104 -2.82686 -0.28482
v 82.77390 -3.05235 -0.33473
v 82.42164 -3.04320 -0.34326
v 82.42164 -2.83873 -0.27705
v 82.77390 -2.85032 -0.26955
v 81.69229 -2.60488 -0.22864
v 82.06104 -2.61959 -0.22163
v 81.69229 -2.39551 -0.16901
v 82.06104 -2.41277 -0.16298
v 82.42164 -2.63397 -0.21487
v 82.77390 -2.64799 -0.20836
v 82.42164 -2.42964 -0.15718
v 82.77390 -2.44611 -0.15161
v 77.59995 -3.88462 -0.02402
v 78.03920 -3.87547 -0.01645
v 78.47235 -3.86644 -0.00920
v 77.59995 -3.66062 0.09854
v 78.03920 -3.65455 0.10394
v 78.47235 -3.64856 0.10905
v 77.59995 -3.43265 0.21508
v 78.03920 -3.42973 0.21838
v 78.47235 -3.42684 0.22144
v 78.89919 -3.85754 -0.00225
v 79.14132 -3.85249 0.00160
v 79.31949 -3.85049 0.00431
v 79.73304 -3.84582 0.01050
v 80.13963 -3.84122 0.01641
v 78.89919 -3.64267 0.11390
v 79.14132 -3.63932 0.11657
v 79.31949 -3.63850 0.11847
v 79.73304 -3.63659 0.12276
v 80.13963 -3.63471 0.12681
v 78.89919 -3.42401 0.22428
v 79.14132 -3.42241 0.22581
v 79.31949 -3.42280 0.22692
v 79.73304 -3.42370 0.22939
v 80.13963 -3.42460 0.23166
v 77.59995 -3.20155 0.32494
v 78.03920 -3.20182 0.32624
v 77.59995 -2.96748 0.42530
v 78.03920 -2.97101 0.42474
v 78.47235 -3.20210 0.32735
v 78.47235 -2.97451 0.42402
v 78.89919 -3.20239 0.32826
v 79.14132 -3.20256 0.32871
v 79.31949 -3.20419 0.32907
v 78.89919 -2.97798 0.42315
v 79.14132 -2.97995 0.42259
v 79.31949 -2.98283 0.42225
v 79.73304 -3.20796 0.32980
v 80.13963 -3.21167 0.33037
v 79.73304 -2.98952 0.42136
v 80.13963 -2.99610 0.42036
v 77.59995 -2.73202 0.51787
v 78.03920 -2.73884 0.51557
v 77.59995 -2.49596 0.60183
v 78.03920 -2.50610 0.59790
v 78.47235 -2.74560 0.51314
v 78.47235 -2.51612 0.59389
v 78.89919 -2.75227 0.51059
v 79.14132 -2.75607 0.50909
v 79.31949 -2.76022 0.50809
v 78.89919 -2.52603 0.58980
v 79.14132 -2.53167 0.58741
v 79.31949 -2.53709 0.58582
v 79.73304 -2.76985 0.50569
v 80.13963 -2.77934 0.50321
v 79.73304 -2.54968 0.58202
v 80.13963 -2.56209 0.57816
v 80.53905 -4.03628 -0.09135
v 80.93111 -4.02929 -0.08414
v 80.53905 -3.83671 0.02205
v 80.93111 -3.83227 0.02743
v 81.13268 -4.02569 -0.08049
v 81.31558 -4.02400 -0.07736
v 81.13268 -3.82999 0.03013
v 81.31558 -3.82943 0.03246
v 80.53905 -3.63286 0.13064
v 80.93111 -3.63106 0.13424
v 81.13268 -3.63013 0.13604
v 81.31558 -3.63072 0.13759
v 80.53905 -3.42548 0.23374
v 80.93111 -3.42636 0.23564
v 81.13268 -3.42681 0.23657
v 81.31558 -3.42858 0.23738
v 81.69229 -4.02054 -0.07103
v 82.06104 -4.01714 -0.06496
v 81.69229 -3.82828 0.03715
v 82.06104 -3.82715 0.04162
v 82.42164 -4.01380 -0.05915
v 82.77390 -4.01054 -0.05360
v 82.42164 -3.82605 0.04587
v 82.77390 -3.82496 0.04990
v 81.69229 -3.63194 0.14070
v 82.06104 -3.63314 0.14361
v 82.42164 -3.63432 0.14635
v 82.77390 -3.63547 0.14892
v 81.69229 -3.43223 0.23896
v 82.06104 -3.43581 0.24039
v 82.42164 -3.43931 0.24168
v 82.77390 -3.44273 0.24284
v 80.53905 -3.21533 0.33079
v 80.93111 -3.21894 0.33107
v 80.53905 -3.00259 0.41924
v 80.93111 -3.00897 0.41801
v 81.13268 -3.22079 0.33117
v 81.31558 -3.22376 0.33127
v 81.13268 -3.01226 0.41733
v 81.31558 -3.01644 0.41678
v 81.69229 -3.22988 0.33140
v 82.06104 -3.23587 0.33141
v 81.69229 -3.02507 0.41556
v 82.06104 -3.03352 0.41426
v 82.06104 -2.83009 0.49043
v 82.42164 -3.24174 0.33133
v 82.77390 -3.24748 0.33114
v 82.77390 -3.04989 0.41147
v 82.42164 -3.04180 0.41290
v 82.42164 -2.84080 0.48787
v 82.77390 -2.85127 0.48529
v 80.53905 -2.78867 0.50064
v 80.93111 -2.79786 0.49801
v 80.93111 -2.58630 0.57033
v 80.53905 -2.57430 0.57426
v 80.53905 -2.35982 0.63818
v 80.93111 -2.37466 0.63307
v 81.13268 -2.80259 0.49661
v 81.31558 -2.80800 0.49544
v 81.13268 -2.59248 0.56826
v 81.31558 -2.59913 0.56652
v 81.13268 -2.38229 0.63041
v 81.31558 -2.39018 0.62816
v 81.69229 -2.81915 0.49296
v 81.69229 -2.61283 0.56288
v 82.06104 -2.62627 0.55922
v 81.69229 -2.40645 0.62347
v 82.06104 -2.42239 0.61880
v 82.42164 -2.63942 0.55556
v 82.77390 -2.65228 0.55191
v 82.42164 -2.43800 0.61416
v 82.77390 -2.45326 0.60954
v 83.11765 -5.60357 -1.25637
v 84.40407 -5.63713 -1.26541
v 83.45271 -5.58837 -1.23546
v 83.11765 -5.49841 -1.15783
v 83.45271 -5.48434 -1.13819
v 83.77891 -5.57369 -1.21524
v 83.11765 -5.38421 -1.05405
v 83.45271 -5.37137 -1.03577
v 83.77891 -5.47076 -1.11923
v 83.77891 -5.35899 -1.01812
v 84.09608 -5.55938 -1.19572
v 84.40407 -5.54545 -1.17689
v 84.09608 -5.45753 -1.10091
v 84.40407 -5.44465 -1.08325
v 84.09608 -5.34693 -1.00108
v 84.40407 -5.33519 -0.98466
v 83.11765 -5.26128 -0.94590
v 83.45271 -5.24977 -0.92904
v 83.11765 -5.12995 -0.83432
v 83.77891 -5.23869 -0.91276
v 84.09608 -5.22788 -0.89706
v 84.40407 -5.21737 -0.88193
v 84.70270 -5.62268 -1.24619
v 84.99184 -5.60865 -1.22770
v 85.12048 -5.60241 -1.21951
v 85.27132 -5.60185 -1.19799
v 85.54103 -5.67805 -1.23538
v 85.54103 -5.60082 -1.15971
v 85.80080 -5.74156 -1.26323
v 85.80080 -5.67489 -1.19655
v 85.80080 -5.59977 -1.12307
v 84.70270 -5.53192 -1.15875
v 84.99184 -5.51879 -1.14129
v 85.12048 -5.51294 -1.13356
v 84.70270 -5.43213 -1.06624
v 84.99184 -5.41999 -1.04988
v 85.12048 -5.41458 -1.04264
v 85.27132 -5.51374 -1.11342
v 85.54103 -5.51513 -1.07761
v 85.27132 -5.41687 -1.02396
v 85.54103 -5.42093 -0.99077
v 85.80080 -5.51642 -1.04335
v 85.27132 -5.22217 -1.24446
v 85.54103 -5.23195 -1.20508
v 85.80080 -5.34663 -1.23550
v 85.80080 -5.24131 -1.16737
v 85.80080 -5.12818 -1.09638
v 84.70270 -5.32378 -0.96885
v 84.70270 -5.20715 -0.86737
v 84.99184 -5.31270 -0.95364
v 85.12048 -5.30777 -0.94691
v 84.99184 -5.19724 -0.85337
v 85.12048 -5.19282 -0.84718
v 85.80080 -5.42480 -0.95903
v 85.27132 -5.31169 -0.92978
v 85.54103 -5.31865 -0.89935
v 85.27132 -5.19848 -0.83166
v 85.80080 -5.32532 -0.87026
v 85.54103 -5.20858 -0.80410
v 85.80080 -5.21826 -0.77778
v 83.11765 -5.01458 -1.22967
v 83.45271 -5.00635 -1.20946
v 83.77891 -4.99844 -1.18993
v 83.11765 -4.86754 -1.14196
v 83.45271 -4.86095 -1.12293
v 83.11765 -4.71248 -1.05407
v 83.45271 -4.70763 -1.03622
v 83.77891 -4.85464 -1.10454
v 83.77891 -4.70302 -1.01898
v 84.09608 -5.12505 -1.25355
v 84.09608 -4.99073 -1.17107
v 84.40407 -5.11609 -1.23431
v 84.40407 -4.98320 -1.15287
v 84.09608 -4.84848 -1.08677
v 84.09608 -4.69850 -1.00232
v 84.40407 -4.84247 -1.06964
v 84.40407 -4.69409 -0.98626
v 83.45271 -5.11986 -0.81892
v 83.11765 -4.99058 -0.72031
v 83.45271 -4.98201 -0.70642
v 83.77891 -5.11017 -0.80407
v 83.77891 -4.97380 -0.69303
v 84.09608 -5.10072 -0.78975
v 84.09608 -4.96579 -0.68012
v 84.40407 -5.09152 -0.77596
v 83.11765 -4.55017 -0.96584
v 83.45271 -4.54714 -0.94918
v 83.77891 -4.54430 -0.93309
v 83.11765 -4.38113 -0.87798
v 83.45271 -4.38001 -0.86252
v 83.77891 -4.37902 -0.84759
v 83.11765 -4.20597 -0.79111
v 83.45271 -4.20681 -0.77684
v 83.77891 -4.20776 -0.76306
v 84.09608 -4.54152 -0.91756
v 84.40407 -4.53879 -0.90258
v 84.09608 -4.37804 -0.83318
v 84.09608 -4.20865 -0.74978
v 84.40407 -4.37707 -0.81930
v 84.40407 -4.20949 -0.73697
v 84.70270 -5.10738 -1.21576
v 84.70270 -4.97587 -1.13533
v 84.99184 -5.09891 -1.19791
v 85.12048 -5.09513 -1.19000
v 84.99184 -4.96875 -1.11845
v 85.12048 -4.96557 -1.11097
v 84.70270 -4.83662 -1.05313
v 84.99184 -4.83092 -1.03724
v 85.12048 -4.82837 -1.03021
v 85.27132 -5.10249 -1.16911
v 85.54103 -5.11561 -1.13195
v 85.27132 -4.97491 -1.09137
v 85.54103 -4.99158 -1.05650
v 85.80080 -5.00758 -1.02314
v 85.27132 -4.83982 -1.01192
v 85.54103 -4.86026 -0.97941
v 84.70270 -5.08259 -0.76269
v 84.99184 -5.07391 -0.74995
v 85.12048 -5.07005 -0.74431
v 84.70270 -4.68979 -0.97080
v 84.99184 -4.68560 -0.95592
v 85.12048 -4.68373 -0.94933
v 85.27132 -5.07758 -0.73045
v 85.54103 -5.09101 -0.70587
v 85.80080 -5.10392 -0.68240
v 85.27132 -4.69740 -0.93236
v 85.54103 -4.72180 -0.90221
v 85.80080 -4.87989 -0.94830
v 85.80080 -4.74527 -0.87336
v 84.70270 -4.53612 -0.88816
v 84.99184 -4.53351 -0.87430
v 85.12048 -4.53234 -0.86816
v 84.70270 -4.37610 -0.80593
v 84.70270 -4.21029 -0.72465
v 84.99184 -4.37514 -0.79308
v 85.12048 -4.37470 -0.78739
v 84.99184 -4.21104 -0.71281
v 85.12048 -4.21137 -0.70757
v 85.27132 -4.54834 -0.85253
v 85.54103 -4.57690 -0.82474
v 85.80080 -4.60437 -0.79818
v 85.80080 -4.45767 -0.72337
v 85.27132 -4.39312 -0.77308
v 85.54103 -4.42602 -0.74766
v 85.27132 -4.23230 -0.69458
v 83.11765 -4.84320 -0.60612
v 83.45271 -4.83624 -0.59374
v 83.77891 -4.82960 -0.58182
v 83.11765 -4.68859 -0.49151
v 83.45271 -4.68332 -0.48066
v 83.77891 -4.67833 -0.47022
v 84.40407 -4.95799 -0.66770
v 84.09608 -4.82312 -0.57034
v 84.40407 -4.81681 -0.55930
v 84.09608 -4.67346 -0.46018
v 84.40407 -4.66871 -0.45053
v 83.11765 -4.52721 -0.37742
v 83.45271 -4.52372 -0.36810
v 83.77891 -4.52045 -0.35914
v 83.11765 -4.35959 -0.26468
v 83.45271 -4.35795 -0.25688
v 83.77891 -4.35649 -0.24939
v 84.09608 -4.51727 -0.35053
v 84.40407 -4.51417 -0.34228
v 84.09608 -4.35506 -0.24221
v 84.40407 -4.35366 -0.23534
v 84.70270 -4.95042 -0.65576
v 84.99184 -4.94306 -0.64430
v 85.12048 -4.93979 -0.63923
v 84.70270 -4.81068 -0.54869
v 84.99184 -4.80472 -0.53852
v 85.12048 -4.80207 -0.53402
v 85.27132 -4.94930 -0.62708
v 85.54103 -4.96628 -0.60553
v 85.80080 -4.98261 -0.58498
v 85.27132 -4.81368 -0.52358
v 85.54103 -4.83442 -0.50508
v 85.27132 -4.67144 -0.41975
v 85.54103 -4.69613 -0.40431
v 85.80080 -4.85437 -0.48746
v 85.80080 -4.71988 -0.38963
v 84.70270 -4.66410 -0.44127
v 84.99184 -4.65963 -0.43240
v 85.12048 -4.65763 -0.42848
v 85.54103 -4.26970 -0.67150
v 85.80080 -4.30568 -0.64946
v 84.70270 -4.51115 -0.33436
v 84.99184 -4.50821 -0.32679
v 85.12048 -4.50691 -0.32345
v 84.70270 -4.35230 -0.22877
v 84.99184 -4.35098 -0.22249
v 85.12048 -4.35039 -0.21972
v 85.54103 -4.55182 -0.30404
v 85.27132 -4.52302 -0.31643
v 85.80080 -4.57955 -0.29230
v 85.80080 -4.43384 -0.19618
v 85.27132 -4.36890 -0.21439
v 85.54103 -4.40198 -0.20502
v 85.27132 -4.20960 -0.11431
v 85.54103 -4.24711 -0.10791
v 85.80080 -4.28324 -0.10192
v 86.51926 -5.82638 -1.25299
v 86.05051 -5.73667 -1.22423
v 86.29004 -5.78691 -1.24297
v 86.29004 -5.73192 -1.18703
v 86.05051 -5.67179 -1.15946
v 86.29004 -5.66878 -1.12408
v 86.51926 -5.78088 -1.20601
v 86.51926 -5.72733 -1.15162
v 86.05051 -5.59870 -1.08808
v 86.29004 -5.59764 -1.05472
v 86.51926 -5.66585 -1.09042
v 86.51926 -5.59658 -1.02298
v 86.73804 -5.85573 -1.25494
v 86.94629 -5.87578 -1.24878
v 86.94629 -5.84813 -1.21947
v 87.09152 -5.90496 -1.26107
v 87.09152 -5.90106 -1.25689
v 87.09152 -5.88939 -1.24434
v 87.14390 -5.90328 -1.22404
v 87.14390 -5.89949 -1.21998
v 87.14390 -5.88816 -1.20779
v 87.09152 -5.86996 -1.22358
v 87.09152 -5.84281 -1.19483
v 87.33075 -5.86602 -1.20432
v 87.33075 -5.85154 -1.19326
v 87.33075 -5.86240 -1.20155
v 87.14390 -5.86928 -1.18764
v 87.14390 -5.84292 -1.15972
v 87.33075 -5.83348 -1.17954
v 87.33075 -5.89720 -1.09216
v 87.33075 -5.89381 -1.08853
v 87.33075 -5.88368 -1.07765
v 87.33075 -5.86680 -1.05965
v 87.33075 -5.84323 -1.03472
v 86.73804 -5.81941 -1.21662
v 86.73804 -5.77507 -1.17092
v 86.94629 -5.81272 -1.18217
v 86.94629 -5.76951 -1.13767
v 86.73804 -5.60765 -1.25641
v 86.94629 -5.66866 -1.26536
v 86.94629 -5.60647 -1.22103
v 87.14390 -5.72361 -1.24102
v 87.09152 -5.80804 -1.15823
v 87.14390 -5.80915 -1.12419
v 87.33075 -5.80827 -1.16051
v 87.33075 -5.77599 -1.13628
v 87.09152 -5.66669 -1.23993
v 87.14390 -5.67190 -1.20352
v 87.09152 -5.60563 -1.19645
v 87.14390 -5.61260 -1.16130
v 86.73804 -5.72291 -1.11800
v 86.94629 -5.71866 -1.08616
v 86.73804 -5.66301 -1.05846
v 86.73804 -5.59552 -0.99285
v 86.94629 -5.66027 -1.02820
v 87.09152 -5.76560 -1.11458
v 87.14390 -5.76793 -1.08181
v 87.09152 -5.71567 -1.06405
v 87.33075 -5.73665 -1.10737
v 87.14390 -5.71944 -1.03275
v 87.33075 -5.81304 -1.00298
v 87.33075 -5.69043 -1.07387
v 87.09152 -5.65834 -1.00719
v 87.14390 -5.66376 -0.97754
v 87.33075 -5.63743 -1.03615
v 86.94629 -5.59449 -0.96434
v 87.33075 -5.77619 -0.96513
v 87.33075 -5.73283 -0.92131
v 87.09152 -5.59374 -0.94454
v 87.14390 -5.60103 -0.91671
v 87.33075 -5.68305 -0.87200
v 87.33075 -5.62697 -0.81767
v 86.05051 -5.44723 -1.26031
v 86.29004 -5.45045 -1.22228
v 86.29004 -5.35847 -1.16125
v 86.51926 -5.53513 -1.24212
v 86.51926 -5.45348 -1.18606
v 86.51926 -5.36395 -1.12674
v 86.05051 -5.51761 -1.01064
v 86.29004 -5.51871 -0.97946
v 86.05051 -5.35270 -1.19750
v 86.05051 -5.25026 -1.13134
v 86.29004 -5.25879 -1.09696
v 86.05051 -5.14022 -1.06239
v 86.29004 -5.15171 -1.02998
v 86.51926 -5.26691 -1.06425
v 86.51926 -5.16268 -0.99914
v 86.73804 -5.53586 -1.20620
v 86.94629 -5.53651 -1.17215
v 86.73804 -5.45634 -1.15167
v 87.09152 -5.53694 -1.14850
v 86.73804 -5.36913 -1.09396
v 86.94629 -5.45901 -1.11908
v 86.94629 -5.37402 -1.06291
v 87.14390 -5.54590 -1.11475
v 87.33075 -5.57780 -0.99457
v 87.09152 -5.46085 -1.09644
v 87.14390 -5.47201 -1.06420
v 87.09152 -5.37741 -1.04135
v 87.14390 -5.39098 -1.01071
v 86.73804 -5.27462 -1.03318
v 86.94629 -5.28192 -1.00376
v 87.09152 -5.28699 -0.98333
v 86.05051 -5.42847 -0.92873
v 86.29004 -5.43195 -0.89987
v 86.51926 -5.51972 -0.94981
v 86.51926 -5.43525 -0.87242
v 86.05051 -5.33168 -0.84251
v 86.29004 -5.33776 -0.81608
v 86.05051 -5.22753 -0.75268
v 86.29004 -5.23639 -0.72879
v 86.51926 -5.34353 -0.79096
v 86.51926 -5.24484 -0.70610
v 86.73804 -5.52066 -0.92167
v 86.94629 -5.52151 -0.89504
v 86.73804 -5.43836 -0.84639
v 87.33075 -5.51175 -0.94941
v 87.09152 -5.52209 -0.87656
v 87.14390 -5.53144 -0.85071
v 87.33075 -5.43932 -0.90163
v 87.33075 -5.36083 -0.85131
v 86.94629 -5.44130 -0.82177
v 87.33075 -5.56475 -0.75873
v 87.33075 -5.49636 -0.69640
v 87.09152 -5.44333 -0.80468
v 87.14390 -5.45495 -0.78092
v 87.14390 -5.37190 -0.70746
v 86.73804 -5.17310 -0.96985
v 86.94629 -5.18299 -0.94213
v 87.14390 -5.30317 -0.95437
v 87.09152 -5.18986 -0.92287
v 87.14390 -5.20885 -0.89568
v 86.73804 -5.34902 -0.76715
v 86.73804 -5.25287 -0.68460
v 86.94629 -5.35421 -0.74463
v 87.33075 -5.27653 -0.79888
v 87.09152 -5.35782 -0.72901
v 87.33075 -5.18666 -0.74480
v 87.50677 -5.86051 -1.06544
v 87.50677 -5.86373 -1.06790
v 87.50677 -5.85087 -1.05807
v 87.50677 -5.83483 -1.04590
v 87.50677 -5.81244 -1.02901
v 87.50677 -5.78377 -1.00750
v 87.50677 -5.74884 -0.98184
v 87.50677 -5.89137 -0.96830
v 87.50677 -5.88836 -0.96509
v 87.50677 -5.87936 -0.95543
v 87.50677 -5.86437 -0.93945
v 87.50677 -5.84343 -0.91733
v 87.67185 -5.85865 -0.93810
v 87.67185 -5.86149 -0.94027
v 87.67185 -5.85015 -0.93161
v 87.67185 -5.83600 -0.92088
v 87.67185 -5.88582 -0.85247
v 87.67185 -5.88317 -0.84963
v 87.67185 -5.87523 -0.84112
v 87.67185 -5.86201 -0.82704
v 87.67185 -5.84354 -0.80755
v 87.82592 -5.85683 -0.81955
v 87.82592 -5.85931 -0.82144
v 87.82592 -5.84939 -0.81387
v 87.82592 -5.83702 -0.80449
v 87.82592 -5.88056 -0.74465
v 87.82592 -5.87824 -0.74217
v 87.82592 -5.87130 -0.73473
v 87.82592 -5.85973 -0.72242
v 87.82592 -5.84357 -0.70538
v 87.82592 -5.82287 -0.68368
v 87.96889 -5.85507 -0.70977
v 87.96889 -5.85722 -0.71142
v 87.96889 -5.84862 -0.70486
v 87.96889 -5.83788 -0.69672
v 87.96889 -5.82290 -0.68544
v 87.50677 -5.70778 -0.95210
v 87.67185 -5.81626 -0.90599
v 87.50677 -5.81661 -0.88916
v 87.50677 -5.78388 -0.85557
v 87.67185 -5.79098 -0.88704
v 87.67185 -5.76017 -0.86443
v 87.67185 -5.72397 -0.83822
v 87.50677 -5.66071 -0.91863
v 87.50677 -5.60776 -0.88172
v 87.50677 -5.74536 -0.81669
v 87.67185 -5.81988 -0.78273
v 87.67185 -5.79102 -0.75313
v 87.67185 -5.75705 -0.71887
v 87.67185 -5.71805 -0.68032
v 87.50677 -5.70115 -0.77293
v 87.67185 -5.68247 -0.80871
v 87.67185 -5.63577 -0.77619
v 87.50677 -5.65133 -0.72472
v 87.82592 -5.81974 -0.79147
v 87.82592 -5.79763 -0.77490
v 87.82592 -5.77068 -0.75513
v 87.82592 -5.73901 -0.73221
v 87.82592 -5.70270 -0.70641
v 87.50677 -5.54910 -0.84164
v 87.50677 -5.48478 -0.79923
v 87.67185 -5.58405 -0.74087
v 87.67185 -5.52733 -0.70349
v 87.50677 -5.41507 -0.75457
v 87.50677 -5.34020 -0.70803
v 86.29004 -5.12813 -0.63877
v 86.51926 -5.13943 -0.61859
v 87.33075 -5.42212 -0.63079
v 86.94629 -5.26050 -0.66428
v 86.73804 -5.15020 -0.59948
v 86.94629 -5.16043 -0.58142
v 87.09152 -5.26581 -0.65019
v 87.14390 -5.28255 -0.63094
v 87.33075 -5.34224 -0.56245
v 87.14390 -5.18712 -0.55203
v 87.09152 -5.16755 -0.56891
v 87.33075 -5.25693 -0.49198
v 87.33075 -5.16644 -0.42002
v 87.96889 -5.87562 -0.64484
v 87.96889 -5.87361 -0.64269
v 87.96889 -5.86758 -0.63624
v 87.96889 -5.85755 -0.62557
v 87.96889 -5.84354 -0.61080
v 87.96889 -5.82558 -0.59200
v 87.50677 -5.59606 -0.67241
v 87.67185 -5.67412 -0.63783
v 87.67185 -5.62537 -0.59174
v 87.82592 -5.79761 -0.65780
v 87.82592 -5.76789 -0.62785
v 87.96889 -5.80373 -0.67108
v 87.96889 -5.78036 -0.65394
v 87.96889 -5.75289 -0.63407
v 87.96889 -5.72141 -0.61171
v 87.82592 -5.73377 -0.59414
v 87.96889 -5.80368 -0.56958
v 87.96889 -5.77790 -0.54362
v 87.82592 -5.66185 -0.67797
v 87.82592 -5.61660 -0.64709
v 87.82592 -5.69533 -0.55700
v 87.96889 -5.68598 -0.58706
v 87.96889 -5.64675 -0.56029
v 87.96889 -5.74830 -0.51441
v 87.96889 -5.71496 -0.48222
v 87.82592 -5.65268 -0.51671
v 87.82592 -5.60581 -0.47411
v 87.96889 -5.60372 -0.53197
v 87.96889 -5.67798 -0.44730
v 87.96889 -5.63733 -0.41038
v 88.10070 -5.85338 -0.60879
v 88.10070 -5.85523 -0.61020
v 88.10070 -5.83862 -0.59759
v 88.10070 -5.84784 -0.60457
v 88.10070 -5.82576 -0.58790
v 88.10070 -5.87101 -0.55303
v 88.10070 -5.86928 -0.55119
v 88.10070 -5.86411 -0.54565
v 88.10070 -5.85549 -0.53650
v 88.10070 -5.84345 -0.52382
v 88.10070 -5.82803 -0.50769
v 88.22128 -5.85178 -0.51659
v 88.22128 -5.85335 -0.51778
v 88.22128 -5.83925 -0.50707
v 88.22128 -5.84708 -0.51300
v 88.22128 -5.82832 -0.49885
v 88.22128 -5.86675 -0.46923
v 88.22128 -5.86528 -0.46766
v 88.22128 -5.86088 -0.46296
v 88.22128 -5.85356 -0.45519
v 88.22128 -5.84333 -0.44443
v 88.22128 -5.83023 -0.43073
v 88.33055 -5.85030 -0.43317
v 88.33055 -5.85161 -0.43417
v 88.33055 -5.83978 -0.42519
v 88.33055 -5.84635 -0.43016
v 88.33055 -5.86284 -0.39342
v 88.33055 -5.86161 -0.39211
v 88.33055 -5.85792 -0.38817
v 88.33055 -5.83061 -0.41829
v 88.10070 -5.80929 -0.57557
v 88.10070 -5.78922 -0.56086
v 88.10070 -5.76564 -0.54381
v 88.10070 -5.80922 -0.48844
v 88.10070 -5.78708 -0.46616
v 88.22128 -5.81433 -0.48838
v 88.22128 -5.79729 -0.47589
v 88.22128 -5.77725 -0.46141
v 88.10070 -5.73860 -0.52462
v 88.10070 -5.70818 -0.50346
v 88.22128 -5.81425 -0.41439
v 88.22128 -5.79544 -0.39547
v 88.10070 -5.76166 -0.44109
v 88.22128 -5.75428 -0.44511
v 88.22128 -5.72844 -0.42715
v 88.10070 -5.73303 -0.41347
v 88.33055 -5.81886 -0.40950
v 88.33055 -5.80455 -0.39902
v 88.10070 -5.67449 -0.48048
v 88.22128 -5.69982 -0.40764
v 88.22128 -5.66844 -0.38699
v 88.10070 -5.63754 -0.45617
v 88.10070 -5.59750 -0.43057
v 87.96889 -5.59320 -0.37152
v 88.33055 -5.85178 -0.38165
v 88.33055 -5.84319 -0.37262
v 88.33055 -5.83219 -0.36113
v 88.42847 -5.85002 -0.35937
v 88.42847 -5.84022 -0.35192
v 88.42847 -5.84566 -0.35604
v 88.42847 -5.84893 -0.35853
v 88.42847 -5.85932 -0.32561
v 88.42847 -5.85829 -0.32453
v 88.42847 -5.85524 -0.32126
v 88.42847 -5.85014 -0.31586
v 88.42847 -5.83262 -0.34621
v 88.42847 -5.82289 -0.33893
v 88.42847 -5.84303 -0.30838
v 88.42847 -5.83392 -0.29887
v 88.42847 -5.82280 -0.28751
v 88.51499 -5.84058 -0.28728
v 88.51499 -5.84502 -0.29065
v 88.51499 -5.84770 -0.29268
v 88.51499 -5.84859 -0.29336
v 88.51499 -5.83437 -0.28262
v 88.51499 -5.85617 -0.26579
v 88.51499 -5.85534 -0.26490
v 88.51499 -5.85284 -0.26223
v 88.51499 -5.82642 -0.27667
v 88.51499 -5.84868 -0.25783
v 88.51499 -5.84287 -0.25172
v 88.51499 -5.83542 -0.24395
v 88.59007 -5.85343 -0.21395
v 88.59007 -5.85276 -0.21324
v 88.59007 -5.85074 -0.21109
v 88.51499 -5.82634 -0.23468
v 88.59007 -5.84445 -0.23397
v 88.59007 -5.84660 -0.23561
v 88.59007 -5.84732 -0.23616
v 88.59007 -5.83587 -0.22751
v 88.59007 -5.84087 -0.23126
v 88.59007 -5.82947 -0.22272
v 88.59007 -5.84739 -0.20754
v 88.59007 -5.82167 -0.21701
v 88.59007 -5.84271 -0.20262
v 88.59007 -5.83671 -0.19636
v 88.59007 -5.82940 -0.18890
v 88.59007 -5.82078 -0.18025
v 88.65366 -5.85109 -0.17009
v 88.65366 -5.85056 -0.16953
v 88.65366 -5.84395 -0.18602
v 88.65366 -5.84567 -0.18732
v 88.65366 -5.84624 -0.18776
v 88.65366 -5.83712 -0.18088
v 88.65366 -5.84110 -0.18387
v 88.65366 -5.84896 -0.16782
v 88.65366 -5.83203 -0.17707
v 88.65366 -5.82583 -0.17253
v 88.65366 -5.84629 -0.16499
v 88.65366 -5.84256 -0.16108
v 88.65366 -5.83779 -0.15611
v 88.65366 -5.83197 -0.15017
v 88.65366 -5.82512 -0.14330
v 88.70573 -5.83814 -0.14273
v 88.70573 -5.84128 -0.14509
v 88.70573 -5.84353 -0.14679
v 88.70573 -5.84489 -0.14782
v 88.70573 -5.84534 -0.14816
v 88.70573 -5.84917 -0.13422
v 88.70573 -5.84875 -0.13377
v 88.70573 -5.84748 -0.13242
v 88.70573 -5.83412 -0.13972
v 88.70573 -5.82347 -0.13198
v 88.70573 -5.82922 -0.13614
v 88.70573 -5.84538 -0.13019
v 88.70573 -5.84243 -0.12710
v 88.70573 -5.83867 -0.12317
v 88.70573 -5.83407 -0.11849
v 88.70573 -5.82866 -0.11306
v 88.70573 -5.82245 -0.10696
v 88.77522 -5.84296 -0.09448
v 88.77522 -5.84383 -0.09514
v 88.77522 -5.84412 -0.09537
v 88.22128 -5.77385 -0.37419
v 88.22128 -5.74952 -0.35074
v 88.22128 -5.72253 -0.32530
v 88.33055 -5.78774 -0.38687
v 88.33055 -5.76846 -0.37320
v 88.33055 -5.81877 -0.34742
v 88.33055 -5.80299 -0.33155
v 88.33055 -5.78486 -0.31369
v 88.33055 -5.74677 -0.35812
v 88.33055 -5.72275 -0.34175
v 88.33055 -5.76444 -0.29402
v 88.33055 -5.74178 -0.27268
v 88.33055 -5.71689 -0.25011
v 88.10070 -5.70126 -0.38350
v 88.10070 -5.66635 -0.35182
v 88.22128 -5.63443 -0.36526
v 88.10070 -5.62845 -0.31847
v 88.22128 -5.59789 -0.34261
v 88.33055 -5.69641 -0.32443
v 88.22128 -5.69287 -0.29840
v 88.22128 -5.66068 -0.27008
v 88.22128 -5.62603 -0.24059
v 88.33055 -5.66786 -0.30620
v 88.33055 -5.63720 -0.28720
v 88.33055 -5.60452 -0.26760
v 88.42847 -5.81104 -0.33025
v 88.42847 -5.79711 -0.32019
v 88.42847 -5.78113 -0.30887
v 88.42847 -5.76317 -0.29638
v 88.42847 -5.80972 -0.27437
v 88.42847 -5.79470 -0.25959
v 88.42847 -5.77778 -0.24330
v 88.51499 -5.81674 -0.26958
v 88.51499 -5.80536 -0.26137
v 88.51499 -5.79231 -0.25212
v 88.51499 -5.77763 -0.24192
v 88.42847 -5.74327 -0.28283
v 88.42847 -5.72144 -0.26848
v 88.42847 -5.69779 -0.25338
v 88.33055 -5.68986 -0.22635
v 88.33055 -5.66078 -0.20162
v 88.33055 -5.62973 -0.17611
v 88.33055 -5.59679 -0.15006
v 88.51499 -5.81565 -0.22394
v 88.51499 -5.80338 -0.21187
v 88.59007 -5.81250 -0.21039
v 88.59007 -5.80199 -0.20294
v 88.59007 -5.81090 -0.17053
v 88.51499 -5.78956 -0.19857
v 88.59007 -5.79016 -0.19473
v 88.59007 -5.77706 -0.18582
v 88.51499 -5.77422 -0.18413
v 88.42847 -5.75902 -0.22562
v 88.42847 -5.73839 -0.20694
v 88.51499 -5.76137 -0.23085
v 88.51499 -5.74354 -0.21914
v 88.51499 -5.72422 -0.20680
v 88.42847 -5.71600 -0.18727
v 88.51499 -5.75737 -0.16887
v 88.59007 -5.76270 -0.17638
v 88.65366 -5.81853 -0.16727
v 88.59007 -5.79976 -0.15982
v 88.59007 -5.78741 -0.14819
v 88.59007 -5.77383 -0.13591
v 88.51499 -5.73908 -0.15281
v 88.59007 -5.74714 -0.16645
v 88.59007 -5.73042 -0.15610
v 88.51499 -5.71939 -0.13608
v 88.59007 -5.71261 -0.14543
v 88.59007 -5.75909 -0.12297
v 88.59007 -5.74324 -0.10950
v 88.59007 -5.72631 -0.09561
v 88.65366 -5.81017 -0.16134
v 88.65366 -5.80077 -0.15481
v 88.65366 -5.81726 -0.13556
v 88.65366 -5.77892 -0.14022
v 88.65366 -5.79035 -0.14772
v 88.65366 -5.76654 -0.13232
v 88.65366 -5.80840 -0.12704
v 88.65366 -5.79857 -0.11780
v 88.65366 -5.78777 -0.10803
v 88.65366 -5.77604 -0.09774
v 88.70573 -5.80944 -0.12215
v 88.70573 -5.81686 -0.12731
v 88.70573 -5.80121 -0.11656
v 88.70573 -5.81546 -0.10024
v 88.70573 -5.79219 -0.11063
v 88.70573 -5.78242 -0.10440
v 88.70573 -5.77192 -0.09790
v 88.65366 -5.75324 -0.12409
v 88.65366 -5.73907 -0.11560
v 88.65366 -5.72407 -0.10693
v 88.65366 -5.70825 -0.09825
v 88.42847 -5.67239 -0.23765
v 88.51499 -5.70347 -0.19395
v 88.51499 -5.68135 -0.18070
v 88.42847 -5.64532 -0.22142
v 88.42847 -5.61666 -0.20485
v 88.42847 -5.69191 -0.16678
v 88.42847 -5.66618 -0.14566
v 88.59007 -5.69375 -0.13453
v 88.51499 -5.65794 -0.16716
v 88.51499 -5.69838 -0.11883
v 88.59007 -5.67387 -0.12362
v 88.59007 -5.65306 -0.11268
v 88.51499 -5.67608 -0.10122
v 88.51499 -5.63326 -0.15362
v 88.51499 -5.60743 -0.14004
v 88.42847 -5.63889 -0.12409
v 88.42847 -5.61006 -0.10252
v 88.59007 -5.63140 -0.10181
v 87.50677 -5.53532 -0.61710
v 87.67185 -5.57181 -0.54301
v 87.67185 -5.46587 -0.66413
v 87.67185 -5.39985 -0.62313
v 87.50677 -5.46938 -0.55888
v 87.82592 -5.56698 -0.61441
v 87.82592 -5.51321 -0.58000
v 87.82592 -5.45546 -0.54414
v 87.67185 -5.51365 -0.49171
v 87.50677 -5.39842 -0.49824
v 87.67185 -5.45107 -0.43828
v 87.96889 -5.55709 -0.50215
v 87.96889 -5.50701 -0.47107
v 87.82592 -5.55493 -0.42926
v 87.82592 -5.39390 -0.50716
v 87.96889 -5.45363 -0.43902
v 87.96889 -5.39712 -0.40629
v 87.50677 -5.26039 -0.66004
v 87.67185 -5.32948 -0.58083
v 87.67185 -5.25498 -0.53763
v 87.50677 -5.17590 -0.61101
v 87.50677 -5.32265 -0.43570
v 87.67185 -5.17645 -0.49439
v 87.82592 -5.32873 -0.46939
v 87.82592 -5.26003 -0.43159
v 87.82592 -5.18814 -0.39368
v 88.10070 -5.55450 -0.40390
v 87.67185 -5.38425 -0.38318
v 87.82592 -5.50018 -0.38256
v 87.96889 -5.54572 -0.33105
v 87.96889 -5.49502 -0.28931
v 87.82592 -5.44172 -0.33439
v 87.82592 -5.37970 -0.28521
v 87.96889 -5.44123 -0.24669
v 87.96889 -5.38440 -0.20405
v 87.67185 -5.31337 -0.32693
v 87.50677 -5.24227 -0.37185
v 87.50677 -5.15732 -0.30795
v 87.67185 -5.23846 -0.27063
v 87.96889 -5.33755 -0.37353
v 87.96889 -5.27521 -0.34067
v 87.96889 -5.21031 -0.30800
v 87.96889 -5.14308 -0.27573
v 87.67185 -5.15991 -0.21417
v 87.82592 -5.31416 -0.23600
v 87.82592 -5.24544 -0.18666
v 87.96889 -5.32480 -0.16129
v 87.96889 -5.26262 -0.11876
v 87.82592 -5.17374 -0.13758
v 88.22128 -5.55896 -0.31925
v 88.10070 -5.50866 -0.37639
v 88.10070 -5.58767 -0.28373
v 88.10070 -5.54413 -0.24791
v 88.22128 -5.51774 -0.29540
v 88.22128 -5.47429 -0.27153
v 88.33055 -5.56992 -0.24759
v 88.10070 -5.46013 -0.34829
v 88.10070 -5.40898 -0.32018
v 88.22128 -5.42882 -0.24759
v 88.22128 -5.58904 -0.21019
v 88.22128 -5.54980 -0.17914
v 88.10070 -5.49794 -0.21134
v 88.33055 -5.53345 -0.22756
v 88.33055 -5.49529 -0.20747
v 88.22128 -5.50834 -0.14807
v 88.33055 -5.56199 -0.12400
v 88.33055 -5.52549 -0.09787
v 88.10070 -5.44913 -0.17475
v 88.22128 -5.38148 -0.22378
v 88.33055 -5.45556 -0.18750
v 88.33055 -5.41440 -0.16778
v 88.22128 -5.46486 -0.11692
v 88.10070 -5.39795 -0.13805
v 88.33055 -5.37197 -0.14842
v 88.42847 -5.58645 -0.18826
v 88.42847 -5.55484 -0.17163
v 88.51499 -5.58055 -0.12653
v 88.51499 -5.55269 -0.11320
v 88.42847 -5.52192 -0.15509
v 88.42847 -5.48783 -0.13876
v 88.51499 -5.52398 -0.10010
v 88.42847 -5.45268 -0.12273
v 88.42847 -5.41652 -0.10741
v 88.10070 -5.35545 -0.29198
v 88.10070 -5.29972 -0.26394
v 88.22128 -5.33244 -0.20027
v 88.22128 -5.28189 -0.17719
v 88.10070 -5.34455 -0.10156
v 88.33055 -5.32832 -0.12992
v 88.33055 -5.28370 -0.11204
v 88.10070 -5.24199 -0.23625
v 88.10070 -5.18248 -0.20906
v 88.22128 -5.22988 -0.15513
v 88.22128 -5.17672 -0.13382
v 88.33055 -5.23829 -0.09488
v 86.05051 -5.02291 -0.99126
v 86.29004 -5.03758 -0.96088
v 86.05051 -4.89871 -0.91859
v 86.29004 -4.91673 -0.89028
v 86.51926 -5.05157 -0.93197
v 86.51926 -4.93393 -0.86335
v 86.05051 -4.76778 -0.84583
v 86.29004 -4.78933 -0.81960
v 86.51926 -4.80992 -0.79465
v 86.51926 -4.68014 -0.72573
v 86.73804 -5.06489 -0.90453
v 86.94629 -5.07754 -0.87855
v 86.73804 -4.95032 -0.83779
v 87.09152 -5.08634 -0.86052
v 87.14390 -5.10831 -0.83513
v 86.94629 -4.96589 -0.81361
v 87.33075 -5.09152 -0.68956
v 87.09152 -4.97673 -0.79682
v 87.14390 -5.00187 -0.77329
v 86.73804 -4.82955 -0.77099
v 86.94629 -4.84820 -0.74860
v 86.73804 -4.70316 -0.70397
v 86.94629 -4.72503 -0.68339
v 87.09152 -4.86119 -0.73306
v 87.14390 -4.88967 -0.71138
v 86.05051 -4.63074 -0.77283
v 86.29004 -4.65600 -0.74868
v 86.05051 -4.48806 -0.70020
v 86.05051 -5.11629 -0.66004
v 86.29004 -5.01328 -0.54683
v 86.05051 -4.99828 -0.56542
v 86.51926 -5.02762 -0.52921
v 86.51926 -4.90943 -0.43976
v 86.05051 -4.87353 -0.47071
v 86.29004 -4.89188 -0.45481
v 87.33075 -4.99123 -0.63427
v 86.73804 -5.04128 -0.51254
v 86.94629 -5.05427 -0.49681
v 86.73804 -4.92616 -0.42554
v 86.94629 -4.94207 -0.41213
v 87.14390 -5.08590 -0.47145
v 87.09152 -5.06332 -0.48592
v 87.14390 -4.97891 -0.39080
v 87.09152 -4.95315 -0.40285
v 87.33075 -4.88628 -0.57881
v 87.09152 -4.74028 -0.66910
v 87.14390 -4.77225 -0.64929
v 87.33075 -4.77702 -0.52365
v 86.05051 -4.74270 -0.37570
v 86.29004 -4.76457 -0.36251
v 86.51926 -4.78548 -0.35004
v 87.33075 -5.07080 -0.34800
v 87.33075 -4.97050 -0.27578
v 86.73804 -4.80543 -0.33827
v 86.94629 -4.82440 -0.32720
v 86.73804 -4.67947 -0.25147
v 86.94629 -4.70164 -0.24272
v 87.09152 -4.83763 -0.31955
v 87.14390 -4.86672 -0.30993
v 87.33075 -4.86587 -0.20395
v 87.14390 -4.74968 -0.22949
v 87.09152 -4.71710 -0.23669
v 87.33075 -4.75725 -0.13304
v 86.29004 -4.51718 -0.67814
v 86.51926 -4.54502 -0.65718
v 86.05051 -4.34024 -0.62845
v 86.29004 -4.37336 -0.60845
v 86.29004 -4.22508 -0.53998
v 86.51926 -4.40503 -0.58946
v 86.51926 -4.26069 -0.52293
v 86.73804 -4.57156 -0.63731
v 86.94629 -4.59680 -0.61852
v 86.73804 -4.43523 -0.57147
v 86.94629 -4.46396 -0.55446
v 87.09152 -4.61439 -0.60550
v 87.14390 -4.65000 -0.58753
v 87.09152 -4.48398 -0.54267
v 87.33075 -4.66382 -0.46918
v 87.14390 -4.52336 -0.52654
v 87.33075 -4.54712 -0.41567
v 86.94629 -4.32699 -0.49153
v 86.73804 -4.29467 -0.50678
v 87.14390 -4.39279 -0.46662
v 87.09152 -4.34952 -0.48096
v 87.09152 -4.21118 -0.42198
v 87.14390 -4.25845 -0.40936
v 86.05051 -4.60619 -0.28118
v 86.29004 -4.63173 -0.27068
v 86.51926 -4.65616 -0.26078
v 86.05051 -4.46445 -0.18785
v 86.29004 -4.49380 -0.18001
v 86.51926 -4.52189 -0.17266
v 86.05051 -4.31796 -0.09632
v 86.73804 -4.54869 -0.16576
v 86.94629 -4.57419 -0.15932
v 87.14390 -4.62816 -0.15007
v 87.09152 -4.59198 -0.15489
v 87.33075 -4.42705 -0.36454
v 87.33075 -4.30431 -0.31511
v 87.50677 -5.08684 -0.56194
v 87.67185 -5.09427 -0.45102
v 87.50677 -4.99364 -0.51273
v 87.50677 -4.89660 -0.46378
v 87.67185 -5.00871 -0.40790
v 87.50677 -4.79608 -0.41544
v 87.50677 -5.06825 -0.24387
v 87.67185 -4.92008 -0.36531
v 87.82592 -5.11330 -0.35598
v 87.82592 -5.03576 -0.31874
v 87.96889 -5.07377 -0.24405
v 87.82592 -4.95583 -0.28218
v 87.67185 -5.07796 -0.15802
v 87.50677 -4.97532 -0.18014
v 87.67185 -4.99288 -0.10260
v 87.96889 -5.00246 -0.21377
v 87.96889 -4.92958 -0.18451
v 87.67185 -4.82870 -0.32348
v 87.50677 -4.69244 -0.36797
v 87.67185 -4.73469 -0.28351
v 87.82592 -4.87359 -0.24724
v 87.50677 -4.87884 -0.11722
v 87.82592 -4.78953 -0.21347
v 87.96889 -4.85539 -0.15642
v 87.96889 -4.78019 -0.12964
v 87.82592 -4.70398 -0.18105
v 87.96889 -4.70426 -0.10431
v 88.10070 -5.12124 -0.18308
v 88.22128 -5.12261 -0.11336
v 88.10070 -5.05866 -0.15797
v 88.10070 -4.99496 -0.13387
v 88.10070 -4.93038 -0.11089
v 87.50677 -4.58582 -0.32260
v 87.67185 -4.63859 -0.24487
v 87.50677 -4.47683 -0.27874
v 87.67185 -4.54078 -0.20778
v 87.67185 -4.44163 -0.17241
v 87.82592 -4.61724 -0.15014
v 87.82592 -4.52967 -0.12090
v 87.50677 -4.36589 -0.23663
v 87.67185 -4.34152 -0.13895
v 87.50677 -4.25344 -0.19648
v 87.67185 -4.24072 -0.10798
v 88.77522 -5.84659 -0.08638
v 88.77522 -5.84632 -0.08610
v 88.77522 -5.84550 -0.08523
v 88.77522 -5.83690 -0.08993
v 88.77522 -5.83949 -0.09187
v 88.77522 -5.84151 -0.09339
v 88.77522 -5.84415 -0.08379
v 88.77522 -5.84225 -0.08181
v 88.77522 -5.83982 -0.07928
v 88.77522 -5.83686 -0.07626
v 88.77522 -5.83004 -0.08495
v 88.77522 -5.83374 -0.08762
v 88.77522 -5.82100 -0.07862
v 88.77522 -5.82578 -0.08194
v 88.77522 -5.83338 -0.07277
v 88.77522 -5.82938 -0.06884
v 88.77522 -5.82488 -0.06451
v 88.59007 -5.70835 -0.08143
v 88.65366 -5.76343 -0.08703
v 88.70573 -5.80770 -0.09294
v 88.70573 -5.79917 -0.08523
v 88.77522 -5.80989 -0.07120
v 88.77522 -5.81570 -0.07501
v 88.77522 -5.81988 -0.05981
v 88.77522 -5.80360 -0.06719
v 88.77522 -5.79684 -0.06300
v 88.70573 -5.78992 -0.07711
v 88.70573 -5.77996 -0.06865
v 88.70573 -5.76932 -0.05993
v 88.77522 -5.78963 -0.05869
v 88.77522 -5.81439 -0.05484
v 88.77522 -5.80842 -0.04961
v 88.77522 -5.80201 -0.04417
v 88.77522 -5.79516 -0.03856
v 88.77522 -5.78200 -0.05428
v 88.77522 -5.77396 -0.04987
v 88.77522 -5.76555 -0.04545
v 88.77522 -5.78789 -0.03283
v 88.77522 -5.78022 -0.02709
v 88.77522 -5.77217 -0.02134
v 88.65366 -5.74996 -0.07598
v 88.65366 -5.73567 -0.06470
v 88.70573 -5.76073 -0.09120
v 88.70573 -5.74889 -0.08436
v 88.70573 -5.73640 -0.07751
v 88.70573 -5.72334 -0.07065
v 88.70573 -5.70974 -0.06382
v 88.65366 -5.72057 -0.05342
v 88.70573 -5.75804 -0.05103
v 88.70573 -5.74612 -0.04213
v 88.77522 -5.75679 -0.04106
v 88.77522 -5.73836 -0.03246
v 88.77522 -5.74771 -0.03672
v 88.70573 -5.73362 -0.03320
v 88.70573 -5.72059 -0.02432
v 88.77522 -5.72873 -0.02839
v 88.77522 -5.70889 -0.02068
v 88.77522 -5.71890 -0.02445
v 88.77522 -5.76377 -0.01563
v 88.77522 -5.75505 -0.00998
v 88.77522 -5.74605 -0.00445
v 88.77522 -5.73675 0.00082
v 88.70573 -5.70705 -0.01555
v 88.77522 -5.72723 0.00590
v 88.77522 -5.71751 0.01075
v 88.77522 -5.70764 0.01534
v 88.59007 -5.68937 -0.06724
v 88.51499 -5.65252 -0.08360
v 88.59007 -5.66947 -0.05301
v 88.59007 -5.64871 -0.03887
v 88.51499 -5.62782 -0.06593
v 88.59007 -5.60897 -0.09107
v 88.59007 -5.62716 -0.02490
v 88.51499 -5.60205 -0.04836
v 88.65366 -5.69170 -0.08955
v 88.65366 -5.67447 -0.08091
v 88.65366 -5.65662 -0.07237
v 88.65366 -5.70474 -0.04211
v 88.65366 -5.68823 -0.03085
v 88.70573 -5.69565 -0.05708
v 88.70573 -5.68112 -0.05046
v 88.70573 -5.66618 -0.04414
v 88.70573 -5.65090 -0.03803
v 88.65366 -5.63823 -0.06398
v 88.65366 -5.61930 -0.05597
v 88.65366 -5.59995 -0.04823
v 88.70573 -5.63536 -0.03217
v 88.70573 -5.61960 -0.02658
v 88.70573 -5.60369 -0.02130
v 88.59007 -5.60489 -0.01122
v 88.65366 -5.67108 -0.01975
v 88.65366 -5.65337 -0.00887
v 88.70573 -5.69307 -0.00696
v 88.77522 -5.69874 -0.01708
v 88.77522 -5.68849 -0.01368
v 88.77522 -5.67817 -0.01054
v 88.70573 -5.67864 0.00123
v 88.77522 -5.66785 -0.00759
v 88.77522 -5.64729 -0.00247
v 88.77522 -5.65754 -0.00488
v 88.70573 -5.66385 0.00912
v 88.77522 -5.69764 0.01964
v 88.77522 -5.68753 0.02354
v 88.77522 -5.67737 0.02710
v 88.70573 -5.64877 0.01665
v 88.77522 -5.66720 0.03030
v 88.77522 -5.65704 0.03305
v 88.65366 -5.63509 0.00151
v 88.65366 -5.61637 0.01151
v 88.77522 -5.63709 -0.00050
v 88.77522 -5.62695 0.00089
v 88.77522 -5.60716 0.00250
v 88.77522 -5.61695 0.00188
v 88.77522 -5.59761 0.00281
v 88.65366 -5.59726 0.02106
v 88.70573 -5.63343 0.02378
v 88.77522 -5.64689 0.03520
v 88.77522 -5.63674 0.03656
v 88.77522 -5.62668 0.03732
v 88.70573 -5.61791 0.03046
v 88.70573 -5.60221 0.03652
v 88.77522 -5.61677 0.03754
v 88.77522 -5.60706 0.03725
v 88.77522 -5.59761 0.03649
v 87.96889 -5.19808 -0.07679
v 87.96889 -5.13138 -0.03564
v 88.33055 -5.48742 -0.07188
v 88.22128 -5.41950 -0.08594
v 88.22128 -5.37241 -0.05536
v 88.33055 -5.44790 -0.04623
v 88.33055 -5.40706 -0.02109
v 88.33055 -5.36492 0.00289
v 88.42847 -5.57982 -0.08088
v 88.42847 -5.54828 -0.05936
v 88.59007 -5.58584 -0.08052
v 88.59007 -5.56204 -0.07045
v 88.59007 -5.53772 -0.06072
v 88.51499 -5.57530 -0.03102
v 88.51499 -5.49444 -0.08759
v 88.42847 -5.51554 -0.03813
v 88.59007 -5.51297 -0.05138
v 88.59007 -5.48787 -0.04247
v 88.65366 -5.58026 -0.04080
v 88.65366 -5.56030 -0.03372
v 88.65366 -5.54014 -0.02703
v 88.65366 -5.51985 -0.02083
v 88.59007 -5.58192 0.00184
v 88.51499 -5.54766 -0.01403
v 88.59007 -5.55838 0.01441
v 88.59007 -5.53435 0.02641
v 88.42847 -5.48171 -0.01731
v 88.51499 -5.51914 0.00219
v 88.59007 -5.50994 0.03777
v 88.51499 -5.48992 0.01780
v 88.59007 -5.48522 0.04842
v 88.70573 -5.58767 -0.01641
v 88.70573 -5.57163 -0.01184
v 88.77522 -5.57946 0.00259
v 88.77522 -5.58837 0.00284
v 88.77522 -5.56291 0.00168
v 88.77522 -5.57096 0.00218
v 88.70573 -5.55564 -0.00762
v 88.70573 -5.53971 -0.00388
v 88.77522 -5.54834 0.00053
v 88.77522 -5.55536 0.00111
v 88.77522 -5.53610 -0.00043
v 88.77522 -5.54191 0.00000
v 88.65366 -5.57783 0.03009
v 88.65366 -5.55817 0.03856
v 88.65366 -5.53828 0.04623
v 88.77522 -5.57956 0.03351
v 88.77522 -5.57111 0.03155
v 88.77522 -5.56311 0.02935
v 88.70573 -5.58644 0.04206
v 88.70573 -5.57065 0.04703
v 88.77522 -5.58841 0.03517
v 88.77522 -5.54860 0.02436
v 88.77522 -5.55560 0.02697
v 88.77522 -5.54217 0.02170
v 88.77522 -5.53637 0.01904
v 88.70573 -5.55487 0.05130
v 88.65366 -5.49954 -0.01504
v 88.65366 -5.47927 -0.00969
v 88.70573 -5.52387 -0.00082
v 88.70573 -5.50813 0.00135
v 88.77522 -5.51741 0.00023
v 88.77522 -5.51967 -0.00042
v 88.77522 -5.52269 -0.00080
v 88.77522 -5.52646 -0.00085
v 88.77522 -5.53094 -0.00073
v 88.77522 -5.52673 0.01394
v 88.77522 -5.52294 0.01151
v 88.77522 -5.51988 0.00924
v 88.77522 -5.51757 0.00720
v 88.77522 -5.51635 0.00657
v 88.77522 -5.51561 0.00390
v 88.77522 -5.51592 0.00117
v 88.77522 -5.51626 0.00755
v 88.70573 -5.49261 0.00288
v 88.70573 -5.47740 0.00385
v 88.77522 -5.53121 0.01644
v 88.51499 -5.46425 -0.07550
v 88.51499 -5.43352 -0.06390
v 88.59007 -5.46254 -0.03405
v 88.59007 -5.43703 -0.02626
v 88.42847 -5.37956 -0.09261
v 88.51499 -5.40236 -0.05285
v 88.51499 -5.37091 -0.04239
v 88.42847 -5.44679 0.00255
v 88.51499 -5.46010 0.03271
v 88.51499 -5.42978 0.04682
v 88.59007 -5.41149 -0.01898
v 88.59007 -5.38602 -0.01225
v 88.59007 -5.36066 -0.00629
v 88.42847 -5.41102 0.02167
v 88.42847 -5.37452 0.03993
v 88.65366 -5.45910 -0.00495
v 88.65366 -5.43904 -0.00107
v 88.65366 -5.41909 0.00167
v 88.70573 -5.46258 0.00433
v 88.70573 -5.44823 0.00438
v 88.70573 -5.43439 0.00399
v 88.70573 -5.42119 0.00336
v 88.70573 -5.43456 0.05203
v 88.70573 -5.42144 0.04899
v 88.65366 -5.39943 0.00362
v 88.65366 -5.38016 0.00485
v 88.65366 -5.36139 0.00546
v 88.70573 -5.40869 0.00258
v 88.70573 -5.39697 0.00171
v 88.70573 -5.37608 -0.00001
v 88.70573 -5.38607 0.00081
v 88.70573 -5.35905 -0.00114
v 88.70573 -5.36706 -0.00068
v 88.70573 -5.40902 0.04558
v 88.70573 -5.39735 0.04187
v 88.70573 -5.37650 0.03370
v 88.70573 -5.36748 0.02957
v 88.70573 -5.35947 0.02553
v 88.70573 -5.38648 0.03783
v 88.70573 -5.53911 0.05464
v 88.65366 -5.51830 0.05325
v 88.65366 -5.49830 0.05955
v 88.65366 -5.47832 0.06496
v 88.70573 -5.52334 0.05675
v 88.70573 -5.50773 0.05794
v 88.70573 -5.49235 0.05828
v 88.70573 -5.47727 0.05783
v 88.59007 -5.46022 0.05807
v 88.59007 -5.43510 0.06690
v 88.51499 -5.39909 0.06005
v 88.59007 -5.40996 0.07483
v 88.51499 -5.36806 0.07203
v 88.59007 -5.38484 0.08164
v 88.59007 -5.35974 0.08697
v 88.65366 -5.45835 0.06920
v 88.65366 -5.43838 0.07187
v 88.65366 -5.41860 0.07338
v 88.70573 -5.46258 0.05665
v 88.70573 -5.44830 0.05461
v 88.65366 -5.39911 0.07381
v 88.65366 -5.38002 0.07324
v 88.65366 -5.36141 0.07176
v 88.22128 -5.32376 -0.02539
v 88.10070 -5.28913 -0.06554
v 88.22128 -5.27355 0.00320
v 88.33055 -5.32174 0.02599
v 88.33055 -5.27768 0.04804
v 88.10070 -5.23185 -0.03023
v 88.33055 -5.19226 -0.07852
v 88.33055 -5.14578 -0.06305
v 88.22128 -5.22211 0.03074
v 88.10070 -5.17275 0.00345
v 88.42847 -5.34194 -0.07840
v 88.42847 -5.30381 -0.06486
v 88.51499 -5.33924 -0.03271
v 88.51499 -5.30754 -0.02366
v 88.42847 -5.26531 -0.05205
v 88.59007 -5.33544 -0.00141
v 88.59007 -5.31036 0.00204
v 88.51499 -5.27592 -0.01531
v 88.59007 -5.28564 0.00449
v 88.51499 -5.24444 -0.00790
v 88.59007 -5.26142 0.00605
v 88.65366 -5.34321 0.00553
v 88.65366 -5.32569 0.00503
v 88.65366 -5.30896 0.00424
v 88.70573 -5.34624 -0.00124
v 88.70573 -5.35210 -0.00134
v 88.70573 -5.33525 0.00605
v 88.70573 -5.33572 0.00181
v 88.70573 -5.33804 0.00035
v 88.70573 -5.34155 -0.00065
v 88.70573 -5.34189 0.01435
v 88.70573 -5.33830 0.01119
v 88.70573 -5.33639 0.01020
v 88.70573 -5.33627 0.01173
v 88.70573 -5.35253 0.02165
v 88.70573 -5.34664 0.01787
v 88.65366 -5.29313 0.00325
v 88.65366 -5.27828 0.00215
v 88.65366 -5.26448 0.00101
v 88.65366 -5.25182 -0.00003
v 88.65366 -5.26500 0.04792
v 88.65366 -5.25236 0.04269
v 88.42847 -5.22654 -0.04020
v 88.42847 -5.18773 -0.02911
v 88.59007 -5.23782 0.00681
v 88.59007 -5.21497 0.00691
v 88.51499 -5.21312 -0.00184
v 88.59007 -5.19294 0.00628
v 88.42847 -5.14902 -0.01888
v 88.51499 -5.18198 0.00245
v 88.59007 -5.17191 0.00529
v 88.51499 -5.15130 0.00550
v 88.59007 -5.15201 0.00406
v 88.59007 -5.13334 0.00267
v 88.65366 -5.23024 -0.00145
v 88.65366 -5.24039 -0.00088
v 88.65366 -5.21402 -0.00158
v 88.65366 -5.22144 -0.00170
v 88.65366 -5.20070 0.00229
v 88.65366 -5.20363 0.00044
v 88.65366 -5.20808 -0.00083
v 88.65366 -5.20396 0.01417
v 88.65366 -5.20155 0.01292
v 88.65366 -5.20139 0.01485
v 88.65366 -5.20011 0.00767
v 88.65366 -5.23079 0.03234
v 88.65366 -5.21453 0.02264
v 88.65366 -5.22199 0.02743
v 88.65366 -5.24094 0.03746
v 88.65366 -5.20851 0.01818
v 88.22128 -5.16961 0.05704
v 88.33055 -5.23289 0.06892
v 88.33055 -5.18754 0.08849
v 88.33055 -5.14168 0.10622
v 88.42847 -5.33742 0.05721
v 88.51499 -5.33689 0.08300
v 88.59007 -5.33463 0.09033
v 88.51499 -5.30567 0.09285
v 88.59007 -5.30977 0.09223
v 88.42847 -5.29985 0.07341
v 88.42847 -5.26186 0.08809
v 88.51499 -5.27448 0.10131
v 88.59007 -5.28527 0.09278
v 88.59007 -5.26126 0.09206
v 88.51499 -5.24332 0.10793
v 88.65366 -5.34331 0.06917
v 88.65366 -5.32591 0.06590
v 88.65366 -5.30929 0.06206
v 88.65366 -5.29355 0.05773
v 88.65366 -5.27878 0.05304
v 88.59007 -5.21512 0.08695
v 88.59007 -5.19324 0.08284
v 88.42847 -5.22370 0.10152
v 88.42847 -5.18549 0.11359
v 88.59007 -5.23787 0.09020
v 88.51499 -5.21215 0.11210
v 88.59007 -5.17235 0.07801
v 88.59007 -5.13398 0.06668
v 88.59007 -5.15256 0.07258
v 88.42847 -5.14731 0.12395
v 88.51499 -5.18128 0.11447
v 88.51499 -5.15087 0.11516
v 86.29004 -4.35127 -0.09110
v 86.29004 -4.20414 -0.00623
v 86.51926 -4.38313 -0.08624
v 86.51926 -4.23991 -0.00376
v 86.94629 -4.44249 -0.07755
v 87.33075 -4.64500 -0.06352
v 87.14390 -4.50259 -0.07221
v 87.09152 -4.46267 -0.07470
v 87.33075 -4.52915 0.00282
v 86.73804 -4.41354 -0.08173
v 86.73804 -4.27405 -0.00153
v 86.94629 -4.30655 0.00049
v 87.09152 -4.32922 0.00183
v 87.14390 -4.37299 0.00208
v 87.33075 -4.41044 0.06673
v 87.14390 -4.24018 0.07366
v 87.33075 -4.28929 0.12776
v 87.67185 -4.90497 -0.04826
v 87.82592 -5.09931 -0.08913
v 87.82592 -5.02240 -0.04164
v 87.96889 -5.06256 0.00362
v 87.82592 -4.94304 0.00367
v 87.96889 -4.99203 0.04143
v 87.96889 -4.92006 0.07754
v 87.67185 -4.81425 0.00358
v 87.50677 -4.77915 -0.05554
v 87.50677 -4.67626 0.00331
v 87.82592 -4.86171 0.04732
v 87.67185 -4.72129 0.05352
v 87.96889 -4.84690 0.11172
v 87.82592 -4.77871 0.08900
v 87.82592 -4.69435 0.12845
v 87.96889 -4.77283 0.14377
v 87.96889 -4.69793 0.17281
v 88.22128 -5.06776 -0.09386
v 88.22128 -5.01239 -0.07541
v 88.33055 -5.09898 -0.04873
v 88.33055 -5.05213 -0.03534
v 88.10070 -5.11219 0.03590
v 88.22128 -4.95663 -0.05834
v 88.22128 -4.90080 -0.04237
v 88.33055 -5.00540 -0.02298
v 88.33055 -4.95888 -0.01201
v 88.33055 -4.91260 -0.00303
v 88.42847 -5.11049 -0.00980
v 88.42847 -5.07215 -0.00237
v 88.51499 -5.12123 0.00744
v 88.59007 -5.11599 0.00124
v 88.59007 -5.10008 -0.00006
v 88.51499 -5.09193 0.00839
v 88.59007 -5.08571 -0.00112
v 88.59007 -5.07295 -0.00184
v 88.59007 -5.08641 0.04710
v 88.59007 -5.07365 0.04066
v 88.42847 -5.03404 0.00289
v 88.51499 -5.06356 0.00851
v 88.59007 -5.06188 -0.00215
v 88.59007 -5.04509 -0.00106
v 88.59007 -5.05255 -0.00200
v 88.51499 -5.03621 0.00774
v 88.59007 -5.03581 0.00287
v 88.59007 -5.03950 0.00055
v 88.59007 -5.03507 0.00964
v 88.59007 -5.04563 0.02286
v 88.59007 -5.05321 0.02846
v 88.59007 -5.06258 0.03449
v 88.59007 -5.03992 0.01782
v 88.59007 -5.03688 0.01625
v 88.59007 -5.03668 0.01867
v 88.42847 -4.99648 0.00662
v 88.42847 -4.95967 0.00900
v 88.51499 -5.01011 0.00652
v 88.51499 -4.98540 0.00499
v 88.51499 -4.96221 0.00328
v 88.42847 -4.92380 0.01018
v 88.51499 -4.94068 0.00150
v 88.51499 -4.92093 -0.00011
v 88.51499 -4.90308 -0.00142
v 88.22128 -5.11625 0.08192
v 88.10070 -5.05038 0.06688
v 88.22128 -5.06222 0.10526
v 88.33055 -5.09562 0.12245
v 88.33055 -5.04949 0.13703
v 88.10070 -4.98756 0.09620
v 88.10070 -4.92396 0.12369
v 88.22128 -5.00758 0.12640
v 88.22128 -4.95269 0.14576
v 88.22128 -4.89774 0.16315
v 88.33055 -5.00340 0.14955
v 88.33055 -4.95735 0.15935
v 88.33055 -4.91129 0.16554
v 88.59007 -5.11666 0.06025
v 88.59007 -5.10077 0.05367
v 88.51499 -5.12106 0.11428
v 88.51499 -5.09202 0.11197
v 88.51499 -5.06377 0.10793
v 88.51499 -5.03661 0.10284
v 88.42847 -5.10917 0.13206
v 88.42847 -5.07101 0.13718
v 88.42847 -5.03322 0.14009
v 88.51499 -4.96304 0.08279
v 88.51499 -5.01067 0.09684
v 88.51499 -4.98610 0.09010
v 88.51499 -4.94154 0.07480
v 88.51499 -4.92181 0.06664
v 88.51499 -4.90397 0.05847
v 88.42847 -4.99599 0.14093
v 88.42847 -4.95950 0.13986
v 88.42847 -4.92395 0.13704
v 88.10070 -4.86519 -0.08916
v 88.22128 -4.84512 -0.02763
v 88.10070 -4.79954 -0.06904
v 88.22128 -4.78969 -0.01454
v 88.33055 -4.86659 0.00332
v 88.33055 -4.82124 0.00785
v 88.10070 -4.73382 -0.05023
v 88.10070 -4.66826 -0.03286
v 88.22128 -4.73455 -0.00384
v 88.22128 -4.67972 0.00375
v 88.33055 -4.77680 0.01073
v 88.33055 -4.73350 0.01216
v 88.33055 -4.69157 0.01235
v 88.42847 -4.88906 0.01033
v 88.42847 -4.85558 0.00940
v 88.51499 -4.87350 -0.00269
v 88.51499 -4.88724 -0.00231
v 88.51499 -4.86192 -0.00250
v 88.51499 -4.85266 -0.00132
v 88.51499 -4.84114 0.00356
v 88.51499 -4.84572 0.00068
v 88.51499 -4.84022 0.01196
v 88.51499 -4.88813 0.05048
v 88.51499 -4.87439 0.04283
v 88.51499 -4.85334 0.02838
v 88.51499 -4.84625 0.02212
v 88.51499 -4.84248 0.02017
v 88.51499 -4.84223 0.02318
v 88.51499 -4.86275 0.03534
v 88.42847 -4.82363 0.00791
v 88.42847 -4.79338 0.00604
v 88.42847 -4.76500 0.00395
v 88.42847 -4.73863 0.00179
v 88.42847 -4.71446 -0.00018
v 88.42847 -4.67322 -0.00287
v 88.42847 -4.69261 -0.00178
v 88.10070 -4.85964 0.14861
v 88.22128 -4.84282 0.17807
v 88.10070 -4.79502 0.17142
v 88.22128 -4.78795 0.18978
v 88.33055 -4.86567 0.16906
v 88.33055 -4.82072 0.17009
v 88.10070 -4.73032 0.19191
v 88.22128 -4.73307 0.19716
v 88.33055 -4.77667 0.16881
v 88.33055 -4.73374 0.16541
v 88.33055 -4.69199 0.15946
v 88.42847 -4.82436 0.11854
v 88.42847 -4.79428 0.11029
v 88.42847 -4.88937 0.13211
v 88.42847 -4.85611 0.12588
v 88.42847 -4.76604 0.10134
v 88.42847 -4.73972 0.09157
v 88.42847 -4.71556 0.08158
v 88.42847 -4.69372 0.07159
v 88.42847 -4.67433 0.06180
v 88.10070 -4.66566 0.20951
v 88.22128 -4.67871 0.20137
v 87.96889 -4.62781 -0.08087
v 87.96889 -4.55126 -0.05893
v 87.82592 -4.44150 -0.09384
v 87.96889 -4.47491 -0.03868
v 87.50677 -4.57084 0.06000
v 87.67185 -4.62641 0.10121
v 87.50677 -4.46324 0.11414
v 87.67185 -4.52997 0.14635
v 87.82592 -4.60892 0.16545
v 87.82592 -4.52254 0.19898
v 87.82592 -4.35323 -0.06851
v 87.96889 -4.39891 -0.02070
v 87.96889 -4.32330 -0.00597
v 87.82592 -4.26517 -0.04513
v 87.96889 -4.24812 0.00447
v 87.50677 -4.35387 0.16540
v 87.67185 -4.43232 0.18869
v 88.22128 -4.62569 0.00915
v 88.10070 -4.60300 -0.01743
v 88.22128 -4.57274 0.01260
v 88.33055 -4.65115 0.01124
v 88.33055 -4.61257 0.00945
v 88.33055 -4.57606 0.00720
v 88.10070 -4.53808 -0.00481
v 88.22128 -4.52114 0.01432
v 88.10070 -4.47353 0.00414
v 88.22128 -4.47117 0.01456
v 88.33055 -4.54179 0.00469
v 88.33055 -4.50996 0.00209
v 88.33055 -4.48077 -0.00028
v 88.33055 -4.45440 -0.00220
v 88.42847 -4.65640 -0.00332
v 88.42847 -4.64222 -0.00308
v 88.42847 -4.62239 0.00082
v 88.42847 -4.63089 -0.00164
v 88.42847 -4.61679 0.00435
v 88.42847 -4.61566 0.01464
v 88.42847 -4.65751 0.05243
v 88.42847 -4.64325 0.04327
v 88.42847 -4.62305 0.02709
v 88.42847 -4.61843 0.02470
v 88.42847 -4.61812 0.02838
v 88.42847 -4.63173 0.03475
v 88.33055 -4.65184 0.15195
v 88.33055 -4.61350 0.14310
v 88.33055 -4.57719 0.13315
v 88.33055 -4.54310 0.12235
v 88.33055 -4.51131 0.11055
v 88.33055 -4.45578 0.08643
v 88.33055 -4.48215 0.09849
v 88.22128 -4.52151 0.19706
v 88.22128 -4.47175 0.18998
v 88.10070 -4.40991 0.01052
v 88.22128 -4.42301 0.01325
v 88.22128 -4.37704 0.01113
v 88.10070 -4.34757 0.01459
v 88.22128 -4.33353 0.00846
v 88.33055 -4.43099 -0.00350
v 88.33055 -4.41068 -0.00405
v 88.33055 -4.39357 -0.00375
v 88.33055 -4.37989 -0.00200
v 88.33055 -4.39483 0.05224
v 88.33055 -4.38093 0.04196
v 88.33055 -4.36287 0.00524
v 88.33055 -4.36963 0.00097
v 88.33055 -4.36151 0.01767
v 88.33055 -4.37043 0.03271
v 88.33055 -4.36486 0.02982
v 88.33055 -4.36449 0.03426
v 88.22128 -4.29270 0.00548
v 88.10070 -4.28682 0.01663
v 88.22128 -4.25477 0.00239
v 88.22128 -4.21999 -0.00042
v 88.10070 -4.22799 0.01694
v 88.33055 -4.41205 0.06331
v 88.33055 -4.43236 0.07462
v 88.22128 -4.42391 0.18104
v 88.22128 -4.37822 0.17050
v 88.22128 -4.33495 0.15864
v 88.22128 -4.22169 0.11737
v 88.22128 -4.29432 0.14578
v 88.22128 -4.25644 0.13173
v 87.96889 -4.62267 0.19940
v 87.82592 -4.43575 0.22968
v 87.96889 -4.54733 0.22329
v 87.96889 -4.47202 0.24381
v 87.67185 -4.33357 0.22707
v 87.50677 -4.24312 0.21347
v 87.67185 -4.23436 0.26221
v 87.82592 -4.34886 0.25726
v 87.96889 -4.39679 0.25990
v 87.96889 -4.32153 0.27007
v 87.82592 -4.26201 0.28096
v 87.96889 -4.24699 0.27589
v 88.22128 -4.62515 0.20261
v 88.10070 -4.60106 0.22330
v 88.22128 -4.57266 0.20109
v 88.10070 -4.53645 0.23202
v 88.10070 -4.47245 0.23699
v 88.10070 -4.40938 0.23846
v 88.10070 -4.34758 0.23669
v 88.10070 -4.28736 0.23196
v 88.10070 -4.22877 0.22364
v 83.11765 -4.02533 -0.70568
v 83.45271 -4.02822 -0.69258
v 83.77891 -4.03115 -0.67995
v 83.11765 -3.83940 -0.62386
v 83.45271 -3.84439 -0.61191
v 83.77891 -3.84937 -0.60038
v 84.09608 -4.03397 -0.66777
v 84.40407 -4.03670 -0.65604
v 84.09608 -3.85420 -0.58928
v 84.40407 -3.85886 -0.57859
v 83.11765 -4.18631 -0.15404
v 83.45271 -4.18659 -0.14773
v 83.77891 -4.18700 -0.14170
v 84.09608 -4.18739 -0.13594
v 84.40407 -4.18776 -0.13043
v 83.11765 -3.64929 -0.54463
v 83.45271 -3.65645 -0.53380
v 83.77891 -3.66353 -0.52335
v 83.11765 -3.45574 -0.46841
v 83.45271 -3.46509 -0.45866
v 83.77891 -3.47432 -0.44927
v 84.09608 -3.67040 -0.51330
v 84.40407 -3.67705 -0.50362
v 84.09608 -3.48328 -0.44023
v 84.40407 -3.49196 -0.43154
v 83.77891 -3.28247 -0.37852
v 84.09608 -3.29355 -0.37046
v 84.40407 -3.30429 -0.36272
v 84.70270 -4.03932 -0.64476
v 84.99184 -4.04184 -0.63392
v 85.12048 -4.04296 -0.62912
v 84.70270 -3.86337 -0.56831
v 84.99184 -3.86771 -0.55843
v 85.12048 -3.86964 -0.55407
v 85.54103 -4.10852 -0.59666
v 85.27132 -4.06648 -0.61742
v 85.80080 -4.14897 -0.57683
v 85.80080 -3.98770 -0.50737
v 85.27132 -3.89584 -0.54361
v 85.54103 -3.94265 -0.52507
v 85.54103 -3.77309 -0.45581
v 85.80080 -3.82286 -0.44018
v 84.70270 -4.18812 -0.12518
v 84.99184 -4.18846 -0.12017
v 85.12048 -4.18861 -0.11797
v 84.70270 -3.68349 -0.49432
v 84.99184 -3.68971 -0.48539
v 85.12048 -3.69247 -0.48145
v 84.99184 -3.50849 -0.41519
v 85.12048 -3.51210 -0.41165
v 84.70270 -3.50037 -0.42320
v 85.27132 -3.72139 -0.47220
v 85.27132 -3.54381 -0.40357
v 85.54103 -3.60048 -0.38926
v 84.70270 -3.31470 -0.35530
v 84.99184 -3.32476 -0.34818
v 85.12048 -3.32923 -0.34503
v 85.80080 -3.65505 -0.37563
v 85.54103 -3.42548 -0.32575
v 85.27132 -3.36376 -0.33807
v 85.80080 -3.48491 -0.31403
v 85.80080 -3.31312 -0.25568
v 83.11765 -3.25948 -0.39559
v 83.45271 -3.27107 -0.38689
v 83.11765 -3.06126 -0.32650
v 83.45271 -3.07511 -0.31881
v 83.77891 -3.08872 -0.31142
v 83.11765 -2.86161 -0.26233
v 83.45271 -2.87775 -0.25560
v 83.77891 -2.89358 -0.24913
v 84.09608 -3.10195 -0.30431
v 84.40407 -3.11477 -0.29749
v 84.09608 -2.90897 -0.24291
v 84.40407 -2.92390 -0.23695
v 83.11765 -2.66167 -0.20210
v 83.45271 -2.68010 -0.19628
v 83.77891 -2.69817 -0.19069
v 83.45271 -2.48289 -0.14129
v 83.11765 -2.46217 -0.14626
v 83.77891 -2.50319 -0.13653
v 84.09608 -2.71573 -0.18532
v 84.40407 -2.73277 -0.18019
v 84.09608 -2.52292 -0.13197
v 84.40407 -2.54207 -0.12761
v 84.70270 -3.12720 -0.29094
v 84.99184 -3.13922 -0.28468
v 85.12048 -3.14457 -0.28191
v 84.70270 -2.93837 -0.23124
v 84.99184 -2.95237 -0.22578
v 85.12048 -2.95859 -0.22337
v 85.27132 -3.18195 -0.27601
v 85.54103 -3.24877 -0.26558
v 85.54103 -3.07082 -0.20981
v 85.80080 -3.14012 -0.20160
v 85.27132 -2.99885 -0.21847
v 85.27132 -2.81552 -0.16453
v 85.54103 -2.89263 -0.15754
v 85.80080 -2.96690 -0.15094
v 84.70270 -2.74929 -0.17527
v 84.99184 -2.76527 -0.17057
v 85.12048 -2.77238 -0.16850
v 85.12048 -2.58659 -0.11772
v 84.70270 -2.56064 -0.12344
v 84.99184 -2.57860 -0.11947
v 85.54103 -2.71486 -0.10919
v 85.27132 -2.63261 -0.11462
v 85.80080 -2.79409 -0.10407
v 86.05051 -4.18783 -0.55795
v 86.05051 -4.03099 -0.49053
v 86.29004 -4.07249 -0.47451
v 86.51926 -4.11218 -0.45932
v 86.05051 -3.87067 -0.42532
v 86.29004 -3.91652 -0.41120
v 86.51926 -3.96037 -0.39782
v 86.73804 -4.15005 -0.44495
v 86.94629 -4.18607 -0.43138
v 86.29004 -3.75775 -0.35038
v 86.51926 -3.80584 -0.33874
v 86.73804 -4.00221 -0.38516
v 86.94629 -4.04202 -0.37322
v 87.14390 -4.12113 -0.35400
v 87.33075 -4.17939 -0.26764
v 87.09152 -4.06978 -0.36496
v 87.14390 -3.98136 -0.30084
v 87.33075 -4.05275 -0.22239
v 86.94629 -3.89540 -0.31737
v 86.73804 -3.85173 -0.32774
v 86.94629 -3.74676 -0.26411
v 87.09152 -3.92584 -0.31020
v 87.14390 -3.83967 -0.25016
v 87.09152 -3.77993 -0.25799
v 87.33075 -3.92489 -0.17956
v 87.33075 -3.79614 -0.13991
v 86.05051 -3.70748 -0.36267
v 86.05051 -3.54203 -0.30290
v 86.29004 -3.59679 -0.29236
v 86.51926 -3.64919 -0.28238
v 86.05051 -3.37496 -0.24630
v 86.29004 -3.43427 -0.23742
v 86.51926 -3.49100 -0.22903
v 86.51926 -3.33172 -0.17961
v 86.73804 -3.69918 -0.27297
v 86.73804 -3.54515 -0.22113
v 86.94629 -3.59668 -0.21370
v 87.14390 -3.69660 -0.20218
v 87.09152 -3.63261 -0.20857
v 87.33075 -3.66723 -0.10280
v 87.14390 -3.55255 -0.15776
v 86.94629 -3.44556 -0.16701
v 86.73804 -3.39005 -0.17311
v 86.94629 -3.29425 -0.12331
v 87.09152 -3.48427 -0.16281
v 87.14390 -3.40832 -0.11619
v 87.09152 -3.33574 -0.11998
v 87.50677 -4.13989 -0.15849
v 87.50677 -4.02557 -0.12333
v 86.05051 -3.20673 -0.19384
v 86.29004 -3.27060 -0.18651
v 86.29004 -3.10674 -0.13884
v 86.51926 -3.17224 -0.13333
v 86.05051 -3.03828 -0.14471
v 86.29004 -2.94326 -0.09476
v 86.05051 -2.87023 -0.09927
v 86.73804 -3.23476 -0.12815
v 83.11765 -4.00736 -0.04829
v 83.45271 -4.00963 -0.04343
v 83.77891 -4.01198 -0.03880
v 83.11765 -3.82391 0.05373
v 83.45271 -3.82822 0.05718
v 83.77891 -3.83257 0.06044
v 84.09608 -4.01426 -0.03440
v 84.40407 -4.01647 -0.03021
v 84.09608 -3.83679 0.06352
v 84.40407 -3.84089 0.06643
v 83.11765 -3.63659 0.15131
v 83.45271 -3.64300 0.15341
v 83.77891 -3.64939 0.15535
v 84.09608 -3.65561 0.15716
v 84.40407 -3.66164 0.15884
v 83.11765 -3.44608 0.24387
v 83.45271 -3.45464 0.24466
v 83.77891 -3.46311 0.24534
v 84.09608 -3.47136 0.24593
v 84.09608 -3.28473 0.32933
v 84.40407 -3.47937 0.24642
v 84.40407 -3.29474 0.32870
v 84.70270 -4.01861 -0.02623
v 84.99184 -4.02068 -0.02245
v 85.12048 -4.02160 -0.02080
v 84.70270 -3.84487 0.06918
v 84.99184 -3.84872 0.07176
v 85.12048 -3.85043 0.07288
v 85.54103 -4.08724 -0.01517
v 85.27132 -4.04515 -0.01873
v 85.80080 -4.12778 -0.01192
v 85.27132 -3.87660 0.07341
v 85.54103 -3.92339 0.07421
v 85.54103 -3.75614 0.15964
v 85.80080 -3.96846 0.07483
v 85.80080 -3.80584 0.15772
v 84.70270 -3.66750 0.16039
v 84.99184 -3.67317 0.16182
v 85.12048 -3.67569 0.16243
v 85.27132 -3.70454 0.16147
v 84.70270 -3.48714 0.24683
v 84.70270 -3.30446 0.32802
v 84.99184 -3.49466 0.24715
v 85.12048 -3.49801 0.24728
v 84.99184 -3.31388 0.32730
v 85.12048 -3.31807 0.32696
v 85.27132 -3.52960 0.24491
v 85.54103 -3.58608 0.24057
v 85.80080 -3.64049 0.23625
v 85.54103 -3.41386 0.31656
v 85.27132 -3.35242 0.32327
v 85.80080 -3.47304 0.30996
v 85.80080 -3.30367 0.37686
v 83.11765 -3.25309 0.33087
v 83.45271 -3.26383 0.33043
v 83.77891 -3.27442 0.32991
v 83.11765 -3.05781 0.40999
v 83.45271 -3.07075 0.40840
v 83.77891 -3.08350 0.40677
v 83.11765 -2.86150 0.48268
v 83.45271 -2.87668 0.48002
v 83.77891 -2.89160 0.47736
v 84.09608 -3.09591 0.40512
v 84.40407 -3.10796 0.40345
v 84.09608 -2.90612 0.47470
v 84.40407 -2.92023 0.47206
v 84.40407 -2.35220 -0.08071
v 84.70270 -3.11965 0.40177
v 84.99184 -3.13099 0.40008
v 85.12048 -3.13603 0.39930
v 84.70270 -2.93392 0.46944
v 84.99184 -2.94719 0.46685
v 85.12048 -2.95309 0.46567
v 85.27132 -3.17319 0.39440
v 85.54103 -3.23964 0.38553
v 85.54103 -3.06457 0.44879
v 85.80080 -3.13346 0.43820
v 85.27132 -2.99307 0.45965
v 84.70270 -2.37280 -0.07723
v 84.99184 -2.39275 -0.07391
v 85.12048 -2.40162 -0.07246
v 85.80080 -2.62204 -0.06234
v 85.54103 -2.53788 -0.06612
v 85.27132 -2.45050 -0.07015
v 85.54103 -2.36177 -0.03065
v 85.80080 -2.45084 -0.02800
v 83.11765 -2.66484 0.54826
v 83.45271 -2.68226 0.54461
v 83.77891 -2.69937 0.54100
v 83.11765 -2.46817 0.60497
v 83.45271 -2.48784 0.60044
v 83.77891 -2.50714 0.59598
v 84.09608 -2.71602 0.53742
v 84.40407 -2.73219 0.53388
v 84.09608 -2.52592 0.59157
v 84.40407 -2.54417 0.58724
v 84.40407 -2.35622 0.62950
v 85.54103 -2.88924 0.50572
v 85.80080 -2.96301 0.49340
v 84.70270 -2.74789 0.53040
v 84.99184 -2.76309 0.52698
v 85.12048 -2.76986 0.52544
v 85.12048 -2.58668 0.57697
v 84.70270 -2.56188 0.58300
v 84.70270 -2.37595 0.62461
v 84.99184 -2.57904 0.57883
v 84.99184 -2.39507 0.61983
v 85.12048 -2.40358 0.61769
v 85.27132 -2.81267 0.51840
v 85.54103 -2.71395 0.55478
v 85.27132 -2.63232 0.56904
v 85.80080 -2.79260 0.54095
v 85.80080 -2.62230 0.57845
v 85.54103 -2.53876 0.59351
v 85.27132 -2.45206 0.60904
v 85.54103 -2.36342 0.61841
v 85.80080 -2.45186 0.60252
v 86.05051 -4.16676 -0.00894
v 86.05051 -4.01179 0.07527
v 86.29004 -4.05336 0.07556
v 86.51926 -4.09314 0.07572
v 86.29004 -3.89946 0.15371
v 86.05051 -3.85362 0.15574
v 86.51926 -3.94333 0.15165
v 86.73804 -4.13111 0.07575
v 86.94629 -4.16726 0.07568
v 86.73804 -3.98522 0.14957
v 86.94629 -4.02509 0.14749
v 87.09152 -4.19247 0.07557
v 87.14390 -4.10465 0.14203
v 87.33075 -4.16613 0.18554
v 87.09152 -4.05290 0.14599
v 86.29004 -3.74300 0.22772
v 86.51926 -3.79104 0.22355
v 87.33075 -4.04143 0.23975
v 86.94629 -3.88056 0.21549
v 86.73804 -3.83690 0.21947
v 87.14390 -3.96686 0.20675
v 87.09152 -3.91101 0.21266
v 87.33075 -3.91531 0.28888
v 87.14390 -3.82734 0.26747
v 87.09152 -3.76735 0.27521
v 87.33075 -3.78860 0.33388
v 87.33075 -3.53865 -0.06852
v 87.33075 -3.41064 -0.03806
v 87.33075 -3.28330 -0.01309
v 86.05051 -3.69281 0.23196
v 86.05051 -3.52995 0.30350
v 86.29004 -3.58455 0.29718
v 86.51926 -3.63682 0.29103
v 86.29004 -3.42430 0.36019
v 86.05051 -3.36523 0.36841
v 86.51926 -3.48083 0.35223
v 86.51926 -3.32410 0.40831
v 86.73804 -3.68671 0.28506
v 86.94629 -3.73421 0.27929
v 86.73804 -3.53481 0.34454
v 86.94629 -3.58621 0.33713
v 87.14390 -3.68625 0.32252
v 87.09152 -3.62205 0.33192
v 87.33075 -3.66173 0.37433
v 87.14390 -3.54448 0.37295
v 87.33075 -3.53492 0.40908
v 86.94629 -3.43749 0.39013
v 86.73804 -3.38219 0.39904
v 86.94629 -3.28858 0.43776
v 87.09152 -3.47607 0.38387
v 87.14390 -3.40253 0.41827
v 87.33075 -3.40822 0.43638
v 87.09152 -3.32989 0.43056
v 87.33075 -3.28146 0.45370
v 87.67185 -4.13980 -0.07900
v 87.67185 -4.03913 -0.05223
v 87.82592 -4.17751 -0.02436
v 87.82592 -4.09031 -0.00735
v 87.96889 -4.17403 0.01192
v 87.96889 -4.10141 0.01669
v 87.82592 -4.00360 0.00472
v 87.96889 -4.03066 0.01909
v 87.50677 -3.91110 -0.09042
v 87.67185 -3.93892 -0.02845
v 87.50677 -3.79692 -0.06002
v 87.67185 -3.83922 -0.00898
v 87.67185 -3.74009 0.00486
v 87.82592 -3.91814 0.01334
v 87.96889 -3.96214 0.01946
v 87.96889 -3.89609 0.01770
v 87.82592 -3.83439 0.01886
v 87.82592 -3.75279 0.02166
v 87.96889 -3.83306 0.01484
v 87.96889 -3.77339 0.01123
v 88.10070 -4.17128 0.01541
v 88.22128 -4.18857 -0.00270
v 88.22128 -4.16068 -0.00424
v 88.10070 -4.11716 0.01293
v 88.22128 -4.13648 -0.00487
v 88.22128 -4.11609 -0.00451
v 88.22128 -4.09979 -0.00241
v 88.22128 -4.08757 0.00114
v 88.22128 -4.10105 0.05001
v 88.22128 -4.08854 0.03898
v 88.10070 -4.06593 0.00981
v 88.22128 -4.07951 0.00623
v 88.22128 -4.07790 0.02105
v 88.22128 -4.08190 0.03553
v 88.22128 -4.08146 0.04082
v 88.10070 -4.01786 0.00631
v 88.10070 -3.97320 0.00269
v 88.22128 -4.16235 0.08892
v 88.22128 -4.19026 0.10300
v 88.22128 -4.11763 0.06226
v 88.22128 -4.13814 0.07545
v 88.10070 -4.06769 0.18677
v 88.10070 -3.97524 0.15510
v 88.10070 -4.01985 0.17164
v 88.10070 -3.93225 -0.00060
v 88.10070 -3.89525 -0.00327
v 88.10070 -3.86242 -0.00506
v 88.10070 -3.83392 -0.00580
v 88.10070 -3.80992 -0.00536
v 88.10070 -3.79073 -0.00288
v 88.10070 -3.77634 0.00131
v 88.10070 -3.76686 0.00732
v 88.10070 -3.76969 0.04184
v 88.10070 -3.77751 0.04590
v 88.10070 -3.76917 0.04805
v 88.10070 -3.76498 0.02477
v 88.10070 -3.89730 0.12129
v 88.10070 -3.86444 0.10471
v 88.10070 -3.93431 0.13820
v 88.10070 -3.83593 0.08885
v 88.10070 -3.81177 0.07332
v 88.10070 -3.79225 0.05890
v 87.50677 -4.13113 0.25705
v 87.67185 -4.13502 0.29378
v 87.50677 -4.01861 0.29696
v 87.67185 -4.03574 0.32091
v 87.82592 -4.17524 0.29955
v 87.82592 -4.08845 0.31131
v 87.96889 -4.17354 0.27762
v 87.96889 -4.10156 0.27558
v 87.96889 -4.03141 0.27008
v 87.82592 -4.00247 0.31804
v 87.50677 -3.90594 0.33282
v 87.67185 -3.93654 0.34220
v 87.96889 -3.96318 0.26041
v 87.96889 -3.89756 0.24818
v 87.82592 -3.91776 0.32007
v 87.96889 -3.83490 0.23375
v 87.96889 -3.77554 0.21752
v 87.82592 -3.83473 0.31773
v 87.82592 -3.75382 0.31142
v 87.50677 -3.79333 0.36363
v 87.67185 -3.83731 0.35568
v 87.67185 -3.73902 0.36341
v 88.10070 -4.17244 0.21312
v 88.10070 -4.11864 0.20072
v 87.50677 -3.68325 -0.03301
v 87.67185 -3.64240 0.01475
v 87.50677 -3.57018 -0.01088
v 87.67185 -3.54665 0.02109
v 87.82592 -3.67375 0.02212
v 87.96889 -3.71740 0.00718
v 87.96889 -3.66538 0.00298
v 87.82592 -3.59757 0.02012
v 87.82592 -3.52488 0.01684
v 87.96889 -3.61769 -0.00083
v 87.96889 -3.57460 -0.00392
v 87.96889 -3.53636 -0.00600
v 87.96889 -3.66786 0.18065
v 87.96889 -3.53878 0.12198
v 87.96889 -3.62018 0.16097
v 87.96889 -3.57707 0.14128
v 87.50677 -3.45773 0.00486
v 87.67185 -3.45334 0.02433
v 87.50677 -3.34692 0.01611
v 87.67185 -3.36299 0.02489
v 87.82592 -3.45605 0.01270
v 87.96889 -3.50317 -0.00683
v 87.96889 -3.47521 -0.00631
v 87.96889 -3.45287 -0.00340
v 87.96889 -3.43612 0.00149
v 87.96889 -3.42508 0.00850
v 87.96889 -3.42289 0.02884
v 87.96889 -3.42839 0.04873
v 87.82592 -3.39147 0.00806
v 87.82592 -3.33148 0.00324
v 87.82592 -3.27647 -0.00113
v 87.96889 -3.45467 0.06862
v 87.96889 -3.47742 0.08542
v 87.96889 -3.50557 0.10350
v 87.96889 -3.43751 0.05348
v 87.96889 -3.42778 0.05596
v 87.82592 -3.27945 0.18567
v 87.96889 -3.71982 0.19990
v 87.82592 -3.67511 0.30028
v 87.82592 -3.52714 0.26957
v 87.82592 -3.59942 0.28619
v 87.50677 -3.68082 0.38782
v 87.67185 -3.64216 0.36576
v 87.50677 -3.56827 0.40316
v 87.67185 -3.54723 0.36313
v 87.67185 -3.36473 0.34323
v 87.67185 -3.27819 0.32714
v 87.82592 -3.45867 0.25087
v 87.82592 -3.39439 0.23056
v 87.82592 -3.33445 0.20836
v 87.50677 -3.45678 0.41197
v 87.67185 -3.45473 0.35593
v 87.50677 -3.34691 0.41468
v 86.51926 -3.01314 -0.09054
v 86.51926 -2.85476 -0.05248
v 86.73804 -3.07984 -0.08660
v 86.94629 -3.14332 -0.08293
v 87.14390 -3.26444 -0.07777
v 87.09152 -3.18758 -0.08041
v 87.14390 -3.12122 -0.04363
v 87.33075 -3.15666 0.00468
v 86.94629 -2.99306 -0.04702
v 86.73804 -2.92562 -0.04965
v 86.94629 -2.84357 -0.01757
v 87.09152 -3.04009 -0.04523
v 87.14390 -2.97873 -0.01563
v 87.33075 -3.03186 0.01741
v 87.09152 -2.89336 -0.01639
v 87.14390 -2.83704 0.00431
v 87.33075 -2.90955 0.02561
v 86.29004 -3.26326 0.41795
v 86.05051 -3.19971 0.42792
v 86.29004 -3.10200 0.46990
v 86.51926 -3.16715 0.45875
v 86.05051 -3.03394 0.48145
v 86.73804 -3.22936 0.44804
v 86.73804 -3.07659 0.49018
v 86.94629 -3.13973 0.47873
v 87.14390 -3.26065 0.45722
v 87.09152 -3.18378 0.47070
v 87.14390 -3.11888 0.48783
v 87.33075 -3.15590 0.46368
v 87.33075 -3.03216 0.46677
v 87.33075 -2.91089 0.46349
v 86.05051 -2.70293 -0.05882
v 86.29004 -2.78052 -0.05554
v 86.29004 -2.61859 -0.02330
v 86.51926 -2.69718 -0.02123
v 86.05051 -2.53647 -0.02556
v 86.05051 -2.37090 -0.00171
v 86.29004 -2.45755 -0.00022
v 86.51926 -2.54046 0.00112
v 86.51926 -2.38599 0.01723
v 86.73804 -2.77218 -0.01932
v 86.73804 -2.61959 0.00234
v 86.94629 -2.69492 0.00344
v 87.09152 -2.74744 0.00417
v 87.33075 -2.79036 0.02984
v 87.14390 -2.69739 0.01861
v 87.09152 -2.60364 0.01891
v 87.33075 -2.67493 0.03065
v 86.73804 -2.46920 0.01792
v 86.94629 -2.54840 0.01852
v 86.94629 -2.40480 0.02829
v 87.14390 -2.56052 0.02784
v 87.33075 -2.56366 0.02786
v 87.09152 -2.46269 0.02843
v 87.14390 -2.42715 0.03263
v 87.33075 -2.45747 0.02321
v 87.33075 -2.35695 0.01730
v 87.33075 -2.79270 0.45438
v 87.33075 -2.67771 0.43822
v 87.33075 -2.56713 0.41774
v 87.33075 -2.46152 0.39355
v 87.33075 -2.36148 0.36631
v 87.50677 -3.23831 0.02335
v 87.67185 -3.27589 0.02263
v 87.67185 -3.19277 0.01892
v 87.50677 -3.13248 0.02706
v 87.67185 -3.11408 0.01422
v 87.82592 -3.22677 -0.00467
v 87.82592 -3.18266 -0.00704
v 87.82592 -3.14439 -0.00798
v 87.82592 -3.11215 -0.00736
v 87.82592 -3.08638 -0.00399
v 87.82592 -3.06706 0.00167
v 87.82592 -3.05434 0.00978
v 87.82592 -3.05182 0.03325
v 87.82592 -3.22972 0.16297
v 87.82592 -3.18555 0.14071
v 87.82592 -3.14723 0.11941
v 87.82592 -3.11475 0.09855
v 87.82592 -3.08851 0.07916
v 87.82592 -3.06870 0.06169
v 87.82592 -3.05818 0.05622
v 87.82592 -3.05748 0.06454
v 87.50677 -3.02999 0.02774
v 87.50677 -2.93119 0.02522
v 87.67185 -3.04025 0.00894
v 87.67185 -2.97166 0.00346
v 87.50677 -2.83691 0.02105
v 87.67185 -2.90877 -0.00150
v 87.67185 -2.85195 -0.00552
v 87.67185 -2.85543 0.18635
v 87.67185 -3.19554 0.30816
v 87.67185 -3.11725 0.28679
v 87.50677 -3.23923 0.41172
v 87.50677 -3.13430 0.40360
v 87.67185 -3.04374 0.26359
v 87.67185 -2.97520 0.23823
v 87.67185 -2.91231 0.21230
v 87.50677 -3.03221 0.38922
v 87.50677 -2.93403 0.37100
v 87.50677 -2.84027 0.34949
v 87.50677 -2.74765 0.01575
v 87.67185 -2.80152 -0.00820
v 87.67185 -2.75777 -0.00925
v 87.67185 -2.72090 -0.00851
v 87.50677 -2.66390 0.00981
v 87.50677 -2.58610 0.00363
v 87.67185 -2.69144 -0.00464
v 87.67185 -2.66937 0.00186
v 87.67185 -2.65482 0.01114
v 87.67185 -2.65197 0.03800
v 87.67185 -2.72396 0.11270
v 87.67185 -2.80492 0.16091
v 87.67185 -2.76110 0.13655
v 87.67185 -2.67129 0.07055
v 87.67185 -2.65925 0.06428
v 87.67185 -2.65845 0.07379
v 87.67185 -2.69394 0.09053
v 87.50677 -2.51476 -0.00196
v 87.50677 -2.45031 -0.00648
v 87.50677 -2.39311 -0.00949
v 87.50677 -2.39710 0.18255
v 87.50677 -2.75145 0.32528
v 87.50677 -2.59030 0.27023
v 87.50677 -2.66806 0.29898
v 87.50677 -2.51895 0.24083
v 87.50677 -2.45442 0.21140
v 86.29004 -2.94080 0.51461
v 86.05051 -2.86823 0.52755
v 86.51926 -3.01027 0.50215
v 86.51926 -2.85349 0.53631
v 86.94629 -2.99101 0.51093
v 86.73804 -2.92394 0.52334
v 86.94629 -2.84221 0.53141
v 87.09152 -3.03780 0.50223
v 87.14390 -2.97705 0.50727
v 87.09152 -2.89174 0.52227
v 87.14390 -2.83655 0.51850
v 86.05051 -2.70264 0.56388
v 86.29004 -2.77971 0.54983
v 86.29004 -2.61851 0.57235
v 86.51926 -2.69662 0.55811
v 86.05051 -2.53691 0.58716
v 86.05051 -2.37271 0.60081
v 86.29004 -2.45880 0.58552
v 86.51926 -2.54121 0.57081
v 86.51926 -2.38803 0.57498
v 86.73804 -2.77120 0.54446
v 86.73804 -2.61989 0.55673
v 86.94629 -2.69480 0.54326
v 87.14390 -2.69809 0.52201
v 87.09152 -2.74705 0.53385
v 87.09152 -2.60446 0.53748
v 86.73804 -2.47076 0.56069
v 86.94629 -2.54952 0.54703
v 86.94629 -2.40713 0.54331
v 87.14390 -2.56238 0.51839
v 87.14390 -2.43012 0.50825
v 87.09152 -2.46470 0.53377
v 66.36247 -2.31423 -0.71015
v 66.87521 -2.31662 -0.68723
v 66.36247 -1.98138 -0.59519
v 67.18300 -2.31800 -0.67365
v 67.38756 -2.31954 -0.66488
v 66.87521 -1.98803 -0.57458
v 67.18300 -1.99198 -0.56238
v 67.38756 -1.99522 -0.55450
v 66.36247 -1.64936 -0.49016
v 66.87521 -1.66029 -0.47173
v 67.18300 -1.66681 -0.46082
v 67.38756 -1.67175 -0.45378
v 67.89925 -2.32331 -0.64320
v 67.89925 -2.00326 -0.53503
v 68.41002 -2.32698 -0.62193
v 68.91962 -2.33056 -0.60106
v 68.41002 -2.01120 -0.51594
v 68.91962 -2.01905 -0.49723
v 67.89925 -1.68407 -0.43639
v 68.41002 -1.69630 -0.41936
v 68.91962 -1.70842 -0.40269
v 66.36247 -1.31803 -0.39946
v 66.36247 -0.98723 -0.32749
v 66.87521 -1.33326 -0.38302
v 67.18300 -1.34236 -0.37330
v 67.38756 -1.34903 -0.36702
v 66.87521 -1.00678 -0.31280
v 67.18300 -1.01849 -0.30411
v 67.38756 -1.02689 -0.29850
v 66.36247 -0.66032 -0.26886
v 66.87521 -0.68419 -0.25573
v 67.18300 -0.69849 -0.24798
v 67.38756 -0.70860 -0.24296
v 67.89925 -1.36564 -0.35153
v 67.89925 -1.04783 -0.28467
v 68.41002 -1.38217 -0.33637
v 68.91962 -1.39858 -0.32155
v 68.41002 -1.06868 -0.27114
v 68.91962 -1.08942 -0.25792
v 67.89925 -0.73385 -0.23060
v 68.41002 -0.75899 -0.21852
v 68.91962 -0.78402 -0.20674
v 69.17690 -2.33233 -0.59066
v 69.42777 -2.33461 -0.58097
v 69.17690 -2.02298 -0.48792
v 69.42777 -2.02738 -0.47926
v 69.93423 -2.33916 -0.56165
v 69.93423 -2.03620 -0.46202
v 69.17690 -1.71451 -0.39440
v 69.42777 -1.72103 -0.38671
v 69.93423 -1.73413 -0.37143
v 69.93423 -1.43288 -0.29386
v 70.43874 -2.34361 -0.54273
v 70.94104 -2.34797 -0.52424
v 70.43874 -2.04491 -0.44517
v 70.94104 -2.05353 -0.42870
v 71.16826 -2.34992 -0.51598
v 71.16826 -2.05740 -0.42135
v 71.44086 -2.06370 -0.41268
v 70.43874 -1.74711 -0.35650
v 70.94104 -1.75998 -0.34193
v 70.43874 -1.45015 -0.28067
v 70.94104 -1.46729 -0.26781
v 71.16826 -1.76579 -0.33543
v 71.44086 -1.77437 -0.32775
v 71.16826 -1.47503 -0.26209
v 71.44086 -1.48589 -0.25529
v 69.17690 -1.40684 -0.31418
v 69.42777 -1.41548 -0.30738
v 69.17690 -1.09987 -0.25135
v 69.42777 -1.11064 -0.24531
v 69.93423 -1.13235 -0.23332
v 69.17690 -0.79664 -0.20088
v 69.42777 -0.80954 -0.19552
v 69.42777 -0.51384 -0.15682
v 69.93423 -0.83554 -0.18487
v 69.93423 -0.54407 -0.14735
v 70.43874 -1.15393 -0.22163
v 70.94104 -1.17537 -0.21024
v 71.44086 -1.19820 -0.19914
v 71.16826 -1.18505 -0.20518
v 70.43874 -0.86139 -0.17450
v 70.94104 -0.88709 -0.16441
v 70.43874 -0.57415 -0.13813
v 70.94104 -0.60405 -0.12918
v 71.16826 -0.89870 -0.15993
v 71.44086 -0.91413 -0.15456
v 71.16826 -0.61756 -0.12520
v 71.44086 -0.63523 -0.12042
v 66.36247 -2.10103 0.74538
v 66.87521 -2.10203 0.74612
v 67.18300 -2.10266 0.74642
v 67.38756 -2.10372 0.74625
v 66.36247 -1.77327 0.84584
v 66.36247 -1.44311 0.91959
v 66.87521 -1.77846 0.84434
v 67.18300 -1.78160 0.84332
v 67.38756 -1.78433 0.84229
v 66.87521 -1.45259 0.91623
v 67.18300 -1.45831 0.91409
v 67.38756 -1.46275 0.91235
v 67.89925 -2.10641 0.74566
v 68.41002 -2.10913 0.74479
v 68.91962 -2.11190 0.74367
v 67.89925 -1.79120 0.83955
v 67.89925 -1.47390 0.90784
v 68.41002 -1.79812 0.83657
v 68.91962 -1.80507 0.83336
v 68.41002 -1.48509 0.90311
v 68.91962 -1.49633 0.89817
v 66.36247 -1.11444 0.97336
v 66.87521 -1.12823 0.96842
v 67.18300 -1.13654 0.96535
v 67.38756 -1.14270 0.96301
v 66.36247 -0.78900 1.00824
v 66.87521 -0.80712 1.00199
v 67.18300 -0.81803 0.99814
v 67.38756 -0.82591 0.99531
v 67.18300 -0.50449 1.01365
v 67.38756 -0.51409 1.01043
v 67.89925 -1.15816 0.95700
v 68.41002 -1.17366 0.95081
v 68.91962 -1.18920 0.94443
v 67.89925 -0.84568 0.98809
v 67.89925 -0.53815 1.00225
v 68.41002 -0.86549 0.98070
v 68.91962 -0.88532 0.97315
v 68.41002 -0.56224 0.99393
v 68.91962 -0.58634 0.98547
v 69.17690 -2.11332 0.74301
v 69.42777 -2.11543 0.74214
v 69.93423 -2.11974 0.74019
v 69.17690 -1.80860 0.83165
v 69.42777 -1.81279 0.82978
v 69.17690 -1.50202 0.89560
v 69.42777 -1.50832 0.89291
v 69.93423 -1.82129 0.82583
v 69.93423 -1.52109 0.88733
v 70.43874 -2.12406 0.73801
v 70.94104 -2.12842 0.73559
v 71.16826 -2.13041 0.73442
v 71.44086 -2.13438 0.73256
v 70.43874 -1.82980 0.82168
v 70.94104 -1.83833 0.81731
v 70.43874 -1.53387 0.88156
v 70.94104 -1.54665 0.87561
v 71.16826 -1.84220 0.81526
v 71.44086 -1.84841 0.81239
v 71.16826 -1.55245 0.87285
v 71.44086 -1.56093 0.86915
v 69.17690 -1.19707 0.94113
v 69.42777 -1.20550 0.93776
v 69.93423 -1.22256 0.93082
v 69.17690 -0.89536 0.96927
v 69.42777 -0.90592 0.96535
v 69.17690 -0.59854 0.98114
v 69.42777 -0.61120 0.97680
v 69.93423 -0.92727 0.95732
v 69.93423 -0.63681 0.96793
v 70.43874 -1.23962 0.92372
v 70.94104 -1.25667 0.91646
v 70.94104 -0.96992 0.94084
v 71.16826 -1.26440 0.91311
v 71.44086 -1.27516 0.90874
v 71.16826 -0.97958 0.93703
v 71.44086 -0.99261 0.93212
v 70.43874 -0.94861 0.94915
v 70.43874 -0.66239 0.95894
v 70.94104 -0.68793 0.94985
v 71.16826 -0.69950 0.94568
v 71.44086 -0.71479 0.94038
v 66.36247 -0.33915 -0.22232
v 66.87521 -0.36728 -0.21059
v 67.38756 -0.39594 -0.19918
v 67.18300 -0.38413 -0.20367
v 66.87521 -0.05783 -0.17607
v 67.18300 -0.07720 -0.16988
v 67.38756 -0.09067 -0.16586
v 66.36247 -0.02552 -0.18656
v 66.36247 0.27876 -0.16021
v 66.87521 0.24239 -0.15082
v 67.18300 0.22057 -0.14528
v 67.38756 0.20548 -0.14167
v 67.89925 -0.42544 -0.18813
v 67.89925 -0.12433 -0.15597
v 68.41002 -0.45482 -0.17734
v 68.91962 -0.48409 -0.16681
v 68.41002 -0.15788 -0.14631
v 68.91962 -0.19130 -0.13690
v 67.89925 0.16777 -0.13280
v 68.41002 0.13017 -0.12415
v 68.91962 0.09270 -0.11572
v 68.41002 0.40829 -0.11126
v 68.91962 0.36690 -0.10367
v 66.36247 0.57263 -0.14369
v 66.36247 0.85334 -0.13274
v 66.87521 0.53231 -0.13526
v 67.18300 0.50812 -0.13029
v 67.38756 0.49146 -0.12704
v 66.87521 0.80923 -0.12517
v 67.38756 0.76461 -0.11778
v 67.18300 0.78277 -0.12070
v 66.36247 1.11923 -0.12593
v 66.87521 1.07154 -0.11913
v 67.18300 1.04293 -0.11512
v 67.38756 1.02334 -0.11249
v 66.87521 1.31773 -0.11587
v 67.18300 1.28710 -0.11228
v 67.38756 1.26617 -0.10991
v 67.89925 0.44982 -0.11905
v 67.89925 0.71921 -0.11058
v 68.91962 0.62879 -0.09671
v 68.41002 0.67393 -0.10356
v 67.89925 0.97437 -0.10601
v 67.89925 1.21386 -0.10408
v 68.41002 0.92553 -0.09968
v 68.41002 1.16167 -0.09838
v 69.17690 -0.49885 -0.16159
v 69.17690 -0.20816 -0.13223
v 69.42777 -0.22520 -0.12798
v 69.93423 -0.25958 -0.11954
v 69.17690 0.07380 -0.11154
v 69.42777 0.05476 -0.10773
v 69.17690 0.34602 -0.09990
v 69.42777 0.32504 -0.09648
v 69.93423 0.01634 -0.10019
v 70.43874 -0.29379 -0.11134
v 70.94104 -0.32780 -0.10337
v 71.16826 -0.34318 -0.09983
v 71.44086 -0.36305 -0.09556
v 66.36247 -0.46858 1.02540
v 66.36247 -0.15494 1.02618
v 66.87521 -0.49100 1.01812
v 66.87521 -0.18162 1.01810
v 67.18300 -0.19767 1.01318
v 67.38756 -0.20896 1.00967
v 66.36247 0.15192 1.00716
v 66.87521 0.12102 0.99859
v 67.18300 0.10244 0.99338
v 67.38756 0.08948 0.98970
v 66.87521 0.41323 0.96656
v 67.18300 0.39218 0.96119
v 67.38756 0.37758 0.95742
v 67.89925 -0.23725 1.00078
v 68.91962 -0.29389 0.98265
v 68.41002 -0.26557 0.99177
v 67.89925 0.05699 0.98041
v 67.89925 0.34101 0.94793
v 68.41002 0.02449 0.97101
v 68.91962 -0.00801 0.96151
v 68.91962 0.26788 0.92868
v 68.41002 0.30444 0.93835
v 68.91962 0.87683 -0.09350
v 68.91962 1.10964 -0.09282
v 68.91962 1.32590 -0.09361
v 66.36247 0.44824 0.97541
v 66.36247 0.73233 0.93245
v 67.38756 0.65373 0.91431
v 66.87521 0.69334 0.92351
v 67.18300 0.66991 0.91809
v 66.36247 1.00255 0.87988
v 66.36247 1.25727 0.81945
v 66.87521 0.95975 0.87103
v 67.18300 0.93402 0.86567
v 67.38756 0.91633 0.86196
v 66.87521 1.21084 0.81084
v 67.18300 1.18294 0.80564
v 67.38756 1.16381 0.80205
v 67.89925 0.61322 0.90481
v 67.89925 0.87204 0.85262
v 68.41002 0.57271 0.89523
v 68.91962 0.53222 0.88559
v 68.41002 0.82776 0.84321
v 68.91962 0.78351 0.83376
v 67.89925 1.34444 0.72477
v 68.41002 1.06806 0.78394
v 68.91962 1.02023 0.77483
v 68.41002 1.29318 0.71619
v 68.91962 1.24197 0.70759
v 67.89925 1.11592 0.79302
v 69.93423 0.28272 -0.08970
v 70.94104 -0.05991 -0.08575
v 71.16826 -0.07710 -0.08259
v 71.44086 -0.09911 -0.07875
v 70.43874 -0.02189 -0.09286
v 70.43874 0.24059 -0.08311
v 70.94104 0.19869 -0.07671
v 71.16826 0.17974 -0.07387
v 71.44086 0.15567 -0.07040
v 71.44086 0.39897 -0.06670
v 69.17690 -0.30822 0.97798
v 69.42777 -0.32296 0.97335
v 69.42777 -0.04124 0.95187
v 69.93423 -0.35277 0.96388
v 69.93423 -0.07520 0.94210
v 69.17690 -0.02445 0.95667
v 69.17690 0.24939 0.92376
v 69.42777 0.23060 0.91891
v 69.93423 0.19260 0.90903
v 70.43874 -0.38254 0.95432
v 70.94104 -0.41224 0.94466
v 70.94104 -0.14291 0.92233
v 70.43874 -0.10910 0.93225
v 71.16826 -0.42570 0.94025
v 71.44086 -0.44321 0.93468
v 71.16826 -0.15823 0.91780
v 71.44086 -0.17793 0.91211
v 70.43874 0.15469 0.89909
v 70.94104 0.11688 0.88910
v 70.43874 0.40736 0.85622
v 70.94104 0.36568 0.84633
v 71.16826 0.09975 0.88454
v 71.44086 0.07792 0.87885
v 71.16826 0.34681 0.84183
v 71.44086 0.32293 0.83621
v 69.17690 0.60601 -0.09332
v 69.42777 0.58318 -0.09024
v 69.17690 0.85226 -0.09044
v 69.42777 0.82768 -0.08766
v 69.93423 0.53712 -0.08413
v 69.93423 0.77807 -0.08215
v 69.17690 1.08338 -0.09006
v 69.42777 1.05715 -0.08756
v 69.17690 1.29807 -0.09113
v 69.42777 1.27031 -0.08887
v 69.93423 1.00421 -0.08258
v 69.93423 1.21428 -0.08438
v 70.43874 0.49127 -0.07819
v 70.94104 0.44565 -0.07242
v 70.43874 0.72868 -0.07679
v 70.94104 0.67954 -0.07157
v 71.16826 0.42502 -0.06986
v 71.44086 0.62940 -0.06639
v 71.16826 0.65732 -0.06926
v 71.16826 0.87534 -0.07093
v 71.44086 0.84566 -0.06833
v 70.43874 0.95150 -0.07774
v 70.94104 0.89906 -0.07303
v 70.94104 1.10298 -0.07576
v 70.43874 1.15849 -0.08001
v 70.43874 1.34809 -0.08142
v 70.94104 1.28977 -0.07762
v 71.16826 1.07787 -0.07387
v 71.44086 1.04656 -0.07150
v 71.16826 1.26339 -0.07592
v 71.44086 1.23059 -0.07379
v 69.17690 0.51176 0.88069
v 69.42777 0.49103 0.87587
v 69.17690 0.76114 0.82896
v 69.42777 0.73857 0.82425
v 69.93423 0.44915 0.86607
v 69.93423 0.69295 0.81469
v 69.17690 0.99606 0.77021
v 69.42777 0.97174 0.76568
v 69.17690 1.21610 0.70323
v 69.42777 1.19011 0.69897
v 69.93423 0.92259 0.75650
v 69.93423 1.33558 0.62111
v 69.93423 1.13762 0.69034
v 70.43874 0.87357 0.74730
v 70.94104 0.82470 0.73808
v 71.16826 0.80258 0.73389
v 71.44086 0.77486 0.72870
v 70.43874 0.64745 0.80510
v 70.94104 0.60209 0.79547
v 71.16826 0.58155 0.79110
v 71.44086 0.55570 0.78566
v 70.43874 1.08527 0.68169
v 70.94104 1.03310 0.67304
v 70.43874 1.28015 0.61311
v 70.94104 1.22491 0.60512
v 71.16826 1.00948 0.66911
v 71.44086 0.98000 0.66425
v 71.16826 1.19990 0.60149
v 71.44086 1.16879 0.59701
v 71.44086 1.34007 0.52848
v 71.93796 -2.07514 -0.39712
v 72.43208 -2.08645 -0.38194
v 72.92297 -2.09762 -0.36716
v 73.16216 -2.10304 -0.36007
v 71.93796 -1.78996 -0.31397
v 72.43208 -1.80541 -0.30055
v 71.93796 -1.50566 -0.24311
v 72.43208 -1.52525 -0.23127
v 72.92297 -1.82070 -0.28750
v 73.16216 -1.82813 -0.28124
v 72.92297 -1.54466 -0.21977
v 73.16216 -1.55411 -0.21426
v 73.41038 -2.10927 -0.35310
v 73.89405 -2.12138 -0.33973
v 74.37375 -2.13333 -0.32672
v 73.41038 -1.83641 -0.27511
v 73.41038 -1.56443 -0.20888
v 73.89405 -1.85250 -0.26336
v 74.37375 -1.86841 -0.25195
v 73.89405 -1.58452 -0.19858
v 74.37375 -1.60440 -0.18860
v 71.93796 -1.22215 -0.18834
v 72.43208 -1.24591 -0.17784
v 72.43208 -0.97012 -0.13564
v 72.92297 -1.26947 -0.16766
v 73.16216 -1.28093 -0.16279
v 72.92297 -0.99779 -0.12661
v 73.16216 -1.01125 -0.12230
v 71.93796 -0.94223 -0.14495
v 71.93796 -0.66743 -0.11186
v 72.43208 -0.69939 -0.10357
v 72.92297 -0.73110 -0.09555
v 73.41038 -1.29331 -0.15805
v 73.41038 -1.02567 -0.11811
v 73.89405 -1.31740 -0.14898
v 74.37375 -1.34126 -0.14020
v 73.89405 -1.05373 -0.11011
v 74.37375 -1.08153 -0.10237
v 74.84923 -2.14513 -0.31408
v 75.15352 -2.15266 -0.30613
v 75.15352 -1.89419 -0.23393
v 75.32024 -2.15780 -0.30201
v 75.78654 -2.17214 -0.29063
v 75.32024 -1.90066 -0.23032
v 75.78654 -1.91874 -0.22040
v 74.84923 -1.88414 -0.24088
v 74.84923 -1.62406 -0.17893
v 75.15352 -1.63663 -0.17286
v 75.78654 -1.66627 -0.16109
v 75.32024 -1.64444 -0.16973
v 76.24789 -2.18629 -0.27959
v 76.70407 -2.20024 -0.26889
v 76.24789 -1.93660 -0.21078
v 76.70407 -1.95422 -0.20149
v 77.14742 -2.21377 -0.25870
v 77.14742 -1.97131 -0.19264
v 76.24789 -1.68783 -0.15275
v 76.70407 -1.70912 -0.14469
v 76.24789 -1.43998 -0.10881
v 76.70407 -1.46495 -0.10179
v 77.14742 -1.72978 -0.13704
v 77.14742 -1.48919 -0.09513
v 74.84923 -1.36487 -0.13171
v 75.15352 -1.37997 -0.12639
v 74.84923 -1.10906 -0.09490
v 75.32024 -1.38912 -0.12364
v 75.78654 -1.41470 -0.11609
v 71.93796 -2.14168 0.72900
v 72.43208 -2.14898 0.72527
v 72.92297 -2.15628 0.72135
v 73.16216 -2.15986 0.71937
v 71.93796 -1.85977 0.80699
v 72.43208 -1.87113 0.80144
v 71.93796 -1.57644 0.86227
v 72.43208 -1.59192 0.85526
v 72.92297 -1.88246 0.79575
v 73.16216 -1.88801 0.79290
v 72.92297 -1.60736 0.84813
v 73.16216 -1.61491 0.84459
v 73.41038 -2.16432 0.71727
v 73.89405 -2.17304 0.71303
v 74.37375 -2.18173 0.70865
v 73.89405 -1.90710 0.78403
v 74.37375 -1.91968 0.77801
v 73.41038 -1.89447 0.78994
v 73.41038 -1.62340 0.84094
v 73.89405 -1.64001 0.83369
v 74.37375 -1.65653 0.82636
v 73.16216 -0.74653 -0.09171
v 73.41038 -0.76296 -0.08801
v 73.41038 -0.50663 -0.06662
v 73.89405 -0.79494 -0.08092
v 74.37375 -0.82662 -0.07408
v 73.89405 -0.54244 -0.06032
v 74.37375 -0.57793 -0.05425
v 71.93796 -1.29483 0.90064
v 72.43208 -1.31445 0.89244
v 71.93796 -1.01643 0.92307
v 72.43208 -1.04017 0.91393
v 72.92297 -1.33400 0.88414
v 73.16216 -1.34355 0.88004
v 72.92297 -1.06382 0.90472
v 73.16216 -1.07537 0.90018
v 71.93796 -0.74272 0.93061
v 72.43208 -0.77055 0.92078
v 72.43208 -0.50705 0.91415
v 72.92297 -0.79827 0.91090
v 73.16216 -0.81180 0.90604
v 72.92297 -0.53877 0.90382
v 73.16216 -0.55425 0.89876
v 73.41038 -1.35409 0.87583
v 73.41038 -1.08795 0.89553
v 73.89405 -1.37468 0.86750
v 74.37375 -1.39515 0.85911
v 73.89405 -1.11249 0.88637
v 74.37375 -1.13690 0.87717
v 73.41038 -0.82639 0.90108
v 73.41038 -0.57082 0.89359
v 73.89405 -0.85486 0.89131
v 74.37375 -0.88316 0.88153
v 73.89405 -0.60315 0.88344
v 74.37375 -0.63528 0.87328
v 74.84923 -2.19040 0.70412
v 75.15352 -2.19596 0.70113
v 74.84923 -1.93220 0.77187
v 75.15352 -1.94023 0.76786
v 75.32024 -2.20009 0.69949
v 75.78654 -2.21168 0.69478
v 75.32024 -1.94568 0.76568
v 75.78654 -1.96093 0.75948
v 74.84923 -1.67296 0.81894
v 75.15352 -1.68350 0.81411
v 75.15352 -1.42855 0.84518
v 75.32024 -1.69028 0.81151
v 75.78654 -1.70925 0.80413
v 75.32024 -1.43665 0.84224
v 75.78654 -1.45935 0.83392
v 76.24789 -2.22318 0.68997
v 76.70407 -2.23459 0.68506
v 76.24789 -1.97607 0.75321
v 76.70407 -1.99108 0.74686
v 77.14742 -2.24572 0.68015
v 77.14742 -2.00570 0.74057
v 77.14742 -1.76491 0.78185
v 76.24789 -1.72807 0.79670
v 76.70407 -1.74673 0.78923
v 76.24789 -1.48186 0.82557
v 76.70407 -1.50417 0.81720
v 77.14742 -1.52590 0.80895
v 75.15352 -1.12666 -0.09023
v 75.32024 -1.13714 -0.08782
v 75.78654 -1.16644 -0.08120
v 74.84923 -0.85800 -0.06749
v 75.15352 -0.87807 -0.06336
v 74.84923 -0.61308 -0.04840
v 75.15352 -0.63555 -0.04474
v 75.32024 -0.88986 -0.06124
v 75.78654 -0.92282 -0.05542
v 75.32024 -0.64863 -0.04286
v 75.78654 -0.68517 -0.03771
v 76.24789 -1.19540 -0.07482
v 76.70407 -1.22401 -0.06869
v 76.70407 -0.98760 -0.04443
v 77.14742 -1.25179 -0.06288
v 77.14742 -1.01887 -0.03935
v 76.24789 -0.95540 -0.04982
v 76.70407 -0.75701 -0.02800
v 76.24789 -0.72130 -0.03275
v 76.70407 -0.53350 -0.01834
v 77.14742 -0.79169 -0.02351
v 77.14742 -0.57149 -0.01435
v 74.84923 -1.41549 0.85066
v 74.84923 -1.16115 0.86792
v 75.15352 -1.17670 0.86195
v 75.78654 -1.21253 0.84970
v 75.32024 -1.18613 0.85874
v 75.78654 -0.97010 0.85245
v 74.84923 -0.91126 0.87172
v 75.15352 -0.92928 0.86538
v 74.84923 -0.66719 0.86312
v 75.15352 -0.68764 0.85657
v 75.32024 -0.94002 0.86200
v 75.78654 -0.73334 0.84322
v 75.32024 -0.69966 0.85307
v 75.78654 -0.50239 0.81950
v 76.24789 -1.23871 0.84066
v 76.70407 -1.26465 0.83161
v 76.24789 -0.99991 0.84292
v 76.70407 -1.02943 0.83341
v 77.14742 -1.28990 0.82272
v 77.14742 -1.05817 0.82407
v 76.24789 -0.76672 0.83340
v 76.70407 -0.79977 0.82362
v 76.24789 -0.53927 0.80963
v 76.70407 -0.57579 0.79981
v 77.14742 -0.83194 0.81403
v 77.14742 -0.61132 0.79020
v 71.93796 -0.39925 -0.08791
v 72.43208 -0.43520 -0.08050
v 71.93796 -0.13921 -0.07189
v 72.43208 -0.17903 -0.06524
v 72.92297 -0.47087 -0.07334
v 73.16216 -0.48824 -0.06992
v 72.92297 -0.21855 -0.05882
v 73.16216 -0.23780 -0.05576
v 71.93796 0.11180 -0.06419
v 72.43208 0.06822 -0.05818
v 71.93796 0.35149 -0.06107
v 72.43208 0.30433 -0.05561
v 72.92297 0.02497 -0.05237
v 73.16216 0.00390 -0.04960
v 72.92297 0.25751 -0.05034
v 73.16216 0.23471 -0.04782
v 73.41038 -0.25810 -0.05281
v 73.89405 -0.29764 -0.04718
v 74.37375 -0.33682 -0.04175
v 73.89405 -0.06139 -0.04185
v 74.37375 -0.10415 -0.03694
v 73.41038 -0.01825 -0.04693
v 73.41038 0.21079 -0.04540
v 73.89405 0.16420 -0.04079
v 74.37375 0.11802 -0.03633
v 73.89405 0.37785 -0.04280
v 74.37375 0.32843 -0.03874
v 71.93796 -0.47519 0.92443
v 71.93796 -0.21391 0.90167
v 72.43208 -0.24975 0.89120
v 72.92297 -0.28541 0.88071
v 73.16216 -0.30282 0.87557
v 72.92297 -0.04114 0.84746
v 73.16216 -0.06041 0.84233
v 72.92297 0.41481 0.75580
v 73.16216 0.39202 0.75095
v 71.93796 0.03805 0.86839
v 72.43208 -0.00164 0.85793
v 71.93796 0.27932 0.82593
v 72.43208 0.23591 0.81564
v 72.92297 0.19271 0.80537
v 73.16216 0.17164 0.80034
v 73.41038 -0.32134 0.87033
v 73.41038 -0.08082 0.83712
v 73.89405 -0.35748 0.86006
v 74.37375 -0.39338 0.84979
v 73.89405 -0.12065 0.82690
v 74.37375 -0.16022 0.81670
v 73.41038 0.36803 0.74602
v 74.37375 0.06292 0.77525
v 73.89405 0.32124 0.73637
v 74.37375 0.27478 0.72676
v 73.41038 0.14940 0.79523
v 73.89405 0.10601 0.78523
v 71.93796 0.57850 -0.06127
v 72.43208 0.52794 -0.05631
v 71.93796 0.79155 -0.06366
v 72.43208 0.73780 -0.05914
v 72.92297 0.47774 -0.05151
v 73.16216 0.45329 -0.04921
v 72.92297 0.68443 -0.05476
v 73.16216 0.65844 -0.05267
v 72.92297 0.87645 -0.05915
v 73.16216 0.84902 -0.05724
v 71.93796 0.98948 -0.06726
v 72.43208 0.93277 -0.06314
v 72.43208 1.11137 -0.06625
v 71.93796 1.17079 -0.06996
v 71.93796 1.33441 -0.07069
v 72.43208 1.27256 -0.06738
v 72.92297 1.05237 -0.06264
v 73.16216 1.02363 -0.06091
v 72.92297 1.21114 -0.06416
v 73.16216 1.18122 -0.06262
v 73.16216 1.32085 -0.06135
v 72.92297 1.30791 0.44047
v 73.16216 1.27805 0.43728
v 73.41038 0.42770 -0.04701
v 73.41038 0.63127 -0.05066
v 73.41038 0.82039 -0.05540
v 73.89405 0.57835 -0.04682
v 74.37375 0.52589 -0.04310
v 73.89405 0.76463 -0.05189
v 74.37375 0.70934 -0.04849
v 74.37375 0.87744 -0.05297
v 73.41038 0.99367 -0.05925
v 73.41038 1.15006 -0.06113
v 73.41038 1.28863 -0.06005
v 73.89405 0.93530 -0.05606
v 73.89405 1.08936 -0.05828
v 74.37375 1.02917 -0.05551
v 73.89405 1.22586 -0.05755
v 73.89405 1.34403 -0.05314
v 74.37375 1.16363 -0.05512
v 74.37375 1.28004 -0.05108
v 73.41038 1.24689 0.43406
v 73.89405 1.04545 0.49201
v 74.37375 0.98746 0.48497
v 74.37375 1.34899 0.29895
v 73.89405 1.18616 0.42777
v 73.89405 1.30862 0.36552
v 74.37375 1.12589 0.42152
v 74.37375 1.24635 0.36008
v 71.93796 0.50850 0.77569
v 72.43208 0.46153 0.76574
v 71.93796 0.72427 0.71919
v 72.43208 0.67392 0.70970
v 72.43208 0.87266 0.64649
v 72.92297 0.62385 0.70024
v 73.16216 0.59943 0.69562
v 72.92297 0.81942 0.63765
v 73.16216 0.79346 0.63334
v 71.93796 1.11201 0.58882
v 72.43208 1.05552 0.58065
v 71.93796 0.92619 0.65536
v 71.93796 1.28056 0.52106
v 72.43208 1.22138 0.51366
v 72.92297 0.99935 0.57252
v 73.16216 0.97197 0.56856
v 72.92297 1.16253 0.50631
v 73.16216 1.13384 0.50271
v 73.41038 0.57378 0.69093
v 73.41038 0.76626 0.62897
v 73.89405 0.52378 0.68177
v 74.37375 0.47413 0.67265
v 73.89405 0.71321 0.62043
v 73.89405 0.88746 0.55671
v 74.37375 0.66056 0.61194
v 74.37375 0.83202 0.54891
v 73.41038 0.94332 0.56454
v 73.41038 1.10387 0.49909
v 74.84923 -0.37563 -0.03652
v 75.15352 -0.40046 -0.03326
v 74.84923 -0.14651 -0.03222
v 75.15352 -0.17360 -0.02927
v 75.32024 -0.41477 -0.03158
v 75.78654 -0.45480 -0.02699
v 75.32024 -0.18912 -0.02776
v 75.78654 -0.23252 -0.02361
v 74.84923 0.07227 -0.03205
v 75.15352 0.04301 -0.02937
v 74.84923 0.27946 -0.03483
v 75.15352 0.24814 -0.03238
v 75.32024 0.02634 -0.02799
v 75.78654 -0.02028 -0.02422
v 75.78654 0.18071 -0.02767
v 75.32024 0.23038 -0.03112
v 75.32024 0.42188 -0.03612
v 75.78654 0.36934 -0.03296
v 76.24789 -0.49438 -0.02258
v 76.24789 -0.27543 -0.01963
v 76.70407 -0.31785 -0.01581
v 76.24789 -0.06638 -0.02060
v 76.70407 -0.11195 -0.01712
v 77.14742 -0.35905 -0.01220
v 77.14742 -0.15622 -0.01384
v 76.24789 0.13159 -0.02436
v 76.70407 0.08303 -0.02117
v 76.24789 0.31738 -0.02991
v 76.70407 0.26603 -0.02697
v 77.14742 0.03586 -0.01816
v 77.14742 0.21613 -0.02420
v 77.14742 0.38361 -0.03109
v 75.78654 -0.06692 0.74596
v 74.84923 -0.42902 0.83954
v 75.15352 -0.45187 0.83293
v 74.84923 -0.19949 0.80652
v 75.15352 -0.22465 0.79998
v 75.32024 -0.46516 0.82941
v 75.78654 -0.27984 0.78668
v 75.32024 -0.23918 0.79649
v 74.84923 0.02016 0.76531
v 75.15352 -0.00724 0.75892
v 74.84923 0.22868 0.71720
v 75.15352 0.19915 0.71105
v 75.15352 0.39332 0.65774
v 75.32024 -0.02295 0.75551
v 75.32024 0.18231 0.70778
v 75.78654 0.13518 0.69860
v 75.32024 0.37541 0.65464
v 75.78654 0.32529 0.64596
v 76.24789 -0.32012 0.77693
v 76.70407 -0.36000 0.76722
v 76.24789 -0.11047 0.73646
v 76.70407 -0.15358 0.72702
v 77.14742 -0.39880 0.75774
v 77.14742 -0.19552 0.71780
v 76.24789 0.08851 0.68949
v 76.70407 0.04231 0.68044
v 76.24789 0.27566 0.63734
v 76.70407 0.22654 0.62878
v 76.70407 0.39873 0.57119
v 77.14742 0.17877 0.62044
v 77.14742 -0.00263 0.67160
v 77.14742 0.34829 0.56345
v 74.84923 0.47392 -0.03952
v 74.84923 0.65457 -0.04520
v 75.15352 0.44066 -0.03728
v 75.15352 0.61952 -0.04314
v 74.84923 0.82010 -0.04998
v 75.15352 0.78341 -0.04811
v 75.32024 0.59978 -0.04208
v 75.78654 0.54459 -0.03917
v 75.32024 0.76281 -0.04714
v 75.78654 0.70518 -0.04448
v 75.78654 0.85016 -0.04787
v 75.32024 0.87242 0.47113
v 75.78654 0.81450 0.46448
v 74.84923 0.96953 -0.05283
v 74.84923 1.10195 -0.05277
v 75.15352 0.93137 -0.05114
v 75.15352 1.06249 -0.05128
v 74.84923 1.21662 -0.04908
v 74.84923 1.31295 -0.04138
v 75.15352 1.17604 -0.04782
v 75.15352 1.27144 -0.04037
v 75.15352 1.34715 -0.02537
v 75.32024 0.90998 -0.05027
v 75.32024 1.04041 -0.05052
v 75.78654 0.97867 -0.04840
v 75.78654 1.08996 -0.04537
v 75.32024 1.15337 -0.04717
v 75.32024 1.24828 -0.03984
v 75.32024 1.32360 -0.02500
v 75.78654 1.18349 -0.03839
v 75.78654 1.25774 -0.02399
v 75.78654 1.31287 -0.00357
v 75.78654 1.34850 0.02326
v 75.78654 1.29830 0.18010
v 75.78654 1.33026 0.16337
v 75.78654 1.33184 0.18616
v 74.84923 0.92995 0.47798
v 74.84923 1.06612 0.41532
v 75.15352 0.89312 0.47351
v 75.15352 1.02785 0.41135
v 74.84923 1.28553 0.29439
v 75.15352 1.32603 0.23526
v 75.15352 1.24490 0.29147
v 74.84923 1.18460 0.35468
v 75.15352 1.14506 0.35122
v 75.78654 1.06100 0.34426
v 75.32024 1.00639 0.40925
v 75.78654 0.94633 0.40336
v 75.32024 1.22219 0.28993
v 75.32024 1.30284 0.23399
v 75.78654 1.15865 0.28560
v 75.78654 1.23796 0.23046
v 75.32024 1.12293 0.34939
v 76.24789 0.49000 -0.03636
v 76.24789 0.64818 -0.04191
v 76.70407 0.43604 -0.03365
v 76.70407 0.59184 -0.03943
v 76.24789 0.79100 -0.04555
v 76.70407 0.73251 -0.04330
v 76.70407 0.85721 -0.04437
v 77.14742 0.53709 -0.03707
v 77.14742 0.67568 -0.04117
v 77.14742 0.79854 -0.04248
v 76.24789 0.75716 0.45789
v 76.24789 0.88689 0.39752
v 76.70407 0.70044 0.45136
v 76.70407 0.82808 0.39174
v 77.14742 0.64527 0.44501
v 77.14742 0.88014 0.32928
v 77.14742 0.77090 0.38612
v 76.24789 0.91759 -0.04635
v 76.24789 1.02724 -0.04362
v 76.70407 0.96523 -0.04193
v 76.70407 1.05603 -0.03561
v 76.24789 1.11939 -0.03698
v 76.24789 1.19258 -0.02300
v 76.24789 1.24695 -0.00308
v 76.24789 1.28212 0.02319
v 76.70407 1.12816 -0.02205
v 76.70407 1.18177 -0.00261
v 76.70407 1.21649 0.02311
v 76.24789 1.23308 0.17735
v 76.24789 1.28619 0.09273
v 76.24789 1.26449 0.16093
v 76.24789 1.26606 0.18347
v 76.70407 1.22065 0.09148
v 76.70407 1.16857 0.17463
v 76.70407 1.19945 0.15851
v 76.70407 1.20101 0.18080
v 77.14742 0.90498 -0.04031
v 77.14742 0.99445 -0.03431
v 77.14742 1.06556 -0.02115
v 77.14742 1.11843 -0.00217
v 77.14742 1.10587 0.17199
v 77.14742 1.15271 0.02303
v 77.14742 1.15695 0.09027
v 77.14742 1.13623 0.15617
v 77.14742 1.13777 0.17821
v 76.24789 0.99971 0.33919
v 76.24789 1.09576 0.28132
v 76.70407 0.93908 0.33416
v 76.70407 1.11027 0.22350
v 76.70407 1.03356 0.27709
v 76.24789 1.17376 0.22696
v 77.14742 0.97309 0.27298
v 77.14742 1.04854 0.22014
v 74.84923 0.60832 0.60349
v 75.15352 0.57487 0.59807
v 74.84923 0.42487 0.66357
v 74.84923 0.77703 0.54117
v 75.15352 0.74181 0.53621
v 75.32024 0.55595 0.59519
v 75.78654 0.50301 0.58713
v 75.32024 0.72196 0.53357
v 75.78654 0.66642 0.52619
v 76.24789 0.45060 0.57912
v 76.24789 0.61142 0.51887
v 76.70407 0.55702 0.51161
v 77.14742 0.50410 0.50455
v 66.36247 1.36878 -0.12196
v 66.36247 1.60060 -0.11972
v 66.87521 1.54641 -0.11429
v 67.18300 1.51391 -0.11108
v 67.38756 1.49174 -0.10896
v 66.87521 1.75582 -0.11194
v 67.18300 1.72159 -0.10910
v 67.38756 1.69830 -0.10722
v 66.36247 1.81285 -0.11674
v 66.36247 2.00427 -0.11185
v 66.36247 2.17367 -0.10386
v 66.87521 1.94468 -0.10767
v 67.18300 1.90892 -0.10519
v 67.38756 1.88460 -0.10354
v 66.87521 2.11182 -0.10029
v 67.18300 2.07471 -0.09817
v 67.38756 2.04950 -0.09676
v 67.89925 1.43632 -0.10372
v 67.89925 1.64004 -0.10257
v 68.41002 1.38103 -0.09861
v 68.41002 1.58191 -0.09802
v 68.41002 1.76313 -0.09547
v 67.89925 1.82380 -0.09946
v 66.87521 2.25626 -0.08894
v 67.18300 2.21799 -0.08719
v 67.38756 2.19202 -0.08602
v 66.36247 2.25006 0.45120
v 66.87521 2.18908 0.44557
v 67.18300 2.15246 0.44218
v 67.38756 2.12757 0.43987
v 67.38756 2.25674 0.36672
v 68.91962 1.52395 -0.09357
v 68.91962 1.70263 -0.09156
v 67.89925 1.98646 -0.09326
v 67.89925 2.12706 -0.08310
v 67.89925 2.24489 -0.06858
v 68.41002 1.92355 -0.08982
v 68.91962 1.86082 -0.08646
v 68.91962 1.99759 -0.07744
v 68.41002 2.06224 -0.08024
v 68.41002 2.17849 -0.06631
v 68.41002 2.27024 -0.04357
v 68.91962 2.11226 -0.06409
v 68.91962 2.20281 -0.04201
v 68.91962 2.26949 -0.01308
v 67.89925 2.06529 0.43409
v 67.89925 2.19245 0.36179
v 68.41002 2.00309 0.42831
v 68.91962 1.94099 0.42254
v 68.41002 2.23037 0.28895
v 68.91962 2.24154 0.22297
v 68.91962 2.16462 0.28488
v 68.41002 2.12824 0.35685
v 68.91962 2.06415 0.35192
v 66.36247 1.49606 0.74984
v 66.36247 1.71610 0.67646
v 66.87521 1.44619 0.74165
v 67.18300 1.41623 0.73671
v 67.38756 1.39574 0.73331
v 67.38756 1.80343 0.58684
v 66.87521 1.66303 0.66880
v 67.18300 1.63115 0.66418
v 67.38756 1.60939 0.66101
v 66.36247 1.91598 0.60102
v 66.36247 2.09440 0.52530
v 66.87521 1.85999 0.59398
v 66.87521 2.03576 0.51895
v 67.18300 1.82635 0.58974
v 67.18300 2.00054 0.51512
v 67.38756 1.97657 0.51251
v 67.89925 1.55493 0.65306
v 67.89925 1.74607 0.57956
v 68.91962 1.44617 0.63709
v 68.41002 1.50051 0.64509
v 68.41002 1.68876 0.57227
v 68.91962 1.63154 0.56496
v 68.91962 1.79687 0.49285
v 67.89925 1.91660 0.50596
v 68.41002 1.85669 0.49941
v 66.36247 2.32003 -0.09190
v 66.36247 2.44262 -0.07554
v 66.36247 2.53919 -0.05005
v 66.36247 2.61009 -0.01748
v 66.36247 2.65478 0.02268
v 66.36247 2.65505 0.11965
v 66.87521 2.37726 -0.07321
v 66.87521 2.47263 -0.04842
v 67.18300 2.33803 -0.07183
v 67.38756 2.31143 -0.07090
v 67.18300 2.43268 -0.04746
v 67.38756 2.40559 -0.04680
v 67.18300 2.50222 -0.01607
v 67.38756 2.47480 -0.01570
v 66.87521 2.54268 -0.01659
v 66.87521 2.58692 0.02278
v 67.18300 2.54618 0.02283
v 67.38756 2.51858 0.02288
v 66.87521 2.58748 0.11828
v 67.18300 2.54691 0.11746
v 67.38756 2.51941 0.11692
v 66.36247 2.49215 0.30514
v 66.36247 2.38329 0.37643
v 66.36247 2.62004 0.21543
v 66.36247 2.57569 0.23903
v 66.36247 2.62185 0.24308
v 66.87521 2.42743 0.30114
v 67.18300 2.38857 0.29873
v 67.38756 2.36221 0.29710
v 67.18300 2.46996 0.23393
v 67.38756 2.44307 0.23264
v 67.38756 2.48599 0.20977
v 67.38756 2.48780 0.23691
v 66.87521 2.32027 0.37160
v 67.18300 2.28243 0.36869
v 66.87521 2.55326 0.21260
v 66.87521 2.50963 0.23585
v 66.87521 2.55507 0.24000
v 67.18300 2.51317 0.21091
v 67.18300 2.51498 0.23815
v 67.89925 2.33785 -0.04517
v 67.89925 2.40622 -0.01481
v 67.89925 2.44953 0.02300
v 67.89925 2.45064 0.11555
v 68.41002 2.33778 -0.01393
v 68.41002 2.38061 0.02310
v 68.91962 2.31186 0.02319
v 68.41002 2.38198 0.11419
v 68.91962 2.31347 0.11282
v 67.89925 2.37578 0.22941
v 67.89925 2.29624 0.29302
v 67.89925 2.41799 0.20693
v 67.89925 2.41979 0.23382
v 68.41002 2.30859 0.22619
v 68.41002 2.35010 0.20409
v 68.41002 2.35189 0.23074
v 68.91962 2.28235 0.20125
v 68.91962 2.28413 0.22765
v 69.17690 1.49470 -0.09135
v 69.42777 1.46554 -0.08934
v 69.17690 1.67209 -0.08961
v 69.42777 1.64168 -0.08784
v 69.42777 1.79763 -0.08325
v 69.93423 1.40669 -0.08533
v 69.93423 1.58028 -0.08431
v 69.93423 1.73400 -0.08021
v 69.17690 1.76665 0.48954
v 69.42777 1.73645 0.48631
v 69.93423 1.67546 0.47980
v 69.17690 1.82915 -0.08478
v 69.17690 1.96496 -0.07604
v 69.42777 1.93249 -0.07477
v 69.17690 2.07883 -0.06298
v 69.17690 2.16876 -0.04123
v 69.17690 2.23502 -0.01265
v 69.42777 2.04557 -0.06196
v 69.42777 2.13490 -0.04052
v 69.42777 2.20074 -0.01228
v 69.42777 2.24262 0.02324
v 69.42777 2.24447 0.11143
v 69.42777 2.21407 0.19842
v 69.93423 1.86695 -0.07222
v 69.93423 1.97844 -0.05994
v 69.93423 2.06656 -0.03911
v 69.93423 2.13154 -0.01153
v 69.93423 2.17292 0.02326
v 69.93423 2.14530 0.19560
v 69.93423 2.17499 0.11003
v 69.17690 1.90962 0.41962
v 69.17690 2.03178 0.34943
v 69.42777 1.87830 0.41678
v 69.42777 1.99950 0.34702
v 69.17690 2.13142 0.28282
v 69.17690 2.20768 0.22135
v 69.17690 2.24814 0.19981
v 69.17690 2.24991 0.22608
v 69.42777 2.09833 0.28083
v 69.42777 2.17395 0.21977
v 69.42777 2.21584 0.22455
v 69.93423 1.93430 0.34215
v 69.93423 2.03151 0.27681
v 69.93423 1.81506 0.41106
v 69.93423 2.10586 0.21659
v 69.93423 2.14707 0.22146
v 70.43874 1.51915 -0.08086
v 70.94104 1.45831 -0.07749
v 70.43874 1.67064 -0.07722
v 70.43874 1.80168 -0.06973
v 70.94104 1.60758 -0.07431
v 70.94104 1.73671 -0.06729
v 71.16826 1.43080 -0.07599
v 71.16826 1.57906 -0.07301
v 71.44086 1.39665 -0.07409
v 71.44086 1.54374 -0.07136
v 71.16826 1.70733 -0.06620
v 71.44086 1.67099 -0.06481
v 71.44086 1.77777 -0.05403
v 70.94104 1.55409 0.46679
v 70.94104 1.80462 0.33244
v 70.43874 1.61466 0.47329
v 70.43874 1.75203 0.40534
v 70.94104 1.68924 0.39964
v 71.16826 1.52668 0.46385
v 71.44086 1.49272 0.46022
v 71.16826 1.77533 0.33024
v 71.44086 1.73917 0.32755
v 71.16826 1.66082 0.39705
v 71.44086 1.62569 0.39388
v 70.43874 1.91159 -0.05796
v 70.43874 1.99849 -0.03773
v 70.94104 1.84504 -0.05602
v 70.94104 1.93072 -0.03637
v 70.94104 1.99398 -0.01010
v 70.94104 2.03438 0.02327
v 70.94104 2.03685 0.10722
v 70.94104 2.00855 0.18998
v 70.43874 2.06261 -0.01080
v 70.43874 2.10350 0.02327
v 70.43874 2.10577 0.10862
v 70.43874 2.07678 0.19278
v 71.16826 1.81494 -0.05515
v 71.16826 1.90007 -0.03577
v 71.16826 1.96294 -0.00978
v 71.16826 2.00312 0.02327
v 71.44086 1.86226 -0.03498
v 71.44086 1.92468 -0.00935
v 71.44086 1.96459 0.02331
v 71.16826 2.00567 0.10658
v 71.16826 1.97768 0.18871
v 71.44086 1.96725 0.10585
v 71.44086 1.93963 0.18719
v 70.43874 1.86933 0.33728
v 70.43874 2.03801 0.21342
v 70.43874 1.96493 0.27281
v 70.94104 1.89862 0.26882
v 70.94104 1.97045 0.21026
v 70.94104 2.01030 0.21528
v 70.43874 2.07854 0.21837
v 71.16826 1.86861 0.26701
v 71.16826 1.93987 0.20884
v 71.16826 1.97943 0.21389
v 71.44086 1.83159 0.26480
v 71.44086 1.90218 0.20710
v 71.44086 1.94136 0.21224
v 69.17690 1.41871 0.63305
v 69.42777 1.39118 0.62910
v 69.42777 1.57369 0.55767
v 69.17690 1.60263 0.56127
v 69.93423 1.51525 0.55039
v 70.43874 1.45700 0.54312
v 70.94104 1.39895 0.53585
v 71.16826 1.37268 0.53255
v 69.17690 2.27714 0.02323
v 69.17690 2.27888 0.11212
v 71.93796 1.47934 -0.06840
v 72.43208 1.41535 -0.06551
v 72.43208 1.53893 -0.05987
v 71.93796 1.60475 -0.06231
v 71.93796 1.71000 -0.05203
v 71.93796 1.79332 -0.03356
v 72.43208 1.64265 -0.05007
v 72.43208 1.72480 -0.03218
v 72.43208 1.78556 -0.00783
v 72.43208 1.80124 0.18166
v 72.92297 1.35180 -0.06270
v 73.16216 1.44170 -0.05636
v 72.92297 1.47355 -0.05750
v 72.92297 1.57576 -0.04816
v 73.16216 1.54317 -0.04724
v 72.92297 1.65674 -0.03083
v 73.16216 1.62358 -0.03018
v 73.16216 1.68311 -0.00676
v 72.92297 1.71667 -0.00711
v 72.92297 1.75514 0.02345
v 73.16216 1.72134 0.02346
v 73.16216 1.66409 0.19616
v 72.92297 1.75833 0.10182
v 73.16216 1.72461 0.10116
v 72.92297 1.69718 0.19768
v 72.92297 1.73269 0.17892
v 73.16216 1.69928 0.17758
v 71.93796 1.43077 0.45361
v 71.93796 1.56158 0.38809
v 72.43208 1.36916 0.44702
v 72.43208 1.49783 0.38233
v 71.93796 1.67319 0.32265
v 71.93796 1.76407 0.26078
v 72.43208 1.69693 0.25679
v 72.43208 1.60759 0.31777
v 72.43208 1.76510 0.20080
v 72.43208 1.80293 0.20623
v 72.92297 1.54239 0.31293
v 73.16216 1.51061 0.31057
v 72.92297 1.43446 0.37661
v 73.16216 1.40358 0.37382
v 72.92297 1.63021 0.25282
v 73.16216 1.59769 0.25089
v 72.92297 1.73436 0.20324
v 73.16216 1.70094 0.20179
v 71.93796 1.85490 -0.00858
v 71.93796 1.89434 0.02337
v 72.43208 1.82451 0.02341
v 71.93796 1.89718 0.10450
v 71.93796 1.87023 0.18442
v 72.43208 1.82753 0.10316
v 71.93796 1.83344 0.20394
v 71.93796 1.87195 0.20922
v 73.41038 1.40857 -0.05526
v 73.41038 1.50929 -0.04636
v 73.41038 1.58911 -0.02956
v 73.41038 1.64823 -0.00643
v 73.41038 1.68622 0.02345
v 73.41038 1.68957 0.10048
v 73.41038 1.62966 0.19463
v 73.41038 1.66454 0.17623
v 73.89405 1.44328 -0.04465
v 73.89405 1.52196 -0.02836
v 73.89405 1.58027 -0.00581
v 74.37375 1.37782 -0.04300
v 74.37375 1.45538 -0.02720
v 74.37375 1.51287 -0.00521
v 74.37375 1.54991 0.02341
v 73.89405 1.56256 0.19164
v 74.37375 1.55353 0.09784
v 74.37375 1.49600 0.18868
v 74.37375 1.52968 0.17097
v 74.37375 1.53130 0.19453
v 73.89405 1.61778 0.02344
v 73.89405 1.62127 0.09916
v 73.89405 1.59683 0.17359
v 73.89405 1.59848 0.19741
v 73.41038 1.56384 0.24894
v 73.41038 1.47751 0.30819
v 73.41038 1.37138 0.37101
v 73.41038 1.66619 0.20030
v 73.89405 1.41300 0.30355
v 73.89405 1.49788 0.24514
v 74.37375 1.43244 0.24137
v 74.84923 1.38938 -0.02608
v 74.84923 1.44607 -0.00463
v 74.84923 1.48264 0.02337
v 75.15352 1.40333 -0.00427
v 75.15352 1.43959 0.02334
v 74.84923 1.43002 0.18575
v 74.84923 1.46310 0.16838
v 74.84923 1.46471 0.19168
v 74.84923 1.48638 0.09653
v 75.15352 1.44341 0.09569
v 75.15352 1.38778 0.18387
v 75.15352 1.42049 0.16671
v 75.15352 1.42209 0.18985
v 75.32024 1.37951 -0.00408
v 75.32024 1.41560 0.02332
v 75.32024 1.41946 0.09524
v 75.32024 1.36422 0.18287
v 75.32024 1.39673 0.16583
v 75.32024 1.39832 0.18888
v 75.78654 1.35247 0.09398
v 74.84923 1.36756 0.23764
v 77.59995 -2.23004 -0.24883
v 78.03920 -2.24590 -0.23913
v 77.59995 -1.99109 -0.18410
v 78.03920 -2.01035 -0.17571
v 78.47235 -2.26151 -0.22974
v 78.47235 -2.02932 -0.16760
v 77.59995 -1.75307 -0.12969
v 78.03920 -1.77573 -0.12245
v 78.47235 -1.79805 -0.11547
v 78.89919 -2.27687 -0.22066
v 79.14132 -2.28556 -0.21558
v 79.31949 -2.29307 -0.21212
v 78.89919 -2.04798 -0.15977
v 79.14132 -2.05856 -0.15539
v 79.31949 -2.06738 -0.15242
v 79.73304 -2.31049 -0.20418
v 80.13963 -2.32759 -0.19651
v 79.73304 -2.08782 -0.14561
v 80.13963 -2.10791 -0.13905
v 78.89919 -1.82003 -0.10874
v 79.14132 -1.83249 -0.10499
v 79.31949 -1.84261 -0.10245
v 79.73304 -1.86609 -0.09665
v 80.53905 -2.34437 -0.18910
v 80.53905 -2.12762 -0.13272
v 80.93111 -2.14696 -0.12663
v 81.13268 -2.15690 -0.12355
v 81.31558 -2.16673 -0.12093
v 81.69229 -2.18699 -0.11561
v 82.06104 -2.20680 -0.11050
v 82.42164 -2.22616 -0.10558
v 82.77390 -2.24507 -0.10087
v 77.59995 -1.51599 -0.08876
v 78.03920 -1.54206 -0.08249
v 78.47235 -1.56774 -0.07645
v 80.13963 -1.88916 -0.09106
v 78.89919 -1.59303 -0.07064
v 79.14132 -1.60737 -0.06740
v 79.31949 -1.61880 -0.06522
v 80.13963 -1.67137 -0.05546
v 79.73304 -1.64531 -0.06024
v 79.73304 -1.42754 -0.03269
v 80.13963 -1.45656 -0.02859
v 77.59995 -2.25966 0.67503
v 78.03920 -2.27314 0.66965
v 77.59995 -2.02310 0.73413
v 78.03920 -2.03994 0.72750
v 78.47235 -2.28646 0.66421
v 78.47235 -2.05659 0.72085
v 77.59995 -1.78581 0.77438
v 78.03920 -1.80606 0.76679
v 78.47235 -1.82607 0.75920
v 78.47235 -1.59732 0.78400
v 77.59995 -1.55029 0.80068
v 78.03920 -1.57395 0.79233
v 78.89919 -2.29962 0.65872
v 79.14132 -2.30710 0.65556
v 79.31949 -2.31381 0.65341
v 79.14132 -2.08237 0.71033
v 78.89919 -2.07303 0.71417
v 79.31949 -2.09037 0.70772
v 79.73304 -2.32938 0.64836
v 80.13963 -2.34472 0.64327
v 80.13963 -2.12724 0.69547
v 79.73304 -2.10895 0.70160
v 80.13963 -1.90925 0.73040
v 78.89919 -1.84582 0.75160
v 79.14132 -1.85704 0.74725
v 79.31949 -1.86635 0.74428
v 78.89919 -1.62038 0.77570
v 79.14132 -1.63348 0.77094
v 79.31949 -1.64410 0.76770
v 79.73304 -1.88797 0.73733
v 79.73304 -1.66875 0.76011
v 80.13963 -1.69301 0.75256
v 79.73304 -1.45241 0.77072
v 80.13963 -1.47964 0.76273
v 77.59995 -1.28207 -0.05735
v 78.03920 -1.31151 -0.05191
v 77.59995 -1.05258 -0.03452
v 78.03920 -1.08534 -0.02977
v 78.47235 -1.34053 -0.04667
v 78.47235 -1.11763 -0.02522
v 77.59995 -0.82875 -0.01928
v 78.03920 -0.86476 -0.01512
v 77.59995 -0.61181 -0.01061
v 78.03920 -0.65097 -0.00692
v 78.47235 -0.90025 -0.01113
v 78.47235 -0.68958 -0.00340
v 78.89919 -1.36910 -0.04164
v 79.14132 -1.38530 -0.03885
v 79.31949 -1.39802 -0.03697
v 78.89919 -1.14943 -0.02085
v 79.14132 -1.16746 -0.01842
v 79.31949 -1.18146 -0.01680
v 79.31949 -0.97028 -0.00377
v 79.73304 -1.21394 -0.01311
v 80.13963 -1.24586 -0.00957
v 79.73304 -1.00565 -0.00056
v 80.13963 -1.04042 0.00251
v 78.89919 -0.93521 -0.00730
v 79.14132 -0.95504 -0.00518
v 79.14132 -0.74918 0.00185
v 79.31949 -0.76563 0.00309
v 78.89919 -0.72761 -0.00002
v 78.89919 -0.52735 0.00067
v 79.14132 -0.55060 0.00235
v 79.31949 -0.56822 0.00346
v 79.73304 -0.80381 0.00591
v 80.13963 -0.84134 0.00860
v 79.73304 -0.60912 0.00597
v 80.13963 -0.64933 0.00838
v 77.59995 -1.31778 0.81384
v 78.03920 -1.34482 0.80494
v 77.59995 -1.08948 0.81479
v 78.03920 -1.11986 0.80553
v 78.47235 -1.37152 0.79608
v 78.47235 -1.14986 0.79632
v 77.59995 -0.64932 0.78070
v 78.03920 -0.68621 0.77128
v 78.47235 -0.72262 0.76194
v 78.47235 -0.51951 0.72998
v 77.59995 -0.86662 0.80453
v 78.03920 -0.90028 0.79508
v 78.47235 -0.93352 0.78570
v 79.14132 -1.41284 0.78221
v 79.14132 -1.19628 0.78194
v 79.31949 -1.42475 0.77877
v 79.31949 -1.20946 0.77836
v 78.89919 -0.96631 0.77638
v 79.14132 -0.98493 0.77107
v 79.31949 -0.99937 0.76743
v 79.73304 -1.24010 0.77002
v 80.13963 -1.27025 0.76175
v 79.73304 -1.03292 0.75896
v 80.13963 -1.06594 0.75056
v 78.89919 -1.39788 0.78726
v 78.89919 -1.17947 0.78716
v 78.89919 -0.75855 0.75267
v 79.14132 -0.77894 0.74738
v 79.31949 -0.79462 0.74377
v 78.89919 -0.55846 0.72089
v 79.14132 -0.58058 0.71572
v 79.31949 -0.59745 0.71218
v 79.73304 -0.83103 0.73534
v 80.13963 -0.86686 0.72701
v 79.73304 -0.63663 0.70392
v 80.13963 -0.67518 0.69577
v 80.53905 -1.91181 -0.08568
v 80.93111 -1.93402 -0.08051
v 81.13268 -1.94544 -0.07790
v 81.31558 -1.95654 -0.07568
v 80.53905 -1.69695 -0.05086
v 80.93111 -1.72205 -0.04645
v 80.53905 -1.48504 -0.02465
v 80.93111 -1.51300 -0.02088
v 81.13268 -1.73495 -0.04423
v 81.31558 -1.74731 -0.04234
v 81.13268 -1.52737 -0.01898
v 81.31558 -1.54098 -0.01738
v 81.69229 -1.97939 -0.07119
v 82.06104 -2.00175 -0.06687
v 82.42164 -2.02361 -0.06274
v 82.77390 -2.04495 -0.05878
v 81.69229 -1.77277 -0.03852
v 82.06104 -1.79768 -0.03486
v 81.69229 -1.56901 -0.01413
v 82.06104 -1.59644 -0.01102
v 82.42164 -1.82203 -0.03136
v 82.77390 -1.84581 -0.02802
v 82.42164 -1.62325 -0.00805
v 82.42164 -1.42834 0.00801
v 82.77390 -1.64944 -0.00522
v 82.77390 -1.45690 0.01042
v 80.53905 -2.14524 0.68935
v 80.93111 -2.16293 0.68326
v 80.53905 -1.93019 0.72350
v 80.93111 -1.95077 0.71665
v 81.13268 -2.17204 0.68008
v 81.31558 -2.18118 0.67741
v 81.31558 -1.97176 0.71009
v 81.13268 -1.96136 0.71309
v 80.53905 -1.71688 0.74507
v 80.93111 -1.74034 0.73763
v 80.53905 -1.50642 0.75481
v 80.93111 -1.53273 0.74696
v 81.13268 -1.75241 0.73378
v 81.31558 -1.76407 0.73052
v 81.13268 -1.54627 0.74290
v 81.31558 -1.55919 0.73947
v 81.69229 -2.20003 0.67184
v 82.06104 -2.21849 0.66631
v 81.69229 -1.99321 0.70384
v 82.06104 -2.01422 0.69766
v 82.42164 -2.23657 0.66083
v 82.77390 -2.25424 0.65540
v 82.42164 -2.03479 0.69155
v 82.77390 -2.05491 0.68552
v 81.69229 -1.78812 0.72377
v 82.06104 -1.81168 0.71709
v 81.69229 -1.58581 0.73234
v 82.06104 -1.61189 0.72532
v 82.42164 -1.83474 0.71050
v 82.77390 -1.85728 0.70400
v 82.77390 -1.66238 0.71157
v 82.42164 -1.63742 0.71839
v 82.42164 -1.44386 0.71603
v 82.77390 -1.47120 0.70902
v 80.53905 -1.27721 -0.00619
v 80.93111 -1.30797 -0.00295
v 80.53905 -1.07457 0.00544
v 80.93111 -1.10807 0.00824
v 81.13268 -1.32378 -0.00132
v 81.31558 -1.33863 0.00005
v 81.13268 -1.12530 0.00965
v 81.31558 -1.14134 0.01083
v 80.53905 -0.87820 0.01116
v 80.93111 -0.91438 0.01361
v 80.53905 -0.68882 0.01067
v 80.53905 -0.50802 0.00688
v 80.93111 -0.72757 0.01286
v 80.93111 -0.54924 0.00887
v 81.13268 -0.93297 0.01484
v 81.31558 -0.95018 0.01588
v 81.13268 -0.74749 0.01396
v 81.31558 -0.76583 0.01489
v 81.13268 -0.57043 0.00986
v 81.31558 -0.58985 0.01070
v 81.69229 -1.36919 0.00283
v 82.06104 -1.39910 0.00548
v 82.06104 -1.20671 0.01551
v 81.69229 -1.17438 0.01323
v 81.69229 -0.98563 0.01797
v 82.06104 -1.02032 0.01996
v 82.42164 -1.23833 0.01769
v 82.77390 -1.26921 0.01975
v 82.42164 -1.05424 0.02185
v 82.77390 -1.08737 0.02365
v 81.69229 -0.80360 0.01675
v 82.06104 -0.84057 0.01853
v 81.69229 -0.62984 0.01239
v 82.06104 -0.66899 0.01399
v 82.06104 -0.50653 0.00730
v 82.42164 -0.87671 0.02021
v 82.77390 -0.91202 0.02182
v 82.77390 -0.74465 0.01698
v 82.42164 -0.70726 0.01552
v 82.42164 -0.54682 0.00870
v 82.77390 -0.58618 0.01004
v 80.53905 -1.29990 0.75357
v 80.93111 -1.32903 0.74547
v 80.53905 -1.09841 0.74226
v 80.93111 -1.13030 0.73405
v 81.13268 -1.34402 0.74128
v 81.31558 -1.35817 0.73773
v 81.13268 -1.14671 0.72981
v 81.31558 -1.16208 0.72622
v 81.31558 -0.97105 0.70287
v 80.53905 -0.90209 0.71877
v 80.93111 -0.93670 0.71063
v 80.93111 -0.75032 0.67976
v 80.53905 -0.71309 0.68771
v 80.53905 -0.53241 0.65012
v 80.93111 -0.57216 0.64246
v 81.13268 -0.95450 0.70643
v 81.13268 -0.76947 0.67566
v 81.31558 -0.78717 0.67218
v 81.13268 -0.59261 0.63851
v 81.31558 -0.61141 0.63516
v 81.69229 -1.38733 0.73039
v 82.06104 -1.41590 0.72315
v 82.06104 -1.22474 0.71147
v 81.69229 -1.19373 0.71879
v 81.69229 -1.00515 0.69551
v 82.06104 -1.03855 0.68827
v 82.42164 -1.25509 0.70427
v 82.77390 -1.28476 0.69720
v 82.42164 -1.07124 0.68115
v 82.77390 -1.10319 0.67416
v 81.69229 -0.82363 0.66500
v 82.06104 -0.85934 0.65793
v 81.69229 -0.65014 0.62825
v 82.06104 -0.68808 0.62145
v 82.06104 -0.52570 0.57986
v 82.77390 -0.76147 0.60822
v 82.42164 -0.89429 0.65099
v 82.77390 -0.92845 0.64418
v 82.42164 -0.72520 0.61477
v 82.42164 -0.56488 0.57352
v 82.77390 -0.60318 0.56731
v 77.59995 -0.40252 -0.00884
v 78.03920 -0.44473 -0.00553
v 77.59995 -0.20269 -0.01078
v 78.03920 -0.24783 -0.00779
v 78.03920 -0.06137 -0.01264
v 78.47235 -0.48635 -0.00236
v 78.47235 -0.29233 -0.00492
v 78.47235 -0.10860 -0.01001
v 77.59995 -0.01347 -0.01537
v 77.59995 0.16412 -0.02163
v 78.03920 0.11362 -0.01912
v 77.59995 0.32911 -0.02872
v 78.03920 0.27619 -0.02640
v 78.47235 0.06383 -0.01671
v 78.47235 0.22403 -0.02418
v 78.47235 0.37085 -0.03074
v 78.03920 0.39556 0.49089
v 78.47235 0.34280 0.48421
v 78.89919 -0.33616 -0.00217
v 79.14132 -0.36102 -0.00064
v 79.31949 -0.37977 0.00036
v 78.89919 -0.15512 -0.00750
v 79.14132 -0.18151 -0.00611
v 79.31949 -0.20131 -0.00519
v 79.73304 -0.42327 0.00263
v 80.13963 -0.46603 0.00481
v 80.13963 -0.29245 -0.00113
v 79.73304 -0.24727 -0.00312
v 79.73304 -0.08211 -0.01036
v 80.13963 -0.12957 -0.00852
v 78.89919 0.01478 -0.01440
v 79.14132 -0.01304 -0.01311
v 78.89919 0.17263 -0.02203
v 79.14132 0.14348 -0.02084
v 79.31949 -0.03384 -0.01227
v 79.31949 0.12176 -0.02007
v 79.14132 0.28694 -0.02767
v 78.89919 0.31731 -0.02877
v 79.14132 0.41650 -0.03266
v 79.31949 0.26437 -0.02696
v 79.31949 0.39316 -0.03200
v 79.73304 0.07133 -0.01829
v 80.13963 0.02177 -0.01659
v 80.13963 0.16048 -0.02375
v 79.73304 0.21198 -0.02532
v 79.73304 0.33900 -0.03052
v 80.13963 0.28575 -0.02908
v 80.13963 0.39685 -0.03177
v 78.89919 0.29078 0.47761
v 79.14132 0.26126 0.47385
v 79.14132 0.39272 0.41749
v 78.89919 0.42341 0.42085
v 79.31949 0.23925 0.47129
v 79.31949 0.36989 0.41520
v 79.73304 0.18814 0.46532
v 80.13963 0.13788 0.45944
v 79.73304 0.31689 0.40986
v 80.13963 0.26476 0.40459
v 80.13963 0.37761 0.35051
v 77.59995 -0.44001 0.74839
v 78.03920 -0.48002 0.73914
v 78.03920 -0.28283 0.69979
v 77.59995 -0.23982 0.70873
v 77.59995 -0.04988 0.66293
v 78.03920 -0.09575 0.65439
v 78.47235 -0.32528 0.69092
v 78.47235 -0.14102 0.64594
v 77.59995 0.12874 0.61226
v 78.03920 0.08016 0.60423
v 77.59995 0.29564 0.55588
v 78.03920 0.24451 0.54846
v 78.47235 0.03223 0.59627
v 78.47235 0.19407 0.54112
v 79.14132 -0.39091 0.67714
v 78.89919 -0.36715 0.68214
v 79.31949 -0.40893 0.67372
v 78.89919 -0.18566 0.63757
v 79.14132 -0.21100 0.63281
v 79.14132 -0.04187 0.58394
v 79.31949 -0.23011 0.62956
v 79.31949 -0.06202 0.58088
v 79.73304 -0.27449 0.62197
v 80.13963 -0.31815 0.61448
v 79.73304 -0.45077 0.66576
v 80.13963 -0.49194 0.65789
v 79.73304 -0.10879 0.57375
v 80.13963 -0.15481 0.56673
v 78.89919 -0.01504 0.58841
v 78.89919 0.14434 0.53386
v 79.14132 0.11611 0.52973
v 79.31949 0.09499 0.52691
v 79.73304 0.04597 0.52035
v 80.13963 -0.00226 0.51387
v 77.59995 0.48031 -0.03490
v 77.59995 0.61685 -0.03920
v 78.03920 0.42520 -0.03278
v 78.03920 0.55974 -0.03729
v 77.59995 0.73790 -0.04074
v 77.59995 0.84277 -0.03883
v 78.03920 0.67904 -0.03904
v 78.03920 0.78240 -0.03739
v 78.03920 0.86931 -0.03196
v 78.47235 0.50344 -0.03544
v 78.47235 0.62100 -0.03741
v 78.47235 0.72287 -0.03599
v 78.47235 0.80854 -0.03084
v 78.47235 0.87668 -0.01877
v 77.59995 0.58799 0.43881
v 78.03920 0.53238 0.43275
v 78.03920 0.65411 0.37531
v 77.59995 0.81915 0.32454
v 78.03920 0.75993 0.31991
v 78.03920 0.84995 0.26509
v 77.59995 0.71164 0.38065
v 78.47235 0.47751 0.42676
v 78.47235 0.59735 0.37003
v 78.47235 0.70152 0.31534
v 78.47235 0.79011 0.26126
v 78.47235 0.86197 0.21058
v 77.59995 0.93095 -0.03311
v 77.59995 1.00105 -0.02033
v 77.59995 1.05318 -0.00179
v 77.59995 1.08701 0.02291
v 78.03920 0.93842 -0.01954
v 78.03920 0.98985 -0.00142
v 78.03920 1.02324 0.02279
v 77.59995 1.09132 0.08906
v 77.59995 1.04121 0.16942
v 77.59995 1.07106 0.15387
v 77.59995 1.07260 0.17565
v 78.03920 0.97844 0.16693
v 78.03920 1.02762 0.08788
v 78.03920 1.00780 0.15164
v 78.03920 1.00933 0.17317
v 78.47235 0.92740 -0.00107
v 78.47235 0.96036 0.02266
v 78.47235 0.96480 0.08671
v 78.47235 0.91652 0.16447
v 78.47235 0.94541 0.14944
v 78.47235 0.94693 0.17072
v 77.59995 0.91061 0.26899
v 77.59995 0.98483 0.21688
v 78.03920 0.92298 0.21371
v 78.89919 0.44796 -0.03365
v 79.14132 0.53138 -0.03494
v 78.89919 0.56382 -0.03582
v 79.14132 0.63094 -0.03389
v 79.31949 0.50737 -0.03436
v 79.31949 0.60635 -0.03339
v 78.89919 0.66421 -0.03464
v 78.89919 0.74865 -0.02975
v 79.14132 0.71469 -0.02914
v 78.89919 0.81583 -0.01803
v 78.89919 0.86586 -0.00073
v 79.14132 0.78132 -0.01762
v 79.14132 0.83095 -0.00054
v 79.14132 0.86325 0.02245
v 79.31949 0.68960 -0.02875
v 79.31949 0.75586 -0.01735
v 79.31949 0.80522 -0.00043
v 79.31949 0.83734 0.02239
v 79.14132 0.86778 0.08490
v 78.89919 0.85551 0.16205
v 78.89919 0.88392 0.14727
v 78.89919 0.88543 0.16830
v 79.14132 0.82089 0.16067
v 79.14132 0.84904 0.14604
v 79.14132 0.85054 0.16692
v 79.31949 0.84189 0.08444
v 79.31949 0.79534 0.15973
v 79.31949 0.82331 0.14519
v 79.31949 0.82481 0.16597
v 79.73304 0.45164 -0.03304
v 79.73304 0.54927 -0.03227
v 79.73304 0.63139 -0.02784
v 80.13963 0.49315 -0.03117
v 80.13963 0.57417 -0.02697
v 80.13963 0.63867 -0.01616
v 80.13963 0.62653 0.19902
v 79.73304 0.69676 -0.01674
v 79.73304 0.74548 -0.00018
v 79.73304 0.77721 0.02223
v 80.13963 0.68675 0.00007
v 80.13963 0.71809 0.02208
v 79.73304 0.73604 0.15754
v 79.73304 0.76359 0.14322
v 79.73304 0.76508 0.16375
v 79.73304 0.78180 0.08337
v 80.13963 0.72272 0.08231
v 80.13963 0.67774 0.15538
v 80.13963 0.70487 0.14128
v 80.13963 0.70636 0.16157
v 78.89919 0.64394 0.31083
v 79.14132 0.61127 0.30827
v 79.31949 0.58708 0.30652
v 79.14132 0.50965 0.36187
v 78.89919 0.54140 0.36483
v 79.31949 0.48609 0.35985
v 78.89919 0.73113 0.25747
v 79.14132 0.69767 0.25532
v 79.14132 0.76773 0.20574
v 78.89919 0.80184 0.20749
v 79.31949 0.67292 0.25385
v 79.31949 0.74253 0.20454
v 79.73304 0.53090 0.30246
v 79.73304 0.61548 0.25044
v 80.13963 0.47566 0.29845
v 80.13963 0.55899 0.24708
v 79.73304 0.43140 0.35515
v 79.73304 0.68404 0.20176
v 78.89919 0.89840 0.02253
v 78.89919 0.90290 0.08556
v 77.59995 0.44903 0.49765
v 80.53905 -0.33683 0.00078
v 80.93111 -0.38038 0.00259
v 80.53905 -0.17618 -0.00676
v 80.93111 -0.22192 -0.00508
v 80.93111 -0.07470 -0.01338
v 81.13268 -0.40277 0.00351
v 81.31558 -0.42322 0.00427
v 81.13268 -0.24544 -0.00423
v 81.31558 -0.26684 -0.00352
v 81.13268 -0.09927 -0.01259
v 81.31558 -0.12157 -0.01193
v 80.53905 -0.02692 -0.01495
v 80.53905 0.10989 -0.02223
v 80.93111 0.06024 -0.02078
v 80.93111 0.18212 -0.02637
v 80.53905 0.23345 -0.02770
v 80.53905 0.34304 -0.03053
v 80.93111 0.29022 -0.02935
v 80.93111 0.38393 -0.02910
v 81.13268 0.03472 -0.02004
v 81.31558 0.01160 -0.01943
v 81.13268 0.15573 -0.02569
v 81.31558 0.13188 -0.02513
v 81.13268 0.26307 -0.02874
v 81.31558 0.23856 -0.02824
v 81.13268 0.35611 -0.02858
v 81.31558 0.33105 -0.02815
v 81.31558 0.40888 -0.02454
v 80.53905 0.08847 0.45364
v 80.93111 0.03997 0.44794
v 80.93111 0.16324 0.39432
v 80.53905 0.42138 0.29451
v 80.93111 0.27286 0.34148
v 80.93111 0.36808 0.29064
v 80.53905 0.21354 0.39941
v 80.53905 0.32476 0.34596
v 81.13268 0.01502 0.44500
v 81.31558 -0.00761 0.44251
v 81.13268 0.13737 0.39169
v 81.31558 0.11396 0.38947
v 81.13268 0.24617 0.33917
v 81.31558 0.22206 0.33722
v 81.13268 0.42096 0.23886
v 81.31558 0.39572 0.23744
v 81.13268 0.34068 0.28865
v 81.31558 0.31596 0.28697
v 81.69229 -0.46532 0.00582
v 81.69229 -0.31092 -0.00209
v 82.06104 -0.35407 -0.00072
v 81.69229 -0.16749 -0.01059
v 82.06104 -0.21243 -0.00930
v 82.06104 -0.08259 -0.01698
v 82.42164 -0.39626 0.00059
v 82.77390 -0.43746 0.00184
v 82.77390 -0.29931 -0.00690
v 82.42164 -0.25638 -0.00807
v 82.42164 -0.12815 -0.01583
v 82.77390 -0.17266 -0.01473
v 82.77390 -0.05826 -0.02081
v 81.69229 -0.18677 0.48956
v 81.69229 -0.05424 0.43738
v 82.06104 -0.23069 0.48400
v 82.06104 -0.09989 0.43234
v 82.42164 -0.27366 0.47855
v 82.77390 -0.31565 0.47321
v 82.42164 -0.14455 0.42740
v 82.77390 -0.18819 0.42256
v 82.77390 -0.07283 0.37166
v 81.69229 -0.03600 -0.01818
v 81.69229 0.08276 -0.02398
v 81.69229 0.18810 -0.02721
v 82.06104 0.03468 -0.02288
v 82.06104 0.13870 -0.02622
v 81.69229 0.27942 -0.02727
v 81.69229 0.35628 -0.02383
v 81.69229 0.41753 -0.01406
v 82.06104 0.22890 -0.02642
v 82.06104 0.30481 -0.02314
v 82.06104 0.36530 -0.01360
v 82.06104 0.41047 0.00109
v 81.69229 0.40745 0.18879
v 82.06104 0.35567 0.18646
v 82.06104 0.40328 0.14550
v 82.42164 -0.01233 -0.02182
v 82.42164 0.09040 -0.02527
v 82.42164 0.17949 -0.02560
v 82.77390 0.04323 -0.02436
v 82.77390 0.13122 -0.02481
v 82.42164 0.25447 -0.02248
v 82.42164 0.31424 -0.01317
v 82.42164 0.35887 0.00126
v 82.42164 0.38806 0.02115
v 82.77390 0.20530 -0.02185
v 82.77390 0.26435 -0.01275
v 82.77390 0.30846 0.00142
v 82.77390 0.33733 0.02100
v 82.42164 0.30503 0.18419
v 82.42164 0.39285 0.07654
v 82.42164 0.35199 0.14371
v 82.42164 0.37689 0.13075
v 82.42164 0.37835 0.14971
v 82.77390 0.30188 0.14196
v 82.77390 0.25555 0.18196
v 82.77390 0.34213 0.07566
v 82.77390 0.32645 0.12917
v 82.77390 0.32791 0.14792
v 81.69229 0.17239 0.33319
v 82.06104 0.12376 0.32924
v 81.69229 0.06573 0.38488
v 82.06104 0.01850 0.38038
v 81.69229 0.26503 0.28349
v 81.69229 0.34371 0.23452
v 82.06104 0.29280 0.23167
v 82.06104 0.21517 0.28007
v 82.42164 0.07619 0.32537
v 82.42164 0.16640 0.27674
v 82.77390 0.02971 0.32158
v 82.77390 0.11875 0.27347
v 82.42164 -0.02769 0.37597
v 82.42164 0.24300 0.22887
v 82.77390 0.19435 0.22613
v 80.53905 -0.36107 0.60710
v 80.93111 -0.40322 0.59982
v 80.53905 -0.20003 0.55980
v 80.53905 -0.04966 0.50749
v 80.93111 -0.24445 0.55297
v 80.93111 -0.09620 0.50120
v 81.13268 -0.42490 0.59606
v 81.31558 -0.44475 0.59288
v 81.31558 -0.28813 0.54647
v 81.13268 -0.26729 0.54945
v 81.13268 -0.12014 0.49796
v 81.31558 -0.14191 0.49522
v 81.69229 -0.48565 0.58631
v 81.69229 -0.33107 0.54032
v 82.06104 -0.37312 0.53427
v 82.42164 -0.41425 0.52834
v 82.77390 -0.45446 0.52253
v 80.53905 0.43803 -0.03012
v 80.53905 0.51795 -0.02612
v 80.53905 0.58160 -0.01559
v 80.53905 0.62906 0.00030
v 80.93111 0.46278 -0.02530
v 80.93111 0.52558 -0.01504
v 80.93111 0.57243 0.00053
v 80.93111 0.60300 0.02177
v 80.53905 0.57001 0.19633
v 80.53905 0.62045 0.15326
v 80.53905 0.64717 0.13937
v 80.53905 0.64866 0.15942
v 80.93111 0.51454 0.19368
v 80.93111 0.60770 0.08025
v 80.93111 0.56422 0.15118
v 80.93111 0.59054 0.13750
v 80.93111 0.59202 0.15731
v 80.53905 0.66001 0.02192
v 80.53905 0.66467 0.08127
v 81.13268 0.43441 -0.02488
v 81.13268 0.49678 -0.01476
v 81.31558 0.47088 -0.01453
v 81.31558 0.51714 0.00073
v 81.13268 0.54332 0.00064
v 81.13268 0.57369 0.02168
v 81.31558 0.54735 0.02161
v 81.13268 0.53530 0.15011
v 81.13268 0.48601 0.19232
v 81.31558 0.46033 0.19117
v 81.31558 0.50929 0.14921
v 81.31558 0.53524 0.13571
v 81.31558 0.53671 0.15530
v 81.13268 0.57840 0.07972
v 81.31558 0.55208 0.07927
v 81.13268 0.56142 0.13653
v 81.13268 0.56289 0.15623
v 80.53905 0.50348 0.24377
v 80.93111 0.44899 0.24053
v 81.69229 0.46323 0.00092
v 81.69229 0.49310 0.02146
v 82.06104 0.44000 0.02131
v 81.69229 0.49785 0.07834
v 81.69229 0.48131 0.13402
v 81.69229 0.45572 0.14734
v 81.69229 0.48278 0.15340
v 82.06104 0.44476 0.07743
v 82.06104 0.42852 0.13237
v 82.06104 0.42999 0.15153
v 83.11765 -2.26351 -0.09635
v 83.45271 -2.28652 -0.09217
v 83.77891 -2.30905 -0.08818
v 83.11765 -2.06577 -0.05499
v 83.45271 -2.09106 -0.05150
v 83.45271 -1.89658 -0.02189
v 83.77891 -2.11582 -0.04817
v 83.77891 -1.92356 -0.01910
v 84.09608 -2.33094 -0.08436
v 84.09608 -2.13988 -0.04500
v 84.40407 -2.16324 -0.04197
v 84.09608 -1.94978 -0.01645
v 84.40407 -1.97524 -0.01392
v 83.11765 -1.86900 -0.02482
v 83.11765 -1.67500 -0.00252
v 83.45271 -1.70483 -0.00006
v 83.77891 -1.73401 0.00228
v 83.11765 -1.48477 0.01271
v 83.45271 -1.51683 0.01480
v 83.77891 -1.54817 0.01677
v 84.09608 -1.76237 0.00451
v 84.40407 -1.78991 0.00662
v 84.09608 -1.57864 0.01865
v 84.40407 -1.60822 0.02042
v 84.40407 -1.43112 0.02828
v 84.70270 -2.18588 -0.03909
v 84.99184 -2.20780 -0.03635
v 85.12048 -2.21755 -0.03514
v 84.70270 -1.99993 -0.01152
v 84.99184 -2.02382 -0.00924
v 85.12048 -2.03445 -0.00824
v 85.27132 -2.26928 -0.03350
v 85.54103 -2.18660 -0.00514
v 85.80080 -2.28057 -0.00335
v 85.27132 -2.08902 -0.00710
v 85.54103 -2.01392 0.01338
v 85.27132 -1.91134 0.01210
v 85.80080 -2.11273 0.01452
v 85.80080 -1.94821 0.02630
v 84.70270 -1.81661 0.00862
v 84.99184 -1.84246 0.01052
v 85.12048 -1.85395 0.01135
v 84.99184 -1.66466 0.02368
v 85.12048 -1.67701 0.02438
v 84.70270 -1.63690 0.02210
v 84.70270 -1.46174 0.02971
v 84.99184 -1.49138 0.03105
v 85.12048 -1.50456 0.03163
v 85.54103 -1.84466 0.02563
v 85.27132 -1.73715 0.02485
v 85.54103 -1.67970 0.03235
v 85.80080 -1.78788 0.03271
v 85.27132 -1.56738 0.03191
v 85.54103 -1.51992 0.03434
v 85.80080 -1.63258 0.03451
v 85.80080 -1.48286 0.03145
v 83.11765 -2.27151 0.65005
v 83.45271 -2.29345 0.64478
v 83.77891 -2.31496 0.63959
v 83.77891 -2.12252 0.66802
v 83.11765 -2.07456 0.67957
v 83.45271 -2.09878 0.67374
v 83.45271 -1.90581 0.69136
v 83.77891 -1.93176 0.68524
v 84.09608 -2.33589 0.63450
v 84.09608 -2.14561 0.66241
v 84.40407 -2.16805 0.65692
v 84.09608 -1.95701 0.67925
v 84.40407 -1.98154 0.67338
v 83.11765 -1.87931 0.69761
v 83.11765 -1.68676 0.70487
v 83.45271 -1.71552 0.69834
v 83.77891 -1.74367 0.69195
v 83.11765 -1.49790 0.70214
v 83.45271 -1.52889 0.69545
v 83.77891 -1.55920 0.68890
v 84.09608 -1.77105 0.68569
v 84.40407 -1.79766 0.67957
v 84.09608 -1.58870 0.68250
v 84.40407 -1.61735 0.67625
v 84.40407 -1.44155 0.66421
v 84.70270 -2.18982 0.65154
v 84.99184 -2.21091 0.64630
v 85.12048 -2.22030 0.64396
v 84.70270 -2.00535 0.66765
v 84.99184 -2.02841 0.66207
v 85.12048 -2.03867 0.65958
v 85.27132 -2.27163 0.63482
v 85.54103 -2.18967 0.63313
v 85.80080 -2.28298 0.61669
v 85.54103 -2.01840 0.63830
v 85.80080 -2.11652 0.62158
v 85.80080 -1.95332 0.61787
v 85.27132 -2.09283 0.65012
v 85.27132 -1.91657 0.65558
v 84.70270 -1.82348 0.67361
v 84.99184 -1.84849 0.66780
v 85.12048 -1.85962 0.66521
v 84.99184 -1.67208 0.66422
v 85.12048 -1.68407 0.66158
v 84.70270 -1.64515 0.67015
v 84.70270 -1.47130 0.65809
v 84.99184 -1.50011 0.65214
v 85.12048 -1.51293 0.64948
v 85.54103 -1.85048 0.63461
v 85.54103 -1.68680 0.62284
v 85.80080 -1.79424 0.60631
v 85.27132 -1.74375 0.65193
v 85.54103 -1.52750 0.60127
v 85.80080 -1.63943 0.58522
v 85.80080 -1.49050 0.55828
v 85.27132 -1.57529 0.63994
v 83.45271 -1.33357 0.02349
v 83.11765 -1.29934 0.02172
v 83.77891 -1.36702 0.02518
v 83.11765 -1.11969 0.02535
v 83.45271 -1.15603 0.02690
v 83.45271 -0.98485 0.02471
v 83.77891 -1.19154 0.02835
v 83.77891 -1.02233 0.02601
v 84.09608 -1.39954 0.02677
v 84.09608 -1.22606 0.02973
v 84.40407 -1.25957 0.03104
v 84.09608 -1.05878 0.02724
v 84.40407 -1.09417 0.02841
v 83.11765 -0.94647 0.02334
v 83.11765 -0.78113 0.01836
v 83.45271 -0.82145 0.01961
v 83.77891 -0.86084 0.02079
v 83.11765 -0.62458 0.01131
v 83.45271 -0.66675 0.01247
v 83.45271 -0.52158 0.00411
v 83.77891 -0.70793 0.01356
v 83.77891 -0.56444 0.00514
v 84.09608 -0.89913 0.02191
v 84.09608 -0.74797 0.01460
v 84.40407 -0.93630 0.02296
v 84.40407 -0.78684 0.01558
v 84.09608 -0.60612 0.00612
v 84.40407 -0.64659 0.00704
v 84.40407 -0.51629 -0.00196
v 84.40407 -0.52865 0.44857
v 84.70270 -1.29207 0.03226
v 84.99184 -1.32353 0.03342
v 85.12048 -1.33752 0.03392
v 84.70270 -1.12848 0.02950
v 84.70270 -0.97235 0.02396
v 84.99184 -1.16170 0.03053
v 85.12048 -1.17648 0.03098
v 84.99184 -1.00725 0.02490
v 85.12048 -1.02278 0.02531
v 85.27132 -1.40295 0.03409
v 85.54103 -1.36587 0.03132
v 85.27132 -1.24441 0.03112
v 85.54103 -1.21886 0.02570
v 85.80080 -1.33998 0.02587
v 85.80080 -1.20470 0.01857
v 85.27132 -1.09311 0.02547
v 85.54103 -1.07968 0.01830
v 85.80080 -1.07777 0.01024
v 85.80080 -1.21347 0.49022
v 85.80080 -1.08690 0.45090
v 85.80080 -0.96882 0.40780
v 84.70270 -0.82453 0.01651
v 84.99184 -0.86103 0.01739
v 85.12048 -0.87726 0.01777
v 85.12048 -0.74071 0.00911
v 84.70270 -0.68582 0.00792
v 84.70270 -0.55696 -0.00112
v 84.99184 -0.72381 0.00875
v 84.99184 -0.59634 -0.00032
v 85.12048 -0.61385 0.00003
v 85.27132 -0.94987 0.01797
v 85.54103 -0.94907 0.00984
v 85.27132 -0.81545 0.00939
v 85.54103 -0.82774 0.00098
v 85.80080 -0.95985 0.00153
v 85.80080 -0.85174 -0.00634
v 85.80080 -0.75407 -0.01262
v 85.27132 -0.69057 0.00038
v 85.54103 -0.71650 -0.00701
v 85.27132 -0.57609 -0.00775
v 85.54103 -0.61601 -0.01338
v 85.54103 -0.52684 -0.01745
v 85.80080 -0.66740 -0.01665
v 85.80080 -0.59222 -0.01793
v 85.80080 -0.52890 -0.01619
v 85.80080 -0.53566 0.19361
v 84.99184 -0.73511 0.48594
v 85.12048 -0.75171 0.48380
v 84.70270 -0.69782 0.49074
v 84.70270 -0.56864 0.44404
v 85.12048 -0.62460 0.43768
v 85.12048 -0.50793 0.39043
v 84.99184 -0.60737 0.43964
v 85.80080 -0.76243 0.31945
v 85.54103 -0.95889 0.46348
v 85.27132 -0.82602 0.47652
v 85.54103 -0.83737 0.41923
v 85.80080 -0.86046 0.36368
v 85.54103 -0.62493 0.32847
v 85.54103 -0.53529 0.28387
v 85.80080 -0.67534 0.27604
v 85.80080 -0.59976 0.23443
v 85.54103 -0.72583 0.37391
v 85.27132 -0.70091 0.43107
v 85.27132 -0.58608 0.38451
v 83.11765 -1.31373 0.69026
v 83.45271 -1.34689 0.68352
v 83.77891 -1.37933 0.67693
v 83.77891 -1.20421 0.65416
v 83.45271 -0.99917 0.63103
v 83.77891 -1.03570 0.62472
v 83.11765 -1.13439 0.66730
v 83.45271 -1.16969 0.66066
v 84.09608 -1.41089 0.67049
v 84.09608 -1.23779 0.64781
v 84.40407 -1.27041 0.64162
v 84.09608 -1.07124 0.61855
v 84.40407 -1.10575 0.61254
v 83.11765 -0.96180 0.63750
v 83.11765 -0.79690 0.60181
v 83.45271 -0.83625 0.59560
v 83.77891 -0.87470 0.58954
v 83.11765 -0.64057 0.56123
v 83.45271 -0.68181 0.55535
v 83.45271 -0.53672 0.51135
v 83.77891 -0.72210 0.54962
v 83.77891 -0.57874 0.50599
v 84.09608 -0.91211 0.58363
v 84.09608 -0.76129 0.54402
v 84.40407 -0.94845 0.57786
v 84.40407 -0.79935 0.53857
v 84.09608 -0.61961 0.50077
v 84.40407 -0.65931 0.49568
v 84.70270 -1.30206 0.63560
v 84.99184 -1.33271 0.62974
v 85.12048 -1.34636 0.62713
v 84.70270 -1.13924 0.60669
v 84.70270 -0.98369 0.57226
v 84.99184 -1.17167 0.60101
v 85.12048 -1.18610 0.59847
v 85.12048 -1.03302 0.56439
v 84.99184 -1.01783 0.56682
v 85.27132 -1.41132 0.61787
v 85.54103 -1.37425 0.57366
v 85.54103 -1.22787 0.54089
v 85.27132 -1.25358 0.58959
v 85.80080 -1.34826 0.52632
v 85.27132 -1.10291 0.55597
v 85.54103 -1.08916 0.50384
v 84.70270 -0.83628 0.53327
v 84.99184 -0.87204 0.52813
v 85.12048 -0.88795 0.52583
v 85.27132 -0.96012 0.51796
v 86.29004 -2.29881 0.01644
v 86.05051 -2.20771 0.01554
v 86.29004 -2.14323 0.02734
v 86.51926 -2.23459 0.02773
v 86.05051 -2.04775 0.02686
v 86.05051 -1.89186 0.03298
v 86.29004 -1.99160 0.03317
v 86.51926 -2.08705 0.03330
v 86.51926 -1.94415 0.03464
v 86.73804 -2.32180 0.02804
v 86.94629 -2.26487 0.03339
v 86.73804 -2.17816 0.03337
v 86.94629 -2.12935 0.03448
v 87.09152 -2.32534 0.03338
v 87.14390 -2.29798 0.03359
v 87.33075 -2.26262 0.01065
v 87.09152 -2.19233 0.03439
v 87.14390 -2.17347 0.03053
v 87.33075 -2.17500 0.00374
v 86.73804 -2.03904 0.03458
v 86.73804 -1.90493 0.03145
v 86.94629 -1.99871 0.03135
v 87.09152 -2.06411 0.03125
v 87.14390 -2.05465 0.02539
v 87.33075 -2.09466 -0.00252
v 87.33075 -2.02207 -0.00756
v 87.09152 -1.94174 0.02598
v 87.14390 -1.94216 0.01883
v 87.33075 -1.95766 -0.01091
v 87.33075 -1.90177 -0.01218
v 87.33075 -1.90629 0.17453
v 87.33075 -2.26754 0.33672
v 87.33075 -2.17995 0.30435
v 87.14390 -2.30144 0.49021
v 87.14390 -2.17768 0.46733
v 87.33075 -2.09957 0.27126
v 87.33075 -2.02687 0.23813
v 87.33075 -1.96231 0.20564
v 86.94629 -2.00346 0.48995
v 87.09152 -2.06853 0.48123
v 87.14390 -2.05950 0.44030
v 87.14390 -1.94753 0.40986
v 87.09152 -1.94682 0.45340
v 86.29004 -1.84475 0.03465
v 86.05051 -1.74087 0.03461
v 86.29004 -1.70318 0.03154
v 86.51926 -1.80640 0.03152
v 86.51926 -1.67494 0.02609
v 86.05051 -1.59532 0.03152
v 86.29004 -1.56808 0.02606
v 86.05051 -1.45640 0.02599
v 86.29004 -1.44017 0.01895
v 86.51926 -1.55049 0.01908
v 86.51926 -1.43371 0.01114
v 86.73804 -1.77695 0.02607
v 86.94629 -1.87403 0.02603
v 86.94629 -1.75601 0.01922
v 87.14390 -1.83662 0.01145
v 87.09152 -1.82590 0.01924
v 87.33075 -1.85468 -0.01116
v 87.33075 -1.81706 -0.00614
v 87.33075 -1.78888 0.00222
v 87.09152 -1.71721 0.01165
v 87.14390 -1.73856 0.00377
v 87.33075 -1.77032 0.01414
v 87.33075 -1.76671 0.04849
v 87.33075 -1.77606 0.08213
v 87.33075 -1.82043 0.11573
v 87.33075 -1.79146 0.09019
v 87.33075 -1.77503 0.09425
v 87.33075 -1.85881 0.14406
v 86.73804 -1.65578 0.01916
v 86.73804 -1.54210 0.01136
v 86.94629 -1.64526 0.01154
v 86.94629 -1.54238 0.00355
v 86.73804 -1.43648 0.00323
v 86.94629 -1.44805 -0.00368
v 87.09152 -1.61623 0.00376
v 87.14390 -1.64866 -0.00318
v 87.14390 -1.56744 -0.00877
v 87.09152 -1.52365 -0.00338
v 87.14390 -1.49536 -0.01247
v 87.09152 -1.44001 -0.00913
v 87.14390 -1.43283 -0.01384
v 87.14390 -1.43806 0.19536
v 86.51926 -1.68136 0.48585
v 86.29004 -1.44767 0.46447
v 86.51926 -1.55742 0.45237
v 86.51926 -1.44104 0.41596
v 87.14390 -1.74436 0.34057
v 86.73804 -1.78283 0.47346
v 86.94629 -1.87944 0.46165
v 86.73804 -1.66219 0.44080
v 86.94629 -1.76194 0.42977
v 87.14390 -1.84240 0.37677
v 87.09152 -1.83151 0.42206
v 87.09152 -1.72324 0.38800
v 86.94629 -1.45430 0.31839
v 87.14390 -1.57303 0.26651
v 87.14390 -1.65439 0.30357
v 87.14390 -1.50076 0.23016
v 87.09152 -1.52962 0.31262
v 87.09152 -1.44582 0.27446
v 86.73804 -1.54892 0.40528
v 86.94629 -1.65161 0.39510
v 86.94629 -1.54872 0.35718
v 86.73804 -1.44327 0.36641
v 87.09152 -1.62227 0.35073
v 87.50677 -2.34349 -0.01065
v 87.50677 -2.30167 -0.00978
v 87.50677 -2.26827 -0.00535
v 87.50677 -2.24324 0.00204
v 87.50677 -2.22674 0.01260
v 87.50677 -2.22352 0.04308
v 87.50677 -2.24546 0.08005
v 87.50677 -2.27118 0.10272
v 87.50677 -2.34738 0.15493
v 87.50677 -2.30524 0.12787
v 87.50677 -2.23180 0.07292
v 87.50677 -2.23089 0.08369
v 86.29004 -2.30138 0.58991
v 86.05051 -2.21086 0.60545
v 86.29004 -2.14707 0.58618
v 86.51926 -2.23788 0.57125
v 86.05051 -2.05220 0.60172
v 86.05051 -1.89755 0.59036
v 86.29004 -1.99666 0.57502
v 86.51926 -2.09154 0.56030
v 86.51926 -1.94914 0.54059
v 86.73804 -2.32458 0.55696
v 86.94629 -2.26835 0.53274
v 86.73804 -2.18211 0.54620
v 86.94629 -2.13333 0.51389
v 87.09152 -2.32850 0.52334
v 87.09152 -2.19598 0.50478
v 86.73804 -2.04349 0.52693
v 86.73804 -1.91017 0.50244
v 86.29004 -1.85030 0.55487
v 86.29004 -1.70952 0.52920
v 86.05051 -1.74705 0.56975
v 86.51926 -1.81217 0.51552
v 86.05051 -1.60228 0.54346
v 86.29004 -1.57507 0.49879
v 86.05051 -1.46401 0.51229
v 86.05051 -1.32489 0.01878
v 86.29004 -1.32015 0.01089
v 86.05051 -1.20149 0.01059
v 86.29004 -1.20865 0.00247
v 86.51926 -1.32522 0.00287
v 86.51926 -1.22575 -0.00461
v 86.05051 -1.08684 0.00202
v 86.29004 -1.10643 -0.00514
v 86.05051 -0.98174 -0.00571
v 86.29004 -1.01408 -0.01123
v 86.51926 -1.13589 -0.01061
v 86.51926 -1.05615 -0.01452
v 86.51926 -0.98697 -0.01588
v 86.73804 -1.33965 -0.00412
v 86.94629 -1.36283 -0.00949
v 86.73804 -1.25216 -0.01003
v 86.94629 -1.28721 -0.01331
v 86.94629 -1.22160 -0.01471
v 87.14390 -1.38015 -0.01266
v 87.09152 -1.36579 -0.01292
v 87.14390 -1.33806 -0.00700
v 87.09152 -1.30139 -0.01432
v 87.14390 -1.30654 0.00238
v 87.14390 -1.28578 0.01576
v 87.09152 -1.24714 -0.01309
v 87.09152 -1.20380 -0.00725
v 87.14390 -1.38490 0.16125
v 87.14390 -1.34193 0.12955
v 87.14390 -1.28176 0.05423
v 87.14390 -1.30949 0.10095
v 87.14390 -1.29225 0.09192
v 87.14390 -1.29110 0.10545
v 87.09152 -1.20782 0.13342
v 87.09152 -1.25207 0.16608
v 86.73804 -1.17453 -0.01389
v 86.73804 -1.10718 -0.01527
v 86.94629 -1.16633 -0.01343
v 86.94629 -1.12217 -0.00745
v 86.94629 -1.08911 0.00243
v 86.73804 -1.05045 -0.01392
v 86.73804 -1.00513 -0.00774
v 86.73804 -0.97119 0.00243
v 86.94629 -1.06734 0.01649
v 87.09152 -1.17134 0.00243
v 87.09152 -1.14996 0.01621
v 86.94629 -1.09229 0.10592
v 86.94629 -1.17145 0.16918
v 86.94629 -1.12635 0.13592
v 86.73804 -0.97454 0.10872
v 86.94629 -1.06315 0.05688
v 86.94629 -1.07419 0.09644
v 86.94629 -1.07299 0.11062
v 86.73804 -1.05585 0.17363
v 86.73804 -1.00953 0.13950
v 87.09152 -1.14583 0.05584
v 87.09152 -1.17441 0.10397
v 87.09152 -1.15665 0.09466
v 87.09152 -1.15546 0.10859
v 86.51926 -1.23288 0.33531
v 86.05051 -1.33300 0.47709
v 86.29004 -1.32803 0.42713
v 86.29004 -1.21645 0.38623
v 86.05051 -1.20997 0.43878
v 86.51926 -1.33249 0.37610
v 86.29004 -1.11405 0.34437
v 86.29004 -1.02142 0.30244
v 86.51926 -1.14278 0.29445
v 86.51926 -1.06274 0.25436
v 86.51926 -0.99329 0.21595
v 86.05051 -1.09521 0.39680
v 86.05051 -0.98988 0.35383
v 86.73804 -1.34632 0.32664
v 86.94629 -1.36891 0.27954
v 86.94629 -1.29306 0.24144
v 86.94629 -1.22725 0.20494
v 86.73804 -1.25863 0.28681
v 87.09152 -1.37139 0.23704
v 87.09152 -1.30682 0.20120
v 86.73804 -1.18074 0.24774
v 86.73804 -1.11315 0.21031
v 86.05051 -0.88678 -0.01190
v 86.29004 -0.93213 -0.01518
v 86.29004 -0.86103 -0.01652
v 86.05051 -0.80252 -0.01589
v 86.29004 -0.80115 -0.01499
v 86.29004 -0.75333 -0.00839
v 86.51926 -0.92870 -0.01444
v 86.51926 -0.88216 -0.00805
v 86.51926 -0.84731 0.00243
v 86.51926 -0.82438 0.01731
v 86.29004 -0.80718 0.18318
v 86.29004 -0.75823 0.14721
v 86.51926 -0.85084 0.11166
v 86.51926 -0.93441 0.17829
v 86.51926 -0.88680 0.14327
v 86.51926 -0.82003 0.05993
v 86.51926 -0.83173 0.10166
v 86.51926 -0.83048 0.11660
v 86.05051 -0.72943 -0.01721
v 86.05051 -0.66786 -0.01557
v 86.05051 -0.61870 -0.00874
v 86.29004 -0.71753 0.00243
v 86.29004 -0.69398 0.01774
v 86.05051 -0.58190 0.00242
v 86.05051 -0.55771 0.01820
v 86.29004 -0.68954 0.06156
v 86.29004 -0.72125 0.11474
v 86.29004 -0.70160 0.10447
v 86.29004 -0.70032 0.11981
v 86.05051 -0.67425 0.18829
v 86.05051 -0.62388 0.15133
v 86.05051 -0.56562 0.10739
v 86.05051 -0.58583 0.11796
v 86.05051 -0.56431 0.12316
v 86.05051 -0.55318 0.06326
v 86.73804 -0.94886 0.01689
v 86.73804 -0.94459 0.05836
v 86.73804 -0.95595 0.09899
v 86.73804 -0.95472 0.11354
v 86.29004 -0.93913 0.26129
v 86.29004 -0.86773 0.22185
v 86.05051 -0.89461 0.31077
v 86.05051 -0.80998 0.26852
v 86.05051 -0.73653 0.22801
v 83.11765 -0.47767 0.00303
v 83.45271 -0.38671 -0.00475
v 83.11765 -0.34119 -0.00578
v 83.77891 -0.43114 -0.00377
v 83.77891 -0.30894 -0.01179
v 83.11765 -0.21608 -0.01368
v 83.45271 -0.26307 -0.01271
v 83.45271 -0.05231 -0.02267
v 83.11765 -0.10307 -0.01983
v 83.45271 -0.15139 -0.01893
v 83.77891 -0.19855 -0.01807
v 83.77891 -0.10062 -0.02188
v 84.09608 -0.47434 -0.00284
v 84.09608 -0.35353 -0.01090
v 84.40407 -0.39684 -0.01006
v 84.40407 -0.28893 -0.01646
v 84.09608 -0.24440 -0.01725
v 84.09608 -0.14759 -0.02113
v 84.09608 -0.06362 -0.02202
v 84.40407 -0.19319 -0.02042
v 84.40407 -0.11016 -0.02139
v 84.40407 -0.04024 -0.01908
v 83.45271 -0.40133 0.46294
v 83.45271 -0.27701 0.41327
v 83.11765 -0.35664 0.46798
v 83.77891 -0.44497 0.45802
v 83.77891 -0.32215 0.40882
v 83.45271 -0.06453 0.31432
v 83.77891 -0.11225 0.31084
v 83.11765 -0.23078 0.41783
v 83.45271 -0.16452 0.36337
v 83.11765 -0.11689 0.36744
v 83.77891 -0.21102 0.35941
v 84.09608 -0.48742 0.45323
v 84.09608 -0.36606 0.40449
v 84.40407 -0.40870 0.40027
v 84.40407 -0.30017 0.35180
v 84.09608 -0.15866 0.30746
v 84.09608 -0.07394 0.26131
v 84.40407 -0.20373 0.30418
v 84.40407 -0.12001 0.25848
v 84.40407 -0.04898 0.21359
v 84.09608 -0.25625 0.35555
v 83.11765 -0.00281 -0.02348
v 83.45271 0.03361 -0.02335
v 83.11765 0.08413 -0.02405
v 83.11765 0.15731 -0.02124
v 83.45271 0.10595 -0.02066
v 83.45271 0.16364 -0.01196
v 83.77891 -0.01568 -0.02267
v 83.77891 0.05582 -0.02012
v 83.77891 0.11286 -0.01160
v 83.77891 0.15550 0.00185
v 83.77891 0.18344 0.02056
v 83.45271 0.15560 0.17770
v 83.77891 0.18828 0.07318
v 83.77891 0.17336 0.12470
v 83.77891 0.10517 0.17567
v 83.77891 0.14972 0.13702
v 83.77891 0.17480 0.14287
v 83.11765 0.21567 -0.01234
v 83.11765 0.25927 0.00157
v 83.11765 0.28783 0.02085
v 83.45271 0.20675 0.00171
v 83.45271 0.23500 0.02070
v 83.11765 0.29264 0.07481
v 83.45271 0.23982 0.07398
v 83.11765 0.20727 0.17979
v 83.11765 0.25298 0.14025
v 83.11765 0.27723 0.12762
v 83.11765 0.27868 0.14618
v 83.45271 0.20072 0.13861
v 83.45271 0.22466 0.12614
v 83.45271 0.22611 0.14450
v 84.09608 0.00709 -0.01959
v 84.09608 0.06349 -0.01125
v 84.09608 0.10566 0.00197
v 84.09608 0.13331 0.02041
v 84.40407 0.01555 -0.01092
v 84.40407 0.05727 0.00209
v 84.40407 0.08464 0.02027
v 84.09608 0.05613 0.17369
v 84.09608 0.12347 0.12329
v 84.09608 0.13815 0.07240
v 84.09608 0.10013 0.13546
v 84.09608 0.12491 0.14128
v 84.40407 0.07503 0.12193
v 84.40407 0.00850 0.17177
v 84.40407 0.05196 0.13395
v 84.40407 0.07646 0.13974
v 84.40407 0.08948 0.07164
v 83.11765 0.07224 0.27028
v 83.45271 0.02227 0.26721
v 83.11765 -0.01566 0.31788
v 83.11765 0.14686 0.22346
v 83.45271 0.09596 0.22089
v 83.77891 -0.02651 0.26422
v 83.77891 0.04627 0.21839
v 84.09608 -0.00205 0.21596
v 84.70270 -0.43882 -0.00926
v 84.70270 -0.33210 -0.01571
v 84.99184 -0.47947 -0.00850
v 85.12048 -0.49755 -0.00817
v 85.12048 -0.39249 -0.01468
v 84.99184 -0.37390 -0.01499
v 84.99184 -0.28022 -0.01908
v 85.12048 -0.29927 -0.01879
v 84.70270 -0.15528 -0.02080
v 84.70270 -0.23741 -0.01973
v 84.70270 -0.08612 -0.01860
v 84.99184 -0.19897 -0.02022
v 85.12048 -0.21841 -0.01997
v 84.99184 -0.13055 -0.01813
v 84.99184 -0.07594 -0.01030
v 85.12048 -0.15031 -0.01793
v 85.12048 -0.09596 -0.01016
v 85.12048 -0.05530 0.00235
v 84.99184 -0.03996 0.13107
v 84.99184 -0.08240 0.16810
v 85.12048 -0.10230 0.16729
v 85.12048 -0.06008 0.13044
v 85.27132 -0.47266 -0.01421
v 85.54103 -0.44949 -0.01870
v 85.27132 -0.38090 -0.01830
v 85.27132 -0.30130 -0.01951
v 85.54103 -0.38434 -0.01685
v 85.54103 -0.33234 -0.00951
v 85.54103 -0.29342 0.00239
v 85.80080 -0.47835 -0.00911
v 85.80080 -0.44051 0.00241
v 85.80080 -0.41564 0.01867
v 85.54103 -0.29781 0.12480
v 85.54103 -0.27639 0.11362
v 85.54103 -0.33814 0.16008
v 85.54103 -0.27503 0.13028
v 85.80080 -0.44466 0.12131
v 85.80080 -0.41102 0.06504
v 85.80080 -0.42386 0.11044
v 85.80080 -0.48383 0.15562
v 85.80080 -0.42252 0.12665
v 85.27132 -0.23426 -0.01754
v 85.27132 -0.18075 -0.00992
v 85.54103 -0.26785 0.01915
v 85.27132 -0.14071 0.00237
v 85.27132 -0.11441 0.01965
v 85.54103 -0.26314 0.06689
v 85.27132 -0.18689 0.16470
v 85.27132 -0.10961 0.06880
v 85.27132 -0.12329 0.11691
v 85.27132 -0.14535 0.12842
v 85.27132 -0.12190 0.13404
v 85.12048 -0.40238 0.34305
v 84.99184 -0.38402 0.34462
v 84.99184 -0.28976 0.29789
v 85.12048 -0.30860 0.29652
v 84.70270 -0.45006 0.39618
v 84.70270 -0.34277 0.34816
v 84.99184 -0.49011 0.39220
v 84.70270 -0.16469 0.25573
v 84.70270 -0.24744 0.30099
v 84.70270 -0.09448 0.21130
v 84.99184 -0.20795 0.25307
v 85.12048 -0.22720 0.25189
v 85.12048 -0.15815 0.20808
v 84.99184 -0.13854 0.20907
v 85.54103 -0.45749 0.24110
v 85.54103 -0.39151 0.19914
v 85.27132 -0.48220 0.33782
v 85.27132 -0.38991 0.29198
v 85.27132 -0.30980 0.24802
v 85.27132 -0.24185 0.20488
v 84.70270 -0.03093 -0.01060
v 84.70270 0.01034 0.00220
v 84.70270 0.03744 0.02013
v 84.99184 -0.03508 0.00231
v 84.99184 -0.00826 0.01999
v 85.12048 -0.02859 0.01993
v 84.70270 0.04229 0.07090
v 84.70270 0.02805 0.12061
v 84.70270 0.00526 0.13249
v 84.70270 -0.03768 0.16990
v 84.70270 0.02947 0.13824
v 84.99184 -0.00341 0.07019
v 84.99184 -0.01743 0.11932
v 85.12048 -0.02374 0.06987
v 85.12048 -0.03767 0.11875
v 84.99184 -0.01602 0.13679
v 85.12048 -0.03626 0.13615
v 83.11765 -0.49370 0.51684
f 1 2 24
f 23 3 1
f 23 10 3
f 2 5 27
f 1 24 23
f 2 27 24
f 5 7 31
f 7 9 33
f 9 18 40
f 3 2 1
f 3 4 2
f 4 5 2
f 10 4 3
f 11 6 4
f 10 11 4
f 4 6 5
f 6 7 5
f 6 8 7
f 8 9 7
f 8 13 9
f 13 18 9
f 12 8 6
f 11 12 6
f 35 11 10
f 36 12 11
f 14 13 8
f 12 14 8
f 13 19 18
f 15 19 13
f 14 15 13
f 15 43 19
f 19 20 18
f 19 21 20
f 43 21 19
f 21 16 20
f 44 22 21
f 21 22 16
f 22 17 16
f 5 31 27
f 23 24 26
f 23 26 25
f 24 28 26
f 24 27 28
f 7 33 31
f 9 40 33
f 25 26 30
f 27 32 28
f 26 28 60
f 25 30 29
f 26 60 30
f 28 61 60
f 27 31 32
f 31 34 32
f 31 33 34
f 33 40 41
f 28 32 61
f 32 34 62
f 33 41 34
f 23 35 10
f 37 14 12
f 35 36 11
f 36 37 12
f 38 15 14
f 38 39 15
f 39 43 15
f 37 38 14
f 23 85 35
f 85 36 35
f 86 37 36
f 87 38 37
f 39 47 43
f 88 39 38
f 18 42 40
f 18 20 42
f 20 16 68
f 16 17 70
f 20 68 42
f 40 66 41
f 40 42 66
f 16 70 68
f 43 44 21
f 47 44 43
f 44 46 22
f 46 45 22
f 22 45 17
f 46 49 45
f 47 48 44
f 48 46 44
f 75 49 46
f 48 75 46
f 75 76 49
f 45 50 17
f 45 53 50
f 53 51 50
f 53 52 51
f 52 56 51
f 17 97 70
f 17 50 97
f 50 51 99
f 49 53 45
f 49 54 53
f 54 52 53
f 76 54 49
f 54 55 52
f 55 57 52
f 52 57 56
f 57 58 56
f 51 56 103
f 57 59 58
f 59 119 58
f 55 105 57
f 105 59 57
f 29 30 64
f 30 60 65
f 32 62 61
f 34 41 67
f 34 67 62
f 60 61 77
f 29 64 63
f 30 65 64
f 60 77 65
f 61 62 78
f 62 67 79
f 61 78 77
f 62 79 78
f 85 86 36
f 86 87 37
f 23 92 85
f 87 88 38
f 89 47 39
f 88 89 39
f 89 90 47
f 41 66 72
f 42 69 66
f 41 72 67
f 66 73 72
f 42 68 69
f 68 71 69
f 68 70 71
f 66 69 73
f 69 71 74
f 67 72 80
f 69 74 73
f 72 73 82
f 90 48 47
f 91 75 48
f 90 91 48
f 83 76 75
f 91 83 75
f 83 84 76
f 63 64 149
f 192 23 25
f 192 25 29
f 64 65 150
f 65 77 151
f 63 149 148
f 64 150 149
f 192 29 63
f 65 151 150
f 77 78 152
f 78 79 153
f 77 152 151
f 67 80 79
f 72 82 80
f 73 74 81
f 73 81 82
f 79 80 154
f 80 82 155
f 92 86 85
f 93 87 86
f 94 88 87
f 23 162 92
f 92 93 86
f 93 94 87
f 95 89 88
f 96 90 89
f 94 95 88
f 95 96 89
f 96 164 90
f 164 91 90
f 165 83 91
f 164 165 91
f 166 84 83
f 165 166 83
f 50 99 97
f 70 98 71
f 70 97 98
f 51 103 99
f 71 98 108
f 97 100 98
f 71 108 74
f 98 109 108
f 97 99 100
f 98 100 109
f 99 104 100
f 76 101 54
f 101 55 54
f 101 102 55
f 102 105 55
f 84 101 76
f 111 102 101
f 56 114 103
f 56 58 114
f 59 120 119
f 58 119 129
f 99 103 104
f 103 115 104
f 58 129 114
f 105 106 59
f 107 106 105
f 106 120 59
f 106 123 120
f 102 107 105
f 107 117 106
f 117 123 106
f 74 108 110
f 100 113 109
f 108 109 175
f 74 110 81
f 108 175 110
f 109 176 175
f 84 111 101
f 111 112 102
f 112 107 102
f 100 104 113
f 103 114 115
f 104 115 116
f 104 116 113
f 114 130 115
f 114 129 130
f 109 113 176
f 113 116 177
f 115 131 116
f 115 130 131
f 112 118 107
f 118 117 107
f 117 134 123
f 118 178 117
f 178 134 117
f 178 221 134
f 167 111 84
f 183 112 111
f 120 121 119
f 120 122 121
f 123 122 120
f 122 125 121
f 119 132 129
f 119 121 132
f 124 126 122
f 123 124 122
f 134 124 123
f 122 126 125
f 126 127 125
f 121 125 136
f 138 128 126
f 126 128 127
f 124 138 126
f 129 133 130
f 121 136 132
f 129 132 133
f 130 133 219
f 130 219 131
f 132 137 133
f 134 135 124
f 135 138 124
f 221 135 134
f 125 224 136
f 125 127 224
f 128 141 127
f 139 142 128
f 132 136 137
f 127 235 224
f 140 139 138
f 138 139 128
f 135 140 138
f 140 227 139
f 227 143 139
f 128 142 141
f 127 141 235
f 142 144 141
f 142 145 144
f 143 145 142
f 141 144 238
f 139 143 142
f 143 240 145
f 145 146 144
f 240 147 145
f 145 147 146
f 78 153 152
f 150 151 160
f 151 152 161
f 152 153 188
f 148 149 158
f 192 63 148
f 149 150 159
f 79 154 153
f 80 155 154
f 82 81 156
f 82 156 155
f 148 158 157
f 149 159 158
f 150 160 159
f 151 161 160
f 152 188 161
f 192 148 157
f 23 192 349
f 153 154 189
f 154 155 190
f 155 156 191
f 153 189 188
f 154 190 189
f 155 191 190
f 23 207 162
f 162 93 92
f 163 94 93
f 168 95 94
f 169 96 95
f 170 164 96
f 162 163 93
f 163 168 94
f 168 169 95
f 169 170 96
f 170 171 164
f 166 167 84
f 171 165 164
f 172 166 165
f 173 167 166
f 23 377 207
f 207 163 162
f 208 168 163
f 209 169 168
f 210 170 169
f 211 171 170
f 171 172 165
f 172 173 166
f 173 174 167
f 212 172 171
f 81 110 179
f 110 175 180
f 81 179 156
f 110 180 179
f 113 177 176
f 116 131 220
f 116 220 177
f 175 176 181
f 176 177 182
f 175 181 180
f 156 179 200
f 179 180 201
f 176 182 181
f 177 220 252
f 177 252 182
f 180 181 202
f 167 183 111
f 184 118 112
f 183 184 112
f 174 183 167
f 186 178 118
f 184 186 118
f 186 187 178
f 187 221 178
f 185 184 183
f 204 186 184
f 174 185 183
f 185 204 184
f 187 233 221
f 205 187 186
f 206 233 187
f 204 205 186
f 157 158 193
f 158 159 194
f 159 160 195
f 160 161 196
f 157 193 192
f 158 194 193
f 159 195 194
f 161 188 197
f 160 196 195
f 188 189 198
f 189 190 199
f 190 191 348
f 161 197 196
f 188 198 197
f 189 199 198
f 190 348 199
f 23 349 363
f 213 173 172
f 214 174 173
f 192 193 350
f 193 194 351
f 194 195 352
f 156 200 191
f 179 201 200
f 180 202 201
f 181 182 203
f 182 252 256
f 181 203 202
f 182 256 203
f 191 200 358
f 200 201 359
f 191 358 348
f 200 359 358
f 201 360 359
f 201 202 360
f 202 203 361
f 203 256 405
f 215 185 174
f 216 204 185
f 217 205 204
f 205 206 187
f 206 259 233
f 218 206 205
f 390 259 206
f 207 208 163
f 208 209 168
f 209 210 169
f 210 211 170
f 211 212 171
f 377 208 207
f 212 213 172
f 213 214 173
f 214 215 174
f 378 209 208
f 379 210 209
f 380 211 210
f 381 212 211
f 377 378 208
f 378 379 209
f 379 380 210
f 380 381 211
f 381 382 212
f 382 213 212
f 383 214 213
f 384 215 214
f 215 216 185
f 216 217 204
f 385 216 215
f 217 218 205
f 218 390 206
f 390 422 259
f 131 219 229
f 133 223 219
f 131 229 220
f 219 230 229
f 221 222 135
f 222 140 135
f 133 137 223
f 136 225 137
f 137 226 223
f 136 224 225
f 137 225 226
f 224 236 225
f 219 223 230
f 225 243 226
f 223 226 231
f 222 228 140
f 228 227 140
f 228 232 227
f 232 237 227
f 220 229 253
f 220 253 252
f 229 254 253
f 223 231 230
f 226 244 231
f 229 230 254
f 230 231 255
f 233 222 221
f 233 234 222
f 234 228 222
f 260 232 228
f 234 260 228
f 261 245 232
f 260 261 232
f 224 235 236
f 141 238 235
f 225 236 243
f 235 239 236
f 235 238 239
f 236 239 246
f 227 237 143
f 237 240 143
f 237 242 240
f 232 245 237
f 245 242 237
f 144 247 238
f 144 146 247
f 147 275 146
f 241 276 147
f 238 248 239
f 146 284 247
f 242 241 240
f 240 241 147
f 250 279 241
f 242 250 241
f 226 243 244
f 236 246 243
f 243 246 265
f 243 265 244
f 245 251 242
f 239 249 246
f 238 247 248
f 239 248 249
f 247 285 248
f 248 301 249
f 246 249 266
f 251 250 242
f 251 267 250
f 267 288 250
f 271 251 245
f 252 253 257
f 230 255 254
f 231 268 255
f 253 254 258
f 252 257 256
f 253 258 257
f 254 255 404
f 254 404 258
f 255 409 404
f 259 234 233
f 262 260 234
f 259 262 234
f 263 261 260
f 264 271 261
f 262 263 260
f 422 262 259
f 423 263 262
f 263 264 261
f 424 264 263
f 231 244 268
f 244 265 269
f 244 269 268
f 246 266 265
f 249 303 266
f 265 266 270
f 255 268 409
f 268 269 410
f 265 270 269
f 266 529 270
f 261 271 245
f 271 272 251
f 272 267 251
f 272 274 267
f 274 304 267
f 273 272 271
f 264 273 271
f 273 412 272
f 412 274 272
f 413 315 274
f 412 413 274
f 422 423 262
f 147 276 275
f 146 275 284
f 276 277 275
f 276 278 277
f 279 278 276
f 278 281 277
f 275 277 286
f 241 279 276
f 279 280 278
f 280 282 278
f 278 282 281
f 282 283 281
f 277 281 291
f 282 290 283
f 280 293 282
f 293 290 282
f 247 284 285
f 275 286 284
f 277 291 286
f 248 285 301
f 284 286 287
f 284 287 285
f 286 292 287
f 285 287 302
f 285 302 301
f 250 288 279
f 288 280 279
f 289 293 280
f 288 289 280
f 267 304 288
f 304 289 288
f 305 295 289
f 281 283 307
f 281 307 291
f 286 291 292
f 289 295 293
f 295 294 293
f 293 294 290
f 295 310 294
f 290 296 283
f 283 319 307
f 283 296 319
f 294 297 290
f 290 297 296
f 294 298 297
f 310 298 294
f 297 299 296
f 298 300 297
f 297 300 299
f 298 323 300
f 300 330 299
f 249 301 303
f 287 306 302
f 301 302 312
f 301 312 303
f 302 313 312
f 304 305 289
f 287 292 306
f 291 308 292
f 292 309 306
f 291 307 308
f 292 308 309
f 302 306 313
f 306 309 314
f 311 310 295
f 305 311 295
f 311 317 310
f 266 303 529
f 303 312 530
f 303 530 529
f 312 531 530
f 306 314 313
f 312 313 531
f 313 314 532
f 315 305 304
f 316 311 305
f 274 315 304
f 315 316 305
f 536 316 315
f 318 317 311
f 316 318 311
f 318 538 317
f 307 320 308
f 307 319 320
f 308 325 309
f 308 320 325
f 310 321 298
f 317 321 310
f 296 322 319
f 296 299 322
f 319 326 320
f 319 322 326
f 299 335 322
f 321 323 298
f 323 331 300
f 321 324 323
f 328 324 321
f 324 332 323
f 309 325 541
f 309 541 314
f 317 328 321
f 320 327 325
f 320 326 327
f 322 336 326
f 325 327 542
f 325 542 541
f 326 564 327
f 328 329 324
f 329 337 324
f 538 328 317
f 545 329 328
f 299 330 335
f 330 333 338
f 300 331 330
f 323 332 331
f 331 333 330
f 324 337 332
f 332 334 331
f 331 334 333
f 332 340 334
f 334 342 333
f 340 343 334
f 334 343 342
f 322 335 336
f 330 338 335
f 326 336 564
f 335 339 336
f 335 338 339
f 336 339 566
f 337 340 332
f 337 341 340
f 569 341 337
f 333 342 573
f 333 573 338
f 340 344 343
f 341 344 340
f 341 576 344
f 329 569 337
f 343 345 342
f 344 346 343
f 343 346 345
f 576 347 344
f 342 345 577
f 344 347 346
f 346 646 345
f 347 647 346
f 346 647 646
f 192 350 349
f 193 351 350
f 195 196 353
f 196 197 354
f 194 352 351
f 195 353 352
f 196 354 353
f 23 363 440
f 197 198 355
f 198 199 356
f 197 355 354
f 198 356 355
f 199 348 357
f 349 350 364
f 350 351 365
f 23 440 451
f 351 352 366
f 352 353 367
f 353 354 368
f 199 357 356
f 202 361 360
f 203 405 361
f 348 358 362
f 358 359 372
f 348 362 357
f 358 372 362
f 359 373 372
f 359 360 373
f 360 361 374
f 360 374 373
f 361 405 414
f 349 364 363
f 350 365 364
f 351 366 365
f 352 367 366
f 353 368 367
f 354 355 369
f 355 356 370
f 356 357 371
f 354 369 368
f 355 370 369
f 356 371 370
f 357 362 375
f 362 372 376
f 361 414 374
f 372 373 438
f 357 375 371
f 362 376 375
f 372 438 376
f 373 374 439
f 374 414 464
f 373 439 438
f 374 464 439
f 382 383 213
f 383 384 214
f 384 385 215
f 386 378 377
f 387 379 378
f 388 380 379
f 389 381 380
f 395 382 381
f 386 387 378
f 387 388 379
f 388 389 380
f 389 395 381
f 395 396 382
f 396 383 382
f 397 384 383
f 398 385 384
f 396 397 383
f 397 398 384
f 398 399 385
f 391 217 216
f 392 218 217
f 385 391 216
f 391 392 217
f 393 390 218
f 394 422 390
f 392 393 218
f 393 394 390
f 394 425 422
f 399 391 385
f 400 392 391
f 401 393 392
f 23 451 853
f 363 364 441
f 364 365 442
f 365 366 443
f 366 367 444
f 367 368 445
f 368 369 446
f 484 387 386
f 485 388 387
f 486 389 388
f 487 395 389
f 488 396 395
f 489 397 396
f 490 398 397
f 491 399 398
f 399 400 391
f 400 401 392
f 402 394 393
f 403 425 394
f 401 402 393
f 402 403 394
f 403 433 425
f 492 400 399
f 500 401 400
f 501 402 401
f 502 403 402
f 503 433 403
f 256 257 406
f 256 406 405
f 257 407 406
f 257 258 407
f 258 404 408
f 258 408 407
f 404 418 408
f 426 273 264
f 405 406 415
f 268 410 409
f 404 409 418
f 269 270 411
f 269 411 410
f 270 533 411
f 409 410 419
f 409 419 418
f 410 411 420
f 427 412 273
f 428 413 412
f 429 536 413
f 405 415 414
f 406 416 415
f 406 407 416
f 407 408 417
f 407 417 416
f 414 415 465
f 408 421 417
f 415 416 466
f 410 420 419
f 411 549 420
f 408 418 421
f 418 419 468
f 418 468 421
f 419 420 469
f 419 469 468
f 420 597 469
f 425 423 422
f 423 424 263
f 424 426 264
f 430 424 423
f 425 430 423
f 431 426 424
f 432 427 426
f 430 431 424
f 426 427 273
f 427 428 412
f 435 428 427
f 428 429 413
f 431 432 426
f 433 430 425
f 434 431 430
f 433 434 430
f 473 432 431
f 434 473 431
f 474 435 432
f 473 474 432
f 432 435 427
f 435 436 428
f 436 429 428
f 437 556 429
f 436 437 429
f 474 475 435
f 475 436 435
f 476 437 436
f 363 441 440
f 364 442 441
f 365 443 442
f 366 444 443
f 367 445 444
f 369 370 447
f 370 371 448
f 368 446 445
f 369 447 446
f 370 448 447
f 440 441 452
f 441 442 453
f 442 443 454
f 443 444 455
f 444 445 456
f 445 446 457
f 23 853 863
f 23 863 919
f 371 375 449
f 371 449 448
f 375 376 450
f 376 438 460
f 438 439 461
f 375 450 449
f 376 460 450
f 439 464 478
f 438 461 460
f 439 478 461
f 446 447 458
f 447 448 459
f 440 452 451
f 441 453 452
f 442 454 453
f 443 455 454
f 444 456 455
f 445 457 456
f 446 458 457
f 447 459 458
f 451 452 854
f 452 453 855
f 453 454 856
f 454 455 857
f 455 456 858
f 448 449 462
f 449 450 463
f 450 460 843
f 460 461 844
f 461 478 845
f 448 462 459
f 449 463 462
f 450 843 463
f 460 844 843
f 461 845 844
f 414 465 464
f 415 466 465
f 416 417 467
f 416 467 466
f 417 470 467
f 417 421 470
f 421 468 471
f 468 469 472
f 421 471 470
f 468 472 471
f 469 604 472
f 464 465 479
f 464 479 478
f 465 466 480
f 466 467 481
f 518 434 433
f 519 473 434
f 520 474 473
f 521 475 474
f 475 476 436
f 477 560 437
f 476 477 437
f 526 476 475
f 527 477 476
f 528 609 477
f 465 480 479
f 466 481 480
f 467 482 481
f 478 479 846
f 479 480 847
f 480 481 848
f 478 846 845
f 467 470 482
f 470 471 483
f 470 483 482
f 471 472 849
f 471 849 483
f 472 951 849
f 484 485 387
f 485 486 388
f 486 487 389
f 487 488 395
f 488 489 396
f 489 490 397
f 490 491 398
f 491 492 399
f 492 500 400
f 493 485 484
f 494 486 485
f 495 487 486
f 496 488 487
f 497 489 488
f 498 490 489
f 499 491 490
f 504 492 491
f 493 494 485
f 494 495 486
f 495 496 487
f 496 497 488
f 497 498 489
f 510 494 493
f 498 499 490
f 499 504 491
f 504 505 492
f 500 501 401
f 501 502 402
f 502 503 403
f 503 518 433
f 505 500 492
f 506 501 500
f 507 502 501
f 508 503 502
f 509 518 503
f 505 506 500
f 506 507 501
f 23 919 928
f 23 2350 377
f 511 495 494
f 512 496 495
f 513 497 496
f 514 498 497
f 515 499 498
f 516 504 499
f 517 505 504
f 875 506 505
f 507 508 502
f 508 509 503
f 509 522 518
f 885 507 506
f 886 508 507
f 887 509 508
f 888 522 509
f 510 511 494
f 511 512 495
f 512 513 496
f 513 514 497
f 514 515 498
f 876 511 510
f 877 512 511
f 515 516 499
f 516 517 504
f 517 875 505
f 875 885 506
f 885 886 507
f 886 887 508
f 518 519 434
f 522 519 518
f 519 520 473
f 520 521 474
f 521 526 475
f 526 527 476
f 523 520 519
f 524 521 520
f 525 526 521
f 522 523 519
f 523 524 520
f 902 523 522
f 903 524 523
f 524 525 521
f 893 527 526
f 527 528 477
f 894 528 527
f 895 641 528
f 525 893 526
f 893 894 527
f 894 895 528
f 270 529 533
f 529 530 534
f 313 532 531
f 530 531 535
f 529 534 533
f 530 535 534
f 411 533 549
f 531 548 535
f 531 532 548
f 537 318 316
f 413 536 315
f 536 537 316
f 539 538 318
f 537 539 318
f 539 540 538
f 556 537 536
f 557 539 537
f 558 540 539
f 314 541 543
f 314 543 532
f 327 565 542
f 541 542 544
f 541 544 543
f 532 543 553
f 532 553 548
f 542 567 544
f 543 544 554
f 538 545 328
f 540 545 538
f 545 546 329
f 546 569 329
f 540 547 545
f 547 546 545
f 555 571 546
f 547 555 546
f 533 534 550
f 533 550 549
f 534 551 550
f 534 535 551
f 535 552 551
f 535 548 552
f 420 549 597
f 549 550 598
f 550 551 599
f 548 553 601
f 543 554 553
f 544 585 554
f 548 601 552
f 553 554 602
f 553 602 601
f 559 547 540
f 562 555 547
f 429 556 536
f 556 557 537
f 560 557 556
f 561 558 557
f 557 558 539
f 558 559 540
f 437 560 556
f 560 561 557
f 607 559 558
f 561 607 558
f 607 608 559
f 559 562 547
f 563 587 555
f 608 562 559
f 562 563 555
f 612 563 562
f 327 564 565
f 336 566 564
f 564 568 565
f 564 566 568
f 338 574 339
f 338 573 574
f 339 575 566
f 339 574 575
f 570 576 341
f 542 565 567
f 565 568 584
f 565 584 567
f 566 580 568
f 566 575 580
f 568 580 589
f 569 570 341
f 546 571 569
f 571 570 569
f 570 582 576
f 571 572 570
f 587 572 571
f 572 582 570
f 572 592 582
f 342 577 573
f 573 578 574
f 574 581 575
f 573 577 578
f 574 578 581
f 576 579 347
f 345 657 577
f 577 658 578
f 579 649 347
f 345 646 657
f 347 649 647
f 579 665 649
f 575 581 590
f 575 590 580
f 578 661 581
f 577 657 658
f 578 658 661
f 581 661 675
f 582 579 576
f 582 583 579
f 592 583 582
f 583 665 579
f 583 667 665
f 593 667 583
f 544 567 585
f 567 584 586
f 567 586 585
f 568 589 584
f 554 585 621
f 584 589 623
f 584 623 586
f 555 587 571
f 587 588 572
f 588 592 572
f 588 594 592
f 580 590 591
f 580 591 589
f 581 675 590
f 590 681 591
f 590 675 681
f 589 591 624
f 589 624 623
f 591 681 720
f 592 593 583
f 594 593 592
f 593 686 667
f 594 596 593
f 596 686 593
f 596 733 686
f 563 595 587
f 595 588 587
f 595 631 588
f 631 594 588
f 634 596 594
f 549 598 597
f 550 599 598
f 551 552 600
f 551 600 599
f 469 597 604
f 597 598 605
f 597 605 604
f 598 599 614
f 599 600 615
f 554 621 602
f 552 601 603
f 552 603 600
f 601 602 606
f 601 606 603
f 602 626 606
f 598 614 605
f 599 615 614
f 600 603 617
f 600 617 615
f 603 606 618
f 603 618 617
f 606 963 618
f 609 561 560
f 610 607 561
f 477 609 560
f 609 610 561
f 611 608 607
f 641 610 609
f 610 611 607
f 611 616 608
f 608 612 562
f 612 613 563
f 613 595 563
f 616 612 608
f 616 619 612
f 619 613 612
f 620 632 613
f 472 604 951
f 604 605 952
f 604 952 951
f 605 953 952
f 605 614 953
f 614 615 954
f 642 611 610
f 643 616 611
f 615 617 955
f 644 619 616
f 619 620 613
f 645 620 619
f 585 586 622
f 586 623 625
f 585 622 621
f 586 625 622
f 602 621 626
f 621 622 627
f 622 625 629
f 591 720 624
f 623 624 628
f 623 628 625
f 624 720 726
f 624 726 628
f 621 627 626
f 606 626 963
f 622 629 627
f 626 627 964
f 626 964 963
f 627 629 966
f 625 628 630
f 625 630 629
f 628 726 729
f 628 729 630
f 613 632 595
f 632 631 595
f 631 634 594
f 633 634 631
f 632 633 631
f 633 638 634
f 634 635 596
f 635 733 596
f 635 736 733
f 638 635 634
f 638 639 635
f 639 736 635
f 636 633 632
f 620 636 632
f 636 637 633
f 637 638 633
f 637 640 638
f 640 639 638
f 639 742 736
f 640 968 639
f 968 742 639
f 968 1326 742
f 528 641 609
f 641 642 610
f 642 643 611
f 976 642 641
f 977 643 642
f 643 644 616
f 644 645 619
f 980 636 620
f 645 980 620
f 980 989 636
f 989 637 636
f 646 659 657
f 647 648 646
f 646 648 659
f 649 650 647
f 647 650 648
f 649 652 650
f 650 651 648
f 652 653 650
f 650 653 651
f 665 652 649
f 665 666 652
f 648 651 662
f 652 654 653
f 666 654 652
f 653 655 651
f 654 656 653
f 653 656 655
f 657 660 658
f 657 659 660
f 648 662 659
f 658 673 661
f 658 660 673
f 659 663 660
f 659 662 663
f 660 674 673
f 660 663 674
f 662 678 663
f 651 677 662
f 651 655 677
f 654 664 656
f 667 666 665
f 666 668 654
f 667 684 666
f 684 668 666
f 668 664 654
f 685 669 668
f 668 669 664
f 656 670 655
f 664 671 656
f 656 671 670
f 655 691 677
f 655 670 691
f 671 697 670
f 669 672 664
f 664 672 671
f 672 698 671
f 671 698 697
f 661 673 676
f 661 676 675
f 673 674 680
f 673 680 676
f 663 679 674
f 662 677 678
f 663 678 679
f 674 683 680
f 674 679 683
f 675 676 682
f 675 682 681
f 676 680 718
f 676 718 682
f 680 719 718
f 680 683 719
f 686 684 667
f 684 685 668
f 688 685 684
f 686 688 684
f 688 689 685
f 685 687 669
f 689 687 685
f 733 688 686
f 733 734 688
f 734 689 688
f 689 690 687
f 735 690 689
f 677 692 678
f 678 693 679
f 677 691 692
f 678 692 693
f 670 699 691
f 670 697 699
f 691 700 692
f 679 694 683
f 679 693 694
f 692 701 693
f 691 699 700
f 692 700 701
f 693 747 694
f 693 701 747
f 687 695 669
f 669 695 672
f 687 696 695
f 695 704 672
f 672 704 698
f 696 705 695
f 695 705 704
f 690 696 687
f 690 725 696
f 696 709 705
f 725 709 696
f 697 702 699
f 697 706 702
f 699 703 700
f 700 748 701
f 699 702 703
f 700 703 748
f 706 754 702
f 702 755 703
f 698 706 697
f 704 707 698
f 698 707 706
f 705 708 704
f 704 708 707
f 707 711 706
f 708 712 707
f 707 712 711
f 709 710 705
f 705 710 708
f 709 751 710
f 710 713 708
f 706 711 754
f 708 713 712
f 710 714 713
f 751 714 710
f 711 757 754
f 712 715 711
f 713 716 712
f 712 716 715
f 714 717 713
f 711 715 757
f 713 717 716
f 716 780 715
f 717 781 716
f 681 682 721
f 682 718 722
f 681 721 720
f 682 722 721
f 718 719 723
f 734 735 689
f 720 721 727
f 720 727 726
f 721 722 728
f 718 723 722
f 683 724 719
f 683 694 724
f 694 752 724
f 694 747 752
f 739 725 690
f 725 750 709
f 719 724 731
f 719 731 723
f 724 752 764
f 721 728 727
f 722 730 728
f 722 723 730
f 726 727 1286
f 727 728 1287
f 726 1286 729
f 727 1287 1286
f 728 1288 1287
f 728 730 1288
f 723 732 730
f 723 731 732
f 724 764 731
f 731 764 1299
f 731 1299 732
f 736 734 733
f 737 735 734
f 735 739 690
f 736 737 734
f 737 738 735
f 738 739 735
f 738 741 739
f 739 740 725
f 740 750 725
f 741 740 739
f 740 770 750
f 742 737 736
f 743 738 737
f 744 741 738
f 742 743 737
f 743 744 738
f 1326 743 742
f 1327 744 743
f 744 745 741
f 1328 745 744
f 741 746 740
f 746 770 740
f 746 774 770
f 745 746 741
f 745 1292 746
f 1292 774 746
f 1292 1304 774
f 701 749 747
f 701 748 749
f 703 756 748
f 702 754 755
f 703 755 756
f 748 761 749
f 748 756 761
f 750 751 709
f 750 771 751
f 751 759 714
f 771 759 751
f 747 753 752
f 747 749 753
f 749 766 753
f 749 761 766
f 771 772 759
f 754 758 755
f 755 762 756
f 754 757 758
f 755 758 762
f 757 788 758
f 759 760 714
f 714 760 717
f 759 763 760
f 715 787 757
f 760 782 717
f 763 783 760
f 756 767 761
f 756 762 767
f 772 763 759
f 758 789 762
f 762 801 767
f 752 765 764
f 752 753 765
f 753 769 765
f 753 766 769
f 764 1300 1299
f 764 765 1300
f 765 769 1301
f 761 768 766
f 761 767 768
f 767 803 768
f 766 1302 769
f 766 768 1302
f 768 1372 1302
f 770 771 750
f 770 773 771
f 773 772 771
f 772 777 763
f 777 818 763
f 774 773 770
f 773 776 772
f 775 776 773
f 774 775 773
f 775 779 776
f 1304 775 774
f 776 777 772
f 776 778 777
f 778 819 777
f 779 778 776
f 1307 821 778
f 779 1307 778
f 716 781 780
f 757 787 788
f 715 780 787
f 717 782 781
f 781 784 780
f 782 785 781
f 760 783 782
f 783 786 782
f 780 784 790
f 781 785 784
f 782 786 785
f 785 793 784
f 786 794 785
f 758 788 789
f 780 790 787
f 762 789 801
f 787 791 788
f 788 802 789
f 763 818 783
f 818 792 783
f 787 790 791
f 788 791 802
f 784 806 790
f 783 792 786
f 792 795 786
f 785 794 793
f 784 793 806
f 786 795 794
f 792 809 795
f 794 796 793
f 795 797 794
f 794 797 796
f 793 796 810
f 795 800 797
f 809 800 795
f 797 798 796
f 797 799 798
f 800 799 797
f 800 813 799
f 789 804 801
f 767 801 803
f 789 802 804
f 790 807 791
f 791 808 802
f 801 805 803
f 768 803 1372
f 801 804 805
f 802 814 804
f 804 1374 805
f 790 806 807
f 791 807 808
f 802 808 814
f 793 810 806
f 796 812 810
f 806 811 807
f 807 816 808
f 806 810 811
f 807 811 816
f 810 812 815
f 810 815 811
f 809 824 800
f 796 798 812
f 824 813 800
f 804 814 1374
f 808 816 1375
f 811 815 817
f 811 817 816
f 808 1375 814
f 816 817 1376
f 816 1376 1375
f 818 820 792
f 820 809 792
f 777 819 818
f 819 820 818
f 819 822 820
f 822 823 820
f 778 821 819
f 821 822 819
f 821 1379 822
f 1379 826 822
f 820 823 809
f 823 824 809
f 824 825 813
f 823 827 824
f 827 825 824
f 827 828 825
f 822 826 823
f 826 827 823
f 1383 828 827
f 826 1383 827
f 1383 1384 828
f 799 829 798
f 813 830 799
f 798 829 831
f 799 830 829
f 813 833 830
f 798 831 812
f 830 836 829
f 812 832 815
f 812 831 832
f 815 1400 817
f 815 832 1400
f 829 1402 831
f 829 836 1402
f 831 1403 832
f 831 1402 1403
f 836 1405 1402
f 825 833 813
f 828 834 825
f 825 834 833
f 833 837 830
f 830 837 836
f 834 838 833
f 833 838 837
f 828 835 834
f 1384 835 828
f 834 839 838
f 835 839 834
f 835 1412 839
f 837 840 836
f 838 841 837
f 839 842 838
f 837 841 840
f 838 842 841
f 836 840 1405
f 839 1413 842
f 451 854 853
f 452 855 854
f 453 856 855
f 454 857 856
f 455 858 857
f 456 457 859
f 457 458 860
f 458 459 861
f 456 859 858
f 457 860 859
f 458 861 860
f 459 462 862
f 462 463 872
f 463 843 873
f 843 844 874
f 459 862 861
f 462 872 862
f 463 873 872
f 844 845 896
f 843 874 873
f 844 896 874
f 479 847 846
f 480 848 847
f 481 850 848
f 845 846 897
f 845 897 896
f 846 847 898
f 847 848 899
f 481 482 850
f 482 483 851
f 483 849 852
f 482 851 850
f 483 852 851
f 849 957 852
f 846 898 897
f 847 899 898
f 848 900 899
f 848 850 900
f 850 851 901
f 850 901 900
f 851 852 941
f 851 941 901
f 852 997 941
f 853 854 864
f 854 855 865
f 855 856 866
f 856 857 867
f 23 928 1127
f 857 858 868
f 853 864 863
f 854 865 864
f 855 866 865
f 856 867 866
f 857 868 867
f 858 859 869
f 859 860 870
f 860 861 871
f 858 869 868
f 859 870 869
f 860 871 870
f 863 864 920
f 864 865 921
f 861 862 915
f 862 872 916
f 872 873 917
f 861 915 871
f 862 916 915
f 872 917 916
f 873 874 918
f 874 896 937
f 873 918 917
f 874 937 918
f 878 513 512
f 879 514 513
f 880 515 514
f 881 516 515
f 882 517 516
f 883 875 517
f 377 2363 386
f 876 877 511
f 877 878 512
f 878 879 513
f 879 880 514
f 880 881 515
f 881 882 516
f 882 883 517
f 883 884 875
f 884 885 875
f 889 886 885
f 887 888 509
f 888 902 522
f 890 887 886
f 891 888 887
f 892 902 888
f 884 889 885
f 889 890 886
f 890 891 887
f 891 892 888
f 23 1127 1152
f 892 907 902
f 904 525 524
f 905 893 525
f 906 894 893
f 911 895 894
f 912 976 895
f 896 897 938
f 897 898 939
f 898 899 940
f 902 903 523
f 903 904 524
f 904 905 525
f 907 903 902
f 908 904 903
f 905 906 893
f 906 911 894
f 911 912 895
f 909 905 904
f 910 906 905
f 907 908 903
f 908 909 904
f 909 910 905
f 913 911 906
f 914 912 911
f 945 983 912
f 910 913 906
f 913 914 911
f 914 945 912
f 865 866 922
f 866 867 923
f 867 868 924
f 863 920 919
f 864 921 920
f 865 922 921
f 866 923 922
f 867 924 923
f 868 869 925
f 869 870 926
f 870 871 927
f 868 925 924
f 869 926 925
f 870 927 926
f 871 915 933
f 915 916 934
f 871 933 927
f 915 934 933
f 916 935 934
f 916 917 935
f 917 918 936
f 918 937 946
f 917 936 935
f 918 946 936
f 23 1152 1165
f 919 920 929
f 920 921 930
f 921 922 931
f 922 923 932
f 919 929 928
f 920 930 929
f 923 924 1027
f 924 925 1028
f 925 926 1029
f 926 927 1030
f 921 931 930
f 922 932 931
f 923 1027 932
f 924 1028 1027
f 925 1029 1028
f 926 1030 1029
f 927 933 1031
f 933 934 1032
f 927 1031 1030
f 933 1032 1031
f 934 935 1033
f 935 936 1034
f 936 946 1035
f 896 938 937
f 897 939 938
f 898 940 939
f 899 942 940
f 937 938 947
f 938 939 948
f 899 900 942
f 900 901 943
f 901 941 944
f 900 943 942
f 901 944 943
f 941 1003 944
f 937 947 946
f 938 948 947
f 939 940 949
f 939 949 948
f 940 950 949
f 940 942 950
f 942 943 1039
f 943 944 1040
f 942 1039 950
f 943 1040 1039
f 944 1044 1040
f 946 947 1036
f 849 951 957
f 614 954 953
f 951 952 958
f 952 953 959
f 953 954 960
f 951 958 957
f 952 959 958
f 615 955 954
f 617 618 956
f 617 956 955
f 954 955 961
f 618 965 956
f 852 957 997
f 953 960 959
f 957 958 998
f 957 998 997
f 958 999 998
f 958 959 999
f 959 960 1000
f 954 961 960
f 955 956 962
f 955 962 961
f 960 961 1001
f 956 970 962
f 629 630 967
f 618 963 965
f 963 964 969
f 627 966 964
f 963 969 965
f 964 966 971
f 964 971 969
f 629 967 966
f 630 729 1289
f 630 1289 967
f 966 967 972
f 956 965 970
f 965 969 973
f 965 973 970
f 969 971 974
f 969 974 973
f 966 972 971
f 967 1289 1295
f 967 1295 972
f 971 972 975
f 972 1295 1316
f 961 962 1002
f 962 970 1015
f 970 973 1016
f 973 974 1018
f 971 975 974
f 972 1316 975
f 978 644 643
f 895 976 641
f 976 977 642
f 977 978 643
f 978 979 644
f 983 977 976
f 984 978 977
f 985 979 978
f 979 645 644
f 981 980 645
f 982 989 980
f 979 981 645
f 981 982 980
f 986 981 979
f 987 982 981
f 988 993 982
f 912 983 976
f 983 984 977
f 984 985 978
f 985 986 979
f 1009 984 983
f 1010 985 984
f 1011 986 985
f 945 1009 983
f 1009 1010 984
f 1010 1011 985
f 986 987 981
f 1012 987 986
f 987 988 982
f 989 990 637
f 990 640 637
f 990 991 640
f 993 990 989
f 982 993 989
f 993 994 990
f 994 991 990
f 991 968 640
f 992 1326 968
f 991 992 968
f 992 1331 1326
f 995 992 991
f 994 995 991
f 1020 994 993
f 995 996 992
f 996 1331 992
f 996 1335 1331
f 988 1020 993
f 1020 1021 994
f 1021 995 994
f 1021 1023 995
f 1023 996 995
f 1024 1335 996
f 941 997 1003
f 959 1000 999
f 997 998 1004
f 997 1004 1003
f 998 1005 1004
f 998 999 1005
f 999 1000 1006
f 960 1001 1000
f 961 1002 1001
f 962 1015 1002
f 1000 1001 1007
f 999 1006 1005
f 944 1003 1044
f 1003 1004 1045
f 1003 1045 1044
f 1004 1005 1046
f 1005 1006 1047
f 1000 1007 1006
f 1001 1002 1008
f 1001 1008 1007
f 1006 1007 1048
f 1002 1017 1008
f 1011 1012 986
f 1012 1013 987
f 1013 988 987
f 1014 1020 988
f 1013 1014 988
f 970 1016 1015
f 973 1018 1016
f 974 975 1019
f 974 1019 1018
f 975 1316 1346
f 1002 1015 1017
f 1015 1016 1056
f 1016 1018 1057
f 1015 1056 1017
f 1016 1057 1056
f 975 1346 1019
f 1018 1019 1058
f 1018 1058 1057
f 1019 1346 1479
f 1022 1021 1020
f 1014 1022 1020
f 1022 1025 1021
f 1025 1023 1021
f 1025 1026 1023
f 1023 1024 996
f 1024 1352 1335
f 1026 1024 1023
f 1126 1352 1024
f 1026 1126 1024
f 1126 1543 1352
f 928 929 1128
f 929 930 1129
f 930 931 1130
f 931 932 1131
f 932 1027 1132
f 1027 1028 1133
f 1028 1029 1134
f 1029 1030 1135
f 934 1033 1032
f 935 1034 1033
f 936 1035 1034
f 1030 1031 1136
f 1031 1032 1137
f 1032 1033 1138
f 1033 1034 1139
f 1034 1035 1142
f 946 1036 1035
f 947 1037 1036
f 947 948 1037
f 948 949 1038
f 948 1038 1037
f 949 1041 1038
f 949 950 1041
f 950 1039 1042
f 1039 1040 1043
f 950 1042 1041
f 1039 1043 1042
f 1040 1050 1043
f 1035 1036 1143
f 1036 1037 1144
f 1037 1038 1178
f 1038 1041 1181
f 1041 1042 1182
f 1042 1043 1183
f 1004 1046 1045
f 1005 1047 1046
f 1007 1008 1049
f 1040 1044 1050
f 1044 1045 1051
f 1045 1046 1052
f 1046 1047 1053
f 1006 1048 1047
f 1007 1049 1048
f 1008 1059 1049
f 1044 1051 1050
f 1045 1052 1051
f 1046 1053 1052
f 1043 1050 1249
f 1050 1051 1250
f 1051 1052 1251
f 1052 1053 1252
f 1047 1048 1054
f 1048 1049 1055
f 1047 1054 1053
f 1048 1055 1054
f 1049 1063 1055
f 1008 1017 1059
f 1017 1056 1060
f 1056 1057 1061
f 1019 1479 1058
f 1057 1058 1062
f 1017 1060 1059
f 1056 1061 1060
f 1058 1479 1485
f 1049 1059 1063
f 1059 1060 1064
f 1060 1061 1065
f 1059 1064 1063
f 1060 1065 1064
f 1057 1062 1061
f 1058 1485 1062
f 1061 1062 1066
f 1062 1485 1497
f 1053 1054 1253
f 1061 1066 1065
f 1062 1497 1066
f 1067 877 876
f 1068 878 877
f 1069 879 878
f 1067 1068 877
f 1070 880 879
f 1071 881 880
f 1068 1069 878
f 1069 1070 879
f 1070 1071 880
f 1071 1072 881
f 1072 882 881
f 1073 883 882
f 1074 884 883
f 1072 1073 882
f 1073 1074 883
f 1074 1075 884
f 1080 1068 1067
f 1081 1069 1068
f 1082 1070 1069
f 1083 1071 1070
f 1075 889 884
f 1076 890 889
f 1077 891 890
f 1075 1076 889
f 1076 1077 890
f 1078 892 891
f 1079 907 892
f 1077 1078 891
f 1078 1079 892
f 1079 1104 907
f 1104 908 907
f 1105 909 908
f 1106 910 909
f 386 2546 484
f 23 1165 2350
f 1084 1072 1071
f 1080 1081 1068
f 1081 1082 1069
f 1082 1083 1070
f 1083 1084 1071
f 1084 1085 1072
f 1085 1073 1072
f 1086 1074 1073
f 1087 1075 1074
f 1085 1086 1073
f 1086 1087 1074
f 1087 1088 1075
f 1088 1076 1075
f 1089 1077 1076
f 1099 1078 1077
f 1088 1089 1076
f 1089 1099 1077
f 1100 1079 1078
f 1101 1104 1079
f 1099 1100 1078
f 1100 1101 1079
f 1101 1111 1104
f 1090 1081 1080
f 1091 1082 1081
f 1092 1083 1082
f 1093 1084 1083
f 1094 1085 1084
f 1095 1086 1085
f 1096 1087 1086
f 1098 1088 1087
f 484 2673 493
f 1090 1091 1081
f 1091 1092 1082
f 1092 1093 1083
f 1093 1094 1084
f 1094 1095 1085
f 1095 1096 1086
f 1096 1098 1087
f 1098 1097 1088
f 1097 1089 1088
f 1102 1099 1089
f 1103 1100 1099
f 1140 1101 1100
f 1141 1111 1101
f 1097 1102 1089
f 1102 1103 1099
f 1103 1140 1100
f 1140 1141 1101
f 1141 1145 1111
f 1104 1105 908
f 1105 1106 909
f 1107 913 910
f 1106 1107 910
f 1111 1105 1104
f 1112 1106 1105
f 1113 1107 1106
f 1114 1108 1107
f 1108 914 913
f 1107 1108 913
f 1109 945 914
f 1110 1009 945
f 1108 1109 914
f 1109 1110 945
f 1111 1112 1105
f 1112 1113 1106
f 1113 1114 1107
f 1115 1109 1108
f 1114 1115 1108
f 1115 1116 1109
f 1116 1110 1109
f 1117 1118 1110
f 1116 1117 1110
f 1145 1112 1111
f 1146 1113 1112
f 1147 1114 1113
f 1148 1115 1114
f 1145 1146 1112
f 1189 1091 1090
f 1190 1092 1091
f 1191 1093 1092
f 1192 1094 1093
f 1193 1095 1094
f 1118 1010 1009
f 1119 1011 1010
f 1110 1118 1009
f 1118 1119 1010
f 1120 1012 1011
f 1119 1120 1011
f 1121 1013 1012
f 1122 1014 1013
f 1120 1121 1012
f 1229 1119 1118
f 1230 1120 1119
f 1117 1229 1118
f 1229 1230 1119
f 1231 1121 1120
f 1230 1231 1120
f 1231 1232 1121
f 1121 1122 1013
f 1123 1022 1014
f 1122 1123 1014
f 1232 1122 1121
f 1235 1123 1122
f 1124 1025 1022
f 1123 1124 1022
f 1125 1026 1025
f 1124 1125 1025
f 1125 1241 1026
f 1241 1126 1026
f 1241 1242 1126
f 1242 1543 1126
f 928 1128 1127
f 929 1129 1128
f 930 1130 1129
f 931 1131 1130
f 932 1132 1131
f 1027 1133 1132
f 1028 1134 1133
f 1029 1135 1134
f 377 2350 2363
f 1127 1128 1153
f 1128 1129 1154
f 1129 1130 1155
f 1130 1131 1156
f 1131 1132 1157
f 1132 1133 1158
f 1133 1134 1159
f 1134 1135 1160
f 1127 1153 1152
f 1128 1154 1153
f 1129 1155 1154
f 1130 1156 1155
f 1131 1157 1156
f 1132 1158 1157
f 1030 1136 1135
f 1031 1137 1136
f 1032 1138 1137
f 1033 1139 1138
f 1034 1142 1139
f 1135 1136 1161
f 1136 1137 1162
f 1137 1138 1163
f 386 2363 2379
f 1035 1143 1142
f 1036 1144 1143
f 1037 1178 1144
f 1038 1181 1178
f 1041 1182 1181
f 1042 1183 1182
f 1146 1147 1113
f 1147 1148 1114
f 1149 1116 1115
f 1150 1117 1116
f 1151 1229 1117
f 1148 1149 1115
f 1149 1150 1116
f 1150 1151 1117
f 1133 1159 1158
f 1134 1160 1159
f 1135 1161 1160
f 1136 1162 1161
f 1137 1163 1162
f 1138 1139 1164
f 1139 1142 1179
f 1138 1164 1163
f 1139 1179 1164
f 1152 1153 1166
f 1153 1154 1167
f 1154 1155 1168
f 1155 1156 1169
f 1156 1157 1170
f 1152 1166 1165
f 1157 1158 1171
f 1158 1159 1172
f 1159 1160 1173
f 1160 1161 1174
f 1153 1167 1166
f 1154 1168 1167
f 1155 1169 1168
f 1156 1170 1169
f 1157 1171 1170
f 1158 1172 1171
f 1159 1173 1172
f 1165 1166 2351
f 1166 1167 2352
f 1167 1168 2353
f 1168 1169 2354
f 1169 1170 2355
f 1170 1171 2356
f 1161 1162 1175
f 1160 1174 1173
f 1161 1175 1174
f 1162 1176 1175
f 1162 1163 1176
f 1163 1164 1177
f 1164 1179 2343
f 1163 1177 1176
f 1164 2343 1177
f 1142 1143 1180
f 1143 1144 1184
f 1144 1178 1185
f 1142 1180 1179
f 1143 1184 1180
f 1144 1185 1184
f 1178 1186 1185
f 1043 1249 1183
f 1178 1181 1186
f 1181 1182 1187
f 1181 1187 1186
f 1182 1183 1188
f 1182 1188 1187
f 1183 1255 1188
f 1179 1180 2344
f 1180 1184 2345
f 1179 2344 2343
f 1180 2345 2344
f 1184 1185 2346
f 1184 2346 2345
f 1185 2347 2346
f 1185 1186 2347
f 1186 1187 2348
f 1187 1188 2349
f 1189 1190 1091
f 1190 1191 1092
f 1191 1192 1093
f 1192 1193 1094
f 1193 1194 1095
f 1194 1096 1095
f 1195 1098 1096
f 1196 1097 1098
f 1194 1195 1096
f 1195 1196 1098
f 1196 1197 1097
f 493 3071 510
f 1202 1190 1189
f 1203 1191 1190
f 1204 1192 1191
f 1205 1193 1192
f 1206 1194 1193
f 1207 1195 1194
f 1197 1102 1097
f 1198 1103 1102
f 1199 1140 1103
f 1200 1141 1140
f 1201 1145 1141
f 1197 1198 1102
f 1198 1199 1103
f 1199 1200 1140
f 1200 1201 1141
f 1201 1214 1145
f 1208 1196 1195
f 1209 1197 1196
f 1210 1198 1197
f 1211 1199 1198
f 1212 1200 1199
f 1213 1201 1200
f 1221 1214 1201
f 1202 1203 1190
f 1203 1204 1191
f 1204 1205 1192
f 1205 1206 1193
f 1206 1207 1194
f 1207 1208 1195
f 1208 1209 1196
f 1209 1210 1197
f 1638 1203 1202
f 1639 1204 1203
f 1640 1205 1204
f 1641 1206 1205
f 1642 1207 1206
f 1643 1208 1207
f 1644 1209 1208
f 1210 1211 1198
f 1211 1212 1199
f 1212 1213 1200
f 1213 1221 1201
f 1221 1222 1214
f 1214 1146 1145
f 1215 1147 1146
f 1214 1215 1146
f 1216 1148 1147
f 1217 1149 1148
f 1218 1150 1149
f 1215 1216 1147
f 1216 1217 1148
f 1222 1215 1214
f 1223 1216 1215
f 1224 1217 1216
f 1225 1218 1217
f 1217 1218 1149
f 1218 1219 1150
f 1219 1151 1150
f 1220 1233 1151
f 1219 1220 1151
f 1226 1219 1218
f 1222 1223 1215
f 1223 1224 1216
f 386 2379 2546
f 484 2546 2646
f 510 3111 876
f 1645 1210 1209
f 876 3124 1067
f 1646 1211 1210
f 1647 1212 1211
f 1648 1213 1212
f 1649 1221 1213
f 1650 1222 1221
f 1227 1220 1219
f 1228 1264 1220
f 1224 1225 1217
f 1664 1223 1222
f 1665 1224 1223
f 1666 1225 1224
f 1667 1226 1225
f 1225 1226 1218
f 1226 1227 1219
f 1227 1228 1220
f 1668 1227 1226
f 1669 1228 1227
f 1670 1272 1228
f 1232 1235 1122
f 1235 1236 1123
f 1236 1124 1123
f 1233 1230 1229
f 1234 1231 1230
f 1237 1232 1231
f 1151 1233 1229
f 1233 1234 1230
f 1234 1237 1231
f 1237 1238 1232
f 1238 1235 1232
f 1239 1236 1235
f 1240 1243 1236
f 1238 1239 1235
f 1239 1240 1236
f 1243 1125 1124
f 1244 1241 1125
f 1242 1548 1543
f 1245 1242 1241
f 1248 1548 1242
f 1236 1243 1124
f 1243 1244 1125
f 1244 1245 1241
f 1245 1248 1242
f 1248 1553 1548
f 1246 1244 1243
f 1240 1246 1243
f 1246 1247 1244
f 1247 1245 1244
f 1247 1267 1245
f 1267 1248 1245
f 1268 1553 1248
f 1267 1268 1248
f 1268 1579 1553
f 1050 1250 1249
f 1051 1251 1250
f 1052 1252 1251
f 1183 1249 1255
f 1249 1250 1256
f 1250 1251 1257
f 1053 1253 1252
f 1054 1055 1254
f 1054 1254 1253
f 1055 1260 1254
f 1249 1256 1255
f 1250 1257 1256
f 1251 1252 1258
f 1251 1258 1257
f 1252 1253 1259
f 1253 1254 2398
f 1252 1259 1258
f 1253 2398 1259
f 1254 2401 2398
f 1188 1255 2394
f 1055 1063 1260
f 1063 1064 1261
f 1063 1261 1260
f 1064 1065 1262
f 1064 1262 1261
f 1065 1066 1263
f 1066 1497 1568
f 1254 1260 2401
f 1260 1261 2402
f 1260 2402 2401
f 1261 1262 2403
f 1065 1263 1262
f 1066 1568 1263
f 1262 1263 2404
f 1264 1234 1233
f 1265 1237 1234
f 1266 1238 1237
f 1220 1264 1233
f 1264 1265 1234
f 1265 1266 1237
f 1266 1269 1238
f 1269 1239 1238
f 1269 1270 1239
f 1270 1240 1239
f 1271 1246 1240
f 1278 1247 1246
f 1272 1265 1264
f 1273 1266 1265
f 1274 1269 1266
f 1270 1271 1240
f 1275 1270 1269
f 1276 1271 1270
f 1228 1272 1264
f 1272 1273 1265
f 1273 1274 1266
f 1274 1275 1269
f 1275 1276 1270
f 1277 1278 1271
f 1276 1277 1271
f 1672 1273 1272
f 1673 1274 1273
f 1674 1275 1274
f 1675 1276 1275
f 2598 1277 1276
f 2599 1282 1277
f 1271 1278 1246
f 1279 1267 1247
f 1278 1279 1247
f 1279 1280 1267
f 1280 1268 1267
f 1281 1579 1268
f 1280 1281 1268
f 1281 1584 1579
f 1282 1279 1278
f 1283 1280 1279
f 1277 1282 1278
f 1282 1283 1279
f 1283 1284 1280
f 2606 1283 1282
f 2607 1284 1283
f 1284 1281 1280
f 1284 1285 1281
f 1285 1584 1281
f 1285 1589 1584
f 2608 1285 1284
f 730 1291 1288
f 730 732 1291
f 732 1299 1303
f 732 1303 1291
f 729 1286 1290
f 1286 1287 1293
f 729 1290 1289
f 1286 1293 1290
f 1287 1288 1294
f 1287 1294 1293
f 1326 1327 743
f 1327 1328 744
f 1328 1329 745
f 1288 1291 1298
f 1329 1292 745
f 1329 1330 1292
f 1330 1304 1292
f 1289 1290 1296
f 1289 1296 1295
f 1290 1293 1297
f 1293 1294 1315
f 1290 1297 1296
f 1293 1315 1297
f 1288 1298 1294
f 1291 1303 1311
f 1291 1311 1298
f 1294 1298 1319
f 1298 1311 1320
f 1294 1319 1315
f 1299 1300 1310
f 765 1301 1300
f 769 1302 1306
f 769 1306 1301
f 1302 1380 1306
f 1299 1310 1303
f 1300 1301 1313
f 1300 1313 1310
f 1304 1305 775
f 1305 779 775
f 1305 1308 779
f 1338 1305 1304
f 1339 1308 1305
f 1301 1306 1314
f 1308 1307 779
f 1308 1309 1307
f 1309 1381 1307
f 1303 1310 1312
f 1303 1312 1311
f 1310 1313 1322
f 1310 1322 1312
f 1301 1314 1313
f 1306 1391 1314
f 1313 1314 1323
f 1313 1323 1322
f 1295 1296 1317
f 1296 1297 1318
f 1295 1317 1316
f 1296 1318 1317
f 1297 1315 1344
f 1297 1344 1318
f 1298 1320 1319
f 1315 1319 1350
f 1315 1350 1344
f 1319 1320 1360
f 1319 1360 1350
f 1311 1312 1321
f 1311 1321 1320
f 1312 1322 1324
f 1312 1324 1321
f 1320 1321 1361
f 1314 1427 1323
f 1322 1323 1325
f 1322 1325 1324
f 1323 1433 1325
f 1321 1324 1362
f 1331 1327 1326
f 1332 1328 1327
f 1331 1332 1327
f 1332 1333 1328
f 1333 1329 1328
f 1334 1330 1329
f 1330 1338 1304
f 1333 1334 1329
f 1335 1332 1331
f 1336 1333 1332
f 1335 1336 1332
f 1336 1345 1333
f 1345 1334 1333
f 1345 1351 1334
f 1334 1337 1330
f 1337 1338 1330
f 1337 1340 1338
f 1351 1337 1334
f 1356 1340 1337
f 1338 1339 1305
f 1342 1309 1308
f 1340 1339 1338
f 1339 1342 1308
f 1341 1342 1339
f 1340 1341 1339
f 1341 1358 1342
f 1342 1343 1309
f 1343 1442 1309
f 1358 1343 1342
f 1359 1444 1343
f 1351 1356 1337
f 1356 1364 1340
f 1316 1317 1347
f 1317 1318 1348
f 1316 1347 1346
f 1317 1348 1347
f 1318 1344 1349
f 1318 1349 1348
f 1346 1347 1480
f 1344 1350 1483
f 1344 1483 1349
f 1350 1360 1489
f 1350 1489 1483
f 1352 1336 1335
f 1353 1345 1336
f 1352 1353 1336
f 1354 1351 1345
f 1353 1354 1345
f 1354 1355 1351
f 1543 1353 1352
f 1355 1356 1351
f 1355 1357 1356
f 1357 1364 1356
f 1544 1354 1353
f 1543 1544 1353
f 1544 1545 1354
f 1545 1355 1354
f 1545 1546 1355
f 1357 1367 1364
f 1546 1357 1355
f 1547 1367 1357
f 1546 1547 1357
f 1547 1558 1367
f 1364 1341 1340
f 1364 1365 1341
f 1365 1358 1341
f 1358 1359 1343
f 1366 1359 1358
f 1369 1452 1359
f 1320 1361 1360
f 1321 1362 1361
f 1360 1361 1490
f 1361 1362 1491
f 1324 1325 1363
f 1324 1363 1362
f 1325 1505 1363
f 1367 1365 1364
f 1365 1366 1358
f 1366 1369 1359
f 1367 1368 1365
f 1368 1366 1365
f 1368 1370 1366
f 1558 1368 1367
f 1559 1370 1368
f 1370 1369 1366
f 1371 1462 1369
f 1370 1371 1369
f 803 1373 1372
f 1302 1372 1380
f 803 805 1373
f 805 1385 1373
f 805 1374 1385
f 814 1375 1377
f 814 1377 1374
f 1375 1376 1378
f 1375 1378 1377
f 1374 1377 1394
f 1374 1394 1385
f 1377 1378 1395
f 1372 1390 1380
f 1372 1373 1390
f 1307 1381 821
f 1381 1379 821
f 1381 1382 1379
f 1382 1386 1379
f 1309 1442 1381
f 1442 1382 1381
f 1443 1387 1382
f 1379 1386 826
f 1386 1383 826
f 1388 1384 1383
f 1373 1385 1393
f 1377 1395 1394
f 1386 1388 1383
f 1388 1389 1384
f 1382 1387 1386
f 1387 1388 1386
f 1398 1389 1388
f 1387 1398 1388
f 1398 1399 1389
f 1306 1380 1391
f 1373 1393 1390
f 1380 1390 1392
f 1380 1392 1391
f 1314 1391 1427
f 1390 1429 1392
f 1442 1443 1382
f 1385 1394 1396
f 1385 1396 1393
f 1394 1395 1397
f 1394 1397 1396
f 1390 1393 1429
f 1393 1396 1430
f 1393 1430 1429
f 1396 1397 1431
f 1446 1398 1387
f 817 1401 1376
f 817 1400 1401
f 1376 1410 1378
f 1376 1401 1410
f 832 1404 1400
f 832 1403 1404
f 1400 1407 1401
f 1400 1404 1407
f 1402 1406 1403
f 1403 1408 1404
f 1402 1405 1406
f 1403 1406 1408
f 1404 1415 1407
f 1404 1408 1415
f 1384 1409 835
f 1389 1409 1384
f 1409 1412 835
f 1409 1416 1412
f 1378 1418 1395
f 1378 1410 1418
f 1401 1421 1410
f 1401 1407 1421
f 1389 1411 1409
f 1399 1411 1389
f 1411 1416 1409
f 1411 1425 1416
f 1412 1413 839
f 1416 1414 1412
f 1412 1414 1413
f 1407 1422 1421
f 1407 1415 1422
f 1425 1417 1416
f 1416 1417 1414
f 1395 1418 1419
f 1410 1423 1418
f 1410 1421 1423
f 1395 1419 1397
f 1418 1423 1437
f 1418 1437 1419
f 1399 1420 1411
f 1420 1425 1411
f 1420 1450 1425
f 1421 1424 1423
f 1421 1422 1424
f 1423 1424 1438
f 1450 1426 1425
f 1425 1426 1417
f 1391 1392 1428
f 1391 1428 1427
f 1323 1427 1433
f 1392 1432 1428
f 1427 1428 1458
f 1396 1431 1430
f 1392 1429 1432
f 1429 1430 1434
f 1429 1434 1432
f 1430 1431 1435
f 1430 1435 1434
f 1427 1458 1433
f 1428 1459 1458
f 1428 1432 1459
f 1432 1434 1460
f 1434 1435 1461
f 1397 1436 1431
f 1397 1419 1436
f 1419 1437 1439
f 1419 1439 1436
f 1431 1436 1440
f 1431 1440 1435
f 1423 1438 1437
f 1437 1441 1439
f 1437 1438 1441
f 1436 1439 1473
f 1436 1473 1440
f 1439 1474 1473
f 1439 1441 1474
f 1444 1443 1442
f 1343 1444 1442
f 1445 1446 1443
f 1444 1445 1443
f 1443 1446 1387
f 1446 1447 1398
f 1447 1399 1398
f 1445 1454 1446
f 1447 1448 1399
f 1454 1447 1446
f 1455 1448 1447
f 1448 1420 1399
f 1448 1449 1420
f 1449 1450 1420
f 1449 1470 1450
f 1470 1451 1450
f 1450 1451 1426
f 1359 1452 1444
f 1452 1445 1444
f 1452 1453 1445
f 1453 1454 1445
f 1454 1455 1447
f 1455 1456 1448
f 1457 1455 1454
f 1453 1457 1454
f 1464 1456 1455
f 1457 1464 1455
f 1464 1465 1456
f 1325 1433 1505
f 1433 1506 1505
f 1433 1458 1506
f 1432 1460 1459
f 1458 1459 1507
f 1434 1461 1460
f 1369 1462 1452
f 1462 1453 1452
f 1462 1463 1453
f 1463 1457 1453
f 1371 1515 1462
f 1515 1463 1462
f 1515 1516 1463
f 1516 1466 1463
f 1463 1466 1457
f 1466 1464 1457
f 1467 1465 1464
f 1466 1467 1464
f 1467 1468 1465
f 1517 1467 1466
f 1456 1449 1448
f 1469 1470 1449
f 1456 1469 1449
f 1465 1469 1456
f 1469 1472 1470
f 1476 1472 1469
f 1470 1471 1451
f 1472 1471 1470
f 1472 1475 1471
f 1435 1518 1461
f 1435 1440 1518
f 1440 1473 1520
f 1440 1520 1518
f 1465 1476 1469
f 1473 1474 1521
f 1477 1475 1472
f 1468 1476 1465
f 1476 1477 1472
f 1468 1524 1476
f 1524 1477 1476
f 1524 1525 1477
f 1477 1478 1475
f 1525 1478 1477
f 1347 1348 1481
f 1346 1480 1479
f 1347 1481 1480
f 1348 1349 1482
f 1348 1482 1481
f 1349 1483 1484
f 1349 1484 1482
f 1483 1489 1493
f 1483 1493 1484
f 1479 1480 1486
f 1480 1481 1487
f 1479 1486 1485
f 1480 1487 1486
f 1481 1482 1488
f 1481 1488 1487
f 1482 1484 1500
f 1482 1500 1488
f 1484 1493 1501
f 1484 1501 1500
f 1360 1490 1489
f 1361 1491 1490
f 1489 1490 1494
f 1490 1491 1495
f 1362 1363 1492
f 1362 1492 1491
f 1363 1510 1492
f 1489 1494 1493
f 1490 1495 1494
f 1491 1492 1496
f 1491 1496 1495
f 1560 1371 1370
f 1561 1515 1371
f 1493 1494 1502
f 1494 1495 1503
f 1492 1528 1496
f 1485 1486 1498
f 1486 1487 1499
f 1485 1498 1497
f 1486 1499 1498
f 1487 1488 1567
f 1487 1567 1499
f 1488 1500 1571
f 1488 1571 1567
f 1500 1501 1572
f 1500 1572 1571
f 1493 1502 1501
f 1494 1503 1502
f 1501 1502 1573
f 1502 1503 1574
f 1495 1496 1504
f 1495 1504 1503
f 1496 1530 1504
f 1501 1573 1572
f 1503 1504 1575
f 1363 1505 1510
f 1458 1507 1506
f 1505 1511 1510
f 1505 1506 1511
f 1459 1460 1508
f 1460 1461 1509
f 1459 1508 1507
f 1460 1509 1508
f 1506 1507 1512
f 1507 1508 1513
f 1492 1510 1528
f 1506 1512 1511
f 1510 1511 1529
f 1508 1509 1514
f 1507 1513 1512
f 1508 1514 1513
f 1516 1517 1466
f 1601 1468 1467
f 1517 1601 1467
f 1601 1602 1468
f 1510 1529 1528
f 1511 1531 1529
f 1511 1512 1531
f 1512 1513 1532
f 1513 1514 1533
f 1461 1518 1519
f 1461 1519 1509
f 1518 1520 1522
f 1518 1522 1519
f 1473 1521 1520
f 1520 1523 1522
f 1520 1521 1523
f 1509 1519 1527
f 1509 1527 1514
f 1519 1522 1539
f 1519 1539 1527
f 1522 1523 1540
f 1602 1524 1468
f 1602 1610 1524
f 1610 1525 1524
f 1610 1611 1525
f 1525 1526 1478
f 1611 1526 1525
f 1522 1540 1539
f 1496 1528 1530
f 1528 1529 1534
f 1528 1534 1530
f 1529 1535 1534
f 1512 1532 1531
f 1513 1533 1532
f 1529 1531 1535
f 1531 1532 1536
f 1532 1533 1537
f 1504 1530 1616
f 1531 1536 1535
f 1532 1537 1536
f 1514 1527 1538
f 1514 1538 1533
f 1527 1539 1541
f 1527 1541 1538
f 1539 1540 1542
f 1539 1542 1541
f 1533 1538 1624
f 1533 1624 1537
f 1538 1541 1625
f 1538 1625 1624
f 1541 1542 2478
f 1541 2478 1625
f 1548 1544 1543
f 1549 1545 1544
f 1558 1559 1368
f 1548 1549 1544
f 1549 1550 1545
f 1550 1546 1545
f 1550 1551 1546
f 1553 1549 1548
f 1554 1550 1549
f 1555 1551 1550
f 1551 1547 1546
f 1552 1558 1547
f 1551 1552 1547
f 1552 1562 1558
f 1556 1552 1551
f 1553 1554 1549
f 1554 1555 1550
f 1555 1556 1551
f 1579 1554 1553
f 1580 1555 1554
f 1579 1580 1554
f 1580 1581 1555
f 1581 1556 1555
f 1556 1557 1552
f 1557 1562 1552
f 1557 1566 1562
f 1582 1557 1556
f 1562 1559 1558
f 1559 1560 1370
f 1563 1560 1559
f 1562 1563 1559
f 1563 1564 1560
f 1560 1561 1371
f 1564 1561 1560
f 1565 1600 1561
f 1564 1565 1561
f 1566 1563 1562
f 1576 1564 1563
f 1566 1576 1563
f 1576 1577 1564
f 1577 1565 1564
f 1577 1578 1565
f 1578 1607 1565
f 1497 1498 1569
f 1498 1499 1570
f 1497 1569 1568
f 1498 1570 1569
f 1499 1567 2429
f 1499 2429 1570
f 1567 1571 2430
f 1567 2430 2429
f 1571 1572 2438
f 1571 2438 2430
f 1581 1582 1556
f 1582 1583 1557
f 1583 1566 1557
f 1583 1592 1566
f 1502 1574 1573
f 1572 1573 2439
f 1573 1574 2440
f 1503 1575 1574
f 1504 1616 1575
f 1592 1576 1566
f 1593 1577 1576
f 1594 1578 1577
f 1596 1617 1578
f 1584 1580 1579
f 1585 1581 1580
f 1586 1582 1581
f 1584 1585 1580
f 1585 1586 1581
f 1586 1587 1582
f 1587 1583 1582
f 1588 1592 1583
f 1587 1588 1583
f 1588 1595 1592
f 1589 1585 1584
f 1590 1586 1585
f 1591 1587 1586
f 1589 1590 1585
f 1590 1591 1586
f 1591 2447 1587
f 2447 1588 1587
f 2447 2448 1588
f 2448 1595 1588
f 1592 1593 1576
f 1593 1594 1577
f 1594 1596 1578
f 1595 1593 1592
f 1595 1597 1593
f 1597 1594 1593
f 1597 1598 1594
f 1598 1596 1594
f 1599 1630 1596
f 1598 1599 1596
f 2449 1597 1595
f 1600 1516 1515
f 1561 1600 1515
f 1603 1517 1516
f 1600 1603 1516
f 1603 1604 1517
f 1604 1601 1517
f 1605 1602 1601
f 1607 1603 1600
f 1565 1607 1600
f 1608 1604 1603
f 1607 1608 1603
f 1604 1605 1601
f 1605 1606 1602
f 1609 1605 1604
f 1608 1609 1604
f 1619 1606 1605
f 1609 1619 1605
f 1617 1608 1607
f 1619 1620 1606
f 1606 1610 1602
f 1611 1613 1526
f 1606 1612 1610
f 1612 1611 1610
f 1612 1614 1611
f 1620 1612 1606
f 1626 1614 1612
f 1614 1613 1611
f 1614 1615 1613
f 1620 1626 1612
f 1530 1534 2468
f 1530 2468 1616
f 1534 2469 2468
f 1534 1535 2469
f 1535 1536 2470
f 1536 1537 2471
f 1578 1617 1607
f 1618 1609 1608
f 1617 1618 1608
f 1630 1618 1617
f 1621 1619 1609
f 1622 1620 1619
f 1618 1621 1609
f 1621 1622 1619
f 1622 1623 1620
f 1627 1615 1614
f 1537 1624 2477
f 1623 1626 1620
f 1626 1627 1614
f 1623 1629 1626
f 1629 1627 1626
f 1629 1636 1627
f 1627 1628 1615
f 1636 1628 1627
f 1636 1637 1628
f 1596 1630 1617
f 1631 1621 1618
f 1630 1631 1618
f 2492 1631 1630
f 1599 2492 1630
f 2493 1632 1631
f 2492 2493 1631
f 1631 1632 1621
f 1632 1622 1621
f 1633 1623 1622
f 1632 1633 1622
f 1633 1634 1623
f 2495 1633 1632
f 2496 1634 1633
f 1634 1629 1623
f 1635 1636 1629
f 1634 1635 1629
f 1635 2499 1636
f 2499 1637 1636
f 2499 2500 1637
f 1638 1639 1203
f 1639 1640 1204
f 1640 1641 1205
f 1641 1642 1206
f 1642 1643 1207
f 1643 1644 1208
f 1644 1645 1209
f 1645 1646 1210
f 1651 1639 1638
f 1652 1640 1639
f 1653 1641 1640
f 1654 1642 1641
f 1655 1643 1642
f 1651 1652 1639
f 1656 1644 1643
f 1657 1645 1644
f 1659 1646 1645
f 1646 1647 1211
f 1647 1648 1212
f 1648 1649 1213
f 1649 1650 1221
f 1650 1664 1222
f 1652 1653 1640
f 1653 1654 1641
f 1654 1655 1642
f 1655 1656 1643
f 1656 1657 1644
f 1657 1659 1645
f 1659 1658 1646
f 1067 4441 1080
f 1658 1647 1646
f 1660 1648 1647
f 1661 1649 1648
f 1658 1660 1647
f 1660 1661 1648
f 1662 1650 1649
f 1663 1664 1650
f 1661 1662 1649
f 1662 1663 1650
f 1663 1671 1664
f 2558 1652 1651
f 2559 1653 1652
f 2560 1654 1653
f 2561 1655 1654
f 2562 1656 1655
f 2558 2559 1652
f 2559 2560 1653
f 2560 2561 1654
f 2561 2562 1655
f 2563 1657 1656
f 2564 1659 1657
f 2565 1658 1659
f 2566 1660 1658
f 2567 1661 1660
f 1664 1665 1223
f 1665 1666 1224
f 1666 1667 1225
f 1671 1665 1664
f 2535 1666 1665
f 1671 2535 1665
f 2536 1667 1666
f 2537 1668 1667
f 2535 2536 1666
f 2536 2537 1667
f 1667 1668 1226
f 1668 1669 1227
f 1669 1670 1228
f 2538 1669 1668
f 2537 2538 1668
f 2539 1670 1669
f 2540 1672 1670
f 1670 1672 1272
f 1672 1673 1273
f 1673 1674 1274
f 1674 1675 1275
f 2600 1673 1672
f 1675 2598 1276
f 2598 2599 1277
f 2599 2606 1282
f 841 1676 840
f 842 1677 841
f 841 1677 1676
f 1405 1685 1406
f 1405 1684 1685
f 1406 1686 1408
f 840 1676 1684
f 840 1684 1405
f 842 1678 1677
f 1413 1678 842
f 1413 1679 1678
f 1414 1679 1413
f 1677 1680 1676
f 1677 1681 1680
f 1678 1681 1677
f 1676 1687 1684
f 1676 1680 1687
f 1680 1692 1695
f 1678 1682 1681
f 1681 1692 1680
f 1682 1693 1681
f 1681 1693 1692
f 1679 1682 1678
f 1679 1683 1682
f 1682 1694 1693
f 1683 1694 1682
f 1406 1685 1686
f 1408 1702 1415
f 1408 1686 1702
f 1414 1690 1679
f 1684 1688 1685
f 1684 1687 1688
f 1680 1695 1687
f 1685 1688 1689
f 1685 1689 1686
f 1687 1710 1688
f 1688 1711 1689
f 1687 1695 1710
f 1690 1683 1679
f 1690 1691 1683
f 1683 1696 1694
f 1691 1696 1683
f 1417 1690 1414
f 1417 1706 1690
f 1706 1691 1690
f 1691 1700 1696
f 1707 1700 1691
f 1693 1697 1692
f 1694 1698 1693
f 1693 1698 1697
f 1692 1713 1695
f 1692 1697 1713
f 1696 1699 1694
f 1694 1699 1698
f 1696 1701 1699
f 1698 1721 1697
f 1699 1722 1698
f 1700 1701 1696
f 1701 1726 1699
f 1415 1702 1704
f 1415 1704 1422
f 1686 1689 1703
f 1686 1703 1702
f 1688 1710 1711
f 1689 1711 1712
f 1702 1703 1705
f 1702 1705 1704
f 1689 1712 1703
f 1422 1704 1746
f 1422 1746 1424
f 1703 1716 1705
f 1703 1712 1716
f 1704 1705 1747
f 1704 1747 1746
f 1705 1716 1751
f 1426 1706 1417
f 1426 1708 1706
f 1706 1707 1691
f 1707 1718 1700
f 1708 1707 1706
f 1708 1709 1707
f 1709 1718 1707
f 1451 1708 1426
f 1709 1778 1718
f 1695 1714 1710
f 1710 1715 1711
f 1695 1713 1714
f 1710 1714 1715
f 1711 1717 1712
f 1711 1715 1717
f 1713 1724 1714
f 1697 1723 1713
f 1712 1750 1716
f 1712 1717 1750
f 1714 1725 1715
f 1715 1758 1717
f 1700 1719 1701
f 1718 1719 1700
f 1718 1720 1719
f 1719 1727 1701
f 1720 1728 1719
f 1778 1720 1718
f 1698 1722 1721
f 1697 1721 1723
f 1699 1726 1722
f 1722 1732 1721
f 1713 1723 1724
f 1721 1730 1723
f 1721 1732 1730
f 1714 1724 1725
f 1715 1725 1758
f 1723 1731 1724
f 1724 1761 1725
f 1723 1730 1731
f 1724 1731 1761
f 1701 1727 1726
f 1719 1728 1727
f 1726 1733 1722
f 1727 1734 1726
f 1722 1733 1732
f 1726 1734 1733
f 1728 1740 1727
f 1727 1740 1734
f 1720 1729 1728
f 1729 1742 1728
f 1728 1742 1740
f 1729 1796 1742
f 1732 1762 1730
f 1730 1763 1731
f 1730 1762 1763
f 1733 1735 1732
f 1734 1736 1733
f 1740 1739 1734
f 1733 1736 1735
f 1734 1739 1736
f 1736 1737 1735
f 1736 1738 1737
f 1739 1738 1736
f 1732 1735 1762
f 1742 1741 1740
f 1740 1741 1739
f 1796 1743 1742
f 1742 1743 1741
f 1735 1737 1764
f 1739 1744 1738
f 1738 1814 1737
f 1744 1815 1738
f 1735 1764 1762
f 1741 1744 1739
f 1741 1745 1744
f 1743 1745 1741
f 1743 1798 1745
f 1745 1816 1744
f 1798 1819 1745
f 1424 1746 1748
f 1705 1751 1747
f 1424 1748 1438
f 1746 1747 1749
f 1438 1748 1754
f 1438 1754 1441
f 1746 1749 1748
f 1747 1751 1752
f 1747 1752 1749
f 1748 1749 1755
f 1716 1750 1753
f 1717 1759 1750
f 1716 1753 1751
f 1751 1753 1756
f 1751 1756 1752
f 1750 1760 1753
f 1441 1754 1892
f 1748 1755 1754
f 1749 1752 1757
f 1749 1757 1755
f 1752 1756 1789
f 1752 1789 1757
f 1753 1774 1756
f 1717 1758 1759
f 1725 1766 1758
f 1725 1761 1766
f 1750 1759 1760
f 1758 1769 1759
f 1758 1766 1769
f 1753 1760 1774
f 1759 1775 1760
f 1759 1769 1775
f 1731 1767 1761
f 1731 1763 1767
f 1762 1765 1763
f 1762 1764 1765
f 1761 1770 1766
f 1761 1767 1770
f 1763 1768 1767
f 1763 1765 1768
f 1737 1817 1764
f 1767 1768 1772
f 1767 1772 1770
f 1764 1818 1765
f 1765 1820 1768
f 1766 1771 1769
f 1766 1770 1771
f 1769 1771 1776
f 1770 1772 1773
f 1768 1821 1772
f 1770 1773 1771
f 1772 1829 1773
f 1760 1804 1774
f 1760 1775 1804
f 1756 1774 1909
f 1769 1776 1775
f 1775 1776 1805
f 1771 1773 1777
f 1771 1777 1776
f 1773 1850 1777
f 1775 1805 1804
f 1776 1777 1806
f 1451 1779 1708
f 1779 1709 1708
f 1779 1780 1709
f 1780 1778 1709
f 1778 1784 1720
f 1784 1729 1720
f 1471 1779 1451
f 1471 1781 1779
f 1780 1783 1778
f 1781 1780 1779
f 1782 1783 1780
f 1781 1782 1780
f 1475 1781 1471
f 1782 1786 1783
f 1787 1782 1781
f 1783 1784 1778
f 1783 1785 1784
f 1785 1794 1784
f 1786 1785 1783
f 1786 1790 1785
f 1790 1795 1785
f 1441 1892 1474
f 1754 1755 1893
f 1754 1893 1892
f 1755 1757 1896
f 1755 1896 1893
f 1475 1787 1781
f 1788 1786 1782
f 1787 1788 1782
f 1788 1792 1786
f 1757 1789 1897
f 1756 1909 1789
f 1792 1790 1786
f 1792 1793 1790
f 1793 1803 1790
f 1478 1787 1475
f 1478 1791 1787
f 1791 1788 1787
f 1903 1792 1788
f 1791 1903 1788
f 1903 1906 1792
f 1906 1793 1792
f 1784 1794 1729
f 1794 1796 1729
f 1794 1800 1796
f 1785 1795 1794
f 1795 1800 1794
f 1795 1807 1800
f 1796 1797 1743
f 1800 1797 1796
f 1797 1798 1743
f 1797 1799 1798
f 1799 1841 1798
f 1800 1801 1797
f 1807 1801 1800
f 1801 1799 1797
f 1801 1802 1799
f 1802 1842 1799
f 1808 1802 1801
f 1774 1911 1909
f 1774 1804 1911
f 1790 1803 1795
f 1803 1807 1795
f 1803 1810 1807
f 1776 1806 1805
f 1777 1945 1806
f 1807 1808 1801
f 1810 1808 1807
f 1808 1809 1802
f 1809 1851 1802
f 1812 1809 1808
f 1810 1812 1808
f 1812 1813 1809
f 1813 1852 1809
f 1793 1811 1803
f 1811 1810 1803
f 1811 1921 1810
f 1921 1812 1810
f 1922 1813 1812
f 1737 1814 1817
f 1738 1815 1814
f 1744 1816 1815
f 1745 1819 1816
f 1815 1822 1814
f 1816 1823 1815
f 1815 1823 1822
f 1764 1817 1818
f 1765 1818 1820
f 1814 1826 1817
f 1819 1824 1816
f 1814 1822 1826
f 1816 1824 1823
f 1768 1820 1821
f 1772 1821 1829
f 1817 1827 1818
f 1818 1828 1820
f 1817 1826 1827
f 1818 1827 1828
f 1820 1830 1821
f 1820 1828 1830
f 1823 1825 1822
f 1824 1844 1823
f 1823 1844 1825
f 1822 1825 1831
f 1826 1832 1827
f 1822 1831 1826
f 1827 1833 1828
f 1826 1831 1832
f 1825 1836 1831
f 1773 1829 1850
f 1821 1835 1829
f 1821 1830 1835
f 1827 1832 1833
f 1828 1834 1830
f 1828 1833 1834
f 1830 1834 1854
f 1831 1837 1832
f 1832 1839 1833
f 1833 1872 1834
f 1830 1854 1835
f 1831 1836 1837
f 1859 1838 1836
f 1832 1837 1839
f 1833 1839 1872
f 1836 1840 1837
f 1836 1838 1840
f 1837 1840 1871
f 1837 1871 1839
f 1838 1884 1840
f 1798 1841 1819
f 1819 1843 1824
f 1841 1843 1819
f 1841 1846 1843
f 1799 1842 1841
f 1802 1851 1842
f 1842 1846 1841
f 1851 1847 1842
f 1842 1847 1846
f 1843 1845 1824
f 1824 1845 1844
f 1844 1859 1825
f 1845 1860 1844
f 1843 1848 1845
f 1846 1848 1843
f 1846 1849 1848
f 1847 1849 1846
f 1848 1862 1845
f 1849 1865 1848
f 1777 1850 1945
f 1829 1853 1850
f 1829 1835 1853
f 1809 1852 1851
f 1851 1855 1847
f 1852 1855 1851
f 1852 1857 1855
f 1954 1857 1852
f 1847 1856 1849
f 1856 1869 1849
f 1835 1854 1948
f 1835 1948 1853
f 1834 1963 1854
f 1855 1856 1847
f 1855 1858 1856
f 1858 1874 1856
f 1857 1858 1855
f 1857 1957 1858
f 1957 1876 1858
f 1813 1954 1852
f 1844 1860 1859
f 1825 1859 1836
f 1845 1862 1860
f 1860 1861 1859
f 1860 1863 1861
f 1862 1863 1860
f 1862 1864 1863
f 1848 1865 1862
f 1859 1861 1838
f 1865 1864 1862
f 1849 1869 1865
f 1865 1866 1864
f 1863 1867 1861
f 1864 1868 1863
f 1863 1868 1867
f 1866 1878 1864
f 1864 1878 1868
f 1869 1866 1865
f 1869 1870 1866
f 1861 1883 1838
f 1861 1867 1883
f 1870 1879 1866
f 1866 1879 1878
f 1870 1888 1879
f 1839 1871 1873
f 1839 1873 1872
f 1834 1872 1963
f 1872 1873 1964
f 1872 1964 1963
f 1840 1885 1871
f 1838 1883 1884
f 1840 1884 1885
f 1871 1968 1873
f 1871 1885 1968
f 1856 1874 1869
f 1874 1870 1869
f 1874 1875 1870
f 1875 1888 1870
f 1876 1875 1874
f 1858 1876 1874
f 1876 1877 1875
f 1875 1889 1888
f 1877 1889 1875
f 1877 1986 1889
f 1868 1880 1867
f 1878 1881 1868
f 1879 1882 1878
f 1868 1881 1880
f 1878 1882 1881
f 1867 1880 1886
f 1879 1890 1882
f 1867 1886 1883
f 1883 1887 1884
f 1884 1970 1885
f 1883 1886 1887
f 1884 1887 1970
f 1888 1890 1879
f 1889 1891 1888
f 1888 1891 1890
f 1889 1973 1891
f 1474 1892 1894
f 1474 1894 1521
f 1892 1893 1895
f 1893 1896 1900
f 1892 1895 1894
f 1893 1900 1895
f 1521 1894 1898
f 1757 1897 1896
f 1789 1910 1897
f 1896 1897 1901
f 1896 1901 1900
f 1521 1898 1523
f 1894 1895 1899
f 1895 1900 1902
f 1894 1899 1898
f 1895 1902 1899
f 1900 1901 1930
f 1897 1915 1901
f 1900 1930 1902
f 1901 1937 1930
f 1526 1791 1478
f 1526 1904 1791
f 1904 1903 1791
f 1904 1905 1903
f 1905 1906 1903
f 1613 1904 1526
f 1905 1908 1906
f 1906 1907 1793
f 1907 1811 1793
f 1908 1907 1906
f 1908 2016 1907
f 2016 1920 1907
f 1523 1898 1928
f 1898 1899 1929
f 1789 1909 1910
f 1909 1911 1914
f 1909 1914 1910
f 1897 1910 1915
f 1804 1912 1911
f 1804 1805 1912
f 1805 1806 1913
f 1805 1913 1912
f 1806 1946 1913
f 1911 1912 1916
f 1912 1913 1917
f 1911 1916 1914
f 1912 1917 1916
f 1910 1914 1918
f 1910 1918 1915
f 1901 1915 1937
f 1914 1916 1919
f 1913 1950 1917
f 1916 1917 1926
f 1914 1919 1918
f 1916 1926 1919
f 1917 1995 1926
f 1907 1920 1811
f 1920 1921 1811
f 2016 2019 1920
f 1920 1924 1921
f 2019 1924 1920
f 1921 1922 1812
f 1924 1922 1921
f 1923 1954 1813
f 1922 1923 1813
f 1924 1925 1922
f 1925 1923 1922
f 1927 1955 1923
f 1925 1927 1923
f 1915 1918 1938
f 2021 1925 1924
f 2022 1927 1925
f 1523 1928 1540
f 1898 1929 1928
f 1899 1902 1931
f 1899 1931 1929
f 1540 1928 1933
f 1540 1933 1542
f 1928 1929 1934
f 1929 1931 1935
f 1902 1930 1932
f 1902 1932 1931
f 1930 1941 1932
f 1928 1934 1933
f 1929 1935 1934
f 1542 1933 3300
f 1933 1934 3301
f 1931 1932 1936
f 1931 1936 1935
f 1932 2035 1936
f 1930 1937 1941
f 1915 1938 1937
f 1937 1938 1942
f 1937 1942 1941
f 1918 1919 1939
f 1918 1939 1938
f 1919 1926 1940
f 1919 1940 1939
f 1926 1996 1940
f 1938 1939 1943
f 1939 1940 1944
f 1932 1941 2035
f 1941 1942 3309
f 1941 3309 2035
f 1938 1943 1942
f 1939 1944 1943
f 1940 1999 1944
f 1942 1943 3310
f 1943 1944 3311
f 1806 1945 1946
f 1850 1947 1945
f 1850 1853 1947
f 1945 1951 1946
f 1945 1947 1951
f 1913 1946 1950
f 1853 1948 1949
f 1853 1949 1947
f 1854 1965 1948
f 1948 1967 1949
f 1947 1949 1952
f 1947 1952 1951
f 1946 1951 1953
f 1946 1953 1950
f 1917 1950 1995
f 1950 1953 1997
f 1951 1952 1961
f 1949 1976 1952
f 1951 1961 1953
f 1952 2002 1961
f 1923 1955 1954
f 1954 1956 1857
f 1955 1956 1954
f 1955 1959 1956
f 1927 1960 1955
f 1960 1959 1955
f 1956 1957 1857
f 1956 1958 1957
f 1958 1982 1957
f 1959 1958 1956
f 1959 1962 1958
f 1962 1984 1958
f 1950 1997 1995
f 1960 2049 1959
f 2049 1962 1959
f 2049 2050 1962
f 2050 1990 1962
f 1854 1963 1965
f 1963 1964 1966
f 1963 1966 1965
f 1873 1969 1964
f 1873 1968 1969
f 1964 1974 1966
f 1964 1969 1974
f 1948 1965 1967
f 1965 1966 1975
f 1982 1877 1876
f 1965 1975 1967
f 1966 1978 1975
f 1966 1974 1978
f 1885 1971 1968
f 1968 1972 1969
f 1885 1970 1971
f 1968 1971 1972
f 1969 1979 1974
f 1969 1972 1979
f 1986 1973 1889
f 1949 1967 1976
f 1967 1975 1977
f 1967 1977 1976
f 1975 1980 1977
f 1975 1978 1980
f 1952 1976 2002
f 1976 1977 2003
f 1974 1981 1978
f 1974 1979 1981
f 1978 2007 1980
f 1978 1981 2007
f 1957 1982 1876
f 1982 1983 1877
f 1984 1983 1982
f 1983 1986 1877
f 1983 1988 1986
f 1958 1984 1982
f 1984 1985 1983
f 1985 1988 1983
f 1985 1992 1988
f 1990 1985 1984
f 1988 1987 1986
f 1986 1987 1973
f 1992 1989 1988
f 1988 1989 1987
f 1976 2003 2002
f 1977 1980 2006
f 1962 1990 1984
f 1990 1991 1985
f 2051 1991 1990
f 1991 1992 1985
f 1991 1994 1992
f 1994 1993 1992
f 1992 1993 1989
f 1994 2053 1993
f 1926 1995 1996
f 1995 2000 1996
f 1995 1997 2000
f 1953 1961 1998
f 1953 1998 1997
f 1961 2004 1998
f 1997 1998 2001
f 1997 2001 2000
f 1940 1996 1999
f 1996 2000 2058
f 1996 2058 1999
f 1998 2009 2001
f 2000 2001 3356
f 2000 3356 2058
f 1961 2002 2004
f 2002 2003 2005
f 1977 2006 2003
f 2002 2005 2004
f 2003 2011 2005
f 2003 2006 2011
f 1998 2004 2009
f 1980 2008 2006
f 1980 2007 2008
f 2006 2008 2012
f 2006 2012 2011
f 2004 2005 2010
f 2004 2010 2009
f 2005 2011 2013
f 2005 2013 2010
f 2001 2009 3362
f 2009 2010 3363
f 2011 2012 3364
f 2011 3364 2013
f 2014 1905 1904
f 2015 1908 1905
f 1613 2014 1904
f 1615 2014 1613
f 2014 2015 1905
f 2015 2017 1908
f 1615 2024 2014
f 2024 2015 2014
f 2025 2017 2015
f 2024 2025 2015
f 2025 2026 2017
f 2017 2016 1908
f 2017 2018 2016
f 2018 2019 2016
f 2026 2018 2017
f 2019 2021 1924
f 2018 2020 2019
f 2020 2021 2019
f 2020 2032 2021
f 2021 2022 1925
f 2022 2023 1927
f 2023 1960 1927
f 2032 2022 2021
f 2033 2023 2022
f 2034 2048 2023
f 2032 2033 2022
f 2026 2029 2018
f 2029 2020 2018
f 1542 3300 2478
f 1933 3301 3300
f 1934 1935 3302
f 1935 1936 3303
f 1628 2024 1615
f 2027 2025 2024
f 2028 2026 2025
f 1628 2027 2024
f 2027 2028 2025
f 2028 2030 2026
f 1637 2027 1628
f 2030 2029 2026
f 2030 2031 2029
f 2031 2036 2029
f 1637 2044 2027
f 2044 2028 2027
f 2045 2030 2028
f 2044 2045 2028
f 2045 2046 2030
f 2046 2031 2030
f 2047 2040 2031
f 2029 2036 2020
f 2036 2032 2020
f 2037 2033 2032
f 2033 2034 2023
f 2038 2034 2033
f 1942 3310 3309
f 2036 2037 2032
f 2040 2037 2036
f 2037 2038 2033
f 2038 2039 2034
f 2039 2054 2034
f 2031 2040 2036
f 2040 2041 2037
f 3335 2041 2040
f 2041 2038 2037
f 2041 2042 2038
f 2042 2039 2038
f 2042 2043 2039
f 2043 2060 2039
f 2500 2044 1637
f 3327 2045 2044
f 3328 2046 2045
f 2046 2047 2031
f 2047 3335 2040
f 3335 3336 2041
f 3336 2042 2041
f 3337 2043 2042
f 2023 2048 1960
f 2048 2049 1960
f 2048 2055 2049
f 2055 2050 2049
f 2056 2051 2050
f 2050 2051 1990
f 2051 2052 1991
f 2052 1994 1991
f 2052 2065 1994
f 2065 2053 1994
f 2034 2054 2048
f 2054 2055 2048
f 2054 2057 2055
f 2055 2056 2050
f 2057 2056 2055
f 2057 2059 2056
f 2059 2063 2056
f 1944 1999 3355
f 2001 3362 3356
f 2039 2060 2054
f 2060 2057 2054
f 2061 2059 2057
f 2060 2061 2057
f 2076 2061 2060
f 2043 2076 2060
f 2076 3385 2061
f 2061 2062 2059
f 2062 2069 2059
f 3385 2062 2061
f 3385 3386 2062
f 3386 2071 2062
f 2063 2052 2051
f 2064 2065 2052
f 2056 2063 2051
f 2063 2064 2052
f 2064 2067 2065
f 2069 2064 2063
f 2059 2069 2063
f 2070 2067 2064
f 2065 2066 2053
f 2067 2066 2065
f 2067 2068 2066
f 2010 2013 3365
f 2069 2070 2064
f 2073 2068 2067
f 2071 2070 2069
f 2070 2073 2067
f 2072 2073 2070
f 2062 2071 2069
f 2071 2072 2070
f 3392 2072 2071
f 2072 2075 2073
f 2073 2074 2068
f 2075 2074 2073
f 2075 3371 2074
f 1881 2077 1880
f 1882 2078 1881
f 1881 2078 2077
f 1880 2077 2087
f 1880 2087 1886
f 2077 2081 2093
f 1890 2079 1882
f 1891 2080 1890
f 1882 2079 2078
f 1890 2080 2079
f 1891 2091 2080
f 1973 2091 1891
f 2078 2081 2077
f 2079 2082 2078
f 2078 2082 2081
f 2080 2085 2079
f 2079 2085 2082
f 2080 2099 2085
f 2091 2099 2080
f 2082 2083 2081
f 2082 2084 2083
f 2085 2084 2082
f 2085 2086 2084
f 2099 2086 2085
f 2084 2103 2083
f 2086 2104 2084
f 1886 2088 1887
f 1887 2089 1970
f 1886 2087 2088
f 1887 2088 2089
f 1970 2090 1971
f 1970 2089 2090
f 2077 2093 2087
f 2087 2094 2088
f 2088 2097 2089
f 2087 2093 2094
f 1971 2092 1972
f 1971 2090 2092
f 2089 2107 2090
f 2088 2094 2097
f 2089 2097 2107
f 1973 2120 2091
f 2120 2101 2091
f 2091 2101 2099
f 1972 2092 2111
f 2090 2113 2092
f 2090 2107 2113
f 2081 2095 2093
f 2093 2096 2094
f 2093 2095 2096
f 2094 2096 2098
f 2094 2098 2097
f 2095 2110 2096
f 2081 2083 2095
f 2083 2109 2095
f 2099 2100 2086
f 2101 2100 2099
f 2101 2102 2100
f 2100 2105 2086
f 2122 2102 2101
f 2102 2106 2100
f 2084 2104 2103
f 2083 2103 2109
f 2086 2105 2104
f 2100 2106 2105
f 2102 2126 2106
f 2097 2098 2108
f 2097 2108 2107
f 2096 2115 2098
f 2098 2116 2108
f 2095 2109 2110
f 2096 2110 2115
f 2098 2115 2116
f 1972 2111 1979
f 1979 2112 1981
f 1979 2111 2112
f 2092 2113 2117
f 2092 2117 2111
f 2111 2173 2112
f 2111 2117 2173
f 2107 2108 2114
f 2107 2114 2113
f 2108 2119 2114
f 2113 2114 2118
f 2113 2118 2117
f 2108 2116 2119
f 2117 2118 2174
f 2114 2131 2118
f 2114 2119 2131
f 1987 2120 1973
f 1987 2121 2120
f 2120 2122 2101
f 1989 2121 1987
f 1989 2128 2121
f 2121 2122 2120
f 2121 2124 2122
f 2128 2124 2121
f 2122 2123 2102
f 2124 2123 2122
f 2123 2126 2102
f 2124 2125 2123
f 2125 2127 2123
f 2123 2127 2126
f 1981 2171 2007
f 1981 2112 2171
f 1993 2128 1989
f 1993 2129 2128
f 2128 2132 2124
f 2129 2132 2128
f 2053 2129 1993
f 2129 2134 2132
f 2280 2134 2129
f 2132 2125 2124
f 2125 2130 2127
f 2117 2174 2173
f 2118 2175 2174
f 2118 2131 2175
f 2132 2133 2125
f 2133 2130 2125
f 2134 2133 2132
f 2133 2136 2130
f 2134 2135 2133
f 2135 2136 2133
f 2135 2284 2136
f 2104 2137 2103
f 2105 2138 2104
f 2106 2139 2105
f 2104 2138 2137
f 2105 2139 2138
f 2103 2140 2109
f 2109 2141 2110
f 2103 2137 2140
f 2106 2151 2139
f 2138 2153 2137
f 2139 2154 2138
f 2137 2145 2140
f 2138 2154 2153
f 2137 2153 2145
f 2110 2142 2115
f 2115 2143 2116
f 2109 2140 2141
f 2110 2141 2142
f 2115 2142 2143
f 2140 2146 2141
f 2141 2147 2142
f 2116 2144 2119
f 2116 2143 2144
f 2119 2144 2185
f 2142 2148 2143
f 2143 2187 2144
f 2140 2145 2146
f 2141 2146 2147
f 2153 2149 2145
f 2142 2147 2148
f 2143 2148 2187
f 2145 2150 2146
f 2146 2166 2147
f 2145 2149 2150
f 2146 2150 2166
f 2149 2199 2150
f 2147 2189 2148
f 2150 2208 2166
f 2126 2151 2106
f 2126 2152 2151
f 2127 2152 2126
f 2127 2159 2152
f 2151 2155 2139
f 2152 2156 2151
f 2139 2155 2154
f 2151 2156 2155
f 2154 2157 2153
f 2155 2158 2154
f 2154 2158 2157
f 2156 2163 2155
f 2155 2163 2158
f 2158 2200 2157
f 2163 2201 2158
f 2130 2159 2127
f 2159 2162 2152
f 2119 2185 2131
f 2136 2160 2130
f 2130 2160 2159
f 2160 2167 2159
f 2136 2161 2160
f 2284 2161 2136
f 2161 2168 2160
f 2152 2162 2156
f 2159 2167 2162
f 2153 2157 2149
f 2156 2164 2163
f 2164 2202 2163
f 2157 2198 2149
f 2162 2164 2156
f 2162 2165 2164
f 2167 2165 2162
f 2165 2203 2164
f 2147 2166 2189
f 2166 2220 2189
f 2167 2169 2165
f 2160 2168 2167
f 2161 2299 2168
f 2168 2169 2167
f 2169 2204 2165
f 2168 2170 2169
f 2170 2210 2169
f 2299 2170 2168
f 2007 2171 2172
f 2112 2176 2171
f 2112 2173 2176
f 2007 2172 2008
f 2171 2176 2180
f 2171 2180 2172
f 2173 2174 2177
f 2173 2177 2176
f 2174 2178 2177
f 2174 2175 2178
f 2176 2177 2181
f 2176 2181 2180
f 2177 2178 2182
f 2008 2179 2012
f 2008 2172 2179
f 2172 2180 2183
f 2172 2183 2179
f 2012 2179 3444
f 2012 3444 3364
f 2177 2182 2181
f 2180 2181 2184
f 2180 2184 2183
f 2181 2288 2184
f 2181 2182 2288
f 2131 2185 2186
f 2131 2186 2175
f 2144 2188 2185
f 2175 2193 2178
f 2175 2186 2193
f 2185 2191 2186
f 2186 2195 2193
f 2144 2187 2188
f 2185 2188 2191
f 2148 2190 2187
f 2148 2189 2190
f 2189 2221 2190
f 2187 2190 2192
f 2187 2192 2188
f 2188 2192 2196
f 2190 2226 2192
f 2188 2196 2191
f 2300 2228 2170
f 2186 2191 2195
f 2192 2237 2196
f 2178 2193 2194
f 2178 2194 2182
f 2182 2194 3456
f 2193 2305 2194
f 2193 2195 2305
f 2191 2197 2195
f 2191 2196 2197
f 2196 2239 2197
f 2195 2197 3459
f 2195 3459 2305
f 2149 2198 2199
f 2150 2199 2208
f 2158 2201 2200
f 2157 2200 2198
f 2163 2202 2201
f 2201 2205 2200
f 2202 2206 2201
f 2164 2203 2202
f 2203 2207 2202
f 2165 2204 2203
f 2204 2209 2203
f 2201 2206 2205
f 2200 2205 2222
f 2202 2207 2206
f 2203 2209 2207
f 2200 2222 2198
f 2166 2208 2220
f 2198 2223 2199
f 2199 2224 2208
f 2198 2222 2223
f 2199 2223 2224
f 2169 2210 2204
f 2210 2211 2204
f 2170 2228 2210
f 2228 2212 2210
f 2204 2211 2209
f 2210 2212 2211
f 2206 2213 2205
f 2207 2214 2206
f 2206 2214 2213
f 2205 2230 2222
f 2205 2213 2230
f 2209 2215 2207
f 2207 2215 2214
f 2214 2217 2213
f 2213 2217 2243
f 2211 2216 2209
f 2209 2216 2215
f 2211 2234 2216
f 2212 2234 2211
f 2215 2218 2214
f 2216 2219 2215
f 2234 2247 2216
f 2214 2218 2217
f 2215 2219 2218
f 2216 2247 2219
f 2218 2249 2217
f 2219 2250 2218
f 2218 2250 2249
f 2189 2220 2221
f 2208 2225 2220
f 2190 2221 2226
f 2220 2227 2221
f 2208 2224 2225
f 2220 2225 2227
f 2221 2229 2226
f 2192 2226 2237
f 2221 2227 2229
f 2228 2311 2212
f 2226 2229 2238
f 2222 2231 2223
f 2223 2232 2224
f 2222 2230 2231
f 2223 2231 2232
f 2224 2233 2225
f 2224 2232 2233
f 2213 2243 2230
f 2230 2244 2231
f 2231 2245 2232
f 2230 2243 2244
f 2225 2236 2227
f 2225 2233 2236
f 2232 2258 2233
f 2231 2244 2245
f 2232 2245 2258
f 2212 2235 2234
f 2311 2235 2212
f 2235 2248 2234
f 2234 2248 2247
f 2235 2323 2248
f 2227 2241 2229
f 2227 2236 2241
f 2233 2267 2236
f 2233 2258 2267
f 2196 2237 2239
f 2226 2238 2237
f 2237 2240 2239
f 2237 2238 2240
f 2197 2239 3512
f 2229 2242 2238
f 2229 2241 2242
f 2236 2268 2241
f 2236 2267 2268
f 2238 2242 3516
f 2238 3516 2240
f 2241 2332 2242
f 2241 2268 2332
f 2217 2246 2243
f 2243 2259 2244
f 2244 2260 2245
f 2243 2246 2259
f 2244 2259 2260
f 2247 2251 2219
f 2248 2255 2247
f 2323 2256 2248
f 2217 2249 2246
f 2219 2251 2250
f 2250 2252 2249
f 2251 2253 2250
f 2250 2253 2252
f 2251 2254 2253
f 2249 2252 2261
f 2247 2255 2251
f 2255 2254 2251
f 2248 2256 2255
f 2255 2257 2254
f 2256 2257 2255
f 2256 2326 2257
f 2245 2269 2258
f 2249 2261 2246
f 2245 2260 2269
f 2246 2262 2259
f 2246 2261 2262
f 2259 2263 2260
f 2259 2262 2263
f 2253 2264 2252
f 2254 2265 2253
f 2257 2266 2254
f 2253 2265 2264
f 2254 2266 2265
f 2257 2328 2266
f 2265 7677 2264
f 2252 2275 2261
f 2252 2264 2275
f 2261 2276 2262
f 2326 2328 2257
f 2266 7684 2265
f 2264 7678 2275
f 2258 2271 2267
f 2267 2273 2268
f 2258 2269 2271
f 2260 2263 2270
f 2260 2270 2269
f 2269 2270 2272
f 2269 2272 2271
f 2267 2271 2273
f 2268 3527 2332
f 2268 2273 3527
f 2271 2272 2274
f 2271 2274 2273
f 2262 2277 2263
f 2263 2278 2270
f 2261 2275 2276
f 2262 2276 2277
f 2263 2277 2278
f 2270 2279 2272
f 2270 2278 2279
f 2275 7679 2276
f 2276 7680 2277
f 2277 7681 2278
f 2272 3532 2274
f 2272 2279 3532
f 2278 7691 2279
f 2053 2280 2129
f 2282 2135 2134
f 2066 2280 2053
f 2066 2281 2280
f 2280 2282 2134
f 2281 2282 2280
f 2068 2281 2066
f 2068 2290 2281
f 2281 2286 2282
f 2290 2286 2281
f 2282 2283 2135
f 2283 2284 2135
f 2286 2283 2282
f 2283 2285 2284
f 2287 2285 2283
f 2286 2287 2283
f 2292 2287 2286
f 2287 2289 2285
f 2179 2183 3446
f 2290 2292 2286
f 2183 2184 3447
f 2292 2293 2287
f 2293 2289 2287
f 2074 2290 2068
f 2074 2291 2290
f 2291 2292 2290
f 2291 2295 2292
f 3371 2291 2074
f 3481 2295 2291
f 2293 2294 2289
f 2295 2293 2292
f 2295 2296 2293
f 2296 2294 2293
f 2296 3452 2294
f 2284 2297 2161
f 2285 2297 2284
f 2297 2299 2161
f 2285 2298 2297
f 2298 2301 2297
f 2289 2298 2285
f 2297 2301 2299
f 2299 2300 2170
f 2301 2300 2299
f 2302 2310 2300
f 2301 2302 2300
f 2303 2302 2301
f 2298 2303 2301
f 2303 2306 2302
f 2306 2312 2302
f 2182 3456 2288
f 2289 2304 2298
f 2304 2303 2298
f 2194 2305 3458
f 2197 3512 3459
f 2304 2308 2303
f 2308 2306 2303
f 2309 2316 2306
f 2294 2304 2289
f 2294 2307 2304
f 3452 2307 2294
f 2307 2308 2304
f 2308 2309 2306
f 2307 3465 2308
f 3465 2309 2308
f 3465 3466 2309
f 3466 2320 2309
f 2300 2310 2228
f 2310 2311 2228
f 2310 2313 2311
f 2302 2312 2310
f 2312 2313 2310
f 2312 2317 2313
f 2311 2314 2235
f 2313 2314 2311
f 2314 2323 2235
f 2313 2315 2314
f 2317 2315 2313
f 2314 2324 2323
f 2315 2324 2314
f 2315 2333 2324
f 2239 2240 3513
f 2306 2316 2312
f 2316 2317 2312
f 2320 2318 2316
f 2316 2318 2317
f 2242 2332 3526
f 2317 2319 2315
f 2318 2319 2317
f 2319 2333 2315
f 2319 2336 2333
f 2318 2322 2319
f 2322 2336 2319
f 2309 2320 2316
f 3521 2321 2320
f 2320 2321 2318
f 2321 2322 2318
f 2321 3523 2322
f 3523 2342 2322
f 2322 2342 2336
f 2324 2325 2323
f 2333 2330 2324
f 2323 2325 2256
f 2325 2326 2256
f 2325 2327 2326
f 2330 2327 2325
f 2324 2330 2325
f 2330 2331 2327
f 2327 2329 2326
f 2326 2329 2328
f 2327 2339 2329
f 2331 2339 2327
f 2328 7685 2266
f 2329 7686 2328
f 2339 7689 2329
f 2334 2331 2330
f 2273 2274 3528
f 2273 3528 3527
f 2336 2334 2333
f 2333 2334 2330
f 2334 2335 2331
f 2342 2337 2336
f 2337 2335 2334
f 2336 2337 2334
f 2337 2338 2335
f 2331 2340 2339
f 2340 7690 2339
f 2279 7729 3532
f 2335 2340 2331
f 2335 2341 2340
f 2338 2341 2335
f 2338 3547 2341
f 2341 7692 2340
f 3547 7693 2341
f 2342 3541 2337
f 3541 2338 2337
f 1171 1172 2357
f 1172 1173 2358
f 1173 1174 2359
f 1174 1175 2360
f 1175 1176 2361
f 1176 1177 2362
f 1177 2343 2371
f 2343 2344 2372
f 2344 2345 2373
f 2345 2346 2374
f 1186 2348 2347
f 1187 2349 2348
f 1188 2394 2349
f 2346 2347 2375
f 2347 2348 2376
f 2348 2349 2377
f 1165 2351 2350
f 1166 2352 2351
f 1167 2353 2352
f 1168 2354 2353
f 1169 2355 2354
f 1170 2356 2355
f 1171 2357 2356
f 1172 2358 2357
f 2350 2351 2364
f 2351 2352 2365
f 1173 2359 2358
f 1174 2360 2359
f 1175 2361 2360
f 1176 2362 2361
f 1177 2371 2362
f 2352 2353 2366
f 2353 2354 2367
f 2354 2355 2368
f 2350 2364 2363
f 2351 2365 2364
f 2352 2366 2365
f 2353 2367 2366
f 2354 2368 2367
f 2355 2356 2369
f 2356 2357 2370
f 2357 2358 2378
f 2355 2369 2368
f 2356 2370 2369
f 2357 2378 2370
f 2358 2359 2383
f 2359 2360 2384
f 2360 2361 2385
f 2361 2362 2386
f 2358 2383 2378
f 2359 2384 2383
f 2360 2385 2384
f 2362 2371 2387
f 2361 2386 2385
f 2362 2387 2386
f 484 2646 2673
f 2343 2372 2371
f 2344 2373 2372
f 2345 2374 2373
f 2346 2375 2374
f 2371 2372 2388
f 2371 2388 2387
f 2372 2373 2389
f 2373 2374 2390
f 2347 2376 2375
f 2348 2377 2376
f 2349 2409 2377
f 2374 2375 2391
f 2375 2376 2392
f 2363 2364 2380
f 2364 2365 2381
f 2365 2366 2382
f 2366 2367 2541
f 2367 2368 2542
f 2368 2369 2543
f 2369 2370 2544
f 2370 2378 2545
f 2363 2380 2379
f 2364 2381 2380
f 2365 2382 2381
f 2366 2541 2382
f 2367 2542 2541
f 2368 2543 2542
f 2369 2544 2543
f 2370 2545 2544
f 2378 2383 2547
f 2383 2384 2548
f 2384 2385 2549
f 2385 2386 2550
f 2386 2387 2551
f 2378 2547 2545
f 2383 2548 2547
f 2384 2549 2548
f 2385 2550 2549
f 2386 2551 2550
f 2372 2389 2388
f 2373 2390 2389
f 2374 2391 2390
f 2375 2392 2391
f 2376 2377 2393
f 2376 2393 2392
f 2377 2415 2393
f 2387 2388 2552
f 2388 2389 2553
f 2389 2390 2554
f 2387 2552 2551
f 2388 2553 2552
f 2389 2554 2553
f 2390 2555 2554
f 2390 2391 2555
f 2391 2392 2556
f 2391 2556 2555
f 2392 2393 2557
f 2392 2557 2556
f 2393 2712 2557
f 1255 1256 2395
f 1255 2395 2394
f 1256 2396 2395
f 1256 1257 2396
f 1257 1258 2397
f 1257 2397 2396
f 1258 1259 2399
f 1259 2398 2400
f 1258 2399 2397
f 1259 2400 2399
f 2398 2405 2400
f 2349 2394 2409
f 2394 2395 2410
f 2395 2396 2411
f 1261 2403 2402
f 1262 2404 2403
f 1263 1568 2431
f 1263 2431 2404
f 2398 2401 2405
f 2401 2402 2406
f 2402 2403 2407
f 2403 2404 2408
f 2401 2406 2405
f 2402 2407 2406
f 2404 2431 2435
f 2403 2408 2407
f 2404 2435 2408
f 2394 2410 2409
f 2396 2397 2412
f 2395 2411 2410
f 2396 2412 2411
f 2397 2399 2413
f 2397 2413 2412
f 2399 2400 2414
f 2399 2414 2413
f 2400 2421 2414
f 2400 2405 2421
f 2405 2406 2422
f 2406 2407 2423
f 2609 1589 1285
f 2377 2409 2415
f 2409 2410 2416
f 2410 2411 2417
f 2411 2412 2418
f 2412 2413 2419
f 2413 2414 2420
f 2409 2416 2415
f 2410 2417 2416
f 2411 2418 2417
f 2412 2419 2418
f 2413 2420 2419
f 2393 2415 2712
f 2415 2416 2713
f 2416 2417 2714
f 2415 2713 2712
f 2416 2714 2713
f 2417 2418 2715
f 2417 2715 2714
f 2414 2425 2420
f 2418 2419 2716
f 2418 2716 2715
f 2419 2420 2717
f 2405 2422 2421
f 2406 2423 2422
f 2414 2421 2425
f 2421 2422 2426
f 2407 2408 2424
f 2407 2424 2423
f 2408 2435 2454
f 2408 2454 2424
f 2422 2423 2427
f 2423 2424 2428
f 2424 2454 2512
f 2421 2426 2425
f 2422 2427 2426
f 2420 2425 2724
f 2425 2426 2725
f 2423 2428 2427
f 2424 2512 2428
f 2419 2717 2716
f 2420 2724 2717
f 2425 2725 2724
f 2426 2427 2726
f 2426 2726 2725
f 2427 2428 2727
f 2428 2512 2938
f 2427 2727 2726
f 2428 2938 2727
f 1568 1569 2432
f 1569 1570 2433
f 1570 2429 2434
f 2429 2430 2437
f 2430 2438 2442
f 1568 2432 2431
f 1569 2433 2432
f 1570 2434 2433
f 2429 2437 2434
f 2430 2442 2437
f 2431 2432 2436
f 2432 2433 2446
f 2433 2434 2453
f 2431 2436 2435
f 2432 2446 2436
f 2433 2453 2446
f 2434 2437 2455
f 2434 2455 2453
f 2437 2442 2460
f 1572 2439 2438
f 1573 2440 2439
f 2438 2439 2443
f 1574 1575 2441
f 1574 2441 2440
f 1575 2472 2441
f 2439 2440 2444
f 2438 2443 2442
f 2439 2444 2443
f 2442 2443 2461
f 2443 2444 2462
f 2440 2441 2445
f 2440 2445 2444
f 2441 2483 2445
f 2437 2460 2455
f 2442 2461 2460
f 2443 2462 2461
f 2444 2445 2463
f 2444 2463 2462
f 2872 1590 1589
f 2873 1591 1590
f 2874 2447 1591
f 2448 2449 1595
f 2875 2448 2447
f 2450 1598 1597
f 2449 2450 1597
f 2450 2451 1598
f 2451 1599 1598
f 2452 2492 1599
f 2451 2452 1599
f 2435 2436 2456
f 2436 2446 2457
f 2446 2453 2458
f 2435 2456 2454
f 2436 2457 2456
f 2446 2458 2457
f 2453 2455 2459
f 2455 2460 2464
f 2453 2459 2458
f 2454 2456 2513
f 2456 2457 2514
f 2457 2458 2515
f 2455 2464 2459
f 2454 2513 2512
f 2456 2514 2513
f 2457 2515 2514
f 2458 2459 2516
f 2458 2516 2515
f 2459 2464 2517
f 2460 2461 2465
f 2445 2504 2463
f 2461 2462 2466
f 2460 2465 2464
f 2461 2466 2465
f 2462 2463 2467
f 2462 2467 2466
f 2463 2521 2467
f 2464 2465 2518
f 1575 1616 2472
f 1616 2468 2473
f 1616 2473 2472
f 2468 2474 2473
f 1535 2470 2469
f 1536 2471 2470
f 2468 2469 2474
f 2469 2470 2475
f 2470 2471 2476
f 2469 2475 2474
f 2470 2476 2475
f 2441 2472 2483
f 2472 2473 2484
f 2472 2484 2483
f 2473 2485 2484
f 2473 2474 2485
f 2474 2475 2486
f 2475 2476 2487
f 1537 2477 2471
f 1624 1625 2479
f 1624 2479 2477
f 2471 2477 2481
f 1625 2478 2480
f 1625 2480 2479
f 2471 2481 2476
f 2477 2479 2482
f 2479 2480 2489
f 2477 2482 2481
f 2476 2481 2488
f 2479 2489 2482
f 2445 2483 2504
f 2483 2484 2505
f 2474 2486 2485
f 2475 2487 2486
f 2484 2485 2506
f 2485 2486 2507
f 2486 2487 2508
f 2481 2482 2490
f 2476 2488 2487
f 2481 2490 2488
f 2482 2489 2491
f 2482 2491 2490
f 2493 2495 1632
f 2494 2493 2492
f 2498 2495 2493
f 2452 2494 2492
f 2494 2498 2493
f 2495 2496 1633
f 2496 2497 1634
f 2498 2910 2495
f 2910 2496 2495
f 2911 2497 2496
f 2910 2911 2496
f 2911 2912 2497
f 2497 1635 1634
f 2501 2499 1635
f 2502 2500 2499
f 2497 2501 1635
f 2501 2502 2499
f 2912 2501 2497
f 2914 2502 2501
f 2502 2503 2500
f 2912 2914 2501
f 2914 2915 2502
f 2915 2503 2502
f 2915 2916 2503
f 2483 2505 2504
f 2484 2506 2505
f 2463 2504 2521
f 2504 2505 2522
f 2504 2522 2521
f 2505 2523 2522
f 2485 2507 2506
f 2486 2508 2507
f 2505 2506 2523
f 2506 2507 2524
f 2507 2508 2525
f 2487 2488 2509
f 2487 2509 2508
f 2488 2490 2510
f 2488 2510 2509
f 2508 2509 2531
f 2490 2491 2511
f 2490 2511 2510
f 2512 2513 2939
f 2513 2514 2940
f 2512 2939 2938
f 2513 2940 2939
f 2514 2515 2941
f 2459 2517 2516
f 2515 2516 2942
f 2516 2517 2943
f 2464 2518 2517
f 2465 2466 2519
f 2465 2519 2518
f 2517 2518 2944
f 2466 2467 2520
f 2466 2520 2519
f 2467 2526 2520
f 2518 2519 2945
f 2519 2520 2946
f 2506 2524 2523
f 2507 2525 2524
f 2467 2521 2526
f 2521 2522 2527
f 2521 2527 2526
f 2522 2528 2527
f 2522 2523 2528
f 2523 2524 2529
f 2524 2525 2530
f 2520 2526 2967
f 2523 2529 2528
f 2524 2530 2529
f 2508 2531 2525
f 2509 2510 2532
f 2509 2532 2531
f 2510 2511 2533
f 2525 2531 2534
f 2510 2533 2532
f 2531 2532 2965
f 2525 2534 2530
f 2531 2965 2534
f 2532 2966 2965
f 2532 2533 2966
f 493 2673 2686
f 2562 2563 1656
f 2563 2564 1657
f 2564 2565 1659
f 2565 2566 1658
f 2568 1662 1661
f 2566 2567 1660
f 2567 2568 1661
f 2569 1663 1662
f 2570 1671 1663
f 2568 2569 1662
f 2569 2570 1663
f 2570 2584 1671
f 2538 2539 1669
f 2539 2540 1670
f 2584 2535 1671
f 2585 2536 2535
f 2586 2537 2536
f 2587 2538 2537
f 2584 2585 2535
f 2585 2586 2536
f 2586 2587 2537
f 2588 2539 2538
f 2587 2588 2538
f 2588 2589 2539
f 2589 2540 2539
f 2590 2600 2540
f 2589 2590 2540
f 493 2686 3071
f 2379 2380 2634
f 2380 2381 2635
f 2381 2382 2636
f 2382 2541 2637
f 2541 2542 2638
f 2542 2543 2639
f 2543 2544 2640
f 2544 2545 2641
f 2379 2634 2546
f 2380 2635 2634
f 2381 2636 2635
f 2382 2637 2636
f 2541 2638 2637
f 2542 2639 2638
f 2543 2640 2639
f 2544 2641 2640
f 2545 2547 2642
f 2547 2548 2643
f 2548 2549 2644
f 2549 2550 2645
f 2550 2551 2659
f 2545 2642 2641
f 2547 2643 2642
f 510 3071 3084
f 2551 2552 2660
f 2552 2553 2661
f 2571 2559 2558
f 2572 2560 2559
f 2573 2561 2560
f 2574 2562 2561
f 2575 2563 2562
f 2571 2572 2559
f 2572 2573 2560
f 2573 2574 2561
f 2574 2575 2562
f 2575 2576 2563
f 2576 2564 2563
f 2577 2565 2564
f 2578 2566 2565
f 2576 2577 2564
f 2577 2578 2565
f 2581 2569 2568
f 2582 2570 2569
f 2579 2567 2566
f 2580 2568 2567
f 1080 4496 1090
f 2578 2579 2566
f 2583 2584 2570
f 2579 2580 2567
f 2580 2581 2568
f 2581 2582 2569
f 2582 2583 2570
f 2583 2591 2584
f 2755 2575 2574
f 2756 2576 2575
f 2757 2577 2576
f 1090 4654 1189
f 2758 2578 2577
f 2759 2579 2578
f 2752 2572 2571
f 2753 2573 2572
f 2754 2574 2573
f 2752 2753 2572
f 2753 2754 2573
f 2754 2755 2574
f 2755 2756 2575
f 2756 2757 2576
f 2757 2758 2577
f 2758 2759 2578
f 2759 2760 2579
f 2760 2580 2579
f 2761 2581 2580
f 2762 2582 2581
f 2763 2583 2582
f 2764 2591 2583
f 2760 2761 2580
f 2761 2762 2581
f 2591 2585 2584
f 2592 2586 2585
f 2593 2587 2586
f 2594 2588 2587
f 2591 2592 2585
f 2592 2593 2586
f 2593 2594 2587
f 2595 2589 2588
f 2596 2590 2589
f 2597 2614 2590
f 2594 2595 2588
f 2595 2596 2589
f 2596 2597 2590
f 2778 2592 2591
f 510 3084 3111
f 1189 4675 1202
f 2762 2763 2582
f 2763 2764 2583
f 2764 2778 2591
f 2779 2593 2592
f 2780 2594 2593
f 2781 2595 2594
f 2778 2779 2592
f 2779 2780 2593
f 2780 2781 2594
f 2782 2596 2595
f 2783 2597 2596
f 2784 2621 2597
f 2781 2782 2595
f 2782 2783 2596
f 2783 2784 2597
f 2601 1674 1673
f 2540 2600 1672
f 2600 2601 1673
f 2602 1675 1674
f 2601 2602 1674
f 2602 2603 1675
f 2603 2598 1675
f 2604 2599 2598
f 2605 2606 2599
f 2603 2604 2598
f 2604 2605 2599
f 2614 2601 2600
f 2615 2602 2601
f 2616 2603 2602
f 2590 2614 2600
f 2614 2615 2601
f 2615 2616 2602
f 2616 2617 2603
f 2617 2604 2603
f 2617 2618 2604
f 2618 2605 2604
f 2619 2610 2605
f 2618 2619 2605
f 2606 2607 1283
f 2607 2608 1284
f 2610 2607 2606
f 2605 2610 2606
f 2611 2608 2607
f 2608 2609 1285
f 2609 2872 1589
f 2612 2609 2608
f 2613 2872 2609
f 2610 2611 2607
f 2611 2612 2608
f 2620 2611 2610
f 2619 2620 2610
f 2620 2627 2611
f 2627 2612 2611
f 2627 2628 2612
f 2612 2613 2609
f 2613 2877 2872
f 2628 2613 2612
f 2628 2629 2613
f 2629 2877 2613
f 2629 2890 2877
f 2621 2615 2614
f 2622 2616 2615
f 2623 2617 2616
f 2597 2621 2614
f 2621 2622 2615
f 2624 2618 2617
f 2622 2623 2616
f 2623 2624 2617
f 2624 2625 2618
f 2625 2619 2618
f 2626 2620 2619
f 2625 2626 2619
f 2805 2622 2621
f 2806 2623 2622
f 2807 2624 2623
f 2784 2805 2621
f 2805 2806 2622
f 2806 2807 2623
f 2807 2808 2624
f 2808 2625 2624
f 2809 2626 2625
f 2810 2630 2626
f 2808 2809 2625
f 2809 2810 2626
f 2630 2627 2620
f 2626 2630 2620
f 2631 2628 2627
f 2630 2631 2627
f 2631 2632 2628
f 2632 2629 2628
f 2632 2633 2629
f 2633 2890 2629
f 2633 2895 2890
f 2815 2631 2630
f 2816 2632 2631
f 2810 2815 2630
f 2815 2816 2631
f 2816 2817 2632
f 2817 2633 2632
f 2818 2895 2633
f 2817 2818 2633
f 2818 2992 2895
f 2548 2644 2643
f 2549 2645 2644
f 2550 2659 2645
f 2546 2634 2647
f 2634 2635 2648
f 2635 2636 2649
f 2636 2637 2650
f 2637 2638 2651
f 2546 2647 2646
f 2634 2648 2647
f 2635 2649 2648
f 2636 2650 2649
f 2637 2651 2650
f 2638 2639 2652
f 2639 2640 2653
f 2640 2641 2654
f 2638 2652 2651
f 2639 2653 2652
f 2640 2654 2653
f 2641 2642 2655
f 2642 2643 2656
f 2641 2655 2654
f 2643 2644 2657
f 2644 2645 2658
f 2645 2659 2666
f 2642 2656 2655
f 2643 2657 2656
f 2644 2658 2657
f 2645 2666 2658
f 2553 2554 2662
f 2551 2660 2659
f 2552 2661 2660
f 2553 2662 2661
f 2554 2663 2662
f 2554 2555 2663
f 2555 2556 2664
f 2556 2557 2665
f 2555 2664 2663
f 2556 2665 2664
f 2557 2718 2665
f 2659 2660 2667
f 2659 2667 2666
f 2660 2668 2667
f 2660 2661 2668
f 2661 2662 2669
f 2661 2669 2668
f 2662 2670 2669
f 2662 2663 2670
f 2663 2664 2671
f 2664 2665 2672
f 2663 2671 2670
f 2664 2672 2671
f 2665 2732 2672
f 2646 2647 2674
f 2647 2648 2675
f 2648 2649 2676
f 2649 2650 2677
f 2650 2651 2678
f 2646 2674 2673
f 2647 2675 2674
f 2648 2676 2675
f 2649 2677 2676
f 2650 2678 2677
f 2651 2652 2679
f 2652 2653 2680
f 2653 2654 2681
f 2651 2679 2678
f 2652 2680 2679
f 2654 2655 2682
f 2655 2656 2683
f 2656 2657 2684
f 2657 2658 2685
f 2658 2666 2699
f 876 3111 3124
f 2653 2681 2680
f 2673 2674 2687
f 2674 2675 2688
f 2675 2676 2689
f 2676 2677 2690
f 2677 2678 2691
f 2678 2679 2692
f 2679 2680 2693
f 2680 2681 2694
f 2654 2682 2681
f 2655 2683 2682
f 2656 2684 2683
f 2657 2685 2684
f 2658 2699 2685
f 2681 2682 2695
f 2682 2683 2696
f 2683 2684 2697
f 2684 2685 2698
f 2685 2699 2706
f 2673 2687 2686
f 2674 2688 2687
f 2675 2689 2688
f 2676 2690 2689
f 2677 2691 2690
f 2678 2692 2691
f 2679 2693 2692
f 2680 2694 2693
f 2686 2687 3072
f 2687 2688 3073
f 2688 2689 3074
f 2689 2690 3075
f 2690 2691 3076
f 2691 2692 3077
f 2692 2693 3078
f 2693 2694 3079
f 2681 2695 2694
f 2682 2696 2695
f 2683 2697 2696
f 2684 2698 2697
f 2685 2706 2698
f 2694 2695 3080
f 2695 2696 3081
f 2696 2697 3082
f 2697 2698 3083
f 2698 2706 3097
f 2666 2667 2700
f 2666 2700 2699
f 2667 2701 2700
f 2667 2668 2701
f 2668 2669 2702
f 2668 2702 2701
f 2669 2703 2702
f 2669 2670 2703
f 2670 2671 2704
f 2671 2672 2705
f 2670 2704 2703
f 2671 2705 2704
f 2672 2742 2705
f 2699 2700 2707
f 2699 2707 2706
f 2700 2708 2707
f 2700 2701 2708
f 2701 2702 2709
f 2701 2709 2708
f 2702 2710 2709
f 2702 2703 2710
f 2703 2704 2711
f 2704 2705 3060
f 2703 2711 2710
f 2704 3060 2711
f 2705 3061 3060
f 2557 2712 2718
f 2712 2713 2719
f 2713 2714 2720
f 2714 2715 2721
f 2712 2719 2718
f 2713 2720 2719
f 2714 2721 2720
f 2715 2716 2722
f 2716 2717 2723
f 2715 2722 2721
f 2716 2723 2722
f 2717 2728 2723
f 2665 2718 2732
f 2718 2719 2733
f 2719 2720 2734
f 2720 2721 2735
f 2718 2733 2732
f 2719 2734 2733
f 2720 2735 2734
f 2721 2722 2736
f 2722 2723 2737
f 2717 2724 2728
f 2724 2725 2729
f 2725 2726 2730
f 2724 2729 2728
f 2725 2730 2729
f 2726 2727 2731
f 2727 2938 2947
f 2726 2731 2730
f 2727 2947 2731
f 2723 2728 2738
f 2721 2736 2735
f 2722 2737 2736
f 2723 2738 2737
f 2728 2729 2739
f 2729 2730 2740
f 2728 2739 2738
f 2729 2740 2739
f 2730 2731 2741
f 2731 2947 2952
f 2730 2741 2740
f 2731 2952 2741
f 2672 2732 2742
f 2732 2733 2743
f 2732 2743 2742
f 2733 2744 2743
f 2733 2734 2744
f 2734 2735 2745
f 2734 2745 2744
f 2735 2736 2746
f 2736 2737 2747
f 2735 2746 2745
f 2736 2747 2746
f 2737 2748 2747
f 2705 2742 3061
f 2742 2743 3062
f 2742 3062 3061
f 2743 3063 3062
f 2743 2744 3063
f 2744 2745 3064
f 2744 3064 3063
f 2745 2746 3065
f 2746 2747 3066
f 2737 2738 2748
f 2738 2739 2749
f 2738 2749 2748
f 2739 2740 2750
f 2739 2750 2749
f 2740 2741 2751
f 2741 2952 3191
f 2740 2751 2750
f 2741 3191 2751
f 2747 2748 3067
f 2768 2756 2755
f 2769 2757 2756
f 2770 2758 2757
f 2771 2759 2758
f 2772 2760 2759
f 2766 2753 2752
f 2765 2754 2753
f 2767 2755 2754
f 2766 2765 2753
f 2765 2767 2754
f 2767 2768 2755
f 2768 2769 2756
f 2769 2770 2757
f 2770 2771 2758
f 2771 2772 2759
f 2772 2773 2760
f 2773 2761 2760
f 2774 2762 2761
f 2775 2763 2762
f 2776 2764 2763
f 2777 2778 2764
f 2773 2774 2761
f 2774 2775 2762
f 2775 2776 2763
f 2776 2777 2764
f 2777 2785 2778
f 2792 2765 2766
f 2793 2767 2765
f 1202 4707 1638
f 2794 2768 2767
f 2795 2769 2768
f 2796 2770 2769
f 2792 2793 2765
f 2793 2794 2767
f 2794 2795 2768
f 2795 2796 2769
f 2796 2797 2770
f 2797 2771 2770
f 2798 2772 2771
f 2799 2773 2772
f 2797 2798 2771
f 2798 2799 2772
f 2799 2800 2773
f 2800 2774 2773
f 2801 2775 2774
f 2802 2776 2775
f 2803 2777 2776
f 2804 2785 2777
f 2800 2801 2774
f 2801 2802 2775
f 2802 2803 2776
f 2803 2804 2777
f 2804 2832 2785
f 2785 2779 2778
f 2786 2780 2779
f 2787 2781 2780
f 2788 2782 2781
f 2785 2786 2779
f 2786 2787 2780
f 2787 2788 2781
f 2789 2783 2782
f 2790 2784 2783
f 2791 2805 2784
f 2788 2789 2782
f 2789 2790 2783
f 2790 2791 2784
f 2832 2786 2785
f 2833 2787 2786
f 2834 2788 2787
f 2835 2789 2788
f 2832 2833 2786
f 2833 2834 2787
f 2834 2835 2788
f 2836 2790 2789
f 2837 2791 2790
f 2838 2811 2791
f 2819 2793 2792
f 2820 2794 2793
f 2821 2795 2794
f 2822 2796 2795
f 2823 2797 2796
f 2819 2820 2793
f 2824 2798 2797
f 2825 2799 2798
f 2826 2800 2799
f 2827 2801 2800
f 2811 2806 2805
f 2812 2807 2806
f 2813 2808 2807
f 2791 2811 2805
f 2811 2812 2806
f 2812 2813 2807
f 2813 2814 2808
f 2814 2809 2808
f 2846 2810 2809
f 2847 2815 2810
f 2814 2846 2809
f 2846 2847 2810
f 2848 2816 2815
f 2849 2817 2816
f 2847 2848 2815
f 2850 2818 2817
f 1067 3124 4441
f 2835 2836 2789
f 2836 2837 2790
f 2837 2838 2791
f 2686 3072 3071
f 2687 3073 3072
f 2688 3074 3073
f 2689 3075 3074
f 2690 3076 3075
f 2691 3077 3076
f 1080 4441 4459
f 1080 4459 4483
f 1638 5209 1651
f 2820 2821 2794
f 2821 2822 2795
f 2822 2823 2796
f 2823 2824 2797
f 2824 2825 2798
f 2825 2826 2799
f 2826 2827 2800
f 2828 2802 2801
f 2829 2803 2802
f 2827 2828 2801
f 2828 2829 2802
f 2830 2804 2803
f 2831 2832 2804
f 2829 2830 2803
f 2830 2831 2804
f 2831 2839 2832
f 1651 5246 2558
f 4257 2820 2819
f 4258 2821 2820
f 4259 2822 2821
f 4260 2823 2822
f 4261 2824 2823
f 4257 4258 2820
f 4258 4259 2821
f 4259 4260 2822
f 4260 4261 2823
f 4261 4262 2824
f 4262 2825 2824
f 4263 2826 2825
f 4264 2827 2826
f 4262 4263 2825
f 4263 4264 2826
f 4264 4265 2827
f 4265 2828 2827
f 4266 2829 2828
f 4267 2830 2829
f 4265 4266 2828
f 4266 4267 2829
f 4268 2831 2830
f 4269 2839 2831
f 4267 4268 2830
f 4268 4269 2831
f 4269 4283 2839
f 2840 2834 2833
f 2841 2835 2834
f 2842 2836 2835
f 2839 2833 2832
f 2839 2840 2833
f 2840 2841 2834
f 2841 2842 2835
f 2843 2837 2836
f 2844 2838 2837
f 2845 2852 2838
f 2842 2843 2836
f 2843 2844 2837
f 2844 2845 2838
f 4283 2840 2839
f 4284 2841 2840
f 4283 4284 2840
f 4285 2842 2841
f 4286 2843 2842
f 4284 4285 2841
f 4285 4286 2842
f 4289 2858 2845
f 4287 2844 2843
f 4286 4287 2843
f 4287 4288 2844
f 4288 2845 2844
f 4288 4289 2845
f 1080 4483 4496
f 1090 4496 4654
f 2852 2812 2811
f 2853 2813 2812
f 2854 2814 2813
f 2838 2852 2811
f 2852 2853 2812
f 2853 2854 2813
f 2854 2855 2814
f 2855 2846 2814
f 2856 2847 2846
f 2857 2848 2847
f 2855 2856 2846
f 2856 2857 2847
f 2848 2849 2816
f 2849 2850 2817
f 2851 2992 2818
f 2850 2851 2818
f 2851 2997 2992
f 2864 2849 2848
f 2865 2850 2849
f 2857 2864 2848
f 2864 2865 2849
f 2865 2866 2850
f 2866 2851 2850
f 2867 2997 2851
f 2866 2867 2851
f 2867 3010 2997
f 2858 2853 2852
f 2859 2854 2853
f 2860 2855 2854
f 2845 2858 2852
f 2858 2859 2853
f 2861 2856 2855
f 2859 2860 2854
f 2860 2861 2855
f 2862 2857 2856
f 2863 2864 2857
f 2861 2862 2856
f 2862 2863 2857
f 4337 2859 2858
f 4338 2860 2859
f 4339 2861 2860
f 4289 4337 2858
f 4337 4338 2859
f 4338 4339 2860
f 4339 4340 2861
f 4340 2862 2861
f 4341 2863 2862
f 4342 2868 2863
f 4340 4341 2862
f 4341 4342 2863
f 2868 2865 2864
f 2869 2866 2865
f 2863 2868 2864
f 2868 2869 2865
f 2869 2870 2866
f 2870 2867 2866
f 2871 3010 2867
f 2870 2871 2867
f 2871 3015 3010
f 4349 2869 2868
f 4350 2870 2869
f 4342 4349 2868
f 4349 4350 2869
f 4350 4351 2870
f 4351 2871 2870
f 4352 3015 2871
f 4351 4352 2871
f 4352 4406 3015
f 2872 2873 1590
f 2873 2874 1591
f 2874 2875 2447
f 2875 2876 2448
f 2876 2449 2448
f 2876 2882 2449
f 2877 2873 2872
f 2878 2874 2873
f 2879 2875 2874
f 2880 2876 2875
f 2881 2882 2876
f 2877 2878 2873
f 2878 2879 2874
f 2879 2880 2875
f 2890 2878 2877
f 2891 2879 2878
f 2892 2880 2879
f 2880 2881 2876
f 2881 2886 2882
f 2882 2450 2449
f 2883 2451 2450
f 2884 2452 2451
f 2882 2883 2450
f 2883 2884 2451
f 2886 2883 2882
f 2887 2884 2883
f 2884 2885 2452
f 2885 2494 2452
f 2888 2885 2884
f 2889 2908 2885
f 2886 2887 2883
f 2887 2888 2884
f 2890 2891 2878
f 2891 2892 2879
f 2892 2893 2880
f 2893 2881 2880
f 2894 2886 2881
f 2900 2887 2886
f 2901 2888 2887
f 2888 2889 2885
f 2902 2889 2888
f 2903 2919 2889
f 2895 2891 2890
f 2896 2892 2891
f 2895 2896 2891
f 2896 2897 2892
f 2897 2893 2892
f 2893 2894 2881
f 2894 2900 2886
f 2898 2894 2893
f 2899 2900 2894
f 2897 2898 2893
f 2898 2899 2894
f 2899 2904 2900
f 2992 2896 2895
f 2993 2897 2896
f 2992 2993 2896
f 2993 2994 2897
f 2994 2898 2897
f 2994 2995 2898
f 2995 2899 2898
f 2995 2996 2899
f 2996 2904 2899
f 2900 2901 2887
f 2901 2902 2888
f 2902 2903 2889
f 2904 2901 2900
f 2904 2905 2901
f 2905 2902 2901
f 2905 2906 2902
f 2906 2903 2902
f 2907 2930 2903
f 3002 2905 2904
f 3003 2906 2905
f 2906 2907 2903
f 2908 2498 2494
f 2885 2908 2494
f 2909 2910 2498
f 2908 2909 2498
f 2913 2911 2910
f 2917 2912 2911
f 2909 2913 2910
f 2913 2917 2911
f 2917 2918 2912
f 2918 2914 2912
f 2924 2915 2914
f 2918 2924 2914
f 2925 2916 2915
f 2919 2909 2908
f 2889 2919 2908
f 2920 2913 2909
f 2919 2920 2909
f 2930 2920 2919
f 2931 2921 2920
f 2920 2921 2913
f 2921 2917 2913
f 2922 2918 2917
f 2921 2922 2917
f 2922 2923 2918
f 2932 2922 2921
f 2933 2923 2922
f 2924 2925 2915
f 2925 2926 2916
f 2923 2924 2918
f 2923 2927 2924
f 2927 2925 2924
f 2927 2928 2925
f 2928 2926 2925
f 2928 2929 2926
f 2934 2927 2923
f 2903 2930 2919
f 2930 2931 2920
f 2983 2931 2930
f 2984 2932 2931
f 2931 2932 2921
f 2932 2933 2922
f 2933 2934 2923
f 2985 2933 2932
f 2986 2934 2933
f 2907 2983 2930
f 2983 2984 2931
f 2984 2985 2932
f 2934 2935 2927
f 2935 2928 2927
f 2935 2936 2928
f 2987 2935 2934
f 2936 2929 2928
f 2936 2937 2929
f 2514 2941 2940
f 2938 2939 2948
f 2939 2940 2949
f 2938 2948 2947
f 2939 2949 2948
f 2940 2941 2950
f 2940 2950 2949
f 2515 2942 2941
f 2516 2943 2942
f 2941 2942 2951
f 2942 2943 2955
f 2517 2944 2943
f 2518 2945 2944
f 2943 2944 2956
f 2519 2946 2945
f 2520 2967 2946
f 2941 2951 2950
f 2942 2955 2951
f 2947 2948 2953
f 2948 2949 2954
f 2949 2950 2959
f 2947 2953 2952
f 2948 2954 2953
f 2949 2959 2954
f 2950 2951 2960
f 2951 2955 2961
f 2950 2960 2959
f 2951 2961 2960
f 2943 2956 2955
f 2944 2945 2957
f 2944 2957 2956
f 2945 2946 2958
f 2955 2956 2962
f 2945 2958 2957
f 2946 2972 2958
f 2955 2962 2961
f 2956 2957 2963
f 2956 2963 2962
f 2957 2958 2964
f 2957 2964 2963
f 2958 2991 2964
f 2996 3002 2904
f 3002 3003 2905
f 3003 3004 2906
f 3004 2907 2906
f 3004 3005 2907
f 3005 2983 2907
f 2952 2953 3192
f 2953 2954 3193
f 2954 2959 3194
f 2952 3192 3191
f 2953 3193 3192
f 2954 3194 3193
f 2959 2960 3195
f 2960 2961 3201
f 2959 3195 3194
f 2961 2962 3202
f 2526 2968 2967
f 2526 2527 2968
f 2527 2969 2968
f 2527 2528 2969
f 2528 2529 2970
f 2529 2530 2971
f 2530 2534 2977
f 2946 2967 2972
f 2967 2968 2973
f 2528 2970 2969
f 2529 2971 2970
f 2968 2969 2974
f 2969 2970 2975
f 2970 2971 2976
f 2967 2973 2972
f 2968 2974 2973
f 2958 2972 2991
f 2972 2973 3209
f 2972 3209 2991
f 2973 3210 3209
f 2969 2975 2974
f 2970 2976 2975
f 2973 2974 3210
f 2974 2975 3211
f 2975 2976 3212
f 2974 3211 3210
f 2530 2977 2971
f 2534 2965 2978
f 2534 2978 2977
f 2971 2977 2980
f 2965 2966 2979
f 2965 2979 2978
f 2971 2980 2976
f 2977 2978 2981
f 2977 2981 2980
f 2976 2980 3221
f 2980 2981 3222
f 2978 2982 2981
f 2978 2979 2982
f 3028 2984 2983
f 3005 3028 2983
f 3029 2985 2984
f 3028 3029 2984
f 2985 2986 2933
f 2986 2987 2934
f 3030 2986 2985
f 3031 2987 2986
f 2988 2936 2935
f 2989 2937 2936
f 2987 2988 2935
f 2988 2989 2936
f 3032 2988 2987
f 3038 2989 2988
f 2989 2990 2937
f 3039 2990 2989
f 2997 2993 2992
f 2998 2994 2993
f 2999 2995 2994
f 2997 2998 2993
f 2998 2999 2994
f 2999 3000 2995
f 3000 2996 2995
f 3001 3002 2996
f 3000 3001 2996
f 3001 3006 3002
f 3010 2998 2997
f 3011 2999 2998
f 3012 3000 2999
f 3010 3011 2998
f 3011 3012 2999
f 3012 3013 3000
f 3013 3001 3000
f 3014 3006 3001
f 3013 3014 3001
f 3014 3017 3006
f 3006 3003 3002
f 3006 3007 3003
f 3007 3004 3003
f 3007 3008 3004
f 3008 3005 3004
f 3009 3028 3005
f 3008 3009 3005
f 3017 3007 3006
f 3018 3008 3007
f 3017 3018 3007
f 3018 3019 3008
f 3019 3009 3008
f 3019 3020 3009
f 3020 3033 3009
f 3015 3011 3010
f 3016 3012 3011
f 3021 3013 3012
f 3015 3016 3011
f 3016 3021 3012
f 3021 3022 3013
f 3022 3014 3013
f 3023 3017 3014
f 3022 3023 3014
f 3024 3018 3017
f 3023 3024 3017
f 4406 3016 3015
f 4407 3021 3016
f 4408 3022 3021
f 4406 4407 3016
f 4407 4408 3021
f 4408 4409 3022
f 4409 3023 3022
f 4410 3024 3023
f 4409 4410 3023
f 4410 4416 3024
f 3025 3019 3018
f 3024 3025 3018
f 3025 3026 3019
f 3026 3020 3019
f 3027 3044 3020
f 3026 3027 3020
f 4416 3025 3024
f 4417 3026 3025
f 4416 4417 3025
f 4417 4418 3026
f 4418 3027 3026
f 4419 3049 3027
f 4418 4419 3027
f 3033 3029 3028
f 3029 3030 2985
f 3030 3031 2986
f 3031 3032 2987
f 3009 3033 3028
f 3034 3030 3029
f 3033 3034 3029
f 3034 3035 3030
f 3035 3031 3030
f 3036 3032 3031
f 3035 3036 3031
f 3036 3037 3032
f 3044 3034 3033
f 3020 3044 3033
f 3045 3035 3034
f 3044 3045 3034
f 3046 3036 3035
f 3047 3037 3036
f 3032 3038 2988
f 3038 3039 2989
f 3037 3038 3032
f 3041 3039 3038
f 3037 3041 3038
f 3041 3042 3039
f 3039 3040 2990
f 3042 3040 3039
f 3048 3041 3037
f 3042 3043 3040
f 3045 3046 3035
f 3046 3047 3036
f 3047 3048 3037
f 3048 3054 3041
f 3054 3042 3041
f 3054 3055 3042
f 3055 3043 3042
f 3055 3056 3043
f 3049 3045 3044
f 3050 3046 3045
f 3027 3049 3044
f 3049 3050 3045
f 3051 3047 3046
f 3050 3051 3046
f 3052 3048 3047
f 3051 3052 3047
f 3052 3053 3048
f 4430 3050 3049
f 4431 3051 3050
f 4419 4430 3049
f 4430 4431 3050
f 4432 3052 3051
f 4433 3053 3052
f 4431 4432 3051
f 4432 4433 3052
f 4433 4434 3053
f 3053 3054 3048
f 3053 3057 3054
f 3057 3055 3054
f 3057 3058 3055
f 3058 3056 3055
f 3058 3059 3056
f 4434 3057 3053
f 4438 3058 3057
f 4434 4438 3057
f 4438 4439 3058
f 4439 3059 3058
f 4439 4440 3059
f 2706 2707 3098
f 2707 2708 3099
f 2708 2709 3100
f 2709 2710 3101
f 2710 2711 3102
f 2711 3060 3103
f 3060 3061 3151
f 3061 3062 3152
f 3062 3063 3153
f 3063 3064 3154
f 2745 3065 3064
f 2746 3066 3065
f 2747 3067 3066
f 3064 3065 3155
f 2748 2749 3068
f 2748 3068 3067
f 2749 2750 3069
f 2749 3069 3068
f 2750 2751 3070
f 2750 3070 3069
f 2751 3191 3196
f 2751 3196 3070
f 2692 3078 3077
f 2693 3079 3078
f 3071 3072 3085
f 3072 3073 3086
f 3073 3074 3087
f 3074 3075 3088
f 3075 3076 3089
f 3076 3077 3090
f 3077 3078 3091
f 3078 3079 3092
f 2694 3080 3079
f 2695 3081 3080
f 2696 3082 3081
f 2697 3083 3082
f 2698 3097 3083
f 3079 3080 3093
f 3080 3081 3094
f 3081 3082 3095
f 3082 3083 3096
f 3083 3097 3104
f 3071 3085 3084
f 3072 3086 3085
f 3073 3087 3086
f 3074 3088 3087
f 3075 3089 3088
f 3076 3090 3089
f 3077 3091 3090
f 3078 3092 3091
f 3084 3085 3112
f 3085 3086 3113
f 3086 3087 3114
f 3087 3088 3115
f 3088 3089 3116
f 3089 3090 3117
f 3090 3091 3118
f 3091 3092 3119
f 3079 3093 3092
f 3080 3094 3093
f 3081 3095 3094
f 3082 3096 3095
f 3083 3104 3096
f 3092 3093 3120
f 3093 3094 3121
f 3094 3095 3122
f 3095 3096 3123
f 3096 3104 3137
f 2706 3098 3097
f 2707 3099 3098
f 2708 3100 3099
f 2709 3101 3100
f 3097 3098 3105
f 2710 3102 3101
f 2711 3103 3102
f 3060 3151 3103
f 3098 3099 3106
f 3099 3100 3107
f 3100 3101 3108
f 3101 3102 3109
f 3102 3103 3110
f 3097 3105 3104
f 3098 3106 3105
f 3099 3107 3106
f 3100 3108 3107
f 3104 3105 3138
f 3105 3106 3139
f 3106 3107 3140
f 3101 3109 3108
f 3102 3110 3109
f 3103 3157 3110
f 3107 3108 3141
f 3108 3109 3142
f 3109 3110 3143
f 3084 3112 3111
f 3085 3113 3112
f 3086 3114 3113
f 3087 3115 3114
f 3088 3116 3115
f 3089 3117 3116
f 3090 3118 3117
f 3091 3119 3118
f 3092 3120 3119
f 3093 3121 3120
f 3094 3122 3121
f 3111 3112 3125
f 3112 3113 3126
f 3113 3114 3127
f 3114 3115 3128
f 3115 3116 3129
f 3116 3117 3130
f 3117 3118 3131
f 3118 3119 3132
f 3095 3123 3122
f 3096 3137 3123
f 3119 3120 3133
f 3120 3121 3134
f 3121 3122 3135
f 3122 3123 3136
f 3123 3137 3144
f 3111 3125 3124
f 3112 3126 3125
f 3113 3127 3126
f 3114 3128 3127
f 3115 3129 3128
f 3116 3130 3129
f 3117 3131 3130
f 3118 3132 3131
f 3119 3133 3132
f 3120 3134 3133
f 3121 3135 3134
f 3122 3136 3135
f 3123 3144 3136
f 3124 3125 4442
f 3125 3126 4443
f 3126 3127 4444
f 3127 3128 4445
f 3128 3129 4446
f 3129 3130 4447
f 3130 3131 4448
f 3131 3132 4449
f 3132 3133 4450
f 3133 3134 4451
f 3134 3135 4452
f 3135 3136 4453
f 3136 3144 4454
f 3104 3138 3137
f 3105 3139 3138
f 3106 3140 3139
f 3107 3141 3140
f 3137 3138 3145
f 3138 3139 3146
f 3139 3140 3147
f 3108 3142 3141
f 3109 3143 3142
f 3110 3171 3143
f 3140 3141 3148
f 3141 3142 3149
f 3142 3143 3150
f 3137 3145 3144
f 3138 3146 3145
f 3139 3147 3146
f 3140 3148 3147
f 3144 3145 4455
f 3145 3146 4456
f 3146 3147 4472
f 3141 3149 3148
f 3142 3150 3149
f 3143 3177 3150
f 3147 3148 4473
f 3148 3149 4474
f 3149 3150 4475
f 3061 3152 3151
f 3062 3153 3152
f 3063 3154 3153
f 3064 3155 3154
f 3065 3066 3156
f 3103 3151 3157
f 3151 3152 3158
f 3152 3153 3163
f 3153 3154 3164
f 3065 3156 3155
f 3066 3159 3156
f 3154 3155 3165
f 3155 3156 3166
f 3151 3158 3157
f 3152 3163 3158
f 3153 3164 3163
f 3154 3165 3164
f 3155 3166 3165
f 3156 3167 3166
f 3066 3067 3159
f 3067 3068 3160
f 3067 3160 3159
f 3068 3069 3161
f 3068 3161 3160
f 3156 3159 3167
f 3159 3160 3168
f 3160 3161 3169
f 3069 3070 3162
f 3069 3162 3161
f 3070 3196 3229
f 3070 3229 3162
f 3161 3162 3170
f 3110 3157 3171
f 3157 3158 3172
f 3158 3163 3173
f 3163 3164 3174
f 3164 3165 3175
f 3165 3166 3176
f 3162 3229 3234
f 3159 3168 3167
f 3160 3169 3168
f 3166 3167 3183
f 3167 3168 3184
f 3168 3169 3185
f 3161 3170 3169
f 3162 3234 3170
f 3169 3170 3186
f 3170 3234 3247
f 3157 3172 3171
f 3158 3173 3172
f 3163 3174 3173
f 3143 3171 3177
f 3164 3175 3174
f 3165 3176 3175
f 3166 3183 3176
f 3171 3172 3178
f 3172 3173 3179
f 3173 3174 3180
f 3174 3175 3181
f 3175 3176 3182
f 3171 3178 3177
f 3172 3179 3178
f 3173 3180 3179
f 3150 3177 4523
f 3177 3178 4524
f 3178 3179 4525
f 3179 3180 4526
f 3174 3181 3180
f 3175 3182 3181
f 3176 3187 3182
f 3180 3181 4527
f 3181 3182 4528
f 3167 3184 3183
f 3168 3185 3184
f 3176 3183 3187
f 3183 3184 3188
f 3184 3185 3189
f 3169 3186 3185
f 3170 3247 3186
f 3185 3186 3190
f 3186 3247 3274
f 3183 3188 3187
f 3184 3189 3188
f 3185 3190 3189
f 3186 3274 3190
f 3182 3187 4535
f 3187 3188 4536
f 3188 3189 4537
f 3189 3190 4538
f 3190 3274 4817
f 2960 3201 3195
f 3191 3192 3197
f 3192 3193 3198
f 3191 3197 3196
f 3192 3198 3197
f 3193 3194 3199
f 3193 3199 3198
f 3194 3195 3200
f 3194 3200 3199
f 3195 3201 3205
f 3195 3205 3200
f 2962 2963 3203
f 2961 3202 3201
f 2962 3203 3202
f 2963 2964 3204
f 2963 3204 3203
f 2964 3213 3204
f 3201 3202 3206
f 3202 3203 3207
f 3201 3206 3205
f 3202 3207 3206
f 3203 3204 3208
f 3203 3208 3207
f 3204 3215 3208
f 2981 2982 3223
f 2964 2991 3213
f 2991 3209 3214
f 2991 3214 3213
f 3209 3217 3214
f 2975 3212 3211
f 3209 3210 3217
f 3210 3211 3218
f 3211 3212 3219
f 3210 3218 3217
f 3211 3219 3218
f 3204 3213 3215
f 3213 3214 3216
f 3213 3216 3215
f 3214 3220 3216
f 3214 3217 3220
f 3217 3218 3227
f 3218 3219 3228
f 3217 3227 3220
f 3218 3228 3227
f 2976 3221 3212
f 2980 3222 3221
f 3212 3221 3224
f 3212 3224 3219
f 3221 3222 3225
f 2981 3223 3222
f 3222 3223 3226
f 3221 3225 3224
f 3222 3226 3225
f 3219 3224 3265
f 3224 3225 3266
f 3219 3265 3228
f 3224 3266 3265
f 3225 3226 3267
f 3225 3267 3266
f 3196 3197 3230
f 3197 3198 3231
f 3198 3199 3232
f 3196 3230 3229
f 3197 3231 3230
f 3198 3232 3231
f 3199 3200 3233
f 3199 3233 3232
f 3200 3205 3239
f 3200 3239 3233
f 3205 3206 3240
f 3205 3240 3239
f 3206 3207 3241
f 3207 3208 3242
f 3229 3230 3235
f 3230 3231 3236
f 3229 3235 3234
f 3230 3236 3235
f 3231 3232 3237
f 3231 3237 3236
f 3234 3235 3248
f 3235 3236 3249
f 3232 3233 3238
f 3233 3239 3243
f 3232 3238 3237
f 3233 3243 3238
f 3236 3237 3250
f 3237 3238 3251
f 3238 3243 3252
f 3206 3241 3240
f 3207 3242 3241
f 3208 3255 3242
f 3239 3240 3244
f 3239 3244 3243
f 3240 3241 3245
f 3240 3245 3244
f 3241 3242 3246
f 3241 3246 3245
f 3243 3244 3253
f 3242 3260 3246
f 3234 3248 3247
f 3235 3249 3248
f 3236 3250 3249
f 3247 3248 3275
f 3248 3249 3276
f 3249 3250 3277
f 3237 3251 3250
f 3238 3252 3251
f 3250 3251 3278
f 3251 3252 3280
f 3247 3275 3274
f 3248 3276 3275
f 3244 3245 3254
f 3243 3253 3252
f 3244 3254 3253
f 3245 3246 3279
f 3245 3279 3254
f 3246 3284 3279
f 3208 3215 3255
f 3215 3216 3256
f 3215 3256 3255
f 3216 3257 3256
f 3216 3220 3257
f 3220 3227 3258
f 3227 3228 3259
f 3220 3258 3257
f 3227 3259 3258
f 3242 3255 3260
f 3255 3256 3261
f 3255 3261 3260
f 3256 3262 3261
f 3256 3257 3262
f 3257 3258 3263
f 3258 3259 3264
f 3257 3263 3262
f 3258 3264 3263
f 3228 3265 3268
f 3265 3266 3269
f 3228 3268 3259
f 3265 3269 3268
f 3266 3267 3270
f 3266 3270 3269
f 3259 3268 3271
f 3259 3271 3264
f 3268 3269 3272
f 3268 3272 3271
f 3269 3270 3273
f 3269 3273 3272
f 3246 3260 3284
f 3260 3285 3284
f 3260 3261 3285
f 3261 3262 3286
f 3262 3263 3287
f 3263 3264 3288
f 3264 3271 3294
f 3249 3277 3276
f 3274 3275 4818
f 3275 3276 4819
f 3276 3277 4820
f 3250 3278 3277
f 3251 3280 3278
f 3277 3278 4821
f 3278 3280 4827
f 3252 3253 3281
f 3253 3254 3282
f 3254 3279 3283
f 3252 3281 3280
f 3253 3282 3281
f 3280 3281 4828
f 3281 3282 4829
f 3254 3283 3282
f 3279 3289 3283
f 3282 3283 4830
f 3261 3286 3285
f 3279 3284 3289
f 3284 3285 3290
f 3262 3287 3286
f 3263 3288 3287
f 3285 3286 3291
f 3286 3287 3292
f 3287 3288 3293
f 3284 3290 3289
f 3285 3291 3290
f 3283 3289 4853
f 3286 3292 3291
f 3287 3293 3292
f 3289 3290 4854
f 3290 3291 4855
f 3291 3292 4856
f 3292 3293 4857
f 3264 3294 3288
f 3271 3272 3295
f 3271 3295 3294
f 3288 3294 3297
f 3272 3296 3295
f 3272 3273 3296
f 3288 3297 3293
f 3294 3295 3298
f 3294 3298 3297
f 3295 3296 3299
f 3293 3297 4859
f 3297 3298 4860
f 3295 3299 3298
f 3298 3299 4861
f 1934 3302 3301
f 2478 3300 3304
f 2478 3304 2480
f 3300 3301 3305
f 3301 3302 3306
f 3300 3305 3304
f 3301 3306 3305
f 1935 3303 3302
f 1936 3308 3303
f 3302 3303 3307
f 3302 3307 3306
f 3303 3315 3307
f 2480 3304 3317
f 2480 3317 2489
f 3304 3305 3318
f 3305 3306 3319
f 3304 3318 3317
f 3305 3319 3318
f 3306 3307 3320
f 1936 2035 3308
f 2035 3309 3312
f 2035 3312 3308
f 1943 3311 3310
f 1944 3355 3311
f 3309 3310 3313
f 3310 3311 3314
f 3309 3313 3312
f 3310 3314 3313
f 3311 3359 3314
f 3303 3308 3315
f 3308 3316 3315
f 3308 3312 3316
f 3312 3313 3322
f 3313 3314 3323
f 3307 3315 3321
f 3312 3322 3316
f 3313 3323 3322
f 3314 3374 3323
f 2489 3317 3347
f 2489 3347 2491
f 3317 3318 3348
f 3318 3319 3349
f 3317 3348 3347
f 3318 3349 3348
f 3306 3320 3319
f 3307 3321 3320
f 3319 3320 3350
f 3319 3350 3349
f 3315 3316 3324
f 3315 3324 3321
f 3320 3321 3351
f 3316 3322 3325
f 3322 3323 3326
f 3316 3325 3324
f 3322 3326 3325
f 3323 3377 3326
f 3321 3324 3352
f 3324 3325 3353
f 2500 3327 2044
f 3327 3328 2045
f 3328 3329 2046
f 3329 2047 2046
f 3329 3330 2047
f 3330 3335 2047
f 2503 3327 2500
f 2503 3331 3327
f 3331 3328 3327
f 3332 3329 3328
f 3331 3332 3328
f 3332 3333 3329
f 3333 3330 3329
f 3334 3339 3330
f 2916 3331 2503
f 3646 3332 3331
f 3647 3333 3332
f 3333 3334 3330
f 3648 3334 3333
f 3649 3341 3334
f 3339 3336 3335
f 3330 3339 3335
f 3339 3340 3336
f 3336 3337 2042
f 3338 2076 2043
f 3337 3338 2043
f 3340 3337 3336
f 3340 3342 3337
f 3342 3338 3337
f 3343 3384 3338
f 3342 3343 3338
f 3334 3341 3339
f 3341 3340 3339
f 3341 3344 3340
f 3344 3342 3340
f 3345 3343 3342
f 3346 3389 3343
f 3344 3345 3342
f 3345 3346 3343
f 2491 3347 3410
f 2491 3410 2511
f 3347 3348 3411
f 3348 3349 3412
f 3347 3411 3410
f 3348 3412 3411
f 3320 3351 3350
f 3349 3350 3413
f 3349 3413 3412
f 3321 3352 3351
f 3350 3351 3418
f 3325 3326 3354
f 3324 3353 3352
f 3325 3354 3353
f 3326 3426 3354
f 1999 2058 3357
f 1999 3357 3355
f 3311 3355 3359
f 3355 3357 3360
f 2058 3356 3358
f 2058 3358 3357
f 3356 3367 3358
f 3355 3360 3359
f 3314 3359 3374
f 3357 3358 3361
f 3357 3361 3360
f 3358 3372 3361
f 3359 3360 3375
f 3360 3361 3376
f 2009 3363 3362
f 3356 3362 3367
f 2010 3365 3363
f 3362 3363 3368
f 3363 3365 3369
f 3362 3368 3367
f 3363 3369 3368
f 2013 3366 3365
f 2013 3364 3366
f 3365 3366 3370
f 3358 3367 3372
f 3367 3368 3373
f 3367 3373 3372
f 3368 3369 3380
f 3365 3370 3369
f 3393 2075 2072
f 3368 3380 3373
f 3369 3381 3380
f 3369 3370 3381
f 3359 3375 3374
f 3323 3374 3377
f 3374 3375 3403
f 3374 3403 3377
f 3360 3376 3375
f 3361 3378 3376
f 3375 3376 3404
f 3375 3404 3403
f 3376 3406 3404
f 3361 3372 3378
f 3372 3373 3379
f 3373 3380 3382
f 3372 3379 3378
f 3373 3382 3379
f 3380 3383 3382
f 3380 3381 3383
f 3376 3378 3406
f 3378 3379 3407
f 3379 3382 3408
f 3338 3384 2076
f 3384 3385 2076
f 3384 3387 3385
f 3389 3387 3384
f 3387 3386 3385
f 3388 3392 3386
f 3387 3388 3386
f 3390 3388 3387
f 3343 3389 3384
f 3389 3390 3387
f 3346 3405 3389
f 3405 3390 3389
f 3405 3670 3390
f 3390 3391 3388
f 3391 3396 3388
f 3670 3391 3390
f 3671 3399 3391
f 3386 3392 2071
f 3392 3393 2072
f 3393 3394 2075
f 3396 3393 3392
f 3388 3396 3392
f 3396 3397 3393
f 3397 3394 3393
f 3394 3371 2075
f 3394 3395 3371
f 3398 3395 3394
f 3397 3398 3394
f 3398 3401 3395
f 3399 3397 3396
f 3391 3399 3396
f 3400 3398 3397
f 3399 3400 3397
f 3400 3402 3398
f 3402 3401 3398
f 3402 3409 3401
f 3326 3377 3426
f 3377 3403 3427
f 3377 3427 3426
f 3403 3404 3428
f 3670 3671 3391
f 3378 3407 3406
f 3379 3408 3407
f 3404 3406 3433
f 3406 3407 3434
f 3382 3383 3435
f 3382 3435 3408
f 3677 3400 3399
f 3671 3677 3399
f 3677 3678 3400
f 3678 3402 3400
f 3679 3409 3402
f 2511 3410 3414
f 3410 3411 3415
f 3411 3412 3416
f 3350 3418 3413
f 2511 3414 2533
f 3410 3415 3414
f 3411 3416 3415
f 3412 3413 3417
f 3412 3417 3416
f 2533 3414 3687
f 3414 3415 3688
f 2533 3687 2966
f 3415 3416 3689
f 3414 3688 3687
f 3415 3689 3688
f 3413 3422 3417
f 3416 3417 3690
f 3416 3690 3689
f 3351 3352 3419
f 3351 3419 3418
f 3352 3353 3420
f 3352 3420 3419
f 3353 3354 3421
f 3353 3421 3420
f 3354 3429 3421
f 3413 3418 3422
f 3418 3419 3423
f 3418 3423 3422
f 3417 3422 3697
f 3422 3423 3698
f 3419 3420 3424
f 3419 3424 3423
f 3420 3421 3425
f 3420 3425 3424
f 3421 3430 3425
f 3423 3424 3699
f 3424 3425 3700
f 3354 3426 3429
f 3426 3427 3431
f 3426 3431 3429
f 3403 3428 3427
f 3404 3433 3428
f 3427 3428 3432
f 3427 3432 3431
f 3421 3429 3430
f 3429 3431 3442
f 3429 3442 3430
f 3428 3438 3432
f 3431 3432 3443
f 3431 3443 3442
f 3432 3729 3443
f 3407 3408 3436
f 3406 3434 3433
f 3407 3436 3434
f 3428 3433 3438
f 3408 3435 3437
f 3408 3437 3436
f 3433 3434 3439
f 3434 3436 3440
f 3433 3439 3438
f 3434 3440 3439
f 3432 3438 3729
f 3438 3439 3730
f 3439 3440 3731
f 3436 3441 3440
f 3436 3437 3441
f 3438 3730 3729
f 3439 3731 3730
f 3440 3732 3731
f 3440 3441 3732
f 3364 3444 3445
f 2179 3446 3444
f 3364 3445 3366
f 3444 3446 3449
f 3444 3449 3445
f 2183 3447 3446
f 2184 3448 3447
f 2184 2288 3448
f 3446 3447 3450
f 3446 3450 3449
f 3447 3448 3451
f 3366 3445 3453
f 3366 3453 3370
f 3445 3449 3454
f 3445 3454 3453
f 3447 3451 3450
f 3449 3450 3455
f 3449 3455 3454
f 3450 3451 3471
f 3371 3481 2291
f 3481 3483 2295
f 3483 2296 2295
f 3484 3452 2296
f 3483 3484 2296
f 3370 3453 3470
f 3450 3471 3455
f 2288 3456 3457
f 2194 3458 3456
f 2288 3457 3448
f 3456 3462 3457
f 2305 3459 3460
f 2305 3460 3458
f 3459 3514 3460
f 3456 3458 3462
f 3458 3460 3463
f 3458 3463 3462
f 3448 3461 3451
f 3448 3457 3461
f 3457 3468 3461
f 3457 3462 3468
f 3460 3518 3463
f 3462 3463 3469
f 3462 3469 3468
f 3452 3464 2307
f 3485 3464 3452
f 3464 3465 2307
f 3464 3467 3465
f 3467 3466 3465
f 3493 3521 3466
f 3467 3493 3466
f 3451 3476 3471
f 3451 3461 3476
f 3461 3468 3477
f 3463 3551 3469
f 3370 3470 3381
f 3453 3454 3472
f 3453 3472 3470
f 3381 3470 3475
f 3381 3475 3383
f 3470 3472 3499
f 3454 3455 3473
f 3454 3473 3472
f 3455 3471 3474
f 3455 3474 3473
f 3472 3473 3500
f 3470 3499 3475
f 3472 3500 3499
f 3473 3501 3500
f 3473 3474 3501
f 3461 3477 3476
f 3471 3476 3479
f 3471 3479 3474
f 3476 3480 3479
f 3468 3469 3478
f 3468 3478 3477
f 3469 3553 3478
f 3476 3477 3480
f 3477 3478 3508
f 3474 3479 3507
f 3477 3508 3480
f 3478 3580 3508
f 3395 3481 3371
f 3395 3482 3481
f 3482 3483 3481
f 3482 3486 3483
f 3484 3485 3452
f 3486 3484 3483
f 3486 3487 3484
f 3487 3485 3484
f 3401 3482 3395
f 3401 3489 3482
f 3489 3486 3482
f 3490 3487 3486
f 3491 3488 3487
f 3487 3488 3485
f 3409 3489 3401
f 3489 3490 3486
f 3502 3490 3489
f 3490 3491 3487
f 3491 3503 3488
f 3485 3492 3464
f 3492 3467 3464
f 3492 3495 3467
f 3495 3493 3467
f 3496 3566 3493
f 3488 3492 3485
f 3488 3494 3492
f 3494 3495 3492
f 3495 3496 3493
f 3497 3496 3495
f 3494 3497 3495
f 3498 3568 3496
f 3497 3498 3496
f 3503 3494 3488
f 3503 3509 3494
f 3509 3497 3494
f 3383 3475 3601
f 3383 3601 3435
f 3475 3499 3602
f 3475 3602 3601
f 3499 3500 3603
f 3500 3501 3604
f 3409 3502 3489
f 3680 3502 3409
f 3502 3504 3490
f 3504 3491 3490
f 3505 3503 3491
f 3504 3505 3491
f 3505 3506 3503
f 3474 3507 3501
f 3479 3611 3507
f 3479 3480 3611
f 3480 3508 3612
f 3480 3612 3611
f 3508 3622 3612
f 3506 3509 3503
f 3821 3510 3509
f 3506 3821 3509
f 3509 3510 3497
f 3510 3498 3497
f 3511 3572 3498
f 3510 3511 3498
f 3821 3823 3510
f 3823 3511 3510
f 3823 3824 3511
f 3824 3584 3511
f 2239 3513 3512
f 3459 3512 3514
f 3512 3513 3515
f 3512 3515 3514
f 3460 3514 3518
f 2240 3516 3517
f 2240 3517 3513
f 2242 3526 3516
f 3516 3526 3531
f 3513 3517 3520
f 3516 3531 3517
f 3513 3520 3515
f 3517 3531 3535
f 3514 3519 3518
f 3514 3515 3519
f 3463 3518 3551
f 3515 3520 3525
f 3515 3525 3519
f 3517 3535 3520
f 3520 3557 3525
f 3520 3535 3557
f 3466 3521 2320
f 3521 3522 2321
f 3493 3566 3521
f 3566 3522 3521
f 3566 3567 3522
f 3522 3523 2321
f 3523 3543 2342
f 3522 3524 3523
f 3524 3543 3523
f 3567 3524 3522
f 3524 3544 3543
f 3518 3552 3551
f 3518 3519 3552
f 3519 3525 3555
f 2332 3529 3526
f 2332 3527 3529
f 3527 3528 3530
f 3527 3530 3529
f 3526 3536 3531
f 3526 3529 3536
f 3529 3530 3537
f 3529 3537 3536
f 2274 3533 3528
f 2274 3532 3533
f 3528 3533 3534
f 3532 7730 3533
f 3528 3534 3530
f 3530 3540 3537
f 3530 3534 3540
f 3533 7743 3534
f 3531 3538 3535
f 3531 3536 3538
f 3536 3537 3539
f 3536 3539 3538
f 3537 3540 3550
f 3534 7744 3540
f 3537 3550 3539
f 3543 3541 2342
f 3541 3542 2338
f 3543 3545 3541
f 3545 3542 3541
f 3544 3545 3543
f 3545 3546 3542
f 3544 3574 3545
f 3574 3546 3545
f 3574 3575 3546
f 3542 3547 2338
f 3542 3548 3547
f 3546 3548 3542
f 3548 7750 3547
f 3546 3549 3548
f 3575 3549 3546
f 3549 7751 3548
f 3535 3558 3557
f 3535 3538 3558
f 3538 3539 3559
f 3539 3550 3563
f 3540 7803 3550
f 3578 7759 3549
f 3469 3551 3553
f 3551 3552 3554
f 3551 3554 3553
f 3478 3553 3580
f 3519 3555 3552
f 3525 3557 3560
f 3525 3560 3555
f 3552 3555 3556
f 3552 3556 3554
f 3555 3564 3556
f 3555 3560 3564
f 3553 3581 3580
f 3553 3554 3581
f 3554 3556 3582
f 3538 3559 3558
f 3557 3558 3561
f 3558 3559 3562
f 3557 3561 3560
f 3558 3562 3561
f 3539 3563 3559
f 3550 7804 3563
f 3559 3563 3565
f 3559 3565 3562
f 3563 7810 3565
f 3560 3591 3564
f 3560 3561 3591
f 3561 3562 3592
f 3561 3592 3591
f 3562 3565 3593
f 3562 3593 3592
f 3567 3570 3524
f 3570 3544 3524
f 3496 3568 3566
f 3568 3567 3566
f 3568 3569 3567
f 3572 3569 3568
f 3498 3572 3568
f 3572 3583 3569
f 3569 3570 3567
f 3570 3573 3544
f 3571 3573 3570
f 3569 3571 3570
f 3583 3571 3569
f 3571 3588 3573
f 3573 3574 3544
f 3576 3575 3574
f 3573 3576 3574
f 3576 3577 3575
f 3588 3576 3573
f 3589 3577 3576
f 3588 3589 3576
f 3575 3578 3549
f 3577 3578 3575
f 3577 3579 3578
f 3579 7822 3578
f 3590 3579 3577
f 3586 3588 3571
f 3508 3580 3622
f 3580 3581 3623
f 3554 3582 3581
f 3556 3629 3582
f 3556 3564 3629
f 3584 3583 3572
f 3511 3584 3572
f 3827 3585 3584
f 3584 3585 3583
f 3583 3586 3571
f 3585 3586 3583
f 3586 3594 3588
f 3587 3594 3586
f 3585 3587 3586
f 3587 3599 3594
f 3828 3587 3585
f 3589 3590 3577
f 3590 3597 3579
f 3597 7831 3579
f 3564 3630 3629
f 3564 3591 3630
f 3591 3592 3631
f 3591 3631 3630
f 3592 3593 3635
f 3565 7836 3593
f 3594 3589 3588
f 3595 3590 3589
f 3594 3595 3589
f 3595 3596 3590
f 3599 3595 3594
f 3600 3596 3595
f 3596 3597 3590
f 3596 3598 3597
f 3598 7840 3597
f 3599 3600 3595
f 3600 3832 3596
f 3832 3598 3596
f 3832 3836 3598
f 3836 7843 3598
f 3435 3601 3605
f 3435 3605 3437
f 3601 3602 3607
f 3601 3607 3605
f 3499 3603 3602
f 3500 3604 3603
f 3602 3603 3608
f 3602 3608 3607
f 3603 3604 3609
f 3437 3605 3606
f 3605 3607 3618
f 3437 3606 3441
f 3605 3618 3606
f 3603 3609 3608
f 3607 3608 3619
f 3608 3609 3620
f 3607 3619 3618
f 3608 3620 3619
f 3501 3507 3610
f 3501 3610 3604
f 3604 3610 3614
f 3507 3613 3610
f 3507 3611 3613
f 3611 3612 3615
f 3611 3615 3613
f 3612 3625 3615
f 3604 3614 3609
f 3610 3616 3614
f 3609 3614 3621
f 3610 3613 3616
f 3613 3615 3617
f 3613 3617 3616
f 3615 3627 3617
f 3614 3616 3852
f 3441 3606 3844
f 3606 3618 3845
f 3618 3619 3846
f 3609 3621 3620
f 3614 3852 3621
f 3616 3617 3853
f 3616 3853 3852
f 3617 3887 3853
f 3580 3623 3622
f 3612 3622 3625
f 3622 3626 3625
f 3622 3623 3626
f 3581 3582 3624
f 3582 3629 3632
f 3581 3624 3623
f 3582 3632 3624
f 3623 3624 3628
f 3623 3628 3626
f 3624 3632 3636
f 3615 3625 3627
f 3625 3626 3641
f 3625 3641 3627
f 3624 3636 3628
f 3626 3628 3642
f 3628 3636 3643
f 3626 3642 3641
f 3628 3643 3642
f 3629 3630 3633
f 3630 3631 3634
f 3629 3633 3632
f 3630 3634 3633
f 3592 3635 3631
f 3593 8023 3635
f 3631 3635 3639
f 3631 3639 3634
f 3635 8030 3639
f 3632 3637 3636
f 3632 3633 3637
f 3633 3634 3638
f 3633 3638 3637
f 3636 3637 3644
f 3637 3638 3645
f 3634 3639 3640
f 3634 3640 3638
f 3639 8043 3640
f 3617 3627 3887
f 3627 3888 3887
f 3627 3641 3888
f 3641 3642 3889
f 3636 3644 3643
f 3637 3645 3644
f 3638 3640 3893
f 3638 3893 3645
f 3640 8436 3893
f 2916 3646 3331
f 3646 3647 3332
f 3647 3648 3333
f 3648 3649 3334
f 3658 3344 3341
f 3659 3345 3344
f 2926 3646 2916
f 2926 3650 3646
f 3650 3647 3646
f 3651 3648 3647
f 3650 3651 3647
f 3651 3652 3648
f 3652 3649 3648
f 3653 3658 3649
f 3652 3653 3649
f 2929 3650 2926
f 3654 3651 3650
f 3655 3652 3651
f 2929 3654 3650
f 3654 3655 3651
f 3655 3656 3652
f 3656 3653 3652
f 3657 3662 3653
f 3656 3657 3653
f 3649 3658 3341
f 3658 3659 3344
f 3653 3662 3658
f 3662 3659 3658
f 3659 3660 3345
f 3660 3346 3345
f 3661 3405 3346
f 3660 3661 3346
f 3663 3660 3659
f 3664 3661 3660
f 3665 3669 3661
f 3662 3663 3659
f 3657 3666 3662
f 3666 3663 3662
f 3666 3667 3663
f 3663 3664 3660
f 3664 3665 3661
f 3667 3664 3663
f 3667 3668 3664
f 3668 3665 3664
f 3714 3674 3665
f 3668 3714 3665
f 2937 3654 2929
f 2937 3705 3654
f 3705 3655 3654
f 3706 3656 3655
f 3705 3706 3655
f 3706 3707 3656
f 3707 3657 3656
f 3708 3666 3657
f 3661 3669 3405
f 3669 3670 3405
f 3669 3672 3670
f 3672 3671 3670
f 3673 3677 3671
f 3672 3673 3671
f 3674 3672 3669
f 3665 3674 3669
f 3674 3675 3672
f 3714 3737 3674
f 3737 3675 3674
f 3675 3673 3672
f 3675 3676 3673
f 3676 3681 3673
f 3739 3676 3675
f 3678 3679 3402
f 3681 3678 3677
f 3682 3679 3678
f 3673 3681 3677
f 3681 3682 3678
f 3679 3680 3409
f 3683 3680 3679
f 3682 3683 3679
f 3683 3686 3680
f 3684 3682 3681
f 3685 3683 3682
f 3676 3684 3681
f 3684 3685 3682
f 3685 3722 3683
f 3722 3686 3683
f 3722 3723 3686
f 2966 3687 3691
f 3687 3688 3692
f 3688 3689 3693
f 2966 3691 2979
f 3687 3692 3691
f 3688 3693 3692
f 3417 3697 3690
f 3689 3690 3694
f 3689 3694 3693
f 3690 3701 3694
f 2979 3691 3695
f 3691 3692 3696
f 3692 3693 3958
f 2979 3695 2982
f 3691 3696 3695
f 3692 3958 3696
f 3693 3694 3959
f 3693 3959 3958
f 3694 3960 3959
f 3422 3698 3697
f 3690 3697 3701
f 3697 3698 3702
f 3423 3699 3698
f 3424 3700 3699
f 3425 3724 3700
f 3698 3699 3703
f 3697 3702 3701
f 3698 3703 3702
f 3699 3700 3704
f 3699 3704 3703
f 3700 3727 3704
f 3694 3701 3960
f 3701 3702 3961
f 3702 3703 3962
f 3703 3704 3963
f 2990 3705 2937
f 3707 3708 3657
f 3709 3706 3705
f 3710 3707 3706
f 2990 3709 3705
f 3709 3710 3706
f 3710 3711 3707
f 3040 3709 2990
f 3711 3708 3707
f 3711 3712 3708
f 3712 3713 3708
f 3757 3710 3709
f 3758 3711 3710
f 3759 3712 3711
f 3760 3718 3712
f 3713 3667 3666
f 3708 3713 3666
f 3713 3715 3667
f 3715 3668 3667
f 3716 3714 3668
f 3717 3737 3714
f 3715 3716 3668
f 3716 3717 3714
f 3712 3718 3713
f 3718 3715 3713
f 3718 3719 3715
f 3719 3716 3715
f 3720 3717 3716
f 3721 3738 3717
f 3761 3719 3718
f 3719 3720 3716
f 3720 3721 3717
f 3737 3739 3675
f 3740 3684 3676
f 3746 3685 3684
f 3747 3722 3685
f 3748 3723 3722
f 3425 3430 3724
f 3430 3442 3725
f 3430 3725 3724
f 3442 3443 3726
f 3442 3726 3725
f 3443 3733 3726
f 3700 3724 3727
f 3724 3725 3728
f 3725 3726 3981
f 3724 3728 3727
f 3725 3981 3728
f 3726 3982 3981
f 3443 3729 3733
f 3729 3730 3734
f 3730 3731 3735
f 3729 3734 3733
f 3731 3732 3736
f 3730 3735 3734
f 3726 3733 3982
f 3733 3734 3983
f 3731 3736 3735
f 3733 3983 3982
f 3734 3735 3984
f 3734 3984 3983
f 3735 3736 3985
f 3738 3739 3737
f 3717 3738 3737
f 3738 3741 3739
f 3739 3740 3676
f 3741 3740 3739
f 3741 3743 3740
f 3743 3746 3740
f 3742 3741 3738
f 3721 3742 3738
f 3742 3744 3741
f 3744 3743 3741
f 3745 3750 3743
f 3744 3745 3743
f 3740 3746 3684
f 3746 3747 3685
f 3747 3748 3722
f 3750 3747 3746
f 3743 3750 3746
f 3750 3751 3747
f 3751 3748 3747
f 3748 3749 3723
f 3754 3749 3748
f 3751 3754 3748
f 3754 3755 3749
f 3752 3751 3750
f 3753 3754 3751
f 3745 3752 3750
f 3752 3753 3751
f 3753 3756 3754
f 3756 3755 3754
f 3756 3797 3755
f 3040 3757 3709
f 3757 3758 3710
f 3758 3759 3711
f 3043 3757 3040
f 3764 3758 3757
f 3765 3759 3758
f 3759 3760 3712
f 3766 3760 3759
f 3767 3761 3760
f 3043 3764 3757
f 3764 3765 3758
f 3765 3766 3759
f 3760 3761 3718
f 3761 3762 3719
f 3762 3720 3719
f 3762 3763 3720
f 3763 3721 3720
f 3768 3742 3721
f 3763 3768 3721
f 3056 3764 3043
f 3773 3765 3764
f 3774 3766 3765
f 3056 3773 3764
f 3773 3774 3765
f 3774 3775 3766
f 3766 3767 3760
f 3775 3767 3766
f 3775 3776 3767
f 3776 3769 3767
f 3769 3762 3761
f 3770 3763 3762
f 3771 3768 3763
f 3772 3789 3768
f 3767 3769 3761
f 3769 3770 3762
f 3776 3781 3769
f 3781 3770 3769
f 3770 3771 3763
f 3771 3772 3768
f 3782 3771 3770
f 3783 3772 3771
f 3784 3792 3772
f 3059 3773 3056
f 3777 3774 3773
f 3059 3777 3773
f 3778 3775 3774
f 3777 3778 3774
f 3778 3779 3775
f 3779 3776 3775
f 3779 3780 3776
f 3780 3781 3776
f 4440 3777 3059
f 6372 3778 3777
f 6373 3779 3778
f 4440 6372 3777
f 6372 6373 3778
f 6373 6374 3779
f 6374 3780 3779
f 6375 3785 3780
f 6374 6375 3780
f 3781 3782 3770
f 3782 3783 3771
f 3780 3785 3781
f 3785 3782 3781
f 3785 3786 3782
f 3783 3784 3772
f 3786 3783 3782
f 3787 3784 3783
f 3788 3804 3784
f 3786 3787 3783
f 3787 3788 3784
f 6384 3786 3785
f 6375 6384 3785
f 6386 3787 3786
f 6387 3788 3787
f 3768 3789 3742
f 3789 3744 3742
f 3789 3790 3744
f 3790 3745 3744
f 3791 3752 3745
f 3792 3790 3789
f 3790 3791 3745
f 3793 3791 3790
f 3772 3792 3789
f 3792 3793 3790
f 3804 3793 3792
f 3793 3794 3791
f 3794 3795 3791
f 3805 3794 3793
f 3806 3800 3794
f 3795 3753 3752
f 3791 3795 3752
f 3795 3796 3753
f 3796 3756 3753
f 3796 3798 3756
f 3798 3797 3756
f 3798 3799 3797
f 3800 3796 3795
f 3794 3800 3795
f 3800 3801 3796
f 3801 3798 3796
f 3801 3802 3798
f 3802 3799 3798
f 3809 3801 3800
f 3810 3802 3801
f 3802 3803 3799
f 3811 3803 3802
f 3784 3804 3792
f 3804 3805 3793
f 3788 3807 3804
f 3807 3805 3804
f 3807 3808 3805
f 3805 3806 3794
f 3808 3806 3805
f 3808 4031 3806
f 4031 3809 3806
f 3806 3809 3800
f 3809 3810 3801
f 3810 3811 3802
f 4032 3810 3809
f 4031 4032 3809
f 4033 3811 3810
f 3811 3812 3803
f 4034 3812 3811
f 3680 3813 3502
f 3813 3504 3502
f 3813 3814 3504
f 3814 3505 3504
f 3815 3506 3505
f 3814 3815 3505
f 3686 3813 3680
f 3686 3817 3813
f 3817 3814 3813
f 3817 3818 3814
f 3815 3816 3506
f 3818 3815 3814
f 3819 3816 3815
f 3818 3819 3815
f 3723 3817 3686
f 3837 3818 3817
f 3819 3820 3816
f 3816 3821 3506
f 3816 3822 3821
f 3822 3823 3821
f 3820 3822 3816
f 3841 3825 3822
f 3825 3824 3823
f 3826 3827 3824
f 3822 3825 3823
f 3825 3826 3824
f 3842 3826 3825
f 3820 3841 3822
f 3843 3829 3826
f 3824 3827 3584
f 3829 3828 3827
f 3827 3828 3585
f 3826 3829 3827
f 3829 3830 3828
f 3828 3831 3587
f 3831 3599 3587
f 3831 3833 3599
f 3830 3831 3828
f 3830 3876 3831
f 3876 3833 3831
f 3833 3600 3599
f 3834 3832 3600
f 3833 3834 3600
f 3834 3835 3832
f 3879 3834 3833
f 3835 3836 3832
f 3835 3878 3836
f 3878 8411 3836
f 3723 3837 3817
f 3837 3838 3818
f 3838 3819 3818
f 3839 3820 3819
f 3838 3839 3819
f 3839 3840 3820
f 3840 3841 3820
f 3840 3865 3841
f 3865 3842 3841
f 3841 3842 3825
f 3842 3843 3826
f 3865 3866 3842
f 3866 3843 3842
f 3868 3874 3843
f 3866 3868 3843
f 3441 3844 3732
f 3606 3845 3844
f 3619 3620 3848
f 3618 3846 3845
f 3619 3848 3846
f 3732 3844 3847
f 3732 3847 3736
f 3844 3845 3849
f 3844 3849 3847
f 3845 3846 3850
f 3845 3850 3849
f 3846 3848 3851
f 3846 3851 3850
f 3736 3847 4086
f 3620 3621 3854
f 3620 3854 3848
f 3621 3855 3854
f 3621 3852 3855
f 3852 3853 3856
f 3848 3854 4090
f 3848 4090 3851
f 3852 3856 3855
f 3853 3890 3856
f 3854 3855 4092
f 3855 3856 4093
f 3854 4092 4090
f 3855 4093 4092
f 3749 3837 3723
f 3749 3857 3837
f 3857 3838 3837
f 3857 3858 3838
f 3858 3839 3838
f 3859 3840 3839
f 3858 3859 3839
f 3859 3860 3840
f 3755 3857 3749
f 3861 3858 3857
f 3862 3859 3858
f 3863 3860 3859
f 3755 3861 3857
f 3861 3862 3858
f 3797 3861 3755
f 3797 3921 3861
f 3921 3862 3861
f 3862 3863 3859
f 3863 3864 3860
f 3923 3863 3862
f 3924 3864 3863
f 3860 3865 3840
f 3860 3867 3865
f 3867 3866 3865
f 3864 3867 3860
f 3871 3869 3867
f 3869 3868 3866
f 3870 3900 3868
f 3867 3869 3866
f 3869 3870 3868
f 3864 3871 3867
f 3871 3872 3869
f 3872 3870 3869
f 3873 3902 3870
f 3872 3873 3870
f 3921 3923 3862
f 3923 3924 3863
f 3924 3925 3864
f 3925 3871 3864
f 3925 3933 3871
f 3933 3872 3871
f 3933 3934 3872
f 3934 3873 3872
f 3935 3910 3873
f 3876 3879 3833
f 3874 3830 3829
f 3843 3874 3829
f 3874 3875 3830
f 3900 3875 3874
f 3868 3900 3874
f 3900 3901 3875
f 3875 3876 3830
f 3877 3879 3876
f 3875 3877 3876
f 3877 3882 3879
f 3901 3877 3875
f 3904 3882 3877
f 3879 3880 3834
f 3880 3835 3834
f 3880 3881 3835
f 3881 3878 3835
f 3883 8414 3878
f 3882 3880 3879
f 3884 3881 3880
f 3882 3884 3880
f 3884 3885 3881
f 3881 3883 3878
f 3885 3883 3881
f 3886 8420 3883
f 3906 3884 3882
f 3907 3885 3884
f 3885 3886 3883
f 3853 3887 3890
f 3641 3889 3888
f 3642 3643 3894
f 3642 3894 3889
f 3887 3888 3891
f 3887 3891 3890
f 3856 3890 4115
f 3888 3889 3892
f 3888 3892 3891
f 3889 3894 3898
f 3889 3898 3892
f 3890 3891 4116
f 3891 3892 4117
f 3643 3895 3894
f 3643 3644 3895
f 3644 3645 3896
f 3644 3896 3895
f 3645 3893 3897
f 3894 3895 3899
f 3894 3899 3898
f 3895 3896 4118
f 3895 4118 3899
f 3645 3897 3896
f 3893 8438 3897
f 3896 3897 4122
f 3896 4122 4118
f 3897 8706 4122
f 3902 3901 3900
f 3870 3902 3900
f 3902 3903 3901
f 3901 3904 3877
f 3903 3904 3901
f 3904 3906 3882
f 3903 3905 3904
f 3905 3906 3904
f 3905 3913 3906
f 3910 3903 3902
f 3906 3907 3884
f 3907 3908 3885
f 3913 3907 3906
f 3914 3908 3907
f 3913 3914 3907
f 3908 3886 3885
f 3909 8421 3886
f 3908 3909 3886
f 3915 3909 3908
f 3873 3910 3902
f 3910 3911 3903
f 3943 3911 3910
f 3911 3905 3903
f 3911 3912 3905
f 3912 3913 3905
f 3912 3916 3913
f 3944 3912 3911
f 3945 3916 3912
f 3914 3915 3908
f 3915 3919 3909
f 3919 8450 3909
f 3916 3914 3913
f 3917 3915 3914
f 3950 3917 3916
f 3916 3917 3914
f 3917 3918 3915
f 3951 3918 3917
f 3918 3919 3915
f 3920 8457 3919
f 3918 3920 3919
f 3799 3921 3797
f 3922 3923 3921
f 3799 3922 3921
f 3922 3926 3923
f 3926 3924 3923
f 3927 3925 3924
f 3926 3927 3924
f 3927 3928 3925
f 3803 3922 3799
f 3803 3929 3922
f 3929 3926 3922
f 3929 3930 3926
f 3812 3929 3803
f 3942 3930 3929
f 3930 3927 3926
f 3931 3928 3927
f 3930 3931 3927
f 3931 3932 3928
f 4154 3931 3930
f 4155 3932 3931
f 3928 3933 3925
f 3936 3934 3933
f 3928 3936 3933
f 3934 3935 3873
f 3937 3935 3934
f 3939 3943 3935
f 3936 3937 3934
f 3937 3939 3935
f 3932 3936 3928
f 3932 3938 3936
f 3938 3937 3936
f 4156 3938 3932
f 3940 3939 3937
f 3938 3940 3937
f 3941 3946 3939
f 3940 3941 3939
f 3812 3942 3929
f 3942 4154 3930
f 4154 4155 3931
f 4155 4156 3932
f 4161 3940 3938
f 3935 3943 3910
f 3943 3944 3911
f 3944 3945 3912
f 3945 3950 3916
f 3946 3944 3943
f 3939 3946 3943
f 3946 3947 3944
f 3947 3945 3944
f 3947 3949 3945
f 3949 3950 3945
f 3949 3954 3950
f 3948 3947 3946
f 3941 3948 3946
f 3948 4167 3947
f 4167 3949 3947
f 4168 3954 3949
f 4167 4168 3949
f 3950 3951 3917
f 3951 3952 3918
f 3954 3951 3950
f 3955 3952 3951
f 3954 3955 3951
f 3955 3956 3952
f 3952 3920 3918
f 3952 3953 3920
f 3953 8461 3920
f 3956 3953 3952
f 3956 3957 3953
f 3957 8542 3953
f 4169 3955 3954
f 2982 3695 3964
f 3695 3696 3965
f 3696 3958 3966
f 3701 3961 3960
f 3702 3962 3961
f 3703 3963 3962
f 3704 3980 3963
f 2982 3964 3223
f 3695 3965 3964
f 3696 3966 3965
f 3958 3959 3967
f 3958 3967 3966
f 3959 3972 3967
f 3223 3964 3968
f 3223 3968 3226
f 3964 3965 3969
f 3965 3966 3970
f 3966 3967 3971
f 3964 3969 3968
f 3965 3970 3969
f 3226 3968 4006
f 3968 3969 4007
f 3966 3971 3970
f 3967 3976 3971
f 3959 3960 3972
f 3960 3961 3973
f 3960 3973 3972
f 3961 3962 3974
f 3962 3963 3975
f 3967 3972 3976
f 3972 3973 3977
f 3961 3974 3973
f 3962 3975 3974
f 3963 3988 3975
f 3973 3974 3978
f 3974 3975 3979
f 3972 3977 3976
f 3973 3978 3977
f 3974 3979 3978
f 3975 3998 3979
f 3226 4006 3267
f 3969 3970 4008
f 3968 4007 4006
f 3969 4008 4007
f 3970 3971 4009
f 3970 4009 4008
f 3971 4014 4009
f 3971 3976 4014
f 3976 3977 4015
f 3976 4015 4014
f 3977 3978 4016
f 3978 3979 4017
f 3977 4016 4015
f 3704 3727 3980
f 3727 3728 3986
f 3727 3986 3980
f 3728 3981 3987
f 3728 3987 3986
f 3981 3991 3987
f 3981 3982 3991
f 3982 3983 3992
f 3982 3992 3991
f 3983 3984 3995
f 3983 3995 3992
f 3735 3985 3984
f 3984 3985 3996
f 3963 3980 3988
f 3980 3986 3989
f 3980 3989 3988
f 3975 3988 3998
f 3986 3987 3990
f 3986 3990 3989
f 3987 3993 3990
f 3988 3989 3999
f 3989 3990 4000
f 3984 3996 3995
f 3987 3991 3993
f 3991 3992 3994
f 3992 3995 3997
f 3991 3994 3993
f 3992 3997 3994
f 3995 3996 4003
f 3995 4003 3997
f 3988 3999 3998
f 3979 3998 4022
f 3998 3999 4023
f 3989 4000 3999
f 3990 4001 4000
f 3999 4000 4024
f 3990 3993 4001
f 3993 3994 4002
f 3993 4002 4001
f 3994 3997 4004
f 3994 4004 4002
f 4000 4001 4027
f 4001 4002 4028
f 4002 4004 4029
f 3997 4005 4004
f 3997 4003 4005
f 3267 4006 4010
f 4006 4007 4011
f 4007 4008 4012
f 3267 4010 3270
f 4008 4009 4013
f 4006 4011 4010
f 4007 4012 4011
f 4008 4013 4012
f 4009 4018 4013
f 3270 4010 4036
f 4010 4011 4037
f 4011 4012 4038
f 3270 4036 3273
f 4010 4037 4036
f 4011 4038 4037
f 4012 4013 4039
f 4012 4039 4038
f 3978 4017 4016
f 3979 4022 4017
f 4009 4014 4018
f 4014 4015 4019
f 4014 4019 4018
f 4015 4016 4020
f 4015 4020 4019
f 4016 4017 4021
f 4016 4021 4020
f 4017 4025 4021
f 4013 4018 4040
f 4018 4019 4041
f 4019 4020 4042
f 4020 4021 4043
f 6384 6386 3786
f 6386 6387 3787
f 6388 3807 3788
f 6387 6388 3788
f 3998 4023 4022
f 3999 4024 4023
f 4017 4022 4025
f 4022 4023 4026
f 4022 4026 4025
f 4000 4027 4024
f 4023 4024 4061
f 4023 4061 4026
f 4024 4062 4061
f 4001 4028 4027
f 4002 4029 4028
f 4024 4027 4062
f 4027 4028 4063
f 4027 4063 4062
f 4028 4029 4064
f 4028 4064 4063
f 4004 4030 4029
f 4004 4005 4030
f 4029 4030 4065
f 4029 4065 4064
f 6388 6412 3807
f 6412 3808 3807
f 6412 6414 3808
f 6414 4031 3808
f 6414 6415 4031
f 6415 4032 4031
f 4032 4033 3810
f 4033 4034 3811
f 4034 4035 3812
f 6421 4033 4032
f 6415 6421 4032
f 6422 4034 4033
f 6421 6422 4033
f 6422 6423 4034
f 6423 4035 4034
f 6423 6424 4035
f 4013 4040 4039
f 4018 4041 4040
f 4019 4042 4041
f 4020 4043 4042
f 4021 4060 4043
f 3273 4036 4044
f 3273 4044 3296
f 4036 4037 4045
f 4037 4038 4046
f 4036 4045 4044
f 4037 4046 4045
f 4038 4039 4047
f 4038 4047 4046
f 4039 4052 4047
f 3296 4044 4048
f 4044 4045 4049
f 3296 4048 3299
f 4045 4046 4050
f 4044 4049 4048
f 4045 4050 4049
f 3299 4048 6447
f 4048 4049 6448
f 4049 4050 6449
f 4046 4047 4051
f 4046 4051 4050
f 4047 4056 4051
f 4050 4051 6450
f 4039 4040 4052
f 4040 4041 4053
f 4040 4053 4052
f 4041 4042 4054
f 4042 4043 4055
f 4041 4054 4053
f 4042 4055 4054
f 4043 4068 4055
f 4047 4052 4056
f 4052 4053 4057
f 4052 4057 4056
f 4051 4056 6455
f 4056 4057 6456
f 4053 4054 4058
f 4053 4058 4057
f 4054 4055 4059
f 4054 4059 4058
f 4055 4071 4059
f 4057 4058 6457
f 4058 4059 6458
f 4021 4025 4060
f 4025 4026 4066
f 4025 4066 4060
f 4026 4061 4067
f 4026 4067 4066
f 4061 4074 4067
f 4061 4062 4074
f 4062 4063 4075
f 4063 4064 4076
f 4062 4075 4074
f 4063 4076 4075
f 4064 4065 4077
f 4064 4077 4076
f 4043 4060 4068
f 4060 4066 4069
f 4066 4067 4070
f 4060 4069 4068
f 4066 4070 4069
f 4067 4078 4070
f 4055 4068 4071
f 4068 4069 4072
f 4068 4072 4071
f 4059 4071 6482
f 4069 4070 4073
f 4069 4073 4072
f 4070 4082 4073
f 4067 4074 4078
f 4074 4075 4079
f 4075 4076 4080
f 4074 4079 4078
f 4075 4080 4079
f 4076 4077 4081
f 4076 4081 4080
f 4070 4078 4082
f 4078 4079 4083
f 4078 4083 4082
f 4079 4080 4084
f 4079 4084 4083
f 4080 4085 4084
f 4080 4081 4085
f 4071 4072 6483
f 4072 4073 6484
f 4073 4082 6488
f 4082 4083 6489
f 4083 4084 6490
f 4084 4085 6491
f 3736 4086 3985
f 3847 3849 4087
f 3847 4087 4086
f 3985 4086 4096
f 4086 4087 4097
f 3849 3850 4088
f 3849 4088 4087
f 3850 3851 4089
f 3850 4089 4088
f 4087 4088 4098
f 4088 4089 4099
f 3851 4090 4091
f 3851 4091 4089
f 4090 4094 4091
f 4090 4092 4094
f 3856 4115 4093
f 4092 4093 4095
f 4092 4095 4094
f 4093 4124 4095
f 3985 4096 3996
f 4086 4097 4096
f 3996 4096 4103
f 3996 4103 4003
f 4096 4097 4105
f 4096 4105 4103
f 4087 4098 4097
f 4088 4099 4098
f 4097 4098 4106
f 4097 4106 4105
f 4098 4107 4106
f 4098 4099 4107
f 4089 4091 4100
f 4089 4100 4099
f 4091 4101 4100
f 4099 4100 4111
f 4091 4094 4101
f 4094 4095 4102
f 4094 4102 4101
f 4095 4126 4102
f 4100 4101 4112
f 4003 4103 4104
f 4103 4105 4108
f 4003 4104 4005
f 4103 4108 4104
f 4105 4106 4109
f 4106 4107 4110
f 4105 4109 4108
f 4106 4110 4109
f 4099 4111 4107
f 4101 4102 4113
f 4100 4112 4111
f 4107 4111 4114
f 4107 4114 4110
f 4111 4150 4114
f 4101 4113 4112
f 4102 4134 4113
f 4111 4112 4150
f 4112 4113 4151
f 4112 4151 4150
f 4113 4173 4151
f 3890 4116 4115
f 4093 4115 4124
f 4115 4125 4124
f 4115 4116 4125
f 3891 4117 4116
f 3892 3898 4119
f 3892 4119 4117
f 4116 4117 4128
f 4116 4128 4125
f 4117 4119 4129
f 4117 4129 4128
f 3898 4120 4119
f 3898 3899 4120
f 3899 4118 4121
f 3899 4121 4120
f 4119 4120 4130
f 4118 4122 4123
f 4118 4123 4121
f 4122 8710 4123
f 4120 4121 4131
f 4121 4123 4132
f 4095 4124 4126
f 4124 4125 4127
f 4124 4127 4126
f 4125 4128 4133
f 4128 4129 4137
f 4125 4133 4127
f 4128 4137 4133
f 4119 4130 4129
f 4120 4131 4130
f 4129 4130 4138
f 4129 4138 4137
f 4130 4131 4139
f 4130 4139 4138
f 4121 4132 4131
f 4123 8719 4132
f 4131 4132 4143
f 4102 4126 4134
f 4126 4127 4135
f 4126 4135 4134
f 4113 4134 4173
f 4134 4135 4174
f 4127 4133 4136
f 4127 4136 4135
f 4133 4137 4140
f 4133 4140 4136
f 4135 4136 4175
f 4134 4174 4173
f 4135 4175 4174
f 4136 4140 4176
f 4136 4176 4175
f 4131 4143 4139
f 4132 8726 4143
f 4137 4138 4141
f 4138 4139 4142
f 4137 4141 4140
f 4138 4142 4141
f 4139 4143 4144
f 4139 4144 4142
f 4143 8730 4144
f 4140 4141 4177
f 4141 4142 4178
f 4142 4144 4179
f 4005 4104 4145
f 4005 4145 4030
f 4104 4108 4146
f 4104 4146 4145
f 4030 4145 4194
f 4145 4146 4195
f 4108 4109 4147
f 4108 4147 4146
f 4109 4148 4147
f 4109 4110 4148
f 4146 4147 4196
f 4147 4148 4197
f 4110 4114 4149
f 4110 4149 4148
f 4114 4152 4149
f 4114 4150 4152
f 4150 4151 4153
f 4150 4153 4152
f 4151 4222 4153
f 4035 3942 3812
f 4157 4154 3942
f 4158 4155 4154
f 4159 4156 4155
f 4035 4157 3942
f 4157 4158 4154
f 6424 4157 4035
f 6424 6665 4157
f 6665 4158 4157
f 6665 6667 4158
f 4158 4159 4155
f 4159 4160 4156
f 6667 4159 4158
f 6668 4160 4159
f 6667 6668 4159
f 6668 6669 4160
f 4156 4161 3938
f 4160 4161 4156
f 4164 4162 4161
f 4161 4162 3940
f 4162 3941 3940
f 4163 3948 3941
f 4162 4163 3941
f 4165 4163 4162
f 4166 4180 4163
f 4160 4164 4161
f 6669 4164 4160
f 6676 4165 4164
f 4164 4165 4162
f 4165 4166 4163
f 6669 6676 4164
f 6676 6678 4165
f 6678 4166 4165
f 6679 4183 4166
f 6678 6679 4166
f 4168 4169 3954
f 4170 3956 3955
f 4169 4170 3955
f 4170 4171 3956
f 4171 3957 3956
f 4172 8781 3957
f 4171 4172 3957
f 4151 4173 4222
f 4173 4174 4223
f 4173 4223 4222
f 4174 4175 4224
f 4175 4176 4228
f 4174 4224 4223
f 4175 4228 4224
f 4140 4177 4176
f 4141 4178 4177
f 4176 4177 4229
f 4176 4229 4228
f 4177 4178 4230
f 4142 4179 4178
f 4144 8795 4179
f 4178 4179 4234
f 4180 4167 3948
f 4163 4180 3948
f 4180 4181 4167
f 4183 4181 4180
f 4181 4168 4167
f 4181 4182 4168
f 4182 4169 4168
f 4182 4186 4169
f 4184 4182 4181
f 4185 4186 4182
f 4166 4183 4180
f 4183 4184 4181
f 4184 4185 4182
f 6702 4184 4183
f 6679 6702 4183
f 6702 6703 4184
f 4185 4190 4186
f 6703 4185 4184
f 6703 6706 4185
f 6706 4190 4185
f 6706 6708 4190
f 4186 4170 4169
f 4187 4171 4170
f 4186 4187 4170
f 4187 4188 4171
f 4190 4187 4186
f 4191 4188 4187
f 4188 4172 4171
f 4188 4189 4172
f 4189 8782 4172
f 4192 4189 4188
f 4193 8801 4189
f 4190 4191 4187
f 4191 4192 4188
f 6708 4191 4190
f 6709 4192 4191
f 6708 6709 4191
f 6709 6710 4192
f 4192 4193 4189
f 6710 4193 4192
f 6710 6711 4193
f 6711 8805 4193
f 4030 4194 4065
f 4145 4195 4194
f 4065 4194 4201
f 4065 4201 4077
f 4194 4195 4203
f 4194 4203 4201
f 4146 4196 4195
f 4147 4197 4196
f 4195 4196 4204
f 4195 4204 4203
f 4196 4205 4204
f 4196 4197 4205
f 4148 4149 4198
f 4149 4152 4199
f 4148 4198 4197
f 4149 4199 4198
f 4197 4198 4209
f 4197 4209 4205
f 4198 4211 4209
f 4152 4153 4200
f 4152 4200 4199
f 4153 4225 4200
f 4198 4199 4211
f 4199 4200 4212
f 4077 4201 4202
f 4201 4203 4206
f 4077 4202 4081
f 4201 4206 4202
f 4203 4204 4207
f 4204 4205 4208
f 4203 4207 4206
f 4204 4208 4207
f 4081 4202 4215
f 4081 4215 4085
f 4202 4206 4216
f 4202 4216 4215
f 4206 4207 4217
f 4207 4208 4218
f 4205 4209 4210
f 4205 4210 4208
f 4209 4213 4210
f 4209 4211 4213
f 4199 4212 4211
f 4200 4236 4212
f 4211 4212 4214
f 4211 4214 4213
f 4212 4239 4214
f 4208 4210 4219
f 4210 4213 4220
f 4213 4214 4221
f 4085 4215 6744
f 4206 4217 4216
f 4207 4218 4217
f 4208 4219 4218
f 4210 4220 4219
f 4213 4221 4220
f 4214 4250 4221
f 4153 4222 4225
f 4222 4226 4225
f 4222 4223 4226
f 4200 4225 4236
f 4225 4226 4237
f 4223 4224 4227
f 4224 4228 4231
f 4223 4227 4226
f 4224 4231 4227
f 4226 4227 4238
f 4227 4231 4242
f 4177 4230 4229
f 4178 4234 4230
f 4179 8864 4234
f 4228 4229 4232
f 4229 4230 4233
f 4228 4232 4231
f 4229 4233 4232
f 4230 4234 4235
f 4230 4235 4233
f 4234 8865 4235
f 4231 4232 4243
f 4232 4233 4244
f 4233 4235 4245
f 4225 4237 4236
f 4212 4236 4239
f 4236 4237 4240
f 4236 4240 4239
f 4226 4238 4237
f 4227 4242 4238
f 4237 4238 4241
f 4237 4241 4240
f 4238 4242 4246
f 4238 4246 4241
f 4214 4239 4250
f 4231 4243 4242
f 4232 4244 4243
f 4242 4247 4246
f 4242 4243 4247
f 4243 4244 4248
f 4243 4248 4247
f 4233 4245 4244
f 4235 8879 4245
f 4244 4245 4249
f 4244 4249 4248
f 4245 8883 4249
f 4239 4240 4251
f 4239 4251 4250
f 4240 4241 4252
f 4241 4246 4253
f 4240 4252 4251
f 4241 4253 4252
f 4246 4247 4254
f 4247 4248 4255
f 4246 4254 4253
f 4247 4255 4254
f 4248 4249 4256
f 4248 4256 4255
f 4249 8887 4256
f 2558 5255 2571
f 4270 4258 4257
f 4271 4259 4258
f 4272 4260 4259
f 4274 4261 4260
f 4273 4262 4261
f 4275 4263 4262
f 4276 4264 4263
f 4277 4265 4264
f 4277 4278 4265
f 4278 4266 4265
f 4279 4267 4266
f 4280 4268 4267
f 4281 4269 4268
f 4278 4279 4266
f 4279 4280 4267
f 4282 4283 4269
f 4280 4281 4268
f 4281 4282 4269
f 4282 4290 4283
f 4270 4271 4258
f 4271 4272 4259
f 4272 4274 4260
f 4274 4273 4261
f 4273 4275 4262
f 4275 4276 4263
f 4276 4277 4264
f 4297 4271 4270
f 4298 4272 4271
f 4299 4274 4272
f 4300 4273 4274
f 4301 4275 4273
f 4302 4276 4275
f 4303 4277 4276
f 4304 4278 4277
f 4305 4279 4278
f 4290 4284 4283
f 4291 4285 4284
f 4290 4291 4284
f 4292 4286 4285
f 4293 4287 4286
f 4291 4292 4285
f 4292 4293 4286
f 4294 4288 4287
f 4295 4289 4288
f 4296 4337 4289
f 2571 5268 2752
f 2752 5622 2766
f 4306 4280 4279
f 4307 4281 4280
f 4308 4282 4281
f 4309 4290 4282
f 4293 4294 4287
f 4294 4295 4288
f 4295 4296 4289
f 4323 4291 4290
f 4324 4292 4291
f 4323 4324 4291
f 4325 4293 4292
f 4326 4294 4293
f 4324 4325 4292
f 4325 4326 4293
f 4327 4295 4294
f 4326 4327 4294
f 4327 4328 4295
f 4328 4296 4295
f 4329 4343 4296
f 4328 4329 4296
f 4297 4298 4271
f 4298 4299 4272
f 4299 4300 4274
f 4300 4301 4273
f 4301 4302 4275
f 4302 4303 4276
f 4303 4304 4277
f 4304 4305 4278
f 4318 4298 4297
f 4310 4299 4298
f 4311 4300 4299
f 4312 4301 4300
f 4313 4302 4301
f 4314 4303 4302
f 4315 4304 4303
f 4316 4305 4304
f 4305 4306 4279
f 4306 4307 4280
f 4307 4308 4281
f 4308 4309 4282
f 4309 4323 4290
f 4317 4306 4305
f 4319 4307 4306
f 4320 4308 4307
f 4321 4309 4308
f 4322 4323 4309
f 2766 5635 2792
f 4318 4310 4298
f 4310 4311 4299
f 4311 4312 4300
f 4312 4313 4301
f 4313 4314 4302
f 4314 4315 4303
f 4315 4316 4304
f 4316 4317 4305
f 4376 4310 4318
f 4377 4311 4310
f 4378 4312 4311
f 4379 4313 4312
f 4317 4319 4306
f 4319 4320 4307
f 4320 4321 4308
f 4321 4322 4309
f 4322 4330 4323
f 2792 5641 2819
f 4380 4314 4313
f 4381 4315 4314
f 4382 4316 4315
f 4383 4317 4316
f 4375 4319 4317
f 4384 4320 4319
f 4385 4321 4320
f 4387 4330 4322
f 4386 4322 4321
f 4330 4324 4323
f 4331 4325 4324
f 4332 4326 4325
f 4333 4327 4326
f 4334 4328 4327
f 4333 4334 4327
f 4334 4335 4328
f 4335 4329 4328
f 4336 4357 4329
f 4335 4336 4329
f 4330 4331 4324
f 4331 4332 4325
f 4332 4333 4326
f 4399 4331 4330
f 4400 4332 4331
f 4401 4333 4332
f 4402 4334 4333
f 4403 4335 4334
f 4404 4336 4335
f 4405 4363 4336
f 4404 4405 4336
f 4343 4338 4337
f 4344 4339 4338
f 4296 4343 4337
f 4343 4344 4338
f 4345 4340 4339
f 4344 4345 4339
f 4345 4346 4340
f 4348 4349 4342
f 4346 4341 4340
f 4346 4347 4341
f 4347 4342 4341
f 4347 4348 4342
f 4357 4344 4343
f 4358 4345 4344
f 4329 4357 4343
f 4357 4358 4344
f 4359 4346 4345
f 4358 4359 4345
f 4359 4360 4346
f 4360 4347 4346
f 4360 4361 4347
f 4361 4348 4347
f 4362 4353 4348
f 4361 4362 4348
f 4353 4350 4349
f 4354 4351 4350
f 4348 4353 4349
f 4353 4354 4350
f 4354 4355 4351
f 4355 4352 4351
f 4356 4406 4352
f 4355 4356 4352
f 4356 4412 4406
f 4370 4355 4354
f 4369 4354 4353
f 4362 4369 4353
f 4369 4370 4354
f 4370 4371 4355
f 4371 4356 4355
f 4372 4412 4356
f 4371 4372 4356
f 4372 4424 4412
f 4363 4358 4357
f 4364 4359 4358
f 4336 4363 4357
f 4363 4364 4358
f 4365 4360 4359
f 4364 4365 4359
f 4365 4366 4360
f 4366 4361 4360
f 4367 4362 4361
f 4368 4369 4362
f 4366 4367 4361
f 4367 4368 4362
f 4612 4364 4363
f 4613 4365 4364
f 4405 4612 4363
f 4612 4613 4364
f 4614 4366 4365
f 4613 4614 4365
f 4614 4615 4366
f 4615 4367 4366
f 4616 4368 4367
f 4617 4373 4368
f 4373 4370 4369
f 4368 4373 4369
f 4373 4374 4370
f 4374 4371 4370
f 4374 4457 4371
f 4457 4372 4371
f 4458 4424 4372
f 4457 4458 4372
f 4458 4774 4424
f 4376 4377 4310
f 4377 4378 4311
f 4378 4379 4312
f 4379 4380 4313
f 4380 4381 4314
f 4381 4382 4315
f 4382 4383 4316
f 4383 4375 4317
f 4388 4377 4376
f 4389 4378 4377
f 4390 4379 4378
f 4391 4380 4379
f 2819 5798 4257
f 4392 4381 4380
f 4393 4382 4381
f 4394 4383 4382
f 4395 4375 4383
f 4375 4384 4319
f 4384 4385 4320
f 4385 4386 4321
f 4386 4387 4322
f 4387 4399 4330
f 4396 4384 4375
f 4398 4385 4384
f 4397 4386 4385
f 4563 4387 4386
f 4564 4399 4387
f 4388 4389 4377
f 4389 4390 4378
f 4390 4391 4379
f 4391 4392 4380
f 4392 4393 4381
f 4393 4394 4382
f 4394 4395 4383
f 4395 4396 4375
f 4572 4389 4388
f 4573 4390 4389
f 4574 4391 4390
f 4575 4392 4391
f 4576 4393 4392
f 4577 4394 4393
f 4396 4398 4384
f 4398 4397 4385
f 4397 4563 4386
f 4563 4564 4387
f 4564 4565 4399
f 4399 4400 4331
f 4400 4401 4332
f 4401 4402 4333
f 4565 4400 4399
f 4566 4401 4400
f 4567 4402 4401
f 4568 4403 4402
f 4402 4403 4334
f 4403 4404 4335
f 4565 4566 4400
f 4412 4407 4406
f 4411 4408 4407
f 4413 4409 4408
f 4412 4411 4407
f 4414 4410 4409
f 4411 4413 4408
f 4413 4414 4409
f 4415 4416 4410
f 4414 4415 4410
f 4415 4420 4416
f 4424 4411 4412
f 4425 4413 4411
f 4426 4414 4413
f 4424 4425 4411
f 4425 4426 4413
f 4426 4427 4414
f 4427 4415 4414
f 4428 4420 4415
f 4427 4428 4415
f 4428 4429 4420
f 4420 4417 4416
f 4421 4418 4417
f 4420 4421 4417
f 4421 4422 4418
f 4422 4419 4418
f 4423 4430 4419
f 4422 4423 4419
f 4429 4421 4420
f 4779 4422 4421
f 4429 4779 4421
f 4779 4780 4422
f 4780 4423 4422
f 4781 4435 4423
f 4774 4425 4424
f 4775 4426 4425
f 4776 4427 4426
f 4435 4431 4430
f 4436 4432 4431
f 4423 4435 4430
f 4435 4436 4431
f 4437 4433 4432
f 4788 4434 4433
f 4436 4437 4432
f 4437 4788 4433
f 4788 4789 4434
f 4789 4438 4434
f 4793 4439 4438
f 4789 4793 4438
f 4795 4440 4439
f 1189 4654 4675
f 1202 4675 4694
f 1202 4694 4707
f 3124 4442 4441
f 3125 4443 4442
f 3126 4444 4443
f 3127 4445 4444
f 3128 4446 4445
f 3129 4447 4446
f 3130 4448 4447
f 3131 4449 4448
f 4441 4442 4460
f 4442 4443 4461
f 4443 4444 4462
f 4444 4445 4463
f 4445 4446 4464
f 4446 4447 4465
f 4447 4448 4466
f 4448 4449 4467
f 3132 4450 4449
f 3133 4451 4450
f 3134 4452 4451
f 3135 4453 4452
f 3136 4454 4453
f 3144 4455 4454
f 3145 4456 4455
f 3146 4472 4456
f 3147 4473 4472
f 3148 4474 4473
f 3149 4475 4474
f 3150 4523 4475
f 1638 4707 5195
f 1638 5195 5209
f 4615 4616 4367
f 4616 4617 4368
f 4624 4374 4373
f 4617 4624 4373
f 4624 4625 4374
f 4625 4457 4374
f 4625 4626 4457
f 4627 4774 4458
f 4626 4458 4457
f 4626 4627 4458
f 4627 4886 4774
f 4449 4450 4468
f 4450 4451 4469
f 4451 4452 4470
f 4452 4453 4471
f 4453 4454 4476
f 4441 4460 4459
f 4442 4461 4460
f 4443 4462 4461
f 4444 4463 4462
f 4445 4464 4463
f 4446 4465 4464
f 4447 4466 4465
f 4448 4467 4466
f 4459 4460 4484
f 4460 4461 4485
f 4461 4462 4486
f 4462 4463 4487
f 4463 4464 4488
f 4464 4465 4489
f 4465 4466 4490
f 4466 4467 4491
f 4449 4468 4467
f 4450 4469 4468
f 4451 4470 4469
f 4452 4471 4470
f 4453 4476 4471
f 4467 4468 4492
f 4468 4469 4493
f 4469 4470 4494
f 4470 4471 4495
f 4471 4476 4509
f 4454 4455 4477
f 4455 4456 4478
f 4456 4472 4479
f 4472 4473 4480
f 4473 4474 4481
f 4474 4475 4482
f 4454 4477 4476
f 4455 4478 4477
f 4456 4479 4478
f 4472 4480 4479
f 4476 4477 4510
f 4477 4478 4511
f 4478 4479 4512
f 4473 4481 4480
f 4474 4482 4481
f 4475 4529 4482
f 4479 4480 4513
f 4480 4481 4514
f 4481 4482 4515
f 4459 4484 4483
f 4460 4485 4484
f 4461 4486 4485
f 4462 4487 4486
f 4463 4488 4487
f 4464 4489 4488
f 4465 4490 4489
f 4466 4491 4490
f 4467 4492 4491
f 4468 4493 4492
f 4469 4494 4493
f 4470 4495 4494
f 4471 4509 4495
f 4483 4484 4497
f 4484 4485 4498
f 4485 4486 4499
f 4486 4487 4500
f 4487 4488 4501
f 4488 4489 4502
f 4489 4490 4503
f 4490 4491 4504
f 4491 4492 4505
f 4492 4493 4506
f 4493 4494 4507
f 4494 4495 4508
f 4495 4509 4516
f 4483 4497 4496
f 4484 4498 4497
f 4485 4499 4498
f 4486 4500 4499
f 4487 4501 4500
f 4488 4502 4501
f 4489 4503 4502
f 4490 4504 4503
f 4496 4497 4655
f 4497 4498 4656
f 4498 4499 4657
f 4499 4500 4658
f 4500 4501 4659
f 4501 4502 4660
f 4502 4503 4661
f 4503 4504 4662
f 4491 4505 4504
f 4492 4506 4505
f 4493 4507 4506
f 4494 4508 4507
f 4495 4516 4508
f 4504 4505 4663
f 4505 4506 4664
f 4506 4507 4665
f 4507 4508 4666
f 4508 4516 4683
f 4476 4510 4509
f 4477 4511 4510
f 4478 4512 4511
f 4479 4513 4512
f 4509 4510 4517
f 4510 4511 4518
f 4511 4512 4519
f 4480 4514 4513
f 4481 4515 4514
f 4482 4544 4515
f 4512 4513 4522
f 4513 4514 4520
f 4514 4515 4521
f 4509 4517 4516
f 4510 4518 4517
f 4511 4519 4518
f 4512 4522 4519
f 4516 4517 4680
f 4517 4518 4681
f 4518 4519 4682
f 4513 4520 4522
f 4514 4521 4520
f 4515 4549 4521
f 4519 4522 4684
f 4522 4520 4685
f 4520 4521 4686
f 3177 4524 4523
f 3178 4525 4524
f 3179 4526 4525
f 4475 4523 4529
f 4523 4524 4530
f 4524 4525 4531
f 4525 4526 4532
f 3180 4527 4526
f 3181 4528 4527
f 3182 4535 4528
f 4526 4527 4533
f 4527 4528 4534
f 4523 4530 4529
f 4524 4531 4530
f 4525 4532 4531
f 4526 4533 4532
f 4527 4534 4533
f 4528 4540 4534
f 4482 4529 4544
f 4529 4530 4545
f 4530 4531 4546
f 4531 4532 4543
f 4532 4533 4547
f 4533 4534 4548
f 3187 4536 4535
f 3188 4537 4536
f 4528 4535 4540
f 4535 4536 4539
f 4536 4537 4541
f 3189 4538 4537
f 3190 4817 4538
f 4537 4538 4542
f 4538 4817 4822
f 4535 4539 4540
f 4536 4541 4539
f 4534 4540 4551
f 4540 4539 4552
f 4539 4541 4553
f 4537 4542 4541
f 4538 4822 4542
f 4541 4542 4554
f 4542 4822 4835
f 4529 4545 4544
f 4530 4546 4545
f 4531 4543 4546
f 4515 4544 4549
f 4544 4545 4550
f 4545 4546 4555
f 4546 4543 4556
f 4532 4547 4543
f 4533 4548 4547
f 4534 4551 4548
f 4543 4547 4557
f 4547 4548 4558
f 4544 4550 4549
f 4545 4555 4550
f 4546 4556 4555
f 4543 4557 4556
f 4547 4558 4557
f 4540 4552 4551
f 4539 4553 4552
f 4548 4551 4559
f 4551 4552 4560
f 4552 4553 4561
f 4541 4554 4553
f 4542 4835 4554
f 4521 4549 4734
f 4549 4550 4735
f 4550 4555 4736
f 4555 4556 4737
f 4548 4559 4558
f 4556 4557 4738
f 4557 4558 4739
f 4553 4554 4562
f 4554 4835 4840
f 4551 4560 4559
f 4552 4561 4560
f 4558 4559 4746
f 4559 4560 4747
f 4560 4561 4748
f 4553 4562 4561
f 4554 4840 4562
f 4561 4562 4749
f 4562 4840 4960
f 4257 5678 4270
f 4578 4395 4394
f 4579 4396 4395
f 4580 4398 4396
f 4584 4397 4398
f 4581 4563 4397
f 4582 4564 4563
f 4583 4565 4564
f 4569 4404 4403
f 4570 4405 4404
f 4571 4612 4405
f 4566 4567 4401
f 4567 4568 4402
f 4598 4566 4565
f 4599 4567 4566
f 4600 4568 4567
f 4601 4569 4568
f 4568 4569 4403
f 4569 4570 4404
f 4570 4571 4405
f 4602 4570 4569
f 4603 4571 4570
f 4604 4618 4571
f 1651 5209 5246
f 2558 5246 5255
f 2571 5255 5268
f 4572 4573 4389
f 4573 4574 4390
f 4574 4575 4391
f 4575 4576 4392
f 4576 4577 4393
f 4577 4578 4394
f 4578 4579 4395
f 4579 4580 4396
f 4270 5678 4297
f 4585 4573 4572
f 4586 4574 4573
f 4587 4575 4574
f 4588 4576 4575
f 4589 4577 4576
f 4591 4579 4578
f 4590 4578 4577
f 4592 4580 4579
f 4580 4584 4398
f 4584 4581 4397
f 4581 4582 4563
f 4582 4583 4564
f 4583 4598 4565
f 4593 4584 4580
f 4594 4581 4584
f 4595 4582 4581
f 4596 4583 4582
f 4597 4598 4583
f 4585 4586 4573
f 4586 4587 4574
f 4587 4588 4575
f 4588 4589 4576
f 4589 4590 4577
f 4297 5743 4318
f 4590 4591 4578
f 4591 4592 4579
f 4592 4593 4580
f 5045 4586 4585
f 5053 4588 4587
f 5046 4587 4586
f 5047 4589 4588
f 5048 4590 4589
f 5049 4591 4590
f 5050 4592 4591
f 5051 4593 4592
f 4593 4594 4584
f 4594 4595 4581
f 4596 4597 4583
f 4595 4596 4582
f 4597 4605 4598
f 5052 4594 4593
f 5054 4595 4594
f 5055 4596 4595
f 5056 4597 4596
f 4318 5723 4376
f 5057 4605 4597
f 4598 4599 4566
f 4599 4600 4567
f 4600 4601 4568
f 4605 4599 4598
f 4606 4600 4599
f 4607 4601 4600
f 4608 4602 4601
f 4601 4602 4569
f 4602 4603 4570
f 4603 4604 4571
f 4609 4603 4602
f 4610 4604 4603
f 4611 4632 4604
f 4610 4611 4604
f 4605 4606 4599
f 4606 4607 4600
f 4607 4608 4601
f 4608 4609 4602
f 4609 4610 4603
f 5071 4606 4605
f 5072 4607 4606
f 5073 4608 4607
f 5074 4609 4608
f 5075 4610 4609
f 5074 5075 4609
f 5075 5077 4610
f 5077 4611 4610
f 5076 4638 4611
f 5077 5076 4611
f 2752 5268 5622
f 2766 5622 5635
f 4618 4613 4612
f 4619 4614 4613
f 4571 4618 4612
f 4618 4619 4613
f 4620 4615 4614
f 4619 4620 4614
f 4620 4621 4615
f 4621 4616 4615
f 4621 4622 4616
f 4622 4617 4616
f 4623 4624 4617
f 4622 4623 4617
f 4632 4619 4618
f 4633 4620 4619
f 4604 4632 4618
f 4632 4633 4619
f 4634 4621 4620
f 4633 4634 4620
f 4634 4635 4621
f 4635 4622 4621
f 4635 4636 4622
f 4636 4623 4622
f 4637 4628 4623
f 4636 4637 4623
f 4628 4625 4624
f 4623 4628 4624
f 4628 4629 4625
f 4629 4626 4625
f 4629 4630 4626
f 4631 4886 4627
f 4630 4627 4626
f 4630 4631 4627
f 4631 4890 4886
f 4644 4629 4628
f 4637 4644 4628
f 4645 4630 4629
f 4646 4631 4630
f 4644 4645 4629
f 4645 4646 4630
f 4647 4890 4631
f 4646 4647 4631
f 4647 4906 4890
f 4638 4633 4632
f 4639 4634 4633
f 4611 4638 4632
f 4638 4639 4633
f 4641 4635 4634
f 4639 4641 4634
f 4641 4640 4635
f 4640 4636 4635
f 4640 4642 4636
f 4642 4637 4636
f 4643 4644 4637
f 4642 4643 4637
f 5145 4639 4638
f 5146 4641 4639
f 5076 5145 4638
f 5145 5146 4639
f 5147 4640 4641
f 5146 5147 4641
f 5147 5148 4640
f 5150 4648 4643
f 5148 4642 4640
f 5149 4643 4642
f 5148 5149 4642
f 5149 5150 4643
f 4649 4646 4645
f 4648 4645 4644
f 4643 4648 4644
f 4648 4649 4645
f 4649 4650 4646
f 4650 4647 4646
f 4651 4906 4647
f 4650 4651 4647
f 4651 4914 4906
f 5157 4649 4648
f 5158 4650 4649
f 5157 5158 4649
f 5150 5157 4648
f 5158 4652 4650
f 4652 4651 4650
f 4653 4914 4651
f 4652 4653 4651
f 4653 4915 4914
f 4496 4655 4654
f 4497 4656 4655
f 4498 4657 4656
f 4499 4658 4657
f 4500 4659 4658
f 4501 4660 4659
f 4502 4661 4660
f 4503 4662 4661
f 4504 4663 4662
f 4505 4664 4663
f 4654 4655 4667
f 4655 4656 4668
f 4656 4657 4669
f 4657 4658 4670
f 4658 4659 4671
f 4659 4660 4672
f 4660 4661 4673
f 4661 4662 4674
f 4506 4665 4664
f 4507 4666 4665
f 4508 4683 4666
f 4662 4663 4676
f 4663 4664 4677
f 4664 4665 4678
f 4665 4666 4679
f 4666 4683 4687
f 4654 4667 4675
f 4655 4668 4667
f 4656 4669 4668
f 4657 4670 4669
f 4658 4671 4670
f 4659 4672 4671
f 4660 4673 4672
f 4661 4674 4673
f 4675 4667 4695
f 4667 4668 4696
f 4668 4669 4697
f 4669 4670 4698
f 4670 4671 4699
f 4671 4672 4700
f 4672 4673 4701
f 4673 4674 4702
f 4662 4676 4674
f 4663 4677 4676
f 4664 4678 4677
f 4665 4679 4678
f 4666 4687 4679
f 4674 4676 4703
f 4676 4677 4704
f 4677 4678 4705
f 4678 4679 4706
f 4679 4687 4720
f 4516 4680 4683
f 4517 4681 4680
f 4518 4682 4681
f 4519 4684 4682
f 4683 4680 4688
f 4680 4681 4689
f 4681 4682 4690
f 4522 4685 4684
f 4520 4686 4685
f 4521 4734 4686
f 4682 4684 4691
f 4684 4685 4692
f 4685 4686 4693
f 4683 4688 4687
f 4680 4689 4688
f 4681 4690 4689
f 4682 4691 4690
f 4687 4688 4721
f 4688 4689 4722
f 4689 4690 4723
f 4684 4692 4691
f 4685 4693 4692
f 4686 4740 4693
f 4690 4691 4724
f 4691 4692 4725
f 4692 4693 4726
f 4675 4695 4694
f 4667 4696 4695
f 4668 4697 4696
f 4669 4698 4697
f 4670 4699 4698
f 4671 4700 4699
f 4672 4701 4700
f 4673 4702 4701
f 4694 4695 4708
f 4695 4696 4709
f 4696 4697 4710
f 4697 4698 4711
f 4698 4699 4712
f 4699 4700 4713
f 4700 4701 4714
f 4701 4702 4715
f 4674 4703 4702
f 4676 4704 4703
f 4677 4705 4704
f 4678 4706 4705
f 4679 4720 4706
f 4703 4704 4717
f 4702 4703 4716
f 4704 4705 4718
f 4705 4706 4719
f 4706 4720 4727
f 4694 4708 4707
f 4695 4709 4708
f 4696 4710 4709
f 4697 4711 4710
f 4698 4712 4711
f 4699 4713 4712
f 4700 4714 4713
f 4701 4715 4714
f 4707 4708 5196
f 4708 4709 5197
f 4709 4710 5198
f 4710 4711 5199
f 4711 4712 5200
f 4709 5198 5197
f 4710 5199 5198
f 4711 5200 5199
f 4712 4713 5201
f 4713 4714 5202
f 4714 4715 5203
f 4712 5201 5200
f 4713 5202 5201
f 4714 5203 5202
f 4702 4716 4715
f 4703 4717 4716
f 4704 4718 4717
f 4705 4719 4718
f 4706 4727 4719
f 4715 4716 5204
f 4716 4717 5205
f 4715 5204 5203
f 4716 5205 5204
f 4717 5206 5205
f 4717 4718 5206
f 4718 4719 5207
f 4719 4727 5226
f 4718 5207 5206
f 4719 5226 5207
f 4687 4721 4720
f 4688 4722 4721
f 4689 4723 4722
f 4690 4724 4723
f 4691 4725 4724
f 4692 4726 4725
f 4693 4754 4726
f 4720 4721 4728
f 4721 4722 4729
f 4722 4723 4730
f 4723 4724 4731
f 4724 4725 4732
f 4725 4726 4733
f 4725 4733 4732
f 4726 4760 4733
f 4720 4728 4727
f 4721 4729 4728
f 4722 4730 4729
f 4723 4731 4730
f 4727 4728 5225
f 4727 5225 5226
f 4728 5227 5225
f 4728 4729 5227
f 4729 4730 5228
f 4729 5228 5227
f 4730 5229 5228
f 4724 4732 4731
f 4730 4731 5229
f 4731 4732 5230
f 4731 5230 5229
f 4732 4733 5231
f 4732 5231 5230
f 4733 5295 5231
f 4549 4735 4734
f 4550 4736 4735
f 4555 4737 4736
f 4686 4734 4740
f 4734 4735 4741
f 4735 4736 4742
f 4736 4737 4743
f 4556 4738 4737
f 4557 4739 4738
f 4558 4746 4739
f 4737 4738 4744
f 4738 4739 4745
f 4734 4741 4740
f 4735 4742 4741
f 4736 4743 4742
f 4693 4740 4754
f 4740 4741 4755
f 4741 4742 4756
f 4742 4743 4757
f 4737 4744 4743
f 4738 4745 4744
f 4739 4750 4745
f 4743 4744 4758
f 4744 4745 4759
f 4745 4766 4759
f 4559 4747 4746
f 4560 4748 4747
f 4739 4746 4750
f 4746 4747 4751
f 4747 4748 4752
f 4561 4749 4748
f 4562 4960 4749
f 4748 4749 4753
f 4749 4960 4965
f 4746 4751 4750
f 4747 4752 4751
f 4748 4753 4752
f 4749 4965 4753
f 4745 4750 4766
f 4750 4751 4767
f 4750 4767 4766
f 4751 4752 4768
f 4751 4768 4767
f 4752 4753 4769
f 4752 4769 4768
f 4753 4965 4978
f 4753 4978 4769
f 4740 4755 4754
f 4741 4756 4755
f 4742 4757 4756
f 4726 4754 4760
f 4754 4755 4761
f 4754 4761 4760
f 4755 4762 4761
f 4755 4756 4762
f 4756 4757 4763
f 4756 4763 4762
f 4743 4758 4757
f 4744 4759 4758
f 4757 4758 4764
f 4757 4764 4763
f 4758 4759 4765
f 4758 4765 4764
f 4759 4770 4765
f 4733 4760 5295
f 4760 4761 5296
f 4761 5297 5296
f 4760 5296 5295
f 4761 4762 5297
f 4762 4763 5298
f 4762 5298 5297
f 4763 4764 5299
f 4763 5299 5298
f 4764 4765 5300
f 4764 5300 5299
f 4765 5313 5300
f 4759 4766 4770
f 4766 4767 4771
f 4766 4771 4770
f 4767 4768 4772
f 4767 4772 4771
f 4768 4769 4773
f 4768 4773 4772
f 4769 4978 4984
f 4769 4984 4773
f 4770 4771 5314
f 4771 4772 5317
f 4765 4770 5313
f 4770 5314 5313
f 4771 5317 5314
f 4772 4773 5318
f 4773 4984 4987
f 4772 5318 5317
f 4773 4987 5318
f 4780 4781 4423
f 4774 4775 4425
f 4775 4776 4426
f 4776 4777 4427
f 4777 4428 4427
f 4778 4429 4428
f 4777 4778 4428
f 4778 4782 4429
f 4886 4775 4774
f 4885 4776 4775
f 4887 4777 4776
f 4886 4885 4775
f 4885 4887 4776
f 4887 4888 4777
f 4888 4778 4777
f 4889 4782 4778
f 4888 4889 4778
f 4889 4896 4782
f 4782 4779 4429
f 4783 4780 4779
f 4782 4783 4779
f 4783 4784 4780
f 4784 4781 4780
f 4785 4799 4781
f 4784 4785 4781
f 4896 4783 4782
f 4897 4784 4783
f 4896 4897 4783
f 4897 4786 4784
f 4786 4785 4784
f 4787 4801 4785
f 4786 4787 4785
f 4799 4436 4435
f 4800 4437 4436
f 4781 4799 4435
f 4799 4800 4436
f 4790 4788 4437
f 4791 4789 4788
f 4800 4790 4437
f 4790 4791 4788
f 4791 4792 4789
f 4793 4795 4439
f 4795 4796 4440
f 4792 4793 4789
f 4794 4795 4793
f 4792 4794 4793
f 4794 4797 4795
f 4797 4796 4795
f 4797 4798 4796
f 4801 4800 4799
f 4802 4790 4800
f 4785 4801 4799
f 4801 4802 4800
f 4803 4791 4790
f 4804 4792 4791
f 4802 4803 4790
f 4803 4804 4791
f 4804 4805 4792
f 4806 4802 4801
f 4807 4803 4802
f 4787 4806 4801
f 4806 4807 4802
f 4809 4805 4804
f 4808 4804 4803
f 4807 4808 4803
f 4808 4809 4804
f 4809 4810 4805
f 4805 4794 4792
f 4811 4797 4794
f 4805 4811 4794
f 4811 4812 4797
f 4812 4798 4797
f 4812 4813 4798
f 4810 4811 4805
f 4814 4812 4811
f 4810 4814 4811
f 4814 4815 4812
f 4815 4813 4812
f 4815 4816 4813
f 3274 4818 4817
f 3275 4819 4818
f 3276 4820 4819
f 3277 4821 4820
f 3278 4827 4821
f 4817 4818 4823
f 4818 4819 4824
f 4819 4820 4825
f 4820 4821 4826
f 4821 4827 4831
f 4817 4823 4822
f 4818 4824 4823
f 4819 4825 4824
f 4822 4823 4836
f 4823 4824 4837
f 4824 4825 4838
f 4820 4826 4825
f 4821 4831 4826
f 4825 4826 4839
f 4826 4831 4845
f 3280 4828 4827
f 3281 4829 4828
f 4827 4828 4832
f 4828 4829 4833
f 3282 4830 4829
f 3283 4853 4830
f 4829 4830 4834
f 4827 4832 4831
f 4828 4833 4832
f 4831 4832 4846
f 4832 4833 4847
f 4829 4834 4833
f 4830 4858 4834
f 4833 4834 4848
f 4822 4836 4835
f 4823 4837 4836
f 4824 4838 4837
f 4825 4839 4838
f 4826 4845 4839
f 4835 4836 4841
f 4836 4837 4842
f 4837 4838 4843
f 4838 4839 4844
f 4839 4845 4849
f 4835 4841 4840
f 4836 4842 4841
f 4837 4843 4842
f 4840 4841 4961
f 4841 4842 4962
f 4842 4843 4963
f 4838 4844 4843
f 4839 4849 4844
f 4843 4844 4964
f 4844 4849 4970
f 4831 4846 4845
f 4832 4847 4846
f 4845 4846 4850
f 4846 4847 4851
f 4833 4848 4847
f 4834 4869 4848
f 4847 4848 4852
f 4845 4850 4849
f 4846 4851 4850
f 4849 4850 4971
f 4849 4971 4970
f 4850 4851 4972
f 4850 4972 4971
f 4847 4852 4851
f 4848 4874 4852
f 4851 4852 4973
f 4851 4973 4972
f 4852 5005 4973
f 3289 4854 4853
f 3290 4855 4854
f 4830 4853 4858
f 4853 4854 4862
f 3291 4856 4855
f 3292 4857 4856
f 4854 4855 4863
f 4855 4856 4864
f 4856 4857 4865
f 4853 4862 4858
f 4854 4863 4862
f 4855 4864 4863
f 3293 4859 4857
f 3297 4860 4859
f 4857 4859 4866
f 4859 4860 4867
f 3298 4861 4860
f 4834 4858 4869
f 4858 4862 4870
f 4856 4865 4864
f 4862 4863 4871
f 4863 4864 4872
f 4864 4865 4873
f 4860 4861 4868
f 4857 4866 4865
f 4859 4867 4866
f 4865 4866 4879
f 4866 4867 4880
f 4860 4868 4867
f 4867 4868 4881
f 4858 4870 4869
f 4862 4871 4870
f 4848 4869 4874
f 4869 4875 4874
f 4869 4870 4875
f 4870 4876 4875
f 4863 4872 4871
f 4864 4873 4872
f 4870 4871 4876
f 4871 4872 4877
f 4872 4873 4878
f 4871 4877 4876
f 4872 4878 4877
f 4852 4874 5005
f 4874 4875 5006
f 4874 5006 5005
f 4875 5007 5006
f 4875 4876 5007
f 4876 4877 5008
f 4877 4878 5009
f 4876 5008 5007
f 4877 5009 5008
f 4865 4879 4873
f 4866 4880 4879
f 4873 4879 4882
f 4873 4882 4878
f 4879 4880 4883
f 4879 4883 4882
f 4867 4881 4880
f 4880 4881 4884
f 4880 4884 4883
f 4878 4882 5018
f 4878 5018 5009
f 4882 4883 5019
f 4882 5019 5018
f 4883 5020 5019
f 4883 4884 5020
f 4890 4885 4886
f 4891 4887 4885
f 4892 4888 4887
f 4890 4891 4885
f 4891 4892 4887
f 4892 4893 4888
f 4893 4889 4888
f 4894 4896 4889
f 4893 4894 4889
f 4894 4901 4896
f 4906 4891 4890
f 4907 4892 4891
f 4908 4893 4892
f 4906 4907 4891
f 4907 4908 4892
f 4908 4909 4893
f 4909 4894 4893
f 4895 4901 4894
f 4909 4895 4894
f 4895 4902 4901
f 4901 4897 4896
f 4898 4786 4897
f 4901 4898 4897
f 4898 4899 4786
f 4899 4787 4786
f 4900 4806 4787
f 4899 4900 4787
f 4902 4898 4901
f 4903 4899 4898
f 4902 4903 4898
f 4903 4904 4899
f 4904 4900 4899
f 4905 4928 4900
f 4904 4905 4900
f 4914 4907 4906
f 4910 4908 4907
f 4911 4909 4908
f 4914 4910 4907
f 4910 4911 4908
f 4911 4912 4909
f 4912 4895 4909
f 4913 4902 4895
f 4912 4913 4895
f 4913 4918 4902
f 4915 4910 4914
f 4916 4911 4910
f 4917 4912 4911
f 4915 4916 4910
f 4916 4917 4911
f 4917 4921 4912
f 4921 4913 4912
f 4922 4918 4913
f 4921 4922 4913
f 4918 4903 4902
f 4919 4904 4903
f 4918 4919 4903
f 4919 4920 4904
f 4920 4905 4904
f 4920 4923 4905
f 4923 4933 4905
f 4924 4919 4918
f 4922 4924 4918
f 4924 4925 4919
f 4925 4920 4919
f 4925 4926 4920
f 4926 4923 4920
f 4926 4927 4923
f 4927 4944 4923
f 5926 4927 4926
f 5925 4949 4927
f 4928 4807 4806
f 4929 4808 4807
f 4900 4928 4806
f 4928 4929 4807
f 4930 4809 4808
f 4931 4810 4809
f 4930 4931 4809
f 4931 4932 4810
f 4929 4930 4808
f 4933 4929 4928
f 4934 4930 4929
f 4933 4934 4929
f 4905 4933 4928
f 4934 4935 4930
f 4935 4931 4930
f 4939 4932 4931
f 4935 4939 4931
f 4939 4940 4932
f 4932 4814 4810
f 4932 4936 4814
f 4936 4815 4814
f 4936 4937 4815
f 4937 4816 4815
f 4937 4938 4816
f 4940 4936 4932
f 4940 4941 4936
f 4941 4937 4936
f 4942 4938 4937
f 4941 4942 4937
f 4948 4941 4940
f 4954 4942 4941
f 4942 4943 4938
f 4955 4943 4942
f 4944 4934 4933
f 4923 4944 4933
f 4945 4935 4934
f 4944 4945 4934
f 4949 4945 4944
f 4950 4946 4945
f 4945 4946 4935
f 4946 4939 4935
f 4947 4940 4939
f 4946 4947 4939
f 4947 4948 4940
f 4951 4947 4946
f 4952 4948 4947
f 4927 4949 4944
f 4949 4950 4945
f 5958 4950 4949
f 5959 4951 4950
f 4950 4951 4946
f 4951 4952 4947
f 4952 4953 4948
f 5961 4953 4952
f 5960 4952 4951
f 4948 4954 4941
f 4954 4955 4942
f 4953 4954 4948
f 4957 4955 4954
f 4955 4956 4943
f 4958 4956 4955
f 4953 4957 4954
f 4957 4958 4955
f 5962 4957 4953
f 5962 5972 4957
f 5972 4958 4957
f 5972 5973 4958
f 4958 4959 4956
f 5973 4959 4958
f 5973 5974 4959
f 4840 4961 4960
f 4841 4962 4961
f 4842 4963 4962
f 4960 4961 4966
f 4961 4962 4967
f 4962 4963 4968
f 4843 4964 4963
f 4844 4970 4964
f 4960 4966 4965
f 4961 4967 4966
f 4962 4968 4967
f 4963 4964 4969
f 4963 4969 4968
f 4964 4970 4974
f 4964 4974 4969
f 4965 4966 4979
f 4966 4967 4980
f 4965 4979 4978
f 4966 4980 4979
f 4967 4968 4981
f 4967 4981 4980
f 4968 4969 4982
f 4968 4982 4981
f 4969 4974 4993
f 4969 4993 4982
f 4970 4971 4975
f 4970 4975 4974
f 4971 4972 4976
f 4971 4976 4975
f 4972 4973 4977
f 4972 4977 4976
f 4973 5010 4977
f 4974 4975 4994
f 4974 4994 4993
f 4975 4976 4995
f 4975 4995 4994
f 4976 4977 4996
f 4976 4996 4995
f 4977 5027 4996
f 4980 4981 4986
f 4978 4979 4983
f 4979 4980 4985
f 4978 4983 4984
f 4979 4985 4983
f 4980 4986 4985
f 4981 4982 4991
f 4982 4993 4999
f 4981 4991 4986
f 4982 4999 4991
f 4984 4983 4988
f 4983 4985 4989
f 4985 4986 4990
f 4984 4988 4987
f 4983 4989 4988
f 4985 4990 4989
f 4986 4991 4992
f 4991 4999 5001
f 4986 4992 4990
f 4991 5001 4992
f 4993 4994 5000
f 4994 4995 4997
f 4993 5000 4999
f 4994 4997 5000
f 4995 4996 4998
f 4995 4998 4997
f 4996 5029 4998
f 4999 5000 5002
f 5000 4997 5003
f 4999 5002 5001
f 5000 5003 5002
f 4997 4998 5004
f 4998 5034 5004
f 4997 5004 5003
f 4973 5005 5010
f 5005 5011 5010
f 5005 5006 5011
f 5006 5012 5011
f 5007 5008 5013
f 5008 5009 5014
f 5006 5007 5012
f 5007 5013 5012
f 5008 5014 5013
f 4977 5010 5027
f 5010 5011 5028
f 5010 5028 5027
f 5011 5015 5028
f 5011 5012 5015
f 5012 5013 5016
f 5013 5014 5017
f 5012 5016 5015
f 5013 5017 5016
f 5009 5018 5022
f 5018 5019 5024
f 5009 5022 5014
f 5018 5024 5022
f 5019 5020 5021
f 5019 5021 5024
f 5014 5022 5023
f 5022 5024 5025
f 5014 5023 5017
f 5022 5025 5023
f 5024 5021 5026
f 5024 5026 5025
f 4996 5027 5029
f 5027 5028 5030
f 5027 5030 5029
f 5028 5031 5030
f 5028 5015 5031
f 5015 5016 5032
f 5016 5017 5033
f 5015 5032 5031
f 5016 5033 5032
f 4998 5029 5034
f 5029 5035 5034
f 5029 5030 5035
f 5030 5036 5035
f 5034 5035 6051
f 5030 5031 5036
f 5031 5032 5037
f 5032 5033 5038
f 5031 5037 5036
f 5032 5038 5037
f 5035 5036 6052
f 5036 5037 6053
f 5037 5038 6054
f 5017 5023 5039
f 5023 5025 5040
f 5023 5040 5039
f 5017 5039 5033
f 5025 5041 5040
f 5025 5026 5041
f 5040 5041 5044
f 5033 5039 5042
f 5033 5042 5038
f 5039 5040 5043
f 5039 5043 5042
f 5038 5042 6063
f 5042 5043 6064
f 5040 5044 5043
f 5043 5044 6065
f 5045 5046 4586
f 5046 5053 4587
f 5053 5047 4588
f 5047 5048 4589
f 5048 5049 4590
f 5049 5050 4591
f 5050 5051 4592
f 5051 5052 4593
f 4376 5723 4388
f 5058 5046 5045
f 5059 5053 5046
f 5060 5047 5053
f 5061 5048 5047
f 5062 5049 5048
f 5063 5050 5049
f 5064 5051 5050
f 5066 5052 5051
f 5052 5054 4594
f 5054 5055 4595
f 5055 5056 4596
f 5056 5057 4597
f 5057 5071 4605
f 5065 5054 5052
f 5067 5055 5054
f 5068 5056 5055
f 5069 5057 5056
f 5070 5071 5057
f 5070 5078 5071
f 5059 5060 5053
f 5058 5059 5046
f 5060 5061 5047
f 5061 5062 5048
f 5062 5063 5049
f 4388 5706 4572
f 5063 5064 5050
f 5064 5066 5051
f 5066 5065 5052
f 5086 5059 5058
f 5087 5060 5059
f 5088 5061 5060
f 5089 5062 5061
f 5090 5063 5062
f 5093 5064 5063
f 5088 5089 5061
f 5089 5090 5062
f 5090 5093 5063
f 4572 5706 4585
f 5094 5066 5064
f 5091 5065 5066
f 5093 5094 5064
f 5094 5091 5066
f 5091 5092 5065
f 5065 5067 5054
f 5067 5068 5055
f 5068 5069 5056
f 5069 5070 5057
f 5092 5067 5065
f 5095 5068 5067
f 5096 5069 5068
f 5092 5095 5067
f 5095 5096 5068
f 5097 5070 5069
f 5098 5078 5070
f 5096 5097 5069
f 5097 5098 5070
f 5098 5108 5078
f 5071 5072 4606
f 5072 5073 4607
f 5073 5074 4608
f 5078 5072 5071
f 5079 5073 5072
f 5078 5079 5072
f 5080 5074 5073
f 5081 5075 5074
f 5079 5080 5073
f 5080 5081 5074
f 5082 5077 5075
f 5081 5082 5075
f 5082 5083 5077
f 5083 5076 5077
f 5084 5145 5076
f 5083 5084 5076
f 5111 5082 5081
f 5108 5079 5078
f 5109 5080 5079
f 5108 5109 5079
f 5110 5081 5080
f 5109 5110 5080
f 5110 5111 5081
f 5112 5083 5082
f 5113 5084 5083
f 5085 5152 5084
f 5112 5113 5083
f 5111 5112 5082
f 5113 5085 5084
f 2792 5635 5641
f 2819 5641 5798
f 4257 5798 5678
f 5086 5087 5059
f 5087 5088 5060
f 5100 5087 5086
f 5101 5088 5087
f 5099 5089 5088
f 5102 5090 5089
f 4585 5457 5045
f 5103 5093 5090
f 5100 5101 5087
f 5101 5099 5088
f 5099 5102 5089
f 5102 5103 5090
f 5103 5104 5093
f 5104 5094 5093
f 5105 5091 5094
f 5106 5092 5091
f 5104 5105 5094
f 5105 5106 5091
f 5106 5107 5092
f 5124 5096 5095
f 5125 5097 5096
f 5126 5098 5097
f 5114 5108 5098
f 5107 5095 5092
f 5107 5124 5095
f 5124 5125 5096
f 5125 5126 5097
f 5126 5114 5098
f 5114 5131 5108
f 5045 5452 5058
f 5115 5101 5100
f 5116 5099 5101
f 5117 5102 5099
f 5131 5109 5108
f 5132 5110 5109
f 5133 5111 5110
f 4297 5678 5743
f 5118 5103 5102
f 5119 5104 5103
f 5120 5105 5104
f 5121 5106 5105
f 5122 5107 5106
f 5115 5116 5101
f 5116 5117 5099
f 5119 5120 5104
f 5117 5118 5102
f 5118 5119 5103
f 5058 5446 5086
f 5120 5121 5105
f 5121 5122 5106
f 5122 5123 5107
f 5123 5124 5107
f 5127 5125 5124
f 5128 5126 5125
f 5130 5131 5114
f 5129 5114 5126
f 5130 5138 5131
f 5123 5127 5124
f 5127 5128 5125
f 5128 5129 5126
f 5129 5130 5114
f 5358 5138 5130
f 4318 5743 5723
f 5134 5112 5111
f 5131 5132 5109
f 5132 5133 5110
f 5133 5134 5111
f 5135 5113 5112
f 5136 5085 5113
f 5137 5160 5085
f 5134 5135 5112
f 5135 5136 5113
f 5136 5137 5085
f 5138 5132 5131
f 5139 5133 5132
f 5138 5139 5132
f 5140 5134 5133
f 5141 5135 5134
f 5139 5140 5133
f 5140 5141 5134
f 5388 5139 5138
f 5389 5140 5139
f 5390 5141 5140
f 5391 5142 5141
f 5142 5136 5135
f 5141 5142 5135
f 5142 5143 5136
f 5143 5137 5136
f 5144 5173 5137
f 5143 5144 5137
f 5392 5143 5142
f 5393 5144 5143
f 5394 5180 5144
f 5153 5147 5146
f 5154 5148 5147
f 5152 5146 5145
f 5084 5152 5145
f 5152 5153 5146
f 5153 5154 5147
f 5154 5155 5148
f 5155 5149 5148
f 5156 5150 5149
f 5151 5157 5150
f 5155 5156 5149
f 5156 5151 5150
f 5160 5153 5152
f 5161 5154 5153
f 5162 5155 5154
f 5085 5160 5152
f 5160 5161 5153
f 5161 5162 5154
f 5163 5156 5155
f 5159 5158 5157
f 5166 4652 5158
f 5151 5159 5157
f 5159 5166 5158
f 5166 5167 4652
f 5167 4653 4652
f 5168 4915 4653
f 5162 5163 5155
f 5164 5151 5156
f 5165 5159 5151
f 5163 5164 5156
f 5164 5165 5151
f 5167 5168 4653
f 5168 5913 4915
f 5169 5166 5159
f 5169 5170 5166
f 5170 5167 5166
f 5170 5171 5167
f 5165 5169 5159
f 5171 5168 5167
f 5171 5172 5168
f 5172 5913 5168
f 5172 5919 5913
f 5188 5172 5171
f 5187 5919 5172
f 5173 5161 5160
f 5174 5162 5161
f 5175 5163 5162
f 5174 5175 5162
f 5175 5176 5163
f 5137 5173 5160
f 5173 5174 5161
f 5182 5176 5175
f 5176 5164 5163
f 5176 5177 5164
f 5177 5165 5164
f 5178 5169 5165
f 5177 5178 5165
f 5179 5177 5176
f 5183 5178 5177
f 5184 5185 5178
f 5180 5174 5173
f 5181 5175 5174
f 5144 5180 5173
f 5180 5181 5174
f 5182 5179 5176
f 5181 5182 5175
f 5530 5181 5180
f 5529 5182 5181
f 5531 5179 5182
f 5529 5531 5182
f 5531 5532 5179
f 5179 5183 5177
f 5183 5184 5178
f 5532 5183 5179
f 5532 5537 5183
f 5537 5184 5183
f 5538 5189 5184
f 5537 5538 5184
f 5185 5170 5169
f 5178 5185 5169
f 5185 5186 5170
f 5186 5171 5170
f 5186 5188 5171
f 5189 5186 5185
f 5190 5188 5186
f 5188 5187 5172
f 5187 5931 5919
f 5191 5187 5188
f 5191 5192 5187
f 5192 5931 5187
f 5192 5936 5931
f 5184 5189 5185
f 5189 5190 5186
f 5190 5191 5188
f 5551 5190 5189
f 5538 5551 5189
f 5551 5552 5190
f 5552 5191 5190
f 5552 5193 5191
f 5193 5192 5191
f 5194 5936 5192
f 5193 5194 5192
f 5194 5940 5936
f 4707 5196 5195
f 4708 5197 5196
f 5195 5196 5208
f 5196 5197 5210
f 5197 5198 5211
f 5198 5199 5212
f 5199 5200 5213
f 5195 5208 5209
f 5196 5210 5208
f 5197 5211 5210
f 5198 5212 5211
f 5199 5213 5212
f 5200 5201 5214
f 5201 5202 5215
f 5202 5203 5216
f 5200 5214 5213
f 5201 5215 5214
f 5202 5216 5215
f 5203 5204 5217
f 5204 5205 5218
f 5203 5217 5216
f 5204 5218 5217
f 5205 5219 5218
f 5205 5206 5219
f 5206 5207 5220
f 5207 5226 5232
f 5206 5220 5219
f 5207 5232 5220
f 5209 5208 5247
f 5208 5210 5248
f 5210 5211 5249
f 5211 5212 5250
f 5212 5213 5251
f 5213 5214 5252
f 5214 5215 5253
f 5215 5216 5254
f 5208 5248 5247
f 5210 5249 5248
f 5211 5250 5249
f 5212 5251 5250
f 5209 5247 5246
f 5213 5252 5251
f 5214 5253 5252
f 5215 5254 5253
f 5216 5217 5221
f 5217 5218 5222
f 5218 5219 5223
f 5219 5220 5224
f 5220 5232 5236
f 5216 5221 5254
f 5217 5222 5221
f 5218 5223 5222
f 5219 5224 5223
f 5220 5236 5224
f 5226 5225 5233
f 5226 5233 5232
f 5225 5234 5233
f 5225 5227 5234
f 5227 5228 5235
f 5227 5235 5234
f 5228 5240 5235
f 5229 5230 5241
f 5230 5231 5242
f 5228 5229 5240
f 5229 5241 5240
f 5230 5242 5241
f 5231 5303 5242
f 5232 5233 5237
f 5233 5234 5238
f 5234 5235 5239
f 5232 5237 5236
f 5233 5238 5237
f 5234 5239 5238
f 5235 5243 5239
f 5235 5240 5243
f 5240 5241 5244
f 5241 5242 5245
f 5240 5244 5243
f 5241 5245 5244
f 5242 5307 5245
f 5246 5247 5256
f 5247 5248 5257
f 5248 5249 5258
f 5249 5250 5259
f 5250 5251 5260
f 5251 5252 5261
f 5252 5253 5262
f 5253 5254 5263
f 5246 5256 5255
f 5247 5257 5256
f 5248 5258 5257
f 5249 5259 5258
f 5250 5260 5259
f 5251 5261 5260
f 5252 5262 5261
f 5253 5263 5262
f 5254 5221 5264
f 5221 5222 5265
f 5223 5224 5267
f 5224 5236 5282
f 5222 5223 5266
f 5254 5264 5263
f 5221 5265 5264
f 5222 5266 5265
f 5223 5267 5266
f 5224 5282 5267
f 5255 5256 5269
f 5256 5257 5270
f 5257 5258 5271
f 5258 5259 5272
f 5259 5260 5273
f 5255 5269 5268
f 5256 5270 5269
f 5257 5271 5270
f 5258 5272 5271
f 5259 5273 5272
f 5260 5261 5274
f 5261 5262 5275
f 5262 5263 5276
f 5260 5274 5273
f 5261 5275 5274
f 5262 5276 5275
f 5268 5269 5623
f 5269 5270 5624
f 5270 5271 5625
f 5271 5272 5626
f 5272 5273 5627
f 5273 5274 5628
f 5274 5275 5629
f 5275 5276 5630
f 5263 5264 5277
f 5264 5265 5278
f 5263 5277 5276
f 5264 5278 5277
f 5265 5279 5278
f 5265 5266 5279
f 5266 5267 5280
f 5267 5282 5290
f 5266 5280 5279
f 5267 5290 5280
f 5276 5277 5631
f 5277 5278 5632
f 5278 5279 5633
f 5279 5280 5634
f 5280 5290 5661
f 5236 5237 5281
f 5236 5281 5282
f 5237 5283 5281
f 5238 5284 5283
f 5239 5285 5284
f 5237 5238 5283
f 5238 5239 5284
f 5281 5283 5288
f 5283 5284 5289
f 5239 5243 5285
f 5243 5244 5286
f 5243 5286 5285
f 5244 5245 5287
f 5244 5287 5286
f 5245 5325 5287
f 5284 5285 5292
f 5285 5286 5293
f 5286 5287 5294
f 5282 5281 5291
f 5282 5291 5290
f 5281 5288 5291
f 5283 5289 5288
f 5284 5292 5289
f 5291 5663 5662
f 5290 5291 5662
f 5291 5288 5663
f 5288 5289 5664
f 5288 5664 5663
f 5289 5665 5664
f 5285 5293 5292
f 5286 5294 5293
f 5287 5331 5294
f 5289 5292 5665
f 5292 5293 5666
f 5292 5666 5665
f 5293 5294 5667
f 5293 5667 5666
f 5294 5821 5667
f 5231 5295 5303
f 5295 5296 5304
f 5296 5297 5305
f 5297 5298 5306
f 5295 5304 5303
f 5296 5305 5304
f 5297 5306 5305
f 5298 5299 5301
f 5299 5300 5302
f 5298 5301 5306
f 5299 5302 5301
f 5300 5315 5302
f 5242 5303 5307
f 5303 5304 5308
f 5304 5305 5309
f 5305 5306 5310
f 5303 5308 5307
f 5304 5309 5308
f 5305 5310 5309
f 5306 5301 5311
f 5301 5302 5312
f 5302 5321 5312
f 5306 5311 5310
f 5301 5312 5311
f 5300 5313 5315
f 5313 5314 5316
f 5314 5317 5319
f 5313 5316 5315
f 5314 5319 5316
f 5317 5318 5320
f 5318 4987 6005
f 5317 5320 5319
f 5318 6005 5320
f 5302 5315 5321
f 5315 5316 5322
f 5315 5322 5321
f 5316 5319 5323
f 5316 5323 5322
f 5321 5322 5338
f 5322 5323 5339
f 5319 5320 5324
f 5319 5324 5323
f 5320 6005 6010
f 5320 6010 5324
f 5323 5324 5340
f 5324 6010 6023
f 5245 5307 5325
f 5307 5308 5326
f 5307 5326 5325
f 5308 5327 5326
f 5308 5309 5327
f 5309 5310 5328
f 5309 5328 5327
f 5287 5325 5331
f 5325 5326 5332
f 5326 5327 5333
f 5327 5328 5334
f 5310 5311 5329
f 5310 5329 5328
f 5311 5312 5330
f 5311 5330 5329
f 5312 5337 5330
f 5328 5329 5335
f 5329 5330 5336
f 5325 5332 5331
f 5326 5333 5332
f 5327 5334 5333
f 5294 5331 5821
f 5331 5332 5822
f 5332 5823 5822
f 5331 5822 5821
f 5332 5333 5823
f 5333 5334 5824
f 5333 5824 5823
f 5328 5335 5334
f 5329 5336 5335
f 5330 5341 5336
f 5334 5335 5825
f 5334 5825 5824
f 5335 5336 5826
f 5335 5826 5825
f 5336 5343 5826
f 5312 5321 5337
f 5321 5338 5337
f 5322 5339 5338
f 5330 5337 5341
f 5337 5338 5342
f 5338 5339 5345
f 5338 5345 5342
f 5323 5340 5339
f 5324 6023 5340
f 5339 5340 5346
f 5339 5346 5345
f 5340 6023 6029
f 5340 6029 5346
f 5337 5342 5341
f 5341 5342 5344
f 5342 5345 5347
f 5341 5344 5343
f 5336 5341 5343
f 5342 5347 5344
f 5345 5346 5348
f 5346 6029 6032
f 5345 5348 5347
f 5346 6032 5348
f 5350 5116 5115
f 5351 5117 5116
f 5349 5118 5117
f 5352 5119 5118
f 5086 5437 5100
f 5353 5120 5119
f 5350 5351 5116
f 5100 5409 5115
f 5351 5349 5117
f 5352 5353 5119
f 5353 5354 5120
f 5349 5352 5118
f 5354 5121 5120
f 5355 5122 5121
f 5356 5123 5122
f 5354 5355 5121
f 5355 5356 5122
f 5356 5357 5123
f 5115 5362 5350
f 5362 5351 5350
f 5363 5349 5351
f 5364 5352 5349
f 5365 5353 5352
f 5366 5354 5353
f 5370 5355 5354
f 5367 5356 5355
f 5368 5357 5356
f 5357 5127 5123
f 5359 5128 5127
f 5360 5129 5128
f 5357 5359 5127
f 5359 5360 5128
f 5361 5130 5129
f 5361 5358 5130
f 5358 5388 5138
f 5360 5361 5129
f 5381 5361 5360
f 5369 5359 5357
f 5380 5360 5359
f 5369 5380 5359
f 5380 5381 5360
f 5382 5358 5361
f 5383 5388 5358
f 5381 5382 5361
f 5382 5383 5358
f 5383 5397 5388
f 4388 5723 5706
f 5115 5371 5362
f 5362 5363 5351
f 5363 5364 5349
f 5364 5365 5352
f 5365 5366 5353
f 5366 5370 5354
f 4585 5696 5457
f 4585 5697 5696
f 5115 5409 5371
f 5100 5420 5409
f 5372 5364 5363
f 5373 5365 5364
f 5375 5366 5365
f 5374 5370 5366
f 5045 5457 5452
f 5370 5367 5355
f 5367 5368 5356
f 5368 5369 5357
f 5376 5367 5370
f 5377 5368 5367
f 5378 5369 5368
f 5371 5363 5362
f 5371 5372 5363
f 5372 5373 5364
f 5373 5375 5365
f 5375 5374 5366
f 5374 5376 5370
f 5058 5452 5446
f 5086 5446 5437
f 5100 5437 5420
f 5376 5377 5367
f 5377 5378 5368
f 5378 5379 5369
f 5379 5380 5369
f 5384 5381 5380
f 5385 5382 5381
f 5387 5383 5382
f 5386 5397 5383
f 5379 5384 5380
f 5384 5385 5381
f 5417 5384 5379
f 5418 5385 5384
f 5428 5387 5385
f 5385 5387 5382
f 5387 5386 5383
f 5386 5401 5397
f 5429 5386 5387
f 5430 5401 5386
f 4585 5706 5697
f 5388 5389 5139
f 5389 5390 5140
f 5390 5391 5141
f 5397 5389 5388
f 5398 5390 5389
f 5397 5398 5389
f 5399 5391 5390
f 5400 5392 5391
f 5398 5399 5390
f 5399 5400 5391
f 5391 5392 5142
f 5392 5393 5143
f 5393 5394 5144
f 5396 5530 5394
f 5405 5393 5392
f 5400 5405 5392
f 5405 5395 5393
f 5395 5394 5393
f 5395 5396 5394
f 5401 5398 5397
f 5401 5402 5398
f 5402 5399 5398
f 5404 5405 5400
f 5403 5400 5399
f 5402 5403 5399
f 5403 5404 5400
f 5487 5402 5401
f 5488 5403 5402
f 5489 5404 5403
f 5490 5406 5404
f 5406 5395 5405
f 5404 5406 5405
f 5406 5407 5395
f 5407 5396 5395
f 5408 5533 5396
f 5407 5408 5396
f 5496 5407 5406
f 5489 5490 5404
f 5490 5496 5406
f 5496 5497 5407
f 5497 5408 5407
f 5498 5541 5408
f 5497 5498 5408
f 5409 5372 5371
f 5410 5373 5372
f 5411 5375 5373
f 5410 5411 5373
f 5412 5374 5375
f 5413 5376 5374
f 5411 5412 5375
f 5412 5413 5374
f 5413 5415 5376
f 5409 5410 5372
f 5415 5377 5376
f 5414 5378 5377
f 5415 5414 5377
f 5416 5379 5378
f 5414 5416 5378
f 5416 5417 5379
f 5417 5418 5384
f 5418 5428 5385
f 5428 5429 5387
f 5429 5430 5386
f 5430 5487 5401
f 5420 5410 5409
f 5421 5411 5410
f 5419 5412 5411
f 5420 5421 5410
f 5421 5419 5411
f 5422 5413 5412
f 5423 5415 5413
f 5419 5422 5412
f 5422 5423 5413
f 5423 5424 5415
f 5439 5422 5419
f 5435 5423 5422
f 5436 5424 5423
f 5424 5414 5415
f 5425 5416 5414
f 5424 5425 5414
f 5426 5417 5416
f 5425 5426 5416
f 5426 5427 5417
f 5440 5425 5424
f 5441 5426 5425
f 5442 5427 5426
f 5427 5418 5417
f 5431 5428 5418
f 5432 5429 5428
f 5433 5430 5429
f 5434 5487 5430
f 5427 5431 5418
f 5431 5432 5428
f 5443 5431 5427
f 5471 5432 5431
f 5472 5433 5432
f 5432 5433 5429
f 5433 5434 5430
f 5434 5491 5487
f 5473 5434 5433
f 5474 5491 5434
f 5473 5474 5434
f 5474 5505 5491
f 5437 5421 5420
f 5438 5419 5421
f 5437 5438 5421
f 5438 5439 5419
f 5439 5435 5422
f 5435 5436 5423
f 5436 5440 5424
f 5446 5438 5437
f 5447 5439 5438
f 5448 5435 5439
f 5446 5447 5438
f 5447 5448 5439
f 5449 5436 5435
f 5450 5440 5436
f 5449 5450 5436
f 5448 5449 5435
f 5450 5451 5440
f 5440 5441 5425
f 5441 5442 5426
f 5442 5443 5427
f 5451 5441 5440
f 5462 5442 5441
f 5451 5462 5441
f 5444 5443 5442
f 5462 5444 5442
f 5444 5445 5443
f 5454 5449 5448
f 5452 5447 5446
f 5453 5448 5447
f 5452 5453 5447
f 5453 5454 5448
f 5455 5450 5449
f 5456 5451 5450
f 5455 5456 5450
f 5454 5455 5449
f 5456 5463 5451
f 5457 5453 5452
f 5458 5454 5453
f 5459 5455 5454
f 5460 5456 5455
f 5457 5458 5453
f 5458 5459 5454
f 5696 5458 5457
f 5698 5459 5458
f 5700 5460 5459
f 5459 5460 5455
f 5460 5461 5456
f 5461 5463 5456
f 5461 5467 5463
f 5702 5461 5460
f 5703 5467 5461
f 5463 5462 5451
f 5464 5444 5462
f 5463 5464 5462
f 5465 5445 5444
f 5464 5465 5444
f 5465 5466 5445
f 5467 5464 5463
f 5467 5468 5464
f 5468 5465 5464
f 5713 5469 5468
f 5712 5468 5467
f 5469 5466 5465
f 5468 5469 5465
f 5469 5470 5466
f 5716 5470 5469
f 5443 5471 5431
f 5471 5472 5432
f 5476 5473 5472
f 5445 5471 5443
f 5445 5475 5471
f 5475 5472 5471
f 5475 5476 5472
f 5472 5473 5433
f 5477 5474 5473
f 5478 5505 5474
f 5476 5477 5473
f 5477 5478 5474
f 5478 5508 5505
f 5483 5478 5477
f 5484 5508 5478
f 5466 5475 5445
f 5479 5476 5475
f 5466 5479 5475
f 5480 5477 5476
f 5479 5480 5476
f 5470 5479 5466
f 5481 5480 5479
f 5482 5483 5480
f 5470 5481 5479
f 5717 5481 5470
f 5733 5482 5481
f 5481 5482 5480
f 5735 5486 5482
f 5480 5483 5477
f 5483 5484 5478
f 5484 5512 5508
f 5482 5486 5483
f 5486 5484 5483
f 5486 5485 5484
f 5485 5512 5484
f 5485 5514 5512
f 5739 5485 5486
f 5741 5514 5485
f 5487 5488 5402
f 5491 5488 5487
f 5492 5489 5488
f 5488 5489 5403
f 5493 5490 5489
f 5492 5493 5489
f 5494 5496 5490
f 5493 5494 5490
f 5491 5492 5488
f 5505 5492 5491
f 5505 5506 5492
f 5506 5493 5492
f 5495 5499 5494
f 5507 5494 5493
f 5506 5507 5493
f 5507 5495 5494
f 5494 5499 5496
f 5499 5497 5496
f 5499 5501 5497
f 5501 5498 5497
f 5502 5565 5498
f 5501 5502 5498
f 5500 5501 5499
f 5495 5500 5499
f 5500 5503 5501
f 5503 5502 5501
f 5504 5567 5502
f 5503 5504 5502
f 5523 5571 5504
f 5508 5506 5505
f 5509 5507 5506
f 5508 5509 5506
f 5510 5495 5507
f 5509 5510 5507
f 5511 5500 5495
f 5510 5511 5495
f 5512 5509 5508
f 5512 5513 5509
f 5513 5510 5509
f 5516 5511 5510
f 5513 5516 5510
f 5517 5520 5511
f 5516 5517 5511
f 5514 5513 5512
f 5514 5515 5513
f 5774 5515 5514
f 5515 5516 5513
f 5776 5518 5515
f 5518 5517 5516
f 5515 5518 5516
f 5778 5519 5518
f 5518 5519 5517
f 5519 5521 5517
f 5780 5526 5519
f 5520 5503 5500
f 5522 5504 5503
f 5511 5520 5500
f 5520 5522 5503
f 5517 5521 5520
f 5521 5522 5520
f 5521 5524 5522
f 5526 5524 5521
f 5522 5523 5504
f 5525 5580 5523
f 5524 5523 5522
f 5524 5525 5523
f 5527 5525 5524
f 5527 5528 5525
f 5528 5582 5525
f 5519 5526 5521
f 5526 5527 5524
f 5790 5527 5526
f 5394 5530 5180
f 5530 5529 5181
f 5533 5529 5530
f 5534 5531 5529
f 5535 5532 5531
f 5396 5533 5530
f 5533 5534 5529
f 5534 5535 5531
f 5535 5536 5532
f 5536 5537 5532
f 5539 5538 5537
f 5540 5551 5538
f 5536 5539 5537
f 5539 5540 5538
f 5547 5540 5539
f 5548 5553 5540
f 5541 5534 5533
f 5542 5535 5534
f 5408 5541 5533
f 5541 5542 5534
f 5543 5536 5535
f 5543 5544 5536
f 5542 5543 5535
f 5544 5539 5536
f 5544 5547 5539
f 5547 5548 5540
f 5565 5542 5541
f 5566 5543 5542
f 5498 5565 5541
f 5565 5566 5542
f 5545 5544 5543
f 5566 5545 5543
f 5545 5546 5544
f 5550 5557 5548
f 5546 5547 5544
f 5546 5549 5547
f 5549 5548 5547
f 5549 5550 5548
f 5576 5559 5550
f 5553 5552 5551
f 5553 5554 5552
f 5554 5193 5552
f 5554 5555 5193
f 5540 5553 5551
f 5557 5554 5553
f 5555 5194 5193
f 5555 5556 5194
f 5556 5940 5194
f 5556 6100 5940
f 5558 5555 5554
f 5561 5556 5555
f 5561 5562 5556
f 5562 6100 5556
f 5562 6104 6100
f 5548 5557 5553
f 5557 5558 5554
f 5559 5558 5557
f 5558 5561 5555
f 5560 5561 5558
f 5550 5559 5557
f 5559 5560 5558
f 5597 5560 5559
f 5560 5563 5561
f 5598 5563 5560
f 5563 5562 5561
f 5563 5564 5562
f 5564 6104 5562
f 5564 6108 6104
f 5603 5564 5563
f 5603 5604 5564
f 5604 6108 5564
f 5604 6134 6108
f 5567 5566 5565
f 5568 5545 5566
f 5502 5567 5565
f 5567 5568 5566
f 5569 5546 5545
f 5569 5570 5546
f 5568 5569 5545
f 5504 5571 5567
f 5571 5568 5567
f 5572 5569 5568
f 5571 5572 5568
f 5580 5572 5571
f 5581 5573 5572
f 5573 5570 5569
f 5572 5573 5569
f 5573 5574 5570
f 5586 5574 5573
f 5586 5587 5574
f 5570 5549 5546
f 5570 5575 5549
f 5574 5575 5570
f 5575 5550 5549
f 5575 5576 5550
f 5577 5576 5575
f 5578 5597 5576
f 5574 5577 5575
f 5587 5577 5574
f 5577 5578 5576
f 5587 5592 5577
f 5579 5599 5578
f 5592 5578 5577
f 5592 5579 5578
f 5523 5580 5571
f 5580 5581 5572
f 5582 5581 5580
f 5583 5586 5581
f 5525 5582 5580
f 5582 5583 5581
f 5528 5584 5582
f 5584 5583 5582
f 5585 5588 5583
f 5584 5585 5583
f 5581 5586 5573
f 5588 5587 5586
f 5588 5590 5587
f 5583 5588 5586
f 5589 5590 5588
f 5585 5589 5588
f 5589 5591 5590
f 5590 5592 5587
f 5590 5593 5592
f 5591 5593 5590
f 5591 5594 5593
f 5593 5579 5592
f 5593 5595 5579
f 5595 5601 5579
f 5596 5610 5595
f 5594 5595 5593
f 5594 5596 5595
f 5576 5597 5559
f 5597 5598 5560
f 5599 5598 5597
f 5599 5600 5598
f 5598 5603 5563
f 5600 5603 5598
f 5600 5606 5603
f 5578 5599 5597
f 5601 5600 5599
f 5579 5601 5599
f 5601 5602 5600
f 5610 5602 5601
f 5602 5606 5600
f 5602 5607 5606
f 5612 5607 5602
f 5612 5614 5607
f 5606 5604 5603
f 5606 5605 5604
f 5605 6134 5604
f 5605 6136 6134
f 5607 5605 5606
f 5607 5608 5605
f 5614 5608 5607
f 5614 5609 5608
f 5608 6136 5605
f 5608 6139 6136
f 5609 6139 5608
f 5908 6143 5609
f 5609 6143 6139
f 5908 6268 6143
f 5595 5610 5601
f 5610 5612 5602
f 5596 5611 5610
f 5611 5612 5610
f 5611 5613 5612
f 5613 5614 5612
f 5613 5905 5614
f 5905 5609 5614
f 5905 5908 5609
f 5622 5636 5635
f 5623 5637 5636
f 5624 5638 5637
f 5625 5639 5638
f 5626 5640 5639
f 5627 5615 5640
f 5628 5616 5615
f 5629 5617 5616
f 5631 5619 5618
f 5632 5620 5619
f 5630 5618 5617
f 5633 5621 5620
f 5634 5654 5621
f 5268 5623 5622
f 5269 5624 5623
f 5270 5625 5624
f 5271 5626 5625
f 5272 5627 5626
f 5273 5628 5627
f 5274 5629 5628
f 5275 5630 5629
f 5622 5623 5636
f 5623 5624 5637
f 5625 5626 5639
f 5624 5625 5638
f 5626 5627 5640
f 5627 5628 5615
f 5628 5629 5616
f 5629 5630 5617
f 5276 5631 5630
f 5277 5632 5631
f 5278 5633 5632
f 5279 5634 5633
f 5280 5661 5634
f 5633 5634 5621
f 5634 5661 5654
f 5630 5631 5618
f 5631 5632 5619
f 5632 5633 5620
f 5635 5636 5642
f 5636 5637 5643
f 5637 5638 5644
f 5638 5639 5645
f 5639 5640 5646
f 5635 5642 5641
f 5636 5643 5642
f 5637 5644 5643
f 5638 5645 5644
f 5639 5646 5645
f 5640 5615 5647
f 5615 5616 5648
f 5616 5617 5649
f 5640 5647 5646
f 5615 5648 5647
f 5616 5649 5648
f 5645 5803 5802
f 5646 5804 5803
f 5647 5805 5804
f 5648 5806 5805
f 5641 5642 5799
f 5642 5643 5800
f 5643 5644 5801
f 5644 5645 5802
f 5645 5646 5803
f 5646 5647 5804
f 5647 5648 5805
f 5648 5649 5806
f 5617 5618 5650
f 5618 5619 5651
f 5618 5651 5650
f 5617 5650 5649
f 5619 5652 5651
f 5619 5620 5652
f 5620 5621 5653
f 5621 5654 5670
f 5620 5653 5652
f 5621 5670 5653
f 5649 5807 5806
f 5650 5808 5807
f 5651 5809 5808
f 5652 5810 5809
f 5653 5811 5810
f 5649 5650 5807
f 5650 5651 5808
f 5651 5652 5809
f 5652 5653 5810
f 5653 5670 5811
f 5661 5655 5654
f 5662 5656 5655
f 5663 5657 5656
f 5664 5658 5657
f 5665 5659 5658
f 5666 5660 5659
f 5667 5815 5660
f 5659 5660 5674
f 5290 5662 5661
f 5661 5662 5655
f 5662 5663 5656
f 5663 5664 5657
f 5664 5665 5658
f 5665 5666 5659
f 5666 5667 5660
f 5654 5655 5671
f 5654 5671 5670
f 5655 5668 5671
f 5655 5656 5668
f 5656 5657 5669
f 5656 5669 5668
f 5657 5672 5669
f 5670 5671 5812
f 5670 5812 5811
f 5671 5813 5812
f 5671 5668 5813
f 5668 5669 5814
f 5668 5814 5813
f 5669 5675 5814
f 5658 5673 5672
f 5657 5658 5672
f 5658 5659 5673
f 5659 5674 5673
f 5660 5827 5674
f 5669 5672 5675
f 5672 5673 5676
f 5672 5676 5675
f 5673 5674 5677
f 5674 5831 5677
f 5673 5677 5676
f 5680 5746 5745
f 5681 5747 5746
f 5682 5748 5747
f 5678 5679 5744
f 5679 5680 5745
f 5680 5681 5746
f 5681 5682 5747
f 5682 5683 5748
f 5683 5749 5748
f 5684 5750 5749
f 5684 5685 5750
f 5685 5686 5751
f 5685 5751 5750
f 5683 5684 5749
f 5686 5687 5752
f 5686 5752 5751
f 5687 5753 5752
f 5687 5688 5753
f 5688 5754 5753
f 5689 5690 5755
f 5690 5761 5757
f 5688 5689 5754
f 5689 5755 5754
f 5690 5757 5755
f 5696 5698 5458
f 5697 5698 5696
f 5697 5699 5698
f 5699 5700 5698
f 5698 5700 5459
f 5699 5701 5700
f 5701 5702 5700
f 5707 5701 5699
f 5706 5699 5697
f 5708 5704 5701
f 5700 5702 5460
f 5702 5703 5461
f 5701 5704 5702
f 5704 5703 5702
f 5704 5705 5703
f 5703 5712 5467
f 5705 5712 5703
f 5705 5714 5712
f 5709 5705 5704
f 5710 5714 5705
f 5707 5708 5701
f 5706 5707 5699
f 5708 5709 5704
f 5709 5710 5705
f 5710 5720 5714
f 5712 5713 5468
f 5714 5713 5712
f 5714 5715 5713
f 5715 5716 5713
f 5720 5715 5714
f 5721 5718 5715
f 5716 5717 5470
f 5713 5716 5469
f 5715 5718 5716
f 5718 5717 5716
f 5718 5719 5717
f 5720 5721 5715
f 5722 5719 5718
f 5721 5722 5718
f 5722 5711 5719
f 5723 5707 5706
f 5724 5708 5707
f 5725 5709 5708
f 5726 5710 5709
f 5691 5720 5710
f 5723 5724 5707
f 5724 5725 5708
f 5725 5726 5709
f 5726 5691 5710
f 5691 5692 5720
f 5692 5721 5720
f 5693 5722 5721
f 5694 5711 5722
f 5692 5693 5721
f 5693 5694 5722
f 5694 5695 5711
f 5728 5729 5737
f 5729 5730 5738
f 5730 5770 5782
f 5717 5733 5481
f 5734 5735 5733
f 5719 5733 5717
f 5719 5734 5733
f 5733 5735 5482
f 5734 5736 5735
f 5736 5739 5735
f 5711 5731 5734
f 5711 5734 5719
f 5731 5736 5734
f 5732 5740 5736
f 5731 5732 5736
f 5732 5737 5740
f 5737 5738 5742
f 5738 5782 5775
f 5735 5739 5486
f 5736 5740 5739
f 5739 5741 5485
f 5740 5741 5739
f 5740 5742 5741
f 5741 5774 5514
f 5742 5774 5741
f 5742 5775 5774
f 5737 5742 5740
f 5738 5775 5742
f 5727 5732 5731
f 5695 5731 5711
f 5728 5737 5732
f 5695 5727 5731
f 5727 5728 5732
f 5729 5738 5737
f 5730 5782 5738
f 5747 5748 5692
f 5743 5724 5723
f 5744 5725 5724
f 5745 5726 5725
f 5747 5692 5691
f 5746 5691 5726
f 5743 5744 5724
f 5744 5745 5725
f 5745 5746 5726
f 5746 5747 5691
f 5748 5749 5693
f 5749 5750 5694
f 5750 5751 5695
f 5748 5693 5692
f 5749 5694 5693
f 5750 5695 5694
f 5678 5744 5743
f 5679 5745 5744
f 5751 5752 5727
f 5752 5753 5728
f 5751 5727 5695
f 5752 5728 5727
f 5753 5729 5728
f 5755 5770 5730
f 5753 5754 5729
f 5754 5755 5730
f 5755 5757 5770
f 5754 5730 5729
f 5761 5762 5758
f 5761 5758 5757
f 5762 5759 5758
f 5762 5763 5759
f 5763 5756 5760
f 5763 5760 5759
f 5756 5767 5760
f 5767 5768 5787
f 5768 5769 5797
f 5756 5764 5767
f 5764 5765 5768
f 5764 5768 5767
f 5765 5769 5768
f 5765 5766 5769
f 5766 5855 5769
f 5770 5771 5783
f 5772 5785 5784
f 5773 5796 5785
f 5771 5772 5784
f 5772 5773 5785
f 5774 5776 5515
f 5777 5778 5776
f 5782 5777 5775
f 5782 5783 5777
f 5783 5779 5777
f 5775 5776 5774
f 5775 5777 5776
f 5776 5778 5518
f 5779 5780 5778
f 5777 5779 5778
f 5778 5780 5519
f 5779 5781 5780
f 5781 5790 5780
f 5784 5781 5779
f 5783 5784 5779
f 5784 5785 5781
f 5785 5791 5781
f 5770 5783 5782
f 5771 5784 5783
f 5786 5788 5796
f 5773 5786 5796
f 5786 5787 5788
f 5787 5789 5788
f 5797 5866 5789
f 5787 5797 5789
f 5780 5790 5526
f 5781 5791 5790
f 5790 5792 5527
f 5791 5792 5790
f 5791 5793 5792
f 5785 5796 5791
f 5796 5793 5791
f 5796 5788 5793
f 5792 5528 5527
f 5793 5794 5792
f 5792 5794 5528
f 5794 5584 5528
f 5793 5795 5794
f 5795 5870 5794
f 5788 5795 5793
f 5789 5871 5795
f 5788 5789 5795
f 5757 5771 5770
f 5758 5772 5771
f 5757 5758 5771
f 5759 5773 5772
f 5760 5786 5773
f 5758 5759 5772
f 5759 5760 5773
f 5767 5787 5786
f 5760 5767 5786
f 5768 5797 5787
f 5769 5882 5797
f 5641 5799 5798
f 5642 5800 5799
f 5643 5801 5800
f 5644 5802 5801
f 5799 5800 5680
f 5798 5799 5679
f 5800 5801 5681
f 5801 5802 5682
f 5802 5803 5683
f 5803 5804 5684
f 5804 5685 5684
f 5804 5805 5685
f 5805 5806 5686
f 5805 5686 5685
f 5798 5679 5678
f 5799 5680 5679
f 5800 5681 5680
f 5801 5682 5681
f 5802 5683 5682
f 5803 5684 5683
f 5806 5807 5687
f 5806 5687 5686
f 5807 5688 5687
f 5807 5808 5688
f 5808 5689 5688
f 5810 5811 5761
f 5808 5809 5689
f 5809 5810 5690
f 5809 5690 5689
f 5810 5761 5690
f 5811 5812 5762
f 5811 5762 5761
f 5812 5763 5762
f 5812 5813 5763
f 5813 5814 5756
f 5813 5756 5763
f 5814 5764 5756
f 5814 5675 5764
f 5675 5676 5765
f 5675 5765 5764
f 5676 5677 5766
f 5677 5851 5766
f 5676 5766 5765
f 5821 5816 5815
f 5822 5817 5816
f 5660 5815 5827
f 5815 5816 5828
f 5823 5818 5817
f 5816 5817 5829
f 5817 5818 5830
f 5824 5819 5818
f 5825 5820 5819
f 5826 5839 5820
f 5818 5819 5835
f 5819 5820 5836
f 5667 5821 5815
f 5821 5822 5816
f 5822 5823 5817
f 5823 5824 5818
f 5824 5825 5819
f 5825 5826 5820
f 5829 5830 5834
f 5815 5828 5827
f 5816 5829 5828
f 5817 5830 5829
f 5674 5827 5831
f 5827 5828 5832
f 5827 5832 5831
f 5828 5833 5832
f 5828 5829 5833
f 5829 5834 5833
f 5830 5835 5837
f 5835 5836 5838
f 5818 5835 5830
f 5819 5836 5835
f 5820 5843 5836
f 5830 5837 5834
f 5834 5837 5859
f 5835 5838 5837
f 5836 5845 5838
f 5837 5838 5860
f 5343 5840 5839
f 5344 5842 5840
f 5839 5844 5843
f 5820 5839 5843
f 5839 5840 5844
f 5840 5842 5847
f 5840 5847 5844
f 5347 5841 5842
f 5348 6217 5841
f 5842 5841 5848
f 5842 5848 5847
f 5841 6217 6227
f 5841 6227 5848
f 5826 5343 5839
f 5343 5344 5840
f 5344 5347 5842
f 5347 5348 5841
f 5348 6032 6217
f 5836 5843 5845
f 5843 5844 5846
f 5844 5847 5849
f 5844 5849 5846
f 5843 5846 5845
f 5838 5845 5887
f 5845 5846 5888
f 5846 5849 5895
f 5846 5895 5888
f 5847 5850 5849
f 5847 5848 5850
f 5848 6227 6229
f 5848 6229 5850
f 5849 5896 5895
f 5849 5850 5896
f 5850 6229 6207
f 5850 6207 5896
f 5852 5853 5858
f 5853 5854 5857
f 5769 5855 5882
f 5855 5856 5883
f 5858 5885 5884
f 5856 5858 5884
f 5858 5857 5885
f 5766 5851 5855
f 5851 5852 5856
f 5851 5856 5855
f 5852 5858 5856
f 5853 5857 5858
f 5854 5859 5861
f 5859 5860 5862
f 5860 5889 5862
f 5857 5886 5885
f 5857 5861 5886
f 5861 5863 5886
f 5862 5890 5863
f 5861 5862 5863
f 5854 5861 5857
f 5859 5862 5861
f 5872 5589 5585
f 5789 5866 5871
f 5867 5875 5873
f 5866 5867 5873
f 5872 5874 5589
f 5874 5591 5589
f 5875 5864 5874
f 5874 5864 5591
f 5875 5865 5864
f 5868 5865 5875
f 5867 5868 5875
f 5868 5869 5865
f 5797 5882 5866
f 5882 5883 5867
f 5882 5867 5866
f 5883 5868 5867
f 5883 5884 5868
f 5884 5885 5869
f 5884 5869 5868
f 5794 5870 5584
f 5795 5871 5870
f 5870 5585 5584
f 5870 5872 5585
f 5871 5872 5870
f 5871 5873 5872
f 5873 5874 5872
f 5866 5873 5871
f 5873 5875 5874
f 5864 5594 5591
f 5864 5876 5594
f 5865 5876 5864
f 5865 5877 5876
f 5869 5880 5877
f 5869 5877 5865
f 5876 5596 5594
f 5876 5878 5596
f 5877 5878 5876
f 5877 5879 5878
f 5878 5611 5596
f 5879 5899 5878
f 5880 5879 5877
f 5880 5881 5879
f 5881 5900 5879
f 5885 5880 5869
f 5885 5886 5880
f 5886 5881 5880
f 5863 5903 5881
f 5886 5863 5881
f 5855 5883 5882
f 5856 5884 5883
f 5890 5892 5904
f 5892 5897 5911
f 5897 5912 5911
f 5897 5898 5912
f 5898 6250 5912
f 5898 6262 6250
f 5860 5887 5889
f 5887 5888 5891
f 5887 5891 5889
f 5888 5895 5893
f 5888 5893 5891
f 5862 5889 5890
f 5889 5891 5892
f 5889 5892 5890
f 5891 5897 5892
f 5891 5893 5897
f 5895 5896 5894
f 5895 5894 5893
f 5896 6207 6259
f 5896 6259 5894
f 5893 5898 5897
f 5893 5894 5898
f 5894 6262 5898
f 5894 6259 6262
f 5881 5903 5900
f 5903 5902 5900
f 5903 5904 5902
f 5878 5899 5611
f 5879 5900 5899
f 5899 5613 5611
f 5899 5901 5613
f 5900 5901 5899
f 5900 5902 5901
f 5901 5905 5613
f 5902 5906 5901
f 5901 5906 5905
f 5902 5907 5906
f 5904 5907 5902
f 5890 5904 5903
f 5863 5890 5903
f 5892 5911 5904
f 5904 5911 5907
f 5906 5908 5905
f 5907 5909 5906
f 5906 5909 5908
f 5911 5910 5907
f 5907 5910 5909
f 5909 6268 5908
f 5909 6269 6268
f 5910 6269 5909
f 5912 6272 5910
f 5910 6272 6269
f 5911 5912 5910
f 5912 6250 6272
f 5677 5831 5851
f 5831 5832 5852
f 5831 5852 5851
f 5832 5853 5852
f 5832 5833 5853
f 5833 5854 5853
f 5833 5834 5854
f 5834 5859 5854
f 5837 5860 5859
f 5838 5887 5860
f 5845 5888 5887
f 5913 4916 4915
f 5914 4917 4916
f 5913 5914 4916
f 5914 5915 4917
f 5915 4921 4917
f 5915 5916 4921
f 5916 4922 4921
f 5916 5917 4922
f 5917 4924 4922
f 5917 5923 4924
f 5921 5917 5916
f 5922 5923 5917
f 5919 5914 5913
f 5918 5915 5914
f 5919 5918 5914
f 5918 5920 5915
f 5920 5916 5915
f 5920 5921 5916
f 5931 5918 5919
f 5932 5920 5918
f 5933 5921 5920
f 5921 5922 5917
f 5922 5927 5923
f 5934 5922 5921
f 5935 5927 5922
f 5935 5946 5927
f 5923 4925 4924
f 5923 5924 4925
f 5924 4926 4925
f 5924 5926 4926
f 5927 5924 5923
f 5928 5926 5924
f 5926 5925 4927
f 5929 5925 5926
f 5930 5958 5925
f 5927 5928 5924
f 5928 5929 5926
f 5946 5928 5927
f 5946 5947 5928
f 5947 5929 5928
f 5947 5950 5929
f 5929 5930 5925
f 5950 5930 5929
f 5950 5951 5930
f 5951 5963 5930
f 5931 5932 5918
f 5932 5933 5920
f 5933 5934 5921
f 5936 5932 5931
f 5937 5933 5932
f 5936 5937 5932
f 5937 5938 5933
f 5938 5934 5933
f 5938 5939 5934
f 5934 5935 5922
f 5939 5935 5934
f 5939 5944 5935
f 5944 5946 5935
f 5944 5948 5946
f 5940 5937 5936
f 5941 5938 5937
f 5942 5939 5938
f 5940 5941 5937
f 5941 5942 5938
f 5942 5943 5939
f 5943 5944 5939
f 5943 5945 5944
f 5945 5948 5944
f 5945 5954 5948
f 6099 5945 5943
f 6102 5954 5945
f 5948 5947 5946
f 5949 5950 5947
f 5948 5949 5947
f 5949 5952 5950
f 5952 5951 5950
f 5953 5981 5951
f 5952 5953 5951
f 5956 5982 5953
f 5954 5949 5948
f 5954 5955 5949
f 5955 5952 5949
f 5957 5953 5952
f 5955 5957 5952
f 6116 5955 5954
f 6117 5957 5955
f 6117 6120 5957
f 5957 5956 5953
f 6120 5956 5957
f 6120 6121 5956
f 6121 5987 5956
f 5925 5958 4949
f 5958 5959 4950
f 5963 5959 5958
f 5930 5963 5958
f 5964 5960 5959
f 5963 5964 5959
f 5959 5960 4951
f 5960 5961 4952
f 5961 5962 4953
f 5964 5966 5960
f 5966 5961 5960
f 5967 5962 5961
f 5966 5967 5961
f 5967 5968 5962
f 5981 5964 5963
f 5965 5966 5964
f 5951 5981 5963
f 5981 5965 5964
f 5969 5967 5966
f 5970 5968 5967
f 5965 5969 5966
f 5969 5970 5967
f 5970 5971 5968
f 5977 5973 5972
f 5968 5972 5962
f 5968 5977 5972
f 5977 5975 5973
f 5975 5974 5973
f 5975 5976 5974
f 5971 5977 5968
f 5978 5975 5977
f 5971 5978 5977
f 5979 5976 5975
f 5978 5979 5975
f 5996 5979 5978
f 5979 5980 5976
f 5997 5980 5979
f 5982 5965 5981
f 5983 5969 5965
f 5982 5983 5965
f 5953 5982 5981
f 5984 5970 5969
f 5987 5983 5982
f 5988 5984 5983
f 5983 5984 5969
f 5985 5971 5970
f 5984 5985 5970
f 5985 5986 5971
f 5990 5985 5984
f 5990 5991 5985
f 5991 5986 5985
f 5991 5992 5986
f 5956 5987 5982
f 5987 5988 5983
f 6160 5988 5987
f 6121 6160 5987
f 5989 5990 5988
f 6160 5989 5988
f 5988 5990 5984
f 5993 5991 5990
f 5994 5992 5991
f 5989 5993 5990
f 5993 5994 5991
f 5994 5995 5992
f 6165 5995 5994
f 5986 5978 5971
f 5986 5996 5978
f 5996 5997 5979
f 5992 5996 5986
f 5992 6000 5996
f 6000 5997 5996
f 6000 6002 5997
f 5997 5998 5980
f 6002 5998 5997
f 6002 5999 5998
f 5995 6000 5992
f 6001 6002 6000
f 6001 6003 6002
f 5995 6001 6000
f 6166 6001 5995
f 6184 6003 6001
f 6003 5999 6002
f 6003 6004 5999
f 6186 6004 6003
f 6186 6187 6004
f 4987 4988 6006
f 4988 4989 6007
f 4989 4990 6008
f 4987 6006 6005
f 4988 6007 6006
f 4989 6008 6007
f 4990 4992 6009
f 4990 6009 6008
f 4992 5001 6015
f 4992 6015 6009
f 6009 6015 6020
f 6005 6006 6011
f 6006 6007 6012
f 6005 6011 6010
f 6006 6012 6011
f 6007 6008 6013
f 6007 6013 6012
f 6010 6011 6024
f 6011 6012 6025
f 6012 6013 6026
f 6008 6009 6014
f 6008 6014 6013
f 6009 6020 6014
f 6013 6014 6027
f 6014 6020 6038
f 5001 5002 6016
f 5001 6016 6015
f 5002 5003 6017
f 5002 6017 6016
f 6015 6016 6019
f 6016 6017 6021
f 5003 5004 6018
f 5003 6018 6017
f 5004 6050 6018
f 6017 6018 6022
f 6015 6019 6020
f 6016 6021 6019
f 6020 6019 6039
f 6020 6039 6038
f 6019 6021 6042
f 6019 6042 6039
f 6017 6022 6021
f 6018 6055 6022
f 6021 6022 6043
f 6021 6043 6042
f 6022 6072 6043
f 6010 6024 6023
f 6011 6025 6024
f 6012 6026 6025
f 6023 6024 6028
f 6024 6025 6030
f 6023 6028 6029
f 6024 6030 6028
f 6025 6026 6031
f 6025 6031 6030
f 6013 6027 6026
f 6014 6038 6027
f 6026 6027 6036
f 6026 6036 6031
f 6027 6038 6040
f 6027 6040 6036
f 6029 6028 6033
f 6028 6030 6034
f 6030 6031 6035
f 6029 6033 6032
f 6028 6034 6033
f 6033 6034 6219
f 6030 6035 6034
f 6034 6035 6220
f 6031 6037 6035
f 6031 6036 6037
f 6036 6040 6046
f 6036 6046 6037
f 6035 6037 6223
f 6037 6046 6232
f 6038 6039 6041
f 6039 6042 6044
f 6038 6041 6040
f 6039 6044 6041
f 6042 6043 6045
f 6042 6045 6044
f 6043 6074 6045
f 6047 6236 6233
f 6049 6237 6236
f 6048 6330 6237
f 6040 6041 6047
f 6040 6047 6046
f 6041 6044 6049
f 6041 6049 6047
f 6046 6047 6233
f 6047 6049 6236
f 6044 6045 6048
f 6044 6048 6049
f 6045 6083 6048
f 6049 6048 6237
f 5004 5034 6050
f 5034 6051 6050
f 5035 6052 6051
f 6018 6050 6055
f 6050 6051 6056
f 5036 6053 6052
f 5037 6054 6053
f 6051 6052 6057
f 6052 6053 6058
f 6053 6054 6059
f 6052 6058 6057
f 6053 6059 6058
f 6050 6056 6055
f 6051 6057 6056
f 6022 6055 6072
f 6055 6073 6072
f 6055 6056 6073
f 6056 6060 6073
f 6057 6058 6061
f 6058 6059 6062
f 6056 6057 6060
f 6057 6061 6060
f 6058 6062 6061
f 5038 6063 6054
f 5042 6064 6063
f 6054 6063 6066
f 6054 6066 6059
f 6063 6064 6068
f 6063 6068 6066
f 5043 6065 6064
f 6064 6069 6068
f 6064 6065 6069
f 6059 6066 6067
f 6066 6068 6070
f 6059 6067 6062
f 6066 6070 6067
f 6068 6069 6071
f 6068 6071 6070
f 6043 6072 6074
f 6072 6073 6075
f 6073 6076 6075
f 6072 6075 6074
f 6074 6075 6084
f 6073 6060 6076
f 6060 6061 6078
f 6061 6062 6077
f 6060 6078 6076
f 6061 6077 6078
f 6075 6076 6085
f 6076 6078 6086
f 6078 6077 6087
f 6083 6079 6330
f 6084 6080 6079
f 6085 6081 6080
f 6086 6082 6081
f 6074 6084 6083
f 6045 6074 6083
f 6075 6085 6084
f 6048 6083 6330
f 6083 6084 6079
f 6076 6086 6085
f 6078 6087 6086
f 6085 6086 6081
f 6086 6087 6082
f 6084 6085 6080
f 6062 6067 6088
f 6062 6088 6077
f 6067 6070 6089
f 6067 6089 6088
f 6077 6088 6094
f 6088 6089 6095
f 6088 6095 6094
f 6070 6090 6089
f 6070 6071 6090
f 6089 6096 6095
f 6089 6090 6096
f 6087 6091 6082
f 6082 6091 6341
f 6094 6092 6091
f 6091 6092 6343
f 6095 6093 6092
f 6095 6096 6093
f 6092 6093 6344
f 6077 6094 6087
f 6087 6094 6091
f 6094 6095 6092
f 6100 5941 5940
f 6097 5942 5941
f 6097 6098 5942
f 6100 6097 5941
f 6098 5943 5942
f 6098 6099 5943
f 6104 6097 6100
f 6105 6098 6097
f 6104 6105 6097
f 6105 6106 6098
f 6106 6099 6098
f 6106 6101 6099
f 6099 6102 5945
f 6102 6116 5954
f 6103 6116 6102
f 6101 6102 6099
f 6101 6103 6102
f 6103 6118 6116
f 6108 6105 6104
f 6109 6106 6105
f 6108 6109 6105
f 6109 6110 6106
f 6110 6101 6106
f 6110 6107 6101
f 6134 6109 6108
f 6111 6110 6109
f 6134 6111 6109
f 6111 6112 6110
f 6112 6107 6110
f 6112 6113 6107
f 6107 6103 6101
f 6107 6114 6103
f 6114 6118 6103
f 6114 6124 6118
f 6113 6114 6107
f 6113 6115 6114
f 6138 6115 6113
f 6115 6124 6114
f 6115 6126 6124
f 6147 6126 6115
f 6116 6117 5955
f 6118 6117 6116
f 6119 6120 6117
f 6118 6119 6117
f 6124 6119 6118
f 6119 6122 6120
f 6125 6122 6119
f 6122 6121 6120
f 6122 6123 6121
f 6123 6160 6121
f 6128 6123 6122
f 6128 6129 6123
f 6129 6162 6123
f 6124 6125 6119
f 6126 6125 6124
f 6125 6128 6122
f 6127 6128 6125
f 6126 6127 6125
f 6127 6130 6128
f 6150 6127 6126
f 6150 6152 6127
f 6152 6130 6127
f 6152 6131 6130
f 6130 6129 6128
f 6130 6132 6129
f 6132 6170 6129
f 6131 6132 6130
f 6131 6133 6132
f 6133 6171 6132
f 6158 6173 6133
f 6136 6111 6134
f 6136 6135 6111
f 6135 6112 6111
f 6135 6137 6112
f 6137 6113 6112
f 6139 6135 6136
f 6140 6137 6135
f 6137 6138 6113
f 6141 6138 6137
f 6141 6145 6138
f 6139 6140 6135
f 6143 6140 6139
f 6140 6141 6137
f 6142 6141 6140
f 6143 6142 6140
f 6268 6142 6143
f 6268 6244 6142
f 6142 6144 6141
f 6244 6144 6142
f 6244 6245 6144
f 6144 6145 6141
f 6144 6146 6145
f 6245 6146 6144
f 6245 6247 6146
f 6138 6147 6115
f 6145 6147 6138
f 6145 6148 6147
f 6147 6150 6126
f 6148 6150 6147
f 6148 6151 6150
f 6146 6148 6145
f 6146 6149 6148
f 6247 6149 6146
f 6247 6254 6149
f 6149 6151 6148
f 6254 6154 6149
f 6149 6154 6151
f 6254 6274 6154
f 6151 6152 6150
f 6151 6153 6152
f 6154 6153 6151
f 6153 6131 6152
f 6153 6156 6131
f 6155 6156 6153
f 6155 6157 6156
f 6274 6155 6154
f 6154 6155 6153
f 6277 6157 6155
f 6156 6133 6131
f 6156 6158 6133
f 6157 6158 6156
f 6283 6159 6157
f 6157 6159 6158
f 6159 6200 6158
f 6285 6201 6159
f 6162 5989 6160
f 6123 6162 6160
f 6161 5993 5989
f 6162 6161 5989
f 6170 6161 6162
f 6129 6170 6162
f 6163 6164 6161
f 6170 6163 6161
f 6161 6164 5993
f 6164 5994 5993
f 6164 6165 5994
f 6165 6166 5995
f 6163 6167 6164
f 6167 6165 6164
f 6167 6168 6165
f 6168 6166 6165
f 6168 6169 6166
f 6176 6169 6168
f 6171 6163 6170
f 6132 6171 6170
f 6172 6167 6163
f 6171 6172 6163
f 6174 6175 6172
f 6133 6173 6171
f 6173 6172 6171
f 6200 6174 6173
f 6173 6174 6172
f 6200 6202 6174
f 6202 6178 6174
f 6175 6168 6167
f 6172 6175 6167
f 6175 6176 6168
f 6176 6177 6169
f 6178 6176 6175
f 6178 6180 6176
f 6180 6177 6176
f 6180 6181 6177
f 6174 6178 6175
f 6202 6179 6178
f 6179 6180 6178
f 6182 6181 6180
f 6179 6182 6180
f 6204 6182 6179
f 6182 6183 6181
f 6205 6183 6182
f 6205 6206 6183
f 6166 6184 6001
f 6169 6184 6166
f 6184 6186 6003
f 6185 6186 6184
f 6169 6185 6184
f 6185 6188 6186
f 6177 6185 6169
f 6191 6188 6185
f 6191 6195 6188
f 6188 6187 6186
f 6188 6189 6187
f 6195 6189 6188
f 6195 6190 6189
f 6177 6191 6185
f 6181 6191 6177
f 6181 6192 6191
f 6192 6195 6191
f 6192 6196 6195
f 6183 6192 6181
f 6183 6193 6192
f 6206 6193 6183
f 6206 6194 6193
f 6193 6196 6192
f 6193 6198 6196
f 6194 6198 6193
f 6194 6311 6198
f 6196 6190 6195
f 6198 6197 6196
f 6196 6197 6190
f 6311 6199 6198
f 6198 6199 6197
f 6311 6314 6199
f 6158 6200 6173
f 6201 6202 6200
f 6159 6201 6200
f 6347 6203 6201
f 6201 6203 6202
f 6203 6179 6202
f 6203 6204 6179
f 6204 6205 6182
f 6229 6208 6207
f 6230 6209 6208
f 6225 6210 6209
f 6226 6211 6210
f 6210 6211 6266
f 6231 6212 6211
f 6211 6212 6290
f 6240 6213 6212
f 6212 6292 6290
f 6212 6213 6292
f 6241 6215 6213
f 6213 6294 6292
f 6213 6215 6294
f 6242 6216 6215
f 6243 6297 6216
f 6215 6216 6214
f 6215 6214 6294
f 6216 6299 6214
f 6032 6218 6217
f 6033 6219 6218
f 6034 6220 6219
f 6217 6218 6228
f 6218 6219 6221
f 6217 6228 6227
f 6218 6221 6228
f 6219 6220 6222
f 6219 6222 6221
f 6035 6223 6220
f 6037 6232 6223
f 6223 6232 6234
f 6220 6224 6222
f 6220 6223 6224
f 6223 6234 6224
f 6032 6033 6218
f 6227 6228 6230
f 6228 6221 6225
f 6227 6230 6229
f 6228 6225 6230
f 6221 6222 6226
f 6221 6226 6225
f 6229 6230 6208
f 6230 6225 6209
f 6225 6226 6210
f 6222 6231 6226
f 6222 6224 6231
f 6224 6240 6231
f 6224 6234 6240
f 6231 6240 6212
f 6226 6231 6211
f 6046 6233 6232
f 6232 6233 6235
f 6233 6236 6238
f 6234 6235 6241
f 6235 6238 6242
f 6232 6235 6234
f 6233 6238 6235
f 6236 6237 6239
f 6237 6332 6239
f 6238 6239 6243
f 6239 6340 6243
f 6236 6239 6238
f 6234 6241 6240
f 6240 6241 6213
f 6235 6242 6241
f 6241 6242 6215
f 6238 6243 6242
f 6242 6243 6216
f 6270 6245 6244
f 6270 6271 6245
f 6251 6246 6273
f 6271 6247 6245
f 6271 6248 6247
f 6246 6248 6271
f 6252 6249 6246
f 6246 6249 6248
f 6263 6264 6252
f 6250 6251 6273
f 6251 6252 6246
f 6262 6251 6250
f 6262 6263 6251
f 6263 6252 6251
f 6264 6265 6253
f 6252 6253 6249
f 6264 6253 6252
f 6248 6254 6247
f 6248 6255 6254
f 6249 6255 6248
f 6249 6256 6255
f 6255 6274 6254
f 6255 6275 6274
f 6256 6275 6255
f 6256 6276 6275
f 6265 6257 6253
f 6265 6267 6257
f 6253 6256 6249
f 6253 6257 6256
f 6257 6280 6276
f 6267 6280 6257
f 6267 6291 6280
f 6257 6276 6256
f 6259 6258 6263
f 6258 6260 6264
f 6260 6261 6265
f 6207 6208 6258
f 6207 6258 6259
f 6208 6209 6260
f 6208 6260 6258
f 6209 6261 6260
f 6209 6210 6261
f 6259 6263 6262
f 6258 6264 6263
f 6260 6265 6264
f 6261 6267 6265
f 6261 6266 6267
f 6266 6291 6267
f 6266 6290 6291
f 6210 6266 6261
f 6211 6290 6266
f 6269 6244 6268
f 6269 6270 6244
f 6272 6270 6269
f 6272 6273 6270
f 6250 6273 6272
f 6273 6271 6270
f 6273 6246 6271
f 6291 6293 6281
f 6293 6288 6281
f 6293 6295 6288
f 6275 6277 6274
f 6274 6277 6155
f 6275 6278 6277
f 6276 6279 6278
f 6276 6278 6275
f 6278 6283 6277
f 6277 6283 6157
f 6278 6284 6283
f 6279 6284 6278
f 6279 6287 6284
f 6280 6279 6276
f 6280 6281 6279
f 6291 6281 6280
f 6281 6287 6279
f 6281 6288 6287
f 6286 6347 6285
f 6288 6282 6289
f 6295 6282 6288
f 6295 6296 6282
f 6282 6351 6289
f 6296 6352 6282
f 6284 6285 6283
f 6283 6285 6159
f 6287 6286 6284
f 6284 6286 6285
f 6287 6289 6286
f 6289 6348 6286
f 6288 6289 6287
f 6290 6292 6293
f 6290 6293 6291
f 6292 6294 6295
f 6292 6295 6293
f 6294 6296 6295
f 6294 6214 6296
f 6214 6367 6296
f 6340 6298 6297
f 6331 6301 6298
f 6214 6299 6367
f 6300 6305 6368
f 6299 6300 6368
f 6216 6297 6299
f 6297 6300 6299
f 6297 6298 6300
f 6298 6304 6300
f 6298 6301 6304
f 6337 6302 6301
f 6338 6303 6302
f 6301 6302 6306
f 6302 6303 6307
f 6300 6304 6305
f 6304 6306 6308
f 6306 6307 6309
f 6304 6308 6305
f 6305 6308 6365
f 6306 6309 6308
f 6308 6309 6366
f 6301 6306 6304
f 6302 6307 6306
f 6345 6326 6325
f 6369 6311 6194
f 6369 6312 6311
f 6309 6310 6366
f 6371 6318 6313
f 6310 6318 6371
f 6310 6317 6318
f 6323 6317 6310
f 6312 6314 6311
f 6313 6315 6312
f 6312 6315 6314
f 6313 6316 6315
f 6318 6316 6313
f 6328 6320 6317
f 6317 6319 6318
f 6318 6319 6316
f 6317 6320 6319
f 6339 6321 6303
f 6303 6322 6307
f 6303 6321 6322
f 6321 6325 6324
f 6342 6325 6321
f 6321 6324 6322
f 6307 6322 6323
f 6309 6323 6310
f 6307 6323 6309
f 6322 6324 6328
f 6322 6328 6323
f 6323 6328 6317
f 6324 6327 6329
f 6325 6327 6324
f 6325 6326 6327
f 6324 6329 6328
f 6328 6329 6320
f 6237 6330 6332
f 6330 6333 6332
f 6330 6079 6333
f 6079 6334 6333
f 6239 6332 6340
f 6332 6331 6340
f 6332 6333 6331
f 6333 6337 6331
f 6079 6080 6334
f 6080 6081 6336
f 6080 6336 6334
f 6081 6082 6335
f 6081 6335 6336
f 6333 6334 6337
f 6334 6336 6338
f 6334 6338 6337
f 6336 6335 6339
f 6336 6339 6338
f 6338 6339 6303
f 6243 6340 6297
f 6340 6331 6298
f 6331 6337 6301
f 6337 6338 6302
f 6335 6341 6342
f 6341 6343 6345
f 6082 6341 6335
f 6091 6343 6341
f 6335 6342 6339
f 6339 6342 6321
f 6341 6345 6342
f 6342 6345 6325
f 6343 6344 6346
f 6092 6344 6343
f 6343 6346 6345
f 6345 6346 6326
f 6285 6347 6201
f 6348 6349 6347
f 6286 6348 6347
f 6351 6350 6348
f 6349 6204 6203
f 6347 6349 6203
f 6350 6355 6349
f 6348 6350 6349
f 6353 6356 6350
f 6296 6367 6352
f 6367 6354 6352
f 6289 6351 6348
f 6282 6352 6351
f 6352 6353 6351
f 6367 6368 6354
f 6368 6362 6354
f 6352 6354 6353
f 6351 6353 6350
f 6354 6361 6353
f 6349 6355 6204
f 6350 6356 6355
f 6355 6205 6204
f 6355 6357 6205
f 6356 6357 6355
f 6357 6206 6205
f 6357 6358 6206
f 6359 6358 6357
f 6356 6359 6357
f 6361 6359 6356
f 6359 6360 6358
f 6354 6362 6361
f 6353 6361 6356
f 6361 6363 6359
f 6362 6363 6361
f 6363 6364 6360
f 6363 6360 6359
f 6365 6364 6363
f 6305 6365 6362
f 6362 6365 6363
f 6365 6366 6364
f 6308 6366 6365
f 6299 6368 6367
f 6368 6305 6362
f 6358 6194 6206
f 6358 6369 6194
f 6360 6369 6358
f 6360 6370 6369
f 6370 6312 6369
f 6370 6313 6312
f 6366 6371 6364
f 6364 6370 6360
f 6364 6371 6370
f 6366 6310 6371
f 6371 6313 6370
f 4796 6372 4440
f 6377 6373 6372
f 6378 6374 6373
f 4796 6377 6372
f 6377 6378 6373
f 6378 6381 6374
f 6381 6375 6374
f 6376 6384 6375
f 6381 6376 6375
f 4798 6377 4796
f 6379 6378 6377
f 6380 6381 6378
f 4798 6379 6377
f 6379 6380 6378
f 6380 6382 6381
f 6382 6376 6381
f 6383 6385 6376
f 6382 6383 6376
f 6385 6386 6384
f 6376 6385 6384
f 6385 6389 6386
f 6389 6387 6386
f 6390 6388 6387
f 6391 6412 6388
f 6389 6390 6387
f 6390 6391 6388
f 6392 6389 6385
f 6383 6392 6385
f 6393 6390 6389
f 6394 6391 6390
f 6392 6393 6389
f 6395 6413 6391
f 6393 6394 6390
f 6394 6395 6391
f 4813 6379 4798
f 6396 6380 6379
f 6397 6382 6380
f 4813 6396 6379
f 6396 6397 6380
f 6397 6398 6382
f 6398 6383 6382
f 6399 6392 6383
f 6398 6399 6383
f 4816 6396 4813
f 6400 6397 6396
f 6401 6398 6397
f 4816 6400 6396
f 6400 6401 6397
f 6401 6402 6398
f 6402 6399 6398
f 6402 6403 6399
f 6403 6404 6399
f 6520 6408 6403
f 6399 6404 6392
f 6404 6393 6392
f 6404 6406 6393
f 6406 6394 6393
f 6405 6395 6394
f 6407 6418 6395
f 6406 6405 6394
f 6405 6407 6395
f 6403 6408 6404
f 6408 6406 6404
f 6408 6409 6406
f 6409 6405 6406
f 6409 6410 6405
f 6410 6407 6405
f 6411 6433 6407
f 6410 6411 6407
f 6525 6409 6408
f 6528 6410 6409
f 6526 6411 6410
f 6527 6436 6411
f 6413 6414 6412
f 6391 6413 6412
f 6413 6416 6414
f 6416 6415 6414
f 6417 6421 6415
f 6416 6417 6415
f 6418 6416 6413
f 6395 6418 6413
f 6418 6419 6416
f 6419 6417 6416
f 6420 6425 6417
f 6419 6420 6417
f 6425 6422 6421
f 6426 6423 6422
f 6417 6425 6421
f 6427 6424 6423
f 6425 6426 6422
f 6426 6427 6423
f 6427 6428 6424
f 6429 6426 6425
f 6430 6427 6426
f 6420 6429 6425
f 6429 6430 6426
f 6430 6431 6427
f 6431 6428 6427
f 6431 6432 6428
f 6407 6433 6418
f 6433 6419 6418
f 6433 6434 6419
f 6436 6434 6433
f 6434 6420 6419
f 6434 6435 6420
f 6435 6429 6420
f 6439 6430 6429
f 6435 6439 6429
f 6439 6440 6430
f 6440 6431 6430
f 6440 6441 6431
f 6441 6432 6431
f 6437 6435 6434
f 6438 6439 6435
f 6411 6436 6433
f 6436 6437 6434
f 6555 6437 6436
f 6437 6438 6435
f 6556 6438 6437
f 6557 6443 6438
f 6443 6440 6439
f 6444 6441 6440
f 6441 6442 6432
f 6445 6442 6441
f 6438 6443 6439
f 6443 6444 6440
f 6444 6445 6441
f 6562 6444 6443
f 6563 6445 6444
f 6445 6446 6442
f 6564 6446 6445
f 6564 6565 6446
f 3299 6447 4861
f 4048 6448 6447
f 4049 6449 6448
f 4050 6450 6449
f 4051 6455 6450
f 4861 6447 6451
f 6447 6448 6452
f 6448 6449 6453
f 6449 6450 6454
f 4861 6451 4868
f 6447 6452 6451
f 6448 6453 6452
f 4868 6451 6463
f 6451 6452 6464
f 6452 6453 6465
f 6452 6465 6464
f 6449 6454 6453
f 6450 6459 6454
f 6453 6454 6466
f 6453 6466 6465
f 6454 6471 6466
f 4056 6456 6455
f 6450 6455 6459
f 6455 6456 6460
f 4057 6457 6456
f 4058 6458 6457
f 4059 6482 6458
f 6456 6457 6461
f 6457 6458 6462
f 6455 6460 6459
f 6454 6459 6471
f 6459 6460 6473
f 6459 6473 6471
f 6456 6461 6460
f 6457 6462 6461
f 6458 6485 6462
f 6460 6461 6472
f 6460 6472 6473
f 6461 6462 6474
f 6461 6474 6472
f 6462 6496 6474
f 4868 6463 4881
f 6451 6464 6463
f 4881 6463 6467
f 4881 6467 4884
f 6463 6464 6468
f 6464 6465 6469
f 6463 6468 6467
f 6464 6469 6468
f 6465 6466 6470
f 6465 6470 6469
f 6466 6475 6470
f 6467 6468 6592
f 6468 6469 6595
f 4884 6467 6591
f 4884 6591 5020
f 6467 6592 6591
f 6468 6595 6592
f 6469 6470 6596
f 6469 6596 6595
f 6470 6603 6596
f 6466 6471 6475
f 6471 6473 6476
f 6471 6476 6475
f 6473 6472 6477
f 6473 6477 6476
f 6472 6474 6478
f 6472 6478 6477
f 6474 6499 6478
f 6470 6475 6603
f 6475 6476 6479
f 6475 6479 6603
f 6476 6477 6480
f 6477 6478 6481
f 6476 6480 6479
f 6477 6481 6480
f 6478 6500 6481
f 4071 6483 6482
f 6458 6482 6485
f 6482 6483 6486
f 4072 6484 6483
f 4073 6488 6484
f 6483 6484 6487
f 6482 6486 6485
f 6462 6485 6496
f 6485 6486 6497
f 6483 6487 6486
f 6484 6492 6487
f 6485 6497 6496
f 6486 6487 6498
f 6486 6498 6497
f 6487 6505 6498
f 4082 6489 6488
f 4083 6490 6489
f 6484 6488 6492
f 6488 6489 6493
f 6489 6490 6494
f 4084 6491 6490
f 6490 6491 6495
f 6488 6493 6492
f 6489 6494 6493
f 6490 6495 6494
f 6487 6492 6505
f 6492 6493 6506
f 6492 6506 6505
f 6493 6494 6507
f 6493 6507 6506
f 6494 6508 6507
f 6494 6495 6508
f 6474 6496 6499
f 6496 6497 6501
f 6496 6501 6499
f 6497 6498 6502
f 6497 6502 6501
f 6498 6511 6502
f 6478 6499 6500
f 6499 6501 6503
f 6499 6503 6500
f 6501 6502 6504
f 6501 6504 6503
f 6502 6513 6504
f 6498 6505 6511
f 6505 6506 6512
f 6506 6507 6509
f 6505 6512 6511
f 6506 6509 6512
f 6507 6508 6510
f 6507 6510 6509
f 6502 6511 6513
f 6511 6512 6514
f 6512 6509 6515
f 6511 6514 6513
f 6512 6515 6514
f 6509 6510 6516
f 6509 6516 6515
f 4938 6400 4816
f 4938 6517 6400
f 6517 6401 6400
f 6518 6402 6401
f 6517 6518 6401
f 6518 6519 6402
f 6519 6403 6402
f 4943 6517 4938
f 6521 6518 6517
f 6522 6519 6518
f 6519 6520 6403
f 6523 6520 6519
f 6524 6525 6520
f 4943 6521 6517
f 6521 6522 6518
f 6522 6523 6519
f 4956 6521 4943
f 6533 6522 6521
f 6534 6523 6522
f 6523 6524 6520
f 6535 6524 6523
f 6536 6529 6524
f 6520 6525 6408
f 6525 6528 6409
f 6529 6528 6525
f 6528 6526 6410
f 6526 6527 6411
f 6530 6526 6528
f 6532 6555 6527
f 6531 6527 6526
f 6524 6529 6525
f 6529 6530 6528
f 6536 6543 6529
f 6543 6530 6529
f 6543 6544 6530
f 6530 6531 6526
f 6531 6532 6527
f 6544 6531 6530
f 6544 6545 6531
f 6545 6532 6531
f 6546 6558 6532
f 6545 6546 6532
f 4956 6533 6521
f 6533 6534 6522
f 6534 6535 6523
f 4959 6533 4956
f 4959 6537 6533
f 6537 6534 6533
f 6538 6535 6534
f 6537 6538 6534
f 6538 6539 6535
f 6535 6536 6524
f 6539 6536 6535
f 6539 6540 6536
f 6540 6543 6536
f 6977 6539 6538
f 5974 6537 4959
f 5974 6976 6537
f 6976 6538 6537
f 6977 6541 6539
f 6976 6977 6538
f 6541 6540 6539
f 6542 6549 6540
f 6541 6542 6540
f 6540 6549 6543
f 6549 6544 6543
f 6549 6550 6544
f 6550 6545 6544
f 6547 6546 6545
f 6548 6574 6546
f 6550 6547 6545
f 6547 6548 6546
f 6551 6550 6549
f 6542 6551 6549
f 6551 6553 6550
f 6553 6547 6550
f 6552 6548 6547
f 6554 6576 6548
f 6552 6554 6548
f 6553 6552 6547
f 6987 6554 6552
f 6988 6579 6554
f 6527 6555 6436
f 6555 6556 6437
f 6558 6556 6555
f 6558 6559 6556
f 6556 6557 6438
f 6559 6557 6556
f 6559 6560 6557
f 6560 6562 6557
f 6532 6558 6555
f 6546 6574 6558
f 6574 6559 6558
f 6574 6575 6559
f 6575 6560 6559
f 6561 6566 6560
f 6575 6561 6560
f 6557 6562 6443
f 6562 6563 6444
f 6563 6564 6445
f 6566 6563 6562
f 6560 6566 6562
f 6566 6567 6563
f 6567 6564 6563
f 6567 6568 6564
f 6568 6565 6564
f 6568 6569 6565
f 6570 6567 6566
f 6571 6568 6567
f 6561 6570 6566
f 6570 6571 6567
f 6572 6569 6568
f 6571 6572 6568
f 6572 6573 6569
f 6576 6575 6574
f 6548 6576 6574
f 6576 6577 6575
f 6577 6561 6575
f 6578 6570 6561
f 6577 6578 6561
f 6581 6582 6578
f 6554 6579 6576
f 6579 6577 6576
f 6579 6580 6577
f 7028 6580 6579
f 6580 6578 6577
f 6580 6581 6578
f 7029 6581 6580
f 7030 6586 6581
f 6582 6571 6570
f 6578 6582 6570
f 6582 6583 6571
f 6583 6572 6571
f 6583 6584 6572
f 6586 6583 6582
f 6587 6584 6583
f 6584 6573 6572
f 6584 6585 6573
f 6588 6585 6584
f 6581 6586 6582
f 6586 6587 6583
f 6587 6588 6584
f 7037 6587 6586
f 7030 7037 6586
f 7037 7038 6587
f 7038 6588 6587
f 7038 7041 6588
f 6588 6589 6585
f 7041 6589 6588
f 7041 6590 6589
f 5020 6591 6593
f 6591 6592 6594
f 6592 6595 6597
f 5020 6593 5021
f 6591 6594 6593
f 6592 6597 6594
f 6595 6596 6598
f 6595 6598 6597
f 6596 6604 6598
f 5021 6593 6599
f 6593 6594 6600
f 6594 6597 6601
f 5021 6599 5026
f 6593 6600 6599
f 6594 6601 6600
f 6597 6598 6602
f 6597 6602 6601
f 6598 6608 6602
f 6596 6603 6604
f 6603 6479 6605
f 6603 6605 6604
f 6479 6480 6606
f 6480 6481 6607
f 6479 6606 6605
f 6480 6607 6606
f 6481 6630 6607
f 6598 6604 6608
f 6604 6605 6609
f 6604 6609 6608
f 6602 6608 6620
f 6608 6609 6621
f 6605 6606 6610
f 6605 6610 6609
f 6606 6607 6611
f 6606 6611 6610
f 6607 6633 6611
f 6609 6610 6622
f 6610 6611 6623
f 5026 6599 6612
f 5026 6612 5041
f 6599 6600 6613
f 6600 6601 6614
f 6599 6613 6612
f 6600 6614 6613
f 5041 6612 6616
f 6612 6613 6617
f 6613 6614 6618
f 6601 6602 6615
f 6601 6615 6614
f 6602 6620 6615
f 6614 6615 6619
f 5041 6616 5044
f 6612 6617 6616
f 6613 6618 6617
f 5044 6616 7081
f 6616 6617 7082
f 6617 6618 7085
f 6616 7082 7081
f 6617 7085 7082
f 6614 6619 6618
f 6615 6624 6619
f 6618 6619 7086
f 6618 7086 7085
f 6619 7093 7086
f 6608 6621 6620
f 6615 6620 6624
f 6620 6621 6626
f 6609 6622 6621
f 6610 6623 6622
f 6611 6644 6623
f 6621 6622 6625
f 6621 6625 6626
f 6622 6623 6627
f 6622 6627 6625
f 6623 6647 6627
f 6620 6626 6624
f 6619 6624 7093
f 6624 6626 7095
f 6624 7095 7093
f 6626 6625 6628
f 6625 6627 6629
f 6626 6628 7095
f 6625 6629 6628
f 6627 6648 6629
f 6481 6500 6630
f 6500 6503 6631
f 6500 6631 6630
f 6503 6504 6632
f 6503 6632 6631
f 6504 6636 6632
f 6631 6632 6635
f 6607 6630 6633
f 6630 6631 6634
f 6630 6634 6633
f 6611 6633 6644
f 6633 6634 6645
f 6631 6635 6634
f 6632 6640 6635
f 6634 6635 6646
f 6504 6513 6636
f 6513 6514 6637
f 6513 6637 6636
f 6514 6515 6638
f 6514 6638 6637
f 6632 6636 6640
f 6636 6637 6641
f 6637 6638 6642
f 6515 6639 6638
f 6515 6516 6639
f 6638 6639 6643
f 6636 6641 6640
f 6637 6642 6641
f 6635 6640 6653
f 6640 6641 6654
f 6640 6654 6653
f 6641 6642 6656
f 6641 6656 6654
f 6638 6643 6642
f 6642 6657 6656
f 6642 6643 6657
f 6633 6645 6644
f 6623 6644 6647
f 6644 6645 6649
f 6644 6649 6647
f 6634 6646 6645
f 6635 6653 6646
f 6645 6646 6650
f 6645 6650 6649
f 6646 6660 6650
f 6627 6647 6648
f 6647 6649 6651
f 6647 6651 6648
f 6649 6650 6652
f 6649 6652 6651
f 6650 6661 6652
f 6653 6654 6655
f 6654 6656 6658
f 6646 6653 6660
f 6653 6655 6660
f 6654 6658 6655
f 6656 6657 6659
f 6656 6659 6658
f 6660 6655 6662
f 6650 6660 6661
f 6660 6662 6661
f 6655 6658 6663
f 6655 6663 6662
f 6661 6662 7143
f 6652 6661 7142
f 6662 6663 7144
f 6658 6664 6663
f 6658 6659 6664
f 6663 6664 7145
f 6428 6665 6424
f 6666 6667 6665
f 6428 6666 6665
f 6666 6670 6667
f 6670 6668 6667
f 6671 6669 6668
f 6670 6671 6668
f 6671 6672 6669
f 6432 6666 6428
f 6432 6673 6666
f 6673 6670 6666
f 6673 6674 6670
f 6674 6671 6670
f 6675 6672 6671
f 6674 6675 6671
f 6675 6682 6672
f 6672 6676 6669
f 6677 6678 6676
f 6672 6677 6676
f 6680 6679 6678
f 6681 6702 6679
f 6677 6680 6678
f 6680 6681 6679
f 6682 6677 6672
f 6682 6683 6677
f 6683 6680 6677
f 6684 6681 6680
f 6685 6704 6681
f 6687 6675 6674
f 6688 6682 6675
f 6689 6683 6682
f 6694 6684 6683
f 6683 6684 6680
f 6684 6685 6681
f 6695 6685 6684
f 6696 6712 6685
f 6442 6673 6432
f 6442 6686 6673
f 6686 6674 6673
f 6686 6687 6674
f 6446 6686 6442
f 6690 6687 6686
f 6687 6688 6675
f 6688 6689 6682
f 6691 6688 6687
f 6692 6689 6688
f 6446 6690 6686
f 6690 6691 6687
f 6565 6690 6446
f 6565 6814 6690
f 6814 6691 6690
f 6814 6815 6691
f 6691 6692 6688
f 6692 6693 6689
f 6815 6692 6691
f 6816 6693 6692
f 6815 6816 6692
f 6816 6817 6693
f 6689 6694 6683
f 6693 6694 6689
f 6697 6695 6694
f 6694 6695 6684
f 6695 6696 6685
f 6697 6698 6695
f 6698 6696 6695
f 6699 6723 6696
f 6698 6699 6696
f 6693 6697 6694
f 6817 6697 6693
f 6817 6826 6697
f 6826 6698 6697
f 6700 6699 6698
f 6701 6726 6699
f 6826 6700 6698
f 6700 6701 6699
f 6704 6703 6702
f 6681 6704 6702
f 6704 6705 6703
f 6705 6706 6703
f 6707 6708 6706
f 6705 6707 6706
f 6707 6715 6708
f 6712 6705 6704
f 6715 6709 6708
f 6716 6710 6709
f 6715 6716 6709
f 6717 6711 6710
f 6718 12707 6711
f 6685 6712 6704
f 6712 6713 6705
f 6723 6713 6712
f 6713 6707 6705
f 6713 6714 6707
f 6714 6715 6707
f 6714 6719 6715
f 6724 6714 6713
f 6725 6719 6714
f 6716 6717 6710
f 6717 6718 6711
f 6719 6716 6715
f 6720 6717 6716
f 6719 6720 6716
f 6720 6721 6717
f 6732 6720 6719
f 6733 6721 6720
f 6721 6718 6717
f 6721 6722 6718
f 6722 12709 6718
f 6734 6722 6721
f 6735 12715 6722
f 6696 6723 6712
f 6723 6724 6713
f 6726 6724 6723
f 6699 6726 6723
f 6726 6727 6724
f 6724 6725 6714
f 6725 6732 6719
f 6727 6725 6724
f 6727 6728 6725
f 6728 6732 6725
f 6728 6737 6732
f 6729 6727 6726
f 6701 6729 6726
f 6729 6730 6727
f 6730 6728 6727
f 6731 6737 6728
f 6730 6731 6728
f 6731 6740 6737
f 6732 6733 6720
f 6733 6734 6721
f 6737 6733 6732
f 6738 6734 6733
f 6737 6738 6733
f 6734 6735 6722
f 6739 6735 6734
f 6738 6739 6734
f 6736 12728 6735
f 6739 6736 6735
f 6740 6738 6737
f 6741 6739 6738
f 6740 6741 6738
f 6741 6742 6739
f 6742 6736 6739
f 6742 6743 6736
f 6743 12729 6736
f 6862 6743 6742
f 6864 12736 6743
f 4085 6744 6491
f 4215 4216 6745
f 4215 6745 6744
f 6491 6744 6748
f 6744 6745 6749
f 4216 4217 6746
f 4217 4218 6747
f 4216 6746 6745
f 4217 6747 6746
f 6745 6746 6750
f 6746 6747 6751
f 6491 6748 6495
f 6744 6749 6748
f 6745 6750 6749
f 6746 6751 6750
f 6495 6748 6758
f 6495 6758 6508
f 6748 6749 6760
f 6748 6760 6758
f 6749 6750 6761
f 6749 6761 6760
f 6750 6762 6761
f 6750 6751 6762
f 4218 4219 6752
f 4218 6752 6747
f 4219 6753 6752
f 6747 6752 6755
f 4219 4220 6753
f 4220 4221 6754
f 4220 6754 6753
f 4221 6779 6754
f 6752 6753 6756
f 6753 6754 6757
f 6747 6755 6751
f 6752 6756 6755
f 6751 6755 6770
f 6751 6770 6762
f 6755 6772 6770
f 6753 6757 6756
f 6754 6782 6757
f 6755 6756 6772
f 6756 6757 6773
f 6756 6773 6772
f 6757 6794 6773
f 6508 6758 6759
f 6758 6760 6763
f 6508 6759 6510
f 6758 6763 6759
f 6760 6761 6764
f 6761 6762 6765
f 6760 6764 6763
f 6761 6765 6764
f 6510 6759 6766
f 6759 6763 6767
f 6759 6767 6766
f 6510 6766 6516
f 6766 6767 6896
f 6763 6764 6768
f 6763 6768 6767
f 6764 6769 6768
f 6764 6765 6769
f 6767 6768 6897
f 6768 6769 6895
f 6762 6770 6771
f 6762 6771 6765
f 6770 6774 6771
f 6770 6772 6774
f 6772 6773 6775
f 6772 6775 6774
f 6773 6796 6775
f 6765 6771 6776
f 6765 6776 6769
f 6771 6777 6776
f 6769 6776 6903
f 6771 6774 6777
f 6774 6775 6778
f 6774 6778 6777
f 6775 6800 6778
f 6776 6777 6904
f 6777 6778 6905
f 4221 4250 6779
f 4250 6780 6779
f 4250 4251 6780
f 6754 6779 6782
f 6779 6780 6783
f 4251 4252 6781
f 4251 6781 6780
f 4252 4253 6785
f 4252 6785 6781
f 6780 6781 6784
f 6781 6785 6789
f 6779 6783 6782
f 6757 6782 6794
f 6782 6795 6794
f 6782 6783 6795
f 6780 6784 6783
f 6781 6789 6784
f 6783 6784 6798
f 6783 6798 6795
f 6784 6789 6803
f 6784 6803 6798
f 4253 6786 6785
f 4253 4254 6786
f 4254 4255 6787
f 4254 6787 6786
f 6785 6786 6790
f 6786 6787 6791
f 4255 4256 6788
f 4255 6788 6787
f 4256 12796 6788
f 6787 6788 6792
f 6785 6790 6789
f 6786 6791 6790
f 6789 6804 6803
f 6789 6790 6804
f 6790 6791 6805
f 6790 6805 6804
f 6787 6792 6791
f 6788 12800 6792
f 6791 6792 6793
f 6791 6793 6805
f 6792 12801 6793
f 6773 6794 6796
f 6794 6795 6797
f 6794 6797 6796
f 6795 6798 6799
f 6798 6803 6806
f 6795 6799 6797
f 6798 6806 6799
f 6775 6796 6800
f 6796 6801 6800
f 6796 6797 6801
f 6778 6800 6932
f 6800 6801 6933
f 6797 6799 6802
f 6797 6802 6801
f 6799 6806 6810
f 6799 6810 6802
f 6801 6802 6934
f 6802 6810 6941
f 6802 6941 6934
f 6804 6805 6808
f 6803 6804 6807
f 6804 6808 6807
f 6803 6807 6806
f 6806 6807 6811
f 6807 6808 6812
f 6805 6793 6809
f 6805 6809 6808
f 6793 12817 6809
f 6808 6809 6813
f 6806 6811 6810
f 6807 6812 6811
f 6810 6942 6941
f 6810 6811 6942
f 6811 6812 6943
f 6811 6943 6942
f 6808 6813 6812
f 6809 12821 6813
f 6812 6813 6947
f 6812 6947 6943
f 6813 12937 6947
f 6569 6814 6565
f 6818 6815 6814
f 6569 6818 6814
f 6818 6819 6815
f 6819 6816 6815
f 6820 6817 6816
f 6819 6820 6816
f 6820 6821 6817
f 6573 6818 6569
f 6822 6819 6818
f 6822 6823 6819
f 6573 6822 6818
f 6833 6823 6822
f 6823 6820 6819
f 6824 6821 6820
f 6823 6824 6820
f 6824 6825 6821
f 6834 6824 6823
f 6835 6825 6824
f 6821 6826 6817
f 6827 6700 6826
f 6821 6827 6826
f 6828 6701 6700
f 6829 6729 6701
f 6828 6829 6701
f 6827 6828 6700
f 6831 6829 6828
f 6832 6854 6829
f 6825 6827 6821
f 6825 6830 6827
f 6830 6828 6827
f 6836 6830 6825
f 6845 6831 6830
f 6830 6831 6828
f 6831 6832 6829
f 6845 6847 6831
f 6847 6832 6831
f 6848 6857 6832
f 6847 6848 6832
f 6585 6822 6573
f 6585 6833 6822
f 6833 6834 6823
f 6589 6833 6585
f 6837 6834 6833
f 6837 6839 6834
f 6834 6835 6824
f 6835 6836 6825
f 6839 6835 6834
f 6840 6836 6835
f 6839 6840 6835
f 6840 6841 6836
f 6589 6837 6833
f 6838 6839 6837
f 6590 6837 6589
f 6590 6838 6837
f 6838 6842 6839
f 6842 6840 6839
f 6843 6841 6840
f 6842 6843 6840
f 6843 6844 6841
f 6836 6845 6830
f 6846 6847 6845
f 6841 6845 6836
f 6841 6846 6845
f 6849 6848 6847
f 6850 6873 6848
f 6846 6849 6847
f 6849 6850 6848
f 6844 6846 6841
f 6844 6851 6846
f 6851 6849 6846
f 7361 6851 6844
f 7370 6853 6851
f 6851 6853 6849
f 6853 6850 6849
f 6852 6875 6850
f 6853 6852 6850
f 7373 6878 6852
f 7372 6852 6853
f 7372 7373 6852
f 6854 6730 6729
f 6829 6854 6729
f 6854 6855 6730
f 6857 6855 6854
f 6855 6731 6730
f 6855 6856 6731
f 6856 6740 6731
f 6856 6863 6740
f 6858 6856 6855
f 6859 6863 6856
f 6832 6857 6854
f 6857 6858 6855
f 6873 6858 6857
f 6848 6873 6857
f 6873 6874 6858
f 6858 6859 6856
f 6859 6865 6863
f 6874 6859 6858
f 6874 6860 6859
f 6860 6865 6859
f 6860 6868 6865
f 6863 6741 6740
f 6861 6742 6741
f 6861 6862 6742
f 6863 6861 6741
f 6865 6861 6863
f 6866 6862 6861
f 6865 6866 6861
f 6866 6867 6862
f 6862 6864 6743
f 6867 6864 6862
f 6867 6871 6864
f 6871 12878 6864
f 6868 6866 6865
f 6869 6867 6866
f 6868 6869 6866
f 6869 6870 6867
f 6870 6871 6867
f 6872 12885 6871
f 6870 6872 6871
f 6885 12886 6872
f 6875 6874 6873
f 6850 6875 6873
f 6875 6876 6874
f 6876 6860 6874
f 6876 6877 6860
f 6877 6868 6860
f 6877 6883 6868
f 6879 6877 6876
f 6880 6883 6877
f 6878 6876 6875
f 6852 6878 6875
f 6878 6879 6876
f 7413 6879 6878
f 7373 7413 6878
f 7413 7414 6879
f 6879 6880 6877
f 6880 6886 6883
f 6881 6886 6880
f 7414 6880 6879
f 7414 6881 6880
f 6881 6889 6886
f 6883 6869 6868
f 6884 6870 6869
f 6883 6884 6869
f 6884 6882 6870
f 6886 6884 6883
f 6887 6882 6884
f 6886 6887 6884
f 6887 6888 6882
f 6882 6872 6870
f 6882 6885 6872
f 6888 6885 6882
f 6888 6892 6885
f 6892 12901 6885
f 6889 6887 6886
f 6890 6888 6887
f 7425 6890 6889
f 6889 6890 6887
f 6890 6891 6888
f 7426 6891 6890
f 6891 6892 6888
f 6891 6893 6892
f 6893 12902 6892
f 7427 6893 6891
f 7431 12909 6893
f 6516 6766 6894
f 6516 6894 6639
f 6766 6896 6894
f 6639 6894 6898
f 6894 6896 6899
f 6767 6897 6896
f 6768 6895 6897
f 6896 6897 6900
f 6897 6895 6901
f 6639 6898 6643
f 6894 6899 6898
f 6643 6898 6912
f 6643 6912 6657
f 6898 6899 6914
f 6898 6914 6912
f 6896 6900 6899
f 6897 6901 6900
f 6900 6901 6902
f 6899 6900 6915
f 6899 6915 6914
f 6900 6902 6915
f 6769 6903 6895
f 6776 6904 6903
f 6895 6903 6906
f 6895 6906 6901
f 6903 6908 6906
f 6777 6905 6904
f 6778 6932 6905
f 6903 6904 6908
f 6904 6905 6909
f 6904 6909 6908
f 6905 6936 6909
f 6901 6906 6907
f 6901 6907 6902
f 6906 6910 6907
f 6906 6908 6910
f 6908 6909 6911
f 6908 6911 6910
f 6909 6938 6911
f 6657 6912 6913
f 6912 6914 6917
f 6657 6913 6659
f 6912 6917 6913
f 6914 6915 6916
f 6915 6918 6916
f 6915 6902 6918
f 6914 6916 6917
f 6917 6916 6920
f 6916 6918 6922
f 6659 6913 6919
f 6659 6919 6664
f 6913 6917 6921
f 6913 6921 6919
f 6664 6919 7457
f 6919 6921 7459
f 6919 7459 7457
f 6917 6920 6921
f 6916 6922 6920
f 6921 6920 7460
f 6921 7460 7459
f 6920 7461 7460
f 6920 6922 7461
f 6902 6907 6923
f 6902 6923 6918
f 6907 6925 6923
f 6918 6923 6926
f 6907 6910 6925
f 6910 6911 6924
f 6910 6924 6925
f 6911 6953 6924
f 6923 6925 6928
f 6925 6924 6929
f 6925 6929 6928
f 6924 6957 6929
f 6918 6926 6922
f 6923 6928 6926
f 6922 6926 6927
f 6922 6927 7461
f 6926 6931 6927
f 6926 6928 6931
f 6928 6929 6930
f 6928 6930 6931
f 6929 6959 6930
f 6800 6933 6932
f 6905 6932 6936
f 6932 6937 6936
f 6932 6933 6937
f 6801 6934 6933
f 6934 6941 6944
f 6933 6934 6935
f 6933 6935 6937
f 6934 6944 6935
f 6909 6936 6938
f 6936 6937 6939
f 6936 6939 6938
f 6938 6939 6954
f 6937 6935 6940
f 6937 6940 6939
f 6935 6944 6949
f 6935 6949 6940
f 6939 6940 6955
f 6940 6949 6962
f 6941 6942 6945
f 6942 6943 6946
f 6941 6945 6944
f 6942 6946 6945
f 6943 6947 6948
f 6943 6948 6946
f 6947 12938 6948
f 6944 6950 6949
f 6944 6945 6950
f 6945 6946 6951
f 6945 6951 6950
f 6950 6964 6963
f 6949 6950 6963
f 6950 6951 6964
f 6946 6948 6952
f 6946 6952 6951
f 6948 12943 6952
f 6951 6952 6968
f 6951 6968 6964
f 6952 12962 6968
f 6911 6938 6953
f 6938 6954 6953
f 6924 6953 6957
f 6953 6958 6957
f 6953 6954 6958
f 6939 6955 6954
f 6940 6962 6955
f 6954 6955 6956
f 6954 6956 6958
f 6955 6965 6956
f 6955 6962 6965
f 6929 6957 6959
f 6957 6958 6960
f 6930 6959 7546
f 6959 6960 7547
f 6957 6960 6959
f 6956 6972 6961
f 6958 6956 6961
f 6958 6961 6960
f 6956 6965 6972
f 6960 6961 7550
f 6961 6972 7562
f 6961 7562 7550
f 6949 6963 6962
f 6962 6963 6966
f 6963 6964 6967
f 6962 6966 6965
f 6963 6967 6966
f 6964 6968 6969
f 6967 6969 6974
f 6964 6969 6967
f 6968 12963 6969
f 6965 6970 6972
f 6966 6971 6970
f 6965 6966 6970
f 6966 6967 6971
f 6972 7563 7562
f 6972 6970 7563
f 6970 6971 6973
f 6970 6973 7563
f 6967 6974 6971
f 6969 12967 6974
f 6971 6974 6975
f 6971 6975 6973
f 6974 12968 6975
f 5976 6976 5974
f 6978 6977 6976
f 6979 6541 6977
f 5976 6978 6976
f 6978 6979 6977
f 6980 6542 6541
f 6979 6980 6541
f 6980 6981 6542
f 6981 6551 6542
f 6984 6981 6980
f 6985 6986 6981
f 5980 6978 5976
f 5980 6982 6978
f 6982 6979 6978
f 6983 6980 6979
f 6982 6983 6979
f 6983 6984 6980
f 5998 6982 5980
f 6999 6984 6983
f 6998 6983 6982
f 6998 6999 6983
f 6999 7002 6984
f 6984 6985 6981
f 7002 6985 6984
f 7002 7003 6985
f 7003 6990 6985
f 6981 6986 6551
f 6986 6553 6551
f 6986 6989 6553
f 6990 6989 6986
f 6989 6552 6553
f 6989 6987 6552
f 6987 6988 6554
f 6993 6987 6989
f 6993 6992 6987
f 6992 6988 6987
f 6994 7028 6988
f 6992 6994 6988
f 6985 6990 6986
f 6990 6993 6989
f 7003 6991 6990
f 6991 6993 6990
f 6991 6995 6993
f 6995 6992 6993
f 6996 6994 6992
f 6997 7032 6994
f 6995 6996 6992
f 6996 6997 6994
f 5998 6998 6982
f 7000 6999 6998
f 7001 7002 6999
f 5999 6998 5998
f 5999 7000 6998
f 7000 7001 6999
f 7001 7004 7002
f 7004 7003 7002
f 7005 6991 7003
f 7004 7005 7003
f 7010 7005 7004
f 7011 7014 7005
f 6004 7000 5999
f 6004 7006 7000
f 7006 7001 7000
f 7006 7007 7001
f 7007 7004 7001
f 7007 7010 7004
f 6187 7006 6004
f 6187 7008 7006
f 7008 7007 7006
f 7009 7010 7007
f 7009 7012 7010
f 7008 7009 7007
f 7010 7011 7005
f 7013 7018 7011
f 7012 7011 7010
f 7012 7013 7011
f 7190 7019 7013
f 7005 7014 6991
f 7014 6995 6991
f 7014 7017 6995
f 7018 7017 7014
f 7018 7020 7017
f 7017 6996 6995
f 7017 7015 6996
f 7015 6997 6996
f 7015 7016 6997
f 7016 7033 6997
f 7020 7015 7017
f 7020 7021 7015
f 7021 7016 7015
f 7022 7050 7016
f 7021 7022 7016
f 7011 7018 7014
f 7019 7020 7018
f 7019 7023 7020
f 7013 7019 7018
f 7201 7023 7019
f 7201 7204 7023
f 7023 7021 7020
f 7023 7024 7021
f 7024 7022 7021
f 7026 7051 7022
f 7024 7026 7022
f 7204 7024 7023
f 7204 7025 7024
f 7025 7026 7024
f 7027 7056 7026
f 7025 7027 7026
f 6988 7028 6579
f 7028 7029 6580
f 6994 7032 7028
f 7032 7029 7028
f 7032 7034 7029
f 7029 7030 6581
f 7031 7037 7030
f 7034 7030 7029
f 7034 7031 7030
f 7033 7034 7032
f 7033 7035 7034
f 6997 7033 7032
f 7050 7035 7033
f 7035 7031 7034
f 7035 7036 7031
f 7036 7039 7031
f 7052 7036 7035
f 7052 7053 7036
f 7053 7044 7036
f 7039 7038 7037
f 7040 7041 7038
f 7031 7039 7037
f 7039 7040 7038
f 7040 7042 7041
f 7042 6590 7041
f 7042 7043 6590
f 7046 7043 7042
f 7044 7040 7039
f 7036 7044 7039
f 7044 7045 7040
f 7045 7042 7040
f 7045 7046 7042
f 7062 7045 7044
f 7053 7062 7044
f 7062 7063 7045
f 7063 7046 7045
f 7063 7048 7046
f 7046 7047 7043
f 7048 7047 7046
f 7048 7049 7047
f 7016 7050 7033
f 7050 7052 7035
f 7022 7051 7050
f 7051 7052 7050
f 7051 7054 7052
f 7054 7053 7052
f 7055 7062 7053
f 7054 7055 7053
f 7058 7055 7054
f 7059 7064 7055
f 7026 7056 7051
f 7056 7054 7051
f 7056 7058 7054
f 7027 7057 7056
f 7057 7058 7056
f 7057 7060 7058
f 7215 7060 7057
f 7058 7059 7055
f 7060 7059 7058
f 7061 7070 7059
f 7060 7061 7059
f 7218 7061 7060
f 7218 7220 7061
f 7220 7072 7061
f 7055 7064 7062
f 7064 7063 7062
f 7064 7065 7063
f 7065 7048 7063
f 7065 7067 7048
f 7059 7070 7064
f 7070 7065 7064
f 7070 7071 7065
f 7071 7067 7065
f 7071 7068 7067
f 7067 7049 7048
f 7067 7066 7049
f 7068 7066 7067
f 7068 7069 7066
f 7061 7072 7070
f 7072 7071 7070
f 7072 7073 7071
f 7073 7068 7071
f 7073 7076 7068
f 7074 7073 7072
f 7220 7074 7072
f 7074 7075 7073
f 7075 7076 7073
f 7075 7078 7076
f 7224 7078 7075
f 7076 7069 7068
f 7078 7077 7076
f 7076 7077 7069
f 7225 7079 7078
f 7078 7079 7077
f 7225 7080 7079
f 5044 7081 6065
f 7081 7082 7084
f 7082 7085 7087
f 6065 7081 7083
f 6065 7083 6069
f 7081 7084 7083
f 7082 7087 7084
f 7085 7086 7088
f 7085 7088 7087
f 7086 7094 7088
f 6069 7083 7089
f 7083 7084 7090
f 7084 7087 7091
f 7083 7090 7089
f 7084 7091 7090
f 6071 7089 7103
f 7089 7090 7104
f 7090 7091 7107
f 6069 7089 6071
f 7087 7088 7092
f 7087 7092 7091
f 7088 7099 7092
f 7091 7092 7108
f 7092 7117 7108
f 7086 7093 7094
f 7093 7095 7096
f 7093 7096 7094
f 7094 7096 7100
f 7095 6628 7097
f 7095 7097 7096
f 6628 6629 7098
f 6628 7098 7097
f 6629 7133 7098
f 7096 7097 7101
f 7097 7098 7102
f 7088 7094 7099
f 7094 7100 7099
f 7092 7099 7117
f 7099 7100 7119
f 7099 7119 7117
f 7096 7101 7100
f 7097 7102 7101
f 7098 7136 7102
f 7100 7101 7120
f 7100 7120 7119
f 7101 7102 7121
f 7101 7121 7120
f 7102 7137 7121
f 6071 7103 6090
f 7089 7104 7103
f 7090 7107 7104
f 6090 7103 7105
f 6090 7105 6096
f 7103 7104 7106
f 7104 7107 7109
f 7104 7109 7106
f 7103 7106 7105
f 7091 7108 7107
f 7107 7108 7110
f 7107 7110 7109
f 7108 7118 7110
f 6096 7105 7111
f 6096 7111 6093
f 7105 7106 7112
f 7106 7109 7113
f 7105 7112 7111
f 7106 7113 7112
f 6093 7111 7290
f 6093 7290 6344
f 7111 7112 7291
f 7112 7113 7115
f 7111 7291 7290
f 7112 7115 7291
f 7109 7110 7114
f 7109 7114 7113
f 7110 7125 7114
f 7113 7114 7116
f 7113 7116 7115
f 7114 7126 7116
f 7110 7118 7125
f 7118 7122 7127
f 7122 7123 7128
f 7123 7124 7129
f 7123 7129 7128
f 7124 7162 7129
f 7108 7117 7118
f 7117 7119 7122
f 7117 7122 7118
f 7119 7120 7123
f 7119 7123 7122
f 7120 7121 7124
f 7120 7124 7123
f 7121 7157 7124
f 7118 7127 7125
f 7125 7127 7130
f 7116 7126 7296
f 7126 7130 7297
f 7114 7125 7126
f 7125 7130 7126
f 7122 7128 7127
f 7127 7128 7131
f 7128 7129 7132
f 7128 7132 7131
f 7129 7163 7132
f 7130 7298 7297
f 7130 7131 7298
f 7131 7299 7298
f 7132 7164 7299
f 7131 7132 7299
f 7127 7131 7130
f 6629 6648 7133
f 6648 6651 7135
f 6648 7135 7133
f 7098 7133 7136
f 7133 7135 7138
f 6651 6652 7134
f 6651 7134 7135
f 6652 7142 7134
f 7135 7134 7139
f 7135 7139 7138
f 7134 7148 7139
f 7136 7138 7140
f 7133 7138 7136
f 7102 7136 7137
f 7136 7140 7137
f 7138 7139 7141
f 7138 7141 7140
f 7140 7141 7159
f 7139 7150 7141
f 6661 7143 7142
f 6662 7144 7143
f 7134 7142 7148
f 7142 7143 7149
f 7142 7149 7148
f 7143 7144 7146
f 7143 7146 7149
f 6663 7145 7144
f 7144 7145 7147
f 7144 7147 7146
f 7139 7148 7150
f 7148 7149 7151
f 7148 7151 7150
f 7149 7146 7152
f 7149 7152 7151
f 7141 7150 7170
f 7150 7151 7169
f 7151 7152 7173
f 7146 7153 7152
f 7146 7147 7153
f 7152 7174 7173
f 7152 7153 7174
f 7168 7343 7313
f 7168 7179 7343
f 7179 7180 7154
f 7179 7154 7343
f 7180 7184 7155
f 7180 7155 7154
f 7184 7156 7155
f 7184 7183 7156
f 7155 7156 7352
f 7124 7157 7162
f 7157 7158 7160
f 7157 7160 7162
f 7158 7159 7161
f 7158 7161 7160
f 7159 7171 7161
f 7121 7137 7157
f 7137 7140 7158
f 7137 7158 7157
f 7140 7159 7158
f 7141 7170 7159
f 7129 7162 7163
f 7162 7160 7165
f 7162 7165 7163
f 7132 7163 7164
f 7163 7165 7167
f 7163 7167 7164
f 7161 7178 7166
f 7160 7161 7166
f 7160 7166 7165
f 7165 7168 7167
f 7165 7166 7168
f 7167 7168 7313
f 7166 7179 7168
f 7159 7170 7171
f 7170 7169 7172
f 7169 7173 7175
f 7170 7172 7171
f 7161 7171 7178
f 7171 7172 7177
f 7169 7175 7172
f 7172 7175 7181
f 7173 7176 7175
f 7173 7174 7176
f 7175 7182 7181
f 7175 7176 7182
f 7150 7169 7170
f 7151 7173 7169
f 7171 7177 7178
f 7166 7178 7179
f 7178 7177 7180
f 7172 7181 7177
f 7177 7184 7180
f 7177 7181 7184
f 7178 7180 7179
f 7181 7183 7184
f 7181 7182 7183
f 6189 7008 6187
f 6189 7185 7008
f 7185 7009 7008
f 7186 7012 7009
f 7186 7189 7012
f 7185 7186 7009
f 6190 7185 6189
f 6190 7187 7185
f 7187 7186 7185
f 7187 7188 7186
f 7188 7189 7186
f 7188 7191 7189
f 7194 7188 7187
f 7196 7191 7188
f 7189 7013 7012
f 7189 7190 7013
f 7191 7190 7189
f 7192 7201 7190
f 7191 7192 7190
f 7198 7192 7191
f 7198 7193 7192
f 7193 7202 7192
f 6197 7187 6190
f 6197 7194 7187
f 6199 7194 6197
f 6199 7195 7194
f 7194 7196 7188
f 7196 7198 7191
f 7197 7198 7196
f 7195 7196 7194
f 7195 7197 7196
f 7197 7199 7198
f 7232 7199 7197
f 6314 7195 6199
f 6314 7230 7195
f 7230 7197 7195
f 7230 7232 7197
f 7232 7242 7199
f 7199 7193 7198
f 7199 7200 7193
f 7242 7200 7199
f 7200 7203 7193
f 7240 7213 7200
f 7190 7201 7019
f 7192 7202 7201
f 7202 7204 7201
f 7202 7205 7204
f 7193 7203 7202
f 7203 7205 7202
f 7203 7209 7205
f 7213 7209 7203
f 7213 7214 7209
f 7205 7025 7204
f 7205 7206 7025
f 7206 7027 7025
f 7206 7207 7027
f 7207 7057 7027
f 7208 7207 7206
f 7211 7215 7207
f 7209 7206 7205
f 7209 7208 7206
f 7214 7208 7209
f 7214 7210 7208
f 7208 7211 7207
f 7212 7216 7211
f 7210 7211 7208
f 7210 7212 7211
f 7200 7213 7203
f 7267 7214 7213
f 7272 7210 7214
f 7207 7215 7057
f 7211 7216 7215
f 7215 7218 7060
f 7216 7218 7215
f 7216 7219 7218
f 7212 7217 7216
f 7217 7219 7216
f 7217 7222 7219
f 7219 7220 7218
f 7219 7221 7220
f 7222 7221 7219
f 7221 7074 7220
f 7303 7223 7221
f 7222 7303 7221
f 7221 7223 7074
f 7223 7075 7074
f 7223 7224 7075
f 7303 7325 7223
f 7325 7224 7223
f 7325 7326 7224
f 7224 7225 7078
f 7326 7225 7224
f 7326 7333 7225
f 7333 7080 7225
f 6346 7226 6326
f 7292 7228 7227
f 7227 7228 7256
f 7293 7227 7226
f 7294 7229 7228
f 7228 7229 7257
f 7295 7258 7229
f 7229 7259 7257
f 6315 7230 6314
f 6315 7231 7230
f 6316 7231 6315
f 6316 7236 7231
f 7231 7232 7230
f 7231 7233 7232
f 7233 7242 7232
f 7233 7243 7242
f 7239 7243 7233
f 7239 7245 7243
f 7236 7233 7231
f 7236 7239 7233
f 6320 7235 7234
f 6329 7235 6320
f 6319 7236 6316
f 6319 7234 7236
f 6320 7234 6319
f 7234 7237 7239
f 7237 7245 7239
f 7237 7247 7245
f 7253 7238 7235
f 7235 7237 7234
f 7235 7238 7237
f 7238 7246 7247
f 7238 7247 7237
f 7234 7239 7236
f 7242 7240 7200
f 7244 7267 7240
f 7241 7271 7249
f 7243 7240 7242
f 7243 7244 7240
f 7245 7248 7244
f 7245 7244 7243
f 7248 7268 7244
f 7247 7248 7245
f 7247 7249 7248
f 7246 7249 7247
f 7246 7241 7249
f 7249 7269 7248
f 6327 7251 7253
f 6327 7253 6329
f 7250 7254 7246
f 7251 7252 7250
f 7251 7250 7253
f 7252 7254 7250
f 7252 7256 7254
f 6326 7226 7251
f 6326 7251 6327
f 7226 7252 7251
f 7226 7227 7252
f 7227 7256 7252
f 6329 7253 7235
f 7253 7250 7238
f 7250 7246 7238
f 7256 7257 7255
f 7254 7241 7246
f 7254 7255 7241
f 7256 7255 7254
f 7257 7287 7255
f 7255 7270 7241
f 7228 7257 7256
f 7276 7217 7212
f 7296 7263 7258
f 7259 7264 7288
f 7229 7258 7259
f 7258 7263 7264
f 7258 7264 7259
f 7297 7260 7263
f 7298 7261 7260
f 7299 7308 7261
f 7264 7289 7288
f 7264 7265 7289
f 7265 7266 7262
f 7265 7262 7289
f 7266 7309 7262
f 7263 7265 7264
f 7263 7260 7265
f 7260 7261 7266
f 7260 7266 7265
f 7261 7310 7266
f 7240 7267 7213
f 7244 7268 7267
f 7248 7269 7268
f 7267 7272 7214
f 7268 7272 7267
f 7268 7274 7272
f 7269 7274 7268
f 7269 7281 7274
f 7249 7271 7269
f 7241 7270 7271
f 7271 7281 7269
f 7270 7283 7271
f 7271 7283 7281
f 7270 7278 7283
f 7274 7273 7272
f 7272 7273 7210
f 7274 7275 7273
f 7281 7275 7274
f 7281 7282 7275
f 7273 7212 7210
f 7273 7276 7212
f 7275 7276 7273
f 7275 7277 7276
f 7277 7300 7276
f 7282 7284 7277
f 7284 7321 7277
f 7282 7277 7275
f 7278 7280 7283
f 7278 7279 7280
f 7283 7282 7281
f 7283 7280 7282
f 7280 7284 7282
f 7286 7322 7284
f 7280 7286 7284
f 7279 7286 7280
f 7279 7285 7286
f 7257 7259 7287
f 7255 7287 7270
f 7287 7288 7278
f 7259 7288 7287
f 7287 7278 7270
f 7288 7279 7278
f 7288 7289 7279
f 7289 7285 7279
f 7289 7262 7285
f 7262 7323 7285
f 7285 7324 7286
f 6344 7290 7293
f 6344 7293 6346
f 7290 7291 7292
f 7291 7115 7294
f 7290 7292 7293
f 7291 7294 7292
f 6346 7293 7226
f 7293 7292 7227
f 7292 7294 7228
f 7115 7116 7295
f 7294 7295 7229
f 7115 7295 7294
f 7116 7296 7295
f 7295 7296 7258
f 7126 7297 7296
f 7296 7297 7263
f 7297 7298 7260
f 7298 7299 7261
f 7276 7300 7217
f 7300 7222 7217
f 7321 7301 7300
f 7300 7301 7222
f 7321 7302 7301
f 7324 7316 7306
f 7301 7303 7222
f 7301 7304 7303
f 7302 7304 7301
f 7302 7305 7304
f 7306 7305 7302
f 7304 7325 7303
f 7305 7327 7304
f 7307 7330 7305
f 7306 7307 7305
f 7316 7319 7307
f 7316 7307 7306
f 7319 7332 7307
f 7261 7308 7310
f 7164 7312 7308
f 7308 7320 7310
f 7308 7312 7320
f 7266 7310 7309
f 7262 7309 7323
f 7310 7314 7309
f 7310 7320 7314
f 7309 7315 7323
f 7323 7316 7324
f 7309 7314 7315
f 7323 7315 7316
f 7312 7313 7311
f 7167 7313 7312
f 7312 7311 7320
f 7313 7341 7311
f 7314 7317 7318
f 7320 7311 7317
f 7320 7317 7314
f 7314 7318 7315
f 7315 7319 7316
f 7315 7318 7319
f 7317 7346 7318
f 7311 7344 7317
f 7318 7347 7319
f 7277 7321 7300
f 7322 7302 7321
f 7284 7322 7321
f 7286 7324 7322
f 7322 7306 7302
f 7324 7306 7322
f 7285 7323 7324
f 7328 7333 7326
f 7328 7338 7333
f 7304 7327 7325
f 7327 7326 7325
f 7327 7328 7326
f 7330 7328 7327
f 7330 7329 7328
f 7305 7330 7327
f 7332 7329 7330
f 7329 7338 7328
f 7331 7339 7329
f 7329 7339 7338
f 7319 7347 7332
f 7347 7331 7332
f 7347 7349 7331
f 7307 7332 7330
f 7332 7331 7329
f 7331 7340 7339
f 7349 7340 7331
f 7349 7357 7340
f 7338 7334 7333
f 7339 7335 7338
f 7333 7334 7080
f 7338 7335 7334
f 7339 7336 7335
f 7357 7355 7337
f 7340 7336 7339
f 7357 7337 7340
f 7340 7337 7336
f 7311 7341 7344
f 7341 7342 7345
f 7341 7345 7344
f 7345 7351 7356
f 7342 7351 7345
f 7342 7350 7351
f 7313 7343 7341
f 7343 7154 7342
f 7343 7342 7341
f 7154 7350 7342
f 7154 7155 7350
f 7317 7344 7346
f 7318 7346 7347
f 7344 7348 7346
f 7344 7345 7348
f 7346 7349 7347
f 7346 7348 7349
f 7345 7356 7348
f 7348 7357 7349
f 7348 7356 7357
f 7351 7354 7356
f 7356 7355 7357
f 7350 7353 7351
f 7350 7352 7353
f 7351 7353 7354
f 7356 7354 7355
f 7155 7352 7350
f 7299 7164 7308
f 7164 7167 7312
f 7043 6838 6590
f 7043 7358 6838
f 7358 6842 6838
f 7358 7359 6842
f 7047 7358 7043
f 7363 7359 7358
f 7363 7365 7359
f 7359 6843 6842
f 7360 6844 6843
f 7359 7360 6843
f 7360 7361 6844
f 7365 7360 7359
f 7366 7361 7360
f 7365 7366 7360
f 7366 7362 7361
f 7047 7363 7358
f 7049 7363 7047
f 7364 7365 7363
f 7049 7364 7363
f 7364 7367 7365
f 7382 7367 7364
f 7368 7362 7366
f 7367 7366 7365
f 7367 7368 7366
f 7368 7369 7362
f 7384 7368 7367
f 7385 7369 7368
f 7385 7386 7369
f 7361 7370 6851
f 7371 7372 7370
f 7362 7370 7361
f 7362 7371 7370
f 7370 7372 6853
f 7374 7373 7372
f 7375 7413 7373
f 7371 7374 7372
f 7374 7375 7373
f 7378 7375 7374
f 7379 7415 7375
f 7369 7371 7362
f 7369 7376 7371
f 7376 7374 7371
f 7386 7376 7369
f 7386 7377 7376
f 7377 7378 7376
f 7376 7378 7374
f 7378 7379 7375
f 7380 7379 7378
f 7381 7418 7379
f 7377 7380 7378
f 7380 7381 7379
f 7404 7381 7380
f 7405 7420 7381
f 7066 7364 7049
f 7066 7382 7364
f 7382 7384 7367
f 7383 7384 7382
f 7069 7382 7066
f 7069 7383 7382
f 7077 7383 7069
f 7383 7387 7384
f 7391 7387 7383
f 7391 7394 7387
f 7384 7385 7368
f 7387 7385 7384
f 7388 7386 7385
f 7387 7388 7385
f 7388 7389 7386
f 7395 7389 7388
f 7394 7388 7387
f 7394 7395 7388
f 7395 7390 7389
f 7077 7391 7383
f 7079 7391 7077
f 7079 7392 7391
f 7392 7394 7391
f 7392 7396 7394
f 7080 7392 7079
f 7080 7393 7392
f 7393 7396 7392
f 7393 7399 7396
f 7655 7399 7393
f 7396 7395 7394
f 7397 7390 7395
f 7396 7397 7395
f 7400 7398 7397
f 7397 7398 7390
f 7399 7397 7396
f 7399 7400 7397
f 7483 7400 7399
f 7400 7401 7398
f 7389 7377 7386
f 7389 7402 7377
f 7402 7380 7377
f 7390 7402 7389
f 7390 7403 7402
f 7403 7404 7402
f 7409 7406 7403
f 7402 7404 7380
f 7404 7405 7381
f 7406 7405 7404
f 7406 7407 7405
f 7407 7442 7405
f 7403 7406 7404
f 7409 7411 7406
f 7408 7445 7407
f 7411 7407 7406
f 7411 7408 7407
f 7398 7403 7390
f 7398 7409 7403
f 7401 7409 7398
f 7401 7410 7409
f 7410 7411 7409
f 7410 7412 7411
f 7412 7408 7411
f 7412 7503 7408
f 7503 7446 7408
f 7375 7415 7413
f 7415 7414 7413
f 7415 7416 7414
f 7418 7416 7415
f 7418 7419 7416
f 7416 6881 7414
f 7416 7417 6881
f 7417 6889 6881
f 7417 7425 6889
f 7419 7417 7416
f 7419 7422 7417
f 7422 7425 7417
f 7422 7428 7425
f 7379 7418 7415
f 7420 7419 7418
f 7420 7421 7419
f 7381 7420 7418
f 7442 7421 7420
f 7442 7443 7421
f 7421 7422 7419
f 7421 7423 7422
f 7423 7428 7422
f 7423 7433 7428
f 7443 7423 7421
f 7443 7424 7423
f 7424 7433 7423
f 7424 7436 7433
f 7425 7426 6890
f 7426 7427 6891
f 7429 7427 7426
f 7428 7426 7425
f 7428 7429 7426
f 7429 7430 7427
f 7435 7430 7429
f 7427 7431 6893
f 7430 7431 7427
f 7432 13594 7431
f 7430 7432 7431
f 7434 7432 7430
f 7439 13595 7432
f 7433 7429 7428
f 7436 7435 7433
f 7433 7435 7429
f 7435 7434 7430
f 7437 7434 7435
f 7450 7437 7436
f 7436 7437 7435
f 7437 7438 7434
f 7450 7451 7437
f 7451 7438 7437
f 7451 7452 7438
f 7434 7439 7432
f 7438 7439 7434
f 7438 7440 7439
f 7440 13602 7439
f 7452 7440 7438
f 7452 7441 7440
f 7441 13603 7440
f 7456 13604 7441
f 7405 7442 7420
f 7407 7445 7442
f 7445 7443 7442
f 7445 7444 7443
f 7446 7444 7445
f 7408 7446 7445
f 7581 7447 7446
f 7446 7447 7444
f 7444 7424 7443
f 7444 7448 7424
f 7448 7436 7424
f 7448 7450 7436
f 7449 7450 7448
f 7449 7455 7450
f 7447 7448 7444
f 7447 7449 7448
f 7583 7449 7447
f 7575 7455 7449
f 7503 7581 7446
f 7581 7583 7447
f 7455 7451 7450
f 7453 7452 7451
f 7455 7453 7451
f 7453 7454 7452
f 7608 7453 7455
f 7454 7441 7452
f 7454 7456 7441
f 6664 7457 7145
f 7145 7457 7458
f 7457 7459 7462
f 7145 7458 7147
f 7457 7462 7458
f 7458 7462 7470
f 7460 7464 7463
f 7460 7461 7464
f 7459 7460 7463
f 7459 7463 7462
f 7462 7463 7471
f 7463 7464 7472
f 7153 7465 7174
f 7469 7467 7465
f 7470 7466 7467
f 7471 7468 7466
f 7466 7468 7531
f 7147 7458 7469
f 7147 7469 7153
f 7458 7470 7469
f 7153 7469 7465
f 7469 7470 7467
f 7462 7471 7470
f 7463 7472 7471
f 7471 7472 7468
f 7470 7471 7466
f 7461 6927 7473
f 7461 7473 7464
f 6927 7474 7473
f 7464 7473 7481
f 7473 7482 7481
f 6927 6931 7474
f 6931 6930 7475
f 6931 7475 7474
f 6930 7546 7475
f 7473 7474 7482
f 7474 7475 7476
f 7474 7476 7482
f 7475 7548 7476
f 7481 7479 7477
f 7472 7477 7468
f 7468 7477 7539
f 7477 7544 7539
f 7481 7482 7479
f 7482 7476 7478
f 7482 7478 7479
f 7476 7551 7478
f 7477 7479 7544
f 7479 7478 7480
f 7479 7480 7544
f 7478 7554 7480
f 7464 7481 7472
f 7472 7481 7477
f 7655 7483 7399
f 7484 7401 7400
f 7483 7484 7400
f 7659 7485 7484
f 7484 7485 7401
f 7659 7486 7485
f 7183 7535 7488
f 7535 7495 7488
f 7535 7536 7495
f 7487 7490 7670
f 7183 7488 7156
f 7156 7487 7352
f 7156 7488 7487
f 7488 7495 7490
f 7488 7490 7487
f 7536 7537 7496
f 7536 7496 7495
f 7537 7489 7496
f 7537 7538 7489
f 7490 7671 7670
f 7490 7491 7671
f 7491 7494 7671
f 7671 7494 7493
f 7491 7492 7494
f 7495 7496 7491
f 7495 7491 7490
f 7496 7492 7491
f 7496 7489 7492
f 7541 7497 7519
f 7497 7498 7520
f 7498 7601 7520
f 7499 7412 7410
f 7485 7410 7401
f 7485 7499 7410
f 7486 7499 7485
f 7486 7500 7499
f 7663 7500 7486
f 7663 7501 7500
f 7500 7505 7499
f 7501 7506 7500
f 7666 7502 7501
f 7502 7507 7501
f 7516 7510 7502
f 7505 7503 7412
f 7505 7504 7503
f 7504 7581 7503
f 7508 7582 7504
f 7499 7505 7412
f 7500 7506 7505
f 7501 7507 7506
f 7506 7504 7505
f 7506 7508 7504
f 7507 7508 7506
f 7507 7509 7508
f 7509 7586 7508
f 7502 7510 7507
f 7510 7511 7509
f 7511 7587 7509
f 7526 7589 7511
f 7510 7509 7507
f 7523 7511 7510
f 7538 7541 7512
f 7489 7512 7514
f 7538 7512 7489
f 7541 7519 7512
f 7512 7517 7514
f 7492 7514 7513
f 7494 7515 7493
f 7493 7516 7676
f 7494 7513 7515
f 7676 7516 7502
f 7493 7515 7516
f 7492 7513 7494
f 7514 7521 7513
f 7513 7522 7515
f 7515 7523 7516
f 7489 7514 7492
f 7517 7518 7525
f 7518 7595 7525
f 7512 7519 7517
f 7519 7520 7518
f 7520 7596 7518
f 7497 7520 7519
f 7519 7518 7517
f 7513 7521 7522
f 7514 7517 7521
f 7516 7523 7510
f 7515 7522 7523
f 7521 7525 7524
f 7523 7526 7511
f 7521 7524 7522
f 7522 7526 7523
f 7522 7524 7526
f 7525 7602 7524
f 7524 7603 7526
f 7517 7525 7521
f 7174 7465 7527
f 7174 7527 7176
f 7465 7467 7530
f 7465 7530 7527
f 7176 7528 7182
f 7527 7532 7528
f 7528 7532 7536
f 7176 7527 7528
f 7527 7530 7532
f 7529 7531 7534
f 7467 7529 7530
f 7466 7531 7529
f 7467 7466 7529
f 7530 7533 7532
f 7529 7534 7533
f 7532 7533 7537
f 7533 7534 7538
f 7530 7529 7533
f 7182 7535 7183
f 7182 7528 7535
f 7528 7536 7535
f 7532 7537 7536
f 7533 7538 7537
f 7531 7539 7540
f 7539 7542 7540
f 7468 7539 7531
f 7534 7540 7541
f 7531 7540 7534
f 7534 7541 7538
f 7540 7497 7541
f 7539 7544 7542
f 7544 7480 7543
f 7480 7652 7543
f 7544 7543 7542
f 7540 7542 7497
f 7542 7543 7498
f 7542 7498 7497
f 7543 7576 7498
f 7574 13620 7630
f 7549 7545 7555
f 7545 7557 7566
f 6959 7547 7546
f 7475 7546 7548
f 7546 7549 7548
f 7546 7547 7549
f 6960 7550 7547
f 7547 7550 7545
f 7550 7562 7557
f 7547 7545 7549
f 7550 7557 7545
f 7476 7548 7551
f 7548 7552 7551
f 7548 7549 7552
f 7554 7553 7653
f 7478 7551 7554
f 7551 7553 7554
f 7551 7552 7553
f 7549 7555 7552
f 7552 7555 7556
f 7545 7566 7555
f 7555 7566 7569
f 7553 7556 7654
f 7556 7570 7654
f 7556 7569 7570
f 7552 7556 7553
f 7555 7569 7556
f 7557 7567 7566
f 7557 7558 7567
f 7558 7559 7568
f 7558 7568 7567
f 6975 13648 7560
f 7559 7560 7561
f 7559 7561 7568
f 7560 13649 7561
f 7562 7558 7557
f 7562 7563 7558
f 7563 6973 7559
f 7563 7559 7558
f 6973 6975 7560
f 6973 7560 7559
f 7566 7564 7569
f 7566 7567 7564
f 7567 7568 7565
f 7567 7565 7564
f 7569 7571 7570
f 7569 7564 7571
f 7564 7565 7572
f 7564 7572 7571
f 7571 7572 7621
f 7568 7573 7565
f 7561 13657 7573
f 7568 7561 7573
f 7565 7574 7572
f 7565 7573 7574
f 7572 7574 7630
f 7573 13658 7574
f 7583 7575 7449
f 7575 7608 7455
f 7591 7608 7575
f 7591 7609 7608
f 7498 7576 7601
f 7576 7578 7601
f 7576 7577 7578
f 7579 7619 7627
f 7580 7622 7605
f 7605 7622 7645
f 7577 7579 7580
f 7578 7580 7605
f 7577 7580 7578
f 7579 7627 7580
f 7580 7627 7622
f 7582 7583 7581
f 7504 7582 7581
f 7586 7584 7582
f 7582 7584 7583
f 7586 7585 7584
f 7508 7586 7582
f 7509 7587 7586
f 7587 7585 7586
f 7587 7588 7585
f 7511 7589 7587
f 7589 7588 7587
f 7603 7590 7589
f 7589 7590 7588
f 7584 7575 7583
f 7584 7591 7575
f 7585 7591 7584
f 7585 7592 7591
f 7588 7592 7585
f 7588 7593 7592
f 7592 7609 7591
f 7592 7636 7609
f 7593 7636 7592
f 7593 7637 7636
f 7590 7593 7588
f 7590 7594 7593
f 7600 7594 7590
f 7594 7637 7593
f 7594 7642 7637
f 7607 7642 7594
f 7518 7596 7595
f 7596 7598 7595
f 7595 7598 7599
f 7602 7599 7600
f 7596 7597 7598
f 7520 7601 7596
f 7601 7597 7596
f 7601 7578 7597
f 7525 7595 7602
f 7524 7602 7603
f 7526 7603 7589
f 7595 7599 7602
f 7602 7600 7603
f 7603 7600 7590
f 7597 7604 7598
f 7597 7605 7604
f 7598 7606 7599
f 7598 7604 7606
f 7599 7606 7607
f 7600 7607 7594
f 7599 7607 7600
f 7604 7646 7606
f 7607 7647 7642
f 7606 7646 7647
f 7604 7645 7646
f 7605 7645 7604
f 7606 7647 7607
f 7578 7605 7597
f 7610 7454 7453
f 7609 7610 7608
f 7608 7610 7453
f 7610 7611 7454
f 7612 7611 7610
f 7609 7612 7610
f 7612 7613 7611
f 7638 7613 7612
f 7638 7640 7613
f 7611 7456 7454
f 7611 7614 7456
f 7614 13673 7456
f 7613 7614 7611
f 7613 7615 7614
f 7640 7615 7613
f 7640 7616 7615
f 7641 7616 7640
f 7641 7617 7616
f 7615 13674 7614
f 7616 13675 7615
f 7617 13676 7616
f 7618 13677 7617
f 7635 13678 7618
f 7570 7620 7619
f 7571 7621 7620
f 7620 7629 7628
f 7619 7620 7628
f 7620 7621 7629
f 7622 7624 7645
f 7627 7626 7622
f 7628 7623 7626
f 7626 7625 7624
f 7624 7625 7650
f 7622 7626 7624
f 7626 7623 7625
f 7619 7628 7627
f 7627 7628 7626
f 7628 7629 7623
f 7631 13694 7632
f 7572 7630 7621
f 7621 7630 7631
f 7621 7631 7629
f 7629 7631 7632
f 7630 13695 7631
f 7629 7632 7623
f 7623 7632 7633
f 7623 7633 7625
f 7625 7634 7650
f 7650 7635 7651
f 7625 7633 7634
f 7651 7635 7618
f 7650 7634 7635
f 7632 13697 7633
f 7633 13696 7634
f 7634 13698 7635
f 7636 7612 7609
f 7637 7638 7636
f 7636 7638 7612
f 7637 7639 7638
f 7639 7640 7638
f 7639 7641 7640
f 7642 7639 7637
f 7647 7643 7642
f 7642 7643 7639
f 7643 7641 7639
f 7643 7644 7641
f 7649 7644 7643
f 7644 7617 7641
f 7644 7618 7617
f 7651 7618 7644
f 7645 7648 7646
f 7646 7649 7647
f 7646 7648 7649
f 7645 7624 7648
f 7647 7649 7643
f 7624 7650 7648
f 7648 7650 7651
f 7649 7651 7644
f 7648 7651 7649
f 7480 7554 7652
f 7554 7653 7652
f 7543 7652 7576
f 7652 7653 7577
f 7652 7577 7576
f 7553 7654 7653
f 7653 7654 7579
f 7653 7579 7577
f 7654 7570 7619
f 7654 7619 7579
f 7570 7571 7620
f 7334 7393 7080
f 7335 7655 7334
f 7334 7655 7393
f 7335 7656 7655
f 7336 7656 7335
f 7337 7657 7336
f 7336 7657 7656
f 7656 7483 7655
f 7657 7660 7656
f 7656 7660 7483
f 7657 7661 7660
f 7658 7661 7657
f 7337 7658 7657
f 7355 7658 7337
f 7355 7669 7658
f 7658 7664 7661
f 7669 7664 7658
f 7660 7484 7483
f 7660 7659 7484
f 7661 7659 7660
f 7661 7662 7659
f 7664 7662 7661
f 7662 7486 7659
f 7665 7663 7662
f 7662 7663 7486
f 7664 7665 7662
f 7674 7665 7664
f 7675 7666 7665
f 7665 7666 7663
f 7353 7667 7668
f 7352 7667 7353
f 7352 7487 7667
f 7354 7669 7355
f 7353 7668 7354
f 7354 7668 7669
f 7667 7672 7668
f 7668 7674 7669
f 7667 7670 7672
f 7669 7674 7664
f 7668 7672 7674
f 7487 7670 7667
f 7670 7671 7673
f 7670 7673 7672
f 7674 7675 7665
f 7672 7673 7675
f 7672 7675 7674
f 7671 7493 7673
f 7673 7676 7675
f 7673 7493 7676
f 7675 7676 7666
f 7666 7501 7663
f 7676 7502 7666
f 2265 7684 7677
f 2266 7685 7684
f 2264 7677 7678
f 2275 7678 7679
f 2276 7679 7680
f 7677 7682 7678
f 2277 7680 7681
f 2278 7681 7691
f 7678 7683 7679
f 7679 7705 7680
f 7680 7706 7681
f 7678 7682 7683
f 7679 7683 7705
f 2328 7686 7685
f 2329 7689 7686
f 7684 7687 7677
f 7685 7688 7684
f 7686 7694 7685
f 7684 7688 7687
f 7685 7694 7688
f 7688 7697 7687
f 2339 7690 7689
f 7677 7687 7682
f 7686 7695 7694
f 7689 7695 7686
f 7689 7696 7695
f 7690 7696 7689
f 2279 7691 7729
f 7681 7731 7691
f 7680 7705 7706
f 7681 7706 7731
f 2340 7692 7690
f 7690 7712 7696
f 2341 7693 7692
f 7692 7712 7690
f 7692 7713 7712
f 7693 7713 7692
f 7693 7752 7713
f 7694 7698 7688
f 7688 7698 7697
f 7694 7699 7698
f 7687 7707 7682
f 7687 7697 7707
f 7695 7699 7694
f 7695 7702 7699
f 7696 7702 7695
f 7696 7714 7702
f 7698 7700 7697
f 7697 7700 7710
f 7699 7701 7698
f 7698 7701 7700
f 7699 7703 7701
f 7702 7703 7699
f 7702 7704 7703
f 7714 7704 7702
f 7682 7708 7683
f 7683 7709 7705
f 7705 7732 7706
f 7682 7707 7708
f 7683 7708 7709
f 7705 7709 7732
f 7697 7710 7707
f 7707 7711 7708
f 7707 7710 7711
f 7708 7733 7709
f 7708 7711 7733
f 7712 7714 7696
f 7713 7715 7712
f 7712 7715 7714
f 7713 7739 7715
f 7714 7716 7704
f 7715 7716 7714
f 7715 7717 7716
f 7739 7717 7715
f 7739 7740 7717
f 7701 7718 7700
f 7703 7719 7701
f 7704 7720 7703
f 7701 7719 7718
f 7703 7720 7719
f 7700 7764 7710
f 7700 7718 7764
f 7719 7723 7718
f 7720 7724 7719
f 7716 7721 7704
f 7704 7721 7720
f 7716 7722 7721
f 7717 7722 7716
f 7717 7768 7722
f 7721 7725 7720
f 7722 7726 7721
f 7718 7723 7770
f 7719 7724 7723
f 7720 7725 7724
f 7721 7726 7725
f 7722 7773 7726
f 7724 7727 7723
f 7725 7728 7724
f 7726 7774 7725
f 7724 7728 7727
f 7725 7774 7728
f 3532 7729 7730
f 7691 7731 7737
f 7691 7737 7729
f 3533 7730 7743
f 7729 7741 7730
f 7729 7737 7741
f 7730 7741 7745
f 7706 7735 7731
f 7706 7732 7735
f 7731 7738 7737
f 7731 7735 7738
f 7709 7733 7734
f 7709 7734 7732
f 7732 7734 7736
f 7732 7736 7735
f 7735 7736 7742
f 7735 7742 7738
f 7752 7739 7713
f 7753 7740 7739
f 7737 7746 7741
f 7737 7738 7746
f 7738 7742 7747
f 7738 7747 7746
f 3534 7743 7744
f 7730 7745 7743
f 7743 7760 7744
f 7743 7745 7760
f 3540 7744 7803
f 7741 7746 7748
f 7741 7748 7745
f 7746 7747 7749
f 7746 7749 7748
f 7745 7748 7761
f 3547 7750 7693
f 3548 7751 7750
f 7750 7752 7693
f 7750 7755 7752
f 7751 7755 7750
f 3549 7759 7751
f 7751 7758 7755
f 7759 7758 7751
f 7752 7753 7739
f 7755 7753 7752
f 7753 7754 7740
f 7756 7754 7753
f 7758 7756 7755
f 7755 7756 7753
f 7756 7757 7754
f 7758 7762 7756
f 7762 7757 7756
f 7744 7805 7803
f 7744 7760 7805
f 7759 7823 7758
f 7745 7761 7760
f 7748 7749 7806
f 7748 7806 7761
f 7823 7762 7758
f 7823 7825 7762
f 7762 7763 7757
f 7825 7763 7762
f 7710 7765 7711
f 7711 7766 7733
f 7710 7764 7765
f 7711 7765 7766
f 7733 7767 7734
f 7734 7769 7736
f 7733 7766 7767
f 7734 7767 7769
f 7718 7770 7764
f 7764 7771 7765
f 7765 7772 7766
f 7766 7777 7767
f 7740 7768 7717
f 7740 7789 7768
f 7768 7773 7722
f 7789 7791 7768
f 7736 7769 7783
f 7736 7783 7742
f 7767 7778 7769
f 7764 7770 7771
f 7765 7771 7772
f 7723 7779 7770
f 7766 7772 7777
f 7770 7780 7771
f 7771 7781 7772
f 7770 7779 7780
f 7768 7791 7773
f 7723 7727 7779
f 7773 7775 7726
f 7726 7775 7774
f 7773 7776 7775
f 7791 7776 7773
f 7767 7777 7778
f 7769 7778 7785
f 7771 7780 7781
f 7772 7782 7777
f 7772 7781 7782
f 7777 7786 7778
f 7777 7782 7786
f 7742 7784 7747
f 7742 7783 7784
f 7747 7796 7749
f 7747 7784 7796
f 7769 7785 7783
f 7783 7787 7784
f 7783 7785 7787
f 7778 7786 7788
f 7778 7788 7785
f 7785 7799 7787
f 7785 7788 7799
f 7754 7789 7740
f 7754 7790 7789
f 7757 7790 7754
f 7757 7797 7790
f 7790 7792 7789
f 7797 7793 7790
f 7763 7797 7757
f 7789 7792 7791
f 7791 7794 7776
f 7790 7793 7792
f 7792 7794 7791
f 7792 7795 7794
f 7793 7795 7792
f 7793 7801 7795
f 7749 7813 7806
f 7749 7796 7813
f 7784 7815 7796
f 7763 7798 7797
f 7826 7798 7763
f 7798 7800 7797
f 7784 7787 7815
f 7787 7817 7815
f 7787 7799 7817
f 7797 7800 7793
f 7798 7829 7800
f 7800 7801 7793
f 7800 7802 7801
f 7829 7802 7800
f 3550 7803 7804
f 7803 7805 7809
f 7803 7809 7804
f 3563 7804 7810
f 7760 7761 7807
f 7760 7807 7805
f 7761 7806 7808
f 7761 7808 7807
f 7805 7807 7811
f 7805 7811 7809
f 7807 7808 7812
f 7807 7812 7811
f 3565 7810 7836
f 7804 7809 7837
f 7804 7837 7810
f 7809 7811 7838
f 7809 7838 7837
f 7811 7812 7839
f 7806 7814 7808
f 7806 7813 7814
f 7796 7816 7813
f 7808 7820 7812
f 7808 7814 7820
f 7813 7818 7814
f 7796 7815 7816
f 7815 7817 7819
f 7815 7819 7816
f 7813 7816 7818
f 7816 7819 7821
f 7816 7821 7818
f 7812 7820 7853
f 7814 7854 7820
f 7814 7818 7854
f 7818 7821 7855
f 7818 7855 7854
f 3578 7822 7759
f 7822 7823 7759
f 7822 7824 7823
f 7831 7824 7822
f 3579 7831 7822
f 7825 7826 7763
f 7824 7825 7823
f 7824 7827 7825
f 7827 7826 7825
f 7827 7833 7826
f 7826 7828 7798
f 7833 7828 7826
f 7828 7829 7798
f 7828 7849 7829
f 7829 7830 7802
f 7849 7830 7829
f 3597 7840 7831
f 7831 7832 7824
f 7840 7832 7831
f 7832 7827 7824
f 7832 7834 7827
f 7834 7833 7827
f 7834 7835 7833
f 7810 7837 8024
f 7810 8024 7836
f 7811 7839 7838
f 7837 7838 8025
f 7837 8025 8024
f 7838 7839 8026
f 3598 7843 7840
f 7840 7841 7832
f 7843 7841 7840
f 7841 7834 7832
f 7841 7842 7834
f 7842 7835 7834
f 7842 7844 7835
f 3836 8411 7843
f 7843 7845 7841
f 8411 7845 7843
f 7845 7842 7841
f 7845 7846 7842
f 7846 7844 7842
f 7846 7847 7844
f 8412 7846 7845
f 7833 7848 7828
f 7848 7849 7828
f 7835 7848 7833
f 7835 7856 7848
f 7856 7851 7848
f 7849 7850 7830
f 7848 7851 7849
f 7851 7850 7849
f 7851 7852 7850
f 7856 7857 7851
f 7857 7852 7851
f 7812 7853 7839
f 7820 8035 7853
f 7820 7854 8035
f 7854 7855 8036
f 7854 8036 8035
f 7844 7856 7835
f 7858 7857 7856
f 7857 7860 7852
f 7844 7858 7856
f 7847 7858 7844
f 7859 7861 7858
f 7847 7859 7858
f 7858 7861 7857
f 7861 7860 7857
f 7861 7862 7860
f 7859 8413 7861
f 8413 7862 7861
f 8413 8428 7862
f 7728 7863 7727
f 7727 7870 7779
f 7727 7863 7870
f 7774 7864 7728
f 7728 7864 7863
f 7775 7865 7774
f 7774 7865 7864
f 7775 7866 7865
f 7864 7867 7863
f 7865 7868 7864
f 7776 7866 7775
f 7776 7886 7866
f 7866 7869 7865
f 7886 7887 7866
f 7864 7868 7867
f 7865 7869 7868
f 7863 7867 7873
f 7866 7887 7869
f 7868 7875 7867
f 7869 7876 7868
f 7887 7892 7869
f 7863 7873 7870
f 7779 7871 7780
f 7780 7872 7781
f 7779 7870 7871
f 7780 7871 7872
f 7781 7877 7782
f 7781 7872 7877
f 7870 7874 7871
f 7871 7879 7872
f 7870 7873 7874
f 7871 7874 7879
f 7867 7882 7873
f 7868 7876 7875
f 7869 7892 7876
f 7867 7875 7882
f 7872 7880 7877
f 7782 7878 7786
f 7782 7877 7878
f 7786 7896 7788
f 7786 7878 7896
f 7877 7881 7878
f 7872 7879 7880
f 7873 7883 7874
f 7874 7884 7879
f 7877 7880 7881
f 7879 7885 7880
f 7880 7904 7881
f 7878 7898 7896
f 7878 7881 7898
f 7873 7882 7883
f 7874 7883 7884
f 7879 7884 7885
f 7880 7885 7904
f 7875 7908 7882
f 7882 7909 7883
f 7883 7919 7884
f 7882 7908 7909
f 7883 7909 7919
f 7884 7920 7885
f 7794 7886 7776
f 7794 7888 7886
f 7795 7888 7794
f 7888 7890 7886
f 7795 7889 7888
f 7801 7889 7795
f 7889 7891 7888
f 7886 7890 7887
f 7888 7891 7890
f 7890 7893 7887
f 7891 7894 7890
f 7889 7895 7891
f 7895 7903 7891
f 7887 7893 7892
f 7890 7894 7893
f 7891 7903 7894
f 7876 7910 7875
f 7892 7911 7876
f 7893 7912 7892
f 7876 7911 7910
f 7892 7912 7911
f 7894 7913 7893
f 7875 7910 7908
f 7893 7913 7912
f 7903 7916 7894
f 7894 7916 7913
f 7788 7896 7897
f 7788 7897 7799
f 7896 7951 7897
f 7881 7905 7898
f 7896 7898 7951
f 7801 7899 7889
f 7899 7895 7889
f 7802 7899 7801
f 7802 7901 7899
f 7901 7900 7899
f 7899 7900 7895
f 7900 7906 7895
f 7830 7901 7802
f 7901 7902 7900
f 7902 7907 7900
f 7903 7926 7916
f 7881 7904 7905
f 7885 7921 7904
f 7884 7919 7920
f 7885 7920 7921
f 7904 7960 7905
f 7904 7921 7960
f 7895 7906 7903
f 7900 7907 7906
f 7906 7926 7903
f 7907 7928 7906
f 7906 7928 7926
f 7902 7979 7907
f 7907 7929 7928
f 7979 7929 7907
f 7911 7915 7910
f 7912 7914 7911
f 7913 7917 7912
f 7911 7914 7915
f 7912 7917 7914
f 7914 7932 7915
f 7910 7922 7908
f 7916 7918 7913
f 7926 7927 7916
f 7910 7915 7922
f 7915 7939 7922
f 7913 7918 7917
f 7916 7927 7918
f 7917 7933 7914
f 7918 7934 7917
f 7927 7935 7918
f 7908 7923 7909
f 7909 7924 7919
f 7919 7925 7920
f 7920 7961 7921
f 7908 7922 7923
f 7909 7923 7924
f 7922 7940 7923
f 7919 7924 7925
f 7920 7925 7961
f 7923 7941 7924
f 7924 7966 7925
f 7928 7930 7926
f 7926 7930 7927
f 7930 7944 7927
f 7929 7931 7928
f 7928 7931 7930
f 7931 7946 7930
f 7929 7998 7931
f 7998 7947 7931
f 7915 7932 7939
f 7914 7933 7932
f 7917 7934 7933
f 7918 7935 7934
f 7933 7936 7932
f 7934 7937 7933
f 7935 7938 7934
f 7933 7937 7936
f 7934 7938 7937
f 7932 7936 7942
f 7935 7945 7938
f 7937 8085 7936
f 7938 8086 7937
f 7932 7942 7939
f 7922 7939 7940
f 7923 7940 7941
f 7924 7941 7966
f 7939 7943 7940
f 7939 7942 7943
f 7940 7968 7941
f 7940 7943 7968
f 7936 8101 7942
f 7942 8102 7943
f 7927 7944 7935
f 7944 7945 7935
f 7944 7948 7945
f 7945 8087 7938
f 7930 7946 7944
f 7946 7948 7944
f 7946 7949 7948
f 7931 7947 7946
f 7947 7949 7946
f 7947 7980 7949
f 7948 8088 7945
f 7949 8089 7948
f 7980 8090 7949
f 7799 7897 7950
f 7799 7950 7817
f 7817 7950 7953
f 7897 7952 7950
f 7898 7955 7951
f 7897 7951 7952
f 7951 7956 7952
f 7817 7953 7819
f 7950 7954 7953
f 7819 7953 7957
f 7950 7952 7954
f 7952 7959 7954
f 7898 7905 7955
f 7951 7955 7956
f 7905 7960 7963
f 7905 7963 7955
f 7952 7956 7959
f 7955 7964 7956
f 7955 7963 7964
f 7956 7964 7975
f 7819 7957 7821
f 7953 7958 7957
f 7953 7954 7958
f 7954 7990 7958
f 7954 7959 7990
f 7956 7975 7959
f 7921 7962 7960
f 7921 7961 7962
f 7925 7967 7961
f 7961 7971 7962
f 7960 7965 7963
f 7960 7962 7965
f 7963 7976 7964
f 7962 7972 7965
f 7963 7965 7976
f 7925 7966 7967
f 7941 7969 7966
f 7941 7968 7969
f 7966 7970 7967
f 7966 7969 7970
f 7961 7967 7971
f 7943 8103 7968
f 7968 8104 7969
f 7969 8108 7970
f 7967 7973 7971
f 7967 7970 7973
f 7962 7971 7972
f 7971 7973 7974
f 7971 7974 7972
f 7965 7972 7977
f 7970 8109 7973
f 7973 8122 7974
f 7964 8010 7975
f 7964 7976 8010
f 7965 7977 7976
f 7972 7974 8012
f 7972 8012 7977
f 7976 7977 8013
f 7974 8153 8012
f 7830 7978 7901
f 7978 7902 7901
f 7978 7981 7902
f 7981 7979 7902
f 7979 7997 7929
f 8003 7980 7947
f 7850 7978 7830
f 7850 7982 7978
f 7982 7981 7978
f 7982 7983 7981
f 7983 7986 7981
f 7852 7982 7850
f 7984 7983 7982
f 7852 7984 7982
f 7984 7985 7983
f 7985 7987 7983
f 7981 7986 7979
f 7986 7997 7979
f 7986 8000 7997
f 7983 7987 7986
f 7987 8000 7986
f 7985 7995 7987
f 7987 8001 8000
f 7995 8001 7987
f 7821 7957 7988
f 7821 7988 7855
f 7957 7989 7988
f 7855 7988 8050
f 7957 7958 7989
f 7958 8053 7989
f 7959 7975 8009
f 7958 7990 8053
f 7959 8009 7990
f 7990 8009 8062
f 7860 7984 7852
f 7991 7985 7984
f 7860 7991 7984
f 7862 7991 7860
f 7993 7992 7991
f 7991 7992 7985
f 7992 7995 7985
f 7862 7993 7991
f 8428 7993 7862
f 8474 7994 7993
f 7993 7994 7992
f 7994 7996 7992
f 7992 7996 7995
f 7995 8015 8001
f 7996 8015 7995
f 7996 8017 8015
f 7994 8056 7996
f 8056 8017 7996
f 8056 8486 8017
f 7997 7998 7929
f 8000 7999 7997
f 7997 7999 7998
f 7999 8003 7998
f 8002 8004 7999
f 8001 8002 8000
f 8000 8002 7999
f 8001 8011 8002
f 8011 8007 8002
f 7998 8003 7947
f 8003 8005 7980
f 7999 8004 8003
f 8004 8005 8003
f 8004 8006 8005
f 8005 8136 7980
f 8006 8137 8005
f 8002 8007 8004
f 8007 8006 8004
f 8007 8008 8006
f 8019 8008 8007
f 8008 8141 8006
f 7976 8013 8010
f 7975 8061 8009
f 7975 8010 8061
f 8010 8065 8061
f 7977 8012 8014
f 7977 8014 8013
f 8010 8013 8065
f 8013 8014 8066
f 8013 8066 8065
f 8012 8154 8014
f 8011 8019 8007
f 8019 8020 8008
f 8020 8156 8008
f 8015 8011 8001
f 8015 8016 8011
f 8016 8019 8011
f 8017 8016 8015
f 8018 8021 8016
f 8486 8018 8017
f 8017 8018 8016
f 8016 8021 8019
f 8021 8020 8019
f 8022 8165 8020
f 8021 8022 8020
f 8018 8070 8021
f 8070 8022 8021
f 8070 8071 8022
f 8071 8167 8022
f 3593 7836 8023
f 7836 8027 8023
f 7836 8024 8027
f 3635 8023 8030
f 7838 8026 8025
f 8024 8025 8028
f 8024 8028 8027
f 8025 8026 8029
f 8025 8029 8028
f 8023 8027 8031
f 8023 8031 8030
f 3639 8030 8043
f 8030 8031 8044
f 8030 8044 8043
f 8027 8028 8032
f 8027 8032 8031
f 8028 8029 8033
f 8028 8033 8032
f 8031 8032 8045
f 8032 8033 8046
f 7839 8034 8026
f 7839 7853 8034
f 7853 8037 8034
f 8026 8034 8039
f 8026 8039 8029
f 7853 8035 8037
f 8035 8036 8038
f 8034 8037 8041
f 8035 8038 8037
f 8034 8041 8039
f 8037 8038 8042
f 8029 8039 8040
f 8029 8040 8033
f 8039 8048 8040
f 8037 8042 8041
f 8039 8041 8048
f 8041 8042 8049
f 8041 8049 8048
f 3640 8043 8436
f 8043 8044 8437
f 8031 8045 8044
f 8032 8046 8045
f 8044 8045 8439
f 8033 8047 8046
f 8033 8040 8047
f 8040 8444 8047
f 8040 8048 8444
f 8048 8049 8445
f 8048 8445 8444
f 7855 8050 8036
f 7988 8051 8050
f 7988 7989 8051
f 7989 8054 8051
f 8036 8050 8052
f 8036 8052 8038
f 8050 8055 8052
f 8050 8051 8055
f 8051 8059 8055
f 7989 8053 8054
f 7990 8062 8053
f 8053 8062 8063
f 8051 8054 8059
f 8053 8063 8054
f 8054 8063 8072
f 8475 8056 7994
f 8038 8052 8057
f 8038 8057 8042
f 8052 8058 8057
f 8052 8055 8058
f 8042 8057 8078
f 8055 8060 8058
f 8042 8078 8049
f 8057 8058 8079
f 8055 8059 8060
f 8054 8072 8059
f 8059 8081 8060
f 8059 8072 8081
f 8009 8064 8062
f 8009 8061 8064
f 8061 8067 8064
f 8062 8069 8063
f 8062 8064 8069
f 8064 8074 8069
f 8014 8284 8066
f 8061 8065 8067
f 8065 8066 8068
f 8065 8068 8067
f 8064 8067 8074
f 8067 8068 8075
f 8067 8075 8074
f 8066 8285 8068
f 8486 8487 8018
f 8487 8070 8018
f 8490 8071 8070
f 8491 8292 8071
f 8063 8073 8072
f 8063 8069 8073
f 8069 8076 8073
f 8072 8073 8082
f 8072 8082 8081
f 8069 8074 8076
f 8074 8075 8077
f 8068 8296 8075
f 8074 8077 8076
f 8075 8299 8077
f 8073 8076 8083
f 8076 8077 8084
f 8057 8079 8078
f 8049 8078 8502
f 8058 8080 8079
f 8078 8079 8503
f 8058 8060 8080
f 8060 8081 8508
f 8060 8508 8080
f 8081 8509 8508
f 8073 8083 8082
f 8081 8082 8509
f 8076 8084 8083
f 8082 8083 8510
f 8077 8324 8084
f 8083 8084 8511
f 7937 8086 8085
f 7936 8085 8101
f 8085 8105 8101
f 7938 8087 8086
f 7945 8088 8087
f 8086 8091 8085
f 7948 8089 8088
f 8087 8092 8086
f 8088 8093 8087
f 8089 8094 8088
f 7949 8090 8089
f 8090 8095 8089
f 8086 8092 8091
f 8087 8093 8092
f 8088 8094 8093
f 8085 8091 8105
f 8089 8095 8094
f 8092 8096 8091
f 8093 8097 8092
f 8094 8098 8093
f 8095 8112 8094
f 8092 8097 8096
f 8093 8098 8097
f 8094 8112 8098
f 8097 8099 8096
f 8098 8100 8097
f 8097 8100 8099
f 8098 8113 8100
f 8100 8126 8099
f 7942 8101 8102
f 7943 8102 8103
f 7968 8103 8104
f 8101 8106 8102
f 8102 8107 8103
f 8101 8105 8106
f 8102 8106 8107
f 7969 8104 8108
f 8103 8110 8104
f 8103 8107 8110
f 8090 8138 8095
f 7970 8108 8109
f 8104 8111 8108
f 7973 8109 8122
f 8108 8123 8109
f 8104 8110 8111
f 8108 8111 8123
f 8091 8114 8105
f 8091 8096 8114
f 8105 8115 8106
f 8095 8143 8112
f 8096 8117 8114
f 8112 8113 8098
f 8143 8144 8112
f 8096 8099 8117
f 8112 8144 8113
f 8106 8116 8107
f 8107 8119 8110
f 8105 8114 8115
f 8106 8115 8116
f 8107 8116 8119
f 8110 8124 8111
f 8110 8119 8124
f 8114 8118 8115
f 8115 8120 8116
f 8114 8117 8118
f 8115 8118 8120
f 8116 8121 8119
f 8119 8125 8124
f 8116 8120 8121
f 8119 8121 8125
f 7974 8122 8153
f 8109 8152 8122
f 8109 8123 8152
f 8111 8158 8123
f 8111 8124 8158
f 8124 8159 8158
f 8124 8125 8159
f 8113 8127 8100
f 8144 8128 8113
f 8100 8127 8126
f 8113 8128 8127
f 8099 8126 8129
f 8099 8129 8117
f 8127 8176 8126
f 8128 8177 8127
f 8126 8176 8132
f 8117 8130 8118
f 8117 8129 8130
f 8118 8131 8120
f 8118 8130 8131
f 8120 8133 8121
f 8120 8131 8133
f 8126 8132 8129
f 8129 8134 8130
f 8130 8135 8131
f 8129 8132 8134
f 8130 8134 8135
f 8176 8196 8132
f 8121 8189 8125
f 8121 8133 8189
f 8131 8194 8133
f 8131 8135 8194
f 8132 8197 8134
f 8134 8198 8135
f 8132 8196 8197
f 7980 8136 8090
f 8136 8138 8090
f 8005 8137 8136
f 8137 8139 8136
f 8136 8139 8138
f 8006 8141 8137
f 8141 8140 8137
f 8137 8140 8139
f 8008 8156 8141
f 8156 8142 8141
f 8141 8142 8140
f 8138 8143 8095
f 8138 8145 8143
f 8139 8145 8138
f 8139 8148 8145
f 8143 8146 8144
f 8145 8146 8143
f 8145 8147 8146
f 8148 8147 8145
f 8140 8148 8139
f 8140 8150 8148
f 8150 8149 8148
f 8148 8149 8147
f 8142 8150 8140
f 8150 8151 8149
f 8122 8155 8153
f 8122 8152 8155
f 8012 8153 8154
f 8153 8283 8154
f 8153 8155 8283
f 8156 8157 8142
f 8123 8160 8152
f 8123 8158 8160
f 8158 8159 8161
f 8152 8162 8155
f 8152 8160 8162
f 8155 8162 8288
f 8158 8161 8160
f 8160 8287 8162
f 8160 8161 8287
f 8142 8163 8150
f 8157 8163 8142
f 8157 8168 8163
f 8163 8151 8150
f 8163 8164 8151
f 8168 8164 8163
f 8020 8165 8156
f 8165 8157 8156
f 8165 8166 8157
f 8022 8167 8165
f 8167 8166 8165
f 8167 8293 8166
f 8166 8168 8157
f 8168 8169 8164
f 8166 8170 8168
f 8293 8170 8166
f 8170 8169 8168
f 8170 8171 8169
f 8146 8172 8144
f 8144 8172 8128
f 8146 8173 8172
f 8147 8173 8146
f 8147 8174 8173
f 8172 8178 8128
f 8127 8177 8176
f 8173 8179 8172
f 8128 8178 8177
f 8172 8179 8178
f 8173 8182 8179
f 8149 8174 8147
f 8149 8175 8174
f 8174 8182 8173
f 8175 8183 8174
f 8174 8183 8182
f 8151 8175 8149
f 8151 8192 8175
f 8192 8187 8175
f 8175 8187 8183
f 8177 8180 8176
f 8178 8181 8177
f 8179 8184 8178
f 8177 8181 8180
f 8178 8184 8181
f 8176 8180 8196
f 8179 8185 8184
f 8182 8185 8179
f 8183 8186 8182
f 8182 8186 8185
f 8183 8188 8186
f 8181 8212 8180
f 8184 8211 8181
f 8185 8213 8184
f 8186 8214 8185
f 8187 8188 8183
f 8188 8218 8186
f 8125 8190 8159
f 8125 8189 8190
f 8133 8195 8189
f 8133 8194 8195
f 8189 8200 8190
f 8189 8195 8200
f 8159 8191 8161
f 8159 8190 8191
f 8161 8191 8304
f 8161 8304 8287
f 8190 8201 8191
f 8190 8200 8201
f 8164 8192 8151
f 8164 8193 8192
f 8169 8193 8164
f 8192 8204 8187
f 8193 8204 8192
f 8193 8208 8204
f 8134 8197 8198
f 8135 8199 8194
f 8194 8202 8195
f 8135 8198 8199
f 8194 8199 8202
f 8180 8223 8196
f 8196 8224 8197
f 8197 8225 8198
f 8198 8226 8199
f 8195 8202 8203
f 8195 8203 8200
f 8200 8308 8201
f 8200 8203 8308
f 8199 8227 8202
f 8202 8332 8203
f 8204 8205 8187
f 8187 8205 8188
f 8208 8206 8204
f 8204 8206 8205
f 8205 8233 8188
f 8206 8234 8205
f 8169 8207 8193
f 8171 8207 8169
f 8171 8312 8207
f 8207 8208 8193
f 8207 8209 8208
f 8312 8209 8207
f 8209 8210 8208
f 8208 8210 8206
f 8209 8314 8210
f 8210 8257 8206
f 8314 8258 8210
f 8180 8212 8223
f 8181 8211 8212
f 8184 8213 8211
f 8185 8214 8213
f 8211 8215 8212
f 8213 8216 8211
f 8186 8218 8214
f 8214 8217 8213
f 8218 8219 8214
f 8211 8216 8215
f 8212 8215 8228
f 8213 8217 8216
f 8214 8219 8217
f 8216 8220 8215
f 8217 8221 8216
f 8216 8221 8220
f 8219 8222 8217
f 8217 8222 8221
f 8219 8247 8222
f 8221 8250 8220
f 8222 8251 8221
f 8221 8251 8250
f 8212 8228 8223
f 8196 8223 8224
f 8197 8224 8225
f 8198 8225 8226
f 8223 8229 8224
f 8223 8228 8229
f 8215 8220 8238
f 8215 8238 8228
f 8224 8230 8225
f 8199 8226 8227
f 8225 8231 8226
f 8202 8227 8332
f 8226 8232 8227
f 8224 8229 8230
f 8228 8239 8229
f 8225 8230 8231
f 8229 8240 8230
f 8228 8238 8239
f 8229 8239 8240
f 8230 8241 8231
f 8230 8240 8241
f 8226 8231 8232
f 8227 8232 8334
f 8231 8241 8242
f 8231 8242 8232
f 8188 8233 8218
f 8233 8235 8218
f 8205 8234 8233
f 8206 8257 8234
f 8234 8236 8233
f 8257 8237 8234
f 8218 8235 8219
f 8233 8236 8235
f 8235 8247 8219
f 8235 8248 8247
f 8236 8248 8235
f 8236 8249 8248
f 8234 8237 8236
f 8237 8249 8236
f 8237 8255 8249
f 8259 8255 8237
f 8220 8250 8243
f 8220 8243 8238
f 8238 8244 8239
f 8239 8245 8240
f 8238 8243 8244
f 8240 8246 8241
f 8241 8339 8242
f 8239 8244 8245
f 8240 8245 8246
f 8241 8246 8339
f 8250 8263 8243
f 8243 8264 8244
f 8244 8366 8245
f 8247 8252 8222
f 8248 8253 8247
f 8222 8252 8251
f 8247 8253 8252
f 8249 8254 8248
f 8248 8254 8253
f 8255 8256 8249
f 8249 8256 8254
f 8251 8266 8250
f 8252 8265 8251
f 8253 8267 8252
f 8254 8268 8253
f 8256 8272 8254
f 8255 8261 8256
f 8261 8273 8256
f 8210 8258 8257
f 8258 8259 8257
f 8257 8259 8237
f 8259 8260 8255
f 8258 8344 8259
f 8344 8260 8259
f 8344 8349 8260
f 8260 8261 8255
f 8260 8262 8261
f 8349 8262 8260
f 8262 8280 8261
f 8243 8263 8264
f 8244 8264 8366
f 8251 8265 8266
f 8252 8267 8265
f 8250 8266 8263
f 8253 8268 8267
f 8254 8272 8268
f 8265 8269 8266
f 8267 8270 8265
f 8268 8271 8267
f 8265 8270 8269
f 8267 8271 8270
f 8268 8274 8271
f 8256 8273 8272
f 8266 8269 8369
f 8266 8369 8263
f 8272 8274 8268
f 8273 8275 8272
f 8272 8275 8274
f 8270 8276 8269
f 8269 8377 8369
f 8271 8277 8270
f 8274 8278 8271
f 8275 8279 8274
f 8270 8277 8276
f 8271 8278 8277
f 8274 8279 8278
f 8269 8276 8377
f 8277 9260 8276
f 8278 9261 8277
f 8279 9262 8278
f 8261 8280 8273
f 8280 8281 8273
f 8273 8281 8275
f 8280 8383 8281
f 8281 8282 8275
f 8383 8390 8281
f 8275 8282 8279
f 8281 8390 8282
f 8282 9263 8279
f 8390 9275 8282
f 8014 8154 8284
f 8066 8284 8285
f 8154 8286 8284
f 8154 8283 8286
f 8068 8285 8296
f 8284 8297 8285
f 8284 8286 8297
f 8155 8288 8283
f 8162 8287 8289
f 8283 8290 8286
f 8283 8288 8290
f 8162 8289 8288
f 8286 8300 8297
f 8286 8290 8300
f 8288 8289 8291
f 8288 8291 8290
f 8290 8291 8301
f 8071 8292 8167
f 8292 8293 8167
f 8292 8552 8293
f 8293 8294 8170
f 8552 8294 8293
f 8552 8555 8294
f 8294 8171 8170
f 8294 8295 8171
f 8555 8295 8294
f 8285 8298 8296
f 8285 8297 8298
f 8075 8296 8299
f 8296 8325 8299
f 8296 8298 8325
f 8297 8300 8302
f 8297 8302 8298
f 8290 8301 8300
f 8300 8301 8303
f 8300 8303 8302
f 8298 8326 8325
f 8298 8302 8326
f 8302 8303 8327
f 8191 8307 8304
f 8191 8201 8307
f 8287 8304 8305
f 8287 8305 8289
f 8304 8310 8305
f 8304 8307 8310
f 8289 8305 8306
f 8289 8306 8291
f 8305 8310 8320
f 8305 8320 8306
f 8201 8309 8307
f 8201 8308 8309
f 8203 8333 8308
f 8308 8336 8309
f 8307 8311 8310
f 8307 8309 8311
f 8310 8311 8321
f 8309 8355 8311
f 8312 8315 8209
f 8295 8312 8171
f 8295 8313 8312
f 8556 8313 8295
f 8313 8315 8312
f 8313 8317 8315
f 8567 8317 8313
f 8315 8314 8209
f 8315 8316 8314
f 8317 8316 8315
f 8316 8345 8314
f 8317 8569 8316
f 8569 8347 8316
f 8291 8306 8318
f 8291 8318 8301
f 8306 8320 8322
f 8306 8322 8318
f 8301 8318 8319
f 8301 8319 8303
f 8318 8329 8319
f 8318 8322 8329
f 8310 8321 8320
f 8320 8321 8323
f 8320 8323 8322
f 8311 8356 8321
f 8321 8359 8323
f 8322 8330 8329
f 8322 8323 8330
f 8077 8299 8324
f 8299 8577 8324
f 8299 8325 8577
f 8325 8578 8577
f 8325 8326 8578
f 8302 8327 8326
f 8326 8327 8579
f 8303 8319 8328
f 8303 8328 8327
f 8319 8329 8331
f 8319 8331 8328
f 8327 8328 8592
f 8329 8593 8331
f 8329 8330 8593
f 8323 8403 8330
f 8330 8649 8593
f 8227 8334 8332
f 8203 8332 8333
f 8308 8333 8336
f 8332 8335 8333
f 8332 8334 8335
f 8232 8338 8334
f 8232 8242 8338
f 8334 8341 8335
f 8334 8338 8341
f 8309 8336 8355
f 8333 8337 8336
f 8333 8335 8337
f 8335 8341 8342
f 8335 8342 8337
f 8336 8337 8357
f 8242 8340 8338
f 8242 8339 8340
f 8338 8343 8341
f 8338 8340 8343
f 8245 8367 8246
f 8246 8368 8339
f 8339 8373 8340
f 8341 8343 8351
f 8341 8351 8342
f 8340 8374 8343
f 8314 8345 8258
f 8345 8344 8258
f 8345 8346 8344
f 8346 8349 8344
f 8336 8357 8355
f 8337 8342 8361
f 8316 8347 8345
f 8347 8346 8345
f 8346 8352 8349
f 8348 8352 8346
f 8569 8626 8347
f 8626 8348 8347
f 8347 8348 8346
f 8348 8353 8352
f 8627 8353 8348
f 8352 8350 8349
f 8349 8350 8262
f 8350 8382 8262
f 8343 8395 8351
f 8352 8354 8350
f 8354 8386 8350
f 8353 8354 8352
f 8353 8628 8354
f 8628 8387 8354
f 8311 8355 8356
f 8355 8358 8356
f 8355 8357 8358
f 8337 8361 8357
f 8357 8361 8363
f 8357 8363 8358
f 8321 8356 8359
f 8356 8360 8359
f 8356 8358 8360
f 8358 8363 8365
f 8323 8359 8403
f 8358 8365 8360
f 8342 8362 8361
f 8342 8351 8362
f 8361 8364 8363
f 8361 8362 8364
f 8351 8396 8362
f 8362 8399 8364
f 8363 8406 8365
f 8363 8364 8406
f 8245 8366 8367
f 8246 8367 8368
f 8339 8368 8373
f 8263 8370 8264
f 8264 8371 8366
f 8366 8372 8367
f 8263 8369 8370
f 8264 8370 8371
f 8366 8371 8372
f 8367 8375 8368
f 8367 8372 8375
f 8340 8373 8374
f 8343 8374 8395
f 8368 8376 8373
f 8368 8375 8376
f 8373 8385 8374
f 8373 8376 8385
f 8369 8378 8370
f 8369 8377 8378
f 8370 8379 8371
f 8371 8380 8372
f 8370 8378 8379
f 8371 8379 8380
f 8377 9268 8378
f 8276 9267 8377
f 8378 9269 8379
f 8372 8381 8375
f 8375 8392 8376
f 8372 8380 8381
f 8375 8381 8392
f 8379 9270 8380
f 8380 9281 8381
f 8262 8382 8280
f 8350 8386 8382
f 8382 8383 8280
f 8382 8384 8383
f 8386 8384 8382
f 8386 8388 8384
f 8354 8387 8386
f 8628 8640 8387
f 8387 8388 8386
f 8387 8389 8388
f 8640 8389 8387
f 8384 8391 8383
f 8383 8391 8390
f 8384 8393 8391
f 8391 9276 8390
f 8393 9277 8391
f 8376 8400 8385
f 8376 8392 8400
f 8381 9299 8392
f 8388 8393 8384
f 8388 8394 8393
f 8389 8394 8388
f 8389 8639 8394
f 8394 9284 8393
f 8639 9285 8394
f 8351 8395 8396
f 8374 8397 8395
f 8374 8385 8397
f 8395 8398 8396
f 8395 8397 8398
f 8362 8396 8399
f 8396 8398 8408
f 8364 8399 8407
f 8396 8408 8399
f 8385 8400 8401
f 8385 8401 8397
f 8392 9300 8400
f 8400 9303 8401
f 8397 8402 8398
f 8397 8401 8402
f 8398 8410 8408
f 8398 8402 8410
f 8401 9305 8402
f 8359 8404 8403
f 8330 8403 8649
f 8359 8360 8404
f 8360 8365 8405
f 8360 8405 8404
f 8403 8404 8650
f 8365 8406 8652
f 8365 8652 8405
f 8364 8407 8406
f 8406 8669 8652
f 8406 8407 8669
f 8399 8408 8409
f 8399 8409 8407
f 8407 8409 8670
f 8408 8410 8671
f 8408 8671 8409
f 8402 9383 8410
f 8410 9523 8671
f 8411 8412 7845
f 8414 8412 8411
f 8412 8415 7846
f 8415 7847 7846
f 8415 8416 7847
f 8416 7859 7847
f 3878 8414 8411
f 8414 8417 8412
f 8420 8417 8414
f 8417 8415 8412
f 8417 8418 8415
f 8418 8416 8415
f 8418 8419 8416
f 3883 8420 8414
f 8420 8422 8417
f 8422 8418 8417
f 8422 8423 8418
f 8423 8419 8418
f 8423 8424 8419
f 3886 8421 8420
f 8421 8422 8420
f 8421 8425 8422
f 8425 8423 8422
f 8425 8451 8423
f 8451 8424 8423
f 8451 8452 8424
f 8416 8426 7859
f 8426 8413 7859
f 8419 8426 8416
f 8419 8427 8426
f 8427 8429 8426
f 8426 8429 8413
f 8429 8428 8413
f 8429 8430 8428
f 8427 8431 8429
f 8431 8430 8429
f 8431 8433 8430
f 8424 8427 8419
f 8424 8432 8427
f 8432 8431 8427
f 8452 8432 8424
f 8452 8453 8432
f 8453 8434 8432
f 8432 8434 8431
f 8434 8433 8431
f 8434 8435 8433
f 8453 8466 8434
f 8466 8435 8434
f 8043 8437 8436
f 8044 8439 8437
f 8045 8046 8440
f 8045 8440 8439
f 3893 8436 8438
f 8436 8437 8441
f 8436 8441 8438
f 3897 8438 8706
f 8438 8441 8707
f 8437 8439 8442
f 8437 8442 8441
f 8439 8440 8443
f 8439 8443 8442
f 8441 8442 8708
f 8046 8047 8446
f 8046 8446 8440
f 8047 8444 8448
f 8047 8448 8446
f 8440 8446 8447
f 8440 8447 8443
f 8446 8715 8447
f 8444 8445 8449
f 8444 8449 8448
f 8446 8448 8715
f 8448 8449 8716
f 8448 8716 8715
f 3909 8450 8421
f 8450 8425 8421
f 8450 8454 8425
f 8454 8451 8425
f 8455 8452 8451
f 8456 8453 8452
f 8466 8467 8435
f 3919 8457 8450
f 8457 8454 8450
f 8454 8455 8451
f 8455 8456 8452
f 8458 8455 8454
f 8459 8456 8455
f 8457 8458 8454
f 8461 8458 8457
f 3920 8461 8457
f 8461 8462 8458
f 8458 8459 8455
f 8462 8459 8458
f 8459 8460 8456
f 8463 8460 8459
f 8462 8463 8459
f 8463 8464 8460
f 8465 8466 8453
f 8456 8465 8453
f 8460 8465 8456
f 8470 8468 8465
f 8468 8467 8466
f 8465 8468 8466
f 8468 8469 8467
f 8460 8470 8465
f 8470 8472 8468
f 8472 8469 8468
f 8472 8473 8469
f 8464 8470 8460
f 8464 8471 8470
f 8471 8472 8470
f 8471 8547 8472
f 8547 8473 8472
f 8547 8548 8473
f 8428 8474 7993
f 8430 8474 8428
f 8476 8475 8474
f 8474 8475 7994
f 8477 8478 8475
f 8430 8476 8474
f 8433 8476 8430
f 8480 8477 8476
f 8476 8477 8475
f 8475 8478 8056
f 8478 8486 8056
f 8478 8488 8486
f 8477 8479 8478
f 8479 8488 8478
f 8479 8493 8488
f 8481 8479 8477
f 8433 8480 8476
f 8435 8480 8433
f 8482 8481 8480
f 8480 8481 8477
f 8483 8484 8481
f 8435 8482 8480
f 8467 8482 8435
f 8518 8483 8482
f 8482 8483 8481
f 8481 8484 8479
f 8484 8493 8479
f 8484 8496 8493
f 8483 8485 8484
f 8485 8496 8484
f 8485 8517 8496
f 8488 8487 8486
f 8488 8489 8487
f 8489 8490 8487
f 8493 8489 8488
f 8487 8490 8070
f 8490 8491 8071
f 8489 8492 8490
f 8492 8491 8490
f 8492 8494 8491
f 8494 8553 8491
f 8495 8492 8489
f 8493 8495 8489
f 8495 8498 8492
f 8498 8494 8492
f 8498 8499 8494
f 8499 8557 8494
f 8496 8495 8493
f 8497 8498 8495
f 8496 8497 8495
f 8517 8497 8496
f 8527 8500 8497
f 8500 8499 8498
f 8497 8500 8498
f 8500 8501 8499
f 8501 8563 8499
f 8049 8502 8445
f 8078 8503 8502
f 8079 8506 8503
f 8079 8080 8506
f 8080 8512 8506
f 8080 8508 8512
f 8445 8502 8504
f 8445 8504 8449
f 8502 8503 8505
f 8502 8505 8504
f 8503 8507 8505
f 8449 8504 8743
f 8449 8743 8716
f 8504 8505 8744
f 8503 8506 8507
f 8506 8512 8514
f 8505 8507 8747
f 8506 8514 8507
f 8519 8485 8483
f 8082 8510 8509
f 8508 8509 8513
f 8083 8511 8510
f 8084 8580 8511
f 8508 8513 8512
f 8509 8515 8513
f 8512 8749 8514
f 8512 8513 8749
f 8513 8752 8749
f 8509 8510 8515
f 8510 8511 8516
f 8510 8516 8515
f 8511 8582 8516
f 8513 8515 8752
f 8515 8516 8753
f 8515 8753 8752
f 8516 8942 8753
f 8517 8527 8497
f 8530 8501 8500
f 8527 8530 8500
f 8530 8531 8501
f 8531 8588 8501
f 8467 8518 8482
f 8469 8518 8467
f 8518 8519 8483
f 8520 8519 8518
f 8469 8520 8518
f 8520 8521 8519
f 8521 8522 8519
f 8519 8522 8485
f 8522 8517 8485
f 8522 8528 8517
f 8521 8523 8522
f 8523 8528 8522
f 8523 8534 8528
f 8473 8520 8469
f 8524 8521 8520
f 8473 8524 8520
f 8525 8523 8521
f 8524 8525 8521
f 8548 8524 8473
f 8549 8525 8524
f 8548 8549 8524
f 8550 8526 8525
f 8549 8550 8525
f 8525 8526 8523
f 8526 8534 8523
f 8526 8536 8534
f 8550 8551 8526
f 8551 8536 8526
f 8528 8527 8517
f 8529 8530 8527
f 8528 8529 8527
f 8534 8529 8528
f 8535 8532 8529
f 8532 8531 8530
f 8529 8532 8530
f 8532 8533 8531
f 8533 8604 8531
f 8538 8533 8532
f 8534 8535 8529
f 8535 8538 8532
f 8538 8539 8533
f 8539 8608 8533
f 8536 8535 8534
f 8536 8537 8535
f 8537 8538 8535
f 8823 8537 8536
f 8824 8540 8537
f 8540 8539 8538
f 8537 8540 8538
f 8541 8612 8539
f 8540 8541 8539
f 8827 8541 8540
f 8828 8614 8541
f 3953 8542 8461
f 8542 8462 8461
f 8542 8543 8462
f 3957 8781 8542
f 8781 8543 8542
f 8543 8463 8462
f 8544 8464 8463
f 8543 8544 8463
f 8544 8545 8464
f 8783 8544 8543
f 8784 8545 8544
f 8781 8783 8543
f 8545 8471 8464
f 8545 8546 8471
f 8546 8547 8471
f 8546 8789 8547
f 8789 8548 8547
f 8789 8790 8548
f 8790 8549 8548
f 8817 8550 8549
f 8551 8823 8536
f 8823 8824 8537
f 8553 8552 8292
f 8491 8553 8292
f 8557 8554 8553
f 8553 8554 8552
f 8494 8557 8553
f 8554 8555 8552
f 8554 8559 8555
f 8555 8556 8295
f 8559 8556 8555
f 8559 8560 8556
f 8563 8558 8557
f 8557 8558 8554
f 8558 8559 8554
f 8558 8561 8559
f 8561 8560 8559
f 8561 8562 8560
f 8564 8561 8558
f 8499 8563 8557
f 8501 8588 8563
f 8588 8564 8563
f 8563 8564 8558
f 8564 8565 8561
f 8589 8565 8564
f 8565 8562 8561
f 8565 8566 8562
f 8556 8567 8313
f 8560 8567 8556
f 8567 8568 8317
f 8570 8568 8567
f 8568 8569 8317
f 8568 8572 8569
f 8572 8626 8569
f 8560 8570 8567
f 8562 8570 8560
f 8562 8571 8570
f 8570 8573 8568
f 8571 8573 8570
f 8571 8575 8573
f 8573 8572 8568
f 8573 8574 8572
f 8574 8629 8572
f 8575 8574 8573
f 8575 8576 8574
f 8576 8631 8574
f 8566 8571 8562
f 8566 8599 8571
f 8599 8575 8571
f 8601 8576 8575
f 8084 8324 8580
f 8324 8581 8580
f 8324 8577 8581
f 8577 8578 8584
f 8326 8579 8578
f 8511 8580 8582
f 8580 8581 8583
f 8580 8583 8582
f 8516 8582 8942
f 8582 8583 8943
f 8577 8584 8581
f 8578 8585 8584
f 8578 8579 8585
f 8581 8584 8586
f 8581 8586 8583
f 8584 8585 8587
f 8584 8587 8586
f 8531 8604 8588
f 8604 8589 8588
f 8588 8589 8564
f 8589 8590 8565
f 8605 8590 8589
f 8590 8566 8565
f 8590 8591 8566
f 8606 8591 8590
f 8327 8592 8579
f 8328 8331 8595
f 8328 8595 8592
f 8331 8596 8595
f 8331 8593 8596
f 8579 8592 8594
f 8579 8594 8585
f 8592 8595 8597
f 8592 8597 8594
f 8585 8594 8950
f 8585 8950 8587
f 8594 8597 8952
f 8594 8952 8950
f 8593 8653 8596
f 8595 8598 8597
f 8595 8596 8598
f 8597 8953 8952
f 8597 8598 8953
f 8596 8655 8598
f 8599 8601 8575
f 8591 8599 8566
f 8591 8600 8599
f 8600 8601 8599
f 8600 8603 8601
f 8601 8602 8576
f 8602 8661 8576
f 8603 8602 8601
f 8603 8618 8602
f 8618 8663 8602
f 8604 8605 8589
f 8608 8605 8604
f 8533 8608 8604
f 8608 8609 8605
f 8605 8606 8590
f 8609 8606 8605
f 8606 8607 8591
f 8610 8607 8606
f 8612 8609 8608
f 8609 8610 8606
f 8613 8610 8609
f 8610 8611 8607
f 8615 8611 8610
f 8539 8612 8608
f 8612 8613 8609
f 8614 8613 8612
f 8541 8614 8612
f 8614 8962 8613
f 8613 8615 8610
f 8962 8615 8613
f 8615 8616 8611
f 8962 8963 8615
f 8963 8616 8615
f 8607 8600 8591
f 8607 8617 8600
f 8617 8603 8600
f 8617 8620 8603
f 8620 8618 8603
f 8621 8688 8618
f 8611 8617 8607
f 8611 8619 8617
f 8619 8620 8617
f 8619 8622 8620
f 8620 8621 8618
f 8622 8621 8620
f 8622 8623 8621
f 8623 8690 8621
f 8616 8619 8611
f 8616 8624 8619
f 8624 8622 8619
f 8624 8625 8622
f 8964 8624 8616
f 8969 8625 8624
f 8625 8623 8622
f 8625 8970 8623
f 8970 8696 8623
f 8626 8627 8348
f 8627 8633 8353
f 8633 8628 8353
f 8572 8629 8626
f 8629 8627 8626
f 8629 8630 8627
f 8630 8633 8627
f 8630 8635 8633
f 8574 8631 8629
f 8631 8630 8629
f 8661 8632 8631
f 8632 8635 8630
f 8631 8632 8630
f 8632 8636 8635
f 8633 8634 8628
f 8635 8634 8633
f 8634 8640 8628
f 8637 8641 8634
f 8635 8637 8634
f 8636 8637 8635
f 8636 8638 8637
f 8638 8644 8637
f 8576 8661 8631
f 8661 8662 8632
f 8662 8636 8632
f 8665 8638 8636
f 8634 8641 8640
f 8641 8642 8640
f 8640 8642 8389
f 8641 8643 8642
f 8637 8644 8641
f 8638 8679 8644
f 8644 8643 8641
f 8644 8645 8643
f 8679 8645 8644
f 8642 8639 8389
f 8642 8646 8639
f 8643 8646 8642
f 8643 8647 8646
f 8646 9499 8639
f 8647 9500 8646
f 8645 8647 8643
f 8645 8648 8647
f 8648 9503 8647
f 8403 8650 8649
f 8593 8649 8653
f 8404 8405 8651
f 8404 8651 8650
f 8405 8652 8657
f 8405 8657 8651
f 8652 8673 8657
f 8649 8654 8653
f 8649 8650 8654
f 8650 8651 8658
f 8650 8658 8654
f 8596 8653 8655
f 8653 8656 8655
f 8598 8655 8994
f 8653 8654 8656
f 8654 8658 8659
f 8654 8659 8656
f 8651 8657 8660
f 8651 8660 8658
f 8657 8675 8660
f 8658 8660 8999
f 8658 8999 8659
f 8660 9003 8999
f 8663 8662 8661
f 8602 8663 8661
f 8662 8665 8636
f 8664 8665 8662
f 8663 8664 8662
f 8664 8667 8665
f 8618 8688 8663
f 8688 8664 8663
f 8689 8667 8664
f 8688 8689 8664
f 8689 8692 8667
f 8665 8666 8638
f 8667 8666 8665
f 8666 8679 8638
f 8667 8668 8666
f 8692 8668 8667
f 8668 8680 8666
f 8693 8682 8668
f 8652 8669 8673
f 8407 8670 8669
f 8669 8670 8674
f 8409 8672 8670
f 8409 8671 8672
f 8671 9529 8672
f 8681 8648 8645
f 8669 8674 8673
f 8657 8673 8675
f 8673 8674 8676
f 8660 8675 9003
f 8673 8676 8675
f 8675 8676 9004
f 8670 8677 8674
f 8670 8672 8677
f 8672 9531 8677
f 8674 8677 8678
f 8674 8678 8676
f 8677 9532 8678
f 8666 8680 8679
f 8680 8681 8679
f 8679 8681 8645
f 8680 8683 8681
f 8668 8682 8680
f 8682 8683 8680
f 8682 8684 8683
f 8681 8685 8648
f 8683 8685 8681
f 8685 9525 8648
f 8686 9536 8685
f 8683 8686 8685
f 8684 8686 8683
f 8684 8687 8686
f 8687 9539 8686
f 8692 8693 8668
f 8690 8689 8688
f 8621 8690 8688
f 8690 8691 8689
f 8691 8692 8689
f 8691 8694 8692
f 8696 8691 8690
f 8623 8696 8690
f 8697 8694 8691
f 8696 8697 8691
f 8697 8698 8694
f 8694 8693 8692
f 8694 8695 8693
f 8695 8700 8693
f 8698 8695 8694
f 8698 8699 8695
f 8699 8702 8695
f 9016 8697 8696
f 8970 9016 8696
f 9017 8698 8697
f 9018 8699 8698
f 8693 8700 8682
f 8700 8684 8682
f 8700 8701 8684
f 8702 8701 8700
f 8695 8702 8700
f 8699 9024 8702
f 8702 8703 8701
f 9024 8703 8702
f 8701 8687 8684
f 8701 8704 8687
f 8704 9586 8687
f 8703 8704 8701
f 8703 8705 8704
f 9025 8705 8703
f 8705 9588 8704
f 9024 9025 8703
f 4122 8706 8710
f 8438 8707 8706
f 8706 8707 8711
f 8706 8711 8710
f 8441 8708 8707
f 8442 8443 8709
f 8442 8709 8708
f 8707 8708 8712
f 8707 8712 8711
f 8708 8709 8713
f 8708 8713 8712
f 8443 8447 8714
f 8443 8714 8709
f 8447 8717 8714
f 8709 8714 8723
f 8447 8715 8717
f 8715 8716 8718
f 8715 8718 8717
f 8714 8717 8724
f 8709 8723 8713
f 8714 8724 8723
f 8717 8718 8725
f 8717 8725 8724
f 4123 8710 8719
f 8710 8711 8720
f 8710 8720 8719
f 4132 8719 8726
f 8711 8712 8721
f 8712 8713 8722
f 8711 8721 8720
f 8712 8722 8721
f 8713 8723 8734
f 8713 8734 8722
f 8723 8735 8734
f 8723 8724 8735
f 8724 8725 8736
f 8724 8736 8735
f 8719 8720 8727
f 8719 8727 8726
f 8720 8721 8728
f 8720 8728 8727
f 8721 8722 8729
f 8721 8729 8728
f 4143 8726 8730
f 8726 8727 8731
f 8726 8731 8730
f 8727 8728 8732
f 8728 8729 8733
f 8727 8732 8731
f 8728 8733 8732
f 4144 8730 8795
f 8730 8731 8796
f 8722 8734 8737
f 8734 8735 8738
f 8735 8736 8739
f 8722 8737 8729
f 8734 8738 8737
f 8729 8737 8740
f 8735 8739 8738
f 8737 8738 8741
f 8738 8739 8742
f 8729 8740 8733
f 8737 8741 8740
f 8738 8742 8741
f 8504 8744 8743
f 8716 8743 8745
f 8505 8747 8744
f 8743 8744 8746
f 8716 8745 8718
f 8743 8746 8745
f 8744 8748 8746
f 8507 8750 8747
f 8507 8514 8750
f 8744 8747 8748
f 8747 8750 8756
f 8747 8756 8748
f 8718 8745 8758
f 8745 8746 8759
f 8746 8748 8760
f 8514 8751 8750
f 8514 8749 8751
f 8749 8754 8751
f 8750 8751 8757
f 8749 8752 8754
f 8752 8753 8755
f 8752 8755 8754
f 8753 8944 8755
f 8751 8754 8763
f 8754 8755 8764
f 8750 8757 8756
f 8751 8763 8757
f 8754 8764 8763
f 8755 8958 8764
f 8718 8758 8725
f 8745 8759 8758
f 8746 8760 8759
f 8725 8758 8767
f 8758 8759 8768
f 8725 8767 8736
f 8748 8756 8761
f 8748 8761 8760
f 8759 8760 8769
f 8760 8761 8773
f 8756 8757 8762
f 8756 8762 8761
f 8757 8765 8762
f 8757 8763 8765
f 8763 8764 8766
f 8763 8766 8765
f 8764 8973 8766
f 8758 8768 8767
f 8759 8769 8768
f 8760 8773 8769
f 8736 8767 8770
f 8767 8768 8771
f 8736 8770 8739
f 8767 8771 8770
f 8768 8772 8771
f 8768 8769 8772
f 8769 8773 8777
f 8769 8777 8772
f 8739 8770 8835
f 8739 8835 8742
f 8770 8836 8835
f 8770 8771 8836
f 8771 8837 8836
f 8771 8772 8837
f 8772 8777 8838
f 8772 8838 8837
f 8761 8774 8773
f 8761 8762 8774
f 8762 8775 8774
f 8762 8765 8775
f 8765 8766 8776
f 8765 8776 8775
f 8766 8977 8776
f 8773 8778 8777
f 8773 8774 8778
f 8774 8779 8778
f 8774 8775 8779
f 8775 8776 8780
f 8775 8780 8779
f 8776 8981 8780
f 8777 8839 8838
f 8777 8778 8839
f 8778 8779 8840
f 8779 8780 8841
f 8782 8783 8781
f 4172 8782 8781
f 8782 8786 8783
f 8783 8784 8544
f 8786 8784 8783
f 8784 8785 8545
f 8787 8785 8784
f 8786 8787 8784
f 8787 8788 8785
f 8785 8546 8545
f 8791 8789 8546
f 8793 8790 8789
f 8785 8791 8546
f 8788 8791 8785
f 8788 8792 8791
f 8792 8793 8791
f 8791 8793 8789
f 8793 8794 8790
f 8792 8809 8793
f 8809 8794 8793
f 8809 8811 8794
f 8730 8796 8795
f 4179 8795 8864
f 8795 8796 8866
f 8731 8732 8797
f 8732 8733 8798
f 8731 8797 8796
f 8732 8798 8797
f 8733 8740 8799
f 8733 8799 8798
f 8740 8800 8799
f 8740 8741 8800
f 8741 8742 8872
f 8741 8872 8800
f 4189 8801 8782
f 8801 8786 8782
f 8801 8802 8786
f 8802 8787 8786
f 8803 8788 8787
f 8805 8802 8801
f 8802 8803 8787
f 8803 8804 8788
f 8806 8803 8802
f 8807 8804 8803
f 4193 8805 8801
f 8805 8806 8802
f 6711 12707 8805
f 12707 8806 8805
f 12707 12708 8806
f 8806 8807 8803
f 8807 8808 8804
f 12708 8807 8806
f 12708 12710 8807
f 12710 8808 8807
f 12710 12711 8808
f 8804 8792 8788
f 8804 8810 8792
f 8810 8809 8792
f 8808 8810 8804
f 8814 8812 8810
f 8810 8812 8809
f 8812 8811 8809
f 8812 8813 8811
f 8815 8813 8812
f 8808 8814 8810
f 12711 8814 8808
f 12711 12719 8814
f 12719 8815 8814
f 8814 8815 8812
f 8815 8816 8813
f 12721 8816 8815
f 12719 12721 8815
f 12721 12722 8816
f 8818 8551 8550
f 8790 8817 8549
f 8794 8817 8790
f 8820 8818 8817
f 8817 8818 8550
f 8821 8819 8818
f 8819 8823 8551
f 8818 8819 8551
f 8819 8825 8823
f 8794 8820 8817
f 8820 8821 8818
f 8811 8820 8794
f 8842 8821 8820
f 8811 8842 8820
f 8843 8822 8821
f 8821 8822 8819
f 8822 8825 8819
f 8822 8831 8825
f 8846 8831 8822
f 8842 8843 8821
f 8843 8846 8822
f 8846 8850 8831
f 8825 8824 8823
f 8826 8827 8824
f 8825 8826 8824
f 8824 8827 8540
f 8827 8828 8541
f 8829 8828 8827
f 8826 8829 8827
f 8830 9050 8828
f 8829 8830 8828
f 8831 8826 8825
f 8832 8829 8826
f 8831 8832 8826
f 8833 8830 8829
f 8832 8833 8829
f 8833 8834 8830
f 8834 9052 8830
f 8850 8832 8831
f 8851 8833 8832
f 8850 8851 8832
f 8854 8834 8833
f 8851 8854 8833
f 8854 8855 8834
f 8855 9058 8834
f 8742 8835 8900
f 8742 8900 8872
f 8835 8901 8900
f 8835 8836 8901
f 8836 8902 8901
f 8836 8837 8902
f 8837 8838 8909
f 8837 8909 8902
f 8778 8840 8839
f 8838 8839 8910
f 8779 8841 8840
f 8839 8840 8911
f 8840 8841 8912
f 8780 9071 8841
f 8813 8842 8811
f 8813 8844 8842
f 8844 8843 8842
f 8844 8845 8843
f 8845 8846 8843
f 8816 8844 8813
f 8848 8845 8844
f 8849 8847 8845
f 8845 8847 8846
f 8847 8850 8846
f 8847 8852 8850
f 8858 8852 8847
f 8816 8848 8844
f 8848 8849 8845
f 8849 8858 8847
f 8858 8859 8852
f 8852 8851 8850
f 8853 8854 8851
f 8859 8853 8852
f 8852 8853 8851
f 8860 8856 8853
f 8856 8855 8854
f 8857 9078 8855
f 8853 8856 8854
f 8856 8857 8855
f 8861 8857 8856
f 12722 8848 8816
f 12749 8849 8848
f 12722 12749 8848
f 12750 8858 8849
f 12749 12750 8849
f 12750 12753 8858
f 12753 8859 8858
f 12753 12759 8859
f 8862 9080 8857
f 8859 8860 8853
f 12759 8860 8859
f 12760 8861 8860
f 12759 12760 8860
f 8860 8861 8856
f 8861 8862 8857
f 12763 8862 8861
f 12760 12763 8861
f 12763 8863 8862
f 8863 9089 8862
f 8795 8866 8864
f 8796 8797 8867
f 8796 8867 8866
f 8797 8798 8868
f 8797 8868 8867
f 4234 8864 8865
f 8864 8866 8869
f 8864 8869 8865
f 8866 8867 8870
f 8867 8868 8871
f 8866 8870 8869
f 8867 8871 8870
f 4235 8865 8879
f 8865 8869 8880
f 8798 8799 8873
f 8798 8873 8868
f 8799 8874 8873
f 8799 8800 8874
f 8800 8872 8875
f 8868 8873 8876
f 8868 8876 8871
f 8873 8877 8876
f 8800 8875 8874
f 8873 8874 8877
f 8874 8875 8878
f 8874 8878 8877
f 8865 8880 8879
f 4245 8879 8883
f 8879 8880 8888
f 8879 8888 8883
f 8869 8870 8881
f 8869 8881 8880
f 8870 8871 8882
f 8870 8882 8881
f 8880 8881 8889
f 8880 8889 8888
f 8881 8882 8890
f 8881 8890 8889
f 8871 8876 8884
f 8871 8884 8882
f 8876 8885 8884
f 8882 8884 8894
f 8882 8894 8890
f 8884 8896 8894
f 8876 8877 8885
f 8877 8878 8886
f 8877 8886 8885
f 8884 8885 8896
f 8885 8886 8897
f 8885 8897 8896
f 4249 8883 8887
f 8883 8888 8891
f 8883 8891 8887
f 8888 8889 8892
f 8889 8890 8893
f 8888 8892 8891
f 8889 8893 8892
f 8890 8894 8895
f 8890 8895 8893
f 8894 8898 8895
f 8894 8896 8898
f 8896 8897 8899
f 8896 8899 8898
f 8872 8900 8903
f 8900 8901 8904
f 8901 8902 8905
f 8902 8909 8913
f 8872 8903 8875
f 8900 8904 8903
f 8901 8905 8904
f 8875 8903 8906
f 8903 8904 8907
f 8875 8906 8878
f 8903 8907 8906
f 8904 8908 8907
f 8902 8913 8905
f 8904 8905 8908
f 8905 8913 8917
f 8905 8917 8908
f 8838 8910 8909
f 8839 8911 8910
f 8909 8910 8914
f 8840 8912 8911
f 8910 8911 8915
f 8841 9169 8912
f 8909 8914 8913
f 8910 8915 8914
f 8913 8914 8918
f 8911 8912 8916
f 8911 8916 8915
f 8912 9173 8916
f 8914 8915 8924
f 8915 8916 8925
f 8913 8918 8917
f 8914 8924 8918
f 8915 8925 8924
f 8916 9183 8925
f 8878 8906 8919
f 8878 8919 8886
f 8906 8920 8919
f 8906 8907 8920
f 8907 8921 8920
f 8886 8919 8928
f 8886 8928 8897
f 8919 8929 8928
f 8919 8920 8929
f 8920 8932 8929
f 8907 8908 8921
f 8908 8917 8922
f 8908 8922 8921
f 8920 8921 8932
f 8921 8922 8934
f 8921 8934 8932
f 8917 8918 8923
f 8917 8923 8922
f 8918 8926 8923
f 8922 8923 8935
f 8918 8924 8926
f 8924 8925 8927
f 8924 8927 8926
f 8925 9185 8927
f 8923 8926 8938
f 8926 8927 8939
f 8922 8935 8934
f 8923 8938 8935
f 8926 8939 8938
f 8927 9197 8939
f 8897 8928 8930
f 8928 8929 8931
f 8897 8930 8899
f 8928 8931 8930
f 8929 8933 8931
f 8929 8932 8933
f 8932 8934 8936
f 8932 8936 8933
f 8934 8935 8937
f 8934 8937 8936
f 8935 8940 8937
f 8935 8938 8940
f 8938 8939 8941
f 8938 8941 8940
f 8939 9199 8941
f 8582 8943 8942
f 8753 8942 8944
f 8942 8943 8945
f 8942 8945 8944
f 8583 8946 8943
f 8583 8586 8946
f 8586 8587 8947
f 8586 8947 8946
f 8943 8946 8948
f 8943 8948 8945
f 8946 8947 8949
f 8946 8949 8948
f 8755 8944 8958
f 8944 8945 8959
f 8945 8948 8960
f 8948 8949 8961
f 8587 8950 8951
f 8587 8951 8947
f 8950 8952 8954
f 8950 8954 8951
f 8947 8951 8956
f 8947 8956 8949
f 8951 8954 8957
f 8952 8953 8955
f 8598 8994 8953
f 8952 8955 8954
f 8953 8996 8955
f 8954 8955 8966
f 8951 8957 8956
f 8954 8966 8957
f 8955 9011 8966
f 8944 8959 8958
f 8764 8958 8973
f 8958 8959 8974
f 8958 8974 8973
f 8945 8960 8959
f 8948 8961 8960
f 8959 8960 8975
f 8960 8961 8976
f 8959 8975 8974
f 9050 8962 8614
f 8963 8964 8616
f 8949 8956 8965
f 8956 8957 8967
f 8949 8965 8961
f 8956 8967 8965
f 8961 8965 8985
f 8965 8967 8986
f 8957 8966 8968
f 8957 8968 8967
f 8966 9013 8968
f 8964 8969 8624
f 8969 8971 8625
f 8971 8970 8625
f 8971 8972 8970
f 8972 9016 8970
f 8766 8973 8977
f 8973 8974 8978
f 8974 8975 8979
f 8960 8976 8975
f 8975 8976 8980
f 8973 8978 8977
f 8776 8977 8981
f 8977 8978 8982
f 8974 8979 8978
f 8978 8979 8983
f 8975 8980 8979
f 8979 8980 8984
f 8977 8982 8981
f 8780 8981 9071
f 8981 8982 9072
f 8978 8983 8982
f 8982 8983 9073
f 8979 8984 8983
f 8961 8985 8976
f 8965 8986 8985
f 8967 8968 8987
f 8967 8987 8986
f 8968 9033 8987
f 8976 8985 8988
f 8976 8988 8980
f 8985 8989 8988
f 8985 8986 8989
f 8986 8987 8990
f 8986 8990 8989
f 8987 9037 8990
f 8980 8988 8991
f 8980 8991 8984
f 8988 8992 8991
f 8988 8989 8992
f 8989 8990 8993
f 8989 8993 8992
f 8990 9133 8993
f 8655 8995 8994
f 8655 8656 8995
f 8656 8659 8998
f 8656 8998 8995
f 8953 8994 8996
f 8994 8995 8997
f 8995 8998 9001
f 8994 8997 8996
f 8995 9001 8997
f 8659 8999 9000
f 8659 9000 8998
f 8999 9005 9000
f 8998 9000 9002
f 8998 9002 9001
f 9000 9009 9002
f 8955 8996 9011
f 8996 9012 9011
f 8996 8997 9012
f 8997 9001 9014
f 9001 9002 9015
f 8676 8678 9007
f 8999 9003 9005
f 8675 9004 9003
f 9003 9004 9006
f 9003 9006 9005
f 9000 9005 9009
f 9005 9006 9010
f 8676 9007 9004
f 9004 9007 9008
f 8678 10035 9007
f 9004 9008 9006
f 9006 9008 9022
f 9007 10038 9008
f 9002 9009 9020
f 9005 9010 9009
f 9006 9022 9010
f 9008 10061 9022
f 8997 9014 9012
f 8966 9011 9013
f 9011 9030 9013
f 9011 9012 9030
f 9012 9014 9031
f 9012 9031 9030
f 9001 9015 9014
f 9002 9020 9015
f 9014 9032 9031
f 9014 9015 9032
f 9015 9041 9032
f 9016 9017 8697
f 9017 9018 8698
f 9106 9017 9016
f 8972 9106 9016
f 9107 9018 9017
f 9106 9107 9017
f 9107 9110 9018
f 9018 9019 8699
f 9019 9024 8699
f 9110 9019 9018
f 9111 9026 9019
f 9110 9111 9019
f 9028 9590 8705
f 9009 9010 9021
f 9015 9020 9041
f 9009 9021 9020
f 9020 9021 9042
f 9010 9022 9023
f 9010 9023 9021
f 9022 10062 9023
f 9021 9023 9043
f 9019 9026 9024
f 9026 9025 9024
f 9026 9027 9025
f 9111 9122 9026
f 9122 9027 9026
f 9122 9123 9027
f 9025 9028 8705
f 9027 9028 9025
f 9029 10066 9028
f 9027 9029 9028
f 9123 9029 9027
f 9124 10068 9029
f 8968 9013 9033
f 9013 9034 9033
f 9013 9030 9034
f 9030 9031 9035
f 9030 9035 9034
f 9031 9036 9035
f 9031 9032 9036
f 9032 9044 9036
f 8987 9033 9037
f 9033 9038 9037
f 9033 9034 9038
f 9034 9035 9039
f 9034 9039 9038
f 9035 9040 9039
f 9035 9036 9040
f 8990 9037 9133
f 9037 9134 9133
f 9037 9038 9134
f 9038 9039 9135
f 9038 9135 9134
f 9036 9047 9040
f 9039 9040 9136
f 9039 9136 9135
f 9040 9137 9136
f 9032 9041 9044
f 9020 9042 9041
f 9041 9042 9045
f 9021 9043 9042
f 9042 9043 9046
f 9023 10095 9043
f 9036 9044 9047
f 9041 9045 9044
f 9044 9045 9048
f 9042 9046 9045
f 9045 9046 9049
f 9043 10099 9046
f 9044 9048 9047
f 9040 9047 9137
f 9047 9048 9138
f 9047 9138 9137
f 9045 9049 9048
f 9048 9049 9139
f 9046 10102 9049
f 8828 9050 8614
f 9050 9051 8962
f 8830 9052 9050
f 9052 9051 9050
f 9052 9053 9051
f 9051 8963 8962
f 9051 9054 8963
f 9054 8964 8963
f 9054 9055 8964
f 9053 9054 9051
f 9053 9056 9054
f 9056 9055 9054
f 9056 9057 9055
f 9058 9053 9052
f 8834 9058 9052
f 9058 9059 9053
f 9078 9059 9058
f 8855 9078 9058
f 9078 9079 9059
f 9059 9056 9053
f 9059 9060 9056
f 9060 9057 9056
f 9060 9061 9057
f 9079 9060 9059
f 9079 9081 9060
f 9081 9061 9060
f 9081 9082 9061
f 9055 8969 8964
f 9062 8971 8969
f 9055 9062 8969
f 9062 9063 8971
f 9057 9062 9055
f 9057 9065 9062
f 9065 9063 9062
f 9065 9067 9063
f 9063 8972 8971
f 9063 9064 8972
f 9064 9106 8972
f 9067 9064 9063
f 9068 9108 9064
f 9067 9068 9064
f 9061 9065 9057
f 9061 9066 9065
f 9066 9067 9065
f 9066 9069 9067
f 9082 9066 9061
f 9082 9083 9066
f 9083 9069 9066
f 9083 9084 9069
f 9069 9068 9067
f 9069 9070 9068
f 9070 9114 9068
f 9084 9070 9069
f 9084 9085 9070
f 9085 9116 9070
f 8981 9072 9071
f 8841 9071 9169
f 9071 9072 9170
f 8982 9073 9072
f 8983 9074 9073
f 8983 8984 9074
f 8984 8991 9075
f 8984 9075 9074
f 8991 8992 9076
f 8991 9076 9075
f 8992 8993 9077
f 8992 9077 9076
f 8993 9211 9077
f 9080 9079 9078
f 8857 9080 9078
f 9080 9086 9079
f 9086 9081 9079
f 9087 9082 9081
f 9086 9087 9081
f 9088 9083 9082
f 9097 9084 9083
f 9089 9086 9080
f 9090 9087 9086
f 9087 9088 9082
f 9093 9088 9087
f 8862 9089 9080
f 9089 9090 9086
f 9091 9090 9089
f 8863 9091 9089
f 9091 9092 9090
f 9090 9093 9087
f 9093 9094 9088
f 9092 9093 9090
f 9092 9095 9093
f 9095 9094 9093
f 9095 9096 9094
f 9088 9097 9083
f 9094 9097 9088
f 9097 9098 9084
f 9100 9098 9097
f 9098 9085 9084
f 9099 9141 9085
f 9098 9099 9085
f 9102 9099 9098
f 9103 9143 9099
f 9094 9100 9097
f 9100 9102 9098
f 9096 9100 9094
f 9096 9101 9100
f 9101 9102 9100
f 9101 9104 9102
f 9102 9103 9099
f 9104 9103 9102
f 9104 9105 9103
f 9105 9149 9103
f 9108 9107 9106
f 9064 9108 9106
f 9109 9110 9107
f 9108 9109 9107
f 9109 9112 9110
f 9112 9111 9110
f 9112 9113 9111
f 9113 9122 9111
f 9114 9109 9108
f 9068 9114 9108
f 9115 9112 9109
f 9114 9115 9109
f 9115 9118 9112
f 9118 9113 9112
f 9118 9119 9113
f 9119 9125 9113
f 9116 9115 9114
f 9117 9118 9115
f 9070 9116 9114
f 9116 9117 9115
f 9117 9120 9118
f 9085 9141 9116
f 9141 9117 9116
f 9142 9120 9117
f 9120 9119 9118
f 9120 9121 9119
f 9121 9128 9119
f 9145 9121 9120
f 9146 9130 9121
f 9125 9123 9122
f 9123 9124 9029
f 9113 9125 9122
f 9125 9126 9123
f 9119 9128 9125
f 9128 9126 9125
f 9128 9129 9126
f 9126 9124 9123
f 9126 9127 9124
f 9127 10238 9124
f 9129 9127 9126
f 9132 10240 9127
f 9129 9132 9127
f 9121 9130 9128
f 9130 9129 9128
f 9130 9131 9129
f 9131 9132 9129
f 9140 10244 9132
f 9131 9140 9132
f 8993 9133 9211
f 9133 9212 9211
f 9133 9134 9212
f 9134 9135 9213
f 9134 9213 9212
f 9135 9136 9214
f 9135 9214 9213
f 9136 9223 9214
f 9136 9137 9223
f 9137 9138 9224
f 9048 9139 9138
f 9138 9139 9225
f 9049 10260 9139
f 9157 9131 9130
f 9158 9140 9131
f 9161 10263 9140
f 9141 9142 9117
f 9142 9145 9120
f 9143 9142 9141
f 9144 9145 9142
f 9099 9143 9141
f 9149 9144 9143
f 9143 9144 9142
f 9144 9147 9145
f 9150 9147 9144
f 9145 9146 9121
f 9147 9146 9145
f 9148 9157 9146
f 9147 9148 9146
f 9152 9148 9147
f 9153 9159 9148
f 9103 9149 9143
f 9151 9150 9149
f 9149 9150 9144
f 9150 9152 9147
f 9154 9152 9150
f 9105 9151 9149
f 9151 9154 9150
f 9154 9155 9152
f 9152 9153 9148
f 9155 9153 9152
f 9156 9163 9153
f 9155 9156 9153
f 9146 9157 9130
f 9157 9158 9131
f 9159 9158 9157
f 9148 9159 9157
f 9159 9160 9158
f 9163 9160 9159
f 9158 9161 9140
f 9160 9161 9158
f 9162 10278 9161
f 9160 9162 9161
f 9164 9162 9160
f 9165 10280 9162
f 9153 9163 9159
f 9163 9164 9160
f 9166 9164 9163
f 9156 9166 9163
f 9164 9165 9162
f 9167 9165 9164
f 9166 9167 9164
f 13133 9167 9166
f 9168 10284 9165
f 9167 9168 9165
f 13134 9168 9167
f 13137 10286 9168
f 9071 9170 9169
f 9072 9171 9170
f 9072 9073 9171
f 9073 9172 9171
f 9073 9074 9172
f 8912 9169 9173
f 9169 9170 9174
f 9169 9174 9173
f 8916 9173 9183
f 9173 9174 9184
f 9170 9171 9175
f 9170 9175 9174
f 9171 9172 9176
f 9171 9176 9175
f 9173 9184 9183
f 9174 9175 9187
f 9174 9187 9184
f 9175 9176 9188
f 9175 9188 9187
f 9074 9075 9177
f 9074 9177 9172
f 9075 9076 9178
f 9075 9178 9177
f 9076 9077 9180
f 9076 9180 9178
f 9077 9215 9180
f 9172 9177 9179
f 9172 9179 9176
f 9177 9178 9181
f 9177 9181 9179
f 9178 9180 9182
f 9178 9182 9181
f 9180 9217 9182
f 9176 9179 9191
f 9176 9191 9188
f 9179 9181 9193
f 9179 9193 9191
f 9181 9182 9194
f 9181 9194 9193
f 9182 9232 9194
f 8925 9183 9185
f 9183 9184 9186
f 9183 9186 9185
f 8927 9185 9197
f 9185 9186 9198
f 9184 9187 9189
f 9187 9188 9190
f 9184 9189 9186
f 9187 9190 9189
f 9186 9189 9201
f 9189 9190 9202
f 9185 9198 9197
f 9186 9201 9198
f 9189 9202 9201
f 9188 9191 9192
f 9191 9193 9195
f 9188 9192 9190
f 9191 9195 9192
f 9190 9192 9205
f 9192 9195 9207
f 9193 9194 9196
f 9193 9196 9195
f 9194 9234 9196
f 9195 9196 9208
f 9190 9205 9202
f 9192 9207 9205
f 9195 9208 9207
f 9196 9246 9208
f 8939 9197 9199
f 9197 9198 9200
f 9197 9200 9199
f 9198 9201 9203
f 9201 9202 9204
f 9198 9203 9200
f 9201 9204 9203
f 9202 9205 9206
f 9205 9207 9209
f 9202 9206 9204
f 9205 9209 9206
f 9207 9208 9210
f 9207 9210 9209
f 9208 9248 9210
f 9209 9210 13164
f 9077 9211 9215
f 9211 9216 9215
f 9211 9212 9216
f 9212 9213 9219
f 9212 9219 9216
f 9213 9214 9220
f 9213 9220 9219
f 9214 9226 9220
f 9180 9215 9217
f 9215 9218 9217
f 9215 9216 9218
f 9216 9219 9221
f 9216 9221 9218
f 9219 9220 9222
f 9219 9222 9221
f 9220 9229 9222
f 9182 9217 9232
f 9217 9233 9232
f 9217 9218 9233
f 9218 9221 9236
f 9218 9236 9233
f 9221 9222 9237
f 9221 9237 9236
f 9222 9240 9237
f 9137 9224 9223
f 9214 9223 9226
f 9223 9227 9226
f 9223 9224 9227
f 9138 9225 9224
f 9224 9228 9227
f 9224 9225 9228
f 9139 10383 9225
f 9225 10386 9228
f 9220 9226 9229
f 9226 9227 9230
f 9226 9230 9229
f 9227 9231 9230
f 9227 9228 9231
f 9228 10389 9231
f 9222 9229 9240
f 9229 9230 9241
f 9229 9241 9240
f 9230 9231 9244
f 9230 9244 9241
f 9231 10407 9244
f 9194 9232 9234
f 9232 9235 9234
f 9232 9233 9235
f 9233 9236 9238
f 9196 9234 9246
f 9233 9238 9235
f 9234 9235 9247
f 9235 9238 9250
f 9236 9237 9239
f 9236 9239 9238
f 9238 9239 9251
f 9237 9242 9239
f 9234 9247 9246
f 9235 9250 9247
f 9238 9251 9250
f 9239 9254 9251
f 9237 9240 9242
f 9240 9241 9243
f 9239 9242 9254
f 9240 9243 9242
f 9242 9243 9255
f 9241 9244 9245
f 9241 9245 9243
f 9243 9245 9258
f 9244 10409 9245
f 9242 9255 9254
f 9243 9258 9255
f 9245 10423 9258
f 9208 9246 9248
f 9246 9247 9249
f 9247 9250 9252
f 9246 9249 9248
f 9247 9252 9249
f 9210 9248 13205
f 9248 9249 13206
f 9249 9252 13209
f 9250 9251 9253
f 9250 9253 9252
f 9251 9256 9253
f 9252 9253 13210
f 9251 9254 9256
f 9254 9255 9257
f 9254 9257 9256
f 9256 9257 13221
f 9253 9256 13220
f 9255 9258 9259
f 9255 9259 9257
f 9257 9259 13224
f 9258 10425 9259
f 8277 9261 9260
f 8278 9262 9261
f 8276 9260 9267
f 9261 9265 9260
f 8279 9263 9262
f 8282 9275 9263
f 9262 9264 9261
f 9263 9266 9262
f 9261 9264 9265
f 9262 9266 9264
f 9263 9278 9266
f 9264 9288 9265
f 8377 9267 9268
f 8378 9268 9269
f 9260 9271 9267
f 9260 9265 9271
f 8379 9269 9270
f 8380 9270 9281
f 9267 9272 9268
f 9268 9273 9269
f 9269 9282 9270
f 9267 9271 9272
f 9268 9272 9273
f 9269 9273 9282
f 9265 9274 9271
f 9271 9293 9272
f 9272 9294 9273
f 9271 9274 9293
f 9272 9293 9294
f 8390 9276 9275
f 9275 9278 9263
f 9276 9279 9275
f 8391 9277 9276
f 9277 9280 9276
f 9275 9279 9278
f 9276 9280 9279
f 9277 9286 9280
f 8381 9281 9299
f 9270 9283 9281
f 9270 9282 9283
f 8393 9284 9277
f 9284 9286 9277
f 9285 9287 9284
f 8394 9285 9284
f 9284 9287 9286
f 9285 9304 9287
f 9266 9289 9264
f 9278 9290 9266
f 9279 9291 9278
f 9264 9289 9288
f 9266 9290 9289
f 9278 9291 9290
f 9265 9288 9274
f 9280 9292 9279
f 9286 9296 9280
f 9279 9292 9291
f 9280 9296 9292
f 9289 9311 9288
f 9290 9312 9289
f 9291 9313 9290
f 9289 9312 9311
f 9290 9313 9312
f 9288 9311 9322
f 9292 9314 9291
f 9296 9324 9292
f 9291 9314 9313
f 9292 9324 9314
f 9273 9295 9282
f 9282 9307 9283
f 9273 9294 9295
f 9282 9295 9307
f 9288 9322 9274
f 9274 9323 9293
f 9293 9345 9294
f 9294 9346 9295
f 9274 9322 9323
f 9293 9323 9345
f 9296 9327 9324
f 9287 9297 9286
f 9286 9297 9296
f 9287 9298 9297
f 9304 9298 9287
f 9297 9327 9296
f 9297 9328 9327
f 9298 9328 9297
f 9298 9361 9328
f 8392 9299 9300
f 9281 9301 9299
f 8400 9300 9303
f 9299 9302 9300
f 9281 9283 9301
f 9299 9301 9302
f 9300 9302 9306
f 8401 9303 9305
f 9300 9306 9303
f 8639 9499 9285
f 9499 9304 9285
f 9303 9384 9305
f 9303 9306 9384
f 9283 9308 9301
f 9283 9307 9308
f 9301 9309 9302
f 9301 9308 9309
f 9295 9351 9307
f 9294 9345 9346
f 9295 9346 9351
f 9307 9352 9308
f 9307 9351 9352
f 9302 9309 9310
f 9308 9364 9309
f 9308 9352 9364
f 9304 9505 9298
f 9505 9361 9298
f 9505 9508 9361
f 9302 9310 9306
f 9306 9386 9384
f 9306 9310 9386
f 9309 9387 9310
f 9309 9364 9387
f 9312 9315 9311
f 9313 9316 9312
f 9314 9317 9313
f 9324 9318 9314
f 9312 9316 9315
f 9313 9317 9316
f 9316 9319 9315
f 9314 9318 9317
f 9317 9320 9316
f 9318 9321 9317
f 9316 9320 9319
f 9317 9321 9320
f 9318 9326 9321
f 9320 9335 9319
f 9321 9334 9320
f 9311 9347 9322
f 9311 9315 9347
f 9322 9348 9323
f 9315 9354 9347
f 9322 9347 9348
f 9324 9325 9318
f 9325 9326 9318
f 9319 9367 9354
f 9315 9319 9354
f 9325 9331 9326
f 9326 9336 9321
f 9331 9339 9326
f 9327 9325 9324
f 9327 9329 9325
f 9329 9331 9325
f 9328 9329 9327
f 9328 9330 9329
f 9330 9332 9329
f 9361 9330 9328
f 9329 9332 9331
f 9330 9333 9332
f 9332 9340 9331
f 9333 9341 9332
f 9320 9334 9335
f 9319 9335 9367
f 9321 9336 9334
f 9326 9339 9336
f 9334 9337 9335
f 9336 9338 9334
f 9339 9342 9336
f 9334 9338 9337
f 9336 9342 9338
f 9335 9337 9371
f 9331 9340 9339
f 9332 9341 9340
f 9340 9343 9339
f 9341 9344 9340
f 9339 9343 9342
f 9340 9344 9343
f 9341 9377 9344
f 9323 9349 9345
f 9345 9350 9346
f 9323 9348 9349
f 9345 9349 9350
f 9347 9355 9348
f 9348 9356 9349
f 9349 9357 9350
f 9346 9350 9353
f 9346 9353 9351
f 9351 9359 9352
f 9350 9358 9353
f 9351 9353 9359
f 9347 9354 9355
f 9348 9355 9356
f 9349 9356 9357
f 9354 9368 9355
f 9355 9369 9356
f 9350 9357 9358
f 9353 9358 9360
f 9356 9370 9357
f 9357 9374 9358
f 9352 9359 9365
f 9353 9360 9359
f 9358 9379 9360
f 9508 9362 9361
f 9361 9362 9330
f 9362 9333 9330
f 9362 9363 9333
f 9363 9376 9333
f 9352 9365 9364
f 9359 9366 9365
f 9364 9388 9387
f 9364 9365 9388
f 9359 9360 9366
f 9365 9366 9391
f 9360 9380 9366
f 9354 9367 9368
f 9355 9368 9369
f 9335 9371 9367
f 9356 9369 9370
f 9357 9370 9374
f 9367 9372 9368
f 9368 9373 9369
f 9369 9375 9370
f 9367 9371 9372
f 9368 9372 9373
f 9369 9373 9375
f 9358 9374 9379
f 9370 9381 9374
f 9370 9375 9381
f 9333 9376 9341
f 9363 9517 9376
f 9376 9377 9341
f 9517 9378 9376
f 9376 9378 9377
f 9374 9382 9379
f 9360 9379 9380
f 9379 9394 9380
f 9374 9381 9382
f 9379 9382 9394
f 8402 9305 9383
f 9305 9385 9383
f 8410 9383 9523
f 9305 9384 9385
f 9383 9385 9524
f 9384 9526 9385
f 9384 9386 9526
f 9310 9387 9389
f 9310 9389 9386
f 9386 9544 9526
f 9386 9389 9544
f 9365 9391 9388
f 9387 9390 9389
f 9387 9388 9390
f 9388 9392 9390
f 9389 9390 9545
f 9388 9391 9392
f 9366 9393 9391
f 9391 9550 9392
f 9366 9380 9393
f 9380 9395 9393
f 9391 9393 9550
f 9380 9394 9395
f 9393 9395 9552
f 9338 9397 9337
f 9337 9397 9402
f 9342 9396 9338
f 9343 9398 9342
f 9338 9396 9397
f 9342 9398 9396
f 9343 9399 9398
f 9344 9399 9343
f 9344 9406 9399
f 9396 9400 9397
f 9398 9401 9396
f 9396 9401 9400
f 9399 9408 9398
f 9398 9408 9401
f 9401 9419 9400
f 9337 9402 9371
f 9371 9403 9372
f 9372 9404 9373
f 9371 9402 9403
f 9372 9403 9404
f 9397 9405 9402
f 9373 9412 9375
f 9373 9404 9412
f 9402 9415 9403
f 9403 9416 9404
f 9402 9405 9415
f 9403 9415 9416
f 9377 9406 9344
f 9378 9407 9377
f 9377 9407 9406
f 9378 9601 9407
f 9397 9400 9405
f 9406 9409 9399
f 9399 9409 9408
f 9406 9410 9409
f 9407 9410 9406
f 9407 9411 9410
f 9601 9411 9407
f 9375 9413 9381
f 9375 9412 9413
f 9381 9413 9414
f 9381 9414 9382
f 9404 9417 9412
f 9404 9416 9417
f 9412 9418 9413
f 9412 9417 9418
f 9413 9462 9414
f 9413 9418 9462
f 9400 9419 9431
f 9408 9420 9401
f 9401 9420 9419
f 9408 9421 9420
f 9409 9421 9408
f 9409 9425 9421
f 9420 9422 9419
f 9421 9423 9420
f 9420 9423 9422
f 9421 9424 9423
f 9425 9424 9421
f 9400 9431 9405
f 9419 9434 9431
f 9419 9422 9434
f 9410 9425 9409
f 9410 9427 9425
f 9427 9426 9425
f 9425 9426 9424
f 9411 9427 9410
f 9411 9428 9427
f 9604 9428 9411
f 9427 9429 9426
f 9428 9429 9427
f 9428 9430 9429
f 9423 9440 9422
f 9424 9441 9423
f 9423 9441 9440
f 9422 9440 9449
f 9426 9442 9424
f 9424 9442 9441
f 9429 9443 9426
f 9430 9444 9429
f 9426 9443 9442
f 9429 9444 9443
f 9405 9432 9415
f 9415 9433 9416
f 9405 9431 9432
f 9415 9432 9433
f 9416 9433 9436
f 9431 9435 9432
f 9432 9438 9433
f 9431 9434 9435
f 9432 9435 9438
f 9416 9436 9417
f 9417 9436 9437
f 9417 9437 9418
f 9433 9438 9439
f 9433 9439 9436
f 9436 9465 9437
f 9436 9439 9465
f 9422 9449 9434
f 9434 9450 9435
f 9435 9451 9438
f 9438 9469 9439
f 9434 9449 9450
f 9435 9450 9451
f 9438 9451 9469
f 9440 9445 9452
f 9441 9445 9440
f 9442 9446 9441
f 9443 9447 9442
f 9444 9448 9443
f 9441 9446 9445
f 9442 9447 9446
f 9443 9448 9447
f 9444 9615 9448
f 9446 9454 9445
f 9447 9455 9446
f 9448 9456 9447
f 9446 9455 9454
f 9447 9456 9455
f 9448 9457 9456
f 9440 9452 9449
f 9449 9453 9450
f 9450 9472 9451
f 9449 9452 9453
f 9450 9453 9472
f 9445 9476 9452
f 9452 9477 9453
f 9615 9457 9448
f 9445 9454 9476
f 9455 9459 9454
f 9456 9458 9455
f 9457 9460 9456
f 9454 9459 9481
f 9455 9458 9459
f 9456 9460 9458
f 9457 9621 9460
f 9454 9481 9476
f 9458 9486 9459
f 9460 9487 9458
f 9458 9487 9486
f 9460 9724 9487
f 9459 9488 9481
f 9459 9486 9488
f 9382 9414 9461
f 9382 9461 9394
f 9394 9624 9395
f 9394 9461 9624
f 9414 9463 9461
f 9414 9462 9463
f 9461 9626 9624
f 9461 9463 9626
f 9418 9437 9464
f 9418 9464 9462
f 9462 9464 9467
f 9437 9466 9464
f 9437 9465 9466
f 9462 9467 9463
f 9463 9467 9633
f 9464 9468 9467
f 9464 9466 9468
f 9439 9470 9465
f 9439 9469 9470
f 9465 9471 9466
f 9465 9470 9471
f 9466 9666 9468
f 9466 9471 9666
f 9451 9473 9469
f 9451 9472 9473
f 9469 9474 9470
f 9469 9473 9474
f 9470 9475 9471
f 9470 9474 9475
f 9471 9475 9668
f 9453 9478 9472
f 9452 9476 9477
f 9472 9479 9473
f 9473 9480 9474
f 9453 9477 9478
f 9472 9478 9479
f 9473 9479 9480
f 9474 9677 9475
f 9474 9480 9677
f 9476 9482 9477
f 9477 9483 9478
f 9478 9484 9479
f 9476 9481 9482
f 9477 9482 9483
f 9478 9483 9484
f 9479 9485 9480
f 9479 9484 9485
f 9481 9489 9482
f 9482 9490 9483
f 9481 9488 9489
f 9482 9489 9490
f 9483 9491 9484
f 9484 9746 9485
f 9483 9490 9491
f 9484 9491 9746
f 9487 9725 9486
f 9486 9725 9492
f 9486 9492 9488
f 9488 9493 9489
f 9489 9494 9490
f 9490 9748 9491
f 9488 9492 9493
f 9489 9493 9494
f 9490 9494 9748
f 9725 9495 9492
f 9492 9496 9493
f 9493 9497 9494
f 9492 9495 9496
f 9493 9496 9497
f 9495 9772 9496
f 9495 9498 9772
f 8646 9500 9499
f 9500 9501 9499
f 9499 9501 9304
f 9500 9502 9501
f 9503 9502 9500
f 8647 9503 9500
f 8648 9525 9503
f 9525 9504 9503
f 9503 9504 9502
f 9501 9505 9304
f 9501 9506 9505
f 9502 9506 9501
f 9506 9508 9505
f 9506 9511 9508
f 9502 9507 9506
f 9507 9511 9506
f 9507 9514 9511
f 9504 9507 9502
f 9504 9528 9507
f 9528 9514 9507
f 9509 9363 9362
f 9511 9509 9508
f 9508 9509 9362
f 9512 9510 9509
f 9509 9510 9363
f 9510 9517 9363
f 9514 9512 9511
f 9511 9512 9509
f 9515 9513 9512
f 9512 9513 9510
f 9513 9519 9510
f 9516 9520 9513
f 9547 9515 9514
f 9514 9515 9512
f 9515 9516 9513
f 9510 9519 9517
f 9519 9518 9517
f 9517 9518 9378
f 9513 9520 9519
f 9520 9521 9519
f 9519 9521 9518
f 9520 9522 9521
f 9516 9554 9520
f 9554 9522 9520
f 9383 9524 9523
f 8671 9523 9529
f 9523 9530 9529
f 9523 9524 9530
f 9525 9537 9504
f 9385 9527 9524
f 9385 9526 9527
f 9526 9544 9557
f 9526 9557 9527
f 9537 9528 9504
f 9537 9541 9528
f 9528 9547 9514
f 9541 9547 9528
f 8672 9529 9531
f 9529 9533 9531
f 9529 9530 9533
f 8677 9531 9532
f 9531 10036 9532
f 9531 9533 10036
f 9524 9534 9530
f 9524 9527 9534
f 9527 9560 9534
f 9527 9557 9560
f 9530 9534 9535
f 9530 9535 9533
f 9533 10039 10036
f 9533 9535 10039
f 9534 9562 9535
f 9534 9560 9562
f 9535 9562 10043
f 8685 9536 9525
f 9536 9537 9525
f 9536 9538 9537
f 9539 9538 9536
f 8686 9539 9536
f 9586 9540 9539
f 9539 9540 9538
f 9538 9541 9537
f 9541 9570 9547
f 9540 9542 9538
f 9538 9542 9541
f 9542 9570 9541
f 9542 9572 9570
f 9540 9543 9542
f 9543 9572 9542
f 8687 9586 9539
f 9586 9587 9540
f 9587 9543 9540
f 9587 9591 9543
f 9543 9579 9572
f 9591 9579 9543
f 9389 9545 9544
f 9390 9546 9545
f 9544 9545 9558
f 9544 9558 9557
f 9545 9559 9558
f 9390 9392 9546
f 9392 9551 9546
f 9545 9546 9559
f 9548 9516 9515
f 9547 9548 9515
f 9570 9548 9547
f 9571 9549 9548
f 9548 9549 9516
f 9549 9554 9516
f 9393 9552 9550
f 9392 9550 9551
f 9550 9553 9551
f 9546 9551 9566
f 9550 9552 9553
f 9555 9556 9554
f 9549 9555 9554
f 9554 9556 9522
f 9555 9577 9556
f 9557 9558 9561
f 9546 9566 9559
f 9558 9559 9564
f 9557 9561 9560
f 9558 9564 9561
f 9559 9568 9564
f 9560 9561 9563
f 9560 9563 9562
f 9561 9565 9563
f 9561 9564 9565
f 9564 10049 9565
f 9551 9567 9566
f 9551 9553 9567
f 9559 9566 9568
f 9566 9567 9569
f 9566 9569 9568
f 9564 9568 10049
f 9568 10051 10049
f 9568 9569 10051
f 9570 9571 9548
f 9571 9573 9549
f 9573 9555 9549
f 9572 9571 9570
f 9574 9573 9571
f 9572 9574 9571
f 9575 9576 9573
f 9574 9575 9573
f 9579 9574 9572
f 9573 9576 9555
f 9576 9577 9555
f 9575 9582 9576
f 9582 9578 9576
f 9576 9578 9577
f 9582 9584 9578
f 9579 9580 9574
f 9580 9575 9574
f 9593 9580 9579
f 9594 9581 9580
f 9581 9582 9575
f 9580 9581 9575
f 9583 9584 9582
f 9581 9583 9582
f 9583 9585 9584
f 9588 9587 9586
f 8704 9588 9586
f 9588 9589 9587
f 9590 9589 9588
f 8705 9590 9588
f 9590 10059 9589
f 9589 9591 9587
f 9591 9593 9579
f 9589 9592 9591
f 9592 9593 9591
f 9592 9596 9593
f 10059 9592 9589
f 10059 10060 9592
f 10060 9596 9592
f 9593 9594 9580
f 9594 9595 9581
f 9595 9583 9581
f 9596 9594 9593
f 9597 9595 9594
f 9596 9597 9594
f 9597 9598 9595
f 9598 9599 9595
f 9595 9599 9583
f 9599 9585 9583
f 10074 9600 9599
f 9599 9600 9585
f 9598 10074 9599
f 10074 10075 9600
f 9518 9601 9378
f 9518 9602 9601
f 9602 9604 9601
f 9601 9604 9411
f 9521 9602 9518
f 9521 9603 9602
f 9522 9603 9521
f 9522 9628 9603
f 9602 9605 9604
f 9603 9605 9602
f 9603 9606 9605
f 9628 9606 9603
f 9607 9430 9428
f 9430 9612 9444
f 9604 9607 9428
f 9605 9607 9604
f 9605 9609 9607
f 9607 9608 9430
f 9609 9608 9607
f 9609 9611 9608
f 9606 9609 9605
f 9606 9610 9609
f 9610 9611 9609
f 9610 9632 9611
f 9608 9612 9430
f 9611 9613 9608
f 9608 9613 9612
f 9632 9614 9611
f 9611 9614 9613
f 9612 9615 9444
f 9613 9616 9612
f 9612 9616 9615
f 9613 9617 9616
f 9614 9617 9613
f 9614 9665 9617
f 9616 9618 9615
f 9615 9618 9457
f 9616 9619 9618
f 9617 9619 9616
f 9617 9620 9619
f 9665 9620 9617
f 9618 9621 9457
f 9619 9622 9618
f 9618 9622 9621
f 9620 9623 9619
f 9619 9623 9622
f 9620 9676 9623
f 9621 9724 9460
f 9622 9726 9621
f 9621 9726 9724
f 9623 9727 9622
f 9622 9727 9726
f 9623 9739 9727
f 9676 9739 9623
f 9395 9625 9552
f 9395 9624 9625
f 9552 9625 9641
f 9552 9641 9553
f 9624 9626 9627
f 9624 9627 9625
f 9625 9627 9642
f 9556 9628 9522
f 9556 9629 9628
f 9577 9629 9556
f 9577 9653 9629
f 9628 9630 9606
f 9629 9630 9628
f 9629 9631 9630
f 9653 9631 9629
f 9632 9670 9614
f 9463 9633 9626
f 9626 9633 9635
f 9467 9634 9633
f 9467 9468 9634
f 9626 9635 9627
f 9633 9636 9635
f 9633 9634 9636
f 9468 9667 9634
f 9468 9666 9667
f 9634 9667 9687
f 9634 9687 9636
f 9630 9610 9606
f 9630 9637 9610
f 9637 9632 9610
f 9637 9638 9632
f 9631 9637 9630
f 9631 9639 9637
f 9639 9638 9637
f 9639 9640 9638
f 9638 9670 9632
f 9638 9671 9670
f 9640 9671 9638
f 9655 9639 9631
f 9640 9674 9671
f 9553 9641 9643
f 9553 9643 9567
f 9625 9642 9641
f 9641 9645 9643
f 9641 9642 9645
f 9567 9643 9644
f 9567 9644 9569
f 9569 9644 10125
f 9643 9645 9646
f 9643 9646 9644
f 9627 9635 9647
f 9627 9647 9642
f 9635 9636 9648
f 9635 9648 9647
f 9636 9689 9648
f 9636 9687 9689
f 9642 9647 9649
f 9642 9649 9645
f 9647 9648 9650
f 9647 9650 9649
f 9648 9689 9691
f 9645 9649 9651
f 9649 9650 9652
f 9645 9651 9646
f 9649 9652 9651
f 9648 9691 9650
f 9650 10137 9652
f 9650 9691 10137
f 9578 9653 9577
f 9578 9654 9653
f 9584 9654 9578
f 9653 9655 9631
f 9654 9655 9653
f 9654 9658 9655
f 9655 9656 9639
f 9656 9640 9639
f 9656 9657 9640
f 9658 9656 9655
f 9658 9661 9656
f 9661 9657 9656
f 9657 9674 9640
f 9657 9700 9674
f 9662 9700 9657
f 9659 9658 9654
f 9584 9659 9654
f 9585 9659 9584
f 9585 9715 9659
f 9659 9660 9658
f 9715 9660 9659
f 9715 9717 9660
f 9661 9662 9657
f 9662 9705 9700
f 9660 9661 9658
f 9663 9662 9661
f 9660 9663 9661
f 9663 9664 9662
f 9717 9663 9660
f 9719 9664 9663
f 9664 9705 9662
f 9664 9707 9705
f 9717 9719 9663
f 9719 9720 9664
f 9720 9707 9664
f 9670 9665 9614
f 9672 9675 9665
f 9665 9675 9620
f 9471 9668 9666
f 9666 9669 9667
f 9666 9668 9669
f 9667 9669 9688
f 9475 9678 9668
f 9475 9677 9678
f 9668 9679 9669
f 9668 9678 9679
f 9670 9672 9665
f 9671 9672 9670
f 9671 9673 9672
f 9673 9682 9672
f 9672 9682 9675
f 9673 9685 9682
f 9674 9673 9671
f 9674 9701 9673
f 9701 9685 9673
f 9701 9702 9685
f 9480 9485 9680
f 9675 9676 9620
f 9675 9683 9676
f 9683 9740 9676
f 9676 9740 9739
f 9683 9755 9740
f 9480 9680 9677
f 9677 9681 9678
f 9677 9680 9681
f 9678 9681 9694
f 9678 9694 9679
f 9485 9747 9680
f 9485 9746 9747
f 9680 9751 9681
f 9680 9747 9751
f 9681 9751 9788
f 9682 9683 9675
f 9685 9684 9682
f 9682 9684 9683
f 9684 9755 9683
f 9684 9757 9755
f 9702 9686 9685
f 9685 9686 9684
f 9686 9757 9684
f 9686 9759 9757
f 9703 9759 9686
f 9667 9688 9687
f 9687 9688 9690
f 9669 9693 9688
f 9669 9679 9693
f 9687 9690 9689
f 9688 9696 9690
f 9688 9693 9696
f 9689 9692 9691
f 9689 9690 9692
f 9691 10139 10137
f 9691 9692 10139
f 9690 9696 9697
f 9690 9697 9692
f 9692 9697 10143
f 9679 9695 9693
f 9679 9694 9695
f 9681 9788 9694
f 9694 9788 9793
f 9694 9793 9695
f 9693 9698 9696
f 9693 9695 9698
f 9695 9793 9795
f 9696 9698 9699
f 9696 9699 9697
f 9695 9795 9698
f 9698 10511 9699
f 9698 9795 10511
f 9700 9701 9674
f 9700 9704 9701
f 9704 9702 9701
f 9704 9709 9702
f 9709 9703 9702
f 9702 9703 9686
f 9703 9808 9759
f 9705 9704 9700
f 9705 9706 9704
f 9706 9709 9704
f 9706 9711 9709
f 9707 9706 9705
f 9707 9708 9706
f 9708 9711 9706
f 9721 9708 9707
f 9722 9713 9708
f 9708 9713 9711
f 9711 9710 9709
f 9709 9710 9703
f 9710 9808 9703
f 9710 9810 9808
f 9712 9810 9710
f 9711 9712 9710
f 9712 9814 9810
f 9713 9712 9711
f 9713 9714 9712
f 9723 9714 9713
f 9714 9814 9712
f 9714 9816 9814
f 9600 9715 9585
f 9600 9716 9715
f 10075 9716 9600
f 9716 9717 9715
f 9716 9718 9717
f 9718 9719 9717
f 10155 9720 9719
f 9718 10155 9719
f 10155 10156 9720
f 9720 9721 9707
f 10156 9721 9720
f 10178 9722 9721
f 9721 9722 9708
f 9722 9723 9713
f 9723 10182 9714
f 10182 9816 9714
f 9724 9728 9487
f 9487 9728 9725
f 9726 9729 9724
f 9727 9730 9726
f 9739 9731 9727
f 9724 9729 9728
f 9726 9730 9729
f 9727 9731 9730
f 9728 9732 9725
f 9729 9733 9728
f 9730 9734 9729
f 9731 9735 9730
f 9728 9733 9732
f 9729 9734 9733
f 9730 9735 9734
f 9733 9736 9732
f 9734 9737 9733
f 9733 9737 9736
f 9734 9738 9737
f 9735 9738 9734
f 9737 9766 9736
f 9738 9767 9737
f 9740 9741 9739
f 9739 9741 9731
f 9740 9742 9741
f 9755 9742 9740
f 9725 9732 9495
f 9731 9743 9735
f 9494 9497 9752
f 9741 9743 9731
f 9742 9744 9741
f 9741 9744 9743
f 9742 9745 9744
f 9491 9749 9746
f 9746 9750 9747
f 9491 9748 9749
f 9746 9749 9750
f 9747 9789 9751
f 9747 9750 9789
f 9494 9752 9748
f 9748 9753 9749
f 9748 9752 9753
f 9749 9754 9750
f 9749 9753 9754
f 9750 9791 9789
f 9750 9754 9791
f 9757 9756 9755
f 9755 9756 9742
f 9756 9745 9742
f 9756 9761 9745
f 9757 9758 9756
f 9759 9758 9757
f 9759 9760 9758
f 9758 9761 9756
f 9758 9762 9761
f 9760 9762 9758
f 9760 9807 9762
f 9732 9736 9498
f 9743 9763 9735
f 9735 9763 9738
f 9743 9764 9763
f 9732 9498 9495
f 9744 9764 9743
f 9744 9765 9764
f 9745 9765 9744
f 9745 9782 9765
f 9736 9766 9777
f 9763 9768 9738
f 9737 9767 9766
f 9738 9768 9767
f 9763 9769 9768
f 9764 9769 9763
f 9768 9829 9767
f 9767 9828 9766
f 9769 9830 9768
f 9736 9777 9498
f 9766 9844 9777
f 9765 9770 9764
f 9764 9770 9769
f 9770 9831 9769
f 9782 9771 9765
f 9765 9771 9770
f 9782 9785 9771
f 9771 9832 9770
f 9785 9833 9771
f 9496 9773 9497
f 9497 9774 9752
f 9496 9772 9773
f 9497 9773 9774
f 9752 9775 9753
f 9752 9774 9775
f 9753 9776 9754
f 9753 9775 9776
f 9498 9778 9772
f 9772 9779 9773
f 9498 9777 9778
f 9772 9778 9779
f 9773 9780 9774
f 9773 9779 9780
f 9777 9845 9778
f 9778 9846 9779
f 9774 9781 9775
f 9774 9780 9781
f 9775 9800 9776
f 9775 9781 9800
f 9779 9847 9780
f 9780 9848 9781
f 9761 9782 9745
f 9761 9783 9782
f 9762 9783 9761
f 9762 9784 9783
f 9807 9784 9762
f 9807 9820 9784
f 9783 9785 9782
f 9783 9786 9785
f 9784 9786 9783
f 9786 9858 9785
f 9784 9787 9786
f 9820 9787 9784
f 9787 9859 9786
f 9822 9860 9787
f 9751 9790 9788
f 9751 9789 9790
f 9788 9790 9794
f 9789 9792 9790
f 9789 9791 9792
f 9788 9794 9793
f 9790 9797 9794
f 9790 9792 9797
f 9793 9796 9795
f 9793 9794 9796
f 9795 10513 10511
f 9795 9796 10513
f 9794 9798 9796
f 9794 9797 9798
f 9796 9798 10516
f 9754 9799 9791
f 9754 9776 9799
f 9791 9799 9802
f 9791 9802 9792
f 9776 9800 9801
f 9776 9801 9799
f 9781 9889 9800
f 9800 9890 9801
f 9799 9803 9802
f 9799 9801 9803
f 9792 9802 9804
f 9801 9899 9803
f 9820 9822 9787
f 9792 9804 9797
f 9797 9804 9805
f 9797 9805 9798
f 9802 9803 9806
f 9802 9806 9804
f 9803 9900 9806
f 9804 10512 9805
f 9804 9806 10512
f 9806 10533 10512
f 9808 9760 9759
f 9808 9809 9760
f 9809 9807 9760
f 9810 9809 9808
f 9810 9811 9809
f 9814 9811 9810
f 9809 9812 9807
f 9811 9812 9809
f 9811 9813 9812
f 9815 9813 9811
f 9814 9815 9811
f 9816 9815 9814
f 9816 9817 9815
f 9815 9818 9813
f 9817 9818 9815
f 9817 9819 9818
f 9812 9820 9807
f 9812 9821 9820
f 9813 9821 9812
f 9813 9824 9821
f 9821 9822 9820
f 9821 9823 9822
f 9823 9933 9822
f 9824 9823 9821
f 9824 9826 9823
f 9826 9934 9823
f 9818 9824 9813
f 9818 9825 9824
f 9819 9825 9818
f 9819 10580 9825
f 9825 9826 9824
f 9825 9827 9826
f 9827 9939 9826
f 10580 9827 9825
f 10580 10582 9827
f 10582 9940 9827
f 9767 9829 9828
f 9768 9830 9829
f 9769 9831 9830
f 9829 9834 9828
f 9830 9835 9829
f 9766 9828 9844
f 9831 9838 9830
f 9770 9832 9831
f 9771 9833 9832
f 9832 9839 9831
f 9833 9840 9832
f 9829 9835 9834
f 9830 9838 9835
f 9838 9837 9835
f 9835 9836 9834
f 9835 9837 9836
f 9828 9834 9849
f 9837 9866 9836
f 9837 9867 9866
f 9834 9836 9853
f 9836 9866 9870
f 9831 9839 9838
f 9832 9840 9839
f 9839 9841 9838
f 9840 9842 9839
f 9833 9857 9840
f 9857 9843 9840
f 9838 9841 9837
f 9839 9842 9841
f 9841 9867 9837
f 9842 9868 9841
f 9841 9868 9867
f 9843 9869 9842
f 9842 9869 9868
f 9840 9843 9842
f 9843 9873 9869
f 9777 9844 9845
f 9778 9845 9846
f 9828 9849 9844
f 9844 9850 9845
f 9779 9846 9847
f 9780 9847 9848
f 9845 9851 9846
f 9846 9852 9847
f 9847 9891 9848
f 9781 9848 9889
f 9844 9849 9850
f 9834 9853 9849
f 9836 9870 9853
f 9845 9850 9851
f 9846 9851 9852
f 9849 9854 9850
f 9850 9855 9851
f 9847 9852 9891
f 9851 9856 9852
f 9849 9853 9854
f 9850 9854 9855
f 9853 9871 9854
f 9853 9870 9871
f 9851 9855 9856
f 9852 9856 9893
f 9854 9872 9855
f 9854 9871 9872
f 9855 9905 9856
f 9855 9872 9905
f 9857 9862 9843
f 9862 9873 9843
f 9862 9884 9873
f 9785 9858 9833
f 9786 9859 9858
f 9858 9857 9833
f 9859 9861 9858
f 9787 9860 9859
f 9860 9864 9859
f 9858 9861 9857
f 9861 9862 9857
f 9861 9863 9862
f 9863 9884 9862
f 9863 9885 9884
f 9859 9864 9861
f 9864 9863 9861
f 9864 9865 9863
f 9865 9885 9863
f 9865 9888 9885
f 9860 9897 9864
f 9897 9865 9864
f 9898 9888 9865
f 9868 9875 9867
f 9867 9874 9866
f 9869 9876 9868
f 9867 9875 9874
f 9866 9874 9906
f 9866 9906 9870
f 9870 9907 9871
f 9871 9908 9872
f 9873 9877 9869
f 9884 9878 9873
f 9868 9876 9875
f 9869 9877 9876
f 9873 9878 9877
f 9884 9886 9878
f 9874 9879 9914
f 9874 9914 9906
f 9875 9879 9874
f 9876 9880 9875
f 9877 9881 9876
f 9875 9880 9879
f 9876 9881 9880
f 9877 9882 9881
f 9878 9882 9877
f 9886 9883 9878
f 9878 9883 9882
f 9880 9953 9879
f 9881 9954 9880
f 9882 9955 9881
f 9883 9956 9882
f 9885 9886 9884
f 9888 9887 9885
f 9885 9887 9886
f 9887 9923 9886
f 9886 9923 9883
f 9800 9889 9890
f 9848 9892 9889
f 9801 9890 9899
f 9889 9895 9890
f 9848 9891 9892
f 9852 9893 9891
f 9891 9894 9892
f 9889 9892 9895
f 9891 9893 9894
f 9856 9905 9909
f 9856 9909 9893
f 9893 9911 9894
f 9893 9909 9911
f 9892 9896 9895
f 9892 9894 9896
f 9894 9911 9927
f 9894 9927 9896
f 9890 9901 9899
f 9933 9897 9860
f 9890 9895 9901
f 9895 9896 9902
f 9935 9898 9897
f 9897 9898 9865
f 9898 9920 9888
f 9803 9899 9900
f 9899 9903 9900
f 9806 9900 10533
f 9900 10534 10533
f 9895 9902 9901
f 9899 9901 9903
f 9896 9927 9928
f 9896 9928 9902
f 9901 9902 9904
f 9901 9904 9903
f 9902 9928 9931
f 9902 9931 9904
f 9900 9903 10534
f 9903 9904 10535
f 9872 9910 9905
f 9870 9906 9907
f 9871 9907 9908
f 9872 9908 9910
f 9905 9912 9909
f 9905 9910 9912
f 9909 9913 9911
f 9911 9929 9927
f 9909 9912 9913
f 9911 9913 9929
f 9906 9915 9907
f 9907 9916 9908
f 9906 9914 9915
f 9907 9915 9916
f 9879 9957 9914
f 9908 9916 9917
f 9914 9958 9915
f 9915 9965 9916
f 9908 9917 9910
f 9923 9959 9883
f 9910 9918 9912
f 9910 9917 9918
f 9912 9918 9919
f 9912 9919 9913
f 9916 9971 9917
f 9917 9972 9918
f 9913 9932 9929
f 9913 9919 9932
f 9918 9976 9919
f 9888 9921 9887
f 9920 9921 9888
f 9920 9922 9921
f 9887 9924 9923
f 9921 9924 9887
f 9921 9925 9924
f 9924 9984 9923
f 9925 9985 9924
f 9922 9925 9921
f 9922 9926 9925
f 9926 9988 9925
f 9927 9930 9928
f 9927 9929 9930
f 9928 9930 10537
f 9928 10537 9931
f 9929 10539 9930
f 9929 9932 10539
f 9919 9991 9932
f 9932 10713 10539
f 9822 9933 9860
f 9823 9934 9933
f 9934 9935 9933
f 9933 9935 9897
f 9935 9936 9898
f 9936 9920 9898
f 9937 9936 9935
f 9934 9937 9935
f 9936 9945 9920
f 9938 9945 9936
f 9937 9938 9936
f 9938 9947 9945
f 9826 9939 9934
f 9939 9937 9934
f 9939 9941 9937
f 9941 9938 9937
f 9942 9947 9938
f 9941 9942 9938
f 9942 9951 9947
f 9827 9940 9939
f 9940 9941 9939
f 9940 9943 9941
f 9943 9942 9941
f 9944 9951 9942
f 9943 9944 9942
f 9944 10553 9951
f 9945 9922 9920
f 9947 9946 9945
f 9945 9946 9922
f 9946 9926 9922
f 9951 9948 9947
f 9947 9948 9946
f 9951 9952 9948
f 9946 9949 9926
f 9948 9949 9946
f 9949 9992 9926
f 9950 10033 9949
f 9948 9950 9949
f 9952 9950 9948
f 9952 10555 9950
f 10553 9952 9951
f 10571 9817 9816
f 9880 9954 9953
f 9881 9955 9954
f 9879 9953 9957
f 9882 9956 9955
f 9883 9959 9956
f 9954 9961 9953
f 9955 9960 9954
f 9954 9960 9961
f 9914 9957 9958
f 9915 9958 9965
f 9957 9973 9958
f 9957 9970 9973
f 9956 9962 9955
f 9955 9962 9960
f 9953 9961 9970
f 9959 9963 9956
f 9956 9963 9962
f 9959 9964 9963
f 9916 9965 9971
f 9953 9970 9957
f 9958 9974 9965
f 9960 9967 9961
f 9962 9966 9960
f 9960 9966 9967
f 9962 9968 9966
f 9963 9968 9962
f 9964 9969 9963
f 9963 9969 9968
f 9966 9998 9967
f 9961 9967 9979
f 9961 9979 9970
f 9964 9989 9969
f 9968 9999 9966
f 9969 10000 9968
f 9989 10001 9969
f 9917 9971 9972
f 9918 9972 9976
f 9965 9975 9971
f 9958 9973 9974
f 9965 9974 9975
f 9971 9977 9972
f 9971 9975 9977
f 9919 9976 9991
f 9972 9978 9976
f 9972 9977 9978
f 9970 9980 9973
f 9973 9981 9974
f 9970 9979 9980
f 9974 9982 9975
f 9973 9980 9981
f 9974 9981 9982
f 9967 10006 9979
f 9979 10007 9980
f 9975 9983 9977
f 9975 9982 9983
f 9977 10712 9978
f 9977 9983 10712
f 9980 10008 9981
f 9981 10009 9982
f 9982 10724 9983
f 9923 9984 9959
f 9924 9985 9984
f 9984 9964 9959
f 9984 9986 9964
f 9985 9986 9984
f 9985 9987 9986
f 9988 9987 9985
f 9925 9988 9985
f 9986 9989 9964
f 9987 9990 9986
f 9986 9990 9989
f 9990 10021 9989
f 9932 9991 10713
f 9976 10714 9991
f 9976 9978 10714
f 9926 9992 9988
f 9992 9993 9988
f 9988 9993 9987
f 9992 9994 9993
f 9993 9995 9987
f 9987 9995 9990
f 9995 10022 9990
f 9996 10023 9995
f 9994 9996 9993
f 9993 9996 9995
f 9994 9997 9996
f 9997 10027 9996
f 9966 9999 9998
f 9967 9998 10006
f 9999 10003 9998
f 9968 10000 9999
f 9969 10001 10000
f 9989 10021 10001
f 10000 10002 9999
f 10001 10004 10000
f 10000 10004 10002
f 9999 10002 10003
f 9998 10010 10006
f 10021 10005 10001
f 9998 10003 10010
f 10001 10005 10004
f 10002 10014 10003
f 10004 10013 10002
f 10005 10015 10004
f 10024 10016 10005
f 9979 10006 10007
f 9980 10007 10008
f 9981 10008 10009
f 10006 10011 10007
f 10007 10012 10008
f 10008 10725 10009
f 9982 10009 10724
f 10003 10727 10010
f 10006 10010 10011
f 10007 10011 10012
f 10008 10012 10725
f 10010 10728 10011
f 10003 10014 10727
f 10002 10013 10014
f 10004 10015 10013
f 10005 10016 10015
f 10013 10017 10014
f 10013 10018 10017
f 10015 10018 10013
f 10015 10019 10018
f 10016 10019 10015
f 10016 10020 10019
f 10028 10020 10016
f 10014 10017 10730
f 10010 10727 10728
f 10014 10730 10727
f 10018 10735 10017
f 10019 10737 10018
f 10020 10736 10019
f 10030 10740 10020
f 9990 10022 10021
f 10022 10024 10021
f 9995 10023 10022
f 10023 10025 10022
f 10021 10024 10005
f 10022 10025 10024
f 10025 10028 10024
f 10027 10026 10023
f 10023 10026 10025
f 10026 10029 10025
f 9996 10027 10023
f 10750 10751 10027
f 9997 10750 10027
f 10027 10751 10026
f 10751 10032 10026
f 10024 10028 10016
f 10025 10029 10028
f 10028 10030 10020
f 10029 10030 10028
f 10029 10031 10030
f 10026 10032 10029
f 10032 10031 10029
f 9949 10033 9992
f 10033 9994 9992
f 9950 10784 10033
f 10033 10034 9994
f 10784 10034 10033
f 10034 9997 9994
f 10034 10787 9997
f 8678 9532 10035
f 9532 10037 10035
f 9532 10036 10037
f 9007 10035 10038
f 10035 10037 10041
f 10035 10041 10038
f 10036 10039 10040
f 10036 10040 10037
f 9535 10043 10039
f 10039 10043 10046
f 10039 10046 10040
f 10037 10042 10041
f 10037 10040 10042
f 10040 10055 10042
f 10040 10046 10055
f 9008 10038 10061
f 10038 10063 10061
f 10038 10041 10063
f 10041 10042 10065
f 10042 10055 10076
f 9562 10044 10043
f 9562 9563 10044
f 9563 10045 10044
f 10043 10044 10047
f 9563 9565 10045
f 9565 10050 10045
f 10043 10047 10046
f 10044 10048 10047
f 10044 10045 10048
f 10045 10053 10048
f 10046 10047 10056
f 10047 10048 10057
f 9565 10049 10050
f 10049 10052 10050
f 10049 10051 10052
f 10045 10050 10053
f 10050 10052 10054
f 10050 10054 10053
f 10046 10056 10055
f 10047 10057 10056
f 10055 10056 10077
f 10048 10058 10057
f 10048 10053 10058
f 10053 10079 10058
f 10053 10054 10079
f 10060 10072 9596
f 9022 10061 10062
f 10061 10064 10062
f 10061 10063 10064
f 10041 10065 10063
f 10042 10076 10065
f 10063 10065 10097
f 10063 10097 10064
f 10065 10105 10097
f 10065 10076 10105
f 9028 10066 9590
f 10066 10059 9590
f 10068 10067 10066
f 10066 10067 10059
f 9029 10068 10066
f 10238 10069 10068
f 10068 10069 10067
f 10067 10060 10059
f 10067 10070 10060
f 10070 10072 10060
f 10070 10083 10072
f 10069 10070 10067
f 10069 10071 10070
f 10239 10071 10069
f 10071 10083 10070
f 10071 10086 10083
f 10242 10086 10071
f 10072 9597 9596
f 10073 9598 9597
f 10072 10073 9597
f 10073 10082 9598
f 10082 10074 9598
f 10088 10075 10074
f 10082 10088 10074
f 10088 10089 10075
f 10056 10057 10078
f 10055 10077 10076
f 10056 10078 10077
f 10076 10106 10105
f 10076 10077 10106
f 10057 10080 10078
f 10077 10078 10107
f 10077 10107 10106
f 10057 10058 10080
f 10058 10081 10080
f 10078 10080 10108
f 10058 10079 10081
f 10080 10081 10109
f 10083 10073 10072
f 10084 10082 10073
f 10083 10084 10073
f 10085 10088 10082
f 10084 10085 10082
f 10086 10084 10083
f 10087 10085 10084
f 10086 10087 10084
f 10087 10092 10085
f 10092 10090 10085
f 10090 10089 10088
f 10085 10090 10088
f 10090 10091 10089
f 10092 10093 10090
f 10093 10091 10090
f 10247 10087 10086
f 10248 10092 10087
f 10093 10094 10091
f 9023 10062 10095
f 10062 10096 10095
f 10062 10064 10096
f 9043 10095 10099
f 10064 10097 10098
f 10064 10098 10096
f 10097 10105 10110
f 10097 10110 10098
f 10095 10100 10099
f 10095 10096 10100
f 10096 10098 10101
f 10096 10101 10100
f 10098 10110 10115
f 10098 10115 10101
f 9046 10099 10102
f 10099 10100 10103
f 10099 10103 10102
f 9049 10102 10260
f 10102 10103 10261
f 10100 10101 10104
f 10100 10104 10103
f 10101 10115 10118
f 10101 10118 10104
f 10103 10104 10262
f 10104 10118 10266
f 10105 10111 10110
f 10105 10106 10111
f 10106 10112 10111
f 10078 10108 10107
f 10106 10107 10112
f 10107 10113 10112
f 10080 10109 10108
f 10107 10108 10113
f 10108 10109 10114
f 10108 10114 10113
f 10110 10111 10116
f 10110 10116 10115
f 10111 10117 10116
f 10111 10112 10117
f 10112 10121 10117
f 10112 10113 10121
f 10113 10122 10121
f 10113 10114 10122
f 10115 10116 10119
f 10115 10119 10118
f 10116 10120 10119
f 10116 10117 10120
f 10117 10123 10120
f 10117 10121 10123
f 10121 10124 10123
f 10121 10122 10124
f 9569 10125 10051
f 9644 9646 10126
f 10051 10125 10127
f 10051 10127 10052
f 9644 10126 10125
f 10125 10126 10128
f 10052 10127 10133
f 10125 10128 10127
f 10052 10133 10054
f 10127 10128 10134
f 10127 10134 10133
f 9646 9651 10129
f 9646 10129 10126
f 9651 9652 10130
f 9651 10130 10129
f 10126 10129 10131
f 10129 10130 10132
f 9652 10137 10138
f 9652 10138 10130
f 10126 10131 10128
f 10129 10132 10131
f 10130 10141 10132
f 10130 10138 10141
f 10128 10131 10135
f 10128 10135 10134
f 10131 10132 10136
f 10132 10141 10148
f 10054 10133 10159
f 10054 10159 10079
f 10133 10134 10161
f 10133 10161 10159
f 10131 10136 10135
f 10134 10135 10163
f 10134 10163 10161
f 10135 10136 10164
f 10132 10148 10136
f 10136 10148 10187
f 9692 10143 10139
f 9697 9699 10144
f 10137 10139 10140
f 10137 10140 10138
f 10139 10145 10140
f 10139 10143 10145
f 10138 10142 10141
f 10138 10140 10142
f 10140 10145 10147
f 10140 10147 10142
f 9697 10144 10143
f 10143 10144 10146
f 10143 10146 10145
f 9699 10514 10144
f 9699 10511 10514
f 10144 10514 10517
f 10145 10146 10151
f 10144 10517 10146
f 10145 10151 10147
f 10146 10527 10151
f 10146 10517 10527
f 10141 10142 10149
f 10141 10149 10148
f 10148 10149 10188
f 10142 10147 10150
f 10142 10150 10149
f 10147 10152 10150
f 10147 10151 10152
f 10151 10527 10529
f 10151 10529 10152
f 10153 9718 9716
f 10075 10153 9716
f 10089 10153 10075
f 10089 10166 10153
f 10153 10154 9718
f 10166 10154 10153
f 10166 10168 10154
f 10156 10178 9721
f 10154 10155 9718
f 10154 10157 10155
f 10157 10156 10155
f 10157 10158 10156
f 10168 10157 10154
f 10170 10158 10157
f 10158 10178 10156
f 10158 10180 10178
f 10171 10180 10158
f 10079 10159 10160
f 10079 10160 10081
f 10159 10161 10162
f 10159 10162 10160
f 10135 10164 10163
f 10136 10187 10164
f 10161 10163 10165
f 10163 10164 10205
f 10161 10165 10162
f 10163 10205 10165
f 10164 10220 10205
f 10164 10187 10220
f 10091 10166 10089
f 10091 10167 10166
f 10167 10168 10166
f 10167 10169 10168
f 10094 10167 10091
f 10168 10170 10157
f 10170 10171 10158
f 10169 10170 10168
f 10169 10172 10170
f 10172 10171 10170
f 10172 10175 10171
f 10171 10191 10180
f 10175 10191 10171
f 10175 10195 10191
f 10094 10173 10167
f 10173 10169 10167
f 10173 10174 10169
f 10174 10172 10169
f 10176 10175 10172
f 10174 10176 10172
f 10176 10177 10175
f 10177 10195 10175
f 10177 10196 10195
f 10178 10179 9722
f 10179 9723 9722
f 10179 10183 9723
f 10180 10179 10178
f 10180 10181 10179
f 10181 10183 10179
f 10181 10185 10183
f 10191 10181 10180
f 10192 10185 10181
f 10183 10182 9723
f 10183 10184 10182
f 10182 10571 9816
f 10184 10571 10182
f 10184 10574 10571
f 10185 10184 10183
f 10186 10574 10184
f 10193 10186 10185
f 10185 10186 10184
f 10186 10576 10574
f 10194 10576 10186
f 10149 10150 10189
f 10148 10188 10187
f 10187 10222 10220
f 10187 10188 10222
f 10149 10189 10188
f 10188 10224 10222
f 10188 10189 10224
f 10150 10190 10189
f 10150 10152 10190
f 10189 10190 10225
f 10152 10589 10190
f 10152 10529 10589
f 10190 10589 10656
f 10191 10192 10181
f 10195 10192 10191
f 10192 10193 10185
f 10197 10193 10192
f 10193 10194 10186
f 10194 10596 10576
f 10195 10197 10192
f 10197 10199 10193
f 10196 10197 10195
f 10196 10198 10197
f 10198 10199 10197
f 10198 10201 10199
f 10199 10194 10193
f 10199 10200 10194
f 10200 10596 10194
f 10200 10599 10596
f 10201 10200 10199
f 10201 10202 10200
f 10202 10599 10200
f 10202 10602 10599
f 10081 10160 10203
f 10081 10203 10109
f 10109 10203 10208
f 10160 10162 10204
f 10160 10204 10203
f 10109 10208 10114
f 10203 10204 10209
f 10162 10165 10206
f 10162 10206 10204
f 10165 10205 10207
f 10165 10207 10206
f 10205 10220 10221
f 10205 10221 10207
f 10204 10206 10210
f 10206 10207 10211
f 10207 10221 10228
f 10114 10208 10212
f 10203 10209 10208
f 10208 10209 10213
f 10204 10210 10209
f 10206 10211 10210
f 10209 10210 10216
f 10210 10211 10217
f 10207 10228 10211
f 10114 10212 10122
f 10208 10213 10212
f 10122 10212 10214
f 10122 10214 10124
f 10212 10213 10215
f 10212 10215 10214
f 10209 10216 10213
f 10210 10217 10216
f 10211 10232 10217
f 10211 10228 10232
f 10213 10216 10218
f 10216 10217 10219
f 10217 10232 10234
f 10213 10218 10215
f 10216 10219 10218
f 10217 10234 10219
f 10220 10222 10223
f 10220 10223 10221
f 10222 10224 10226
f 10222 10226 10223
f 10221 10223 10229
f 10189 10225 10224
f 10190 10656 10225
f 10224 10225 10227
f 10224 10227 10226
f 10225 10656 10659
f 10225 10659 10227
f 10221 10229 10228
f 10223 10226 10230
f 10223 10230 10229
f 10226 10227 10231
f 10226 10231 10230
f 10227 10667 10231
f 10227 10659 10667
f 10228 10233 10232
f 10228 10229 10233
f 10229 10236 10233
f 10229 10230 10236
f 10232 10233 10235
f 10233 10236 10334
f 10232 10235 10234
f 10233 10334 10235
f 10230 10231 10237
f 10231 10667 10670
f 10230 10237 10236
f 10231 10670 10237
f 10236 10335 10334
f 10236 10237 10335
f 10237 12084 10335
f 10237 10670 12084
f 9124 10238 10068
f 10238 10239 10069
f 10240 10239 10238
f 9127 10240 10238
f 10240 10241 10239
f 10244 10241 10240
f 10239 10242 10071
f 10241 10242 10239
f 10242 10247 10086
f 10243 10247 10242
f 10241 10243 10242
f 10243 10250 10247
f 10245 10243 10241
f 10246 10250 10243
f 9132 10244 10240
f 10263 10245 10244
f 10244 10245 10241
f 9140 10263 10244
f 10245 10246 10243
f 10264 10246 10245
f 10246 10257 10250
f 10265 10257 10246
f 10247 10248 10087
f 10250 10248 10247
f 10251 10249 10248
f 10248 10249 10092
f 10249 10093 10092
f 10252 10253 10249
f 10250 10251 10248
f 10257 10251 10250
f 10258 10252 10251
f 10251 10252 10249
f 10259 10255 10252
f 10253 10094 10093
f 10249 10253 10093
f 10253 10254 10094
f 10255 10254 10253
f 10252 10255 10253
f 10274 10256 10255
f 10255 10256 10254
f 10257 10258 10251
f 10258 10259 10252
f 10259 10274 10255
f 10274 10275 10256
f 10102 10261 10260
f 9139 10260 10383
f 10260 10261 10384
f 10103 10262 10261
f 10261 10262 10385
f 10104 10266 10262
f 10278 10264 10263
f 10263 10264 10245
f 10264 10265 10246
f 10279 10265 10264
f 10265 10271 10257
f 10282 10271 10265
f 10118 10119 10267
f 10118 10267 10266
f 10119 10268 10267
f 10119 10120 10268
f 10120 10269 10268
f 10120 10123 10269
f 10123 10270 10269
f 10123 10124 10270
f 10271 10258 10257
f 10272 10259 10258
f 10273 10274 10259
f 10271 10272 10258
f 10290 10272 10271
f 10291 10273 10272
f 10272 10273 10259
f 10292 10276 10273
f 10276 10275 10274
f 10273 10276 10274
f 10296 10277 10276
f 10276 10277 10275
f 10296 10297 10277
f 9161 10278 10263
f 10278 10279 10264
f 10280 10279 10278
f 9162 10280 10278
f 10284 10281 10280
f 10280 10281 10279
f 10279 10282 10265
f 10282 10290 10271
f 10281 10282 10279
f 10283 10290 10282
f 10281 10283 10282
f 10285 10283 10281
f 10283 10293 10290
f 10288 10293 10283
f 9165 10284 10280
f 10284 10285 10281
f 10285 10288 10283
f 10288 10300 10293
f 10286 10285 10284
f 9168 10286 10284
f 13952 10287 10286
f 10286 10287 10285
f 10287 10288 10285
f 10289 10300 10288
f 10287 10289 10288
f 13953 10289 10287
f 10289 10303 10300
f 13956 10303 10289
f 10290 10291 10272
f 10291 10292 10273
f 10293 10291 10290
f 10294 10292 10291
f 10295 10296 10292
f 10294 10295 10292
f 10293 10294 10291
f 10300 10294 10293
f 10301 10295 10294
f 10302 10298 10295
f 10292 10296 10276
f 10298 10297 10296
f 10295 10298 10296
f 10298 10299 10297
f 10300 10301 10294
f 10301 10302 10295
f 10302 10306 10298
f 10306 10299 10298
f 10306 10307 10299
f 10303 10301 10300
f 10304 10302 10301
f 10303 10304 10301
f 10305 10306 10302
f 10304 10305 10302
f 13961 10304 10303
f 13962 10305 10304
f 13963 10308 10305
f 13961 13962 10304
f 13962 13963 10305
f 10305 10308 10306
f 10308 10307 10306
f 10308 10309 10307
f 13967 10309 10308
f 13963 13967 10308
f 13967 13968 10309
f 10254 10173 10094
f 10254 10310 10173
f 10310 10174 10173
f 10310 10311 10174
f 10256 10310 10254
f 10312 10311 10310
f 10256 10312 10310
f 10275 10312 10256
f 10312 10313 10311
f 10322 10313 10312
f 10311 10176 10174
f 10314 10177 10176
f 10315 10196 10177
f 10311 10314 10176
f 10314 10315 10177
f 10313 10314 10311
f 10316 10315 10314
f 10315 10318 10196
f 10317 10318 10315
f 10313 10316 10314
f 10316 10317 10315
f 10317 10330 10318
f 10318 10198 10196
f 10318 10319 10198
f 10319 10201 10198
f 10319 10320 10201
f 10330 10319 10318
f 10330 10331 10319
f 10331 10320 10319
f 10331 10332 10320
f 10320 10202 10201
f 10320 10321 10202
f 10321 10602 10202
f 10321 12074 10602
f 10332 10321 10320
f 10333 12074 10321
f 10323 10316 10313
f 10326 10317 10316
f 10327 10330 10317
f 10124 10214 10439
f 10124 10439 10270
f 10214 10215 10440
f 10214 10440 10439
f 10215 10218 10443
f 10215 10443 10440
f 10218 10219 10444
f 10218 10444 10443
f 10219 10455 10444
f 10219 10234 10455
f 10275 10322 10312
f 10277 10322 10275
f 10322 10323 10313
f 10324 10323 10322
f 10277 10324 10322
f 10324 10325 10323
f 10297 10324 10277
f 10297 10344 10324
f 10344 10325 10324
f 10344 10345 10325
f 10323 10326 10316
f 10326 10327 10317
f 10325 10326 10323
f 10328 10327 10326
f 10327 10336 10330
f 10329 10336 10327
f 10325 10328 10326
f 10328 10329 10327
f 10329 10338 10336
f 10345 10328 10325
f 10345 10347 10328
f 10347 10329 10328
f 10347 10348 10329
f 10348 10338 10329
f 10348 10363 10338
f 10336 10331 10330
f 10337 10332 10331
f 10332 10333 10321
f 10340 10333 10332
f 10333 12077 12074
f 10341 12077 10333
f 10234 10235 10456
f 10234 10456 10455
f 10235 10334 10459
f 10235 10459 10456
f 10334 10335 10460
f 10335 12084 12238
f 10336 10337 10331
f 10338 10337 10336
f 10337 10340 10332
f 10339 10340 10337
f 10338 10339 10337
f 10339 10342 10340
f 10363 10339 10338
f 10363 10364 10339
f 10364 10342 10339
f 10364 10365 10342
f 10340 10341 10333
f 10342 10341 10340
f 10341 12089 12077
f 10342 10343 10341
f 10343 12089 10341
f 10343 12092 12089
f 10365 10343 10342
f 10365 10366 10343
f 10366 12092 10343
f 10366 12136 12092
f 10299 10344 10297
f 10299 10346 10344
f 10346 10345 10344
f 10346 10349 10345
f 10349 10347 10345
f 10349 10350 10347
f 10350 10348 10347
f 10350 10351 10348
f 10351 10363 10348
f 10351 10367 10363
f 10307 10346 10299
f 10307 10352 10346
f 10352 10349 10346
f 10352 10353 10349
f 10353 10350 10349
f 10357 10351 10350
f 10353 10357 10350
f 10357 10358 10351
f 10358 10367 10351
f 10358 10368 10367
f 10309 10352 10307
f 10309 10354 10352
f 10354 10353 10352
f 10354 10355 10353
f 13968 10354 10309
f 13968 13975 10354
f 13975 10355 10354
f 13975 10356 10355
f 10355 10357 10353
f 10359 10358 10357
f 10355 10359 10357
f 10359 10360 10358
f 10360 10368 10358
f 10360 10375 10368
f 10356 10359 10355
f 10361 10360 10359
f 10356 10361 10359
f 10361 10362 10360
f 10362 10375 10360
f 10362 10377 10375
f 10367 10364 10363
f 10369 10365 10364
f 10372 10366 10365
f 10367 10369 10364
f 10369 10372 10365
f 10368 10369 10367
f 10368 10370 10369
f 10370 10372 10369
f 10370 10373 10372
f 10372 10371 10366
f 10371 12136 10366
f 10371 12138 12136
f 10373 10371 10372
f 10373 10374 10371
f 10374 12138 10371
f 10374 12141 12138
f 10375 10370 10368
f 10375 10376 10370
f 10376 10373 10370
f 10376 10379 10373
f 10377 10376 10375
f 10377 10378 10376
f 10378 10379 10376
f 10378 10381 10379
f 10379 10374 10373
f 10380 12141 10374
f 10379 10380 10374
f 10380 12148 12141
f 10382 12148 10380
f 10381 10380 10379
f 10381 10382 10380
f 13982 10382 10381
f 10382 12152 12148
f 13983 12152 10382
f 10260 10384 10383
f 9225 10383 10386
f 10383 10384 10387
f 10262 10266 10392
f 10261 10385 10384
f 10384 10385 10388
f 10262 10392 10385
f 10385 10392 10397
f 10383 10387 10386
f 9228 10386 10389
f 10386 10390 10389
f 10386 10387 10390
f 10384 10388 10387
f 10387 10388 10391
f 10385 10397 10388
f 10388 10397 10402
f 10387 10391 10390
f 10388 10402 10391
f 9231 10389 10407
f 10389 10408 10407
f 10389 10390 10408
f 10390 10391 10411
f 10390 10411 10408
f 10391 10402 10413
f 10391 10413 10411
f 10266 10267 10393
f 10267 10268 10394
f 10266 10393 10392
f 10267 10394 10393
f 10392 10393 10398
f 10268 10395 10394
f 10393 10394 10399
f 10268 10269 10395
f 10269 10270 10396
f 10269 10396 10395
f 10394 10395 10400
f 10395 10396 10401
f 10392 10398 10397
f 10393 10399 10398
f 10397 10398 10403
f 10394 10400 10399
f 10398 10399 10404
f 10397 10403 10402
f 10398 10404 10403
f 10399 10405 10404
f 10395 10401 10400
f 10399 10400 10405
f 10400 10401 10406
f 10400 10406 10405
f 10402 10403 10414
f 10402 10414 10413
f 10403 10415 10414
f 10403 10404 10415
f 10404 10419 10415
f 10404 10405 10419
f 10405 10420 10419
f 10405 10406 10420
f 9244 10407 10409
f 10407 10410 10409
f 10407 10408 10410
f 9245 10409 10423
f 10409 10410 10424
f 10408 10412 10410
f 10408 10411 10412
f 10411 10416 10412
f 10411 10413 10416
f 10410 10427 10424
f 10410 10412 10427
f 10412 10429 10427
f 10412 10416 10429
f 10409 10424 10423
f 10413 10417 10416
f 10413 10414 10417
f 10414 10418 10417
f 10414 10415 10418
f 10415 10421 10418
f 10416 10430 10429
f 10416 10417 10430
f 10417 10431 10430
f 10417 10418 10431
f 10418 10435 10431
f 10415 10419 10421
f 10419 10422 10421
f 10419 10420 10422
f 10418 10421 10435
f 10421 10436 10435
f 10421 10422 10436
f 9258 10423 10425
f 10423 10424 10426
f 10423 10426 10425
f 9259 10425 13995
f 10425 10426 13996
f 10424 10427 10428
f 10424 10428 10426
f 10427 10429 10432
f 10427 10432 10428
f 10426 10428 13999
f 10428 10432 14007
f 10426 13999 13996
f 10428 14007 13999
f 10429 10433 10432
f 10429 10430 10433
f 10430 10434 10433
f 10430 10431 10434
f 10431 10437 10434
f 10432 14008 14007
f 10432 10433 14008
f 10433 14009 14008
f 10433 10434 14009
f 10434 14013 14009
f 10431 10435 10437
f 10435 10438 10437
f 10435 10436 10438
f 10434 10437 14013
f 10437 14014 14013
f 10437 10438 14014
f 10270 10439 10441
f 10270 10441 10396
f 10439 10440 10442
f 10439 10442 10441
f 10396 10441 10447
f 10441 10442 10448
f 10440 10443 10445
f 10443 10444 10446
f 10440 10445 10442
f 10443 10446 10445
f 10444 10455 10457
f 10444 10457 10446
f 10442 10445 10449
f 10445 10446 10450
f 10446 10457 10463
f 10396 10447 10401
f 10401 10447 10451
f 10441 10448 10447
f 10447 10448 10452
f 10401 10451 10406
f 10442 10449 10448
f 10445 10450 10449
f 10448 10449 10453
f 10449 10450 10454
f 10446 10463 10450
f 10450 10463 10467
f 10406 10451 10471
f 10406 10471 10420
f 10447 10452 10451
f 10451 10452 10472
f 10451 10472 10471
f 10448 10453 10452
f 10449 10454 10453
f 10452 10453 10475
f 10453 10454 10476
f 10452 10475 10472
f 10453 10476 10475
f 10450 10467 10454
f 10454 10467 10479
f 10454 10479 10476
f 10455 10456 10458
f 10455 10458 10457
f 10456 10459 10461
f 10456 10461 10458
f 10457 10458 10464
f 10458 10461 10465
f 10334 10460 10459
f 10335 12238 10460
f 10459 10460 10462
f 10459 10462 10461
f 10460 12241 10462
f 10460 12238 12241
f 10461 10462 10466
f 10462 12241 12248
f 10457 10464 10463
f 10463 10464 10468
f 10458 10465 10464
f 10464 10465 10469
f 10461 10466 10465
f 10465 10466 10470
f 10462 12248 10466
f 10466 12248 12253
f 10463 10468 10467
f 10467 10468 10480
f 10467 10480 10479
f 10464 10469 10468
f 10468 10469 10484
f 10468 10484 10480
f 10466 12253 10470
f 10465 10470 10469
f 10469 10470 10485
f 10469 10485 10484
f 10470 12291 10485
f 10470 12253 12291
f 10420 10471 10473
f 10420 10473 10422
f 10471 10472 10474
f 10471 10474 10473
f 10422 10473 10490
f 10422 10490 10436
f 10473 10474 10491
f 10473 10491 10490
f 10472 10475 10477
f 10472 10477 10474
f 10475 10476 10478
f 10475 10478 10477
f 10476 10481 10478
f 10476 10479 10481
f 10474 10477 10496
f 10477 10478 10497
f 10474 10496 10491
f 10477 10497 10496
f 10478 10481 10502
f 10478 10502 10497
f 10479 10480 10482
f 10479 10482 10481
f 10480 10484 10487
f 10480 10487 10482
f 10481 10482 10483
f 10481 10483 10502
f 10482 10487 10488
f 10482 10488 10483
f 10484 10485 10486
f 10484 10486 10487
f 10485 12291 12294
f 10485 12294 10486
f 10487 10486 10489
f 10487 10489 10488
f 10486 12294 12297
f 10486 12297 10489
f 10436 10490 10493
f 10436 10493 10438
f 10490 10491 10492
f 10490 10492 10493
f 10438 10493 10494
f 10438 10494 14014
f 10493 10492 10495
f 10493 10495 10494
f 10491 10496 10498
f 10496 10497 10499
f 10491 10498 10492
f 10496 10499 10498
f 10497 10502 10503
f 10497 10503 10499
f 10492 10498 10500
f 10498 10499 10501
f 10492 10500 10495
f 10498 10501 10500
f 10499 10503 10505
f 10499 10505 10501
f 10502 10483 10504
f 10502 10504 10503
f 10483 10507 10504
f 10483 10488 10507
f 10503 10506 10505
f 10503 10504 10506
f 10504 10509 10506
f 10504 10507 10509
f 10506 10509 14146
f 10488 10508 10507
f 10488 10489 10508
f 10489 12324 10508
f 10489 12297 12324
f 10508 12324 12327
f 10507 10510 10509
f 10507 10508 10510
f 10509 10510 14147
f 10508 12327 10510
f 10510 12327 14697
f 9796 10516 10513
f 9798 10521 10516
f 9798 9805 10521
f 9805 10512 10522
f 10511 10513 10515
f 10511 10515 10514
f 10513 10519 10515
f 10513 10516 10519
f 10514 10518 10517
f 10514 10515 10518
f 10515 10520 10518
f 10515 10519 10520
f 10517 10528 10527
f 10517 10518 10528
f 10518 10520 10530
f 10516 10521 10523
f 10516 10523 10519
f 9805 10522 10521
f 10512 10542 10522
f 10521 10524 10523
f 10521 10522 10524
f 10519 10523 10525
f 10519 10525 10520
f 10522 10545 10524
f 10523 10524 10526
f 10523 10526 10525
f 10524 10558 10526
f 10527 10588 10529
f 10527 10528 10588
f 10518 10530 10528
f 10528 10591 10588
f 10528 10530 10591
f 10520 10525 10531
f 10520 10531 10530
f 10530 10531 10593
f 10530 10593 10591
f 10525 10526 10532
f 10525 10532 10531
f 10526 10559 10532
f 10531 10532 10595
f 10531 10595 10593
f 10532 10627 10595
f 10512 10533 10542
f 9903 10535 10534
f 9904 9931 10536
f 9904 10536 10535
f 9931 10538 10536
f 9931 10537 10538
f 9930 10539 10540
f 9930 10540 10537
f 10539 10716 10540
f 10537 10540 10541
f 10537 10541 10538
f 10540 10720 10541
f 10522 10542 10545
f 10533 10543 10542
f 10533 10534 10543
f 10534 10535 10544
f 10534 10544 10543
f 10535 10536 10548
f 10535 10548 10544
f 10542 10546 10545
f 10524 10545 10558
f 10542 10543 10546
f 10543 10544 10547
f 10544 10548 10550
f 10543 10547 10546
f 10544 10550 10547
f 10545 10546 10560
f 10546 10547 10561
f 10547 10550 10565
f 10582 10611 9940
f 10611 9943 9940
f 10611 10613 9943
f 10613 9944 9943
f 10614 10553 9944
f 10613 10614 9944
f 10614 10620 10553
f 10545 10560 10558
f 10546 10561 10560
f 10547 10565 10561
f 10536 10549 10548
f 10536 10538 10549
f 10555 10784 9950
f 10548 10549 10551
f 10548 10551 10550
f 10538 10552 10549
f 10538 10541 10552
f 10541 10790 10552
f 10549 10552 10564
f 10549 10564 10551
f 10552 10815 10564
f 10553 10554 9952
f 10620 10554 10553
f 10620 10621 10554
f 10554 10555 9952
f 10554 10556 10555
f 10556 10792 10555
f 10621 10556 10554
f 10621 10557 10556
f 10557 10793 10556
f 10526 10558 10559
f 10558 10562 10559
f 10532 10559 10627
f 10558 10560 10562
f 10560 10561 10563
f 10561 10565 10567
f 10560 10563 10562
f 10561 10567 10563
f 10559 10562 10628
f 10562 10563 10629
f 10563 10567 10633
f 10550 10551 10566
f 10551 10564 10568
f 10564 10819 10568
f 10550 10566 10565
f 10565 10566 10569
f 10565 10569 10567
f 10551 10568 10566
f 10566 10570 10569
f 10566 10568 10570
f 10567 10569 10634
f 10568 10821 10570
f 10569 10570 10635
f 10569 10635 10634
f 10570 11325 10635
f 10571 10572 9817
f 10574 10572 10571
f 10574 10575 10572
f 10572 9819 9817
f 10572 10573 9819
f 10575 10573 10572
f 10575 10578 10573
f 10576 10575 10574
f 10576 10577 10575
f 10577 10578 10575
f 10577 10579 10578
f 10573 10580 9819
f 10573 10581 10580
f 10578 10581 10573
f 10578 10584 10581
f 10581 10582 10580
f 10583 10611 10582
f 10581 10583 10582
f 10584 10583 10581
f 10586 10612 10583
f 10579 10584 10578
f 10579 10585 10584
f 10584 10586 10583
f 10585 10586 10584
f 10587 10617 10586
f 10585 10587 10586
f 10529 10590 10589
f 10529 10588 10590
f 10588 10591 10592
f 10588 10592 10590
f 10591 10593 10594
f 10591 10594 10592
f 10593 10595 10662
f 10593 10662 10594
f 10595 10677 10662
f 10596 10577 10576
f 10596 10597 10577
f 10597 10579 10577
f 10598 10585 10579
f 10599 10597 10596
f 10599 10600 10597
f 10597 10598 10579
f 10600 10598 10597
f 10600 10601 10598
f 10602 10600 10599
f 10603 10601 10600
f 10602 10603 10600
f 10603 10604 10601
f 10598 10605 10585
f 10601 10605 10598
f 10601 10607 10605
f 10605 10587 10585
f 10605 10606 10587
f 10606 10630 10587
f 10607 10606 10605
f 10609 10640 10606
f 10607 10609 10606
f 10604 10607 10601
f 10604 10608 10607
f 10608 10609 10607
f 10610 10643 10609
f 10608 10610 10609
f 10583 10612 10611
f 10612 10613 10611
f 10615 10614 10613
f 10612 10615 10613
f 10616 10620 10614
f 10616 10622 10620
f 10615 10616 10614
f 10617 10615 10612
f 10618 10616 10615
f 10619 10622 10616
f 10586 10617 10612
f 10630 10618 10617
f 10587 10630 10617
f 10617 10618 10615
f 10618 10619 10616
f 10631 10619 10618
f 10619 10625 10622
f 10632 10625 10619
f 10630 10631 10618
f 10631 10632 10619
f 10622 10621 10620
f 10622 10623 10621
f 10625 10623 10622
f 10625 10626 10623
f 10623 10557 10621
f 10623 10624 10557
f 10624 10795 10557
f 10626 10624 10623
f 10626 10638 10624
f 10638 11297 10624
f 10636 10626 10625
f 10559 10628 10627
f 10595 10627 10677
f 10627 10678 10677
f 10562 10629 10628
f 10563 10633 10629
f 10627 10628 10678
f 10628 10629 10679
f 10629 10633 10683
f 10632 10636 10625
f 10567 10634 10633
f 10633 10634 10684
f 10636 10637 10626
f 10637 10638 10626
f 10637 10639 10638
f 10639 11299 10638
f 10650 10639 10637
f 10651 11303 10639
f 10606 10640 10630
f 10640 10631 10630
f 10643 10641 10640
f 10641 10632 10631
f 10640 10641 10631
f 10642 10636 10632
f 10641 10642 10632
f 10642 10649 10636
f 10645 10642 10641
f 10646 10649 10642
f 10646 10653 10649
f 10609 10643 10640
f 10644 10645 10643
f 10610 10644 10643
f 10643 10645 10641
f 10647 10646 10645
f 10645 10646 10642
f 10648 10653 10646
f 10644 10647 10645
f 10647 10648 10646
f 10648 10655 10653
f 10649 10637 10636
f 10649 10650 10637
f 10650 10651 10639
f 10653 10650 10649
f 10653 10654 10650
f 10652 11322 10651
f 10654 10651 10650
f 10654 10652 10651
f 10655 10654 10653
f 10655 10695 10654
f 10695 10652 10654
f 10695 10696 10652
f 10696 11324 10652
f 10589 10590 10657
f 10590 10592 10658
f 10589 10657 10656
f 10656 10657 10660
f 10590 10658 10657
f 10657 10658 10661
f 10656 10660 10659
f 10657 10661 10660
f 10592 10594 10663
f 10594 10662 10664
f 10592 10663 10658
f 10658 10663 10665
f 10594 10664 10663
f 10662 10680 10664
f 10658 10665 10661
f 10663 10664 10666
f 10663 10666 10665
f 10664 10692 10666
f 10659 10668 10667
f 10659 10660 10668
f 10660 10669 10668
f 10660 10661 10669
f 10661 10665 10673
f 10661 10673 10669
f 10665 10666 10674
f 10667 10668 10671
f 10668 10669 10672
f 10667 10671 10670
f 10668 10672 10671
f 10670 12085 12084
f 10670 10671 12085
f 10671 12086 12085
f 10671 10672 12086
f 10669 10673 10675
f 10665 10674 10673
f 10666 10697 10674
f 10673 10674 10676
f 10669 10675 10672
f 10673 10676 10675
f 10674 10700 10676
f 10672 10675 12087
f 10672 12087 12086
f 10675 10676 12088
f 10675 12088 12087
f 10676 12116 12088
f 10662 10677 10680
f 10628 10679 10678
f 10677 10678 10681
f 10629 10683 10679
f 10679 10683 10686
f 10677 10681 10680
f 10678 10682 10681
f 10678 10679 10682
f 10679 10686 10682
f 10664 10680 10692
f 10680 10693 10692
f 10680 10681 10693
f 10681 10694 10693
f 10681 10682 10694
f 10682 10686 10688
f 10682 10688 10694
f 10633 10684 10683
f 10683 10684 10687
f 10634 10635 10685
f 10634 10685 10684
f 10635 11327 10685
f 10684 10685 10690
f 10685 11330 10690
f 10683 10687 10686
f 10686 10687 10689
f 10686 10689 10688
f 10684 10690 10687
f 10687 10690 10691
f 10687 10691 10689
f 10690 11345 10691
f 10689 10691 10705
f 10666 10692 10697
f 10692 10693 10698
f 10693 10694 10699
f 10694 10688 10704
f 12108 10696 10695
f 12110 11362 10696
f 10692 10698 10697
f 10674 10697 10700
f 10693 10699 10698
f 10694 10704 10699
f 10697 10698 10701
f 10698 10699 10702
f 10699 10704 10707
f 10697 10701 10700
f 10698 10702 10701
f 10699 10707 10702
f 10676 10700 12116
f 10700 12117 12116
f 10700 10701 12117
f 10701 10702 12118
f 10702 10707 10709
f 10701 12118 12117
f 10702 10709 12118
f 10688 10703 10704
f 10688 10689 10703
f 10704 10703 10708
f 10689 10705 10703
f 10691 11383 10705
f 10703 10705 10706
f 10703 10706 10708
f 10705 11386 10706
f 10704 10708 10707
f 10707 10708 10710
f 10707 10710 10709
f 10708 10706 10711
f 10706 11389 10711
f 10708 10711 10710
f 9983 10746 10712
f 10539 10713 10716
f 9991 10714 10715
f 9991 10715 10713
f 10713 10715 10717
f 10540 10716 10720
f 10713 10717 10716
f 9978 10718 10714
f 9978 10712 10718
f 10714 10718 10719
f 10714 10719 10715
f 10712 10747 10718
f 10715 10719 10722
f 10718 10762 10719
f 10715 10722 10717
f 10716 10721 10720
f 10716 10717 10721
f 10717 10723 10721
f 10717 10722 10723
f 10719 10764 10722
f 10722 10765 10723
f 9983 10724 10746
f 10009 10726 10724
f 10724 10748 10746
f 10011 10729 10012
f 10012 10733 10725
f 10009 10725 10726
f 10724 10726 10748
f 10725 10734 10726
f 10726 10754 10748
f 10011 10728 10729
f 10012 10729 10733
f 10727 10731 10728
f 10727 10730 10731
f 10728 10732 10729
f 10728 10731 10732
f 10729 10732 10738
f 10725 10733 10734
f 10729 10738 10733
f 10017 10741 10730
f 10018 10737 10735
f 10019 10736 10737
f 10020 10740 10736
f 10017 10735 10741
f 10726 10734 10754
f 10733 10739 10734
f 10733 10738 10739
f 10734 10739 10755
f 10730 10742 10731
f 10731 10743 10732
f 10730 10741 10742
f 10731 10742 10743
f 10732 10744 10738
f 10738 10745 10739
f 10732 10743 10744
f 10738 10744 10745
f 10739 10772 10755
f 10739 10745 10772
f 10712 10746 10747
f 10746 10749 10747
f 10718 10747 10762
f 10747 10763 10762
f 10746 10748 10749
f 10748 10767 10749
f 10747 10749 10763
f 10752 10758 10751
f 10750 10752 10751
f 10032 10753 10031
f 10031 10756 10030
f 10030 10756 10740
f 10753 10757 10031
f 10734 10755 10754
f 10748 10754 10767
f 10754 10755 10768
f 10031 10757 10756
f 10753 10770 10757
f 10759 10770 10753
f 10751 10758 10032
f 10758 10753 10032
f 10758 10759 10753
f 10760 10759 10758
f 10752 10760 10758
f 10760 10761 10759
f 10759 10773 10770
f 10761 10773 10759
f 10749 10769 10763
f 10719 10762 10764
f 10762 10766 10764
f 10722 10764 10765
f 10762 10763 10766
f 10764 10777 10765
f 10763 10774 10766
f 10764 10766 10777
f 10766 10780 10777
f 10754 10768 10767
f 10749 10767 10769
f 10767 10768 10771
f 10767 10771 10769
f 10755 10778 10768
f 10755 10772 10778
f 10768 10779 10771
f 10768 10778 10779
f 10763 10769 10774
f 10761 10776 10773
f 10806 10776 10761
f 10769 10771 10775
f 10769 10775 10774
f 10766 10774 10780
f 10771 10779 10782
f 10774 10775 10781
f 10774 10781 10780
f 10771 10782 10775
f 10775 10783 10781
f 10775 10782 10783
f 10781 10783 10834
f 10784 10785 10034
f 10555 10792 10784
f 10792 10785 10784
f 10792 10786 10785
f 10785 10787 10034
f 10785 10788 10787
f 10787 10750 9997
f 10788 10799 10787
f 10786 10788 10785
f 10786 10789 10788
f 10789 10801 10788
f 10541 10720 10790
f 10552 10790 10815
f 10720 10791 10790
f 10720 10721 10791
f 10721 10817 10791
f 10721 10723 10817
f 10556 10793 10792
f 10793 10786 10792
f 10793 10794 10786
f 10794 10789 10786
f 10557 10795 10793
f 10795 10794 10793
f 10795 10796 10794
f 10794 10797 10789
f 10797 10803 10789
f 10796 10797 10794
f 10796 10798 10797
f 10798 10812 10797
f 10787 10799 10750
f 10799 10752 10750
f 10799 10800 10752
f 10800 10760 10752
f 10788 10801 10799
f 10801 10800 10799
f 10801 10804 10800
f 10804 10802 10800
f 10803 10804 10801
f 10789 10803 10801
f 10800 10802 10760
f 10802 10761 10760
f 10802 10806 10761
f 10804 10808 10802
f 10808 10806 10802
f 10723 10765 10825
f 10805 10808 10804
f 10803 10805 10804
f 10808 10809 10806
f 10806 10807 10776
f 10809 10807 10806
f 10809 10828 10807
f 10810 10809 10808
f 10805 10810 10808
f 10810 10811 10809
f 10811 10828 10809
f 10797 10812 10803
f 10812 10805 10803
f 10839 10813 10812
f 10812 10813 10805
f 10813 10810 10805
f 10840 10814 10813
f 10798 10839 10812
f 10814 10811 10810
f 10813 10814 10810
f 10814 10841 10811
f 10790 10791 10816
f 10564 10815 10819
f 10790 10816 10815
f 10815 10816 10820
f 10815 10820 10819
f 10791 10817 10818
f 10723 10825 10817
f 10791 10818 10816
f 10816 10823 10820
f 10816 10818 10823
f 10817 10827 10818
f 10818 10844 10823
f 11301 10839 10798
f 10568 10819 10821
f 10819 10820 10822
f 10819 10822 10821
f 10570 10821 11325
f 10821 10822 10915
f 10821 10915 11325
f 10820 10823 10824
f 10820 10824 10822
f 10823 10845 10824
f 10822 10824 10916
f 10765 10826 10825
f 10817 10825 10827
f 10765 10777 10826
f 10777 10829 10826
f 10825 10826 10833
f 10825 10833 10827
f 10818 10827 10844
f 10826 10836 10833
f 10777 10780 10829
f 10780 10781 10830
f 10780 10830 10829
f 10826 10829 10836
f 10829 10830 10837
f 10781 10834 10830
f 10811 10831 10828
f 10841 10831 10811
f 10841 10832 10831
f 10827 10846 10844
f 10827 10833 10846
f 10833 10848 10846
f 10830 10834 10835
f 10830 10835 10837
f 10829 10837 10836
f 10836 10837 10838
f 10833 10836 10848
f 10836 10838 10848
f 10837 10835 10917
f 10837 10917 10838
f 11307 10840 10839
f 10839 10840 10813
f 11308 10842 10840
f 10842 10841 10814
f 10843 10832 10841
f 10843 10847 10832
f 10840 10842 10814
f 10842 10843 10841
f 11310 10843 10842
f 11310 11311 10843
f 11311 10847 10843
f 10823 10844 10845
f 10844 10918 10845
f 10844 10846 10918
f 10846 10921 10918
f 10846 10848 10921
f 10848 10838 10922
f 11311 10849 10847
f 10737 10851 10735
f 10736 10850 10737
f 10740 10852 10736
f 10756 10853 10740
f 10735 10857 10741
f 10741 10858 10742
f 10737 10850 10851
f 10736 10852 10850
f 10740 10853 10852
f 10735 10851 10857
f 10742 10859 10743
f 10741 10857 10858
f 10742 10858 10859
f 10743 10860 10744
f 10744 10861 10745
f 10745 10888 10772
f 10743 10859 10860
f 10852 10862 10850
f 10850 10863 10851
f 10853 10864 10852
f 10852 10864 10862
f 10850 10862 10863
f 10854 10865 10853
f 10757 10854 10756
f 10770 10855 10757
f 10756 10854 10853
f 10757 10855 10854
f 10773 10856 10770
f 10770 10856 10855
f 10773 10886 10856
f 10855 10887 10854
f 10776 10886 10773
f 10807 10893 10776
f 10744 10860 10861
f 10745 10861 10888
f 10851 10866 10857
f 10857 10867 10858
f 10858 10868 10859
f 10851 10863 10866
f 10853 10865 10864
f 10854 10887 10865
f 10859 10869 10860
f 10857 10866 10867
f 10858 10867 10868
f 10860 10870 10861
f 10859 10868 10869
f 10860 10869 10870
f 10861 10896 10888
f 10861 10870 10896
f 10862 10872 10863
f 10864 10871 10862
f 10865 10873 10864
f 10887 10874 10865
f 10863 10875 10866
f 10864 10873 10871
f 10862 10871 10872
f 10863 10872 10875
f 10865 10874 10873
f 10887 10904 10874
f 10866 10876 10867
f 10866 10875 10876
f 10867 10877 10868
f 10868 10878 10869
f 10869 10879 10870
f 10867 10876 10877
f 10868 10877 10878
f 10870 10880 10896
f 10873 10881 10871
f 10871 10882 10872
f 10874 10883 10873
f 10904 10884 10874
f 10869 10878 10879
f 10870 10879 10880
f 10872 10928 10875
f 10875 10929 10876
f 10876 10930 10877
f 10877 10931 10878
f 10871 10881 10882
f 10873 10883 10881
f 10872 10882 10928
f 10874 10884 10883
f 10904 10885 10884
f 10772 10889 10778
f 10772 10888 10889
f 10778 10895 10779
f 10856 10890 10855
f 10855 10890 10887
f 10856 10891 10890
f 10886 10891 10856
f 10778 10889 10895
f 10779 10900 10782
f 10779 10895 10900
f 10888 10897 10889
f 10886 10892 10891
f 10776 10893 10886
f 10807 10894 10893
f 10893 10892 10886
f 10894 10901 10893
f 10893 10901 10892
f 10909 10902 10894
f 10890 10904 10887
f 10891 10905 10890
f 10888 10896 10897
f 10889 10897 10898
f 10889 10898 10895
f 10895 10899 10900
f 10895 10898 10899
f 10782 10903 10783
f 10782 10900 10903
f 10894 10902 10901
f 10909 10911 10902
f 10783 10934 10834
f 10783 10903 10934
f 10900 10899 10935
f 10900 10935 10903
f 10890 10905 10904
f 10891 10906 10905
f 10892 10906 10891
f 10901 10907 10892
f 10892 10907 10906
f 10896 10937 10897
f 10905 10885 10904
f 10906 10939 10905
f 10896 10880 10937
f 10897 10938 10898
f 10907 10940 10906
f 10901 10908 10907
f 10908 10941 10907
f 10905 10939 10885
f 10906 10940 10939
f 10902 10908 10901
f 10902 10946 10908
f 10911 10946 10902
f 10911 10947 10946
f 10828 10894 10807
f 10828 10909 10894
f 10831 10909 10828
f 10831 10910 10909
f 10832 10910 10831
f 10910 10911 10909
f 10834 11202 10835
f 10834 10934 11202
f 10910 10912 10911
f 10913 10912 10910
f 10832 10913 10910
f 10913 11204 10912
f 10914 11204 10913
f 10912 10947 10911
f 10847 10913 10832
f 10847 10914 10913
f 10849 10914 10847
f 10849 11219 10914
f 11313 11219 10849
f 10822 10916 10915
f 10824 10919 10916
f 10838 10917 10923
f 10824 10845 10919
f 10845 10920 10919
f 10845 10918 10920
f 10918 10925 10920
f 10848 10922 10921
f 10921 10922 10924
f 10838 10923 10922
f 10922 10923 10926
f 10918 10921 10925
f 10921 10924 10925
f 10920 10925 11338
f 10922 10926 10924
f 10925 10924 11337
f 10924 10926 10927
f 10924 10927 11337
f 10878 10932 10879
f 10879 10933 10880
f 10875 10928 10929
f 10876 10929 10930
f 10877 10930 10931
f 10878 10931 10932
f 10883 10958 10881
f 10881 10959 10882
f 10884 10961 10883
f 10885 10960 10884
f 10879 10932 10933
f 10882 10963 10928
f 10883 10961 10958
f 10881 10958 10959
f 10928 10964 10929
f 10929 10965 10930
f 10882 10959 10963
f 10884 10960 10961
f 10885 10962 10960
f 10930 10966 10931
f 10928 10963 10964
f 10929 10964 10965
f 10930 10965 10966
f 10931 10967 10932
f 10932 10968 10933
f 10931 10966 10967
f 10932 10967 10968
f 10933 10968 10991
f 10903 10935 10936
f 10903 10936 10934
f 10934 10936 11203
f 10897 10937 10938
f 10880 10944 10937
f 10937 10945 10938
f 10898 10943 10899
f 10898 10938 10943
f 10899 10943 10948
f 10939 10962 10885
f 10880 10933 10944
f 10940 10988 10939
f 10939 10988 10962
f 10941 10989 10940
f 10907 10941 10940
f 10908 10942 10941
f 10938 10951 10943
f 10943 10952 10948
f 10937 10944 10945
f 10940 10989 10988
f 10941 10990 10989
f 10938 10945 10951
f 10933 10991 10944
f 10942 10990 10941
f 10949 10996 10942
f 10942 10996 10990
f 10949 10997 10996
f 10946 10942 10908
f 10899 10948 10935
f 10947 10949 10946
f 11207 10950 10947
f 10946 10949 10942
f 10935 10953 10936
f 10935 10948 10953
f 10936 10954 11203
f 10947 10950 10949
f 10950 10997 10949
f 11207 10955 10950
f 10944 10991 10992
f 10944 10992 10945
f 10945 10992 11000
f 10943 10951 10952
f 10945 11000 10951
f 10951 11003 10952
f 10951 11000 11003
f 10952 11003 11104
f 10948 10956 10953
f 10936 10953 10954
f 10953 10957 10954
f 10950 11006 10997
f 10948 10952 10956
f 10955 11006 10950
f 10955 11009 11006
f 11213 11009 10955
f 11213 11010 11009
f 10953 10956 10957
f 10952 11104 10956
f 10956 11104 11105
f 10956 11105 10957
f 10954 10957 11011
f 10961 10969 10958
f 10958 10970 10959
f 10960 10972 10961
f 10959 10974 10963
f 10962 10971 10960
f 10988 10973 10962
f 10958 10969 10970
f 10961 10972 10969
f 10960 10971 10972
f 10963 10975 10964
f 10964 10976 10965
f 10965 10977 10966
f 10966 10978 10967
f 10959 10970 10974
f 10962 10973 10971
f 10967 10979 10968
f 10963 10974 10975
f 10964 10975 10976
f 10965 10976 10977
f 10966 10977 10978
f 10967 10978 10979
f 10969 10981 10970
f 10972 10980 10969
f 10969 10980 10981
f 10971 10983 10972
f 10973 10982 10971
f 10993 10987 10973
f 10968 10979 10998
f 10974 10985 10975
f 10970 10984 10974
f 10970 10981 10984
f 10975 10986 10976
f 10976 11012 10977
f 10971 10982 10983
f 10972 10983 10980
f 10973 10987 10982
f 10977 11013 10978
f 10993 11004 10987
f 10974 10984 10985
f 10975 10985 10986
f 10976 10986 11012
f 10978 11014 10979
f 10979 11096 10998
f 10977 11012 11013
f 10978 11013 11014
f 10980 11015 10981
f 10983 11018 10980
f 10987 11016 10982
f 10982 11017 10983
f 11004 11023 10987
f 10989 10993 10988
f 10990 10994 10989
f 10988 10993 10973
f 10989 10994 10993
f 10968 10998 10991
f 10990 10995 10994
f 10996 10995 10990
f 10997 11001 10996
f 10996 11001 10995
f 10991 10999 10992
f 10992 11091 11000
f 10991 10998 10999
f 10992 10999 11091
f 10997 11002 11001
f 11000 11092 11003
f 11000 11091 11092
f 10994 11004 10993
f 10995 11005 10994
f 10994 11005 11004
f 11001 11094 10995
f 10995 11094 11005
f 11001 11095 11094
f 11002 11095 11001
f 11007 11099 11002
f 11006 11002 10997
f 11009 11007 11006
f 11006 11007 11002
f 11009 11008 11007
f 11010 11008 11009
f 11228 11106 11010
f 11010 11106 11008
f 10957 11107 11011
f 10957 11105 11107
f 11011 11107 11253
f 10979 11014 11096
f 10981 11019 10984
f 10984 11020 10985
f 10980 11018 11015
f 10981 11015 11019
f 10985 11021 10986
f 10986 11022 11012
f 10983 11017 11018
f 10982 11016 11017
f 10987 11023 11016
f 11012 11025 11013
f 11004 11024 11023
f 10984 11019 11020
f 10985 11020 11021
f 10986 11021 11022
f 11013 11026 11014
f 11014 11027 11096
f 11012 11022 11025
f 11013 11025 11026
f 11014 11026 11027
f 11015 11033 11019
f 11016 11029 11017
f 11017 11030 11018
f 11018 11031 11015
f 11023 11028 11016
f 11024 11032 11023
f 11018 11030 11031
f 11019 11034 11020
f 11020 11035 11021
f 11021 11037 11022
f 11015 11031 11033
f 11019 11033 11034
f 11020 11034 11035
f 11021 11035 11037
f 11023 11032 11028
f 11016 11028 11029
f 11017 11029 11030
f 11024 11036 11032
f 11022 11038 11025
f 11025 11039 11026
f 11026 11043 11027
f 11022 11037 11038
f 11025 11038 11039
f 11026 11039 11043
f 11027 11043 11134
f 11031 11040 11033
f 11033 11041 11034
f 11034 11042 11035
f 11031 11046 11040
f 11028 11044 11029
f 11029 11045 11030
f 11030 11046 11031
f 11032 11048 11028
f 11036 11047 11032
f 11035 11050 11037
f 11123 11049 11036
f 11028 11048 11044
f 11029 11044 11045
f 11030 11045 11046
f 11032 11047 11048
f 11036 11049 11047
f 11033 11040 11041
f 11034 11041 11042
f 11035 11042 11050
f 11037 11052 11038
f 11038 11053 11039
f 11039 11054 11043
f 11037 11050 11052
f 11123 11051 11049
f 11043 11055 11134
f 11038 11052 11053
f 11039 11053 11054
f 11043 11054 11055
f 11046 11056 11040
f 11047 11062 11048
f 11048 11058 11044
f 11044 11059 11045
f 11045 11060 11046
f 11051 11064 11049
f 11049 11061 11047
f 11040 11057 11041
f 11041 11063 11042
f 11040 11056 11057
f 11041 11057 11063
f 11047 11061 11062
f 11048 11062 11058
f 11044 11058 11059
f 11045 11059 11060
f 11046 11060 11056
f 11042 11066 11050
f 11050 11067 11052
f 11051 11065 11064
f 11049 11064 11061
f 11042 11063 11066
f 11050 11066 11067
f 11052 11068 11053
f 11052 11067 11068
f 11053 11068 11069
f 11053 11069 11054
f 11054 11070 11055
f 11061 11072 11062
f 11062 11073 11058
f 11058 11074 11059
f 11059 11075 11060
f 11056 11077 11057
f 11054 11069 11070
f 11055 11070 11165
f 11064 11071 11061
f 11060 11076 11056
f 11057 11078 11063
f 11063 11082 11066
f 11066 11083 11067
f 11151 11081 11065
f 11065 11079 11064
f 11067 11084 11068
f 11068 11085 11069
f 11069 11086 11070
f 11056 11076 11077
f 11062 11072 11073
f 11058 11073 11074
f 11059 11074 11075
f 11061 11071 11072
f 11060 11075 11076
f 11065 11081 11079
f 11064 11079 11071
f 11057 11077 11078
f 11063 11078 11082
f 11066 11082 11083
f 11067 11083 11084
f 11068 11084 11085
f 11151 11080 11081
f 11070 11087 11165
f 11079 11443 11071
f 11071 11444 11072
f 11072 11088 11073
f 11073 11089 11074
f 11074 11090 11075
f 11075 11439 11076
f 11076 11440 11077
f 11077 11441 11078
f 11078 11445 11082
f 11082 11446 11083
f 11069 11085 11086
f 11081 11442 11079
f 11070 11086 11087
f 11174 11449 11080
f 11080 11450 11081
f 11074 11089 11090
f 11083 11447 11084
f 11084 11448 11085
f 11085 11453 11086
f 11086 11454 11087
f 11079 11442 11443
f 11071 11443 11444
f 11072 11444 11088
f 11073 11088 11089
f 11075 11090 11439
f 11076 11439 11440
f 11077 11440 11441
f 11078 11441 11445
f 11082 11445 11446
f 11083 11446 11447
f 11081 11450 11442
f 11174 11452 11449
f 11080 11449 11450
f 11003 11093 11104
f 11003 11092 11093
f 11104 11093 11110
f 10998 11097 10999
f 10998 11096 11097
f 10999 11098 11091
f 11005 11024 11004
f 11094 11116 11005
f 11005 11116 11024
f 11095 11117 11094
f 10999 11097 11098
f 11091 11098 11101
f 11094 11117 11116
f 11096 11120 11097
f 11099 11118 11095
f 11095 11118 11117
f 11099 11119 11118
f 11002 11099 11095
f 11007 11100 11099
f 11091 11101 11092
f 11092 11102 11093
f 11100 11119 11099
f 11109 11127 11100
f 11097 11121 11098
f 11096 11027 11120
f 11097 11120 11121
f 11098 11122 11101
f 11098 11121 11122
f 11101 11122 11143
f 11092 11101 11102
f 11093 11103 11110
f 11093 11102 11103
f 11100 11127 11119
f 11109 11128 11127
f 11101 11143 11102
f 11102 11144 11103
f 11104 11110 11105
f 11228 11108 11106
f 11008 11100 11007
f 11008 11109 11100
f 11106 11109 11008
f 11106 11113 11109
f 11108 11113 11106
f 11251 11114 11108
f 11105 11111 11107
f 11105 11110 11111
f 11107 11112 11253
f 11107 11111 11112
f 11253 11112 11261
f 11113 11128 11109
f 11114 11129 11113
f 11110 11130 11111
f 11110 11103 11130
f 11113 11129 11128
f 11114 11184 11129
f 11108 11114 11113
f 11251 11115 11114
f 11115 11184 11114
f 11115 11187 11184
f 11257 11187 11115
f 11116 11036 11024
f 11117 11123 11116
f 11118 11124 11117
f 11116 11123 11036
f 11117 11124 11123
f 11119 11125 11118
f 11027 11134 11120
f 11118 11125 11124
f 11120 11135 11121
f 11119 11126 11125
f 11124 11051 11123
f 11125 11136 11124
f 11127 11126 11119
f 11128 11145 11127
f 11127 11145 11126
f 11129 11146 11128
f 11102 11143 11144
f 11103 11148 11130
f 11103 11144 11148
f 11111 11131 11112
f 11111 11130 11131
f 11130 11189 11131
f 11130 11148 11189
f 11131 11190 11132
f 11131 11189 11190
f 11112 11131 11132
f 11112 11132 11261
f 11257 11188 11187
f 11261 11132 11133
f 11132 11199 11133
f 11132 11190 11199
f 11133 11200 11267
f 11133 11199 11200
f 11120 11134 11135
f 11121 11135 11139
f 11121 11139 11122
f 11122 11142 11143
f 11122 11139 11142
f 11124 11136 11051
f 11125 11137 11136
f 11126 11137 11125
f 11145 11140 11126
f 11126 11140 11137
f 11143 11142 11149
f 11134 11138 11135
f 11135 11152 11139
f 11134 11055 11138
f 11135 11138 11152
f 11139 11152 11153
f 11145 11141 11140
f 11139 11153 11142
f 11128 11146 11145
f 11129 11147 11146
f 11146 11141 11145
f 11143 11149 11144
f 11144 11149 11155
f 11144 11155 11148
f 11147 11150 11146
f 11146 11150 11141
f 11147 11156 11150
f 11185 11156 11147
f 11185 11157 11156
f 11136 11065 11051
f 11137 11151 11136
f 11140 11163 11137
f 11137 11163 11151
f 11136 11151 11065
f 11140 11164 11163
f 11141 11164 11140
f 11150 11167 11141
f 11142 11154 11149
f 11142 11153 11154
f 11149 11154 11160
f 11148 11158 11189
f 11148 11155 11158
f 11149 11160 11155
f 11186 11159 11157
f 11155 11161 11158
f 11155 11160 11161
f 11158 11162 11193
f 11158 11161 11162
f 11193 11162 11456
f 11055 11165 11138
f 11138 11169 11152
f 11163 11080 11151
f 11138 11165 11169
f 11152 11170 11153
f 11152 11169 11170
f 11164 11174 11163
f 11167 11173 11164
f 11141 11167 11164
f 11156 11166 11150
f 11150 11166 11167
f 11153 11171 11154
f 11156 11168 11166
f 11166 11175 11167
f 11163 11174 11080
f 11164 11173 11174
f 11165 11176 11169
f 11169 11458 11170
f 11170 11459 11171
f 11153 11170 11171
f 11154 11171 11172
f 11154 11172 11160
f 11168 11177 11166
f 11180 11178 11168
f 11160 11172 11457
f 11171 11465 11172
f 11165 11087 11176
f 11167 11175 11173
f 11169 11176 11458
f 11175 11451 11173
f 11173 11452 11174
f 11170 11458 11459
f 11178 11460 11177
f 11177 11461 11175
f 11173 11451 11452
f 11166 11177 11175
f 11168 11178 11177
f 11180 11179 11178
f 11157 11168 11156
f 11157 11180 11168
f 11159 11180 11157
f 11191 11181 11159
f 11159 11181 11180
f 11181 11179 11180
f 11160 11457 11161
f 11182 11481 11181
f 11191 11182 11181
f 11183 11482 11182
f 11181 11481 11179
f 11182 11482 11481
f 11184 11147 11129
f 11184 11185 11147
f 11187 11185 11184
f 11187 11186 11185
f 11188 11186 11187
f 11188 11192 11186
f 11186 11157 11185
f 11276 11192 11188
f 11276 11197 11192
f 11277 11197 11276
f 11189 11193 11190
f 11189 11158 11193
f 11192 11159 11186
f 11192 11191 11159
f 11197 11191 11192
f 11197 11194 11191
f 11190 11193 11196
f 11190 11196 11199
f 11199 11196 11506
f 11193 11456 11196
f 11277 11198 11197
f 11198 11194 11197
f 11199 11506 11200
f 11198 11195 11194
f 11278 11201 11195
f 11278 11195 11198
f 11279 11510 11201
f 11194 11182 11191
f 11194 11183 11182
f 11195 11183 11194
f 11195 11513 11183
f 11201 11513 11195
f 10835 11202 11206
f 10934 11203 11202
f 11202 11203 11210
f 11202 11210 11206
f 10835 11206 10917
f 10914 11205 11204
f 10917 11206 11211
f 10917 11211 10923
f 10912 11207 10947
f 11204 11207 10912
f 11204 11208 11207
f 11208 10955 11207
f 11209 11213 11208
f 11208 11213 10955
f 11205 11208 11204
f 11205 11209 11208
f 11220 11209 11205
f 11220 11216 11209
f 11206 11210 11212
f 11206 11212 11211
f 11211 11212 11229
f 11211 11229 11223
f 11203 10954 11215
f 11203 11215 11210
f 11214 11010 11213
f 11209 11214 11213
f 10954 11011 11215
f 11210 11215 11230
f 11210 11230 11212
f 11214 11228 11010
f 11217 11228 11214
f 11217 11252 11228
f 11216 11214 11209
f 11225 11217 11216
f 11216 11217 11214
f 11218 11252 11217
f 11225 11218 11217
f 11219 11205 10914
f 11219 11220 11205
f 11222 11220 11219
f 11222 11221 11220
f 11313 11222 11219
f 11396 11221 11222
f 11221 11216 11220
f 10923 11211 11223
f 10923 11223 10926
f 10926 11223 11238
f 11396 11224 11221
f 10926 11238 10927
f 11221 11225 11216
f 11224 11225 11221
f 11224 11226 11225
f 11226 11218 11225
f 11227 11241 11226
f 11226 11241 11218
f 11397 11226 11224
f 11397 11227 11226
f 11215 11231 11230
f 11230 11232 11233
f 11215 11011 11231
f 11011 11253 11231
f 11230 11231 11232
f 11231 11253 11254
f 11231 11254 11232
f 11232 11254 11263
f 11232 11263 11235
f 11212 11230 11233
f 11212 11233 11229
f 11229 11233 11234
f 11229 11234 11237
f 11218 11258 11252
f 11241 11258 11218
f 11241 11259 11258
f 11233 11235 11234
f 11234 11236 11246
f 11233 11232 11235
f 11234 11235 11236
f 11235 11263 11269
f 11235 11269 11236
f 11236 11269 11274
f 11236 11274 11248
f 11223 11229 11237
f 11223 11237 11238
f 11238 11237 11240
f 10927 11238 11239
f 10927 11239 11348
f 11238 11240 11239
f 11239 11240 11245
f 11239 11245 11402
f 11242 11259 11241
f 11242 11285 11259
f 11227 11242 11241
f 11237 11234 11246
f 11237 11246 11240
f 11243 11285 11242
f 11243 11286 11285
f 11404 11242 11227
f 11404 11243 11242
f 11244 11286 11243
f 11244 11292 11286
f 11405 11244 11243
f 11406 11292 11244
f 11240 11246 11247
f 11246 11248 11247
f 11246 11236 11248
f 11248 11274 11289
f 11248 11289 11249
f 11247 11248 11249
f 11249 11289 11703
f 11240 11247 11245
f 11245 11247 11250
f 11245 11250 11408
f 11406 11293 11292
f 11247 11249 11250
f 11250 11563 11822
f 11250 11249 11563
f 11252 11108 11228
f 11252 11251 11108
f 11258 11251 11252
f 11258 11255 11251
f 11253 11261 11254
f 11255 11115 11251
f 11255 11257 11115
f 11256 11257 11255
f 11256 11264 11257
f 11260 11264 11256
f 11259 11255 11258
f 11259 11256 11255
f 11285 11260 11256
f 11285 11256 11259
f 11286 11260 11285
f 11286 11270 11260
f 11254 11261 11262
f 11254 11262 11263
f 11263 11266 11269
f 11263 11262 11266
f 11264 11188 11257
f 11264 11276 11188
f 11265 11276 11264
f 11261 11133 11262
f 11265 11277 11276
f 11260 11265 11264
f 11271 11280 11277
f 11271 11277 11265
f 11269 11266 11273
f 11262 11133 11267
f 11262 11267 11266
f 11266 11267 11268
f 11267 11200 11571
f 11267 11571 11268
f 11272 11281 11280
f 11266 11268 11273
f 11273 11268 11565
f 11270 11265 11260
f 11270 11271 11265
f 11272 11280 11271
f 11287 11271 11270
f 11287 11272 11271
f 11269 11273 11274
f 11274 11273 11566
f 11274 11566 11289
f 11275 11281 11272
f 11275 11283 11281
f 11290 11283 11275
f 11290 11284 11283
f 11291 11644 11284
f 11280 11198 11277
f 11280 11278 11198
f 11281 11279 11278
f 11279 11201 11278
f 11282 11510 11279
f 11281 11278 11280
f 11283 11282 11279
f 11283 11279 11281
f 11284 11577 11282
f 11284 11282 11283
f 11644 11577 11284
f 11292 11270 11286
f 11292 11287 11270
f 11293 11287 11292
f 11293 11288 11287
f 11288 11272 11287
f 11288 11275 11272
f 11294 11290 11275
f 11291 11284 11290
f 11296 11644 11291
f 11294 11275 11288
f 11295 11290 11294
f 11295 11291 11290
f 11423 11288 11293
f 11423 11294 11288
f 11425 11294 11423
f 11425 11295 11294
f 11424 11296 11291
f 11424 11291 11295
f 11838 11296 11424
f 10624 11297 10795
f 11297 10796 10795
f 11297 11298 10796
f 11298 10798 10796
f 10638 11299 11297
f 11299 11298 11297
f 11299 11300 11298
f 11298 11301 10798
f 11302 11307 11301
f 11300 11301 11298
f 11300 11302 11301
f 11305 11309 11302
f 10639 11303 11299
f 11303 11300 11299
f 11303 11304 11300
f 11304 11302 11300
f 10651 11322 11303
f 11322 11304 11303
f 11322 11323 11304
f 11304 11305 11302
f 11323 11305 11304
f 11323 11306 11305
f 11306 11316 11305
f 11301 11307 10839
f 11307 11308 10840
f 11309 11308 11307
f 11312 11310 11308
f 11302 11309 11307
f 11309 11312 11308
f 11308 11310 10842
f 11314 11311 11310
f 11316 11312 11309
f 11317 11314 11312
f 11314 11315 11311
f 11315 10849 11311
f 11315 11313 10849
f 11312 11314 11310
f 11320 11315 11314
f 11320 11321 11315
f 11321 11313 11315
f 11305 11316 11309
f 11316 11317 11312
f 11318 11317 11316
f 11319 11320 11317
f 11306 11318 11316
f 11318 11319 11317
f 11317 11320 11314
f 11342 11321 11320
f 11319 11342 11320
f 11324 11323 11322
f 11324 11360 11323
f 10652 11324 11322
f 11360 11306 11323
f 11360 11361 11306
f 11361 11318 11306
f 10635 11325 11327
f 11325 10915 11326
f 11325 11326 11327
f 10685 11327 11330
f 10915 10916 11328
f 10915 11328 11326
f 10916 11333 11328
f 11327 11326 11331
f 11327 11331 11330
f 11326 11328 11329
f 11326 11329 11331
f 11328 11335 11329
f 10690 11330 11345
f 11330 11331 11346
f 11330 11346 11345
f 11331 11329 11347
f 11331 11347 11346
f 10916 10919 11333
f 10919 11334 11333
f 10919 10920 11334
f 11321 11332 11313
f 10920 11338 11334
f 11333 11334 11336
f 11328 11333 11335
f 11333 11336 11335
f 11334 11340 11336
f 11335 11336 11351
f 10925 11337 11338
f 11334 11338 11340
f 11338 11337 11339
f 11337 10927 11348
f 11337 11348 11339
f 11338 11339 11340
f 11367 11319 11318
f 11368 11342 11319
f 11342 11343 11321
f 11343 11332 11321
f 11343 11341 11332
f 11371 11343 11342
f 11371 11372 11343
f 11372 11341 11343
f 11372 11344 11341
f 11329 11335 11350
f 10691 11345 11383
f 11345 11346 11384
f 11329 11350 11347
f 11346 11347 11385
f 11346 11385 11384
f 11347 11352 11385
f 11336 11340 11354
f 11340 11339 11355
f 11339 11348 11349
f 11339 11349 11355
f 11355 11349 11356
f 11335 11351 11350
f 11336 11354 11351
f 11347 11350 11352
f 11350 11353 11352
f 11350 11351 11353
f 11351 11358 11353
f 11340 11355 11354
f 11351 11354 11358
f 11354 11355 11357
f 11355 11356 11357
f 11354 11357 11358
f 11357 11356 11359
f 11353 11358 11393
f 11358 11357 11392
f 11357 11359 11392
f 11392 11359 11809
f 11362 11360 11324
f 11363 11361 11360
f 11363 11365 11361
f 11365 11367 11361
f 10696 11362 11324
f 11362 11363 11360
f 12110 12181 11362
f 12181 11363 11362
f 12181 11364 11363
f 11364 11365 11363
f 11366 11369 11365
f 11364 11366 11365
f 12184 11378 11366
f 11361 11367 11318
f 11367 11368 11319
f 11370 11371 11368
f 11369 11368 11367
f 11365 11369 11367
f 11369 11370 11368
f 11368 11371 11342
f 11373 11372 11371
f 11373 11375 11372
f 11375 11344 11372
f 11370 11373 11371
f 11375 11374 11344
f 11380 11375 11373
f 11379 11374 11375
f 11379 11376 11374
f 11378 11370 11369
f 11366 11378 11369
f 11377 11373 11370
f 11378 11377 11370
f 12188 11377 11378
f 12189 11380 11377
f 12188 12189 11377
f 11377 11380 11373
f 11380 11379 11375
f 11381 11379 11380
f 11382 11376 11379
f 11382 11394 11376
f 11381 11382 11379
f 12189 11381 11380
f 10705 11383 11386
f 11345 11384 11383
f 11383 11384 11387
f 11383 11387 11386
f 11386 11387 11804
f 11384 11388 11387
f 11384 11385 11388
f 11385 11390 11388
f 11387 11388 11806
f 11388 11813 11806
f 10706 11386 11389
f 11386 11804 11389
f 11387 11806 11804
f 11385 11352 11390
f 11352 11391 11390
f 11352 11353 11391
f 11353 11393 11391
f 11388 11390 11813
f 11390 11808 11813
f 11390 11391 11808
f 11391 11811 11808
f 11358 11392 11393
f 11393 11392 11810
f 11392 11809 11810
f 11391 11393 11811
f 11393 11810 11811
f 12194 11394 11382
f 12194 11395 11394
f 11332 11222 11313
f 11332 11396 11222
f 11341 11396 11332
f 11341 11398 11396
f 11398 11224 11396
f 11398 11397 11224
f 11399 11397 11398
f 11399 11400 11397
f 11401 11400 11399
f 11401 11403 11400
f 11400 11227 11397
f 11344 11398 11341
f 11344 11399 11398
f 11374 11401 11399
f 11374 11399 11344
f 11376 11401 11374
f 11376 11414 11401
f 11348 11239 11402
f 11348 11402 11349
f 11400 11404 11227
f 11405 11243 11404
f 11403 11404 11400
f 11403 11405 11404
f 11407 11244 11405
f 11407 11406 11244
f 11413 11405 11403
f 11416 11406 11407
f 11413 11407 11405
f 11402 11245 11408
f 11402 11408 11409
f 11409 11408 11410
f 11349 11402 11409
f 11349 11409 11356
f 11356 11409 11417
f 11409 11410 11417
f 11411 11293 11406
f 11411 11423 11293
f 11412 11423 11411
f 11412 11425 11423
f 11408 11250 11822
f 11408 11822 11410
f 11416 11411 11406
f 11418 11412 11411
f 11419 11426 11425
f 11419 11425 11412
f 11420 11427 11426
f 11414 11413 11403
f 11414 11403 11401
f 11428 11413 11414
f 11428 11415 11413
f 11415 11407 11413
f 11415 11416 11407
f 11429 11416 11415
f 11356 11417 11359
f 11359 11417 11829
f 11418 11411 11416
f 11421 11412 11418
f 11421 11419 11412
f 11420 11426 11419
f 11422 11913 11427
f 11422 11427 11420
f 11429 11418 11416
f 11431 11421 11418
f 11433 11419 11421
f 11433 11420 11419
f 11434 11422 11420
f 11426 11295 11425
f 11426 11424 11295
f 11427 11424 11426
f 11427 11838 11424
f 11913 11838 11427
f 11394 11414 11376
f 11394 11428 11414
f 11430 11429 11415
f 11430 11415 11428
f 11395 11428 11394
f 11395 11430 11428
f 11435 11429 11430
f 11435 11431 11429
f 11431 11418 11429
f 11432 11433 11421
f 11432 11421 11431
f 11434 11420 11433
f 11973 11422 11434
f 11436 11434 11433
f 11436 11433 11432
f 12195 11430 11395
f 12195 11435 11430
f 11437 11431 11435
f 11437 11432 11431
f 12198 11437 11435
f 12228 11432 11437
f 12228 11436 11432
f 12229 11438 11436
f 11438 11973 11434
f 11438 11434 11436
f 10710 10711 12268
f 11087 11455 11176
f 11084 11447 11448
f 11439 11090 11089
f 11439 11089 11088
f 11439 11088 11444
f 11439 11444 11443
f 11439 11443 11442
f 11439 11442 11450
f 11439 11450 11449
f 11445 11441 11440
f 11445 11440 11439
f 11439 11454 11453
f 11439 11453 11448
f 11439 11448 11447
f 11439 11447 11446
f 11439 11446 11445
f 11085 11448 11453
f 11086 11453 11454
f 11087 11454 11455
f 11439 11449 11452
f 11439 11452 11451
f 11439 11451 11461
f 11439 11461 11460
f 11439 11469 11462
f 11439 11462 11455
f 11439 11455 11454
f 11439 11470 11469
f 11172 11466 11457
f 11176 11462 11458
f 11458 11469 11459
f 11171 11459 11465
f 11175 11461 11451
f 11177 11460 11461
f 11178 11463 11460
f 11459 11470 11465
f 11176 11455 11462
f 11458 11462 11469
f 11439 11460 11463
f 11439 11463 11464
f 11439 11464 11468
f 11459 11469 11470
f 11439 11471 11470
f 11439 11468 11473
f 11439 11473 11474
f 11439 11474 11475
f 11179 11463 11178
f 11172 11465 11466
f 11482 11468 11481
f 11481 11464 11179
f 11179 11464 11463
f 11465 11471 11466
f 11457 11466 11467
f 11481 11468 11464
f 11483 11474 11473
f 11482 11473 11468
f 11439 11476 11472
f 11439 11472 11471
f 11465 11470 11471
f 11466 11471 11472
f 11439 11477 11476
f 11439 11497 11478
f 11439 11478 11477
f 11466 11472 11467
f 11467 11476 11487
f 11467 11472 11476
f 11439 11499 11498
f 11439 11498 11497
f 11487 11476 11477
f 11488 11477 11478
f 11439 11500 11499
f 11439 11503 11502
f 11439 11502 11500
f 11161 11457 11479
f 11161 11479 11162
f 11162 11479 11480
f 11457 11467 11479
f 11479 11487 11480
f 11162 11480 11456
f 11513 11483 11183
f 11456 11480 11486
f 11456 11486 11505
f 11483 11473 11482
f 11479 11467 11487
f 11484 11474 11483
f 11183 11483 11482
f 11513 11484 11483
f 11485 11475 11484
f 11480 11488 11486
f 11486 11492 11516
f 11487 11477 11488
f 11480 11487 11488
f 11484 11475 11474
f 11485 11489 11475
f 11488 11478 11492
f 11492 11497 11493
f 11492 11478 11497
f 11439 11475 11561
f 11518 11489 11485
f 11486 11488 11492
f 11519 11491 11518
f 11519 11490 11491
f 11518 11491 11489
f 11516 11492 11493
f 11517 11493 11501
f 11520 11494 11490
f 11439 11540 11504
f 11439 11504 11503
f 11493 11497 11498
f 11439 11542 11541
f 11439 11541 11540
f 11501 11498 11499
f 11493 11498 11501
f 11501 11499 11531
f 11531 11499 11500
f 11439 11545 11544
f 11439 11544 11542
f 11475 11489 11561
f 11439 11556 11555
f 11439 11555 11545
f 11535 11500 11502
f 11196 11456 11505
f 11196 11505 11506
f 11506 11507 11509
f 11506 11505 11507
f 11509 11507 11508
f 11200 11506 11509
f 11200 11509 11571
f 11571 11509 11512
f 11509 11508 11512
f 11512 11508 11511
f 11512 11511 11576
f 11576 11511 11528
f 11514 11484 11513
f 11515 11485 11514
f 11201 11514 11513
f 11522 11518 11515
f 11514 11485 11484
f 11515 11518 11485
f 11505 11486 11516
f 11505 11516 11507
f 11507 11516 11517
f 11516 11493 11517
f 11517 11501 11529
f 11507 11517 11508
f 11508 11517 11529
f 11508 11529 11511
f 11520 11490 11519
f 11521 11494 11520
f 11521 11496 11494
f 11525 11495 11496
f 11522 11519 11518
f 11523 11520 11519
f 11525 11496 11521
f 11526 11495 11525
f 11526 11532 11495
f 11510 11514 11201
f 11510 11515 11514
f 11573 11522 11515
f 11573 11515 11510
f 11574 11523 11522
f 11574 11522 11573
f 11523 11519 11522
f 11524 11520 11523
f 11581 11521 11524
f 11582 11525 11581
f 11524 11521 11520
f 11527 11532 11526
f 11581 11525 11521
f 11582 11526 11525
f 11511 11529 11530
f 11529 11531 11530
f 11530 11535 11546
f 11529 11501 11531
f 11489 11491 11562
f 11491 11490 11562
f 11439 11560 11557
f 11439 11557 11556
f 11490 11494 11614
f 11439 11561 11560
f 11531 11500 11535
f 11535 11502 11539
f 11539 11503 11543
f 11539 11502 11503
f 11543 11503 11504
f 11530 11531 11535
f 11527 11533 11532
f 11496 11495 11610
f 11494 11496 11609
f 11594 11534 11533
f 11546 11535 11539
f 11532 11533 11611
f 11495 11532 11610
f 11489 11562 11561
f 11554 11504 11540
f 11543 11504 11554
f 11554 11540 11558
f 11558 11540 11541
f 11559 11541 11542
f 11511 11530 11528
f 11528 11530 11546
f 11546 11539 11547
f 11528 11546 11585
f 11585 11546 11547
f 11587 11547 11553
f 11594 11533 11527
f 11595 11536 11534
f 11600 11538 11536
f 11547 11539 11543
f 11534 11536 11616
f 11533 11534 11616
f 11490 11614 11562
f 11536 11538 11615
f 11496 11610 11609
f 11494 11609 11614
f 11595 11534 11594
f 11600 11536 11595
f 11601 11537 11538
f 11537 11548 11618
f 11538 11537 11615
f 11532 11611 11610
f 11623 11549 11548
f 11622 11548 11537
f 11548 11549 11639
f 11536 11615 11616
f 11533 11616 11611
f 11547 11543 11553
f 11553 11554 11606
f 11558 11541 11559
f 11553 11543 11554
f 11612 11542 11544
f 11559 11542 11612
f 11613 11544 11545
f 11619 11545 11555
f 11606 11554 11558
f 11612 11544 11613
f 11607 11558 11559
f 11613 11545 11619
f 11679 11555 11556
f 11683 11556 11557
f 11249 11703 11563
f 11563 11703 11707
f 11563 11707 11564
f 11822 11563 11564
f 11564 11707 11711
f 11268 11571 11572
f 11268 11572 11565
f 11565 11572 11578
f 11565 11578 11568
f 11568 11578 11589
f 11289 11566 11567
f 11273 11565 11566
f 11566 11565 11568
f 11568 11589 11569
f 11566 11568 11567
f 11567 11568 11569
f 11567 11569 11702
f 11569 11589 11647
f 11702 11569 11570
f 11569 11647 11570
f 11570 11647 11653
f 11570 11653 11705
f 11705 11653 11654
f 11571 11512 11572
f 11282 11573 11510
f 11577 11573 11282
f 11577 11574 11573
f 11572 11512 11576
f 11572 11576 11578
f 11578 11576 11586
f 11640 11574 11577
f 11640 11575 11574
f 11641 11575 11640
f 11641 11579 11575
f 11578 11586 11589
f 11575 11523 11574
f 11575 11524 11523
f 11579 11581 11524
f 11583 11526 11582
f 11579 11524 11575
f 11580 11582 11581
f 11584 11527 11583
f 11583 11527 11526
f 11580 11581 11579
f 11642 11583 11582
f 11642 11582 11580
f 11643 11584 11583
f 11643 11583 11642
f 11576 11528 11586
f 11586 11528 11585
f 11586 11585 11590
f 11590 11585 11587
f 11589 11586 11590
f 11589 11590 11647
f 11647 11590 11592
f 11590 11587 11592
f 11592 11587 11588
f 11592 11588 11648
f 11648 11588 11591
f 11649 11591 11593
f 11585 11547 11587
f 11620 11594 11584
f 11601 11538 11600
f 11584 11594 11527
f 11622 11537 11601
f 11637 11551 11549
f 11551 11550 11631
f 11549 11551 11630
f 11537 11618 11617
f 11537 11617 11615
f 11638 11550 11551
f 11597 11596 11635
f 11552 11597 11634
f 11550 11552 11633
f 11549 11629 11639
f 11548 11639 11618
f 11620 11595 11594
f 11621 11600 11595
f 11623 11548 11622
f 11637 11549 11623
f 11658 11552 11550
f 11603 11602 11604
f 11598 11603 11627
f 11599 11598 11626
f 11596 11599 11624
f 11550 11633 11632
f 11550 11632 11631
f 11551 11631 11630
f 11549 11630 11629
f 11660 11596 11597
f 11659 11597 11552
f 11602 11605 11604
f 11603 11604 11628
f 11603 11628 11627
f 11598 11627 11626
f 11599 11626 11625
f 11599 11625 11624
f 11596 11624 11635
f 11597 11635 11634
f 11552 11634 11633
f 11587 11553 11588
f 11588 11553 11606
f 11606 11558 11607
f 11607 11559 11608
f 11588 11606 11591
f 11591 11606 11607
f 11608 11612 11680
f 11608 11559 11612
f 11619 11555 11679
f 11679 11556 11683
f 11684 11557 11560
f 11685 11560 11561
f 11686 11561 11562
f 11680 11612 11613
f 11683 11557 11684
f 11684 11560 11685
f 11697 11562 11614
f 11698 11614 11609
f 11621 11595 11620
f 11650 11620 11584
f 11655 11600 11621
f 11656 11601 11655
f 11655 11601 11600
f 11638 11551 11637
f 11659 11552 11658
f 11658 11550 11638
f 11661 11599 11596
f 11668 11603 11598
f 11667 11598 11599
f 11634 11636 11633
f 11656 11622 11601
f 11660 11597 11659
f 11657 11623 11622
f 11661 11596 11660
f 11669 11605 11602
f 11670 11602 11603
f 11671 11628 11604
f 11672 11604 11605
f 11591 11607 11593
f 11593 11607 11608
f 11687 11608 11680
f 11593 11608 11687
f 11673 11611 11616
f 11685 11561 11686
f 11686 11562 11697
f 11662 11609 11610
f 11663 11610 11611
f 11674 11616 11615
f 11678 11615 11617
f 11675 11617 11618
f 11676 11618 11639
f 11697 11614 11698
f 11698 11609 11662
f 11662 11610 11663
f 11644 11640 11577
f 11645 11579 11641
f 11645 11580 11579
f 11646 11580 11645
f 11646 11642 11580
f 11712 11640 11644
f 11712 11641 11640
f 11713 11641 11712
f 11713 11645 11641
f 11714 11642 11646
f 11714 11643 11642
f 11715 11643 11714
f 11715 11650 11643
f 11650 11584 11643
f 11647 11592 11653
f 11653 11592 11648
f 11654 11648 11649
f 11648 11591 11649
f 11649 11593 11689
f 11653 11648 11654
f 11654 11649 11776
f 11651 11621 11620
f 11657 11622 11656
f 11651 11620 11650
f 11652 11655 11621
f 11664 11623 11657
f 11665 11637 11664
f 11664 11637 11623
f 11667 11599 11661
f 11665 11638 11637
f 11670 11603 11668
f 11668 11598 11667
f 11731 11625 11626
f 11726 11626 11627
f 11727 11627 11628
f 11736 11629 11630
f 11737 11630 11631
f 11732 11631 11632
f 11728 11634 11635
f 11729 11635 11624
f 11730 11624 11625
f 11733 11632 11633
f 11734 11633 11636
f 11735 11636 11634
f 11666 11658 11638
f 11669 11602 11670
f 11723 11659 11658
f 11671 11604 11672
f 11672 11605 11669
f 11677 11639 11629
f 11663 11611 11673
f 11673 11616 11674
f 11678 11617 11675
f 11676 11639 11677
f 11675 11618 11676
f 11674 11615 11678
f 11717 11656 11655
f 11652 11621 11651
f 11718 11657 11656
f 11666 11638 11665
f 11723 11658 11666
f 11717 11655 11652
f 11720 11664 11657
f 11718 11656 11717
f 11724 11659 11723
f 11724 11660 11659
f 11731 11626 11726
f 11726 11627 11727
f 11727 11628 11671
f 11737 11631 11732
f 11725 11661 11660
f 11728 11635 11729
f 11729 11624 11730
f 11730 11625 11731
f 11732 11632 11733
f 11733 11633 11734
f 11734 11636 11735
f 11735 11634 11728
f 11738 11667 11661
f 11739 11668 11667
f 11677 11629 11736
f 11736 11630 11737
f 11789 11663 11673
f 11790 11673 11674
f 11681 11613 11619
f 11680 11613 11681
f 11681 11619 11682
f 11688 11680 11681
f 11682 11679 11694
f 11682 11619 11679
f 11694 11679 11683
f 11695 11683 11684
f 11689 11593 11687
f 11691 11687 11688
f 11776 11649 11689
f 11689 11687 11691
f 11777 11688 11690
f 11691 11688 11777
f 11779 11690 11692
f 11687 11680 11688
f 11690 11681 11682
f 11688 11681 11690
f 11694 11683 11695
f 11695 11684 11696
f 11696 11685 11699
f 11699 11686 11700
f 11692 11682 11694
f 11690 11682 11692
f 11693 11694 11695
f 11696 11684 11685
f 11699 11685 11686
f 11700 11686 11697
f 11701 11697 11698
f 11700 11697 11701
f 11692 11694 11693
f 11778 11695 11696
f 11701 11698 11787
f 11787 11662 11788
f 11780 11696 11699
f 11693 11695 11778
f 11787 11698 11662
f 11788 11662 11663
f 11289 11567 11703
f 11703 11567 11702
f 11703 11702 11707
f 11296 11712 11644
f 11708 11713 11712
f 11708 11712 11296
f 11707 11702 11704
f 11702 11570 11704
f 11704 11570 11705
f 11706 11654 11776
f 11705 11654 11706
f 11704 11705 11710
f 11710 11705 11706
f 11709 11713 11708
f 11709 11716 11713
f 11840 11744 11716
f 11838 11708 11296
f 11840 11716 11709
f 11841 11745 11744
f 11707 11704 11711
f 11711 11704 11710
f 11711 11710 11842
f 11842 11710 11772
f 11710 11706 11772
f 11716 11646 11645
f 11716 11645 11713
f 11744 11714 11646
f 11744 11646 11716
f 11745 11715 11714
f 11745 11714 11744
f 11719 11650 11715
f 11719 11651 11650
f 11721 11652 11651
f 11721 11651 11719
f 11748 11717 11652
f 11750 11719 11715
f 11748 11652 11721
f 11751 11718 11717
f 11751 11717 11748
f 11753 11720 11718
f 11722 11665 11664
f 11720 11657 11718
f 11725 11660 11724
f 11738 11661 11725
f 11746 11666 11665
f 11722 11664 11720
f 11747 11723 11666
f 11739 11667 11738
f 11741 11670 11740
f 11740 11668 11739
f 11740 11670 11668
f 11741 11669 11670
f 11756 11671 11672
f 11757 11672 11669
f 11758 11726 11727
f 11759 11727 11671
f 11790 11674 11791
f 11791 11678 11742
f 11791 11674 11678
f 11742 11678 11675
f 11743 11675 11676
f 11770 11676 11677
f 11769 11736 11737
f 11768 11737 11732
f 11767 11677 11736
f 11749 11724 11723
f 11746 11665 11722
f 11747 11666 11746
f 11757 11669 11741
f 11756 11672 11757
f 11752 11725 11724
f 11754 11738 11725
f 11749 11723 11747
f 11758 11727 11759
f 11759 11671 11756
f 11766 11729 11760
f 11760 11730 11761
f 11761 11731 11762
f 11762 11726 11758
f 11771 11733 11763
f 11763 11734 11764
f 11764 11735 11765
f 11765 11728 11766
f 11766 11728 11729
f 11760 11729 11730
f 11761 11730 11731
f 11762 11731 11726
f 11771 11732 11733
f 11763 11733 11734
f 11764 11734 11735
f 11765 11735 11728
f 11770 11677 11767
f 11742 11675 11743
f 11743 11676 11770
f 11769 11737 11768
f 11767 11736 11769
f 11768 11732 11771
f 11750 11715 11745
f 11848 11721 11719
f 11753 11718 11751
f 11850 11722 11720
f 11850 11720 11753
f 11853 11746 11722
f 11848 11719 11750
f 11849 11748 11721
f 11849 11721 11848
f 11858 11751 11748
f 11853 11722 11850
f 11859 11747 11746
f 11859 11746 11853
f 11863 11749 11747
f 11755 11739 11738
f 11752 11724 11749
f 11851 11740 11739
f 11852 11741 11740
f 11754 11725 11752
f 11854 11757 11741
f 11755 11738 11754
f 11895 11742 11743
f 11856 11770 11767
f 11896 11743 11770
f 11860 11759 11756
f 11855 11756 11757
f 11851 11739 11755
f 11861 11762 11758
f 11862 11758 11759
f 11852 11740 11851
f 11866 11766 11760
f 11864 11760 11761
f 11865 11761 11762
f 11854 11741 11852
f 11870 11763 11764
f 11871 11764 11765
f 11872 11765 11766
f 11855 11757 11854
f 11857 11767 11769
f 11868 11768 11771
f 11869 11769 11768
f 11895 11743 11896
f 11867 11771 11763
f 11896 11770 11856
f 11856 11767 11857
f 11706 11776 11773
f 11773 11776 11781
f 11774 11781 11782
f 11772 11706 11773
f 11773 11781 11774
f 11774 11782 11775
f 11775 11782 11794
f 11772 11773 11882
f 11882 11773 11774
f 11884 11774 11775
f 11885 11794 11795
f 11775 11794 11885
f 11886 11795 11801
f 11776 11689 11781
f 11781 11689 11691
f 11781 11691 11782
f 11782 11691 11777
f 11777 11690 11779
f 11783 11692 11693
f 11779 11692 11783
f 11786 11693 11778
f 11782 11777 11794
f 11794 11777 11779
f 11795 11779 11783
f 11783 11693 11786
f 11797 11778 11780
f 11786 11778 11797
f 11802 11780 11784
f 11788 11663 11789
f 11789 11673 11790
f 11784 11699 11700
f 11778 11696 11780
f 11785 11700 11701
f 11780 11699 11784
f 11796 11701 11787
f 11784 11700 11785
f 11793 11788 11789
f 11792 11787 11788
f 11785 11701 11796
f 11798 11789 11790
f 11796 11787 11792
f 11792 11788 11793
f 11794 11779 11795
f 11801 11783 11786
f 11795 11783 11801
f 11901 11786 11797
f 11797 11780 11802
f 11803 11784 11785
f 11802 11784 11803
f 11897 11785 11796
f 11900 11793 11798
f 11801 11786 11901
f 11902 11797 11802
f 11803 11785 11897
f 11898 11796 11792
f 11899 11792 11793
f 11897 11796 11898
f 11800 11790 11791
f 11799 11791 11742
f 11793 11789 11798
f 11798 11790 11800
f 11800 11791 11799
f 11799 11742 11895
f 11901 11797 11902
f 10711 11389 12355
f 11389 11804 11805
f 11389 11805 12355
f 11804 11806 11807
f 11804 11807 11805
f 11806 11814 11807
f 11810 11809 11812
f 11811 11810 11817
f 11810 11812 11817
f 11817 11812 11818
f 11806 11813 11814
f 11813 11815 11814
f 11813 11808 11815
f 11808 11816 11815
f 11807 11814 12362
f 11814 11815 12363
f 11815 12366 12363
f 11808 11811 11816
f 11811 11817 11816
f 11817 11818 11819
f 11815 11816 12366
f 11816 11817 11819
f 11816 11819 12366
f 11819 11818 11820
f 11819 11820 12367
f 11417 11410 11821
f 11822 11564 11823
f 11410 11822 11823
f 11823 11564 11824
f 11564 11711 11824
f 11824 11711 11842
f 11824 11842 11826
f 11826 11842 11883
f 11410 11823 11821
f 11821 11823 11825
f 11823 11824 11825
f 11825 11826 11831
f 11825 11824 11826
f 11826 11883 11827
f 11827 11883 11887
f 11831 11826 11827
f 11827 11887 11833
f 11833 11887 11888
f 11417 11821 11829
f 11829 11821 11828
f 11359 11829 11809
f 11809 11829 11830
f 11829 11828 11830
f 11830 11828 11832
f 11821 11825 11828
f 11828 11825 11831
f 11828 11831 11832
f 11971 11915 11913
f 11971 11913 11422
f 11972 11919 11915
f 11831 11827 11834
f 11832 11831 11834
f 11834 11827 11833
f 11833 11888 11836
f 11836 11888 11949
f 11837 11949 11951
f 11834 11833 11835
f 11832 11834 11976
f 11976 11834 11835
f 11835 11836 11979
f 11835 11833 11836
f 11836 11949 11837
f 11979 11836 11837
f 11837 11951 12053
f 12053 11951 11955
f 11839 11709 11708
f 11839 11708 11838
f 11841 11744 11840
f 11845 11750 11745
f 11845 11745 11841
f 11843 11709 11839
f 11843 11840 11709
f 11844 11841 11840
f 11846 11848 11750
f 11846 11750 11845
f 11847 11849 11848
f 11913 11839 11838
f 11915 11843 11839
f 11844 11840 11843
f 11914 11845 11841
f 11914 11841 11844
f 11847 11848 11846
f 11917 11858 11849
f 11916 11846 11845
f 11917 11849 11847
f 11918 11873 11858
f 11918 11858 11917
f 11923 11874 11873
f 11858 11748 11849
f 11873 11753 11751
f 11873 11751 11858
f 11874 11850 11753
f 11863 11747 11859
f 11875 11752 11749
f 11876 11754 11752
f 11875 11749 11863
f 11877 11755 11754
f 11878 11853 11850
f 11874 11753 11873
f 11926 11859 11853
f 11876 11752 11875
f 11879 11851 11755
f 11880 11852 11851
f 11877 11754 11876
f 11879 11755 11877
f 11881 11854 11852
f 11929 11855 11854
f 11909 11856 11857
f 11860 11756 11855
f 11861 11758 11862
f 11862 11759 11860
f 11866 11760 11864
f 11864 11761 11865
f 11865 11762 11861
f 11870 11764 11871
f 11872 11766 11866
f 11857 11769 11869
f 11868 11771 11867
f 11869 11768 11868
f 11867 11763 11870
f 11871 11765 11872
f 11878 11850 11874
f 11927 11863 11859
f 11926 11853 11878
f 11942 11875 11863
f 11880 11851 11879
f 11928 11860 11855
f 11931 11861 11862
f 11930 11862 11860
f 11881 11852 11880
f 11929 11854 11881
f 11932 11864 11865
f 11933 11865 11861
f 11934 11866 11864
f 11941 11868 11867
f 11935 11857 11869
f 11936 11869 11868
f 11937 11867 11870
f 11938 11870 11871
f 11939 11871 11872
f 11940 11872 11866
f 11909 11857 11935
f 11927 11859 11926
f 11943 11876 11875
f 11942 11863 11927
f 11944 11877 11876
f 11930 11860 11928
f 11928 11855 11929
f 11933 11861 11931
f 11931 11862 11930
f 11934 11864 11932
f 11932 11865 11933
f 11940 11866 11934
f 11935 11869 11936
f 11936 11868 11941
f 11937 11870 11938
f 11941 11867 11937
f 11938 11871 11939
f 11939 11872 11940
f 11842 11772 11883
f 11883 11772 11882
f 11883 11882 11887
f 11887 11882 11884
f 11882 11774 11884
f 11884 11775 11889
f 11889 11775 11885
f 11885 11795 11886
f 11892 11801 11901
f 11889 11885 11890
f 11890 11885 11886
f 11886 11801 11892
f 11893 11901 11902
f 11892 11901 11893
f 11887 11884 11888
f 11888 11884 11889
f 11888 11889 11949
f 11949 11889 11890
f 11891 11886 11892
f 11890 11886 11891
f 11894 11902 11903
f 11893 11902 11894
f 11953 11903 11910
f 11950 11892 11893
f 11894 11903 11953
f 11954 11910 11911
f 11891 11892 11950
f 11905 11798 11800
f 11904 11799 11895
f 11906 11800 11799
f 11903 11802 11803
f 11910 11803 11897
f 11898 11792 11899
f 11899 11793 11900
f 11900 11798 11905
f 11907 11895 11896
f 11905 11800 11906
f 11908 11896 11856
f 11906 11799 11904
f 11911 11897 11898
f 11912 11898 11899
f 11902 11802 11903
f 11903 11803 11910
f 11910 11897 11911
f 11907 11896 11908
f 11904 11895 11907
f 11908 11856 11909
f 11962 11899 11900
f 11912 11899 11962
f 11963 11900 11905
f 11960 11905 11906
f 11962 11900 11963
f 11961 11906 11904
f 11963 11905 11960
f 11911 11898 11912
f 11915 11839 11913
f 11919 11844 11843
f 11919 11843 11915
f 11920 11914 11844
f 11916 11845 11914
f 11921 11847 11846
f 11924 11878 11874
f 11923 11873 11918
f 11921 11846 11916
f 11922 11917 11847
f 11924 11874 11923
f 11925 11926 11878
f 11925 11878 11924
f 11991 11927 11926
f 11920 11844 11919
f 11989 11914 11920
f 11989 11916 11914
f 11994 11921 11916
f 11922 11847 11921
f 11988 11918 11917
f 11988 11917 11922
f 11990 11923 11918
f 11992 11942 11927
f 11991 11926 11925
f 11993 11943 11942
f 11990 11918 11988
f 11995 11924 11923
f 11992 11927 11991
f 11998 11944 11943
f 11993 11942 11992
f 11999 11945 11944
f 11943 11875 11942
f 11945 11879 11877
f 11944 11876 11943
f 11946 11880 11879
f 11948 11881 11880
f 11945 11877 11944
f 11947 11929 11881
f 12002 11928 11929
f 12003 11930 11928
f 11946 11879 11945
f 12005 11931 11930
f 11968 11935 11936
f 12008 11936 11941
f 12009 11941 11937
f 11948 11880 11946
f 11947 11881 11948
f 12006 11932 11933
f 12004 11933 11931
f 12007 11934 11932
f 12002 11929 11947
f 12003 11928 12002
f 12010 11938 11939
f 12011 11939 11940
f 12012 11940 11934
f 12013 11937 11938
f 11968 11936 12008
f 12005 11930 12003
f 12006 11933 12004
f 12004 11931 12005
f 12007 11932 12006
f 12010 11939 12011
f 12013 11938 12010
f 12009 11937 12013
f 12008 11941 12009
f 12012 11934 12007
f 12011 11940 12012
f 11949 11890 11951
f 11951 11890 11891
f 11951 11891 11955
f 11955 11891 11950
f 11953 11910 11954
f 11957 11911 11912
f 11954 11911 11957
f 11958 11912 11962
f 11952 11893 11894
f 11950 11893 11952
f 11959 11962 11963
f 11957 11912 11958
f 11956 11894 11953
f 11952 11894 11956
f 11970 11953 11954
f 12015 11960 11961
f 12016 11961 11964
f 12017 11964 11965
f 11955 11950 11969
f 11969 11950 11952
f 12014 11963 11960
f 11958 11962 11959
f 11959 11963 12014
f 11956 11953 11970
f 12065 11954 11957
f 12014 11960 12015
f 12067 11957 11958
f 11970 11954 12065
f 11964 11904 11907
f 11965 11907 11908
f 11966 11908 11909
f 11960 11906 11961
f 11961 11904 11964
f 11967 11909 11935
f 11965 11908 11966
f 11964 11907 11965
f 11966 11909 11967
f 11967 11935 11968
f 11969 11952 12066
f 12066 11952 11956
f 11809 11830 11812
f 11812 11830 11975
f 11830 11832 11975
f 11812 11975 11818
f 11972 11915 11971
f 11974 11920 11919
f 11973 11971 11422
f 11974 11919 11972
f 11982 11989 11920
f 11981 11971 11973
f 11981 11972 11971
f 11982 11920 11974
f 11983 11994 11989
f 11983 11989 11982
f 11975 11832 11976
f 11975 11976 11977
f 11818 11975 11977
f 11977 11976 11978
f 11977 11978 11986
f 11986 11978 11987
f 11976 11835 11978
f 11978 11835 11979
f 11979 11837 11980
f 11980 11837 12053
f 11978 11979 11987
f 11987 11979 11980
f 11984 11972 11981
f 11984 11974 11972
f 12411 11982 11974
f 11985 11996 11994
f 11985 11994 11983
f 12413 12023 11996
f 12409 11981 11973
f 12409 11973 11438
f 12411 11974 11984
f 12410 11984 11981
f 12412 11982 12411
f 12412 11983 11982
f 12413 11996 11985
f 12414 12026 12023
f 12414 12023 12413
f 12416 12041 12026
f 11818 11977 11820
f 11820 11977 11986
f 11986 11987 12058
f 11820 11986 12368
f 12368 11986 12058
f 11994 11916 11989
f 11996 11922 11921
f 11996 11921 11994
f 12023 11988 11922
f 11995 11923 11990
f 11997 11925 11924
f 11998 11943 11993
f 12000 11946 11945
f 12001 11948 11946
f 12024 11991 11925
f 11997 11924 11995
f 12028 11947 11948
f 12029 12002 11947
f 11999 11944 11998
f 12030 12003 12002
f 12000 11945 11999
f 12001 11946 12000
f 12031 12005 12003
f 12032 12009 12013
f 12023 11922 11996
f 12026 11990 11988
f 12026 11988 12023
f 12041 11995 11990
f 12024 11925 11997
f 12025 11992 11991
f 12027 11993 11992
f 12028 11948 12001
f 12035 12004 12005
f 12034 12006 12004
f 12036 12007 12006
f 12029 11947 12028
f 12037 12010 12011
f 12038 12011 12012
f 12039 12012 12007
f 12033 12013 12010
f 12025 11991 12024
f 12040 11998 11993
f 12027 11992 12025
f 12042 11999 11998
f 12030 12002 12029
f 12031 12003 12030
f 12034 12004 12035
f 12035 12005 12031
f 12036 12006 12034
f 12032 12013 12033
f 12033 12010 12037
f 12037 12011 12038
f 12038 12012 12039
f 12039 12007 12036
f 12020 11966 11967
f 12019 11967 11968
f 12018 11965 11966
f 12016 11964 12017
f 12046 11968 12008
f 12045 12008 12009
f 12017 11965 12018
f 12018 11966 12020
f 12015 11961 12016
f 12021 11958 11959
f 12065 11957 12067
f 12067 11958 12021
f 12047 12014 12015
f 12022 11959 12014
f 12021 11959 12022
f 12020 11967 12019
f 12019 11968 12046
f 12046 12008 12045
f 12045 12009 12032
f 12048 12015 12016
f 12022 12014 12047
f 12049 12016 12017
f 12051 12017 12018
f 12047 12015 12048
f 12041 11990 12026
f 12044 11997 11995
f 12044 11995 12041
f 12429 12024 11997
f 12040 11993 12027
f 12043 12000 11999
f 12431 12028 12001
f 12042 11998 12040
f 12430 12001 12000
f 12433 12029 12028
f 12043 11999 12042
f 12429 11997 12044
f 12432 12025 12024
f 12432 12024 12429
f 12439 12027 12025
f 12444 12040 12027
f 12434 12030 12029
f 12435 12031 12030
f 12430 12000 12043
f 12431 12001 12430
f 12436 12035 12031
f 12440 12034 12035
f 12441 12036 12034
f 12448 12032 12033
f 12438 12037 12038
f 12442 12038 12039
f 12443 12039 12036
f 12437 12033 12037
f 12433 12028 12431
f 12434 12029 12433
f 12435 12030 12434
f 12052 12018 12020
f 12050 12020 12019
f 12447 12019 12046
f 12446 12046 12045
f 12052 12020 12050
f 12073 12022 12047
f 12493 12047 12048
f 12048 12016 12049
f 12049 12017 12051
f 12051 12018 12052
f 12449 12045 12032
f 12447 12046 12446
f 12050 12019 12447
f 12446 12045 12449
f 12449 12032 12448
f 12494 12048 12049
f 12493 12048 12494
f 12450 12049 12051
f 12055 11955 11969
f 12053 11955 12055
f 12056 11969 12066
f 12055 11969 12056
f 11980 12053 12054
f 12054 12055 12060
f 12054 12053 12055
f 12061 12066 12068
f 12060 12055 12056
f 12056 12066 12061
f 12062 12068 12069
f 12058 11987 12057
f 12058 12057 12471
f 12471 12057 12059
f 11987 11980 12057
f 12057 11980 12054
f 12057 12054 12059
f 12059 12054 12060
f 12060 12056 12063
f 12063 12056 12061
f 12061 12068 12062
f 12064 12069 12070
f 12062 12069 12064
f 12059 12060 12472
f 12477 12070 12071
f 12064 12070 12477
f 12478 12071 12072
f 12477 12071 12478
f 12063 12061 12475
f 12472 12060 12063
f 12475 12061 12062
f 12476 12062 12064
f 12066 11956 12068
f 12068 11956 11970
f 12068 11970 12069
f 12069 11970 12065
f 12069 12065 12070
f 12070 12065 12067
f 12070 12067 12071
f 12071 12067 12021
f 12071 12021 12072
f 12072 12021 12022
f 12072 12022 12073
f 12073 12047 12493
f 12074 10603 10602
f 12074 12075 10603
f 12075 10604 10603
f 12075 12076 10604
f 12076 10608 10604
f 12076 12080 10608
f 12080 10610 10608
f 12080 12081 10610
f 12081 10644 10610
f 12102 10647 10644
f 12103 10648 10647
f 12077 12075 12074
f 12077 12078 12075
f 12089 12078 12077
f 12078 12076 12075
f 12078 12079 12076
f 12090 12079 12078
f 12079 12080 12076
f 12082 12081 12080
f 12083 12102 12081
f 12079 12082 12080
f 12091 12082 12079
f 12082 12083 12081
f 12095 12083 12082
f 12096 12105 12083
f 12084 12085 12239
f 12085 12086 12240
f 12086 12087 12244
f 12087 12088 12245
f 12089 12090 12078
f 12090 12091 12079
f 12092 12090 12089
f 12092 12093 12090
f 12093 12091 12090
f 12093 12094 12091
f 12136 12093 12092
f 12136 12137 12093
f 12137 12094 12093
f 12137 12099 12094
f 12091 12095 12082
f 12094 12095 12091
f 12094 12097 12095
f 12095 12096 12083
f 12097 12096 12095
f 12098 12119 12096
f 12097 12098 12096
f 12099 12097 12094
f 12099 12100 12097
f 12100 12098 12097
f 12101 12124 12098
f 12100 12101 12098
f 12081 12102 10644
f 12105 12103 12102
f 12102 12103 10647
f 12104 10655 10648
f 12103 12104 10648
f 12104 12109 10655
f 12106 12104 12103
f 12107 12109 12104
f 12083 12105 12102
f 12119 12106 12105
f 12105 12106 12103
f 12106 12107 12104
f 12107 12112 12109
f 12096 12119 12105
f 12120 12107 12106
f 12119 12120 12106
f 12121 12112 12107
f 12120 12121 12107
f 12121 12125 12112
f 12109 10695 10655
f 12109 12108 10695
f 12112 12108 12109
f 12112 12113 12108
f 12108 12110 10696
f 12111 12181 12110
f 12113 12110 12108
f 12113 12111 12110
f 12125 12113 12112
f 12125 12114 12113
f 12114 12111 12113
f 12114 12115 12111
f 12115 12182 12111
f 12131 12185 12115
f 12088 12116 12260
f 12124 12120 12119
f 12098 12124 12119
f 12122 12121 12120
f 12123 12125 12121
f 12124 12122 12120
f 12122 12123 12121
f 12123 12126 12125
f 12128 12122 12124
f 12129 12123 12122
f 12126 12114 12125
f 12126 12127 12114
f 12127 12115 12114
f 12127 12131 12115
f 12101 12128 12124
f 12130 12126 12123
f 12130 12133 12126
f 12128 12129 12122
f 12129 12130 12123
f 12160 12133 12130
f 12132 12131 12127
f 12132 12134 12131
f 12134 12207 12131
f 12133 12127 12126
f 12133 12132 12127
f 12164 12132 12133
f 12164 12165 12132
f 12135 12208 12134
f 12165 12134 12132
f 12165 12135 12134
f 12138 12137 12136
f 12138 12139 12137
f 12139 12099 12137
f 12139 12140 12099
f 12141 12139 12138
f 12141 12142 12139
f 12142 12140 12139
f 12142 12143 12140
f 12149 12143 12142
f 12140 12100 12099
f 12140 12144 12100
f 12144 12101 12100
f 12144 12145 12101
f 12145 12128 12101
f 12147 12158 12145
f 12143 12144 12140
f 12143 12146 12144
f 12146 12145 12144
f 12146 12147 12145
f 12150 12146 12143
f 12154 12147 12146
f 12155 12161 12147
f 12148 12142 12141
f 12148 12149 12142
f 12152 12149 12148
f 12149 12150 12143
f 12151 12150 12149
f 12152 12151 12149
f 14641 12151 12152
f 12151 12153 12150
f 14642 12153 12151
f 14642 14643 12153
f 12150 12154 12146
f 12153 12154 12150
f 12154 12155 12147
f 12156 12155 12154
f 12156 12157 12155
f 12157 12172 12155
f 12153 12156 12154
f 14643 12156 12153
f 14643 14649 12156
f 12304 12176 12157
f 14649 12157 12156
f 14649 12304 12157
f 12145 12158 12128
f 12158 12129 12128
f 12161 12159 12158
f 12159 12130 12129
f 12158 12159 12129
f 12160 12164 12133
f 12159 12160 12130
f 12162 12160 12159
f 12163 12164 12160
f 12163 12168 12164
f 12147 12161 12158
f 12161 12162 12159
f 12162 12163 12160
f 12172 12162 12161
f 12173 12163 12162
f 12172 12173 12162
f 12174 12168 12163
f 12173 12174 12163
f 12174 12169 12168
f 12168 12165 12164
f 12166 12135 12165
f 12168 12166 12165
f 12166 12167 12135
f 12167 12211 12135
f 12171 12230 12167
f 12169 12166 12168
f 12169 12170 12166
f 12170 12167 12166
f 12170 12171 12167
f 12180 12234 12171
f 12178 12171 12170
f 12178 12180 12171
f 12155 12172 12161
f 12157 12176 12172
f 12176 12173 12172
f 12177 12174 12173
f 12175 12169 12174
f 12176 12177 12173
f 12177 12175 12174
f 12175 12179 12169
f 12316 12177 12176
f 12317 12175 12177
f 12318 12179 12175
f 12179 12170 12169
f 12179 12178 12170
f 12321 12178 12179
f 12182 11364 12181
f 12182 12183 11364
f 12111 12182 12181
f 12185 12183 12182
f 12183 11366 11364
f 12183 12184 11366
f 12186 12184 12183
f 12186 12187 12184
f 12187 12188 12184
f 12115 12185 12182
f 12185 12186 12183
f 12131 12207 12185
f 12207 12186 12185
f 12184 12188 11378
f 12192 12189 12188
f 12193 11381 12189
f 12187 12192 12188
f 12192 12193 12189
f 12196 11382 11381
f 12207 12190 12186
f 12190 12187 12186
f 12191 12192 12187
f 12190 12191 12187
f 12210 12200 12191
f 12199 12196 12193
f 12196 12194 11382
f 12193 12196 11381
f 12197 11395 12194
f 12197 12195 11395
f 12202 12194 12196
f 12202 12197 12194
f 12203 12195 12197
f 12203 12198 12195
f 12200 12193 12192
f 12191 12200 12192
f 12200 12199 12193
f 12201 12202 12199
f 12215 12199 12200
f 12215 12201 12199
f 12199 12202 12196
f 12204 12197 12202
f 12204 12203 12197
f 12201 12204 12202
f 12218 12198 12203
f 12218 12205 12198
f 12219 12203 12204
f 12221 12206 12205
f 12208 12190 12207
f 12208 12209 12190
f 12134 12208 12207
f 12209 12191 12190
f 12209 12210 12191
f 12212 12210 12209
f 12212 12213 12210
f 12213 12215 12210
f 12135 12211 12208
f 12211 12209 12208
f 12211 12212 12209
f 12230 12212 12211
f 12230 12231 12212
f 12231 12213 12212
f 12214 12216 12213
f 12231 12214 12213
f 12233 12223 12214
f 12210 12215 12200
f 12216 12201 12215
f 12217 12204 12201
f 12213 12216 12215
f 12216 12217 12201
f 12223 12217 12216
f 12222 12219 12217
f 12219 12218 12203
f 12217 12219 12204
f 12221 12205 12218
f 12226 12220 12206
f 12225 12218 12219
f 12225 12221 12218
f 12222 12225 12219
f 12226 12206 12221
f 12214 12223 12216
f 12223 12222 12217
f 12224 12225 12222
f 12237 12222 12223
f 12237 12224 12222
f 12227 12221 12225
f 12227 12226 12221
f 12552 12220 12226
f 12224 12227 12225
f 12553 12226 12227
f 12198 11435 12195
f 12205 12228 11437
f 12229 11436 12228
f 12205 11437 12198
f 12206 12229 12228
f 12417 11438 12229
f 12206 12228 12205
f 12220 12417 12229
f 12220 12229 12206
f 12167 12230 12211
f 12234 12231 12230
f 12171 12234 12230
f 12234 12232 12231
f 12232 12214 12231
f 12232 12233 12214
f 12235 12233 12232
f 12548 12237 12233
f 12236 12232 12234
f 12236 12235 12232
f 12180 12236 12234
f 12235 12548 12233
f 12233 12237 12223
f 12550 12224 12237
f 12551 12227 12224
f 12550 12551 12224
f 12548 12550 12237
f 12551 12553 12227
f 12084 12239 12238
f 12085 12240 12239
f 12238 12242 12241
f 12238 12239 12242
f 12239 12243 12242
f 12239 12240 12243
f 12241 12242 12249
f 12242 12243 12250
f 12086 12244 12240
f 12087 12245 12244
f 12088 12260 12245
f 12240 12244 12246
f 12240 12246 12243
f 12244 12245 12247
f 12244 12247 12246
f 12245 12263 12247
f 12243 12246 12251
f 12246 12247 12252
f 12241 12249 12248
f 12248 12249 12254
f 12242 12250 12249
f 12249 12250 12255
f 12243 12251 12250
f 12250 12251 12256
f 12246 12252 12251
f 12247 12274 12252
f 12251 12252 12258
f 12248 12254 12253
f 12249 12255 12254
f 12253 12292 12291
f 12253 12254 12292
f 12254 12255 12293
f 12254 12293 12292
f 12250 12256 12255
f 12251 12258 12256
f 12252 12278 12258
f 12255 12256 12257
f 12255 12257 12293
f 12256 12258 12259
f 12256 12259 12257
f 12258 12279 12259
f 12116 12261 12260
f 12116 12117 12261
f 12118 10709 12267
f 12117 12118 12262
f 12117 12262 12261
f 12118 12267 12262
f 12262 12267 12269
f 12245 12260 12263
f 12260 12264 12263
f 12260 12261 12264
f 12261 12265 12264
f 12261 12262 12265
f 12262 12269 12265
f 12247 12263 12274
f 12263 12264 12275
f 12265 12269 12277
f 12264 12265 12276
f 12265 12277 12276
f 10709 12266 12267
f 10709 10710 12266
f 12267 12266 12270
f 10710 12268 12266
f 10711 12355 12268
f 12266 12268 12272
f 12266 12272 12270
f 12268 12356 12272
f 12267 12270 12269
f 12269 12270 12271
f 12269 12271 12277
f 12270 12272 12273
f 12272 12360 12273
f 12270 12273 12271
f 12263 12275 12274
f 12252 12274 12278
f 12264 12276 12275
f 12276 12277 12284
f 12274 12275 12280
f 12275 12276 12281
f 12277 12271 12285
f 12271 12273 12286
f 12274 12280 12278
f 12275 12281 12280
f 12276 12284 12281
f 12258 12278 12279
f 12278 12282 12279
f 12281 12284 12288
f 12278 12280 12282
f 12280 12281 12283
f 12280 12283 12282
f 12281 12288 12283
f 12283 12288 12311
f 12277 12285 12284
f 12284 12285 12287
f 12271 12286 12285
f 12273 12384 12286
f 12285 12286 12289
f 12286 12385 12289
f 12284 12287 12288
f 12288 12287 12312
f 12285 12289 12287
f 12287 12289 12290
f 12287 12290 12312
f 12289 12389 12290
f 12291 12292 12295
f 12291 12295 12294
f 12292 12293 12296
f 12292 12296 12295
f 12294 12298 12297
f 12294 12295 12298
f 12295 12299 12298
f 12295 12296 12299
f 12293 12257 12300
f 12293 12300 12296
f 12257 12259 12301
f 12257 12301 12300
f 12259 12305 12301
f 12296 12300 12302
f 12296 12302 12299
f 12300 12301 12303
f 12300 12303 12302
f 12301 12308 12303
f 12259 12279 12305
f 12279 12306 12305
f 12301 12305 12308
f 12279 12282 12306
f 12282 12307 12306
f 12282 12283 12307
f 12283 12311 12307
f 12307 12311 12315
f 12305 12306 12309
f 12306 12307 12310
f 12305 12309 12308
f 12303 12308 12337
f 12306 12310 12309
f 12307 12315 12310
f 12308 12309 12338
f 12309 12310 12339
f 12310 12315 12346
f 12288 12312 12311
f 12311 12312 12313
f 12311 12313 12315
f 12312 12290 12314
f 12290 12566 12314
f 12312 12314 12313
f 12313 12314 12336
f 12315 12313 12335
f 12313 12336 12335
f 12314 12569 12336
f 12304 12316 12176
f 12318 12321 12179
f 12316 12317 12177
f 12317 12318 12175
f 14668 12321 12318
f 12319 12236 12180
f 12320 12180 12178
f 12320 12319 12180
f 12323 12579 12319
f 12321 12320 12178
f 14672 12320 12321
f 14672 12322 12320
f 12322 12319 12320
f 12322 12323 12319
f 14674 12583 12323
f 12298 12299 12326
f 12299 12302 12330
f 12302 12303 12331
f 12297 12325 12324
f 12297 12298 12325
f 12324 12325 12328
f 12298 12326 12325
f 12325 12326 12329
f 12324 12328 12327
f 12327 12328 14698
f 12325 12329 12328
f 12328 14699 14698
f 12328 12329 14699
f 12299 12330 12326
f 12326 12330 12332
f 12302 12331 12330
f 12303 12337 12331
f 12330 12331 12333
f 12330 12333 12332
f 12331 12341 12333
f 12326 12332 12329
f 12329 12332 14705
f 12329 14705 14699
f 12332 12333 12334
f 12332 12334 14705
f 12333 12342 12334
f 12308 12338 12337
f 12309 12339 12338
f 12310 12346 12339
f 12315 12335 12346
f 12335 12336 12349
f 12336 12676 12349
f 12331 12337 12341
f 12337 12343 12341
f 12338 12339 12340
f 12339 12346 12348
f 12337 12338 12343
f 12338 12340 12343
f 12339 12348 12340
f 12333 12341 12342
f 12341 12344 12342
f 12341 12343 12344
f 12340 12348 12352
f 12343 12340 12345
f 12340 12352 12345
f 12343 12345 12344
f 12345 12352 14728
f 12346 12347 12348
f 12346 12335 12347
f 12348 12347 12351
f 12335 12349 12347
f 12347 12349 12350
f 12349 12686 12350
f 12347 12350 12351
f 12348 12351 12352
f 12352 12353 14728
f 12352 12351 12353
f 12351 12350 12354
f 12350 12690 12354
f 12351 12354 12353
f 12353 12354 14730
f 12354 12691 14730
f 12268 12355 12356
f 12355 11805 12357
f 12355 12357 12356
f 11805 11807 12358
f 11805 12358 12357
f 11807 12362 12358
f 12356 12357 12359
f 12357 12358 12361
f 12358 12364 12361
f 12272 12356 12360
f 12356 12359 12360
f 12273 12360 12384
f 12360 12359 12370
f 12357 12361 12359
f 12359 12361 12371
f 12361 12374 12371
f 11814 12363 12362
f 12362 12363 12365
f 12358 12362 12364
f 12362 12365 12364
f 12363 12369 12365
f 12366 11819 12367
f 12363 12366 12369
f 12366 12367 12369
f 12367 11820 12368
f 12369 12367 12375
f 12365 12369 12376
f 12369 12375 12376
f 12367 12368 12375
f 12361 12364 12374
f 12364 12373 12374
f 12364 12365 12373
f 12365 12376 12373
f 12360 12370 12384
f 12359 12371 12370
f 12375 12368 12372
f 12371 12374 12392
f 12374 12393 12392
f 12374 12373 12393
f 12373 12379 12393
f 12376 12375 12378
f 12375 12372 12378
f 12378 12372 12377
f 12373 12376 12379
f 12376 12378 12379
f 12379 12378 12396
f 12378 12377 12396
f 12396 12377 12380
f 12552 12381 12220
f 12553 12552 12226
f 12554 12382 12381
f 12554 12381 12552
f 12384 12370 12386
f 12286 12384 12385
f 12384 12386 12385
f 12385 12386 12388
f 12370 12371 12387
f 12370 12387 12386
f 12371 12392 12387
f 12386 12387 12390
f 12387 12394 12390
f 12289 12385 12389
f 12385 12388 12389
f 12386 12390 12388
f 12290 12389 12566
f 12389 12388 12565
f 12388 12390 12391
f 12390 12402 12391
f 12388 12391 12565
f 12392 12393 12395
f 12393 12397 12395
f 12387 12392 12394
f 12392 12395 12394
f 12393 12379 12397
f 12379 12396 12397
f 12396 12380 12399
f 12397 12396 12399
f 12394 12395 12401
f 12399 12380 12398
f 12395 12397 12404
f 12397 12399 12404
f 12399 12398 12405
f 12405 12398 12400
f 12390 12394 12402
f 12394 12401 12402
f 12395 12404 12401
f 12391 12402 12570
f 12402 12401 12403
f 12402 12403 12570
f 12401 12407 12403
f 12404 12399 12405
f 12401 12404 12407
f 12404 12405 12407
f 12405 12400 12573
f 12573 12400 12406
f 12407 12405 12573
f 12417 12409 11438
f 12419 12410 12409
f 12410 11981 12409
f 12418 12411 11984
f 12415 11983 12412
f 12415 11985 11983
f 12416 12026 12414
f 12423 12044 12041
f 12422 12413 11985
f 12423 12041 12416
f 12424 12429 12044
f 12418 11984 12410
f 12420 12412 12411
f 12422 11985 12415
f 12420 12411 12418
f 12425 12413 12422
f 12425 12414 12413
f 12427 12432 12429
f 12424 12044 12423
f 12428 12439 12432
f 12419 12409 12417
f 12495 12418 12410
f 12381 12419 12417
f 12495 12410 12419
f 12497 12420 12418
f 12421 12415 12412
f 12421 12412 12420
f 12496 12422 12415
f 12426 12414 12425
f 12500 12444 12439
f 12426 12416 12414
f 12427 12429 12424
f 12428 12432 12427
f 12501 12445 12444
f 12499 12423 12416
f 12499 12416 12426
f 12496 12415 12421
f 12498 12425 12422
f 12502 12423 12499
f 12500 12439 12428
f 12504 12453 12445
f 12505 12454 12453
f 12501 12444 12500
f 12502 12424 12423
f 12506 12455 12454
f 12504 12445 12501
f 12503 12427 12424
f 12487 12450 12452
f 12507 12451 12467
f 12532 12452 12451
f 12510 12465 12466
f 12508 12466 12468
f 12509 12467 12465
f 12487 12452 12532
f 12507 12467 12509
f 12532 12451 12507
f 12439 12025 12432
f 12445 12042 12040
f 12444 12027 12439
f 12445 12040 12444
f 12453 12043 12042
f 12454 12430 12043
f 12436 12031 12435
f 12440 12035 12436
f 12441 12034 12440
f 12443 12036 12441
f 12448 12033 12437
f 12437 12037 12438
f 12438 12038 12442
f 12442 12039 12443
f 12453 12042 12445
f 12455 12431 12430
f 12456 12433 12431
f 12454 12043 12453
f 12455 12430 12454
f 12457 12434 12433
f 12458 12435 12434
f 12459 12436 12435
f 12460 12440 12436
f 12464 12441 12440
f 12470 12437 12438
f 12462 12438 12442
f 12461 12442 12443
f 12463 12443 12441
f 12467 12050 12447
f 12452 12051 12052
f 12451 12052 12050
f 12494 12049 12450
f 12450 12051 12452
f 12468 12449 12448
f 12465 12447 12446
f 12466 12446 12449
f 12469 12448 12437
f 12467 12447 12465
f 12465 12446 12466
f 12452 12052 12451
f 12451 12050 12467
f 12456 12431 12455
f 12457 12433 12456
f 12458 12434 12457
f 12459 12435 12458
f 12460 12436 12459
f 12464 12440 12460
f 12470 12438 12462
f 12463 12441 12464
f 12462 12442 12461
f 12461 12443 12463
f 12468 12448 12469
f 12466 12449 12468
f 12469 12437 12470
f 12368 12058 12372
f 12372 12058 12471
f 12471 12059 12473
f 12473 12059 12472
f 12372 12471 12377
f 12377 12471 12473
f 12473 12472 12481
f 12481 12472 12474
f 12479 12072 12073
f 12483 12073 12493
f 12478 12072 12479
f 12472 12063 12474
f 12474 12063 12475
f 12475 12062 12476
f 12476 12064 12480
f 12480 12064 12477
f 12484 12493 12494
f 12479 12073 12483
f 12486 12494 12450
f 12483 12493 12484
f 12480 12477 12485
f 12482 12475 12476
f 12474 12475 12482
f 12491 12476 12480
f 12485 12477 12478
f 12488 12478 12479
f 12377 12473 12380
f 12380 12473 12481
f 12490 12474 12482
f 12481 12474 12490
f 12484 12494 12486
f 12486 12450 12487
f 12485 12478 12488
f 12482 12476 12491
f 12488 12479 12489
f 12492 12480 12485
f 12489 12479 12483
f 12533 12483 12484
f 12535 12484 12486
f 12489 12483 12533
f 12537 12485 12488
f 12380 12481 12398
f 12398 12481 12490
f 12536 12482 12491
f 12490 12482 12536
f 12491 12480 12492
f 12492 12485 12537
f 12381 12417 12220
f 12382 12495 12419
f 12497 12418 12495
f 12511 12421 12420
f 12382 12419 12381
f 12383 12497 12495
f 12511 12420 12497
f 12513 12496 12421
f 12513 12421 12511
f 12498 12422 12496
f 12512 12426 12425
f 12503 12424 12502
f 12515 12428 12427
f 12516 12456 12455
f 12517 12457 12456
f 12518 12458 12457
f 12505 12453 12504
f 12523 12500 12428
f 12506 12454 12505
f 12519 12459 12458
f 12520 12460 12459
f 12516 12455 12506
f 12530 12463 12464
f 12529 12462 12461
f 12522 12461 12463
f 12521 12464 12460
f 12515 12427 12503
f 12512 12425 12498
f 12514 12499 12426
f 12523 12428 12515
f 12514 12426 12512
f 12611 12502 12499
f 12524 12501 12500
f 12517 12456 12516
f 12518 12457 12517
f 12525 12504 12501
f 12519 12458 12518
f 12520 12459 12519
f 12521 12460 12520
f 12530 12464 12521
f 12529 12461 12522
f 12522 12463 12530
f 12528 12468 12469
f 12527 12469 12470
f 12526 12470 12462
f 12510 12466 12508
f 12508 12468 12528
f 12509 12465 12510
f 12528 12469 12527
f 12527 12470 12526
f 12526 12462 12529
f 12544 12507 12509
f 12383 12495 12382
f 12555 12511 12497
f 12610 12498 12496
f 12610 12496 12513
f 12555 12497 12383
f 12561 12513 12511
f 12613 12512 12498
f 12613 12498 12610
f 12631 12514 12512
f 12524 12500 12523
f 12525 12501 12524
f 12611 12499 12514
f 12612 12503 12502
f 12615 12505 12504
f 12616 12506 12505
f 12617 12516 12506
f 12614 12515 12503
f 12615 12504 12525
f 12612 12502 12611
f 12633 12523 12515
f 12616 12505 12615
f 12617 12506 12616
f 12614 12503 12612
f 12618 12517 12516
f 12619 12518 12517
f 12621 12520 12519
f 12620 12519 12518
f 12622 12521 12520
f 12630 12530 12521
f 12624 12508 12528
f 12544 12509 12531
f 12531 12509 12510
f 12623 12510 12508
f 12624 12528 12625
f 12626 12527 12526
f 12625 12528 12527
f 12627 12526 12529
f 12628 12529 12522
f 12629 12522 12530
f 12531 12510 12623
f 12623 12508 12624
f 12535 12486 12534
f 12534 12486 12487
f 12542 12487 12532
f 12533 12484 12535
f 12539 12488 12489
f 12546 12489 12533
f 12534 12487 12542
f 12542 12532 12543
f 12543 12532 12507
f 12539 12489 12546
f 12540 12533 12535
f 12398 12490 12400
f 12400 12490 12536
f 12538 12491 12492
f 12536 12491 12538
f 12400 12536 12406
f 12406 12536 12538
f 12545 12492 12537
f 12538 12492 12545
f 12547 12537 12539
f 12537 12488 12539
f 12543 12507 12544
f 12541 12535 12534
f 12546 12533 12540
f 12639 12534 12542
f 12540 12535 12541
f 12640 12542 12543
f 12541 12534 12639
f 12545 12537 12547
f 12641 12539 12546
f 12406 12538 12408
f 12408 12538 12545
f 12547 12539 12641
f 12642 12546 12540
f 12408 12545 12576
f 12576 12545 12547
f 12579 12235 12236
f 12549 12550 12548
f 12580 12548 12235
f 12580 12549 12548
f 12582 12557 12549
f 12557 12551 12550
f 12556 12553 12551
f 12559 12552 12553
f 12560 12383 12382
f 12560 12382 12554
f 12559 12554 12552
f 12556 12559 12553
f 12563 12555 12383
f 12549 12557 12550
f 12557 12556 12551
f 12558 12559 12556
f 12588 12556 12557
f 12588 12558 12556
f 12562 12554 12559
f 12562 12560 12554
f 12563 12383 12560
f 12593 12561 12555
f 12558 12562 12559
f 12591 12560 12562
f 12591 12563 12560
f 12593 12555 12563
f 12599 12564 12561
f 12389 12565 12566
f 12566 12565 12567
f 12314 12566 12569
f 12566 12567 12569
f 12565 12391 12568
f 12565 12568 12567
f 12391 12570 12568
f 12567 12568 12677
f 12568 12571 12677
f 12569 12567 12675
f 12570 12403 12572
f 12403 12574 12572
f 12568 12570 12571
f 12570 12572 12571
f 12403 12407 12574
f 12407 12573 12574
f 12574 12573 12575
f 12573 12406 12575
f 12575 12406 12408
f 12572 12574 12682
f 12574 12575 12682
f 12683 12408 12576
f 12575 12408 12683
f 12685 12576 12577
f 12698 12577 12578
f 12319 12579 12236
f 12579 12580 12235
f 12583 12580 12579
f 12583 12581 12580
f 12581 12549 12580
f 12581 12582 12549
f 12585 12582 12581
f 12586 12588 12582
f 12323 12583 12579
f 12584 12581 12583
f 12584 12585 12581
f 14674 12584 12583
f 12585 12586 12582
f 12587 12589 12586
f 14896 12586 12585
f 14896 12587 12586
f 14899 12596 12587
f 12582 12588 12557
f 12589 12558 12588
f 12590 12562 12558
f 12589 12590 12558
f 12586 12589 12588
f 12596 12590 12589
f 12597 12591 12590
f 12590 12591 12562
f 12594 12563 12591
f 12594 12593 12563
f 12599 12561 12593
f 12602 12592 12564
f 12597 12594 12591
f 12601 12593 12594
f 12602 12564 12599
f 14910 12595 12592
f 12587 12596 12589
f 12596 12597 12590
f 12598 12594 12597
f 14905 12597 12596
f 14905 12598 12597
f 14906 12601 12598
f 12601 12599 12593
f 12598 12601 12594
f 14910 12592 12602
f 14913 12600 12595
f 14909 12599 12601
f 14909 12602 12599
f 14906 14909 12601
f 14913 12595 14910
f 14919 12603 12600
f 12704 12578 12605
f 12705 12605 12606
f 14929 12606 12607
f 12705 12606 14929
f 14930 12607 12608
f 12561 12511 12555
f 12564 12610 12513
f 12631 12512 12613
f 12632 12611 12514
f 12564 12513 12561
f 12592 12613 12610
f 12632 12514 12631
f 12635 12612 12611
f 12634 12524 12523
f 12618 12516 12617
f 12619 12517 12618
f 12633 12515 12614
f 12636 12525 12524
f 12620 12518 12619
f 12621 12519 12620
f 12622 12520 12621
f 12630 12521 12622
f 12634 12523 12633
f 12637 12615 12525
f 12650 12616 12615
f 12636 12524 12634
f 12626 12526 12627
f 12625 12527 12626
f 12627 12529 12628
f 12628 12522 12629
f 12629 12530 12630
f 12645 12531 12623
f 12660 12624 12625
f 12638 12623 12624
f 12592 12610 12564
f 12595 12631 12613
f 12649 12614 12612
f 12635 12611 12632
f 12653 12633 12614
f 12595 12613 12592
f 12600 12632 12631
f 12649 12612 12635
f 12654 12634 12633
f 12653 12614 12649
f 12651 12617 12616
f 12637 12525 12636
f 12652 12618 12617
f 12650 12615 12637
f 12655 12619 12618
f 12656 12620 12619
f 12651 12616 12650
f 12657 12621 12620
f 12652 12617 12651
f 12658 12622 12621
f 12655 12618 12652
f 12656 12619 12655
f 12661 12625 12626
f 12662 12628 12629
f 12665 12627 12628
f 12659 12626 12627
f 12645 12623 12638
f 12638 12624 12660
f 12663 12629 12630
f 12664 12630 12622
f 12661 12626 12659
f 12659 12627 12665
f 12660 12625 12661
f 12647 12541 12639
f 12648 12639 12640
f 12643 12543 12544
f 12644 12544 12531
f 12640 12543 12643
f 12639 12542 12640
f 12643 12544 12644
f 12644 12531 12645
f 12646 12540 12541
f 12641 12546 12642
f 12642 12540 12646
f 12576 12547 12577
f 12577 12547 12641
f 12646 12541 12647
f 12577 12641 12578
f 12578 12641 12642
f 12647 12639 12648
f 12670 12640 12643
f 12672 12643 12644
f 12671 12644 12645
f 12648 12640 12670
f 12670 12643 12672
f 12605 12642 12646
f 12578 12642 12605
f 12606 12646 12647
f 12605 12646 12606
f 12600 12631 12595
f 12603 12635 12632
f 12666 12636 12634
f 12654 12633 12653
f 12667 12637 12636
f 12603 12632 12600
f 12604 12649 12635
f 12668 12650 12637
f 12666 12634 12654
f 12667 12636 12666
f 15004 12651 12650
f 15005 12652 12651
f 12657 12620 12656
f 12658 12621 12657
f 12664 12622 12658
f 12674 12638 12660
f 12669 12660 12661
f 15012 12661 12659
f 12662 12629 12663
f 12663 12630 12664
f 12665 12628 12662
f 14911 12653 12649
f 12604 12635 12603
f 14914 12654 12653
f 12668 12637 12667
f 15006 12655 12652
f 15007 12656 12655
f 15004 12650 12668
f 15008 12657 12656
f 15005 12651 15004
f 15009 12658 12657
f 14911 12649 12604
f 14914 12653 14911
f 14920 12666 12654
f 15006 12652 15005
f 15007 12655 15006
f 15008 12656 15007
f 15009 12657 15008
f 15011 12665 12662
f 15010 12662 12663
f 15013 12659 12665
f 15014 12663 12664
f 15015 12664 12658
f 12674 12660 12669
f 12669 12661 15012
f 15013 12665 15011
f 15011 12662 15010
f 15015 12658 15009
f 15010 12663 15014
f 15014 12664 15015
f 15012 12659 15013
f 12673 12645 12638
f 12672 12644 12671
f 12671 12645 12673
f 12673 12638 12674
f 12609 12670 12672
f 12607 12647 12648
f 12606 12647 12607
f 12608 12648 12670
f 12607 12648 12608
f 14927 12672 12671
f 14928 12671 12673
f 14931 12673 12674
f 12609 12672 14927
f 12608 12670 12609
f 12336 12569 12676
f 12569 12675 12676
f 12676 12675 12687
f 12567 12677 12675
f 12675 12677 12678
f 12675 12678 12687
f 12677 12680 12678
f 12571 12572 12679
f 12572 12682 12679
f 12677 12571 12680
f 12571 12679 12680
f 12678 12680 12695
f 12680 12681 12695
f 12680 12679 12681
f 12679 12684 12681
f 12682 12575 12683
f 12679 12682 12684
f 12682 12683 12684
f 12683 12576 12685
f 12684 12683 12685
f 12684 12685 12699
f 12681 12684 12699
f 12685 12577 12698
f 12349 12676 12686
f 12676 12687 12686
f 12686 12687 12688
f 12350 12686 12690
f 12686 12688 12690
f 12687 12678 12689
f 12687 12689 12688
f 12678 12695 12689
f 12689 12696 12693
f 12688 12689 12693
f 12690 12688 12692
f 12354 12690 12691
f 12690 12692 12691
f 12691 12692 15016
f 12688 12693 12692
f 12693 12701 12694
f 12692 12693 12694
f 12692 12694 15016
f 12695 12681 12697
f 12681 12699 12697
f 12689 12695 12696
f 12695 12697 12696
f 12696 12697 12702
f 12697 12700 12702
f 12699 12685 12698
f 12698 12578 12704
f 12697 12699 12700
f 12699 12698 12700
f 12700 12698 12704
f 12704 12605 12705
f 12693 12696 12701
f 12696 12702 12701
f 12701 12702 12703
f 12702 12706 12703
f 12694 12701 15025
f 12701 12703 15025
f 12702 12700 12706
f 12700 12704 12706
f 12706 12704 12705
f 12706 12705 15029
f 15029 12705 14929
f 12703 12706 15029
f 12709 12708 12707
f 6718 12709 12707
f 12709 12712 12708
f 12712 12710 12708
f 12713 12711 12710
f 12712 12713 12710
f 12713 12714 12711
f 12715 12712 12709
f 6722 12715 12709
f 12715 12716 12712
f 12728 12716 12715
f 12728 12730 12716
f 12716 12713 12712
f 12716 12717 12713
f 12717 12714 12713
f 12717 12718 12714
f 12730 12717 12716
f 12730 12731 12717
f 12731 12718 12717
f 12731 12732 12718
f 12714 12719 12711
f 12720 12721 12719
f 12714 12720 12719
f 12718 12720 12714
f 12725 12723 12720
f 12723 12722 12721
f 12723 12724 12722
f 12720 12723 12721
f 12726 12724 12723
f 12718 12725 12720
f 12732 12725 12718
f 12740 12726 12725
f 12725 12726 12723
f 12726 12727 12724
f 12732 12740 12725
f 12740 12742 12726
f 12742 12727 12726
f 12742 12743 12727
f 6735 12728 12715
f 12729 12730 12728
f 6736 12729 12728
f 12729 12733 12730
f 12733 12731 12730
f 12734 12732 12731
f 12733 12734 12731
f 12734 12735 12732
f 6743 12736 12729
f 12736 12733 12729
f 12736 12737 12733
f 12878 12737 12736
f 12737 12734 12733
f 12737 12738 12734
f 12738 12735 12734
f 12738 12739 12735
f 12879 12738 12737
f 12881 12739 12738
f 12735 12740 12732
f 12741 12742 12740
f 12735 12741 12740
f 12744 12743 12742
f 12741 12744 12742
f 12744 12745 12743
f 12747 12745 12744
f 12739 12741 12735
f 12739 12746 12741
f 12746 12744 12741
f 12880 12746 12739
f 12880 12890 12746
f 12890 12747 12746
f 12746 12747 12744
f 12747 12748 12745
f 12890 12892 12747
f 12892 12748 12747
f 12892 12893 12748
f 12724 12749 12722
f 12751 12750 12749
f 12752 12753 12750
f 12724 12751 12749
f 12751 12752 12750
f 12727 12751 12724
f 12755 12752 12751
f 12756 12754 12752
f 12752 12754 12753
f 12754 12759 12753
f 12754 12761 12759
f 12757 12761 12754
f 12727 12755 12751
f 12755 12756 12752
f 12756 12757 12754
f 12757 12766 12761
f 12743 12755 12727
f 12774 12756 12755
f 12743 12774 12755
f 12775 12757 12756
f 12774 12775 12756
f 12775 12758 12757
f 12758 12766 12757
f 12758 12768 12766
f 12761 12760 12759
f 12762 12763 12760
f 12761 12762 12760
f 12766 12762 12761
f 12767 12764 12762
f 12764 8863 12763
f 12762 12764 12763
f 12764 12765 8863
f 12765 9091 8863
f 12770 12765 12764
f 12771 13083 12765
f 12766 12767 12762
f 12769 12770 12767
f 12768 12767 12766
f 12768 12769 12767
f 12767 12770 12764
f 12770 12771 12765
f 12772 12771 12770
f 12773 13087 12771
f 12769 12772 12770
f 12772 12773 12771
f 12745 12774 12743
f 12745 12776 12774
f 12776 12775 12774
f 12777 12758 12775
f 12776 12777 12775
f 12748 12776 12745
f 12779 12777 12776
f 12780 12778 12777
f 12777 12778 12758
f 12778 12768 12758
f 12778 12784 12768
f 12782 12784 12778
f 12748 12779 12776
f 12779 12780 12777
f 12893 12779 12748
f 12924 12780 12779
f 12893 12924 12779
f 12781 12782 12780
f 12924 12781 12780
f 12780 12782 12778
f 12782 12788 12784
f 12783 12788 12782
f 12781 12783 12782
f 12783 12790 12788
f 12784 12769 12768
f 12785 12772 12769
f 12784 12785 12769
f 12788 12785 12784
f 12789 12787 12785
f 12788 12789 12785
f 12787 12773 12772
f 12785 12787 12772
f 12787 12786 12773
f 12786 13089 12773
f 12792 12786 12787
f 12789 12792 12787
f 12792 12793 12786
f 12793 13104 12786
f 12790 12789 12788
f 12791 12792 12789
f 12790 12791 12789
f 12934 12794 12791
f 12794 12793 12792
f 12795 13111 12793
f 12791 12794 12792
f 12794 12795 12793
f 12935 12795 12794
f 12936 13112 12795
f 4256 8887 12796
f 8887 8891 12797
f 8887 12797 12796
f 6788 12796 12800
f 12796 12797 12802
f 8891 8892 12798
f 8891 12798 12797
f 8892 8893 12799
f 8892 12799 12798
f 12797 12798 12803
f 12798 12799 12804
f 12798 12804 12803
f 6792 12800 12801
f 12796 12802 12800
f 12800 12802 12805
f 12800 12805 12801
f 12797 12803 12802
f 12802 12803 12806
f 12803 12804 12807
f 12802 12806 12805
f 12803 12807 12806
f 8893 8895 12808
f 8893 12808 12799
f 8895 12809 12808
f 12799 12808 12811
f 8895 8898 12809
f 8898 8899 12810
f 8898 12810 12809
f 12808 12809 12813
f 12809 12810 12814
f 12799 12811 12804
f 12808 12813 12811
f 12809 12814 12813
f 12804 12811 12812
f 12804 12812 12807
f 12811 12815 12812
f 12811 12813 12815
f 12813 12814 12816
f 12813 12816 12815
f 6793 12801 12817
f 12801 12805 12818
f 12801 12818 12817
f 6809 12817 12821
f 12817 12818 12822
f 12806 12807 12820
f 12805 12806 12819
f 12805 12819 12818
f 12806 12820 12819
f 12818 12819 12823
f 12819 12820 12824
f 12817 12822 12821
f 6813 12821 12937
f 12821 12822 12939
f 12821 12939 12937
f 12818 12823 12822
f 12819 12824 12823
f 12822 12823 12825
f 12822 12825 12939
f 12823 12824 12826
f 12823 12826 12825
f 12807 12812 12827
f 12807 12827 12820
f 12812 12828 12827
f 12820 12827 12830
f 12812 12815 12828
f 12815 12816 12829
f 12815 12829 12828
f 12827 12828 12832
f 12828 12829 12833
f 12828 12833 12832
f 12820 12830 12824
f 12824 12830 12831
f 12827 12832 12830
f 12824 12831 12826
f 12830 12834 12831
f 12830 12832 12834
f 12832 12833 12835
f 12832 12835 12834
f 8899 8930 12836
f 8899 12836 12810
f 8930 12837 12836
f 8930 8931 12837
f 8931 12838 12837
f 12810 12836 12839
f 12836 12837 12840
f 8931 8933 12838
f 8933 8936 12845
f 8933 12845 12838
f 12837 12838 12843
f 12838 12845 12849
f 12810 12839 12814
f 12836 12840 12839
f 12837 12843 12840
f 12838 12849 12843
f 12814 12839 12841
f 12839 12840 12842
f 12814 12841 12816
f 12839 12842 12841
f 12840 12844 12842
f 12840 12843 12844
f 12843 12849 12851
f 12843 12851 12844
f 12844 12851 12866
f 8936 12846 12845
f 8936 8937 12846
f 8937 12847 12846
f 12845 12846 12850
f 8937 8940 12847
f 8940 8941 12848
f 8940 12848 12847
f 8941 13150 12848
f 12846 12847 12853
f 12847 12848 12854
f 12848 13154 12854
f 12845 12850 12849
f 12846 12853 12850
f 12847 12854 12853
f 12849 12850 12852
f 12849 12852 12851
f 12850 12855 12852
f 12851 12852 12867
f 12850 12853 12855
f 12853 12854 12856
f 12854 13156 12856
f 12853 12856 12855
f 12852 12855 12869
f 12855 12856 12870
f 12816 12841 12857
f 12816 12857 12829
f 12841 12858 12857
f 12841 12842 12858
f 12842 12859 12858
f 12829 12857 12860
f 12829 12860 12833
f 12857 12861 12860
f 12857 12858 12861
f 12858 12864 12861
f 12842 12844 12859
f 12844 12866 12859
f 12858 12859 12864
f 12859 12866 12873
f 12859 12873 12864
f 12833 12860 12862
f 12860 12861 12863
f 12833 12862 12835
f 12860 12863 12862
f 12861 12865 12863
f 12862 12863 12998
f 12861 12864 12865
f 12864 12874 12865
f 12864 12873 12874
f 12863 12865 13000
f 12865 12874 13006
f 12851 12867 12866
f 12852 12869 12867
f 12866 12867 12868
f 12867 12871 12868
f 12866 12868 12873
f 12855 12870 12869
f 12856 13178 12870
f 12867 12869 12871
f 12869 12870 12872
f 12869 12872 12871
f 12870 13180 12872
f 12873 12875 12874
f 12873 12868 12875
f 12868 12876 12875
f 12874 12875 13007
f 12875 13010 13007
f 12868 12871 12876
f 12871 12872 12877
f 12871 12877 12876
f 12872 13186 12877
f 12876 12877 13011
f 12875 12876 13010
f 12876 13011 13010
f 12877 13307 13011
f 6864 12878 12736
f 12878 12879 12737
f 6871 12885 12878
f 12885 12879 12878
f 12885 12882 12879
f 12879 12881 12738
f 12882 12881 12879
f 12881 12880 12739
f 12883 12880 12881
f 12882 12883 12881
f 12883 12884 12880
f 6872 12886 12885
f 12886 12882 12885
f 12886 12887 12882
f 12901 12887 12886
f 12887 12883 12882
f 12887 12888 12883
f 12888 12884 12883
f 12888 12889 12884
f 12903 12888 12887
f 12903 12904 12888
f 12904 12889 12888
f 12904 12905 12889
f 12884 12890 12880
f 12891 12892 12890
f 12884 12891 12890
f 12896 12894 12891
f 12894 12893 12892
f 12894 12895 12893
f 12891 12894 12892
f 12897 12895 12894
f 12889 12891 12884
f 12889 12896 12891
f 12905 12896 12889
f 12905 12916 12896
f 12916 12897 12896
f 12896 12897 12894
f 12897 12898 12895
f 12916 12899 12897
f 12899 12898 12897
f 12899 12900 12898
f 6885 12901 12886
f 12901 12903 12887
f 12902 12903 12901
f 6892 12902 12901
f 12902 12906 12903
f 12906 12904 12903
f 12908 12905 12904
f 12906 12908 12904
f 12908 12907 12905
f 12911 12907 12908
f 6893 12909 12902
f 12909 12906 12902
f 12909 12910 12906
f 7431 13594 12909
f 13594 12910 12909
f 13594 12913 12910
f 12910 12908 12906
f 12910 12911 12908
f 12911 12912 12907
f 12914 12912 12911
f 12913 12911 12910
f 12913 12914 12911
f 12914 12915 12912
f 12907 12916 12905
f 12907 12917 12916
f 12917 12899 12916
f 12912 12917 12907
f 12920 12919 12917
f 12917 12919 12899
f 12919 12900 12899
f 12919 12918 12900
f 12920 12922 12919
f 12922 12918 12919
f 12922 12959 12918
f 12912 12920 12917
f 12915 12920 12912
f 12921 12922 12920
f 12915 12921 12920
f 13598 12921 12915
f 13611 12923 12921
f 12921 12923 12922
f 12923 12959 12922
f 12923 12960 12959
f 13611 13613 12923
f 13613 12960 12923
f 13613 12961 12960
f 12895 12924 12893
f 12925 12781 12924
f 12895 12925 12924
f 12926 12783 12781
f 12925 12926 12781
f 12898 12925 12895
f 12928 12926 12925
f 12929 12927 12926
f 12926 12927 12783
f 12927 12790 12783
f 12927 12933 12790
f 12929 12932 12927
f 12932 12933 12927
f 12932 12991 12933
f 12898 12928 12925
f 12900 12928 12898
f 12930 12929 12928
f 12928 12929 12926
f 12931 12932 12929
f 12900 12930 12928
f 12930 12931 12929
f 12987 12991 12932
f 12931 12987 12932
f 12933 12791 12790
f 12933 12934 12791
f 12991 12934 12933
f 12988 12935 12934
f 12991 12988 12934
f 12934 12935 12794
f 12935 12936 12795
f 12918 12930 12900
f 12918 13022 12930
f 13022 12931 12930
f 12959 13022 12918
f 6947 12937 12938
f 12937 12939 12940
f 6948 12938 12943
f 12937 12940 12938
f 12938 12940 12944
f 12939 12825 12941
f 12939 12941 12940
f 12825 12826 12942
f 12825 12942 12941
f 12940 12941 12945
f 12941 12942 12946
f 12938 12944 12943
f 6952 12943 12962
f 12943 12944 12947
f 12943 12947 12962
f 12940 12945 12944
f 12941 12946 12945
f 12945 12946 12949
f 12944 12948 12947
f 12944 12945 12948
f 12945 12949 12948
f 12826 12831 12950
f 12826 12950 12942
f 12831 12952 12950
f 12942 12950 12953
f 12950 12955 12953
f 12831 12834 12952
f 12834 12835 12951
f 12834 12951 12952
f 12950 12952 12955
f 12952 12951 12956
f 12952 12956 12955
f 12942 12953 12946
f 12946 12953 12954
f 12946 12954 12949
f 12953 12958 12954
f 12953 12955 12958
f 12955 12956 12957
f 12954 12958 12977
f 12958 12957 12978
f 12955 12957 12958
f 6968 12962 12963
f 12962 12947 12965
f 12962 12965 12963
f 6969 12963 12967
f 12963 12965 12969
f 12948 12964 12966
f 12947 12948 12966
f 12947 12966 12965
f 12948 12949 12964
f 12965 12966 12970
f 12965 12970 12969
f 12966 12964 12971
f 12966 12971 12970
f 12972 12973 13651
f 12973 12974 13652
f 12973 13652 13651
f 6974 12967 12968
f 12963 12969 12967
f 12967 12969 12972
f 12967 12972 12968
f 12968 12972 13650
f 12969 12973 12972
f 12969 12970 12973
f 12970 12971 12974
f 12970 12974 12973
f 12949 12975 12964
f 12954 12977 12975
f 12949 12954 12975
f 12964 12975 12976
f 12964 12976 12971
f 12975 12979 12976
f 12958 12978 12977
f 12977 12978 12980
f 12975 12977 12979
f 12977 12980 12979
f 12979 12980 12983
f 12974 12986 12981
f 12974 12981 13652
f 12986 12984 12981
f 12982 12983 12985
f 12986 12982 12984
f 12982 12985 12984
f 12984 12985 13666
f 12971 12976 12986
f 12971 12986 12974
f 12976 12982 12986
f 12976 12979 12982
f 12979 12983 12982
f 13023 12987 12931
f 12987 12992 12991
f 13026 12992 12987
f 13026 13034 12992
f 12990 13280 12936
f 12988 12989 12935
f 12989 12936 12935
f 12989 12990 12936
f 12992 12988 12991
f 12993 12989 12988
f 12992 12993 12988
f 13034 12993 12992
f 13035 12994 12993
f 13034 13035 12993
f 12994 12990 12989
f 12993 12994 12989
f 12994 12995 12990
f 12995 13282 12990
f 13038 12995 12994
f 13035 13038 12994
f 13038 12996 12995
f 12996 13288 12995
f 12835 12862 12997
f 12835 12997 12951
f 12862 12998 12997
f 12863 13000 12998
f 12951 12997 13002
f 12951 13002 12956
f 12997 12999 13002
f 12997 12998 12999
f 12998 13001 12999
f 12865 13006 13000
f 13000 13006 13009
f 12998 13000 13001
f 13000 13009 13001
f 12999 13005 13004
f 12956 13002 13003
f 12956 13003 12957
f 13002 13004 13003
f 13002 12999 13004
f 12957 13003 13053
f 13003 13054 13053
f 13003 13004 13054
f 13004 13057 13054
f 13001 13009 13014
f 13001 13014 13005
f 12999 13001 13005
f 13004 13005 13057
f 13005 13014 13016
f 13005 13016 13057
f 12874 13007 13006
f 13006 13007 13008
f 13007 13012 13008
f 13009 13008 13015
f 13006 13008 13009
f 13010 13011 13013
f 13011 13308 13013
f 13007 13010 13012
f 13010 13013 13012
f 13008 13012 13018
f 13012 13013 13019
f 13009 13015 13014
f 13008 13018 13015
f 13014 13017 13016
f 13014 13015 13017
f 13015 13020 13017
f 13012 13019 13018
f 13015 13018 13020
f 13018 13019 13021
f 13013 13316 13019
f 13018 13021 13020
f 13020 13021 13073
f 13019 13318 13021
f 13022 13023 12931
f 13025 13026 13023
f 13024 13023 13022
f 12959 13024 13022
f 13024 13025 13023
f 13023 13026 12987
f 13027 13034 13026
f 13025 13027 13026
f 13027 13036 13034
f 13032 13036 13027
f 12960 13024 12959
f 13028 13025 13024
f 12960 13028 13024
f 13028 13029 13025
f 13029 13027 13025
f 13031 13032 13029
f 12961 13028 12960
f 13030 13029 13028
f 12961 13030 13028
f 13030 13031 13029
f 13732 13033 13031
f 13029 13032 13027
f 13032 13043 13036
f 13033 13043 13032
f 13033 13046 13043
f 13031 13033 13032
f 13736 13046 13033
f 13736 13047 13046
f 13036 13035 13034
f 13037 13038 13035
f 13036 13037 13035
f 13043 13037 13036
f 13044 13040 13037
f 13043 13044 13037
f 13040 12996 13038
f 13037 13040 13038
f 13040 13039 12996
f 13039 13290 12996
f 13041 13039 13040
f 13044 13041 13040
f 13041 13042 13039
f 13042 13334 13039
f 13046 13044 13043
f 13045 13041 13044
f 13046 13045 13044
f 13047 13045 13046
f 13048 13049 13045
f 13047 13048 13045
f 13778 13051 13048
f 13049 13042 13041
f 13049 13050 13042
f 13045 13049 13041
f 13050 13336 13042
f 13052 13344 13050
f 13048 13051 13049
f 13051 13050 13049
f 13051 13052 13050
f 13783 13052 13051
f 13785 13347 13052
f 13056 13063 13060
f 13058 13066 13063
f 12957 13053 12978
f 12978 13053 13055
f 13054 13058 13056
f 13053 13054 13056
f 12978 13055 12980
f 13053 13056 13055
f 12980 13055 13059
f 13055 13056 13060
f 13054 13057 13058
f 13057 13016 13070
f 13057 13070 13058
f 13056 13058 13063
f 13058 13070 13066
f 12983 13059 13061
f 13059 13060 13062
f 13060 13065 13062
f 12983 13061 12985
f 13059 13062 13061
f 12985 13061 13837
f 13061 13838 13837
f 13061 13062 13838
f 13062 13064 13838
f 13060 13063 13065
f 13063 13066 13074
f 13063 13074 13065
f 13062 13065 13064
f 13065 13074 13076
f 13065 13076 13064
f 12980 13059 12983
f 13055 13060 13059
f 13070 13067 13066
f 13070 13071 13067
f 13071 13068 13067
f 13072 13073 13069
f 13071 13072 13068
f 13072 13069 13068
f 13068 13069 13079
f 13067 13068 13078
f 13073 13385 13069
f 13016 13071 13070
f 13016 13017 13071
f 13017 13072 13071
f 13017 13020 13072
f 13020 13073 13072
f 13021 13383 13073
f 13066 13075 13074
f 13067 13078 13075
f 13066 13067 13075
f 13074 13075 13077
f 13074 13077 13076
f 13075 13080 13077
f 13077 13844 13843
f 13076 13077 13843
f 13079 13392 13081
f 13068 13079 13078
f 13075 13078 13080
f 13078 13079 13081
f 13069 13394 13079
f 13078 13081 13080
f 13080 13082 13844
f 13077 13080 13844
f 13080 13081 13082
f 13081 13395 13082
f 13083 9092 9091
f 12765 13083 9091
f 13083 13084 9092
f 13084 9095 9092
f 13084 13085 9095
f 13085 9096 9095
f 13085 13086 9096
f 13087 13084 13083
f 13087 13088 13084
f 13088 13085 13084
f 13088 13091 13085
f 13091 13086 13085
f 13091 13092 13086
f 12771 13087 13083
f 13089 13088 13087
f 12773 13089 13087
f 13089 13090 13088
f 13090 13091 13088
f 13093 13092 13091
f 13090 13093 13091
f 13105 13093 13090
f 13093 13094 13092
f 13107 13094 13093
f 13086 9101 9096
f 13095 9104 9101
f 13096 9105 9104
f 13086 13095 9101
f 13095 13096 9104
f 13092 13095 13086
f 13092 13098 13095
f 13098 13096 13095
f 13098 13100 13096
f 13096 13097 9105
f 13097 9151 9105
f 13100 13097 13096
f 13100 13101 13097
f 13101 13121 13097
f 13094 13098 13092
f 13099 13100 13098
f 13099 13102 13100
f 13094 13099 13098
f 13108 13099 13094
f 13115 13102 13099
f 13102 13101 13100
f 13102 13103 13101
f 13103 13128 13101
f 13117 13103 13102
f 13118 13129 13103
f 13104 13090 13089
f 12786 13104 13089
f 13104 13105 13090
f 13111 13105 13104
f 12793 13111 13104
f 13111 13106 13105
f 13105 13107 13093
f 13107 13108 13094
f 13106 13107 13105
f 13106 13109 13107
f 13109 13108 13107
f 13109 13110 13108
f 13112 13106 13111
f 12795 13112 13111
f 13112 13113 13106
f 13280 13113 13112
f 13113 13109 13106
f 13113 13114 13109
f 13114 13110 13109
f 13114 13171 13110
f 13108 13115 13099
f 13110 13115 13108
f 13115 13117 13102
f 13116 13117 13115
f 13110 13116 13115
f 13116 13119 13117
f 13117 13118 13103
f 13119 13118 13117
f 13120 13145 13118
f 13119 13120 13118
f 13174 13120 13119
f 13171 13116 13110
f 13171 13172 13116
f 13172 13119 13116
f 13121 9154 9151
f 13097 13121 9151
f 13121 13122 9154
f 13122 9155 9154
f 13122 13124 9155
f 13128 13122 13121
f 13101 13128 13121
f 13123 13124 13122
f 13128 13123 13122
f 13123 13126 13124
f 13124 9156 9155
f 13124 13125 9156
f 13125 9166 9156
f 13126 13125 13124
f 13126 13127 13125
f 13127 13133 13125
f 13129 13123 13128
f 13103 13129 13128
f 13130 13126 13123
f 13129 13130 13123
f 13130 13132 13126
f 13145 13130 13129
f 13118 13145 13129
f 13146 13132 13130
f 13145 13146 13130
f 13146 13148 13132
f 13132 13127 13126
f 13132 13131 13127
f 13131 13135 13127
f 13148 13131 13132
f 13148 13149 13131
f 13149 13139 13131
f 13125 13133 9166
f 13133 13134 9167
f 13135 13134 13133
f 13127 13135 13133
f 13135 13136 13134
f 13134 13137 9168
f 13136 13137 13134
f 13138 13952 13137
f 13136 13138 13137
f 13143 13954 13138
f 13131 13139 13135
f 13139 13136 13135
f 13139 13140 13136
f 13149 13141 13139
f 13141 13140 13139
f 13141 13142 13140
f 13140 13138 13136
f 13140 13143 13138
f 13144 13958 13143
f 13142 13143 13140
f 13142 13144 13143
f 13147 13146 13145
f 13147 13232 13146
f 13232 13148 13146
f 13232 13233 13148
f 13120 13147 13145
f 13233 13149 13148
f 13233 13234 13149
f 13234 13141 13149
f 13243 13142 13141
f 8941 9199 13150
f 9199 13151 13150
f 9199 9200 13151
f 12848 13150 13154
f 13150 13155 13154
f 13150 13151 13155
f 9200 13152 13151
f 9200 9203 13152
f 9203 13153 13152
f 9203 9204 13153
f 13151 13152 13158
f 13151 13158 13155
f 13152 13153 13159
f 13152 13159 13158
f 12854 13154 13156
f 13154 13157 13156
f 13154 13155 13157
f 12856 13156 13178
f 13156 13157 13179
f 13155 13158 13160
f 13155 13160 13157
f 13158 13159 13161
f 13158 13161 13160
f 13157 13160 13182
f 13160 13161 13183
f 13160 13183 13182
f 9204 9206 13162
f 9204 13162 13153
f 9206 13163 13162
f 9206 9209 13163
f 13153 13162 13167
f 13153 13167 13159
f 13162 13163 13165
f 13162 13165 13167
f 9209 13164 13163
f 9210 13205 13164
f 13163 13164 13166
f 13163 13166 13165
f 13164 13207 13166
f 13159 13167 13168
f 13159 13168 13161
f 13167 13165 13169
f 13167 13169 13168
f 13161 13168 13193
f 13161 13193 13183
f 13168 13169 13195
f 13168 13195 13193
f 13165 13166 13170
f 13165 13170 13169
f 13166 13213 13170
f 13169 13170 13196
f 13169 13196 13195
f 13170 13254 13196
f 13280 13281 13113
f 13281 13114 13113
f 13281 13284 13114
f 13284 13171 13114
f 13284 13285 13171
f 13175 13147 13120
f 13172 13174 13119
f 13285 13172 13171
f 13285 13173 13172
f 13173 13174 13172
f 13173 13176 13174
f 13174 13175 13120
f 13177 13235 13175
f 13176 13175 13174
f 13176 13177 13175
f 13298 13237 13177
f 13156 13179 13178
f 12870 13178 13180
f 13178 13179 13181
f 13178 13181 13180
f 13157 13182 13179
f 13179 13182 13184
f 13182 13183 13185
f 13179 13184 13181
f 13181 13184 13189
f 13182 13185 13184
f 13184 13185 13190
f 12872 13180 13186
f 13180 13187 13186
f 13180 13181 13187
f 13186 13188 13307
f 13186 13187 13188
f 12877 13186 13307
f 13181 13189 13187
f 13184 13190 13189
f 13187 13189 13191
f 13187 13191 13188
f 13189 13192 13191
f 13189 13190 13192
f 13183 13193 13194
f 13193 13195 13197
f 13183 13194 13185
f 13185 13194 13199
f 13193 13197 13194
f 13194 13197 13201
f 13195 13198 13197
f 13195 13196 13198
f 13196 13255 13198
f 13197 13198 13202
f 13198 13260 13202
f 13185 13199 13190
f 13190 13199 13200
f 13194 13201 13199
f 13199 13201 13203
f 13190 13200 13192
f 13199 13203 13200
f 13200 13203 13324
f 13197 13202 13201
f 13201 13202 13204
f 13201 13204 13203
f 13203 13204 13325
f 13202 13262 13204
f 9248 13206 13205
f 9249 13209 13206
f 13164 13205 13207
f 13205 13208 13207
f 13205 13206 13208
f 13206 13209 13211
f 13206 13211 13208
f 9252 13210 13209
f 13209 13210 13212
f 9253 13220 13210
f 13209 13212 13211
f 13210 13222 13212
f 13207 13208 13214
f 13208 13211 13216
f 13211 13212 13217
f 13166 13207 13213
f 13207 13214 13213
f 13208 13216 13214
f 13170 13213 13254
f 13213 13215 13254
f 13213 13214 13215
f 13214 13216 13218
f 13214 13218 13215
f 13211 13217 13216
f 13212 13227 13217
f 13216 13217 13219
f 13216 13219 13218
f 13217 13229 13219
f 13210 13220 13222
f 9256 13221 13220
f 13220 13221 13223
f 13212 13222 13227
f 13220 13223 13222
f 13222 13223 13228
f 9257 13224 13221
f 13221 13224 13225
f 9259 13995 13224
f 13221 13225 13223
f 13223 13225 13226
f 13224 13997 13225
f 13222 13228 13227
f 13223 13226 13228
f 13225 14001 13226
f 13227 13228 13230
f 13217 13227 13229
f 13227 13230 13229
f 13228 13226 13231
f 13228 13231 13230
f 13230 13231 13272
f 13226 14005 13231
f 13235 13232 13147
f 13236 13233 13232
f 13236 13239 13233
f 13239 13234 13233
f 13239 13240 13234
f 13240 13243 13234
f 13175 13235 13147
f 13237 13236 13235
f 13235 13236 13232
f 13238 13239 13236
f 13177 13237 13235
f 13411 13238 13237
f 13237 13238 13236
f 13238 13241 13239
f 13412 13241 13238
f 13241 13240 13239
f 13241 13242 13240
f 13242 13248 13240
f 13415 13242 13241
f 13415 13416 13242
f 13416 13250 13242
f 13234 13243 13141
f 13243 13244 13142
f 13240 13248 13243
f 13248 13244 13243
f 13248 13245 13244
f 13244 13144 13142
f 13244 13246 13144
f 13246 13984 13144
f 13245 13246 13244
f 13245 13247 13246
f 13247 14029 13246
f 13242 13250 13248
f 13250 13245 13248
f 13250 13249 13245
f 13416 13429 13250
f 13429 13249 13250
f 13429 13251 13249
f 13249 13247 13245
f 13249 13252 13247
f 13252 14031 13247
f 13251 13252 13249
f 13251 13253 13252
f 13253 14035 13252
f 13434 14037 13253
f 13196 13254 13255
f 13254 13256 13255
f 13254 13215 13256
f 13215 13218 13258
f 13215 13258 13256
f 13198 13255 13260
f 13255 13261 13260
f 13255 13256 13261
f 13256 13258 13264
f 13256 13264 13261
f 13218 13219 13257
f 13218 13257 13258
f 13219 13268 13257
f 13258 13257 13259
f 13258 13259 13264
f 13257 13270 13259
f 13202 13260 13262
f 13260 13263 13262
f 13261 13264 13266
f 13261 13266 13263
f 13260 13261 13263
f 13262 13445 13444
f 13204 13262 13444
f 13263 13266 13448
f 13262 13263 13445
f 13263 13448 13445
f 13264 13259 13265
f 13264 13265 13266
f 13259 13274 13265
f 13266 13265 13267
f 13266 13267 13448
f 13265 13276 13267
f 13219 13229 13268
f 13229 13269 13268
f 13229 13230 13269
f 13257 13268 13270
f 13268 13271 13270
f 13268 13269 13271
f 13230 13272 13269
f 13269 13272 13273
f 13231 14064 13272
f 13269 13273 13271
f 13271 13273 13278
f 13272 14066 13273
f 13277 13279 13465
f 13259 13270 13274
f 13270 13275 13274
f 13270 13271 13275
f 13265 13274 13276
f 13274 13277 13276
f 13274 13275 13277
f 13271 13278 13275
f 13275 13278 13279
f 13273 14074 13278
f 13275 13279 13277
f 13278 14070 13279
f 12936 13280 13112
f 13282 13281 13280
f 12990 13282 13280
f 13288 13283 13282
f 13282 13283 13281
f 13283 13284 13281
f 13283 13286 13284
f 13286 13285 13284
f 13286 13287 13285
f 13289 13286 13283
f 13289 13292 13286
f 13292 13287 13286
f 13292 13293 13287
f 12995 13288 13282
f 13290 13289 13288
f 13288 13289 13283
f 12996 13290 13288
f 13334 13291 13290
f 13290 13291 13289
f 13291 13292 13289
f 13294 13293 13292
f 13294 13295 13293
f 13291 13294 13292
f 13335 13294 13291
f 13335 13338 13294
f 13338 13295 13294
f 13338 13339 13295
f 13287 13173 13285
f 13287 13296 13173
f 13296 13176 13173
f 13296 13297 13176
f 13293 13296 13287
f 13293 13301 13296
f 13301 13297 13296
f 13301 13299 13297
f 13297 13177 13176
f 13297 13298 13177
f 13300 13411 13298
f 13299 13298 13297
f 13299 13300 13298
f 13304 13413 13300
f 13295 13301 13293
f 13295 13302 13301
f 13302 13299 13301
f 13302 13303 13299
f 13339 13302 13295
f 13339 13357 13302
f 13357 13303 13302
f 13357 13305 13303
f 13303 13300 13299
f 13303 13304 13300
f 13306 13419 13304
f 13305 13304 13303
f 13305 13306 13304
f 13361 13421 13306
f 13011 13307 13308
f 13307 13309 13308
f 13307 13188 13309
f 13013 13308 13316
f 13308 13317 13316
f 13308 13309 13317
f 13188 13191 13310
f 13188 13310 13309
f 13191 13192 13311
f 13191 13311 13310
f 13309 13310 13312
f 13309 13312 13317
f 13310 13311 13313
f 13310 13313 13312
f 13319 13314 13384
f 13320 13315 13314
f 13019 13316 13318
f 13316 13319 13318
f 13316 13317 13319
f 13021 13318 13383
f 13318 13384 13383
f 13318 13319 13384
f 13317 13312 13320
f 13317 13320 13319
f 13312 13313 13321
f 13312 13321 13320
f 13319 13320 13314
f 13320 13321 13315
f 13192 13200 13322
f 13192 13322 13311
f 13200 13324 13322
f 13311 13322 13323
f 13311 13323 13313
f 13322 13326 13323
f 13322 13324 13326
f 13203 13325 13324
f 13324 13325 13327
f 13204 13444 13325
f 13324 13327 13326
f 13326 13327 13329
f 13325 13446 13327
f 13332 13333 13330
f 13321 13332 13328
f 13321 13328 13315
f 13332 13330 13328
f 13328 13330 13403
f 13333 13329 13331
f 13329 13453 13331
f 13333 13331 13330
f 13330 13331 13404
f 13331 13583 13404
f 13313 13323 13332
f 13313 13332 13321
f 13323 13333 13332
f 13323 13326 13333
f 13326 13329 13333
f 13327 13451 13329
f 13039 13334 13290
f 13336 13335 13334
f 13334 13335 13291
f 13042 13336 13334
f 13344 13337 13336
f 13336 13337 13335
f 13344 13345 13337
f 13337 13338 13335
f 13337 13340 13338
f 13340 13339 13338
f 13340 13341 13339
f 13345 13340 13337
f 13345 13342 13340
f 13342 13341 13340
f 13342 13343 13341
f 13050 13344 13336
f 13347 13345 13344
f 13347 13346 13345
f 13052 13347 13344
f 13348 13346 13347
f 13785 13348 13347
f 13348 13349 13346
f 13346 13342 13345
f 13346 13350 13342
f 13350 13343 13342
f 13350 13351 13343
f 13352 13351 13350
f 13349 13350 13346
f 13349 13352 13350
f 13848 13352 13349
f 13848 13857 13352
f 13352 13353 13351
f 13857 13353 13352
f 13857 13354 13353
f 13396 13399 13355
f 13396 13355 13876
f 13399 13400 13356
f 13355 13356 13887
f 13399 13356 13355
f 13341 13357 13339
f 13341 13358 13357
f 13358 13305 13357
f 13358 13360 13305
f 13343 13358 13341
f 13343 13359 13358
f 13359 13360 13358
f 13359 13362 13360
f 13365 13362 13359
f 13360 13306 13305
f 13360 13361 13306
f 13362 13361 13360
f 13363 13475 13361
f 13362 13363 13361
f 13368 13363 13362
f 13368 13364 13363
f 13364 13476 13363
f 13351 13359 13343
f 13351 13365 13359
f 13353 13365 13351
f 13353 13366 13365
f 13365 13368 13362
f 13366 13368 13365
f 13366 13369 13368
f 13354 13366 13353
f 13354 13367 13366
f 13367 13369 13366
f 13367 13371 13369
f 13900 13371 13367
f 13900 13372 13371
f 13369 13364 13368
f 13369 13370 13364
f 13371 13370 13369
f 13370 13479 13364
f 13373 13488 13370
f 13371 13373 13370
f 13372 13373 13371
f 13372 13374 13373
f 13374 13489 13373
f 13911 13492 13374
f 13410 13376 13379
f 13400 13410 13375
f 13400 13375 13356
f 13356 13375 13926
f 13410 13379 13375
f 13375 13380 13926
f 13375 13379 13380
f 13376 13377 13381
f 13377 13512 13381
f 13380 13382 13378
f 13382 13515 13378
f 13379 13381 13382
f 13376 13381 13379
f 13379 13382 13380
f 13381 13518 13382
f 13073 13383 13385
f 13383 13386 13385
f 13383 13384 13386
f 13069 13385 13394
f 13385 13387 13394
f 13385 13386 13387
f 13384 13314 13388
f 13384 13388 13386
f 13314 13315 13389
f 13314 13389 13388
f 13390 13391 13398
f 13386 13388 13390
f 13386 13390 13387
f 13388 13391 13390
f 13388 13389 13391
f 13079 13394 13392
f 13394 13393 13392
f 13394 13387 13393
f 13392 13396 13395
f 13081 13392 13395
f 13392 13393 13396
f 13395 13396 13876
f 13387 13397 13393
f 13387 13390 13397
f 13393 13397 13399
f 13390 13398 13397
f 13397 13400 13399
f 13397 13398 13400
f 13393 13399 13396
f 13315 13328 13401
f 13315 13401 13389
f 13389 13401 13402
f 13328 13403 13401
f 13401 13403 13405
f 13391 13402 13409
f 13402 13406 13409
f 13402 13405 13406
f 13389 13402 13391
f 13401 13405 13402
f 13403 13407 13405
f 13404 13581 13407
f 13330 13404 13403
f 13403 13404 13407
f 13405 13407 13408
f 13405 13408 13406
f 13407 13584 13408
f 13391 13409 13398
f 13398 13409 13410
f 13398 13410 13400
f 13409 13406 13376
f 13409 13376 13410
f 13406 13377 13376
f 13406 13408 13377
f 13408 13511 13377
f 13298 13411 13237
f 13413 13412 13411
f 13411 13412 13238
f 13412 13415 13241
f 13414 13415 13412
f 13300 13413 13411
f 13419 13414 13413
f 13413 13414 13412
f 13414 13417 13415
f 13420 13417 13414
f 13420 13423 13417
f 13417 13416 13415
f 13417 13418 13416
f 13418 13429 13416
f 13423 13418 13417
f 13423 13424 13418
f 13424 13430 13418
f 13304 13419 13413
f 13421 13420 13419
f 13419 13420 13414
f 13421 13422 13420
f 13422 13423 13420
f 13422 13426 13423
f 13306 13421 13419
f 13475 13422 13421
f 13477 13426 13422
f 13475 13477 13422
f 13477 13427 13426
f 13426 13424 13423
f 13426 13425 13424
f 13425 13432 13424
f 13427 13425 13426
f 13427 13428 13425
f 13428 13436 13425
f 13482 13438 13428
f 13418 13430 13429
f 13430 13251 13429
f 13430 13431 13251
f 13424 13432 13430
f 13432 13431 13430
f 13432 13433 13431
f 13431 13253 13251
f 13431 13434 13253
f 13435 14242 13434
f 13433 13434 13431
f 13433 13435 13434
f 13437 13435 13433
f 13440 14244 13435
f 13425 13436 13432
f 13436 13433 13432
f 13436 13437 13433
f 13438 13437 13436
f 13428 13438 13436
f 13438 13439 13437
f 13528 13439 13438
f 13528 13530 13439
f 13437 13440 13435
f 13439 13440 13437
f 13439 13441 13440
f 13441 14250 13440
f 13530 13441 13439
f 13530 13442 13441
f 13442 14251 13441
f 13535 14253 13442
f 13446 13452 13451
f 13447 13450 13456
f 13447 13456 13452
f 13450 13449 13443
f 13450 13443 13456
f 13449 13463 13443
f 13325 13444 13446
f 13444 13447 13446
f 13445 13448 13450
f 13444 13445 13447
f 13445 13450 13447
f 13327 13446 13451
f 13446 13447 13452
f 13448 13267 13449
f 13448 13449 13450
f 13267 13461 13449
f 13329 13451 13453
f 13451 13454 13453
f 13451 13452 13454
f 13452 13456 13457
f 13452 13457 13454
f 13331 13453 13583
f 13453 13455 13583
f 13453 13454 13455
f 13454 13457 13459
f 13454 13459 13455
f 13456 13443 13458
f 13456 13458 13457
f 13443 13467 13458
f 13459 13460 13587
f 13457 13460 13459
f 13457 13458 13460
f 13458 13469 13460
f 13276 13462 13461
f 13461 13462 13464
f 13449 13461 13463
f 13461 13464 13463
f 13463 13464 13468
f 13277 13465 13462
f 13462 13465 13466
f 13279 14301 13465
f 13465 14304 13466
f 13462 13466 13464
f 13464 13473 13468
f 13464 13466 13473
f 13466 14305 13473
f 13267 13276 13461
f 13276 13277 13462
f 13443 13463 13467
f 13458 13467 13469
f 13463 13468 13467
f 13467 13468 13470
f 13460 13469 13590
f 13469 13470 13471
f 13469 13471 13590
f 13467 13470 13469
f 13473 14309 13472
f 13468 13473 13472
f 13468 13472 13470
f 13470 13472 13474
f 13471 13474 13593
f 13470 13474 13471
f 13472 14311 13474
f 13361 13475 13421
f 13476 13477 13475
f 13363 13476 13475
f 13478 13427 13477
f 13476 13478 13477
f 13478 13481 13427
f 13479 13478 13476
f 13364 13479 13476
f 13488 13480 13479
f 13479 13480 13478
f 13480 13481 13478
f 13480 13483 13481
f 13490 13483 13480
f 13490 13497 13483
f 13481 13428 13427
f 13481 13482 13428
f 13483 13482 13481
f 13484 13528 13482
f 13483 13484 13482
f 13497 13484 13483
f 13497 13485 13484
f 13485 13529 13484
f 13499 13532 13485
f 13588 13487 13486
f 13486 13487 13522
f 13589 13538 13487
f 13487 13539 13522
f 13370 13488 13479
f 13489 13490 13488
f 13373 13489 13488
f 13488 13490 13480
f 13491 13497 13490
f 13489 13491 13490
f 13491 13498 13497
f 13494 13498 13491
f 13374 13492 13489
f 13492 13491 13489
f 13911 13493 13492
f 13493 13494 13492
f 13931 13495 13493
f 13492 13494 13491
f 13494 13501 13498
f 13495 13501 13494
f 13495 13502 13501
f 13493 13495 13494
f 13931 13496 13495
f 13496 13502 13495
f 13496 13503 13502
f 13498 13485 13497
f 13498 13499 13485
f 13501 13499 13498
f 13501 13500 13499
f 13500 13545 13499
f 13504 13546 13500
f 13502 13500 13501
f 13502 13504 13500
f 13503 13504 13502
f 13503 13505 13504
f 13944 13505 13503
f 13944 13506 13505
f 13505 13549 13504
f 13506 13550 13505
f 13507 13551 13506
f 13950 13552 13507
f 13524 13508 13947
f 13947 13508 13509
f 13510 13557 13950
f 13526 13556 13508
f 13508 13558 13509
f 13509 13559 13510
f 13377 13511 13512
f 13511 13514 13512
f 13511 13513 13514
f 13513 13486 13521
f 13513 13521 13514
f 13512 13514 13519
f 13514 13521 13527
f 13514 13527 13519
f 13515 13516 13951
f 13382 13518 13515
f 13378 13515 13951
f 13518 13517 13515
f 13518 13519 13517
f 13519 13527 13523
f 13519 13523 13517
f 13517 13524 13516
f 13517 13523 13524
f 13516 13524 13947
f 13515 13517 13516
f 13381 13512 13518
f 13512 13519 13518
f 13527 13520 13525
f 13520 13574 13525
f 13486 13522 13521
f 13521 13520 13527
f 13521 13522 13520
f 13522 13573 13520
f 13523 13525 13526
f 13527 13525 13523
f 13523 13526 13524
f 13524 13526 13508
f 13525 13578 13526
f 13482 13528 13438
f 13484 13529 13528
f 13529 13530 13528
f 13529 13531 13530
f 13485 13532 13529
f 13532 13531 13529
f 13532 13533 13531
f 13545 13533 13532
f 13545 13534 13533
f 13531 13442 13530
f 13531 13535 13442
f 13533 13535 13531
f 13533 13536 13535
f 13536 14335 13535
f 13534 13536 13533
f 13547 13537 13534
f 13534 13537 13536
f 13537 14336 13536
f 13564 14339 13537
f 13487 13538 13539
f 13591 13540 13538
f 13538 13540 13541
f 13538 13541 13539
f 13539 13541 13575
f 13592 13542 13540
f 13592 13593 13542
f 13593 14349 13542
f 13540 13544 13541
f 13540 13542 13544
f 13541 13543 13575
f 13541 13544 13543
f 13542 14355 13544
f 13544 14352 13543
f 13499 13545 13532
f 13500 13546 13545
f 13504 13549 13546
f 13546 13534 13545
f 13546 13547 13534
f 13549 13547 13546
f 13549 13548 13547
f 13505 13550 13549
f 13506 13551 13550
f 13507 13552 13551
f 13550 13548 13549
f 13550 13553 13548
f 13551 13553 13550
f 13551 13554 13553
f 13552 13555 13554
f 13552 13554 13551
f 13557 13555 13552
f 13950 13557 13552
f 13508 13556 13558
f 13509 13558 13559
f 13510 13559 13557
f 13578 13561 13556
f 13556 13562 13558
f 13559 13563 13560
f 13556 13561 13562
f 13558 13562 13563
f 13559 13560 13557
f 13557 13560 13555
f 13558 13563 13559
f 13548 13564 13547
f 13547 13564 13537
f 13548 13565 13564
f 13553 13565 13548
f 13553 13566 13565
f 13565 14340 13564
f 13566 14361 13565
f 13567 14362 13566
f 13569 14363 13567
f 13568 14370 13571
f 13580 14369 13568
f 13571 14371 13572
f 13554 13566 13553
f 13555 13567 13554
f 13560 13569 13555
f 13554 13567 13566
f 13555 13569 13567
f 13570 14364 13569
f 13563 13570 13560
f 13560 13570 13569
f 13576 13568 13561
f 13561 13571 13562
f 13562 13572 13563
f 13563 13572 13570
f 13561 13568 13571
f 13562 13571 13572
f 13572 14368 13570
f 13520 13573 13574
f 13573 13575 13577
f 13574 13577 13576
f 13573 13577 13574
f 13522 13539 13573
f 13539 13575 13573
f 13525 13574 13578
f 13526 13578 13556
f 13574 13576 13578
f 13578 13576 13561
f 13575 13579 13577
f 13575 13543 13579
f 13577 13580 13576
f 13577 13579 13580
f 13576 13580 13568
f 13579 14383 13580
f 13543 14382 13579
f 13583 13582 13581
f 13455 13459 13586
f 13455 13586 13582
f 13581 13582 13585
f 13582 13586 13588
f 13404 13583 13581
f 13583 13455 13582
f 13581 13585 13584
f 13407 13581 13584
f 13408 13584 13511
f 13584 13513 13511
f 13582 13588 13585
f 13584 13585 13513
f 13585 13588 13486
f 13585 13486 13513
f 13459 13587 13586
f 13586 13589 13588
f 13586 13587 13589
f 13460 13590 13587
f 13587 13591 13589
f 13588 13589 13487
f 13587 13590 13591
f 13590 13592 13591
f 13590 13471 13592
f 13591 13592 13540
f 13589 13591 13538
f 13471 13593 13592
f 13474 14454 13593
f 7432 13595 13594
f 13595 12913 13594
f 13595 13596 12913
f 7439 13602 13595
f 13602 13596 13595
f 13602 13599 13596
f 13596 12914 12913
f 13596 13597 12914
f 13597 12915 12914
f 13597 13598 12915
f 13600 13598 13597
f 13599 13597 13596
f 13599 13600 13597
f 13605 13600 13599
f 13600 13601 13598
f 13606 13601 13600
f 7440 13603 13602
f 13603 13599 13602
f 13603 13605 13599
f 13604 13605 13603
f 7441 13604 13603
f 13604 13608 13605
f 13673 13608 13604
f 13605 13606 13600
f 13608 13606 13605
f 13608 13609 13606
f 13606 13607 13601
f 13609 13607 13606
f 13609 13610 13607
f 13617 13609 13608
f 13618 13610 13609
f 13598 13611 12921
f 13601 13611 13598
f 13612 13613 13611
f 13601 13612 13611
f 13607 13612 13601
f 13607 13616 13612
f 13616 13614 13612
f 13612 13614 13613
f 13614 12961 13613
f 13614 13625 12961
f 13616 13615 13614
f 13615 13625 13614
f 13610 13616 13607
f 13610 13627 13616
f 13627 13615 13616
f 7456 13673 13604
f 13673 13617 13608
f 13617 13618 13609
f 13618 13619 13610
f 13681 13619 13618
f 13658 13621 13620
f 13620 13621 13706
f 13662 13663 13623
f 13660 13622 13621
f 13660 13662 13622
f 13621 13707 13706
f 13621 13622 13707
f 13662 13623 13622
f 13622 13623 13624
f 13622 13624 13707
f 13615 13626 13625
f 13630 13626 13615
f 13628 13630 13627
f 13619 13627 13610
f 13619 13628 13627
f 13682 13628 13619
f 13682 13629 13628
f 13629 13633 13628
f 13713 13634 13629
f 13627 13630 13615
f 13628 13633 13630
f 13630 13631 13626
f 13633 13631 13630
f 13633 13632 13631
f 13629 13634 13633
f 13713 13635 13634
f 13634 13632 13633
f 13634 13636 13632
f 13635 13636 13634
f 13635 13637 13636
f 13717 13637 13635
f 13717 13638 13637
f 13663 13671 13639
f 13671 13641 13639
f 13624 13640 13723
f 13640 13643 13723
f 13623 13639 13640
f 13663 13639 13623
f 13623 13640 13624
f 13639 13646 13640
f 13671 13672 13641
f 13672 13670 13642
f 13641 13642 13647
f 13672 13642 13641
f 13640 13646 13643
f 13646 13647 13645
f 13643 13645 13644
f 13643 13644 13726
f 13646 13645 13643
f 13639 13641 13646
f 13641 13647 13646
f 12968 13650 13648
f 13648 13650 13654
f 7560 13648 13649
f 7561 13649 13657
f 13648 13654 13649
f 13649 13654 13659
f 12972 13651 13650
f 13650 13655 13654
f 13650 13651 13655
f 13651 13652 13656
f 13651 13656 13655
f 13654 13661 13659
f 13655 13656 13653
f 13655 13653 13661
f 13654 13655 13661
f 6975 12968 13648
f 7573 13657 13658
f 13649 13659 13657
f 13657 13660 13658
f 13657 13659 13660
f 7574 13658 13620
f 13658 13660 13621
f 13659 13661 13662
f 13659 13662 13660
f 13661 13653 13663
f 13661 13663 13662
f 13652 12981 13664
f 13652 13664 13656
f 12981 13667 13664
f 13656 13664 13665
f 13656 13665 13653
f 13664 13668 13665
f 13664 13667 13668
f 13667 13666 13669
f 12981 12984 13667
f 12984 13666 13667
f 13665 13668 13672
f 13667 13669 13668
f 13668 13669 13670
f 13668 13670 13672
f 13653 13671 13663
f 13653 13665 13671
f 13665 13672 13671
f 7614 13674 13673
f 13674 13617 13673
f 13674 13679 13617
f 13675 13679 13674
f 13675 13680 13679
f 7615 13675 13674
f 7616 13676 13675
f 7617 13677 13676
f 13676 13680 13675
f 13676 13687 13680
f 13677 13687 13676
f 13677 13688 13687
f 7618 13678 13677
f 13678 13691 13688
f 13698 13691 13678
f 13678 13688 13677
f 13679 13618 13617
f 13679 13681 13618
f 13680 13681 13679
f 13687 13683 13680
f 13680 13683 13681
f 13687 13685 13683
f 13681 13682 13619
f 13683 13682 13681
f 13683 13684 13682
f 13685 13684 13683
f 13685 13686 13684
f 13688 13685 13687
f 13688 13689 13685
f 13689 13686 13685
f 13689 13690 13686
f 13691 13689 13688
f 13691 13692 13689
f 13710 13692 13691
f 13710 13712 13692
f 13692 13693 13690
f 13692 13690 13689
f 13712 13693 13692
f 13712 13705 13693
f 13695 13699 13694
f 13694 13699 13709
f 7630 13620 13695
f 7631 13695 13694
f 13620 13706 13695
f 13695 13706 13699
f 7633 13697 13696
f 7632 13694 13697
f 7634 13696 13698
f 7635 13698 13678
f 13694 13709 13697
f 13697 13708 13696
f 13696 13710 13698
f 13697 13709 13708
f 13698 13710 13691
f 13696 13708 13710
f 13706 13700 13699
f 13699 13702 13709
f 13709 13702 13711
f 13699 13700 13702
f 13707 13624 13701
f 13707 13701 13700
f 13700 13703 13702
f 13702 13703 13704
f 13702 13704 13711
f 13711 13705 13712
f 13711 13704 13705
f 13700 13701 13703
f 13706 13707 13700
f 13709 13711 13708
f 13708 13712 13710
f 13708 13711 13712
f 13684 13629 13682
f 13684 13713 13629
f 13686 13713 13684
f 13686 13714 13713
f 13690 13714 13686
f 13690 13715 13714
f 13714 13635 13713
f 13715 13717 13714
f 13693 13715 13690
f 13693 13716 13715
f 13705 13716 13693
f 13705 13725 13716
f 13716 13718 13715
f 13725 13720 13716
f 13714 13717 13635
f 13715 13718 13717
f 13718 13638 13717
f 13718 13719 13638
f 13725 13728 13720
f 13716 13720 13718
f 13720 13719 13718
f 13720 13721 13719
f 13728 13730 13721
f 13728 13721 13720
f 13624 13723 13701
f 13701 13723 13722
f 13701 13722 13703
f 13703 13724 13704
f 13704 13725 13705
f 13703 13722 13724
f 13704 13724 13725
f 13723 13726 13722
f 13722 13727 13724
f 13724 13728 13725
f 13723 13643 13726
f 13722 13726 13727
f 13724 13727 13728
f 13726 13729 13727
f 13727 13730 13728
f 13726 13644 13729
f 13727 13729 13730
f 13625 13030 12961
f 13625 13731 13030
f 13731 13031 13030
f 13626 13731 13625
f 13733 13732 13731
f 13731 13732 13031
f 13734 13736 13732
f 13626 13733 13731
f 13631 13733 13626
f 13631 13742 13733
f 13742 13734 13733
f 13733 13734 13732
f 13735 13737 13734
f 13742 13735 13734
f 13732 13736 13033
f 13734 13737 13736
f 13737 13047 13736
f 13737 13777 13047
f 13735 13738 13737
f 13738 13777 13737
f 13738 13779 13777
f 13754 13779 13738
f 13754 13780 13779
f 13739 13740 13763
f 13740 13774 13763
f 13740 13741 13774
f 13741 13792 13793
f 13774 13793 13824
f 13741 13793 13774
f 13632 13742 13631
f 13743 13735 13742
f 13632 13743 13742
f 13636 13743 13632
f 13745 13744 13743
f 13743 13744 13735
f 13744 13738 13735
f 13745 13748 13744
f 13748 13754 13744
f 13636 13745 13743
f 13637 13745 13636
f 13637 13746 13745
f 13746 13748 13745
f 13638 13746 13637
f 13638 13747 13746
f 13747 13749 13746
f 13719 13747 13638
f 13719 13845 13747
f 13845 13750 13747
f 13746 13749 13748
f 13749 13755 13748
f 13750 13756 13749
f 13747 13750 13749
f 13845 13751 13750
f 13751 13757 13750
f 13846 13751 13845
f 13730 13768 13846
f 13768 13752 13846
f 13846 13752 13751
f 13752 13758 13751
f 13768 13771 13752
f 13771 13760 13752
f 13744 13754 13738
f 13748 13755 13754
f 13755 13780 13754
f 13755 13801 13780
f 13756 13801 13755
f 13756 13802 13801
f 13749 13756 13755
f 13750 13757 13756
f 13751 13758 13757
f 13757 13802 13756
f 13758 13809 13757
f 13760 13810 13758
f 13757 13809 13802
f 13758 13810 13809
f 13752 13760 13758
f 13771 13776 13760
f 13760 13811 13810
f 13776 13811 13760
f 13776 13830 13811
f 13762 13764 13769
f 13764 13773 13769
f 13670 13739 13761
f 13670 13761 13642
f 13739 13763 13761
f 13642 13761 13762
f 13642 13762 13647
f 13761 13764 13762
f 13761 13763 13764
f 13763 13772 13764
f 13647 13762 13765
f 13647 13765 13645
f 13762 13769 13765
f 13645 13766 13644
f 13645 13765 13766
f 13644 13767 13729
f 13729 13768 13730
f 13644 13766 13767
f 13729 13767 13768
f 13765 13770 13766
f 13766 13753 13767
f 13767 13771 13768
f 13765 13769 13770
f 13769 13775 13770
f 13766 13770 13753
f 13767 13753 13771
f 13770 13759 13753
f 13753 13776 13771
f 13764 13772 13773
f 13772 13824 13826
f 13773 13826 13825
f 13772 13826 13773
f 13763 13774 13772
f 13774 13824 13772
f 13769 13773 13775
f 13770 13775 13759
f 13753 13759 13776
f 13773 13825 13775
f 13775 13812 13759
f 13759 13830 13776
f 13775 13825 13812
f 13759 13812 13830
f 13777 13048 13047
f 13779 13778 13777
f 13777 13778 13048
f 13779 13781 13778
f 13781 13783 13778
f 13780 13781 13779
f 13782 13784 13781
f 13780 13782 13781
f 13803 13787 13782
f 13778 13783 13051
f 13783 13785 13052
f 13781 13784 13783
f 13784 13785 13783
f 13784 13786 13785
f 13786 13348 13785
f 13788 13847 13786
f 13782 13787 13784
f 13787 13786 13784
f 13787 13788 13786
f 13803 13813 13787
f 13813 13788 13787
f 13813 13789 13788
f 13789 13850 13788
f 13817 13851 13789
f 13843 13795 13790
f 13792 13794 13793
f 13793 13791 13824
f 13792 13790 13794
f 13790 13799 13794
f 13793 13794 13791
f 13794 13797 13791
f 13844 13796 13795
f 13790 13795 13799
f 13795 13796 13800
f 13082 13874 13796
f 13796 13875 13800
f 13797 13798 13834
f 13798 13879 13834
f 13795 13800 13799
f 13799 13800 13798
f 13794 13799 13797
f 13799 13798 13797
f 13800 13878 13798
f 13801 13782 13780
f 13802 13803 13801
f 13809 13804 13802
f 13801 13803 13782
f 13802 13804 13803
f 13804 13813 13803
f 13805 13814 13804
f 13809 13805 13804
f 13810 13806 13805
f 13806 13815 13805
f 13807 13816 13806
f 13825 13808 13812
f 13830 13829 13807
f 13828 13821 13808
f 13829 13820 13807
f 13810 13805 13809
f 13811 13806 13810
f 13830 13807 13811
f 13811 13807 13806
f 13804 13814 13813
f 13814 13789 13813
f 13814 13817 13789
f 13815 13817 13814
f 13815 13818 13817
f 13805 13815 13814
f 13806 13816 13815
f 13816 13818 13815
f 13816 13819 13818
f 13820 13819 13816
f 13818 13852 13817
f 13819 13892 13818
f 13822 13893 13819
f 13807 13820 13816
f 13820 13822 13819
f 13829 13833 13820
f 13808 13821 13833
f 13833 13822 13820
f 13832 13823 13821
f 13821 13823 13836
f 13833 13836 13822
f 13835 13896 13823
f 13836 13895 13822
f 13824 13827 13826
f 13826 13828 13825
f 13824 13791 13827
f 13791 13831 13827
f 13826 13827 13828
f 13825 13828 13808
f 13812 13808 13829
f 13827 13832 13828
f 13808 13833 13829
f 13812 13829 13830
f 13827 13831 13832
f 13831 13834 13835
f 13831 13835 13832
f 13832 13835 13823
f 13791 13797 13831
f 13797 13834 13831
f 13828 13832 13821
f 13821 13836 13833
f 13834 13898 13835
f 13823 13899 13836
f 13666 13837 13840
f 13666 13840 13669
f 13837 13839 13840
f 13837 13838 13839
f 13838 13841 13839
f 12985 13837 13666
f 13669 13840 13739
f 13669 13739 13670
f 13840 13740 13739
f 13840 13839 13740
f 13839 13741 13740
f 13838 13064 13841
f 13064 13842 13841
f 13064 13076 13842
f 13841 13842 13792
f 13839 13841 13741
f 13841 13792 13741
f 13076 13843 13842
f 13842 13790 13792
f 13842 13843 13790
f 13843 13844 13795
f 13844 13082 13796
f 13721 13845 13719
f 13721 13846 13845
f 13730 13846 13721
f 13786 13847 13348
f 13847 13349 13348
f 13850 13848 13847
f 13847 13848 13349
f 13850 13849 13848
f 13788 13850 13847
f 13851 13849 13850
f 13789 13851 13850
f 13817 13852 13851
f 13852 13853 13851
f 13892 13854 13852
f 13851 13853 13849
f 13852 13854 13853
f 13892 13855 13854
f 13898 13882 13856
f 13849 13857 13848
f 13849 13859 13857
f 13853 13859 13849
f 13853 13860 13859
f 13859 13354 13857
f 13859 13858 13354
f 13860 13858 13859
f 13860 13861 13858
f 13854 13860 13853
f 13854 13862 13860
f 13855 13862 13854
f 13894 13865 13855
f 13897 13866 13894
f 13855 13865 13862
f 13894 13866 13865
f 13862 13861 13860
f 13865 13863 13862
f 13862 13863 13861
f 13865 13864 13863
f 13866 13864 13865
f 13869 13867 13866
f 13866 13867 13864
f 13897 13869 13866
f 13883 13869 13897
f 13882 13872 13856
f 13856 13890 13883
f 13882 13871 13872
f 13883 13890 13869
f 13856 13872 13890
f 13871 13868 13873
f 13869 13870 13867
f 13890 13870 13869
f 13871 13873 13872
f 13872 13891 13890
f 13890 13891 13870
f 13872 13873 13891
f 13395 13876 13874
f 13874 13877 13875
f 13796 13874 13875
f 13874 13876 13877
f 13875 13877 13881
f 13875 13881 13878
f 13834 13879 13898
f 13879 13882 13898
f 13798 13878 13879
f 13878 13880 13879
f 13878 13881 13880
f 13879 13880 13882
f 13800 13875 13878
f 13877 13884 13881
f 13886 13885 13884
f 13884 13885 13889
f 13876 13886 13877
f 13876 13355 13886
f 13877 13886 13884
f 13355 13887 13886
f 13886 13887 13885
f 13880 13888 13871
f 13881 13888 13880
f 13881 13884 13888
f 13880 13871 13882
f 13884 13889 13888
f 13888 13868 13871
f 13888 13889 13868
f 13818 13892 13852
f 13819 13893 13892
f 13893 13855 13892
f 13895 13894 13893
f 13893 13894 13855
f 13822 13895 13893
f 13835 13898 13896
f 13823 13896 13899
f 13836 13899 13895
f 13899 13897 13895
f 13898 13856 13896
f 13895 13897 13894
f 13899 13883 13897
f 13896 13856 13883
f 13896 13883 13899
f 13858 13367 13354
f 13858 13900 13367
f 13861 13900 13858
f 13861 13901 13900
f 13863 13901 13861
f 13863 13902 13901
f 13901 13372 13900
f 13901 13908 13372
f 13902 13908 13901
f 13902 13909 13908
f 13864 13902 13863
f 13867 13903 13864
f 13864 13903 13902
f 13867 13904 13903
f 13870 13904 13867
f 13903 13909 13902
f 13904 13910 13903
f 13905 13920 13904
f 13903 13910 13909
f 13904 13920 13910
f 13868 13907 13873
f 13873 13927 13891
f 13868 13906 13907
f 13891 13927 13905
f 13873 13907 13927
f 13870 13905 13904
f 13891 13905 13870
f 13905 13921 13920
f 13906 13922 13907
f 13927 13921 13905
f 13907 13923 13927
f 13906 13915 13922
f 13927 13923 13921
f 13907 13922 13923
f 13908 13374 13372
f 13909 13911 13908
f 13908 13911 13374
f 13909 13912 13911
f 13910 13912 13909
f 13920 13913 13910
f 13910 13913 13912
f 13920 13914 13913
f 13912 13493 13911
f 13913 13931 13912
f 13914 13932 13913
f 13916 13933 13914
f 13921 13916 13914
f 13915 13918 13922
f 13922 13919 13923
f 13915 13917 13918
f 13923 13919 13916
f 13922 13918 13919
f 13917 13937 13918
f 13918 13938 13919
f 13919 13939 13916
f 13921 13914 13920
f 13923 13916 13921
f 13887 13925 13885
f 13885 13924 13889
f 13885 13925 13924
f 13926 13928 13925
f 13925 13928 13929
f 13925 13929 13924
f 13924 13929 13915
f 13356 13926 13887
f 13887 13926 13925
f 13926 13380 13928
f 13889 13906 13868
f 13889 13924 13906
f 13924 13915 13906
f 13928 13930 13929
f 13380 13378 13928
f 13928 13378 13930
f 13929 13917 13915
f 13929 13930 13917
f 13378 13951 13930
f 13930 13936 13917
f 13082 13395 13874
f 13912 13931 13493
f 13913 13932 13931
f 13932 13496 13931
f 13933 13934 13932
f 13914 13933 13932
f 13939 13935 13933
f 13932 13934 13496
f 13933 13935 13934
f 13934 13503 13496
f 13935 13944 13934
f 13934 13944 13503
f 13935 13945 13944
f 13940 13945 13935
f 13917 13936 13937
f 13938 13940 13939
f 13936 13942 13937
f 13937 13943 13938
f 13916 13939 13933
f 13919 13938 13939
f 13918 13937 13938
f 13939 13940 13935
f 13940 13946 13945
f 13938 13943 13940
f 13936 13941 13942
f 13937 13942 13943
f 13941 13948 13942
f 13941 13947 13948
f 13942 13948 13949
f 13943 13946 13940
f 13943 13949 13946
f 13942 13949 13943
f 13945 13506 13944
f 13946 13507 13945
f 13945 13507 13506
f 13946 13950 13507
f 13949 13950 13946
f 13947 13509 13948
f 13948 13510 13949
f 13949 13510 13950
f 13948 13509 13510
f 13930 13951 13936
f 13951 13941 13936
f 13951 13516 13941
f 13516 13947 13941
f 13137 13952 10286
f 13952 13953 10287
f 13954 13953 13952
f 13138 13954 13952
f 13958 13955 13954
f 13954 13955 13953
f 13953 13956 10289
f 13956 13961 10303
f 13955 13956 13953
f 13957 13961 13956
f 13955 13957 13956
f 13959 13957 13955
f 13957 13964 13961
f 13960 13964 13957
f 13960 13971 13964
f 13143 13958 13954
f 13984 13959 13958
f 13958 13959 13955
f 13144 13984 13958
f 13984 13985 13959
f 13959 13960 13957
f 13985 13960 13959
f 13986 13971 13960
f 13964 13962 13961
f 13965 13963 13962
f 13964 13965 13962
f 13965 13966 13963
f 13966 13967 13963
f 13971 13965 13964
f 13972 13966 13965
f 13971 13972 13965
f 13972 13973 13966
f 13973 13969 13966
f 13969 13968 13967
f 13966 13969 13967
f 13969 13970 13968
f 13974 13970 13969
f 13973 13974 13969
f 13974 13987 13970
f 13988 13972 13971
f 13970 13975 13968
f 13970 13976 13975
f 13976 10356 13975
f 13976 13977 10356
f 13987 13976 13970
f 13987 14100 13976
f 14100 13977 13976
f 14100 14101 13977
f 13977 10361 10356
f 13978 10362 10361
f 13977 13978 10361
f 13978 13979 10362
f 13979 10377 10362
f 13979 13980 10377
f 14101 13978 13977
f 14101 14102 13978
f 14102 13979 13978
f 14103 13980 13979
f 13980 10378 10377
f 13980 13981 10378
f 14112 13981 13980
f 13981 10381 10378
f 13981 13982 10381
f 14113 13982 13981
f 13982 13983 10382
f 13983 14641 12152
f 14029 13985 13984
f 13986 13988 13971
f 13985 13986 13960
f 14030 13986 13985
f 14033 13988 13986
f 14033 14041 13988
f 13989 13973 13972
f 13988 13989 13972
f 13990 13974 13973
f 13989 13990 13973
f 14041 13989 13988
f 14042 13990 13989
f 14041 14042 13989
f 14043 13992 13990
f 14042 14043 13990
f 13992 13987 13974
f 13990 13992 13974
f 13992 13991 13987
f 13993 13991 13992
f 14043 13993 13992
f 13993 13994 13991
f 10425 13996 13995
f 13224 13995 13997
f 13995 13996 13998
f 13995 13998 13997
f 13225 13997 14001
f 13997 13998 14002
f 13996 14000 13998
f 13996 13999 14000
f 13999 14011 14000
f 13999 14007 14011
f 13998 14003 14002
f 13998 14000 14003
f 14000 14018 14003
f 14000 14011 14018
f 13997 14002 14001
f 14001 14002 14006
f 14002 14004 14006
f 14002 14003 14004
f 14003 14021 14004
f 14003 14018 14021
f 14004 14021 14088
f 13226 14001 14005
f 14001 14006 14005
f 13231 14005 14064
f 14005 14006 14065
f 14006 14068 14065
f 14006 14004 14068
f 14004 14088 14068
f 14007 14010 14011
f 14007 14008 14010
f 14008 14012 14010
f 14008 14009 14012
f 14009 14016 14012
f 14011 14010 14019
f 14011 14019 14018
f 14010 14020 14019
f 14010 14012 14020
f 14012 14024 14020
f 14009 14013 14016
f 14013 14015 14016
f 14013 14014 14015
f 14012 14016 14024
f 14016 14017 14024
f 14016 14015 14017
f 14018 14019 14022
f 14018 14022 14021
f 14019 14023 14022
f 14019 14020 14023
f 14020 14025 14023
f 14021 14022 14077
f 14021 14077 14088
f 14022 14079 14077
f 14022 14023 14079
f 14023 14027 14079
f 14020 14024 14025
f 14024 14026 14025
f 14024 14017 14026
f 14023 14025 14027
f 14025 14028 14027
f 14025 14026 14028
f 13246 14029 13984
f 14031 14030 14029
f 14029 14030 13985
f 13247 14031 14029
f 14035 14032 14031
f 14031 14032 14030
f 14030 14033 13986
f 14032 14033 14030
f 14034 14041 14033
f 14034 14044 14041
f 14032 14034 14033
f 14036 14034 14032
f 14039 14044 14034
f 14039 14052 14044
f 13252 14035 14031
f 14037 14036 14035
f 14035 14036 14032
f 13253 14037 14035
f 14242 14038 14037
f 14037 14038 14036
f 14036 14039 14034
f 14038 14039 14036
f 14038 14040 14039
f 14040 14052 14039
f 14040 14056 14052
f 14243 14040 14038
f 14243 14247 14040
f 14247 14056 14040
f 14247 14057 14056
f 14045 14043 14042
f 14044 14042 14041
f 14044 14045 14042
f 14046 13993 14043
f 14045 14046 14043
f 14052 14045 14044
f 14053 14046 14045
f 14052 14053 14045
f 14047 14048 14046
f 14053 14047 14046
f 14048 13994 13993
f 14046 14048 13993
f 14048 14049 13994
f 14050 14049 14048
f 14047 14050 14048
f 14050 14051 14049
f 14056 14053 14052
f 14054 14047 14053
f 14056 14054 14053
f 14055 14050 14047
f 14054 14055 14047
f 14057 14054 14056
f 14058 14055 14054
f 14057 14058 14054
f 14058 14059 14055
f 14059 14060 14055
f 14262 14062 14059
f 14055 14060 14050
f 14060 14051 14050
f 14062 14061 14060
f 14060 14061 14051
f 14059 14062 14060
f 14266 14063 14062
f 14062 14063 14061
f 14266 14267 14063
f 14005 14065 14064
f 13272 14064 14066
f 14064 14065 14067
f 14064 14067 14066
f 13273 14066 14074
f 14066 14067 14075
f 14065 14069 14067
f 14065 14068 14069
f 14068 14088 14089
f 14068 14089 14069
f 14067 14076 14075
f 14067 14069 14076
f 14069 14089 14081
f 14069 14081 14076
f 13279 14070 14301
f 14070 14302 14301
f 14070 14071 14302
f 14075 14076 14072
f 14075 14072 14071
f 14076 14081 14090
f 14076 14090 14072
f 14071 14072 14073
f 14071 14073 14302
f 14072 14090 14093
f 14072 14093 14073
f 14066 14075 14074
f 13278 14074 14070
f 14074 14071 14070
f 14074 14075 14071
f 14088 14077 14078
f 14077 14080 14078
f 14077 14079 14080
f 14079 14084 14080
f 14089 14078 14082
f 14089 14082 14081
f 14078 14083 14082
f 14078 14080 14083
f 14080 14086 14083
f 14079 14027 14084
f 14027 14085 14084
f 14027 14028 14085
f 14080 14084 14086
f 14084 14087 14086
f 14084 14085 14087
f 14086 14087 14097
f 14088 14078 14089
f 14081 14082 14091
f 14082 14092 14091
f 14081 14091 14090
f 14082 14083 14092
f 14083 14096 14092
f 14090 14094 14093
f 14090 14091 14094
f 14091 14095 14094
f 14093 14094 14315
f 14091 14092 14095
f 14092 14098 14095
f 14094 14095 14317
f 14083 14086 14096
f 14086 14097 14096
f 14092 14096 14098
f 14096 14097 14099
f 14096 14099 14098
f 14095 14098 14325
f 14098 14326 14325
f 14098 14099 14326
f 14102 14103 13979
f 14103 14112 13980
f 14109 14112 14103
f 13991 14100 13987
f 13991 14104 14100
f 14104 14101 14100
f 14104 14105 14101
f 13994 14104 13991
f 13994 14106 14104
f 14106 14105 14104
f 14106 14107 14105
f 14105 14102 14101
f 14105 14108 14102
f 14108 14103 14102
f 14108 14109 14103
f 14110 14109 14108
f 14109 14116 14112
f 14111 14116 14109
f 14107 14108 14105
f 14107 14110 14108
f 14110 14111 14109
f 14161 14110 14107
f 14164 14111 14110
f 14111 14118 14116
f 14165 14118 14111
f 14112 14113 13981
f 14116 14113 14112
f 14113 14114 13982
f 14117 14114 14113
f 14114 13983 13982
f 14115 14641 13983
f 14115 14644 14641
f 14114 14115 13983
f 14120 14115 14114
f 14120 14121 14115
f 14121 14644 14115
f 14121 14654 14644
f 14116 14117 14113
f 14118 14117 14116
f 14117 14120 14114
f 14119 14120 14117
f 14119 14122 14120
f 14118 14119 14117
f 14180 14119 14118
f 14180 14181 14119
f 14181 14122 14119
f 14181 14123 14122
f 14122 14121 14120
f 14122 14124 14121
f 14124 14654 14121
f 14124 14655 14654
f 14123 14124 14122
f 14123 14125 14124
f 14125 14655 14124
f 14125 14658 14655
f 14014 10494 14126
f 14014 14126 14015
f 10494 10495 14127
f 10494 14127 14126
f 14015 14126 14128
f 14015 14128 14017
f 14126 14127 14129
f 14126 14129 14128
f 10495 10500 14130
f 10495 14130 14127
f 10500 10501 14131
f 10500 14131 14130
f 10501 14142 14131
f 10501 10505 14142
f 14131 14142 14144
f 14127 14130 14133
f 14127 14133 14129
f 14130 14131 14132
f 14130 14132 14133
f 14133 14132 14139
f 14131 14144 14132
f 14132 14144 14150
f 14017 14128 14134
f 14017 14134 14026
f 14128 14129 14135
f 14128 14135 14134
f 14134 14135 14137
f 14026 14134 14136
f 14026 14136 14028
f 14028 14136 14201
f 14134 14137 14136
f 14136 14137 14202
f 14129 14133 14138
f 14129 14138 14135
f 14133 14139 14138
f 14135 14138 14140
f 14138 14139 14141
f 14132 14150 14139
f 14139 14150 14152
f 14135 14140 14137
f 14138 14141 14140
f 14137 14140 14205
f 14140 14141 14206
f 14139 14152 14141
f 14141 14221 14206
f 14141 14152 14221
f 10505 10506 14143
f 10505 14143 14142
f 14142 14143 14145
f 10506 14146 14143
f 14143 14146 14148
f 14142 14145 14144
f 14144 14145 14151
f 14143 14148 14145
f 14145 14148 14154
f 10510 14697 14147
f 10509 14147 14146
f 14146 14147 14149
f 14147 14701 14149
f 14147 14697 14701
f 14146 14149 14148
f 14148 14155 14154
f 14148 14149 14155
f 14149 14710 14155
f 14149 14701 14710
f 14144 14151 14150
f 14150 14153 14152
f 14150 14151 14153
f 14145 14154 14151
f 14151 14157 14153
f 14151 14154 14157
f 14152 14222 14221
f 14152 14153 14222
f 14153 14157 14158
f 14153 14158 14222
f 14154 14155 14156
f 14154 14156 14157
f 14155 14710 14711
f 14155 14711 14156
f 14157 14156 14159
f 14157 14159 14158
f 14156 14714 14159
f 14156 14711 14714
f 14159 14714 14848
f 14049 14106 13994
f 14049 14160 14106
f 14160 14107 14106
f 14160 14161 14107
f 14162 14161 14160
f 14051 14160 14049
f 14051 14162 14160
f 14061 14162 14051
f 14162 14163 14161
f 14168 14163 14162
f 14168 14169 14163
f 14161 14164 14110
f 14164 14165 14111
f 14163 14164 14161
f 14166 14165 14164
f 14166 14167 14165
f 14165 14180 14118
f 14167 14180 14165
f 14167 14183 14180
f 14163 14166 14164
f 14169 14166 14163
f 14169 14174 14166
f 14174 14167 14166
f 14174 14175 14167
f 14175 14183 14167
f 14175 14184 14183
f 14061 14168 14162
f 14063 14168 14061
f 14063 14170 14168
f 14170 14169 14168
f 14170 14172 14169
f 14267 14170 14063
f 14267 14171 14170
f 14171 14172 14170
f 14171 14173 14172
f 14172 14174 14169
f 14176 14175 14174
f 14172 14176 14174
f 14176 14177 14175
f 14177 14184 14175
f 14177 14190 14184
f 14173 14176 14172
f 14173 14178 14176
f 14178 14177 14176
f 14178 14179 14177
f 14460 14179 14178
f 14179 14190 14177
f 14179 14192 14190
f 14461 14192 14179
f 14461 14501 14192
f 14183 14181 14180
f 14183 14182 14181
f 14182 14123 14181
f 14182 14186 14123
f 14184 14182 14183
f 14184 14185 14182
f 14185 14186 14182
f 14185 14188 14186
f 14191 14188 14185
f 14186 14125 14123
f 14186 14187 14125
f 14187 14658 14125
f 14187 14754 14658
f 14189 14754 14187
f 14188 14187 14186
f 14188 14189 14187
f 14195 14189 14188
f 14189 14756 14754
f 14196 14756 14189
f 14196 14766 14756
f 14190 14185 14184
f 14190 14191 14185
f 14192 14191 14190
f 14191 14195 14188
f 14193 14195 14191
f 14193 14198 14195
f 14192 14193 14191
f 14501 14193 14192
f 14501 14194 14193
f 14194 14198 14193
f 14194 14199 14198
f 14195 14196 14189
f 14198 14196 14195
f 14198 14197 14196
f 14197 14766 14196
f 14197 14767 14766
f 14199 14197 14198
f 14199 14200 14197
f 14507 14200 14199
f 14200 14767 14197
f 14200 14770 14767
f 14508 14770 14200
f 14508 15164 14770
f 14028 14201 14085
f 14085 14201 14203
f 14136 14202 14201
f 14201 14202 14204
f 14085 14203 14087
f 14087 14203 14210
f 14201 14204 14203
f 14203 14204 14211
f 14203 14211 14210
f 14137 14205 14202
f 14140 14206 14205
f 14202 14205 14207
f 14202 14207 14204
f 14205 14206 14208
f 14205 14208 14207
f 14206 14221 14224
f 14206 14224 14208
f 14207 14208 14209
f 14204 14207 14216
f 14204 14216 14211
f 14207 14209 14216
f 14208 14224 14225
f 14208 14225 14209
f 14087 14210 14097
f 14097 14210 14213
f 14097 14213 14099
f 14210 14211 14212
f 14210 14212 14213
f 14214 14215 14577
f 14099 14213 14214
f 14099 14214 14326
f 14213 14212 14215
f 14213 14215 14214
f 14211 14216 14217
f 14216 14209 14218
f 14211 14217 14212
f 14216 14218 14217
f 14209 14231 14218
f 14209 14225 14231
f 14218 14231 14233
f 14215 14219 14582
f 14219 14220 14583
f 14220 14588 14583
f 14220 14233 14588
f 14212 14217 14219
f 14212 14219 14215
f 14217 14218 14220
f 14217 14220 14219
f 14218 14233 14220
f 14221 14222 14223
f 14221 14223 14224
f 14222 14158 14227
f 14222 14227 14223
f 14224 14226 14225
f 14224 14223 14226
f 14225 14226 14232
f 14223 14229 14226
f 14223 14227 14229
f 14226 14229 14237
f 14158 14228 14227
f 14158 14159 14228
f 14227 14228 14230
f 14159 14848 14228
f 14228 14848 14854
f 14227 14230 14229
f 14229 14238 14237
f 14229 14230 14238
f 14228 14854 14230
f 14230 14861 14238
f 14230 14854 14861
f 14232 14239 14234
f 14225 14232 14231
f 14231 14232 14234
f 14226 14237 14232
f 14232 14237 14239
f 14231 14234 14233
f 14233 14234 14235
f 14233 14235 14588
f 14234 14239 14240
f 14235 14240 14591
f 14234 14240 14235
f 14237 14238 14236
f 14237 14236 14239
f 14238 14861 14862
f 14238 14862 14236
f 14236 14862 14865
f 14239 14241 14240
f 14239 14236 14241
f 14240 14241 14592
f 14236 14865 14241
f 14241 15352 14592
f 14241 14865 15352
f 13434 14242 14037
f 14244 14243 14242
f 14242 14243 14038
f 14244 14245 14243
f 13435 14244 14242
f 14250 14245 14244
f 13440 14250 14244
f 14250 14246 14245
f 14245 14247 14243
f 14245 14248 14247
f 14248 14057 14247
f 14248 14260 14057
f 14246 14248 14245
f 14246 14249 14248
f 14249 14260 14248
f 14249 14263 14260
f 14255 14263 14249
f 14251 14246 14250
f 13441 14251 14250
f 14251 14252 14246
f 13442 14253 14251
f 14253 14252 14251
f 14335 14254 14253
f 14253 14254 14252
f 14335 14337 14254
f 14252 14249 14246
f 14252 14255 14249
f 14254 14255 14252
f 14254 14256 14255
f 14255 14272 14263
f 14256 14272 14255
f 14256 14274 14272
f 14337 14256 14254
f 14337 14257 14256
f 14257 14274 14256
f 14257 14279 14274
f 14344 14279 14257
f 14344 14385 14279
f 14258 14259 14356
f 14259 14293 14356
f 14259 14290 14293
f 14260 14058 14057
f 14261 14059 14058
f 14260 14261 14058
f 14263 14261 14260
f 14264 14262 14261
f 14261 14262 14059
f 14265 14266 14262
f 14263 14264 14261
f 14272 14264 14263
f 14273 14265 14264
f 14272 14273 14264
f 14264 14265 14262
f 14276 14269 14265
f 14273 14276 14265
f 14262 14266 14062
f 14265 14269 14266
f 14269 14267 14266
f 14269 14268 14267
f 14270 14268 14269
f 14276 14270 14269
f 14283 14271 14270
f 14270 14271 14268
f 14274 14273 14272
f 14275 14276 14273
f 14278 14277 14275
f 14274 14275 14273
f 14275 14277 14276
f 14277 14270 14276
f 14281 14283 14277
f 14279 14275 14274
f 14279 14278 14275
f 14385 14278 14279
f 14280 14281 14278
f 14385 14280 14278
f 14278 14281 14277
f 14282 14286 14281
f 14280 14282 14281
f 14389 14287 14282
f 14277 14283 14270
f 14281 14286 14283
f 14286 14284 14283
f 14283 14284 14271
f 14286 14285 14284
f 14287 14285 14286
f 14282 14287 14286
f 14414 14288 14287
f 14287 14288 14285
f 14414 14289 14288
f 14332 14296 14294
f 14331 14294 14291
f 14290 14292 14293
f 14291 14295 14292
f 14290 14291 14292
f 14291 14294 14295
f 14294 14298 14295
f 14292 14295 14439
f 14333 14297 14296
f 14294 14296 14298
f 14296 14299 14298
f 14295 14298 14450
f 14298 14300 14450
f 14296 14297 14299
f 14298 14299 14300
f 13465 14301 14304
f 14301 14303 14304
f 14301 14302 14303
f 13466 14304 14305
f 14304 14306 14305
f 14304 14303 14306
f 14302 14073 14307
f 14302 14307 14303
f 14073 14316 14307
f 14073 14093 14316
f 14307 14316 14318
f 14306 14308 14313
f 14308 14329 14313
f 14308 14318 14329
f 14303 14308 14306
f 14303 14307 14308
f 14307 14318 14308
f 14305 14310 14309
f 14309 14310 14312
f 13473 14305 14309
f 14305 14306 14310
f 13472 14309 14311
f 14309 14312 14311
f 13474 14311 14454
f 14311 14258 14454
f 14311 14312 14258
f 14306 14313 14310
f 14310 14314 14312
f 14310 14313 14314
f 14313 14329 14330
f 14313 14330 14314
f 14312 14314 14259
f 14312 14259 14258
f 14314 14290 14259
f 14314 14330 14290
f 14093 14315 14316
f 14094 14317 14315
f 14316 14315 14319
f 14315 14321 14319
f 14095 14325 14317
f 14315 14317 14321
f 14317 14323 14321
f 14318 14320 14329
f 14319 14322 14320
f 14318 14319 14320
f 14319 14321 14322
f 14321 14327 14322
f 14316 14319 14318
f 14325 14324 14323
f 14317 14325 14323
f 14325 14326 14324
f 14321 14323 14327
f 14323 14328 14327
f 14322 14327 14333
f 14323 14324 14328
f 14327 14328 14334
f 14320 14332 14331
f 14329 14320 14331
f 14329 14331 14330
f 14330 14331 14291
f 14320 14322 14332
f 14322 14333 14332
f 14331 14332 14294
f 14330 14291 14290
f 14327 14334 14333
f 14332 14333 14296
f 14333 14334 14297
f 13535 14335 14253
f 14336 14337 14335
f 13536 14336 14335
f 14339 14338 14336
f 14336 14338 14337
f 13537 14339 14336
f 14340 14341 14339
f 13564 14340 14339
f 14361 14342 14340
f 14339 14341 14338
f 14340 14342 14341
f 14361 14343 14342
f 14338 14257 14337
f 14338 14344 14257
f 14341 14344 14338
f 14341 14345 14344
f 14345 14385 14344
f 14346 14387 14345
f 14345 14387 14385
f 14346 14391 14387
f 14342 14345 14341
f 14342 14346 14345
f 14343 14346 14342
f 14365 14347 14343
f 14343 14347 14346
f 14365 14348 14347
f 14347 14391 14346
f 14347 14392 14391
f 14348 14392 14347
f 14348 14394 14392
f 14376 14394 14348
f 14376 14395 14394
f 14360 14404 14379
f 14379 14404 14405
f 14360 14443 14404
f 13593 14454 14349
f 14454 14350 14349
f 14349 14351 14355
f 13542 14349 14355
f 14454 14258 14350
f 14349 14350 14351
f 14355 14353 14352
f 13543 14352 14382
f 14352 14354 14382
f 14352 14353 14354
f 13544 14355 14352
f 14355 14351 14353
f 14357 14434 14358
f 14350 14356 14357
f 14258 14356 14350
f 14350 14357 14351
f 14351 14357 14358
f 14356 14438 14357
f 14356 14293 14438
f 14357 14438 14434
f 14351 14358 14353
f 14353 14358 14359
f 14354 14360 14384
f 14354 14359 14360
f 14353 14359 14354
f 14358 14440 14359
f 14358 14434 14440
f 14359 14443 14360
f 14359 14440 14443
f 13565 14361 14340
f 13566 14362 14361
f 14362 14343 14361
f 14363 14365 14362
f 13567 14363 14362
f 13569 14364 14363
f 14364 14366 14363
f 14368 14367 14364
f 14362 14365 14343
f 14363 14366 14365
f 14364 14367 14366
f 14383 14372 14369
f 13570 14368 14364
f 14371 14373 14368
f 13572 14371 14368
f 13571 14370 14371
f 13568 14369 14370
f 14369 14374 14370
f 14370 14375 14371
f 14368 14373 14367
f 14370 14374 14375
f 14371 14375 14373
f 14369 14372 14374
f 14366 14348 14365
f 14367 14376 14366
f 14366 14376 14348
f 14367 14377 14376
f 14373 14377 14367
f 14377 14395 14376
f 14378 14452 14377
f 14377 14452 14395
f 14375 14378 14373
f 14373 14378 14377
f 14384 14379 14372
f 14372 14380 14374
f 14374 14381 14375
f 14384 14360 14379
f 14375 14381 14378
f 14372 14379 14380
f 14374 14380 14381
f 14381 14453 14378
f 14378 14453 14452
f 14379 14405 14380
f 14380 14406 14381
f 14381 14406 14453
f 14380 14405 14406
f 13579 14382 14383
f 14382 14384 14383
f 13580 14383 14369
f 14382 14354 14384
f 14383 14384 14372
f 14387 14280 14385
f 14386 14282 14280
f 14387 14386 14280
f 14391 14386 14387
f 14388 14389 14386
f 14391 14388 14386
f 14393 14390 14388
f 14386 14389 14282
f 14390 14414 14389
f 14388 14390 14389
f 14399 14415 14390
f 14392 14388 14391
f 14394 14393 14392
f 14392 14393 14388
f 14394 14396 14393
f 14396 14399 14393
f 14395 14396 14394
f 14452 14397 14395
f 14395 14397 14396
f 14397 14400 14396
f 14452 14398 14397
f 14398 14401 14397
f 14403 14402 14398
f 14393 14399 14390
f 14396 14400 14399
f 14400 14416 14399
f 14401 14421 14400
f 14397 14401 14400
f 14398 14402 14401
f 14402 14422 14401
f 14410 14423 14402
f 14406 14403 14453
f 14453 14403 14398
f 14409 14410 14403
f 14443 14407 14404
f 14404 14408 14405
f 14405 14409 14406
f 14443 14442 14407
f 14442 14411 14407
f 14404 14407 14408
f 14406 14409 14403
f 14405 14408 14409
f 14407 14412 14408
f 14408 14413 14409
f 14442 14445 14411
f 14445 14426 14411
f 14403 14410 14402
f 14413 14429 14410
f 14407 14411 14412
f 14409 14413 14410
f 14408 14412 14413
f 14411 14427 14412
f 14412 14428 14413
f 14389 14414 14287
f 14390 14415 14414
f 14415 14289 14414
f 14399 14416 14415
f 14416 14417 14415
f 14421 14418 14416
f 14415 14417 14289
f 14416 14418 14417
f 14421 14419 14418
f 14400 14421 14416
f 14401 14422 14421
f 14422 14419 14421
f 14423 14424 14422
f 14429 14425 14423
f 14402 14423 14422
f 14422 14424 14419
f 14423 14425 14424
f 14428 14430 14429
f 14411 14426 14427
f 14445 14451 14426
f 14451 14431 14426
f 14426 14432 14427
f 14427 14433 14428
f 14410 14429 14423
f 14413 14428 14429
f 14412 14427 14428
f 14429 14430 14425
f 14426 14431 14432
f 14451 14420 14431
f 14428 14433 14430
f 14427 14432 14433
f 14438 14435 14434
f 14438 14437 14435
f 14437 14436 14435
f 14434 14435 14441
f 14437 14439 14436
f 14439 14446 14436
f 14436 14447 14444
f 14435 14436 14444
f 14293 14437 14438
f 14292 14439 14437
f 14293 14292 14437
f 14295 14450 14439
f 14440 14442 14443
f 14441 14445 14442
f 14440 14441 14442
f 14434 14441 14440
f 14435 14444 14441
f 14441 14444 14445
f 14444 14451 14445
f 14439 14450 14446
f 14450 14448 14446
f 14446 14449 14447
f 14447 14420 14451
f 14436 14446 14447
f 14450 14300 14448
f 14446 14448 14449
f 14447 14449 14420
f 14444 14447 14451
f 14453 14398 14452
f 14268 14171 14267
f 14268 14455 14171
f 14455 14173 14171
f 14455 14456 14173
f 14457 14456 14455
f 14271 14455 14268
f 14271 14457 14455
f 14284 14457 14271
f 14284 14466 14457
f 14457 14458 14456
f 14466 14458 14457
f 14466 14459 14458
f 14456 14178 14173
f 14456 14460 14178
f 14460 14461 14179
f 14458 14460 14456
f 14458 14462 14460
f 14462 14461 14460
f 14462 14463 14461
f 14463 14501 14461
f 14463 14502 14501
f 14459 14462 14458
f 14464 14463 14462
f 14464 14465 14463
f 14459 14464 14462
f 14468 14464 14459
f 14474 14465 14464
f 14465 14502 14463
f 14465 14504 14502
f 14475 14504 14465
f 14475 14523 14504
f 14581 14586 14491
f 14586 14587 14492
f 14587 14515 14492
f 14587 14514 14515
f 14285 14466 14284
f 14288 14467 14285
f 14285 14467 14466
f 14467 14459 14466
f 14467 14468 14459
f 14470 14468 14467
f 14470 14469 14468
f 14288 14470 14467
f 14289 14470 14288
f 14289 14471 14470
f 14417 14471 14289
f 14417 14593 14471
f 14471 14469 14470
f 14471 14472 14469
f 14593 14472 14471
f 14593 14473 14472
f 14476 14475 14474
f 14468 14474 14464
f 14474 14475 14465
f 14469 14474 14468
f 14469 14476 14474
f 14476 14477 14475
f 14478 14477 14476
f 14477 14523 14475
f 14477 14524 14523
f 14479 14524 14477
f 14479 14525 14524
f 14472 14476 14469
f 14472 14478 14476
f 14478 14479 14477
f 14480 14479 14478
f 14480 14481 14479
f 14473 14478 14472
f 14473 14480 14478
f 14597 14480 14473
f 14597 14612 14480
f 14612 14481 14480
f 14612 14482 14481
f 14481 14525 14479
f 14481 14528 14525
f 14482 14528 14481
f 14614 14529 14482
f 14482 14529 14528
f 14614 14530 14529
f 14334 14579 14483
f 14334 14483 14297
f 14297 14483 14489
f 14579 14581 14484
f 14579 14484 14483
f 14483 14485 14489
f 14483 14484 14485
f 14300 14490 14486
f 14490 14487 14488
f 14486 14488 14630
f 14490 14488 14486
f 14299 14489 14490
f 14297 14489 14299
f 14299 14490 14300
f 14489 14485 14487
f 14489 14487 14490
f 14581 14491 14484
f 14484 14491 14493
f 14586 14492 14491
f 14491 14492 14494
f 14484 14493 14485
f 14485 14493 14495
f 14491 14494 14493
f 14493 14494 14496
f 14492 14563 14494
f 14492 14515 14563
f 14494 14561 14496
f 14494 14563 14561
f 14487 14495 14499
f 14495 14500 14499
f 14495 14496 14500
f 14488 14497 14630
f 14499 14500 14498
f 14499 14498 14497
f 14487 14499 14488
f 14488 14499 14497
f 14500 14565 14566
f 14496 14565 14500
f 14496 14561 14565
f 14500 14566 14498
f 14498 14535 14621
f 14498 14566 14535
f 14485 14495 14487
f 14493 14496 14495
f 14502 14194 14501
f 14502 14503 14194
f 14504 14503 14502
f 14503 14199 14194
f 14503 14507 14199
f 14505 14507 14503
f 14505 14510 14507
f 14504 14505 14503
f 14523 14505 14504
f 14523 14506 14505
f 14506 14510 14505
f 14506 14511 14510
f 14526 14511 14506
f 14507 14508 14200
f 14510 14508 14507
f 14510 14509 14508
f 14509 15164 14508
f 14512 15166 14509
f 14509 15166 15164
f 14511 14509 14510
f 14511 14512 14509
f 14538 14512 14511
f 14538 14513 14512
f 14512 15169 15166
f 14541 15172 14513
f 14513 15169 14512
f 14513 15172 15169
f 14514 14516 14517
f 14515 14517 14564
f 14514 14517 14515
f 14516 14520 14517
f 14516 14518 14520
f 14517 14520 14573
f 14592 15188 14519
f 14519 15188 15193
f 14518 14521 14520
f 14518 14519 14521
f 14520 14522 14573
f 14520 14521 14522
f 14521 15193 15195
f 14519 15193 14521
f 14521 15195 14522
f 14522 15195 15257
f 14524 14526 14506
f 14524 14506 14523
f 14525 14526 14524
f 14525 14527 14526
f 14527 14538 14526
f 14527 14539 14538
f 14526 14538 14511
f 14531 14539 14527
f 14531 14540 14539
f 14528 14527 14525
f 14529 14531 14528
f 14528 14531 14527
f 14529 14532 14531
f 14530 14532 14529
f 14631 14533 14530
f 14530 14533 14532
f 14631 14534 14533
f 14532 14540 14531
f 14532 14543 14540
f 14533 14543 14532
f 14534 14544 14533
f 14633 14545 14534
f 14638 14546 14633
f 14533 14544 14543
f 14534 14545 14544
f 14633 14546 14545
f 14535 14537 14636
f 14535 14536 14537
f 14640 14552 14638
f 14638 14552 14546
f 14536 14553 14537
f 14537 14554 14639
f 14639 14555 14640
f 14536 14551 14553
f 14537 14553 14554
f 14639 14554 14555
f 14640 14555 14552
f 14539 14513 14538
f 14539 14541 14513
f 14540 14541 14539
f 14543 14542 14540
f 14540 14542 14541
f 14542 15207 14541
f 14541 15207 15172
f 14542 15209 15207
f 14547 15209 14542
f 14547 15210 15209
f 14543 14547 14542
f 14544 14547 14543
f 14544 14548 14547
f 14545 14548 14544
f 14546 14549 14545
f 14552 14550 14546
f 14545 14549 14548
f 14546 14550 14549
f 14548 15210 14547
f 14549 15224 14548
f 14550 15225 14549
f 14548 15224 15210
f 14549 15225 15224
f 14550 15226 15225
f 14558 15226 14550
f 14574 14557 14551
f 14551 14557 14556
f 14555 14558 14552
f 14552 14558 14550
f 14555 14560 14558
f 14551 14556 14553
f 14553 14559 14554
f 14554 14560 14555
f 14553 14556 14559
f 14554 14559 14560
f 14558 15229 15226
f 14560 15234 15229
f 14575 15231 14557
f 14557 15232 14556
f 14556 15233 14559
f 14557 15231 15232
f 14556 15232 15233
f 14559 15233 15234
f 14560 15229 14558
f 14559 15234 14560
f 14561 14562 14568
f 14564 14569 14562
f 14562 14570 14568
f 14562 14569 14570
f 14515 14564 14563
f 14563 14564 14562
f 14563 14562 14561
f 14517 14573 14564
f 14564 14573 14569
f 14565 14567 14566
f 14565 14568 14567
f 14561 14568 14565
f 14566 14536 14535
f 14566 14567 14536
f 14568 14574 14567
f 14568 14570 14574
f 14567 14574 14551
f 14567 14551 14536
f 14573 14571 14569
f 14569 14571 14572
f 14570 14572 14575
f 14569 14572 14570
f 14522 15257 14571
f 14571 15255 14572
f 14571 15257 15255
f 14572 15258 14575
f 14572 15255 15258
f 14575 15258 15231
f 14573 14522 14571
f 14570 14575 14574
f 14574 14575 14557
f 14326 14214 14576
f 14326 14576 14324
f 14324 14576 14578
f 14214 14577 14576
f 14576 14577 14580
f 14324 14578 14328
f 14328 14578 14579
f 14328 14579 14334
f 14578 14580 14581
f 14576 14580 14578
f 14578 14581 14579
f 14215 14582 14577
f 14219 14583 14582
f 14582 14583 14584
f 14582 14584 14585
f 14577 14582 14585
f 14577 14585 14580
f 14583 14588 14589
f 14583 14589 14584
f 14580 14586 14581
f 14580 14585 14586
f 14585 14584 14587
f 14585 14587 14586
f 14584 14514 14587
f 14584 14589 14514
f 14588 14590 14589
f 14588 14235 14590
f 14589 14590 14516
f 14235 14591 14590
f 14590 14518 14516
f 14590 14591 14518
f 14589 14516 14514
f 14240 14592 14591
f 14591 14592 14519
f 14591 14519 14518
f 14592 15352 15188
f 14418 14593 14417
f 14418 14594 14593
f 14419 14594 14418
f 14419 14595 14594
f 14424 14595 14419
f 14424 14596 14595
f 14594 14473 14593
f 14594 14597 14473
f 14595 14597 14594
f 14595 14598 14597
f 14596 14598 14595
f 14596 14599 14598
f 14610 14599 14596
f 14610 14600 14599
f 14611 14600 14610
f 14431 14602 14603
f 14420 14602 14431
f 14420 14601 14602
f 14611 14606 14600
f 14604 14606 14611
f 14602 14607 14608
f 14601 14607 14602
f 14601 14605 14607
f 14602 14608 14603
f 14603 14609 14604
f 14604 14609 14606
f 14603 14608 14609
f 14425 14596 14424
f 14425 14610 14596
f 14430 14610 14425
f 14430 14611 14610
f 14433 14611 14430
f 14431 14603 14432
f 14432 14604 14433
f 14433 14604 14611
f 14432 14603 14604
f 14598 14612 14597
f 14613 14482 14612
f 14598 14613 14612
f 14599 14613 14598
f 14599 14616 14613
f 14613 14614 14482
f 14616 14614 14613
f 14616 14615 14614
f 14600 14616 14599
f 14600 14617 14616
f 14606 14617 14600
f 14617 14615 14616
f 14617 14618 14615
f 14625 14618 14617
f 14615 14530 14614
f 14618 14631 14615
f 14626 14632 14618
f 14615 14631 14530
f 14618 14632 14631
f 14605 14619 14607
f 14605 14620 14619
f 14619 14622 14623
f 14620 14622 14619
f 14620 14621 14622
f 14606 14625 14617
f 14609 14625 14606
f 14625 14626 14618
f 14628 14626 14625
f 14607 14619 14627
f 14607 14627 14608
f 14609 14628 14625
f 14608 14627 14628
f 14608 14628 14609
f 14619 14623 14627
f 14627 14624 14628
f 14628 14624 14626
f 14627 14623 14624
f 14624 14634 14626
f 14626 14634 14632
f 14621 14636 14622
f 14622 14635 14623
f 14623 14637 14624
f 14622 14636 14635
f 14621 14535 14636
f 14624 14637 14634
f 14623 14635 14637
f 14448 14629 14449
f 14448 14486 14629
f 14300 14486 14448
f 14449 14601 14420
f 14449 14629 14601
f 14486 14630 14629
f 14629 14605 14601
f 14629 14630 14605
f 14630 14497 14620
f 14630 14620 14605
f 14497 14621 14620
f 14497 14498 14621
f 14632 14534 14631
f 14634 14633 14632
f 14632 14633 14534
f 14637 14638 14634
f 14634 14638 14633
f 14636 14639 14635
f 14635 14640 14637
f 14636 14537 14639
f 14637 14640 14638
f 14635 14639 14640
f 14641 14642 12151
f 14644 14642 14641
f 14644 14645 14642
f 14645 14643 14642
f 14645 14647 14643
f 14654 14645 14644
f 14654 14646 14645
f 14646 14647 14645
f 14646 14648 14647
f 14647 14649 14643
f 14647 14650 14649
f 14650 12304 14649
f 14651 12316 12304
f 14650 14651 12304
f 14648 14650 14647
f 14648 14652 14650
f 14652 14651 14650
f 14652 14653 14651
f 14653 14666 14651
f 14661 14653 14652
f 14662 14669 14653
f 14655 14646 14654
f 14655 14656 14646
f 14656 14648 14646
f 14656 14657 14648
f 14658 14656 14655
f 14658 14659 14656
f 14754 14659 14658
f 14659 14657 14656
f 14659 14660 14657
f 14753 14660 14659
f 14657 14652 14648
f 14657 14661 14652
f 14660 14661 14657
f 14661 14662 14653
f 14663 14662 14661
f 14663 14664 14662
f 14664 14680 14662
f 14660 14663 14661
f 14755 14663 14660
f 14755 14761 14663
f 14665 14685 14664
f 14761 14664 14663
f 14761 14665 14664
f 14651 14666 12316
f 14666 12317 12316
f 14669 14667 14666
f 14667 12318 12317
f 14666 14667 12317
f 14668 14672 12321
f 14667 14668 12318
f 14670 14668 14667
f 14671 14672 14668
f 14671 14675 14672
f 14653 14669 14666
f 14680 14670 14669
f 14669 14670 14667
f 14670 14671 14668
f 14681 14671 14670
f 14680 14681 14670
f 14682 14675 14671
f 14682 14677 14675
f 14681 14682 14671
f 14675 12322 14672
f 14675 14673 12322
f 14673 12323 12322
f 14673 14674 12323
f 14678 12584 14674
f 14676 14674 14673
f 14676 14678 14674
f 14677 14673 14675
f 14677 14676 14673
f 14679 14897 14678
f 14689 14678 14676
f 14689 14679 14678
f 14692 14900 14679
f 14662 14680 14669
f 14664 14685 14680
f 14685 14681 14680
f 14683 14682 14681
f 14684 14677 14682
f 14684 14690 14677
f 14685 14683 14681
f 14683 14684 14682
f 14686 14683 14685
f 14665 14686 14685
f 14687 14684 14683
f 14688 14690 14684
f 14688 14693 14690
f 14687 14688 14684
f 14686 14687 14683
f 14784 14688 14687
f 14785 14693 14688
f 14785 14792 14693
f 14690 14676 14677
f 14690 14689 14676
f 14693 14689 14690
f 14693 14691 14689
f 14691 14679 14689
f 14691 14692 14679
f 14694 14692 14691
f 14695 14901 14692
f 14792 14691 14693
f 14792 14694 14691
f 14694 14695 14692
f 14696 14940 14695
f 14793 14695 14694
f 14793 14696 14695
f 14796 14944 14696
f 12327 14698 14697
f 14697 14702 14701
f 14697 14698 14702
f 14698 14699 14700
f 14698 14700 14702
f 14701 14702 14703
f 14701 14703 14710
f 14702 14700 14704
f 14702 14704 14703
f 14699 14705 14706
f 14699 14706 14700
f 14705 12334 14707
f 12334 14722 14707
f 14705 14707 14706
f 14700 14706 14708
f 14700 14708 14704
f 14706 14707 14709
f 14706 14709 14708
f 14707 14725 14709
f 14708 14709 14718
f 14710 14703 14712
f 14710 14712 14711
f 14703 14713 14712
f 14703 14704 14713
f 14712 14713 14716
f 14711 14715 14714
f 14711 14712 14715
f 14714 14715 14849
f 14712 14716 14715
f 14715 14716 14850
f 14704 14708 14717
f 14704 14717 14713
f 14713 14717 14719
f 14708 14718 14717
f 14709 14736 14718
f 14717 14718 14720
f 14717 14720 14719
f 14718 14741 14720
f 14713 14719 14716
f 14716 14719 14856
f 14716 14856 14850
f 14719 14720 14721
f 14719 14721 14856
f 14720 14742 14721
f 12334 12342 14722
f 12342 12344 14723
f 12344 14724 14723
f 12344 12345 14724
f 12345 14728 14724
f 12342 14723 14722
f 14707 14722 14725
f 14722 14723 14726
f 14724 14728 14734
f 14723 14724 14727
f 14722 14726 14725
f 14709 14725 14736
f 14725 14737 14736
f 14723 14727 14726
f 14724 14734 14727
f 14727 14734 14735
f 14725 14726 14737
f 14726 14738 14737
f 14726 14727 14738
f 14727 14735 14738
f 14728 12353 14729
f 12353 14730 14729
f 14729 14730 14732
f 14730 15017 14732
f 14728 14729 14734
f 14729 14732 14731
f 14731 14732 14733
f 14732 15020 14733
f 14731 14733 14745
f 14734 14731 14735
f 14734 14729 14731
f 14735 14731 14745
f 14718 14736 14741
f 14736 14739 14741
f 14736 14737 14739
f 14738 14735 14748
f 14737 14738 14740
f 14737 14740 14739
f 14738 14748 14740
f 14740 14748 14752
f 14744 14752 14885
f 14720 14741 14742
f 14741 14743 14742
f 14741 14739 14743
f 14739 14744 14743
f 14739 14740 14744
f 14740 14752 14744
f 14742 14743 14877
f 14743 14744 14878
f 14748 14746 14752
f 14748 14745 14746
f 14745 14733 14747
f 14745 14747 14746
f 14733 15021 14747
f 14746 14747 14750
f 14747 15035 14750
f 14735 14745 14748
f 14752 14746 14749
f 14752 14749 14885
f 14885 14749 14886
f 14750 15037 14751
f 14746 14750 14749
f 14749 14750 14751
f 14751 15039 14889
f 14749 14751 14886
f 14754 14753 14659
f 14756 14753 14754
f 14756 14757 14753
f 14753 14755 14660
f 14757 14755 14753
f 14757 14759 14755
f 14766 14757 14756
f 14766 14758 14757
f 14758 14759 14757
f 14758 14760 14759
f 14759 14761 14755
f 14759 14762 14761
f 14762 14665 14761
f 14763 14686 14665
f 14762 14763 14665
f 14765 14783 14763
f 14760 14762 14759
f 14760 14764 14762
f 14769 14764 14760
f 14764 14763 14762
f 14764 14765 14763
f 14775 14765 14764
f 14775 14777 14765
f 14777 14786 14765
f 14767 14758 14766
f 14767 14768 14758
f 14770 14768 14767
f 14768 14760 14758
f 14768 14769 14760
f 14771 14769 14768
f 14771 14773 14769
f 14770 14771 14768
f 15164 14771 14770
f 15164 14772 14771
f 14772 14773 14771
f 14772 14774 14773
f 14769 14775 14764
f 14773 14775 14769
f 14773 14776 14775
f 14776 14777 14775
f 14778 14787 14777
f 14776 14778 14777
f 14780 14804 14778
f 14774 14776 14773
f 14774 14779 14776
f 15167 14779 14774
f 15167 15176 14779
f 14779 14778 14776
f 14779 14780 14778
f 14781 14808 14780
f 15176 14780 14779
f 15176 14781 14780
f 14867 14869 15189
f 14869 14874 15197
f 14869 15197 15189
f 14874 14875 14782
f 14874 14782 15197
f 14875 14832 14782
f 14763 14783 14686
f 14783 14687 14686
f 14786 14784 14783
f 14783 14784 14687
f 14784 14785 14688
f 14788 14785 14784
f 14786 14788 14784
f 14789 14792 14785
f 14789 14794 14792
f 14788 14789 14785
f 14765 14786 14783
f 14787 14788 14786
f 14777 14787 14786
f 14790 14789 14788
f 14791 14794 14789
f 14791 14798 14794
f 14787 14790 14788
f 14805 14791 14790
f 14790 14791 14789
f 14806 14798 14791
f 14806 14813 14798
f 14794 14694 14792
f 14794 14793 14694
f 14798 14793 14794
f 14798 14795 14793
f 14795 14696 14793
f 14795 14796 14696
f 14797 14946 14796
f 14799 14796 14795
f 14799 14797 14796
f 14800 15040 14797
f 14813 14795 14798
f 14813 14799 14795
f 14817 15042 14800
f 14814 14797 14799
f 14814 14800 14797
f 14818 15046 14817
f 14891 14801 14802
f 14801 15102 14802
f 14802 15109 14803
f 14891 14802 14837
f 14837 14802 14803
f 14778 14804 14787
f 14804 14790 14787
f 14808 14805 14804
f 14804 14805 14790
f 14805 14806 14791
f 14807 14813 14806
f 14810 14806 14805
f 14808 14810 14805
f 14807 14815 14813
f 14810 14807 14806
f 14780 14808 14804
f 14809 14810 14808
f 14781 14809 14808
f 15263 14811 14809
f 14811 14807 14810
f 14809 14811 14810
f 14812 14815 14807
f 14812 14820 14815
f 14811 14812 14807
f 15265 14812 14811
f 15263 15265 14811
f 15266 14820 14812
f 15266 14822 14820
f 15265 15266 14812
f 14815 14799 14813
f 14815 14814 14799
f 14820 14814 14815
f 14820 14816 14814
f 14816 14800 14814
f 14816 14817 14800
f 14819 15048 14818
f 14821 14817 14816
f 14821 14818 14817
f 14823 14819 14818
f 14825 15120 14819
f 14822 14816 14820
f 14822 14821 14816
f 15285 14821 14822
f 15285 14823 14821
f 15287 14824 14823
f 14823 14818 14821
f 14824 14819 14823
f 14824 14825 14819
f 14826 15123 14825
f 14827 15138 14826
f 15286 14826 14825
f 15286 14825 14824
f 15289 14827 14826
f 15292 15139 14827
f 15293 15140 15292
f 15302 15152 15299
f 14828 15150 15302
f 14830 14838 14846
f 14875 14831 14832
f 14831 14835 14832
f 14832 15321 15319
f 14782 14832 15319
f 14833 14846 14847
f 14831 14829 14835
f 14829 14833 14835
f 14830 14846 14833
f 14829 14830 14833
f 14835 14834 15321
f 14833 14847 14834
f 14834 14847 15331
f 14832 14835 15321
f 14835 14833 14834
f 14840 15161 14836
f 14836 15162 14843
f 14895 14837 14838
f 14838 14837 14839
f 14846 14839 14845
f 14838 14839 14846
f 14839 14803 14840
f 14803 15110 14840
f 14837 14803 14839
f 14839 14840 14845
f 14845 14840 14836
f 15331 14841 14842
f 14843 15163 14844
f 14841 14836 14843
f 14845 14836 14841
f 14842 14843 14844
f 15329 14844 14828
f 14842 14844 15329
f 14844 15149 14828
f 14841 14843 14842
f 14846 14845 14847
f 14847 14845 14841
f 14847 14841 15331
f 14714 14849 14848
f 14848 14855 14854
f 14848 14849 14855
f 14715 14850 14849
f 14849 14850 14851
f 14849 14851 14855
f 14852 14853 14864
f 14854 14855 14852
f 14854 14852 14861
f 14855 14851 14853
f 14855 14853 14852
f 14857 14858 14860
f 14850 14856 14857
f 14850 14857 14851
f 14856 14721 14858
f 14721 14876 14858
f 14856 14858 14857
f 14851 14859 14853
f 14853 14859 14870
f 14857 14860 14859
f 14858 14879 14860
f 14859 14860 14872
f 14859 14872 14870
f 14860 14880 14872
f 14851 14857 14859
f 14861 14863 14862
f 14861 14852 14863
f 14862 14863 14866
f 14852 14864 14863
f 14863 14868 14866
f 14863 14864 14868
f 14865 14866 14867
f 14862 14866 14865
f 14865 14867 15352
f 14866 14868 14869
f 14866 14869 14867
f 14853 14870 14864
f 14864 14870 14871
f 14864 14871 14868
f 14872 14892 14873
f 14870 14872 14873
f 14870 14873 14871
f 14871 14873 14875
f 14868 14871 14874
f 14868 14874 14869
f 14871 14875 14874
f 14873 14831 14875
f 14858 14876 14879
f 14876 14881 14879
f 14743 14878 14877
f 14744 14885 14878
f 14878 14885 14888
f 14876 14877 14881
f 14877 14882 14881
f 14877 14878 14882
f 14878 14888 14882
f 14721 14742 14876
f 14742 14877 14876
f 14860 14879 14880
f 14879 14884 14880
f 14879 14881 14884
f 14882 14888 14890
f 14881 14882 14883
f 14882 14890 14883
f 14883 14890 14895
f 14884 14883 14894
f 14881 14883 14884
f 14885 14886 14888
f 14888 14887 14890
f 14888 14886 14887
f 14886 14751 14889
f 14886 14889 14887
f 14887 14889 14801
f 14889 15099 14801
f 14890 14887 14891
f 14890 14891 14895
f 14895 14891 14837
f 14887 14801 14891
f 14872 14880 14892
f 14880 14893 14892
f 14873 14892 14831
f 14892 14829 14831
f 14880 14884 14893
f 14884 14894 14893
f 14883 14895 14894
f 14894 14895 14838
f 14892 14893 14829
f 14893 14830 14829
f 14893 14894 14830
f 14894 14838 14830
f 14897 12585 12584
f 14897 14896 12585
f 14678 14897 12584
f 14900 14896 14897
f 14900 14898 14896
f 14898 12587 14896
f 14898 14899 12587
f 14902 14899 14898
f 14903 14905 14899
f 14679 14900 14897
f 14901 14898 14900
f 14901 14902 14898
f 14692 14901 14900
f 14902 14903 14899
f 14904 14907 14903
f 14939 14903 14902
f 14939 14904 14903
f 14942 14915 14904
f 14899 14905 12596
f 14907 12598 14905
f 14907 14906 12598
f 14908 14909 14906
f 14903 14907 14905
f 14915 14906 14907
f 14915 14908 14906
f 14912 12602 14909
f 14912 14910 12602
f 14919 12600 14913
f 14923 12604 12603
f 14908 14912 14909
f 14918 14910 14912
f 14918 14913 14910
f 14953 14911 12604
f 14923 12603 14919
f 14904 14915 14907
f 14916 14908 14915
f 14917 14912 14908
f 14916 14917 14908
f 14942 14916 14915
f 14950 14917 14916
f 14951 14918 14917
f 14917 14918 14912
f 14922 14913 14918
f 14922 14919 14913
f 14953 12604 14923
f 14959 14914 14911
f 14951 14922 14918
f 14954 14919 14922
f 14954 14923 14919
f 14974 14920 14914
f 14959 14911 14953
f 14975 14921 14920
f 14936 12608 12609
f 14929 12607 14930
f 14937 12609 14927
f 14936 12609 14937
f 15030 14929 14930
f 15030 14930 14935
f 14930 12608 14936
f 14990 14927 14928
f 14985 14928 14931
f 14995 14931 14932
f 14990 14928 14985
f 15032 14934 14987
f 14934 14938 14987
f 14937 14927 14990
f 14935 14930 14936
f 14934 14935 14938
f 14935 14936 14938
f 14938 14936 14937
f 14938 14937 14991
f 14940 14902 14901
f 14940 14939 14902
f 14695 14940 14901
f 14944 14939 14940
f 14944 14941 14939
f 14941 14904 14939
f 14941 14942 14904
f 14943 14916 14942
f 14945 14942 14941
f 14945 14943 14942
f 14948 14950 14943
f 14696 14944 14940
f 14946 14941 14944
f 14946 14945 14941
f 14796 14946 14944
f 15040 14945 14946
f 15040 14947 14945
f 14947 14943 14945
f 14947 14948 14943
f 14949 14967 14948
f 15041 14949 14948
f 15041 14948 14947
f 15044 14968 14949
f 14943 14950 14916
f 14950 14951 14917
f 14952 14922 14951
f 14967 14951 14950
f 14948 14967 14950
f 14967 14952 14951
f 14969 14954 14952
f 14958 14953 14923
f 14952 14954 14922
f 14958 14923 14954
f 14974 14914 14959
f 14977 14924 14921
f 14969 14958 14954
f 14973 14959 14953
f 14973 14953 14958
f 14975 14920 14974
f 14979 14925 14924
f 14977 14921 14975
f 15058 14955 14925
f 15060 14956 14955
f 14980 14926 14966
f 15066 14966 14963
f 14968 14952 14967
f 14949 14968 14967
f 14968 14969 14952
f 14970 14958 14969
f 14971 14970 14969
f 14971 14969 14968
f 15044 14971 14968
f 15053 14970 14971
f 14972 14973 14970
f 15053 14972 14970
f 15054 14976 14972
f 14970 14973 14958
f 14976 14974 14959
f 14976 14959 14973
f 14978 14975 14974
f 14979 14924 14977
f 15062 14957 14956
f 15063 14960 14957
f 15068 14961 14960
f 15058 14925 14979
f 14972 14976 14973
f 14978 14974 14976
f 15054 14978 14976
f 15059 14977 14975
f 15059 14975 14978
f 15060 14955 15058
f 15062 14956 15060
f 15063 14957 15062
f 15068 14960 15063
f 15071 14965 14961
f 15067 14963 14964
f 15069 14964 14962
f 15070 14962 14965
f 14980 14966 15066
f 15071 14961 15068
f 15067 14964 15069
f 15069 14962 15070
f 15070 14965 15071
f 15066 14963 15067
f 15036 14986 14981
f 15039 15038 14982
f 15038 14981 14983
f 14981 14988 14983
f 15038 14983 14982
f 14982 14983 14984
f 14983 14999 14984
f 14994 14932 14933
f 14996 14933 14926
f 14985 14931 14995
f 14995 14932 14994
f 14994 14933 14996
f 15003 14985 14995
f 15032 14987 14986
f 14986 14987 14989
f 14987 14991 14989
f 14989 14992 15000
f 14986 14989 14988
f 14981 14986 14988
f 14988 14989 15000
f 14991 14937 14990
f 14991 14990 14992
f 14987 14938 14991
f 14992 14990 14985
f 14989 14991 14992
f 15000 14992 15003
f 14992 14985 15003
f 15001 14997 14993
f 14996 14926 14980
f 15003 14995 14997
f 14997 14995 14994
f 15001 15003 14997
f 14998 14994 14996
f 15116 14996 14980
f 14998 14996 15116
f 14997 14994 14998
f 14993 14997 14998
f 14988 15000 14999
f 15000 15003 15001
f 14999 15000 15001
f 14983 14988 14999
f 14999 15001 15002
f 14984 14999 15002
f 15002 15001 14993
f 14921 12667 12666
f 14920 12654 14914
f 14924 12668 12667
f 14921 12666 14920
f 14925 15004 12668
f 14924 12667 14921
f 14955 15005 15004
f 14956 15006 15005
f 14933 12669 15012
f 14966 15013 15011
f 14926 15012 15013
f 14925 12668 14924
f 14957 15007 15006
f 14960 15008 15007
f 14961 15009 15008
f 14955 15004 14925
f 14956 15005 14955
f 14957 15006 14956
f 14960 15007 14957
f 14961 15008 14960
f 14962 15014 15015
f 14965 15015 15009
f 14964 15010 15014
f 14963 15011 15010
f 14933 15012 14926
f 14926 15013 14966
f 14966 15011 14963
f 14963 15010 14964
f 14965 15009 14961
f 14964 15014 14962
f 14962 15015 14965
f 14932 12674 12669
f 14928 12673 14931
f 14927 12671 14928
f 14931 12674 14932
f 14932 12669 14933
f 14730 12691 15017
f 12691 15016 15017
f 14732 15017 15020
f 15017 15016 15018
f 15017 15018 15020
f 15016 12694 15019
f 12694 15025 15019
f 15019 15027 15023
f 15016 15019 15018
f 15018 15019 15023
f 15020 15018 15022
f 14733 15020 15021
f 15020 15022 15021
f 15021 15022 15033
f 15022 15023 15024
f 15023 15031 15024
f 15018 15023 15022
f 15022 15024 15033
f 15024 15032 15036
f 15019 15025 15027
f 15025 15026 15027
f 15025 12703 15026
f 12703 15029 15026
f 15027 15028 15031
f 15026 15030 15028
f 15027 15026 15028
f 15026 15029 15030
f 15029 14929 15030
f 15028 15030 14935
f 15023 15027 15031
f 15028 14935 14934
f 15031 15028 14934
f 15024 15031 15032
f 15031 14934 15032
f 14747 15021 15035
f 15021 15033 15035
f 15035 15033 15034
f 15035 15034 15037
f 14750 15035 15037
f 15033 15024 15036
f 15033 15036 15034
f 15034 15036 14981
f 15037 15034 15038
f 15037 15038 15039
f 14751 15037 15039
f 15034 14981 15038
f 15036 15032 14986
f 14797 15040 14946
f 15042 15041 14947
f 15042 14947 15040
f 14800 15042 15040
f 15046 15041 15042
f 15046 15043 15041
f 15043 14949 15041
f 15043 15044 14949
f 15045 14971 15044
f 15047 15044 15043
f 15047 15045 15044
f 15050 15053 15045
f 14817 15046 15042
f 15048 15043 15046
f 15048 15047 15043
f 14818 15048 15046
f 15120 15047 15048
f 15120 15049 15047
f 15049 15045 15047
f 15049 15050 15045
f 15051 15055 15050
f 15121 15050 15049
f 15121 15051 15050
f 15122 15052 15051
f 15052 15074 15051
f 15126 15075 15052
f 15108 15092 15133
f 15045 15053 14971
f 15055 14972 15053
f 15055 15054 14972
f 15056 14978 15054
f 15074 15054 15055
f 15050 15055 15053
f 15074 15056 15054
f 15057 15059 15056
f 15075 15057 15056
f 15076 15061 15057
f 15061 14979 14977
f 15061 14977 15059
f 15056 15059 14978
f 15064 15058 14979
f 15064 14979 15061
f 15057 15061 15059
f 15065 15060 15058
f 15065 15058 15064
f 15083 15062 15060
f 15076 15064 15061
f 15083 15060 15065
f 15084 15063 15062
f 15084 15062 15083
f 15094 15068 15063
f 15114 15073 15086
f 15117 14980 15066
f 15073 15066 15067
f 15117 15066 15073
f 15072 15067 15069
f 15095 15069 15070
f 15096 15070 15071
f 15097 15071 15068
f 15072 15069 15095
f 15095 15070 15096
f 15096 15071 15097
f 15073 15067 15072
f 15114 15117 15073
f 15086 15073 15072
f 15051 15074 15055
f 15075 15056 15074
f 15052 15075 15074
f 15079 15057 15075
f 15079 15076 15057
f 15077 15064 15076
f 15078 15065 15077
f 15080 15077 15076
f 15082 15083 15078
f 15089 15084 15082
f 15126 15079 15075
f 15080 15076 15079
f 15081 15077 15080
f 15127 15080 15079
f 15155 15078 15081
f 15156 15082 15155
f 15081 15078 15077
f 15155 15082 15078
f 15156 15089 15082
f 15077 15065 15064
f 15078 15083 15065
f 15094 15063 15084
f 15082 15084 15083
f 15089 15094 15084
f 15091 15094 15089
f 15085 15096 15090
f 15087 15095 15085
f 15090 15097 15091
f 15119 15086 15092
f 15086 15072 15087
f 15119 15114 15086
f 15092 15086 15087
f 15093 15085 15088
f 15158 15089 15156
f 15088 15090 15157
f 15157 15091 15158
f 15088 15085 15090
f 15158 15091 15089
f 15157 15090 15091
f 15092 15087 15093
f 15133 15092 15093
f 15093 15087 15085
f 15097 15068 15094
f 15087 15072 15095
f 15085 15095 15096
f 15091 15097 15094
f 15090 15096 15097
f 15098 15115 15106
f 15039 14982 15099
f 15099 14982 15100
f 15102 15100 15101
f 14801 15099 15102
f 15099 15100 15102
f 15100 14984 15103
f 14984 15002 15103
f 14982 14984 15100
f 15101 15103 15098
f 15100 15103 15101
f 15103 15111 15098
f 15110 15104 15105
f 15110 15105 15161
f 15106 15118 15107
f 15104 15098 15106
f 15104 15106 15105
f 15159 15107 15108
f 15107 15119 15108
f 15105 15106 15107
f 15105 15107 15159
f 15109 15101 15104
f 15102 15101 15109
f 14802 15102 15109
f 14803 15109 15110
f 15109 15104 15110
f 15101 15098 15104
f 15112 15116 15113
f 15002 14993 15111
f 15111 15112 15115
f 15111 14993 15112
f 14993 14998 15112
f 15115 15113 15118
f 15113 15117 15114
f 15115 15112 15113
f 15118 15113 15114
f 15098 15111 15115
f 15116 14980 15117
f 15112 14998 15116
f 15113 15116 15117
f 15103 15002 15111
f 15118 15114 15119
f 15107 15118 15119
f 15106 15115 15118
f 15108 15119 15092
f 14819 15120 15048
f 15123 15121 15049
f 15123 15049 15120
f 14825 15123 15120
f 15138 15121 15123
f 15138 15122 15121
f 15139 15122 15138
f 15139 15124 15122
f 15122 15051 15121
f 15124 15126 15052
f 15124 15052 15122
f 15125 15127 15126
f 15127 15079 15126
f 15128 15080 15127
f 15129 15081 15128
f 15135 15155 15129
f 15125 15126 15124
f 15141 15128 15127
f 15141 15127 15125
f 15142 15128 15141
f 15142 15129 15128
f 15145 15129 15142
f 15145 15135 15129
f 15149 15130 15131
f 15137 15156 15135
f 15132 15157 15136
f 15134 15088 15132
f 15136 15158 15137
f 15160 15133 15130
f 15130 15133 15134
f 15133 15093 15134
f 15146 15132 15136
f 15148 15135 15145
f 15131 15132 15146
f 15146 15136 15147
f 15147 15137 15148
f 15148 15137 15135
f 15147 15136 15137
f 15130 15134 15131
f 15131 15134 15132
f 14826 15138 15123
f 14827 15139 15138
f 15140 15124 15139
f 15140 15125 15124
f 15143 15141 15125
f 15143 15125 15140
f 15144 15141 15143
f 15144 15142 15141
f 15154 15145 15142
f 15292 15140 15139
f 15293 15143 15140
f 15294 15144 15143
f 15300 15154 15144
f 15154 15142 15144
f 15152 15147 15151
f 15153 15148 15145
f 15152 15146 15147
f 15151 15147 15148
f 15149 15131 15150
f 15150 15131 15146
f 15150 15146 15152
f 15299 15152 15151
f 15303 15153 15154
f 15301 15151 15153
f 15153 15145 15154
f 15151 15148 15153
f 15302 15150 15152
f 14828 15149 15150
f 15128 15081 15080
f 15129 15155 15081
f 15135 15156 15155
f 15132 15088 15157
f 15137 15158 15156
f 15136 15157 15158
f 15134 15093 15088
f 15162 15159 15160
f 14840 15110 15161
f 15161 15105 15159
f 15161 15159 15162
f 14843 15162 15163
f 15163 15160 15130
f 15162 15160 15163
f 15163 15130 15149
f 14836 15161 15162
f 15159 15108 15160
f 15160 15108 15133
f 14844 15163 15149
f 14889 15039 15099
f 15166 14772 15164
f 15166 15165 14772
f 15169 15165 15166
f 15169 15170 15165
f 15165 14774 14772
f 15165 15167 14774
f 15170 15167 15165
f 15170 15168 15167
f 15172 15170 15169
f 15172 15173 15170
f 15207 15173 15172
f 15207 15171 15173
f 15173 15168 15170
f 15173 15174 15168
f 15208 15175 15171
f 15171 15175 15174
f 15171 15174 15173
f 15168 15176 15167
f 15168 15177 15176
f 15174 15177 15168
f 15177 14781 15176
f 15177 15178 14781
f 15178 14809 14781
f 15180 15178 15177
f 15180 15179 15178
f 15179 15263 15178
f 15183 15264 15179
f 15174 15180 15177
f 15175 15180 15174
f 15175 15181 15180
f 15213 15181 15175
f 15213 15182 15181
f 15181 15179 15180
f 15181 15183 15179
f 15184 15272 15183
f 15182 15183 15181
f 15182 15184 15183
f 15238 15184 15182
f 15238 15185 15184
f 15185 15271 15184
f 15352 15186 15188
f 15188 15187 15193
f 15188 15186 15187
f 14867 15189 15186
f 15186 15189 15190
f 15187 15190 15196
f 15186 15190 15187
f 15195 15191 15257
f 15194 15196 15192
f 15194 15192 15191
f 15191 15192 15260
f 15193 15194 15195
f 15193 15187 15194
f 15195 15194 15191
f 15187 15196 15194
f 15189 15197 15198
f 15190 15198 15206
f 15189 15198 15190
f 14782 15319 15199
f 15197 14782 15199
f 15197 15199 15198
f 15198 15199 15200
f 15198 15200 15206
f 15199 15320 15200
f 15196 15201 15192
f 15196 15206 15201
f 15192 15201 15202
f 15192 15202 15260
f 15206 15200 15203
f 15201 15203 15204
f 15206 15203 15201
f 15200 15323 15203
f 15203 15322 15204
f 15202 15205 15262
f 15202 15204 15205
f 15204 15324 15205
f 15201 15204 15202
f 15190 15206 15196
f 15209 15171 15207
f 15209 15208 15171
f 15210 15208 15209
f 15210 15211 15208
f 15224 15211 15210
f 15224 15212 15211
f 15211 15213 15208
f 15208 15213 15175
f 15211 15214 15213
f 15212 15214 15211
f 15227 15215 15212
f 15212 15215 15214
f 15227 15216 15215
f 15228 15217 15216
f 15258 15218 15231
f 15231 15218 15235
f 15259 15221 15218
f 15218 15222 15235
f 15235 15222 15220
f 15236 15220 15223
f 15218 15221 15222
f 15225 15212 15224
f 15226 15227 15225
f 15229 15228 15226
f 15225 15227 15212
f 15226 15228 15227
f 15228 15216 15227
f 15230 15217 15228
f 15234 15230 15229
f 15234 15237 15230
f 15229 15230 15228
f 15231 15235 15232
f 15232 15236 15233
f 15233 15237 15234
f 15232 15235 15236
f 15233 15236 15237
f 15237 15219 15230
f 15230 15219 15217
f 15237 15223 15219
f 15235 15220 15236
f 15236 15223 15237
f 15214 15182 15213
f 15214 15238 15182
f 15215 15238 15214
f 15215 15239 15238
f 15216 15239 15215
f 15216 15240 15239
f 15217 15240 15216
f 15217 15241 15240
f 15219 15241 15217
f 15239 15185 15238
f 15239 15242 15185
f 15240 15242 15239
f 15240 15243 15242
f 15242 15273 15185
f 15243 15335 15242
f 15244 15336 15243
f 15254 15337 15244
f 15241 15243 15240
f 15241 15244 15243
f 15247 15244 15241
f 15261 15245 15221
f 15219 15247 15241
f 15223 15247 15219
f 15223 15249 15247
f 15221 15248 15222
f 15221 15245 15248
f 15222 15248 15246
f 15222 15246 15220
f 15220 15249 15223
f 15220 15246 15249
f 15253 15341 15254
f 15252 15342 15250
f 15245 15252 15248
f 15245 15251 15252
f 15248 15252 15250
f 15262 15251 15245
f 15205 15344 15251
f 15251 15343 15252
f 15250 15345 15253
f 15247 15254 15244
f 15249 15254 15247
f 15249 15253 15254
f 15248 15250 15246
f 15246 15253 15249
f 15246 15250 15253
f 15255 15256 15259
f 15257 15256 15255
f 15257 15191 15256
f 15255 15259 15258
f 15258 15259 15218
f 15256 15261 15259
f 15256 15260 15261
f 15191 15260 15256
f 15259 15261 15221
f 15260 15262 15261
f 15260 15202 15262
f 15261 15262 15245
f 15262 15205 15251
f 15178 15263 14809
f 15264 15265 15263
f 15179 15264 15263
f 15272 15268 15264
f 15268 15266 15265
f 15264 15268 15265
f 15267 14822 15266
f 15267 15285 14822
f 15268 15267 15266
f 15270 15285 15267
f 15269 15267 15268
f 15272 15269 15268
f 15270 15287 15285
f 15269 15270 15267
f 15275 15287 15270
f 15275 15288 15287
f 15183 15272 15264
f 15184 15271 15272
f 15271 15269 15272
f 15185 15273 15271
f 15273 15274 15271
f 15335 15276 15273
f 15271 15274 15269
f 15274 15270 15269
f 15276 15275 15274
f 15274 15275 15270
f 15278 15288 15275
f 15278 15304 15288
f 15276 15278 15275
f 15279 15304 15278
f 15279 15305 15304
f 15273 15276 15274
f 15277 15278 15276
f 15335 15277 15276
f 15338 15279 15277
f 15277 15279 15278
f 15280 15307 15305
f 15280 15305 15279
f 15338 15280 15279
f 15340 15307 15280
f 15340 15308 15307
f 15348 15308 15340
f 15205 15324 15344
f 15324 15282 15344
f 15327 15334 15310
f 15284 15313 15312
f 15348 15311 15308
f 15284 15312 15349
f 15351 15314 15311
f 15349 15312 15314
f 15351 15311 15348
f 15324 15328 15282
f 15328 15283 15282
f 15344 15282 15281
f 15282 15284 15281
f 15283 15310 15313
f 15283 15313 15284
f 15328 15327 15283
f 15327 15310 15283
f 15282 15283 15284
f 15281 15284 15349
f 15349 15314 15351
f 15287 14823 15285
f 15288 14824 15287
f 15288 15286 14824
f 15304 15286 15288
f 15304 15289 15286
f 15305 15290 15289
f 15289 14826 15286
f 15290 15292 14827
f 15290 14827 15289
f 15291 15293 15292
f 15294 15143 15293
f 15300 15144 15294
f 15291 15292 15290
f 15306 15293 15291
f 15306 15294 15293
f 15309 15300 15294
f 15309 15294 15306
f 15310 15297 15295
f 15334 15330 15297
f 15295 15299 15301
f 15303 15154 15300
f 15299 15151 15301
f 15301 15153 15303
f 15330 14828 15302
f 15297 15302 15299
f 15330 15302 15297
f 15295 15301 15296
f 15298 15303 15300
f 15296 15301 15303
f 15298 15300 15309
f 15296 15303 15298
f 15297 15299 15295
f 15305 15289 15304
f 15307 15290 15305
f 15308 15291 15307
f 15311 15306 15308
f 15307 15291 15290
f 15308 15306 15291
f 15311 15309 15306
f 15314 15309 15311
f 15313 15296 15312
f 15313 15295 15296
f 15314 15298 15309
f 15312 15296 15298
f 15334 15297 15310
f 15310 15295 15313
f 15312 15298 15314
f 15200 15320 15323
f 15320 15317 15323
f 15315 15331 15332
f 15318 15333 15326
f 15320 15316 15317
f 15316 15318 15317
f 15318 15332 15333
f 15316 15315 15318
f 15315 15332 15318
f 15317 15318 15326
f 15199 15319 15320
f 15319 15316 15320
f 15319 15321 15316
f 15321 15315 15316
f 15321 14834 15315
f 14834 15331 15315
f 15323 15325 15322
f 15203 15323 15322
f 15204 15322 15324
f 15322 15328 15324
f 15317 15326 15325
f 15325 15327 15328
f 15322 15325 15328
f 15326 15333 15334
f 15326 15334 15327
f 15325 15326 15327
f 15323 15317 15325
f 15332 15329 15333
f 15332 14842 15329
f 15333 15329 15330
f 15331 14842 15332
f 15333 15330 15334
f 15329 14828 15330
f 15242 15335 15273
f 15243 15336 15335
f 15244 15337 15336
f 15336 15277 15335
f 15337 15338 15336
f 15341 15339 15337
f 15336 15338 15277
f 15337 15339 15338
f 15339 15280 15338
f 15346 15340 15339
f 15339 15340 15280
f 15254 15341 15337
f 15253 15345 15341
f 15343 15347 15342
f 15345 15346 15341
f 15251 15344 15343
f 15252 15343 15342
f 15250 15342 15345
f 15344 15281 15343
f 15342 15350 15345
f 15341 15346 15339
f 15345 15350 15346
f 15342 15347 15350
f 15350 15348 15346
f 15281 15349 15347
f 15346 15348 15340
f 15350 15351 15348
f 15347 15349 15351
f 15343 15281 15347
f 15347 15351 15350
f 15352 14867 15186
