# 7x4F - rebuilt from the APC geometry file, millimetres
o 7x4F
v 43.41368 -10.71945 -5.97043
v 43.46582 -10.71828 -5.96198
v 43.41368 -10.70936 -5.94993
v 43.46582 -10.70819 -5.94149
v 43.55842 -10.71620 -5.94698
v 43.55842 -10.70611 -5.92652
v 43.62201 -10.71477 -5.93670
v 43.62201 -10.70467 -5.91625
v 43.69709 -10.71307 -5.92456
v 43.41368 -10.67897 -5.88898
v 43.46582 -10.67779 -5.88058
v 43.55842 -10.67568 -5.86567
v 43.69709 -10.70296 -5.90413
v 43.62201 -10.67423 -5.85545
v 43.78361 -10.71109 -5.91058
v 43.78361 -10.70097 -5.89018
v 43.88153 -10.70884 -5.89478
v 43.88153 -10.69872 -5.87440
v 43.99081 -10.70631 -5.87716
v 43.99081 -10.69618 -5.85682
v 44.11138 -10.70350 -5.85775
v 43.69709 -10.67250 -5.84338
v 43.41368 -10.79038 -5.78000
v 43.46582 -10.78914 -5.77151
v 43.41368 -10.78170 -5.75570
v 43.46582 -10.78046 -5.74723
v 43.55842 -10.78694 -5.75645
v 43.62201 -10.78542 -5.74612
v 43.41368 -10.62800 -5.78886
v 43.46582 -10.62680 -5.78052
v 43.55842 -10.62466 -5.76572
v 43.62201 -10.62319 -5.75557
v 43.69709 -10.62143 -5.74360
v 43.78361 -10.67050 -5.82950
v 43.88153 -10.66821 -5.81380
v 44.11138 -10.69335 -5.83744
v 43.99081 -10.66565 -5.79631
v 44.11138 -10.66279 -5.77704
v 44.24318 -10.70040 -5.83655
v 44.24318 -10.69024 -5.81628
v 44.38616 -10.69701 -5.81360
v 44.38616 -10.68683 -5.79337
v 44.24318 -10.65964 -5.75600
v 44.54023 -10.69244 -5.78884
v 44.54023 -10.68225 -5.76868
v 44.70531 -10.68708 -5.76235
v 44.70531 -10.67687 -5.74224
v 43.55842 -10.77825 -5.73221
v 43.41368 -10.75628 -5.68142
v 43.62201 -10.77672 -5.72189
v 43.69709 -10.78361 -5.73393
v 43.69709 -10.77490 -5.70972
v 43.46582 -10.75501 -5.67300
v 43.55842 -10.75276 -5.65806
v 43.62201 -10.75120 -5.64781
v 43.69709 -10.74935 -5.63572
v 43.41368 -10.55556 -5.65289
v 43.46582 -10.55435 -5.64463
v 43.55842 -10.55217 -5.62997
v 43.62201 -10.55066 -5.61993
v 43.78361 -10.78153 -5.71988
v 43.78361 -10.77280 -5.69571
v 43.88153 -10.77915 -5.70400
v 43.88153 -10.77041 -5.67986
v 43.99081 -10.77648 -5.68629
v 43.78361 -10.74721 -5.62180
v 43.99081 -10.76773 -5.66219
v 44.11138 -10.77352 -5.66677
v 44.11138 -10.76474 -5.64271
v 43.78361 -10.61940 -5.72982
v 43.88153 -10.61707 -5.71426
v 43.99081 -10.61446 -5.69691
v 44.11138 -10.61156 -5.67781
v 43.41368 -10.71412 -5.55765
v 43.46582 -10.71281 -5.54931
v 43.55842 -10.71049 -5.53453
v 43.62201 -10.70889 -5.52438
v 43.69709 -10.70699 -5.51242
v 43.69709 -10.54887 -5.60808
v 43.88153 -10.74478 -5.60606
v 43.99081 -10.74204 -5.58851
v 44.11138 -10.73900 -5.56917
v 43.78361 -10.54680 -5.59446
v 43.88153 -10.54443 -5.57906
v 43.99081 -10.54176 -5.56192
v 44.11138 -10.53879 -5.54305
v 44.24318 -10.77025 -5.64545
v 44.24318 -10.76146 -5.62144
v 44.38616 -10.76668 -5.62234
v 44.38616 -10.65619 -5.73323
v 44.24318 -10.60835 -5.65697
v 44.38616 -10.60483 -5.63442
v 44.54023 -10.65157 -5.70869
v 44.70531 -10.64614 -5.68244
v 44.38616 -10.75787 -5.59840
v 44.24318 -10.73565 -5.54806
v 44.38616 -10.73198 -5.52519
v 44.54023 -10.76194 -5.59743
v 44.54023 -10.75310 -5.57355
v 44.70531 -10.75639 -5.57075
v 44.70531 -10.74752 -5.54694
v 44.54023 -10.60013 -5.61015
v 44.70531 -10.59463 -5.58420
v 44.24318 -10.53550 -5.52248
v 44.88133 -10.68131 -5.73415
v 44.88133 -10.67109 -5.71411
v 45.06818 -10.67514 -5.70427
v 45.06818 -10.66489 -5.68432
v 44.88133 -10.64030 -5.65452
v 45.06818 -10.63405 -5.62495
v 45.26579 -10.66855 -5.67275
v 45.26579 -10.65829 -5.65288
v 45.45584 -10.66216 -5.64250
v 45.45584 -10.65187 -5.62271
v 44.88133 -10.75042 -5.54234
v 44.88133 -10.74153 -5.51861
v 45.06818 -10.74405 -5.51224
v 44.88133 -10.58871 -5.55661
v 45.06818 -10.58236 -5.52741
v 45.26579 -10.62737 -5.59376
v 45.45584 -10.62090 -5.56384
v 45.69283 -10.65156 -5.60491
v 45.69283 -10.64124 -5.58524
v 45.69283 -10.61019 -5.52670
v 45.92204 -10.64122 -5.56866
v 45.92204 -10.63088 -5.54910
v 46.16157 -10.63034 -5.53088
v 46.16157 -10.61996 -5.51145
v 43.41368 -10.65445 -5.38740
v 43.78361 -10.70478 -5.49865
v 43.88153 -10.70227 -5.48309
v 43.99081 -10.69945 -5.46574
v 44.11138 -10.69631 -5.44664
v 43.46582 -10.65310 -5.37919
v 43.55842 -10.65068 -5.36461
v 43.62201 -10.64902 -5.35462
v 43.69709 -10.64704 -5.34284
v 43.78361 -10.64474 -5.32928
v 43.88153 -10.64213 -5.31396
v 43.99081 -10.63919 -5.29690
v 44.11138 -10.63592 -5.27812
v 43.41368 -10.45984 -5.48728
v 43.46582 -10.45860 -5.47912
v 43.55842 -10.45638 -5.46464
v 43.62201 -10.45484 -5.45472
v 43.69709 -10.45302 -5.44303
v 43.78361 -10.45090 -5.42959
v 43.88153 -10.44848 -5.41441
v 43.99081 -10.44575 -5.39751
v 43.41368 -10.33679 -5.30452
v 43.46582 -10.33553 -5.29647
v 43.55842 -10.33328 -5.28220
v 43.62201 -10.33172 -5.27243
v 44.11138 -10.44271 -5.37893
v 44.24318 -10.69285 -5.42579
v 44.38616 -10.68906 -5.40322
v 44.54023 -10.72714 -5.50054
v 44.70531 -10.72149 -5.47415
v 44.54023 -10.68409 -5.37890
v 44.70531 -10.67831 -5.35289
v 44.38616 -10.53190 -5.50023
v 44.54023 -10.52712 -5.47631
v 44.70531 -10.52152 -5.45077
v 44.24318 -10.43934 -5.35867
v 44.38616 -10.43565 -5.33678
v 44.54023 -10.43077 -5.31329
v 44.70531 -10.42507 -5.28824
v 43.41368 -10.57559 -5.17650
v 43.46582 -10.57418 -5.16843
v 43.55842 -10.57166 -5.15412
v 43.62201 -10.56992 -5.14431
v 43.69709 -10.56785 -5.13276
v 43.78361 -10.56544 -5.11946
v 43.88153 -10.56271 -5.10446
v 43.99081 -10.55963 -5.08775
v 44.11138 -10.55620 -5.06937
v 43.69709 -10.32987 -5.26091
v 43.78361 -10.32772 -5.24768
v 43.88153 -10.32525 -5.23274
v 43.99081 -10.32248 -5.21612
v 44.11138 -10.31938 -5.19785
v 44.24318 -10.63231 -5.25763
v 44.38616 -10.62836 -5.23547
v 44.54023 -10.62322 -5.21162
v 44.70531 -10.61725 -5.18612
v 44.24318 -10.55241 -5.04934
v 44.24318 -10.31595 -5.17796
v 44.38616 -10.31218 -5.15647
v 44.54023 -10.30723 -5.13345
v 44.70531 -10.30145 -5.10893
v 43.41368 -10.18841 -5.10129
v 43.46582 -10.18714 -5.09337
v 43.55842 -10.18486 -5.07935
v 43.62201 -10.18328 -5.06975
v 43.69709 -10.18140 -5.05845
v 43.78361 -10.17921 -5.04546
v 44.88133 -10.71541 -5.44607
v 45.06818 -10.73513 -5.48859
v 45.06818 -10.70891 -5.41633
v 45.26579 -10.73725 -5.48046
v 45.26579 -10.72830 -5.45691
v 45.45584 -10.73066 -5.44995
v 45.45584 -10.72167 -5.42650
v 45.26579 -10.57558 -5.49663
v 45.45584 -10.56900 -5.46712
v 44.88133 -10.67208 -5.32522
v 45.06818 -10.66542 -5.29593
v 45.26579 -10.70198 -5.38494
v 45.45584 -10.69525 -5.35482
v 44.88133 -10.51549 -5.42363
v 45.06818 -10.50902 -5.39493
v 45.26579 -10.50211 -5.36469
v 45.45584 -10.49539 -5.33573
v 45.69283 -10.71983 -5.41202
v 45.69283 -10.71080 -5.38869
v 45.69283 -10.55816 -5.43053
v 45.92204 -10.59974 -5.49090
v 46.16157 -10.58874 -5.45362
v 45.92204 -10.54760 -5.39529
v 45.69283 -10.68426 -5.31740
v 45.92204 -10.70927 -5.37542
v 45.92204 -10.70021 -5.35222
v 46.16157 -10.69817 -5.33727
v 45.92204 -10.67355 -5.28132
v 46.16157 -10.68907 -5.31420
v 45.69283 -10.48440 -5.29989
v 46.16157 -10.53646 -5.35860
v 44.88133 -10.61083 -5.15903
v 45.26579 -10.65832 -5.26505
v 45.45584 -10.65142 -5.23542
v 45.06818 -10.60396 -5.13036
v 45.26579 -10.59661 -5.10016
v 45.45584 -10.58949 -5.07122
v 44.88133 -10.41893 -5.26164
v 45.06818 -10.41233 -5.23353
v 45.26579 -10.40528 -5.20395
v 45.45584 -10.39842 -5.17564
v 45.69283 -10.64023 -5.19865
v 46.16157 -10.66228 -5.24372
v 45.92204 -10.62932 -5.16322
v 45.69283 -10.57802 -5.03534
v 46.16157 -10.61784 -5.12632
v 45.92204 -10.47367 -5.26539
v 46.16157 -10.46235 -5.22951
v 45.69283 -10.38726 -5.14068
v 45.92204 -10.37636 -5.10707
v 46.16157 -10.36487 -5.07215
v 44.88133 -10.29522 -5.08292
v 45.06818 -10.28852 -5.05546
v 46.41128 -10.61890 -5.49162
v 46.41128 -10.60850 -5.47231
v 46.47692 -10.61588 -5.48132
v 46.47692 -10.60547 -5.46205
v 46.41128 -10.57718 -5.41488
v 46.47692 -10.57413 -5.40472
v 46.67105 -10.60501 -5.45076
v 46.67105 -10.59457 -5.43161
v 46.94075 -10.58981 -5.40844
v 46.94075 -10.57934 -5.38945
v 46.41128 -10.68650 -5.29759
v 46.41128 -10.67736 -5.27467
v 46.47692 -10.68342 -5.28718
v 46.67105 -10.56316 -5.37461
v 46.94075 -10.54783 -5.33293
v 46.41128 -10.52475 -5.32051
v 46.47692 -10.52165 -5.31053
v 46.67105 -10.51058 -5.28096
v 47.22024 -10.57395 -5.36475
v 47.22024 -10.56345 -5.34592
v 47.50938 -10.55743 -5.31971
v 47.50938 -10.54689 -5.30106
v 47.22024 -10.53184 -5.28991
v 46.47692 -10.67427 -5.26430
v 46.41128 -10.65044 -5.20464
v 46.47692 -10.64731 -5.19439
v 46.67105 -10.67239 -5.25629
v 46.67105 -10.66320 -5.23353
v 46.94075 -10.65698 -5.21349
v 46.67105 -10.63614 -5.16399
v 46.94075 -10.64774 -5.19090
v 46.41128 -10.60576 -5.08799
v 46.47692 -10.60257 -5.07794
v 46.94075 -10.62055 -5.12188
v 46.67105 -10.59124 -5.04816
v 46.41128 -10.45045 -5.19229
v 46.47692 -10.44731 -5.18254
v 46.94075 -10.49509 -5.24006
v 46.67105 -10.43609 -5.15370
v 46.41128 -10.35277 -5.03596
v 46.94075 -10.42041 -5.11384
v 47.22024 -10.64090 -5.16928
v 47.22024 -10.63162 -5.14687
v 47.22024 -10.60427 -5.07840
v 47.50938 -10.62415 -5.12368
v 47.50938 -10.61482 -5.10146
v 47.22024 -10.47892 -5.19786
v 47.50938 -10.51516 -5.24559
v 47.50938 -10.46207 -5.15443
v 47.22024 -10.40403 -5.07276
v 47.80801 -10.53732 -5.27339
v 47.80801 -10.60383 -5.07678
v 47.80801 -10.59446 -5.05477
v 47.80801 -10.52674 -5.25494
v 47.80801 -10.49492 -5.20005
v 48.11600 -10.51622 -5.22583
v 48.11600 -10.50561 -5.20759
v 48.11600 -10.47367 -5.15332
v 47.80801 -10.44166 -5.10985
v 48.11600 -10.42023 -5.06412
v 48.43317 -10.49436 -5.17705
v 48.43317 -10.48370 -5.15903
v 48.43317 -10.45165 -5.10541
v 48.75937 -10.47173 -5.12711
v 48.75937 -10.46103 -5.10932
v 48.75937 -10.42885 -5.05639
v 43.41368 -10.46959 -4.94797
v 43.46582 -10.46813 -4.94006
v 43.55842 -10.46550 -4.92605
v 43.62201 -10.46369 -4.91645
v 43.69709 -10.46154 -4.90514
v 43.78361 -10.45904 -4.89213
v 43.88153 -10.45619 -4.87746
v 43.99081 -10.45298 -4.86114
v 44.11138 -10.44940 -4.84319
v 44.38616 -10.54826 -5.02768
v 44.54023 -10.54292 -5.00440
v 44.70531 -10.53674 -4.97954
v 44.24318 -10.44545 -4.82364
v 44.38616 -10.44112 -4.80253
v 43.41368 -10.33407 -4.71022
v 43.46582 -10.33256 -4.70249
v 43.55842 -10.32986 -4.68878
v 43.62201 -10.32799 -4.67939
v 43.69709 -10.32577 -4.66834
v 43.78361 -10.32319 -4.65564
v 43.88153 -10.32025 -4.64131
v 43.99081 -10.31694 -4.62537
v 44.11138 -10.31325 -4.60786
v 44.54023 -10.43561 -4.77985
v 44.70531 -10.42924 -4.75566
v 44.24318 -10.30917 -4.58880
v 44.38616 -10.30470 -4.56822
v 43.88153 -10.17671 -5.03081
v 43.99081 -10.17388 -5.01451
v 44.11138 -10.17073 -4.99661
v 43.41368 -10.01155 -4.88843
v 43.46582 -10.01027 -4.88066
v 43.55842 -10.00797 -4.86691
v 43.62201 -10.00638 -4.85750
v 43.69709 -10.00449 -4.84642
v 43.78361 -10.00228 -4.83370
v 43.88153 -9.99976 -4.81935
v 43.99081 -9.99691 -4.80340
v 44.24318 -10.16724 -4.97713
v 44.38616 -10.16339 -4.95610
v 44.54023 -10.15838 -4.93362
v 44.70531 -10.15253 -4.90971
v 44.11138 -9.99372 -4.78589
v 43.41368 -9.80556 -4.67039
v 43.46582 -9.80428 -4.66278
v 43.55842 -9.80199 -4.64931
v 44.24318 -9.99019 -4.76685
v 44.38616 -9.98630 -4.74630
v 44.54023 -9.98125 -4.72438
v 44.70531 -9.97538 -4.70109
v 44.88133 -10.53009 -4.95315
v 45.06818 -10.52295 -4.92525
v 45.26579 -10.51534 -4.89589
v 45.45584 -10.50793 -4.86779
v 45.92204 -10.56685 -5.00079
v 46.16157 -10.55507 -4.96486
v 45.69283 -10.49616 -4.83300
v 44.88133 -10.42239 -4.73000
v 45.06818 -10.41503 -4.70290
v 45.26579 -10.40717 -4.67441
v 45.45584 -10.39954 -4.64717
v 45.92204 -10.48466 -4.79954
v 46.16157 -10.47255 -4.76478
v 45.69283 -10.38750 -4.61349
v 45.92204 -10.37574 -4.58115
v 45.26579 -10.28136 -5.02659
v 45.45584 -10.27438 -4.99898
v 44.88133 -10.14622 -4.88436
v 45.06818 -10.13944 -4.85762
v 45.26579 -10.13217 -4.82954
v 45.45584 -10.12510 -4.80271
v 45.69283 -10.26310 -4.96497
v 45.92204 -10.25208 -4.93230
v 46.16157 -10.24044 -4.89840
v 44.88133 -9.96904 -4.67642
v 45.06818 -9.96221 -4.65043
v 45.26579 -9.95490 -4.62315
v 45.45584 -9.94777 -4.59711
v 45.69283 -10.11372 -4.76974
v 45.92204 -10.10259 -4.73811
v 46.16157 -10.09083 -4.70532
v 44.54023 -10.29905 -4.54615
v 43.41368 -10.17051 -4.46164
v 43.46582 -10.16897 -4.45408
v 43.55842 -10.16620 -4.44071
v 43.62201 -10.16429 -4.43155
v 43.69709 -10.16201 -4.42077
v 43.78361 -10.15937 -4.40838
v 43.88153 -10.15636 -4.39442
v 43.99081 -10.15297 -4.37889
v 44.11138 -10.14918 -4.36184
v 44.70531 -10.29256 -4.52262
v 44.24318 -10.14501 -4.34328
v 43.41368 -9.98036 -4.20108
v 43.46582 -9.97878 -4.19373
v 43.55842 -9.97596 -4.18071
v 43.62201 -9.97401 -4.17180
v 43.69709 -9.97169 -4.16132
v 43.78361 -9.96900 -4.14927
v 43.88153 -9.96592 -4.13569
v 43.99081 -9.96246 -4.12060
v 44.11138 -9.95861 -4.10403
v 44.38616 -10.14042 -4.32326
v 44.54023 -10.13468 -4.30180
v 44.70531 -10.12809 -4.27895
v 46.16157 -10.36335 -4.54757
v 44.88133 -10.28555 -4.49768
v 45.06818 -10.27804 -4.47136
v 45.26579 -10.27001 -4.44372
v 45.45584 -10.26220 -4.41731
v 45.69283 -10.24999 -4.38470
v 45.92204 -10.23806 -4.35342
v 45.69283 -9.93636 -4.56519
v 45.92204 -9.92519 -4.53461
v 46.16157 -9.91339 -4.50293
v 44.88133 -10.12098 -4.25474
v 45.06818 -10.11336 -4.22921
v 45.26579 -10.10521 -4.20241
v 45.45584 -10.09728 -4.17682
v 46.16157 -10.22548 -4.32098
v 45.69283 -10.08497 -4.14528
v 45.92204 -10.07295 -4.11503
v 43.62201 -9.80040 -4.64010
v 43.69709 -9.79851 -4.62925
v 43.78361 -9.79631 -4.61680
v 43.88153 -9.79379 -4.60277
v 43.99081 -9.79094 -4.58718
v 44.11138 -9.78775 -4.57007
v 43.41368 -9.57315 -4.44292
v 43.46582 -9.57188 -4.43548
v 43.55842 -9.56961 -4.42232
v 43.62201 -9.56804 -4.41332
v 43.69709 -9.56616 -4.40273
v 43.78361 -9.56398 -4.39057
v 43.88153 -9.56147 -4.37687
v 43.99081 -9.55864 -4.36166
v 44.11138 -9.55548 -4.34497
v 44.24318 -9.78422 -4.55147
v 44.38616 -9.78032 -4.53142
v 44.54023 -9.77529 -4.51006
v 44.70531 -9.76944 -4.48739
v 43.41368 -9.31416 -4.20982
v 43.46582 -9.31292 -4.20256
v 43.55842 -9.31069 -4.18972
v 43.62201 -9.30914 -4.18095
v 43.69709 -9.30729 -4.17062
v 44.24318 -9.55196 -4.32684
v 44.38616 -9.54809 -4.30730
v 44.54023 -9.54309 -4.28653
v 44.70531 -9.53730 -4.26452
v 43.78361 -9.30514 -4.15877
v 43.88153 -9.30267 -4.14542
v 43.99081 -9.29988 -4.13061
v 44.11138 -9.29675 -4.11436
v 44.88133 -9.76311 -4.46341
v 45.06818 -9.75631 -4.43815
v 45.26579 -9.74901 -4.41167
v 45.45584 -9.74189 -4.38640
v 45.69283 -9.73053 -4.35552
v 44.88133 -9.53103 -4.24124
v 45.06818 -9.52428 -4.21674
v 45.26579 -9.51704 -4.19107
v 45.45584 -9.50998 -4.16661
v 45.92204 -9.71941 -4.32595
v 46.16157 -9.70765 -4.29536
v 45.69283 -9.49873 -4.13678
v 45.92204 -9.48771 -4.10824
v 46.94075 -10.57541 -5.00693
v 46.41128 -10.54269 -4.92757
v 46.47692 -10.53942 -4.91779
v 46.47692 -10.34957 -5.02649
v 46.67105 -10.33821 -4.99852
v 46.94075 -10.32232 -4.95990
v 46.67105 -10.52786 -4.88885
v 46.94075 -10.51171 -4.84883
v 47.22024 -10.55888 -4.96439
v 47.50938 -10.58732 -5.03359
v 47.22024 -10.30571 -4.92014
v 47.50938 -10.54166 -4.92058
v 47.50938 -10.38695 -5.03050
v 47.22024 -10.49485 -4.80757
v 46.41128 -10.45981 -4.72875
v 46.47692 -10.45644 -4.71931
v 46.67105 -10.44462 -4.69140
v 46.94075 -10.42810 -4.65284
v 47.50938 -10.47727 -4.76512
v 47.22024 -10.41085 -4.61314
v 47.50938 -10.39286 -4.57234
v 46.41128 -10.22818 -4.86330
v 46.47692 -10.22494 -4.85412
v 46.67105 -10.21348 -4.82707
v 47.50938 -10.28840 -4.87928
v 46.94075 -10.19744 -4.78975
v 46.41128 -10.07845 -4.67142
v 46.47692 -10.07517 -4.66255
v 46.67105 -10.06363 -4.63649
v 46.94075 -10.04748 -4.60057
v 47.22024 -10.18068 -4.75137
v 47.50938 -10.16319 -4.71197
v 47.80801 -10.56680 -4.98754
v 48.11600 -10.58253 -5.02859
v 48.11600 -10.57310 -5.00680
v 48.11600 -10.54529 -4.94025
v 47.80801 -10.36632 -4.98721
v 48.11600 -10.34468 -4.94284
v 47.80801 -10.52089 -4.87561
v 48.11600 -10.49911 -4.82946
v 48.43317 -10.56045 -4.97916
v 48.43317 -10.55098 -4.95759
v 48.43317 -10.39803 -5.01728
v 48.75937 -10.53761 -4.92852
v 48.75937 -10.37504 -4.96938
v 48.43317 -10.52300 -4.89177
v 48.43317 -10.32224 -4.89743
v 48.75937 -10.52808 -4.90719
v 48.75937 -10.49993 -4.84212
v 48.75937 -10.29901 -4.85102
v 47.80801 -10.45616 -4.72163
v 48.11600 -10.43402 -4.67704
v 48.43317 -10.47654 -4.78217
v 48.75937 -10.45319 -4.73379
v 48.43317 -10.41108 -4.63140
v 48.75937 -10.38734 -4.58474
v 47.80801 -10.26756 -4.83750
v 48.11600 -10.24569 -4.79473
v 47.80801 -10.14221 -4.67177
v 48.11600 -10.12021 -4.63067
v 48.43317 -10.22302 -4.75101
v 48.75937 -10.19955 -4.70637
v 48.43317 -10.09739 -4.58870
v 46.41128 -10.35030 -4.51282
v 46.47692 -10.34685 -4.50373
v 46.67105 -10.33483 -4.47685
v 46.94075 -10.31802 -4.43976
v 47.22024 -10.30046 -4.40161
v 46.41128 -9.90096 -4.47022
v 46.47692 -9.89766 -4.46167
v 46.67105 -9.88612 -4.43660
v 46.94075 -9.86995 -4.40207
v 47.50938 -10.28215 -4.36247
v 47.22024 -10.03060 -4.56368
v 47.50938 -10.01297 -4.52586
v 47.22024 -9.85303 -4.36665
v 46.41128 -10.21224 -4.28743
v 46.47692 -10.20874 -4.27866
v 46.67105 -10.19660 -4.25275
v 46.94075 -10.17962 -4.21704
v 47.22024 -10.16188 -4.18035
v 47.50938 -10.14338 -4.14273
v 47.50938 -9.83538 -4.33038
v 47.80801 -10.37136 -4.53064
v 48.11600 -10.34882 -4.48795
v 48.43317 -10.32545 -4.44429
v 48.75937 -10.30127 -4.39972
v 47.80801 -9.99191 -4.48737
v 48.11600 -9.96982 -4.44806
v 48.75937 -10.07376 -4.54589
v 48.43317 -9.94690 -4.40796
v 48.75937 -9.92317 -4.36711
v 47.80801 -10.26035 -4.32255
v 48.11600 -10.23750 -4.28173
v 47.80801 -10.12144 -4.10447
v 47.80801 -9.81435 -4.29356
v 48.43317 -10.21382 -4.24005
v 48.75937 -10.18931 -4.19755
v 46.41128 -9.69526 -4.26379
v 46.47692 -9.69198 -4.25555
v 46.67105 -9.68050 -4.23143
v 46.94075 -9.66442 -4.19824
v 47.22024 -9.64760 -4.16423
v 47.50938 -9.63004 -4.12944
v 48.11600 -9.79229 -4.25600
v 48.43317 -9.76940 -4.21774
v 48.75937 -9.74569 -4.17880
v 49.09443 -10.44834 -5.07605
v 49.09443 -10.43760 -5.05851
v 49.27346 -10.43578 -5.04887
v 49.27346 -10.42501 -5.03145
v 49.43818 -10.42189 -5.02383
v 49.09443 -10.40529 -5.00629
v 49.43818 -10.41110 -5.00654
v 49.27346 -10.39264 -4.97962
v 49.09443 -10.35128 -4.92044
v 49.43818 -10.37868 -4.95508
v 49.79044 -10.39207 -4.97049
v 49.79044 -10.38124 -4.95347
v 49.09443 -10.51400 -4.87671
v 49.09443 -10.50442 -4.85565
v 49.27346 -10.50133 -4.84913
v 49.27346 -10.49172 -4.82820
v 49.43818 -10.48735 -4.82372
v 49.43818 -10.47771 -4.80292
v 49.27346 -10.33852 -4.89441
v 49.43818 -10.32447 -4.87048
v 49.79044 -10.34871 -4.90282
v 50.15104 -10.36138 -4.91618
v 50.15104 -10.35051 -4.89944
v 50.15104 -10.31786 -4.84962
v 49.09443 -10.47609 -4.79136
v 49.27346 -10.46329 -4.76434
v 49.09443 -10.42905 -4.68435
v 49.43818 -10.44921 -4.73947
v 49.79044 -10.45734 -4.76958
v 49.79044 -10.44765 -4.74906
v 49.79044 -10.41898 -4.68648
v 49.27346 -10.41609 -4.65804
v 49.43818 -10.40188 -4.63385
v 49.79044 -10.37137 -4.58234
v 50.15104 -10.42645 -4.71442
v 50.15104 -10.41671 -4.69420
v 50.15104 -10.38788 -4.63253
v 49.09443 -10.27500 -4.80365
v 49.79044 -10.29432 -4.81953
v 49.27346 -10.26210 -4.77847
v 49.43818 -10.24795 -4.75535
v 49.79044 -10.21758 -4.70616
v 49.09443 -10.17528 -4.66085
v 49.27346 -10.16224 -4.63667
v 49.43818 -10.14800 -4.61451
v 49.79044 -10.11741 -4.56740
v 50.15104 -10.26329 -4.76770
v 50.15104 -10.18632 -4.65615
v 50.51979 -10.32982 -4.86093
v 50.51979 -10.31892 -4.84449
v 50.89650 -10.29742 -4.80481
v 50.51979 -10.39470 -4.65831
v 50.51979 -10.38491 -4.63838
v 50.51979 -10.35590 -4.57766
v 50.89650 -10.36209 -4.60127
v 50.89650 -10.35225 -4.58167
v 50.51979 -10.28615 -4.79552
v 50.51979 -10.23139 -4.71502
v 50.89650 -10.28647 -4.78866
v 50.89650 -10.25358 -4.74059
v 50.51979 -10.15419 -4.60536
v 50.89650 -10.19863 -4.66153
v 51.28097 -10.26416 -4.74785
v 51.28097 -10.25317 -4.73201
v 51.28097 -10.22015 -4.68485
v 51.67302 -10.22497 -4.69015
v 51.28097 -10.16501 -4.60729
v 51.67302 -10.21395 -4.67463
v 51.67302 -10.18083 -4.62844
v 49.09443 -10.36280 -4.53711
v 49.27346 -10.34962 -4.51178
v 49.43818 -10.33524 -4.48852
v 49.79044 -10.30437 -4.43901
v 50.15104 -10.33998 -4.52991
v 49.09443 -10.04932 -4.50229
v 49.09443 -10.27627 -4.35428
v 49.27346 -10.03620 -4.47914
v 49.43818 -10.02190 -4.45798
v 49.79044 -9.99122 -4.41301
v 50.15104 -10.08594 -4.51953
v 50.15104 -10.27260 -4.38867
v 50.15104 -9.95964 -4.36736
v 49.27346 -10.26284 -4.33013
v 49.43818 -10.24827 -4.30799
v 49.79044 -10.21698 -4.26091
v 49.09443 -10.16396 -4.15425
v 49.27346 -10.15036 -4.13127
v 49.43818 -10.13565 -4.11024
v 49.09443 -9.89862 -4.32556
v 49.27346 -9.88544 -4.30351
v 49.43818 -9.87113 -4.28341
v 49.79044 -9.84042 -4.24072
v 50.15104 -10.18478 -4.21309
v 50.15104 -9.80882 -4.19744
v 50.51979 -10.30772 -4.47662
v 50.89650 -10.32307 -4.52191
v 51.28097 -10.32863 -4.54338
v 51.28097 -10.31873 -4.52409
v 50.51979 -10.05359 -4.47096
v 50.89650 -10.12120 -4.55382
v 50.51979 -10.23995 -4.33753
v 50.89650 -10.27459 -4.42250
v 50.89650 -10.02038 -4.42171
v 51.28097 -10.28937 -4.46533
v 51.28097 -10.08735 -4.50158
v 51.67302 -10.28927 -4.48472
v 51.67302 -10.27932 -4.46577
v 51.67302 -10.12553 -4.55245
v 51.28097 -10.24059 -4.36760
v 51.67302 -10.24981 -4.40805
v 51.67302 -10.04769 -4.44885
v 51.28097 -9.98631 -4.37183
v 50.89650 -10.20642 -4.28563
v 50.51979 -10.15170 -4.16455
v 50.89650 -10.11773 -4.11534
v 50.51979 -9.92719 -4.32108
v 50.89650 -9.89387 -4.27419
v 51.28097 -10.17203 -4.23302
v 51.67302 -10.20078 -4.31206
v 51.67302 -10.13188 -4.17987
v 51.28097 -9.85970 -4.22672
v 51.67302 -9.94649 -4.32158
v 51.67302 -9.81987 -4.17903
v 49.09443 -9.72118 -4.13924
v 49.27346 -9.70801 -4.11827
v 49.43818 -9.69377 -4.09920
v 50.51979 -9.77635 -4.15360
v 50.89650 -9.74301 -4.10922
v 52.07244 -10.18480 -4.63172
v 52.07244 -10.17375 -4.61653
v 52.07244 -10.14053 -4.57132
v 52.47904 -10.14373 -4.57261
v 52.07244 -10.08508 -4.49695
v 52.47904 -10.13264 -4.55776
v 52.47904 -10.09933 -4.51356
v 52.07244 -10.24892 -4.42531
v 52.07244 -10.23893 -4.40670
v 52.07244 -10.20927 -4.35005
v 52.47904 -10.20766 -4.36520
v 52.47904 -10.19762 -4.34694
v 52.07244 -10.00705 -4.39550
v 52.47904 -10.04373 -4.44082
v 52.47904 -9.96552 -4.34157
v 52.89259 -10.10175 -4.51287
v 52.89259 -10.09063 -4.49837
v 52.89259 -10.05723 -4.45518
v 53.30444 -10.05976 -4.45376
v 53.30444 -10.04861 -4.43960
v 52.89259 -10.00148 -4.38411
v 53.30444 -10.01512 -4.39742
v 52.07244 -10.15998 -4.25585
v 52.47904 -10.16781 -4.29137
v 52.07244 -10.09074 -4.12610
v 52.47904 -10.11827 -4.19899
v 52.07244 -9.90570 -4.27076
v 52.47904 -9.86403 -4.21942
v 52.89259 -10.16549 -4.30444
v 52.89259 -10.15541 -4.28653
v 52.89259 -10.12545 -4.23207
v 53.30444 -10.12330 -4.24431
v 53.30444 -10.11317 -4.22676
v 52.89259 -10.07566 -4.14154
v 53.30444 -10.08308 -4.17340
v 52.89259 -9.92311 -4.28709
v 53.30444 -9.95924 -4.32801
v 53.30444 -9.88071 -4.23320
v 52.89259 -9.82149 -4.16756
v 53.73973 -10.01040 -4.39189
v 53.73973 -9.99922 -4.37809
v 53.73973 -9.96567 -4.33700
v 53.73973 -10.07376 -4.18137
v 53.73973 -10.06360 -4.16420
v 53.73973 -9.90969 -4.26935
v 53.73973 -10.03338 -4.11202
v 53.73973 -9.83107 -4.17691
v 54.17288 -9.96108 -4.33074
v 54.17288 -9.94989 -4.31730
v 54.17288 -9.91627 -4.27728
v 54.61213 -9.91087 -4.26917
v 54.61213 -9.89965 -4.25609
v 54.61213 -9.86599 -4.21714
v 54.17288 -10.02425 -4.11918
v 54.17288 -10.01406 -4.10239
v 54.17288 -9.86021 -4.21138
v 54.61213 -9.80986 -4.15299
v 52.07244 -9.77908 -4.13083
v 53.30444 -9.77896 -4.11628
v 54.17288 -9.78150 -4.12127
v 44.24318 -9.95435 -4.08601
v 44.38616 -9.94967 -4.06658
v 44.54023 -9.94386 -4.04576
v 44.70531 -9.93721 -4.02360
v 44.88133 -9.93004 -4.00014
v 45.06818 -9.92235 -3.97543
v 45.26579 -9.91412 -3.94949
v 45.45584 -9.90612 -3.92474
v 46.16157 -10.06026 -4.08370
v 45.69283 -9.89378 -3.89426
v 45.92204 -9.88172 -3.86506
v 46.16157 -9.86899 -3.83483
v 43.41368 -9.76453 -3.92909
v 43.46582 -9.76293 -3.92195
v 43.55842 -9.76007 -3.90931
v 43.62201 -9.75809 -3.90067
v 43.69709 -9.75573 -3.89049
v 43.78361 -9.75300 -3.87881
v 43.88153 -9.74988 -3.86564
v 43.99081 -9.74637 -3.85101
v 44.11138 -9.74246 -3.83494
v 43.41368 -9.52220 -3.65128
v 43.46582 -9.52058 -3.64436
v 43.55842 -9.51769 -3.63213
v 44.24318 -9.73813 -3.81748
v 44.38616 -9.73339 -3.79866
v 44.54023 -9.72754 -3.77851
v 44.70531 -9.72086 -3.75707
v 43.41368 -9.02715 -3.97865
v 43.46582 -9.02594 -3.97158
v 43.55842 -9.02377 -3.95907
v 43.62201 -9.02226 -3.95052
v 43.69709 -9.02047 -3.94046
v 43.78361 -9.01837 -3.92893
v 43.88153 -9.01597 -3.91593
v 43.99081 -9.01325 -3.90152
v 44.11138 -9.01021 -3.88571
v 44.24318 -9.29329 -4.09672
v 44.38616 -9.28946 -4.07772
v 44.54023 -9.28454 -4.05756
v 44.70531 -9.27884 -4.03622
v 44.24318 -9.00683 -3.86855
v 44.38616 -9.00309 -3.85007
v 44.54023 -8.99831 -3.83051
v 44.70531 -8.99276 -3.80983
v 46.16157 -9.47607 -4.07875
v 44.88133 -9.71367 -3.73439
v 45.06818 -9.70594 -3.71050
v 45.26579 -9.69768 -3.68544
v 45.45584 -9.68965 -3.66154
v 45.69283 -9.67733 -3.63215
v 44.88133 -9.27268 -4.01367
v 45.06818 -9.26603 -3.98995
v 45.26579 -9.25890 -3.96511
v 45.45584 -9.25193 -3.94146
v 45.69283 -9.24086 -3.91270
v 45.92204 -9.23001 -3.88521
v 44.88133 -8.98676 -3.78798
v 45.06818 -8.98029 -3.76501
v 45.26579 -8.97333 -3.74098
v 45.45584 -8.96655 -3.71810
v 46.16157 -9.21854 -3.85681
v 45.69283 -8.95575 -3.69035
v 45.92204 -8.94517 -3.66385
v 46.16157 -8.93398 -3.63650
v 43.62201 -9.51569 -3.62376
v 43.69709 -9.51332 -3.61391
v 43.78361 -9.51056 -3.60260
v 43.88153 -9.50742 -3.58986
v 43.99081 -9.50388 -3.57570
v 44.11138 -9.49993 -3.56017
v 44.24318 -9.49557 -3.54328
v 44.38616 -9.49079 -3.52508
v 44.54023 -9.48493 -3.50561
v 44.70531 -9.47827 -3.48491
v 43.41368 -9.25556 -3.36540
v 43.46582 -9.25393 -3.35873
v 43.55842 -9.25103 -3.34692
v 43.62201 -9.24902 -3.33885
v 43.69709 -9.24663 -3.32934
v 43.78361 -9.24386 -3.31843
v 43.88153 -9.24070 -3.30614
v 43.99081 -9.23715 -3.29249
v 44.11138 -9.23318 -3.27751
v 44.24318 -9.22881 -3.26123
v 44.38616 -9.22401 -3.24368
v 44.54023 -9.21818 -3.22492
v 44.70531 -9.21156 -3.20498
v 44.88133 -9.47109 -3.46301
v 45.06818 -9.46339 -3.43995
v 45.26579 -9.45515 -3.41578
v 45.92204 -9.66529 -3.60400
v 46.16157 -9.65259 -3.57487
v 45.45584 -9.44713 -3.39273
v 45.69283 -9.43491 -3.36441
v 45.92204 -9.42297 -3.33730
v 46.16157 -9.41037 -3.30927
v 44.88133 -9.20443 -3.18390
v 45.06818 -9.19678 -3.16170
v 46.41128 -10.04691 -4.05132
v 46.47692 -10.04338 -4.04286
v 46.67105 -10.03120 -4.01790
v 46.94075 -10.01415 -3.98351
v 47.22024 -9.99634 -3.94821
v 47.50938 -9.97776 -3.91205
v 46.41128 -9.85560 -3.80362
v 46.47692 -9.85205 -3.79546
v 46.67105 -9.83989 -3.77143
v 46.94075 -9.82287 -3.73834
v 47.22024 -9.80508 -3.70441
v 48.11600 -10.09845 -4.06539
v 47.80801 -9.95582 -3.87536
v 48.43317 -10.07462 -4.02553
v 48.75937 -10.04995 -3.98491
v 48.11600 -9.93282 -3.83793
v 48.43317 -9.90899 -3.79977
v 48.75937 -9.88431 -3.76093
v 46.41128 -9.46378 -4.04834
v 46.47692 -9.46053 -4.04040
v 46.67105 -9.44918 -4.01724
v 46.94075 -9.43327 -3.98540
v 47.22024 -9.41663 -3.95281
v 47.50938 -9.39925 -3.91950
v 47.50938 -9.78653 -3.66968
v 46.41128 -9.20644 -3.82757
v 46.47692 -9.20323 -3.81994
v 46.67105 -9.19207 -3.79774
v 46.94075 -9.17642 -3.76724
v 47.22024 -9.16005 -3.73605
v 47.50938 -9.14295 -3.70421
v 47.80801 -9.60918 -4.09421
v 48.11600 -9.58729 -4.05831
v 47.80801 -9.37865 -3.88584
v 48.43317 -9.56459 -4.02178
v 48.75937 -9.54107 -3.98465
v 47.80801 -9.76469 -3.63451
v 48.11600 -9.35705 -3.85160
v 48.43317 -9.33463 -3.81679
v 48.75937 -9.31141 -3.78145
v 47.80801 -9.12272 -3.67212
v 48.11600 -9.10151 -3.63951
v 46.41128 -9.63922 -3.54482
v 46.47692 -9.63569 -3.53697
v 46.67105 -9.62360 -3.51386
v 46.94075 -9.60668 -3.48206
v 47.22024 -9.58901 -3.44947
v 47.50938 -9.57057 -3.41613
v 46.41128 -9.39711 -3.28035
v 46.47692 -9.39360 -3.27280
v 46.67105 -9.38166 -3.25059
v 46.94075 -9.36494 -3.22004
v 47.22024 -9.34748 -3.18875
v 46.41128 -8.92216 -3.60834
v 46.47692 -8.91903 -3.60100
v 46.67105 -8.90814 -3.57969
v 46.94075 -8.89288 -3.55044
v 47.22024 -8.87691 -3.52055
v 47.50938 -8.86022 -3.49005
v 48.11600 -9.74181 -3.59867
v 48.43317 -9.71808 -3.56216
v 48.75937 -9.69353 -3.52504
v 47.80801 -9.54894 -3.38246
v 48.11600 -9.52628 -3.34817
v 48.43317 -9.50279 -3.31327
v 48.75937 -9.47847 -3.27781
v 47.80801 -8.84053 -3.45940
v 48.11600 -8.81987 -3.42828
v 48.43317 -9.07950 -3.60639
v 48.75937 -9.05670 -3.57279
v 43.41368 -8.96496 -3.07447
v 43.46582 -8.96334 -3.06806
v 43.55842 -8.96043 -3.05670
v 43.62201 -8.95842 -3.04893
v 43.69709 -8.95603 -3.03978
v 43.78361 -8.95326 -3.02929
v 43.88153 -8.95010 -3.01746
v 43.99081 -8.94655 -3.00433
v 44.11138 -8.94259 -2.98992
v 44.24318 -8.93822 -2.97427
v 44.38616 -8.93344 -2.95740
v 44.54023 -8.92765 -2.93937
v 44.70531 -8.92112 -2.92021
v 45.26579 -9.18859 -3.13843
v 45.45584 -9.18064 -3.11626
v 45.69283 -9.16857 -3.08903
v 45.92204 -9.15678 -3.06297
v 46.16157 -9.14434 -3.03603
v 44.88133 -8.91407 -2.89994
v 45.06818 -8.90652 -2.87862
v 45.26579 -8.89844 -2.85627
v 45.45584 -8.89060 -2.83497
v 45.69283 -8.87874 -2.80884
v 45.92204 -8.86716 -2.78383
v 46.16157 -8.85494 -2.75799
v 47.50938 -9.32928 -3.15676
v 46.41128 -9.13124 -3.00826
v 46.47692 -9.12778 -3.00101
v 46.67105 -9.11604 -2.97970
v 46.94075 -9.09961 -2.95040
v 46.41128 -8.84209 -2.73134
v 46.47692 -8.83869 -2.72439
v 46.67105 -8.82721 -2.70397
v 47.22024 -9.08245 -2.92039
v 47.50938 -9.06455 -2.88973
v 47.80801 -9.30797 -3.12452
v 48.11600 -9.28566 -3.09172
v 48.43317 -9.26253 -3.05835
v 48.75937 -9.23859 -3.02446
v 47.80801 -9.04367 -2.85891
v 48.11600 -9.02181 -2.82757
v 48.43317 -8.99915 -2.79570
v 48.75937 -8.97570 -2.76335
v 43.41368 -8.71509 -3.74533
v 43.46582 -8.71393 -3.73845
v 43.55842 -8.71185 -3.72629
v 43.62201 -8.71039 -3.71797
v 43.69709 -8.70866 -3.70819
v 43.78361 -8.70665 -3.69698
v 43.88153 -8.70433 -3.68435
v 43.99081 -8.70171 -3.67034
v 44.11138 -8.69877 -3.65499
v 44.24318 -8.69551 -3.63832
v 43.41368 -8.38022 -3.50814
v 43.46582 -8.37911 -3.50147
v 43.55842 -8.37712 -3.48966
v 43.62201 -8.37574 -3.48160
v 43.69709 -8.37408 -3.47211
v 43.78361 -8.37216 -3.46123
v 43.88153 -8.36994 -3.44899
v 43.99081 -8.36744 -3.43541
v 44.11138 -8.36463 -3.42052
v 44.38616 -8.69190 -3.62038
v 44.54023 -8.68729 -3.60143
v 44.70531 -8.68193 -3.58141
v 44.24318 -8.36150 -3.40437
v 44.38616 -8.35805 -3.38699
v 44.54023 -8.35363 -3.36866
v 44.70531 -8.34850 -3.34933
v 43.41368 -8.02372 -3.26836
v 43.46582 -8.02267 -3.26190
v 43.55842 -8.02079 -3.25047
v 43.62201 -8.01948 -3.24266
v 43.69709 -8.01792 -3.23348
v 43.78361 -8.01609 -3.22296
v 43.88153 -8.01400 -3.21111
v 43.99081 -8.01163 -3.19797
v 44.11138 -8.00896 -3.18357
v 44.24318 -8.00599 -3.16795
v 44.88133 -8.67614 -3.56027
v 45.06818 -8.66989 -3.53806
v 45.26579 -8.66317 -3.51482
v 45.45584 -8.65662 -3.49271
v 45.69283 -8.64616 -3.46598
v 45.92204 -8.63592 -3.44045
v 46.16157 -8.62508 -3.41412
v 44.88133 -8.34295 -3.32892
v 45.06818 -8.33696 -3.30748
v 45.26579 -8.33053 -3.28506
v 45.45584 -8.32423 -3.26374
v 45.69283 -8.31418 -3.23803
v 45.92204 -8.30432 -3.21351
v 46.16157 -8.29389 -3.18821
v 46.41128 -8.61363 -3.38703
v 46.47692 -8.61060 -3.37997
v 46.67105 -8.60005 -3.35954
v 46.94075 -8.58527 -3.33151
v 47.22024 -8.56980 -3.30288
v 47.50938 -8.55363 -3.27370
v 46.41128 -8.28287 -3.16220
v 48.43317 -8.79844 -3.39670
v 47.80801 -8.53458 -3.24443
v 48.11600 -8.51459 -3.21474
v 48.75937 -8.77623 -3.36469
v 48.43317 -8.49385 -3.18463
v 43.41368 -8.65112 -2.78083
v 43.46582 -8.64950 -2.77467
v 43.55842 -8.64661 -2.76377
v 43.62201 -8.64461 -2.75632
v 43.69709 -8.64223 -2.74755
v 43.78361 -8.63948 -2.73748
v 43.88153 -8.63634 -2.72613
v 43.99081 -8.63281 -2.71354
v 44.11138 -8.62888 -2.69971
v 44.38616 -8.00272 -3.15115
v 44.54023 -7.99852 -3.13347
v 44.70531 -7.99366 -3.11484
v 44.88133 -7.98839 -3.09518
v 45.06818 -7.98269 -3.07454
v 45.26579 -7.97657 -3.05296
v 45.45584 -7.97059 -3.03244
v 45.69283 -7.96099 -3.00779
v 45.92204 -7.95157 -2.98426
v 46.16157 -7.94160 -2.96002
v 44.24318 -8.62455 -2.68470
v 44.38616 -8.61980 -2.66851
v 44.54023 -8.61410 -2.65122
v 44.70531 -8.60768 -2.63284
v 43.41368 -8.31512 -2.48600
v 43.46582 -8.31352 -2.48011
v 43.55842 -8.31066 -2.46968
v 43.62201 -8.30868 -2.46255
v 43.69709 -8.30633 -2.45416
v 43.78361 -8.30361 -2.44453
v 43.88153 -8.30051 -2.43368
v 43.99081 -8.29703 -2.42163
v 44.11138 -8.29315 -2.40840
v 44.24318 -8.28887 -2.39403
v 44.38616 -8.28419 -2.37854
v 44.54023 -8.27861 -2.36200
v 44.70531 -8.27235 -2.34442
v 44.88133 -8.60077 -2.61341
v 45.06818 -8.59336 -2.59296
v 45.26579 -8.58543 -2.57154
v 45.45584 -8.57774 -2.55112
v 45.69283 -8.56616 -2.52607
v 45.92204 -8.55485 -2.50210
v 46.16157 -8.54293 -2.47734
v 44.88133 -8.26561 -2.32583
v 45.06818 -8.25838 -2.30626
v 45.26579 -8.25066 -2.28575
v 45.45584 -8.24316 -2.26621
v 45.69283 -8.23193 -2.24224
v 43.41368 -7.64060 -3.04411
v 43.46582 -7.63963 -3.03786
v 43.55842 -7.63790 -3.02680
v 43.62201 -7.63669 -3.01924
v 43.69709 -7.63525 -3.01036
v 43.78361 -7.63356 -3.00017
v 43.88153 -7.63162 -2.98871
v 43.99081 -7.62942 -2.97599
v 44.11138 -7.62696 -2.96206
v 44.24318 -7.62421 -2.94694
v 44.38616 -7.62117 -2.93068
v 44.54023 -7.61727 -2.91361
v 44.70531 -7.61274 -2.89563
v 43.41368 -7.23833 -2.82027
v 43.46582 -7.23746 -2.81423
v 43.55842 -7.23588 -2.80355
v 43.62201 -7.23478 -2.79626
v 43.69709 -7.23347 -2.78768
v 43.78361 -7.23194 -2.77784
v 43.88153 -7.23018 -2.76677
v 43.99081 -7.22817 -2.75449
v 44.11138 -7.22592 -2.74104
v 44.24318 -7.22341 -2.72644
v 44.38616 -7.22063 -2.71073
v 44.54023 -7.21705 -2.69428
v 44.88133 -7.60783 -2.87667
v 45.06818 -7.60253 -2.85675
v 45.26579 -7.59682 -2.83593
v 45.45584 -7.59124 -2.81614
v 45.69283 -7.58221 -2.79242
v 45.92204 -7.57336 -2.76979
v 46.16157 -7.56398 -2.74648
v 44.70531 -7.21289 -2.67697
v 44.88133 -7.20838 -2.65871
v 45.06818 -7.20350 -2.63954
v 45.26579 -7.19824 -2.61950
v 45.45584 -7.19310 -2.60044
v 45.69283 -7.18470 -2.57767
v 45.92204 -7.17646 -2.55595
v 46.16157 -7.16772 -2.53357
v 46.47692 -8.27995 -3.15543
v 46.67105 -8.26980 -3.13588
v 46.94075 -8.25557 -3.10907
v 46.41128 -7.93107 -2.93511
v 46.47692 -7.92828 -2.92862
v 47.22024 -8.24067 -3.08171
v 47.50938 -8.22510 -3.05384
v 46.67105 -7.91857 -2.90996
v 46.94075 -7.90496 -2.88439
v 47.22024 -7.89070 -2.85830
v 47.50938 -7.87580 -2.83174
v 48.75937 -8.47236 -3.15414
v 47.80801 -8.20678 -3.02595
v 48.11600 -8.18756 -2.99769
v 48.43317 -8.16761 -2.96905
v 48.75937 -8.14693 -2.94006
v 47.80801 -7.85829 -2.80524
v 48.11600 -7.83992 -2.77840
v 46.94075 -8.81115 -2.67589
v 47.22024 -8.79437 -2.64715
v 47.50938 -8.77688 -2.61778
v 46.41128 -8.53039 -2.45181
v 46.47692 -8.52708 -2.44515
v 46.67105 -8.51592 -2.42559
v 46.94075 -8.50031 -2.39870
v 47.22024 -8.48401 -2.37119
v 47.50938 -8.46701 -2.34308
v 47.80801 -8.75652 -2.58833
v 48.11600 -8.73522 -2.55840
v 48.43317 -8.71315 -2.52798
v 48.75937 -8.69031 -2.49711
v 47.80801 -8.44730 -2.31496
v 48.11600 -8.42667 -2.28638
v 48.43317 -8.40529 -2.25735
v 48.75937 -8.38317 -2.22788
v 46.41128 -7.55407 -2.72251
v 46.47692 -7.55144 -2.71627
v 46.67105 -7.54229 -2.69839
v 48.43317 -7.82086 -2.75122
v 48.75937 -7.80109 -2.72373
v 46.94075 -7.52945 -2.67388
v 47.22024 -7.51601 -2.64887
v 47.50938 -7.50196 -2.62342
v 46.41128 -7.15849 -2.51056
v 46.47692 -7.15604 -2.50457
v 46.67105 -7.14749 -2.48747
v 46.94075 -7.13549 -2.46402
v 47.22024 -7.12292 -2.44011
v 47.50938 -7.10978 -2.41577
v 47.80801 -7.48544 -2.59808
v 48.11600 -7.46812 -2.57242
v 48.43317 -7.45014 -2.54644
v 48.75937 -7.43150 -2.52017
v 47.80801 -7.09435 -2.39158
v 48.11600 -7.07815 -2.36710
v 48.43317 -7.06134 -2.34232
v 48.75937 -7.04390 -2.31726
v 49.79044 -10.10409 -4.06555
v 49.09443 -10.02444 -3.94359
v 49.27346 -10.01075 -3.92166
v 49.43818 -9.99602 -3.90165
v 50.15104 -10.07162 -4.02020
v 49.79044 -9.96438 -3.85914
v 49.09443 -9.85880 -3.72145
v 49.27346 -9.84510 -3.70052
v 49.43818 -9.83042 -3.68145
v 50.15104 -9.93184 -3.81604
v 50.51979 -10.03825 -3.97422
v 50.89650 -10.00400 -3.92764
v 51.28097 -10.08290 -4.06549
v 51.67302 -10.04238 -4.01522
v 51.28097 -9.96888 -3.88049
v 50.51979 -9.89841 -3.77237
v 50.89650 -9.86410 -3.72818
v 51.67302 -9.92816 -3.83304
v 51.28097 -9.82893 -3.68348
v 49.79044 -9.66319 -4.05873
v 49.09443 -9.51674 -3.94695
v 49.27346 -9.50367 -3.92699
v 49.43818 -9.48958 -3.90888
v 49.79044 -9.45933 -3.87049
v 50.15104 -9.63173 -4.01774
v 49.79044 -9.79890 -3.64098
v 50.15104 -9.42820 -3.83165
v 49.09443 -9.28739 -3.74560
v 49.27346 -9.27449 -3.72663
v 49.43818 -9.26061 -3.70948
v 49.79044 -9.23081 -3.67314
v 50.15104 -9.20015 -3.63640
v 50.51979 -9.59940 -3.97625
v 50.89650 -9.56622 -3.93430
v 51.28097 -9.70883 -4.06433
v 51.67302 -9.66908 -4.01935
v 51.28097 -9.53221 -3.89190
v 50.51979 -9.39621 -3.79236
v 50.89650 -9.36338 -3.75267
v 51.67302 -9.78826 -3.63859
v 51.67302 -9.49273 -3.84954
v 51.28097 -9.32973 -3.71259
v 51.67302 -9.29076 -3.67268
v 49.09443 -9.66815 -3.48732
v 49.27346 -9.65452 -3.46734
v 49.43818 -9.63996 -3.44918
v 49.79044 -9.60871 -3.41065
v 50.15104 -9.76648 -3.59997
v 49.09443 -9.45334 -3.24180
v 49.27346 -9.43985 -3.22274
v 49.43818 -9.42549 -3.20545
v 49.79044 -9.39465 -3.16880
v 50.15104 -9.57657 -3.37165
v 49.09443 -9.03311 -3.53876
v 49.27346 -9.02044 -3.52076
v 49.43818 -9.00684 -3.50454
v 49.79044 -8.97765 -3.47021
v 50.15104 -8.94761 -3.43553
v 50.51979 -9.73317 -3.55847
v 50.89650 -9.69899 -3.51649
v 51.28097 -9.66396 -3.47405
v 51.67302 -9.62357 -3.43153
v 50.51979 -9.54355 -3.33219
v 50.89650 -9.50968 -3.29231
v 51.28097 -9.47496 -3.25203
v 51.67302 -9.43503 -3.21176
v 50.51979 -9.16865 -3.59929
v 50.89650 -9.13633 -3.56182
v 50.51979 -8.91675 -3.40053
v 51.28097 -9.10320 -3.52401
v 51.67302 -9.06489 -3.48651
v 50.89650 -8.88508 -3.36522
v 51.28097 -8.85263 -3.32963
v 51.67302 -8.81516 -3.29446
v 52.47904 -10.04869 -4.07173
v 52.07244 -10.00088 -3.96439
v 52.47904 -9.95847 -3.91303
v 52.89259 -10.00576 -4.01682
v 53.30444 -10.03304 -4.08471
v 53.30444 -9.96283 -3.96250
v 52.07244 -9.88647 -3.78509
v 52.47904 -9.84389 -3.73667
v 52.89259 -9.91518 -3.86116
v 53.30444 -9.87191 -3.80988
v 53.73973 -9.98314 -4.02530
v 53.73973 -9.91267 -3.90578
v 54.17288 -9.98373 -4.05136
v 54.61213 -9.97384 -4.05656
v 54.61213 -9.96362 -4.04014
v 54.61213 -9.93318 -3.99028
v 54.17288 -9.93330 -3.96659
v 54.61213 -9.88258 -3.90746
v 53.73973 -9.82148 -3.75640
v 54.17288 -9.86259 -3.84972
v 54.61213 -9.81163 -3.79326
v 52.47904 -9.73740 -4.08214
v 52.07244 -9.62839 -3.97392
v 52.47904 -9.58683 -3.92805
v 52.89259 -9.69487 -4.03298
v 53.30444 -9.65238 -3.98438
v 52.89259 -9.54442 -3.88176
v 52.07244 -9.45233 -3.80679
v 52.47904 -9.41108 -3.76364
v 52.89259 -9.80043 -3.68779
v 53.30444 -9.75701 -3.63948
v 53.30444 -9.50206 -3.83601
v 52.89259 -9.36900 -3.72013
v 53.30444 -9.32698 -3.67713
v 52.07244 -9.25088 -3.63242
v 53.73973 -9.72927 -4.06278
v 53.73973 -9.60281 -3.93375
v 54.17288 -9.67968 -4.00989
v 54.61213 -9.73108 -4.06523
v 54.61213 -9.62925 -3.95661
v 54.17288 -9.55336 -3.88370
v 53.73973 -9.45275 -3.78843
v 54.17288 -9.77115 -3.70356
v 54.61213 -9.71997 -3.65032
v 54.61213 -9.50309 -3.83326
v 54.17288 -9.40357 -3.74139
v 54.61213 -9.35360 -3.69399
v 53.73973 -9.27815 -3.63249
v 52.07244 -9.74664 -3.59325
v 52.47904 -9.70413 -3.54749
v 52.89259 -9.66076 -3.50132
v 53.30444 -9.61744 -3.45569
v 52.07244 -9.58223 -3.38861
v 52.47904 -9.54002 -3.34531
v 52.07244 -9.39417 -3.17113
v 52.89259 -9.49697 -3.30164
v 53.30444 -9.45397 -3.25850
v 52.47904 -9.21016 -3.59182
v 52.07244 -9.02570 -3.44870
v 52.47904 -8.98569 -3.41059
v 52.89259 -9.16864 -3.55088
v 53.30444 -9.12719 -3.51044
v 52.89259 -8.94490 -3.37218
v 53.30444 -8.90419 -3.33425
v 53.73973 -9.70651 -3.58918
v 53.73973 -9.56716 -3.40828
v 54.17288 -9.65614 -3.53948
v 54.61213 -9.60494 -3.48941
v 53.73973 -9.40417 -3.21376
v 54.17288 -9.51702 -3.36143
v 54.61213 -9.46607 -3.31424
v 54.17288 -9.35451 -3.16956
v 53.73973 -9.07909 -3.46855
v 54.17288 -9.22946 -3.58837
v 54.61213 -9.18001 -3.54390
v 54.17288 -9.03114 -3.42715
v 53.73973 -8.85702 -3.29507
v 54.61213 -8.98246 -3.38542
v 50.15104 -9.36294 -3.13172
v 49.09443 -9.21385 -2.99008
v 49.27346 -9.20057 -2.97188
v 49.43818 -9.18647 -2.95541
v 49.79044 -9.15621 -2.92053
v 49.09443 -8.95147 -2.73054
v 49.27346 -8.93846 -2.71318
v 49.43818 -8.92469 -2.69752
v 50.15104 -9.12510 -2.88526
v 50.51979 -9.33037 -3.09423
v 50.89650 -9.29695 -3.05637
v 51.28097 -9.26271 -3.01814
v 51.67302 -9.22342 -2.98002
v 50.51979 -9.09315 -2.84962
v 50.89650 -9.06037 -2.81364
v 51.28097 -9.02678 -2.77734
v 51.67302 -8.98833 -2.74123
v 49.79044 -8.89515 -2.66435
v 50.15104 -8.86477 -2.63082
v 50.51979 -8.83358 -2.59697
v 52.47904 -9.35246 -3.13016
v 52.89259 -9.30992 -3.08886
v 52.07244 -9.18322 -2.94159
v 53.30444 -9.26745 -3.04807
v 52.47904 -9.14219 -2.90284
v 52.07244 -8.94899 -2.70484
v 52.89259 -9.10036 -2.86380
v 53.30444 -9.05860 -2.82526
v 53.73973 -9.21834 -3.00587
v 54.61213 -9.30407 -3.12503
v 54.17288 -9.16938 -2.96418
v 53.73973 -9.01038 -2.78549
v 54.61213 -9.11966 -2.92219
v 54.17288 -8.96233 -2.74621
v 54.61213 -8.91353 -2.70665
v 52.47904 -8.90885 -2.66817
v 52.89259 -8.86792 -2.63124
v 53.30444 -8.82707 -2.59479
v 49.09443 -8.75325 -3.33228
v 49.27346 -8.74091 -3.31516
v 49.43818 -8.72768 -3.29978
v 49.79044 -8.69929 -3.26725
v 50.15104 -8.67009 -3.23441
v 50.51979 -8.64008 -3.20129
v 50.89650 -8.60929 -3.16791
v 52.07244 -8.77684 -3.25903
v 52.47904 -8.73773 -3.22335
v 52.89259 -8.69785 -3.18739
v 54.17288 -8.81001 -3.25634
v 54.61213 -8.76229 -3.21729
v 49.09443 -8.45012 -3.12329
v 49.27346 -8.43818 -3.10699
v 49.43818 -8.42540 -3.09242
v 49.79044 -8.39797 -3.06160
v 50.15104 -8.36975 -3.03051
v 49.09443 -8.12555 -2.91075
v 49.27346 -8.11406 -2.89528
v 49.43818 -8.10178 -2.88150
v 49.79044 -8.07542 -2.85236
v 50.15104 -8.04831 -2.82300
v 50.51979 -8.34075 -2.99918
v 51.28097 -8.57774 -3.13428
v 51.67302 -8.54135 -3.10119
v 50.89650 -8.31100 -2.96762
v 51.28097 -8.28052 -2.93583
v 50.51979 -8.02045 -2.79343
v 50.89650 -7.99187 -2.76366
v 51.67302 -8.24539 -2.90472
v 51.28097 -7.96258 -2.73370
v 51.67302 -7.92886 -2.70451
v 49.09443 -8.66670 -2.46581
v 49.27346 -8.65404 -2.44926
v 49.43818 -8.64067 -2.43436
v 49.79044 -8.61198 -2.40282
v 50.15104 -8.58249 -2.37096
v 50.89650 -8.80158 -2.56281
v 51.28097 -8.76880 -2.52836
v 51.67302 -8.73135 -2.49418
v 50.51979 -8.55220 -2.33880
v 50.89650 -8.52114 -2.30636
v 51.28097 -8.48932 -2.27366
v 51.67302 -8.45304 -2.24130
v 49.09443 -7.78065 -2.69596
v 49.27346 -7.76966 -2.68130
v 49.43818 -7.75794 -2.66830
v 49.79044 -7.73277 -2.64084
v 49.09443 -7.41222 -2.49363
v 49.27346 -7.40186 -2.47963
v 49.43818 -7.39080 -2.46726
v 50.15104 -7.70688 -2.61319
v 49.79044 -7.36706 -2.44114
v 50.15104 -7.34263 -2.41484
v 49.09443 -7.02587 -2.29195
v 49.27346 -7.01618 -2.27860
v 49.43818 -7.00583 -2.26686
v 49.79044 -6.98362 -2.24206
v 50.51979 -7.68028 -2.58535
v 50.89650 -7.65299 -2.55735
v 51.28097 -7.62502 -2.52919
v 51.67302 -7.59284 -2.50191
v 50.51979 -7.31754 -2.38838
v 50.89650 -7.29179 -2.36176
v 51.28097 -7.26542 -2.33500
v 51.67302 -7.23505 -2.30921
v 52.07244 -8.50414 -3.06789
v 52.47904 -8.46616 -3.03435
v 53.30444 -8.65807 -3.15190
v 52.89259 -8.42745 -3.00058
v 53.30444 -8.38884 -2.96725
v 52.07244 -8.20947 -2.87341
v 52.47904 -8.17282 -2.84190
v 52.89259 -8.13547 -2.81018
v 53.30444 -8.09821 -2.77889
v 53.73973 -8.61203 -3.11534
v 53.73973 -8.34419 -2.93302
v 54.17288 -8.56616 -3.07921
v 54.61213 -8.51961 -3.04278
v 53.73973 -8.05517 -2.74686
v 54.17288 -8.29973 -2.89920
v 54.61213 -8.25461 -2.86509
v 54.17288 -8.01231 -2.71522
v 52.07244 -8.69304 -2.45975
v 52.47904 -8.65396 -2.42507
v 52.89259 -8.61411 -2.39016
v 53.30444 -8.57435 -2.35572
v 52.07244 -7.89438 -2.67517
v 52.47904 -7.85920 -2.64565
v 52.89259 -7.82336 -2.61595
v 53.73973 -8.77998 -2.55729
v 54.17288 -8.73305 -2.52026
v 54.61213 -8.68541 -2.48297
v 53.73973 -8.52857 -2.32040
v 54.17288 -8.48296 -2.28553
v 54.61213 -8.43666 -2.25043
v 54.61213 -7.96883 -2.68332
v 52.07244 -7.55994 -2.47449
v 53.30444 -7.78760 -2.58666
v 52.47904 -7.52637 -2.44693
v 52.89259 -7.49218 -2.41921
v 53.30444 -7.45807 -2.39189
v 52.07244 -7.20401 -2.28331
v 52.47904 -7.17234 -2.25727
v 52.89259 -7.14007 -2.23109
v 53.73973 -7.74634 -2.55679
v 54.17288 -7.70526 -2.52728
v 54.61213 -7.66359 -2.49753
v 53.73973 -7.41875 -2.36414
v 54.17288 -7.37960 -2.33674
v 54.61213 -7.33989 -2.30911
v 43.41368 -6.81831 -2.59825
v 43.46582 -6.81753 -2.59244
v 43.55842 -6.81613 -2.58215
v 43.62201 -6.81516 -2.57512
v 43.69709 -6.81399 -2.56685
v 43.78361 -6.81262 -2.55737
v 43.88153 -6.81105 -2.54671
v 43.99081 -6.80926 -2.53487
v 44.11138 -6.80724 -2.52191
v 44.24318 -6.80499 -2.50784
v 44.38616 -6.80250 -2.49271
v 44.54023 -6.79927 -2.47688
v 44.70531 -6.79551 -2.46026
v 43.41368 -6.38089 -2.38244
v 43.46582 -6.38022 -2.37684
v 43.55842 -6.37901 -2.36695
v 43.62201 -6.37817 -2.36019
v 43.69709 -6.37716 -2.35224
v 43.78361 -6.37597 -2.34313
v 43.88153 -6.37461 -2.33286
v 43.99081 -6.37305 -2.32148
v 44.11138 -6.37130 -2.30901
v 44.24318 -6.36933 -2.29547
v 44.38616 -6.36715 -2.28090
v 44.54023 -6.36431 -2.26571
v 44.70531 -6.36098 -2.24977
v 44.88133 -6.79142 -2.44272
v 45.06818 -6.78699 -2.42430
v 45.26579 -6.78223 -2.40504
v 45.45584 -6.77755 -2.38673
v 44.88133 -6.35736 -2.23294
v 45.69283 -6.76983 -2.36492
v 45.92204 -6.76224 -2.34412
v 46.16157 -6.75420 -2.32268
v 46.41128 -6.74570 -2.30065
v 46.47692 -6.74344 -2.29491
v 46.67105 -6.73553 -2.27858
v 46.94075 -6.72443 -2.25621
v 47.22024 -6.71280 -2.23339
v 55.05725 -9.85978 -4.20721
v 55.05725 -9.84855 -4.19449
v 55.05725 -9.81485 -4.15661
v 55.32374 -9.82909 -4.17032
v 55.32374 -9.81786 -4.15782
v 55.50801 -9.80605 -4.14487
v 55.32374 -9.78413 -4.12058
v 55.50801 -9.79482 -4.13252
v 55.05725 -9.92254 -3.99355
v 55.05725 -9.91229 -3.97751
v 55.05725 -9.88176 -3.92881
v 55.32374 -9.89172 -3.95605
v 55.32374 -9.88146 -3.94023
v 55.32374 -9.85088 -3.89223
v 55.50801 -9.86860 -3.93018
v 55.50801 -9.85833 -3.91452
v 55.50801 -9.82772 -3.86700
v 55.96419 -9.81121 -3.86649
v 55.05725 -9.83099 -3.84795
v 55.96419 -9.80092 -3.85121
v 55.05725 -9.75865 -4.09422
v 55.05725 -9.67982 -4.00881
v 55.32374 -9.72791 -4.05923
v 55.05725 -9.57801 -3.90296
v 55.32374 -9.64906 -3.97520
v 55.32374 -9.54727 -3.87099
v 55.50801 -9.76109 -4.09571
v 55.50801 -9.70486 -4.03508
v 55.96419 -9.74887 -4.08219
v 55.96419 -9.73763 -4.07020
v 55.96419 -9.70391 -4.03447
v 55.50801 -9.62603 -3.95202
v 55.96419 -9.64769 -3.97560
v 55.96419 -9.56890 -3.89489
v 55.32374 -9.80002 -3.81253
v 55.05725 -9.75983 -3.73644
v 55.32374 -9.72874 -3.70260
v 55.05725 -9.45204 -3.78246
v 55.32374 -9.42142 -3.75218
v 55.50801 -9.77682 -3.78811
v 55.96419 -9.77026 -3.80488
v 55.50801 -9.70549 -3.67929
v 55.96419 -9.71926 -3.72797
v 55.50801 -9.52428 -3.84894
v 55.96419 -9.46729 -3.79459
v 55.50801 -9.39855 -3.73131
v 55.96419 -9.34189 -3.67983
v 55.05725 -9.30286 -3.64622
v 56.42554 -9.69084 -4.01926
v 56.42554 -9.67960 -4.00763
v 56.42554 -9.64588 -3.97297
v 56.42554 -9.58970 -3.91584
v 56.89185 -9.63197 -3.95614
v 56.89185 -9.62074 -3.94487
v 56.89185 -9.58705 -3.91126
v 57.34050 -9.57514 -3.89587
v 57.34050 -9.56392 -3.88493
v 56.42554 -9.75295 -3.80258
v 56.42554 -9.74265 -3.78768
v 56.42554 -9.71195 -3.74252
v 56.42554 -9.66086 -3.66758
v 56.42554 -9.51098 -3.83747
v 56.42554 -9.40953 -3.73993
v 56.89185 -9.69384 -3.73850
v 56.89185 -9.68354 -3.72397
v 56.89185 -9.65280 -3.67997
v 57.34050 -9.63677 -3.67734
v 57.34050 -9.62646 -3.66316
v 56.89185 -9.53091 -3.85585
v 56.89185 -9.45229 -3.77979
v 57.34050 -9.53026 -3.85230
v 57.34050 -9.47419 -3.79851
v 56.89185 -9.35103 -3.68496
v 57.34050 -9.39568 -3.72461
v 57.34050 -9.29464 -3.63234
v 55.05725 -9.66796 -3.59673
v 55.32374 -9.63676 -3.56481
v 55.05725 -9.55293 -3.43899
v 55.32374 -9.52174 -3.40895
v 55.50801 -9.61346 -3.54284
v 55.96419 -9.64781 -3.62186
v 55.96419 -9.55570 -3.48869
v 55.05725 -9.41435 -3.26670
v 55.32374 -9.38333 -3.23837
v 55.50801 -9.49849 -3.38830
v 55.96419 -9.44086 -3.33739
v 55.50801 -9.36025 -3.21893
v 55.32374 -9.27245 -3.61774
v 55.05725 -9.12982 -3.49907
v 55.32374 -9.09974 -3.47234
v 55.50801 -9.24977 -3.59813
v 55.96419 -9.19358 -3.54972
v 55.50801 -9.07734 -3.45394
v 55.96419 -9.02187 -3.40851
v 55.05725 -8.93307 -3.34334
v 55.32374 -8.90347 -3.31823
v 55.96419 -9.30304 -3.17098
v 55.50801 -8.88147 -3.30098
v 55.96419 -8.82698 -3.25835
v 56.42554 -9.58932 -3.56416
v 56.42554 -9.49715 -3.43424
v 56.89185 -9.60166 -3.60698
v 57.34050 -9.59570 -3.62025
v 57.34050 -9.54452 -3.54909
v 56.89185 -9.53006 -3.50622
v 57.34050 -9.47289 -3.45082
v 56.42554 -9.38248 -3.28616
v 56.89185 -9.43786 -3.37953
v 57.34050 -9.38070 -3.32715
v 56.89185 -9.32338 -3.23463
v 56.42554 -9.28448 -3.62802
v 56.42554 -9.13669 -3.50095
v 56.89185 -9.22637 -3.57588
v 57.34050 -9.17038 -3.52591
v 56.89185 -9.07913 -3.45183
v 57.34050 -9.02369 -3.40470
v 56.42554 -8.96573 -3.36271
v 57.34050 -9.26644 -3.18527
v 56.89185 -8.90895 -3.31654
v 57.34050 -8.85430 -3.27218
v 57.83833 -9.50907 -3.83005
v 57.83833 -9.49788 -3.81947
v 57.83833 -9.46429 -3.78791
v 57.83833 -9.40834 -3.73587
v 57.83833 -9.33003 -3.66430
v 58.31803 -9.44521 -3.76713
v 58.31803 -9.43404 -3.75688
v 58.31803 -9.40053 -3.72632
v 58.31803 -9.34472 -3.67590
v 58.80170 -9.38061 -3.70419
v 58.80170 -9.36947 -3.69427
v 58.80170 -9.33606 -3.66467
v 59.28911 -9.31531 -3.64128
v 59.28911 -9.30421 -3.63167
v 59.35980 -9.30582 -3.63219
v 57.83833 -9.57044 -3.61059
v 57.83833 -9.56014 -3.59679
v 57.83833 -9.52939 -3.55507
v 57.83833 -9.47823 -3.48590
v 58.31803 -9.50631 -3.54683
v 58.31803 -9.49602 -3.53339
v 58.31803 -9.46530 -3.49278
v 58.31803 -9.41418 -3.42546
v 58.80170 -9.44143 -3.48309
v 58.80170 -9.43116 -3.47000
v 58.80170 -9.40047 -3.43047
v 57.83833 -9.40663 -3.39036
v 57.83833 -9.31455 -3.27000
v 58.31803 -9.34265 -3.33247
v 58.80170 -9.34942 -3.36497
v 57.83833 -9.22932 -3.57481
v 57.83833 -9.10561 -3.47126
v 58.31803 -9.26664 -3.60652
v 58.31803 -9.16628 -3.51962
v 58.80170 -9.28041 -3.61584
v 58.80170 -9.20259 -3.54858
v 58.80170 -9.10261 -3.46419
v 58.31803 -9.04312 -3.41877
v 57.83833 -8.95964 -3.35315
v 58.31803 -9.25071 -3.21519
v 58.80170 -9.27799 -3.27444
v 58.31803 -8.89789 -3.30356
v 58.80170 -8.98006 -3.36597
v 58.80170 -8.83560 -3.25360
v 59.28911 -9.37582 -3.41943
v 59.35980 -9.36629 -3.41024
v 59.28911 -9.36557 -3.40668
v 59.35980 -9.35604 -3.39754
v 59.28911 -9.33495 -3.36819
v 59.35980 -9.32543 -3.35920
v 59.78000 -9.30666 -3.35612
v 59.35980 -9.29472 -3.62263
v 59.28911 -9.27090 -3.60301
v 59.35980 -9.26144 -3.59410
v 59.28911 -9.21545 -3.55570
v 59.35980 -9.20602 -3.54701
v 59.28911 -9.13792 -3.49049
v 59.35980 -9.12853 -3.48209
v 59.28911 -9.03837 -3.40854
v 59.35980 -9.02905 -3.40048
v 59.78000 -9.24646 -3.57861
v 59.78000 -9.23541 -3.56931
v 59.78000 -9.20225 -3.54154
v 60.27412 -9.17648 -3.51608
v 59.78000 -9.14704 -3.49571
v 59.78000 -9.06988 -3.43247
v 60.27412 -9.16548 -3.50707
v 60.27412 -9.13248 -3.48016
v 60.27412 -9.07755 -3.43572
v 59.28911 -9.28398 -3.30444
v 59.35980 -9.27448 -3.29570
v 59.28911 -9.21270 -3.21632
v 59.35980 -9.20322 -3.20792
v 59.28911 -8.91645 -3.31288
v 59.35980 -8.90722 -3.30519
v 59.78000 -9.29644 -3.34370
v 59.78000 -9.26590 -3.30625
v 60.27412 -9.23634 -3.29302
v 60.27412 -9.22616 -3.28092
v 59.78000 -9.21508 -3.24422
v 60.27412 -9.19573 -3.24445
v 60.27412 -9.14508 -3.18408
v 59.78000 -8.97085 -3.35286
v 60.27412 -9.00080 -3.37438
v 60.27412 -8.90233 -3.29701
v 59.78000 -8.84966 -3.25967
v 55.05725 -9.25286 -3.08018
v 55.32374 -9.22217 -3.05345
v 55.50801 -9.19936 -3.03514
v 55.96419 -9.14284 -2.98996
v 55.05725 -9.06920 -2.87989
v 55.32374 -9.03896 -2.85468
v 55.50801 -9.01652 -2.83745
v 55.96419 -8.96092 -2.79494
v 56.42554 -9.24512 -3.12271
v 56.42554 -9.08563 -2.94446
v 56.89185 -9.18650 -3.07412
v 57.34050 -9.13006 -3.02752
v 56.42554 -8.90465 -2.75210
v 56.89185 -9.02776 -2.89864
v 57.34050 -8.97204 -2.85467
v 56.89185 -8.84775 -2.70894
v 55.05725 -8.86403 -2.66680
v 55.32374 -8.83437 -2.64305
v 55.50801 -8.81238 -2.62686
v 57.83833 -9.20064 -3.13140
v 57.83833 -9.06490 -2.97672
v 58.31803 -9.13717 -3.07968
v 58.80170 -9.18624 -3.16017
v 58.80170 -9.07311 -3.02768
v 58.31803 -9.00209 -2.92788
v 57.83833 -8.90781 -2.80678
v 58.80170 -8.93872 -2.87872
v 58.31803 -8.84591 -2.76069
v 59.28911 -9.12117 -3.10496
v 59.35980 -9.11172 -3.09698
v 59.28911 -9.00849 -2.97542
v 59.35980 -8.99912 -2.96785
v 59.78000 -9.14401 -3.15845
v 60.27412 -9.07427 -3.10058
v 59.78000 -9.05279 -3.04997
v 60.27412 -8.98341 -2.99487
v 59.28911 -8.87483 -2.82924
v 59.35980 -8.86556 -2.82207
v 59.78000 -8.94066 -2.92334
v 60.27412 -8.87188 -2.87107
v 55.05725 -8.71389 -3.17792
v 56.42554 -8.77186 -3.21533
v 56.89185 -8.71613 -3.17193
v 57.83833 -8.79124 -3.22368
v 58.31803 -8.73047 -3.17693
v 59.28911 -8.77282 -3.20327
v 59.35980 -8.76371 -3.19597
v 60.27412 -8.78194 -3.20621
v 55.32374 -8.68490 -3.15442
v 55.05725 -8.47241 -3.00603
v 55.32374 -8.44414 -2.98410
v 55.50801 -8.66338 -3.13829
v 55.96419 -8.61009 -3.09841
v 55.50801 -8.42318 -2.96906
v 55.96419 -8.37131 -2.93187
v 55.05725 -8.20888 -2.83069
v 55.32374 -8.18149 -2.81015
v 55.50801 -8.16121 -2.79609
v 55.96419 -8.11103 -2.76132
v 56.42554 -8.55619 -3.05816
v 57.34050 -8.66251 -3.13020
v 56.89185 -8.50173 -3.01750
v 57.34050 -8.44934 -2.97837
v 56.42554 -8.31886 -2.89431
v 56.42554 -8.06031 -2.72617
v 56.89185 -8.26588 -2.85633
v 57.34050 -8.21494 -2.81975
v 55.96419 -8.75792 -2.58692
v 55.05725 -8.63708 -2.44542
v 55.32374 -8.60813 -2.42303
v 55.50801 -8.58670 -2.40783
v 55.96419 -8.53361 -2.37030
v 55.05725 -7.92477 -2.65113
v 55.32374 -7.89839 -2.63191
v 55.50801 -7.87888 -2.61878
v 55.96419 -7.83061 -2.58629
v 56.42554 -8.70282 -2.54666
v 57.34050 -8.79299 -2.66751
v 56.89185 -8.64711 -2.50608
v 57.34050 -8.59351 -2.46712
v 56.42554 -8.47991 -2.33248
v 56.89185 -8.42564 -2.29436
v 57.34050 -8.37342 -2.25774
v 56.89185 -8.00908 -2.69062
v 57.34050 -7.95984 -2.65634
v 55.05725 -7.62137 -2.46752
v 55.32374 -7.59610 -2.44960
v 55.50801 -7.57743 -2.43738
v 55.96419 -7.53125 -2.40714
v 55.05725 -7.29967 -2.28124
v 55.32374 -7.27560 -2.26460
v 55.50801 -7.25785 -2.25328
v 55.96419 -7.21393 -2.22525
v 56.42554 -7.78183 -2.55344
v 56.89185 -7.73258 -2.52019
v 57.34050 -7.68525 -2.48811
v 56.42554 -7.48459 -2.37655
v 56.89185 -7.43750 -2.34557
v 57.34050 -7.39226 -2.31566
v 57.83833 -8.60071 -3.08457
v 57.83833 -8.38904 -2.93560
v 58.80170 -8.66920 -3.12977
v 58.31803 -8.54119 -3.04054
v 58.80170 -8.48121 -2.99605
v 58.80170 -8.78349 -2.71425
v 58.31803 -8.33099 -2.89428
v 57.83833 -8.15638 -2.77979
v 58.80170 -8.27252 -2.85246
v 58.31803 -8.10003 -2.74113
v 58.80170 -8.04328 -2.70195
v 59.28911 -8.60748 -3.08217
v 59.35980 -8.59853 -3.07526
v 59.28911 -8.42081 -2.95108
v 59.35980 -8.41205 -2.94455
v 59.78000 -8.70696 -3.15274
v 60.27412 -8.64023 -3.10185
v 59.78000 -8.54280 -3.03430
v 60.27412 -8.47731 -2.98600
v 59.78000 -8.80782 -2.77994
v 60.27412 -8.73991 -2.73041
v 59.78000 -8.35759 -2.90577
v 59.28911 -8.21366 -2.81012
v 59.35980 -8.20512 -2.80396
v 60.27412 -8.29360 -2.85997
v 59.78000 -8.15211 -2.76739
v 60.27412 -8.08985 -2.72411
v 57.83833 -8.72994 -2.62244
v 58.31803 -8.66919 -2.57904
v 58.80170 -8.60795 -2.53527
v 57.83833 -8.53187 -2.42482
v 58.31803 -8.47250 -2.38405
v 58.80170 -8.41267 -2.34292
v 57.83833 -7.90331 -2.61893
v 58.31803 -7.84893 -2.58270
v 59.28911 -8.72059 -2.66746
v 59.35980 -8.71146 -2.66067
v 59.28911 -8.54626 -2.49113
v 59.35980 -8.53731 -2.48472
v 59.78000 -8.65465 -2.62088
v 60.27412 -8.58786 -2.57403
v 59.28911 -8.35241 -2.30140
v 59.35980 -8.34367 -2.29537
v 59.78000 -8.48164 -2.44725
v 60.27412 -8.41620 -2.40308
v 59.28911 -7.98619 -2.66221
v 59.35980 -7.97792 -2.65643
v 59.78000 -7.92656 -2.62204
v 60.27412 -7.86626 -2.58128
v 59.78000 -8.28932 -2.26021
v 58.80170 -7.79419 -2.54594
v 57.83833 -7.63099 -2.45315
v 57.83833 -7.34046 -2.28312
v 58.31803 -7.57879 -2.41925
v 58.80170 -7.52628 -2.38482
v 58.31803 -7.29066 -2.25154
v 59.28911 -7.73913 -2.50862
v 59.35980 -7.73115 -2.50318
v 59.78000 -7.68167 -2.47082
v 59.28911 -7.47347 -2.34983
v 59.35980 -7.46582 -2.34473
v 60.27412 -7.62361 -2.43242
v 59.78000 -7.41842 -2.31434
v 60.27412 -7.36281 -2.27824
v 60.77122 -9.10588 -3.45369
v 60.77122 -9.09494 -3.44495
v 60.77122 -9.06212 -3.41885
v 60.77122 -9.16538 -3.23012
v 60.77122 -9.15525 -3.21833
v 60.77122 -9.12494 -3.18281
v 60.77122 -9.00750 -3.37575
v 60.77122 -8.93118 -3.31620
v 60.77122 -8.83333 -3.24098
v 61.27104 -9.09382 -3.16747
v 61.27104 -9.03470 -3.39147
v 61.27104 -9.02382 -3.38299
v 61.27104 -8.99120 -3.35767
v 61.37910 -9.01928 -3.37809
v 61.37910 -9.00842 -3.36966
v 61.37910 -8.97585 -3.34450
v 61.27104 -8.93691 -3.31583
v 61.37910 -8.92163 -3.30292
v 61.77334 -8.96273 -3.33004
v 61.77334 -8.95192 -3.32180
v 61.77334 -8.91953 -3.29719
v 61.27104 -8.86108 -3.25798
v 61.37910 -8.84591 -3.24542
v 61.77334 -8.86562 -3.25653
v 62.27784 -8.89019 -3.26899
v 62.27784 -8.87946 -3.26098
v 62.27784 -8.84731 -3.23704
v 62.78431 -8.81718 -3.20823
v 60.77122 -9.07450 -3.12401
v 60.77122 -9.00398 -3.04268
v 60.77122 -8.91354 -2.93962
v 61.27104 -9.08374 -3.15597
v 61.37910 -9.07832 -3.15400
v 61.37910 -9.06825 -3.14257
v 61.27104 -9.05357 -3.12135
v 61.37910 -9.03812 -3.10813
v 61.27104 -9.00336 -3.06405
v 61.37910 -8.98796 -3.05115
v 61.77334 -9.02146 -3.10570
v 61.77334 -9.01144 -3.09447
v 61.77334 -8.98144 -3.06071
v 61.27104 -8.93318 -2.98478
v 61.37910 -8.91786 -2.97231
v 61.77334 -8.93151 -3.00484
v 61.77334 -8.86173 -2.92753
v 61.27104 -8.84320 -2.88424
v 61.37910 -8.82799 -2.87229
v 62.27784 -8.94852 -3.04440
v 62.27784 -8.93856 -3.03344
v 62.27784 -8.90875 -3.00048
v 62.27784 -8.85914 -2.94595
v 62.78431 -8.87508 -2.98346
v 62.78431 -8.86520 -2.97275
v 62.78431 -8.83560 -2.94053
v 61.27104 -8.76388 -3.18479
v 61.37910 -8.74886 -3.17266
v 61.77334 -8.79033 -3.20027
v 62.27784 -8.79381 -3.19748
v 62.78431 -8.80655 -3.20042
v 62.78431 -8.77466 -3.17710
v 60.77122 -8.71378 -3.15246
v 60.77122 -8.57310 -3.05059
v 60.77122 -8.41146 -2.93723
v 61.27104 -8.64521 -3.09844
v 61.37910 -8.63038 -3.08677
v 61.77334 -8.69385 -3.12900
v 61.77334 -8.57614 -3.04471
v 61.27104 -8.50561 -2.99895
v 61.37910 -8.49102 -2.98777
v 61.77334 -8.43770 -2.94747
v 60.77122 -8.80265 -2.81855
v 61.77334 -8.77229 -2.82939
v 61.27104 -8.73300 -2.76579
v 61.37910 -8.71794 -2.75439
v 61.77334 -8.66286 -2.71346
v 61.27104 -8.34530 -2.88799
v 61.37910 -8.33100 -2.87732
v 60.77122 -8.22929 -2.81364
v 61.77334 -8.27880 -2.83882
v 61.27104 -8.16470 -2.76677
v 61.37910 -8.15075 -2.75660
v 61.77334 -8.09988 -2.71988
v 62.27784 -8.71911 -3.14270
v 62.27784 -8.62341 -3.07322
v 62.27784 -8.50671 -2.99087
v 62.78431 -8.72160 -3.13854
v 62.78431 -8.64752 -3.08513
v 62.78431 -8.55264 -3.01731
v 62.78431 -8.43699 -2.93677
v 62.27784 -8.78981 -2.87048
v 62.27784 -8.70097 -2.77461
v 62.27784 -8.36950 -2.89576
v 62.78431 -8.78633 -2.88725
v 62.78431 -8.71749 -2.81348
v 62.78431 -8.62930 -2.71973
v 62.27784 -8.21206 -2.78930
v 62.78431 -8.30105 -2.84368
v 62.78431 -8.14513 -2.73930
v 60.77122 -8.67159 -2.68054
v 60.77122 -8.52070 -2.52680
v 61.27104 -8.60289 -2.63036
v 61.37910 -8.58804 -2.61950
v 61.77334 -8.53377 -2.58054
v 61.27104 -8.45319 -2.47919
v 61.37910 -8.43860 -2.46887
v 60.77122 -8.35042 -2.35849
v 61.77334 -8.38534 -2.43190
v 60.77122 -8.02732 -2.68026
v 61.27104 -7.96453 -2.63580
v 61.37910 -7.95097 -2.62614
v 61.77334 -7.90160 -2.59125
v 61.27104 -8.28434 -2.31349
v 61.37910 -8.27006 -2.30374
v 61.77334 -8.21797 -2.26881
v 62.27784 -8.59236 -2.66107
v 62.27784 -8.46434 -2.53058
v 62.78431 -8.52156 -2.60846
v 62.78431 -8.39466 -2.48029
v 62.27784 -8.31721 -2.38442
v 62.27784 -8.03486 -2.67257
v 62.27784 -7.83853 -2.54620
v 62.78431 -7.96967 -2.62468
v 62.78431 -8.24888 -2.33655
v 60.77122 -7.80572 -2.53990
v 61.27104 -7.74497 -2.49786
v 61.37910 -7.73186 -2.48872
v 60.77122 -7.56532 -2.39337
v 61.77334 -7.68417 -2.45567
v 61.27104 -7.50686 -2.35364
v 61.37910 -7.49424 -2.34499
v 61.77334 -7.44843 -2.31372
v 60.77122 -7.30700 -2.24147
v 62.78431 -7.77532 -2.50051
v 62.27784 -7.62327 -2.41293
v 62.27784 -7.38995 -2.27322
v 62.78431 -7.56227 -2.36948
v 62.78431 -7.33140 -2.23197
v 63.29247 -8.74375 -3.14777
v 63.29247 -8.73321 -3.14015
v 63.39840 -8.72842 -3.13523
v 63.29247 -8.70160 -3.11739
v 63.39840 -8.71790 -3.12765
v 63.39840 -8.68635 -3.10500
v 63.29247 -8.64901 -3.07975
v 63.39840 -8.63386 -3.06754
v 63.80206 -8.66871 -3.08809
v 63.80206 -8.65827 -3.08064
v 63.80206 -8.62697 -3.05838
v 63.29247 -8.57559 -3.02759
v 63.80206 -8.57489 -3.02156
v 63.39840 -8.56058 -3.01562
v 63.29247 -8.48158 -2.96129
v 63.39840 -8.46676 -2.94962
v 63.80206 -8.50220 -2.97051
v 64.31284 -8.59301 -3.02890
v 64.31284 -8.58268 -3.02159
v 64.31284 -8.55171 -2.99976
v 64.31284 -8.50017 -2.96367
v 63.29247 -8.80120 -2.92292
v 63.29247 -8.79139 -2.91243
v 63.39840 -8.78577 -2.91038
v 63.39840 -8.77598 -2.89993
v 63.29247 -8.76202 -2.88090
v 63.39840 -8.74666 -2.86854
v 63.29247 -8.71313 -2.82876
v 63.39840 -8.69786 -2.81662
v 63.80206 -8.72570 -2.86329
v 63.80206 -8.71597 -2.85300
v 63.80206 -8.68686 -2.82211
v 63.29247 -8.64483 -2.75658
v 63.39840 -8.62967 -2.74475
v 63.80206 -8.63840 -2.77103
v 63.80206 -8.57069 -2.70030
v 63.29247 -8.36703 -2.88243
v 63.39840 -8.35244 -2.87110
v 63.80206 -8.40913 -2.90558
v 64.31284 -8.64951 -2.80423
v 64.31284 -8.63988 -2.79413
v 64.31284 -8.61104 -2.76381
v 64.31284 -8.42824 -2.91361
v 64.31284 -8.33617 -2.84990
v 64.31284 -8.56304 -2.71369
v 63.80206 -8.29575 -2.82827
v 63.29247 -8.23240 -2.79122
v 63.39840 -8.21809 -2.78025
v 63.80206 -8.16253 -2.73878
v 64.31284 -8.22401 -2.77399
v 64.82452 -8.51700 -2.97010
v 64.82452 -8.50678 -2.96292
v 64.82452 -8.47616 -2.94147
v 64.82452 -8.57300 -2.74565
v 64.82452 -8.42520 -2.90599
v 64.82452 -8.35407 -2.85679
v 65.33687 -8.44072 -2.91174
v 65.33687 -8.43063 -2.90467
v 65.33687 -8.40036 -2.88354
v 65.33687 -8.34999 -2.84860
v 64.82452 -8.56347 -2.73573
v 64.82452 -8.53492 -2.70592
v 65.41770 -8.42867 -2.90258
v 65.41770 -8.41859 -2.89552
v 65.41770 -8.38838 -2.87445
v 65.41770 -8.33811 -2.83960
v 65.84961 -8.36498 -2.85468
v 65.84961 -8.35500 -2.84771
v 65.84961 -8.32510 -2.82690
v 64.82452 -8.26303 -2.79416
v 64.82452 -8.15214 -2.71950
v 65.33687 -8.27970 -2.80015
v 65.33687 -8.18973 -2.73847
v 65.41770 -8.26795 -2.79126
v 65.41770 -8.17815 -2.72973
v 65.84961 -8.27534 -2.79249
v 65.84961 -8.20589 -2.74477
v 63.29247 -8.55734 -2.66477
v 63.39840 -8.54233 -2.65333
v 63.80206 -8.48398 -2.61031
v 63.29247 -8.45052 -2.55564
v 63.39840 -8.43571 -2.54462
v 63.80206 -8.37815 -2.50318
v 64.31284 -8.49598 -2.64427
v 64.31284 -8.41010 -2.55594
v 63.29247 -8.32477 -2.42969
v 63.29247 -8.07803 -2.68881
v 63.39840 -8.06405 -2.67824
v 63.29247 -7.90437 -2.57622
v 63.80206 -8.00979 -2.63821
v 63.39840 -7.89077 -2.56606
v 63.80206 -7.83801 -2.52754
v 64.31284 -8.09225 -2.68607
v 64.31284 -7.94121 -2.58722
v 63.39840 -8.31020 -2.41912
v 63.80206 -8.25362 -2.37939
v 63.29247 -8.18036 -2.28829
v 63.39840 -8.16609 -2.27819
v 63.80206 -8.11066 -2.24028
v 64.31284 -8.30532 -2.45068
v 64.31284 -8.18206 -2.32894
v 64.82452 -8.48741 -2.65664
v 64.82452 -8.42103 -2.58839
v 65.33687 -8.49620 -2.68759
v 65.33687 -8.48677 -2.67782
v 65.33687 -8.45854 -2.64846
v 65.33687 -8.41154 -2.59994
v 64.82452 -8.33603 -2.50154
v 65.33687 -8.34588 -2.53274
v 65.41770 -8.48407 -2.67848
v 65.41770 -8.47465 -2.66873
v 65.41770 -8.44647 -2.63945
v 65.41770 -8.39955 -2.59104
v 65.84961 -8.41995 -2.63085
v 65.84961 -8.41063 -2.62122
v 65.84961 -8.38271 -2.59232
v 65.41770 -8.33401 -2.52401
v 65.84961 -8.33624 -2.54454
v 65.33687 -8.08015 -2.66494
v 64.82452 -8.02188 -2.63302
v 65.33687 -7.95141 -2.57979
v 64.82452 -7.87257 -2.53576
v 65.84961 -8.11701 -2.68402
v 65.84961 -8.27132 -2.47838
v 65.41770 -8.06878 -2.65638
v 65.84961 -8.00875 -2.61161
v 65.41770 -7.94028 -2.57143
v 65.84961 -7.88158 -2.52775
v 64.82452 -8.23236 -2.39800
v 65.33687 -8.26181 -2.44722
v 65.33687 -8.15927 -2.34527
v 64.82452 -8.11041 -2.27819
v 65.33687 -8.03866 -2.22730
v 65.41770 -8.25009 -2.43869
v 65.84961 -8.18820 -2.39417
v 65.41770 -8.14772 -2.33699
v 65.84961 -8.08681 -2.29379
v 64.31284 -7.77135 -2.47837
v 63.29247 -7.71203 -2.45417
v 63.39840 -7.69885 -2.44444
v 63.80206 -7.64778 -2.40751
v 63.29247 -7.50122 -2.32532
v 63.39840 -7.48851 -2.31604
v 63.80206 -7.43930 -2.28075
v 64.31284 -7.58327 -2.36028
v 64.31284 -7.37716 -2.23554
v 65.33687 -7.80387 -2.48401
v 65.41770 -7.79302 -2.47588
v 64.82452 -7.70467 -2.42862
v 65.33687 -7.63796 -2.37851
v 64.82452 -7.51877 -2.31239
v 65.33687 -7.45427 -2.26405
v 65.41770 -7.62743 -2.37064
v 65.84961 -7.73583 -2.43343
v 65.41770 -7.44408 -2.25646
v 65.84961 -7.57194 -2.32954
v 43.41368 -7.95725 -2.19395
v 43.46582 -7.95567 -2.18834
v 43.55842 -7.95286 -2.17841
v 43.62201 -7.95091 -2.17162
v 43.69709 -7.94861 -2.16362
v 43.78361 -7.94594 -2.15444
v 43.88153 -7.94289 -2.14410
v 43.99081 -7.93947 -2.13261
v 44.11138 -7.93566 -2.12001
v 44.24318 -7.93147 -2.10631
v 44.38616 -7.92688 -2.09154
v 44.54023 -7.92146 -2.07576
v 44.70531 -7.91538 -2.05899
v 44.88133 -7.90885 -2.04126
v 45.06818 -7.90185 -2.02259
v 45.26579 -7.89438 -2.00302
v 45.92204 -8.22096 -2.21931
v 46.16157 -8.20940 -2.19562
v 45.45584 -7.88713 -1.98436
v 45.69283 -7.87629 -1.96148
v 45.92204 -7.86572 -1.93959
v 46.16157 -7.85459 -1.91696
v 43.41368 -7.58020 -1.90240
v 43.46582 -7.57866 -1.89707
v 43.55842 -7.57591 -1.88765
v 43.62201 -7.57401 -1.88120
v 43.69709 -7.57175 -1.87361
v 43.78361 -7.56914 -1.86490
v 43.88153 -7.56617 -1.85507
v 43.99081 -7.56283 -1.84417
v 44.11138 -7.55911 -1.83219
v 44.24318 -7.55502 -1.81918
v 44.38616 -7.55055 -1.80514
v 44.54023 -7.54531 -1.79014
v 44.70531 -7.53946 -1.77420
v 44.88133 -7.53317 -1.75733
v 43.41368 -7.18520 -1.61322
v 43.46582 -7.18370 -1.60819
v 43.55842 -7.18102 -1.59928
v 43.62201 -7.17917 -1.59318
v 43.69709 -7.17698 -1.58601
v 43.78361 -7.17445 -1.57776
v 43.88153 -7.17156 -1.56847
v 43.99081 -7.16832 -1.55815
v 44.11138 -7.16472 -1.54682
v 44.24318 -7.16076 -1.53450
v 44.38616 -7.15642 -1.52121
v 44.54023 -7.15139 -1.50700
v 44.70531 -7.14580 -1.49189
v 45.06818 -7.52644 -1.73957
v 45.26579 -7.51925 -1.72095
v 45.45584 -7.51228 -1.70319
v 45.69283 -7.50190 -1.68141
v 45.92204 -7.49178 -1.66056
v 46.16157 -7.48112 -1.63900
v 44.88133 -7.13979 -1.47590
v 45.06818 -7.13336 -1.45906
v 45.26579 -7.12649 -1.44140
v 45.45584 -7.11984 -1.42455
v 45.69283 -7.10996 -1.40387
v 45.92204 -7.10034 -1.38407
v 46.16157 -7.09020 -1.36359
v 46.41128 -8.19724 -2.17119
v 46.47692 -8.19402 -2.16481
v 46.67105 -8.18324 -2.14611
v 46.94075 -8.16817 -2.12039
v 47.22024 -8.15243 -2.09407
v 47.50938 -8.13603 -2.06718
v 46.41128 -7.84287 -1.89363
v 46.47692 -7.83978 -1.88754
v 46.67105 -7.82944 -1.86967
v 47.80801 -8.11704 -2.04034
v 48.11600 -8.09719 -2.01308
v 48.43317 -8.07662 -1.98537
v 48.75937 -8.05534 -1.95727
v 46.94075 -7.81499 -1.84510
v 47.22024 -7.79989 -1.81995
v 47.50938 -7.78417 -1.79426
v 47.80801 -7.76602 -1.76867
v 46.41128 -7.46991 -1.61677
v 46.47692 -7.46695 -1.61097
v 46.67105 -7.45710 -1.59394
v 46.94075 -7.44332 -1.57052
v 47.22024 -7.42895 -1.54655
v 47.50938 -7.41397 -1.52204
v 46.41128 -7.07955 -1.34247
v 46.47692 -7.07674 -1.33695
v 46.67105 -7.06741 -1.32076
v 46.94075 -7.05438 -1.29850
v 48.11600 -7.74705 -1.74267
v 48.43317 -7.72739 -1.71626
v 48.75937 -7.70706 -1.68946
v 47.80801 -7.39673 -1.49769
v 48.11600 -7.37872 -1.47296
v 48.43317 -7.36006 -1.44783
v 48.75937 -7.34077 -1.42232
v 47.22024 -7.04079 -1.27569
v 47.50938 -7.02663 -1.25237
v 47.80801 -7.01038 -1.22925
v 48.11600 -6.99341 -1.20577
v 48.43317 -6.97583 -1.18190
v 48.75937 -6.95766 -1.15767
v 49.09443 -8.36032 -2.19803
v 49.27346 -8.34806 -2.18224
v 49.43818 -8.33516 -2.16807
v 49.79044 -8.30747 -2.13807
v 50.15104 -8.27900 -2.10778
v 49.09443 -8.03336 -1.92878
v 49.27346 -8.02157 -1.91372
v 49.43818 -8.00919 -1.90024
v 49.79044 -7.98263 -1.87172
v 50.15104 -7.95533 -1.84291
v 50.51979 -8.24977 -2.07721
v 50.89650 -8.21980 -2.04639
v 51.28097 -8.18911 -2.01533
v 50.51979 -7.92730 -1.81385
v 50.89650 -7.89856 -1.78455
v 51.67302 -8.15417 -1.98467
v 51.28097 -7.86913 -1.75504
v 51.67302 -7.83570 -1.72599
v 50.15104 -6.96076 -2.21710
v 50.51979 -6.93728 -2.19199
v 50.89650 -6.91319 -2.16674
v 51.28097 -6.88851 -2.14135
v 51.67302 -6.86008 -2.11703
v 49.09443 -7.68607 -1.66229
v 49.27346 -7.67480 -1.64793
v 49.43818 -7.66301 -1.63511
v 49.79044 -7.63772 -1.60799
v 50.15104 -7.61172 -1.58060
v 49.09443 -7.32085 -1.39646
v 49.27346 -7.31016 -1.38278
v 49.43818 -7.29901 -1.37062
v 49.79044 -7.27508 -1.34486
v 50.15104 -7.25049 -1.31886
v 50.51979 -7.58503 -1.55296
v 50.89650 -7.55766 -1.52511
v 51.28097 -7.52964 -1.49706
v 51.67302 -7.49788 -1.46952
v 50.51979 -7.22525 -1.29263
v 52.07244 -8.41595 -2.20872
v 52.47904 -8.37809 -2.17592
v 52.89259 -8.33951 -2.14292
v 53.30444 -8.30101 -2.11036
v 52.07244 -8.11845 -1.95383
v 52.47904 -8.08201 -1.92279
v 52.89259 -8.04487 -1.89156
v 53.30444 -8.00781 -1.86077
v 53.73973 -8.25675 -2.07710
v 54.17288 -8.21265 -2.04427
v 54.61213 -8.16789 -2.01123
v 53.73973 -7.96525 -1.82943
v 54.17288 -7.92286 -1.79851
v 54.61213 -7.87984 -1.76741
v 53.30444 -7.10790 -2.20529
v 53.73973 -7.07081 -2.17920
v 54.17288 -7.03389 -2.15343
v 54.61213 -6.99646 -2.12746
v 52.07244 -7.80152 -1.69677
v 52.47904 -7.76665 -1.66738
v 52.89259 -7.73112 -1.63782
v 53.30444 -7.69566 -1.60869
v 52.07244 -7.46540 -1.44183
v 52.47904 -7.43226 -1.41398
v 52.89259 -7.39850 -1.38599
v 53.30444 -7.36481 -1.35841
v 53.73973 -7.65500 -1.57915
v 54.17288 -7.61450 -1.55003
v 54.61213 -7.57339 -1.52074
v 53.73973 -7.32622 -1.33056
v 54.17288 -7.28779 -1.30312
v 49.09443 -6.93889 -1.13310
v 49.27346 -6.92883 -1.12011
v 49.43818 -6.91836 -1.10858
v 49.79044 -6.89589 -1.08418
v 50.15104 -6.87281 -1.05954
v 50.89650 -7.19937 -1.26620
v 51.28097 -7.17287 -1.23957
v 51.67302 -7.14289 -1.21351
v 50.51979 -6.84912 -1.03469
v 52.07244 -7.11224 -1.18731
v 52.47904 -7.08097 -1.16096
v 52.89259 -7.04910 -1.13449
v 53.30444 -7.01731 -1.10843
v 53.73973 -6.98094 -1.08223
v 54.61213 -7.24878 -1.27555
v 54.17288 -6.94471 -1.05643
v 54.61213 -6.90794 -1.03052
v 43.41368 -5.92531 -2.18034
v 43.46582 -5.92477 -2.17496
v 43.55842 -5.92378 -2.16546
v 43.62201 -5.92308 -2.15896
v 43.69709 -5.92225 -2.15133
v 43.78361 -5.92127 -2.14256
v 43.88153 -5.92015 -2.13270
v 43.99081 -5.91886 -2.12175
v 44.11138 -5.91740 -2.10975
v 44.24318 -5.91576 -2.09672
v 44.38616 -5.91394 -2.08270
v 44.54023 -5.91153 -2.06811
v 44.70531 -5.90869 -2.05281
v 45.06818 -6.35344 -2.21527
v 45.26579 -6.34921 -2.19679
v 45.45584 -6.34505 -2.17921
v 45.69283 -6.33806 -2.15835
v 44.88133 -5.90560 -2.03666
v 45.06818 -5.90224 -2.01968
v 45.26579 -5.89861 -2.00193
v 45.92204 -6.33119 -2.13844
v 46.16157 -6.32390 -2.11792
v 45.45584 -5.89505 -1.98503
v 45.69283 -5.88888 -1.96503
v 45.92204 -5.88280 -1.94595
v 46.16157 -5.87636 -1.92626
v 43.41368 -6.77338 -1.32868
v 43.46582 -6.77193 -1.32394
v 43.55842 -6.76934 -1.31556
v 43.62201 -6.76756 -1.30981
v 43.69709 -6.76544 -1.30306
v 43.78361 -6.76300 -1.29529
v 43.41368 -5.45571 -1.98647
v 43.46582 -5.45530 -1.98133
v 43.55842 -5.45454 -1.97222
v 43.62201 -5.45401 -1.96599
v 43.69709 -5.45337 -1.95867
v 43.78361 -5.45261 -1.95027
v 43.88153 -5.45173 -1.94080
v 43.99081 -5.45073 -1.93030
v 44.11138 -5.44959 -1.91879
v 44.24318 -5.44830 -1.90628
v 44.38616 -5.44686 -1.89281
v 44.54023 -5.44491 -1.87883
v 44.70531 -5.44259 -1.86418
v 43.41368 -4.97497 -1.79886
v 43.46582 -4.97469 -1.79394
v 43.55842 -4.97418 -1.78523
v 43.62201 -4.97382 -1.77928
v 43.69709 -4.97338 -1.77227
v 43.78361 -4.97285 -1.76423
v 44.88133 -5.44005 -1.84871
v 45.06818 -5.43730 -1.83244
v 45.26579 -5.43430 -1.81542
v 45.45584 -5.43136 -1.79921
v 45.69283 -5.42605 -1.78009
v 45.92204 -5.42082 -1.76182
v 43.88153 -4.97224 -1.75518
v 43.99081 -4.97154 -1.74512
v 44.11138 -4.97073 -1.73410
v 44.24318 -4.96981 -1.72212
v 44.38616 -4.96877 -1.70921
v 44.54023 -4.96729 -1.69584
v 44.70531 -4.96552 -1.68185
v 46.16157 -5.41527 -1.74298
v 44.88133 -4.96356 -1.66706
v 45.06818 -4.96143 -1.65151
v 45.26579 -4.95911 -1.63522
v 45.45584 -4.95681 -1.61970
v 45.69283 -4.95240 -1.60145
v 45.92204 -4.94805 -1.58401
v 46.16157 -4.94342 -1.56600
v 47.50938 -6.70064 -2.21016
v 46.41128 -6.31619 -2.09683
v 46.47692 -6.31414 -2.09134
v 46.67105 -6.30693 -2.07577
v 46.94075 -6.29680 -2.05443
v 47.22024 -6.28619 -2.03267
v 47.50938 -6.27508 -2.01051
v 46.41128 -5.86954 -1.90602
v 46.47692 -5.86773 -1.90074
v 46.67105 -5.86129 -1.88585
v 46.94075 -5.85225 -1.86543
v 47.22024 -5.84276 -1.84458
v 47.80801 -6.68635 -2.18713
v 48.11600 -6.67135 -2.16383
v 48.43317 -6.65578 -2.14024
v 48.75937 -6.63964 -2.11638
v 47.80801 -6.26203 -1.98858
v 48.11600 -6.24833 -1.96639
v 48.43317 -6.23410 -1.94393
v 48.75937 -6.21934 -1.92121
v 47.50938 -5.83284 -1.82335
v 47.80801 -5.82115 -1.80237
v 48.11600 -5.80888 -1.78113
v 48.43317 -5.79613 -1.75962
v 46.41128 -5.40938 -1.72358
v 46.47692 -5.40782 -1.71852
v 46.67105 -5.40219 -1.70431
v 46.94075 -5.39429 -1.68480
v 47.22024 -5.38599 -1.66488
v 47.50938 -5.37731 -1.64457
v 46.41128 -4.93851 -1.54745
v 46.47692 -4.93720 -1.54261
v 46.67105 -4.93242 -1.52907
v 46.94075 -4.92569 -1.51047
v 47.22024 -4.91863 -1.49147
v 47.50938 -4.91123 -1.47208
v 47.80801 -5.36705 -1.62453
v 48.11600 -5.35627 -1.60424
v 48.75937 -5.78291 -1.73785
v 48.43317 -5.34507 -1.58366
v 48.75937 -5.33344 -1.56283
v 47.80801 -4.90245 -1.45297
v 48.11600 -4.89322 -1.43360
v 48.43317 -4.88362 -1.41396
v 48.75937 -4.87365 -1.39406
v 43.88153 -6.76022 -1.28654
v 43.99081 -6.75709 -1.27681
v 44.11138 -6.75363 -1.26613
v 44.24318 -6.74981 -1.25451
v 44.38616 -6.74565 -1.24198
v 44.54023 -6.74085 -1.22857
v 44.70531 -6.73555 -1.21430
v 43.41368 -6.34580 -1.05139
v 43.46582 -6.34441 -1.04695
v 43.55842 -6.34194 -1.03910
v 43.62201 -6.34023 -1.03372
v 43.69709 -6.33820 -1.02739
v 43.78361 -6.33586 -1.02011
v 43.88153 -6.33320 -1.01190
v 43.99081 -6.33021 -1.00278
v 44.11138 -6.32690 -0.99276
v 44.24318 -6.32326 -0.98185
v 44.38616 -6.31928 -0.97008
v 44.54023 -6.31476 -0.95748
v 44.70531 -6.30977 -0.94406
v 44.88133 -6.72985 -1.19920
v 45.06818 -6.72375 -1.18328
v 45.26579 -6.71725 -1.16658
v 45.45584 -6.71095 -1.15065
v 45.69283 -6.70163 -1.13108
v 45.92204 -6.69255 -1.11233
v 46.16157 -6.68299 -1.09293
v 44.88133 -6.30442 -0.92984
v 45.06818 -6.29869 -0.91485
v 45.26579 -6.29260 -0.89911
v 45.45584 -6.28669 -0.88409
v 45.69283 -6.27798 -0.86562
v 45.92204 -6.26949 -0.84791
v 46.16157 -6.26057 -0.82958
v 43.41368 -5.90202 -0.78821
v 43.46582 -5.90071 -0.78407
v 43.55842 -5.89836 -0.77674
v 43.62201 -5.89674 -0.77173
v 43.69709 -5.89482 -0.76581
v 43.78361 -5.89261 -0.75902
v 43.88153 -5.89009 -0.75135
v 43.99081 -5.88727 -0.74283
v 44.11138 -5.88414 -0.73346
v 44.24318 -5.88071 -0.72326
v 44.38616 -5.87696 -0.71224
v 44.54023 -5.87274 -0.70043
v 44.70531 -5.86812 -0.68784
v 44.88133 -5.86316 -0.67449
v 45.06818 -5.85786 -0.66041
v 45.26579 -5.85222 -0.64562
v 45.45584 -5.84676 -0.63149
v 43.41368 -5.44634 -0.53331
v 43.46582 -5.44510 -0.52948
v 43.55842 -5.44290 -0.52268
v 43.62201 -5.44138 -0.51802
v 43.69709 -5.43959 -0.51253
v 43.78361 -5.43751 -0.50622
v 43.88153 -5.43515 -0.49910
v 43.99081 -5.43252 -0.49117
v 44.11138 -5.42959 -0.48246
v 44.24318 -5.42638 -0.47296
v 44.38616 -5.42289 -0.46270
v 44.54023 -5.41900 -0.45168
v 44.70531 -5.41477 -0.43992
v 45.69283 -5.83872 -0.61409
v 45.92204 -5.83089 -0.59740
v 44.88133 -5.41023 -0.42745
v 45.06818 -5.40538 -0.41429
v 45.26579 -5.40023 -0.40044
v 45.45584 -5.39525 -0.38720
v 46.16157 -5.82266 -0.58010
v 45.69283 -5.38792 -0.37088
v 45.92204 -5.38079 -0.35520
v 46.41128 -6.67295 -1.07290
v 46.47692 -6.67030 -1.06767
v 46.67105 -6.66155 -1.05232
v 46.94075 -6.64933 -1.03119
v 47.22024 -6.63658 -1.00954
v 47.50938 -6.62331 -0.98740
v 47.80801 -6.60812 -0.96550
v 48.11600 -6.59227 -0.94325
v 48.43317 -6.57585 -0.92062
v 48.75937 -6.55888 -0.89764
v 46.41128 -6.25120 -0.81064
v 46.47692 -6.24872 -0.80569
v 46.67105 -6.24060 -0.79116
v 46.94075 -6.22925 -0.77115
v 47.22024 -6.21742 -0.75063
v 47.50938 -6.20510 -0.72963
v 47.80801 -6.19106 -0.70891
v 48.11600 -6.17639 -0.68785
v 48.43317 -6.16122 -0.66642
v 48.75937 -6.14554 -0.64464
v 46.41128 -5.81403 -0.56222
v 46.47692 -5.81175 -0.55754
v 46.67105 -5.80431 -0.54380
v 46.94075 -5.79391 -0.52486
v 47.22024 -5.78307 -0.50543
v 47.50938 -5.77180 -0.48553
v 47.80801 -5.75899 -0.46593
v 48.11600 -5.74562 -0.44600
v 48.43317 -5.73178 -0.42571
v 48.75937 -5.71749 -0.40507
v 43.41368 -4.48277 -1.62419
v 43.46582 -4.48264 -1.61950
v 43.55842 -4.48239 -1.61118
v 43.62201 -4.48221 -1.60550
v 43.69709 -4.48198 -1.59880
v 43.78361 -4.48171 -1.59112
v 43.88153 -4.48138 -1.58246
v 43.99081 -4.48100 -1.57285
v 44.11138 -4.48055 -1.56230
v 44.24318 -4.48002 -1.55083
v 44.38616 -4.47941 -1.53847
v 44.54023 -4.47846 -1.52569
v 44.70531 -4.47726 -1.51233
v 43.41368 -3.98104 -1.46318
v 43.46582 -3.98106 -1.45870
v 43.55842 -3.98109 -1.45078
v 43.62201 -3.98111 -1.44535
v 43.69709 -3.98111 -1.43897
v 43.78361 -3.98111 -1.43163
v 43.88153 -3.98109 -1.42337
v 43.99081 -3.98105 -1.41418
v 44.11138 -3.98098 -1.40409
v 44.24318 -3.98087 -1.39311
v 44.38616 -3.98073 -1.38127
v 44.54023 -3.98032 -1.36907
v 44.70531 -3.97974 -1.35631
v 44.88133 -4.47593 -1.49819
v 45.06818 -4.47446 -1.48332
v 45.26579 -4.47286 -1.46773
v 45.45584 -4.47125 -1.45287
v 45.69283 -4.46780 -1.43544
v 45.92204 -4.46439 -1.41877
v 46.16157 -4.46075 -1.40154
v 44.88133 -3.97907 -1.34280
v 45.06818 -3.97831 -1.32857
v 45.26579 -3.97746 -1.31364
v 45.45584 -3.97660 -1.29939
v 43.41368 -3.47401 -1.31040
v 43.46582 -3.47420 -1.30614
v 43.55842 -3.47452 -1.29861
v 43.62201 -3.47473 -1.29345
v 46.41128 -4.45688 -1.38377
v 46.47692 -4.45585 -1.37914
v 46.67105 -4.45196 -1.36621
v 46.94075 -4.44649 -1.34845
v 47.22024 -4.44074 -1.33027
v 47.50938 -4.43470 -1.31171
v 47.80801 -4.42749 -1.29343
v 45.69283 -3.97416 -1.28273
v 45.92204 -3.97174 -1.26678
v 46.16157 -3.96915 -1.25027
v 43.69709 -3.47498 -1.28737
v 43.78361 -3.47525 -1.28038
v 43.88153 -3.47554 -1.27250
v 43.99081 -3.47585 -1.26374
v 44.11138 -3.47618 -1.25411
v 44.24318 -3.47651 -1.24363
v 44.38616 -3.47684 -1.23232
v 44.54023 -3.47699 -1.22068
v 44.70531 -3.47704 -1.20853
v 43.41368 -2.96261 -1.16938
v 43.46582 -2.96296 -1.16534
v 43.55842 -2.96358 -1.15819
v 43.62201 -2.96400 -1.15329
v 43.69709 -2.96449 -1.14752
v 43.78361 -2.96505 -1.14088
v 43.88153 -2.96566 -1.13339
v 43.99081 -2.96634 -1.12506
v 44.11138 -2.96707 -1.11589
v 44.24318 -2.96784 -1.10591
v 44.38616 -2.96866 -1.09512
v 44.54023 -2.96940 -1.08405
v 44.70531 -2.97009 -1.07248
v 44.88133 -3.47705 -1.19564
v 45.06818 -3.47702 -1.18206
v 45.26579 -3.47695 -1.16778
v 45.45584 -3.47684 -1.15415
v 45.69283 -3.47544 -1.13826
v 45.92204 -3.47403 -1.12301
v 46.16157 -3.47251 -1.10722
v 44.88133 -2.97080 -1.06022
v 45.06818 -2.97152 -1.04727
v 45.26579 -2.97225 -1.03365
v 45.45584 -2.97291 -1.02062
v 45.69283 -2.97258 -1.00548
v 45.92204 -2.97221 -0.99093
v 46.16157 -2.97178 -0.97584
v 46.41128 -3.96638 -1.23322
v 46.47692 -3.96564 -1.22877
v 46.67105 -3.96269 -1.21641
v 46.94075 -3.95855 -1.19940
v 47.22024 -3.95418 -1.18197
v 47.50938 -3.94958 -1.16415
v 48.11600 -4.41989 -1.27489
v 48.43317 -4.41198 -1.25606
v 48.75937 -4.40377 -1.23696
v 47.80801 -3.94401 -1.14659
v 48.11600 -3.93813 -1.12876
v 48.43317 -3.93200 -1.11062
v 48.75937 -3.92562 -1.09221
v 46.41128 -3.47086 -1.09089
v 46.47692 -3.47042 -1.08663
v 46.67105 -3.46844 -1.07482
v 46.94075 -3.46564 -1.05855
v 47.22024 -3.46268 -1.04186
v 47.50938 -3.45955 -1.02477
v 46.41128 -2.97129 -0.96021
v 46.47692 -2.97115 -0.95612
v 46.67105 -2.97016 -0.94485
v 46.94075 -2.96874 -0.92930
v 47.22024 -2.96722 -0.91333
v 47.50938 -2.96559 -0.89693
v 47.80801 -3.45565 -1.00792
v 48.11600 -3.45152 -0.99079
v 48.43317 -3.44720 -0.97334
v 48.75937 -3.44270 -0.95560
v 47.80801 -2.96340 -0.88077
v 48.11600 -2.96105 -0.86431
v 48.43317 -2.95858 -0.84751
v 48.75937 -2.95598 -0.83040
v 49.09443 -6.62293 -2.09229
v 49.27346 -6.61395 -2.07959
v 49.43818 -6.60436 -2.06846
v 49.79044 -6.58377 -2.04498
v 50.15104 -6.56259 -2.02134
v 49.09443 -6.20406 -1.89827
v 49.27346 -6.19585 -1.88617
v 49.43818 -6.18708 -1.87563
v 49.79044 -6.16822 -1.85336
v 50.15104 -6.14882 -1.83096
v 50.51979 -6.54082 -1.99756
v 50.89650 -6.51849 -1.97366
v 51.28097 -6.49560 -1.94963
v 51.67302 -6.46922 -1.92675
v 50.51979 -6.12889 -1.80842
v 50.89650 -6.10844 -1.78577
v 51.28097 -6.08748 -1.76300
v 51.67302 -6.06328 -1.74145
v 49.09443 -5.76921 -1.71586
v 49.27346 -5.76185 -1.70425
v 49.43818 -5.75396 -1.69418
v 49.79044 -5.73701 -1.67291
v 50.15104 -5.71956 -1.65150
v 49.09443 -5.32140 -1.54178
v 49.27346 -5.31493 -1.53066
v 49.43818 -5.30796 -1.52105
v 49.79044 -5.29299 -1.50076
v 49.09443 -4.86332 -1.37392
v 49.27346 -4.85776 -1.36329
v 50.15104 -5.27758 -1.48032
v 50.51979 -5.70164 -1.62995
v 50.89650 -5.68324 -1.60829
v 51.28097 -5.66439 -1.58650
v 51.67302 -5.64257 -1.56600
v 50.51979 -5.26175 -1.45974
v 50.89650 -5.24549 -1.43904
v 51.28097 -5.22883 -1.41822
v 51.67302 -5.20947 -1.39873
v 52.07244 -6.83102 -2.09261
v 52.47904 -6.80137 -2.06807
v 52.89259 -6.77117 -2.04340
v 53.30444 -6.74106 -2.01909
v 52.07244 -6.44225 -1.90378
v 52.47904 -6.41474 -1.88071
v 52.89259 -6.38672 -1.85752
v 53.30444 -6.35878 -1.83469
v 53.73973 -6.70634 -1.99462
v 54.17288 -6.67179 -1.97046
v 54.61213 -6.63676 -1.94611
v 53.73973 -6.32658 -1.81179
v 54.17288 -6.29453 -1.78920
v 54.61213 -6.26204 -1.76645
v 52.07244 -6.03854 -1.71982
v 52.47904 -6.01331 -1.69810
v 52.89259 -5.98761 -1.67628
v 53.30444 -5.96198 -1.65479
v 53.73973 -5.93244 -1.63335
v 54.17288 -5.90304 -1.61221
v 54.61213 -5.87324 -1.59091
v 52.07244 -5.62025 -1.54542
v 52.47904 -5.59749 -1.52475
v 52.89259 -5.57430 -1.50399
v 53.30444 -5.55119 -1.48355
v 52.07244 -5.18968 -1.37917
v 52.47904 -5.16949 -1.35953
v 52.89259 -5.14891 -1.33979
v 53.30444 -5.12840 -1.32036
v 53.73973 -5.52451 -1.46324
v 54.17288 -5.49797 -1.44321
v 54.61213 -5.47106 -1.42306
v 53.73973 -5.10470 -1.30114
v 49.09443 -6.54136 -0.87433
v 49.27346 -6.53196 -0.86200
v 49.43818 -6.52222 -0.85110
v 49.79044 -6.50132 -0.82802
v 50.89650 -6.82483 -1.00964
v 51.28097 -6.79996 -0.98441
v 51.67302 -6.77188 -0.95978
v 50.15104 -6.47984 -0.80470
v 49.09443 -6.12935 -0.62255
v 49.27346 -6.12068 -0.61085
v 49.43818 -6.11171 -0.60055
v 49.79044 -6.09247 -0.57871
v 50.15104 -6.07270 -0.55666
v 50.51979 -6.45780 -0.78118
v 50.89650 -6.43521 -0.75747
v 51.28097 -6.41208 -0.73359
v 51.67302 -6.38601 -0.71036
v 50.51979 -6.05242 -0.53440
v 50.89650 -6.03163 -0.51196
v 51.28097 -6.01035 -0.48936
v 51.67302 -5.98642 -0.46742
v 49.09443 -5.70274 -0.38412
v 49.27346 -5.69483 -0.37303
v 49.43818 -5.68669 -0.36327
v 52.07244 -6.74318 -0.93503
v 52.47904 -6.71390 -0.91016
v 52.89259 -6.68405 -0.88517
v 53.30444 -6.65428 -0.86058
v 53.73973 -6.62027 -0.83598
v 52.07244 -6.35937 -0.68700
v 52.47904 -6.33219 -0.66354
v 52.89259 -6.30450 -0.63999
v 53.30444 -6.27686 -0.61681
v 52.07244 -5.96196 -0.44538
v 52.47904 -5.93701 -0.42324
v 52.89259 -5.91158 -0.40102
v 53.30444 -5.88621 -0.37918
v 54.17288 -6.58638 -0.81177
v 54.61213 -6.55199 -0.78749
v 53.73973 -6.24533 -0.59375
v 53.73973 -5.85729 -0.35755
v 54.17288 -6.21391 -0.57107
v 54.61213 -6.18203 -0.54834
v 54.17288 -5.08112 -1.28219
v 54.61213 -5.05721 -1.26312
v 49.43818 -4.85175 -1.35414
v 49.79044 -4.83883 -1.33480
v 50.15104 -4.82552 -1.31531
v 50.51979 -4.81185 -1.29568
v 49.09443 -4.39524 -1.21762
v 49.27346 -4.39066 -1.20740
v 49.43818 -4.38565 -1.19863
v 49.79044 -4.37488 -1.18010
v 50.15104 -4.36379 -1.16140
v 49.09443 -3.91900 -1.07353
v 49.27346 -3.91543 -1.06365
v 49.43818 -3.91147 -1.05521
v 49.79044 -3.90296 -1.03733
v 50.15104 -3.89418 -1.01928
v 50.89650 -4.79780 -1.27592
v 51.28097 -4.78340 -1.25605
v 51.67302 -4.76658 -1.23754
v 50.51979 -4.35238 -1.14256
v 50.89650 -4.34066 -1.12358
v 51.28097 -4.32864 -1.10447
v 51.67302 -4.31448 -1.08677
v 50.51979 -3.88514 -1.00106
v 50.89650 -3.87585 -0.98268
v 51.28097 -3.86631 -0.96417
v 49.09443 -3.43800 -0.93758
v 49.27346 -3.43547 -0.92803
v 49.43818 -3.43258 -0.91990
v 49.79044 -3.42635 -0.90266
v 50.15104 -3.41992 -0.88523
v 50.51979 -3.41329 -0.86761
v 50.89650 -3.40647 -0.84983
v 51.67302 -3.85493 -0.94708
v 51.28097 -3.39945 -0.83189
v 49.09443 -2.95326 -0.81299
v 49.27346 -2.95179 -0.80376
v 49.43818 -2.94998 -0.79592
v 49.79044 -2.94608 -0.77927
v 50.15104 -2.94204 -0.76241
v 51.67302 -3.39088 -0.81539
v 50.51979 -2.93786 -0.74535
v 50.89650 -2.93355 -0.72810
v 51.28097 -2.92910 -0.71069
v 51.67302 -2.92338 -0.69472
v 52.07244 -4.74938 -1.21897
v 52.47904 -4.73184 -1.20031
v 52.89259 -4.71396 -1.18156
v 53.30444 -4.69613 -1.16311
v 52.07244 -4.30000 -1.06899
v 52.47904 -4.28522 -1.05112
v 52.89259 -4.27016 -1.03317
v 53.30444 -4.25514 -1.01550
v 53.73973 -4.67549 -1.14493
v 54.17288 -4.65495 -1.12702
v 54.61213 -4.63413 -1.10901
v 53.73973 -4.23770 -0.99816
v 54.17288 -4.22034 -0.98107
v 54.61213 -4.20273 -0.96390
v 52.07244 -3.84328 -0.92991
v 52.47904 -3.83138 -0.91264
v 52.89259 -3.81925 -0.89529
v 53.30444 -3.80715 -0.87820
v 53.73973 -3.79302 -0.86148
v 54.17288 -3.77896 -0.84501
v 54.61213 -3.76469 -0.82846
v 52.07244 -3.38210 -0.79880
v 52.47904 -3.37313 -0.78211
v 52.07244 -2.91752 -0.67864
v 52.47904 -2.91152 -0.66246
v 52.89259 -3.36397 -0.76533
v 53.30444 -3.35483 -0.74879
v 52.89259 -2.90538 -0.64617
v 53.30444 -2.89925 -0.63013
v 53.73973 -3.34406 -0.73265
v 53.73973 -2.89189 -0.61449
v 54.17288 -3.33333 -0.71676
v 54.61213 -3.32245 -0.70081
v 54.17288 -2.88455 -0.59910
v 54.61213 -2.87709 -0.58366
v 43.41368 -4.98035 -0.28826
v 43.46582 -4.97920 -0.28473
v 43.55842 -4.97716 -0.27846
v 43.62201 -4.97575 -0.27416
v 43.69709 -4.97408 -0.26910
v 43.78361 -4.97216 -0.26327
v 43.88153 -4.96998 -0.25670
v 43.99081 -4.96754 -0.24937
v 44.11138 -4.96484 -0.24131
v 44.24318 -4.96187 -0.23252
v 44.38616 -4.95865 -0.22302
v 44.54023 -4.95512 -0.21280
v 44.70531 -4.95130 -0.20188
v 46.16157 -5.37330 -0.33893
v 44.88133 -4.94721 -0.19028
v 45.06818 -4.94284 -0.17803
v 45.26579 -4.93821 -0.16514
v 45.45584 -4.93373 -0.15279
v 45.69283 -4.92715 -0.13754
v 45.92204 -4.92075 -0.12287
v 46.16157 -4.91404 -0.10765
v 46.41128 -5.36545 -0.32211
v 46.47692 -5.36338 -0.31771
v 46.67105 -5.35664 -0.30475
v 46.94075 -5.34724 -0.28690
v 47.22024 -5.33745 -0.26855
v 47.50938 -5.32727 -0.24974
v 46.41128 -4.90701 -0.09188
v 46.47692 -4.90515 -0.08775
v 46.67105 -4.89916 -0.07558
v 46.94075 -4.89080 -0.05880
v 47.22024 -4.88210 -0.04153
v 47.50938 -4.87305 -0.02381
v 47.80801 -5.31574 -0.23126
v 48.11600 -5.30371 -0.21246
v 48.43317 -5.29128 -0.19330
v 48.75937 -5.27843 -0.17380
v 47.80801 -4.86285 -0.00645
v 43.41368 -4.50577 -0.05436
v 43.46582 -4.50472 -0.05112
v 43.55842 -4.50284 -0.04539
v 43.62201 -4.50155 -0.04145
v 43.69709 -4.50003 -0.03681
v 43.78361 -4.49827 -0.03147
v 43.88153 -4.49627 -0.02544
v 43.99081 -4.49405 -0.01872
v 44.11138 -4.49158 -0.01131
v 44.24318 -4.48888 -0.00324
v 44.38616 -4.48595 0.00550
v 44.54023 -4.48280 0.01493
v 44.70531 -4.47941 0.02502
v 44.88133 -4.47580 0.03574
v 45.06818 -4.47194 0.04708
v 45.26579 -4.46785 0.05902
v 45.45584 -4.46391 0.07047
v 45.69283 -4.45811 0.08466
v 45.92204 -4.45248 0.09831
v 46.16157 -4.44657 0.11251
v 43.41368 -4.02441 0.16733
v 43.46582 -4.02346 0.17027
v 43.55842 -4.02177 0.17548
v 43.62201 -4.02061 0.17906
v 43.69709 -4.01924 0.18327
v 43.78361 -4.01766 0.18813
v 43.88153 -4.01587 0.19363
v 43.99081 -4.01387 0.19976
v 44.11138 -4.01166 0.20651
v 44.24318 -4.00924 0.21389
v 44.38616 -4.00662 0.22187
v 44.54023 -4.00386 0.23051
v 44.70531 -4.00094 0.23977
v 44.88133 -3.99782 0.24963
v 45.06818 -3.99450 0.26006
v 45.26579 -3.99099 0.27107
v 45.45584 -3.98760 0.28163
v 45.69283 -3.98261 0.29476
v 45.92204 -3.97778 0.30741
v 46.16157 -3.97271 0.32058
v 43.41368 -3.53570 0.36928
v 43.46582 -3.53486 0.37193
v 43.55842 -3.53338 0.37663
v 43.62201 -3.53236 0.37986
v 43.69709 -3.53116 0.38367
v 43.78361 -3.52977 0.38806
v 43.88153 -3.52821 0.39303
v 43.99081 -3.52646 0.39858
v 44.11138 -3.52454 0.40470
v 44.24318 -3.52243 0.41140
v 44.38616 -3.52015 0.41865
v 44.54023 -3.51783 0.42653
v 44.70531 -3.51540 0.43499
v 43.41368 -3.04280 0.55402
v 43.46582 -3.04209 0.55638
v 43.55842 -3.04083 0.56058
v 43.62201 -3.03996 0.56347
v 43.69709 -3.03894 0.56688
v 43.78361 -3.03777 0.57082
v 43.88153 -3.03644 0.57528
v 43.99081 -3.03497 0.58026
v 44.88133 -3.51282 0.44401
v 45.06818 -3.51007 0.45357
v 45.26579 -3.50717 0.46367
v 45.45584 -3.50438 0.47337
v 45.69283 -3.50026 0.48548
v 45.92204 -3.49627 0.49717
v 46.16157 -3.49209 0.50935
v 48.11600 -4.85222 0.01123
v 48.43317 -4.84124 0.02927
v 48.75937 -4.82989 0.04764
v 46.41128 -4.44039 0.12722
v 46.47692 -4.43876 0.13108
v 46.67105 -4.43354 0.14246
v 46.94075 -4.42626 0.15819
v 47.22024 -4.41869 0.17437
v 47.50938 -4.41082 0.19101
v 46.41128 -3.96742 0.33426
v 46.47692 -3.96602 0.33784
v 46.67105 -3.96160 0.34845
v 46.94075 -3.95543 0.36312
v 47.22024 -3.94903 0.37824
v 47.50938 -3.94237 0.39379
v 47.80801 -4.40200 0.20727
v 48.11600 -4.39281 0.22384
v 48.43317 -4.38332 0.24076
v 48.75937 -4.37352 0.25802
v 47.80801 -3.93496 0.40896
v 48.11600 -3.92726 0.42444
v 48.43317 -3.91930 0.44026
v 48.75937 -3.91108 0.45641
v 46.41128 -3.48773 0.52202
v 46.47692 -3.48659 0.52535
v 46.67105 -3.48300 0.53521
v 46.94075 -3.47800 0.54887
v 47.22024 -3.47281 0.56297
v 47.50938 -3.46743 0.57749
v 44.11138 -3.03334 0.58577
v 44.24318 -3.03157 0.59179
v 44.38616 -3.02966 0.59834
v 44.54023 -3.02779 0.60547
v 44.70531 -3.02589 0.61316
v 44.88133 -3.02387 0.62136
v 45.06818 -3.02173 0.63008
v 45.26579 -3.01948 0.63930
v 45.45584 -3.01731 0.64817
v 45.69283 -3.01409 0.65930
v 45.92204 -3.01098 0.67006
v 46.16157 -3.00773 0.68130
v 46.41128 -3.00435 0.69301
v 46.47692 -3.00346 0.69609
v 46.67105 -3.00074 0.70524
v 46.94075 -2.99696 0.71794
v 47.22024 -2.99303 0.73107
v 47.50938 -2.98897 0.74463
v 47.80801 -3.46149 0.59163
v 48.11600 -3.45532 0.60606
v 48.43317 -3.44896 0.62084
v 48.75937 -3.44239 0.63595
v 47.80801 -2.98455 0.75779
v 48.11600 -2.97997 0.77125
v 48.43317 -2.97525 0.78506
v 48.75937 -2.97038 0.79919
v 49.79044 -5.66923 -0.34261
v 50.15104 -5.65129 -0.32172
v 49.09443 -5.26518 -0.15399
v 49.27346 -5.25807 -0.14349
v 49.43818 -5.25079 -0.13428
v 49.79044 -5.23516 -0.11478
v 50.15104 -5.21912 -0.09505
v 50.51979 -5.63288 -0.30064
v 50.89650 -5.61401 -0.27937
v 51.28097 -5.59470 -0.25795
v 51.67302 -5.57303 -0.23721
v 50.51979 -5.20265 -0.07513
v 50.89650 -5.18578 -0.05503
v 51.28097 -5.16850 -0.03478
v 51.67302 -5.14917 -0.01521
v 52.07244 -5.55088 -0.21637
v 52.47904 -5.52829 -0.19544
v 52.89259 -5.50526 -0.17445
v 53.30444 -5.48228 -0.15381
v 52.07244 -5.12942 0.00444
v 52.47904 -5.10926 0.02417
v 52.89259 -5.08871 0.04396
v 53.30444 -5.06820 0.06340
v 53.73973 -5.45612 -0.13349
v 54.17288 -5.82848 -0.33630
v 54.61213 -5.79924 -0.31503
v 54.17288 -5.43006 -0.11355
v 54.61213 -5.40360 -0.09360
v 53.73973 -5.04489 0.08244
v 54.17288 -5.02166 0.10110
v 54.61213 -4.99807 0.11975
v 49.09443 -4.81819 0.06633
v 49.27346 -4.81191 0.07624
v 49.43818 -4.80551 0.08490
v 49.79044 -4.79179 0.10326
v 49.09443 -4.36341 0.27559
v 50.15104 -4.77770 0.12184
v 49.27346 -4.35800 0.28491
v 49.43818 -4.35251 0.29303
v 49.79044 -4.34074 0.31027
v 50.15104 -4.32865 0.32772
v 49.09443 -3.90262 0.47287
v 49.27346 -3.89808 0.48161
v 49.43818 -3.89352 0.48921
v 49.79044 -3.88375 0.50533
v 50.15104 -3.87371 0.52166
v 50.51979 -4.76324 0.14061
v 50.89650 -4.74842 0.15956
v 51.28097 -4.73324 0.17866
v 51.67302 -4.71632 0.19707
v 50.51979 -4.31625 0.34536
v 50.89650 -4.30354 0.36318
v 51.28097 -4.29053 0.38115
v 51.67302 -4.27607 0.39843
v 50.51979 -3.86341 0.53819
v 50.89650 -3.85286 0.55489
v 51.28097 -3.84206 0.57174
v 52.07244 -4.69903 0.21556
v 52.47904 -4.68137 0.23412
v 52.89259 -4.66338 0.25274
v 53.30444 -4.64541 0.27101
v 52.07244 -4.26130 0.41578
v 52.47904 -4.24621 0.43320
v 52.89259 -4.23083 0.45065
v 53.30444 -4.21547 0.46778
v 53.73973 -4.62503 0.28879
v 54.17288 -4.60471 0.30621
v 54.61213 -4.58406 0.32359
v 53.73973 -4.19807 0.48435
v 54.17288 -4.18073 0.50055
v 54.61213 -4.16310 0.51669
v 49.09443 -3.43563 0.65136
v 49.27346 -3.43201 0.65955
v 49.43818 -3.42841 0.66665
v 49.79044 -3.42070 0.68173
v 50.15104 -3.41278 0.69703
v 49.09443 -2.96538 0.81363
v 49.27346 -2.96270 0.82132
v 49.43818 -2.96008 0.82796
v 49.79044 -2.95449 0.84209
v 50.15104 -2.94874 0.85644
v 50.51979 -3.40465 0.71252
v 50.89650 -3.39633 0.72818
v 51.67302 -3.83011 0.58791
v 51.28097 -3.38780 0.74399
v 51.67302 -3.37844 0.75914
v 50.51979 -2.94284 0.87098
v 50.89650 -2.93680 0.88570
v 51.28097 -2.93060 0.90057
v 51.67302 -2.92389 0.91479
v 52.07244 -3.81790 0.60414
v 52.47904 -3.80543 0.62043
v 52.89259 -3.79271 0.63676
v 53.30444 -3.78000 0.65276
v 52.07244 -3.36887 0.77434
v 52.47904 -3.35908 0.78960
v 52.89259 -3.34910 0.80488
v 52.07244 -2.91701 0.92908
v 52.47904 -2.90997 0.94342
v 53.30444 -3.33911 0.81986
v 52.89259 -2.90278 0.95777
v 53.30444 -2.89558 0.97183
v 53.73973 -3.76565 0.66814
v 54.17288 -3.75133 0.68315
v 54.61213 -3.73678 0.69809
v 53.73973 -3.32788 0.83415
v 53.73973 -2.88752 0.98516
v 54.17288 -3.31667 0.84809
v 54.61213 -3.30525 0.86193
v 54.17288 -2.87946 0.99815
v 55.05725 -8.38971 -2.21508
v 55.32374 -8.36158 -2.19402
v 55.50801 -8.34078 -2.17976
v 55.96419 -8.28928 -2.14458
v 55.05725 -8.12251 -1.97798
v 55.32374 -8.09532 -1.95817
v 55.50801 -8.07524 -1.94481
v 55.96419 -8.02553 -1.91187
v 56.42554 -8.23719 -2.10913
v 56.89185 -8.18455 -2.07339
v 57.34050 -8.13391 -2.03906
v 56.42554 -7.97526 -1.87867
v 56.89185 -7.92446 -1.84522
v 57.34050 -7.87560 -1.81309
v 55.05725 -7.83621 -1.73612
v 55.05725 -6.95853 -2.10127
v 55.32374 -6.93584 -2.08563
v 55.50801 -6.91913 -2.07501
v 55.96419 -6.87778 -2.04874
v 56.42554 -7.16958 -2.19689
v 56.42554 -6.83603 -2.02215
v 56.89185 -7.12482 -2.16815
v 57.34050 -7.08183 -2.14040
v 55.32374 -7.81009 -1.71748
v 55.50801 -7.79081 -1.70498
v 55.96419 -7.74310 -1.67414
v 55.05725 -7.53171 -1.49130
v 55.32374 -7.50675 -1.47377
v 55.50801 -7.48836 -1.46207
v 55.96419 -7.44284 -1.43323
v 56.42554 -7.69485 -1.64308
v 56.89185 -7.64610 -1.61180
v 57.34050 -7.59922 -1.58177
v 56.42554 -7.39681 -1.40421
v 56.89185 -7.35030 -1.37499
v 57.34050 -7.30558 -1.34696
v 57.83833 -8.31345 -2.21808
v 57.83833 -8.07583 -2.00199
v 58.31803 -8.25570 -2.17984
v 58.80170 -8.19751 -2.14124
v 58.31803 -8.01990 -1.96624
v 58.80170 -7.96356 -1.93014
v 59.28911 -8.13891 -2.10226
v 59.35980 -8.13042 -2.09660
v 60.27412 -8.22547 -2.21872
v 59.78000 -8.07761 -2.06370
v 60.27412 -8.01558 -2.02486
v 59.28911 -7.90685 -1.89368
v 59.35980 -7.89863 -1.88838
v 59.78000 -7.84754 -1.85773
v 57.83833 -7.81963 -1.77851
v 57.83833 -7.03269 -2.11025
v 58.80170 -7.24055 -2.21943
v 58.31803 -6.98545 -2.08096
v 58.80170 -6.93794 -2.05115
v 60.27412 -7.78754 -1.82153
v 59.28911 -7.19019 -2.18676
v 59.35980 -7.18290 -2.18199
v 59.28911 -6.89020 -2.02079
v 59.35980 -6.88329 -2.01635
v 59.78000 -7.13774 -2.15357
v 60.27412 -7.08478 -2.11976
v 59.78000 -6.84055 -1.98989
v 57.83833 -7.54558 -1.54957
v 58.31803 -7.76575 -1.74517
v 58.80170 -7.71148 -1.71151
v 58.31803 -7.49395 -1.51855
v 58.80170 -7.44195 -1.48723
v 57.83833 -7.25449 -1.31705
v 58.31803 -7.20530 -1.28825
v 59.28911 -7.65684 -1.67750
v 59.35980 -7.64893 -1.67256
v 59.78000 -7.59974 -1.64412
v 60.27412 -7.54198 -1.61053
v 59.28911 -7.38961 -1.45560
v 59.35980 -7.38202 -1.45100
v 59.78000 -7.33492 -1.42473
v 60.27412 -7.27962 -1.39371
v 55.05725 -7.20922 -1.24784
v 55.32374 -7.18554 -1.23136
v 55.50801 -7.16811 -1.22042
v 55.96419 -7.12497 -1.19347
v 55.05725 -6.87066 -1.00451
v 55.32374 -6.84833 -0.98904
v 56.42554 -7.08134 -1.16637
v 56.89185 -7.03727 -1.13912
v 57.34050 -6.99488 -1.11299
v 57.83833 -6.94654 -1.08528
v 58.80170 -7.15577 -1.25920
v 58.31803 -6.90000 -1.05861
v 58.80170 -6.85313 -1.03174
v 59.28911 -7.10592 -1.22988
v 59.35980 -7.09869 -1.22562
v 59.78000 -7.05385 -1.20146
v 60.27412 -7.00119 -1.17294
v 60.77122 -8.16130 -2.17681
v 61.27104 -8.09685 -2.13446
v 61.37910 -8.08292 -2.12527
v 61.77334 -8.03220 -2.09243
v 60.77122 -7.95325 -1.98558
v 61.27104 -7.89066 -1.94586
v 61.37910 -7.87714 -1.93725
v 61.77334 -7.82795 -1.90650
v 62.27784 -8.15138 -2.22389
v 62.27784 -7.96736 -2.05014
v 62.78431 -8.08461 -2.17852
v 62.78431 -7.90236 -2.00739
v 60.77122 -7.72726 -1.78491
v 60.77122 -7.03165 -2.08529
v 61.27104 -7.25104 -2.20403
v 61.37910 -7.23896 -2.19587
v 61.77334 -7.19521 -2.16636
v 61.27104 -6.97839 -2.05014
v 61.37910 -6.96690 -2.04247
v 61.77334 -6.92536 -2.01474
v 62.27784 -7.76509 -1.86687
v 62.78431 -7.70208 -1.82676
v 62.27784 -7.13937 -2.12809
v 62.78431 -7.08348 -2.08907
v 62.27784 -6.87236 -1.97873
v 60.77122 -7.48397 -1.57655
v 61.27104 -7.66674 -1.74786
v 61.37910 -7.65367 -1.73981
v 61.77334 -7.60618 -1.71119
v 61.27104 -7.42573 -1.54215
v 61.37910 -7.41315 -1.53468
v 61.77334 -7.36752 -1.50820
v 60.77122 -7.22407 -1.36231
v 61.27104 -7.16831 -1.33055
v 61.37910 -7.15627 -1.32365
v 61.77334 -7.11267 -1.29930
v 62.27784 -7.54550 -1.67428
v 62.78431 -7.48470 -1.63690
v 62.27784 -7.30924 -1.47403
v 62.78431 -7.25084 -1.43941
v 63.29247 -8.01768 -2.13271
v 63.39840 -8.00374 -2.12313
v 63.80206 -7.94964 -2.08715
v 64.31284 -8.04059 -2.19206
v 64.31284 -7.88126 -2.04132
v 63.29247 -7.83723 -1.96415
v 63.39840 -7.82366 -1.95510
v 64.82452 -7.97045 -2.14345
v 65.33687 -7.90024 -2.09462
v 65.41770 -8.02733 -2.21931
v 65.84961 -7.96757 -2.17764
v 65.41770 -7.88916 -2.08696
v 65.84961 -7.83073 -2.04703
v 63.80206 -7.77106 -1.92118
v 63.29247 -7.63897 -1.78617
v 63.39840 -7.62583 -1.77766
v 64.31284 -7.70458 -1.87790
v 63.29247 -7.27282 -2.18998
v 63.39840 -7.26063 -2.18115
v 63.80206 -7.21346 -2.14753
v 63.29247 -7.02758 -2.04928
v 63.39840 -7.01595 -2.04090
v 63.80206 -6.97099 -2.00898
v 64.31284 -7.15392 -2.10439
v 64.31284 -6.91426 -1.96797
v 64.82452 -7.81285 -1.99505
v 65.84961 -7.39047 -2.21684
v 65.33687 -7.74439 -1.94851
v 64.82452 -7.63809 -1.83414
v 65.33687 -7.57157 -1.79008
v 65.41770 -7.73358 -1.94120
v 65.84961 -7.67665 -1.90318
v 65.41770 -7.56107 -1.78317
v 64.82452 -7.31507 -2.18960
v 65.33687 -7.25299 -2.14317
v 64.82452 -7.09444 -2.06049
v 65.33687 -7.03500 -2.01605
v 65.41770 -7.24319 -2.13587
v 65.84961 -7.19166 -2.09782
v 65.41770 -7.02561 -2.00907
v 64.82452 -6.85760 -1.92618
v 65.84961 -6.97633 -1.97268
v 63.80206 -7.57488 -1.74587
v 63.29247 -7.42381 -1.59903
v 63.39840 -7.41113 -1.59109
v 63.80206 -7.36201 -1.56150
v 64.31284 -7.51053 -1.70526
v 64.31284 -7.29996 -1.52368
v 63.29247 -7.19236 -1.40432
v 63.39840 -7.18019 -1.39696
v 63.80206 -7.13305 -1.36964
v 64.31284 -7.07352 -1.33471
v 64.82452 -7.44617 -1.66415
v 65.33687 -7.38180 -1.62273
v 65.84961 -7.50581 -1.74723
v 65.41770 -7.37164 -1.61622
v 65.84961 -7.31822 -1.58249
v 64.82452 -7.23793 -1.48536
v 65.33687 -7.17591 -1.44671
v 64.82452 -7.01401 -1.29928
v 65.41770 -7.16612 -1.44065
v 65.84961 -7.11471 -1.40925
v 60.77122 -6.94831 -1.14410
v 61.27104 -6.89523 -1.11494
v 61.37910 -6.88377 -1.10861
v 61.77334 -6.84234 -1.08637
v 62.27784 -7.05697 -1.26788
v 62.78431 -7.00117 -1.23604
v 63.29247 -6.94531 -1.20377
v 63.39840 -6.93368 -1.19701
v 63.80206 -6.88867 -1.17200
v 65.33687 -6.95451 -1.26354
v 65.41770 -6.94512 -1.25793
v 65.84961 -6.89589 -1.22898
v 55.05725 -6.60128 -1.92156
v 55.32374 -6.58005 -1.90690
v 55.50801 -6.56444 -1.89698
v 55.96419 -6.52582 -1.87242
v 56.89185 -6.79390 -1.99521
v 56.42554 -6.48681 -1.84757
v 57.34050 -6.75344 -1.96918
v 56.89185 -6.44747 -1.82239
v 57.34050 -6.40969 -1.79807
v 55.05725 -6.22913 -1.74350
v 55.32374 -6.20944 -1.72981
v 55.05725 -5.84306 -1.56945
v 55.50801 -6.19498 -1.72056
v 55.96419 -6.15922 -1.69769
v 56.42554 -6.12312 -1.67454
v 56.89185 -6.08670 -1.65109
v 57.34050 -6.05173 -1.62844
v 55.32374 -5.82500 -1.55664
v 55.50801 -5.81176 -1.54802
v 55.96419 -5.77903 -1.52669
v 55.05725 -5.44381 -1.40275
v 55.32374 -5.42751 -1.39064
v 55.50801 -5.41558 -1.38250
v 55.96419 -5.38607 -1.36240
v 56.42554 -5.74598 -1.50512
v 56.42554 -5.35629 -1.34208
v 56.89185 -5.71265 -1.48327
v 57.34050 -5.68065 -1.46218
v 56.89185 -5.32625 -1.32152
v 57.34050 -5.29741 -1.30169
v 57.83833 -6.70726 -1.94098
v 57.83833 -6.36664 -1.77178
v 58.31803 -6.66288 -1.91357
v 58.80170 -6.61826 -1.88567
v 59.28911 -6.57342 -1.85725
v 59.35980 -6.56693 -1.85310
v 60.27412 -6.79042 -1.95838
v 59.78000 -6.52683 -1.82830
v 60.27412 -6.47981 -1.79876
v 57.83833 -6.01198 -1.60402
v 58.31803 -6.32528 -1.74623
v 58.80170 -6.28370 -1.72022
v 58.31803 -5.97379 -1.58030
v 58.80170 -5.93540 -1.55614
v 59.28911 -6.24193 -1.69371
v 59.35980 -6.23588 -1.68984
v 59.28911 -5.89684 -1.53152
v 59.35980 -5.89126 -1.52792
v 59.78000 -6.19857 -1.66668
v 60.27412 -6.15483 -1.63909
v 59.78000 -5.85687 -1.50639
v 57.83833 -5.64436 -1.43951
v 58.31803 -5.60950 -1.41748
v 58.80170 -5.57447 -1.39507
v 59.28911 -5.53928 -1.37223
v 59.35980 -5.53419 -1.36889
v 60.27412 -5.81657 -1.48072
v 59.78000 -5.50286 -1.34888
v 60.27412 -5.46615 -1.32504
v 55.50801 -6.83193 -0.97884
v 55.96419 -6.79133 -0.95374
v 56.42554 -6.75027 -0.92852
v 56.89185 -6.70878 -0.90319
v 57.34050 -6.66888 -0.87893
v 55.05725 -6.51711 -0.76312
v 55.32374 -6.49622 -0.74864
v 55.50801 -6.48091 -0.73917
v 55.96419 -6.44298 -0.71586
v 55.05725 -6.14970 -0.52556
v 55.32374 -6.13033 -0.51203
v 55.50801 -6.11615 -0.50325
v 55.96419 -6.08105 -0.48167
v 56.42554 -6.40463 -0.69248
v 56.89185 -6.36588 -0.66902
v 57.34050 -6.32861 -0.64659
v 56.42554 -6.04556 -0.46006
v 56.89185 -6.00968 -0.43841
v 57.34050 -5.97518 -0.41775
v 55.05725 -5.03300 -1.24393
v 55.32374 -5.01851 -1.23249
v 55.50801 -5.00793 -1.22482
v 55.96419 -4.98178 -1.20589
v 56.42554 -4.95537 -1.18677
v 56.89185 -4.92874 -1.16745
v 57.34050 -4.90317 -1.14883
v 57.83833 -6.62346 -0.85336
v 58.31803 -6.57973 -0.82880
v 59.28911 -6.80596 -1.00466
v 59.35980 -6.79912 -1.00073
v 59.78000 -6.75670 -0.97861
v 60.27412 -6.70689 -0.95254
v 58.80170 -6.53569 -0.80407
v 57.83833 -6.28627 -0.62312
v 58.31803 -6.24551 -0.60061
v 57.83833 -5.93607 -0.39631
v 58.80170 -6.20445 -0.57799
v 58.31803 -5.89842 -0.37579
v 58.80170 -5.86048 -0.35522
v 59.28911 -6.49136 -0.77919
v 59.35980 -6.48493 -0.77558
v 59.78000 -6.44508 -0.75549
v 60.27412 -6.39829 -0.73183
v 59.28911 -6.16311 -0.55526
v 59.35980 -6.15712 -0.55197
v 59.78000 -6.11998 -0.53388
v 60.27412 -6.07636 -0.51260
v 57.83833 -5.26479 -1.28045
v 57.83833 -4.87436 -1.12896
v 58.31803 -5.23346 -1.25984
v 58.80170 -5.20198 -1.23888
v 59.28911 -5.17036 -1.21755
v 59.35980 -5.16578 -1.21444
v 59.78000 -5.13768 -1.19574
v 60.27412 -5.10475 -1.17349
v 55.05725 -4.61305 -1.09089
v 55.32374 -4.60043 -1.08009
v 55.50801 -4.59124 -1.07288
v 55.96419 -4.56852 -1.05507
v 55.05725 -4.18490 -0.94663
v 55.32374 -4.17424 -0.93635
v 55.50801 -4.16649 -0.92950
v 55.96419 -4.14735 -0.91261
v 56.42554 -4.54559 -1.03711
v 56.89185 -4.52246 -1.01897
v 57.34050 -4.50026 -1.00152
v 56.42554 -4.12802 -0.89558
v 56.89185 -4.10852 -0.87842
v 57.34050 -4.08980 -0.86193
v 55.05725 -3.75023 -0.81184
v 55.32374 -3.74158 -0.80195
v 55.50801 -3.73533 -0.79537
v 55.96419 -3.71988 -0.77917
v 55.05725 -3.31141 -0.68479
v 55.32374 -3.30480 -0.67527
v 55.50801 -3.30006 -0.66895
v 55.96419 -3.28835 -0.65339
v 56.42554 -3.70427 -0.76287
v 56.89185 -3.68852 -0.74646
v 57.34050 -3.67340 -0.73074
v 56.42554 -3.27650 -0.63777
v 56.89185 -3.26455 -0.62208
v 57.34050 -3.25307 -0.60707
v 58.31803 -4.84668 -1.10970
v 58.80170 -4.81886 -1.09015
v 57.83833 -4.47534 -0.98296
v 58.31803 -4.45141 -0.96501
v 58.80170 -4.42737 -0.94681
v 57.83833 -4.06893 -0.84447
v 58.31803 -4.04887 -0.82762
v 59.28911 -4.79093 -1.07027
v 59.35980 -4.78689 -1.06737
v 59.28911 -4.40323 -0.92834
v 59.35980 -4.39973 -0.92565
v 59.78000 -4.76212 -1.04993
v 60.27412 -4.73309 -1.02921
v 59.78000 -4.37838 -0.90942
v 60.27412 -4.35336 -0.89017
v 58.80170 -4.02872 -0.81057
v 59.28911 -4.00849 -0.79331
v 59.35980 -4.00556 -0.79080
v 59.78000 -3.98773 -0.77563
v 60.27412 -3.96683 -0.75768
v 57.83833 -3.65668 -0.71416
v 58.31803 -3.64061 -0.69820
v 58.80170 -3.62446 -0.68210
v 57.83833 -3.24056 -0.59132
v 58.31803 -3.22853 -0.57620
v 58.80170 -3.21643 -0.56100
v 59.28911 -3.60825 -0.66586
v 59.35980 -3.60590 -0.66350
v 59.78000 -3.59168 -0.64923
v 60.27412 -3.57501 -0.63240
v 59.28911 -3.20428 -0.54572
v 59.35980 -3.20253 -0.54351
v 59.78000 -3.19196 -0.53008
v 60.27412 -3.17957 -0.51432
v 60.77122 -6.74016 -1.92621
v 60.77122 -6.43268 -1.76859
v 61.27104 -6.68979 -1.89335
v 61.37910 -6.67892 -1.88618
v 61.77334 -6.63974 -1.86024
v 62.27784 -6.58976 -1.82651
v 62.78431 -6.81933 -1.94196
v 62.78431 -6.53978 -1.79201
v 61.27104 -6.38545 -1.73776
v 61.37910 -6.37526 -1.73103
v 61.77334 -6.33863 -1.70670
v 60.77122 -6.11099 -1.61091
v 61.27104 -6.06706 -1.58210
v 61.37910 -6.05759 -1.57581
v 61.77334 -6.02365 -1.55308
v 62.27784 -6.29192 -1.67505
v 62.27784 -5.98037 -1.52350
v 62.78431 -6.24520 -1.64267
v 62.78431 -5.93710 -1.49323
v 60.77122 -5.77617 -1.45450
v 60.77122 -5.42936 -1.30069
v 61.27104 -5.73571 -1.42770
v 61.37910 -5.72698 -1.42184
v 61.77334 -5.69585 -1.40070
v 62.27784 -5.65617 -1.37317
v 62.78431 -5.61650 -1.34500
v 63.29247 -6.76630 -1.90442
v 63.39840 -6.75527 -1.89651
v 63.80206 -6.71267 -1.86633
v 63.29247 -6.48981 -1.75674
v 64.31284 -6.65895 -1.82751
v 65.33687 -6.80099 -1.88383
v 64.82452 -6.60531 -1.78789
v 65.41770 -6.79205 -1.87718
v 65.84961 -6.74520 -1.84252
v 63.39840 -6.47942 -1.74931
v 63.80206 -6.43934 -1.72090
v 64.31284 -6.38881 -1.68432
v 63.29247 -6.19852 -1.60954
v 63.39840 -6.18881 -1.60255
v 63.80206 -6.15142 -1.57585
v 64.31284 -6.10429 -1.54145
v 63.29247 -5.89387 -1.46225
v 63.39840 -5.88488 -1.45572
v 63.80206 -5.85031 -1.43073
v 64.82452 -6.33838 -1.64693
v 65.33687 -6.55173 -1.74771
v 65.41770 -6.54327 -1.74140
v 65.84961 -6.49900 -1.70854
v 65.33687 -6.28801 -1.60897
v 65.41770 -6.28006 -1.60301
v 65.84961 -6.23854 -1.57200
v 64.82452 -6.05725 -1.50628
v 65.33687 -6.01028 -1.47056
v 65.41770 -6.00287 -1.46495
v 65.84961 -5.96425 -1.43580
v 63.29247 -5.57687 -1.31617
v 63.39840 -5.56863 -1.31008
v 64.31284 -5.80673 -1.39851
v 64.82452 -5.76326 -1.36557
v 65.33687 -5.71986 -1.33212
v 65.41770 -5.71301 -1.32687
v 65.84961 -5.67743 -1.29960
v 60.77122 -6.65687 -0.92620
v 61.27104 -6.60666 -0.89959
v 61.37910 -6.59582 -0.89382
v 61.77334 -6.55672 -0.87366
v 62.27784 -6.78943 -1.05770
v 62.27784 -6.50679 -0.84769
v 62.78431 -6.73642 -1.02865
v 62.78431 -6.45676 -0.82142
v 60.77122 -6.35130 -0.70797
v 61.27104 -6.30412 -0.68390
v 61.37910 -6.29394 -0.67868
v 61.77334 -6.25730 -0.66061
v 60.77122 -6.03255 -0.49119
v 61.27104 -5.98857 -0.46963
v 61.37910 -5.97907 -0.46497
v 61.77334 -5.94503 -0.44894
v 62.27784 -6.21051 -0.63734
v 62.78431 -6.16364 -0.61383
v 62.27784 -5.90154 -0.42836
v 62.78431 -5.85798 -0.40760
v 61.27104 -5.39252 -1.27581
v 61.37910 -5.38458 -1.27038
v 61.77334 -5.35638 -1.25075
v 60.77122 -5.07175 -1.15079
v 61.27104 -5.03870 -1.12763
v 61.37910 -5.03157 -1.12257
v 61.77334 -5.00645 -1.10433
v 62.27784 -5.32044 -1.22522
v 62.27784 -4.97442 -1.08063
v 62.78431 -5.28453 -1.19909
v 62.78431 -4.94241 -1.05640
v 64.31284 -6.83185 -1.14001
v 63.29247 -6.68336 -0.99922
v 63.39840 -6.67231 -0.99305
v 63.80206 -6.62959 -0.97039
v 64.31284 -6.57564 -0.94141
v 64.82452 -6.77505 -1.10757
v 65.33687 -6.71826 -1.07484
v 65.41770 -6.70930 -1.06971
v 64.82452 -6.52173 -0.91202
v 65.33687 -6.46784 -0.88238
v 65.84961 -6.66239 -1.04328
v 65.41770 -6.45934 -0.87773
v 65.84961 -6.41491 -0.85389
v 63.29247 -6.40668 -0.79482
v 63.39840 -6.39625 -0.78924
v 63.80206 -6.35597 -0.76892
v 63.29247 -6.11671 -0.59007
v 64.31284 -6.30510 -0.74295
v 63.39840 -6.10694 -0.58509
v 63.80206 -6.06922 -0.56712
v 64.31284 -6.02159 -0.54417
v 64.82452 -6.25426 -0.71663
v 65.33687 -6.20345 -0.69010
v 65.41770 -6.19543 -0.68595
v 65.84961 -6.15363 -0.66471
v 64.82452 -5.97399 -0.52095
v 65.33687 -5.92642 -0.49756
v 65.41770 -5.91891 -0.49390
v 65.84961 -5.87988 -0.47530
v 63.80206 -5.53701 -1.28679
v 64.31284 -5.49716 -1.25677
v 63.29247 -5.24866 -1.17235
v 63.39840 -5.24120 -1.16671
v 63.80206 -5.21264 -1.14509
v 64.31284 -5.17666 -1.11723
v 63.29247 -4.91045 -1.03164
v 63.39840 -4.90381 -1.02642
v 63.80206 -4.87844 -1.00640
v 64.82452 -5.45741 -1.22607
v 65.33687 -5.41773 -1.19488
v 65.41770 -5.41147 -1.18999
v 65.84961 -5.37907 -1.16460
v 64.82452 -5.14078 -1.08874
v 65.33687 -5.10497 -1.05982
v 65.41770 -5.09932 -1.05528
v 65.84961 -5.07021 -1.03176
v 63.29247 -5.81436 -0.38666
v 63.39840 -5.80527 -0.38228
v 63.80206 -5.77025 -0.36665
v 60.77122 -4.70401 -1.00810
v 61.27104 -4.67488 -0.98660
v 61.37910 -4.66860 -0.98191
v 61.77334 -4.64664 -0.96500
v 60.77122 -4.32829 -0.87060
v 61.27104 -4.30318 -0.85070
v 61.37910 -4.29777 -0.84637
v 61.77334 -4.27906 -0.83075
v 62.27784 -4.61866 -0.94306
v 62.78431 -4.59069 -0.92067
v 60.77122 -3.94589 -0.73949
v 61.27104 -3.92493 -0.72103
v 61.37910 -3.92041 -0.71702
v 61.77334 -3.90503 -0.70258
v 62.27784 -4.25522 -0.81052
v 62.27784 -3.88544 -0.68393
v 62.78431 -4.23140 -0.78992
v 62.78431 -3.86586 -0.66499
v 60.77122 -3.55830 -0.61540
v 61.27104 -3.54157 -0.59824
v 61.37910 -3.53796 -0.59451
v 61.77334 -3.52599 -0.58114
v 60.77122 -3.16714 -0.49846
v 61.27104 -3.15469 -0.48252
v 61.37910 -3.15201 -0.47907
v 61.77334 -3.14349 -0.46670
v 62.27784 -3.51073 -0.56392
v 62.78431 -3.49549 -0.54651
v 62.27784 -3.13262 -0.45086
v 62.78431 -3.12176 -0.43492
v 63.29247 -4.56277 -0.89782
v 63.39840 -4.55697 -0.89301
v 63.80206 -4.53488 -0.87453
v 64.31284 -4.84647 -0.98063
v 64.31284 -4.50705 -0.85079
v 64.82452 -4.81459 -0.95432
v 65.33687 -4.78277 -0.92763
v 64.82452 -4.47930 -0.82658
v 65.41770 -4.77775 -0.92345
v 65.84961 -4.75205 -0.90178
v 63.29247 -4.20761 -0.76893
v 63.39840 -4.20267 -0.76452
v 63.80206 -4.18395 -0.74755
v 64.31284 -4.16037 -0.72579
v 65.33687 -4.45162 -0.80207
v 65.41770 -4.44724 -0.79822
v 65.84961 -4.42506 -0.77836
v 64.82452 -4.13685 -0.70364
v 65.33687 -4.11339 -0.68124
v 65.41770 -4.10969 -0.67773
v 65.84961 -4.09110 -0.65962
v 63.29247 -3.84632 -0.64576
v 63.39840 -3.84225 -0.64172
v 63.80206 -3.82698 -0.62619
v 64.31284 -3.80773 -0.60631
v 63.29247 -3.48027 -0.52892
v 63.39840 -3.47710 -0.52523
v 63.80206 -3.46533 -0.51105
v 64.31284 -3.45050 -0.49298
v 63.29247 -3.11091 -0.41889
v 63.39840 -3.10866 -0.41554
v 63.80206 -3.10043 -0.40266
v 64.31284 -3.09006 -0.38631
v 64.82452 -3.78854 -0.58615
v 65.33687 -3.76939 -0.56582
v 64.82452 -3.43570 -0.47473
v 65.33687 -3.42094 -0.45639
v 65.41770 -3.76637 -0.56264
v 65.84961 -3.75145 -0.54623
v 65.41770 -3.41860 -0.45352
v 65.84961 -3.40742 -0.43876
v 64.82452 -3.07971 -0.36990
v 65.33687 -3.06938 -0.35348
v 55.05725 -5.76958 -0.29373
v 55.32374 -5.75181 -0.28109
v 55.50801 -5.73883 -0.27297
v 55.96419 -5.70670 -0.25302
v 55.05725 -5.37676 -0.07366
v 55.32374 -5.36068 -0.06184
v 55.50801 -5.34896 -0.05431
v 55.96419 -5.31994 -0.03585
v 56.42554 -5.67419 -0.23307
v 56.89185 -5.64134 -0.21313
v 57.34050 -5.60973 -0.19414
v 56.42554 -5.29057 -0.01743
v 56.89185 -5.26089 0.00094
v 57.34050 -5.23233 0.01839
v 55.05725 -4.97413 0.13837
v 55.32374 -4.95979 0.14938
v 55.50801 -4.94937 0.15633
v 55.96419 -4.92355 0.17334
v 56.42554 -4.89743 0.19027
v 56.89185 -4.87101 0.20710
v 57.83833 -5.57401 -0.17463
v 58.31803 -5.53961 -0.15601
v 58.80170 -5.50494 -0.13739
v 57.83833 -5.20015 0.03612
v 58.31803 -5.16915 0.05299
v 58.80170 -5.13791 0.06979
v 59.28911 -5.82229 -0.33460
v 59.35980 -5.81675 -0.33162
v 59.28911 -5.47004 -0.11879
v 59.78000 -5.78244 -0.31546
v 60.27412 -5.74215 -0.29652
v 59.35980 -5.46498 -0.11610
v 59.78000 -5.43363 -0.10181
v 60.27412 -5.39681 -0.08511
v 59.28911 -5.10644 0.08652
v 59.35980 -5.10188 0.08893
v 59.78000 -5.07362 0.10147
v 60.27412 -5.04042 0.11607
v 55.05725 -4.56311 0.34091
v 55.32374 -4.55056 0.35114
v 55.50801 -4.54146 0.35752
v 55.96419 -4.51894 0.37312
v 55.05725 -4.14520 0.53275
v 55.32374 -4.13447 0.54223
v 55.50801 -4.12674 0.54806
v 55.96419 -4.10758 0.56229
v 57.34050 -4.84558 0.22304
v 56.42554 -4.49614 0.38860
v 56.89185 -4.47307 0.40394
v 57.34050 -4.45086 0.41842
v 56.42554 -4.08817 0.57636
v 57.83833 -4.81705 0.23904
v 58.31803 -4.78956 0.25420
v 58.80170 -4.76185 0.26924
v 57.83833 -4.42607 0.43274
v 58.31803 -4.40218 0.44625
v 58.80170 -4.37808 0.45956
v 59.28911 -4.73392 0.28413
v 59.35980 -4.72987 0.28627
v 59.78000 -4.70479 0.29712
v 60.27412 -4.67533 0.30966
v 59.28911 -4.35378 0.47269
v 59.35980 -4.35026 0.47457
v 59.78000 -4.32845 0.48377
v 60.27412 -4.30280 0.49433
v 56.89185 -4.06853 0.59026
v 57.34050 -4.04960 0.60332
v 55.05725 -3.72198 0.71292
v 55.32374 -3.71311 0.72166
v 55.50801 -3.70676 0.72696
v 55.96419 -3.69102 0.73986
v 55.05725 -3.29364 0.87565
v 55.32374 -3.28666 0.88371
v 55.50801 -3.28173 0.88854
v 55.96419 -3.26948 0.90024
v 56.42554 -3.67506 0.75258
v 56.89185 -3.65889 0.76508
v 57.34050 -3.64331 0.77677
v 56.42554 -3.25705 0.91171
v 56.89185 -3.24445 0.92295
v 57.34050 -3.23228 0.93339
v 57.83833 -4.02863 0.61603
v 58.31803 -4.00841 0.62793
v 58.80170 -3.98800 0.63959
v 59.28911 -3.96741 0.65100
v 59.35980 -3.96442 0.65263
v 59.78000 -3.94594 0.66025
v 60.27412 -3.92421 0.66890
v 57.83833 -3.62623 0.78791
v 58.31803 -3.60974 0.79827
v 58.80170 -3.59308 0.80834
v 57.83833 -3.21916 0.94312
v 58.31803 -3.20648 0.95208
v 58.80170 -3.19365 0.96070
v 59.28911 -3.57626 0.81810
v 59.35980 -3.57382 0.81949
v 59.78000 -3.55872 0.82559
v 60.27412 -3.54096 0.83241
v 59.28911 -3.18068 0.96896
v 59.35980 -3.17879 0.97012
v 59.78000 -3.16715 0.97485
v 60.27412 -3.15343 0.98000
v 60.77122 -5.70168 -0.27750
v 61.27104 -5.66104 -0.25841
v 61.37910 -5.65227 -0.25428
v 61.77334 -5.62093 -0.24028
v 60.77122 -5.35981 -0.06841
v 61.27104 -5.32266 -0.05171
v 61.37910 -5.31464 -0.04811
v 61.77334 -5.28613 -0.03607
v 62.27784 -5.58090 -0.22234
v 62.78431 -5.54079 -0.20430
v 62.27784 -5.24969 -0.02070
v 62.78431 -5.21318 -0.00531
v 60.77122 -5.00706 0.13059
v 61.27104 -4.97355 0.14504
v 61.37910 -4.96631 0.14814
v 61.77334 -4.94074 0.15832
v 62.27784 -4.90805 0.17124
v 62.78431 -4.87529 0.18411
v 63.29247 -5.50063 -0.18615
v 63.39840 -5.49227 -0.18235
v 63.80206 -5.46005 -0.16905
v 64.31284 -5.72602 -0.34673
v 64.31284 -5.41938 -0.15212
v 63.29247 -5.17662 0.01011
v 63.39840 -5.16900 0.01332
v 63.80206 -5.13971 0.02435
v 64.31284 -5.10273 0.03833
v 64.82452 -5.68182 -0.32660
v 65.33687 -5.63764 -0.30636
v 64.82452 -5.37872 -0.13506
v 65.41770 -5.63067 -0.30320
v 65.84961 -5.59455 -0.28723
v 65.33687 -5.33808 -0.11796
v 64.82452 -5.06575 0.05236
v 65.33687 -5.02879 0.06636
v 65.41770 -5.33167 -0.11529
v 65.84961 -5.29858 -0.10195
v 65.41770 -5.02296 0.06854
v 65.84961 -4.99301 0.07929
v 60.77122 -4.64570 0.32206
v 61.27104 -4.61594 0.33432
v 61.37910 -4.60951 0.33694
v 61.77334 -4.58696 0.34531
v 60.77122 -4.27702 0.50468
v 61.27104 -4.25110 0.51480
v 61.37910 -4.24549 0.51695
v 61.77334 -4.22605 0.52357
v 62.27784 -4.55813 0.35585
v 62.78431 -4.52923 0.36625
v 62.27784 -4.20118 0.53181
v 62.78431 -4.17623 0.53984
v 63.29247 -4.84247 0.19691
v 63.39840 -4.83564 0.19957
v 63.80206 -4.80939 0.20841
v 64.31284 -4.77623 0.21955
v 63.29247 -4.50027 0.37651
v 63.39840 -4.49424 0.37863
v 63.80206 -4.47112 0.38535
v 64.31284 -4.44191 0.39372
v 63.29247 -4.15122 0.54763
v 63.39840 -4.14601 0.54923
v 63.80206 -4.12610 0.55389
v 64.31284 -4.10094 0.55959
v 64.82452 -4.74308 0.23066
v 65.33687 -4.70994 0.24167
v 65.41770 -4.70472 0.24338
v 65.84961 -4.67802 0.25162
v 64.82452 -4.41270 0.40197
v 65.33687 -4.38349 0.41007
v 65.41770 -4.37889 0.41132
v 64.82452 -4.07577 0.56509
v 65.33687 -4.05060 0.57037
v 65.84961 -4.35555 0.41713
v 65.41770 -4.04663 0.57117
v 65.84961 -4.02674 0.57463
v 65.41770 -3.06775 -0.35091
v 65.84961 -3.06034 -0.33774
v 60.77122 -3.90234 0.67727
v 61.27104 -3.88034 0.68535
v 61.37910 -3.87558 0.68705
v 61.77334 -3.85930 0.69199
v 60.77122 -3.52307 0.83889
v 61.27104 -3.50506 0.84500
v 61.37910 -3.50117 0.84627
v 61.77334 -3.48810 0.84960
v 60.77122 -3.13960 0.98474
v 61.27104 -3.12567 0.98907
v 61.37910 -3.12265 0.98994
v 61.77334 -3.11287 0.99180
v 62.27784 -3.83847 0.69802
v 62.78431 -3.81757 0.70375
v 62.27784 -3.47138 0.85352
v 62.78431 -3.45459 0.85707
v 62.27784 -3.10033 0.99378
v 62.78431 -3.08772 0.99531
v 63.29247 -3.79660 0.70918
v 63.39840 -3.79223 0.71027
v 63.80206 -3.77560 0.71296
v 64.31284 -3.75457 0.71610
v 63.29247 -3.43773 0.86024
v 63.39840 -3.43421 0.86085
v 63.80206 -3.42091 0.86166
v 64.31284 -3.40409 0.86236
v 63.29247 -3.07505 0.99640
v 63.39840 -3.07240 0.99656
v 63.80206 -3.06249 0.99564
v 64.31284 -3.04995 0.99408
v 64.82452 -3.73352 0.71896
v 65.33687 -3.71247 0.72153
v 65.41770 -3.70915 0.72190
v 65.84961 -3.69277 0.72310
v 64.82452 -3.38724 0.86269
v 65.33687 -3.37038 0.86268
v 64.82452 -3.03737 0.99207
v 65.33687 -3.02478 0.98966
v 65.41770 -3.36772 0.86265
v 65.84961 -3.35492 0.86170
v 65.41770 -3.02280 0.98926
v 65.84961 -3.01363 0.98631
v 43.41368 -2.44741 -1.04451
v 43.46582 -2.44794 -1.04069
v 43.55842 -2.44888 -1.03391
v 43.62201 -2.44951 -1.02927
v 43.69709 -2.45026 -1.02379
v 43.78361 -2.45111 -1.01749
v 43.88153 -2.45207 -1.01037
v 43.99081 -2.45313 -1.00245
v 44.11138 -2.45428 -0.99372
v 44.24318 -2.45553 -0.98421
v 44.38616 -2.45686 -0.97392
v 44.54023 -2.45820 -0.96338
v 44.70531 -2.45958 -0.95238
v 43.41368 -1.93231 -0.93132
v 43.46582 -1.93302 -0.92771
v 43.55842 -1.93427 -0.92130
v 43.62201 -1.93513 -0.91691
v 43.69709 -1.93614 -0.91172
v 43.78361 -1.93730 -0.90575
v 43.88153 -1.93860 -0.89900
v 43.99081 -1.94005 -0.89148
v 44.11138 -1.94164 -0.88319
v 44.24318 -1.94337 -0.87414
v 44.38616 -1.94523 -0.86434
v 44.54023 -1.94719 -0.85432
v 44.70531 -1.94925 -0.84386
v 44.88133 -2.46102 -0.94069
v 45.06818 -2.46252 -0.92833
v 45.26579 -2.46409 -0.91531
v 45.45584 -2.46556 -0.90284
v 45.69283 -2.46634 -0.88838
v 45.92204 -2.46706 -0.87446
v 46.16157 -2.46777 -0.85998
v 44.88133 -1.95144 -0.83273
v 45.06818 -1.95374 -0.82094
v 45.26579 -1.95616 -0.80850
v 45.45584 -1.95846 -0.79657
v 45.69283 -1.96037 -0.78275
v 45.92204 -1.96219 -0.76943
v 46.16157 -1.96407 -0.75554
v 43.46582 -1.42124 -0.82412
v 43.41368 -1.42035 -0.82752
v 43.55842 -1.42282 -0.81808
v 43.62201 -1.42390 -0.81393
v 43.69709 -1.42517 -0.80904
v 43.78361 -1.42664 -0.80340
v 43.88153 -1.42829 -0.79701
v 43.99081 -1.43013 -0.78989
v 44.11138 -1.43216 -0.78204
v 44.24318 -1.43436 -0.77345
v 44.38616 -1.43675 -0.76414
v 44.54023 -1.43933 -0.75464
v 44.70531 -1.44208 -0.74473
v 43.41368 -0.91376 -0.73298
v 43.46582 -0.91483 -0.72979
v 43.55842 -0.91672 -0.72412
v 43.62201 -0.91803 -0.72022
v 43.69709 -0.91956 -0.71562
v 43.78361 -0.92133 -0.71031
v 43.88153 -0.92333 -0.70429
v 43.99081 -0.92556 -0.69758
v 44.11138 -0.92802 -0.69017
v 44.24318 -0.93070 -0.68205
v 44.38616 -0.93360 -0.67325
v 44.54023 -0.93679 -0.66428
v 44.70531 -0.94023 -0.65493
v 44.88133 -1.44501 -0.73416
v 45.06818 -1.44811 -0.72295
v 45.26579 -1.45138 -0.71110
v 45.45584 -1.45451 -0.69971
v 45.69283 -1.45754 -0.68655
v 45.92204 -1.46046 -0.67383
v 46.16157 -1.46350 -0.66056
v 44.88133 -0.94389 -0.64495
v 45.06818 -0.94777 -0.63435
v 45.26579 -0.95187 -0.62312
v 45.45584 -0.95580 -0.61232
v 45.69283 -0.95994 -0.59987
v 45.92204 -0.96393 -0.58781
v 46.16157 -0.96810 -0.57520
v 46.41128 -2.46848 -0.84497
v 46.47692 -2.46866 -0.84104
v 46.67105 -2.46870 -0.83023
v 46.94075 -2.46872 -0.81530
v 47.22024 -2.46870 -0.79992
v 47.50938 -2.46865 -0.78411
v 46.41128 -1.96601 -0.74111
v 46.47692 -1.96651 -0.73733
v 46.67105 -1.96759 -0.72696
v 46.94075 -1.96907 -0.71260
v 47.22024 -1.97058 -0.69778
v 47.50938 -1.97212 -0.68251
v 47.80801 -2.46823 -0.76850
v 48.11600 -2.46773 -0.75256
v 48.43317 -2.46718 -0.73627
v 48.75937 -2.46657 -0.71964
v 47.80801 -1.97350 -0.66739
v 48.11600 -1.97487 -0.65193
v 48.43317 -1.97626 -0.63609
v 48.75937 -1.97766 -0.61987
v 46.41128 -1.46665 -0.64673
v 46.47692 -1.46748 -0.64309
v 46.67105 -1.46960 -0.63318
v 46.94075 -1.47253 -0.61942
v 47.22024 -1.47555 -0.60518
v 47.50938 -1.47866 -0.59047
v 46.41128 -0.97243 -0.56205
v 46.47692 -0.97357 -0.55859
v 46.67105 -0.97670 -0.54918
v 46.94075 -0.98104 -0.53610
v 47.22024 -0.98554 -0.52253
v 47.50938 -0.99018 -0.50850
v 47.80801 -1.48182 -0.57589
v 48.11600 -1.48506 -0.56093
v 48.43317 -1.48837 -0.54557
v 48.75937 -1.49176 -0.52983
v 47.80801 -0.99507 -0.49456
v 48.11600 -1.00011 -0.48023
v 48.43317 -1.00529 -0.46549
v 48.75937 -1.01060 -0.45035
v 43.41368 -0.41141 -0.65645
v 43.46582 -0.41266 -0.65346
v 43.55842 -0.41489 -0.64815
v 43.62201 -0.41642 -0.64449
v 43.69709 -0.41822 -0.64017
v 43.78361 -0.42030 -0.63519
v 43.88153 -0.42265 -0.62954
v 43.99081 -0.42527 -0.62322
v 44.11138 -0.42817 -0.61625
v 44.24318 -0.43133 -0.60860
v 44.38616 -0.43476 -0.60030
v 44.54023 -0.43856 -0.59187
v 44.70531 -0.44268 -0.58308
v 43.41368 0.08132 -0.58914
v 43.46582 0.07989 -0.58635
v 43.55842 0.07734 -0.58139
v 43.62201 0.07559 -0.57797
v 43.69709 0.07352 -0.57393
v 43.78361 0.07114 -0.56927
v 43.88153 0.06844 -0.56399
v 43.99081 0.06543 -0.55808
v 44.11138 0.06211 -0.55154
v 44.24318 0.05847 -0.54438
v 44.38616 0.05453 -0.53659
v 44.54023 0.05013 -0.52870
v 44.70531 0.04534 -0.52049
v 44.88133 -0.44708 -0.57369
v 45.06818 -0.45174 -0.56370
v 45.26579 -0.45667 -0.55311
v 45.45584 -0.46142 -0.54290
v 45.69283 -0.46665 -0.53117
v 45.92204 -0.47171 -0.51980
v 46.16157 -0.47700 -0.50789
v 44.88133 0.04023 -0.51170
v 45.06818 0.03480 -0.50234
v 45.26579 0.02906 -0.49241
v 45.45584 0.02354 -0.48283
v 45.69283 0.01724 -0.47186
v 45.92204 0.01114 -0.46122
v 46.16157 0.00477 -0.45004
v 43.41368 0.56210 -0.53025
v 43.46582 0.56049 -0.52766
v 43.55842 0.55762 -0.52305
v 43.62201 0.55566 -0.51987
v 43.69709 0.55333 -0.51612
v 43.78361 0.55065 -0.51178
v 43.88153 0.54762 -0.50686
v 43.99081 0.54423 -0.50135
v 44.11138 0.54049 -0.49526
v 44.24318 0.53640 -0.48858
v 44.38616 0.53196 -0.48131
v 44.54023 0.52698 -0.47398
v 44.70531 0.52154 -0.46635
v 43.41368 1.02904 -0.48004
v 43.46582 1.02725 -0.47765
v 43.55842 1.02408 -0.47338
v 43.62201 1.02190 -0.47044
v 43.69709 1.01933 -0.46697
v 43.78361 1.01636 -0.46295
v 43.88153 1.01299 -0.45839
v 43.99081 1.00924 -0.45329
v 44.11138 1.00510 -0.44764
v 44.24318 1.00056 -0.44144
v 44.38616 0.99564 -0.43470
v 44.54023 0.99010 -0.42792
v 44.70531 0.98403 -0.42087
v 44.88133 0.51574 -0.45818
v 45.06818 0.50957 -0.44948
v 45.26579 0.50305 -0.44023
v 45.45584 0.49677 -0.43129
v 45.69283 0.48945 -0.42112
v 45.92204 0.48235 -0.41122
v 46.16157 0.47493 -0.40083
v 44.88133 0.97756 -0.41333
v 45.06818 0.97068 -0.40528
v 45.45584 0.95640 -0.38844
v 45.26579 0.96340 -0.39672
v 45.69283 0.94808 -0.37907
v 45.92204 0.94002 -0.36994
v 46.16157 0.93160 -0.36035
v 46.41128 -0.48251 -0.49544
v 46.47692 -0.48396 -0.49216
v 46.67105 -0.48809 -0.48328
v 46.94075 -0.49383 -0.47092
v 47.22024 -0.49977 -0.45808
v 47.50938 -0.50592 -0.44477
v 46.41128 -0.00188 -0.43835
v 46.47692 -0.00363 -0.43527
v 46.67105 -0.00872 -0.42696
v 46.94075 -0.01581 -0.41539
v 47.22024 -0.02316 -0.40334
v 47.50938 -0.03077 -0.39083
v 47.80801 -0.51252 -0.43153
v 48.11600 -0.51934 -0.41790
v 48.43317 -0.52635 -0.40385
v 48.75937 -0.53356 -0.38939
v 47.80801 -0.03901 -0.37838
v 48.11600 -0.04755 -0.36554
v 48.43317 -0.05633 -0.35228
v 46.47692 0.46515 -0.38707
v 46.41128 0.46719 -0.38994
v 46.67105 0.45912 -0.37937
v 46.94075 0.45073 -0.36863
v 47.22024 0.44203 -0.35744
v 49.09443 -2.46589 -0.70268
v 49.27346 -2.46551 -0.69368
v 49.43818 -2.46483 -0.68603
v 49.79044 -2.46334 -0.66979
v 50.15104 -2.46177 -0.65331
v 49.09443 -1.97906 -0.60331
v 49.27346 -1.97979 -0.59450
v 49.43818 -1.98025 -0.58702
v 49.79044 -1.98119 -0.57112
v 50.15104 -1.98212 -0.55494
v 50.51979 -2.46013 -0.63660
v 50.89650 -2.45841 -0.61969
v 51.28097 -2.45662 -0.60258
v 51.67302 -2.45385 -0.58691
v 50.51979 -1.98305 -0.53851
v 50.89650 -1.98395 -0.52185
v 51.28097 -1.98484 -0.50497
v 51.67302 -1.98505 -0.48951
v 49.09443 -1.49521 -0.51370
v 49.27346 -1.49704 -0.50511
v 49.43818 -1.49861 -0.49783
v 49.79044 -1.50197 -0.48230
v 50.15104 -1.50537 -0.46648
v 49.27346 -1.01893 -0.42653
v 49.43818 -1.02160 -0.41951
v 49.09443 -1.01604 -0.43482
v 49.79044 -1.02729 -0.40453
v 50.15104 -1.03309 -0.38925
v 50.51979 -1.50883 -0.45039
v 50.89650 -1.51233 -0.43404
v 51.28097 -1.51587 -0.41745
v 51.67302 -1.51902 -0.40225
v 50.51979 -1.03900 -0.37367
v 50.89650 -1.04502 -0.35783
v 52.07244 -2.45100 -0.57111
v 52.47904 -2.44806 -0.55519
v 52.89259 -2.44503 -0.53917
v 53.30444 -2.44200 -0.52337
v 52.07244 -1.98522 -0.47390
v 52.47904 -1.98537 -0.45816
v 52.89259 -1.98549 -0.44230
v 53.30444 -1.98557 -0.42665
v 53.73973 -2.43814 -0.50798
v 54.17288 -2.43427 -0.49283
v 54.61213 -2.43034 -0.47764
v 53.73973 -1.98524 -0.41140
v 54.17288 -1.98488 -0.39639
v 54.61213 -1.98448 -0.38135
v 52.07244 -1.52219 -0.38689
v 52.47904 -1.52539 -0.37138
v 52.89259 -1.52861 -0.35574
v 49.09443 -0.54095 -0.37454
v 49.27346 -0.54490 -0.36660
v 49.43818 -0.54863 -0.35989
v 43.41368 -2.54841 0.72279
v 43.46582 -2.54782 0.72488
v 43.55842 -2.54679 0.72859
v 43.62201 -2.54609 0.73115
v 43.69709 -2.54526 0.73417
v 43.78361 -2.54431 0.73766
v 43.88153 -2.54324 0.74162
v 43.99081 -2.54205 0.74606
v 44.11138 -2.54074 0.75096
v 44.24318 -2.53932 0.75634
v 44.38616 -2.53779 0.76219
v 44.54023 -2.53640 0.76860
v 44.70531 -2.53505 0.77552
v 43.41368 -2.05480 0.87587
v 43.46582 -2.05436 0.87769
v 43.55842 -2.05357 0.88093
v 43.62201 -2.05303 0.88316
v 43.69709 -2.05241 0.88581
v 43.78361 -2.05169 0.88886
v 43.88153 -2.05088 0.89234
v 43.99081 -2.04999 0.89623
v 44.11138 -2.04901 0.90054
v 44.24318 -2.04795 0.90528
v 44.38616 -2.04682 0.91044
v 44.54023 -2.04592 0.91614
v 44.70531 -2.04512 0.92232
v 44.88133 -2.53361 0.78293
v 45.06818 -2.53210 0.79082
v 45.26579 -2.53051 0.79918
v 45.45584 -2.52900 0.80725
v 45.69283 -2.52670 0.81742
v 45.92204 -2.52449 0.82727
v 46.16157 -2.52220 0.83759
v 44.88133 -2.04428 0.92894
v 45.06818 -2.04340 0.93601
v 45.26579 -2.04250 0.94352
v 45.45584 -2.04164 0.95077
v 45.69283 -2.04028 0.95998
v 45.92204 -2.03898 0.96892
v 46.16157 -2.03765 0.97830
v 43.41368 -1.56391 1.01256
v 43.46582 -1.56360 1.01412
v 43.55842 -1.56307 1.01689
v 43.62201 -1.56271 1.01881
v 43.69709 -1.56229 1.02108
v 43.78361 -1.56181 1.02372
v 43.88153 -1.56127 1.02671
v 43.99081 -1.56068 1.03007
v 44.11138 -1.56004 1.03380
v 44.24318 -1.55936 1.03791
v 44.38616 -1.55863 1.04239
v 44.54023 -1.55822 1.04737
v 44.70531 -1.55798 1.05280
v 43.41368 -1.07570 1.12706
v 43.46582 -1.07555 1.12836
v 43.55842 -1.07528 1.13070
v 43.62201 -1.07510 1.13231
v 43.69709 -1.07489 1.13422
v 43.78361 -1.07466 1.13643
v 43.88153 -1.07441 1.13896
v 43.99081 -1.07413 1.14179
v 44.11138 -1.07384 1.14495
v 44.24318 -1.07354 1.14842
v 44.38616 -1.07323 1.15222
v 44.54023 -1.07332 1.15648
v 44.70531 -1.07364 1.16115
v 44.88133 -1.55774 1.05862
v 45.06818 -1.55750 1.06485
v 45.26579 -1.55727 1.07149
v 45.45584 -1.55708 1.07791
v 45.69283 -1.55664 1.08612
v 45.92204 -1.55624 1.09411
v 46.16157 -1.55585 1.10250
v 44.88133 -1.07400 1.16616
v 45.06818 -1.07440 1.17153
v 45.26579 -1.07485 1.17726
v 45.45584 -1.07531 1.18281
v 45.69283 -1.07579 1.18997
v 45.92204 -1.07629 1.19695
v 46.16157 -1.07683 1.20429
v 46.41128 -2.51982 0.84836
v 46.47692 -2.51919 0.85119
v 46.67105 -2.51735 0.85965
v 46.94075 -2.51480 0.87141
v 47.22024 -2.51217 0.88360
v 47.50938 -2.50944 0.89620
v 46.41128 -2.03627 0.98812
v 46.47692 -2.03591 0.99070
v 46.67105 -2.03496 0.99846
v 46.94075 -2.03364 1.00927
v 47.22024 -2.03229 1.02048
v 47.50938 -2.03091 1.03210
v 47.80801 -2.50657 0.90842
v 48.11600 -2.50360 0.92093
v 48.43317 -2.50055 0.93378
v 48.75937 -2.49741 0.94697
v 47.80801 -2.02957 1.04333
v 48.11600 -2.02821 1.05485
v 48.43317 -2.02682 1.06671
v 48.75937 -2.02539 1.07890
v 46.41128 -1.55547 1.11130
v 46.47692 -1.55537 1.11362
v 46.67105 -1.55529 1.12063
v 46.94075 -1.55518 1.13039
v 47.22024 -1.55510 1.14054
v 47.50938 -1.55503 1.15107
v 46.41128 -1.07742 1.21200
v 46.47692 -1.07758 1.21403
v 46.67105 -1.07834 1.22021
v 46.94075 -1.07942 1.22882
v 47.22024 -1.08057 1.23779
v 47.50938 -1.08177 1.24711
v 47.80801 -1.55519 1.16122
v 48.11600 -1.55539 1.17163
v 48.43317 -1.55562 1.18237
v 48.75937 -1.55586 1.19342
v 47.80801 -1.08339 1.25602
v 48.11600 -1.08511 1.26518
v 48.43317 -1.08691 1.27463
v 48.75937 -1.08877 1.28435
v 48.75937 -0.06536 -0.33862
v 47.50938 0.43303 -0.34580
v 46.41128 0.92280 -0.35029
v 46.47692 0.92049 -0.34763
v 46.67105 0.91356 -0.34056
v 46.94075 0.90392 -0.33068
v 47.22024 0.89392 -0.32037
v 47.50938 0.88357 -0.30965
v 47.80801 0.42320 -0.33421
v 48.11600 0.41303 -0.32223
v 48.43317 0.40254 -0.30986
v 48.75937 0.39176 -0.29710
v 47.80801 0.87223 -0.29895
v 48.11600 0.86047 -0.28789
v 48.75937 0.83590 -0.26464
v 48.43317 0.84836 -0.27645
v 43.41368 -0.59347 1.22258
v 43.46582 -0.59347 1.22364
v 43.55842 -0.59348 1.22555
v 43.62201 -0.59349 1.22687
v 43.69709 -0.59351 1.22843
v 43.78361 -0.59353 1.23025
v 43.88153 -0.59357 1.23232
v 43.99081 -0.59362 1.23465
v 44.11138 -0.59368 1.23724
v 44.24318 -0.59377 1.24010
v 44.38616 -0.59388 1.24324
v 44.54023 -0.59448 1.24679
v 44.70531 -0.59537 1.25071
v 43.41368 -0.11857 1.29724
v 43.46582 -0.11873 1.29808
v 43.55842 -0.11902 1.29959
v 43.62201 -0.11923 1.30063
v 43.69709 -0.11947 1.30187
v 43.78361 -0.11976 1.30331
v 43.88153 -0.12010 1.30495
v 43.99081 -0.12049 1.30680
v 44.11138 -0.12092 1.30886
v 44.24318 -0.12141 1.31113
v 44.38616 -0.12196 1.31363
v 44.54023 -0.12308 1.31651
v 44.70531 -0.12454 1.31970
v 44.88133 -0.59633 1.25492
v 45.06818 -0.59738 1.25944
v 45.26579 -0.59852 1.26426
v 45.45584 -0.59963 1.26894
v 45.69283 -0.60102 1.27504
v 45.92204 -0.60240 1.28099
v 46.16157 -0.60386 1.28726
v 44.88133 -0.12612 1.32314
v 45.06818 -0.12782 1.32683
v 45.26579 -0.12965 1.33077
v 45.45584 -0.13142 1.33460
v 45.69283 -0.13373 1.33967
v 45.92204 -0.13599 1.34461
v 46.16157 -0.13838 1.34982
v 43.41368 0.34692 1.35135
v 43.46582 0.34659 1.35198
v 43.55842 0.34600 1.35311
v 43.62201 0.34559 1.35390
v 43.69709 0.34511 1.35483
v 43.78361 0.34455 1.35591
v 43.88153 0.34390 1.35715
v 43.99081 0.34317 1.35855
v 44.11138 0.34236 1.36010
v 44.24318 0.34145 1.36183
v 44.38616 0.34046 1.36372
v 44.54023 0.33881 1.36595
v 44.70531 0.33677 1.36846
v 43.41368 0.80020 1.38722
v 43.46582 0.79970 1.38766
v 43.55842 0.79882 1.38844
v 43.62201 0.79820 1.38899
v 43.69709 0.79748 1.38963
v 43.78361 0.79664 1.39038
v 43.88153 0.79568 1.39124
v 43.99081 0.79460 1.39221
v 44.11138 0.79340 1.39329
v 44.24318 0.79208 1.39449
v 44.38616 0.79063 1.39581
v 44.54023 0.78846 1.39743
v 44.70531 0.78583 1.39928
v 44.88133 0.33456 1.37115
v 45.06818 0.33220 1.37405
v 45.26579 0.32968 1.37715
v 45.45584 0.32724 1.38016
v 45.69283 0.32402 1.38422
v 45.92204 0.32088 1.38818
v 46.16157 0.31757 1.39235
v 44.88133 0.78301 1.40126
v 45.06818 0.77999 1.40339
v 45.26579 0.77678 1.40567
v 45.45584 0.77368 1.40789
v 45.69283 0.76955 1.41097
v 45.92204 0.76553 1.41397
v 46.16157 0.76132 1.41714
v 46.41128 -0.60542 1.29385
v 46.47692 -0.60583 1.29559
v 46.67105 -0.60743 1.30091
v 46.94075 -0.60967 1.30834
v 47.22024 -0.61202 1.31608
v 47.50938 -0.61448 1.32413
v 46.41128 -0.14089 1.35529
v 46.47692 -0.14156 1.35674
v 46.67105 -0.14399 1.36121
v 46.94075 -0.14739 1.36746
v 47.50938 -0.15462 1.38073
v 47.22024 -0.15093 1.37397
v 47.80801 -0.61752 1.33175
v 48.11600 -0.62073 1.33958
v 48.43317 -0.62405 1.34766
v 48.75937 -0.62749 1.35597
v 47.80801 -0.15907 1.38706
v 48.11600 -0.16374 1.39354
v 48.43317 -0.16857 1.40023
v 48.75937 -0.17355 1.40712
v 46.41128 0.31409 1.39674
v 46.47692 0.31318 1.39790
v 46.67105 0.30992 1.40154
v 46.94075 0.30538 1.40662
v 47.22024 0.30066 1.41191
v 47.50938 0.29575 1.41741
v 46.41128 0.75690 1.42046
v 46.47692 0.75574 1.42133
v 46.67105 0.75168 1.42415
v 46.94075 0.74602 1.42808
v 47.22024 0.74014 1.43216
v 47.50938 0.73404 1.43638
v 47.80801 0.28991 1.42244
v 48.11600 0.28380 1.42760
v 48.43317 0.27749 1.43291
v 48.75937 0.27099 1.43837
v 47.80801 0.72685 1.44014
v 48.11600 0.71934 1.44396
v 48.43317 0.71159 1.44789
v 48.75937 0.70361 1.45192
v 51.28097 -1.05112 -0.34173
v 51.67302 -1.05713 -0.32699
v 53.30444 -1.53179 -0.34031
v 52.07244 -1.06321 -0.31209
v 52.47904 -1.06938 -0.29702
v 52.89259 -1.07561 -0.28182
v 53.30444 -1.08179 -0.26681
v 53.73973 -1.53494 -0.32525
v 54.17288 -1.53804 -0.31044
v 54.61213 -1.54115 -0.29560
v 53.73973 -1.08834 -0.25216
v 54.17288 -1.09482 -0.23775
v 54.61213 -1.10134 -0.22332
v 49.09443 -2.49418 0.96046
v 49.27346 -2.49245 0.96765
v 49.43818 -2.49084 0.97385
v 49.79044 -2.48738 0.98706
v 50.15104 -2.48382 1.00049
v 50.51979 -2.48018 1.01411
v 50.89650 -2.47644 1.02791
v 51.28097 -2.47260 1.04186
v 49.09443 -2.02394 1.09139
v 49.27346 -2.02316 1.09806
v 49.43818 -2.02253 1.10379
v 49.79044 -2.02119 1.11601
v 50.15104 -2.01982 1.12846
v 51.67302 -2.46854 1.05520
v 50.51979 -2.01840 1.14110
v 50.89650 -2.01695 1.15391
v 51.28097 -2.01545 1.16687
v 51.67302 -2.01403 1.17925
v 49.09443 -1.55613 1.20476
v 49.27346 -1.55627 1.21081
v 49.43818 -1.55661 1.21600
v 49.79044 -1.55733 1.22708
v 50.15104 -1.55807 1.23836
v 49.09443 -1.09069 1.29434
v 49.27346 -1.09173 1.29968
v 49.43818 -1.09300 1.30423
v 49.79044 -1.09571 1.31393
v 50.15104 -1.09850 1.32382
v 50.51979 -1.55883 1.24982
v 50.89650 -1.55959 1.26146
v 51.28097 -1.56036 1.27322
v 51.67302 -1.56151 1.28444
v 50.51979 -1.10135 1.33388
v 50.89650 -1.10425 1.34407
v 51.28097 -1.10721 1.35439
v 51.67302 -1.11083 1.36417
v 54.61213 -2.87125 1.01102
v 52.07244 -2.46438 1.06861
v 52.47904 -2.46011 1.08205
v 52.89259 -2.45573 1.09551
v 53.30444 -2.45133 1.10868
v 52.07244 -2.01255 1.19169
v 52.47904 -2.01102 1.20417
v 52.89259 -2.00943 1.21666
v 53.30444 -2.00781 1.22887
v 53.73973 -2.44647 1.12110
v 54.17288 -2.44159 1.13318
v 54.61213 -2.43659 1.14512
v 53.73973 -2.00612 1.24030
v 54.17288 -2.00439 1.25140
v 54.61213 -2.00259 1.26234
v 52.07244 -1.56265 1.29571
v 52.47904 -1.56379 1.30700
v 52.89259 -1.56491 1.31830
v 53.30444 -1.56599 1.32933
v 52.07244 -1.11450 1.37400
v 52.47904 -1.11821 1.38383
v 52.89259 -1.12196 1.39365
v 53.30444 -1.12567 1.40322
v 53.73973 -1.56739 1.33955
v 54.17288 -1.56874 1.34945
v 54.61213 -1.57005 1.35919
v 53.73973 -1.13006 1.41195
v 54.17288 -1.13438 1.42038
v 54.61213 -1.13872 1.42863
v 49.79044 -0.55661 -0.34555
v 50.15104 -0.56477 -0.33090
v 49.09443 -0.07463 -0.32457
v 49.27346 -0.07958 -0.31706
v 49.43818 -0.08435 -0.31072
v 49.79044 -0.09454 -0.29715
v 50.15104 -0.10497 -0.28326
v 50.51979 -0.57309 -0.31594
v 50.89650 -0.58157 -0.30071
v 51.28097 -0.59020 -0.28522
v 51.67302 -0.59900 -0.27105
v 50.51979 -0.11561 -0.26908
v 50.89650 -0.12647 -0.25461
v 51.28097 -0.13752 -0.23989
v 51.67302 -0.14902 -0.22644
v 49.09443 0.38069 -0.28395
v 49.27346 0.37478 -0.27692
v 49.43818 0.36902 -0.27099
v 49.79044 0.35671 -0.25830
v 50.15104 0.34411 -0.24530
v 49.09443 0.82310 -0.25246
v 49.27346 0.81627 -0.24594
v 49.43818 0.80956 -0.24046
v 49.79044 0.79521 -0.22872
v 50.15104 0.78053 -0.21668
v 50.51979 0.33124 -0.23201
v 50.89650 0.31811 -0.21845
v 51.28097 0.30473 -0.20463
v 51.67302 0.29063 -0.19205
v 50.51979 0.76553 -0.20436
v 50.89650 0.75021 -0.19178
v 51.28097 0.73459 -0.17895
v 51.67302 0.71801 -0.16731
v 52.07244 -0.60795 -0.25670
v 52.47904 -0.61702 -0.24219
v 52.89259 -0.62622 -0.22754
v 53.30444 -0.63535 -0.21307
v 52.07244 -0.16072 -0.21282
v 52.47904 -0.17261 -0.19904
v 52.89259 -0.18467 -0.18511
v 53.30444 -0.19664 -0.17134
v 53.73973 -0.64523 -0.19894
v 54.17288 -0.65503 -0.18503
v 54.61213 -0.66491 -0.17111
v 53.73973 -0.20974 -0.15789
v 54.17288 -0.22274 -0.14466
v 54.61213 -0.23588 -0.13141
v 52.07244 0.27628 -0.17929
v 52.47904 0.26170 -0.16637
v 52.89259 0.24690 -0.15330
v 53.30444 0.23219 -0.14038
v 52.07244 0.70111 -0.15550
v 52.47904 0.68394 -0.14352
v 52.89259 0.66650 -0.13141
v 53.30444 0.64916 -0.11943
v 52.89259 1.07239 -0.11919
v 53.30444 1.05252 -0.10816
v 53.73973 0.21598 -0.12777
v 54.17288 0.19989 -0.11536
v 54.61213 0.18362 -0.10292
v 53.73973 0.62997 -0.10774
v 53.73973 1.03045 -0.09739
v 54.17288 0.61091 -0.09623
v 54.61213 0.59163 -0.08470
v 54.17288 1.00853 -0.08678
v 54.61213 0.98634 -0.07615
v 49.09443 -0.63103 1.36452
v 49.27346 -0.63294 1.36908
v 49.43818 -0.63511 1.37295
v 49.79044 -0.63976 1.38118
v 50.15104 -0.64453 1.38957
v 49.09443 -0.17869 1.41420
v 49.27346 -0.18144 1.41797
v 49.43818 -0.18450 1.42113
v 49.79044 -0.19106 1.42787
v 50.15104 -0.19777 1.43472
v 50.51979 -0.64942 1.39809
v 50.89650 -0.65441 1.40673
v 51.28097 -0.65950 1.41545
v 51.67302 -0.66551 1.42368
v 50.51979 -0.20465 1.44167
v 50.89650 -0.21168 1.44870
v 51.28097 -0.21885 1.45580
v 51.67302 -0.22722 1.46242
v 49.09443 0.26428 1.44398
v 49.27346 0.26070 1.44697
v 49.43818 0.25677 1.44942
v 49.79044 0.24836 1.45465
v 50.15104 0.23973 1.45996
v 49.09443 0.69539 1.45605
v 49.27346 0.69099 1.45824
v 49.43818 0.68622 1.45999
v 49.79044 0.67600 1.46370
v 50.15104 0.66554 1.46745
v 50.15104 1.07966 1.45191
v 50.51979 0.23091 1.46533
v 50.89650 0.22189 1.47075
v 51.28097 0.21268 1.47621
v 51.67302 0.20202 1.48122
v 50.51979 0.65483 1.47123
v 50.89650 0.64388 1.47501
v 50.51979 1.06711 1.45411
v 50.89650 1.05428 1.45629
v 51.28097 0.63270 1.47880
v 51.67302 0.61982 1.48217
v 51.28097 1.04117 1.45843
v 51.67302 1.02614 1.46018
v 52.07244 -0.67164 1.43193
v 52.47904 -0.67786 1.44016
v 52.89259 -0.68416 1.44836
v 53.30444 -0.69041 1.45634
v 52.07244 -0.23575 1.46904
v 52.47904 -0.24441 1.47563
v 52.89259 -0.25321 1.48216
v 53.30444 -0.26194 1.48849
v 53.73973 -0.69771 1.46344
v 54.17288 -0.70494 1.47025
v 54.61213 -0.71223 1.47689
v 53.73973 -0.27209 1.49391
v 54.17288 -0.28216 1.49908
v 54.61213 -0.29234 1.50407
v 52.07244 0.19115 1.48619
v 52.47904 0.18009 1.49112
v 52.89259 0.16886 1.49598
v 53.30444 0.15770 1.50065
v 52.89259 0.57975 1.49188
v 53.30444 0.56623 1.49486
v 52.07244 0.60669 1.48548
v 52.47904 0.59333 1.48872
v 52.07244 1.01081 1.46185
v 52.47904 0.99521 1.46342
v 52.89259 0.97934 1.46489
v 53.30444 0.96353 1.46621
v 53.73973 0.14477 1.50440
v 53.73973 0.55062 1.49691
v 54.17288 0.13194 1.50791
v 54.61213 0.11894 1.51125
v 54.17288 0.53511 1.49875
v 54.61213 0.51939 1.50041
v 53.73973 0.94532 1.46659
v 54.17288 0.92721 1.46678
v 54.61213 0.90885 1.46681
v 43.41368 1.48067 -0.43972
v 43.46582 1.47871 -0.43751
v 43.55842 1.47524 -0.43358
v 43.62201 1.47285 -0.43087
v 43.69709 1.47003 -0.42767
v 44.11138 1.45445 -0.40983
v 43.78361 1.46678 -0.42396
v 43.88153 1.46310 -0.41976
v 43.99081 1.45899 -0.41505
v 44.24318 1.44948 -0.40411
v 44.38616 1.44410 -0.39787
v 44.54023 1.43800 -0.39163
v 44.70531 1.43133 -0.38516
v 43.41368 1.91488 -0.40858
v 43.46582 1.91276 -0.40656
v 43.55842 1.90900 -0.40295
v 43.62201 1.90641 -0.40047
v 43.69709 1.90335 -0.39753
v 43.78361 1.89983 -0.39414
v 43.88153 1.89584 -0.39028
v 44.11138 1.88647 -0.38117
v 43.99081 1.89139 -0.38596
v 44.24318 1.88109 -0.37591
v 44.38616 1.87526 -0.37018
v 44.54023 1.86864 -0.36448
v 44.70531 1.86138 -0.35857
v 44.88133 1.42420 -0.37822
v 45.06818 1.41663 -0.37081
v 45.26579 1.40862 -0.36293
v 45.45584 1.40091 -0.35531
v 44.88133 1.85363 -0.35223
v 43.62201 2.31933 -0.37521
v 43.69709 2.31605 -0.37253
v 43.78361 2.31227 -0.36944
v 43.88153 2.30800 -0.36592
v 43.99081 2.30322 -0.36198
v 44.11138 2.29794 -0.35761
v 43.41368 2.32842 -0.38260
v 43.46582 2.32615 -0.38076
v 43.55842 2.32211 -0.37747
v 44.24318 2.29217 -0.35282
v 43.41368 2.71958 -0.36166
v 43.46582 2.71716 -0.35999
v 43.55842 2.71286 -0.35702
v 43.62201 2.70991 -0.35497
v 43.69709 2.70642 -0.35254
v 45.69283 1.39163 -0.34672
v 45.92204 1.38264 -0.33835
v 46.16157 1.37324 -0.32954
v 45.06818 1.84539 -0.34547
v 45.26579 1.83668 -0.33826
v 45.45584 1.82829 -0.33129
v 45.69283 1.81809 -0.32348
v 45.92204 1.80820 -0.31586
v 46.16157 1.79787 -0.30784
v 44.38616 2.28591 -0.34759
v 44.54023 2.27879 -0.34240
v 44.70531 2.27097 -0.33705
v 44.11138 2.68715 -0.33902
v 43.78361 2.70240 -0.34974
v 43.88153 2.69784 -0.34655
v 43.99081 2.69276 -0.34298
v 43.99081 3.05819 -0.32825
v 44.11138 3.05227 -0.32469
v 44.24318 2.68101 -0.33467
v 44.38616 2.67435 -0.32993
v 44.54023 2.66676 -0.32525
v 44.70531 2.65842 -0.32042
v 44.24318 3.04579 -0.32077
v 44.38616 3.03875 -0.31650
v 44.54023 3.03072 -0.31230
v 44.70531 3.02189 -0.30798
v 44.88133 2.26263 -0.33130
v 45.06818 2.25377 -0.32516
v 45.26579 2.24439 -0.31862
v 45.45584 2.23537 -0.31228
v 45.69283 2.22429 -0.30524
v 45.92204 2.21356 -0.29836
v 46.16157 2.20233 -0.29111
v 44.88133 2.64952 -0.31524
v 45.06818 2.64006 -0.30971
v 45.26579 2.63006 -0.30381
v 45.45584 2.62043 -0.29809
v 44.88133 3.01247 -0.30335
v 45.06818 3.00246 -0.29839
v 45.26579 2.99187 -0.29310
v 45.45584 2.98167 -0.28798
v 45.69283 2.60852 -0.29177
v 45.92204 2.59699 -0.28561
v 46.16157 2.58493 -0.27910
v 45.69283 2.96899 -0.28235
v 45.92204 2.95671 -0.27686
v 46.16157 2.94387 -0.27106
v 46.41128 1.36342 -0.32030
v 46.47692 1.36084 -0.31786
v 46.67105 1.35304 -0.31140
v 46.94075 1.34220 -0.30237
v 47.22024 1.33094 -0.29294
v 47.50938 1.31929 -0.28312
v 46.41128 1.78708 -0.29942
v 46.47692 1.78424 -0.29719
v 46.67105 1.77561 -0.29135
v 46.94075 1.76361 -0.28317
v 47.22024 1.75115 -0.27462
v 47.50938 1.73825 -0.26570
v 47.80801 1.30648 -0.27331
v 48.11600 1.29320 -0.26316
v 48.43317 1.27951 -0.25265
v 48.75937 1.26544 -0.24179
v 47.80801 1.72404 -0.25679
v 48.11600 1.70931 -0.24757
v 48.43317 1.69412 -0.23801
v 48.75937 1.67850 -0.22812
v 48.75937 2.07202 -0.21931
v 46.41128 2.19062 -0.28350
v 46.47692 2.18755 -0.28148
v 46.67105 2.17812 -0.27624
v 46.94075 2.16502 -0.26889
v 46.67105 2.55887 -0.26578
v 46.94075 2.54473 -0.25923
v 47.22024 2.15143 -0.26121
v 47.50938 2.13736 -0.25319
v 47.22024 2.53006 -0.25238
v 47.50938 2.51488 -0.24522
v 46.41128 2.57235 -0.27226
v 46.47692 2.56904 -0.27046
v 46.41128 2.93047 -0.26495
v 46.47692 2.92694 -0.26334
v 46.67105 2.91607 -0.25920
v 46.94075 2.90095 -0.25340
v 47.22024 2.88527 -0.24731
v 47.50938 2.86904 -0.24095
v 47.80801 2.12182 -0.24517
v 48.11600 2.10570 -0.23686
v 47.80801 2.49808 -0.23804
v 48.11600 2.48067 -0.23060
v 48.43317 2.08910 -0.22824
v 48.43317 2.46272 -0.22288
v 48.75937 2.44426 -0.21488
v 47.80801 2.85106 -0.23457
v 48.11600 2.83242 -0.22795
v 48.43317 2.81321 -0.22106
v 48.75937 2.79345 -0.21392
v 43.41368 1.24166 1.39891
v 43.46582 1.24099 1.39917
v 43.55842 1.23979 1.39963
v 43.62201 1.23897 1.39996
v 43.69709 1.23799 1.40034
v 43.78361 1.23686 1.40079
v 43.88153 1.23558 1.40130
v 43.99081 1.23414 1.40188
v 44.11138 1.23255 1.40253
v 44.24318 1.23080 1.40325
v 44.38616 1.22888 1.40404
v 44.54023 1.22618 1.40509
v 44.70531 1.22295 1.40632
v 43.41368 1.66735 1.39225
v 43.46582 1.66651 1.39236
v 43.55842 1.66499 1.39254
v 43.62201 1.66396 1.39267
v 43.69709 1.66273 1.39282
v 43.78361 1.66131 1.39300
v 43.88153 1.65970 1.39320
v 43.99081 1.65789 1.39342
v 44.11138 1.65590 1.39368
v 43.55842 2.07249 1.36788
v 43.62201 2.07124 1.36784
v 43.69709 2.06975 1.36778
v 43.78361 2.06804 1.36772
v 43.88153 2.06610 1.36764
v 43.99081 2.06393 1.36755
v 44.11138 2.06153 1.36746
v 44.24318 1.65371 1.39396
v 44.38616 1.65133 1.39427
v 44.54023 1.64808 1.39480
v 44.70531 1.64426 1.39546
v 44.24318 2.05891 1.36735
v 44.38616 2.05605 1.36723
v 44.54023 2.05226 1.36729
v 44.70531 2.04785 1.36745
v 44.88133 1.21950 1.40764
v 45.06818 1.21581 1.40905
v 45.26579 1.21191 1.41056
v 45.45584 1.20813 1.41203
v 45.69283 1.20310 1.41418
v 45.92204 1.19821 1.41627
v 46.16157 1.19309 1.41846
v 44.88133 1.64018 1.39617
v 45.06818 1.63583 1.39693
v 45.26579 1.63122 1.39773
v 45.45584 1.62678 1.39851
v 44.88133 2.04313 1.36762
v 45.06818 2.03812 1.36778
v 45.26579 2.03282 1.36795
v 45.45584 2.02770 1.36810
v 45.69283 1.62084 1.39980
v 45.92204 1.61509 1.40104
v 46.16157 1.60907 1.40233
v 45.69283 2.02088 1.36860
v 45.92204 2.01427 1.36908
v 46.16157 2.00736 1.36955
v 43.41368 2.07535 1.36798
v 43.46582 2.07432 1.36795
v 43.41368 2.46451 1.32492
v 43.46582 2.46330 1.32477
v 43.55842 2.46115 1.32449
v 43.62201 2.45968 1.32430
v 43.69709 2.45793 1.32406
v 43.78361 2.45592 1.32379
v 43.88153 2.45365 1.32348
v 43.99081 2.45111 1.32313
v 44.11138 2.44830 1.32274
v 44.38616 2.44190 1.32181
v 44.24318 2.44523 1.32230
v 44.54023 2.43756 1.32148
v 44.70531 2.43255 1.32121
v 43.41368 2.83433 1.26044
v 43.46582 2.83294 1.26019
v 43.55842 2.83046 1.25975
v 43.62201 2.82876 1.25944
v 43.69709 2.82676 1.25907
v 43.78361 2.82445 1.25864
v 43.88153 2.82183 1.25814
v 43.99081 2.81891 1.25758
v 44.11138 2.81568 1.25695
v 44.24318 2.81216 1.25625
v 44.38616 2.80833 1.25548
v 44.54023 2.80344 1.25484
v 44.70531 2.79782 1.25422
v 44.88133 2.42721 1.32090
v 45.06818 2.42153 1.32055
v 45.26579 2.41552 1.32017
v 45.45584 2.40973 1.31978
v 45.69283 2.40202 1.31962
v 45.92204 2.39456 1.31942
v 46.16157 2.38675 1.31919
v 44.88133 2.79183 1.25355
v 45.06818 2.78547 1.25281
v 45.26579 2.77875 1.25200
v 45.45584 2.77227 1.25119
v 45.69283 2.76366 1.25050
v 45.92204 2.75532 1.24979
v 46.16157 2.74661 1.24901
v 46.41128 1.18773 1.42075
v 46.47692 1.18632 1.42136
v 46.67105 1.18146 1.42338
v 46.94075 1.17470 1.42619
v 47.22024 1.16767 1.42909
v 47.50938 1.16039 1.43209
v 47.50938 1.57103 1.41071
v 46.41128 1.60277 1.40367
v 46.47692 1.60112 1.40402
v 46.67105 1.59547 1.40530
v 46.94075 1.58762 1.40706
v 46.41128 2.00014 1.37002
v 46.47692 1.99824 1.37014
v 46.67105 1.99182 1.37074
v 46.94075 1.98289 1.37154
v 47.22024 1.57947 1.40887
v 47.22024 1.97364 1.37234
v 47.50938 1.96406 1.37312
v 47.80801 1.15187 1.43460
v 48.11600 1.14299 1.43712
v 47.80801 1.56121 1.41205
v 48.11600 1.55098 1.41336
v 48.43317 1.13383 1.43970
v 48.75937 1.12439 1.44233
v 48.43317 1.54043 1.41467
v 48.75937 1.52956 1.41599
v 47.80801 1.95296 1.37340
v 48.11600 1.94141 1.37359
v 48.43317 1.92950 1.37375
v 48.75937 1.91725 1.37386
v 46.41128 2.37861 1.31891
v 46.47692 2.37647 1.31883
v 46.67105 2.36928 1.31884
v 46.94075 2.35929 1.31881
v 47.22024 2.34894 1.31874
v 47.50938 2.33822 1.31860
v 46.41128 2.73753 1.24814
v 46.47692 2.73514 1.24791
v 46.67105 2.72718 1.24747
v 46.94075 2.71611 1.24680
v 46.94075 3.05282 1.15325
v 47.22024 2.70465 1.24605
v 47.50938 2.69279 1.24521
v 47.22024 3.04023 1.15204
v 47.50938 3.02720 1.15072
v 48.11600 2.31301 1.31721
v 47.80801 2.32586 1.31796
v 48.43317 2.29976 1.31637
v 48.75937 2.28613 1.31544
v 47.80801 2.67915 1.24388
v 48.11600 2.66498 1.24241
v 47.80801 3.01228 1.14894
v 48.11600 2.99678 1.14701
v 48.43317 2.65039 1.24083
v 48.75937 2.63537 1.23913
v 48.43317 2.98082 1.14496
v 48.75937 2.96440 1.14277
v 43.41368 3.08651 -0.34506
v 43.46582 3.08396 -0.34356
v 43.55842 3.07941 -0.34088
v 43.62201 3.07630 -0.33904
v 43.69709 3.07261 -0.33686
v 43.78361 3.06837 -0.33433
v 43.88153 3.06356 -0.33147
v 43.41368 3.42730 -0.33159
v 43.46582 3.42462 -0.33025
v 43.55842 3.41986 -0.32787
v 43.62201 3.41659 -0.32623
v 43.69709 3.41273 -0.32428
v 43.78361 3.40828 -0.32203
v 43.88153 3.40324 -0.31948
v 43.99081 3.39761 -0.31661
v 44.11138 3.39140 -0.31343
v 44.24318 3.38461 -0.30993
v 44.38616 3.37724 -0.30611
v 44.54023 3.36880 -0.30238
v 44.70531 3.35952 -0.29855
v 43.41368 3.73969 -0.31886
v 43.46582 3.73691 -0.31769
v 43.55842 3.73195 -0.31559
v 43.62201 3.72855 -0.31415
v 43.69709 3.72453 -0.31244
v 43.78361 3.71989 -0.31045
v 43.88153 3.71465 -0.30820
v 43.99081 3.70879 -0.30567
v 44.11138 3.70233 -0.30286
v 43.46582 4.01938 -0.30540
v 43.41368 4.02227 -0.30643
v 43.55842 4.01426 -0.30358
v 43.62201 4.01074 -0.30233
v 43.69709 4.00658 -0.30084
v 43.78361 4.00179 -0.29911
v 43.88153 3.99636 -0.29715
v 43.99081 3.99030 -0.29494
v 44.11138 3.98362 -0.29249
v 44.24318 3.69526 -0.29978
v 44.38616 3.68759 -0.29640
v 44.54023 3.67879 -0.29312
v 44.70531 3.66910 -0.28975
v 44.24318 3.97630 -0.28979
v 44.38616 3.96837 -0.28684
v 44.54023 3.95925 -0.28398
v 44.70531 3.94919 -0.28104
v 44.88133 3.34961 -0.29443
v 45.06818 3.33909 -0.29002
v 45.26579 3.32796 -0.28532
v 45.45584 3.31725 -0.28076
v 45.69283 3.30384 -0.27579
v 45.92204 3.29086 -0.27093
v 46.16157 3.27729 -0.26579
v 44.88133 3.65876 -0.28613
v 45.06818 3.64777 -0.28225
v 45.26579 3.63615 -0.27811
v 45.45584 3.62497 -0.27408
v 45.06818 3.92707 -0.27449
v 44.88133 3.93847 -0.27788
v 45.26579 3.91501 -0.27086
v 45.45584 3.90341 -0.26734
v 45.69283 3.61091 -0.26972
v 45.92204 3.59730 -0.26544
v 46.16157 3.58306 -0.26092
v 45.69283 3.88875 -0.26352
v 45.92204 3.87457 -0.25978
v 46.16157 3.85973 -0.25581
v 43.41368 4.27281 -0.29137
v 43.46582 4.26984 -0.29050
v 43.55842 4.26458 -0.28895
v 43.62201 4.26096 -0.28787
v 43.69709 4.25669 -0.28659
v 43.78361 4.25176 -0.28511
v 43.88153 4.24619 -0.28343
v 44.11138 4.23309 -0.27942
v 43.99081 4.23996 -0.28153
v 43.55842 4.48124 -0.26990
v 43.41368 4.48964 -0.27193
v 43.46582 4.48661 -0.27120
v 43.62201 4.47754 -0.26900
v 43.69709 4.47318 -0.26793
v 43.78361 4.46815 -0.26668
v 43.88153 4.46246 -0.26526
v 43.99081 4.45610 -0.26366
v 44.11138 4.44908 -0.26188
v 44.24318 4.22557 -0.27710
v 44.38616 4.21741 -0.27455
v 44.54023 4.20802 -0.27208
v 44.70531 4.19765 -0.26956
v 44.24318 4.44141 -0.25991
v 44.38616 4.43307 -0.25776
v 44.54023 4.42346 -0.25566
v 44.70531 4.41283 -0.25351
v 43.46582 4.66858 -0.24688
v 43.55842 4.66312 -0.24582
v 43.62201 4.65938 -0.24508
v 43.69709 4.65495 -0.24420
v 43.41368 4.67165 -0.24747
v 43.78361 4.64985 -0.24318
v 43.88153 4.64407 -0.24202
v 43.99081 4.63761 -0.24070
v 44.11138 4.63049 -0.23923
v 43.88153 4.78920 -0.21081
v 43.99081 4.78269 -0.20976
v 44.11138 4.77551 -0.20859
v 43.41368 4.81699 -0.21508
v 43.46582 4.81390 -0.21462
v 43.55842 4.80840 -0.21380
v 43.55842 4.91742 -0.17643
v 43.62201 4.80463 -0.21322
v 43.69709 4.80017 -0.21253
v 43.62201 4.91364 -0.17601
v 43.69709 4.90917 -0.17550
v 43.41368 4.92602 -0.17737
v 43.46582 4.92293 -0.17704
v 43.41368 4.99377 -0.12230
v 43.46582 4.99070 -0.12209
v 43.55842 4.98523 -0.12171
v 43.69709 4.97704 -0.12110
v 43.62201 4.98147 -0.12143
v 43.78361 4.79502 -0.21173
v 43.78361 4.90402 -0.17490
v 43.88153 4.89818 -0.17420
v 43.99081 4.89166 -0.17341
v 44.11138 4.88446 -0.17251
v 43.78361 4.97192 -0.12070
v 43.88153 4.96612 -0.12024
v 43.99081 4.95964 -0.11970
v 44.11138 4.95248 -0.11909
v 44.24318 4.62270 -0.23760
v 44.38616 4.61424 -0.23580
v 44.24318 4.76765 -0.20728
v 44.38616 4.75912 -0.20584
v 44.54023 4.60445 -0.23406
v 44.70531 4.59363 -0.23227
v 44.54023 4.74922 -0.20442
v 44.70531 4.73827 -0.20295
v 44.24318 4.87658 -0.17150
v 44.38616 4.86802 -0.17038
v 44.24318 4.94465 -0.11839
v 44.38616 4.93615 -0.11759
v 44.54023 4.85807 -0.16926
v 44.70531 4.84703 -0.16808
v 43.41368 5.02885 -0.07393
v 43.46582 5.02580 -0.07381
v 43.41368 5.04209 -0.06188
v 43.46582 5.03905 -0.06180
v 43.55842 5.02038 -0.07359
v 43.55842 5.03363 -0.06161
v 43.62201 5.01665 -0.07342
v 43.62201 5.02990 -0.06145
v 43.69709 5.01225 -0.07320
v 43.69709 5.02549 -0.06124
v 43.78361 5.00716 -0.07293
v 43.78361 5.02039 -0.06096
v 43.88153 5.00139 -0.07260
v 43.88153 5.01461 -0.06061
v 43.99081 4.99495 -0.07220
v 43.99081 5.00813 -0.06015
v 44.11138 4.98782 -0.07171
v 44.11138 5.00096 -0.05958
v 43.41368 4.98024 0.05658
v 43.46582 4.97730 0.05657
v 43.55842 4.97206 0.05657
v 43.62201 4.96846 0.05659
v 43.69709 4.96420 0.05663
v 43.78361 4.95928 0.05669
v 43.88153 4.95371 0.05679
v 43.99081 4.94747 0.05694
v 44.11138 4.94058 0.05714
v 44.24318 4.98001 -0.07113
v 44.24318 4.99310 -0.05888
v 44.38616 4.97153 -0.07045
v 44.38616 4.98454 -0.05802
v 44.70531 4.91520 -0.11589
v 44.54023 4.92622 -0.11677
v 44.54023 4.96159 -0.06968
v 44.70531 4.95053 -0.06880
v 44.54023 4.97449 -0.05699
v 44.70531 4.96329 -0.05576
v 44.24318 4.93303 0.05742
v 44.38616 4.92481 0.05777
v 44.54023 4.91514 0.05825
v 44.70531 4.90436 0.05884
v 45.06818 4.17484 -0.26389
v 44.88133 4.18659 -0.26683
v 45.26579 4.16241 -0.26075
v 45.45584 4.15044 -0.25768
v 44.88133 4.40150 -0.25119
v 45.06818 4.38946 -0.24868
v 45.26579 4.37671 -0.24599
v 45.45584 4.36445 -0.24336
v 45.45584 4.54434 -0.22370
v 45.69283 4.13527 -0.25437
v 45.92204 4.12058 -0.25112
v 46.16157 4.10522 -0.24766
v 45.69283 4.34884 -0.24051
v 45.92204 4.33373 -0.23770
v 46.16157 4.31793 -0.23470
v 45.69283 4.52838 -0.22127
v 45.92204 4.51293 -0.21886
v 46.16157 4.49677 -0.21628
v 44.88133 4.58209 -0.23032
v 45.06818 4.56982 -0.22821
v 44.88133 4.72657 -0.20134
v 45.06818 4.71415 -0.19960
v 45.26579 4.55683 -0.22593
v 45.26579 4.70100 -0.19770
v 45.45584 4.68834 -0.19583
v 44.88133 4.83526 -0.16677
v 45.06818 4.82274 -0.16534
v 45.26579 4.80949 -0.16377
v 45.45584 4.79673 -0.16221
v 45.69283 4.67212 -0.19375
v 45.69283 4.78033 -0.16042
v 45.92204 4.65641 -0.19168
v 46.16157 4.63999 -0.18945
v 45.92204 4.76445 -0.15862
v 46.16157 4.74783 -0.15667
v 44.88133 4.90344 -0.11490
v 45.06818 4.89093 -0.11380
v 44.88133 4.93872 -0.06778
v 45.06818 4.92615 -0.06661
v 44.88133 4.95131 -0.05431
v 45.06818 4.93854 -0.05263
v 45.26579 4.87769 -0.11257
v 45.26579 4.91282 -0.06527
v 45.45584 4.86494 -0.11134
v 45.45584 4.89998 -0.06390
v 45.45584 4.91190 -0.04868
v 45.26579 4.92498 -0.05069
v 44.88133 4.89283 0.05956
v 45.06818 4.88057 0.06041
v 45.26579 4.86757 0.06141
v 45.45584 4.85503 0.06247
v 45.69283 4.84850 -0.10987
v 45.69283 4.88337 -0.06212
v 45.69283 4.89493 -0.04595
v 45.92204 4.83257 -0.10837
v 45.92204 4.86726 -0.06027
v 46.16157 4.81591 -0.10673
v 45.92204 4.87845 -0.04311
v 46.16157 4.85039 -0.05821
v 46.16157 4.86117 -0.03992
v 45.69283 4.83875 0.06396
v 45.92204 4.82296 0.06553
v 46.16157 4.80642 0.06730
v 43.41368 4.53496 0.54213
v 43.46582 4.53248 0.54182
v 43.55842 4.52808 0.54128
v 43.62201 4.52506 0.54091
v 43.69709 4.52149 0.54048
v 43.78361 4.51737 0.53998
v 43.88153 4.51271 0.53942
v 43.99081 4.50751 0.53879
v 44.11138 4.50176 0.53810
v 44.24318 4.49548 0.53736
v 44.38616 4.48866 0.53655
v 44.54023 4.48048 0.53581
v 44.70531 4.47130 0.53507
v 43.41368 4.86505 0.22330
v 43.46582 4.86225 0.22317
v 43.55842 4.85728 0.22294
v 43.62201 4.85387 0.22279
v 43.69709 4.84983 0.22262
v 43.78361 4.84517 0.22244
v 43.88153 4.83990 0.22225
v 43.99081 4.83400 0.22206
v 44.11138 4.82749 0.22186
v 44.70531 4.79320 0.22137
v 44.24318 4.82036 0.22168
v 44.38616 4.81261 0.22150
v 44.54023 4.80344 0.22141
v 43.41368 4.71690 0.38408
v 43.46582 4.71426 0.38385
v 43.55842 4.70957 0.38345
v 43.62201 4.70634 0.38317
v 43.69709 4.70253 0.38286
v 43.78361 4.69814 0.38249
v 43.88153 4.69316 0.38209
v 43.99081 4.68760 0.38166
v 44.11138 4.68147 0.38118
v 44.38616 4.66745 0.38015
v 44.24318 4.67475 0.38068
v 44.54023 4.65876 0.37969
v 44.70531 4.64904 0.37927
v 44.88133 4.46150 0.53429
v 45.06818 4.45110 0.53347
v 45.26579 4.44009 0.53261
v 45.45584 4.42950 0.53179
v 45.69283 4.41562 0.53098
v 45.92204 4.40219 0.53021
v 46.16157 4.38815 0.52941
v 44.88133 4.78227 0.22138
v 45.06818 4.77064 0.22143
v 45.26579 4.75833 0.22153
v 45.45584 4.74647 0.22168
v 45.69283 4.73103 0.22203
v 45.92204 4.71607 0.22244
v 46.16157 4.70042 0.22293
v 44.88133 4.63866 0.37883
v 45.06818 4.62763 0.37840
v 45.26579 4.61595 0.37796
v 45.45584 4.60471 0.37757
v 45.69283 4.59003 0.37728
v 45.92204 4.57581 0.37703
v 46.16157 4.56094 0.37680
v 46.41128 3.26314 -0.26038
v 46.47692 3.25941 -0.25895
v 46.67105 3.24789 -0.25530
v 46.94075 3.23186 -0.25019
v 46.67105 3.55218 -0.25170
v 46.94075 3.53531 -0.24721
v 47.22024 3.21523 -0.24482
v 47.50938 3.19802 -0.23920
v 47.22024 3.51782 -0.24249
v 47.50938 3.49971 -0.23755
v 46.41128 3.56821 -0.25615
v 46.47692 3.56431 -0.25489
v 46.41128 3.84425 -0.25162
v 46.47692 3.84018 -0.25051
v 46.67105 3.82750 -0.24772
v 46.94075 3.80987 -0.24377
v 47.22024 3.79159 -0.23962
v 47.50938 3.77266 -0.23526
v 47.22024 4.03452 -0.23347
v 47.50938 4.01487 -0.22962
v 47.80801 3.17895 -0.23355
v 48.11600 3.15916 -0.22768
v 47.80801 3.47962 -0.23256
v 48.11600 3.45878 -0.22736
v 48.43317 3.13878 -0.22157
v 48.75937 3.11780 -0.21523
v 48.43317 3.43731 -0.22194
v 48.75937 3.41523 -0.21632
v 47.80801 3.75165 -0.23084
v 48.11600 3.72985 -0.22622
v 47.80801 3.99303 -0.22570
v 48.11600 3.97038 -0.22159
v 48.43317 3.70739 -0.22141
v 48.75937 3.68428 -0.21639
v 48.43317 3.94704 -0.21730
v 48.75937 3.92303 -0.21282
v 46.41128 4.08919 -0.24399
v 46.47692 4.08498 -0.24302
v 46.67105 4.07181 -0.24057
v 46.94075 4.05350 -0.23712
v 46.47692 4.29710 -0.23067
v 46.67105 4.28352 -0.22854
v 46.94075 4.26464 -0.22551
v 46.41128 4.30144 -0.23152
v 46.41128 4.47991 -0.21353
v 46.47692 4.47548 -0.21280
v 46.67105 4.46155 -0.21093
v 46.94075 4.44219 -0.20827
v 47.22024 4.24505 -0.22230
v 47.50938 4.22478 -0.21891
v 47.22024 4.42212 -0.20545
v 47.50938 4.40133 -0.20246
v 47.50938 4.54274 -0.17715
v 46.41128 4.62285 -0.18706
v 46.47692 4.61834 -0.18642
v 46.41128 4.73049 -0.15456
v 46.47692 4.72593 -0.15400
v 46.67105 4.60414 -0.18476
v 46.94075 4.58441 -0.18239
v 46.67105 4.71153 -0.15248
v 46.94075 4.69152 -0.15029
v 47.22024 4.56394 -0.17985
v 47.22024 4.67075 -0.14795
v 47.50938 4.64925 -0.14544
v 46.47692 4.79394 -0.10446
v 46.67105 4.77946 -0.10311
v 46.94075 4.75933 -0.10116
v 46.94075 4.79295 -0.05079
v 46.41128 4.78914 0.06928
v 46.47692 4.78459 0.06982
v 46.67105 4.77011 0.07152
v 46.94075 4.74996 0.07400
v 46.41128 4.79852 -0.10494
v 46.41128 4.83277 -0.05594
v 46.41128 4.84309 -0.03639
v 46.47692 4.82813 -0.05532
v 46.47692 4.83832 -0.03542
v 46.67105 4.81342 -0.05347
v 46.67105 4.82322 -0.03247
v 46.94075 4.80218 -0.02817
v 47.22024 4.73844 -0.09905
v 47.22024 4.77171 -0.04787
v 47.22024 4.78031 -0.02348
v 47.50938 4.71681 -0.09678
v 47.50938 4.74969 -0.04470
v 47.50938 4.75762 -0.01838
v 47.22024 4.72904 0.07672
v 47.50938 4.70735 0.07968
v 47.80801 4.20224 -0.21543
v 48.11600 4.17886 -0.21177
v 47.80801 4.37821 -0.19935
v 47.80801 4.51915 -0.17432
v 48.11600 4.35422 -0.19608
v 48.11600 4.49467 -0.17133
v 48.43317 4.15477 -0.20793
v 48.75937 4.12998 -0.20392
v 48.43317 4.32950 -0.19264
v 48.43317 4.46944 -0.16817
v 48.75937 4.30406 -0.18903
v 48.75937 4.44348 -0.16484
v 47.80801 4.62530 -0.14277
v 48.11600 4.60044 -0.13994
v 48.43317 4.57483 -0.13694
v 48.75937 4.54847 -0.13377
v 47.80801 4.69269 -0.09435
v 47.80801 4.72514 -0.04128
v 47.80801 4.73234 -0.01286
v 48.11600 4.66766 -0.09176
v 48.11600 4.69965 -0.03761
v 48.11600 4.70608 -0.00692
v 47.80801 4.68314 0.08288
v 48.11600 4.65798 0.08632
v 48.43317 4.64187 -0.08900
v 48.43317 4.67336 -0.03369
v 48.43317 4.67897 -0.00056
v 48.75937 4.61532 -0.08607
v 48.75937 4.64630 -0.02951
v 48.43317 4.63205 0.09002
v 48.75937 4.65105 0.00621
v 48.75937 4.60534 0.09397
v 46.41128 4.54542 0.37659
v 46.47692 4.54134 0.37655
v 46.67105 4.52823 0.37654
v 46.94075 4.51000 0.37657
v 46.41128 4.37350 0.52858
v 46.47692 4.36965 0.52836
v 46.67105 4.35721 0.52789
v 46.94075 4.33993 0.52723
v 47.22024 4.49109 0.37664
v 47.50938 4.47152 0.37674
v 47.22024 4.32201 0.52655
v 47.50938 4.30347 0.52584
v 46.41128 4.68408 0.22350
v 46.47692 4.67978 0.22366
v 46.67105 4.66603 0.22425
v 46.94075 4.64691 0.22513
v 47.22024 4.62708 0.22612
v 47.50938 4.60654 0.22721
v 48.43317 4.53501 0.23098
v 48.75937 4.50966 0.23246
v 47.80801 4.28258 0.52500
v 48.11600 4.26089 0.52412
v 47.80801 4.44954 0.37679
v 48.11600 4.42671 0.37688
v 48.43317 4.23855 0.52321
v 48.75937 4.21556 0.52227
v 48.43317 4.40319 0.37700
v 48.75937 4.37899 0.37716
v 47.80801 4.58353 0.22836
v 48.11600 4.55963 0.22962
v 44.38616 4.04108 0.81823
v 44.54023 4.03395 0.81719
v 44.70531 4.02590 0.81614
v 43.55842 3.80411 0.95137
v 43.62201 3.80173 0.95091
v 43.69709 3.79892 0.95035
v 43.78361 3.79568 0.94970
v 43.88153 3.79201 0.94896
v 43.99081 3.78791 0.94812
v 44.11138 3.78340 0.94719
v 44.11138 4.05233 0.82034
v 43.41368 3.80953 0.95243
v 43.46582 3.80758 0.95205
v 44.24318 3.77846 0.94616
v 44.38616 3.77310 0.94503
v 44.54023 3.76652 0.94397
v 44.70531 3.75906 0.94290
v 44.24318 4.04693 0.81933
v 45.92204 3.41249 1.05231
v 46.16157 3.40194 1.05092
v 44.88133 4.01732 0.81501
v 45.06818 4.00821 0.81379
v 45.26579 3.99857 0.81248
v 45.45584 3.98930 0.81121
v 45.69283 3.97709 0.80987
v 45.92204 3.96528 0.80856
v 46.16157 3.95293 0.80715
v 44.88133 3.75111 0.94174
v 45.06818 3.74267 0.94048
v 45.26579 3.73375 0.93913
v 45.45584 3.72516 0.93780
v 45.92204 3.70285 0.93505
v 46.16157 3.69139 0.93358
v 45.69283 3.71382 0.93642
v 43.78361 3.17314 1.16983
v 43.88153 3.17017 1.16920
v 43.99081 3.16686 1.16850
v 44.11138 3.16320 1.16771
v 43.41368 3.18436 1.17211
v 43.46582 3.18278 1.17179
v 43.55842 3.17997 1.17123
v 43.62201 3.17804 1.17084
v 43.69709 3.17577 1.17037
v 43.41368 3.51005 1.06879
v 43.46582 3.50828 1.06844
v 43.55842 3.50514 1.06780
v 43.62201 3.50298 1.06735
v 43.69709 3.50043 1.06682
v 43.88153 3.49418 1.06550
v 43.78361 3.49750 1.06620
v 43.99081 3.49047 1.06470
v 44.11138 3.48638 1.06381
v 44.24318 3.15920 1.16683
v 44.38616 3.15486 1.16587
v 44.54023 3.14940 1.16500
v 44.70531 3.14317 1.16415
v 44.24318 3.48191 1.06282
v 44.38616 3.47706 1.06173
v 44.54023 3.47104 1.06073
v 44.70531 3.46419 1.05973
v 44.88133 3.13652 1.16322
v 45.06818 3.12946 1.16220
v 45.26579 3.12199 1.16110
v 45.45584 3.11481 1.16001
v 44.88133 3.45688 1.05863
v 45.06818 3.44913 1.05744
v 45.45584 3.43304 1.05489
v 45.26579 3.44093 1.05616
v 45.69283 3.10528 1.15895
v 45.92204 3.09605 1.15788
v 46.16157 3.08642 1.15672
v 45.69283 3.42260 1.05360
v 43.99081 4.29642 0.68743
v 44.11138 4.29108 0.68659
v 43.41368 4.32196 0.69139
v 43.46582 4.31965 0.69103
v 43.55842 4.31555 0.69040
v 43.62201 4.31274 0.68997
v 43.69709 4.30942 0.68945
v 43.78361 4.30559 0.68886
v 43.88153 4.30125 0.68818
v 44.24318 4.28524 0.68567
v 44.38616 4.27890 0.68467
v 44.54023 4.27124 0.68372
v 44.70531 4.26263 0.68278
v 43.41368 4.08088 0.82551
v 43.46582 4.07875 0.82513
v 43.55842 4.07496 0.82446
v 43.62201 4.07236 0.82399
v 43.69709 4.06929 0.82344
v 43.78361 4.06574 0.82280
v 43.88153 4.06174 0.82207
v 43.99081 4.05726 0.82125
v 44.88133 4.25344 0.68176
v 45.06818 4.24368 0.68068
v 45.26579 4.23336 0.67952
v 45.45584 4.22343 0.67840
v 45.69283 4.21038 0.67724
v 45.92204 4.19775 0.67611
v 46.16157 4.18456 0.67491
v 46.41128 3.39094 1.04942
v 46.47692 3.38805 1.04902
v 46.67105 3.37852 1.04807
v 46.94075 3.36528 1.04669
v 47.22024 3.35157 1.04520
v 47.50938 3.33738 1.04360
v 46.41128 3.94006 0.80566
v 46.47692 3.93668 0.80526
v 46.67105 3.92565 0.80429
v 46.94075 3.91033 0.80291
v 47.22024 3.89445 0.80143
v 47.50938 3.87803 0.79987
v 46.41128 3.67945 0.93200
v 46.47692 3.67631 0.93158
v 46.67105 3.66602 0.93055
v 46.94075 3.65172 0.92909
v 47.22024 3.63691 0.92752
v 47.50938 3.62159 0.92584
v 48.11600 3.30440 1.03941
v 47.80801 3.32121 1.04159
v 48.43317 3.28709 1.03711
v 48.75937 3.26928 1.03467
v 48.75937 3.54830 0.91685
v 47.80801 3.85942 0.79800
v 48.11600 3.84009 0.79602
v 48.75937 3.79970 0.79173
v 48.43317 4.04335 0.66418
v 48.75937 4.02161 0.66246
v 48.43317 3.82018 0.79393
v 47.80801 3.60418 0.92379
v 48.11600 3.58609 0.92160
v 48.43317 3.56746 0.91929
v 46.41128 3.07637 1.15546
v 46.47692 3.07373 1.15512
v 46.67105 3.06498 1.15436
v 46.41128 4.17080 0.67364
v 46.47692 4.16718 0.67330
v 46.67105 4.15545 0.67250
v 46.94075 4.13914 0.67137
v 47.22024 4.12224 0.67017
v 47.50938 4.10475 0.66891
v 47.80801 4.08500 0.66741
v 48.11600 4.06448 0.66583
v 49.09443 1.25098 -0.23058
v 49.27346 1.24325 -0.22458
v 49.43818 1.23562 -0.21955
v 49.79044 1.21932 -0.20876
v 50.15104 1.20262 -0.19768
v 49.09443 1.66245 -0.21791
v 49.27346 1.65388 -0.21243
v 49.43818 1.64538 -0.20786
v 49.79044 1.62720 -0.19804
v 49.09443 2.05447 -0.21009
v 49.27346 2.04509 -0.20514
v 49.43818 2.03576 -0.20102
v 49.79044 2.01581 -0.19217
v 50.15104 1.60859 -0.18796
v 50.15104 1.99539 -0.18308
v 50.51979 1.18556 -0.18634
v 50.89650 1.16814 -0.17475
v 50.89650 1.57014 -0.16705
v 51.28097 1.15038 -0.16292
v 51.67302 1.13139 -0.15222
v 51.28097 1.55033 -0.15626
v 51.67302 1.52904 -0.14653
v 50.51979 1.58957 -0.17762
v 50.51979 1.97451 -0.17375
v 50.89650 1.95318 -0.16419
v 51.28097 1.93143 -0.15443
v 51.67302 1.90797 -0.14568
v 49.09443 2.42529 -0.20660
v 49.27346 2.41515 -0.20216
v 49.43818 2.40504 -0.19847
v 49.79044 2.38341 -0.19055
v 50.15104 2.36127 -0.18239
v 49.09443 2.77314 -0.20654
v 49.43818 2.75144 -0.19928
v 49.27346 2.76229 -0.20257
v 49.79044 2.72824 -0.19221
v 49.79044 3.04853 -0.19591
v 50.15104 2.70449 -0.18493
v 50.15104 3.02327 -0.18943
v 50.89650 2.31552 -0.16545
v 50.51979 2.33864 -0.17402
v 51.28097 2.29193 -0.15668
v 51.67302 2.26642 -0.14884
v 50.51979 2.68020 -0.17745
v 50.89650 2.65539 -0.16978
v 50.51979 2.99744 -0.18276
v 50.89650 2.97106 -0.17591
v 51.28097 2.63007 -0.16193
v 51.67302 2.60263 -0.15493
v 51.28097 2.94413 -0.16890
v 51.67302 2.91488 -0.16266
v 52.07244 1.11205 -0.14136
v 52.47904 1.09237 -0.13035
v 52.07244 1.50736 -0.13666
v 52.47904 1.48531 -0.12663
v 52.89259 1.46290 -0.11647
v 53.30444 1.44060 -0.10641
v 52.07244 1.88407 -0.13678
v 52.47904 1.85976 -0.12774
v 52.89259 1.83505 -0.11857
v 53.30444 1.81046 -0.10949
v 53.73973 1.41579 -0.09659
v 54.17288 1.39113 -0.08692
v 54.61213 1.36616 -0.07722
v 53.73973 1.78304 -0.10062
v 54.17288 1.75578 -0.09188
v 54.61213 1.72817 -0.08311
v 54.61213 2.07062 -0.09266
v 52.07244 2.24042 -0.14087
v 52.47904 2.21397 -0.13276
v 52.47904 2.54619 -0.14056
v 52.89259 2.18708 -0.12454
v 52.89259 2.51725 -0.13320
v 53.30444 2.48845 -0.12590
v 53.30444 2.16032 -0.11638
v 52.07244 2.57466 -0.14781
v 52.07244 2.88507 -0.15630
v 52.47904 2.85473 -0.14983
v 53.30444 2.79317 -0.13670
v 52.89259 2.82388 -0.14324
v 53.73973 2.45624 -0.11875
v 53.73973 2.13043 -0.10842
v 54.17288 2.10072 -0.10055
v 54.17288 2.42422 -0.11168
v 54.61213 2.39177 -0.10459
v 53.73973 2.75880 -0.13028
v 53.73973 3.03609 -0.14026
v 54.17288 2.72462 -0.12393
v 54.61213 2.68998 -0.11754
v 54.17288 2.99991 -0.13451
v 54.61213 2.96326 -0.12873
v 49.09443 1.11468 1.44501
v 49.27346 1.10948 1.44642
v 49.43818 1.10389 1.44748
v 49.79044 1.09192 1.44970
v 49.09443 1.51839 1.41730
v 49.27346 1.51242 1.41798
v 49.43818 1.50603 1.41838
v 49.79044 1.49234 1.41920
v 50.15104 1.47833 1.41998
v 49.09443 1.90465 1.37391
v 49.27346 1.89792 1.37392
v 49.43818 1.89074 1.37373
v 49.79044 1.87539 1.37327
v 50.15104 1.85967 1.37273
v 50.51979 1.46399 1.42070
v 50.89650 1.44932 1.42136
v 51.28097 1.43435 1.42195
v 51.67302 1.41723 1.42218
v 50.51979 1.84359 1.37209
v 50.89650 1.82715 1.37137
v 51.28097 1.81035 1.37054
v 51.67302 1.79121 1.36939
v 50.15104 2.56530 1.23044
v 49.09443 2.27212 1.31443
v 49.43818 2.25670 1.31316
v 49.27346 2.26464 1.31386
v 49.79044 2.23971 1.31161
v 50.15104 2.22232 1.30995
v 49.09443 2.61994 1.23732
v 49.27346 2.61169 1.23632
v 49.43818 2.60299 1.23525
v 49.79044 2.58437 1.23292
v 49.27346 2.93851 1.13918
v 49.43818 2.92904 1.13790
v 49.09443 2.94753 1.14045
v 49.79044 2.90878 1.13508
v 50.15104 2.88803 1.13212
v 50.51979 2.54579 1.22783
v 50.89650 2.52585 1.22508
v 51.28097 2.50549 1.22219
v 51.67302 2.48241 1.21904
v 50.51979 2.20452 1.30817
v 50.89650 2.18633 1.30626
v 51.28097 2.16775 1.30424
v 51.67302 2.14663 1.30192
v 50.51979 2.86680 1.12902
v 50.89650 2.84511 1.12577
v 51.67302 2.79794 1.11876
v 51.28097 2.82296 1.12237
v 52.07244 1.39977 1.42231
v 52.47904 1.38198 1.42232
v 52.89259 1.36389 1.42221
v 53.30444 1.34588 1.42197
v 52.07244 1.77168 1.36811
v 52.47904 1.75179 1.36669
v 52.89259 1.73155 1.36514
v 53.30444 1.71139 1.36348
v 53.30444 2.05856 1.29122
v 53.73973 1.32514 1.42078
v 54.17288 1.30451 1.41945
v 54.61213 1.28359 1.41795
v 54.17288 2.00761 1.28359
v 54.61213 1.98181 1.27958
v 53.73973 1.68822 1.36088
v 53.73973 2.03303 1.28745
v 54.17288 1.66516 1.35817
v 54.61213 1.64176 1.35529
v 52.07244 3.06215 1.00513
v 52.47904 3.03419 1.00108
v 52.89259 3.00573 0.99688
v 53.30444 2.97738 0.99264
v 53.73973 2.94502 0.98767
v 54.17288 2.91279 0.98267
v 54.61213 2.88009 0.97753
v 52.07244 2.45886 1.21574
v 52.47904 2.43488 1.21228
v 52.89259 2.41048 1.20867
v 53.30444 2.38616 1.20499
v 52.07244 2.12509 1.29945
v 52.47904 2.10314 1.29683
v 52.89259 2.08081 1.29407
v 52.07244 2.77241 1.11500
v 52.47904 2.74641 1.11108
v 52.89259 2.71994 1.10702
v 53.30444 2.69357 1.10289
v 53.73973 2.35830 1.20044
v 54.61213 2.30240 1.19105
v 54.17288 2.33056 1.19582
v 53.73973 2.66342 1.09796
v 54.17288 2.63340 1.09298
v 54.61213 2.60293 1.08785
v 49.09443 3.09625 -0.20866
v 49.27346 3.08474 -0.20513
v 49.43818 3.07321 -0.20220
v 49.09443 3.39253 -0.21048
v 49.43818 3.36824 -0.20474
v 49.27346 3.38041 -0.20734
v 49.79044 3.34221 -0.19913
v 50.15104 3.31556 -0.19335
v 49.09443 3.66054 -0.21118
v 49.27346 3.64786 -0.20838
v 49.43818 3.63510 -0.20604
v 49.79044 3.60783 -0.20101
v 49.09443 3.89836 -0.20816
v 49.27346 3.88518 -0.20564
v 49.43818 3.87191 -0.20354
v 49.79044 3.84353 -0.19899
v 49.79044 4.04784 -0.19144
v 50.15104 3.57991 -0.19581
v 50.15104 3.81447 -0.19428
v 50.15104 4.01780 -0.18716
v 50.51979 3.28830 -0.18739
v 50.89650 3.26046 -0.18127
v 50.51979 3.55135 -0.19044
v 50.89650 3.52218 -0.18492
v 51.28097 3.23205 -0.17499
v 51.67302 3.20113 -0.16940
v 51.28097 3.49241 -0.17925
v 51.67302 3.45996 -0.17418
v 50.51979 3.78475 -0.18942
v 50.89650 3.75439 -0.18441
v 50.51979 3.98707 -0.18273
v 50.89650 3.95569 -0.17815
v 51.28097 3.72342 -0.17926
v 51.67302 3.68960 -0.17461
v 51.28097 3.92366 -0.17345
v 51.67302 3.88865 -0.16915
v 50.89650 4.05132 0.51590
v 51.28097 4.02098 0.51471
v 51.67302 3.98725 0.51352
v 49.09443 4.10451 -0.19974
v 49.27346 4.09089 -0.19748
v 49.43818 4.07718 -0.19557
v 49.09443 4.27793 -0.18526
v 49.27346 4.26396 -0.18322
v 49.43818 4.24987 -0.18147
v 49.79044 4.21972 -0.17769
v 49.09443 4.41681 -0.16135
v 49.27346 4.40256 -0.15946
v 49.43818 4.38816 -0.15781
v 49.09443 4.52138 -0.13043
v 49.27346 4.50690 -0.12862
v 49.43818 4.49226 -0.12701
v 49.79044 4.35735 -0.15425
v 49.79044 4.46094 -0.12352
v 50.15104 4.18886 -0.17376
v 50.15104 4.32581 -0.15053
v 50.15104 4.42887 -0.11987
v 49.79044 4.52709 -0.07647
v 49.79044 4.51640 0.10728
v 50.15104 4.49475 -0.07301
v 50.15104 4.52330 -0.01046
v 50.15104 4.52415 0.03731
v 50.15104 4.48374 0.11218
v 49.09443 4.58804 -0.08298
v 49.27346 4.57346 -0.08130
v 49.43818 4.55869 -0.07978
v 49.09443 4.61847 -0.02508
v 49.27346 4.60360 -0.02266
v 49.43818 4.58853 -0.02043
v 49.79044 4.55630 -0.01556
v 49.09443 4.62232 0.01339
v 49.27346 4.60696 0.01732
v 49.43818 4.59143 0.02098
v 49.09443 4.57787 0.09817
v 49.27346 4.56319 0.10046
v 49.43818 4.54828 0.10261
v 49.79044 4.55819 0.02896
v 50.51979 4.15729 -0.16969
v 50.51979 4.29356 -0.14667
v 50.89650 4.12505 -0.16549
v 50.89650 4.26060 -0.14268
v 51.28097 4.09214 -0.16115
v 51.28097 4.22697 -0.13856
v 51.67302 4.05613 -0.15713
v 51.67302 4.19013 -0.13465
v 50.51979 4.39607 -0.11608
v 50.51979 4.46166 -0.06941
v 50.51979 4.48954 -0.00515
v 50.89650 4.36256 -0.11215
v 50.89650 4.42786 -0.06568
v 50.51979 4.48933 0.04601
v 50.89650 4.45504 0.00037
v 50.89650 4.45374 0.05506
v 51.67302 4.29085 -0.10415
v 51.28097 4.32836 -0.10809
v 51.28097 4.39337 -0.06181
v 51.67302 4.35549 -0.05799
v 51.28097 4.41984 0.00608
v 51.28097 4.41743 0.06442
v 51.67302 4.38119 0.01188
v 51.67302 4.37762 0.07403
v 49.09443 4.48361 0.23404
v 49.27346 4.46968 0.23491
v 49.43818 4.45548 0.23573
v 49.79044 4.42509 0.23751
v 50.15104 4.39398 0.23939
v 49.79044 4.29808 0.37781
v 49.43818 4.16633 0.52031
v 49.09443 4.19194 0.52131
v 49.27346 4.17931 0.52079
v 49.79044 4.13856 0.51926
v 49.09443 4.35411 0.37735
v 49.27346 4.34082 0.37746
v 49.43818 4.32720 0.37757
v 50.15104 4.26825 0.37808
v 50.15104 4.11012 0.51817
v 50.51979 4.45033 0.11729
v 50.89650 4.41620 0.12260
v 50.51979 4.36216 0.24136
v 50.89650 4.32964 0.24341
v 51.28097 4.29645 0.24554
v 51.67302 4.25979 0.24776
v 51.28097 4.38137 0.12810
v 51.67302 4.34304 0.13376
v 50.51979 4.23775 0.37838
v 50.89650 4.20658 0.37869
v 50.51979 4.08104 0.51706
v 51.28097 4.17477 0.37901
v 51.67302 4.13950 0.37939
v 52.07244 3.16962 -0.16370
v 52.47904 3.13754 -0.15788
v 52.07244 3.42688 -0.16900
v 52.47904 3.39321 -0.16370
v 52.89259 3.10492 -0.15196
v 53.30444 3.07246 -0.14607
v 52.89259 3.35898 -0.15831
v 53.30444 3.32490 -0.15294
v 53.30444 3.54883 -0.15510
v 52.07244 3.65512 -0.16986
v 52.47904 3.62003 -0.16499
v 52.07244 3.85296 -0.16474
v 52.07244 4.01941 -0.15300
v 52.47904 3.81664 -0.16023
v 52.47904 3.98205 -0.14878
v 52.89259 3.58435 -0.16003
v 52.89259 3.77970 -0.15563
v 53.30444 3.74293 -0.15105
v 52.89259 3.94405 -0.14447
v 53.30444 3.90623 -0.14017
v 53.30444 4.03678 -0.11819
v 53.73973 3.28670 -0.14761
v 53.73973 3.50900 -0.15016
v 54.17288 3.24871 -0.14234
v 54.61213 3.21020 -0.13703
v 54.17288 3.46938 -0.14526
v 54.61213 3.42923 -0.14033
v 53.73973 3.70168 -0.14643
v 53.73973 3.86377 -0.13580
v 54.17288 3.66064 -0.14185
v 54.61213 3.61905 -0.13723
v 54.61213 3.77875 -0.12711
v 54.17288 3.82155 -0.13147
v 53.73973 3.99333 -0.11391
v 54.17288 3.95011 -0.10967
v 54.17288 4.04654 -0.07891
v 54.61213 3.90632 -0.10541
v 54.61213 4.00196 -0.07460
v 52.07244 3.95284 0.51229
v 52.47904 3.91782 0.51101
v 52.89259 4.02974 0.38050
v 53.30444 3.99268 0.38083
v 52.89259 3.88220 0.50968
v 53.30444 3.84672 0.50831
v 54.61213 4.04810 0.17590
v 54.17288 4.02061 0.26160
v 54.61213 3.97686 0.26383
v 53.73973 3.95082 0.38102
v 53.73973 3.80655 0.50667
v 54.17288 3.76658 0.50500
v 54.61213 3.72604 0.50326
v 54.17288 3.90917 0.38117
v 54.61213 3.86694 0.38127
v 52.07244 4.15256 -0.13065
v 52.47904 4.11434 -0.12655
v 52.89259 4.07547 -0.12236
v 52.07244 4.25262 -0.10011
v 52.47904 4.21371 -0.09597
v 52.47904 4.27757 -0.05005
v 52.47904 4.29579 0.09394
v 52.07244 4.31687 -0.05406
v 52.07244 4.34179 0.01783
v 52.07244 4.33705 0.08388
v 52.47904 4.30171 0.02392
v 52.89259 4.17415 -0.09175
v 52.89259 4.23762 -0.04596
v 53.30444 4.13477 -0.08755
v 53.30444 4.19785 -0.04189
v 52.89259 4.26097 0.03011
v 52.89259 4.25388 0.10418
v 53.30444 4.22043 0.03626
v 53.30444 4.21219 0.11434
v 53.73973 4.09053 -0.08321
v 53.73973 4.15316 -0.03766
v 53.73973 4.17491 0.04266
v 54.17288 4.10872 -0.03350
v 54.61213 4.06369 -0.02932
v 54.17288 4.12966 0.04897
v 54.61213 4.08383 0.05527
v 52.47904 4.26424 0.14550
v 52.07244 4.22241 0.25004
v 52.47904 4.18437 0.25235
v 52.07244 4.30398 0.13957
v 52.89259 4.22384 0.15152
v 53.30444 4.18365 0.15750
v 52.89259 4.14569 0.25469
v 53.30444 4.10718 0.25700
v 52.07244 4.10355 0.37977
v 52.47904 4.06696 0.38014
v 53.73973 4.16547 0.12495
v 53.73973 4.13848 0.16371
v 53.73973 4.06378 0.25933
v 54.17288 4.09358 0.16982
v 54.17288 4.11907 0.13539
v 54.61213 4.07210 0.14581
v 49.09443 3.25099 1.03211
v 49.27346 3.24122 1.03071
v 49.43818 3.23099 1.02932
v 49.79044 3.20913 1.02631
v 49.09443 3.52862 0.91429
v 49.27346 3.51810 0.91290
v 49.43818 3.50715 0.91154
v 49.79044 3.48372 0.90860
v 50.15104 3.18674 1.02314
v 50.15104 3.45973 0.90552
v 49.09443 3.77867 0.78943
v 49.27346 3.76742 0.78819
v 49.43818 3.75576 0.78699
v 49.79044 3.73083 0.78439
v 49.09443 3.99928 0.66066
v 49.27346 3.98734 0.65968
v 49.43818 3.97501 0.65876
v 49.79044 3.94865 0.65675
v 50.15104 3.70530 0.78168
v 50.15104 3.92165 0.65467
v 50.51979 3.16383 1.01984
v 50.89650 3.14043 1.01639
v 50.51979 3.43519 0.90231
v 50.89650 3.41012 0.89897
v 51.28097 3.11652 1.01280
v 51.67302 3.08961 1.00904
v 51.28097 3.38451 0.89550
v 51.67302 3.35577 0.89191
v 50.51979 3.67919 0.77886
v 50.89650 3.65250 0.77592
v 50.51979 3.89404 0.65250
v 50.89650 3.86582 0.65026
v 51.67302 3.80488 0.64557
v 51.28097 3.62526 0.77288
v 51.67302 3.59477 0.76977
v 51.28097 3.83701 0.64793
v 52.47904 3.53201 0.76319
v 52.89259 3.49979 0.75974
v 53.30444 3.46769 0.75626
v 52.47904 3.29660 0.88432
v 52.07244 3.32646 0.88818
v 52.89259 3.26622 0.88034
v 53.30444 3.23595 0.87631
v 52.07244 3.77211 0.64313
v 52.47904 3.73874 0.64060
v 52.07244 3.56367 0.76654
v 52.89259 3.70479 0.63799
v 53.30444 3.67097 0.63535
v 53.73973 3.43121 0.75225
v 54.61213 3.55568 0.62605
v 54.17288 3.39488 0.74821
v 54.61213 3.35803 0.74408
v 53.73973 3.20147 0.87165
v 54.17288 3.16714 0.86696
v 54.61213 3.13231 0.86216
v 53.73973 3.63260 0.63229
v 54.17288 3.59441 0.62921
v 55.05725 -2.86952 -0.56817
v 55.32374 -2.86499 -0.55897
v 55.05725 -2.42632 -0.46241
v 55.32374 -2.42391 -0.45338
v 55.50801 -2.86178 -0.55287
v 55.96419 -2.85385 -0.53787
v 55.50801 -2.42227 -0.44739
v 55.96419 -2.41821 -0.43268
v 55.05725 -1.98405 -0.36628
v 55.32374 -1.98377 -0.35735
v 56.42554 -2.84583 -0.52284
v 56.42554 -2.41409 -0.41798
v 56.89185 -2.83772 -0.50778
v 57.34050 -2.82992 -0.49340
v 56.89185 -2.40991 -0.40328
v 57.34050 -2.40588 -0.38930
v 57.83833 -2.82167 -0.47837
v 57.83833 -2.40196 -0.37472
v 58.31803 -2.81373 -0.46400
v 58.80170 -2.80574 -0.44960
v 58.31803 -2.39818 -0.36085
v 59.28911 -2.79770 -0.43519
v 59.35980 -2.79654 -0.43311
v 59.78000 -2.78967 -0.42045
v 60.27412 -2.78160 -0.40565
v 60.77122 -2.77351 -0.39084
v 61.27104 -2.76538 -0.37602
v 61.37910 -2.76363 -0.37283
v 61.77334 -2.75859 -0.36139
v 55.50801 -1.98371 -0.35143
v 55.96419 -1.98354 -0.33690
v 56.42554 -1.98334 -0.32241
v 56.89185 -1.98311 -0.30797
v 57.34050 -1.98286 -0.29427
v 55.05725 -1.54427 -0.28074
v 55.32374 -1.54611 -0.27194
v 55.50801 -1.54761 -0.26610
v 55.96419 -1.55130 -0.25181
v 55.05725 -1.10791 -0.20888
v 55.32374 -1.11182 -0.20033
v 55.50801 -1.11485 -0.19466
v 55.96419 -1.12230 -0.18078
v 56.42554 -1.55498 -0.23757
v 56.89185 -1.55866 -0.22341
v 57.34050 -1.56216 -0.21002
v 56.42554 -1.12978 -0.16697
v 57.34050 -1.14446 -0.14036
v 56.89185 -1.13729 -0.15328
v 58.80170 -2.39436 -0.34701
v 57.83833 -1.98330 -0.28003
v 58.31803 -1.98369 -0.26654
v 58.80170 -1.98406 -0.25315
v 59.28911 -2.39051 -0.33323
v 59.35980 -2.38995 -0.33125
v 59.78000 -2.38682 -0.31916
v 60.27412 -2.38314 -0.30511
v 59.28911 -1.98440 -0.23989
v 59.35980 -1.98445 -0.23799
v 59.78000 -1.98508 -0.22638
v 60.27412 -1.98579 -0.21296
v 57.83833 -1.56692 -0.19614
v 58.31803 -1.57145 -0.18304
v 58.80170 -1.57598 -0.17011
v 57.83833 -1.15346 -0.12699
v 58.31803 -1.16206 -0.11442
v 58.80170 -1.17067 -0.10206
v 59.28911 -1.58049 -0.15737
v 59.35980 -1.58114 -0.15554
v 59.78000 -1.58550 -0.14440
v 60.27412 -1.59057 -0.13161
v 59.28911 -1.17929 -0.08993
v 59.35980 -1.18053 -0.08820
v 59.78000 -1.18857 -0.07760
v 60.27412 -1.19794 -0.06549
v 55.05725 -2.86288 1.02375
v 55.32374 -2.85784 1.03121
v 55.50801 -2.85434 1.03561
v 55.96419 -2.84564 1.04625
v 55.05725 -2.43148 1.15691
v 55.32374 -2.42839 1.16380
v 55.50801 -2.42633 1.16780
v 55.96419 -2.42121 1.17743
v 55.05725 -2.00070 1.27311
v 55.32374 -1.99955 1.27940
v 55.50801 -1.99893 1.28297
v 55.96419 -1.99735 1.29155
v 56.42554 -2.83680 1.05663
v 56.42554 -2.41597 1.18678
v 56.89185 -2.82781 1.06673
v 57.34050 -2.81911 1.07607
v 56.89185 -2.41061 1.19581
v 57.34050 -2.40539 1.20410
v 56.42554 -1.99569 1.29982
v 56.89185 -1.99394 1.30775
v 57.34050 -1.99220 1.31496
v 55.05725 -1.57133 1.36874
v 55.32374 -1.57207 1.37429
v 55.50801 -1.57285 1.37737
v 55.96419 -1.57474 1.38470
v 55.05725 -1.14307 1.43669
v 55.32374 -1.14565 1.44136
v 55.50801 -1.14780 1.44383
v 55.96419 -1.15309 1.44969
v 56.42554 -1.57660 1.39172
v 56.89185 -1.57840 1.39838
v 57.34050 -1.58007 1.40436
v 56.42554 -1.15837 1.45522
v 56.89185 -1.16364 1.46040
v 57.34050 -1.16866 1.46496
v 57.83833 -2.81001 1.08453
v 57.83833 -2.40034 1.21138
v 58.31803 -2.80119 1.09224
v 58.80170 -2.79224 1.09955
v 58.31803 -2.39540 1.21791
v 58.80170 -2.39036 1.22401
v 57.83833 -1.99116 1.32104
v 58.31803 -1.99009 1.32639
v 58.80170 -1.98894 1.33126
v 59.28911 -2.78317 1.10645
v 59.35980 -2.78185 1.10741
v 59.28911 -2.38520 1.22964
v 59.35980 -2.38445 1.23041
v 59.78000 -2.77371 1.11089
v 60.27412 -2.76409 1.11453
v 59.78000 -2.37982 1.23272
v 60.27412 -2.37433 1.23495
v 59.28911 -1.98769 1.33563
v 59.35980 -1.98751 1.33622
v 59.78000 -1.98639 1.33741
v 60.27412 -1.98501 1.33828
v 57.83833 -1.58299 1.40910
v 58.31803 -1.58573 1.41315
v 58.80170 -1.58841 1.41670
v 57.83833 -1.17547 1.46818
v 58.31803 -1.18195 1.47079
v 58.80170 -1.18842 1.47290
v 59.28911 -1.59104 1.41974
v 59.35980 -1.59141 1.42013
v 59.78000 -1.59377 1.42015
v 60.27412 -1.59647 1.41964
v 59.28911 -1.19486 1.47450
v 59.35980 -1.19579 1.47468
v 59.78000 -1.20158 1.47349
v 60.27412 -1.20834 1.47158
v 55.05725 -0.67488 -0.15718
v 55.32374 -0.68083 -0.14894
v 55.50801 -0.68535 -0.14347
v 55.96419 -0.69651 -0.13008
v 55.05725 -0.24914 -0.11817
v 55.32374 -0.25706 -0.11033
v 55.50801 -0.26304 -0.10512
v 55.96419 -0.27780 -0.09237
v 56.42554 -0.70774 -0.11678
v 56.89185 -0.71903 -0.10361
v 57.34050 -0.72982 -0.09121
v 56.42554 -0.29266 -0.07973
v 56.89185 -0.30761 -0.06722
v 57.34050 -0.32194 -0.05546
v 57.34050 0.07714 -0.03165
v 55.05725 0.16719 -0.09050
v 55.32374 0.15737 -0.08315
v 55.05725 0.57214 -0.07317
v 55.32374 0.56049 -0.06636
v 55.50801 0.14999 -0.07825
v 55.96419 0.13175 -0.06627
v 55.50801 0.55176 -0.06180
v 55.96419 0.53017 -0.05068
v 55.05725 0.96390 -0.06553
v 55.32374 0.95048 -0.05925
v 55.50801 0.94044 -0.05504
v 55.96419 0.91563 -0.04475
v 56.42554 0.11338 -0.05441
v 56.42554 0.50841 -0.03965
v 56.89185 0.09487 -0.04267
v 56.89185 0.48648 -0.02877
v 57.34050 0.46544 -0.01854
v 56.42554 0.89059 -0.03456
v 56.89185 0.86535 -0.02451
v 57.34050 0.84114 -0.01507
v 57.83833 -0.74300 -0.07839
v 58.31803 -0.75563 -0.06637
v 58.80170 -0.76828 -0.05459
v 57.83833 -0.33919 -0.04330
v 57.83833 0.05594 -0.02027
v 58.31803 -0.35573 -0.03193
v 58.80170 -0.37233 -0.02083
v 58.31803 0.03560 -0.00964
v 58.80170 0.01517 0.00073
v 59.28911 -0.78095 -0.04308
v 59.35980 -0.78279 -0.04144
v 59.78000 -0.79446 -0.03136
v 60.27412 -0.80811 -0.01989
v 59.78000 -0.40661 0.00104
v 60.27412 -0.42442 0.01182
v 59.28911 -0.38897 -0.01000
v 59.35980 -0.39137 -0.00847
v 59.28911 -0.00532 0.01080
v 59.35980 -0.00829 0.01223
v 59.78000 -0.02698 0.02112
v 60.27412 -0.04885 0.03117
v 57.83833 0.44043 -0.00798
v 58.31803 0.41642 0.00187
v 58.80170 0.39229 0.01145
v 57.83833 0.81244 -0.00530
v 58.31803 0.78488 0.00379
v 58.80170 0.75716 0.01263
v 59.28911 0.36806 0.02075
v 59.35980 0.36455 0.02207
v 60.27412 0.31670 0.03966
v 59.78000 0.34251 0.03034
v 59.28911 0.72933 0.02120
v 59.35980 0.72530 0.02241
v 59.28911 1.07710 0.01195
v 59.35980 1.07257 0.01306
v 59.78000 0.70002 0.03009
v 60.27412 0.67039 0.03872
v 59.78000 1.04418 0.02016
v 60.27412 1.01090 0.02814
v 55.05725 -0.71957 1.48333
v 55.32374 -0.72395 1.48704
v 55.50801 -0.72743 1.48886
v 55.96419 -0.73603 1.49313
v 55.05725 -0.30262 1.50885
v 55.32374 -0.30875 1.51158
v 55.50801 -0.31354 1.51275
v 55.96419 -0.32538 1.51542
v 55.50801 0.09188 1.51665
v 55.96419 0.07688 1.51774
v 56.42554 -0.74467 1.49709
v 56.89185 -0.75334 1.50069
v 57.34050 -0.76163 1.50377
v 56.42554 -0.33730 1.51779
v 56.42554 0.06174 1.51854
v 56.89185 -0.34931 1.51982
v 57.34050 -0.36082 1.52141
v 56.89185 0.04647 1.51903
v 57.34050 0.03181 1.51917
v 55.05725 0.10580 1.51438
v 55.32374 0.09795 1.51613
v 55.05725 0.50348 1.50187
v 55.32374 0.49397 1.50263
v 55.50801 0.48666 1.50251
v 55.96419 0.46859 1.50202
v 55.05725 0.89024 1.46663
v 55.32374 0.87911 1.46644
v 55.50801 0.87061 1.46569
v 55.96419 0.84956 1.46368
v 56.42554 0.45033 1.50126
v 56.89185 0.43191 1.50021
v 57.34050 0.41420 1.49892
v 56.42554 0.82827 1.46142
v 56.89185 0.80677 1.45890
v 57.34050 0.78609 1.45625
v 57.83833 -0.77225 1.50541
v 58.31803 -0.78242 1.50652
v 58.80170 -0.79260 1.50716
v 58.80170 -0.40281 1.52035
v 57.83833 -0.37518 1.52149
v 57.83833 0.01380 1.51775
v 58.31803 -0.38896 1.52115
v 58.31803 -0.00353 1.51600
v 58.80170 -0.02095 1.51385
v 59.28911 -0.80280 1.50730
v 59.35980 -0.80427 1.50728
v 59.28911 -0.41670 1.51910
v 59.35980 -0.41871 1.51887
v 59.78000 -0.81346 1.50489
v 60.27412 -0.82420 1.50161
v 59.78000 -0.43123 1.51537
v 60.27412 -0.44591 1.51081
v 59.28911 -0.03847 1.51127
v 59.35980 -0.04100 1.51086
v 59.78000 -0.05680 1.50631
v 60.27412 -0.07534 1.50059
v 57.83833 0.39263 1.49603
v 58.31803 0.37187 1.49292
v 58.80170 0.35096 1.48944
v 57.83833 0.76106 1.45198
v 58.31803 0.73696 1.44760
v 58.80170 0.71266 1.44291
v 58.80170 1.06055 1.38229
v 59.28911 0.32992 1.48559
v 59.35980 0.32687 1.48501
v 59.78000 0.30789 1.47949
v 60.27412 0.28559 1.47269
v 59.28911 0.68818 1.43790
v 59.35980 0.68463 1.43715
v 59.28911 1.03275 1.37628
v 59.35980 1.02871 1.37539
v 59.78000 0.66255 1.43079
v 60.27412 0.63657 1.42307
v 59.78000 1.00362 1.36832
v 60.27412 0.97409 1.35982
v 60.77122 -2.37942 -0.29114
v 60.77122 -1.98647 -0.19972
v 61.27104 -2.37568 -0.27726
v 61.37910 -2.37487 -0.27428
v 61.77334 -2.37335 -0.26363
v 61.27104 -1.98711 -0.18666
v 61.37910 -1.98725 -0.18388
v 61.77334 -1.98925 -0.17394
v 62.27784 -2.75216 -0.34682
v 62.78431 -2.74573 -0.33224
v 62.27784 -2.37140 -0.25016
v 62.27784 -1.99178 -0.16146
v 62.78431 -2.36943 -0.23680
v 62.78431 -1.99428 -0.14921
v 60.77122 -1.59562 -0.11907
v 61.27104 -1.60063 -0.10680
v 61.37910 -1.60170 -0.10419
v 61.77334 -1.60721 -0.09492
v 60.77122 -1.20730 -0.05369
v 61.27104 -1.21663 -0.04224
v 61.37910 -1.21863 -0.03981
v 61.77334 -1.22761 -0.03121
v 62.27784 -1.61419 -0.08339
v 62.78431 -1.62114 -0.07217
v 62.27784 -1.23901 -0.02058
v 62.78431 -1.25038 -0.01035
v 63.29247 -2.73930 -0.31768
v 63.39840 -2.73797 -0.31465
v 63.80206 -2.73332 -0.30298
v 64.31284 -2.72745 -0.28827
v 63.29247 -2.36745 -0.22356
v 63.39840 -2.36704 -0.22082
v 63.80206 -2.36599 -0.21027
v 63.29247 -1.99675 -0.13719
v 63.39840 -1.99726 -0.13472
v 63.80206 -1.99981 -0.12521
v 64.31284 -2.36465 -0.19707
v 64.31284 -2.00300 -0.11344
v 64.82452 -2.72160 -0.27359
v 65.33687 -2.71574 -0.25899
v 65.41770 -2.71481 -0.25671
v 65.84961 -2.71121 -0.24503
v 64.82452 -2.36330 -0.18403
v 65.33687 -2.36194 -0.17117
v 65.41770 -2.36172 -0.16916
v 65.84961 -2.36193 -0.15892
v 64.82452 -2.00616 -0.10194
v 65.33687 -2.00928 -0.09072
v 65.41770 -2.00977 -0.08898
v 65.84961 -2.01379 -0.08008
v 63.29247 -1.62805 -0.06130
v 63.39840 -1.62949 -0.05908
v 63.80206 -1.63562 -0.05053
v 64.31284 -1.64333 -0.04007
v 63.29247 -1.26170 -0.00054
v 63.39840 -1.26405 0.00145
v 63.80206 -1.27376 0.00912
v 63.29247 -0.89799 0.04033
v 63.39840 -0.90125 0.04212
v 63.80206 -0.91452 0.04906
v 64.31284 -1.28596 0.01839
v 64.31284 -0.93121 0.05735
v 64.82452 -1.65098 -0.03001
v 65.33687 -1.65858 -0.02031
v 65.41770 -1.65977 -0.01880
v 65.84961 -1.66760 -0.01115
v 64.82452 -1.29810 0.02720
v 65.33687 -1.31017 0.03557
v 64.82452 -0.94783 0.06511
v 65.33687 -0.96437 0.07239
v 65.41770 -1.31207 0.03686
v 65.84961 -1.32370 0.04343
v 65.41770 -0.96698 0.07351
v 65.84961 -0.98241 0.07920
v 60.77122 -2.75437 1.11769
v 61.27104 -2.74455 1.12037
v 61.37910 -2.74242 1.12088
v 61.77334 -2.73596 1.12139
v 60.77122 -2.36874 1.23665
v 61.27104 -2.36307 1.23780
v 61.37910 -2.36183 1.23798
v 61.77334 -2.35870 1.23724
v 60.77122 -1.98355 1.33857
v 61.27104 -1.98202 1.33827
v 61.37910 -1.98168 1.33812
v 61.77334 -1.98189 1.33621
v 62.27784 -2.72765 1.12159
v 62.78431 -2.71928 1.12126
v 62.27784 -2.35465 1.23578
v 62.78431 -2.35053 1.23374
v 62.27784 -1.98210 1.33321
v 62.78431 -1.98224 1.32958
v 60.77122 -1.59912 1.41853
v 61.27104 -1.60170 1.41680
v 61.37910 -1.60225 1.41635
v 61.77334 -1.60579 1.41331
v 60.77122 -1.21506 1.46908
v 61.27104 -1.22175 1.46596
v 61.37910 -1.22318 1.46521
v 61.77334 -1.23004 1.46112
v 62.27784 -1.61025 1.40886
v 62.78431 -1.61466 1.40375
v 62.27784 -1.23875 1.45534
v 62.78431 -1.24743 1.44892
v 63.29247 -2.71083 1.12041
v 63.39840 -2.70907 1.12017
v 63.80206 -2.70259 1.11764
v 64.31284 -2.69437 1.11397
v 63.29247 -2.34635 1.23110
v 63.39840 -2.34547 1.23047
v 63.80206 -2.34244 1.22645
v 64.31284 -2.33856 1.22085
v 63.29247 -1.98232 1.32529
v 63.39840 -1.98233 1.32432
v 63.80206 -1.98276 1.31894
v 64.31284 -1.98326 1.31158
v 64.82452 -2.68611 1.10979
v 65.33687 -2.67782 1.10513
v 65.41770 -2.67652 1.10437
v 65.84961 -2.67102 1.09957
v 64.82452 -2.33464 1.21465
v 65.33687 -2.33070 1.20793
v 65.41770 -2.33008 1.20684
v 65.84961 -2.32826 1.20032
v 65.84961 -1.98608 1.28555
v 64.82452 -1.98370 1.30357
v 65.33687 -1.98412 1.29498
v 65.41770 -1.98418 1.29360
v 63.29247 -1.61902 1.39796
v 63.39840 -1.61992 1.39667
v 63.80206 -1.62382 1.39010
v 64.31284 -1.62870 1.38120
v 63.29247 -1.25607 1.44183
v 63.39840 -1.25786 1.44027
v 63.80206 -1.26525 1.43270
v 63.39840 -0.89958 1.46268
v 63.29247 -0.89690 1.46446
v 63.80206 -0.91043 1.45427
v 64.31284 -1.27455 1.42255
v 64.31284 -0.92413 1.44311
v 65.33687 -1.63833 1.36145
v 64.82452 -1.63353 1.37162
v 65.41770 -1.63909 1.35983
v 65.84961 -1.64472 1.35048
v 65.33687 -1.29305 1.40036
v 64.82452 -1.28381 1.41174
v 64.82452 -0.93781 1.43133
v 65.33687 -0.95148 1.41901
v 65.41770 -1.29451 1.39854
v 65.84961 -1.30390 1.38821
v 65.41770 -0.95364 1.41705
v 65.84961 -0.96679 1.40598
v 60.77122 -0.82174 -0.00879
v 60.77122 -0.44225 0.02221
v 61.27104 -0.83535 0.00193
v 61.37910 -0.83828 0.00419
v 61.77334 -0.85070 0.01221
v 61.27104 -0.46006 0.03219
v 61.37910 -0.46390 0.03428
v 61.77334 -0.47970 0.04173
v 60.77122 -0.07076 0.04083
v 61.27104 -0.09268 0.05006
v 61.37910 -0.09740 0.05200
v 61.77334 -0.11650 0.05888
v 62.27784 -0.86651 0.02204
v 62.27784 -0.49983 0.05080
v 62.78431 -0.88227 0.03142
v 62.78431 -0.51992 0.05939
v 62.27784 -0.14085 0.06723
v 62.78431 -0.16517 0.07508
v 60.77122 0.29083 0.04859
v 61.27104 0.26493 0.05710
v 61.37910 0.25935 0.05888
v 61.77334 0.23703 0.06523
v 61.77334 0.57910 0.06234
v 60.77122 0.64069 0.04698
v 60.77122 0.97751 0.03575
v 61.27104 0.61094 0.05483
v 61.37910 0.60452 0.05647
v 61.27104 0.94405 0.04299
v 61.37910 0.93683 0.04449
v 61.77334 0.90842 0.04992
v 62.27784 0.20858 0.07290
v 62.27784 0.54667 0.06940
v 62.78431 0.18014 0.08008
v 62.78431 0.51424 0.07599
v 62.27784 0.87217 0.05645
v 62.78431 0.83588 0.06252
v 63.29247 -0.53997 0.06747
v 63.39840 -0.54413 0.06909
v 63.80206 -0.56091 0.07537
v 64.31284 -0.58203 0.08280
v 63.29247 -0.18946 0.08241
v 63.39840 -0.19451 0.08387
v 63.80206 -0.21472 0.08958
v 64.31284 -0.24019 0.09627
v 64.31284 0.09254 0.09933
v 64.82452 -0.60307 0.08967
v 65.33687 -0.62404 0.09604
v 65.41770 -0.62734 0.09702
v 65.84961 -0.64652 0.10197
v 64.82452 -0.26558 0.10239
v 65.33687 -0.29090 0.10799
v 64.82452 0.06291 0.10482
v 65.33687 0.03334 0.10980
v 65.41770 -0.29489 0.10886
v 65.84961 -0.31776 0.11321
v 65.41770 0.02868 0.11057
v 65.84961 0.00221 0.11444
v 63.29247 0.15172 0.08674
v 63.39840 0.14581 0.08807
v 63.80206 0.12224 0.09326
v 63.29247 0.48181 0.08208
v 63.39840 0.47506 0.08328
v 63.80206 0.44825 0.08805
v 64.31284 0.41444 0.09359
v 63.29247 0.79959 0.06811
v 63.39840 0.79204 0.06921
v 63.80206 0.76210 0.07363
v 63.80206 1.06134 0.05481
v 64.31284 0.72432 0.07874
v 64.31284 1.01978 0.05955
v 64.82452 0.38069 0.09857
v 65.33687 0.34700 0.10305
v 65.41770 0.34168 0.10374
v 65.84961 0.31172 0.10724
v 64.82452 0.68659 0.08332
v 65.33687 0.64892 0.08743
v 64.82452 0.97826 0.06380
v 65.33687 0.93678 0.06761
v 65.41770 0.64298 0.08806
v 65.84961 0.60963 0.09128
v 65.41770 0.93023 0.06819
v 65.84961 0.89367 0.07120
v 60.77122 -0.83495 1.49777
v 60.77122 -0.46063 1.50573
v 61.27104 -0.84570 1.49334
v 61.37910 -0.84801 1.49231
v 61.77334 -0.85815 1.48725
v 61.27104 -0.47538 1.50012
v 61.37910 -0.47857 1.49884
v 61.77334 -0.49195 1.49293
v 60.77122 -0.09396 1.49440
v 61.27104 -0.11265 1.48773
v 61.37910 -0.11669 1.48623
v 61.77334 -0.13326 1.47959
v 62.27784 -0.87108 1.48027
v 62.27784 -0.50903 1.48490
v 62.78431 -0.88399 1.47268
v 62.78431 -0.52614 1.47632
v 62.27784 -0.15444 1.47069
v 62.78431 -0.17567 1.46129
v 60.77122 0.26317 1.46549
v 61.27104 0.24064 1.45789
v 61.37910 0.23577 1.45619
v 61.77334 0.21608 1.44892
v 61.77334 0.55574 1.39704
v 61.27104 0.58415 1.40664
v 61.37910 0.57846 1.40479
v 60.77122 0.61043 1.41502
v 60.77122 0.94436 1.35108
v 61.27104 0.91444 1.34210
v 61.37910 0.90797 1.34013
v 61.77334 0.88230 1.33203
v 62.27784 0.19090 1.43928
v 62.27784 0.52664 1.38687
v 62.78431 0.16563 1.42923
v 62.78431 0.49743 1.37637
v 62.27784 0.84942 1.32150
v 62.78431 0.81639 1.31074
v 63.29247 -0.54326 1.46716
v 63.39840 -0.54683 1.46519
v 63.80206 -0.56112 1.45613
v 64.31284 -0.57918 1.44418
v 63.29247 -0.19695 1.45139
v 63.39840 -0.20138 1.44927
v 63.80206 -0.21906 1.43972
v 64.31284 -0.24141 1.42723
v 64.31284 0.08745 1.39380
v 64.82452 -0.59723 1.43169
v 65.33687 -0.61530 1.41870
v 65.41770 -0.61816 1.41664
v 65.84961 -0.63503 1.40505
v 65.33687 -0.28620 1.40085
v 64.82452 -0.26379 1.41425
v 64.82452 0.06083 1.38057
v 65.33687 0.03417 1.36699
v 65.41770 -0.28974 1.39872
v 65.84961 -0.31029 1.38683
v 65.41770 0.02996 1.36483
v 65.84961 0.00579 1.35284
v 63.29247 0.14029 1.41875
v 63.39840 0.13501 1.41652
v 63.80206 0.11401 1.40664
v 63.39840 0.46199 1.36326
v 63.29247 0.46810 1.36555
v 63.80206 0.43774 1.35324
v 64.31284 0.40705 1.34032
v 63.39840 1.07628 1.22082
v 63.80206 1.04587 1.21097
v 64.31284 0.71420 1.27461
v 64.31284 1.00733 1.19844
v 63.29247 0.78321 1.29974
v 63.39840 0.77629 1.29743
v 63.80206 0.74890 1.28742
v 64.82452 0.37627 1.32711
v 65.33687 0.34543 1.31363
v 65.41770 0.34056 1.31150
v 65.84961 0.31286 1.29964
v 64.82452 0.67941 1.26160
v 65.33687 0.64452 1.24842
v 64.82452 0.96867 1.18580
v 65.33687 0.92990 1.17308
v 65.41770 0.63901 1.24633
v 65.84961 0.60789 1.23477
v 65.84961 0.88937 1.15995
v 65.41770 0.92378 1.17107
v 55.32374 1.32579 -0.06179
v 55.05725 1.34090 -0.06753
v 55.50801 1.31451 -0.05793
v 55.96419 1.28660 -0.04851
v 55.05725 1.70024 -0.07434
v 55.32374 1.68353 -0.06915
v 55.05725 2.04015 -0.08476
v 55.32374 2.02192 -0.08008
v 55.50801 1.67106 -0.06564
v 55.96419 1.64021 -0.05708
v 55.50801 2.00833 -0.07691
v 55.96419 1.97471 -0.06915
v 56.42554 1.25843 -0.03918
v 56.89185 1.23002 -0.02996
v 57.34050 1.20276 -0.02132
v 56.89185 1.57765 -0.04021
v 57.34050 1.54749 -0.03235
v 56.42554 1.60907 -0.04859
v 56.42554 1.94076 -0.06146
v 56.89185 1.90649 -0.05387
v 57.34050 1.87358 -0.04674
v 55.05725 2.35892 -0.09748
v 55.32374 2.33927 -0.09328
v 55.96419 2.28839 -0.08338
v 55.50801 2.32462 -0.09040
v 55.05725 2.92614 -0.12293
v 55.32374 2.90393 -0.11949
v 55.05725 2.65491 -0.11115
v 55.32374 2.63393 -0.10736
v 55.50801 2.61830 -0.10475
v 55.96419 2.57964 -0.09838
v 55.50801 2.88739 -0.11712
v 55.96419 2.84649 -0.11130
v 56.42554 2.25179 -0.07641
v 56.42554 2.54058 -0.09206
v 56.89185 2.21485 -0.06953
v 57.34050 2.17936 -0.06307
v 56.89185 2.50114 -0.08581
v 57.34050 2.46325 -0.07994
v 56.42554 2.80516 -0.10553
v 56.42554 3.04417 -0.11561
v 56.89185 2.76343 -0.09982
v 57.34050 2.72333 -0.09445
v 56.89185 3.00035 -0.11033
v 57.34050 2.95824 -0.10537
v 57.83833 1.17053 -0.01235
v 57.83833 1.51191 -0.02418
v 58.31803 1.13956 -0.00401
v 58.80170 1.10841 0.00410
v 58.31803 1.47770 -0.01657
v 58.80170 1.44328 -0.00918
v 57.83833 1.83482 -0.03931
v 58.31803 1.79755 -0.03238
v 58.80170 1.76004 -0.02566
v 58.80170 2.05705 -0.04386
v 59.28911 1.40867 -0.00203
v 59.35980 1.40366 -0.00102
v 59.78000 1.37231 0.00552
v 60.27412 1.33555 0.01286
v 59.28911 1.72231 -0.01915
v 59.35980 1.71684 -0.01823
v 59.35980 2.01049 -0.03709
v 59.28911 2.01638 -0.03793
v 59.78000 1.68270 -0.01222
v 60.27412 1.64264 -0.00546
v 59.78000 1.97373 -0.03156
v 60.27412 1.93057 -0.02533
v 57.83833 2.13762 -0.05630
v 57.83833 2.41874 -0.07376
v 58.31803 2.09747 -0.04999
v 58.31803 2.37590 -0.06799
v 58.80170 2.33278 -0.06239
v 57.83833 2.67626 -0.08877
v 57.83833 2.90884 -0.10008
v 58.31803 2.63096 -0.08347
v 58.80170 2.58535 -0.07832
v 58.80170 2.81343 -0.09036
v 58.31803 2.86130 -0.09515
v 58.80170 3.01566 -0.09678
v 59.28911 2.28938 -0.05697
v 59.35980 2.28310 -0.05621
v 59.35980 2.53279 -0.07263
v 59.28911 2.53945 -0.07334
v 59.78000 2.24389 -0.05110
v 60.27412 2.19787 -0.04535
v 59.78000 2.49135 -0.06791
v 60.27412 2.44269 -0.06259
v 59.28911 2.76525 -0.08572
v 59.35980 2.75826 -0.08507
v 59.28911 2.96545 -0.09245
v 59.35980 2.95817 -0.09184
v 59.78000 2.71479 -0.08066
v 60.27412 2.66374 -0.07571
v 59.78000 2.91290 -0.08773
v 60.27412 2.85974 -0.08312
v 60.27412 3.02960 -0.08366
v 59.78000 3.05039 0.57958
v 60.27412 2.99787 0.57403
v 55.05725 1.26238 1.41626
v 55.32374 1.24968 1.41517
v 55.50801 1.24001 1.41384
v 55.96419 1.21608 1.41044
v 55.96419 1.56633 1.34386
v 55.05725 1.95564 1.27540
v 55.32374 1.93997 1.27285
v 55.50801 1.92810 1.27060
v 55.96419 1.89870 1.26497
v 55.05725 1.61804 1.35223
v 55.32374 1.60383 1.35034
v 55.50801 1.59304 1.34850
v 56.42554 1.19187 1.40681
v 56.42554 1.53929 1.33902
v 56.89185 1.16739 1.40296
v 57.34050 1.14383 1.39907
v 56.89185 1.51195 1.33400
v 57.34050 1.48562 1.32903
v 56.42554 1.86893 1.25918
v 57.34050 1.80981 1.24740
v 56.89185 1.83882 1.25322
v 55.05725 2.84692 0.97228
v 55.32374 2.82705 0.96911
v 55.50801 2.81210 0.96658
v 55.96419 2.77507 0.96029
v 55.50801 3.05993 0.85196
v 55.96419 3.02058 0.84615
v 57.34050 2.40038 1.05077
v 56.42554 2.73759 0.95390
v 56.42554 2.98075 0.84026
v 56.89185 2.69965 0.94742
v 57.34050 2.66312 0.94117
v 56.89185 2.94045 0.83429
v 57.34050 2.90164 0.82853
v 55.05725 2.27384 1.18613
v 55.32374 2.25673 1.18315
v 55.32374 2.55350 1.07942
v 55.50801 2.24380 1.18065
v 55.96419 2.21178 1.17441
v 55.50801 2.53954 1.07684
v 55.96419 2.50496 1.07041
v 55.05725 2.57202 1.08260
v 56.42554 2.17936 1.16804
v 56.42554 2.46995 1.06386
v 56.89185 2.14655 1.16153
v 57.34050 2.11494 1.15522
v 56.89185 2.43451 1.05720
v 57.83833 1.11547 1.39356
v 57.83833 1.45404 1.32246
v 58.31803 1.08812 1.38805
v 58.31803 1.42358 1.31598
v 58.80170 1.39285 1.30932
v 57.83833 1.77514 1.24002
v 58.31803 1.74168 1.23283
v 58.80170 1.70791 1.22549
v 58.31803 2.04091 1.13985
v 58.80170 2.00420 1.13219
v 60.27412 1.29642 1.28473
v 59.35980 1.35735 1.30145
v 59.28911 1.36185 1.30246
v 59.78000 1.32937 1.29381
v 59.35980 1.66889 1.21692
v 59.28911 1.67383 1.21801
v 59.28911 1.96716 1.12443
v 59.35980 1.96179 1.12330
v 59.78000 1.63813 1.20892
v 60.27412 1.60190 1.19948
v 59.78000 1.92835 1.11522
v 60.27412 1.88898 1.10573
v 57.83833 2.35980 1.04295
v 58.31803 2.32065 1.03540
v 58.80170 2.28111 1.02778
v 58.80170 2.53576 0.91915
v 58.31803 2.81141 0.81505
v 58.80170 2.76669 0.80839
v 58.80170 2.97249 0.69773
v 58.31803 3.01953 0.70347
v 57.83833 2.61978 0.93366
v 57.83833 2.85571 0.82166
v 58.31803 2.57797 0.92643
v 59.28911 2.24122 1.02010
v 59.35980 2.23543 1.01899
v 59.28911 2.49317 0.91183
v 59.35980 2.48699 0.91077
v 59.78000 2.19943 1.01113
v 60.27412 2.15703 1.00193
v 59.78000 2.44857 0.90337
v 60.27412 2.40333 0.89473
v 59.28911 2.72157 0.80171
v 59.35980 2.71502 0.80075
v 59.28911 2.92504 0.69195
v 59.35980 2.91816 0.69111
v 59.78000 2.67435 0.79403
v 60.27412 2.62646 0.78619
v 59.78000 2.87540 0.68530
v 60.27412 2.82508 0.67850
v 57.83833 2.07726 1.14741
v 55.05725 3.17121 -0.13170
v 55.32374 3.14788 -0.12854
v 55.05725 3.38856 -0.13538
v 55.32374 3.36423 -0.13245
v 55.32374 3.55174 -0.12985
v 55.50801 3.13052 -0.12634
v 55.96419 3.08757 -0.12096
v 55.96419 3.30137 -0.12537
v 55.50801 3.34614 -0.13040
v 55.50801 3.53300 -0.12793
v 55.96419 3.48665 -0.12321
v 55.05725 3.57694 -0.13260
v 55.05725 3.73541 -0.12273
v 55.32374 3.70948 -0.12014
v 55.50801 3.69020 -0.11832
v 55.05725 3.86197 -0.10114
v 55.05725 3.95683 -0.07029
v 55.05725 4.01809 -0.02515
v 55.32374 3.83544 -0.09862
v 55.32374 3.92982 -0.06774
v 55.32374 3.99081 -0.02269
v 55.05725 4.03746 0.06154
v 55.32374 4.00972 0.06523
v 55.96419 3.64252 -0.11386
v 55.96419 3.76695 -0.09252
v 55.50801 3.81572 -0.09684
v 55.50801 3.90976 -0.06596
v 55.50801 3.97055 -0.02100
v 55.96419 3.86014 -0.06163
v 55.96419 3.92043 -0.01687
v 55.50801 3.98915 0.06774
v 55.96419 3.93827 0.07382
v 56.42554 3.25613 -0.12039
v 56.42554 3.43981 -0.11854
v 56.89185 3.21045 -0.11546
v 57.34050 3.16654 -0.11083
v 56.89185 3.39252 -0.11391
v 56.89185 3.54568 -0.10509
v 57.34050 3.34705 -0.10958
v 57.34050 3.49891 -0.10101
v 56.42554 3.59433 -0.10945
v 56.42554 3.71766 -0.08824
v 56.42554 3.81000 -0.05737
v 56.42554 3.86979 -0.01281
v 56.42554 3.88690 0.07977
v 56.89185 3.66790 -0.08403
v 56.89185 3.75938 -0.05318
v 57.34050 3.62007 -0.08009
v 57.34050 3.71073 -0.04928
v 57.34050 3.76954 -0.00518
v 57.34050 3.78531 0.09088
v 56.89185 3.81867 -0.00885
v 56.89185 3.83508 0.08555
v 55.05725 4.02462 0.15617
v 55.05725 4.00209 0.18194
v 55.32374 3.99625 0.16226
v 55.32374 3.97458 0.18548
v 55.05725 3.93256 0.26602
v 55.32374 3.90605 0.26729
v 55.50801 3.97525 0.16638
v 55.50801 3.95416 0.18785
v 55.96419 3.92334 0.17636
v 55.96419 3.90367 0.19356
v 55.50801 3.88633 0.26807
v 55.96419 3.83754 0.26992
v 55.32374 3.79857 0.38131
v 55.05725 3.68496 0.50145
v 55.32374 3.66037 0.50035
v 55.05725 3.82417 0.38132
v 55.50801 3.77949 0.38117
v 55.96419 3.73227 0.38078
v 55.50801 3.64201 0.49941
v 55.96419 3.59655 0.49707
v 56.42554 3.55057 0.49465
v 56.89185 3.50410 0.49215
v 57.34050 3.45939 0.48969
v 56.42554 3.78824 0.27166
v 56.42554 3.85269 0.19912
v 56.42554 3.87099 0.18611
v 56.89185 3.80127 0.20449
v 57.34050 3.76764 0.20426
v 57.34050 3.75189 0.20940
v 56.89185 3.73846 0.27329
v 57.34050 3.69061 0.27472
v 56.89185 3.81824 0.19557
v 56.42554 3.68454 0.38031
v 56.89185 3.63631 0.37974
v 57.34050 3.58993 0.37910
v 57.83833 3.11508 -0.10588
v 57.83833 3.29380 -0.10492
v 57.83833 3.44414 -0.09662
v 58.31803 3.06554 -0.10126
v 58.31803 3.24254 -0.10058
v 58.80170 3.19091 -0.09638
v 58.31803 3.39143 -0.09254
v 58.31803 3.51019 -0.07195
v 58.80170 3.33834 -0.08859
v 58.80170 3.45592 -0.06818
v 58.80170 3.54382 -0.03759
v 57.83833 3.56408 -0.07586
v 57.83833 3.65379 -0.04510
v 57.83833 3.71204 -0.00128
v 57.83833 3.72713 0.09645
v 58.31803 3.59900 -0.04127
v 58.31803 3.65671 0.00228
v 58.31803 3.67119 0.10149
v 58.80170 3.60100 0.00567
v 58.80170 3.61489 0.10623
v 59.28911 3.13895 -0.09233
v 59.35980 3.13142 -0.09176
v 59.35980 3.27716 -0.08427
v 59.28911 3.28490 -0.08480
v 59.28911 3.40129 -0.06458
v 59.35980 3.39337 -0.06407
v 59.28911 3.48829 -0.03409
v 59.35980 3.48025 -0.03361
v 59.28911 3.54493 0.00886
v 59.35980 3.53680 0.00930
v 59.35980 3.55009 0.11125
v 59.78000 3.08459 -0.08794
v 59.78000 3.22903 -0.08073
v 60.27412 3.17251 -0.07678
v 60.27412 3.28646 -0.05714
v 59.78000 3.34421 -0.06079
v 59.78000 3.43030 -0.03053
v 60.27412 3.37163 -0.02714
v 59.78000 3.48639 0.01201
v 59.78000 3.49928 0.11472
v 60.27412 3.42719 0.01495
v 59.28911 3.55829 0.11064
v 58.80170 3.52613 0.27788
v 57.83833 3.53546 0.37808
v 57.83833 3.40679 0.48665
v 58.80170 3.30498 0.48058
v 58.31803 3.48300 0.37698
v 58.80170 3.43013 0.37576
v 58.31803 3.35609 0.48365
v 57.83833 3.69414 0.21443
v 57.83833 3.70861 0.21331
v 57.83833 3.63451 0.27599
v 58.31803 3.63862 0.21892
v 58.31803 3.65192 0.22148
v 58.80170 3.58275 0.22309
v 58.80170 3.59496 0.22913
v 58.31803 3.58051 0.27703
v 59.28911 3.52658 0.22689
v 59.35980 3.51845 0.22741
v 59.35980 3.46344 0.27861
v 59.28911 3.47138 0.27853
v 59.28911 3.53777 0.23622
v 59.35980 3.52949 0.23719
v 59.78000 3.46805 0.23013
v 60.27412 3.40892 0.23291
v 60.27412 3.43965 0.11840
v 59.78000 3.41425 0.27866
v 59.78000 3.47826 0.24259
v 60.27412 3.35646 0.27852
v 60.27412 3.41822 0.24827
v 59.28911 3.10222 0.58499
v 59.35980 3.09503 0.58432
v 59.35980 3.24599 0.47695
v 59.28911 3.25347 0.47742
v 59.35980 3.36916 0.37419
v 59.28911 3.37688 0.37440
v 60.27412 3.26498 0.37030
v 59.78000 3.19964 0.47360
v 60.27412 3.14511 0.46961
v 59.78000 3.32127 0.37246
v 55.32374 3.29828 0.73730
v 55.05725 3.51641 0.62281
v 55.32374 3.49289 0.62085
v 55.05725 3.32066 0.73985
v 55.50801 3.28151 0.73529
v 55.96419 3.23998 0.73029
v 55.50801 3.47530 0.61929
v 55.96419 3.43175 0.61539
v 55.05725 3.09698 0.85726
v 55.32374 3.07582 0.85430
v 56.42554 3.19794 0.72522
v 56.42554 3.38769 0.61143
v 57.34050 3.30024 0.60348
v 56.89185 3.15543 0.72007
v 57.34050 3.11450 0.71511
v 56.89185 3.34313 0.60739
v 57.83833 3.24969 0.59878
v 57.83833 3.06615 0.70918
v 58.31803 3.20095 0.59424
v 58.80170 3.15179 0.58964
v 60.77122 1.29865 0.01987
v 61.27104 1.26166 0.02652
v 61.37910 1.25368 0.02790
v 61.77334 1.22242 0.03292
v 61.27104 1.56209 0.00709
v 61.37910 1.55338 0.00836
v 61.77334 1.51943 0.01300
v 60.77122 1.60243 0.00098
v 60.77122 1.88725 -0.01940
v 61.77334 1.79791 -0.00830
v 61.27104 1.84377 -0.01377
v 61.37910 1.83439 -0.01260
v 61.77334 2.05641 -0.02960
v 62.27784 1.18252 0.03894
v 62.27784 1.47608 0.01857
v 62.78431 1.14257 0.04454
v 62.78431 1.43266 0.02374
v 62.27784 1.75132 -0.00313
v 62.27784 2.00681 -0.02479
v 62.78431 1.70464 0.00167
v 62.78431 1.95711 -0.02033
v 60.77122 2.15164 -0.03987
v 60.77122 2.39382 -0.05752
v 61.27104 2.10526 -0.03468
v 61.37910 2.09524 -0.03359
v 61.77334 2.29318 -0.04799
v 61.27104 2.34475 -0.05271
v 61.37910 2.33416 -0.05171
v 61.27104 2.56099 -0.06652
v 61.37910 2.54987 -0.06559
v 61.77334 2.50695 -0.06213
v 60.77122 2.61247 -0.07099
v 60.77122 2.80633 -0.07873
v 60.77122 2.97435 -0.07960
v 61.27104 2.75271 -0.07458
v 61.37910 2.74113 -0.07372
v 61.77334 2.69649 -0.07050
v 61.27104 2.91888 -0.07577
v 61.37910 2.90690 -0.07498
v 61.27104 3.05871 -0.06956
v 61.37910 3.04639 -0.06883
v 61.77334 2.86078 -0.07203
v 61.77334 2.99903 -0.06615
v 62.27784 2.24083 -0.04353
v 62.27784 2.45210 -0.05797
v 62.78431 2.18835 -0.03938
v 62.78431 2.39713 -0.05411
v 62.27784 2.63944 -0.06665
v 62.27784 2.80183 -0.06850
v 62.27784 2.93849 -0.06297
v 62.27784 3.04748 -0.04470
v 62.78431 2.58225 -0.06309
v 62.78431 2.74273 -0.06526
v 62.78431 2.87780 -0.06007
v 62.78431 2.98553 -0.04218
v 60.77122 2.94499 0.56845
v 61.27104 3.03508 0.46140
v 61.37910 3.02316 0.46050
v 61.77334 2.97721 0.45693
v 61.27104 2.89180 0.56286
v 61.37910 2.88029 0.56165
v 61.77334 2.83590 0.55693
v 62.78431 3.05508 0.27336
v 62.27784 2.77906 0.55091
v 62.27784 2.91840 0.45232
v 62.27784 3.03139 0.35967
v 62.78431 2.72196 0.54490
v 62.78431 2.85935 0.44765
v 62.78431 2.97068 0.35646
v 63.29247 1.10259 0.04969
v 63.39840 1.09427 0.05071
v 63.29247 1.38920 0.02851
v 63.39840 1.38015 0.02945
v 63.80206 1.34439 0.03327
v 64.31284 1.29925 0.03770
v 64.31284 1.56126 0.01469
v 63.29247 1.65790 0.00609
v 63.39840 1.64817 0.00696
v 63.80206 1.60977 0.01054
v 63.29247 1.90733 -0.01622
v 63.39840 1.89697 -0.01541
v 63.80206 1.85610 -0.01204
v 64.31284 1.80448 -0.00815
v 64.31284 2.02726 -0.02802
v 64.82452 1.25413 0.04166
v 65.33687 1.20905 0.04522
v 64.82452 1.51277 0.01841
v 65.33687 1.46431 0.02176
v 65.41770 1.20194 0.04577
v 65.84961 1.16232 0.04860
v 65.41770 1.45667 0.02227
v 65.84961 1.41419 0.02495
v 64.82452 1.75286 -0.00465
v 65.33687 1.70126 -0.00149
v 64.82452 1.97278 -0.02475
v 65.33687 1.91831 -0.02180
v 65.41770 1.69312 -0.00101
v 65.84961 1.64799 0.00154
v 65.41770 1.90972 -0.02134
v 65.84961 1.86216 -0.01894
v 65.84961 2.05555 -0.03518
v 63.39840 2.12485 -0.03480
v 63.29247 2.13580 -0.03555
v 63.80206 2.08173 -0.03166
v 63.80206 2.28544 -0.04695
v 63.29247 2.34206 -0.05057
v 63.39840 2.33059 -0.04987
v 63.29247 2.52496 -0.05983
v 63.39840 2.51303 -0.05919
v 63.80206 2.46609 -0.05652
v 64.31284 2.22840 -0.04358
v 64.31284 2.40678 -0.05344
v 64.31284 2.56145 -0.05659
v 63.29247 2.68352 -0.06230
v 63.39840 2.67119 -0.06173
v 63.39840 2.80432 -0.05695
v 63.80206 2.62271 -0.05933
v 63.80206 2.75456 -0.05486
v 63.29247 2.81699 -0.05746
v 63.29247 2.92347 -0.03996
v 63.39840 2.91054 -0.03954
v 63.39840 2.98997 -0.01177
v 63.29247 3.00309 -0.01210
v 63.80206 2.85976 -0.03782
v 63.80206 2.93847 -0.01046
v 63.29247 3.05534 0.02687
v 63.39840 3.04211 0.02709
v 63.80206 2.99016 0.02787
v 64.31284 2.69167 -0.05250
v 64.31284 2.79560 -0.03594
v 64.31284 2.87338 -0.00913
v 64.31284 2.92452 0.02853
v 64.82452 2.17135 -0.04055
v 65.33687 2.11430 -0.03783
v 65.33687 2.28812 -0.04824
v 64.82452 2.34745 -0.05070
v 64.82452 2.50016 -0.05417
v 65.33687 2.43887 -0.05204
v 65.33687 2.56582 -0.04870
v 65.41770 2.10530 -0.03741
v 65.41770 2.27877 -0.04786
v 65.84961 2.22709 -0.04584
v 65.41770 2.42921 -0.05171
v 65.41770 2.55590 -0.04843
v 65.84961 2.37586 -0.04994
v 65.84961 2.50117 -0.04696
v 64.82452 2.62875 -0.05046
v 64.82452 2.73141 -0.03440
v 64.82452 2.80827 -0.00816
v 65.33687 2.66721 -0.03313
v 65.33687 2.74315 -0.00748
v 65.33687 2.79317 0.02883
v 64.82452 2.85885 0.02883
v 65.41770 2.65708 -0.03294
v 65.41770 2.73287 -0.00738
v 65.84961 2.60128 -0.03189
v 65.84961 2.67629 -0.00682
v 65.41770 2.78281 0.02882
v 65.84961 2.72574 0.02880
v 64.31284 2.54621 0.52590
v 63.39840 3.05299 0.13074
v 63.80206 3.00100 0.13087
v 63.29247 2.99287 0.27139
v 63.39840 2.97991 0.27094
v 63.29247 3.03867 0.23861
v 63.39840 3.02553 0.23844
v 63.29247 3.04433 0.26535
v 63.39840 3.03112 0.26536
v 63.80206 2.92906 0.26892
v 63.80206 2.84729 0.34925
v 63.80206 2.97398 0.23744
v 63.80206 2.97934 0.26497
v 64.31284 2.78427 0.34517
v 64.31284 2.93534 0.13050
v 64.31284 2.86477 0.26609
v 64.31284 2.90890 0.23563
v 64.31284 2.91403 0.26361
v 63.29247 2.80009 0.44290
v 63.39840 2.78774 0.44191
v 63.80206 2.73922 0.43773
v 63.29247 2.66463 0.53889
v 63.39840 2.65267 0.53764
v 63.80206 2.60569 0.53244
v 63.29247 2.90979 0.35308
v 63.39840 2.89710 0.35235
v 64.31284 2.67782 0.43240
v 65.33687 2.55466 0.42159
v 64.82452 2.48658 0.51938
v 65.33687 2.42683 0.51290
v 65.41770 2.54494 0.42074
v 65.84961 2.49126 0.41607
v 65.41770 2.41740 0.51187
v 65.84961 2.36529 0.50628
v 65.33687 2.80410 0.12811
v 65.33687 2.77882 0.23025
v 64.82452 2.80044 0.26295
v 64.82452 2.72117 0.34092
v 65.33687 2.65800 0.33653
v 65.33687 2.73607 0.25954
v 65.33687 2.78378 0.25806
v 64.82452 2.86970 0.12955
v 64.82452 2.84384 0.23319
v 64.82452 2.84885 0.26124
v 65.41770 2.79375 0.12787
v 65.41770 2.76856 0.22978
v 65.84961 2.73674 0.12661
v 65.84961 2.71203 0.22722
v 65.41770 2.64804 0.33584
v 65.41770 2.72591 0.25900
v 65.41770 2.77352 0.25755
v 65.84961 2.66993 0.25606
v 65.84961 2.59306 0.33206
v 65.84961 2.71695 0.25477
v 64.82452 2.61629 0.42702
v 61.27104 2.07127 0.98352
v 61.37910 2.06195 0.98153
v 61.77334 2.02569 0.97374
v 62.27784 1.97921 0.96383
v 62.78431 1.93246 0.95397
v 60.77122 1.26323 1.27547
v 60.77122 1.56540 1.18993
v 61.27104 1.22982 1.26606
v 61.37910 1.22259 1.26400
v 61.77334 1.19409 1.25570
v 61.77334 1.48946 1.16985
v 61.27104 1.52863 1.18029
v 61.37910 1.52067 1.17820
v 60.77122 1.84929 1.09619
v 61.27104 1.80932 1.08661
v 61.37910 1.80067 1.08455
v 61.77334 1.76687 1.07636
v 62.27784 1.15757 1.24498
v 62.27784 1.44946 1.15915
v 62.78431 1.12086 1.23412
v 62.78431 1.40924 1.14838
v 62.27784 1.72354 1.06592
v 62.78431 1.67998 1.05548
v 61.27104 2.52965 0.77058
v 61.37910 2.51914 0.76891
v 61.77334 2.47843 0.76238
v 60.77122 2.11430 0.99272
v 60.77122 2.35775 0.88609
v 61.27104 2.31184 0.87749
v 61.37910 2.30190 0.87564
v 61.77334 2.26333 0.86840
v 60.77122 2.77440 0.67171
v 60.77122 2.57822 0.77837
v 61.27104 2.72339 0.66493
v 61.37910 2.71236 0.66347
v 61.77334 2.66971 0.65779
v 62.27784 2.42628 0.75411
v 62.78431 2.56017 0.64342
v 62.78431 2.37385 0.74590
v 62.27784 2.21390 0.85922
v 62.78431 2.16420 0.85010
v 62.27784 2.61508 0.65058
v 64.31284 1.54533 1.02229
v 63.29247 1.63618 1.04505
v 63.39840 1.62704 1.04288
v 63.80206 1.59101 1.03376
v 63.80206 1.83705 0.93361
v 63.80206 2.06280 0.83140
v 63.29247 1.88548 0.94416
v 63.39840 1.87568 0.94212
v 64.31284 1.78810 0.92295
v 64.31284 2.01081 0.82165
v 64.82452 1.49949 1.01087
v 65.33687 1.45352 0.99949
v 65.41770 1.44626 0.99769
v 65.84961 1.40576 0.98780
v 64.82452 1.95863 0.81202
v 65.33687 1.90632 0.80247
v 65.84961 2.04527 0.69446
v 65.41770 1.89806 0.80097
v 65.84961 1.85222 0.79271
v 64.82452 1.73897 0.91238
v 65.33687 1.68970 0.90188
v 65.41770 1.68192 0.90022
v 65.84961 1.63865 0.89112
v 63.80206 1.32708 1.12575
v 63.29247 1.08397 1.22312
v 63.29247 1.36881 1.13757
v 63.39840 1.36038 1.13531
v 64.31284 1.28488 1.11367
v 64.82452 1.24253 1.10157
v 65.33687 1.20005 1.08945
v 65.41770 1.19335 1.08754
v 65.84961 1.15581 1.07698
v 63.39840 2.31019 0.73608
v 63.80206 2.26695 0.72909
v 63.29247 2.50503 0.63630
v 63.39840 2.49353 0.63483
v 63.80206 2.44831 0.62871
v 63.29247 2.32118 0.73776
v 64.31284 2.21218 0.72035
v 64.31284 2.39103 0.62105
v 63.29247 2.11425 0.84106
v 63.39840 2.10383 0.83919
v 65.33687 2.27602 0.60596
v 64.82452 2.15723 0.71172
v 65.33687 2.10214 0.70318
v 64.82452 2.33359 0.61347
v 65.41770 2.09345 0.70184
v 65.41770 2.26693 0.60478
v 65.84961 2.21666 0.59830
v 60.77122 3.11573 -0.07305
v 60.77122 3.22845 -0.05372
v 60.77122 3.31270 -0.02400
v 60.77122 3.36772 0.01763
v 61.27104 3.17020 -0.05055
v 61.37910 3.15762 -0.04990
v 61.27104 3.25354 -0.02112
v 61.37910 3.24076 -0.02054
v 61.77334 3.10927 -0.04750
v 61.77334 3.19168 -0.01843
v 61.27104 3.30801 0.02003
v 61.37910 3.29511 0.02052
v 61.77334 3.24560 0.02221
v 62.27784 3.12896 -0.01600
v 62.27784 3.18232 0.02409
v 62.78431 3.06609 -0.01389
v 62.78431 3.11889 0.02565
v 60.77122 3.29839 0.27812
v 60.77122 3.37979 0.12166
v 60.77122 3.34957 0.23523
v 60.77122 3.35805 0.25322
v 61.37910 3.30678 0.12501
v 61.77334 3.25705 0.12679
v 61.27104 3.24006 0.27747
v 61.27104 3.29003 0.23706
v 61.27104 3.29778 0.25740
v 61.37910 3.22746 0.27729
v 61.37910 3.27718 0.23739
v 61.37910 3.28478 0.25820
v 61.77334 3.17905 0.27641
v 61.77334 3.22786 0.23829
v 61.77334 3.23495 0.26072
v 61.27104 3.31975 0.12446
v 60.77122 3.09025 0.46554
v 60.77122 3.20838 0.36800
v 61.27104 3.15149 0.36553
v 61.37910 3.13919 0.36498
v 61.77334 3.09190 0.36271
v 62.27784 3.19354 0.12861
v 62.27784 3.11715 0.27503
v 62.27784 3.16488 0.23897
v 62.27784 3.17140 0.26316
v 62.78431 3.12993 0.12991
v 62.78431 3.10181 0.23908
v 62.78431 3.10785 0.26472
v 63.29247 3.06625 0.13066
v 66.36247 -8.28919 -2.79827
v 66.36247 -8.27933 -2.79142
v 66.36247 -8.24979 -2.77093
v 66.36247 -8.20065 -2.73704
v 66.87521 -8.21325 -2.74241
v 66.87521 -8.20352 -2.73566
v 66.87521 -8.17435 -2.71548
v 66.36247 -8.34366 -2.57476
v 66.36247 -8.33444 -2.56529
v 66.36247 -8.13206 -2.69004
v 66.36247 -8.30685 -2.53683
v 66.36247 -8.26091 -2.48980
v 66.36247 -8.04426 -2.63022
v 66.36247 -7.93734 -2.55892
v 66.87521 -8.12582 -2.68212
v 67.38756 -8.13721 -2.68711
v 67.38756 -8.12760 -2.68047
v 67.38756 -8.09880 -2.66061
v 66.87521 -8.26723 -2.51922
v 66.87521 -8.25812 -2.50989
v 66.87521 -8.23084 -2.48188
v 67.38756 -8.19070 -2.46423
v 66.87521 -8.05808 -2.63585
v 66.87521 -7.97138 -2.57695
v 67.38756 -8.05088 -2.62776
v 67.38756 -7.98400 -2.58221
v 66.87521 -7.86579 -2.50676
v 67.38756 -7.89839 -2.52424
v 66.36247 -8.19673 -2.42467
v 66.36247 -8.11456 -2.34177
v 66.36247 -8.01435 -2.24296
v 66.87521 -8.18544 -2.43559
v 66.87521 -8.12201 -2.37148
v 67.38756 -8.18169 -2.45506
v 67.38756 -8.15474 -2.42750
v 67.38756 -8.10987 -2.38194
v 66.87521 -8.04080 -2.28989
v 67.38756 -8.04719 -2.31885
v 67.38756 -7.96694 -2.23856
v 67.89925 -8.06215 -2.63326
v 67.89925 -8.05266 -2.62672
v 67.89925 -8.02423 -2.60717
v 67.89925 -7.97693 -2.57483
v 67.89925 -7.91091 -2.52999
v 67.89925 -7.82642 -2.47292
v 68.41002 -7.98718 -2.58009
v 68.41002 -7.97781 -2.57365
v 68.41002 -7.94976 -2.55440
v 68.41002 -7.90308 -2.52258
v 68.41002 -7.83792 -2.47844
v 68.91962 -7.91223 -2.52753
v 68.91962 -7.90299 -2.52119
v 68.91962 -7.87530 -2.50225
v 68.91962 -7.82924 -2.47093
v 67.89925 -8.11516 -2.41072
v 67.89925 -8.10626 -2.40169
v 67.89925 -8.07963 -2.37458
v 67.89925 -8.03531 -2.32975
v 67.89925 -7.97339 -2.26769
v 68.41002 -8.03971 -2.35788
v 68.41002 -8.03092 -2.34900
v 68.41002 -8.00462 -2.32233
v 68.41002 -7.96084 -2.27824
v 68.91962 -7.96429 -2.30566
v 68.91962 -7.95562 -2.29692
v 68.91962 -7.92964 -2.27069
v 68.91962 -7.88641 -2.22732
v 66.36247 -7.81173 -2.47635
v 66.36247 -7.66778 -2.38348
v 66.36247 -7.50591 -2.28120
v 66.87521 -7.74175 -2.42546
v 67.38756 -7.79414 -2.45514
v 67.38756 -7.67168 -2.37512
v 66.87521 -7.59960 -2.33404
v 66.87521 -7.43976 -2.23336
v 67.38756 -7.53133 -2.28514
v 67.89925 -7.72352 -2.40490
v 67.89925 -7.60264 -2.32614
v 67.89925 -7.46411 -2.23757
v 68.41002 -7.75453 -2.42226
v 68.41002 -7.65299 -2.35532
v 68.91962 -7.76496 -2.42749
v 68.91962 -7.68267 -2.37221
v 68.91962 -7.58248 -2.30633
v 68.41002 -7.53370 -2.27780
v 68.91962 -7.46479 -2.23005
v 69.42777 -7.83734 -2.47561
v 69.42777 -7.82823 -2.46937
v 69.42777 -7.88894 -2.25407
v 69.42777 -7.88038 -2.24548
v 69.42777 -7.80092 -2.45073
v 69.42777 -7.75548 -2.41991
v 69.42777 -7.69205 -2.37717
v 69.42777 -7.61088 -2.32277
v 69.42777 -7.51204 -2.25795
v 69.93423 -7.76416 -2.42533
v 69.93423 -7.75517 -2.41919
v 69.93423 -7.72823 -2.40085
v 69.93423 -7.68341 -2.37053
v 69.93423 -7.62085 -2.32848
v 69.93423 -7.54078 -2.27496
v 70.43874 -7.69121 -2.37575
v 70.43874 -7.68234 -2.36972
v 70.43874 -7.65577 -2.35167
v 70.43874 -7.61157 -2.32184
v 70.94104 -7.60971 -2.32091
v 70.94104 -7.61845 -2.32685
v 70.94104 -7.58351 -2.30316
v 70.43874 -7.54987 -2.28047
v 70.43874 -7.47091 -2.22782
v 70.94104 -7.53992 -2.27382
v 70.94104 -7.47908 -2.23313
v 71.44086 -7.54593 -2.27863
v 71.44086 -7.53731 -2.27279
v 71.44086 -7.51147 -2.25533
v 71.44086 -7.46850 -2.22647
v 71.93796 -7.47753 -2.23245
v 71.93796 -7.46903 -2.22671
v 66.36247 -7.89648 -2.12863
v 66.87521 -7.94175 -2.19265
v 67.38756 -7.86907 -2.14287
v 66.87521 -7.82527 -2.08013
v 67.89925 -7.89411 -2.18870
v 68.41002 -7.89969 -2.21718
v 68.91962 -7.82602 -2.16728
v 66.36247 -7.76122 -2.00006
v 67.38756 -7.75397 -2.03216
v 67.38756 -7.37353 -2.18605
v 66.36247 -7.60893 -1.85848
v 66.87521 -7.69160 -1.95360
v 67.38756 -7.62191 -1.90766
v 66.87521 -7.54111 -1.81427
v 67.38756 -7.47322 -1.77058
v 66.36247 -7.32670 -2.17025
v 66.36247 -7.13035 -2.05308
v 66.87521 -7.26280 -2.12415
v 67.38756 -7.19882 -2.07857
v 66.87521 -7.06892 -2.00883
v 66.36247 -6.91770 -1.92990
v 66.87521 -6.85896 -1.88760
v 67.38756 -7.00742 -1.96509
v 67.89925 -7.79743 -2.09456
v 68.41002 -7.82139 -2.13949
v 68.41002 -7.72590 -2.04689
v 68.91962 -7.74869 -2.09087
v 68.91962 -7.65441 -1.99980
v 68.41002 -7.39700 -2.19063
v 68.91962 -7.32991 -2.14427
v 67.89925 -7.68374 -1.98564
v 67.89925 -7.55329 -1.86317
v 68.41002 -7.61362 -1.93976
v 68.91962 -7.54354 -1.89445
v 68.41002 -7.48479 -1.81931
v 68.91962 -7.41633 -1.77600
v 67.89925 -7.30836 -2.14004
v 67.89925 -7.13593 -2.03425
v 68.41002 -7.24331 -2.09465
v 68.91962 -7.17827 -2.04984
v 68.41002 -7.07315 -1.99056
v 67.89925 -6.94703 -1.92258
v 68.41002 -6.88676 -1.88067
v 68.91962 -7.01040 -1.94742
v 66.36247 -7.44009 -1.70499
v 66.87521 -7.37427 -1.66323
v 66.36247 -7.25470 -1.54287
v 67.38756 -7.30838 -1.62198
v 66.36247 -7.05358 -1.37238
v 66.87521 -7.19108 -1.50371
v 67.38756 -7.12741 -1.46505
v 66.87521 -6.99237 -1.33598
v 67.38756 -6.93111 -1.30005
v 67.89925 -7.40643 -1.72833
v 68.41002 -7.33976 -1.68669
v 67.89925 -7.24361 -1.58215
v 68.91962 -7.27313 -1.64560
v 68.41002 -7.17898 -1.54294
v 67.89925 -7.06488 -1.42781
v 68.91962 -7.11439 -1.50425
v 68.41002 -7.00249 -1.39115
v 68.91962 -6.94015 -1.35502
v 69.42777 -7.85473 -2.21968
v 69.42777 -7.81204 -2.17704
v 69.42777 -7.75242 -2.11800
v 69.42777 -7.67608 -2.04286
v 69.42777 -7.39593 -2.18290
v 69.93423 -7.81532 -2.20411
v 69.93423 -7.80686 -2.19566
v 69.93423 -7.78154 -2.17029
v 69.93423 -7.73941 -2.12836
v 69.93423 -7.68055 -2.07030
v 69.93423 -7.60519 -1.99642
v 69.93423 -7.44329 -2.21118
v 69.93423 -7.32876 -2.13735
v 69.42777 -7.58299 -1.95332
v 69.42777 -7.47353 -1.84974
v 69.93423 -7.51331 -1.90837
v 69.93423 -7.40527 -1.80652
v 69.42777 -7.26288 -2.09852
v 69.42777 -7.11330 -2.00561
v 69.93423 -7.19753 -2.05433
v 69.42777 -6.94770 -1.90486
v 69.93423 -7.04999 -1.96294
v 69.93423 -6.88667 -1.86383
v 70.43874 -7.74193 -2.15485
v 70.43874 -7.73359 -2.14655
v 70.43874 -7.70860 -2.12160
v 70.43874 -7.66701 -2.08038
v 70.43874 -7.60892 -2.02329
v 70.94104 -7.66874 -2.10626
v 70.94104 -7.66051 -2.09810
v 70.94104 -7.63585 -2.07358
v 70.94104 -7.59481 -2.03305
v 70.43874 -7.37476 -2.16509
v 70.94104 -7.40122 -2.18134
v 71.44086 -7.59578 -2.05836
v 71.44086 -7.58766 -2.05033
v 71.44086 -7.40852 -2.18646
v 71.44086 -7.33176 -2.13552
v 71.44086 -7.56333 -2.02623
v 70.43874 -7.53455 -1.95065
v 70.94104 -7.53749 -1.97693
v 70.94104 -7.46410 -1.90552
v 70.43874 -7.44387 -1.86409
v 70.43874 -7.33725 -1.76395
v 70.94104 -7.37463 -1.82043
v 71.44086 -7.52284 -1.98639
v 71.44086 -7.46629 -1.93123
v 71.44086 -7.39388 -1.86104
v 70.94104 -7.30642 -2.11964
v 70.43874 -7.26182 -2.09246
v 70.43874 -7.13240 -2.01080
v 70.94104 -7.19505 -2.04820
v 71.44086 -7.23829 -2.07485
v 71.44086 -7.12850 -2.00460
v 70.43874 -6.98691 -1.92091
v 70.94104 -7.06745 -1.96790
v 70.94104 -6.92399 -1.87949
v 71.44086 -7.30561 -1.77741
v 71.44086 -7.00270 -1.92563
v 71.44086 -6.86128 -1.83870
v 69.42777 -7.34795 -1.73328
v 69.42777 -7.20658 -1.60507
v 69.93423 -7.28132 -1.69201
v 69.93423 -7.14180 -1.56596
v 69.42777 -7.04988 -1.46611
v 69.42777 -6.87789 -1.31941
v 69.93423 -6.98714 -1.42934
v 70.43874 -7.21493 -1.65138
v 70.94104 -7.26942 -1.72200
v 70.94104 -7.14873 -1.61135
v 70.43874 -7.07725 -1.52746
v 71.44086 -7.20182 -1.68067
v 71.44086 -7.08276 -1.57193
v 70.94104 -7.01289 -1.48955
v 70.43874 -6.92464 -1.39316
v 70.94104 -6.86232 -1.35755
v 71.44086 -6.94875 -1.45223
v 66.36247 -6.83734 -1.19499
v 67.89925 -6.87102 -1.26553
v 71.93796 -7.44356 -2.20953
v 71.93796 -7.40119 -2.18113
v 71.93796 -7.34205 -2.14176
v 72.43208 -7.40969 -2.18706
v 72.43208 -7.40131 -2.18140
v 72.43208 -7.37620 -2.16451
v 72.43208 -7.33443 -2.13656
v 71.93796 -7.52697 -2.01252
v 71.93796 -7.51895 -2.00463
v 72.92297 -7.33393 -2.13680
v 72.92297 -7.34218 -2.14236
v 71.93796 -7.49495 -1.98094
v 71.93796 -7.45500 -1.94178
v 71.93796 -7.39920 -1.88756
v 72.43208 -7.45872 -1.96745
v 72.43208 -7.45081 -1.95970
v 72.43208 -7.42713 -1.93641
v 72.43208 -7.38771 -1.89792
v 71.93796 -7.32775 -1.81856
v 72.43208 -7.33266 -1.84463
v 72.92297 -7.39082 -1.92308
v 72.92297 -7.38301 -1.91546
v 72.92297 -7.35965 -1.89257
v 71.93796 -7.26636 -2.09165
v 71.93796 -7.17421 -2.03194
v 72.43208 -7.27613 -2.09782
v 72.43208 -7.20151 -2.04852
v 72.92297 -7.30917 -2.12017
v 72.92297 -7.26800 -2.09268
v 72.92297 -7.21053 -2.05457
v 72.92297 -7.13698 -2.00607
v 72.43208 -7.11067 -1.98978
v 72.43208 -7.26218 -1.77682
v 71.93796 -7.06597 -1.96283
v 71.93796 -6.94194 -1.88513
v 72.43208 -7.00396 -1.92178
v 72.43208 -6.88169 -1.84535
v 72.92297 -7.32077 -1.85475
v 72.92297 -7.26646 -1.80238
v 72.92297 -7.04744 -1.94829
v 72.92297 -6.94226 -1.88140
v 73.41038 -7.26691 -2.09290
v 73.41038 -7.27505 -2.09838
v 73.49236 -7.25563 -2.08556
v 73.49236 -7.26375 -2.09102
v 73.41038 -7.24252 -2.07655
v 73.49236 -7.23129 -2.06925
v 73.41038 -7.20193 -2.04951
v 73.49236 -7.19081 -2.04229
v 73.41038 -7.14530 -2.01202
v 73.49236 -7.13431 -2.00490
v 73.89405 -7.21168 -2.05620
v 73.89405 -7.20365 -2.05082
v 73.89405 -7.17961 -2.03473
v 73.89405 -7.13961 -2.00813
v 74.37375 -7.14941 -2.01495
v 74.37375 -7.14150 -2.00966
v 74.37375 -7.11780 -1.99383
v 73.41038 -7.32328 -1.87942
v 73.41038 -7.31559 -1.87193
v 73.41038 -7.29254 -1.84944
v 73.49236 -7.31191 -1.87211
v 73.49236 -7.30423 -1.86465
v 73.49236 -7.28125 -1.84223
v 73.41038 -7.25419 -1.81228
v 73.49236 -7.24298 -1.80517
v 73.41038 -7.20063 -1.76082
v 73.41038 -7.07281 -1.96431
v 73.49236 -7.06200 -1.95732
v 73.41038 -6.98456 -1.90747
v 73.49236 -6.97397 -1.90065
v 73.41038 -6.88090 -1.84169
v 73.49236 -6.87057 -1.83504
v 73.89405 -7.08378 -1.97124
v 73.89405 -7.25953 -1.83755
v 73.89405 -7.25194 -1.83019
v 73.89405 -7.22921 -1.80808
v 73.89405 -7.19138 -1.77155
v 74.37375 -7.19689 -1.79660
v 74.37375 -7.18940 -1.78936
v 74.37375 -7.16699 -1.76764
v 73.89405 -7.01233 -1.92431
v 74.37375 -7.07837 -1.96766
v 74.37375 -7.02335 -1.93137
v 74.37375 -6.95292 -1.88520
v 73.89405 -6.92534 -1.86839
v 74.37375 -6.86718 -1.83020
v 71.93796 -7.24066 -1.73636
v 71.93796 -7.13825 -1.64128
v 72.43208 -7.17626 -1.69603
v 71.93796 -7.02078 -1.53440
v 72.43208 -7.07523 -1.60259
v 72.92297 -7.19694 -1.73574
v 72.92297 -7.11218 -1.65636
v 72.92297 -7.01253 -1.56453
v 71.93796 -6.88858 -1.41676
v 72.43208 -6.95935 -1.49755
v 72.92297 -6.89824 -1.46132
v 73.49236 -7.18955 -1.75387
v 73.41038 -7.13206 -1.69534
v 73.49236 -7.12113 -1.68858
v 73.41038 -7.04847 -1.61734
v 73.49236 -7.03774 -1.61081
v 73.41038 -6.95019 -1.52712
v 73.89405 -7.13855 -1.72097
v 74.37375 -7.12968 -1.73173
v 73.89405 -7.07091 -1.65661
v 74.37375 -7.07757 -1.68201
v 73.89405 -6.98847 -1.57995
v 74.37375 -7.01086 -1.61876
v 74.37375 -6.92955 -1.54340
v 73.49236 -6.93970 -1.52086
v 73.41038 -6.83747 -1.42571
v 73.89405 -6.89154 -1.49127
v 74.37375 -6.83395 -1.45625
v 74.84923 -7.07980 -1.96921
v 74.84923 -7.08759 -1.97442
v 74.84923 -7.13471 -1.75636
v 74.84923 -7.05644 -1.95364
v 74.84923 -7.01759 -1.92789
v 74.84923 -6.96335 -1.89220
v 74.84923 -6.89395 -1.84678
v 75.32024 -7.02627 -1.93461
v 75.32024 -7.01859 -1.92948
v 75.32024 -6.99557 -1.91417
v 75.32024 -6.95728 -1.88885
v 75.51166 -7.00132 -1.91853
v 75.51166 -6.99369 -1.91344
v 75.51166 -6.97081 -1.89823
v 75.78654 -6.96806 -1.89641
v 75.78654 -6.96049 -1.89137
v 75.78654 -6.93781 -1.87630
v 75.32024 -6.90384 -1.85374
v 75.51166 -6.93275 -1.87308
v 75.51166 -6.87963 -1.83821
v 75.32024 -6.83544 -1.80906
v 75.78654 -6.90006 -1.85138
v 75.78654 -6.84739 -1.81684
v 76.24789 -6.91218 -1.85952
v 76.24789 -6.90471 -1.85456
v 76.24789 -6.88235 -1.83973
v 76.24789 -6.84514 -1.81521
v 76.70407 -6.85684 -1.82335
v 76.70407 -6.84949 -1.81847
v 74.84923 -7.12733 -1.74925
v 74.84923 -7.10522 -1.72789
v 74.84923 -7.06843 -1.69260
v 74.84923 -7.01704 -1.64374
v 74.84923 -6.95125 -1.58157
v 75.32024 -7.07303 -1.71684
v 75.32024 -7.06575 -1.70985
v 75.51166 -7.04793 -1.70087
v 75.32024 -7.04395 -1.68886
v 75.32024 -7.00766 -1.65418
v 75.51166 -7.04069 -1.69394
v 75.51166 -7.01902 -1.67310
v 75.78654 -7.01447 -1.67892
v 75.78654 -7.00729 -1.67205
v 75.78654 -6.98579 -1.65142
v 75.32024 -6.95699 -1.60617
v 75.51166 -6.98294 -1.63866
v 75.51166 -6.93257 -1.59099
v 75.32024 -6.89212 -1.54507
v 75.51166 -6.86807 -1.53033
v 75.78654 -6.95001 -1.61733
v 75.78654 -6.90003 -1.57013
v 74.84923 -6.87107 -1.50752
v 75.78654 -6.83606 -1.51007
v 76.24789 -6.95825 -1.64231
v 76.24789 -6.95117 -1.63556
v 76.24789 -6.92996 -1.61527
v 76.24789 -6.89466 -1.58175
v 76.24789 -6.84537 -1.53535
v 76.70407 -6.90258 -1.60641
v 76.70407 -6.89560 -1.59977
v 76.70407 -6.87468 -1.57983
v 76.70407 -6.83987 -1.54687
v 77.15483 -6.84750 -1.57122
v 77.15483 -6.84061 -1.56470
v 66.36247 -6.68945 -1.80180
v 66.87521 -6.63360 -1.76154
v 67.38756 -6.80015 -1.84581
v 67.89925 -6.74248 -1.80520
v 68.41002 -6.68491 -1.76519
v 68.91962 -6.82650 -1.83931
v 66.36247 -6.44633 -1.66995
v 67.38756 -6.57768 -1.72178
v 66.87521 -6.39357 -1.63181
v 67.38756 -6.34073 -1.59415
v 66.36247 -6.18914 -1.53558
v 66.36247 -5.91830 -1.40158
v 66.87521 -6.13964 -1.49962
v 67.38756 -6.09008 -1.46412
v 66.87521 -5.87226 -1.36781
v 67.89925 -6.52292 -1.68317
v 68.91962 -6.62737 -1.72571
v 68.41002 -6.46828 -1.64513
v 68.91962 -6.41366 -1.60761
v 67.89925 -6.28910 -1.55760
v 67.89925 -6.04175 -1.42968
v 68.41002 -6.23757 -1.52160
v 68.91962 -6.18607 -1.48612
v 68.41002 -5.99353 -1.39578
v 68.91962 -5.94532 -1.36238
v 67.38756 -5.82616 -1.33449
v 67.89925 -5.78132 -1.30217
v 69.42777 -6.76630 -1.79852
v 69.93423 -6.70776 -1.75924
v 70.43874 -6.82585 -1.82343
v 70.94104 -6.76519 -1.78363
v 69.42777 -6.56989 -1.68678
v 69.42777 -6.35909 -1.57064
v 69.93423 -6.51405 -1.64934
v 69.93423 -6.30616 -1.53512
v 69.42777 -6.13461 -1.45116
v 69.42777 -5.89717 -1.32949
v 69.93423 -6.08478 -1.41763
v 69.93423 -5.85063 -1.29800
v 70.43874 -6.64943 -1.72057
v 70.94104 -6.59125 -1.68249
v 70.43874 -6.45842 -1.61250
v 70.94104 -6.40293 -1.57623
v 71.44086 -6.70473 -1.74445
v 71.44086 -6.53327 -1.64501
v 71.44086 -6.34762 -1.54055
v 71.44086 -6.80023 -1.32252
v 70.43874 -6.25343 -1.50019
v 70.94104 -6.20084 -1.46581
v 70.43874 -6.03514 -1.38467
v 70.94104 -5.98563 -1.35225
v 71.44086 -6.14841 -1.43200
v 71.44086 -5.93629 -1.32038
v 66.87521 -6.77872 -1.16146
v 67.38756 -6.72007 -1.12839
v 66.36247 -6.60662 -1.01228
v 66.36247 -6.36208 -0.82596
v 66.87521 -6.55078 -0.98172
v 67.38756 -6.49492 -0.95162
v 67.89925 -6.66261 -1.09672
v 68.41002 -6.81107 -1.23159
v 68.91962 -6.75117 -1.19814
v 68.41002 -6.60529 -1.06561
v 67.89925 -6.44027 -0.92289
v 68.91962 -6.54804 -1.03497
v 68.41002 -6.38578 -0.89470
v 68.91962 -6.33135 -0.86698
v 66.36247 -6.10394 -0.63987
v 66.87521 -6.30921 -0.79845
v 67.38756 -6.25631 -0.77138
v 66.87521 -6.05421 -0.61544
v 67.38756 -6.00447 -0.59142
v 67.89925 -6.20466 -0.74567
v 68.41002 -6.15318 -0.72049
v 68.91962 -6.10176 -0.69575
v 67.89925 -5.95600 -0.56875
v 68.41002 -5.90770 -0.54659
v 68.91962 -5.85947 -0.52485
v 66.36247 -5.63510 -1.26760
v 66.87521 -5.59269 -1.23603
v 67.38756 -5.55022 -1.20491
v 66.36247 -5.34051 -1.13482
v 66.87521 -5.30188 -1.10547
v 67.38756 -5.26320 -1.07654
v 66.36247 -5.03558 -1.00420
v 66.87521 -5.00088 -0.97704
v 67.38756 -4.96612 -0.95030
v 67.89925 -5.50903 -1.17474
v 68.41002 -5.73659 -1.27038
v 68.91962 -5.69187 -1.23908
v 68.41002 -5.46796 -1.14508
v 68.91962 -5.42690 -1.11588
v 67.89925 -5.22582 -1.04851
v 67.89925 -4.93270 -0.92440
v 68.41002 -5.18857 -1.02098
v 68.91962 -5.15132 -0.99389
v 68.41002 -4.89940 -0.89898
v 68.91962 -4.86611 -0.87399
v 66.36247 -5.83350 -0.45357
v 66.87521 -5.78708 -0.43224
v 67.38756 -5.74066 -0.41130
v 67.89925 -5.69554 -0.39170
v 68.41002 -5.65059 -0.37258
v 68.91962 -5.60572 -0.35386
v 69.42777 -6.69136 -1.16521
v 69.93423 -6.81740 -1.28512
v 69.93423 -6.63333 -1.13354
v 69.42777 -6.49087 -1.00483
v 69.93423 -6.43548 -0.97590
v 69.42777 -6.27702 -0.83973
v 70.43874 -6.75716 -1.25141
v 70.94104 -6.69709 -1.21824
v 70.43874 -6.57553 -1.10242
v 70.94104 -6.51792 -1.07183
v 71.44086 -6.63725 -1.18562
v 70.43874 -6.38033 -0.94749
v 71.44086 -6.46052 -1.04177
v 70.94104 -6.32536 -0.91959
v 71.44086 -6.27060 -0.89219
v 69.42777 -6.05043 -0.67145
v 69.93423 -6.22446 -0.81362
v 69.93423 -6.00088 -0.64824
v 70.43874 -6.17214 -0.78802
v 70.94104 -6.11999 -0.76289
v 70.43874 -5.95157 -0.62551
v 70.94104 -5.90243 -0.60324
v 71.44086 -6.06805 -0.73826
v 71.44086 -5.85348 -0.58142
v 69.42777 -5.64720 -1.20827
v 69.42777 -5.38588 -1.08717
v 69.93423 -5.60413 -1.17883
v 69.93423 -5.34645 -1.05979
v 69.42777 -5.11410 -0.96728
v 69.93423 -5.07846 -0.94196
v 70.43874 -5.80427 -1.26706
v 70.94104 -5.75803 -1.23665
v 70.43874 -5.56123 -1.14992
v 70.94104 -5.51845 -1.12152
v 71.44086 -5.71194 -1.20676
v 71.44086 -5.47580 -1.09363
v 70.43874 -5.30718 -1.03293
v 70.94104 -5.26801 -1.00655
v 70.43874 -5.04297 -0.91713
v 70.94104 -5.00757 -0.89278
v 71.44086 -5.22897 -0.98066
v 71.44086 -4.97229 -0.86889
v 69.42777 -5.81134 -0.50354
v 69.93423 -5.76499 -0.48324
v 70.43874 -5.71886 -0.46340
v 70.94104 -5.67291 -0.44398
v 71.44086 -5.62714 -0.42500
v 66.36247 -4.72147 -0.87641
v 66.87521 -4.69082 -0.85143
v 67.38756 -4.66013 -0.82685
v 66.36247 -4.39866 -0.75510
v 66.87521 -4.37219 -0.73223
v 66.36247 -4.06898 -0.63844
v 67.38756 -4.34568 -0.70974
v 66.87521 -4.04680 -0.61762
v 67.38756 -4.02458 -0.59717
v 67.89925 -4.63079 -0.80306
v 68.41002 -4.60158 -0.77973
v 68.91962 -4.57237 -0.75681
v 67.89925 -4.32056 -0.68799
v 68.41002 -4.29556 -0.66667
v 68.91962 -4.27056 -0.64575
v 67.89925 -4.00377 -0.57741
v 68.41002 -3.98308 -0.55805
v 68.91962 -3.96239 -0.53908
v 66.36247 -3.73370 -0.52706
v 66.36247 -3.39409 -0.42154
v 66.87521 -3.71589 -0.50824
v 67.38756 -3.69804 -0.48977
v 66.87521 -3.38072 -0.40464
v 67.38756 -3.36731 -0.38809
v 67.89925 -3.68162 -0.47193
v 68.41002 -3.66533 -0.45448
v 68.91962 -3.64903 -0.43740
v 67.89925 -3.35536 -0.37211
v 68.41002 -3.34354 -0.35649
v 69.42777 -4.83284 -0.84946
v 69.93423 -4.80113 -0.82618
v 69.42777 -4.54318 -0.73433
v 69.93423 -4.51553 -0.71307
v 69.42777 -4.24558 -0.62525
v 69.93423 -4.22211 -0.60593
v 69.42777 -3.94171 -0.52051
v 69.93423 -3.92252 -0.50309
v 70.43874 -4.76957 -0.80338
v 70.94104 -4.73808 -0.78103
v 70.43874 -4.48801 -0.69227
v 70.94104 -4.46055 -0.67189
v 71.44086 -4.70669 -0.75913
v 71.44086 -4.43318 -0.65195
v 70.43874 -4.19876 -0.58706
v 70.94104 -4.17546 -0.56858
v 70.43874 -3.90344 -0.48608
v 70.94104 -3.88439 -0.46946
v 71.44086 -4.15223 -0.55052
v 71.44086 -3.86540 -0.45323
v 69.42777 -3.63273 -0.42070
v 69.93423 -3.61790 -0.40510
v 70.43874 -3.60317 -0.38991
v 70.94104 -3.58846 -0.37508
v 71.44086 -3.57379 -0.36062
v 71.93796 -6.80251 -1.79961
v 72.43208 -6.74425 -1.76122
v 72.92297 -6.82175 -1.80621
v 73.41038 -6.76213 -1.76774
v 73.49236 -6.75209 -1.76130
v 73.89405 -6.82317 -1.80368
v 74.37375 -6.76648 -1.76654
v 71.93796 -6.64817 -1.70689
v 72.43208 -6.59210 -1.67001
v 71.93796 -6.47913 -1.60908
v 72.43208 -6.42548 -1.57380
v 72.92297 -6.68627 -1.72346
v 72.92297 -6.53632 -1.63375
v 72.92297 -6.37209 -1.53913
v 71.93796 -6.74205 -1.28928
v 72.43208 -6.82894 -1.38195
v 72.92297 -6.76960 -1.34773
v 71.93796 -6.29612 -1.50632
v 72.43208 -6.24508 -1.47274
v 71.93796 -6.09973 -1.39956
v 71.93796 -5.89062 -1.28979
v 72.43208 -6.05151 -1.36774
v 72.92297 -6.19430 -1.43974
v 72.92297 -6.00352 -1.33650
v 73.41038 -6.62862 -1.68635
v 73.49236 -6.61891 -1.68015
v 73.41038 -6.48084 -1.59813
v 73.49236 -6.47150 -1.59217
v 73.89405 -6.70610 -1.73094
v 74.37375 -6.65110 -1.69498
v 73.89405 -6.57451 -1.65088
v 73.89405 -6.42885 -1.56410
v 74.37375 -6.52141 -1.61624
v 74.37375 -6.37785 -1.53089
v 73.49236 -6.82724 -1.41976
v 73.41038 -6.71062 -1.31412
v 73.49236 -6.70069 -1.30850
v 73.89405 -6.78036 -1.39162
v 74.37375 -6.72431 -1.35831
v 73.41038 -6.31900 -1.50508
v 73.49236 -6.31006 -1.49938
v 73.41038 -6.14379 -1.40735
v 73.49236 -6.13529 -1.40193
v 73.41038 -5.95580 -1.30583
v 73.49236 -5.94776 -1.30071
v 73.89405 -6.26934 -1.47258
v 74.37375 -6.22065 -1.44088
v 73.89405 -6.09666 -1.37647
v 74.37375 -6.05047 -1.34636
v 74.84923 -6.80945 -1.79268
v 75.51166 -6.81164 -1.79383
v 75.78654 -6.77998 -1.77288
v 76.24789 -6.79322 -1.78122
v 76.70407 -6.82744 -1.80387
v 76.70407 -6.79077 -1.77974
v 77.15483 -6.80209 -1.78790
v 77.15483 -6.79484 -1.78309
v 77.15483 -6.77311 -1.76873
v 74.84923 -6.71021 -1.73006
v 74.84923 -6.59650 -1.65969
v 74.84923 -6.46869 -1.58224
v 75.32024 -6.75218 -1.75585
v 75.51166 -6.72888 -1.74098
v 75.32024 -6.65438 -1.69427
v 75.51166 -6.63167 -1.67981
v 75.78654 -6.69791 -1.72053
v 75.78654 -6.60152 -1.65994
v 75.32024 -6.54234 -1.62505
v 75.51166 -6.52030 -1.61107
v 75.32024 -6.41640 -1.54889
v 75.51166 -6.39512 -1.53543
v 75.78654 -6.49109 -1.59185
v 74.84923 -6.77680 -1.42187
v 74.84923 -6.66869 -1.32562
v 75.32024 -6.81306 -1.47230
v 75.51166 -6.78946 -1.45808
v 75.78654 -6.75808 -1.43854
v 75.32024 -6.72011 -1.38814
v 75.51166 -6.69705 -1.37452
v 75.32024 -6.61351 -1.29356
v 75.78654 -6.66642 -1.35581
v 75.78654 -6.36697 -1.51692
v 74.84923 -6.32722 -1.49830
v 74.84923 -6.17231 -1.40978
v 74.84923 -6.00461 -1.31683
v 75.32024 -6.27700 -1.46633
v 75.51166 -6.25657 -1.45344
v 75.78654 -6.22958 -1.43571
v 75.32024 -6.12436 -1.37929
v 75.51166 -6.10485 -1.36699
v 75.78654 -6.07915 -1.35009
v 76.24789 -6.72677 -1.73796
v 76.24789 -6.64587 -1.68644
v 76.70407 -6.73959 -1.74629
v 76.70407 -6.67409 -1.70372
v 76.70407 -6.59435 -1.65303
v 76.24789 -6.55086 -1.62682
v 76.24789 -6.44201 -1.55981
v 76.70407 -6.50070 -1.59436
v 76.70407 -6.39341 -1.52842
v 77.15483 -6.73696 -1.74499
v 77.15483 -6.68652 -1.71207
v 77.15483 -6.62196 -1.67018
v 77.15483 -6.81998 -1.54509
v 77.15483 -6.54337 -1.62029
v 77.15483 -6.45107 -1.56256
v 76.24789 -6.78227 -1.47630
v 76.24789 -6.70536 -1.40598
v 76.70407 -6.79125 -1.50125
v 76.70407 -6.72902 -1.44320
v 76.24789 -6.61496 -1.32465
v 76.70407 -6.65317 -1.37406
v 76.70407 -6.56401 -1.29411
v 77.15483 -6.78565 -1.51269
v 77.15483 -6.73771 -1.46784
v 77.15483 -6.67633 -1.41077
v 77.15483 -6.60153 -1.34281
v 77.15483 -6.34533 -1.49769
v 76.24789 -6.31966 -1.48608
v 76.24789 -6.18424 -1.40618
v 76.70407 -6.27282 -1.45588
v 76.70407 -6.13935 -1.37726
v 76.24789 -6.03597 -1.32194
v 76.70407 -5.99321 -1.29438
v 77.15483 -6.22648 -1.42631
v 77.15483 -6.09493 -1.34896
v 72.43208 -6.68440 -1.25668
v 71.93796 -6.58127 -1.15475
v 72.43208 -6.52580 -1.12450
v 72.92297 -6.62705 -1.22465
v 72.92297 -6.47064 -1.09479
v 71.93796 -6.40693 -1.01339
v 72.43208 -6.35385 -0.98561
v 72.43208 -5.84540 -1.25979
v 71.93796 -6.21959 -0.86642
v 72.43208 -6.16908 -0.84122
v 72.92297 -6.30106 -0.95834
v 73.41038 -6.57004 -1.19320
v 73.49236 -6.56044 -1.18795
v 73.41038 -6.41580 -1.06563
v 73.49236 -6.40657 -1.06076
v 73.89405 -6.65525 -1.28194
v 74.37375 -6.60093 -1.25052
v 73.89405 -6.51661 -1.16311
v 74.37375 -6.46421 -1.13375
v 73.89405 -6.36451 -1.03776
v 73.89405 -5.91138 -1.27664
v 74.37375 -5.86787 -1.24818
v 73.41038 -6.24859 -0.93161
v 73.49236 -6.23976 -0.92714
v 74.37375 -6.31422 -1.01057
v 73.89405 -6.19961 -0.90606
v 74.37375 -6.15163 -0.88116
v 71.93796 -6.01980 -0.71518
v 72.43208 -5.97203 -0.69264
v 72.92297 -6.11884 -0.81651
v 72.92297 -5.92454 -0.67057
v 73.41038 -6.06892 -0.79229
v 73.49236 -6.06052 -0.78825
v 73.41038 -5.87734 -0.64896
v 73.49236 -5.86939 -0.64536
v 73.89405 -6.02244 -0.76918
v 74.37375 -5.97693 -0.74667
v 71.93796 -5.66947 -1.17806
v 72.43208 -5.62742 -1.14993
v 71.93796 -5.43670 -1.06682
v 72.92297 -5.80039 -1.23035
v 72.92297 -5.58558 -1.12233
v 72.43208 -5.39800 -1.04056
v 72.92297 -5.35949 -1.01482
v 71.93796 -5.19340 -0.95576
v 72.43208 -5.15821 -0.93139
v 71.93796 -4.94040 -0.84590
v 72.43208 -4.90886 -0.82340
v 72.92297 -5.12319 -0.90751
v 73.41038 -5.75563 -1.20147
v 73.49236 -5.74810 -1.19665
v 73.41038 -5.54396 -1.09528
v 73.49236 -5.53695 -1.09076
v 73.89405 -5.71411 -1.17402
v 74.37375 -5.67347 -1.14728
v 73.89405 -5.50550 -1.06960
v 74.37375 -5.46790 -1.04461
v 73.41038 -5.32119 -0.98960
v 73.49236 -5.31474 -0.98539
v 73.41038 -5.08835 -0.88413
v 73.49236 -5.08249 -0.88023
v 73.89405 -5.28597 -0.96571
v 74.37375 -5.25156 -0.94248
v 73.89405 -5.05652 -0.86203
v 74.37375 -5.02547 -0.84056
v 71.93796 -5.80817 -0.56111
v 72.43208 -5.76332 -0.54129
v 71.93796 -5.58493 -0.40746
v 72.43208 -5.54318 -0.39039
v 72.92297 -5.71873 -0.52192
v 72.92297 -5.50167 -0.37372
v 72.92297 -4.87748 -0.80138
v 73.89405 -5.83353 -0.62836
v 74.37375 -5.79067 -0.60833
v 73.41038 -5.67443 -0.50298
v 73.49236 -5.66697 -0.49982
v 73.41038 -5.46043 -0.35746
v 73.49236 -5.45349 -0.35476
v 73.89405 -5.63346 -0.48495
v 74.37375 -5.59341 -0.46744
v 74.84923 -6.54703 -1.21970
v 74.84923 -6.41221 -1.10496
v 75.51166 -6.59107 -1.28062
v 75.32024 -6.49356 -1.18949
v 75.51166 -6.47181 -1.17729
v 75.78654 -6.56129 -1.26285
v 75.32024 -6.36064 -1.07674
v 75.51166 -6.33967 -1.06536
v 75.78654 -6.44301 -1.16057
v 75.32024 -5.95912 -1.28790
v 75.51166 -5.94061 -1.27622
v 75.78654 -5.91631 -1.26019
v 74.84923 -6.26433 -0.98392
v 74.84923 -6.10402 -0.85678
v 75.32024 -6.21485 -0.95783
v 75.51166 -6.19472 -0.94731
v 75.78654 -6.31194 -1.04976
v 75.78654 -6.16817 -0.93290
v 75.32024 -6.05680 -0.83292
v 75.51166 -6.03760 -0.82331
v 76.24789 -6.51128 -1.23326
v 76.70407 -6.46176 -1.20428
v 76.24789 -6.39462 -1.13271
v 76.70407 -6.34671 -1.10544
v 77.15483 -6.51361 -1.26422
v 77.15483 -6.41278 -1.17591
v 76.24789 -5.87546 -1.23349
v 77.15483 -6.29933 -1.07875
v 77.15483 -5.95091 -1.26742
v 76.24789 -6.26535 -1.02379
v 76.70407 -6.21924 -0.99837
v 76.24789 -6.12357 -0.90892
v 76.70407 -6.07943 -0.88546
v 77.15483 -6.17363 -0.97351
v 77.15483 -6.03577 -0.86254
v 74.84923 -5.93178 -0.72466
v 75.32024 -5.88701 -0.70313
v 75.78654 -6.01234 -0.81015
v 75.51166 -5.86880 -0.69446
v 75.78654 -5.84492 -0.68261
v 76.24789 -5.96990 -0.78828
v 76.70407 -5.92790 -0.76689
v 77.15483 -5.88636 -0.74601
v 74.84923 -5.82468 -1.22030
v 74.84923 -5.63312 -1.12108
v 75.32024 -5.78184 -1.19298
v 75.51166 -5.76441 -1.18197
v 75.78654 -5.74160 -1.16683
v 75.32024 -5.59310 -1.09544
v 75.51166 -5.57681 -1.08510
v 75.78654 -5.55560 -1.07090
v 74.84923 -5.43056 -1.02015
v 75.32024 -5.39353 -0.99621
v 75.51166 -5.37846 -0.98657
v 75.78654 -5.35893 -0.97333
v 74.84923 -5.21740 -0.91975
v 75.32024 -5.18352 -0.89752
v 75.51166 -5.16973 -0.88857
v 75.78654 -5.15198 -0.87628
v 76.70407 -5.83502 -1.20737
v 76.24789 -5.70327 -1.14165
v 76.70407 -5.66531 -1.11702
v 77.15483 -5.79501 -1.18182
v 77.15483 -5.62776 -1.09295
v 76.24789 -5.51995 -1.04729
v 76.70407 -5.48464 -1.02420
v 77.15483 -5.44971 -1.00164
v 76.24789 -5.32611 -0.95131
v 76.24789 -5.12216 -0.85587
v 76.70407 -5.29362 -0.92980
v 76.70407 -5.09262 -0.83593
v 77.15483 -5.26147 -0.90879
v 74.84923 -5.74815 -0.58875
v 74.84923 -5.55368 -0.45036
v 75.32024 -5.70599 -0.56963
v 75.51166 -5.68885 -0.56193
v 75.78654 -5.66644 -0.55144
v 75.32024 -5.51430 -0.43370
v 75.51166 -5.49828 -0.42701
v 75.78654 -5.47745 -0.41790
v 74.84923 -4.99464 -0.81958
v 75.32024 -4.96405 -0.79907
v 75.51166 -4.95160 -0.79082
v 75.78654 -4.93572 -0.77949
v 76.24789 -5.80481 -0.66292
v 76.70407 -5.76511 -0.64370
v 77.15483 -5.72585 -0.62495
v 76.24789 -5.62881 -0.53401
v 76.70407 -5.59158 -0.51702
v 76.24789 -5.44246 -0.40279
v 76.70407 -5.40784 -0.38807
v 77.15483 -5.55476 -0.50046
v 77.15483 -5.37361 -0.37375
v 76.24789 -4.90902 -0.76068
v 76.70407 -4.88259 -0.74232
v 77.15483 -5.06340 -0.81648
v 77.15483 -4.85643 -0.72443
v 71.93796 -4.67861 -0.73801
v 72.43208 -4.65087 -0.71738
v 71.93796 -4.40904 -0.63270
v 72.43208 -4.38521 -0.61389
v 72.92297 -4.62325 -0.69719
v 72.92297 -4.36148 -0.59552
v 71.93796 -4.13214 -0.53306
v 72.43208 -4.11234 -0.51601
v 72.92297 -4.09262 -0.49938
v 73.41038 -4.84626 -0.77983
v 73.49236 -4.84100 -0.77624
v 73.41038 -4.59578 -0.67747
v 73.49236 -4.59116 -0.67418
v 73.89405 -4.81796 -0.75952
v 74.37375 -4.79039 -0.73981
v 73.89405 -4.57114 -0.65892
v 74.37375 -4.54719 -0.64095
v 73.41038 -4.33788 -0.57759
v 73.49236 -4.33391 -0.57460
v 73.41038 -4.07300 -0.48316
v 73.49236 -4.06969 -0.48047
v 73.89405 -4.31701 -0.56078
v 74.37375 -4.29679 -0.54452
v 73.89405 -4.05601 -0.46802
v 74.37375 -4.03964 -0.45341
v 71.93796 -3.84946 -0.43750
v 72.43208 -3.83378 -0.42216
v 72.92297 -3.81816 -0.40722
v 73.41038 -3.80260 -0.39268
v 73.49236 -3.79998 -0.39026
v 73.89405 -3.78959 -0.37915
v 74.37375 -3.77715 -0.36612
v 74.84923 -4.76303 -0.72056
v 74.84923 -4.52342 -0.62341
v 75.32024 -4.73587 -0.70176
v 75.51166 -4.72482 -0.69420
v 75.78654 -4.71088 -0.68383
v 75.32024 -4.49982 -0.60631
v 75.51166 -4.49022 -0.59943
v 75.78654 -4.47829 -0.59000
v 74.84923 -4.27672 -0.52867
v 74.84923 -4.02338 -0.43917
v 75.32024 -4.25680 -0.51323
v 75.51166 -4.24869 -0.50703
v 75.78654 -4.23883 -0.49853
v 75.32024 -4.00723 -0.42533
v 75.51166 -4.00066 -0.41977
v 75.78654 -3.99294 -0.41216
v 76.24789 -4.68744 -0.66661
v 76.70407 -4.66424 -0.64983
v 77.15483 -4.64127 -0.63348
v 76.24789 -4.45823 -0.57437
v 76.70407 -4.43836 -0.55914
v 77.15483 -4.41870 -0.54432
v 76.24789 -4.22226 -0.48444
v 76.70407 -4.20584 -0.47074
v 76.24789 -3.97995 -0.39956
v 76.70407 -3.96708 -0.38732
v 77.15483 -4.18958 -0.45743
v 77.15483 -3.95433 -0.37544
v 74.84923 -3.76478 -0.35346
v 66.36247 -5.55162 -0.26862
v 66.87521 -5.50867 -0.25039
v 67.38756 -5.46572 -0.23254
v 66.36247 -5.25925 -0.08644
v 66.36247 -4.95743 0.09174
v 66.87521 -5.21992 -0.07129
v 67.38756 -5.18060 -0.05651
v 66.87521 -4.92184 0.10384
v 67.38756 -4.88627 0.11560
v 67.89925 -5.42411 -0.21600
v 68.41002 -5.38268 -0.19993
v 68.91962 -5.34131 -0.18424
v 67.89925 -5.14263 -0.04301
v 68.41002 -5.10485 -0.02996
v 68.91962 -5.06715 -0.01727
v 69.42777 -5.56094 -0.33555
v 69.93423 -5.51794 -0.31819
v 69.42777 -5.30004 -0.16892
v 69.93423 -5.26056 -0.15449
v 69.42777 -5.02954 -0.00493
v 69.93423 -4.99371 0.00659
v 70.43874 -5.47518 -0.30125
v 70.94104 -5.43257 -0.28472
v 71.44086 -5.39014 -0.26860
v 70.43874 -5.22130 -0.14046
v 70.94104 -5.18219 -0.12681
v 70.43874 -4.95810 0.01774
v 70.94104 -4.92264 0.02854
v 71.44086 -5.14326 -0.11353
v 71.44086 -4.88733 0.03898
v 66.36247 -4.64633 0.26111
v 66.87521 -4.61464 0.27027
v 67.38756 -4.58297 0.27910
v 66.36247 -4.32785 0.42374
v 66.36247 -4.00313 0.57846
v 66.87521 -4.30016 0.43004
v 67.38756 -4.27250 0.43603
v 66.87521 -3.97954 0.58200
v 67.89925 -4.85210 0.12609
v 67.89925 -4.55271 0.28670
v 68.41002 -4.81811 0.13615
v 68.91962 -4.78420 0.14589
v 68.41002 -4.52266 0.29389
v 68.91962 -4.49267 0.30077
v 67.89925 -4.24629 0.44080
v 68.41002 -4.22027 0.44520
v 68.91962 -4.19433 0.44931
v 66.36247 -3.05149 -0.32238
v 66.87521 -3.04261 -0.30734
v 67.38756 -3.03369 -0.29262
v 67.89925 -3.02625 -0.27842
v 68.91962 -3.33169 -0.34123
v 68.41002 -3.01894 -0.26456
v 68.91962 -3.01160 -0.25104
v 69.42777 -4.75038 0.15528
v 69.42777 -4.46278 0.30733
v 69.93423 -4.71834 0.16394
v 69.93423 -4.43466 0.31323
v 69.42777 -4.16847 0.45313
v 69.93423 -4.14439 0.45635
v 70.43874 -4.68651 0.17225
v 70.94104 -4.65481 0.18023
v 70.43874 -4.40675 0.31881
v 70.94104 -4.37896 0.32408
v 71.44086 -4.62328 0.18789
v 71.44086 -4.35132 0.32906
v 70.43874 -4.12050 0.45927
v 70.94104 -4.09672 0.46193
v 71.44086 -4.07308 0.46431
v 69.42777 -3.31984 -0.32633
v 69.42777 -3.00424 -0.23786
v 69.93423 -3.30944 -0.31250
v 69.93423 -2.99832 -0.22571
v 70.43874 -3.29912 -0.29904
v 70.94104 -3.28881 -0.28593
v 70.43874 -2.99246 -0.21392
v 70.94104 -2.98659 -0.20245
v 71.44086 -3.27851 -0.27317
v 71.44086 -2.98072 -0.19130
v 67.38756 -3.95599 0.58524
v 67.89925 -3.93391 0.58730
v 68.41002 -3.91203 0.58901
v 68.91962 -3.89023 0.59044
v 66.36247 -3.67335 0.72427
v 66.87521 -3.65395 0.72516
v 67.38756 -3.63459 0.72577
v 66.36247 -3.33974 0.86033
v 66.36247 -3.00277 0.98259
v 66.87521 -3.32460 0.85870
v 67.38756 -3.30950 0.85681
v 66.87521 -2.99196 0.97863
v 67.38756 -2.98120 0.97443
v 67.89925 -3.61673 0.72524
v 68.41002 -3.59907 0.72436
v 68.91962 -3.58148 0.72325
v 67.89925 -3.29593 0.85381
v 67.89925 -2.97197 0.96915
v 68.41002 -3.28256 0.85049
v 68.91962 -3.26925 0.84695
v 68.41002 -2.96296 0.96358
v 68.91962 -2.95401 0.95780
v 69.42777 -3.86851 0.59162
v 69.42777 -3.56398 0.72189
v 69.93423 -3.84854 0.59226
v 69.93423 -3.54822 0.72007
v 69.42777 -3.25603 0.84319
v 69.42777 -2.94513 0.95183
v 69.93423 -3.24454 0.83904
v 69.93423 -2.93798 0.94553
v 70.43874 -3.82877 0.59263
v 70.94104 -3.80910 0.59276
v 70.43874 -3.53264 0.71801
v 70.94104 -3.51716 0.71572
v 71.44086 -3.78955 0.59264
v 71.44086 -3.50178 0.71322
v 70.43874 -3.23322 0.83467
v 70.94104 -3.22198 0.83010
v 70.94104 -2.92405 0.93237
v 70.43874 -2.93098 0.93904
v 71.44086 -3.21084 0.82535
v 71.44086 -2.91720 0.92554
v 71.93796 -5.35120 -0.25384
v 72.43208 -5.31269 -0.23953
v 72.92297 -5.27442 -0.22559
v 71.93796 -5.10773 -0.10157
v 72.43208 -5.07262 -0.09001
v 71.93796 -4.85536 0.04819
v 72.92297 -5.03773 -0.07879
v 73.89405 -5.42247 -0.34202
v 74.37375 -5.38539 -0.32705
v 73.41038 -5.23640 -0.21203
v 73.49236 -5.23001 -0.20977
v 73.89405 -5.20159 -0.19918
v 74.37375 -5.16764 -0.18676
v 73.41038 -5.00308 -0.06792
v 73.49236 -4.99725 -0.06611
v 73.89405 -4.97156 -0.05766
v 74.37375 -4.94088 -0.04778
v 74.84923 -5.34862 -0.31247
v 74.84923 -5.13398 -0.17470
v 75.32024 -5.31217 -0.29828
v 75.51166 -5.29736 -0.29259
v 75.78654 -5.27818 -0.28486
v 75.32024 -5.10061 -0.16300
v 75.51166 -5.08705 -0.15831
v 75.78654 -5.06962 -0.15198
v 74.84923 -4.91046 -0.03823
v 75.32024 -4.88031 -0.02901
v 75.51166 -4.86806 -0.02532
v 76.24789 -5.24598 -0.27207
v 76.70407 -5.21413 -0.25964
v 76.24789 -5.04035 -0.14152
v 76.70407 -5.01140 -0.13138
v 77.15483 -5.18264 -0.24758
v 77.15483 -4.98278 -0.12158
v 72.43208 -4.82378 0.05702
v 72.92297 -4.79241 0.06554
v 73.41038 -4.76126 0.07375
v 73.49236 -4.75602 0.07510
v 73.89405 -4.73317 0.08144
v 74.37375 -4.70588 0.08880
v 71.93796 -4.59497 0.19438
v 72.43208 -4.56706 0.20053
v 72.92297 -4.53933 0.20639
v 71.93796 -4.32683 0.33294
v 72.43208 -4.30270 0.33651
v 72.92297 -4.27874 0.33982
v 71.93796 -4.05250 0.46565
v 72.43208 -4.03225 0.46672
v 72.92297 -4.01216 0.46757
v 73.41038 -4.51180 0.21198
v 73.49236 -4.50717 0.21289
v 73.89405 -4.48726 0.21715
v 74.37375 -4.46348 0.22203
v 73.41038 -4.25496 0.34289
v 73.49236 -4.25096 0.34338
v 73.89405 -4.23409 0.34564
v 74.37375 -4.21394 0.34814
v 73.41038 -3.99224 0.46820
v 73.49236 -3.98889 0.46828
v 73.89405 -3.97512 0.46860
v 74.37375 -3.95871 0.46880
v 71.93796 -3.56207 -0.34656
v 72.43208 -3.55058 -0.33288
v 72.92297 -3.53913 -0.31957
v 71.93796 -3.27108 -0.26072
v 72.43208 -3.26385 -0.24862
v 71.93796 -2.97762 -0.18039
v 72.43208 -2.97469 -0.16980
v 72.92297 -3.25663 -0.23687
v 72.92297 -2.97175 -0.15954
v 73.41038 -3.52773 -0.30663
v 73.49236 -3.52581 -0.30448
v 73.89405 -3.51876 -0.29467
v 74.37375 -3.51032 -0.28317
v 73.41038 -3.24943 -0.22548
v 73.49236 -3.24822 -0.22359
v 73.41038 -2.96880 -0.14962
v 73.49236 -2.96830 -0.14797
v 73.89405 -3.24457 -0.21501
v 74.37375 -3.24018 -0.20498
v 73.89405 -2.96807 -0.14057
v 74.37375 -2.96779 -0.13193
v 74.37375 -3.69870 0.58313
v 74.84923 -4.67883 0.09586
v 75.78654 -4.85245 -0.02038
v 75.32024 -4.65203 0.10264
v 75.51166 -4.64114 0.10533
v 75.78654 -4.62742 0.10889
v 76.24789 -4.82624 -0.01224
v 76.70407 -4.80032 -0.00440
v 76.24789 -4.60439 0.11473
v 77.15483 -4.77471 0.00316
v 74.84923 -4.43992 0.22664
v 75.32024 -4.41658 0.23101
v 75.51166 -4.40710 0.23272
v 75.78654 -4.39534 0.23494
v 74.84923 -4.19398 0.35041
v 74.84923 -3.94245 0.46881
v 75.32024 -4.17423 0.35247
v 75.51166 -4.16620 0.35324
v 75.78654 -4.15646 0.35417
v 75.32024 -3.92636 0.46863
v 75.51166 -3.91983 0.46850
v 75.78654 -3.91216 0.46817
v 76.70407 -4.58162 0.12031
v 76.24789 -4.37560 0.23851
v 77.15483 -4.55913 0.12564
v 76.70407 -4.35609 0.24187
v 77.15483 -4.33682 0.24501
v 76.24789 -4.14012 0.35558
v 76.70407 -4.12397 0.35680
v 76.24789 -3.89931 0.46749
v 76.70407 -3.88662 0.46665
v 77.15483 -4.10803 0.35784
v 77.15483 -3.87409 0.46567
v 74.84923 -3.50192 -0.27201
v 75.32024 -3.75250 -0.34116
v 75.51166 -3.74750 -0.33623
v 75.78654 -3.74196 -0.32947
v 75.32024 -3.49357 -0.26120
v 75.51166 -3.49018 -0.25687
v 75.78654 -3.48686 -0.25094
v 74.84923 -3.23581 -0.19526
v 74.84923 -2.96748 -0.12359
v 75.32024 -3.23145 -0.18587
v 75.51166 -3.22968 -0.18212
v 75.78654 -3.22861 -0.17698
v 75.32024 -2.96715 -0.11555
v 75.51166 -2.96702 -0.11234
v 75.78654 -2.96822 -0.10795
v 76.24789 -3.73264 -0.31831
v 76.70407 -3.72339 -0.30749
v 76.24789 -3.48126 -0.24116
v 76.70407 -3.47571 -0.23170
v 77.15483 -3.71423 -0.29700
v 77.15483 -3.47020 -0.22254
v 76.24789 -3.22680 -0.16852
v 76.70407 -3.22499 -0.16035
v 77.15483 -3.22319 -0.15248
v 76.24789 -2.97023 -0.10075
v 76.70407 -2.97221 -0.09381
v 77.15483 -2.97414 -0.08714
v 74.84923 -3.68622 0.58096
v 75.32024 -3.67389 0.57864
v 75.51166 -3.66888 0.57764
v 75.78654 -3.66333 0.57611
v 76.24789 -3.65404 0.57343
v 76.70407 -3.64488 0.57062
v 77.15483 -3.63584 0.56770
v 71.93796 -3.77297 0.59156
v 72.43208 -3.75670 0.59022
v 71.93796 -3.48926 0.70982
v 72.43208 -3.47705 0.70619
v 72.92297 -3.74057 0.58869
v 72.92297 -3.46494 0.70240
v 72.43208 -3.19435 0.81395
v 72.92297 -3.18633 0.80803
v 71.93796 -3.20246 0.81974
v 71.93796 -2.91301 0.91793
v 72.43208 -2.90907 0.91015
v 72.92297 -2.90520 0.90227
v 73.41038 -3.72457 0.58698
v 73.49236 -3.72188 0.58667
v 73.41038 -3.45296 0.69846
v 73.49236 -3.45094 0.69778
v 73.89405 -3.71131 0.58514
v 73.89405 -3.44361 0.69447
v 74.37375 -3.43488 0.69037
v 73.41038 -3.17841 0.80198
v 73.49236 -3.17708 0.80095
v 73.89405 -3.17304 0.79597
v 74.37375 -3.16824 0.78988
v 73.41038 -2.90140 0.89429
v 73.49236 -2.90077 0.89294
v 73.89405 -2.90006 0.88643
v 74.37375 -2.89924 0.87853
v 74.84923 -3.42625 0.68613
v 75.32024 -3.41773 0.68177
v 75.51166 -3.41428 0.67994
v 75.78654 -3.41089 0.67728
v 74.84923 -3.16352 0.78369
v 75.32024 -3.15887 0.77741
v 75.51166 -3.15699 0.77481
v 75.78654 -3.15579 0.77106
v 74.84923 -2.89847 0.87056
v 75.32024 -2.89775 0.86251
v 75.51166 -2.89746 0.85920
v 75.78654 -2.89848 0.85448
v 76.24789 -3.40523 0.67268
v 76.70407 -3.39965 0.66800
v 77.15483 -3.39416 0.66324
v 76.24789 -3.15380 0.76467
v 76.70407 -3.15185 0.75823
v 77.15483 -3.14996 0.75173
v 76.24789 -2.90020 0.84645
v 76.70407 -2.90194 0.83840
v 77.15483 -2.90369 0.83032
v 77.52842 -6.75676 -1.75824
v 77.52842 -6.74960 -1.75350
v 77.59995 -6.74898 -1.75269
v 77.59995 -6.74183 -1.74796
v 77.52842 -6.72813 -1.73933
v 77.59995 -6.72041 -1.73383
v 77.52842 -6.69242 -1.71591
v 77.59995 -6.68478 -1.71047
v 77.52842 -6.64259 -1.68343
v 77.59995 -6.63506 -1.67808
v 78.03920 -6.69412 -1.71413
v 78.03920 -6.70117 -1.71878
v 78.03920 -6.67300 -1.70022
v 78.03920 -6.63786 -1.67723
v 78.03920 -6.58882 -1.64536
v 77.52842 -6.80170 -1.54278
v 77.59995 -6.79377 -1.53773
v 77.52842 -6.79489 -1.53634
v 77.59995 -6.78698 -1.53132
v 77.52842 -6.57881 -1.64211
v 77.59995 -6.57143 -1.63686
v 77.52842 -6.50117 -1.59290
v 77.59995 -6.49396 -1.58778
v 77.52842 -6.40999 -1.53595
v 77.59995 -6.40299 -1.53098
v 78.03920 -6.52606 -1.60480
v 78.03920 -6.44966 -1.55650
v 78.47235 -6.65396 -1.68559
v 78.47235 -6.64701 -1.68101
v 78.47235 -6.62617 -1.66732
v 78.47235 -6.59152 -1.64469
v 78.47235 -6.54316 -1.61333
v 78.47235 -6.48126 -1.57341
v 78.47235 -6.40592 -1.52589
v 77.52842 -6.77450 -1.51702
v 77.59995 -6.76663 -1.51204
v 77.52842 -6.74056 -1.48508
v 77.59995 -6.73277 -1.48018
v 77.52842 -6.69318 -1.44086
v 77.59995 -6.68549 -1.43608
v 78.03920 -6.74508 -1.50690
v 78.03920 -6.73837 -1.50058
v 78.03920 -6.71830 -1.48161
v 78.03920 -6.68490 -1.45025
v 78.03920 -6.63825 -1.40684
v 77.52842 -6.63252 -1.38460
v 77.59995 -6.62496 -1.37996
v 78.03920 -6.35994 -1.50061
v 77.52842 -6.55859 -1.31760
v 77.59995 -6.55119 -1.31313
v 78.03920 -6.57853 -1.35161
v 78.47235 -6.69700 -1.47674
v 78.47235 -6.69039 -1.47052
v 78.47235 -6.67058 -1.45184
v 78.47235 -6.63763 -1.42098
v 78.47235 -6.59160 -1.37826
v 78.47235 -6.53269 -1.32390
v 77.52842 -6.30553 -1.47196
v 77.59995 -6.29876 -1.46716
v 78.03920 -6.25715 -1.43780
v 77.52842 -6.18812 -1.40156
v 77.59995 -6.18161 -1.39694
v 78.03920 -6.14163 -1.36871
v 77.52842 -6.05817 -1.32526
v 77.59995 -6.05196 -1.32084
v 78.03920 -6.01377 -1.29384
v 78.47235 -6.31744 -1.47089
v 78.47235 -6.21607 -1.40909
v 78.47235 -6.10214 -1.34111
v 78.89919 -6.60052 -1.64860
v 78.89919 -6.60737 -1.65311
v 78.89919 -6.57997 -1.63514
v 78.89919 -6.54580 -1.61287
v 78.89919 -6.49810 -1.58200
v 78.89919 -6.43706 -1.54272
v 79.31949 -6.56144 -1.62137
v 79.31949 -6.55468 -1.61693
v 79.31949 -6.53442 -1.60367
v 79.31949 -6.50072 -1.58176
v 79.54772 -6.53648 -1.60422
v 79.54772 -6.52977 -1.59983
v 79.54772 -6.50966 -1.58669
v 79.54772 -6.47621 -1.56496
v 79.31949 -6.45368 -1.55138
v 79.54772 -6.42953 -1.53485
v 79.73304 -6.51890 -1.59106
v 79.73304 -6.51223 -1.58669
v 79.73304 -6.49224 -1.57364
v 79.73304 -6.45899 -1.55207
v 79.73304 -6.41258 -1.52216
v 80.13963 -6.48029 -1.56232
v 80.13963 -6.47371 -1.55802
v 80.13963 -6.45398 -1.54517
v 80.13963 -6.42116 -1.52391
v 78.89919 -6.64957 -1.44725
v 78.89919 -6.64304 -1.44113
v 78.89919 -6.62351 -1.42275
v 79.31949 -6.60281 -1.41845
v 79.31949 -6.59637 -1.41243
v 78.89919 -6.59099 -1.39237
v 78.89919 -6.36276 -1.49595
v 79.31949 -6.39348 -1.51272
v 79.54772 -6.36979 -1.49653
v 78.89919 -6.54559 -1.35032
v 78.89919 -6.48747 -1.29682
v 79.31949 -6.57710 -1.39433
v 79.31949 -6.54502 -1.36443
v 79.54772 -6.57740 -1.40291
v 79.54772 -6.57101 -1.39694
v 79.54772 -6.55188 -1.37900
v 79.54772 -6.52004 -1.34936
v 79.31949 -6.50023 -1.32305
v 79.54772 -6.47558 -1.30833
v 79.73304 -6.35320 -1.48410
v 80.13963 -6.37536 -1.49445
v 79.73304 -6.55948 -1.39098
v 79.73304 -6.55312 -1.38504
v 79.73304 -6.53410 -1.36723
v 79.73304 -6.50245 -1.33778
v 79.73304 -6.45824 -1.29703
v 80.13963 -6.52012 -1.36494
v 80.13963 -6.51385 -1.35909
v 80.13963 -6.49507 -1.34154
v 80.13963 -6.46382 -1.31253
v 78.89919 -6.27550 -1.44183
v 79.31949 -6.32021 -1.46670
v 79.31949 -6.23415 -1.41344
v 79.54772 -6.29708 -1.45091
v 78.89919 -6.17554 -1.38102
v 79.31949 -6.13557 -1.35360
v 79.54772 -6.21168 -1.39811
v 79.54772 -6.11385 -1.33880
v 78.89919 -6.06319 -1.31413
v 79.73304 -6.28091 -1.43879
v 80.13963 -6.31675 -1.45697
v 80.13963 -6.24540 -1.41234
v 79.73304 -6.19602 -1.38636
v 79.73304 -6.09876 -1.32745
v 80.13963 -6.16162 -1.36069
v 80.13963 -6.06564 -1.30268
v 80.53905 -6.43582 -1.53004
v 80.53905 -6.44231 -1.53428
v 80.53905 -6.41634 -1.51738
v 80.53905 -6.38395 -1.49645
v 80.53905 -6.33875 -1.46743
v 80.93111 -6.40499 -1.50694
v 80.93111 -6.39858 -1.50276
v 80.93111 -6.37936 -1.49029
v 80.93111 -6.34739 -1.46966
v 80.53905 -6.48142 -1.33955
v 80.53905 -6.47523 -1.33379
v 80.53905 -6.45668 -1.31649
v 80.93111 -6.44339 -1.31481
v 80.93111 -6.43727 -1.30913
v 80.93111 -6.41897 -1.29209
v 81.31558 -6.36835 -1.48030
v 81.31558 -6.36202 -1.47619
v 81.31558 -6.34305 -1.46389
v 81.56702 -6.33809 -1.45890
v 81.56702 -6.34437 -1.46297
v 81.31558 -6.40605 -1.29072
v 80.53905 -6.28089 -1.43050
v 80.93111 -6.30277 -1.44107
v 80.53905 -6.21048 -1.38653
v 80.53905 -6.12778 -1.33567
v 80.93111 -6.24566 -1.40469
v 80.93111 -6.17616 -1.36138
v 80.93111 -6.09453 -1.31127
v 81.31558 -6.31148 -1.44357
v 81.31558 -6.26744 -1.41540
v 81.56702 -6.31928 -1.44673
v 81.56702 -6.28798 -1.42660
v 81.31558 -6.21107 -1.37956
v 81.31558 -6.14246 -1.33689
v 81.56702 -6.24431 -1.39871
v 81.56702 -6.18842 -1.36321
v 81.56702 -6.12040 -1.32096
v 81.69229 -6.32814 -1.45086
v 81.69229 -6.33439 -1.45492
v 81.69229 -6.30940 -1.43874
v 81.69229 -6.27823 -1.41871
v 82.06104 -6.29882 -1.42730
v 82.06104 -6.30500 -1.43130
v 82.06104 -6.28031 -1.41534
v 81.69229 -6.23474 -1.39094
v 81.69229 -6.17907 -1.35561
v 81.69229 -6.11132 -1.31354
v 82.06104 -6.24951 -1.39557
v 82.06104 -6.20652 -1.36817
v 82.06104 -6.15152 -1.33331
v 82.06104 -6.08456 -1.29180
v 82.42164 -6.27623 -1.40834
v 82.42164 -6.27012 -1.40439
v 82.42164 -6.25182 -1.39259
v 82.42164 -6.22138 -1.37308
v 82.42164 -6.17890 -1.34604
v 82.42164 -6.12454 -1.31163
v 82.77390 -6.24809 -1.38605
v 82.77390 -6.24205 -1.38215
v 82.77390 -6.22396 -1.37050
v 82.77390 -6.19387 -1.35124
v 82.77390 -6.15189 -1.32455
v 82.77390 -6.09815 -1.29059
v 77.52842 -6.47169 -1.24012
v 77.59995 -6.46448 -1.23585
v 78.03920 -6.50575 -1.28584
v 78.03920 -6.42021 -1.20978
v 77.52842 -6.37204 -1.15307
v 77.59995 -6.36505 -1.14902
v 78.47235 -6.46089 -1.25916
v 78.47235 -6.37650 -1.18431
v 77.52842 -6.25992 -1.05729
v 78.03920 -6.32211 -1.12433
v 77.52842 -5.91590 -1.24484
v 77.59995 -5.91000 -1.24063
v 78.03920 -5.87378 -1.21493
v 78.47235 -6.27973 -1.10021
v 78.47235 -5.97606 -1.26744
v 77.59995 -6.25318 -1.05349
v 77.52842 -6.13570 -0.95355
v 77.59995 -6.12923 -0.95003
v 78.03920 -6.21175 -1.03032
v 77.52842 -5.99946 -0.84418
v 77.59995 -5.99329 -0.84093
v 78.03920 -6.08948 -0.92850
v 78.03920 -5.95538 -0.82114
v 78.47235 -6.17086 -1.00769
v 78.47235 -6.05024 -0.90749
v 78.89919 -6.41664 -1.23311
v 79.31949 -6.44289 -1.27038
v 79.54772 -6.41866 -1.25612
v 79.31949 -6.37301 -1.20767
v 79.54772 -6.34931 -1.19396
v 79.73304 -6.40165 -1.24517
v 80.13963 -6.42017 -1.27238
v 80.13963 -6.36431 -1.22128
v 78.89919 -6.33339 -1.15944
v 78.89919 -6.23792 -1.07667
v 79.31949 -6.29089 -1.13516
v 79.54772 -6.26779 -1.12208
v 78.89919 -5.93885 -1.24164
v 79.31949 -6.02478 -1.28777
v 79.54772 -6.00390 -1.27356
v 79.31949 -5.90216 -1.21645
v 79.54772 -5.88222 -1.20286
v 79.73304 -6.33270 -1.18342
v 79.73304 -6.25165 -1.11203
v 80.13963 -6.29623 -1.16045
v 80.13963 -6.21622 -1.09011
v 79.73304 -5.98947 -1.26265
v 79.73304 -5.86851 -1.19244
v 80.13963 -5.95777 -1.23886
v 78.89919 -6.13052 -0.98562
v 79.31949 -6.19671 -1.05370
v 79.54772 -6.17432 -1.04132
v 79.31949 -6.09077 -0.96409
v 79.54772 -6.06916 -0.95249
v 78.89919 -6.01154 -0.88700
v 79.31949 -5.97340 -0.86704
v 79.54772 -5.95267 -0.85629
v 79.73304 -6.15872 -1.03182
v 80.13963 -6.12448 -1.01109
v 79.73304 -6.05418 -0.94358
v 79.73304 -5.93836 -0.84803
v 80.13963 -6.02127 -0.92417
v 80.13963 -5.90694 -0.83004
v 77.52842 -5.85181 -0.72932
v 77.59995 -5.84596 -0.72637
v 78.47235 -5.91797 -0.80185
v 78.89919 -5.88106 -0.78304
v 79.31949 -5.84469 -0.76474
v 77.52842 -5.76190 -1.16042
v 77.59995 -5.75635 -1.15644
v 77.52842 -5.59668 -1.07278
v 78.03920 -5.72226 -1.13210
v 77.59995 -5.59151 -1.06902
v 78.47235 -5.83801 -1.18980
v 78.47235 -5.68860 -1.10831
v 77.52842 -5.42081 -0.98273
v 77.59995 -5.41604 -0.97922
v 78.03920 -5.55971 -1.04611
v 78.03920 -5.38668 -0.95778
v 78.47235 -5.52831 -1.02372
v 78.47235 -5.35769 -0.93684
v 77.52842 -5.23487 -0.89118
v 77.59995 -5.23051 -0.88791
v 78.03920 -5.20374 -0.86796
v 78.47235 -5.17730 -0.84850
v 78.89919 -5.80272 -1.16526
v 78.89919 -5.65538 -1.08509
v 79.31949 -5.76792 -1.14130
v 79.54772 -5.74901 -1.12837
v 79.31949 -5.62263 -1.06242
v 79.73304 -5.73609 -1.11847
v 80.13963 -5.83839 -1.16972
v 80.13963 -5.70771 -1.09687
v 79.54772 -5.60483 -1.05020
v 78.89919 -5.49732 -1.00187
v 79.31949 -5.46678 -0.98056
v 79.54772 -5.45017 -0.96907
v 79.73304 -5.59276 -1.04084
v 79.73304 -5.43902 -0.96027
v 80.13963 -5.56627 -1.02043
v 80.13963 -5.41454 -0.94109
v 78.89919 -5.32908 -0.91641
v 78.89919 -5.15121 -0.82952
v 79.31949 -5.30088 -0.89648
v 79.54772 -5.28555 -0.88575
v 79.73304 -5.27538 -0.87753
v 80.13963 -5.25305 -0.85963
v 78.03920 -5.81006 -0.70842
v 77.52842 -5.69320 -0.61000
v 77.59995 -5.68771 -0.60737
v 78.03920 -5.65395 -0.59132
v 78.47235 -5.77462 -0.69093
v 77.52842 -5.52414 -0.48731
v 77.59995 -5.51902 -0.48500
v 78.03920 -5.48757 -0.47093
v 78.47235 -5.62064 -0.57571
v 78.47235 -5.45653 -0.45725
v 77.52842 -5.03923 -0.80016
v 77.59995 -5.03531 -0.79714
v 78.03920 -5.01127 -0.77870
v 78.47235 -4.98752 -0.76071
v 77.52842 -5.34514 -0.36245
v 77.59995 -5.34042 -0.36047
v 79.54772 -5.82493 -0.75488
v 78.89919 -5.73966 -0.67390
v 79.31949 -5.70522 -0.65733
v 79.54772 -5.68650 -0.64842
v 79.73304 -5.81136 -0.74731
v 80.13963 -5.78157 -0.73082
v 79.73304 -5.67374 -0.64156
v 80.13963 -5.64573 -0.62666
v 78.89919 -5.58779 -0.56052
v 79.31949 -5.55542 -0.54577
v 79.54772 -5.53783 -0.53784
v 78.89919 -5.42592 -0.44397
v 79.31949 -5.39576 -0.43109
v 79.54772 -5.37937 -0.42417
v 79.73304 -5.52594 -0.53174
v 80.13963 -5.49983 -0.51848
v 79.73304 -5.36841 -0.41885
v 79.31949 -5.12549 -0.81102
v 79.54772 -5.11151 -0.80105
v 78.89919 -4.96409 -0.74318
v 79.31949 -4.94098 -0.72610
v 79.54772 -4.92842 -0.71691
v 79.73304 -5.10238 -0.79343
v 79.73304 -4.92039 -0.70988
v 80.13963 -5.08233 -0.77683
v 80.13963 -4.90274 -0.69458
v 80.13963 -5.34433 -0.40729
v 80.53905 -6.42583 -1.28791
v 80.53905 -6.38274 -1.24834
v 80.93111 -6.38850 -1.26392
v 80.93111 -6.34596 -1.22494
v 81.31558 -6.40002 -1.28513
v 81.31558 -6.38194 -1.26833
v 81.31558 -6.35185 -1.24058
v 81.56702 -6.38162 -1.27507
v 81.56702 -6.37563 -1.26953
v 81.56702 -6.35770 -1.25289
v 80.53905 -6.32758 -1.19800
v 80.93111 -6.29149 -1.17533
v 80.53905 -6.26037 -1.13806
v 80.53905 -6.18138 -1.06876
v 80.93111 -6.22514 -1.11627
v 80.53905 -6.03305 -1.27852
v 80.53905 -5.92659 -1.21566
v 80.93111 -6.00103 -1.25498
v 80.93111 -5.89595 -1.19306
v 81.31558 -6.30985 -1.20215
v 81.56702 -6.32787 -1.22540
v 81.56702 -6.28621 -1.18735
v 81.31558 -6.25607 -1.15327
v 81.31558 -6.19055 -1.09506
v 81.56702 -6.23289 -1.13893
v 81.56702 -6.16791 -1.08129
v 81.31558 -6.06189 -1.28752
v 81.31558 -5.96959 -1.23206
v 81.31558 -5.86586 -1.17106
v 81.56702 -6.04052 -1.27208
v 81.56702 -5.94901 -1.21716
v 81.56702 -5.84617 -1.15677
v 80.53905 -6.09080 -0.99091
v 80.93111 -6.14715 -1.04798
v 80.93111 -6.05772 -0.97127
v 80.53905 -5.98892 -0.90527
v 80.93111 -5.95713 -0.88689
v 81.31558 -6.11354 -1.02777
v 81.56702 -6.09155 -1.01464
v 81.31558 -6.02525 -0.95218
v 81.56702 -6.00400 -0.93978
v 81.31558 -5.92593 -0.86903
v 81.56702 -5.90551 -0.85744
v 81.69229 -6.37143 -1.26779
v 81.69229 -6.36547 -1.26228
v 81.69229 -6.34761 -1.24572
v 82.06104 -6.34142 -1.24647
v 81.69229 -6.31789 -1.21835
v 81.69229 -6.27640 -1.18047
v 82.06104 -6.33553 -1.24103
v 82.06104 -6.31788 -1.22470
v 82.06104 -6.28850 -1.19770
v 81.69229 -6.22328 -1.13228
v 81.69229 -6.15856 -1.07490
v 82.06104 -6.24748 -1.16033
v 82.06104 -6.19497 -1.11278
v 82.06104 -6.13100 -1.05618
v 81.69229 -6.03175 -1.26488
v 81.69229 -5.94061 -1.21021
v 82.06104 -6.00594 -1.24378
v 82.06104 -5.91588 -1.18984
v 82.42164 -6.31205 -1.22576
v 82.42164 -6.30622 -1.22040
v 82.42164 -6.28877 -1.20427
v 82.42164 -6.25973 -1.17764
v 82.77390 -6.28333 -1.20566
v 82.77390 -6.27757 -1.20036
v 82.77390 -6.26031 -1.18446
v 82.42164 -6.21918 -1.14077
v 82.42164 -6.16727 -1.09386
v 82.77390 -6.23160 -1.15817
v 82.77390 -6.19150 -1.12178
v 82.77390 -6.14018 -1.07549
v 82.42164 -6.05837 -1.27067
v 82.42164 -5.98067 -1.22329
v 82.77390 -6.03275 -1.25016
v 82.77390 -5.95595 -1.20339
v 82.42164 -5.89166 -1.17006
v 82.77390 -5.86798 -1.15086
v 81.69229 -6.08249 -1.00856
v 82.06104 -6.05581 -0.99074
v 81.69229 -5.99528 -0.93404
v 81.69229 -5.89718 -0.85208
v 82.06104 -5.96960 -0.91723
v 82.06104 -5.87264 -0.83637
v 82.42164 -6.10402 -1.03801
v 82.42164 -6.02969 -0.97344
v 82.77390 -6.07765 -1.02038
v 82.77390 -6.00416 -0.95667
v 82.42164 -5.94448 -0.90091
v 82.42164 -5.84862 -0.82114
v 82.77390 -5.91991 -0.88510
v 80.53905 -5.87604 -0.81253
v 80.93111 -5.84569 -0.79552
v 80.53905 -5.80877 -1.14756
v 80.53905 -5.67979 -1.07582
v 80.93111 -5.77966 -1.12598
v 80.93111 -5.65236 -1.05532
v 81.31558 -5.75107 -1.10498
v 81.56702 -5.73236 -1.09134
v 80.53905 -5.54020 -1.00054
v 80.93111 -5.51458 -0.98118
v 80.53905 -5.39047 -0.92241
v 80.93111 -5.36680 -0.90424
v 81.31558 -5.62542 -1.03538
v 81.56702 -5.60779 -1.02242
v 81.31558 -5.48943 -0.96234
v 81.56702 -5.47297 -0.95011
v 80.53905 -5.23109 -0.84220
v 80.93111 -5.20951 -0.82524
v 81.31558 -5.34357 -0.88656
v 81.56702 -5.32836 -0.87509
v 81.69229 -5.83819 -1.15009
v 81.69229 -5.72484 -1.08496
v 82.06104 -5.81467 -1.13052
v 82.06104 -5.70266 -1.06626
v 82.42164 -5.79164 -1.11152
v 82.77390 -5.76912 -1.09308
v 81.69229 -5.60076 -1.01635
v 81.69229 -5.46649 -0.94437
v 82.06104 -5.58006 -0.99858
v 82.06104 -5.44738 -0.92757
v 82.42164 -5.68095 -1.04811
v 82.77390 -5.65972 -1.03050
v 82.42164 -5.55980 -0.98133
v 82.77390 -5.53997 -0.96460
v 82.42164 -5.42868 -0.91127
v 82.77390 -5.41038 -0.89546
v 81.69229 -5.32246 -0.86969
v 82.06104 -5.30507 -0.85390
v 82.42164 -5.28804 -0.83859
v 82.77390 -5.27139 -0.82374
v 80.53905 -5.75229 -0.71479
v 80.53905 -5.61818 -0.61218
v 80.93111 -5.72352 -0.69922
v 80.93111 -5.59113 -0.59813
v 81.31558 -5.81590 -0.77900
v 81.56702 -5.79641 -0.76828
v 81.31558 -5.69528 -0.68411
v 81.56702 -5.67680 -0.67431
v 80.53905 -5.47416 -0.50562
v 80.93111 -5.44895 -0.49315
v 81.31558 -5.56457 -0.58450
v 81.31558 -5.42421 -0.48107
v 81.56702 -5.54720 -0.57568
v 81.56702 -5.40802 -0.47326
v 80.53905 -5.06261 -0.76067
v 80.93111 -5.04323 -0.74497
v 80.53905 -4.88538 -0.67970
v 80.93111 -4.86832 -0.66524
v 81.31558 -5.18832 -0.80876
v 81.56702 -5.17444 -0.79806
v 81.31558 -5.02420 -0.72970
v 81.56702 -5.01174 -0.71980
v 80.53905 -5.32067 -0.39609
v 80.93111 -5.29743 -0.38526
v 81.31558 -5.27462 -0.37478
v 81.56702 -5.25970 -0.36800
v 81.69229 -5.78850 -0.76332
v 82.06104 -5.76522 -0.74883
v 81.69229 -5.66936 -0.66979
v 82.06104 -5.64746 -0.65657
v 82.42164 -5.74244 -0.73477
v 82.77390 -5.82514 -0.80639
v 82.77390 -5.72016 -0.72116
v 82.42164 -5.62603 -0.64376
v 82.77390 -5.60508 -0.63136
v 81.69229 -5.54027 -0.57161
v 81.69229 -5.40164 -0.46967
v 82.06104 -5.51987 -0.55973
v 82.06104 -5.38286 -0.45918
v 82.42164 -5.49991 -0.54823
v 82.77390 -5.48040 -0.53711
v 82.42164 -5.36448 -0.44905
v 81.69229 -5.16916 -0.79302
v 82.06104 -5.15360 -0.77828
v 81.69229 -5.00712 -0.71513
v 82.06104 -4.99349 -0.70144
v 82.42164 -5.13836 -0.76398
v 82.77390 -5.12346 -0.75012
v 82.42164 -4.98015 -0.68818
v 82.77390 -4.96709 -0.67534
v 81.69229 -5.25391 -0.36490
v 82.06104 -5.23685 -0.35586
v 82.77390 -5.34651 -0.43925
v 77.52842 -4.83479 -0.70941
v 77.59995 -4.83134 -0.70663
v 77.52842 -4.62228 -0.61976
v 77.59995 -4.61931 -0.61723
v 78.03920 -4.81015 -0.68970
v 78.03920 -4.60109 -0.60180
v 78.47235 -4.78922 -0.67320
v 78.47235 -4.58309 -0.58678
v 77.52842 -4.40245 -0.53188
v 77.59995 -4.39999 -0.52959
v 78.03920 -4.38484 -0.51565
v 78.47235 -4.36988 -0.50208
v 77.52842 -4.17616 -0.44624
v 77.59995 -4.17421 -0.44419
v 78.03920 -4.16224 -0.43171
v 77.52842 -3.94382 -0.36545
v 77.59995 -3.94240 -0.36363
v 78.03920 -3.93369 -0.35255
v 78.47235 -4.15041 -0.41957
v 78.89919 -4.76856 -0.65713
v 79.31949 -4.74820 -0.64148
v 79.54772 -4.73713 -0.63305
v 79.73304 -4.73024 -0.62663
v 80.13963 -4.71511 -0.61263
v 78.89919 -4.56533 -0.57215
v 79.31949 -4.54781 -0.55792
v 79.54772 -4.53829 -0.55027
v 79.73304 -4.53259 -0.54444
v 80.13963 -4.52008 -0.53174
v 78.89919 -4.35512 -0.48888
v 79.31949 -4.34055 -0.47606
v 79.54772 -4.33263 -0.46917
v 78.89919 -4.13873 -0.40778
v 79.31949 -4.12721 -0.39634
v 79.54772 -4.12095 -0.39019
v 79.73304 -4.32817 -0.46392
v 79.73304 -4.11776 -0.38552
v 80.13963 -4.31837 -0.45251
v 80.13963 -4.11075 -0.37537
v 80.53905 -4.70022 -0.59903
v 80.93111 -4.68559 -0.58582
v 81.31558 -4.85157 -0.65120
v 81.56702 -4.84060 -0.64209
v 80.53905 -4.50777 -0.51941
v 80.93111 -4.49566 -0.50745
v 81.31558 -4.67122 -0.57301
v 81.56702 -4.66181 -0.56469
v 81.31558 -4.48377 -0.49584
v 81.56702 -4.47599 -0.48832
v 80.53905 -4.30872 -0.44144
v 80.93111 -4.29924 -0.43070
v 80.53905 -4.10386 -0.36553
v 80.93111 -4.09707 -0.35600
v 81.31558 -4.28992 -0.42029
v 81.56702 -4.28382 -0.41356
v 81.69229 -4.83667 -0.63778
v 82.06104 -4.82508 -0.62516
v 82.42164 -4.81373 -0.61294
v 82.77390 -4.80263 -0.60110
v 81.69229 -4.65860 -0.56074
v 82.06104 -4.64915 -0.54919
v 81.69229 -4.47354 -0.48473
v 82.06104 -4.46630 -0.47424
v 82.42164 -4.63988 -0.53801
v 82.77390 -4.63082 -0.52719
v 82.42164 -4.45921 -0.46409
v 82.77390 -4.45226 -0.45427
v 81.69229 -4.28214 -0.41032
v 82.06104 -4.27720 -0.40087
v 82.42164 -4.27236 -0.39174
v 82.77390 -4.26762 -0.38292
v 83.11765 -6.22059 -1.36441
v 83.11765 -6.21463 -1.36057
v 83.11765 -6.19675 -1.34907
v 83.11765 -6.16700 -1.33005
v 83.11765 -6.12550 -1.30370
v 83.45271 -6.18787 -1.33965
v 83.45271 -6.19377 -1.34345
v 83.45271 -6.17019 -1.32829
v 83.45271 -6.14078 -1.30952
v 83.58632 -6.18306 -1.33512
v 83.58632 -6.17719 -1.33134
v 83.58632 -6.15959 -1.32004
v 83.58632 -6.13032 -1.30136
v 83.77891 -6.17094 -1.32136
v 83.77891 -6.16512 -1.31761
v 83.77891 -6.14766 -1.30641
v 84.09608 -6.15096 -1.29879
v 84.09608 -6.14521 -1.29510
v 83.11765 -6.25527 -1.18617
v 83.11765 -6.24958 -1.18094
v 83.45271 -6.09974 -1.28350
v 83.77891 -6.11863 -1.28790
v 83.11765 -6.23251 -1.16524
v 83.45271 -6.22790 -1.16729
v 83.45271 -6.22227 -1.16213
v 83.11765 -6.20412 -1.13930
v 83.45271 -6.20539 -1.14663
v 83.45271 -6.17731 -1.12102
v 83.11765 -6.16447 -1.10338
v 83.11765 -6.11372 -1.05769
v 83.45271 -6.13810 -1.08556
v 83.58632 -6.21698 -1.15979
v 83.58632 -6.21137 -1.15466
v 83.58632 -6.19457 -1.13924
v 83.58632 -6.16661 -1.11376
v 83.77891 -6.20450 -1.14749
v 83.77891 -6.19894 -1.14240
v 83.77891 -6.18227 -1.12712
v 83.58632 -6.12758 -1.07849
v 83.77891 -6.15453 -1.10186
v 83.77891 -6.11580 -1.06691
v 83.11765 -6.07238 -1.27017
v 83.11765 -6.00773 -1.23027
v 83.45271 -6.04723 -1.25039
v 83.45271 -5.98331 -1.21099
v 83.11765 -5.93181 -1.18410
v 83.58632 -6.08947 -1.27548
v 83.58632 -6.03719 -1.24254
v 83.77891 -6.07810 -1.26224
v 83.77891 -6.02625 -1.22959
v 83.58632 -5.97356 -1.20333
v 83.77891 -5.96313 -1.19073
v 83.11765 -5.84485 -1.13224
v 83.45271 -5.90825 -1.16540
v 83.58632 -5.89885 -1.15798
v 83.77891 -5.88902 -1.14577
v 84.09608 -6.12799 -1.28406
v 84.09608 -6.09934 -1.26582
v 84.40407 -6.12586 -1.27336
v 84.40407 -6.13153 -1.27700
v 84.40407 -6.10886 -1.26248
v 84.09608 -6.18394 -1.12732
v 84.09608 -6.17844 -1.12231
v 84.09608 -6.16199 -1.10725
v 84.09608 -6.13462 -1.08237
v 84.40407 -6.16394 -1.10785
v 84.40407 -6.15852 -1.10291
v 84.40407 -6.14228 -1.08807
v 84.40407 -6.11526 -1.06356
v 84.09608 -6.05936 -1.24053
v 84.09608 -6.00820 -1.20836
v 84.40407 -6.08059 -1.24450
v 84.40407 -6.04114 -1.21957
v 84.40407 -5.99065 -1.18785
v 84.09608 -5.94593 -1.17006
v 84.09608 -5.87281 -1.12576
v 84.40407 -5.92920 -1.15011
v 84.40407 -5.85705 -1.10644
v 83.11765 -6.05189 -1.00330
v 83.45271 -6.08791 -1.04046
v 83.11765 -5.97922 -0.94042
v 83.45271 -6.02676 -0.98676
v 83.58632 -6.07761 -1.03362
v 83.77891 -6.06623 -1.02244
v 83.58632 -6.01673 -0.98020
v 83.77891 -6.00583 -0.96950
v 83.45271 -5.95489 -0.92469
v 83.11765 -5.89591 -0.86978
v 83.45271 -5.87250 -0.85496
v 83.58632 -5.94518 -0.91845
v 83.77891 -5.93485 -0.90829
v 83.58632 -5.86316 -0.84908
v 83.77891 -5.85348 -0.83955
v 84.09608 -6.09640 -1.04793
v 84.09608 -6.04747 -1.00412
v 84.09608 -5.98787 -0.95196
v 84.40407 -6.07754 -1.02962
v 84.40407 -6.02924 -0.98644
v 84.09608 -5.91783 -0.89166
v 84.40407 -5.97041 -0.93504
v 84.40407 -5.90127 -0.87563
v 84.70270 -6.10707 -1.25239
v 84.70270 -6.11266 -1.25598
v 84.70270 -6.09029 -1.24166
v 84.99184 -6.09437 -1.23572
v 84.70270 -6.14453 -1.08909
v 84.70270 -6.13918 -1.08422
v 84.70270 -6.12314 -1.06959
v 84.99184 -6.12571 -1.07102
v 84.99184 -6.12043 -1.06622
v 84.70270 -6.06239 -1.22393
v 84.70270 -6.02344 -1.19935
v 84.99184 -6.08885 -1.23218
v 84.99184 -6.07229 -1.22161
v 84.99184 -6.04474 -1.20412
v 84.99184 -6.00629 -1.17988
v 84.70270 -5.97361 -1.16808
v 84.70270 -5.91296 -1.13086
v 84.99184 -5.95709 -1.14904
v 84.99184 -5.89721 -1.11233
v 85.27132 -6.07667 -1.21624
v 85.27132 -6.07122 -1.21275
v 85.27132 -6.05486 -1.20231
v 85.27132 -6.02765 -1.18506
v 85.54103 -6.05957 -1.19754
v 85.54103 -6.05418 -1.19409
v 85.54103 -6.03802 -1.18379
v 85.60562 -6.05547 -1.19307
v 85.60562 -6.05010 -1.18963
v 85.60562 -6.03399 -1.17937
v 85.27132 -5.98969 -1.16115
v 85.54103 -6.01115 -1.16676
v 85.54103 -5.97365 -1.14317
v 85.27132 -5.94110 -1.13072
v 85.54103 -5.92565 -1.11314
v 85.27132 -5.88197 -1.09452
v 85.54103 -5.86724 -1.07741
v 85.60562 -6.00719 -1.16239
v 85.60562 -5.96980 -1.13887
v 85.80080 -6.04717 -1.16006
v 85.80080 -6.04194 -1.15671
v 85.80080 -6.02624 -1.14671
v 85.80080 -6.00013 -1.13018
v 85.60562 -5.92195 -1.10894
v 85.60562 -5.86371 -1.07333
v 85.80080 -5.96369 -1.10728
v 85.80080 -5.91705 -1.07813
v 84.70270 -6.09647 -1.04542
v 84.99184 -6.10460 -1.05179
v 84.70270 -6.05922 -1.01197
v 84.70270 -6.01154 -0.96941
v 84.99184 -6.07825 -1.02796
v 84.99184 -6.04147 -0.99498
v 84.99184 -5.99439 -0.95301
v 84.70270 -5.95346 -0.91874
v 84.70270 -5.88520 -0.86018
v 84.99184 -5.93703 -0.90306
v 84.99184 -5.86963 -0.84532
v 85.27132 -6.10751 -1.05365
v 85.27132 -6.10229 -1.04891
v 85.27132 -6.08665 -1.03469
v 85.27132 -6.06063 -1.01118
v 85.54103 -6.08992 -1.03698
v 85.54103 -6.08476 -1.03230
v 85.54103 -6.06931 -1.01827
v 85.27132 -6.02430 -0.97865
v 85.27132 -5.97779 -0.93726
v 85.54103 -6.04360 -0.99508
v 85.54103 -6.00771 -0.96298
v 85.60562 -6.08571 -1.03300
v 85.60562 -6.08056 -1.02834
v 85.60562 -6.06516 -1.01435
v 85.80080 -6.07657 -1.00411
v 85.80080 -6.07155 -0.99957
v 85.60562 -6.03952 -0.99124
v 85.60562 -6.00373 -0.95924
v 85.80080 -6.05654 -0.98595
v 85.80080 -6.03155 -0.96345
v 85.80080 -5.86030 -1.04344
v 85.27132 -5.92114 -0.88799
v 85.54103 -5.96176 -0.92215
v 85.27132 -5.85456 -0.83104
v 85.54103 -5.90578 -0.87354
v 85.80080 -5.99667 -0.93230
v 85.60562 -5.95791 -0.91854
v 85.80080 -5.95201 -0.89266
v 85.60562 -5.90210 -0.87009
v 85.80080 -5.89761 -0.84549
v 83.45271 -5.82227 -1.11420
v 83.11765 -5.74712 -1.07521
v 83.45271 -5.72565 -1.05790
v 83.58632 -5.81326 -1.10704
v 83.77891 -5.80412 -1.09528
v 84.09608 -5.78905 -1.07600
v 84.40407 -5.77440 -1.05740
v 83.11765 -5.63898 -1.01344
v 83.45271 -5.61873 -0.99691
v 83.58632 -5.71708 -1.05102
v 83.77891 -5.70872 -1.03976
v 83.58632 -5.61065 -0.99035
v 83.77891 -5.60315 -0.97962
v 83.11765 -5.52061 -0.94838
v 83.45271 -5.50171 -0.93269
v 83.11765 -5.39251 -0.88015
v 83.45271 -5.37507 -0.86533
v 83.58632 -5.49416 -0.92646
v 83.77891 -5.48761 -0.91629
v 83.58632 -5.36810 -0.85945
v 83.77891 -5.36257 -0.84988
v 84.09608 -5.69493 -1.02129
v 84.40407 -5.68152 -1.00347
v 84.09608 -5.83752 -0.82394
v 84.09608 -5.59078 -0.96203
v 84.40407 -5.57875 -0.94507
v 84.09608 -5.47679 -0.89964
v 84.09608 -5.35343 -0.83420
v 84.40407 -5.46626 -0.88357
v 84.70270 -5.84174 -1.08781
v 84.99184 -5.82690 -1.06988
v 84.70270 -5.76016 -1.03946
v 84.70270 -5.66849 -0.98630
v 84.99184 -5.74636 -1.02219
v 84.99184 -5.65586 -0.96977
v 84.70270 -5.56706 -0.92872
v 84.70270 -5.45604 -0.86810
v 84.99184 -5.55572 -0.91299
v 84.99184 -5.44612 -0.85321
v 85.27132 -5.81254 -1.05263
v 85.27132 -5.73301 -1.00559
v 85.54103 -5.79866 -1.03608
v 85.54103 -5.72010 -0.98966
v 85.27132 -5.64364 -0.95388
v 85.54103 -5.63182 -0.93863
v 85.60562 -5.79533 -1.03213
v 85.80080 -5.79366 -1.00332
v 85.60562 -5.71700 -0.98586
v 85.80080 -5.71733 -0.95826
v 85.60562 -5.62899 -0.93499
v 85.80080 -5.63156 -0.90872
v 85.27132 -5.54475 -0.89787
v 85.54103 -5.53414 -0.88336
v 85.27132 -5.43651 -0.83890
v 85.54103 -5.42723 -0.82518
v 85.60562 -5.53160 -0.87990
v 85.80080 -5.53665 -0.85507
v 85.60562 -5.42501 -0.82191
v 83.11765 -5.80220 -0.79210
v 83.45271 -5.77983 -0.77828
v 83.11765 -5.69840 -0.70799
v 83.58632 -5.77091 -0.77280
v 83.77891 -5.76196 -0.76395
v 83.45271 -5.67718 -0.69526
v 83.58632 -5.66872 -0.69021
v 83.77891 -5.66058 -0.68210
v 83.11765 -5.58462 -0.61937
v 83.45271 -5.56466 -0.60778
v 83.58632 -5.55670 -0.60319
v 83.77891 -5.54946 -0.59587
v 84.09608 -5.74720 -0.74946
v 84.40407 -5.82201 -0.80889
v 84.40407 -5.73286 -0.73550
v 84.09608 -5.64716 -0.66883
v 84.40407 -5.63412 -0.65605
v 83.11765 -5.46134 -0.52636
v 83.45271 -5.44276 -0.51598
v 83.58632 -5.43534 -0.51187
v 83.77891 -5.42906 -0.50537
v 84.09608 -5.53751 -0.58388
v 84.09608 -5.41871 -0.49473
v 84.40407 -5.52589 -0.57234
v 84.40407 -5.40864 -0.48451
v 83.11765 -5.25512 -0.80936
v 83.45271 -5.23924 -0.79546
v 83.11765 -5.10889 -0.73671
v 83.58632 -5.23290 -0.78994
v 83.77891 -5.22846 -0.78098
v 83.45271 -5.09468 -0.72374
v 83.58632 -5.08901 -0.71860
v 83.77891 -5.08573 -0.71028
v 83.11765 -4.95434 -0.66291
v 83.45271 -4.94188 -0.65090
v 83.58632 -4.93691 -0.64613
v 83.77891 -4.93487 -0.63846
v 84.09608 -5.22112 -0.76632
v 84.40407 -5.34454 -0.81908
v 84.40407 -5.21399 -0.75219
v 84.09608 -5.08032 -0.69666
v 84.09608 -4.93150 -0.62592
v 84.40407 -5.07505 -0.68354
v 84.40407 -4.92820 -0.61383
v 83.11765 -5.32897 -0.42979
v 83.45271 -5.31186 -0.42067
v 83.58632 -5.30503 -0.41706
v 83.77891 -5.29979 -0.41141
v 84.09608 -5.29115 -0.40219
v 84.40407 -5.28275 -0.39332
v 84.70270 -5.80695 -0.79440
v 84.70270 -5.71894 -0.72206
v 84.99184 -5.79236 -0.78046
v 84.99184 -5.70545 -0.70915
v 84.70270 -5.62147 -0.64375
v 84.99184 -5.60920 -0.63194
v 85.27132 -5.77824 -0.76708
v 85.54103 -5.84000 -0.81735
v 85.54103 -5.76460 -0.75425
v 85.60562 -5.83652 -0.81409
v 85.80080 -5.83368 -0.79096
v 85.60562 -5.76133 -0.75119
v 85.80080 -5.76040 -0.72973
v 85.27132 -5.69240 -0.69675
v 85.54103 -5.67979 -0.68486
v 85.27132 -5.59733 -0.62060
v 85.60562 -5.67677 -0.68203
v 85.80080 -5.67799 -0.66239
v 85.80080 -5.43278 -0.79859
v 85.54103 -5.58586 -0.60974
v 85.60562 -5.58312 -0.60715
v 85.80080 -5.58671 -0.58949
v 84.70270 -5.51462 -0.56125
v 84.70270 -5.39887 -0.47468
v 84.99184 -5.50370 -0.55060
v 84.99184 -5.38941 -0.46525
v 85.27132 -5.49313 -0.54039
v 85.54103 -5.48292 -0.53061
v 85.60562 -5.48047 -0.52828
v 85.80080 -5.48667 -0.51270
v 85.27132 -5.38024 -0.45622
v 85.54103 -5.37140 -0.44759
v 85.60562 -5.36928 -0.44553
v 85.80080 -5.37829 -0.43213
v 84.70270 -5.33590 -0.80452
v 84.70270 -5.20705 -0.73858
v 84.99184 -5.32751 -0.79052
v 84.99184 -5.20031 -0.72550
v 84.70270 -5.06993 -0.67092
v 84.70270 -4.92499 -0.60221
v 84.99184 -5.06495 -0.65879
v 84.99184 -4.92188 -0.59104
v 85.27132 -5.31940 -0.77707
v 85.54103 -5.31155 -0.76417
v 85.27132 -5.19379 -0.71294
v 85.60562 -5.30967 -0.76109
v 85.80080 -5.32039 -0.73937
v 85.54103 -5.18748 -0.70090
v 85.60562 -5.18597 -0.69803
v 85.80080 -5.19985 -0.67796
v 85.27132 -5.06012 -0.64714
v 85.54103 -5.05546 -0.63599
v 85.60562 -5.05434 -0.63332
v 85.80080 -5.07157 -0.61495
v 84.70270 -5.27459 -0.38482
v 84.99184 -5.26669 -0.37666
v 85.27132 -5.25905 -0.36886
v 85.54103 -5.25166 -0.36141
v 85.60562 -5.24989 -0.35963
v 85.27132 -4.91885 -0.58033
v 85.54103 -4.91591 -0.57007
v 85.60562 -4.91521 -0.56763
v 85.80080 -4.93600 -0.55098
v 86.05051 -6.03146 -1.11478
v 86.05051 -6.03652 -1.11801
v 86.05051 -6.01629 -1.10512
v 86.05051 -5.99105 -1.08916
v 86.29004 -6.02626 -1.07786
v 86.29004 -6.02137 -1.07474
v 86.29004 -6.00670 -1.06541
v 86.05051 -5.95583 -1.06703
v 86.29004 -5.98230 -1.04999
v 86.05051 -6.06484 -0.96732
v 86.05051 -6.05999 -0.96295
v 86.05051 -6.04548 -0.94980
v 86.05051 -5.91076 -1.03888
v 86.05051 -5.85590 -1.00538
v 86.29004 -5.94825 -1.02862
v 86.29004 -5.90468 -1.00142
v 86.29004 -5.85165 -0.96906
v 86.51926 -6.01641 -1.03962
v 86.51926 -6.01168 -1.03661
v 86.51926 -5.99749 -1.02759
v 86.51926 -5.97389 -1.01269
v 86.51926 -5.94096 -0.99203
v 86.51926 -5.89883 -0.96575
v 86.05051 -6.02132 -0.92807
v 86.05051 -5.98759 -0.89800
v 86.29004 -6.05356 -0.93223
v 86.29004 -6.04887 -0.92801
v 86.29004 -6.03483 -0.91531
v 86.29004 -6.01147 -0.89432
v 86.29004 -5.97886 -0.86528
v 86.05051 -5.94442 -0.85973
v 86.29004 -5.93712 -0.82833
v 86.51926 -6.04273 -0.89883
v 86.51926 -6.03819 -0.89474
v 86.51926 -6.02461 -0.88247
v 86.51926 -6.00202 -0.86220
v 86.51926 -5.97048 -0.83414
v 86.51926 -5.84754 -0.93447
v 86.73804 -6.00697 -1.00328
v 86.73804 -6.00239 -1.00036
v 86.73804 -5.98867 -0.99164
v 86.94629 -5.99796 -0.96883
v 86.94629 -5.99353 -0.96601
v 86.94629 -5.98024 -0.95758
v 86.73804 -5.96584 -0.97724
v 86.73804 -5.93398 -0.95726
v 86.94629 -5.95814 -0.94364
v 86.73804 -6.03236 -0.86710
v 86.73804 -6.01483 -0.85129
v 86.73804 -5.99297 -0.83170
v 86.94629 -6.02247 -0.83704
v 86.94629 -6.00550 -0.82176
v 86.73804 -5.89321 -0.93185
v 86.73804 -5.84359 -0.90162
v 86.94629 -5.92730 -0.92432
v 86.94629 -5.88784 -0.89974
v 87.14390 -5.98508 -0.93354
v 87.14390 -5.98938 -0.93627
v 87.14390 -5.97222 -0.92538
v 87.32266 -5.97743 -0.90428
v 87.32266 -5.98159 -0.90693
v 87.14390 -5.95081 -0.91188
v 87.14390 -5.92094 -0.89318
v 87.32266 -5.96493 -0.89636
v 87.32266 -5.94416 -0.88327
v 87.14390 -5.88271 -0.86939
v 87.32266 -5.91516 -0.86512
v 87.32266 -5.87805 -0.84204
v 87.50677 -5.97299 -0.82139
v 87.50677 -5.97679 -0.82380
v 86.05051 -5.89183 -0.81419
v 86.29004 -5.88626 -0.78435
v 86.51926 -5.93010 -0.79845
v 86.51926 -5.88091 -0.75596
v 86.94629 -5.98433 -0.80281
v 86.73804 -5.96245 -0.80458
v 86.73804 -5.92337 -0.77008
v 86.94629 -5.95478 -0.77658
v 86.73804 -5.87577 -0.72901
v 86.94629 -5.91695 -0.74321
v 86.94629 -5.87086 -0.70350
v 87.14390 -6.01306 -0.80865
v 87.14390 -6.00894 -0.80496
v 87.14390 -5.99662 -0.79386
v 87.14390 -5.97611 -0.77552
v 87.32266 -6.00453 -0.78308
v 87.32266 -6.00053 -0.77950
v 87.32266 -5.98857 -0.76873
v 87.32266 -5.96866 -0.75095
v 87.14390 -5.94748 -0.75014
v 87.14390 -5.91083 -0.71785
v 87.32266 -5.94086 -0.72633
v 87.14390 -5.86619 -0.67942
v 87.32266 -5.90528 -0.69501
v 87.32266 -5.86194 -0.65774
v 87.50677 -5.99762 -0.71110
v 87.50677 -5.99398 -0.70784
v 87.67185 -5.96897 -0.74733
v 87.67185 -5.97243 -0.74953
v 87.50677 -5.96162 -0.81419
v 87.50677 -5.94271 -0.80228
v 87.50677 -5.91632 -0.78577
v 87.50677 -5.88254 -0.76477
v 87.67185 -5.95860 -0.74077
v 87.67185 -5.94136 -0.72992
v 87.67185 -5.91730 -0.71488
v 87.50677 -5.98309 -0.69805
v 87.67185 -5.99137 -0.64681
v 87.67185 -5.97813 -0.63493
v 87.50677 -5.96496 -0.68187
v 87.50677 -5.93965 -0.65948
v 87.67185 -5.88652 -0.69575
v 87.67185 -5.84905 -0.67298
v 87.50677 -5.90726 -0.63100
v 87.50677 -5.86781 -0.59710
v 87.67185 -5.96160 -0.62019
v 87.67185 -5.93853 -0.59980
v 87.82592 -5.96831 -0.68043
v 87.82592 -5.98551 -0.58704
v 87.82592 -5.96517 -0.67844
v 87.82592 -5.95574 -0.67247
v 87.82592 -5.94006 -0.66261
v 87.82592 -5.91818 -0.64894
v 87.82592 -5.89019 -0.63155
v 87.82592 -5.85611 -0.61085
v 87.96889 -5.96446 -0.61650
v 87.96889 -5.95305 -0.60928
v 87.96889 -5.96160 -0.61469
v 87.96889 -5.93882 -0.60033
v 87.96889 -5.91896 -0.58793
v 87.67185 -5.90900 -0.57385
v 87.67185 -5.87303 -0.54297
v 87.82592 -5.98249 -0.58434
v 87.82592 -5.97346 -0.57624
v 87.96889 -5.98003 -0.53176
v 87.96889 -5.97730 -0.52932
v 87.96889 -5.96910 -0.52196
v 87.82592 -5.95843 -0.56285
v 87.82592 -5.93745 -0.54431
v 87.96889 -5.89355 -0.57216
v 87.96889 -5.86263 -0.55339
v 87.82592 -5.91059 -0.52073
v 87.82592 -5.87787 -0.49267
v 87.96889 -5.95546 -0.50982
v 87.96889 -5.93641 -0.49301
v 87.96889 -5.91203 -0.47162
v 87.96889 -5.88234 -0.44617
v 87.96889 -5.84745 -0.41675
v 88.10070 -5.97496 -0.48097
v 88.10070 -5.97248 -0.47875
v 88.10070 -5.96087 -0.55773
v 88.10070 -5.95828 -0.55609
v 88.10070 -5.95053 -0.55119
v 88.10070 -5.93764 -0.54309
v 88.10070 -5.91965 -0.53186
v 88.22128 -5.95522 -0.50262
v 88.22128 -5.95756 -0.50411
v 88.22128 -5.94820 -0.49819
v 88.10070 -5.96505 -0.47209
v 88.22128 -5.93654 -0.49086
v 88.22128 -5.92025 -0.48069
v 88.10070 -5.89663 -0.51757
v 88.10070 -5.86861 -0.50057
v 88.22128 -5.97029 -0.43464
v 88.10070 -5.95269 -0.46110
v 88.10070 -5.93543 -0.44588
v 88.10070 -5.91334 -0.42651
v 88.22128 -5.96132 -0.42661
v 88.22128 -5.95013 -0.41666
v 88.22128 -5.89942 -0.46777
v 88.22128 -5.87406 -0.45239
v 88.22128 -5.84429 -0.43460
v 88.33055 -5.95242 -0.45428
v 88.33055 -5.95454 -0.45562
v 88.33055 -5.94607 -0.45026
v 88.33055 -5.93551 -0.44363
v 88.33055 -5.92078 -0.43444
v 88.39200 -5.95283 -0.42840
v 88.39200 -5.95084 -0.42714
v 88.39200 -5.94486 -0.42336
v 88.39200 -5.93493 -0.41712
v 88.33055 -5.90192 -0.42275
v 88.22128 -5.93451 -0.40289
v 88.22128 -5.91452 -0.38538
v 88.10070 -5.88644 -0.40346
v 88.10070 -5.85482 -0.37683
v 88.22128 -5.89016 -0.36453
v 88.33055 -5.96604 -0.39276
v 88.33055 -5.96401 -0.39095
v 88.33055 -5.95793 -0.38550
v 88.39200 -5.92106 -0.40848
v 88.33055 -5.94780 -0.37650
v 88.33055 -5.93366 -0.36405
v 88.39200 -5.96365 -0.36926
v 88.39200 -5.96174 -0.36756
v 88.39200 -5.95601 -0.36243
v 88.39200 -5.94648 -0.35397
v 88.33055 -5.87898 -0.40883
v 88.33055 -5.85203 -0.39274
v 88.39200 -5.90332 -0.39747
v 88.39200 -5.88173 -0.38439
v 88.39200 -5.85638 -0.36925
v 86.05051 -5.79149 -0.96663
v 86.29004 -5.78938 -0.93163
v 86.05051 -5.71772 -0.92312
v 86.29004 -5.71806 -0.88959
v 86.05051 -5.63482 -0.87527
v 86.29004 -5.63792 -0.84338
v 86.51926 -5.78733 -0.89830
v 86.51926 -5.71835 -0.85768
v 86.05051 -5.54309 -0.82346
v 86.73804 -5.78533 -0.86665
v 86.94629 -5.83981 -0.87049
v 86.94629 -5.78341 -0.83666
v 86.73804 -5.71860 -0.82737
v 87.14390 -5.83619 -0.84107
v 86.05051 -5.83004 -0.76155
v 86.29004 -5.82651 -0.73352
v 86.51926 -5.82311 -0.70685
v 86.51926 -5.64085 -0.81302
v 86.05051 -5.75919 -0.70243
v 86.29004 -5.75801 -0.67642
v 86.05051 -5.67952 -0.63742
v 86.29004 -5.68097 -0.61365
v 86.51926 -5.75685 -0.65170
v 86.51926 -5.68234 -0.59105
v 86.29004 -5.54924 -0.79333
v 86.05051 -5.44270 -0.76893
v 86.29004 -5.45219 -0.74065
v 86.51926 -5.55509 -0.76466
v 86.51926 -5.46124 -0.71376
v 86.51926 -5.35969 -0.66039
v 86.73804 -5.64362 -0.78420
v 86.94629 -5.71882 -0.79867
v 86.94629 -5.64624 -0.75690
v 87.14390 -5.78156 -0.80833
v 87.32266 -5.83290 -0.81457
v 87.32266 -5.77987 -0.78280
v 87.32266 -5.71914 -0.74713
v 87.14390 -5.71900 -0.77155
v 87.14390 -5.64870 -0.73113
v 87.32266 -5.65090 -0.70791
v 86.73804 -5.81984 -0.68155
v 86.94629 -5.81672 -0.65760
v 86.73804 -5.75573 -0.62824
v 86.94629 -5.75464 -0.60605
v 87.14390 -5.81373 -0.63500
v 87.32266 -5.81101 -0.61465
v 86.73804 -5.56066 -0.73745
v 86.94629 -5.56593 -0.71168
v 86.94629 -5.47804 -0.66408
v 86.73804 -5.46986 -0.68824
v 86.73804 -5.37161 -0.63664
v 86.94629 -5.38293 -0.61417
v 87.14390 -5.57091 -0.68735
v 87.32266 -5.57540 -0.66545
v 87.14390 -5.48578 -0.64128
v 87.32266 -5.49276 -0.62075
v 87.14390 -5.39366 -0.59297
v 86.29004 -5.59565 -0.54569
v 86.51926 -5.59982 -0.52540
v 86.05051 -5.59128 -0.56705
v 86.05051 -5.49457 -0.49292
v 86.29004 -5.50214 -0.47411
v 86.05051 -5.38981 -0.41515
v 86.29004 -5.40085 -0.39901
v 86.51926 -5.50937 -0.45626
v 86.51926 -5.41140 -0.38372
v 86.73804 -5.68363 -0.56963
v 86.94629 -5.68484 -0.54937
v 86.73804 -5.60377 -0.50618
v 86.94629 -5.60753 -0.48801
v 87.14390 -5.75360 -0.58511
v 87.32266 -5.75263 -0.56627
v 87.14390 -5.68597 -0.53026
v 87.14390 -5.61107 -0.47088
v 87.32266 -5.68698 -0.51307
v 87.32266 -5.61427 -0.45549
v 87.32266 -5.40335 -0.57389
v 86.73804 -5.51626 -0.43936
v 86.94629 -5.52280 -0.42339
v 86.73804 -5.42146 -0.36925
v 86.94629 -5.43103 -0.35560
v 87.14390 -5.52900 -0.40835
v 87.32266 -5.53460 -0.39484
v 86.05051 -5.33407 -0.71174
v 86.29004 -5.34718 -0.68542
v 86.29004 -5.23455 -0.62814
v 86.05051 -5.21758 -0.65244
v 86.51926 -5.25078 -0.60504
v 86.05051 -5.09360 -0.59160
v 86.29004 -5.11471 -0.56938
v 86.51926 -5.13489 -0.54827
v 86.29004 -4.98805 -0.50972
v 86.05051 -4.96258 -0.52984
v 86.51926 -5.01240 -0.49063
v 86.29004 -4.85485 -0.45056
v 86.51926 -4.88360 -0.43348
v 86.73804 -5.26624 -0.58314
v 86.94629 -5.28095 -0.56243
v 86.73804 -5.15412 -0.52826
v 86.94629 -5.17242 -0.50935
v 87.14390 -5.29488 -0.54289
v 87.32266 -5.30747 -0.52531
v 87.14390 -5.18976 -0.49151
v 87.32266 -5.20544 -0.47548
v 86.73804 -5.03563 -0.47255
v 86.94629 -5.05772 -0.45546
v 86.73804 -4.91102 -0.41730
v 86.94629 -4.93711 -0.40203
v 87.14390 -5.07867 -0.43936
v 87.32266 -5.09760 -0.42490
v 87.32266 -4.98422 -0.37474
v 87.14390 -4.96185 -0.38766
v 87.50677 -5.84144 -0.73979
v 87.50677 -5.79318 -0.71088
v 87.50677 -5.73790 -0.67843
v 87.67185 -5.80506 -0.64665
v 87.67185 -5.75467 -0.61708
v 87.50677 -5.67578 -0.64276
v 87.50677 -5.60705 -0.60413
v 87.82592 -5.81611 -0.58692
v 87.50677 -5.82144 -0.55791
v 87.50677 -5.76830 -0.51391
v 87.67185 -5.83076 -0.50728
v 87.67185 -5.69805 -0.58458
v 87.67185 -5.63540 -0.54939
v 87.82592 -5.77028 -0.56004
v 87.96889 -5.82633 -0.53168
v 87.96889 -5.78474 -0.50730
v 87.96889 -5.73801 -0.48050
v 87.82592 -5.71879 -0.53050
v 87.82592 -5.66182 -0.49852
v 87.67185 -5.78231 -0.46720
v 87.67185 -5.72783 -0.42313
v 87.50677 -5.70853 -0.46553
v 87.50677 -5.64234 -0.41315
v 87.67185 -5.66749 -0.37543
v 87.82592 -5.83943 -0.46023
v 87.82592 -5.79537 -0.42381
v 87.82592 -5.74581 -0.38376
v 87.96889 -5.80746 -0.38372
v 87.82592 -5.59948 -0.46485
v 87.96889 -5.68631 -0.45149
v 87.96889 -5.62973 -0.42095
v 87.50677 -5.53184 -0.56347
v 87.67185 -5.56684 -0.51235
v 87.67185 -5.49266 -0.47352
v 87.50677 -5.45046 -0.52085
v 87.50677 -5.36318 -0.47666
v 87.50677 -5.56981 -0.35800
v 87.67185 -5.41311 -0.43327
v 87.82592 -5.53202 -0.42956
v 87.96889 -5.56851 -0.38894
v 87.96889 -5.50286 -0.35575
v 87.82592 -5.45968 -0.39297
v 87.82592 -5.38270 -0.35544
v 88.10070 -5.83572 -0.48091
v 88.10070 -5.79804 -0.45883
v 88.22128 -5.81019 -0.41462
v 88.10070 -5.75571 -0.43456
v 88.22128 -5.77187 -0.39267
v 88.22128 -5.72947 -0.36889
v 88.33055 -5.82117 -0.37467
v 88.33055 -5.78650 -0.35481
v 88.39200 -5.82734 -0.35225
v 88.10070 -5.70886 -0.40828
v 88.10070 -5.65760 -0.38063
v 88.10070 -5.60214 -0.35164
v 87.50677 -5.27032 -0.43133
v 87.67185 -5.32846 -0.39198
v 87.50677 -5.17217 -0.38532
v 83.11765 -4.79177 -0.58966
v 83.45271 -4.78118 -0.57861
v 83.11765 -4.62196 -0.51673
v 83.45271 -4.61330 -0.50663
v 83.58632 -4.77695 -0.57422
v 83.77891 -4.77621 -0.56720
v 83.58632 -4.60985 -0.50263
v 83.77891 -4.61047 -0.49626
v 83.11765 -4.44547 -0.44480
v 83.45271 -4.43884 -0.43565
v 83.58632 -4.43620 -0.43203
v 83.77891 -4.43823 -0.42630
v 84.09608 -4.77498 -0.55572
v 84.09608 -4.61147 -0.48584
v 84.40407 -4.77376 -0.54466
v 84.40407 -4.61244 -0.47582
v 84.09608 -4.44156 -0.41693
v 84.40407 -4.44479 -0.40793
v 83.11765 -4.26297 -0.37441
v 83.45271 -4.25844 -0.36620
v 83.58632 -4.25662 -0.36295
v 83.77891 -4.26012 -0.35785
v 84.70270 -4.77257 -0.53404
v 84.99184 -4.77141 -0.52384
v 84.70270 -4.61336 -0.46619
v 84.99184 -4.61424 -0.45695
v 84.70270 -4.44791 -0.39930
v 84.99184 -4.45092 -0.39101
v 85.27132 -4.77028 -0.51406
v 85.54103 -4.76917 -0.50469
v 85.60562 -4.76890 -0.50246
v 85.80080 -4.79343 -0.48753
v 85.27132 -4.61508 -0.44810
v 85.54103 -4.61589 -0.43963
v 85.60562 -4.61608 -0.43762
v 85.80080 -4.64451 -0.42439
v 85.27132 -4.45382 -0.38309
v 85.54103 -4.45660 -0.37551
v 85.80080 -4.48976 -0.36216
v 85.60562 -4.45727 -0.37370
v 86.05051 -4.82479 -0.46858
v 86.05051 -4.68087 -0.40762
v 86.29004 -4.71572 -0.39170
v 86.51926 -4.74906 -0.37661
v 86.73804 -4.78087 -0.36234
v 77.52842 -5.15645 -0.23812
v 77.59995 -5.15215 -0.23647
v 78.03920 -5.31140 -0.34841
v 78.03920 -5.12571 -0.22642
v 78.47235 -5.28278 -0.33671
v 78.47235 -5.09963 -0.21671
v 77.52842 -4.95898 -0.11397
v 77.59995 -4.95512 -0.11265
v 78.03920 -4.93139 -0.10463
v 78.47235 -4.90799 -0.09690
v 78.89919 -5.25455 -0.32537
v 79.31949 -5.22674 -0.31440
v 79.54772 -5.21163 -0.30852
v 78.89919 -5.07392 -0.20732
v 79.31949 -5.04859 -0.19825
v 79.54772 -5.03483 -0.19341
v 79.73304 -5.20164 -0.30399
v 80.13963 -5.17973 -0.29417
v 79.73304 -5.02589 -0.18967
v 80.13963 -5.00626 -0.18159
v 78.89919 -4.88492 -0.08947
v 79.31949 -4.86219 -0.08232
v 80.53905 -5.15820 -0.28467
v 80.93111 -5.13704 -0.27550
v 80.53905 -4.98697 -0.17380
v 80.93111 -4.96803 -0.16629
v 81.31558 -5.11629 -0.26665
v 81.56702 -5.10271 -0.26094
v 81.31558 -4.94944 -0.15907
v 81.56702 -4.93728 -0.15442
v 81.69229 -5.09754 -0.25834
v 82.06104 -5.08231 -0.25077
v 81.69229 -4.93277 -0.15232
v 82.06104 -4.91947 -0.14622
v 82.42164 -5.22016 -0.34712
v 82.77390 -5.20384 -0.33870
v 82.42164 -5.06741 -0.24346
v 82.77390 -5.05285 -0.23643
v 82.42164 -4.90646 -0.14035
v 82.77390 -4.89375 -0.13472
v 77.52842 -4.75340 0.00891
v 77.59995 -4.75000 0.00991
v 78.03920 -4.72910 0.01592
v 78.47235 -4.70849 0.02166
v 78.47235 -3.92509 -0.34178
v 79.54772 -4.84985 -0.07851
v 78.89919 -4.68817 0.02715
v 79.31949 -4.66816 0.03239
v 79.54772 -4.65729 0.03517
v 79.73304 -4.84200 -0.07557
v 80.13963 -4.82476 -0.06923
v 79.73304 -4.65058 0.03731
v 80.13963 -4.63584 0.04192
v 78.89919 -3.91659 -0.33134
v 79.31949 -3.90820 -0.32121
v 79.54772 -3.90364 -0.31578
v 79.73304 -3.90176 -0.31166
v 80.13963 -3.89763 -0.30271
v 77.52842 -4.54041 0.12957
v 77.59995 -4.53749 0.13024
v 78.03920 -4.51952 0.13426
v 78.47235 -4.50181 0.13805
v 77.52842 -4.32078 0.24715
v 77.59995 -4.31835 0.24750
v 78.03920 -4.30342 0.24957
v 78.47235 -4.28870 0.25144
v 77.52842 -4.09476 0.35827
v 77.59995 -4.09284 0.35832
v 78.03920 -4.08105 0.35852
v 78.47235 -4.06942 0.35856
v 78.89919 -4.48435 0.14162
v 79.31949 -4.46716 0.14498
v 79.54772 -4.45783 0.14673
v 79.73304 -4.45230 0.14810
v 80.13963 -4.44016 0.15099
v 78.89919 -4.27420 0.25313
v 79.31949 -4.25993 0.25463
v 79.54772 -4.25218 0.25539
v 79.73304 -4.24787 0.25599
v 80.13963 -4.23841 0.25721
v 78.89919 -4.05798 0.35845
v 79.31949 -4.04671 0.35819
v 79.54772 -4.04060 0.35799
v 79.73304 -4.03755 0.35786
v 80.13963 -4.03086 0.35748
v 77.52842 -3.70669 -0.28817
v 77.59995 -3.70582 -0.28657
v 78.03920 -3.70045 -0.27684
v 77.52842 -3.46568 -0.21483
v 77.59995 -3.46536 -0.21344
v 78.03920 -3.46339 -0.20502
v 78.47235 -3.69514 -0.26740
v 78.47235 -3.46144 -0.19686
v 77.52842 -3.22173 -0.14583
v 77.59995 -3.22197 -0.14464
v 78.03920 -3.22345 -0.13746
v 78.47235 -3.22489 -0.13052
v 77.52842 -2.97578 -0.08151
v 77.59995 -2.97658 -0.08051
v 78.03920 -2.98154 -0.07451
v 78.47235 -2.98641 -0.06873
v 78.89919 -3.68989 -0.25826
v 79.31949 -3.68470 -0.24941
v 79.54772 -3.68188 -0.24467
v 78.89919 -3.45949 -0.18897
v 79.31949 -3.45757 -0.18134
v 79.54772 -3.45652 -0.17726
v 79.73304 -3.68134 -0.24108
v 80.13963 -3.68015 -0.23330
v 79.73304 -3.45734 -0.17418
v 80.13963 -3.45913 -0.16752
v 78.89919 -3.22630 -0.12382
v 79.31949 -3.22767 -0.11737
v 79.54772 -3.22842 -0.11392
v 78.89919 -2.99121 -0.06316
v 79.54772 -2.99848 -0.05496
v 79.31949 -2.99592 -0.05781
v 79.73304 -3.23062 -0.11133
v 80.13963 -3.23545 -0.10573
v 79.73304 -3.00207 -0.05283
v 80.13963 -3.00996 -0.04824
v 77.52842 -3.86366 0.46444
v 77.59995 -3.86226 0.46420
v 78.03920 -3.85368 0.46260
v 77.52842 -3.62831 0.56489
v 77.59995 -3.62744 0.56436
v 78.03920 -3.62214 0.56104
v 78.47235 -3.84523 0.46087
v 78.47235 -3.61693 0.55762
v 78.89919 -3.83691 0.45903
v 79.31949 -3.82873 0.45707
v 79.54772 -3.82430 0.45595
v 78.89919 -3.61181 0.55412
v 79.31949 -3.60678 0.55055
v 79.54772 -3.60405 0.54855
v 79.73304 -3.82254 0.45512
v 80.13963 -3.81868 0.45319
v 79.73304 -3.60361 0.54704
v 80.13963 -3.60264 0.54364
v 80.53905 -4.80783 -0.06315
v 80.93111 -4.79120 -0.05731
v 80.53905 -4.62136 0.04631
v 80.93111 -4.60715 0.05048
v 81.31558 -4.77489 -0.05173
v 81.56702 -4.76422 -0.04814
v 81.31558 -4.59321 0.05445
v 81.56702 -4.58409 0.05697
v 80.53905 -3.89356 -0.29405
v 80.93111 -3.88955 -0.28567
v 81.31558 -4.09040 -0.34677
v 81.31558 -3.88560 -0.27756
v 81.56702 -4.08603 -0.34080
v 81.56702 -3.88302 -0.27233
v 81.69229 -4.76039 -0.04655
v 82.06104 -4.74912 -0.04192
v 81.69229 -4.58098 0.05807
v 82.06104 -4.57182 0.06123
v 82.42164 -4.73809 -0.03749
v 82.77390 -4.72732 -0.03325
v 82.42164 -4.56287 0.06423
v 82.77390 -4.55412 0.06707
v 81.69229 -4.08516 -0.33791
v 81.69229 -3.88297 -0.26977
v 82.06104 -4.08259 -0.32949
v 82.06104 -3.88284 -0.26233
v 82.42164 -4.08006 -0.32136
v 82.42164 -3.88269 -0.25515
v 82.77390 -4.07758 -0.31351
v 82.77390 -3.88254 -0.24823
v 80.53905 -4.42823 0.15370
v 80.93111 -4.41652 0.15624
v 81.31558 -4.40504 0.15860
v 81.56702 -4.39754 0.16008
v 80.53905 -4.22912 0.25828
v 80.93111 -4.22000 0.25920
v 81.31558 -4.21107 0.25999
v 81.56702 -4.20522 0.26045
v 80.53905 -4.02429 0.35698
v 80.93111 -4.01784 0.35637
v 81.31558 -4.01153 0.35567
v 81.56702 -4.00741 0.35514
v 81.69229 -4.39517 0.16068
v 82.06104 -4.38821 0.16240
v 82.42164 -4.38140 0.16399
v 82.77390 -4.37476 0.16546
v 81.69229 -4.20363 0.26057
v 82.06104 -4.19893 0.26087
v 82.42164 -4.19435 0.26108
v 82.77390 -4.18987 0.26120
v 81.69229 -4.00661 0.35480
v 82.06104 -4.00425 0.35375
v 82.42164 -4.00195 0.35265
v 82.77390 -3.99972 0.35149
v 80.53905 -3.67896 -0.22577
v 80.93111 -3.67779 -0.21850
v 80.53905 -3.46089 -0.16109
v 80.93111 -3.46260 -0.15488
v 81.31558 -3.67663 -0.21148
v 81.56702 -3.67586 -0.20695
v 81.31558 -3.46428 -0.14890
v 81.56702 -3.46537 -0.14505
v 80.53905 -3.24019 -0.10034
v 80.93111 -3.24483 -0.09515
v 80.53905 -3.01771 -0.04384
v 80.93111 -3.02530 -0.03961
v 81.31558 -3.24937 -0.09017
v 81.56702 -3.25234 -0.08696
v 81.31558 -3.03274 -0.03556
v 81.56702 -3.03761 -0.03297
v 81.69229 -3.67667 -0.20472
v 82.06104 -3.67902 -0.19822
v 81.69229 -3.46703 -0.14313
v 82.06104 -3.47192 -0.13754
v 82.42164 -3.68131 -0.19196
v 82.77390 -3.68354 -0.18594
v 82.42164 -3.47668 -0.13216
v 82.77390 -3.48134 -0.12700
v 81.69229 -3.25487 -0.08533
v 82.06104 -3.26233 -0.08061
v 81.69229 -3.04102 -0.03162
v 82.06104 -3.05107 -0.02771
v 82.42164 -3.26961 -0.07607
v 82.77390 -3.27671 -0.07172
v 82.42164 -3.06088 -0.02397
v 82.77390 -3.07046 -0.02039
v 80.53905 -3.81490 0.45119
v 80.93111 -3.81119 0.44910
v 80.53905 -3.60171 0.54019
v 80.93111 -3.60080 0.53670
v 81.31558 -3.80757 0.44695
v 81.56702 -3.80521 0.44549
v 81.31558 -3.59992 0.53318
v 81.56702 -3.59935 0.53082
v 81.69229 -3.80522 0.44471
v 82.06104 -3.80526 0.44236
v 81.69229 -3.60020 0.52961
v 82.06104 -3.60268 0.52602
v 82.42164 -3.80531 0.43999
v 82.77390 -3.80537 0.43760
v 82.42164 -3.60513 0.52244
v 82.77390 -3.60753 0.51888
v 77.59995 -3.38925 0.65813
v 77.52842 -3.38957 0.65892
v 78.03920 -3.38729 0.65318
v 78.47235 -3.38537 0.64817
v 77.59995 -3.14860 0.74496
v 77.52842 -3.14837 0.74600
v 78.03920 -3.15001 0.73847
v 78.03920 -2.91074 0.81416
v 78.47235 -3.15143 0.73196
v 78.47235 -2.91553 0.80628
v 77.52842 -2.90512 0.82330
v 77.59995 -2.90591 0.82203
v 78.89919 -3.38350 0.64310
v 79.31949 -3.38167 0.63798
v 79.54772 -3.38068 0.63515
v 79.73304 -3.38158 0.63300
v 80.13963 -3.38356 0.62821
v 78.89919 -3.15285 0.72542
v 79.31949 -3.15426 0.71886
v 79.54772 -3.15504 0.71525
v 78.89919 -2.92028 0.79840
v 79.31949 -2.92498 0.79053
v 79.54772 -2.92754 0.78621
v 79.73304 -3.15729 0.71250
v 80.13963 -3.16225 0.70640
v 79.73304 -2.93116 0.78293
v 80.13963 -2.93913 0.77565
v 80.53905 -3.38551 0.62340
v 80.93111 -3.38745 0.61858
v 81.31558 -3.38936 0.61375
v 81.56702 -3.39061 0.61054
v 80.53905 -3.16713 0.70031
v 80.93111 -3.17194 0.69424
v 80.53905 -2.94698 0.76840
v 80.93111 -2.95470 0.76120
v 81.31558 -3.17668 0.68820
v 81.56702 -3.17978 0.68419
v 81.31558 -2.96229 0.75405
v 81.56702 -2.96726 0.74933
v 81.69229 -3.39230 0.60894
v 82.06104 -3.39728 0.60418
v 82.42164 -3.40215 0.59945
v 82.77390 -3.40693 0.59478
v 81.69229 -3.18232 0.68222
v 82.06104 -3.18982 0.67636
v 81.69229 -2.97067 0.74701
v 82.06104 -2.98071 0.74016
v 82.42164 -3.19716 0.67056
v 82.77390 -3.20434 0.66485
v 82.42164 -2.99054 0.73340
v 82.77390 -3.00016 0.72675
v 83.11765 -5.18791 -0.33057
v 83.45271 -5.17238 -0.32275
v 83.58632 -5.16618 -0.31966
v 83.77891 -5.16205 -0.31489
v 83.11765 -5.03863 -0.22967
v 83.45271 -5.02477 -0.22317
v 83.11765 -4.88134 -0.12932
v 83.45271 -4.86924 -0.12414
v 83.58632 -5.01924 -0.22060
v 83.77891 -5.01628 -0.21673
v 83.58632 -4.86442 -0.12209
v 83.77891 -4.86270 -0.11912
v 84.09608 -5.15523 -0.30711
v 84.40407 -5.14861 -0.29964
v 84.09608 -5.01140 -0.21043
v 84.40407 -5.00665 -0.20440
v 84.09608 -4.85986 -0.11429
v 84.40407 -4.85711 -0.10969
v 84.70270 -5.14218 -0.29250
v 84.99184 -5.13595 -0.28566
v 84.70270 -5.00205 -0.19863
v 84.99184 -4.99759 -0.19313
v 85.27132 -5.12992 -0.27912
v 85.54103 -5.12410 -0.27288
v 85.80080 -5.26194 -0.34851
v 85.60562 -5.12270 -0.27140
v 85.80080 -5.13798 -0.26261
v 85.27132 -4.99328 -0.18788
v 85.54103 -4.98911 -0.18289
v 85.60562 -4.98811 -0.18170
v 85.80080 -5.00681 -0.17529
v 84.70270 -4.85443 -0.10531
v 85.80080 -4.86863 -0.08849
v 88.22128 -5.86155 -0.34043
v 88.33055 -5.91557 -0.34820
v 88.39200 -5.93318 -0.34225
v 88.39200 -5.91615 -0.32735
v 88.33055 -5.89353 -0.32935
v 88.33055 -5.86763 -0.30755
v 88.39200 -5.89541 -0.30961
v 88.39200 -5.87104 -0.28911
v 88.39200 -5.84311 -0.26608
v 88.51499 -5.95141 -0.33552
v 88.51499 -5.94517 -0.33157
v 88.51499 -5.93738 -0.32668
v 88.51499 -5.92651 -0.31990
v 88.51499 -5.91261 -0.31128
v 88.51499 -5.89569 -0.30102
v 88.51499 -5.95988 -0.28917
v 88.51499 -5.95389 -0.28382
v 88.59007 -5.95053 -0.27888
v 88.51499 -5.94643 -0.27719
v 88.51499 -5.93600 -0.26801
v 88.59007 -5.93886 -0.27153
v 88.59007 -5.94534 -0.27559
v 88.59007 -5.92983 -0.26589
v 88.59007 -5.95757 -0.24034
v 88.59007 -5.95633 -0.23923
v 88.59007 -5.95259 -0.23590
v 88.51499 -5.92265 -0.25633
v 88.59007 -5.91827 -0.25873
v 88.51499 -5.90640 -0.24244
v 88.51499 -5.87582 -0.28916
v 88.51499 -5.85306 -0.27584
v 88.59007 -5.90420 -0.25020
v 88.59007 -5.88768 -0.24033
v 88.59007 -5.94638 -0.23038
v 88.59007 -5.93771 -0.22275
v 88.59007 -5.92661 -0.21304
v 88.59007 -5.91310 -0.20149
v 88.51499 -5.88730 -0.22637
v 88.59007 -5.86875 -0.22926
v 88.51499 -5.86540 -0.20834
v 88.59007 -5.84749 -0.21708
v 88.59007 -5.89721 -0.18814
v 88.65366 -5.94548 -0.22822
v 88.65366 -5.94870 -0.23026
v 88.65366 -5.94012 -0.22485
v 88.65366 -5.93263 -0.22018
v 88.65366 -5.92305 -0.21425
v 88.65366 -5.91140 -0.20718
v 88.65366 -5.95561 -0.19902
v 88.65366 -5.95149 -0.19533
v 88.65366 -5.94634 -0.19077
v 88.65366 -5.93916 -0.18445
v 88.65366 -5.92997 -0.17641
v 88.70573 -5.94827 -0.19114
v 88.70573 -5.94114 -0.18665
v 88.70573 -5.94559 -0.18945
v 88.70573 -5.92697 -0.17784
v 88.70573 -5.93492 -0.18277
v 88.65366 -5.89771 -0.19901
v 88.65366 -5.88204 -0.18983
v 88.65366 -5.86442 -0.17975
v 88.59007 -5.87901 -0.17314
v 88.59007 -5.85853 -0.15665
v 88.65366 -5.91877 -0.16684
v 88.65366 -5.90561 -0.15578
v 88.70573 -5.95400 -0.16520
v 88.70573 -5.95058 -0.16214
v 88.70573 -5.94630 -0.15835
v 88.70573 -5.94034 -0.15310
v 88.70573 -5.91729 -0.17198
v 88.70573 -5.90593 -0.16519
v 88.77522 -5.94833 -0.13938
v 88.77522 -5.93797 -0.13288
v 88.77522 -5.94573 -0.13774
v 88.77522 -5.95185 -0.12010
v 88.70573 -5.93270 -0.14643
v 88.70573 -5.92341 -0.13848
v 88.70573 -5.91248 -0.12930
v 88.77522 -5.92515 -0.12503
v 88.77522 -5.93219 -0.12930
v 88.77522 -5.91688 -0.12010
v 88.65366 -5.84493 -0.16883
v 88.70573 -5.89291 -0.15757
v 88.70573 -5.87828 -0.14920
v 88.65366 -5.89053 -0.14336
v 88.65366 -5.87356 -0.12970
v 88.70573 -5.89996 -0.11899
v 88.70573 -5.86210 -0.14013
v 88.70573 -5.84439 -0.13059
v 88.77522 -5.94625 -0.11512
v 88.77522 -5.94191 -0.11131
v 88.77522 -5.93636 -0.10645
v 88.77522 -5.90741 -0.11456
v 88.77522 -5.92959 -0.10068
v 88.77522 -5.92165 -0.09400
v 88.77522 -5.91254 -0.08650
v 88.65366 -5.85478 -0.11492
v 88.70573 -5.88587 -0.10765
v 88.77522 -5.89678 -0.10847
v 88.77522 -5.88501 -0.10187
v 88.70573 -5.87027 -0.09538
v 88.77522 -5.87213 -0.09493
v 88.77522 -5.90229 -0.07826
v 88.77522 -5.89095 -0.06933
v 88.77522 -5.87852 -0.05994
v 88.70573 -5.85318 -0.08246
v 88.77522 -5.85819 -0.08766
v 88.77522 -5.84325 -0.08012
v 88.77522 -5.86505 -0.05008
v 88.77522 -5.85060 -0.03985
v 87.14390 -5.44009 -0.34275
v 87.32266 -5.44829 -0.33122
v 87.32266 -5.35564 -0.26519
v 86.05051 -5.27734 -0.33443
v 86.29004 -5.29210 -0.32107
v 86.05051 -5.15752 -0.25151
v 86.29004 -5.17625 -0.24101
v 86.51926 -5.30622 -0.30843
v 86.51926 -5.19417 -0.23110
v 86.05051 -5.03072 -0.16723
v 86.29004 -5.05366 -0.15963
v 86.51926 -5.07560 -0.15249
v 86.73804 -5.31969 -0.29649
v 86.94629 -5.33250 -0.28524
v 87.14390 -5.34465 -0.27467
v 86.94629 -5.22754 -0.21298
v 86.73804 -5.21127 -0.22176
v 86.94629 -5.11648 -0.13953
v 87.14390 -5.24297 -0.20475
v 87.32266 -5.25693 -0.19738
v 87.14390 -5.13539 -0.13368
v 87.32266 -5.15250 -0.12847
v 87.32266 -4.86579 -0.32486
v 86.73804 -5.09655 -0.14579
v 86.05051 -4.89717 -0.08345
v 86.29004 -4.92453 -0.07875
v 86.51926 -4.95072 -0.07437
v 86.94629 -4.99951 -0.06654
v 86.73804 -4.97571 -0.07030
v 87.14390 -5.02208 -0.06305
v 87.32266 -5.04250 -0.05998
v 86.94629 -4.87718 0.00622
v 87.14390 -4.90358 0.00734
v 87.32266 -4.92748 0.00828
v 87.67185 -5.60136 -0.32519
v 87.96889 -5.76248 -0.34740
v 87.82592 -5.69093 -0.34041
v 87.82592 -5.63080 -0.29476
v 87.96889 -5.71267 -0.30809
v 87.96889 -5.65809 -0.26668
v 87.96889 -5.59897 -0.22325
v 87.50677 -5.49124 -0.30014
v 87.67185 -5.52974 -0.27249
v 87.50677 -5.40690 -0.24010
v 87.82592 -5.56566 -0.24687
v 87.96889 -5.43301 -0.32172
v 87.96889 -5.35918 -0.28717
v 87.67185 -5.45285 -0.21780
v 87.67185 -5.37094 -0.16164
v 87.82592 -5.49573 -0.19717
v 87.96889 -5.53551 -0.17818
v 87.82592 -5.42124 -0.14614
v 87.96889 -5.46790 -0.13190
v 88.10070 -5.81858 -0.34691
v 88.22128 -5.82874 -0.31337
v 88.10070 -5.77783 -0.31403
v 88.39200 -5.79472 -0.33356
v 88.33055 -5.74813 -0.33330
v 88.39200 -5.75862 -0.31333
v 88.22128 -5.79186 -0.28362
v 88.10070 -5.73270 -0.27843
v 88.22128 -5.75101 -0.25142
v 88.33055 -5.83794 -0.28308
v 88.33055 -5.80456 -0.25617
v 88.39200 -5.81169 -0.24077
v 88.39200 -5.71912 -0.29204
v 88.22128 -5.68308 -0.34388
v 88.22128 -5.63288 -0.31765
v 88.33055 -5.70615 -0.31067
v 88.10070 -5.68324 -0.24094
v 88.33055 -5.66072 -0.28695
v 88.39200 -5.67637 -0.26973
v 88.33055 -5.61201 -0.26236
v 88.39200 -5.63054 -0.24659
v 88.51499 -5.82749 -0.26120
v 88.51499 -5.79920 -0.24534
v 88.33055 -5.76759 -0.22704
v 88.39200 -5.77691 -0.21338
v 88.33055 -5.72707 -0.19637
v 88.39200 -5.73879 -0.18452
v 88.22128 -5.70624 -0.21751
v 88.22128 -5.65775 -0.18194
v 88.10070 -5.62968 -0.20162
v 88.22128 -5.60570 -0.14503
v 88.33055 -5.68319 -0.16420
v 88.39200 -5.69750 -0.15426
v 88.33055 -5.63609 -0.13081
v 88.39200 -5.65317 -0.12286
v 88.59007 -5.82397 -0.20390
v 88.51499 -5.84078 -0.18851
v 88.59007 -5.79822 -0.19003
v 88.51499 -5.76824 -0.22866
v 88.51499 -5.73475 -0.21117
v 88.51499 -5.81352 -0.16704
v 88.59007 -5.83586 -0.13881
v 88.51499 -5.78364 -0.14444
v 88.59007 -5.81101 -0.12002
v 88.59007 -5.77037 -0.17548
v 88.59007 -5.74050 -0.16041
v 88.51499 -5.75128 -0.12073
v 88.65366 -5.82361 -0.15734
v 88.65366 -5.80053 -0.14529
v 88.70573 -5.82523 -0.12059
v 88.65366 -5.77579 -0.13280
v 88.65366 -5.74946 -0.12000
v 88.51499 -5.69882 -0.19304
v 88.51499 -5.66060 -0.17445
v 88.59007 -5.70871 -0.14495
v 88.59007 -5.67512 -0.12926
v 88.51499 -5.62021 -0.15558
v 88.10070 -5.54266 -0.32159
v 88.22128 -5.57905 -0.29046
v 88.10070 -5.47937 -0.29077
v 88.22128 -5.52176 -0.26258
v 88.33055 -5.56017 -0.23713
v 88.10070 -5.41248 -0.25948
v 88.39200 -5.58177 -0.22287
v 88.33055 -5.50539 -0.21153
v 88.39200 -5.53022 -0.19878
v 88.10070 -5.57217 -0.16081
v 88.10070 -5.51091 -0.11891
v 88.39200 -5.47603 -0.17492
v 88.22128 -5.46123 -0.23428
v 88.22128 -5.39757 -0.20622
v 88.33055 -5.44779 -0.18616
v 88.39200 -5.41942 -0.15118
v 88.33055 -5.38763 -0.16092
v 88.39200 -5.36061 -0.12780
v 88.51499 -5.57773 -0.13687
v 88.51499 -5.53337 -0.11827
v 87.96889 -5.39637 -0.08487
v 88.39200 -5.60596 -0.09061
v 88.59007 -5.78410 -0.10031
v 88.59007 -5.75522 -0.07986
v 88.59007 -5.72445 -0.05885
v 88.65366 -5.83420 -0.09936
v 88.70573 -5.80469 -0.11022
v 88.70573 -5.78282 -0.09959
v 88.65366 -5.81191 -0.08304
v 88.65366 -5.78798 -0.06610
v 88.70573 -5.83467 -0.06891
v 88.77522 -5.82735 -0.07238
v 88.77522 -5.81054 -0.06453
v 88.65366 -5.72164 -0.10700
v 88.70573 -5.75972 -0.08880
v 88.70573 -5.73543 -0.07810
v 88.70573 -5.81480 -0.05484
v 88.77522 -5.79287 -0.05676
v 88.70573 -5.79363 -0.04040
v 88.77522 -5.83520 -0.02935
v 88.77522 -5.81891 -0.01868
v 88.77522 -5.80176 -0.00808
v 88.65366 -5.76248 -0.04870
v 88.65366 -5.73551 -0.03102
v 88.77522 -5.77442 -0.04902
v 88.77522 -5.75524 -0.04140
v 88.77522 -5.73542 -0.03395
v 88.70573 -5.77124 -0.02573
v 88.70573 -5.74765 -0.01115
v 88.51499 -5.71654 -0.09613
v 88.51499 -5.67954 -0.07087
v 88.59007 -5.63980 -0.11371
v 88.59007 -5.60292 -0.09824
v 88.65366 -5.69238 -0.09412
v 88.65366 -5.66182 -0.08131
v 88.70573 -5.71005 -0.06746
v 88.65366 -5.63007 -0.06869
v 88.59007 -5.69189 -0.03751
v 88.59007 -5.65760 -0.01631
v 88.51499 -5.64038 -0.04519
v 88.51499 -5.59915 -0.01969
v 88.70573 -5.68369 -0.05699
v 88.65366 -5.70711 -0.01346
v 88.77522 -5.71502 -0.02673
v 88.77522 -5.69410 -0.01995
v 88.77522 -5.67275 -0.01350
v 88.65366 -5.59725 -0.05636
v 88.70573 -5.65644 -0.04675
v 88.70573 -5.62839 -0.03681
v 88.77522 -5.65106 -0.00741
v 88.77522 -5.62912 -0.00172
v 88.70573 -5.59962 -0.02749
v 88.77522 -5.78382 0.00249
v 88.77522 -5.76516 0.01292
v 88.70573 -5.72299 0.00338
v 88.77522 -5.74584 0.02314
v 88.77522 -5.72594 0.03307
v 88.59007 -5.62175 0.00482
v 88.65366 -5.67741 0.00404
v 88.70573 -5.69734 0.01773
v 88.77522 -5.70548 0.04241
v 88.70573 -5.67078 0.03178
v 88.77522 -5.68458 0.05131
v 88.65366 -5.64651 0.02132
v 88.77522 -5.60701 0.00354
v 88.65366 -5.61453 0.03825
v 88.70573 -5.64341 0.04544
v 88.77522 -5.66331 0.05968
v 88.77522 -5.64176 0.06748
v 88.70573 -5.61528 0.05829
v 88.77522 -5.62000 0.07466
v 88.77522 -5.59808 0.08096
v 88.22128 -5.55026 -0.10712
v 88.22128 -5.49159 -0.06860
v 88.33055 -5.58591 -0.09653
v 88.33055 -5.53282 -0.06169
v 88.39200 -5.55601 -0.05784
v 88.33055 -5.47691 -0.02708
v 88.39200 -5.50340 -0.02528
v 88.10070 -5.44610 -0.07632
v 88.22128 -5.42981 -0.03033
v 88.10070 -5.37785 -0.03401
v 88.59007 -5.56459 -0.08301
v 88.51499 -5.48728 -0.09995
v 88.59007 -5.52497 -0.06812
v 88.59007 -5.48420 -0.05367
v 88.65366 -5.56348 -0.04439
v 88.70573 -5.57027 -0.01862
v 88.70573 -5.54045 -0.01025
v 88.65366 -5.52882 -0.03316
v 88.65366 -5.49348 -0.02248
v 88.70573 -5.51029 -0.00243
v 88.51499 -5.43963 -0.08205
v 88.51499 -5.39060 -0.06467
v 88.59007 -5.44237 -0.04012
v 88.59007 -5.39970 -0.02722
v 88.59007 -5.35635 -0.01505
v 88.65366 -5.45757 -0.01240
v 88.65366 -5.42124 -0.00298
v 88.22128 -5.36521 0.00781
v 88.33055 -5.41845 0.00742
v 88.39200 -5.44839 0.00716
v 88.33055 -5.35763 0.04149
v 88.39200 -5.39116 0.03921
v 88.59007 -5.58445 0.02569
v 88.51499 -5.55604 0.00573
v 88.59007 -5.54585 0.04613
v 88.51499 -5.51119 0.03083
v 88.77522 -5.58480 0.00825
v 88.77522 -5.56261 0.01253
v 88.77522 -5.54051 0.01633
v 88.65366 -5.58158 0.05470
v 88.77522 -5.51856 0.01951
v 88.70573 -5.47989 0.00480
v 88.77522 -5.49681 0.02177
v 88.77522 -5.47528 0.02282
v 88.59007 -5.50606 0.06600
v 88.65366 -5.54770 0.07018
v 88.70573 -5.58655 0.07052
v 88.77522 -5.57612 0.08657
v 88.70573 -5.55731 0.08204
v 88.77522 -5.55421 0.09141
v 88.65366 -5.51309 0.08491
v 88.65366 -5.47788 0.09878
v 88.70573 -5.52767 0.09276
v 88.77522 -5.53240 0.09530
v 88.77522 -5.51071 0.09794
v 88.77522 -5.48917 0.09892
v 88.70573 -5.49775 0.10263
v 88.51499 -5.46476 0.05542
v 88.70573 -5.44935 0.01128
v 88.77522 -5.45414 0.02306
v 88.70573 -5.41883 0.01717
v 88.77522 -5.43349 0.02257
v 88.77522 -5.41342 0.02145
v 88.65366 -5.38463 0.00573
v 88.70573 -5.38845 0.02241
v 88.77522 -5.39403 0.01982
v 88.70573 -5.35827 0.02677
v 88.77522 -5.37540 0.01764
v 88.77522 -5.35764 0.01522
v 88.59007 -5.46517 0.08468
v 88.51499 -5.41692 0.07932
v 88.59007 -5.42340 0.10247
v 88.51499 -5.36774 0.10180
v 88.65366 -5.44219 0.11170
v 88.77522 -5.46795 0.09868
v 88.77522 -5.44713 0.09731
v 88.70573 -5.46762 0.11131
v 88.77522 -5.42683 0.09492
v 88.77522 -5.38809 0.08715
v 88.77522 -5.36984 0.08205
v 88.77522 -5.35249 0.07640
v 88.77522 -5.40714 0.09160
v 87.67185 -5.23900 -0.35006
v 87.67185 -5.14493 -0.30852
v 87.82592 -5.30134 -0.31735
v 87.96889 -5.28155 -0.25292
v 87.82592 -5.21580 -0.27959
v 87.82592 -5.12646 -0.24204
v 87.50677 -5.31705 -0.17843
v 87.96889 -5.20047 -0.21886
v 87.96889 -5.11623 -0.18531
v 87.50677 -5.06896 -0.33971
v 87.67185 -5.04668 -0.26719
v 87.50677 -4.96117 -0.29434
v 87.67185 -4.94459 -0.22647
v 87.82592 -5.03362 -0.20504
v 87.96889 -5.02913 -0.15252
v 87.82592 -4.93764 -0.16888
v 87.96889 -4.93952 -0.12068
v 88.10070 -5.34215 -0.22847
v 88.22128 -5.33109 -0.17832
v 88.10070 -5.26870 -0.19763
v 88.22128 -5.26202 -0.15084
v 88.33055 -5.32513 -0.13607
v 88.10070 -5.19237 -0.16725
v 88.22128 -5.19060 -0.12399
v 88.10070 -5.11347 -0.13756
v 87.67185 -5.28428 -0.10456
v 87.50677 -5.22198 -0.11576
v 87.50677 -5.12185 -0.05348
v 87.67185 -5.19301 -0.04784
v 87.82592 -5.34242 -0.09427
v 87.82592 -5.25941 -0.04274
v 87.96889 -5.32104 -0.03813
v 87.96889 -5.24226 0.00844
v 87.82592 -5.17261 0.00863
v 87.96889 -5.16031 0.05445
v 87.50677 -5.01715 0.00859
v 87.67185 -5.09756 0.00869
v 87.67185 -4.99826 0.06453
v 87.50677 -4.90822 0.06991
v 87.82592 -5.08231 0.05937
v 87.82592 -4.98882 0.10906
v 87.96889 -5.07546 0.09951
v 88.39200 -5.29981 -0.10495
v 88.33055 -5.26050 -0.11178
v 88.39200 -5.23724 -0.08277
v 88.22128 -5.11712 -0.09791
v 88.33055 -5.19401 -0.08820
v 88.39200 -5.17305 -0.06197
v 88.33055 -5.12579 -0.06608
v 88.39200 -5.10758 -0.04216
v 88.51499 -5.34029 -0.04837
v 88.51499 -5.28898 -0.03285
v 88.59007 -5.31249 -0.00368
v 88.51499 -5.23685 -0.01821
v 88.51499 -5.18410 -0.00453
v 88.10070 -5.30647 0.00816
v 88.22128 -5.29800 0.04548
v 88.10070 -5.23222 0.04981
v 88.22128 -5.22843 0.08238
v 88.33055 -5.29467 0.07486
v 88.39200 -5.33192 0.07059
v 88.33055 -5.22980 0.10728
v 88.39200 -5.27088 0.10110
v 88.10070 -5.15535 0.09061
v 88.59007 -5.26830 0.00684
v 88.65366 -5.34786 0.01354
v 88.65366 -5.31110 0.02063
v 88.77522 -5.34086 0.01268
v 88.77522 -5.32512 0.01010
v 88.77522 -5.31052 0.00758
v 88.77522 -5.29712 0.00527
v 88.70573 -5.32837 0.02988
v 88.70573 -5.29877 0.03133
v 88.77522 -5.30661 0.05723
v 88.77522 -5.29363 0.05049
v 88.65366 -5.27450 0.02693
v 88.77522 -5.27424 0.00169
v 88.77522 -5.28501 0.00328
v 88.77522 -5.25695 -0.00000
v 88.77522 -5.26487 0.00059
v 88.77522 -5.24237 0.00281
v 88.77522 -5.24568 0.00114
v 88.77522 -5.25055 0.00022
v 88.77522 -5.24227 0.01415
v 88.77522 -5.24123 0.00846
v 88.77522 -5.24919 0.02036
v 88.77522 -5.24473 0.01568
v 88.77522 -5.25519 0.02565
v 88.65366 -5.23816 0.03219
v 88.70573 -5.26971 0.03165
v 88.77522 -5.27161 0.03747
v 88.77522 -5.26269 0.03144
v 88.77522 -5.28194 0.04386
v 88.70573 -5.24131 0.03098
v 88.77522 -5.33612 0.07033
v 88.77522 -5.32081 0.06396
v 88.59007 -5.22391 0.01627
v 88.59007 -5.17954 0.02483
v 88.51499 -5.13096 0.00812
v 88.59007 -5.13536 0.03244
v 88.70573 -5.18706 0.02721
v 88.65366 -5.20215 0.03593
v 88.65366 -5.16651 0.03769
v 88.70573 -5.21371 0.02945
v 88.70573 -5.16144 0.02422
v 88.70573 -5.13703 0.02090
v 88.70573 -5.11395 0.01740
v 88.65366 -5.13150 0.03808
v 88.70573 -5.15381 0.11282
v 88.70573 -5.10744 0.09671
v 88.70573 -5.12995 0.10506
v 88.22128 -5.04173 -0.07346
v 88.10070 -5.03228 -0.10873
v 88.33055 -5.05619 -0.04503
v 88.39200 -5.04106 -0.02348
v 88.33055 -4.98550 -0.02516
v 88.10070 -4.94897 -0.08169
v 88.22128 -4.96482 -0.05018
v 88.10070 -4.86399 -0.05595
v 88.22128 -4.88669 -0.02821
v 88.39200 -4.97376 -0.00602
v 88.33055 -4.91397 -0.00660
v 88.39200 -4.90594 0.01013
v 88.51499 -5.07757 0.01945
v 88.59007 -5.09149 0.03879
v 88.59007 -5.04801 0.04331
v 88.51499 -5.02421 0.02975
v 88.59007 -5.00499 0.04543
v 88.70573 -5.09231 0.01386
v 88.70573 -5.07223 0.01039
v 88.70573 -5.05381 0.00722
v 88.65366 -5.09730 0.03727
v 88.65366 -5.06407 0.03543
v 88.70573 -5.03716 0.00448
v 88.70573 -5.00947 0.00079
v 88.70573 -5.02236 0.00231
v 88.70573 -4.99858 -0.00002
v 88.70573 -4.97854 0.00385
v 88.70573 -4.98309 0.00156
v 88.70573 -4.98978 0.00029
v 88.70573 -4.97698 0.01163
v 88.70573 -4.98178 0.02156
v 88.70573 -4.98792 0.02799
v 88.65366 -5.03196 0.03273
v 88.65366 -5.00111 0.02913
v 88.70573 -5.01874 0.05152
v 88.70573 -4.99617 0.03527
v 88.70573 -5.00647 0.04323
v 88.70573 -5.04902 0.06943
v 88.70573 -5.06687 0.07870
v 88.70573 -5.08639 0.08796
v 88.70573 -5.03295 0.06032
v 88.51499 -4.97108 0.03891
v 88.59007 -4.96273 0.04591
v 88.51499 -4.91832 0.04655
v 88.59007 -4.92144 0.04494
v 88.59007 -4.88132 0.04272
v 88.51499 -4.86603 0.05199
v 88.65366 -4.97171 0.02514
v 88.65366 -4.94391 0.02092
v 88.65366 -4.91786 0.01666
v 88.65366 -4.89367 0.01249
v 88.65366 -4.87149 0.00867
v 88.65366 -4.93610 0.11649
v 88.65366 -4.86573 0.08363
v 88.65366 -4.88723 0.09479
v 88.65366 -4.91074 0.10594
v 88.59007 -5.38089 0.11922
v 88.70573 -5.43743 0.11902
v 88.65366 -5.40616 0.12359
v 88.65366 -5.36987 0.13404
v 88.70573 -5.40731 0.12568
v 88.70573 -5.37731 0.13103
v 87.67185 -4.89546 0.11923
v 87.96889 -4.98804 0.14331
v 87.82592 -4.89249 0.15737
v 87.96889 -4.89818 0.18453
v 88.22128 -5.15674 0.11824
v 88.33055 -5.16311 0.13780
v 88.39200 -5.20813 0.12979
v 88.39200 -5.14403 0.15711
v 88.51499 -5.31750 0.12319
v 88.59007 -5.33780 0.13482
v 88.59007 -5.29431 0.14918
v 88.51499 -5.26638 0.14334
v 88.59007 -5.25050 0.16180
v 88.65366 -5.33351 0.14333
v 88.70573 -5.34750 0.13467
v 88.70573 -5.31789 0.13601
v 88.70573 -5.28870 0.13568
v 88.65366 -5.29723 0.15135
v 88.70573 -5.26009 0.13381
v 88.70573 -5.23217 0.13052
v 88.65366 -5.26111 0.15780
v 88.65366 -5.22521 0.16218
v 88.51499 -5.21457 0.16211
v 88.59007 -5.20662 0.17302
v 88.70573 -5.20509 0.12596
v 88.70573 -5.17890 0.11984
v 88.65366 -5.18954 0.16380
v 88.65366 -5.15440 0.16341
v 88.65366 -5.11993 0.16115
v 88.59007 -5.16282 0.18271
v 88.51499 -5.16227 0.17939
v 88.51499 -5.10958 0.19457
v 88.59007 -5.11921 0.19049
v 88.10070 -5.07614 0.13026
v 88.22128 -5.08305 0.15198
v 88.10070 -4.99472 0.16757
v 88.33055 -5.09498 0.16684
v 88.22128 -5.00776 0.18410
v 88.39200 -5.07880 0.18284
v 88.33055 -5.02565 0.19420
v 88.39200 -5.01269 0.20680
v 88.22128 -4.93115 0.21436
v 88.10070 -4.91154 0.20309
v 88.33055 -4.95539 0.21967
v 88.39200 -4.94596 0.22885
v 88.65366 -5.08631 0.15719
v 88.65366 -5.05370 0.15170
v 88.65366 -5.02215 0.14434
v 88.65366 -4.99194 0.13589
v 88.59007 -5.07587 0.19579
v 88.51499 -5.05681 0.20806
v 88.59007 -5.03282 0.19774
v 88.59007 -4.99039 0.19727
v 88.51499 -5.00413 0.21972
v 88.65366 -4.96321 0.12654
v 88.59007 -4.94878 0.19455
v 88.51499 -4.95169 0.22909
v 88.59007 -4.90819 0.18977
v 88.59007 -4.86882 0.18314
v 88.22128 -4.85351 0.24253
v 88.33055 -4.88446 0.24312
v 88.39200 -4.87873 0.24823
v 88.51499 -4.89957 0.23546
v 83.11765 -4.71681 -0.02921
v 83.45271 -4.70656 -0.02536
v 83.58632 -4.70248 -0.02384
v 83.77891 -4.70205 -0.02177
v 83.11765 -4.54559 0.06976
v 83.45271 -4.53727 0.07230
v 83.58632 -4.53395 0.07329
v 83.77891 -4.53489 0.07447
v 84.09608 -4.70136 -0.01842
v 84.40407 -4.70069 -0.01524
v 84.09608 -4.53643 0.07636
v 84.40407 -4.53792 0.07811
v 83.11765 -4.07515 -0.30595
v 83.45271 -4.07277 -0.29866
v 83.11765 -3.88239 -0.24157
v 83.45271 -3.88223 -0.23516
v 83.58632 -4.07182 -0.29578
v 83.77891 -4.07682 -0.29130
v 83.58632 -3.88216 -0.23263
v 83.77891 -3.88871 -0.22874
v 84.09608 -4.26587 -0.34953
v 84.40407 -4.27144 -0.34153
v 84.09608 -4.08506 -0.28399
v 84.40407 -4.09304 -0.27698
v 84.09608 -3.89950 -0.22239
v 84.40407 -3.90996 -0.21632
v 84.70270 -4.70003 -0.01224
v 84.99184 -4.85184 -0.10114
v 84.99184 -4.69940 -0.00941
v 84.70270 -4.53937 0.07974
v 84.99184 -4.54078 0.08125
v 85.27132 -4.84933 -0.09718
v 85.54103 -4.84691 -0.09343
v 85.27132 -4.69879 -0.00674
v 85.54103 -4.69819 -0.00423
v 85.60562 -4.84633 -0.09254
v 85.60562 -4.69805 -0.00363
v 85.80080 -4.72413 -0.00195
v 85.27132 -4.54214 0.08264
v 85.54103 -4.54346 0.08392
v 85.60562 -4.54377 0.08422
v 85.80080 -4.57377 0.08356
v 84.70270 -4.27683 -0.33387
v 84.99184 -4.28204 -0.32653
v 84.70270 -4.10077 -0.27027
v 84.99184 -4.10825 -0.26384
v 84.70270 -3.92010 -0.21051
v 84.99184 -3.92991 -0.20496
v 85.27132 -4.28707 -0.31950
v 85.54103 -4.29191 -0.31280
v 85.27132 -4.11547 -0.25771
v 85.54103 -4.12243 -0.25186
v 85.60562 -4.29307 -0.31120
v 85.80080 -4.32976 -0.30132
v 85.60562 -4.12410 -0.25046
v 85.80080 -4.16511 -0.24219
v 85.27132 -3.93938 -0.19967
v 85.54103 -3.94852 -0.19463
v 85.80080 -3.99616 -0.18667
v 85.60562 -3.95071 -0.19343
v 83.11765 -4.36827 0.16681
v 83.45271 -4.36196 0.16805
v 83.58632 -4.35944 0.16852
v 83.77891 -4.36178 0.16883
v 84.09608 -4.36563 0.16927
v 84.40407 -4.36938 0.16963
v 83.11765 -4.18551 0.26125
v 83.45271 -4.18126 0.26122
v 83.58632 -4.17957 0.26118
v 83.77891 -4.18336 0.26063
v 83.11765 -3.99754 0.35029
v 83.45271 -3.99543 0.34905
v 83.58632 -3.99459 0.34853
v 83.77891 -3.99987 0.34716
v 84.09608 -4.18960 0.25966
v 84.40407 -4.19567 0.25865
v 84.09608 -4.00858 0.34485
v 84.40407 -4.01704 0.34254
v 84.70270 -4.37301 0.16990
v 84.99184 -4.37654 0.17010
v 85.27132 -4.37995 0.17024
v 85.54103 -4.38324 0.17031
v 85.60562 -4.38403 0.17032
v 85.80080 -4.41809 0.16737
v 84.70270 -4.20156 0.25760
v 84.99184 -4.20727 0.25653
v 84.70270 -4.02526 0.34024
v 84.99184 -4.03322 0.33796
v 85.27132 -4.21279 0.25543
v 85.54103 -4.21812 0.25432
v 85.80080 -4.25766 0.24886
v 85.60562 -4.21940 0.25405
v 85.27132 -4.04091 0.33569
v 85.54103 -4.04835 0.33345
v 85.60562 -4.05013 0.33291
v 85.80080 -4.09271 0.32561
v 85.54103 -3.87486 0.40885
v 85.27132 -3.86528 0.41217
v 85.60562 -3.87716 0.40805
v 85.80080 -3.92415 0.39874
v 83.11765 -3.68571 -0.18015
v 83.45271 -3.68781 -0.17459
v 83.58632 -3.68865 -0.17239
v 83.77891 -3.69678 -0.16907
v 83.11765 -3.48587 -0.12204
v 84.09608 -3.71018 -0.16365
v 84.40407 -3.72317 -0.15848
v 83.45271 -3.49028 -0.11729
v 83.77891 -3.50178 -0.11263
v 83.58632 -3.49203 -0.11542
v 84.09608 -3.51782 -0.10811
v 84.40407 -3.53340 -0.10379
v 83.11765 -3.28364 -0.06756
v 83.45271 -3.29038 -0.06358
v 83.58632 -3.29307 -0.06202
v 83.77891 -3.30445 -0.05974
v 83.11765 -3.07980 -0.01698
v 83.45271 -3.08891 -0.01373
v 83.58632 -3.09253 -0.01246
v 83.77891 -3.10556 -0.01067
v 83.11765 -2.87500 0.02858
v 83.45271 -2.88647 0.03116
v 83.58632 -2.89104 0.03217
v 83.77891 -2.90572 0.03351
v 84.09608 -3.32318 -0.05606
v 84.09608 -3.12700 -0.00778
v 84.40407 -3.34136 -0.05256
v 84.40407 -3.14781 -0.00504
v 84.09608 -2.92989 0.03568
v 84.40407 -2.95335 0.03770
v 84.70270 -3.73577 -0.15354
v 84.99184 -3.74796 -0.14883
v 85.27132 -3.75974 -0.14435
v 85.54103 -3.77109 -0.14008
v 85.60562 -3.77381 -0.13907
v 85.80080 -3.82379 -0.13377
v 84.70270 -3.54849 -0.09969
v 84.99184 -3.56310 -0.09578
v 84.99184 -3.37605 -0.04609
v 85.80080 -3.64867 -0.08378
v 85.27132 -3.57722 -0.09207
v 85.54103 -3.59083 -0.08855
v 85.27132 -3.39253 -0.04311
v 85.54103 -3.40844 -0.04030
v 85.60562 -3.59410 -0.08771
v 85.60562 -3.41225 -0.03963
v 85.80080 -3.47148 -0.03700
v 84.70270 -3.35899 -0.04924
v 84.70270 -3.16799 -0.00246
v 84.99184 -3.18753 -0.00003
v 84.70270 -2.97610 0.03961
v 84.99184 -2.99812 0.04139
v 85.27132 -3.20640 0.00226
v 85.54103 -3.22462 0.00442
v 85.80080 -3.29291 0.00636
v 85.60562 -3.22898 0.00493
v 85.27132 -3.01940 0.04305
v 85.54103 -3.03994 0.04460
v 85.60562 -3.04485 0.04496
v 85.80080 -3.11350 0.04530
v 85.80080 -2.93418 0.08078
v 83.11765 -3.80543 0.43520
v 83.45271 -3.80550 0.43279
v 83.58632 -3.80553 0.43181
v 83.77891 -3.81235 0.42966
v 83.77891 -3.62148 0.50750
v 83.11765 -3.60988 0.51533
v 83.45271 -3.61218 0.51182
v 83.58632 -3.61310 0.51040
v 83.58632 -3.41800 0.58375
v 83.77891 -3.42796 0.58015
v 84.09608 -3.82358 0.42606
v 84.40407 -3.83450 0.42251
v 84.09608 -3.63528 0.50268
v 84.40407 -3.64869 0.49794
v 84.09608 -3.44437 0.57418
v 84.40407 -3.46033 0.56832
v 84.70270 -3.84509 0.41900
v 84.99184 -3.85535 0.41555
v 84.70270 -3.66171 0.49329
v 84.99184 -3.67432 0.48873
v 84.70270 -3.47581 0.56259
v 84.99184 -3.49080 0.55700
v 85.80080 -3.75261 0.46768
v 85.27132 -3.68652 0.48428
v 85.54103 -3.69830 0.47994
v 85.60562 -3.70112 0.47889
v 85.27132 -3.50531 0.55154
v 85.54103 -3.51932 0.54624
v 85.60562 -3.52267 0.54496
v 85.80080 -3.57871 0.53196
v 86.51926 -4.60927 -0.32058
v 86.05051 -4.53132 -0.34755
v 86.29004 -4.57116 -0.33369
v 86.05051 -4.37669 -0.28882
v 86.29004 -4.42168 -0.27698
v 86.51926 -4.46473 -0.26579
v 86.94629 -4.81113 -0.34888
v 86.73804 -4.64563 -0.30818
v 86.94629 -4.68023 -0.29651
v 87.14390 -4.83983 -0.33622
v 87.32266 -4.74273 -0.27571
v 87.14390 -4.71305 -0.28554
v 87.32266 -4.61550 -0.22767
v 86.73804 -4.50580 -0.25524
v 86.94629 -4.54489 -0.24532
v 87.14390 -4.58197 -0.23600
v 86.73804 -4.36192 -0.20381
v 86.94629 -4.40563 -0.19559
v 87.32266 -4.48459 -0.18101
v 87.14390 -4.44709 -0.18789
v 86.05051 -4.75749 0.00008
v 86.29004 -4.78949 0.00189
v 86.05051 -4.61216 0.08261
v 86.29004 -4.64898 0.08157
v 86.51926 -4.82011 0.00351
v 86.51926 -4.68423 0.08046
v 86.73804 -4.84935 0.00495
v 86.94629 -4.74991 0.07811
v 86.73804 -4.71787 0.07930
v 87.14390 -4.78030 0.07689
v 87.32266 -4.80781 0.07572
v 86.29004 -4.26787 -0.22188
v 86.05051 -4.21757 -0.23175
v 86.51926 -4.31600 -0.21257
v 86.51926 -4.16338 -0.16262
v 86.05051 -4.05429 -0.17817
v 86.29004 -4.11004 -0.17015
v 86.05051 -3.88772 -0.12711
v 86.29004 -3.94903 -0.12087
v 86.94629 -4.26273 -0.14892
v 86.73804 -4.21429 -0.15554
v 87.14390 -4.30869 -0.14274
v 87.32266 -4.35026 -0.13723
v 86.51926 -4.00769 -0.11503
v 86.94629 -4.11695 -0.10447
v 87.14390 -4.16750 -0.09974
v 87.32266 -4.21323 -0.09553
v 86.73804 -4.06367 -0.10956
v 86.73804 -3.91066 -0.06615
v 86.94629 -3.96886 -0.06250
v 87.14390 -4.02407 -0.05914
v 87.32266 -4.07402 -0.05618
v 87.14390 -3.87895 -0.02117
v 87.32266 -3.93317 -0.01937
v 87.50677 -4.84917 -0.24964
v 87.50677 -4.73337 -0.20595
v 87.67185 -4.83904 -0.18668
v 87.67185 -4.73044 -0.14804
v 87.50677 -4.61422 -0.16352
v 87.82592 -4.83889 -0.13377
v 87.50677 -4.49196 -0.12371
v 87.67185 -4.61900 -0.11179
v 87.82592 -4.73756 -0.10083
v 87.96889 -4.84757 -0.09081
v 87.96889 -4.75377 -0.06238
v 87.82592 -4.63419 -0.06947
v 87.96889 -4.65848 -0.03554
v 87.67185 -4.50533 -0.07727
v 87.50677 -4.36724 -0.08581
v 87.67185 -4.38985 -0.04470
v 87.82592 -4.52918 -0.03988
v 87.96889 -4.56207 -0.01046
v 87.82592 -4.42294 -0.01221
v 87.96889 -4.46491 0.01275
v 87.96889 -4.36732 0.03355
v 88.22128 -4.80765 -0.00768
v 88.10070 -4.77767 -0.03166
v 88.10070 -4.69032 -0.00896
v 88.33055 -4.84189 0.01058
v 88.39200 -4.83782 0.02460
v 88.33055 -4.76949 0.02596
v 88.39200 -4.76973 0.03774
v 88.22128 -4.72799 0.01132
v 88.22128 -4.64797 0.02833
v 88.33055 -4.69712 0.03994
v 88.39200 -4.70193 0.04944
v 88.33055 -4.62506 0.05238
v 88.39200 -4.63462 0.05919
v 88.59007 -4.84257 0.03946
v 88.59007 -4.80532 0.03512
v 88.51499 -4.81429 0.05454
v 88.59007 -4.73627 0.02522
v 88.59007 -4.76983 0.03030
v 88.51499 -4.76347 0.05512
v 88.65366 -4.85144 0.00538
v 88.65366 -4.83361 0.00277
v 88.65366 -4.81810 0.00094
v 88.65366 -4.79438 0.00034
v 88.65366 -4.80497 -0.00003
v 88.65366 -4.79214 0.03372
v 88.65366 -4.80207 0.04248
v 88.65366 -4.81449 0.05207
v 88.65366 -4.78085 0.00464
v 88.65366 -4.78632 0.00187
v 88.65366 -4.77896 0.01400
v 88.65366 -4.78474 0.02597
v 88.65366 -4.78068 0.02344
v 88.65366 -4.84637 0.07265
v 88.65366 -4.82926 0.06206
v 88.59007 -4.70482 0.02007
v 88.59007 -4.67562 0.01504
v 88.51499 -4.71382 0.05396
v 88.59007 -4.64885 0.01043
v 88.59007 -4.62464 0.00647
v 88.51499 -4.66557 0.05129
v 88.51499 -4.61896 0.04738
v 88.59007 -4.66785 0.11445
v 88.59007 -4.64190 0.10097
v 88.59007 -4.61854 0.08772
v 88.10070 -4.60231 0.01205
v 88.22128 -4.56800 0.04380
v 88.10070 -4.51389 0.03087
v 88.22128 -4.48837 0.05756
v 88.33055 -4.55352 0.06276
v 88.39200 -4.56789 0.06614
v 88.33055 -4.48260 0.07015
v 88.39200 -4.50187 0.06941
v 88.10070 -4.42552 0.04798
v 88.22128 -4.40929 0.06904
v 88.39200 -4.43702 0.07015
v 88.33055 -4.41242 0.07363
v 88.39200 -4.37366 0.06867
v 88.59007 -4.60311 0.00331
v 88.59007 -4.58439 0.00111
v 88.59007 -4.56854 -0.00006
v 88.59007 -4.54603 0.00225
v 88.59007 -4.55575 0.00039
v 88.51499 -4.57416 0.04216
v 88.59007 -4.54413 0.03136
v 88.59007 -4.55306 0.04072
v 88.59007 -4.56506 0.05129
v 88.59007 -4.53942 0.00559
v 88.59007 -4.53715 0.01690
v 88.59007 -4.53923 0.02830
v 88.51499 -4.53148 0.03637
v 88.51499 -4.49113 0.03026
v 88.59007 -4.58004 0.06287
v 88.59007 -4.59788 0.07493
v 88.51499 -4.45330 0.02408
v 88.51499 -4.41819 0.01803
v 88.51499 -4.38599 0.01250
v 87.50677 -4.24054 -0.05003
v 87.67185 -4.27301 -0.01423
v 87.50677 -4.11235 -0.01657
v 87.67185 -4.15527 0.01396
v 87.82592 -4.31588 0.01340
v 87.96889 -4.26977 0.05246
v 87.82592 -4.20832 0.03634
v 87.96889 -4.17265 0.06929
v 87.67185 -4.03698 0.03923
v 87.50677 -3.98317 0.01440
v 87.67185 -3.91876 0.06220
v 87.82592 -4.10083 0.05721
v 87.82592 -3.99379 0.07579
v 87.96889 -4.07620 0.08334
v 87.82592 -3.88750 0.09130
v 87.96889 -3.98061 0.09337
v 87.96889 -3.88601 0.09813
v 88.10070 -4.33753 0.06321
v 88.22128 -4.33092 0.07723
v 88.10070 -4.25016 0.07591
v 88.22128 -4.25337 0.08109
v 88.33055 -4.34350 0.07443
v 88.39200 -4.31210 0.06528
v 88.33055 -4.27616 0.07286
v 88.39200 -4.25262 0.06030
v 88.39200 -4.19546 0.05365
v 88.39200 -4.14099 0.04627
v 88.22128 -4.17719 0.08199
v 88.10070 -4.16356 0.08498
v 88.33055 -4.21072 0.06927
v 88.33055 -4.14751 0.06398
v 88.51499 -4.35687 0.00773
v 88.51499 -4.33099 0.00395
v 88.51499 -4.30847 0.00131
v 88.51499 -4.28941 -0.00010
v 88.51499 -4.27403 0.00045
v 88.51499 -4.25439 0.00671
v 88.51499 -4.26234 0.00269
v 88.51499 -4.25166 0.02032
v 88.51499 -4.27080 0.04898
v 88.51499 -4.25417 0.03403
v 88.51499 -4.26006 0.03772
v 88.51499 -4.25333 0.03898
v 88.51499 -4.30326 0.07563
v 88.51499 -4.34955 0.10551
v 88.51499 -4.32470 0.09014
v 88.51499 -4.28523 0.06170
v 88.33055 -4.08675 0.05692
v 88.39200 -4.08950 0.03849
v 88.39200 -3.99643 0.02290
v 88.33055 -4.02886 0.04909
v 88.39200 -4.04124 0.03061
v 88.22128 -4.10277 0.08028
v 88.10070 -4.07786 0.08927
v 88.22128 -4.03045 0.07633
v 88.10070 -3.99369 0.09028
v 88.39200 -3.95534 0.01585
v 88.33055 -3.97413 0.04082
v 88.33055 -3.87520 0.02428
v 88.39200 -3.91819 0.00978
v 88.39200 -3.88516 0.00496
v 88.33055 -3.92283 0.03246
v 88.22128 -3.96058 0.07050
v 88.22128 -3.89343 0.06272
v 88.10070 -3.91145 0.08841
v 88.39200 -3.87718 0.11506
v 86.29004 -4.50351 0.15964
v 86.05051 -4.46169 0.16348
v 86.51926 -4.54354 0.15586
v 86.51926 -4.39856 0.22916
v 86.94629 -4.61814 0.14853
v 87.14390 -4.65267 0.14502
v 87.32266 -4.68391 0.14178
v 86.73804 -4.58176 0.15215
v 86.94629 -4.48236 0.21700
v 86.73804 -4.44149 0.22297
v 87.14390 -4.52115 0.21125
v 87.32266 -4.55625 0.20600
v 87.14390 -4.38595 0.27360
v 87.32266 -4.42501 0.26644
v 86.05051 -4.30662 0.24212
v 86.29004 -4.35360 0.23555
v 86.05051 -4.14719 0.31618
v 86.29004 -4.19947 0.30703
v 86.51926 -4.24951 0.29818
v 86.73804 -4.29729 0.28965
v 86.94629 -4.34277 0.28145
v 86.94629 -4.20015 0.34283
v 87.14390 -4.24780 0.33297
v 87.32266 -4.29092 0.32400
v 86.29004 -4.04198 0.37512
v 86.05051 -3.98428 0.38673
v 86.29004 -3.88171 0.43930
v 86.51926 -4.09721 0.36392
v 86.51926 -3.94222 0.42588
v 86.73804 -4.14994 0.35315
v 87.32266 -4.15446 0.37823
v 86.94629 -4.05501 0.40067
v 86.73804 -4.00000 0.41300
v 86.94629 -3.90789 0.45458
v 87.14390 -4.10722 0.38891
v 87.32266 -4.01615 0.42876
v 87.14390 -3.96472 0.44105
v 87.32266 -3.87652 0.47529
v 87.50677 -4.79545 0.12997
v 87.67185 -4.78954 0.17239
v 87.50677 -4.67924 0.18836
v 87.67185 -4.68065 0.22243
v 87.82592 -4.79347 0.20283
v 87.96889 -4.80637 0.22376
v 87.82592 -4.69230 0.24610
v 87.96889 -4.71294 0.26072
v 87.96889 -4.61825 0.29515
v 87.50677 -4.55978 0.24331
v 87.67185 -4.56940 0.27007
v 87.50677 -4.43773 0.29563
v 87.67185 -4.45618 0.31495
v 87.82592 -4.58935 0.28687
v 87.82592 -4.48500 0.32485
v 87.96889 -4.52265 0.32685
v 88.59007 -4.83074 0.17426
v 88.59007 -4.79427 0.16406
v 88.59007 -4.75958 0.15277
v 88.59007 -4.72685 0.14064
v 88.59007 -4.69625 0.12791
v 88.51499 -4.69792 0.22824
v 88.51499 -4.65057 0.22027
v 88.10070 -4.82689 0.23654
v 88.10070 -4.74111 0.26770
v 88.22128 -4.77512 0.26847
v 88.33055 -4.81301 0.26373
v 88.39200 -4.81139 0.26546
v 88.33055 -4.74144 0.28206
v 88.39200 -4.74418 0.28035
v 88.22128 -4.69617 0.29127
v 88.39200 -4.67727 0.29232
v 88.10070 -4.65450 0.29639
v 88.22128 -4.61707 0.31154
v 88.33055 -4.67001 0.29789
v 88.39200 -4.61076 0.30045
v 88.51499 -4.84779 0.23781
v 88.51499 -4.79677 0.23725
v 88.51499 -4.74673 0.23398
v 88.51499 -4.56090 0.19732
v 88.51499 -4.60477 0.20958
v 88.51499 -4.51919 0.18375
v 88.51499 -4.47982 0.16916
v 88.51499 -4.44302 0.15385
v 88.51499 -4.40887 0.13766
v 88.51499 -4.37766 0.12145
v 88.10070 -4.56726 0.32160
v 88.22128 -4.53813 0.32906
v 88.33055 -4.59889 0.31062
v 88.39200 -4.54469 0.30346
v 88.33055 -4.52821 0.31928
v 88.10070 -4.47986 0.34403
v 88.22128 -4.45954 0.34314
v 88.39200 -4.47958 0.30275
v 88.33055 -4.45798 0.32248
v 88.39200 -4.41573 0.29859
v 88.33055 -4.38878 0.32174
v 87.82592 -4.37966 0.35982
v 87.96889 -4.42636 0.35471
v 88.10070 -4.39264 0.36341
v 88.22128 -4.38142 0.35273
v 87.50677 -4.31353 0.34493
v 88.39200 -4.35344 0.29128
v 88.39200 -4.29302 0.28111
v 88.33055 -4.32091 0.31733
v 88.33055 -4.25471 0.30956
v 88.39200 -4.17860 0.25183
v 88.39200 -4.23458 0.26748
v 88.39200 -4.12536 0.23452
v 88.33055 -4.12837 0.28428
v 88.22128 -4.15232 0.35063
v 88.33055 -4.19049 0.29876
v 88.39200 -4.07513 0.21590
v 88.39200 -4.02816 0.19637
v 88.39200 -3.94476 0.15503
v 88.39200 -3.90889 0.13468
v 88.39200 -3.98458 0.17571
v 88.33055 -3.95890 0.22948
v 88.33055 -3.90897 0.20871
v 88.33055 -4.06887 0.26765
v 88.33055 -4.01229 0.24926
v 88.22128 -4.07915 0.34205
v 88.22128 -4.00817 0.33014
v 88.22128 -3.93952 0.31414
v 88.22128 -3.87376 0.29578
v 87.67185 -4.34144 0.35677
v 87.50677 -4.18764 0.39086
v 87.67185 -4.22560 0.39526
v 87.82592 -4.27354 0.39056
v 87.96889 -4.32989 0.37950
v 87.96889 -4.23361 0.40092
v 87.82592 -4.16724 0.41792
v 87.96889 -4.13775 0.41816
v 87.50677 -4.06055 0.43315
v 87.67185 -4.10890 0.42912
v 87.67185 -3.99200 0.45925
v 87.82592 -4.06114 0.44155
v 87.96889 -4.04247 0.42990
v 87.82592 -3.95550 0.46058
v 87.96889 -3.94781 0.43430
v 87.50677 -3.93252 0.47035
v 87.67185 -3.87531 0.48528
v 88.10070 -4.30579 0.37900
v 88.22128 -4.30381 0.35629
v 88.22128 -4.22732 0.35549
v 88.10070 -4.21948 0.38962
v 88.10070 -4.13372 0.39357
v 88.10070 -4.04920 0.39270
v 88.10070 -3.96632 0.38735
v 88.10070 -3.88547 0.37790
v 86.29004 -3.78545 -0.07432
v 86.05051 -3.71849 -0.07888
v 86.29004 -3.61993 -0.03076
v 86.51926 -3.84952 -0.07008
v 86.51926 -3.68948 -0.02803
v 86.05051 -3.54726 -0.03375
v 86.05051 -3.37469 0.00807
v 86.29004 -3.45313 0.00959
v 86.51926 -3.52819 0.01092
v 86.73804 -3.75585 -0.02553
v 86.94629 -3.81902 -0.02325
v 86.94629 -3.66801 0.01310
v 87.32266 -3.79123 0.01470
v 87.14390 -3.73271 0.01398
v 87.32266 -3.64864 0.04525
v 86.73804 -3.59983 0.01209
v 86.94629 -3.51631 0.04571
v 86.73804 -3.44309 0.04584
v 87.14390 -3.58579 0.04551
v 87.32266 -3.50612 0.07304
v 87.14390 -3.43894 0.07419
v 86.29004 -3.28555 0.04581
v 86.05051 -3.20132 0.04562
v 86.51926 -3.36616 0.04588
v 86.51926 -3.20420 0.07770
v 86.05051 -3.02803 0.07982
v 86.29004 -3.11806 0.07879
v 86.29004 -2.95127 0.10823
v 86.51926 -3.04294 0.10609
v 86.73804 -3.28643 0.07656
v 86.94629 -3.36469 0.07538
v 86.73804 -3.13043 0.10396
v 86.94629 -3.21371 0.10184
v 87.14390 -3.29272 0.09976
v 87.32266 -3.36421 0.09781
v 87.50677 -3.85339 0.04216
v 87.67185 -3.80105 0.08267
v 87.50677 -3.72368 0.06741
v 87.67185 -3.68416 0.09976
v 87.82592 -3.78215 0.10239
v 87.96889 -3.79310 0.09927
v 87.82592 -3.67790 0.10766
v 87.96889 -3.70231 0.09724
v 87.50677 -3.59453 0.08991
v 87.67185 -3.56830 0.11199
v 87.50677 -3.46628 0.10870
v 87.82592 -3.57550 0.10895
v 87.96889 -3.61409 0.09246
v 87.96889 -3.52887 0.08541
v 87.82592 -3.47545 0.10673
v 87.82592 -3.37822 0.10150
v 87.96889 -3.44696 0.07595
v 87.96889 -3.36891 0.06546
v 88.22128 -3.82946 0.05407
v 88.22128 -3.76897 0.04496
v 88.33055 -3.83153 0.01679
v 88.39200 -3.85642 0.00160
v 88.39200 -3.83211 -0.00017
v 88.39200 -3.81249 0.00054
v 88.33055 -3.79204 0.01035
v 88.33055 -3.75694 0.00523
v 88.39200 -3.79757 0.00340
v 88.39200 -3.78743 0.00854
v 88.39200 -3.78395 0.02592
v 88.39200 -3.78715 0.04344
v 88.39200 -3.79468 0.04815
v 88.39200 -3.78608 0.04974
v 88.10070 -3.83154 0.08406
v 88.10070 -3.75434 0.07765
v 88.39200 -3.80838 0.06252
v 88.39200 -3.82680 0.07877
v 88.39200 -3.84981 0.09654
v 88.22128 -3.71227 0.03573
v 88.22128 -3.65963 0.02670
v 88.33055 -3.72640 0.00167
v 88.33055 -3.70056 -0.00021
v 88.33055 -3.67970 0.00055
v 88.33055 -3.66384 0.00360
v 88.33055 -3.65307 0.00907
v 88.33055 -3.64937 0.02754
v 88.33055 -3.65278 0.04617
v 88.33055 -3.66078 0.05118
v 88.33055 -3.65164 0.05287
v 88.10070 -3.68013 0.06906
v 88.33055 -3.69493 0.08373
v 88.33055 -3.71939 0.10262
v 88.33055 -3.67535 0.06646
v 88.22128 -3.61137 0.01845
v 88.22128 -3.56772 0.01134
v 88.22128 -3.52893 0.00570
v 88.22128 -3.49518 0.00178
v 88.10070 -3.54260 0.04948
v 88.10070 -3.60944 0.05953
v 88.22128 -3.46662 -0.00029
v 88.22128 -3.44357 0.00057
v 88.10070 -3.47994 0.03931
v 88.22128 -3.42605 0.00395
v 88.22128 -3.41415 0.01001
v 88.10070 -3.42178 0.02935
v 88.22128 -3.41006 0.03043
v 88.22128 -3.42268 0.05658
v 88.22128 -3.41384 0.05103
v 88.22128 -3.43879 0.07347
v 88.22128 -3.48747 0.11344
v 88.22128 -3.46043 0.09255
v 88.22128 -3.41258 0.05843
v 87.67185 -3.12405 0.11115
v 87.96889 -3.29513 0.05439
v 87.82592 -3.28430 0.09375
v 87.96889 -3.22596 0.04318
v 87.96889 -3.16176 0.03221
v 87.82592 -3.19402 0.08337
v 87.96889 -2.92632 -0.00051
v 87.67185 -3.02076 0.10267
v 87.67185 -2.92146 0.09128
v 87.96889 -3.10288 0.02219
v 87.96889 -3.04964 0.01357
v 87.96889 -3.00232 0.00673
v 87.82592 -3.10801 0.07183
v 87.82592 -3.02669 0.05966
v 87.82592 -2.95047 0.04734
v 87.82592 -2.87970 0.03528
v 87.96889 -2.96115 0.00198
v 87.96889 -2.89821 0.00057
v 87.96889 -2.87684 0.00473
v 87.96889 -2.91886 0.11295
v 87.96889 -2.89245 0.08966
v 88.10070 -3.20850 -0.00039
v 88.10070 -3.36844 0.02025
v 88.10070 -3.32022 0.01242
v 88.10070 -3.27735 0.00620
v 88.10070 -3.24005 0.00188
v 88.10070 -3.18303 0.00058
v 88.10070 -3.16367 0.00433
v 88.10070 -3.15052 0.01103
v 88.10070 -3.14601 0.03361
v 88.10070 -3.15019 0.05639
v 88.10070 -3.20170 0.10229
v 88.10070 -3.15997 0.06254
v 88.10070 -3.17778 0.08120
v 88.10070 -3.14881 0.06456
v 86.05051 -3.81849 0.45324
v 86.05051 -3.65043 0.51525
v 86.29004 -3.71924 0.49913
v 86.51926 -3.78511 0.48364
v 86.51926 -3.62649 0.53685
v 86.29004 -3.55521 0.55426
v 86.05051 -3.48074 0.57239
v 86.51926 -3.46668 0.58369
v 86.73804 -3.84801 0.46878
v 86.94629 -3.75936 0.50423
v 86.73804 -3.69455 0.52017
v 87.14390 -3.82086 0.48906
v 87.32266 -3.73585 0.51623
v 87.14390 -3.67593 0.53130
v 86.73804 -3.53996 0.56540
v 86.94629 -3.60972 0.54793
v 87.14390 -3.53074 0.56891
v 87.32266 -3.59493 0.55266
v 87.32266 -3.45427 0.58417
v 86.51926 -2.88279 0.12986
v 87.14390 -3.14753 0.12114
v 87.32266 -3.22329 0.11851
v 86.94629 -3.06378 0.12397
v 86.73804 -2.97552 0.12689
v 86.94629 -2.91516 0.13986
v 87.14390 -3.00360 0.13647
v 87.32266 -3.08360 0.13334
v 87.32266 -2.94537 0.14047
v 87.67185 -3.45364 0.11782
v 88.33055 -3.82031 0.16478
v 88.33055 -3.78219 0.14316
v 88.33055 -3.74848 0.12230
v 88.33055 -3.86265 0.18676
v 88.22128 -3.69702 0.23067
v 88.22128 -3.64582 0.20642
v 88.22128 -3.81122 0.27546
v 88.22128 -3.75221 0.25361
v 88.10070 -3.73116 0.34709
v 88.10070 -3.65849 0.32681
v 88.22128 -3.55689 0.15824
v 88.22128 -3.51963 0.13519
v 88.22128 -3.59903 0.18213
v 88.10070 -3.40659 0.22811
v 88.10070 -3.52416 0.28023
v 88.10070 -3.58938 0.30437
v 88.10070 -3.46318 0.25490
v 87.96889 -3.85451 0.43336
v 87.96889 -3.76302 0.42748
v 87.96889 -3.67376 0.41706
v 87.50677 -3.80426 0.50345
v 87.67185 -3.75914 0.50625
v 87.67185 -3.64366 0.52057
v 87.50677 -3.67624 0.53207
v 87.82592 -3.85049 0.47356
v 87.82592 -3.74617 0.47844
v 87.82592 -3.64335 0.47744
v 87.96889 -3.58717 0.40257
v 87.96889 -3.50342 0.38309
v 87.96889 -3.42319 0.36073
v 87.82592 -3.44415 0.45953
v 87.67185 -3.52892 0.52597
v 87.50677 -3.54878 0.55513
v 87.67185 -3.41584 0.52490
v 87.50677 -3.42207 0.57088
v 87.82592 -3.54252 0.47098
v 88.10070 -3.80703 0.36474
v 87.50677 -3.33915 0.12215
v 87.67185 -3.34102 0.11928
v 87.50677 -3.21335 0.12859
v 87.67185 -3.23098 0.11687
v 87.96889 -3.34689 0.33597
v 87.96889 -3.27489 0.30934
v 87.96889 -3.20756 0.28139
v 87.96889 -3.14509 0.25182
v 87.50677 -3.08978 0.13023
v 87.50677 -2.96904 0.12764
v 87.96889 -3.08799 0.22220
v 87.96889 -3.03657 0.19307
v 87.96889 -2.95186 0.13843
v 87.96889 -2.99111 0.16496
v 87.82592 -3.00452 0.34091
v 87.82592 -2.93031 0.31012
v 88.10070 -3.30831 0.17487
v 88.10070 -3.26713 0.14941
v 88.10070 -3.35488 0.20127
v 88.10070 -3.23158 0.12538
v 87.82592 -3.34871 0.44358
v 87.82592 -3.25640 0.42214
v 87.82592 -3.16798 0.39751
v 87.67185 -3.30494 0.51783
v 87.50677 -3.29618 0.57684
v 87.67185 -3.19675 0.50527
v 87.50677 -3.17210 0.57572
v 87.67185 -2.99025 0.46420
v 87.67185 -2.89299 0.43714
v 87.82592 -3.08388 0.37025
v 87.67185 -3.09178 0.48775
v 87.50677 -3.05041 0.56800
v 87.50677 -2.93170 0.55425
v 83.11765 -3.41161 0.59015
v 83.45271 -3.41617 0.58559
v 83.11765 -3.21137 0.65921
v 83.45271 -3.21823 0.65367
v 83.58632 -3.22097 0.65144
v 83.77891 -3.23253 0.64719
v 83.11765 -3.00956 0.72020
v 83.45271 -3.01874 0.71377
v 83.58632 -3.02241 0.71119
v 83.77891 -3.03559 0.70635
v 84.09608 -3.25159 0.64013
v 84.40407 -3.27011 0.63324
v 84.09608 -3.05732 0.69833
v 84.40407 -3.07843 0.69050
v 84.40407 -2.88637 0.74159
v 85.80080 -3.40313 0.59121
v 84.70270 -3.28808 0.62650
v 84.99184 -3.30549 0.61994
v 84.70270 -3.09892 0.68286
v 84.99184 -3.11877 0.67543
v 84.70270 -2.90938 0.73314
v 84.99184 -2.93167 0.72491
v 85.27132 -3.32233 0.61355
v 85.54103 -3.33859 0.60735
v 85.27132 -3.13796 0.66820
v 85.54103 -3.15650 0.66120
v 85.60562 -3.34249 0.60586
v 85.80080 -3.22622 0.64340
v 85.60562 -3.16094 0.65951
v 85.80080 -3.04898 0.68991
v 85.27132 -2.95324 0.71693
v 85.54103 -2.97406 0.70920
v 85.60562 -2.97904 0.70734
v 86.29004 -3.38994 0.60281
v 86.73804 -3.38507 0.60567
v 86.94629 -3.45981 0.58683
v 87.14390 -3.38582 0.60143
v 86.05051 -3.30977 0.62271
v 86.05051 -3.13849 0.66755
v 86.29004 -3.22437 0.64605
v 86.51926 -3.30658 0.62542
v 86.51926 -3.14676 0.66153
v 86.29004 -3.05908 0.68349
v 86.51926 -2.98762 0.69068
v 86.05051 -2.96749 0.70639
v 86.29004 -2.89450 0.71373
v 86.94629 -3.31017 0.62048
v 86.73804 -3.23047 0.64052
v 86.94629 -3.16118 0.64763
v 87.32266 -3.31422 0.60956
v 87.14390 -3.24152 0.62765
v 87.32266 -3.17500 0.62692
v 86.73804 -3.07653 0.66864
v 86.94629 -3.01306 0.66623
v 86.73804 -2.92349 0.68793
v 87.32266 -3.03667 0.63353
v 87.14390 -3.09807 0.64560
v 87.32266 -2.90033 0.63234
v 87.14390 -2.95554 0.65247
v 66.36247 -2.70689 -0.23144
v 66.87521 -2.70253 -0.21815
v 67.38756 -2.69814 -0.20516
v 66.36247 -2.36215 -0.14701
v 66.87521 -2.36233 -0.13539
v 67.38756 -2.36248 -0.12405
v 66.36247 -2.01854 -0.06977
v 66.87521 -2.02326 -0.05972
v 67.38756 -2.02795 -0.04994
v 67.89925 -2.69526 -0.19264
v 68.41002 -2.69249 -0.18044
v 68.91962 -2.68970 -0.16856
v 67.89925 -2.36416 -0.11312
v 67.89925 -2.03418 -0.04052
v 68.41002 -2.36595 -0.10250
v 68.91962 -2.36771 -0.09219
v 68.41002 -2.04053 -0.03138
v 68.91962 -2.04684 -0.02253
v 66.36247 -1.67688 -0.00229
v 66.87521 -1.68612 0.00631
v 67.38756 -1.69533 0.01466
v 66.36247 -1.33749 0.05101
v 66.36247 -1.00071 0.08575
v 66.87521 -1.35125 0.05836
v 67.38756 -1.36498 0.06546
v 66.87521 -1.01898 0.09209
v 67.38756 -1.03722 0.09820
v 67.89925 -1.70611 0.02270
v 68.41002 -1.71700 0.03048
v 68.91962 -1.72784 0.03799
v 68.41002 -1.39571 0.07892
v 68.91962 -1.41107 0.08527
v 67.89925 -1.38029 0.07231
v 67.89925 -1.05705 0.10410
v 68.41002 -1.07698 0.10978
v 68.91962 -1.09686 0.11522
v 69.42777 -2.68688 -0.15701
v 69.93423 -2.68546 -0.14643
v 69.42777 -2.36944 -0.08217
v 69.42777 -2.05310 -0.01397
v 69.93423 -2.37254 -0.07309
v 69.93423 -2.06071 -0.00630
v 70.43874 -2.68410 -0.13620
v 70.94104 -2.68271 -0.12627
v 71.44086 -2.68130 -0.11665
v 71.44086 -2.38185 -0.04768
v 70.43874 -2.37568 -0.06434
v 70.94104 -2.37878 -0.05587
v 70.43874 -2.06835 0.00107
v 70.94104 -2.07593 0.00818
v 71.44086 -2.08346 0.01502
v 69.42777 -1.73862 0.04523
v 69.42777 -1.42636 0.09138
v 69.93423 -1.75073 0.05162
v 69.93423 -1.44296 0.09668
v 70.43874 -1.76285 0.05773
v 70.94104 -1.77490 0.06360
v 70.43874 -1.45955 0.10172
v 70.94104 -1.47605 0.10652
v 71.44086 -1.78688 0.06921
v 71.44086 -1.49245 0.11110
v 69.42777 -1.11665 0.12044
v 69.93423 -1.13772 0.12488
v 70.43874 -1.15876 0.12909
v 70.94104 -1.17970 0.13308
v 71.44086 -1.20052 0.13686
v 71.44086 -0.91339 0.15150
v 66.36247 -2.66452 1.09366
v 66.87521 -2.65808 1.08752
v 67.38756 -2.65168 1.08116
v 66.36247 -2.32615 1.19239
v 66.36247 -1.98838 1.27581
v 66.87521 -2.32410 1.18425
v 67.38756 -2.32210 1.17591
v 66.87521 -1.99073 1.26589
v 67.38756 -1.99315 1.25578
v 67.89925 -2.64685 1.07376
v 68.41002 -2.64223 1.06609
v 68.91962 -2.63767 1.05823
v 67.89925 -2.32168 1.16656
v 67.89925 -1.99716 1.24469
v 68.41002 -2.32148 1.15696
v 68.91962 -2.32133 1.14720
v 68.41002 -2.00139 1.23338
v 68.91962 -2.00566 1.22193
v 66.36247 -1.65145 1.33921
v 66.87521 -1.65825 1.32778
v 67.38756 -1.66510 1.31618
v 66.36247 -1.31511 1.37580
v 66.36247 -0.98246 1.39270
v 66.87521 -1.32639 1.36323
v 67.38756 -1.33772 1.35051
v 66.87521 -0.99820 1.37928
v 67.38756 -1.01400 1.36573
v 68.91962 -1.69096 1.27805
v 67.89925 -1.67357 1.30364
v 68.41002 -1.68224 1.29091
v 67.89925 -1.35068 1.33691
v 67.89925 -1.03143 1.35133
v 68.41002 -1.36384 1.32312
v 68.91962 -1.37704 1.30923
v 68.41002 -1.04906 1.33677
v 68.91962 -1.06672 1.32213
v 69.42777 -2.63317 1.05021
v 69.93423 -2.63038 1.04190
v 70.43874 -2.62774 1.03344
v 70.94104 -2.62515 1.02483
v 71.44086 -2.62263 1.01608
v 69.42777 -2.32123 1.13729
v 69.42777 -2.00999 1.21035
v 69.93423 -2.32283 1.12716
v 69.93423 -2.01598 1.19861
v 70.43874 -2.32455 1.11690
v 70.94104 -2.32632 1.10651
v 70.43874 -2.02209 1.18676
v 70.94104 -2.02823 1.17480
v 71.44086 -2.32814 1.09600
v 71.44086 -2.03439 1.16275
v 69.42777 -1.69972 1.26508
v 69.93423 -1.71013 1.25200
v 69.93423 -1.40511 1.28119
v 69.42777 -1.39027 1.29524
v 69.42777 -1.08440 1.30740
v 69.93423 -1.10367 1.29266
v 70.43874 -1.72064 1.23883
v 70.94104 -1.73116 1.22558
v 70.43874 -1.42005 1.26707
v 70.94104 -1.43498 1.25289
v 71.44086 -1.74169 1.21225
v 71.44086 -1.44990 1.23865
v 70.43874 -1.12301 1.27787
v 70.94104 -1.14232 1.26303
v 71.44086 -1.16161 1.24814
v 66.36247 -0.66928 0.10767
v 66.87521 -0.69201 0.11317
v 67.38756 -0.71471 0.11846
v 66.36247 -0.34490 0.11821
v 66.36247 -0.02921 0.11889
v 66.87521 -0.37201 0.12303
v 67.38756 -0.39909 0.12765
v 66.87521 -0.06061 0.12316
v 67.38756 -0.09196 0.12726
v 67.89925 -0.73901 0.12358
v 67.89925 -0.42777 0.13216
v 68.41002 -0.76341 0.12850
v 68.91962 -0.78773 0.13321
v 68.41002 -0.45656 0.13647
v 68.91962 -0.48525 0.14059
v 67.89925 -0.12493 0.13128
v 68.41002 -0.15799 0.13512
v 68.91962 -0.19095 0.13879
v 68.91962 0.09367 0.12926
v 66.36247 0.27615 0.11124
v 66.36247 0.57006 0.09498
v 66.87521 0.24060 0.11509
v 66.87521 0.53050 0.09853
v 67.38756 0.49100 0.10194
v 66.36247 0.85026 0.07464
v 66.87521 0.80688 0.07797
v 67.38756 0.76355 0.08116
v 66.87521 1.06829 0.05500
v 67.38756 1.02133 0.05802
v 67.89925 0.44987 0.10534
v 68.41002 0.40866 0.10860
v 68.91962 0.36756 0.11171
v 67.89925 0.71860 0.08438
v 67.89925 0.97276 0.06110
v 68.41002 0.67357 0.08747
v 68.91962 0.62866 0.09043
v 68.41002 0.92412 0.06407
v 68.91962 0.87561 0.06691
v 67.38756 0.20510 0.11879
v 67.89925 0.16798 0.12244
v 68.41002 0.13077 0.12593
v 69.42777 -0.81197 0.13770
v 69.42777 -0.51385 0.14451
v 69.93423 -0.83745 0.14146
v 69.93423 -0.54367 0.14775
v 69.42777 -0.22381 0.14227
v 69.42777 0.05668 0.13242
v 69.93423 -0.25785 0.14512
v 69.93423 0.01855 0.13499
v 70.43874 -0.86289 0.14501
v 70.94104 -0.88821 0.14835
v 70.43874 -0.57342 0.15078
v 70.94104 -0.60304 0.15363
v 71.44086 -0.63249 0.15630
v 70.43874 -0.29181 0.14777
v 70.94104 -0.32562 0.15026
v 70.43874 -0.01950 0.13739
v 70.94104 -0.05737 0.13963
v 71.44086 -0.35925 0.15259
v 71.44086 -0.09504 0.14172
v 69.42777 0.32660 0.11467
v 69.42777 0.58390 0.09325
v 69.93423 0.53804 0.09556
v 69.42777 0.82724 0.06964
v 69.42777 1.05538 0.04518
v 69.93423 0.77781 0.07189
v 69.93423 1.00260 0.04741
v 70.43874 0.49230 0.09773
v 70.94104 0.44677 0.09977
v 71.44086 0.40147 0.10169
v 70.43874 0.72852 0.07402
v 70.94104 0.67945 0.07604
v 70.43874 0.94997 0.04952
v 70.94104 0.89758 0.05154
v 71.44086 0.63063 0.07795
v 71.44086 0.84546 0.05346
v 71.44086 1.04489 0.02934
v 69.93423 0.28451 0.11708
v 70.43874 0.24253 0.11933
v 70.94104 0.20074 0.12144
v 71.44086 0.15916 0.12342
v 66.36247 -0.65514 1.39117
v 66.87521 -0.67531 1.37717
v 67.38756 -0.69553 1.36305
v 66.36247 -0.33477 1.37260
v 66.36247 -0.02296 1.33851
v 66.87521 -0.35930 1.35827
v 67.38756 -0.38389 1.34384
v 66.87521 -0.05178 1.32408
v 67.38756 -0.08064 1.30957
v 67.89925 -0.71740 1.34814
v 67.89925 -0.41012 1.32866
v 68.41002 -0.73945 1.33307
v 68.91962 -0.76153 1.31794
v 68.41002 -0.43654 1.31335
v 68.91962 -0.46297 1.29798
v 68.91962 -0.17253 1.26366
v 68.41002 -0.14184 1.27903
v 67.89925 -0.11115 1.29435
v 66.87521 1.06651 1.05177
v 67.38756 1.02181 1.03911
v 67.89925 0.97547 1.02595
v 68.41002 0.92898 1.01274
v 68.91962 0.88255 0.99952
v 66.36247 0.27991 1.28548
v 66.36247 0.57088 1.22098
v 66.87521 0.24690 1.27125
v 67.38756 0.21384 1.25694
v 66.87521 0.53381 1.20712
v 67.38756 0.49671 1.19320
v 66.36247 0.84846 1.14669
v 66.87521 0.80749 1.13337
v 67.38756 0.76650 1.12001
v 67.89925 0.17914 1.24198
v 67.89925 0.45795 1.17869
v 68.41002 0.14427 1.22693
v 68.91962 0.10941 1.21184
v 68.41002 0.41904 1.16409
v 68.91962 0.38015 1.14947
v 67.89925 0.72386 1.10610
v 68.41002 0.68107 1.09212
v 68.91962 0.63831 1.07813
v 69.42777 -0.48939 1.28256
v 69.93423 -0.51733 1.26721
v 69.42777 -0.78362 1.30275
v 69.93423 -0.80725 1.28758
v 69.42777 -0.20320 1.24826
v 69.42777 0.07458 1.19673
v 69.93423 -0.23535 1.23294
v 69.93423 0.03831 1.18174
v 70.43874 -0.83095 1.27237
v 70.94104 -0.85460 1.25713
v 70.43874 -0.54532 1.25183
v 70.94104 -0.57324 1.23643
v 71.44086 -0.87820 1.24186
v 71.44086 -0.60108 1.22102
v 70.43874 -0.26753 1.21762
v 70.94104 -0.29963 1.20229
v 70.43874 0.00203 1.16674
v 70.94104 -0.03414 1.15175
v 71.44086 -0.33163 1.18695
v 71.44086 -0.07020 1.13677
v 69.93423 0.55155 1.05030
v 69.42777 0.83619 0.98631
v 69.42777 1.06173 0.90309
v 69.93423 0.78850 0.97326
v 69.93423 1.01062 0.89094
v 70.43874 0.50753 1.03648
v 70.94104 0.46364 1.02267
v 71.44086 0.41991 1.00889
v 71.44086 1.05533 0.76909
v 70.43874 0.74086 0.96023
v 70.94104 0.69339 0.94722
v 70.43874 0.95959 0.87882
v 70.94104 0.90873 0.86673
v 71.44086 0.64609 0.93425
v 71.44086 0.85808 0.85466
v 69.42777 0.34131 1.13484
v 69.93423 0.30106 1.12034
v 69.42777 0.59562 1.06414
v 70.43874 0.26082 1.10585
v 70.94104 0.22071 1.09138
v 71.44086 0.18073 1.07692
v 71.93796 -2.68256 -0.10717
v 72.43208 -2.68396 -0.09800
v 71.93796 -2.38747 -0.03957
v 72.43208 -2.39321 -0.03173
v 72.92297 -2.68533 -0.08913
v 72.92297 -2.39889 -0.02418
v 71.93796 -2.09344 0.02186
v 72.43208 -2.10352 0.02844
v 72.92297 -2.11350 0.03476
v 73.41038 -2.68666 -0.08058
v 73.49236 -2.68688 -0.07917
v 73.41038 -2.40451 -0.01693
v 73.49236 -2.40545 -0.01573
v 73.89405 -2.69011 -0.07286
v 74.37375 -2.69395 -0.06552
v 73.89405 -2.41214 -0.01046
v 74.37375 -2.42011 -0.00434
v 73.41038 -2.12339 0.04080
v 73.49236 -2.12505 0.04179
v 73.89405 -2.13520 0.04611
v 74.37375 -2.14730 0.05107
v 71.93796 -1.80120 0.07490
v 72.43208 -1.81559 0.08035
v 71.93796 -1.51110 0.11581
v 72.92297 -1.82986 0.08555
v 73.41038 -1.84401 0.09050
v 73.49236 -1.84639 0.09131
v 73.89405 -1.85997 0.09476
v 74.37375 -1.87618 0.09870
v 72.43208 -1.52979 0.12031
v 72.92297 -1.54833 0.12457
v 71.93796 -1.22348 0.14082
v 72.43208 -1.24644 0.14459
v 71.93796 -0.94060 0.15487
v 72.43208 -0.96778 0.15807
v 72.92297 -1.26924 0.14813
v 72.92297 -0.99477 0.16106
v 73.41038 -1.56672 0.12860
v 73.49236 -1.56981 0.12925
v 73.89405 -1.58682 0.13197
v 74.37375 -1.60712 0.13505
v 73.41038 -1.29185 0.15147
v 73.49236 -1.29566 0.15201
v 73.41038 -1.02156 0.16386
v 73.49236 -1.02606 0.16431
v 73.89405 -1.31607 0.15418
v 74.37375 -1.34044 0.15663
v 73.89405 -1.04984 0.16607
v 74.37375 -1.07822 0.16803
v 74.84923 -2.69774 -0.05846
v 74.84923 -2.42800 0.00151
v 75.32024 -2.70147 -0.05167
v 75.51166 -2.70298 -0.04897
v 75.78654 -2.70648 -0.04529
v 75.32024 -2.43580 0.00712
v 75.51166 -2.43896 0.00934
v 75.78654 -2.44475 0.01237
v 74.84923 -2.15927 0.05581
v 74.84923 -1.89223 0.10243
v 75.32024 -2.17113 0.06031
v 75.51166 -2.17594 0.06209
v 75.78654 -2.18402 0.06451
v 75.32024 -1.90812 0.10594
v 75.51166 -1.91457 0.10732
v 75.78654 -1.92493 0.10919
v 76.24789 -2.71234 -0.03924
v 76.70407 -2.71812 -0.03345
v 76.24789 -2.45446 0.01731
v 76.70407 -2.46405 0.02203
v 77.15483 -2.72381 -0.02790
v 77.15483 -2.47351 0.02652
v 76.24789 -2.19757 0.06844
v 76.70407 -2.21096 0.07216
v 76.24789 -1.94231 0.11221
v 76.70407 -1.95948 0.11504
v 77.15483 -2.22418 0.07567
v 77.15483 -1.97644 0.11768
v 74.84923 -1.62722 0.13794
v 75.32024 -1.64713 0.14063
v 75.51166 -1.65522 0.14168
v 75.78654 -1.66785 0.14310
v 75.51166 -1.39820 0.16178
v 75.78654 -1.41309 0.16287
v 74.84923 -1.36458 0.15889
v 74.84923 -1.10634 0.16982
v 75.32024 -1.38849 0.16098
v 75.51166 -1.14551 0.17207
v 75.78654 -1.16262 0.17291
v 75.32024 -1.13419 0.17145
v 75.51166 -0.89839 0.17369
v 75.78654 -0.91768 0.17436
v 76.24789 -1.68903 0.14536
v 76.70407 -1.70997 0.14746
v 76.24789 -1.43806 0.16458
v 76.70407 -1.46274 0.16614
v 77.15483 -1.73065 0.14938
v 77.15483 -1.48713 0.16754
v 76.24789 -1.19132 0.17422
v 76.70407 -1.21970 0.17538
v 76.24789 -0.95004 0.17538
v 76.70407 -0.98204 0.17628
v 77.15483 -1.24773 0.17641
v 77.15483 -1.01365 0.17704
v 71.93796 -2.62266 1.00660
v 72.43208 -2.62291 0.99699
v 72.92297 -2.62322 0.98730
v 73.41038 -2.62356 0.97754
v 73.49236 -2.62363 0.97588
v 74.37375 -2.62947 0.95839
v 73.89405 -2.62627 0.96797
v 73.41038 -2.34588 1.05082
v 73.49236 -2.34664 1.04889
v 73.89405 -2.35265 1.03970
v 74.37375 -2.35987 1.02860
v 71.93796 -2.33241 1.08483
v 72.43208 -2.33687 1.07354
v 71.93796 -2.04291 1.15008
v 72.43208 -2.05160 1.13733
v 72.92297 -2.34137 1.06221
v 72.92297 -2.06029 1.12455
v 73.49236 -2.07044 1.10958
v 73.41038 -2.06897 1.11174
v 73.89405 -2.07981 1.09926
v 74.37375 -2.09106 1.08684
v 71.93796 -1.75447 1.19835
v 72.43208 -1.76739 1.18440
v 71.93796 -1.46696 1.22389
v 72.43208 -1.48413 1.20909
v 72.92297 -1.78028 1.17044
v 72.92297 -1.50125 1.19429
v 71.93796 -1.18292 1.23278
v 72.43208 -1.20432 1.21740
v 71.93796 -0.90373 1.22615
v 72.43208 -0.92931 1.21044
v 72.92297 -1.22564 1.20204
v 72.92297 -0.95478 1.19476
v 73.41038 -1.79314 1.15647
v 73.49236 -1.79531 1.15411
v 73.41038 -1.51831 1.17952
v 73.49236 -1.52119 1.17702
v 73.89405 -1.80806 1.14288
v 74.37375 -1.82334 1.12938
v 73.89405 -1.53733 1.16516
v 74.37375 -1.55665 1.15092
v 73.41038 -1.24687 1.18671
v 73.49236 -1.25045 1.18413
v 73.41038 -0.98013 1.17913
v 73.49236 -0.98440 1.17650
v 74.37375 -1.29330 1.15710
v 73.89405 -1.26996 1.17184
v 73.89405 -1.00724 1.16398
v 74.37375 -1.03455 1.14898
v 74.84923 -2.63268 0.94877
v 75.51166 -2.63722 0.93514
v 75.78654 -2.64046 0.92951
v 75.32024 -2.63590 0.93911
v 75.78654 -2.38264 0.99535
v 74.84923 -2.36707 1.01749
v 75.32024 -2.37424 1.00636
v 75.51166 -2.37717 1.00180
v 75.78654 -2.12564 1.04977
v 76.24789 -2.64593 0.91998
v 76.70407 -2.65137 0.91044
v 76.24789 -2.39186 0.98445
v 76.70407 -2.40102 0.97357
v 77.15483 -2.65678 0.90091
v 77.15483 -2.41010 0.96272
v 76.24789 -2.13861 1.03768
v 76.70407 -2.15148 1.02563
v 77.15483 -2.16424 1.01364
v 77.15483 -1.91948 1.05029
v 74.84923 -2.10225 1.07442
v 75.32024 -2.11339 1.06200
v 75.51166 -2.11793 1.05693
v 76.24789 -1.88646 1.07618
v 76.70407 -1.90305 1.06319
v 77.15483 -0.96840 1.04068
v 74.84923 -1.83853 1.11590
v 74.84923 -1.57586 1.13671
v 75.32024 -1.85364 1.10245
v 75.51166 -1.85979 1.09696
v 75.78654 -1.86973 1.08922
v 75.32024 -1.59494 1.12255
v 75.51166 -1.60271 1.11677
v 75.78654 -1.61490 1.10864
v 74.84923 -1.31649 1.14241
v 74.84923 -1.06168 1.13404
v 75.32024 -1.33952 1.12779
v 75.51166 -1.34889 1.12182
v 75.78654 -1.36331 1.11344
v 75.32024 -1.08861 1.11918
v 75.51166 -1.09956 1.11312
v 75.78654 -1.11618 1.10462
v 76.70407 -1.65571 1.08133
v 76.24789 -1.63540 1.09495
v 76.70407 -1.41155 1.08531
v 77.15483 -1.67582 1.06781
v 77.15483 -1.43532 1.07140
v 76.24789 -1.38755 1.09933
v 76.24789 -1.14410 1.09030
v 76.70407 -1.17176 1.07610
v 76.24789 -0.90625 1.06895
v 76.70407 -0.93749 1.05475
v 77.15483 -1.19913 1.06201
v 71.93796 -0.66388 0.15923
v 72.43208 -0.69520 0.16200
v 72.43208 -0.43006 0.15766
v 72.92297 -0.72631 0.16458
v 72.92297 -0.46518 0.15995
v 71.93796 -0.39470 0.15520
v 72.43208 -0.17371 0.14638
v 71.93796 -0.13443 0.14412
v 72.43208 0.07293 0.12788
v 72.92297 -0.21271 0.14849
v 72.92297 0.03018 0.12991
v 73.41038 -0.75718 0.16698
v 73.49236 -0.76237 0.16736
v 73.41038 -0.50003 0.16207
v 73.49236 -0.50589 0.16241
v 73.89405 -0.78944 0.16882
v 74.37375 -0.82176 0.17043
v 73.89405 -0.53618 0.16367
v 74.37375 -0.57233 0.16505
v 73.41038 -0.25142 0.15044
v 73.49236 -0.25793 0.15075
v 73.41038 -0.01225 0.13179
v 73.49236 -0.01938 0.13209
v 73.89405 -0.29132 0.15189
v 74.37375 -0.33120 0.15315
v 73.89405 -0.05578 0.13321
v 74.37375 -0.09923 0.13444
v 72.43208 0.30802 0.10606
v 71.93796 0.35466 0.10393
v 71.93796 0.58039 0.08017
v 72.43208 0.53035 0.08230
v 72.92297 0.26170 0.10806
v 72.92297 0.48064 0.08431
v 71.93796 0.79200 0.05568
v 72.43208 0.73877 0.05783
v 71.93796 0.98845 0.03158
v 72.43208 0.93226 0.03374
v 72.92297 0.68590 0.05986
v 72.92297 0.87645 0.03581
v 72.92297 1.05107 0.01430
v 73.41038 0.21572 0.10993
v 73.49236 0.20799 0.11023
v 73.41038 0.43131 0.08620
v 73.49236 0.42301 0.08650
v 73.89405 0.16873 0.11136
v 74.37375 0.12186 0.11262
v 74.37375 0.33094 0.08899
v 73.89405 0.38105 0.08767
v 73.89405 0.58009 0.06333
v 74.37375 0.52695 0.06472
v 73.41038 0.63342 0.06179
v 73.49236 0.62460 0.06210
v 73.41038 0.82105 0.03777
v 73.49236 0.81173 0.03809
v 73.41038 0.99300 0.01627
v 73.49236 0.98323 0.01659
v 73.89405 0.76487 0.03938
v 74.37375 0.70892 0.04086
v 73.89405 0.93422 0.01792
v 74.37375 0.87569 0.01945
v 74.37375 1.02638 0.00162
v 71.93796 0.11598 0.12571
v 74.37375 1.03936 0.54407
v 74.84923 0.07541 0.11377
v 75.32024 0.02940 0.11481
v 75.51166 0.01070 0.11520
v 75.78654 -0.01664 0.11576
v 76.24789 -0.06252 0.11661
v 76.70407 0.08576 0.09418
v 77.15483 0.03801 0.09496
v 74.84923 -0.85378 0.17189
v 74.84923 -0.60816 0.16629
v 75.32024 -0.88550 0.17320
v 75.51166 -0.65807 0.16781
v 75.78654 -0.67948 0.16837
v 75.32024 -0.64365 0.16739
v 75.32024 -0.40985 0.15527
v 75.51166 -0.42575 0.15564
v 75.78654 -0.44922 0.15615
v 74.84923 -0.37071 0.15427
v 74.84923 -0.14230 0.13555
v 75.32024 -0.18495 0.13654
v 75.51166 -0.20228 0.13691
v 75.78654 -0.22773 0.13743
v 76.24789 -0.71541 0.16923
v 76.70407 -0.75093 0.16996
v 76.24789 -0.48860 0.15693
v 76.70407 -0.52754 0.15760
v 77.15483 -0.78602 0.17057
v 77.15483 -0.56600 0.15815
v 76.24789 -0.27044 0.13823
v 76.70407 -0.31267 0.13892
v 76.70407 -0.10789 0.11738
v 77.15483 -0.35439 0.13951
v 77.15483 -0.15271 0.11805
v 74.84923 0.28128 0.09021
v 74.84923 0.47429 0.06603
v 75.51166 0.21212 0.09176
v 75.32024 0.23210 0.09133
v 75.78654 0.18298 0.09236
v 75.32024 0.42213 0.06725
v 75.51166 0.40094 0.06772
v 75.51166 0.57623 0.04409
v 75.78654 0.37013 0.06839
v 75.78654 0.54386 0.04481
v 74.84923 0.65347 0.04225
v 74.84923 0.81769 0.02090
v 74.84923 0.96608 0.00309
v 75.32024 0.59854 0.04357
v 75.32024 0.76024 0.02228
v 75.51166 0.73689 0.02283
v 75.78654 0.70310 0.02360
v 75.32024 1.03610 -0.00874
v 75.51166 1.01101 -0.00819
v 75.78654 0.97479 -0.00742
v 75.32024 0.90635 0.00450
v 75.51166 0.88208 0.00506
v 75.78654 0.84700 0.00585
v 76.24789 0.13410 0.09332
v 76.24789 0.31842 0.06945
v 76.70407 0.26731 0.07043
v 76.24789 0.48954 0.04598
v 76.70407 0.43584 0.04708
v 77.15483 0.21681 0.07133
v 77.15483 0.38279 0.04811
v 77.15483 0.53494 0.02715
v 76.24789 0.64639 0.02485
v 76.24789 0.78814 0.00713
v 76.70407 0.59033 0.02603
v 76.70407 0.72994 0.00836
v 76.24789 0.91402 -0.00615
v 76.24789 1.02339 -0.01424
v 76.70407 0.85394 -0.00493
v 76.70407 0.96168 -0.01310
v 76.70407 1.05266 -0.01572
v 77.15483 0.79457 -0.00377
v 77.15483 0.67244 0.00953
v 77.15483 0.90070 -0.01201
v 77.15483 0.99032 -0.01477
v 77.15483 1.06237 -0.00860
v 74.84923 0.97988 0.53583
v 75.32024 1.04805 0.45268
v 75.51166 1.02323 0.44980
v 75.78654 0.98740 0.44578
v 75.51166 0.89696 0.52436
v 75.32024 0.92093 0.52768
v 75.78654 0.86231 0.51973
v 77.15483 0.55502 0.56976
v 76.70407 1.06099 0.29799
v 77.15483 1.06900 0.23336
v 77.15483 0.99908 0.29335
v 76.24789 0.80413 0.51195
v 76.70407 0.60976 0.57836
v 76.70407 0.74657 0.50427
v 76.24789 0.92725 0.43903
v 76.24789 1.03376 0.36980
v 76.70407 0.86775 0.43236
v 76.70407 0.97257 0.36411
v 77.15483 0.80894 0.42577
v 77.15483 0.68968 0.49668
v 77.15483 0.91209 0.35849
v 72.92297 0.05663 1.03274
v 73.41038 0.01566 1.01814
v 73.49236 0.00877 1.01569
v 74.37375 -0.29760 1.04663
v 73.89405 -0.02664 1.00406
v 74.37375 -0.06897 0.99015
v 72.43208 -0.66044 1.18940
v 71.93796 -0.63075 1.20520
v 72.92297 -0.68999 1.17363
v 72.92297 -0.43259 1.13994
v 72.43208 -0.39904 1.15556
v 71.93796 -0.36534 1.17125
v 71.93796 -0.10787 1.12144
v 72.43208 -0.14550 1.10615
v 72.92297 -0.18294 1.09091
v 73.41038 -0.71940 1.15793
v 73.49236 -0.72435 1.15528
v 73.41038 -0.46596 1.12437
v 73.49236 -0.47157 1.12175
v 73.89405 -0.75045 1.14273
v 74.37375 -0.78167 1.12768
v 73.89405 -0.50086 1.10932
v 74.37375 -0.53589 1.09444
v 73.41038 -0.22018 1.07575
v 73.49236 -0.22645 1.07320
v 73.89405 -0.25885 1.06111
v 72.43208 0.09783 1.04741
v 72.43208 0.32972 0.98079
v 72.43208 0.54898 0.90782
v 71.93796 0.37477 0.99482
v 72.92297 0.28492 0.96683
v 72.92297 0.50076 0.89470
v 71.93796 1.00036 0.75786
v 72.43208 0.94558 0.74667
v 72.92297 0.70299 0.81793
v 72.92297 1.06341 0.65226
v 72.92297 0.89111 0.73556
v 71.93796 0.59747 0.92101
v 71.93796 0.80618 0.84236
v 72.43208 0.75444 0.83011
v 74.37375 0.54760 0.78271
v 73.41038 0.24038 0.95295
v 73.49236 0.23289 0.95061
v 73.41038 0.45282 0.88166
v 73.49236 0.44475 0.87946
v 74.37375 0.14885 0.92636
v 73.89405 0.19460 0.93957
v 73.89405 0.40374 0.86910
v 74.37375 0.35473 0.85670
v 73.49236 0.64325 0.80380
v 73.41038 0.65186 0.80583
v 73.49236 0.82788 0.72267
v 73.41038 1.00653 0.64234
v 73.49236 0.99695 0.64067
v 73.41038 0.83699 0.72452
v 73.89405 0.59968 0.79419
v 73.89405 0.78189 0.71391
v 74.37375 0.72695 0.70345
v 73.89405 0.94876 0.63280
v 74.37375 0.89117 0.62341
v 71.93796 0.13924 1.06214
v 75.78654 -0.64007 1.05054
v 75.78654 -0.41264 1.00398
v 74.84923 -0.33605 1.03224
v 74.84923 -0.11097 0.97632
v 75.32024 -0.37419 1.01795
v 75.51166 -0.38970 1.01213
v 75.51166 -0.16957 0.95702
v 75.78654 -0.19448 0.94919
v 75.32024 0.05843 0.90022
v 75.51166 0.04012 0.89492
v 75.78654 0.01332 0.88750
v 75.32024 -0.15262 0.96260
v 76.24789 -0.67515 1.03642
v 76.70407 -0.70988 1.02242
v 76.24789 -0.45117 0.99027
v 76.70407 -0.48931 0.97669
v 77.15483 -0.74425 1.00854
v 77.15483 -0.52704 0.96324
v 77.15483 0.06709 0.78563
v 76.24789 -0.23633 0.93605
v 76.70407 -0.27775 0.92302
v 76.24789 -0.03171 0.87504
v 76.70407 -0.07627 0.86270
v 77.15483 -0.31873 0.91013
v 77.15483 -0.12035 0.85049
v 74.84923 -0.81266 1.11271
v 74.84923 -0.57066 1.07964
v 75.32024 -0.84341 1.09783
v 75.51166 -0.85593 1.09176
v 75.78654 -0.87470 1.08326
v 75.32024 -0.60515 1.06493
v 75.51166 -0.61918 1.05894
v 74.84923 0.49594 0.77131
v 75.78654 0.56458 0.67277
v 75.32024 0.44472 0.76001
v 75.51166 0.42390 0.75542
v 75.78654 0.39360 0.74899
v 74.84923 0.10345 0.91324
v 74.84923 0.30611 0.84440
v 75.32024 0.25790 0.83219
v 75.51166 0.23829 0.82723
v 75.78654 0.20969 0.82028
v 74.84923 0.67245 0.69308
v 74.84923 0.83406 0.61410
v 75.32024 0.61842 0.68280
v 75.51166 0.59646 0.67861
v 75.32024 0.77745 0.60487
v 75.51166 0.75443 0.60112
v 75.78654 0.72110 0.59587
v 76.24789 0.16164 0.80861
v 76.70407 0.11410 0.79706
v 76.70407 0.29238 0.72751
v 76.24789 0.51105 0.66295
v 76.70407 0.45809 0.65324
v 76.24789 0.34272 0.73819
v 77.15483 0.24260 0.71695
v 77.15483 0.40572 0.64364
v 76.24789 0.66513 0.58707
v 66.36247 1.11529 0.05185
v 66.36247 1.36376 0.02805
v 66.87521 1.31336 0.03104
v 67.38756 1.26301 0.03394
v 66.87521 1.54085 0.00736
v 67.38756 1.48735 0.01014
v 66.36247 1.80569 -0.01615
v 66.36247 1.59440 0.00449
v 66.36247 1.99649 -0.03258
v 66.87521 1.74925 -0.01344
v 67.38756 1.69287 -0.01080
v 66.87521 1.93745 -0.03005
v 67.38756 1.87847 -0.02757
v 67.38756 2.04314 -0.03891
v 67.89925 1.21104 0.03690
v 67.89925 1.43223 0.01300
v 68.41002 1.15901 0.03977
v 68.91962 1.10711 0.04253
v 68.91962 1.32202 0.01847
v 68.41002 1.57682 -0.00539
v 68.91962 1.51892 -0.00280
v 68.41002 1.37705 0.01578
v 67.89925 1.63487 -0.00806
v 67.89925 1.81788 -0.02500
v 67.89925 1.98026 -0.03655
v 68.41002 1.75725 -0.02247
v 68.91962 1.69676 -0.02002
v 68.41002 1.91733 -0.03423
v 68.41002 2.05624 -0.03971
v 68.91962 1.85457 -0.03196
v 68.91962 1.99151 -0.03770
v 67.38756 2.03745 0.57518
v 67.89925 1.97609 0.56722
v 68.91962 1.98900 0.46585
v 68.41002 1.91464 0.55926
v 68.41002 2.05248 0.47268
v 68.91962 1.85329 0.55131
v 66.36247 2.16573 -0.04348
v 66.36247 2.31253 -0.04787
v 66.36247 2.43619 -0.04525
v 66.36247 2.53501 -0.03066
v 66.87521 2.10441 -0.04117
v 66.87521 2.24923 -0.04584
v 67.38756 2.18599 -0.04386
v 67.38756 2.30635 -0.04191
v 66.87521 2.37124 -0.04356
v 66.87521 2.46878 -0.02945
v 66.87521 2.54192 -0.00554
v 67.38756 2.40260 -0.02826
v 67.38756 2.47481 -0.00492
v 67.38756 2.52255 0.02867
v 66.36247 2.60909 -0.00617
v 66.36247 2.65798 0.02876
v 66.87521 2.59024 0.02872
v 67.89925 2.12114 -0.04177
v 67.89925 2.23985 -0.04016
v 67.89925 2.33481 -0.02700
v 67.89925 2.40609 -0.00424
v 67.89925 2.45326 0.02866
v 68.41002 2.17332 -0.03844
v 68.41002 2.26699 -0.02574
v 68.91962 2.10694 -0.03675
v 68.91962 2.19932 -0.02452
v 68.91962 2.26873 -0.00291
v 68.91962 2.31474 0.02862
v 68.41002 2.33733 -0.00356
v 68.41002 2.38392 0.02865
v 66.36247 2.52775 0.32757
v 67.38756 2.53370 0.12209
v 67.38756 2.51066 0.21813
v 66.87521 2.53694 0.24909
v 66.87521 2.46245 0.32308
v 67.38756 2.39718 0.31860
v 67.38756 2.47049 0.24561
v 67.38756 2.51544 0.24488
v 66.36247 2.30339 0.49965
v 66.36247 2.42749 0.41052
v 67.38756 2.29997 0.39943
v 66.87521 2.09718 0.58289
v 66.87521 2.24148 0.49300
v 67.38756 2.17959 0.48636
v 66.87521 2.36372 0.40497
v 66.36247 2.66903 0.12511
v 66.36247 2.64489 0.22419
v 66.36247 2.60343 0.25258
v 66.36247 2.64976 0.25148
v 66.87521 2.60134 0.12360
v 66.87521 2.57775 0.22116
v 66.87521 2.58258 0.24818
v 67.89925 2.44195 0.21506
v 67.89925 2.46445 0.12059
v 67.89925 2.40243 0.24206
v 67.89925 2.33029 0.31401
v 67.89925 2.44668 0.24157
v 68.91962 2.30456 0.20893
v 68.41002 2.26334 0.30941
v 68.91962 2.19652 0.30483
v 68.91962 2.26632 0.23496
v 68.91962 2.30918 0.23495
v 68.41002 2.39514 0.11909
v 68.41002 2.37318 0.21199
v 68.91962 2.32600 0.11759
v 68.41002 2.33430 0.23851
v 68.41002 2.37786 0.23825
v 67.89925 2.23460 0.39373
v 67.89925 2.11608 0.47952
v 68.41002 2.16916 0.38803
v 68.91962 2.10385 0.38234
v 69.42777 1.26716 0.02107
v 69.42777 1.46120 -0.00029
v 69.93423 1.21127 0.02328
v 69.93423 1.57517 -0.01556
v 69.93423 1.40247 0.00188
v 69.42777 1.63646 -0.01764
v 69.42777 1.79199 -0.02976
v 69.42777 1.92697 -0.03574
v 69.42777 2.04076 -0.03510
v 69.93423 1.72844 -0.02782
v 69.93423 1.86146 -0.03400
v 69.93423 1.97362 -0.03363
v 69.93423 2.06344 -0.02227
v 70.43874 1.15554 0.02539
v 70.94104 1.10007 0.02741
v 70.94104 1.28562 0.00595
v 70.43874 1.51406 -0.01355
v 70.94104 1.45323 -0.01161
v 70.43874 1.34391 0.00395
v 71.44086 1.22763 0.00788
v 71.44086 1.39271 -0.00973
v 71.44086 1.53924 -0.02233
v 70.43874 1.66507 -0.02593
v 70.43874 1.79615 -0.03231
v 70.94104 1.60200 -0.02411
v 70.94104 1.73114 -0.03066
v 70.43874 1.90668 -0.03220
v 70.43874 1.99522 -0.02124
v 70.43874 2.06181 -0.00122
v 70.94104 1.84004 -0.03081
v 70.94104 1.92730 -0.02024
v 70.94104 1.99297 -0.00072
v 70.94104 2.03664 0.02826
v 70.94104 2.04790 0.11153
v 71.44086 1.66645 -0.02906
v 71.44086 1.77374 -0.02945
v 71.44086 1.85973 -0.01927
v 71.44086 1.92446 -0.00024
v 71.44086 1.96754 0.02814
v 71.44086 1.97879 0.11001
v 69.93423 2.06216 0.29580
v 69.42777 1.79209 0.54338
v 69.42777 1.92567 0.45904
v 69.42777 2.03870 0.37668
v 69.93423 1.72974 0.53560
v 69.93423 1.86123 0.45237
v 69.93423 1.97246 0.37113
v 71.44086 1.54388 0.51246
v 70.43874 2.06103 0.22453
v 70.94104 1.99267 0.22111
v 70.94104 2.02844 0.19688
v 70.94104 2.03285 0.22182
v 70.43874 1.99464 0.29135
v 70.94104 1.92739 0.28693
v 71.44086 1.92464 0.21771
v 71.44086 1.95980 0.19391
v 71.44086 1.96416 0.21857
v 71.44086 1.86045 0.28253
v 70.43874 1.79694 0.44573
v 70.94104 1.73291 0.43912
v 70.43874 1.66753 0.52786
v 70.94104 1.60557 0.52014
v 70.43874 1.90639 0.36561
v 70.94104 1.84059 0.36012
v 71.44086 1.66917 0.43254
v 71.44086 1.77509 0.35466
v 69.42777 2.13186 -0.02333
v 69.42777 2.20033 -0.00227
v 69.42777 2.24577 0.02859
v 69.42777 2.25704 0.11609
v 69.93423 2.13097 -0.00173
v 69.93423 2.17582 0.02849
v 69.93423 2.18709 0.11457
v 70.43874 2.10607 0.02838
v 70.43874 2.11735 0.11305
v 69.42777 2.19852 0.23144
v 69.42777 2.23613 0.20588
v 69.42777 2.24069 0.23165
v 69.42777 2.12987 0.30027
v 69.93423 2.12968 0.22798
v 69.93423 2.16667 0.20287
v 69.93423 2.17119 0.22836
v 70.43874 2.09741 0.19987
v 70.43874 2.10187 0.22509
v 66.36247 1.35762 0.97602
v 66.87521 1.30945 0.96420
v 67.38756 1.26125 0.95236
v 66.87521 1.53574 0.86942
v 67.38756 1.48427 0.85854
v 66.36247 1.79774 0.78288
v 66.36247 1.98802 0.68569
v 66.87521 1.74324 0.77304
v 67.38756 1.68873 0.76318
v 66.87521 1.93075 0.67690
v 67.38756 1.87348 0.66811
v 66.36247 1.58721 0.88028
v 68.41002 1.57633 0.74276
v 68.91962 1.52017 0.73254
v 67.89925 1.21142 0.94007
v 67.89925 1.43115 0.84726
v 68.41002 1.16145 0.92774
v 68.91962 1.11155 0.91541
v 68.91962 1.32475 0.82465
v 68.41002 1.37792 0.83595
v 67.89925 1.81458 0.65903
v 67.89925 1.63258 0.75298
v 68.41002 1.75559 0.64993
v 68.91962 1.69669 0.64084
v 66.36247 1.11118 1.06440
v 66.36247 2.15693 0.59060
v 69.42777 1.27169 0.81337
v 69.42777 1.46411 0.72235
v 69.93423 1.21738 0.80225
v 69.93423 1.57797 0.62287
v 69.93423 1.40685 0.71233
v 69.42777 1.63792 0.63177
v 70.94104 1.29274 0.69237
v 70.43874 1.16316 0.79117
v 70.94104 1.10913 0.78011
v 70.43874 1.51814 0.61400
v 70.94104 1.45854 0.60516
v 70.43874 1.34969 0.70233
v 71.44086 1.23604 0.68245
v 71.44086 1.39920 0.59635
v 71.93796 1.33109 -0.00759
v 72.43208 1.26976 -0.00550
v 71.93796 1.16847 0.01009
v 72.43208 1.10957 0.01224
v 71.93796 1.47545 -0.02032
v 72.43208 1.41196 -0.01835
v 72.43208 1.53544 -0.02546
v 72.92297 1.20884 -0.00349
v 72.92297 1.34890 -0.01645
v 72.92297 1.47053 -0.02374
v 72.92297 1.57315 -0.02490
v 71.93796 1.60079 -0.02724
v 71.93796 1.70651 -0.02790
v 71.93796 1.79127 -0.01813
v 72.43208 1.63961 -0.02638
v 72.43208 1.72314 -0.01702
v 72.43208 1.78607 0.00097
v 71.93796 1.85510 0.00037
v 71.93796 1.89762 0.02811
v 71.93796 1.90886 0.10857
v 72.43208 1.82803 0.02808
v 72.43208 1.83926 0.10714
v 72.92297 1.65547 -0.01594
v 72.92297 1.71751 0.00155
v 72.92297 1.75890 0.02804
v 72.92297 1.77011 0.10572
v 73.49236 1.13819 -0.00124
v 73.41038 1.14836 -0.00156
v 73.41038 1.28630 -0.01461
v 73.49236 1.27577 -0.01430
v 73.41038 1.40609 -0.02206
v 73.49236 1.39525 -0.02179
v 73.41038 1.50717 -0.02347
v 73.49236 1.49607 -0.02324
v 73.49236 1.57698 -0.01471
v 73.89405 1.22309 -0.01303
v 74.37375 1.16019 -0.01154
v 74.37375 1.27641 -0.01925
v 73.89405 1.08723 0.00009
v 73.89405 1.34108 -0.02062
v 73.89405 1.44066 -0.02223
v 73.89405 1.52058 -0.01399
v 74.37375 1.37450 -0.02105
v 74.37375 1.45324 -0.01314
v 74.37375 1.51266 0.00297
v 74.37375 1.55239 0.02774
v 74.37375 1.56350 0.10147
v 73.41038 1.58828 -0.01489
v 73.49236 1.63798 0.00220
v 73.41038 1.64943 0.00210
v 73.41038 1.69027 0.02798
v 73.49236 1.67872 0.02797
v 73.41038 1.70145 0.10429
v 73.49236 1.68991 0.10405
v 73.89405 1.58086 0.00256
v 73.89405 1.62115 0.02787
v 73.89405 1.63230 0.10288
v 72.92297 1.57694 0.33812
v 72.43208 1.27870 0.57846
v 72.43208 1.54012 0.41919
v 71.93796 1.48122 0.50464
v 72.43208 1.41881 0.49687
v 72.92297 1.21893 0.56960
v 72.92297 1.47612 0.41259
v 72.92297 1.35678 0.48915
v 72.43208 1.82120 0.18804
v 72.43208 1.78722 0.21087
v 72.43208 1.82543 0.21224
v 71.93796 1.79267 0.27808
v 71.93796 1.70871 0.34911
v 72.43208 1.64262 0.34359
v 72.43208 1.72519 0.27365
v 71.93796 1.85577 0.21428
v 71.93796 1.89034 0.19096
v 71.93796 1.89464 0.21540
v 72.92297 1.75250 0.18513
v 72.92297 1.71911 0.20749
v 72.92297 1.75668 0.20911
v 72.92297 1.65813 0.26926
v 71.93796 1.60451 0.42585
v 73.41038 1.51171 0.33270
v 73.49236 1.50074 0.33179
v 74.37375 1.51542 0.19776
v 74.37375 1.54714 0.17670
v 74.37375 1.55114 0.19995
v 73.89405 1.44585 0.32750
v 73.89405 1.52436 0.26075
v 74.37375 1.38028 0.32239
v 74.37375 1.45749 0.25665
v 73.41038 1.15954 0.56081
v 73.49236 1.14955 0.55933
v 73.41038 1.29516 0.48150
v 73.49236 1.28480 0.48021
v 73.41038 1.41256 0.40605
v 73.49236 1.40186 0.40495
v 74.37375 1.17068 0.46693
v 74.37375 1.28433 0.39361
v 73.89405 1.09935 0.55238
v 73.89405 1.23280 0.47416
v 73.89405 1.34830 0.39978
v 73.49236 1.64008 0.20358
v 73.41038 1.65146 0.20414
v 73.41038 1.68428 0.18225
v 73.49236 1.67281 0.18176
v 73.41038 1.68840 0.20599
v 73.49236 1.67691 0.20547
v 73.41038 1.59154 0.26491
v 73.49236 1.58034 0.26418
v 73.89405 1.58327 0.20093
v 73.89405 1.61554 0.17946
v 73.89405 1.61960 0.20295
v 74.84923 1.09784 -0.01011
v 74.84923 1.21231 -0.01793
v 74.84923 1.30892 -0.01991
v 74.84923 1.38650 -0.01231
v 74.84923 1.44505 0.00337
v 74.84923 1.48424 0.02761
v 74.84923 1.49530 0.10007
v 75.32024 1.14881 -0.01665
v 75.51166 1.12301 -0.01614
v 75.32024 1.24397 -0.01881
v 75.32024 1.32039 -0.01152
v 75.51166 1.21757 -0.01837
v 75.51166 1.29352 -0.01120
v 75.78654 1.08582 -0.01542
v 75.78654 1.17955 -0.01774
v 75.78654 1.25485 -0.01075
v 75.78654 1.31172 0.00412
v 75.32024 1.37809 0.00375
v 75.32024 1.41673 0.02746
v 75.51166 1.35087 0.00390
v 75.51166 1.38929 0.02740
v 75.32024 1.42774 0.09868
v 75.51166 1.40028 0.09812
v 75.78654 1.34983 0.02732
v 75.78654 1.36079 0.09734
v 76.24789 1.11574 -0.01671
v 76.24789 1.18995 -0.01001
v 76.70407 1.12577 -0.00929
v 76.24789 1.24601 0.00448
v 76.24789 1.28360 0.02718
v 76.24789 1.29451 0.09602
v 76.70407 1.18103 0.00482
v 76.70407 1.21811 0.02704
v 76.70407 1.22896 0.09471
v 77.15483 1.11683 0.00514
v 77.15483 1.15340 0.02688
v 77.15483 1.16419 0.09341
v 74.84923 1.31527 0.31733
v 74.84923 1.44815 0.19463
v 74.84923 1.47933 0.17398
v 74.84923 1.48329 0.19696
v 74.84923 1.39120 0.25259
v 75.78654 1.31543 0.18852
v 75.32024 1.32553 0.24857
v 75.51166 1.29883 0.24694
v 75.32024 1.25086 0.31233
v 75.51166 1.22468 0.31029
v 75.78654 1.18695 0.30745
v 75.78654 1.26039 0.24466
v 75.32024 1.41216 0.17128
v 75.51166 1.38485 0.17018
v 75.32024 1.38150 0.19153
v 75.32024 1.41606 0.19401
v 75.51166 1.35441 0.19027
v 75.51166 1.38873 0.19281
v 75.78654 1.34557 0.16865
v 75.78654 1.34942 0.19114
v 74.84923 1.10909 0.45977
v 74.84923 1.22089 0.38749
v 75.32024 1.15803 0.38144
v 75.51166 1.13248 0.37899
v 75.78654 1.09563 0.37555
v 76.24789 1.27964 0.16609
v 76.24789 1.25000 0.18558
v 76.24789 1.28344 0.18834
v 76.70407 1.18529 0.18267
v 76.70407 1.21444 0.16356
v 76.70407 1.21819 0.18556
v 76.24789 1.19587 0.24085
v 76.24789 1.12362 0.30269
v 76.70407 1.13206 0.23708
v 77.15483 1.15001 0.16106
v 77.15483 1.12135 0.17981
v 77.15483 1.15371 0.18282
v 71.93796 1.17824 0.67233
v 72.43208 1.12066 0.66226
v 71.93796 1.33884 0.58738
v 77.52842 -2.72857 -0.02321
v 77.59995 -2.72994 -0.02240
v 78.03920 -2.73840 -0.01749
v 77.52842 -2.48139 0.03034
v 77.59995 -2.48334 0.03098
v 78.03920 -2.49530 0.03486
v 78.47235 -2.74673 -0.01278
v 78.47235 -2.50710 0.03857
v 77.52842 -2.23517 0.07867
v 77.59995 -2.23769 0.07915
v 78.03920 -2.25315 0.08208
v 78.47235 -2.26840 0.08485
v 78.89919 -2.75494 -0.00826
v 79.31949 -2.76301 -0.00394
v 79.54772 -2.76739 -0.00164
v 78.89919 -2.51871 0.04210
v 79.31949 -2.53014 0.04546
v 79.54772 -2.53635 0.04723
v 79.73304 -2.77239 0.00006
v 80.13963 -2.78336 0.00371
v 79.73304 -2.54276 0.04853
v 80.13963 -2.55681 0.05131
v 78.89919 -2.28341 0.08747
v 79.31949 -2.29820 0.08994
v 79.54772 -2.30623 0.09123
v 79.73304 -2.31403 0.09216
v 80.13963 -2.33117 0.09413
v 77.52842 -1.99053 0.11994
v 77.59995 -1.99362 0.12029
v 78.03920 -2.01256 0.12237
v 78.47235 -2.03124 0.12430
v 78.89919 -2.04965 0.12611
v 79.31949 -2.06777 0.12778
v 79.54772 -2.07761 0.12865
v 79.73304 -2.08682 0.12924
v 80.13963 -2.10701 0.13049
v 80.13963 -1.88468 0.15754
v 77.52842 -1.74782 0.15103
v 77.59995 -1.75147 0.15127
v 78.03920 -1.77389 0.15264
v 77.52842 -1.50736 0.16876
v 77.59995 -1.51157 0.16891
v 78.03920 -1.53744 0.16976
v 78.47235 -1.79599 0.15388
v 78.47235 -1.56294 0.17051
v 77.52842 -1.27099 0.17730
v 77.59995 -1.27576 0.17739
v 78.03920 -1.30502 0.17786
v 77.52842 -1.03986 0.17772
v 77.59995 -1.04517 0.17776
v 78.03920 -1.07776 0.17798
v 78.47235 -1.33387 0.17825
v 78.47235 -1.10990 0.17811
v 78.89919 -1.81776 0.15502
v 79.31949 -1.83921 0.15604
v 79.54772 -1.85085 0.15655
v 78.89919 -1.58807 0.17116
v 79.31949 -1.61281 0.17171
v 79.54772 -1.62625 0.17197
v 79.31949 -1.39030 0.17875
v 79.54772 -1.40550 0.17883
v 79.73304 -1.86144 0.15688
v 79.73304 -1.63822 0.17210
v 80.13963 -1.66449 0.17235
v 79.73304 -1.41883 0.17882
v 80.13963 -1.44809 0.17876
v 78.89919 -1.36230 0.17854
v 79.31949 -1.17276 0.17815
v 79.54772 -1.18969 0.17811
v 78.89919 -1.14157 0.17817
v 78.89919 -0.92696 0.17111
v 79.31949 -0.96126 0.17097
v 79.54772 -0.97988 0.17086
v 79.73304 -1.20436 0.17801
v 80.13963 -1.23653 0.17775
v 79.73304 -0.99584 0.17071
v 80.13963 -1.03086 0.17035
v 80.53905 -2.79413 0.00721
v 80.93111 -2.80470 0.01054
v 80.53905 -2.57061 0.05395
v 80.93111 -2.58416 0.05645
v 81.31558 -2.81506 0.01372
v 81.56702 -2.82183 0.01575
v 81.31558 -2.59744 0.05882
v 81.31558 -2.38070 0.09933
v 81.56702 -2.60613 0.06033
v 81.56702 -2.39129 0.10035
v 80.53905 -2.34799 0.09598
v 80.93111 -2.36451 0.09771
v 81.69229 -2.82613 0.01684
v 82.06104 -2.83878 0.02000
v 81.69229 -2.61131 0.06118
v 81.69229 -2.39736 0.10098
v 82.06104 -2.62657 0.06362
v 82.06104 -2.41522 0.10277
v 82.42164 -2.85115 0.02300
v 82.42164 -2.64149 0.06594
v 82.77390 -2.86322 0.02586
v 82.77390 -2.65605 0.06813
v 82.42164 -2.43268 0.10446
v 82.77390 -2.44974 0.10603
v 80.93111 -2.14632 0.13270
v 80.53905 -2.12685 0.13164
v 80.53905 -1.90751 0.15811
v 80.93111 -1.92992 0.15861
v 81.31558 -2.16541 0.13365
v 81.56702 -2.17790 0.13424
v 81.31558 -1.95190 0.15902
v 81.56702 -1.96627 0.15925
v 81.69229 -2.18485 0.13467
v 82.06104 -2.20529 0.13588
v 81.69229 -1.97409 0.15952
v 82.06104 -1.99711 0.16026
v 82.42164 -2.22529 0.13700
v 82.77390 -2.24481 0.13803
v 82.42164 -2.01962 0.16093
v 82.77390 -2.04161 0.16151
v 80.53905 -1.69029 0.17251
v 80.93111 -1.71562 0.17261
v 80.53905 -1.47682 0.17863
v 80.93111 -1.50503 0.17845
v 81.31558 -1.74046 0.17265
v 81.56702 -1.75671 0.17263
v 81.31558 -1.53269 0.17822
v 81.56702 -1.55079 0.17803
v 80.53905 -1.26814 0.17744
v 80.93111 -1.29917 0.17708
v 80.53905 -1.06527 0.16995
v 80.93111 -1.09905 0.16950
v 80.93111 -0.90565 0.15672
v 81.31558 -1.32960 0.17668
v 81.56702 -1.34950 0.17638
v 81.56702 -1.15383 0.16866
v 81.31558 -1.13217 0.16901
v 81.31558 -0.94138 0.15622
v 81.56702 -0.96475 0.15587
v 81.69229 -1.76540 0.17279
v 82.06104 -1.79098 0.17320
v 81.69229 -1.56033 0.17810
v 82.06104 -1.58843 0.17828
v 82.06104 -1.39044 0.17643
v 82.42164 -1.81599 0.17354
v 82.77390 -1.84042 0.17381
v 82.77390 -1.64274 0.17845
v 82.42164 -1.61590 0.17839
v 82.42164 -1.42033 0.17640
v 82.77390 -1.44952 0.17632
v 81.69229 -1.35988 0.17640
v 81.69229 -1.16503 0.16866
v 82.06104 -1.19799 0.16861
v 81.69229 -0.97674 0.15586
v 82.06104 -1.01203 0.15580
v 82.42164 -1.23023 0.16851
v 82.77390 -1.26171 0.16837
v 82.42164 -1.04654 0.15570
v 82.77390 -1.08024 0.15556
v 82.77390 -0.90577 0.13766
v 77.59995 -2.66260 0.89123
v 77.52842 -2.66125 0.89271
v 78.03920 -2.67087 0.88208
v 77.52842 -2.41762 0.95345
v 77.59995 -2.41953 0.95179
v 78.03920 -2.43124 0.94149
v 78.47235 -2.67906 0.87295
v 78.47235 -2.44283 0.93123
v 77.52842 -2.17480 1.00345
v 77.59995 -2.17727 1.00162
v 78.03920 -2.19243 0.99033
v 77.59995 -1.93613 1.03740
v 77.52842 -1.93310 1.03936
v 78.03920 -1.95473 1.02533
v 78.47235 -2.20741 0.97911
v 78.47235 -1.97311 1.01334
v 78.89919 -2.68715 0.86385
v 79.31949 -2.69514 0.85478
v 79.54772 -2.69949 0.84981
v 78.89919 -2.45427 0.92103
v 79.31949 -2.46557 0.91088
v 79.54772 -2.47171 0.90534
v 79.73304 -2.70450 0.84603
v 80.13963 -2.71550 0.83766
v 79.73304 -2.47810 0.90111
v 80.13963 -2.49213 0.89177
v 78.89919 -2.22221 0.96795
v 79.31949 -2.23681 0.95688
v 79.54772 -2.24474 0.95084
v 78.89919 -1.99126 1.00143
v 79.31949 -2.00915 0.98963
v 79.54772 -2.01889 0.98319
v 80.13963 -2.26957 0.93605
v 79.73304 -2.25251 0.94622
v 79.73304 -2.02803 0.97828
v 80.13963 -2.04812 0.96745
v 78.03920 -1.71814 1.04177
v 78.03920 -1.48465 1.04470
v 78.47235 -1.73992 1.02929
v 78.47235 -1.50980 1.03192
v 77.52842 -1.22183 1.05016
v 77.59995 -1.22652 1.04805
v 78.03920 -1.25537 1.03505
v 77.52842 -0.99403 1.02887
v 77.59995 -0.99926 1.02677
v 78.03920 -1.03142 1.01383
v 78.47235 -1.28385 1.02216
v 78.47235 -1.06316 1.00102
v 78.89919 -1.76142 1.01690
v 79.31949 -1.78262 1.00464
v 79.54772 -1.79415 0.99795
v 78.89919 -1.53463 1.01926
v 79.31949 -1.55910 1.00672
v 79.54772 -1.57240 0.99989
v 79.73304 -1.80468 0.99285
v 80.13963 -1.82779 0.98160
v 79.73304 -1.58430 0.99468
v 80.13963 -1.61042 0.98320
v 80.13963 -1.39703 0.97310
v 78.89919 -1.31195 1.00941
v 79.54772 -1.35471 0.98990
v 79.31949 -1.33965 0.99678
v 78.89919 -1.09447 0.98833
v 79.31949 -1.12534 0.97579
v 79.54772 -1.14211 0.96896
v 79.31949 -0.91720 0.94481
v 79.54772 -0.93565 0.93811
v 79.73304 -1.36795 0.98466
v 79.73304 -1.15668 0.96375
v 80.13963 -1.18866 0.95228
v 79.73304 -0.95150 0.93300
v 80.13963 -0.98631 0.92176
v 77.52842 -1.69250 1.05640
v 77.59995 -1.69608 1.05436
v 77.52842 -1.45503 1.05968
v 77.59995 -1.45917 1.05759
v 81.31558 -2.74742 0.81297
v 81.56702 -2.75427 0.80759
v 80.53905 -2.72632 0.82936
v 80.93111 -2.73696 0.82112
v 80.53905 -2.50593 0.88251
v 80.93111 -2.51950 0.87335
v 81.31558 -2.53283 0.86429
v 81.56702 -2.54156 0.85833
v 80.53905 -2.28635 0.92598
v 80.93111 -2.30285 0.91602
v 80.53905 -2.06788 0.95674
v 80.93111 -2.08730 0.94617
v 81.31558 -2.31905 0.90619
v 81.56702 -2.32965 0.89972
v 81.31558 -2.10636 0.93573
v 81.56702 -2.11884 0.92887
v 81.31558 -1.89480 0.94871
v 81.56702 -1.90916 0.94161
v 81.69229 -2.75854 0.80497
v 82.06104 -2.77114 0.79721
v 82.42164 -2.78347 0.78957
v 82.77390 -2.79554 0.78206
v 81.69229 -2.54670 0.85543
v 82.06104 -2.56186 0.84686
v 82.42164 -2.57670 0.83843
v 82.77390 -2.59121 0.83015
v 82.77390 -2.38769 0.86929
v 81.69229 -2.33566 0.89658
v 82.06104 -2.35338 0.88732
v 82.06104 -2.14599 0.91575
v 81.69229 -2.12572 0.92555
v 82.06104 -1.93974 0.92804
v 81.69229 -1.91691 0.93818
v 82.42164 -2.37072 0.87822
v 82.42164 -2.16584 0.90612
v 82.77390 -2.18525 0.89668
v 82.42164 -1.96208 0.91810
v 82.77390 -1.98393 0.90835
v 80.53905 -1.85053 0.97049
v 80.93111 -1.87287 0.95953
v 80.93111 -1.66134 0.96068
v 80.53905 -1.63610 0.97186
v 80.53905 -1.42562 0.96171
v 80.93111 -1.45371 0.95047
v 81.31558 -1.68611 0.94965
v 81.56702 -1.70232 0.94242
v 81.56702 -1.49932 0.93213
v 81.31558 -1.48128 0.93939
v 80.93111 -1.25098 0.92983
v 80.53905 -1.22010 0.94097
v 80.53905 -1.02053 0.91068
v 80.93111 -1.05413 0.89976
v 81.31558 -1.28129 0.91885
v 81.56702 -1.30112 0.91165
v 81.31558 -1.08711 0.88901
v 81.31558 -0.89909 0.84784
v 81.56702 -1.10869 0.88196
v 81.56702 -0.92237 0.84105
v 82.06104 -1.73630 0.92861
v 81.69229 -1.71093 0.93892
v 81.69229 -1.50878 0.92862
v 82.06104 -1.53664 0.91826
v 82.42164 -1.76112 0.91849
v 82.77390 -1.78539 0.90858
v 82.42164 -1.56390 0.90811
v 82.77390 -1.59056 0.89817
v 82.77390 -1.40036 0.87801
v 82.42164 -1.00352 0.81860
v 82.77390 -1.03700 0.80932
v 81.69229 -1.31141 0.90817
v 82.06104 -1.34172 0.89791
v 82.06104 -1.15248 0.86851
v 81.69229 -1.11979 0.87855
v 81.69229 -0.93426 0.83776
v 82.06104 -0.96926 0.82808
v 82.42164 -1.37137 0.88786
v 82.42164 -1.18447 0.85867
v 82.77390 -1.21574 0.84904
v 77.52842 -0.00157 0.09562
v 77.59995 -0.00933 0.09566
v 78.03920 -0.05697 0.09589
v 78.47235 -0.10394 0.09606
v 78.47235 0.06706 0.07281
v 79.31949 -0.19581 0.09627
v 79.54772 -0.22056 0.09630
v 78.89919 -0.15023 0.09619
v 78.89919 0.01828 0.07308
v 79.31949 -0.02975 0.07330
v 79.54772 -0.05584 0.07341
v 79.73304 -0.24124 0.09627
v 80.13963 -0.28662 0.09617
v 79.73304 -0.07755 0.07344
v 79.73304 0.07442 0.05104
v 80.13963 -0.12517 0.07348
v 80.13963 0.02470 0.05123
v 77.52842 -0.81513 0.17112
v 77.59995 -0.82096 0.17113
v 78.03920 -0.85680 0.17120
v 77.52842 -0.59790 0.15864
v 77.59995 -0.60425 0.15865
v 78.03920 -0.64323 0.15865
v 78.03920 -0.43783 0.14007
v 78.47235 -0.89214 0.17119
v 78.47235 -0.68167 0.15859
v 78.47235 -0.47925 0.14004
v 77.52842 -0.38898 0.14002
v 77.59995 -0.39582 0.14003
v 77.52842 -0.18986 0.11862
v 77.59995 -0.19717 0.11865
v 78.03920 -0.24207 0.11876
v 78.47235 -0.28635 0.11882
v 78.89919 -0.71955 0.15846
v 79.54772 -0.77710 0.15815
v 79.31949 -0.75685 0.15827
v 78.89919 -0.52008 0.13996
v 79.31949 -0.56027 0.13982
v 79.54772 -0.58210 0.13972
v 79.73304 -0.79432 0.15799
v 80.13963 -0.83210 0.15760
v 79.73304 -0.60053 0.13959
v 79.73304 -0.41586 0.11865
v 80.13963 -0.64097 0.13926
v 80.13963 -0.45884 0.11842
v 78.89919 -0.32998 0.11882
v 79.31949 -0.37294 0.11878
v 79.54772 -0.39627 0.11874
v 80.13963 0.05035 0.58487
v 77.52842 0.17494 0.07209
v 77.59995 0.16677 0.07215
v 77.52842 0.33882 0.04896
v 77.59995 0.33025 0.04904
v 78.03920 0.11657 0.07250
v 78.03920 0.27767 0.04953
v 77.52842 0.48903 0.02808
v 77.59995 0.48011 0.02818
v 78.03920 0.42534 0.02878
v 78.03920 0.55881 0.01129
v 78.47235 0.22581 0.04998
v 78.47235 0.37133 0.02935
v 78.47235 0.50286 0.01194
v 77.59995 0.73585 -0.00269
v 77.52842 0.74537 -0.00281
v 78.03920 0.67736 -0.00198
v 78.03920 0.78039 -0.01030
v 77.59995 0.61555 0.01061
v 77.52842 0.62479 0.01050
v 77.52842 0.85016 -0.01110
v 77.59995 0.84039 -0.01099
v 77.59995 0.92869 -0.01388
v 77.52842 0.93866 -0.01398
v 77.52842 1.00982 -0.00803
v 77.59995 0.99968 -0.00797
v 78.03920 0.86741 -0.01328
v 78.03920 0.93739 -0.00756
v 77.52842 1.06363 0.00540
v 77.59995 1.05336 0.00542
v 78.03920 0.99032 0.00554
v 78.03920 1.02589 0.02644
v 78.03920 1.03655 0.09086
v 78.47235 0.61969 -0.00129
v 78.47235 0.72123 -0.00964
v 78.47235 0.80699 -0.01269
v 78.47235 0.87598 -0.00717
v 78.47235 0.92816 0.00564
v 78.47235 0.96325 0.02617
v 78.47235 0.97383 0.08961
v 78.89919 0.17471 0.05039
v 78.89919 0.31812 0.02987
v 79.31949 0.12440 0.05076
v 79.54772 0.09708 0.05094
v 79.31949 0.26572 0.03037
v 79.54772 0.23726 0.03062
v 78.89919 0.56286 -0.00063
v 79.54772 0.57435 -0.00805
v 78.89919 0.44773 0.01256
v 79.31949 0.39344 0.01314
v 79.54772 0.36396 0.01345
v 79.31949 0.50690 -0.00001
v 79.54772 0.47652 0.00033
v 79.73304 0.21373 0.03078
v 79.73304 0.33964 0.01365
v 80.13963 0.16209 0.03110
v 80.13963 0.28628 0.01407
v 79.73304 0.54872 -0.00783
v 80.13963 0.49250 -0.00735
v 80.13963 0.57352 -0.01066
v 79.73304 0.45150 0.00055
v 80.13963 0.39660 0.00103
v 78.89919 0.66293 -0.00900
v 78.89919 0.74746 -0.01213
v 78.89919 0.81545 -0.00679
v 79.31949 0.60552 -0.00838
v 79.31949 0.68883 -0.01158
v 79.54772 0.65700 -0.01129
v 79.31949 0.75586 -0.00643
v 79.54772 0.72350 -0.00623
v 79.31949 0.80659 0.00584
v 79.54772 0.77384 0.00589
v 79.54772 0.80772 0.02550
v 79.54772 0.81809 0.08650
v 78.89919 0.86691 0.00575
v 78.89919 0.90151 0.02591
v 78.89919 0.91201 0.08838
v 79.31949 0.84072 0.02564
v 79.31949 0.85115 0.08716
v 79.73304 0.63086 -0.01109
v 79.73304 0.69696 -0.00610
v 80.13963 0.63872 -0.00582
v 79.73304 0.74699 0.00592
v 79.73304 0.78067 0.02537
v 79.73304 0.79101 0.08598
v 80.13963 0.68808 0.00596
v 80.13963 0.72133 0.02510
v 80.13963 0.73159 0.08485
v 77.52842 0.50964 0.56260
v 77.59995 0.50079 0.56135
v 78.03920 0.44642 0.55364
v 78.03920 0.57697 0.48248
v 78.47235 0.39279 0.54603
v 78.47235 0.52137 0.47579
v 78.03920 0.79254 0.34803
v 77.52842 1.01673 0.23028
v 77.59995 1.00662 0.22974
v 77.52842 1.06834 0.17743
v 77.59995 1.05810 0.17702
v 78.03920 0.94455 0.22644
v 78.03920 0.99522 0.17446
v 78.03920 1.02298 0.15634
v 78.03920 1.02659 0.17757
v 77.52842 0.94777 0.28950
v 77.59995 0.93783 0.28883
v 78.03920 0.87683 0.28471
v 78.47235 0.81666 0.28065
v 78.47235 0.73366 0.34311
v 78.47235 0.93321 0.17193
v 78.47235 0.88333 0.22318
v 78.47235 0.96054 0.15409
v 78.47235 0.96411 0.17504
v 77.52842 0.76019 0.42029
v 77.59995 0.75072 0.41934
v 78.03920 0.69257 0.41347
v 77.52842 0.64252 0.49036
v 77.59995 0.63334 0.48926
v 77.52842 0.86195 0.35383
v 77.59995 0.85223 0.35302
v 78.47235 0.63522 0.40768
v 79.54772 0.58745 0.33088
v 79.73304 0.56191 0.32890
v 80.13963 0.58400 0.26534
v 80.13963 0.50587 0.32456
v 78.89919 0.33992 0.53852
v 79.31949 0.28784 0.53111
v 79.54772 0.25956 0.52708
v 78.89919 0.57869 0.40197
v 79.31949 0.41258 0.46267
v 79.54772 0.38326 0.45913
v 79.31949 0.52301 0.39634
v 79.54772 0.49277 0.39328
v 78.89919 0.46656 0.46918
v 80.13963 0.30589 0.45052
v 79.73304 0.23613 0.52401
v 80.13963 0.18473 0.51728
v 79.73304 0.35904 0.45643
v 79.73304 0.46785 0.39095
v 80.13963 0.41315 0.38584
v 78.89919 0.82300 0.21997
v 79.31949 0.81191 0.16700
v 79.54772 0.80549 0.14850
v 79.54772 0.77922 0.16567
v 79.54772 0.80898 0.16876
v 79.31949 0.76358 0.21681
v 79.54772 0.73131 0.21509
v 78.89919 0.67564 0.33826
v 78.89919 0.75736 0.27664
v 79.31949 0.69895 0.27270
v 79.54772 0.66724 0.27055
v 79.31949 0.61848 0.33347
v 78.89919 0.87209 0.16944
v 78.89919 0.89900 0.15187
v 78.89919 0.90254 0.17255
v 79.31949 0.83840 0.14969
v 79.31949 0.84190 0.17009
v 79.73304 0.70483 0.21378
v 79.73304 0.75242 0.16465
v 79.73304 0.77852 0.14759
v 79.73304 0.78199 0.16773
v 80.13963 0.69362 0.16243
v 80.13963 0.64673 0.21091
v 80.13963 0.71934 0.14560
v 80.13963 0.72277 0.16548
v 79.73304 0.64118 0.26892
v 81.31558 -0.41785 0.09570
v 81.56702 -0.44592 0.09557
v 80.53905 -0.33119 0.09604
v 80.53905 -0.17196 0.07350
v 80.93111 -0.37495 0.09589
v 80.93111 -0.21788 0.07349
v 80.53905 -0.02414 0.05140
v 80.93111 -0.07208 0.05155
v 80.93111 0.06159 0.03168
v 81.31558 -0.26292 0.07346
v 81.56702 -0.29237 0.07342
v 81.31558 -0.11909 0.05166
v 81.31558 0.01277 0.03193
v 81.56702 -0.14983 0.05173
v 81.56702 -0.01916 0.03208
v 81.69229 -0.46008 0.09564
v 82.06104 -0.50176 0.09583
v 82.42164 -0.54252 0.09599
v 82.77390 -0.58233 0.09611
v 82.77390 -0.43498 0.07436
v 81.69229 -0.30717 0.07354
v 81.69229 -0.16523 0.05188
v 82.06104 -0.35075 0.07384
v 82.06104 -0.21056 0.05231
v 81.69229 -0.03511 0.03226
v 81.69229 0.08251 0.01563
v 82.06104 -0.08205 0.03279
v 82.06104 0.03412 0.01621
v 82.42164 -0.39336 0.07412
v 82.42164 -0.25489 0.05270
v 82.77390 -0.29819 0.05305
v 82.77390 -0.17279 0.03373
v 82.42164 -0.12795 0.03327
v 82.42164 -0.01321 0.01677
v 82.42164 0.08875 0.00402
v 82.77390 -0.05943 0.01730
v 82.77390 0.04129 0.00458
v 80.53905 -0.86922 0.15718
v 80.53905 -0.68070 0.13890
v 80.93111 -0.71970 0.13851
v 80.53905 -0.50106 0.11817
v 80.93111 -0.54250 0.11788
v 81.31558 -0.75794 0.13808
v 81.56702 -0.78295 0.13778
v 81.31558 -0.58314 0.11756
v 81.56702 -0.60971 0.11733
v 80.53905 0.00173 0.57744
v 80.93111 -0.04601 0.57013
v 80.93111 0.08464 0.50413
v 81.31558 -0.09284 0.56294
v 81.31558 0.03599 0.49773
v 81.56702 -0.12347 0.55824
v 81.56702 0.00417 0.49353
v 81.69229 -0.79570 0.13779
v 82.06104 -0.83323 0.13779
v 82.06104 -0.66285 0.11746
v 81.69229 -0.62319 0.11737
v 82.42164 -0.86992 0.13774
v 82.42164 -0.70163 0.11750
v 82.77390 -0.73952 0.11751
v 82.06104 -0.18382 0.54922
v 82.06104 0.05472 0.42260
v 81.69229 -0.13877 0.55595
v 81.69229 -0.01168 0.49149
v 82.06104 -0.05836 0.48548
v 82.42164 -0.22790 0.54263
v 82.77390 -0.27096 0.53619
v 82.42164 0.00763 0.41744
v 82.77390 -0.03839 0.41240
v 82.77390 0.05917 0.35291
v 82.42164 -0.10402 0.47961
v 82.77390 -0.14864 0.47387
v 80.53905 0.11137 0.03140
v 80.53905 0.23386 0.01447
v 80.93111 0.18241 0.01484
v 80.93111 0.28974 0.00192
v 80.53905 0.43726 -0.00688
v 80.53905 0.51718 -0.01025
v 80.53905 0.58151 -0.00556
v 80.93111 0.38305 -0.00644
v 80.93111 0.46189 -0.00985
v 80.93111 0.52535 -0.00530
v 80.53905 0.34267 0.00148
v 80.93111 0.57342 0.00605
v 81.31558 0.32988 -0.00601
v 81.56702 0.29512 -0.00573
v 81.31558 0.13195 0.01520
v 81.31558 0.23784 0.00233
v 81.56702 0.09895 0.01542
v 81.56702 0.20389 0.00260
v 81.31558 0.40767 -0.00946
v 81.31558 0.47029 -0.00505
v 81.56702 0.37221 -0.00921
v 81.56702 0.43427 -0.00488
v 81.31558 0.51772 0.00608
v 81.31558 0.54970 0.02431
v 81.31558 0.55973 0.08158
v 81.56702 0.48130 0.00611
v 81.56702 0.51300 0.02414
v 81.56702 0.52298 0.08088
v 80.53905 0.63022 0.00601
v 80.53905 0.66303 0.02484
v 80.53905 0.67322 0.08374
v 80.93111 0.60582 0.02457
v 80.93111 0.61592 0.08265
v 81.69229 0.27786 -0.00553
v 82.06104 0.22706 -0.00493
v 82.06104 0.30289 -0.00850
v 81.69229 0.18701 0.00281
v 82.06104 0.13733 0.00343
v 81.69229 0.35463 -0.00903
v 81.69229 0.41644 -0.00475
v 82.06104 0.36396 -0.00438
v 81.69229 0.46328 0.00616
v 81.69229 0.49486 0.02409
v 81.69229 0.50482 0.08056
v 82.06104 0.41024 0.00631
v 82.06104 0.44146 0.02393
v 82.06104 0.45135 0.07964
v 82.42164 0.17739 -0.00435
v 82.42164 0.25230 -0.00799
v 82.42164 0.31264 -0.00402
v 82.77390 0.12886 -0.00381
v 82.77390 0.20288 -0.00750
v 82.77390 0.26251 -0.00368
v 82.77390 0.30771 0.00658
v 82.77390 0.33823 0.02362
v 82.42164 0.35837 0.00644
v 82.42164 0.38924 0.02378
v 82.42164 0.39907 0.07874
v 82.77390 0.34799 0.07786
v 80.93111 0.57913 0.15809
v 80.93111 0.53360 0.20532
v 80.53905 0.45081 0.32029
v 80.53905 0.52782 0.26182
v 80.93111 0.39676 0.31610
v 80.93111 0.47267 0.25837
v 81.56702 0.30907 0.30929
v 81.31558 0.52351 0.15599
v 81.31558 0.54815 0.13983
v 81.31558 0.55149 0.15896
v 81.31558 0.47864 0.20261
v 81.56702 0.44269 0.20083
v 81.56702 0.51154 0.13859
v 81.56702 0.48714 0.15461
v 81.56702 0.51486 0.15756
v 81.31558 0.41858 0.25497
v 81.31558 0.34374 0.31198
v 81.56702 0.38320 0.25275
v 80.53905 0.25368 0.44469
v 80.93111 0.20241 0.43897
v 80.93111 0.30666 0.37586
v 80.53905 0.13422 0.51065
v 80.53905 0.35941 0.38081
v 81.31558 0.15212 0.43335
v 81.31558 0.25491 0.37101
v 81.56702 0.11923 0.42967
v 81.56702 0.22106 0.36783
v 80.53905 0.63584 0.16024
v 80.53905 0.66119 0.14364
v 80.53905 0.66460 0.16327
v 80.53905 0.58964 0.20809
v 80.93111 0.60412 0.14171
v 80.93111 0.60750 0.16109
v 81.69229 0.29188 0.30797
v 82.06104 0.31413 0.24849
v 82.06104 0.24129 0.30410
v 81.69229 0.42491 0.19996
v 81.69229 0.49345 0.13801
v 81.69229 0.46916 0.15394
v 81.69229 0.49676 0.15691
v 82.06104 0.44019 0.13629
v 82.06104 0.41623 0.15198
v 82.06104 0.44347 0.15501
v 82.06104 0.37258 0.19742
v 81.69229 0.36569 0.25167
v 82.42164 0.32139 0.19493
v 82.77390 0.33723 0.13296
v 82.77390 0.31389 0.14820
v 82.77390 0.34044 0.15133
v 82.77390 0.27138 0.19251
v 82.42164 0.19181 0.30032
v 82.42164 0.26370 0.24537
v 82.77390 0.21444 0.24233
v 82.77390 0.14346 0.29663
v 82.42164 0.38811 0.13461
v 82.42164 0.36446 0.15007
v 82.42164 0.39135 0.15315
v 81.69229 0.20426 0.36629
v 81.69229 0.10287 0.42788
v 82.06104 0.15480 0.36173
v 82.42164 0.10643 0.35727
v 77.52842 -0.77274 0.99692
v 77.59995 -0.77850 0.99485
v 78.03920 -0.81388 0.98214
v 78.03920 -0.40101 0.88571
v 77.59995 -0.56459 0.94998
v 77.52842 -0.55832 0.95198
v 78.03920 -0.60312 0.93770
v 78.47235 -0.84881 0.96956
v 78.47235 -0.64114 0.92554
v 78.47235 -0.44201 0.87411
v 77.59995 0.02043 0.77441
v 77.52842 0.02811 0.77609
v 78.03920 -0.02675 0.76408
v 78.47235 -0.25241 0.81646
v 78.47235 0.09439 0.68766
v 78.47235 -0.07330 0.75386
v 77.52842 -0.35270 0.89935
v 77.59995 -0.35946 0.89745
v 77.52842 -0.15689 0.84029
v 77.59995 -0.16412 0.83849
v 78.03920 -0.20856 0.82741
v 80.13963 -0.42359 0.77495
v 78.89919 -0.67864 0.91352
v 79.31949 -0.71559 0.90165
v 79.54772 -0.73567 0.89518
v 78.89919 -0.88325 0.95711
v 78.89919 -0.48244 0.86263
v 79.54772 -0.54393 0.84513
v 79.31949 -0.52228 0.85130
v 79.73304 -0.75278 0.89025
v 80.13963 -0.79033 0.87941
v 79.73304 -0.56225 0.84043
v 80.13963 -0.60245 0.83009
v 78.89919 -0.29565 0.80563
v 79.31949 -0.33825 0.79494
v 79.54772 -0.36139 0.78912
v 79.31949 -0.16441 0.73381
v 79.54772 -0.18898 0.72839
v 78.89919 0.04599 0.67837
v 79.31949 -0.00168 0.66920
v 79.54772 -0.02758 0.66421
v 78.89919 -0.11920 0.74377
v 79.73304 -0.38086 0.78469
v 79.73304 -0.20954 0.72426
v 80.13963 -0.25467 0.71518
v 79.73304 -0.04917 0.66041
v 80.13963 -0.09654 0.65206
v 78.03920 0.14348 0.69707
v 78.03920 0.30166 0.62561
v 77.52842 0.20133 0.70814
v 77.59995 0.19323 0.70659
v 77.52842 0.36231 0.63564
v 77.59995 0.35382 0.63424
v 78.47235 0.25020 0.61709
v 78.89919 0.19948 0.60868
v 79.31949 0.14951 0.60037
v 79.54772 0.12236 0.59586
v 79.73304 0.09982 0.59242
v 80.93111 -0.68077 0.80987
v 80.53905 -0.46559 0.76535
v 80.93111 -0.50683 0.75590
v 81.31558 -0.71885 0.80000
v 81.56702 -0.74377 0.79353
v 81.56702 -0.41324 0.68314
v 81.31558 -0.54730 0.74660
v 81.56702 -0.57377 0.74051
v 80.53905 -0.82725 0.86872
v 80.93111 -0.86351 0.85819
v 80.53905 -0.64197 0.81990
v 80.93111 -0.34256 0.69745
v 80.93111 -0.18882 0.63576
v 80.53905 -0.29902 0.70624
v 80.53905 -0.14310 0.64384
v 81.31558 -0.38529 0.68880
v 81.31558 -0.23366 0.62781
v 81.56702 -0.26300 0.62260
v 81.69229 -0.75641 0.79040
v 82.06104 -0.79365 0.78118
v 81.69229 -0.42730 0.68039
v 82.06104 -0.46869 0.67229
v 81.69229 -0.58714 0.73756
v 82.06104 -0.62651 0.72887
v 82.42164 -0.83008 0.77214
v 82.42164 -0.66503 0.72036
v 82.77390 -0.86569 0.76331
v 82.77390 -0.70267 0.71204
v 82.42164 -0.50918 0.66437
v 82.77390 -0.54875 0.65663
v 82.77390 -0.40471 0.59822
v 81.69229 -0.27770 0.62007
v 82.06104 -0.32099 0.61263
v 82.42164 -0.36333 0.60535
v 83.11765 -2.67026 0.07020
v 83.45271 -2.68411 0.07215
v 83.58632 -2.68963 0.07291
v 83.77891 -2.70597 0.07384
v 83.11765 -2.46637 0.10750
v 83.45271 -2.48259 0.10887
v 83.77891 -2.50704 0.10995
v 83.58632 -2.48905 0.10940
v 84.09608 -2.73286 0.07533
v 84.40407 -2.75897 0.07670
v 84.09608 -2.53665 0.11082
v 84.40407 -2.56540 0.11159
v 84.70270 -2.78429 0.07797
v 84.99184 -2.80880 0.07914
v 84.70270 -2.59328 0.11229
v 84.99184 -2.62027 0.11290
v 85.27132 -2.83248 0.08022
v 85.54103 -2.85534 0.08121
v 85.27132 -2.64635 0.11344
v 85.54103 -2.67152 0.11391
v 85.60562 -2.86081 0.08144
v 85.80080 -2.75561 0.11246
v 85.60562 -2.67755 0.11402
v 83.11765 -2.26387 0.13897
v 83.45271 -2.28244 0.13983
v 83.58632 -2.28984 0.14015
v 83.77891 -2.30946 0.14038
v 83.11765 -2.06306 0.16202
v 83.45271 -2.08397 0.16246
v 83.45271 -1.88749 0.17417
v 83.58632 -2.09231 0.16262
v 83.77891 -2.11356 0.16258
v 83.58632 -1.89675 0.17422
v 83.77891 -1.91963 0.17401
v 84.09608 -2.34178 0.14070
v 84.09608 -2.14856 0.16247
v 84.40407 -2.37316 0.14095
v 84.40407 -2.18255 0.16230
v 84.09608 -1.95729 0.17361
v 84.40407 -1.99386 0.17317
v 84.70270 -2.40358 0.14113
v 84.99184 -2.43303 0.14126
v 85.27132 -2.46150 0.14133
v 85.54103 -2.48897 0.14136
v 85.80080 -2.57828 0.13903
v 85.60562 -2.49555 0.14135
v 85.80080 -2.40248 0.15822
v 84.70270 -2.21550 0.16209
v 84.99184 -2.24740 0.16183
v 84.70270 -2.02932 0.17269
v 84.99184 -2.06366 0.17218
v 85.27132 -2.27824 0.16153
v 85.54103 -2.30799 0.16121
v 85.60562 -2.31512 0.16112
v 85.60562 -2.13653 0.17095
v 85.80080 -2.22848 0.16772
v 85.27132 -2.09684 0.17164
v 85.54103 -2.12886 0.17109
v 85.27132 -1.91864 0.17484
v 85.54103 -1.95289 0.17414
v 85.80080 -2.05755 0.17059
v 85.60562 -1.96110 0.17397
v 85.80080 -1.89051 0.16762
v 84.40407 -0.96175 0.11638
v 84.70270 -1.01100 0.11595
v 84.99184 -1.05868 0.11551
v 84.99184 -0.91523 0.09512
v 85.54103 -1.14924 0.11459
v 85.80080 -1.27695 0.11227
v 85.60562 -1.15989 0.11447
v 85.27132 -1.10477 0.11505
v 85.27132 -0.96317 0.09483
v 85.54103 -1.00942 0.09451
v 85.60562 -1.02050 0.09444
v 85.80080 -1.14115 0.09268
v 85.80080 -0.89567 0.05338
v 85.80080 -1.01385 0.07282
v 83.11765 -1.86426 0.17402
v 83.11765 -1.66892 0.17845
v 83.45271 -1.69444 0.17840
v 83.58632 -1.70462 0.17837
v 83.77891 -1.72909 0.17804
v 83.11765 -1.47801 0.17620
v 83.45271 -1.50577 0.17603
v 83.58632 -1.51684 0.17595
v 83.77891 -1.54286 0.17556
v 84.09608 -1.76937 0.17746
v 84.40407 -1.80849 0.17684
v 84.09608 -1.58572 0.17488
v 84.09608 -1.40722 0.16677
v 84.40407 -1.62733 0.17418
v 84.40407 -1.45125 0.16605
v 83.11765 -1.29244 0.16819
v 83.45271 -1.32239 0.16797
v 83.45271 -1.14519 0.15516
v 83.58632 -1.33433 0.16787
v 83.77891 -1.36186 0.16747
v 83.58632 -1.15798 0.15507
v 83.77891 -1.18698 0.15469
v 83.11765 -1.11313 0.15538
v 83.11765 -0.94075 0.13754
v 83.45271 -0.97484 0.13739
v 83.77891 -1.01885 0.13702
v 83.58632 -0.98843 0.13732
v 84.09608 -1.23475 0.15404
v 84.40407 -1.28113 0.15337
v 84.09608 -1.06894 0.13648
v 84.09608 -0.91096 0.11679
v 84.40407 -1.11758 0.13593
v 84.70270 -1.84642 0.17620
v 84.70270 -1.66767 0.17345
v 84.99184 -1.88314 0.17553
v 84.99184 -1.70673 0.17270
v 84.70270 -1.49395 0.16531
v 84.99184 -1.53529 0.16456
v 85.54103 -1.78093 0.17117
v 85.27132 -1.74449 0.17194
v 85.60562 -1.78965 0.17098
v 85.80080 -1.72818 0.15961
v 85.27132 -1.57525 0.16380
v 85.54103 -1.61381 0.16302
v 85.27132 -1.41173 0.15127
v 85.54103 -1.45234 0.15056
v 85.60562 -1.62304 0.16284
v 85.80080 -1.57135 0.14741
v 85.60562 -1.46207 0.15038
v 85.80080 -1.42059 0.13080
v 84.70270 -1.32610 0.15269
v 84.70270 -1.16474 0.13535
v 84.99184 -1.36964 0.15198
v 84.99184 -1.21040 0.13477
v 85.54103 -1.29713 0.13356
v 85.27132 -1.25454 0.13417
v 85.60562 -1.30733 0.13342
v 85.80080 -1.10737 0.56907
v 85.80080 -0.98323 0.51798
v 85.60562 -0.98616 0.58408
v 86.05051 -2.85548 0.11036
v 87.32266 -2.30371 0.10895
v 87.14390 -2.19998 0.11166
v 87.32266 -2.18964 0.09379
v 86.94629 -2.08531 0.11460
v 86.94629 -1.96393 0.09859
v 87.14390 -2.08244 0.09609
v 87.32266 -2.08180 0.07780
v 87.32266 -1.88686 0.04573
v 87.14390 -1.97131 0.07966
v 87.32266 -1.98071 0.06159
v 87.67185 -2.82686 0.07863
v 87.67185 -2.65359 0.05176
v 87.50677 -2.73836 0.11214
v 87.50677 -2.62941 0.09968
v 87.67185 -2.73742 0.06528
v 87.82592 -2.81481 0.02426
v 87.82592 -2.75614 0.01478
v 87.96889 -2.86233 0.01215
v 87.96889 -2.85736 0.03709
v 87.96889 -2.86199 0.06226
v 87.96889 -2.87279 0.06905
v 87.96889 -2.86046 0.07126
v 87.82592 -2.70399 0.00727
v 87.82592 -2.65861 0.00206
v 87.82592 -2.62023 -0.00065
v 87.67185 -2.57576 0.03853
v 87.67185 -2.50439 0.02645
v 87.50677 -2.52561 0.08584
v 87.67185 -2.43986 0.01606
v 87.67185 -2.38250 0.00783
v 87.50677 -2.42747 0.07124
v 87.82592 -2.58925 0.00056
v 87.82592 -2.56570 0.00516
v 87.82592 -2.54972 0.01336
v 87.82592 -2.54426 0.04086
v 87.82592 -2.58295 0.09884
v 87.82592 -2.54937 0.06862
v 87.82592 -2.56127 0.07612
v 87.82592 -2.54768 0.07853
v 87.67185 -2.29039 -0.00083
v 87.50677 -2.33548 0.05644
v 87.67185 -2.33260 0.00213
v 87.67185 -2.25632 0.00053
v 87.50677 -2.25008 0.04197
v 87.50677 -2.17177 0.02875
v 87.67185 -2.23043 0.00562
v 87.67185 -2.21285 0.01465
v 87.67185 -2.20686 0.04492
v 87.67185 -2.22559 0.08374
v 87.67185 -2.21250 0.07548
v 87.67185 -2.21064 0.08637
v 87.67185 -2.24945 0.10874
v 87.50677 -1.93696 -0.00104
v 87.50677 -2.10096 0.01738
v 87.50677 -2.03802 0.00839
v 87.50677 -1.98327 0.00217
v 87.50677 -1.89958 0.00048
v 86.29004 -2.78564 0.13289
v 86.05051 -2.68412 0.13595
v 86.51926 -2.72404 0.14697
v 86.05051 -2.51424 0.15441
v 86.29004 -2.62145 0.15065
v 86.29004 -2.45894 0.15937
v 86.51926 -2.56692 0.15532
v 86.51926 -2.41258 0.15769
v 86.73804 -2.82196 0.14337
v 86.94629 -2.76808 0.14756
v 86.73804 -2.66998 0.15138
v 87.14390 -2.86116 0.14386
v 87.32266 -2.80958 0.14232
v 87.14390 -2.72125 0.14582
v 87.32266 -2.67691 0.13952
v 86.73804 -2.52070 0.15360
v 86.94629 -2.62360 0.14964
v 86.94629 -2.48243 0.14677
v 87.14390 -2.58454 0.14299
v 87.32266 -2.54798 0.13272
v 87.14390 -2.45169 0.13604
v 87.32266 -2.42343 0.12259
v 87.32266 -2.38714 0.55949
v 86.05051 -2.34611 0.16351
v 86.29004 -2.29931 0.16189
v 86.05051 -2.18095 0.16620
v 86.29004 -2.14332 0.15895
v 86.51926 -2.26177 0.15476
v 86.05051 -2.01955 0.16323
v 86.29004 -1.99173 0.15130
v 86.51926 -2.11521 0.14730
v 86.51926 -1.97362 0.13604
v 86.73804 -2.37482 0.15070
v 86.94629 -2.34524 0.13965
v 86.73804 -2.23306 0.14341
v 86.94629 -2.21271 0.12899
v 87.14390 -2.32334 0.12565
v 86.73804 -2.09611 0.13246
v 86.73804 -1.96447 0.11766
v 87.14390 -2.28622 0.57641
v 87.32266 -2.26985 0.52693
v 87.32266 -2.15829 0.49086
v 87.14390 -2.16535 0.54290
v 87.32266 -2.05301 0.45204
v 87.14390 -1.94188 0.46579
v 87.32266 -1.95455 0.41127
v 86.94629 -2.04985 0.56054
v 86.94629 -1.93111 0.52223
v 86.73804 -1.92816 0.57913
v 87.14390 -2.05038 0.50576
v 87.50677 -2.85171 0.12140
v 87.82592 -2.64845 0.15260
v 87.82592 -2.69171 0.18183
v 87.82592 -2.74183 0.21281
v 87.67185 -2.63156 0.34108
v 87.82592 -2.86145 0.27754
v 87.82592 -2.79851 0.24491
v 87.82592 -2.61208 0.12451
v 87.67185 -2.55582 0.30527
v 87.67185 -2.48659 0.26939
v 87.67185 -2.42423 0.23409
v 87.67185 -2.80049 0.40718
v 87.67185 -2.71320 0.37494
v 87.50677 -2.81652 0.53507
v 87.50677 -2.70510 0.50926
v 87.50677 -2.49686 0.44674
v 87.50677 -2.40107 0.41139
v 87.50677 -2.59837 0.47960
v 87.67185 -2.32150 0.16787
v 87.67185 -2.28149 0.13698
v 87.67185 -2.36910 0.20002
v 87.50677 -2.22836 0.33498
v 87.50677 -2.15238 0.29562
v 87.50677 -2.02344 0.21952
v 87.50677 -1.89210 0.11935
v 87.50677 -1.92728 0.15035
v 87.50677 -1.97120 0.18425
v 87.50677 -2.08395 0.25690
v 87.50677 -2.31148 0.37426
v 86.51926 -1.70783 0.10385
v 86.29004 -1.57037 0.10659
v 86.05051 -1.42672 0.10941
v 86.29004 -1.44355 0.08814
v 86.51926 -1.58523 0.08593
v 86.51926 -1.47031 0.06776
v 86.73804 -1.83904 0.10118
v 86.94629 -1.84918 0.08168
v 86.94629 -1.64174 0.04778
v 86.73804 -1.72046 0.08377
v 86.94629 -1.74161 0.06455
v 87.14390 -1.77044 0.04672
v 87.32266 -1.80081 0.03126
v 87.14390 -1.86714 0.06301
v 87.14390 -1.68177 0.03185
v 87.32266 -1.72301 0.01881
v 87.32266 -1.65385 0.00898
v 87.32266 -1.54279 -0.00131
v 87.14390 -1.41591 -0.00152
v 86.94629 -1.55018 0.03249
v 86.73804 -1.60930 0.06613
v 86.73804 -1.50611 0.04887
v 86.73804 -1.41150 0.03313
v 86.94629 -1.46739 0.01936
v 86.94629 -1.39380 0.00899
v 87.14390 -1.60160 0.01908
v 87.14390 -1.53033 0.00899
v 87.32266 -1.59368 0.00219
v 87.14390 -1.46834 0.00204
v 87.32266 -1.50173 0.00040
v 87.32266 -1.47052 0.00660
v 87.32266 -1.44935 0.01756
v 87.32266 -1.44216 0.05411
v 87.32266 -1.46481 0.10103
v 87.32266 -1.44900 0.09103
v 87.32266 -1.44676 0.10412
v 86.05051 -1.29550 0.09039
v 86.29004 -1.32468 0.06942
v 86.29004 -1.21433 0.05111
v 86.05051 -1.17250 0.07111
v 86.51926 -1.36362 0.04999
v 86.51926 -1.26579 0.03378
v 86.51926 -1.17734 0.01988
v 86.51926 -0.97252 -0.00234
v 86.05051 -1.05832 0.05224
v 86.29004 -1.11314 0.03442
v 86.29004 -1.02166 0.02011
v 86.05051 -0.95362 0.03506
v 86.29004 -0.94035 0.00886
v 86.51926 -1.09873 0.00893
v 86.51926 -1.03035 0.00142
v 86.51926 -0.92587 -0.00020
v 86.94629 -1.27564 -0.00177
v 86.73804 -1.32595 0.01962
v 86.94629 -1.32979 0.00186
v 86.73804 -1.24991 0.00897
v 86.73804 -1.18376 0.00166
v 86.94629 -1.23196 0.00014
v 86.94629 -1.19877 0.00682
v 86.94629 -1.17626 0.01855
v 86.94629 -1.16865 0.05751
v 86.94629 -1.17598 0.09690
v 86.94629 -1.19282 0.10759
v 86.94629 -1.17360 0.11077
v 87.14390 -1.37360 0.00028
v 87.14390 -1.34145 0.00671
v 87.14390 -1.31964 0.01803
v 87.14390 -1.31225 0.05573
v 87.14390 -1.33562 0.10414
v 87.14390 -1.31932 0.09382
v 87.14390 -1.31701 0.10728
v 86.73804 -1.12782 -0.00204
v 86.73804 -1.08269 -0.00002
v 86.73804 -1.04841 0.00693
v 86.73804 -1.02516 0.01909
v 86.73804 -1.02492 0.10014
v 86.73804 -1.04233 0.11122
v 86.73804 -1.02246 0.11445
v 86.73804 -1.01732 0.05939
v 87.50677 -1.87117 0.00609
v 87.50677 -1.85190 0.01603
v 87.50677 -1.84534 0.04927
v 87.50677 -1.85154 0.08283
v 87.50677 -1.86592 0.09191
v 87.50677 -1.84950 0.09476
v 86.05051 -1.86270 0.15541
v 86.29004 -1.84528 0.13974
v 86.05051 -1.71117 0.14353
v 86.29004 -1.70450 0.12407
v 86.51926 -1.83751 0.12082
v 86.05051 -1.56550 0.12740
v 87.32266 -1.77968 0.32489
v 87.32266 -1.70447 0.28235
v 87.32266 -1.63796 0.24128
v 87.14390 -1.66019 0.33482
v 87.32266 -1.53226 0.16527
v 87.32266 -1.58054 0.20252
v 87.14390 -1.40516 0.17036
v 87.32266 -1.49360 0.13120
v 87.14390 -1.45492 0.20875
v 86.94629 -1.52810 0.34581
v 86.94629 -1.44803 0.30056
v 87.14390 -1.58266 0.29100
v 87.14390 -1.51411 0.24869
v 86.51926 -1.67343 0.55781
v 86.51926 -1.44167 0.46759
v 86.29004 -1.53515 0.57691
v 86.29004 -1.41127 0.53145
v 86.51926 -1.55368 0.51382
v 86.94629 -1.71426 0.43765
v 87.32266 -1.86319 0.36812
v 87.14390 -1.84041 0.42380
v 87.14390 -1.74625 0.37936
v 86.94629 -1.81906 0.48098
v 86.73804 -1.80544 0.53958
v 86.73804 -1.68964 0.49700
v 86.94629 -1.61700 0.39178
v 86.73804 -1.58132 0.45225
v 86.73804 -1.48080 0.40488
v 86.51926 -1.15711 0.32126
v 86.51926 -0.91704 0.14939
v 86.51926 -0.96108 0.18817
v 86.51926 -1.01605 0.23055
v 86.29004 -0.92265 0.28412
v 86.29004 -1.00098 0.33237
v 86.51926 -1.08141 0.27460
v 86.94629 -1.31608 0.21564
v 86.94629 -1.22349 0.13971
v 86.73804 -1.16976 0.22291
v 86.94629 -1.26467 0.17599
v 87.14390 -1.36530 0.13524
v 86.94629 -1.37722 0.25688
v 86.73804 -1.30615 0.31065
v 86.73804 -1.23296 0.26552
v 86.73804 -1.07404 0.14443
v 86.73804 -1.11661 0.18193
v 86.29004 -1.18785 0.43306
v 86.51926 -1.33773 0.41864
v 86.51926 -1.24271 0.36956
v 86.29004 -1.29539 0.48367
v 86.05051 -1.14255 0.50047
v 86.05051 -1.26247 0.54987
v 86.29004 -1.08954 0.38232
v 86.05051 -1.03125 0.44813
v 86.05051 -0.92950 0.39566
v 86.73804 -1.38892 0.35739
v 83.11765 -2.80733 0.77468
v 83.45271 -2.81884 0.76744
v 83.77891 -2.83825 0.75916
v 83.58632 -2.82343 0.76454
v 83.77891 -2.64120 0.80503
v 83.45271 -2.61924 0.81407
v 83.58632 -2.62476 0.81088
v 84.09608 -2.86265 0.75027
v 84.09608 -2.66829 0.79536
v 84.40407 -2.69461 0.78593
v 83.11765 -2.60540 0.82203
v 83.11765 -2.40426 0.86053
v 83.45271 -2.42043 0.85196
v 83.58632 -2.42688 0.84853
v 83.77891 -2.44494 0.84228
v 84.09608 -2.47471 0.83195
v 84.40407 -2.50363 0.82189
v 83.11765 -2.20420 0.88744
v 83.45271 -2.22270 0.87839
v 83.58632 -2.23008 0.87478
v 83.77891 -2.24976 0.86822
v 83.45271 -2.02609 0.88947
v 83.11765 -2.00527 0.89880
v 83.58632 -2.03440 0.88574
v 83.77891 -2.05571 0.87901
v 84.09608 -2.28220 0.85739
v 84.40407 -2.31371 0.84685
v 84.09608 -2.09080 0.86790
v 84.09608 -1.90208 0.86755
v 84.40407 -2.12491 0.85708
v 84.40407 -1.93874 0.85662
v 84.70270 -2.72015 0.77675
v 84.99184 -2.74489 0.76783
v 84.70270 -2.53169 0.81210
v 84.99184 -2.55887 0.80259
v 85.27132 -2.76881 0.75917
v 85.54103 -2.79192 0.75079
v 85.60562 -2.79745 0.74878
v 85.80080 -2.87204 0.73021
v 85.80080 -2.69584 0.76279
v 85.27132 -2.58516 0.79337
v 85.54103 -2.61054 0.78444
v 85.27132 -2.40254 0.81700
v 85.54103 -2.43020 0.80767
v 85.60562 -2.61662 0.78230
v 85.80080 -2.52065 0.78524
v 85.60562 -2.43682 0.80543
v 85.54103 -2.25095 0.81692
v 85.60562 -2.25812 0.81463
v 85.80080 -2.34654 0.79414
v 85.80080 -2.17489 0.79319
v 85.54103 -2.07424 0.81604
v 85.54103 -1.90089 0.80575
v 85.60562 -2.08194 0.81373
v 85.60562 -1.90912 0.80344
v 85.80080 -2.00651 0.78309
v 84.70270 -2.34428 0.83660
v 84.70270 -2.15799 0.84657
v 84.99184 -2.37390 0.82664
v 84.99184 -2.19004 0.83637
v 84.70270 -1.97431 0.84599
v 84.99184 -2.00876 0.83568
v 85.27132 -2.22103 0.82648
v 85.27132 -2.04207 0.82570
v 84.40407 -1.40482 0.79894
v 83.11765 -1.80909 0.89887
v 83.45271 -1.83221 0.88939
v 83.45271 -1.64197 0.87894
v 83.58632 -1.84144 0.88560
v 83.77891 -1.86434 0.87879
v 83.58632 -1.65210 0.87515
v 83.77891 -1.67658 0.86835
v 83.11765 -1.61658 0.88845
v 83.11765 -1.42867 0.86838
v 83.45271 -1.45628 0.85898
v 83.58632 -1.46730 0.85523
v 83.77891 -1.49332 0.84852
v 84.09608 -1.71691 0.85713
v 84.40407 -1.75609 0.84621
v 84.09608 -1.53619 0.83745
v 84.40407 -1.57783 0.82669
v 83.77891 -1.14326 0.78159
v 83.11765 -1.06969 0.80026
v 83.45271 -1.10157 0.79140
v 83.11765 -0.90046 0.75467
v 83.45271 -0.93436 0.74625
v 83.58632 -1.11428 0.78787
v 83.58632 -0.94789 0.74288
v 83.77891 -0.97827 0.73691
v 84.09608 -1.36078 0.80943
v 84.09608 -1.19101 0.77123
v 84.40407 -1.23738 0.76116
v 84.40407 -0.92427 0.66899
v 84.09608 -1.02832 0.72708
v 84.40407 -1.07693 0.71752
v 83.45271 -1.27604 0.83043
v 83.11765 -1.24626 0.83962
v 83.58632 -1.28792 0.82676
v 83.77891 -1.31544 0.82022
v 84.99184 -1.65736 0.80611
v 84.70270 -1.61823 0.81624
v 84.70270 -1.44755 0.78876
v 84.99184 -1.48893 0.77889
v 85.27132 -1.86652 0.81537
v 85.27132 -1.69520 0.79630
v 85.54103 -1.73173 0.78682
v 85.80080 -1.84221 0.76462
v 85.80080 -1.68278 0.73860
v 85.60562 -1.74048 0.78455
v 85.54103 -1.56757 0.76010
v 85.27132 -1.52895 0.76933
v 85.54103 -1.40872 0.72389
v 85.60562 -1.57683 0.75789
v 85.80080 -1.52850 0.70335
v 85.60562 -1.41847 0.72177
v 84.70270 -1.79410 0.83561
v 84.99184 -1.83092 0.82533
v 84.99184 -1.16975 0.69925
v 84.70270 -1.28236 0.75139
v 84.99184 -1.32593 0.74191
v 84.70270 -0.97349 0.66028
v 84.99184 -1.02116 0.65184
v 84.70270 -1.12408 0.70824
v 85.27132 -1.21391 0.69055
v 85.54103 -1.25653 0.68215
v 85.60562 -1.26674 0.68013
v 85.80080 -1.38070 0.66273
v 85.80080 -1.24009 0.61766
v 85.27132 -1.36806 0.73275
v 85.54103 -1.11175 0.63580
v 85.27132 -1.06726 0.64368
v 85.27132 -0.92883 0.59314
v 85.54103 -0.97508 0.58583
v 85.60562 -1.12240 0.63391
v 86.05051 -2.79722 0.73777
v 86.05051 -2.62794 0.75938
v 86.29004 -2.73087 0.73452
v 86.51926 -2.82941 0.71070
v 86.51926 -2.67218 0.71849
v 86.29004 -2.56826 0.74266
v 86.29004 -2.40796 0.74161
v 86.05051 -2.45969 0.76788
v 86.51926 -2.51720 0.71740
v 86.73804 -2.77141 0.69539
v 86.94629 -2.86588 0.67338
v 86.94629 -2.72080 0.67223
v 87.32266 -2.76661 0.62391
v 87.14390 -2.81505 0.65130
v 87.14390 -2.67726 0.64266
v 87.32266 -2.63615 0.60885
v 86.73804 -2.62150 0.69427
v 86.94629 -2.57851 0.66337
v 86.73804 -2.47447 0.68518
v 86.94629 -2.43969 0.64745
v 87.14390 -2.54283 0.62719
v 87.32266 -2.50958 0.58781
v 87.14390 -2.41240 0.60556
v 86.51926 -2.21687 0.69118
v 86.05051 -2.29383 0.76688
v 86.29004 -2.25073 0.73203
v 86.51926 -2.36519 0.70807
v 86.29004 -1.94844 0.69019
v 86.51926 -2.07295 0.66749
v 86.51926 -1.93371 0.63549
v 86.05051 -2.13115 0.75704
v 86.29004 -2.09731 0.71463
v 86.05051 -1.97240 0.73912
v 86.94629 -2.30499 0.62516
v 86.73804 -2.33102 0.66878
v 86.94629 -2.17468 0.59511
v 86.73804 -2.19182 0.64581
v 86.73804 -2.05716 0.61480
v 86.29004 -1.80441 0.65715
v 86.29004 -1.66642 0.61911
v 86.05051 -1.66931 0.67977
v 86.51926 -1.80032 0.59866
v 86.05051 -1.81836 0.71389
v 86.05051 -1.52652 0.64047
v 86.05051 -1.39068 0.59686
v 83.45271 -0.65904 0.09625
v 83.58632 -0.67414 0.09627
v 83.77891 -0.70718 0.09614
v 83.11765 -0.62118 0.09619
v 83.11765 -0.47560 0.07456
v 83.45271 -0.51518 0.07474
v 83.58632 -0.53097 0.07480
v 83.77891 -0.56520 0.07478
v 83.77891 -0.43339 0.05387
v 84.09608 -0.76159 0.09592
v 84.40407 -0.81441 0.09567
v 84.40407 -0.67630 0.07466
v 84.09608 -0.62157 0.07473
v 84.09608 -0.49159 0.05399
v 84.40407 -0.54809 0.05409
v 84.40407 -0.43055 0.03539
v 83.11765 -0.34045 0.05338
v 83.45271 -0.38163 0.05367
v 83.11765 -0.21655 0.03416
v 83.45271 -0.25919 0.03455
v 83.58632 -0.39805 0.05379
v 83.77891 -0.31255 0.03488
v 83.58632 -0.27620 0.03470
v 83.58632 -0.16604 0.01844
v 83.77891 -0.20331 0.01869
v 83.11765 0.08152 -0.00328
v 83.45271 0.03537 -0.00279
v 83.58632 0.01696 -0.00259
v 83.58632 0.08892 -0.00641
v 83.77891 -0.02182 -0.00230
v 83.77891 0.04953 -0.00614
v 83.11765 -0.10454 0.01779
v 83.45271 -0.14851 0.01826
v 83.45271 -0.05015 0.00561
v 83.11765 -0.00502 0.00511
v 83.58632 -0.06815 0.00581
v 83.77891 -0.10623 0.00609
v 84.09608 -0.37242 0.03514
v 84.09608 -0.26468 0.01907
v 84.09608 -0.16895 0.00655
v 84.40407 -0.32428 0.01942
v 84.40407 -0.22985 0.00697
v 84.09608 -0.08570 -0.00183
v 84.09608 -0.01532 -0.00571
v 84.09608 0.04140 -0.00242
v 84.40407 -0.14772 -0.00138
v 84.40407 -0.07829 -0.00529
v 84.40407 -0.02233 -0.00213
v 84.09608 0.08443 0.00701
v 84.40407 0.02013 0.00710
v 84.40407 0.04885 0.02274
v 84.40407 0.05824 0.07329
v 84.70270 -0.86564 0.09541
v 84.70270 -0.72938 0.07456
v 84.99184 -0.78076 0.07444
v 84.99184 -0.65593 0.05420
v 84.70270 -0.60289 0.05416
v 84.70270 -0.48691 0.03560
v 84.99184 -0.54148 0.03579
v 84.99184 -0.43801 0.02005
v 85.27132 -0.83043 0.07431
v 85.54103 -0.87836 0.07416
v 85.27132 -0.70721 0.05423
v 85.54103 -0.75669 0.05424
v 85.80080 -0.78731 0.03568
v 85.60562 -0.88984 0.07412
v 85.60562 -0.76854 0.05424
v 85.60562 -0.65732 0.03614
v 85.80080 -0.68935 0.02052
v 85.80080 -0.46252 -0.00344
v 85.80080 -0.41088 -0.00087
v 85.27132 -0.59423 0.03596
v 85.54103 -0.64513 0.03610
v 85.54103 -0.54427 0.02058
v 85.27132 -0.49209 0.02033
v 85.27132 -0.40132 0.00809
v 85.54103 -0.45464 0.00842
v 85.60562 -0.55677 0.02064
v 85.80080 -0.60228 0.00862
v 85.80080 -0.52655 0.00053
v 85.60562 -0.46741 0.00849
v 84.70270 -0.20786 -0.00096
v 84.99184 -0.26609 -0.00056
v 84.99184 -0.19847 -0.00453
v 84.70270 -0.38207 0.01975
v 84.70270 -0.28889 0.00737
v 84.99184 -0.34606 0.00774
v 84.70270 -0.13936 -0.00490
v 84.70270 -0.08413 -0.00186
v 84.99184 -0.14396 -0.00160
v 84.70270 -0.04222 0.00717
v 84.70270 -0.01387 0.02255
v 84.70270 -0.00455 0.07237
v 84.99184 -0.10259 0.00725
v 84.99184 -0.07459 0.02236
v 84.99184 -0.06535 0.07147
v 85.54103 -0.31076 -0.00385
v 85.27132 -0.25562 -0.00418
v 85.27132 -0.20179 -0.00136
v 85.54103 -0.25760 -0.00113
v 85.60562 -0.32396 -0.00377
v 85.60562 -0.27097 -0.00108
v 85.27132 -0.32237 -0.00019
v 85.54103 -0.37668 0.00017
v 85.27132 -0.16094 0.00731
v 85.54103 -0.21724 0.00737
v 85.54103 -0.18991 0.02199
v 85.54103 -0.18084 0.06977
v 85.60562 -0.38968 0.00025
v 85.80080 -0.37166 0.00732
v 85.80080 -0.34510 0.02147
v 85.80080 -0.34510 0.11476
v 85.80080 -0.33625 0.06782
v 85.60562 -0.23073 0.00738
v 85.60562 -0.20348 0.02195
v 85.60562 -0.19442 0.06957
v 85.27132 -0.13328 0.02217
v 85.27132 -0.12413 0.07061
v 83.11765 -0.77649 0.11749
v 83.45271 -0.81252 0.11743
v 83.58632 -0.82688 0.11740
v 83.77891 -0.85865 0.11718
v 83.45271 -0.48449 0.58449
v 83.77891 -0.53437 0.57701
v 83.77891 -0.40561 0.51702
v 83.58632 -0.50020 0.58178
v 84.40407 -0.40570 0.44435
v 84.09608 -0.59065 0.56914
v 84.09608 -0.46372 0.50992
v 84.40407 -0.64532 0.56150
v 84.40407 -0.52015 0.50303
v 83.77891 0.06147 0.23332
v 83.45271 -0.03193 0.34453
v 83.45271 0.05028 0.28952
v 83.11765 0.01304 0.34867
v 83.58632 -0.04987 0.34288
v 83.77891 -0.08789 0.33999
v 83.58632 0.03194 0.28812
v 83.77891 -0.00679 0.28568
v 84.40407 -0.21133 0.33060
v 84.09608 0.09089 0.14064
v 84.09608 -0.00330 0.23002
v 84.09608 0.05065 0.18268
v 84.40407 -0.06620 0.22681
v 84.40407 0.02663 0.13867
v 84.40407 0.04842 0.12457
v 84.40407 0.05145 0.14199
v 84.40407 -0.01303 0.18012
v 84.09608 -0.07058 0.28165
v 84.09608 -0.15052 0.33522
v 84.40407 -0.13253 0.27774
v 83.45271 -0.23464 0.46280
v 83.77891 -0.28787 0.45679
v 83.77891 -0.18177 0.39741
v 83.58632 -0.25158 0.46062
v 83.45271 -0.35399 0.52377
v 83.11765 -0.31300 0.52990
v 83.11765 -0.19219 0.46826
v 83.58632 -0.37033 0.52133
v 83.11765 -0.08331 0.40748
v 83.45271 -0.12709 0.40268
v 83.58632 -0.14456 0.40077
v 84.09608 -0.34764 0.45048
v 84.09608 -0.24305 0.39188
v 84.40407 -0.30257 0.38652
v 85.80080 -0.40152 0.16572
v 85.80080 -0.45038 0.20872
v 85.54103 -0.43592 0.31356
v 85.80080 -0.58384 0.30447
v 85.80080 -0.51135 0.25568
v 85.60562 -0.44868 0.31259
v 84.70270 -0.69834 0.55409
v 84.99184 -0.74969 0.54692
v 84.70270 -0.46200 0.43841
v 84.99184 -0.41618 0.37628
v 84.99184 -0.51652 0.43266
v 84.70270 -0.57489 0.49635
v 84.99184 -0.62789 0.48988
v 85.80080 -0.86801 0.46386
v 85.80080 -0.66777 0.35611
v 85.80080 -0.76267 0.40957
v 85.27132 -0.79933 0.53998
v 85.54103 -0.84724 0.53328
v 85.27132 -0.67913 0.48363
v 85.54103 -0.72859 0.47759
v 85.60562 -0.85872 0.53168
v 85.60562 -0.74044 0.47615
v 85.27132 -0.56923 0.42710
v 85.54103 -0.62011 0.42173
v 85.27132 -0.47022 0.37141
v 85.54103 -0.52237 0.36672
v 85.60562 -0.53486 0.36559
v 85.60562 -0.63229 0.42045
v 84.99184 -0.18626 0.22069
v 84.70270 -0.19260 0.27395
v 84.70270 -0.27031 0.32612
v 84.99184 -0.32743 0.32179
v 84.99184 -0.25076 0.27029
v 84.70270 -0.03567 0.13676
v 84.70270 -0.12720 0.22370
v 84.70270 -0.07477 0.17764
v 84.70270 -0.01420 0.12289
v 84.70270 -0.01121 0.14012
v 84.99184 -0.09600 0.13492
v 84.99184 -0.13455 0.17525
v 84.99184 -0.07483 0.12126
v 84.99184 -0.07187 0.13830
v 85.54103 -0.29845 0.21498
v 85.27132 -0.15432 0.13314
v 85.27132 -0.19235 0.17293
v 85.54103 -0.24812 0.17070
v 85.54103 -0.18999 0.11817
v 85.54103 -0.21060 0.13142
v 85.54103 -0.18710 0.13485
v 85.27132 -0.24335 0.21778
v 85.80080 -0.36510 0.12759
v 85.80080 -0.34229 0.13100
v 85.60562 -0.31165 0.21431
v 85.60562 -0.22408 0.13101
v 85.60562 -0.26148 0.17016
v 85.60562 -0.20354 0.11781
v 85.60562 -0.20066 0.13444
v 85.27132 -0.30700 0.26675
v 85.54103 -0.36126 0.26333
v 85.27132 -0.38264 0.31760
v 85.60562 -0.37426 0.26251
v 85.27132 -0.13344 0.11969
v 85.27132 -0.13051 0.13654
v 84.70270 -0.36029 0.38132
v 83.11765 0.15466 -0.00703
v 83.11765 0.21359 -0.00335
v 83.45271 0.10766 -0.00659
v 83.45271 0.16590 -0.00303
v 83.58632 0.14689 -0.00291
v 83.77891 0.10703 -0.00272
v 83.45271 0.21008 0.00681
v 83.11765 0.25827 0.00670
v 83.11765 0.28844 0.02347
v 83.45271 0.23992 0.02332
v 83.11765 0.29815 0.07699
v 83.45271 0.24956 0.07615
v 83.58632 0.19086 0.00686
v 83.77891 0.15065 0.00692
v 83.77891 0.18013 0.02314
v 83.77891 0.18969 0.07522
v 83.58632 0.22057 0.02326
v 83.58632 0.23019 0.07581
v 84.09608 0.11352 0.02294
v 84.09608 0.12300 0.07424
v 83.45271 0.21642 0.14461
v 83.45271 0.17500 0.18784
v 83.11765 0.26453 0.14638
v 83.11765 0.28757 0.13136
v 83.11765 0.29075 0.14955
v 83.45271 0.23917 0.12980
v 83.45271 0.24231 0.14782
v 83.11765 0.22257 0.19014
v 83.58632 0.19723 0.14390
v 83.77891 0.17949 0.12809
v 83.77891 0.15706 0.14267
v 83.77891 0.18260 0.14592
v 83.58632 0.15603 0.18692
v 83.77891 0.11621 0.18532
v 83.58632 0.21987 0.12918
v 83.58632 0.22300 0.14712
v 83.11765 0.16636 0.23937
v 83.45271 0.11949 0.23648
v 83.11765 0.09628 0.29303
v 83.58632 0.10080 0.23533
v 84.09608 0.11299 0.12631
v 84.09608 0.11606 0.14393
v 86.29004 -0.80981 -0.00268
v 86.29004 -0.76157 -0.00040
v 86.05051 -0.85896 0.02033
v 86.05051 -0.77484 0.00875
v 86.29004 -0.86962 0.00116
v 86.05051 -0.70166 0.00086
v 86.29004 -0.72492 0.00713
v 86.29004 -0.70009 0.02024
v 86.29004 -0.69177 0.06343
v 86.29004 -0.69996 0.10713
v 86.51926 -0.89043 0.00703
v 86.51926 -0.86641 0.01965
v 86.51926 -0.85833 0.06136
v 86.51926 -0.88423 0.11503
v 86.51926 -0.86622 0.10355
v 86.05051 -0.63978 -0.00304
v 86.05051 -0.58987 -0.00063
v 86.05051 -0.55197 0.00723
v 86.05051 -0.52629 0.02084
v 86.05051 -0.52622 0.11086
v 86.05051 -0.51771 0.06558
v 86.29004 -0.79813 0.19472
v 86.29004 -0.71860 0.11904
v 86.29004 -0.75256 0.15460
v 86.29004 -0.69733 0.12236
v 86.51926 -0.86368 0.11831
v 86.29004 -0.85502 0.23856
v 86.05051 -0.83784 0.34399
v 86.05051 -0.68676 0.24693
v 86.05051 -0.75677 0.29408
v 86.05051 -0.54553 0.12322
v 86.05051 -0.58069 0.16004
v 86.05051 -0.62787 0.20157
v 86.05051 -0.52351 0.12659
v 83.45271 -0.77526 0.69598
v 83.58632 -0.78955 0.69281
v 83.77891 -0.82127 0.68721
v 83.77891 -0.67305 0.63353
v 83.11765 -0.73942 0.70391
v 83.45271 -0.62504 0.64168
v 83.11765 -0.58737 0.64906
v 83.11765 -0.44510 0.59127
v 83.58632 -0.64006 0.63874
v 84.09608 -0.87352 0.67797
v 84.09608 -0.72738 0.62496
v 84.40407 -0.78015 0.61663
v 84.70270 -0.83133 0.60854
v 84.99184 -0.88090 0.60071
v 77.52842 1.09977 0.02675
v 77.59995 1.08942 0.02671
v 77.52842 1.11051 0.09234
v 77.59995 1.10015 0.09213
v 77.52842 1.09661 0.15899
v 77.59995 1.08630 0.15862
v 77.52842 1.10026 0.18055
v 77.59995 1.08995 0.18013
f 3 2 1
f 3 4 2
f 4 5 2
f 10 4 3
f 11 6 4
f 4 6 5
f 6 7 5
f 6 8 7
f 8 9 7
f 8 13 9
f 13 15 9
f 1 2 24
f 23 3 1
f 2 5 27
f 10 11 4
f 12 8 6
f 11 12 6
f 23 10 3
f 5 7 28
f 7 9 51
f 14 13 8
f 13 16 15
f 12 14 8
f 14 22 13
f 22 16 13
f 22 34 16
f 16 17 15
f 16 18 17
f 34 18 16
f 18 19 17
f 18 20 19
f 20 21 19
f 1 24 23
f 2 27 24
f 5 28 27
f 23 29 10
f 9 15 61
f 7 51 28
f 23 24 26
f 23 26 25
f 24 48 26
f 24 27 48
f 27 50 48
f 9 61 51
f 27 28 50
f 29 11 10
f 30 12 11
f 31 14 12
f 29 30 11
f 30 31 12
f 32 22 14
f 33 34 22
f 23 57 29
f 57 30 29
f 31 32 14
f 32 33 22
f 33 70 34
f 15 17 63
f 34 35 18
f 35 20 18
f 17 19 65
f 37 36 20
f 20 36 21
f 35 37 20
f 19 21 68
f 37 38 36
f 15 63 61
f 17 65 63
f 19 68 65
f 70 35 34
f 71 37 35
f 70 71 35
f 72 38 37
f 36 39 21
f 36 40 39
f 38 40 36
f 40 41 39
f 40 42 41
f 42 44 41
f 21 39 87
f 38 43 40
f 43 42 40
f 39 41 89
f 43 90 42
f 90 45 42
f 73 43 38
f 42 45 44
f 45 46 44
f 45 47 46
f 93 47 45
f 47 105 46
f 90 93 45
f 25 26 53
f 26 48 54
f 25 53 49
f 26 54 53
f 48 55 54
f 28 51 52
f 28 52 50
f 51 61 62
f 51 62 52
f 48 50 55
f 50 52 56
f 49 53 75
f 53 54 76
f 50 56 55
f 52 62 66
f 52 66 56
f 58 31 30
f 59 32 31
f 57 58 30
f 58 59 31
f 60 33 32
f 79 70 33
f 23 142 57
f 59 60 32
f 60 79 33
f 79 83 70
f 61 63 64
f 61 64 62
f 63 67 64
f 63 65 67
f 62 64 80
f 62 80 66
f 64 81 80
f 65 69 67
f 65 68 69
f 64 67 81
f 67 69 82
f 83 71 70
f 71 72 37
f 72 73 38
f 84 72 71
f 83 84 71
f 85 73 72
f 49 75 74
f 53 76 75
f 54 77 76
f 54 55 77
f 55 56 78
f 56 66 130
f 55 78 77
f 56 130 78
f 66 80 131
f 67 82 81
f 66 131 130
f 80 132 131
f 80 81 132
f 81 82 133
f 84 85 72
f 85 86 73
f 142 58 57
f 143 59 58
f 144 60 59
f 145 79 60
f 142 143 58
f 23 150 142
f 143 144 59
f 146 83 79
f 144 145 60
f 147 84 83
f 148 85 84
f 21 87 68
f 39 89 87
f 41 98 89
f 68 88 69
f 68 87 88
f 87 95 88
f 87 89 95
f 91 90 43
f 73 91 43
f 92 93 90
f 86 91 73
f 91 92 90
f 41 44 98
f 44 46 100
f 47 106 105
f 46 105 115
f 44 100 98
f 46 115 100
f 93 94 47
f 94 106 47
f 94 109 106
f 92 102 93
f 102 94 93
f 102 103 94
f 103 109 94
f 69 88 96
f 69 96 82
f 88 97 96
f 89 99 95
f 88 95 97
f 82 96 155
f 95 157 97
f 104 92 91
f 86 104 91
f 161 102 92
f 104 161 92
f 89 98 99
f 98 101 99
f 98 100 101
f 95 99 157
f 99 101 158
f 99 158 157
f 100 116 101
f 100 115 116
f 101 116 197
f 103 118 109
f 162 103 102
f 161 162 102
f 162 163 103
f 163 118 103
f 106 107 105
f 106 108 107
f 108 111 107
f 105 107 117
f 109 108 106
f 109 110 108
f 110 112 108
f 108 112 111
f 112 113 111
f 110 120 112
f 120 114 112
f 112 114 113
f 114 122 113
f 105 117 115
f 107 200 117
f 115 198 116
f 115 117 198
f 118 110 109
f 118 119 110
f 119 120 110
f 210 119 118
f 107 111 200
f 111 113 202
f 111 202 200
f 120 121 114
f 121 123 114
f 204 121 120
f 119 204 120
f 204 205 121
f 205 124 121
f 113 122 214
f 122 125 221
f 114 123 122
f 123 125 122
f 123 126 125
f 121 124 123
f 124 126 123
f 124 217 126
f 126 127 125
f 217 128 126
f 126 128 127
f 128 250 127
f 74 75 134
f 316 23 25
f 75 76 135
f 316 25 49
f 76 77 136
f 77 78 137
f 78 130 138
f 74 134 129
f 75 135 134
f 76 136 135
f 77 137 136
f 316 49 74
f 78 138 137
f 81 133 132
f 130 131 139
f 131 132 140
f 132 133 141
f 129 134 169
f 316 74 129
f 134 135 170
f 135 136 171
f 136 137 172
f 130 139 138
f 131 140 139
f 132 141 140
f 145 146 79
f 146 147 83
f 23 191 150
f 150 143 142
f 151 144 143
f 152 145 144
f 153 146 145
f 147 148 84
f 149 86 85
f 148 149 85
f 149 154 86
f 150 151 143
f 151 152 144
f 177 147 146
f 152 153 145
f 153 177 146
f 177 178 147
f 178 148 147
f 179 149 148
f 180 154 149
f 178 179 148
f 179 180 149
f 82 155 133
f 96 156 155
f 96 97 156
f 97 159 156
f 97 157 159
f 101 197 158
f 157 158 160
f 157 160 159
f 158 197 206
f 133 155 182
f 155 156 183
f 133 182 141
f 155 183 182
f 156 184 183
f 158 206 160
f 156 159 184
f 159 160 185
f 160 206 228
f 154 104 86
f 164 161 104
f 154 164 104
f 165 162 161
f 164 165 161
f 163 210 118
f 166 163 162
f 167 210 163
f 181 164 154
f 187 165 164
f 188 166 165
f 165 166 162
f 166 167 163
f 167 234 210
f 129 169 168
f 134 170 169
f 135 171 170
f 137 138 173
f 136 172 171
f 316 129 168
f 137 173 172
f 138 139 174
f 139 140 175
f 140 141 176
f 138 174 173
f 139 175 174
f 140 176 175
f 23 346 191
f 180 181 154
f 23 316 330
f 168 169 317
f 169 170 318
f 170 171 319
f 171 172 320
f 172 173 321
f 141 182 186
f 182 183 325
f 159 185 184
f 160 228 185
f 141 186 176
f 182 325 186
f 183 326 325
f 183 184 326
f 184 185 327
f 185 228 366
f 184 327 326
f 185 366 327
f 181 187 164
f 187 188 165
f 189 167 166
f 190 234 167
f 188 189 166
f 189 190 167
f 190 248 234
f 191 151 150
f 192 152 151
f 193 153 152
f 191 192 151
f 192 193 152
f 194 177 153
f 195 178 177
f 196 179 178
f 343 180 179
f 193 194 153
f 194 195 177
f 195 196 178
f 196 343 179
f 344 181 180
f 343 344 180
f 344 345 181
f 345 187 181
f 354 188 187
f 345 354 187
f 355 189 188
f 356 190 189
f 116 198 199
f 116 199 197
f 117 201 198
f 197 199 207
f 198 208 199
f 211 204 119
f 117 200 201
f 200 203 201
f 200 202 203
f 113 214 202
f 198 201 208
f 201 209 208
f 202 215 203
f 201 203 209
f 212 205 204
f 197 207 206
f 199 229 207
f 199 208 229
f 203 220 209
f 208 230 229
f 208 209 230
f 210 211 119
f 211 212 204
f 212 213 205
f 213 216 205
f 234 211 210
f 235 212 211
f 234 235 211
f 236 213 212
f 237 226 213
f 122 221 214
f 202 214 215
f 205 216 124
f 216 217 124
f 216 219 217
f 125 223 221
f 127 260 223
f 219 218 217
f 125 127 223
f 218 251 128
f 217 218 128
f 219 227 218
f 227 254 218
f 203 215 220
f 214 222 215
f 214 221 222
f 215 224 220
f 215 222 224
f 209 220 238
f 221 225 222
f 221 223 225
f 222 239 224
f 222 225 239
f 223 261 225
f 213 226 216
f 226 219 216
f 226 243 219
f 243 227 219
f 244 265 227
f 243 244 227
f 206 207 231
f 206 231 228
f 207 232 231
f 207 229 232
f 209 238 230
f 229 230 233
f 228 231 367
f 229 233 232
f 230 241 233
f 231 232 368
f 248 235 234
f 249 236 235
f 235 236 212
f 236 237 213
f 248 249 235
f 381 237 236
f 249 381 236
f 382 245 237
f 381 382 237
f 220 224 240
f 220 240 238
f 230 238 241
f 225 274 239
f 224 239 242
f 224 242 240
f 239 281 242
f 238 240 370
f 238 370 241
f 240 371 370
f 240 242 371
f 245 243 226
f 237 245 226
f 245 246 243
f 246 244 243
f 247 285 244
f 382 387 245
f 387 246 245
f 246 247 244
f 388 247 246
f 128 251 250
f 218 254 251
f 251 252 250
f 251 253 252
f 253 256 252
f 254 253 251
f 127 250 260
f 250 252 262
f 254 255 253
f 255 257 253
f 253 257 256
f 252 256 276
f 257 258 256
f 255 263 257
f 263 259 257
f 257 259 258
f 223 260 261
f 260 262 273
f 260 273 261
f 227 265 254
f 250 262 260
f 252 276 262
f 265 255 254
f 266 263 255
f 256 258 278
f 263 264 259
f 256 278 276
f 265 266 255
f 285 266 265
f 267 264 263
f 266 267 263
f 267 287 264
f 259 268 258
f 264 269 259
f 259 269 268
f 258 268 291
f 264 272 269
f 269 270 268
f 272 271 269
f 269 271 270
f 268 270 294
f 271 300 270
f 287 272 264
f 272 297 271
f 225 261 274
f 262 277 273
f 261 273 275
f 261 275 274
f 239 274 281
f 273 279 275
f 274 275 282
f 262 276 277
f 273 277 279
f 276 280 277
f 276 278 280
f 277 283 279
f 277 280 283
f 274 282 281
f 275 284 282
f 242 281 484
f 275 279 284
f 279 283 483
f 279 483 284
f 244 285 265
f 286 267 266
f 285 286 266
f 288 287 267
f 286 288 267
f 288 290 287
f 247 289 285
f 289 286 285
f 486 288 286
f 289 486 286
f 487 290 288
f 486 487 288
f 258 291 278
f 278 292 280
f 278 291 292
f 268 294 291
f 270 301 294
f 280 293 283
f 280 292 293
f 283 293 491
f 291 295 292
f 291 294 295
f 292 295 492
f 294 302 295
f 292 492 293
f 295 515 492
f 287 296 272
f 290 296 287
f 296 297 272
f 297 303 271
f 296 298 297
f 298 304 297
f 290 299 296
f 488 299 290
f 299 298 296
f 495 308 298
f 299 495 298
f 271 303 300
f 270 300 301
f 300 305 516
f 300 516 301
f 294 301 302
f 295 302 515
f 301 517 302
f 301 516 517
f 305 523 516
f 297 304 303
f 303 305 300
f 304 306 303
f 303 306 305
f 298 308 304
f 304 307 306
f 308 307 304
f 306 310 305
f 306 311 310
f 307 311 306
f 308 309 307
f 495 519 308
f 519 309 308
f 305 310 523
f 307 312 311
f 309 312 307
f 309 525 312
f 311 313 310
f 312 314 311
f 311 314 313
f 525 315 312
f 310 313 526
f 312 315 314
f 314 590 313
f 315 591 314
f 314 591 590
f 315 595 591
f 168 317 316
f 169 318 317
f 170 319 318
f 23 330 398
f 171 320 319
f 172 321 320
f 173 174 322
f 174 175 323
f 175 176 324
f 173 322 321
f 174 323 322
f 175 324 323
f 316 317 331
f 317 318 332
f 23 398 409
f 318 319 333
f 319 320 334
f 320 321 335
f 321 322 336
f 176 186 328
f 186 325 329
f 325 326 339
f 176 328 324
f 186 329 328
f 325 339 329
f 326 327 340
f 327 366 373
f 326 340 339
f 327 373 340
f 316 331 330
f 317 332 331
f 318 333 332
f 319 334 333
f 320 335 334
f 322 323 337
f 323 324 338
f 321 336 335
f 322 337 336
f 323 338 337
f 324 328 341
f 328 329 342
f 329 339 397
f 339 340 407
f 324 341 338
f 328 342 341
f 329 397 342
f 340 373 422
f 339 407 397
f 340 422 407
f 346 192 191
f 347 193 192
f 348 194 193
f 349 195 194
f 350 196 195
f 346 347 192
f 347 348 193
f 348 349 194
f 349 350 195
f 351 343 196
f 352 344 343
f 353 345 344
f 350 351 196
f 351 352 343
f 352 353 344
f 353 358 345
f 359 347 346
f 360 348 347
f 354 355 188
f 358 354 345
f 355 356 189
f 356 357 190
f 357 248 190
f 357 383 248
f 362 355 354
f 363 356 355
f 358 362 354
f 364 357 356
f 365 383 357
f 362 363 355
f 363 364 356
f 23 409 790
f 330 331 399
f 331 332 400
f 332 333 401
f 333 334 402
f 334 335 403
f 361 349 348
f 438 350 349
f 439 351 350
f 359 360 347
f 360 361 348
f 361 438 349
f 438 439 350
f 439 440 351
f 440 352 351
f 441 353 352
f 442 358 353
f 440 441 352
f 441 442 353
f 442 443 358
f 443 362 358
f 453 363 362
f 364 365 357
f 365 390 383
f 443 453 362
f 454 364 363
f 453 454 363
f 455 365 364
f 454 455 364
f 455 456 365
f 456 390 365
f 228 367 366
f 231 368 367
f 232 233 369
f 232 369 368
f 233 372 369
f 366 367 374
f 367 368 375
f 368 369 376
f 233 241 372
f 241 370 377
f 242 484 371
f 387 388 246
f 389 289 247
f 241 377 372
f 370 371 378
f 370 378 377
f 371 497 378
f 366 374 373
f 367 375 374
f 368 376 375
f 369 379 376
f 373 374 423
f 373 423 422
f 374 375 424
f 375 376 425
f 369 372 379
f 372 377 380
f 377 378 421
f 372 380 379
f 377 421 380
f 378 546 421
f 383 249 248
f 384 381 249
f 383 384 249
f 385 382 381
f 386 387 382
f 390 384 383
f 384 385 381
f 385 386 382
f 388 389 247
f 394 388 387
f 386 394 387
f 394 395 388
f 395 389 388
f 396 504 389
f 391 385 384
f 392 386 385
f 393 394 386
f 390 391 384
f 391 392 385
f 470 391 390
f 471 392 391
f 392 393 386
f 428 395 394
f 395 396 389
f 393 428 394
f 428 429 395
f 429 396 395
f 430 509 396
f 429 430 396
f 330 399 398
f 331 400 399
f 332 401 400
f 333 402 401
f 334 403 402
f 335 336 404
f 336 337 405
f 337 338 406
f 335 404 403
f 336 405 404
f 337 406 405
f 398 399 410
f 399 400 411
f 400 401 412
f 401 402 413
f 23 790 799
f 338 341 408
f 341 342 418
f 342 397 419
f 397 407 420
f 338 408 406
f 341 418 408
f 342 419 418
f 407 422 431
f 397 420 419
f 407 431 420
f 456 470 390
f 402 403 414
f 403 404 415
f 404 405 416
f 405 406 417
f 398 410 409
f 399 411 410
f 400 412 411
f 401 413 412
f 402 414 413
f 23 799 853
f 403 415 414
f 404 416 415
f 409 410 791
f 405 417 416
f 406 408 778
f 408 418 779
f 418 419 780
f 419 420 781
f 420 431 782
f 406 778 417
f 408 779 778
f 418 780 779
f 419 781 780
f 420 782 781
f 374 424 423
f 375 425 424
f 376 426 425
f 376 379 426
f 379 380 427
f 380 421 435
f 422 423 432
f 423 424 433
f 424 425 434
f 470 471 391
f 472 393 392
f 473 428 393
f 471 472 392
f 472 473 393
f 379 427 426
f 380 435 427
f 421 559 435
f 474 429 428
f 479 430 429
f 473 474 428
f 480 551 430
f 422 432 431
f 423 433 432
f 424 434 433
f 425 436 434
f 431 432 783
f 432 433 784
f 433 434 785
f 425 426 436
f 426 427 437
f 426 437 436
f 427 435 786
f 427 786 437
f 435 877 786
f 444 360 359
f 445 361 360
f 446 438 361
f 447 439 438
f 448 440 439
f 444 445 360
f 445 446 361
f 446 447 438
f 447 448 439
f 448 449 440
f 449 441 440
f 450 442 441
f 451 443 442
f 449 450 441
f 450 451 442
f 451 452 443
f 457 445 444
f 458 446 445
f 459 447 446
f 460 448 447
f 452 453 443
f 462 454 453
f 463 455 454
f 452 462 453
f 462 463 454
f 464 456 455
f 465 470 456
f 463 464 455
f 464 465 456
f 461 449 448
f 457 458 445
f 458 459 446
f 459 460 447
f 460 461 448
f 461 466 449
f 466 450 449
f 467 451 450
f 468 452 451
f 466 467 450
f 467 468 451
f 468 469 452
f 465 475 470
f 469 462 452
f 815 463 462
f 816 464 463
f 469 815 462
f 815 816 463
f 817 465 464
f 818 475 465
f 816 817 464
f 817 818 465
f 806 458 457
f 807 459 458
f 808 460 459
f 809 461 460
f 475 471 470
f 476 472 471
f 474 479 429
f 479 480 430
f 475 476 471
f 477 473 472
f 476 477 472
f 478 474 473
f 477 478 473
f 829 476 475
f 830 477 476
f 831 478 477
f 478 481 474
f 481 479 474
f 482 480 479
f 481 482 479
f 823 581 480
f 482 823 480
f 281 282 485
f 281 485 484
f 282 489 485
f 282 284 489
f 284 490 489
f 284 483 490
f 504 486 289
f 505 487 486
f 487 488 290
f 371 484 497
f 484 485 498
f 485 489 499
f 283 491 483
f 483 491 496
f 293 492 494
f 293 494 491
f 492 521 494
f 488 493 299
f 493 495 299
f 493 507 495
f 507 519 495
f 483 496 490
f 491 494 501
f 491 501 496
f 494 533 501
f 484 498 497
f 485 499 498
f 489 500 499
f 489 490 500
f 378 497 546
f 497 498 547
f 497 547 546
f 498 548 547
f 498 499 548
f 499 500 549
f 490 496 502
f 490 502 500
f 496 501 503
f 496 503 502
f 501 566 503
f 389 504 289
f 506 488 487
f 504 505 486
f 505 506 487
f 506 508 488
f 508 493 488
f 508 513 493
f 513 507 493
f 514 539 507
f 509 505 504
f 396 509 504
f 510 506 505
f 509 510 505
f 511 508 506
f 510 511 506
f 511 512 508
f 551 510 509
f 552 511 510
f 512 513 508
f 513 514 507
f 512 556 513
f 556 514 513
f 557 541 514
f 556 557 514
f 302 518 515
f 302 517 518
f 492 515 521
f 516 524 517
f 516 523 524
f 517 528 518
f 517 524 528
f 515 518 522
f 519 520 309
f 539 520 519
f 520 525 309
f 520 529 525
f 515 522 521
f 494 521 533
f 507 539 519
f 518 528 535
f 518 535 522
f 540 529 520
f 523 530 524
f 310 526 523
f 523 526 530
f 525 527 315
f 529 527 525
f 313 602 526
f 313 590 602
f 527 595 315
f 527 598 595
f 524 531 528
f 524 530 531
f 528 536 535
f 528 531 536
f 529 532 527
f 526 603 530
f 526 602 603
f 530 614 531
f 530 603 614
f 532 598 527
f 532 627 598
f 521 522 534
f 521 534 533
f 522 535 537
f 522 537 534
f 501 533 566
f 533 534 567
f 533 567 566
f 534 537 568
f 535 536 538
f 531 616 536
f 531 614 616
f 535 538 537
f 536 616 659
f 536 659 538
f 539 540 520
f 540 543 529
f 543 532 529
f 541 540 539
f 514 541 539
f 541 542 540
f 542 543 540
f 570 542 541
f 542 545 543
f 543 544 532
f 544 627 532
f 544 632 627
f 545 544 543
f 545 572 544
f 572 632 544
f 572 664 632
f 421 546 559
f 499 549 548
f 546 547 560
f 500 502 550
f 500 550 549
f 502 503 555
f 502 555 550
f 503 575 555
f 546 560 559
f 547 561 560
f 547 548 561
f 548 549 562
f 430 551 509
f 551 552 510
f 553 512 511
f 552 553 511
f 553 554 512
f 581 552 551
f 582 553 552
f 583 554 553
f 549 550 563
f 554 556 512
f 558 557 556
f 554 558 556
f 565 570 557
f 558 565 557
f 435 559 877
f 548 562 561
f 559 560 878
f 559 878 877
f 560 879 878
f 560 561 879
f 561 562 880
f 549 563 562
f 550 555 564
f 550 564 563
f 562 563 881
f 555 577 564
f 503 566 575
f 534 568 567
f 566 567 576
f 567 568 579
f 537 538 569
f 537 569 568
f 538 659 665
f 538 665 569
f 557 570 541
f 571 545 542
f 566 576 575
f 567 579 576
f 570 571 542
f 571 573 545
f 578 571 570
f 565 578 570
f 578 587 571
f 587 573 571
f 568 569 580
f 573 572 545
f 574 664 572
f 573 574 572
f 574 678 664
f 555 575 577
f 575 576 888
f 575 888 577
f 576 579 890
f 576 890 888
f 587 588 573
f 568 580 579
f 569 665 675
f 569 675 580
f 579 580 891
f 580 675 1198
f 588 574 573
f 588 589 574
f 589 678 574
f 480 581 551
f 581 582 552
f 582 583 553
f 583 584 554
f 895 582 581
f 896 583 582
f 897 584 583
f 823 895 581
f 895 896 582
f 584 558 554
f 584 585 558
f 585 565 558
f 586 578 565
f 898 585 584
f 585 586 565
f 908 587 578
f 586 908 578
f 908 909 587
f 909 588 587
f 909 911 588
f 589 713 678
f 911 589 588
f 912 713 589
f 591 592 590
f 591 593 592
f 593 594 592
f 595 593 591
f 590 592 604
f 593 596 594
f 590 604 602
f 592 594 606
f 595 597 593
f 597 596 593
f 597 599 596
f 598 597 595
f 598 608 597
f 608 599 597
f 594 600 618
f 596 600 594
f 596 601 600
f 599 601 596
f 599 610 601
f 592 606 604
f 602 605 603
f 602 604 605
f 603 615 614
f 603 605 615
f 604 607 605
f 604 606 607
f 627 608 598
f 608 609 599
f 629 609 608
f 594 618 606
f 609 610 599
f 609 628 610
f 601 611 600
f 610 612 601
f 601 612 611
f 600 624 618
f 600 611 624
f 610 613 612
f 628 613 610
f 612 638 611
f 613 639 612
f 612 639 638
f 611 638 641
f 613 646 639
f 605 617 615
f 605 607 617
f 614 615 621
f 614 621 616
f 615 617 622
f 615 622 621
f 606 619 607
f 607 620 617
f 606 618 619
f 607 619 620
f 616 621 660
f 616 660 659
f 621 622 661
f 617 623 622
f 617 620 623
f 618 625 619
f 618 624 625
f 619 626 620
f 619 625 626
f 611 641 624
f 620 663 623
f 620 626 663
f 624 642 625
f 625 643 626
f 624 641 642
f 625 642 643
f 627 629 608
f 629 630 609
f 630 628 609
f 628 636 613
f 636 646 613
f 632 629 627
f 632 633 629
f 633 630 629
f 630 631 628
f 634 631 630
f 633 634 630
f 664 633 632
f 666 634 633
f 634 635 631
f 631 636 628
f 631 637 636
f 636 647 646
f 637 647 636
f 635 637 631
f 635 669 637
f 637 650 647
f 669 650 637
f 639 640 638
f 646 648 639
f 639 648 640
f 638 640 644
f 638 644 641
f 640 652 686
f 641 645 642
f 642 685 643
f 641 644 645
f 642 645 685
f 640 686 644
f 644 687 645
f 647 649 646
f 646 649 648
f 647 651 649
f 648 652 640
f 649 653 648
f 648 653 652
f 651 654 649
f 649 654 653
f 650 651 647
f 650 689 651
f 651 656 654
f 689 656 651
f 653 655 652
f 654 657 653
f 653 657 655
f 652 655 695
f 654 658 657
f 656 658 654
f 652 695 686
f 656 697 658
f 657 718 655
f 658 719 657
f 697 720 658
f 621 661 660
f 659 660 672
f 622 662 661
f 622 623 662
f 659 672 665
f 660 661 673
f 623 670 662
f 623 663 670
f 626 684 663
f 626 643 684
f 663 684 690
f 664 666 633
f 666 667 634
f 667 635 634
f 660 673 672
f 661 662 674
f 661 674 673
f 667 668 635
f 678 666 664
f 679 667 666
f 678 679 666
f 679 680 667
f 680 668 667
f 668 669 635
f 669 688 650
f 662 670 682
f 663 690 670
f 671 688 669
f 668 671 669
f 681 671 668
f 671 705 688
f 665 672 676
f 672 673 677
f 665 676 675
f 672 677 676
f 673 674 1197
f 673 1197 677
f 713 679 678
f 714 680 679
f 680 681 668
f 715 681 680
f 662 682 674
f 670 690 703
f 670 703 682
f 674 682 1201
f 674 1201 1197
f 682 703 1207
f 681 683 671
f 683 705 671
f 683 716 705
f 643 685 691
f 643 691 684
f 645 693 685
f 644 686 687
f 645 687 693
f 686 696 687
f 686 695 696
f 688 689 650
f 688 692 689
f 685 693 698
f 689 694 656
f 692 694 689
f 684 691 702
f 684 702 690
f 685 698 691
f 691 698 707
f 705 692 688
f 705 706 692
f 692 701 694
f 706 701 692
f 687 699 693
f 687 696 699
f 694 697 656
f 694 700 697
f 655 725 695
f 695 726 696
f 700 722 697
f 693 699 708
f 693 708 698
f 696 727 699
f 701 700 694
f 701 711 700
f 711 730 700
f 690 702 704
f 691 707 702
f 690 704 703
f 702 707 1209
f 702 1209 704
f 716 706 705
f 706 710 701
f 716 717 706
f 717 710 706
f 698 708 709
f 698 709 707
f 699 740 708
f 707 709 1210
f 707 1210 1209
f 708 742 709
f 710 711 701
f 710 712 711
f 712 744 711
f 713 714 679
f 714 715 680
f 715 1216 681
f 1216 683 681
f 1221 716 683
f 717 1231 710
f 1231 712 710
f 1232 775 712
f 657 719 718
f 655 718 725
f 658 720 719
f 719 721 718
f 720 723 719
f 719 723 721
f 718 728 725
f 697 722 720
f 722 724 720
f 718 721 728
f 720 724 723
f 723 733 721
f 724 734 723
f 722 731 724
f 731 735 724
f 695 725 726
f 696 726 727
f 725 729 726
f 699 727 740
f 726 741 727
f 721 746 728
f 725 728 729
f 726 729 741
f 728 747 729
f 700 730 722
f 730 731 722
f 744 732 730
f 730 732 731
f 732 738 731
f 723 734 733
f 721 733 746
f 724 735 734
f 734 736 733
f 735 737 734
f 734 737 736
f 733 736 749
f 733 749 746
f 731 738 735
f 732 753 738
f 738 739 735
f 735 739 737
f 753 754 738
f 738 754 739
f 708 740 742
f 727 743 740
f 727 741 743
f 729 748 741
f 740 1271 742
f 740 743 1271
f 741 751 743
f 711 744 730
f 744 745 732
f 745 753 732
f 712 775 744
f 775 745 744
f 1292 756 745
f 728 746 747
f 729 747 748
f 741 748 751
f 746 750 747
f 747 752 748
f 746 749 750
f 747 750 752
f 743 751 1274
f 748 752 1275
f 748 1275 751
f 745 756 753
f 753 755 754
f 756 755 753
f 756 776 755
f 737 757 736
f 739 758 737
f 737 758 757
f 754 759 739
f 739 759 758
f 736 757 760
f 758 765 757
f 759 766 758
f 758 766 765
f 736 760 749
f 749 761 750
f 750 763 752
f 749 760 761
f 750 761 763
f 760 772 761
f 754 762 759
f 755 762 754
f 755 764 762
f 757 765 771
f 759 767 766
f 762 767 759
f 757 771 760
f 762 773 767
f 764 773 762
f 752 763 1281
f 776 764 755
f 760 771 772
f 761 1283 763
f 761 772 1283
f 764 777 773
f 766 768 765
f 767 769 766
f 773 770 767
f 765 768 1284
f 766 769 768
f 767 770 769
f 765 1284 771
f 777 774 773
f 773 774 770
f 775 1292 745
f 1295 776 756
f 776 1306 764
f 1306 777 764
f 777 1309 774
f 410 411 792
f 411 412 793
f 412 413 794
f 413 414 795
f 409 791 790
f 410 792 791
f 411 793 792
f 412 794 793
f 414 415 796
f 415 416 797
f 416 417 798
f 413 795 794
f 414 796 795
f 415 797 796
f 416 798 797
f 417 778 802
f 778 779 803
f 417 802 798
f 778 803 802
f 779 804 803
f 779 780 804
f 780 781 805
f 781 782 824
f 431 783 782
f 432 784 783
f 433 785 784
f 434 787 785
f 782 783 825
f 783 784 826
f 434 436 787
f 436 437 788
f 437 786 789
f 436 788 787
f 437 789 788
f 786 883 789
f 784 785 827
f 785 787 828
f 787 788 869
f 788 789 870
f 23 853 947
f 23 2235 346
f 23 947 1052
f 818 829 475
f 790 791 800
f 791 792 801
f 792 793 843
f 793 794 844
f 794 795 845
f 795 796 846
f 796 797 847
f 797 798 848
f 790 800 799
f 791 801 800
f 792 843 801
f 793 844 843
f 794 845 844
f 795 846 845
f 796 847 846
f 797 848 847
f 780 805 804
f 781 824 805
f 798 802 849
f 802 803 850
f 798 849 848
f 803 804 851
f 804 805 852
f 805 824 866
f 810 466 461
f 806 807 458
f 807 808 459
f 808 809 460
f 809 810 461
f 810 811 466
f 811 467 466
f 812 468 467
f 813 469 468
f 811 812 467
f 812 813 468
f 813 814 469
f 990 807 806
f 991 808 807
f 992 809 808
f 993 810 809
f 814 815 469
f 819 816 815
f 820 817 816
f 814 819 815
f 819 820 816
f 821 818 817
f 822 829 818
f 820 821 817
f 821 822 818
f 822 835 829
f 23 1052 1075
f 990 991 807
f 991 992 808
f 994 811 810
f 992 993 809
f 993 994 810
f 995 812 811
f 996 813 812
f 997 814 813
f 998 819 814
f 999 820 819
f 1009 821 820
f 1010 822 821
f 1011 835 822
f 829 830 476
f 830 831 477
f 832 481 478
f 831 832 478
f 833 482 481
f 832 833 481
f 834 823 482
f 839 895 823
f 833 834 482
f 834 839 823
f 782 825 824
f 783 826 825
f 784 827 826
f 785 828 827
f 787 869 828
f 788 870 869
f 789 919 870
f 835 830 829
f 836 831 830
f 837 832 831
f 835 836 830
f 836 837 831
f 838 833 832
f 837 838 832
f 1026 836 835
f 1027 837 836
f 1028 838 837
f 1029 840 838
f 840 834 833
f 841 839 834
f 842 902 839
f 838 840 833
f 840 841 834
f 841 842 839
f 799 800 854
f 800 801 855
f 801 843 856
f 843 844 857
f 799 854 853
f 844 845 858
f 800 855 854
f 801 856 855
f 843 857 856
f 844 858 857
f 845 846 859
f 846 847 860
f 847 848 861
f 845 859 858
f 846 860 859
f 802 850 849
f 803 851 850
f 804 852 851
f 805 866 852
f 848 849 862
f 849 850 863
f 850 851 864
f 851 852 865
f 847 861 860
f 848 862 861
f 849 863 862
f 850 864 863
f 852 866 875
f 346 2413 359
f 23 1075 2199
f 853 854 948
f 854 855 949
f 855 856 950
f 856 857 951
f 857 858 952
f 853 948 947
f 854 949 948
f 858 859 953
f 859 860 954
f 860 861 955
f 851 865 864
f 852 875 865
f 861 862 956
f 824 825 867
f 825 826 868
f 826 827 871
f 824 867 866
f 825 868 867
f 826 871 868
f 827 872 871
f 827 828 872
f 828 869 873
f 869 870 874
f 828 873 872
f 869 874 873
f 866 867 876
f 867 868 960
f 868 871 961
f 871 872 962
f 870 925 874
f 872 873 963
f 873 874 964
f 1030 841 840
f 1031 842 841
f 1032 930 842
f 866 876 875
f 867 960 876
f 868 961 960
f 871 962 961
f 872 963 962
f 561 880 879
f 786 877 883
f 877 878 884
f 877 884 883
f 878 885 884
f 878 879 885
f 879 880 886
f 562 881 880
f 563 564 882
f 563 882 881
f 880 881 887
f 564 889 882
f 879 886 885
f 880 887 886
f 881 882 901
f 881 901 887
f 882 913 901
f 564 577 889
f 577 888 892
f 577 892 889
f 888 890 893
f 888 893 892
f 579 891 890
f 580 1198 891
f 890 891 894
f 891 1198 1203
f 882 889 913
f 889 892 936
f 889 936 913
f 892 893 937
f 890 894 893
f 891 1203 894
f 893 894 938
f 894 1203 1240
f 896 897 583
f 897 898 584
f 902 896 895
f 903 897 896
f 904 898 897
f 899 586 585
f 898 899 585
f 900 908 586
f 899 900 586
f 905 899 898
f 906 900 899
f 789 883 919
f 883 884 920
f 884 885 921
f 885 886 922
f 886 887 923
f 907 910 900
f 839 902 895
f 902 903 896
f 903 904 897
f 930 903 902
f 904 905 898
f 931 904 903
f 932 905 904
f 842 930 902
f 930 931 903
f 931 932 904
f 932 933 905
f 905 906 899
f 906 907 900
f 933 906 905
f 934 907 906
f 910 909 908
f 900 910 908
f 910 914 909
f 914 911 909
f 914 915 911
f 911 912 589
f 912 1217 713
f 915 912 911
f 916 1217 912
f 892 937 936
f 915 916 912
f 916 1224 1217
f 907 917 910
f 917 914 910
f 918 915 914
f 917 918 914
f 918 945 915
f 945 916 915
f 945 946 916
f 946 1224 916
f 883 920 919
f 884 921 920
f 885 922 921
f 870 919 925
f 919 920 926
f 920 921 927
f 921 922 928
f 886 923 922
f 887 901 924
f 887 924 923
f 901 939 924
f 919 926 925
f 920 927 926
f 921 928 927
f 874 925 973
f 925 926 974
f 922 923 929
f 922 929 928
f 923 924 972
f 923 972 929
f 924 982 972
f 1040 931 930
f 1041 932 931
f 933 934 906
f 934 935 907
f 935 917 907
f 926 927 975
f 901 913 939
f 913 936 940
f 913 940 939
f 936 937 941
f 936 941 940
f 893 938 937
f 894 1240 938
f 937 938 942
f 938 1240 1245
f 924 939 982
f 939 940 983
f 939 983 982
f 940 941 984
f 940 984 983
f 937 942 941
f 938 1245 942
f 941 942 985
f 942 1245 1350
f 943 918 917
f 935 943 917
f 944 945 918
f 943 944 918
f 944 1047 945
f 946 1250 1224
f 1047 946 945
f 1047 1050 946
f 1050 1250 946
f 1050 1387 1250
f 855 950 949
f 856 951 950
f 857 952 951
f 858 953 952
f 859 954 953
f 860 955 954
f 947 948 1053
f 948 949 1054
f 949 950 1055
f 950 951 1056
f 951 952 1057
f 862 863 957
f 863 864 958
f 864 865 959
f 865 875 965
f 861 956 955
f 862 957 956
f 863 958 957
f 864 959 958
f 865 965 959
f 952 953 1058
f 953 954 1059
f 954 955 1060
f 955 956 1071
f 956 957 1072
f 957 958 1073
f 958 959 1074
f 959 965 1088
f 875 876 966
f 876 960 967
f 960 961 968
f 875 966 965
f 876 967 966
f 960 968 967
f 873 964 963
f 874 973 964
f 961 962 969
f 962 963 970
f 963 964 971
f 961 969 968
f 962 970 969
f 963 971 970
f 964 977 971
f 925 974 973
f 926 975 974
f 927 928 976
f 927 976 975
f 928 929 980
f 929 972 981
f 928 980 976
f 929 981 980
f 972 986 981
f 964 973 977
f 973 974 978
f 973 978 977
f 974 979 978
f 974 975 979
f 975 976 1158
f 975 1158 979
f 976 980 1159
f 976 1159 1158
f 980 981 1160
f 980 1160 1159
f 981 1167 1160
f 941 985 984
f 942 1350 985
f 972 982 986
f 982 983 987
f 982 987 986
f 983 984 988
f 984 985 989
f 983 988 987
f 981 986 1167
f 986 987 1168
f 987 988 1169
f 984 989 988
f 985 1350 1354
f 985 1354 989
f 986 1168 1167
f 987 1169 1168
f 988 989 1170
f 989 1354 1419
f 994 995 811
f 995 996 812
f 996 997 813
f 1000 991 990
f 1001 992 991
f 1002 993 992
f 1003 994 993
f 997 998 814
f 998 999 819
f 999 1009 820
f 1009 1010 821
f 1010 1011 822
f 1011 1026 835
f 1004 995 994
f 1005 996 995
f 1006 997 996
f 1007 998 997
f 1000 1001 991
f 1001 1002 992
f 1002 1003 993
f 1003 1004 994
f 1004 1005 995
f 1005 1006 996
f 1006 1007 997
f 1007 1008 998
f 1008 999 998
f 1012 1009 999
f 1013 1010 1009
f 1014 1011 1010
f 1015 1026 1011
f 1008 1012 999
f 1012 1013 1009
f 1013 1014 1010
f 1014 1015 1011
f 1015 1033 1026
f 23 2199 2221
f 359 2538 444
f 1016 1001 1000
f 1017 1002 1001
f 1018 1003 1002
f 1019 1004 1003
f 1020 1005 1004
f 1016 1017 1001
f 1017 1018 1002
f 1018 1019 1003
f 1019 1020 1004
f 1020 1021 1005
f 1021 1006 1005
f 1022 1007 1006
f 1023 1008 1007
f 1021 1022 1006
f 1022 1023 1007
f 1023 1024 1008
f 1100 1017 1016
f 1101 1018 1017
f 1102 1019 1018
f 1103 1020 1019
f 1024 1012 1008
f 1025 1013 1012
f 1061 1014 1013
f 1062 1015 1014
f 1024 1025 1012
f 1025 1061 1013
f 1063 1033 1015
f 1061 1062 1014
f 1062 1063 1015
f 1063 1064 1033
f 1026 1027 836
f 1027 1028 837
f 1028 1029 838
f 1033 1027 1026
f 1034 1028 1027
f 1035 1029 1028
f 1036 1030 1029
f 1029 1030 840
f 1030 1031 841
f 1031 1032 842
f 1033 1034 1027
f 1034 1035 1028
f 1035 1036 1029
f 1037 1031 1030
f 1036 1037 1030
f 1037 1038 1031
f 1038 1032 1031
f 1039 1040 1032
f 1038 1039 1032
f 1064 1034 1033
f 1065 1035 1034
f 1066 1036 1035
f 1067 1037 1036
f 1032 1040 930
f 1040 1041 931
f 1042 933 932
f 1041 1042 932
f 1042 1043 933
f 1043 934 933
f 1044 935 934
f 1045 943 935
f 1046 1041 1040
f 1140 1042 1041
f 1039 1046 1040
f 1046 1140 1041
f 1141 1043 1042
f 1140 1141 1042
f 1141 1142 1043
f 1043 1044 934
f 1044 1045 935
f 1142 1044 1043
f 1142 1145 1044
f 1145 1045 1044
f 1146 1048 1045
f 1048 944 943
f 1045 1048 943
f 1048 1049 944
f 1049 1047 944
f 1049 1051 1047
f 1152 1049 1048
f 1051 1050 1047
f 1151 1387 1050
f 1051 1151 1050
f 1151 1399 1387
f 23 2221 2235
f 947 1053 1052
f 948 1054 1053
f 949 1055 1054
f 950 1056 1055
f 951 1057 1056
f 952 1058 1057
f 953 1059 1058
f 954 1060 1059
f 955 1071 1060
f 956 1072 1071
f 957 1073 1072
f 958 1074 1073
f 959 1088 1074
f 1104 1021 1020
f 1105 1022 1021
f 1106 1023 1022
f 1107 1024 1023
f 444 2921 457
f 1108 1025 1024
f 1109 1061 1025
f 1110 1062 1061
f 1111 1063 1062
f 1112 1064 1063
f 965 966 1089
f 965 1089 1088
f 966 967 1090
f 967 968 1091
f 968 969 1092
f 969 970 1093
f 1064 1065 1034
f 1065 1066 1035
f 1066 1067 1036
f 1125 1065 1064
f 1126 1066 1065
f 1127 1067 1066
f 1128 1068 1067
f 1068 1038 1037
f 1067 1068 1037
f 1068 1069 1038
f 1069 1039 1038
f 1070 1046 1039
f 1069 1070 1039
f 1129 1069 1068
f 1130 1070 1069
f 1052 1053 1076
f 1053 1054 1077
f 1054 1055 1078
f 1055 1056 1079
f 1056 1057 1080
f 1052 1076 1075
f 1057 1058 1081
f 1058 1059 1082
f 1059 1060 1083
f 1053 1077 1076
f 1054 1078 1077
f 1055 1079 1078
f 1056 1080 1079
f 1057 1081 1080
f 1058 1082 1081
f 1059 1083 1082
f 1060 1071 1084
f 1071 1072 1085
f 1060 1084 1083
f 1071 1085 1084
f 1072 1086 1085
f 1072 1073 1086
f 1073 1074 1087
f 1074 1088 1095
f 1073 1087 1086
f 1074 1095 1087
f 346 2235 2413
f 1075 1076 2200
f 1076 1077 2201
f 1077 1078 2202
f 1078 1079 2203
f 1079 1080 2204
f 1075 2200 2199
f 1076 2201 2200
f 1077 2202 2201
f 1078 2203 2202
f 1080 1081 2205
f 1081 1082 2206
f 1082 1083 2207
f 1079 2204 2203
f 1080 2205 2204
f 1081 2206 2205
f 1082 2207 2206
f 1083 1084 2208
f 1084 1085 2209
f 1085 1086 2210
f 1086 1087 2211
f 1087 1095 2212
f 966 1090 1089
f 967 1091 1090
f 968 1092 1091
f 1088 1089 1096
f 1089 1090 1097
f 1090 1091 1098
f 969 1093 1092
f 970 971 1094
f 970 1094 1093
f 971 1161 1094
f 1088 1096 1095
f 1089 1097 1096
f 1090 1098 1097
f 1091 1099 1098
f 1091 1092 1099
f 1092 1093 2215
f 1093 1094 2216
f 1092 2215 1099
f 1093 2216 2215
f 1094 2261 2216
f 1100 1101 1017
f 1101 1102 1018
f 1102 1103 1019
f 1103 1104 1020
f 1104 1105 1021
f 1105 1106 1022
f 1106 1107 1023
f 1107 1108 1024
f 1113 1101 1100
f 1114 1102 1101
f 1115 1103 1102
f 1116 1104 1103
f 1117 1105 1104
f 1108 1109 1025
f 1109 1110 1061
f 1110 1111 1062
f 1111 1112 1063
f 1112 1125 1064
f 1113 1114 1101
f 1114 1115 1102
f 1115 1116 1103
f 1116 1117 1104
f 1117 1118 1105
f 1118 1106 1105
f 1119 1107 1106
f 1120 1108 1107
f 1118 1119 1106
f 1119 1120 1107
f 1120 1121 1108
f 1121 1109 1108
f 1122 1110 1109
f 1123 1111 1110
f 1124 1112 1111
f 1132 1125 1112
f 1121 1122 1109
f 1122 1123 1110
f 1123 1124 1111
f 1124 1132 1112
f 1132 1133 1125
f 1498 1114 1113
f 1499 1115 1114
f 1500 1116 1115
f 1501 1117 1116
f 1502 1118 1117
f 1503 1119 1118
f 1125 1126 1065
f 1126 1127 1066
f 1127 1128 1067
f 1133 1126 1125
f 1134 1127 1126
f 1133 1134 1126
f 1135 1128 1127
f 1136 1129 1128
f 1134 1135 1127
f 1128 1129 1068
f 1129 1130 1069
f 1131 1143 1070
f 1130 1131 1070
f 1137 1130 1129
f 457 2979 806
f 359 2413 2511
f 1504 1120 1119
f 1505 1121 1120
f 1498 1499 1114
f 1499 1500 1115
f 1500 1501 1116
f 1501 1502 1117
f 1502 1503 1118
f 1503 1504 1119
f 1504 1505 1120
f 1505 1506 1121
f 1506 1122 1121
f 1507 1123 1122
f 1508 1124 1123
f 1506 1507 1122
f 1509 1132 1124
f 1510 1133 1132
f 1507 1508 1123
f 1508 1509 1124
f 1509 1510 1132
f 1510 1524 1133
f 806 3012 990
f 1135 1136 1128
f 1138 1131 1130
f 1139 1175 1131
f 1524 1134 1133
f 1525 1135 1134
f 1524 1525 1134
f 1526 1136 1135
f 1527 1137 1136
f 1525 1526 1135
f 1526 1527 1136
f 1136 1137 1129
f 1137 1138 1130
f 1138 1139 1131
f 1529 1138 1137
f 1530 1139 1138
f 1527 1529 1137
f 1529 1530 1138
f 1531 1183 1139
f 1530 1531 1139
f 1145 1146 1045
f 1143 1140 1046
f 1144 1141 1140
f 1147 1142 1141
f 1070 1143 1046
f 1143 1144 1140
f 1144 1147 1141
f 1147 1148 1142
f 1148 1145 1142
f 1149 1146 1145
f 1150 1152 1146
f 1148 1149 1145
f 1149 1150 1146
f 1146 1152 1048
f 1153 1051 1049
f 1154 1151 1051
f 1155 1399 1151
f 1152 1153 1049
f 1153 1154 1051
f 1156 1153 1152
f 1154 1155 1151
f 1155 1404 1399
f 1150 1156 1152
f 1156 1157 1153
f 1157 1154 1153
f 1157 1178 1154
f 1178 1155 1154
f 1179 1404 1155
f 1178 1179 1155
f 1179 1431 1404
f 971 977 1161
f 977 978 1162
f 978 979 1163
f 979 1158 1164
f 977 1162 1161
f 978 1163 1162
f 979 1164 1163
f 1158 1159 1165
f 1158 1165 1164
f 1159 1160 1166
f 1094 1161 2261
f 1161 1162 2262
f 1162 1163 2263
f 1163 1164 2264
f 1159 1166 1165
f 1160 1171 1166
f 1164 1165 2265
f 1165 1166 2266
f 1161 2262 2261
f 1162 2263 2262
f 1163 2264 2263
f 1160 1167 1171
f 1167 1168 1172
f 988 1170 1169
f 989 1419 1170
f 1168 1169 1173
f 1167 1172 1171
f 1168 1173 1172
f 1166 1171 2270
f 1169 1170 1174
f 1170 1419 2301
f 1169 1174 1173
f 1170 2301 1174
f 1175 1144 1143
f 1176 1147 1144
f 1177 1148 1147
f 1131 1175 1143
f 1175 1176 1144
f 1176 1177 1147
f 1177 1180 1148
f 1180 1149 1148
f 1180 1181 1149
f 1181 1150 1149
f 1182 1156 1150
f 1181 1182 1150
f 1189 1157 1156
f 1190 1178 1157
f 1183 1176 1175
f 1184 1177 1176
f 1185 1180 1177
f 1186 1181 1180
f 1187 1182 1181
f 1188 1189 1182
f 1139 1183 1175
f 1183 1184 1176
f 1184 1185 1177
f 1185 1186 1180
f 1186 1187 1181
f 1187 1188 1182
f 1532 1184 1183
f 1533 1185 1184
f 1531 1532 1183
f 1532 1533 1184
f 1534 1186 1185
f 1533 1534 1185
f 1534 1535 1186
f 1535 1187 1186
f 1536 1188 1187
f 1535 1536 1187
f 2459 1193 1188
f 1536 2459 1188
f 1182 1189 1156
f 1189 1190 1157
f 1190 1191 1178
f 1193 1190 1189
f 1194 1191 1190
f 1191 1179 1178
f 1192 1431 1179
f 1191 1192 1179
f 1192 1435 1431
f 1188 1193 1189
f 1195 1192 1191
f 1193 1194 1190
f 1194 1195 1191
f 2471 1194 1193
f 2472 1195 1194
f 1195 1196 1192
f 1196 1435 1192
f 1196 1441 1435
f 2473 1196 1195
f 2474 1441 1196
f 675 676 1199
f 676 677 1200
f 675 1199 1198
f 676 1200 1199
f 677 1197 1202
f 677 1202 1200
f 682 1207 1201
f 1197 1201 1206
f 1197 1206 1202
f 1201 1207 1212
f 1201 1212 1206
f 1198 1199 1204
f 1199 1200 1205
f 1198 1204 1203
f 1199 1205 1204
f 1200 1202 1222
f 1200 1222 1205
f 1202 1206 1244
f 1202 1244 1222
f 1206 1212 1255
f 1206 1255 1244
f 703 704 1208
f 703 1208 1207
f 704 1209 1211
f 1207 1208 1213
f 704 1211 1208
f 709 1272 1210
f 1209 1210 1214
f 1209 1214 1211
f 1210 1277 1214
f 1207 1213 1212
f 1208 1211 1215
f 1208 1215 1213
f 1212 1213 1256
f 1211 1214 1236
f 1211 1236 1215
f 1214 1319 1236
f 1217 714 713
f 1218 715 714
f 1217 1218 714
f 1219 1216 715
f 1218 1219 715
f 1224 1218 1217
f 1219 1220 1216
f 1216 1221 683
f 1220 1221 1216
f 1221 1229 716
f 1220 1223 1221
f 1223 1229 1221
f 1223 1234 1229
f 1203 1204 1241
f 1225 1219 1218
f 1224 1225 1218
f 1225 1226 1219
f 1226 1220 1219
f 1226 1227 1220
f 1227 1223 1220
f 1228 1234 1223
f 1250 1225 1224
f 1251 1226 1225
f 1227 1228 1223
f 1228 1263 1234
f 1229 717 716
f 1229 1230 717
f 1230 1231 717
f 1230 1233 1231
f 1234 1230 1229
f 1231 1232 712
f 1233 1232 1231
f 1233 1237 1232
f 1237 1293 1232
f 1234 1235 1230
f 1235 1233 1230
f 1235 1238 1233
f 1263 1235 1234
f 1238 1237 1233
f 1239 1298 1237
f 1238 1239 1237
f 1263 1264 1235
f 1264 1238 1235
f 1266 1239 1238
f 1204 1205 1242
f 1203 1241 1240
f 1204 1242 1241
f 1205 1222 1243
f 1205 1243 1242
f 1222 1244 1249
f 1222 1249 1243
f 1244 1255 1259
f 1244 1259 1249
f 1240 1241 1246
f 1241 1242 1247
f 1240 1246 1245
f 1241 1247 1246
f 1242 1243 1248
f 1242 1248 1247
f 1243 1249 1349
f 1243 1349 1248
f 1249 1259 1358
f 1249 1358 1349
f 1250 1251 1225
f 1251 1252 1226
f 1252 1227 1226
f 1252 1253 1227
f 1387 1251 1250
f 1388 1252 1251
f 1389 1253 1252
f 1253 1228 1227
f 1254 1263 1228
f 1253 1254 1228
f 1254 1265 1263
f 1387 1388 1251
f 1388 1389 1252
f 1390 1254 1253
f 1391 1265 1254
f 1212 1256 1255
f 1213 1257 1256
f 1213 1215 1257
f 1255 1256 1260
f 1256 1257 1261
f 1215 1236 1258
f 1215 1258 1257
f 1236 1323 1258
f 1255 1260 1259
f 1256 1261 1260
f 1259 1260 1359
f 1260 1261 1360
f 1257 1258 1262
f 1257 1262 1261
f 1258 1325 1262
f 1265 1264 1263
f 1264 1266 1238
f 1265 1268 1264
f 1268 1266 1264
f 1268 1269 1266
f 1266 1267 1239
f 1267 1305 1239
f 1269 1267 1266
f 1270 1329 1267
f 1392 1268 1265
f 1269 1270 1267
f 709 742 1272
f 743 1274 1271
f 742 1273 1272
f 742 1271 1273
f 1210 1272 1277
f 1271 1279 1273
f 1272 1273 1278
f 1271 1274 1279
f 751 1276 1274
f 751 1275 1276
f 1274 1276 1280
f 1274 1280 1279
f 1272 1278 1277
f 1273 1300 1278
f 1214 1277 1319
f 1277 1278 1320
f 1273 1279 1300
f 1279 1280 1301
f 1279 1301 1300
f 752 1281 1275
f 1275 1282 1276
f 1275 1281 1282
f 763 1283 1287
f 763 1287 1281
f 1276 1282 1289
f 1281 1287 1290
f 1281 1290 1282
f 771 1285 772
f 772 1286 1283
f 771 1284 1285
f 772 1285 1286
f 1283 1286 1288
f 1283 1288 1287
f 1287 1291 1290
f 1287 1288 1291
f 1276 1289 1280
f 1282 1290 1313
f 1282 1313 1289
f 1232 1293 775
f 1293 1292 775
f 1293 1294 1292
f 1294 1295 1292
f 1298 1294 1293
f 1237 1298 1293
f 1292 1295 756
f 1295 1296 776
f 1294 1297 1295
f 1297 1296 1295
f 1297 1302 1296
f 1277 1320 1319
f 1298 1299 1294
f 1299 1297 1294
f 1239 1305 1298
f 1305 1299 1298
f 1328 1303 1299
f 1278 1300 1321
f 1299 1303 1297
f 1303 1302 1297
f 1303 1304 1302
f 1305 1328 1299
f 1331 1304 1303
f 1296 1306 776
f 1296 1307 1306
f 1306 1308 777
f 1307 1308 1306
f 1302 1307 1296
f 1307 1311 1308
f 1312 1311 1307
f 1308 1309 777
f 1308 1310 1309
f 1311 1310 1308
f 1311 1315 1310
f 1280 1289 1335
f 1280 1335 1301
f 1289 1313 1337
f 1302 1312 1307
f 1304 1312 1302
f 1312 1316 1311
f 1304 1318 1312
f 1318 1316 1312
f 1290 1291 1314
f 1290 1314 1313
f 1316 1315 1311
f 1316 1317 1315
f 1344 1317 1316
f 1318 1344 1316
f 1236 1319 1323
f 1278 1321 1320
f 1319 1324 1323
f 1319 1320 1324
f 1320 1326 1324
f 1300 1301 1322
f 1300 1322 1321
f 1320 1321 1326
f 1321 1322 1327
f 1258 1323 1325
f 1323 1324 1369
f 1323 1369 1325
f 1324 1370 1369
f 1321 1327 1326
f 1324 1326 1370
f 1326 1327 1372
f 1267 1329 1305
f 1329 1328 1305
f 1330 1331 1328
f 1329 1330 1328
f 1328 1331 1303
f 1331 1332 1304
f 1333 1332 1331
f 1330 1333 1331
f 1333 1334 1332
f 1394 1330 1329
f 1270 1394 1329
f 1394 1395 1330
f 1395 1333 1330
f 1396 1334 1333
f 1301 1335 1336
f 1289 1337 1335
f 1301 1336 1322
f 1335 1337 1340
f 1335 1340 1336
f 1313 1338 1337
f 1313 1314 1338
f 1337 1338 1341
f 1337 1341 1340
f 1322 1336 1339
f 1322 1339 1327
f 1336 1340 1342
f 1336 1342 1339
f 1340 1378 1342
f 1340 1341 1378
f 1332 1318 1304
f 1332 1343 1318
f 1343 1344 1318
f 1343 1346 1344
f 1334 1343 1332
f 1347 1346 1343
f 1346 1345 1344
f 1344 1345 1317
f 1346 1348 1345
f 1334 1347 1343
f 1347 1397 1346
f 1397 1348 1346
f 1397 1398 1348
f 1245 1246 1351
f 1246 1247 1352
f 1247 1248 1353
f 1245 1351 1350
f 1246 1352 1351
f 1247 1353 1352
f 1248 1349 1357
f 1248 1357 1353
f 1349 1358 1362
f 1349 1362 1357
f 1350 1351 1355
f 1351 1352 1356
f 1352 1353 1366
f 1350 1355 1354
f 1351 1356 1355
f 1352 1366 1356
f 1353 1357 1367
f 1353 1367 1366
f 1357 1362 1368
f 1357 1368 1367
f 1259 1359 1358
f 1260 1360 1359
f 1261 1262 1361
f 1261 1361 1360
f 1358 1359 1363
f 1359 1360 1364
f 1262 1371 1361
f 1358 1363 1362
f 1359 1364 1363
f 1362 1363 1424
f 1363 1364 1425
f 1360 1361 1365
f 1360 1365 1364
f 1361 1374 1365
f 1354 1355 1420
f 1355 1356 1421
f 1362 1424 1368
f 1363 1425 1424
f 1364 1365 1426
f 1364 1426 1425
f 1262 1325 1371
f 1326 1372 1370
f 1325 1369 1373
f 1325 1373 1371
f 1369 1375 1373
f 1369 1370 1375
f 1370 1372 1376
f 1361 1371 1374
f 1371 1373 1384
f 1371 1384 1374
f 1373 1385 1384
f 1370 1376 1375
f 1373 1375 1385
f 1375 1376 1386
f 1375 1386 1385
f 1327 1377 1372
f 1327 1339 1377
f 1339 1342 1379
f 1339 1379 1377
f 1372 1377 1380
f 1342 1378 1381
f 1342 1381 1379
f 1372 1380 1376
f 1377 1379 1382
f 1377 1382 1380
f 1376 1380 1477
f 1379 1381 1383
f 1379 1383 1382
f 1365 1374 1470
f 1374 1384 1471
f 1376 1477 1386
f 1380 1382 1478
f 1380 1478 1477
f 1382 1383 1479
f 1389 1390 1253
f 1399 1388 1387
f 1400 1389 1388
f 1401 1390 1389
f 1399 1400 1388
f 1400 1401 1389
f 1390 1391 1254
f 1391 1392 1265
f 1402 1391 1390
f 1393 1269 1268
f 1392 1393 1268
f 1393 1410 1269
f 1410 1270 1269
f 1410 1411 1270
f 1411 1394 1270
f 1453 1395 1394
f 1395 1396 1333
f 1396 1455 1334
f 1455 1347 1334
f 1455 1462 1347
f 1462 1397 1347
f 1464 1398 1397
f 1404 1400 1399
f 1401 1402 1390
f 1405 1401 1400
f 1402 1403 1391
f 1403 1392 1391
f 1403 1409 1392
f 1404 1405 1400
f 1405 1406 1401
f 1406 1402 1401
f 1406 1407 1402
f 1407 1403 1402
f 1408 1409 1403
f 1431 1405 1404
f 1432 1406 1405
f 1431 1432 1405
f 1432 1433 1406
f 1433 1407 1406
f 1433 1434 1407
f 1407 1408 1403
f 1408 1414 1409
f 1434 1408 1407
f 1438 1414 1408
f 1409 1393 1392
f 1409 1412 1393
f 1412 1410 1393
f 1412 1413 1410
f 1413 1411 1410
f 1413 1416 1411
f 1416 1453 1411
f 1414 1412 1409
f 1414 1415 1412
f 1415 1413 1412
f 1415 1417 1413
f 1445 1415 1414
f 1417 1416 1413
f 1418 1458 1416
f 1417 1418 1416
f 1356 1366 1422
f 1354 1420 1419
f 1355 1421 1420
f 1356 1422 1421
f 1366 1367 1423
f 1366 1423 1422
f 1367 1368 1427
f 1419 1420 2302
f 1420 1421 2303
f 1419 2302 2301
f 1420 2303 2302
f 1421 1422 2304
f 1421 2304 2303
f 1367 1427 1423
f 1422 1423 2305
f 1423 1427 2311
f 1434 1438 1408
f 1368 1424 1428
f 1365 1470 1426
f 1368 1428 1427
f 1424 1425 1429
f 1424 1429 1428
f 1427 1428 2312
f 1425 1426 1430
f 1425 1430 1429
f 1426 2339 1430
f 1446 1417 1415
f 1447 1418 1417
f 1435 1432 1431
f 1436 1433 1432
f 1437 1434 1433
f 1435 1436 1432
f 1436 1437 1433
f 1437 1439 1434
f 1438 1445 1414
f 1439 1438 1434
f 1440 1445 1438
f 1439 1440 1438
f 1440 1449 1445
f 1441 1436 1435
f 1442 1437 1436
f 1441 1442 1436
f 1443 1439 1437
f 1442 1443 1437
f 1443 1444 1439
f 1444 1440 1439
f 1444 2319 1440
f 2319 1449 1440
f 2319 2320 1449
f 1445 1446 1415
f 1446 1447 1417
f 1449 1446 1445
f 1450 1447 1446
f 1447 1448 1418
f 1448 1474 1418
f 1449 1450 1446
f 1450 1451 1447
f 1451 1448 1447
f 1451 1452 1448
f 1452 1484 1448
f 2320 1450 1449
f 2321 1451 1450
f 2320 2321 1450
f 2322 1452 1451
f 2323 1489 1452
f 1411 1453 1394
f 1453 1454 1395
f 1454 1396 1395
f 1458 1454 1453
f 1416 1458 1453
f 1459 1456 1454
f 1456 1455 1396
f 1454 1456 1396
f 1456 1457 1455
f 1460 1457 1456
f 1458 1459 1454
f 1474 1459 1458
f 1418 1474 1458
f 1475 1460 1459
f 1474 1475 1459
f 1459 1460 1456
f 1460 1461 1457
f 1476 1461 1460
f 1462 1464 1397
f 1457 1462 1455
f 1457 1463 1462
f 1463 1464 1462
f 1463 1467 1464
f 1464 1465 1398
f 1467 1465 1464
f 1467 1468 1465
f 1461 1463 1457
f 1461 1466 1463
f 1466 1467 1463
f 1466 1469 1467
f 1485 1466 1461
f 1469 1468 1467
f 1469 1483 1468
f 1374 1471 1470
f 1384 1472 1471
f 1384 1385 1472
f 1385 1386 1473
f 1385 1473 1472
f 1426 1470 2339
f 1470 1471 2340
f 1470 2340 2339
f 1471 2341 2340
f 1471 1472 2341
f 1472 1473 2342
f 1475 1476 1460
f 1476 1485 1461
f 1386 1477 1480
f 1382 1479 1478
f 1386 1480 1473
f 1477 1478 1481
f 1477 1481 1480
f 1473 1480 2347
f 1478 1479 1482
f 1478 1482 1481
f 1485 1492 1466
f 1492 1469 1466
f 1493 1483 1469
f 1484 1475 1474
f 1448 1484 1474
f 1486 1476 1475
f 1484 1486 1475
f 1486 1487 1476
f 1487 1485 1476
f 1487 1488 1485
f 1489 1486 1484
f 1452 1489 1484
f 1490 1487 1486
f 1491 1488 1487
f 1489 1490 1486
f 1490 1491 1487
f 1491 2353 1488
f 1492 1493 1469
f 1488 1492 1485
f 1495 1493 1492
f 1493 1494 1483
f 1488 1495 1492
f 1495 1496 1493
f 2353 1495 1488
f 1496 1494 1493
f 1496 1497 1494
f 2353 2354 1495
f 2354 1496 1495
f 2355 1497 1496
f 1511 1499 1498
f 1512 1500 1499
f 1513 1501 1500
f 1514 1502 1501
f 1515 1503 1502
f 1516 1504 1503
f 1517 1505 1504
f 1518 1506 1505
f 1511 1512 1499
f 1512 1513 1500
f 1513 1514 1501
f 1514 1515 1502
f 1515 1516 1503
f 1516 1517 1504
f 1517 1518 1505
f 1518 1519 1506
f 1519 1507 1506
f 1520 1508 1507
f 1521 1509 1508
f 1522 1510 1509
f 1523 1524 1510
f 1519 1520 1507
f 1520 1521 1508
f 1521 1522 1509
f 1522 1523 1510
f 1523 1528 1524
f 2387 1512 1511
f 2388 1513 1512
f 2389 1514 1513
f 2390 1515 1514
f 2391 1516 1515
f 2392 1517 1516
f 2393 1518 1517
f 2394 1519 1518
f 2387 2388 1512
f 2388 2389 1513
f 2389 2390 1514
f 2395 1520 1519
f 1528 1525 1524
f 2400 1526 1525
f 2401 1527 1526
f 2402 1529 1527
f 1528 2400 1525
f 2400 2401 1526
f 2401 2402 1527
f 2403 1530 1529
f 2407 1531 1530
f 2408 1532 1531
f 2402 2403 1529
f 2460 1533 1532
f 2459 2471 1193
f 2471 2472 1194
f 769 1537 768
f 770 1538 769
f 769 1538 1537
f 768 1545 1284
f 768 1537 1545
f 770 1539 1538
f 774 1539 770
f 1538 1540 1537
f 1539 1541 1538
f 1538 1541 1540
f 1541 1542 1540
f 1539 1543 1541
f 1537 1540 1548
f 1541 1544 1542
f 774 1557 1539
f 1309 1557 774
f 1557 1543 1539
f 1543 1544 1541
f 1543 1563 1544
f 1544 1565 1542
f 1563 1566 1544
f 1284 1546 1285
f 1285 1547 1286
f 1284 1545 1546
f 1285 1546 1547
f 1537 1548 1545
f 1540 1542 1551
f 1540 1551 1548
f 1286 1547 1555
f 1286 1555 1288
f 1545 1549 1546
f 1545 1548 1549
f 1546 1550 1547
f 1546 1549 1550
f 1548 1552 1549
f 1548 1551 1552
f 1547 1550 1571
f 1549 1552 1553
f 1549 1553 1550
f 1542 1554 1551
f 1551 1556 1552
f 1551 1554 1556
f 1288 1572 1291
f 1288 1555 1572
f 1547 1571 1555
f 1550 1553 1576
f 1550 1576 1571
f 1552 1577 1553
f 1552 1556 1577
f 1309 1558 1557
f 1310 1558 1309
f 1557 1559 1543
f 1558 1559 1557
f 1559 1563 1543
f 1559 1564 1563
f 1558 1561 1559
f 1561 1564 1559
f 1561 1568 1564
f 1310 1560 1558
f 1315 1560 1310
f 1560 1561 1558
f 1562 1568 1561
f 1560 1562 1561
f 1562 1580 1568
f 1544 1566 1565
f 1564 1567 1563
f 1563 1567 1566
f 1542 1565 1554
f 1564 1569 1567
f 1568 1569 1564
f 1566 1585 1565
f 1567 1586 1566
f 1569 1587 1567
f 1568 1570 1569
f 1580 1570 1568
f 1565 1594 1554
f 1570 1588 1569
f 1555 1571 1573
f 1555 1573 1572
f 1571 1576 1578
f 1291 1572 1612
f 1291 1612 1314
f 1571 1578 1573
f 1572 1573 1613
f 1572 1613 1612
f 1573 1578 1616
f 1315 1574 1560
f 1317 1574 1315
f 1574 1562 1560
f 1575 1580 1562
f 1574 1575 1562
f 1575 1582 1580
f 1317 1584 1574
f 1584 1575 1574
f 1624 1582 1575
f 1584 1624 1575
f 1624 1627 1582
f 1553 1579 1576
f 1553 1577 1579
f 1554 1595 1556
f 1556 1596 1577
f 1576 1617 1578
f 1576 1579 1617
f 1577 1597 1579
f 1579 1636 1617
f 1580 1581 1570
f 1582 1581 1580
f 1581 1598 1570
f 1582 1583 1581
f 1627 1583 1582
f 1583 1599 1581
f 1566 1586 1585
f 1567 1587 1586
f 1586 1589 1585
f 1565 1585 1594
f 1569 1588 1587
f 1570 1598 1588
f 1587 1590 1586
f 1588 1591 1587
f 1586 1590 1589
f 1587 1591 1590
f 1585 1589 1600
f 1588 1605 1591
f 1598 1605 1588
f 1590 1592 1589
f 1591 1593 1590
f 1590 1593 1592
f 1591 1607 1593
f 1605 1607 1591
f 1593 1657 1592
f 1554 1594 1595
f 1556 1595 1596
f 1585 1600 1594
f 1594 1601 1595
f 1594 1600 1601
f 1577 1596 1597
f 1579 1597 1636
f 1595 1602 1596
f 1595 1601 1602
f 1596 1638 1597
f 1596 1602 1638
f 1581 1599 1598
f 1598 1606 1605
f 1599 1606 1598
f 1583 1647 1599
f 1599 1609 1606
f 1647 1609 1599
f 1589 1592 1603
f 1589 1603 1600
f 1600 1604 1601
f 1600 1603 1604
f 1601 1639 1602
f 1601 1604 1639
f 1592 1672 1603
f 1603 1673 1604
f 1606 1608 1605
f 1605 1608 1607
f 1606 1610 1608
f 1607 1658 1593
f 1608 1659 1607
f 1610 1660 1608
f 1609 1610 1606
f 1609 1611 1610
f 1611 1661 1610
f 1647 1649 1609
f 1649 1611 1609
f 1314 1612 1614
f 1314 1614 1338
f 1573 1616 1613
f 1612 1613 1615
f 1612 1615 1614
f 1613 1616 1621
f 1338 1614 1619
f 1613 1621 1615
f 1578 1617 1618
f 1578 1618 1616
f 1617 1637 1618
f 1616 1618 1622
f 1616 1622 1621
f 1338 1619 1341
f 1614 1615 1620
f 1615 1621 1623
f 1614 1620 1619
f 1615 1623 1620
f 1341 1619 1743
f 1341 1743 1378
f 1619 1620 1744
f 1620 1623 1745
f 1621 1622 1633
f 1618 1643 1622
f 1621 1633 1623
f 1622 1751 1633
f 1345 1584 1317
f 1345 1625 1584
f 1625 1624 1584
f 1626 1627 1624
f 1625 1626 1624
f 1348 1625 1345
f 1626 1629 1627
f 1348 1631 1625
f 1631 1626 1625
f 1632 1629 1626
f 1627 1628 1583
f 1629 1628 1627
f 1628 1647 1583
f 1629 1630 1628
f 1630 1648 1628
f 1398 1631 1348
f 1631 1632 1626
f 1632 1634 1629
f 1783 1632 1631
f 1791 1634 1632
f 1634 1630 1629
f 1634 1635 1630
f 1635 1653 1630
f 1617 1636 1637
f 1597 1641 1636
f 1597 1638 1641
f 1618 1637 1643
f 1636 1644 1637
f 1636 1641 1644
f 1602 1640 1638
f 1602 1639 1640
f 1604 1674 1639
f 1638 1642 1641
f 1638 1640 1642
f 1639 1675 1640
f 1641 1645 1644
f 1641 1642 1645
f 1640 1683 1642
f 1637 1644 1646
f 1637 1646 1643
f 1622 1643 1751
f 1644 1645 1654
f 1642 1684 1645
f 1644 1654 1646
f 1628 1648 1647
f 1648 1649 1647
f 1648 1651 1649
f 1653 1651 1648
f 1630 1653 1648
f 1649 1650 1611
f 1651 1650 1649
f 1650 1687 1611
f 1651 1652 1650
f 1652 1688 1650
f 1643 1753 1751
f 1643 1646 1753
f 1635 1784 1653
f 1653 1655 1651
f 1784 1655 1653
f 1645 1762 1654
f 1655 1652 1651
f 1655 1656 1652
f 1656 1695 1652
f 1785 1656 1655
f 1593 1658 1657
f 1607 1659 1658
f 1592 1657 1672
f 1608 1660 1659
f 1658 1662 1657
f 1659 1663 1658
f 1658 1663 1662
f 1659 1664 1663
f 1660 1664 1659
f 1610 1661 1660
f 1657 1662 1676
f 1657 1676 1672
f 1661 1665 1660
f 1660 1665 1664
f 1661 1689 1665
f 1663 1666 1662
f 1664 1667 1663
f 1663 1667 1666
f 1664 1668 1667
f 1665 1668 1664
f 1662 1666 1680
f 1665 1691 1668
f 1667 1669 1666
f 1668 1670 1667
f 1689 1691 1665
f 1667 1670 1669
f 1670 1671 1669
f 1668 1709 1670
f 1603 1672 1673
f 1604 1673 1674
f 1639 1674 1675
f 1672 1677 1673
f 1673 1678 1674
f 1672 1676 1677
f 1673 1677 1678
f 1640 1675 1683
f 1674 1679 1675
f 1674 1678 1679
f 1675 1685 1683
f 1675 1679 1685
f 1662 1680 1676
f 1676 1681 1677
f 1666 1701 1680
f 1677 1682 1678
f 1676 1680 1681
f 1677 1681 1682
f 1678 1686 1679
f 1678 1682 1686
f 1680 1703 1681
f 1681 1705 1682
f 1642 1683 1684
f 1683 1696 1684
f 1683 1685 1696
f 1679 1697 1685
f 1679 1686 1697
f 1682 1726 1686
f 1611 1687 1661
f 1650 1688 1687
f 1687 1689 1661
f 1687 1690 1689
f 1688 1690 1687
f 1688 1694 1690
f 1652 1695 1688
f 1695 1694 1688
f 1689 1692 1691
f 1690 1692 1689
f 1691 1709 1668
f 1692 1711 1691
f 1690 1693 1692
f 1694 1693 1690
f 1693 1713 1692
f 1694 1699 1693
f 1699 1715 1693
f 1645 1684 1762
f 1684 1696 1764
f 1656 1786 1695
f 1695 1698 1694
f 1786 1698 1695
f 1686 1728 1697
f 1685 1697 1765
f 1685 1765 1696
f 1697 1771 1765
f 1698 1699 1694
f 1698 1700 1699
f 1700 1730 1699
f 1787 1700 1698
f 1666 1669 1701
f 1669 1671 1702
f 1669 1702 1701
f 1680 1701 1703
f 1681 1703 1705
f 1701 1704 1703
f 1701 1702 1704
f 1671 1707 1702
f 1682 1705 1726
f 1703 1704 1706
f 1703 1706 1705
f 1705 1706 1727
f 1702 1732 1704
f 1704 1733 1706
f 1702 1707 1732
f 1704 1732 1733
f 1691 1711 1709
f 1709 1708 1670
f 1670 1708 1671
f 1709 1710 1708
f 1711 1710 1709
f 1692 1713 1711
f 1711 1712 1710
f 1713 1712 1711
f 1708 1717 1671
f 1710 1718 1708
f 1708 1718 1717
f 1712 1719 1710
f 1671 1717 1707
f 1710 1719 1718
f 1712 1721 1719
f 1693 1715 1713
f 1713 1714 1712
f 1715 1714 1713
f 1715 1716 1714
f 1714 1721 1712
f 1714 1722 1721
f 1716 1722 1714
f 1716 1739 1722
f 1718 1720 1717
f 1719 1723 1718
f 1718 1723 1720
f 1717 1734 1707
f 1721 1724 1719
f 1722 1725 1721
f 1717 1720 1734
f 1719 1724 1723
f 1721 1725 1724
f 1722 1740 1725
f 1686 1726 1728
f 1705 1727 1726
f 1706 1736 1727
f 1706 1733 1736
f 1726 1727 1729
f 1726 1729 1728
f 1697 1728 1771
f 1728 1729 1772
f 1727 1775 1729
f 1727 1736 1775
f 1699 1730 1715
f 1730 1716 1715
f 1730 1731 1716
f 1731 1739 1716
f 1731 1742 1739
f 1700 1788 1730
f 1788 1731 1730
f 1788 1789 1731
f 1789 1742 1731
f 1707 1735 1732
f 1732 1737 1733
f 1707 1734 1735
f 1732 1735 1737
f 1733 1738 1736
f 1736 1776 1775
f 1733 1737 1738
f 1736 1738 1776
f 1739 1740 1722
f 1742 1741 1739
f 1739 1741 1740
f 1742 1790 1741
f 1619 1744 1743
f 1620 1745 1744
f 1378 1743 1747
f 1378 1747 1381
f 1743 1744 1748
f 1743 1748 1747
f 1744 1745 1749
f 1623 1633 1746
f 1623 1746 1745
f 1745 1746 1750
f 1633 1752 1746
f 1744 1749 1748
f 1381 1747 1759
f 1381 1759 1383
f 1747 1748 1760
f 1748 1749 1761
f 1747 1760 1759
f 1748 1761 1760
f 1745 1750 1749
f 1746 1755 1750
f 1749 1750 1810
f 1633 1751 1752
f 1751 1756 1752
f 1751 1753 1756
f 1646 1754 1753
f 1646 1654 1754
f 1654 1763 1754
f 1753 1754 1757
f 1753 1757 1756
f 1746 1752 1755
f 1752 1756 1758
f 1750 1755 1819
f 1752 1758 1755
f 1754 1768 1757
f 1756 1820 1758
f 1756 1757 1820
f 1757 1869 1820
f 1749 1810 1761
f 1654 1762 1763
f 1684 1764 1762
f 1762 1764 1767
f 1762 1767 1763
f 1754 1763 1768
f 1696 1765 1766
f 1696 1766 1764
f 1765 1773 1766
f 1764 1766 1769
f 1764 1769 1767
f 1763 1767 1770
f 1763 1770 1768
f 1757 1768 1869
f 1767 1769 1847
f 1766 1779 1769
f 1767 1847 1770
f 1769 1877 1847
f 1728 1772 1771
f 1765 1771 1773
f 1771 1772 1774
f 1729 1777 1772
f 1729 1775 1777
f 1771 1774 1773
f 1766 1773 1779
f 1772 1781 1774
f 1772 1777 1781
f 1775 1778 1777
f 1775 1776 1778
f 1777 1782 1781
f 1777 1778 1782
f 1773 1774 1780
f 1773 1780 1779
f 1774 1781 1861
f 1774 1861 1780
f 1769 1779 1877
f 1779 1780 1878
f 1781 1862 1861
f 1781 1782 1862
f 1398 1783 1631
f 1783 1791 1632
f 1791 1794 1634
f 1794 1635 1634
f 1794 1795 1635
f 1795 1784 1635
f 1784 1785 1655
f 1785 1803 1656
f 1803 1786 1656
f 1786 1787 1698
f 1842 1787 1786
f 1787 1844 1700
f 1844 1788 1700
f 1789 1857 1742
f 1857 1790 1742
f 1465 1783 1398
f 1465 1792 1783
f 1792 1791 1783
f 1793 1794 1791
f 1792 1793 1791
f 1468 1792 1465
f 1793 1796 1794
f 1798 1793 1792
f 1796 1795 1794
f 1796 1797 1795
f 1797 1802 1795
f 1799 1796 1793
f 1800 1797 1796
f 1468 1798 1792
f 1798 1799 1793
f 1799 1800 1796
f 1483 1798 1468
f 1815 1799 1798
f 1816 1800 1799
f 1483 1815 1798
f 1815 1816 1799
f 1800 1801 1797
f 1801 1806 1797
f 1817 1801 1800
f 1795 1802 1784
f 1802 1785 1784
f 1802 1804 1785
f 1797 1806 1802
f 1806 1804 1802
f 1804 1803 1785
f 1805 1842 1803
f 1804 1805 1803
f 1808 1805 1804
f 1806 1808 1804
f 1809 1843 1805
f 1807 1808 1806
f 1801 1807 1806
f 1807 1826 1808
f 1808 1809 1805
f 1826 1809 1808
f 1827 1849 1809
f 1826 1827 1809
f 1383 1759 1811
f 1759 1760 1812
f 1383 1811 1479
f 1760 1761 1813
f 1759 1812 1811
f 1760 1813 1812
f 1750 1819 1810
f 1761 1810 1814
f 1761 1814 1813
f 1479 1811 3192
f 1811 1812 3193
f 1479 3192 1482
f 1811 3193 3192
f 1812 1813 3194
f 1812 3194 3193
f 1810 1823 1814
f 1813 1814 3195
f 1813 3195 3194
f 1494 1815 1483
f 1816 1817 1800
f 1817 1818 1801
f 1818 1807 1801
f 1755 1758 1821
f 1755 1821 1819
f 1810 1819 1823
f 1758 1820 1822
f 1758 1822 1821
f 1820 1872 1822
f 1819 1821 1824
f 1819 1824 1823
f 1814 1823 3200
f 1823 1824 3201
f 1821 1822 1825
f 1821 1825 1824
f 1822 3228 1825
f 1818 1836 1807
f 1836 1826 1807
f 1836 1837 1826
f 1837 1827 1826
f 1838 1875 1827
f 1828 1816 1815
f 1494 1828 1815
f 1829 1817 1816
f 1828 1829 1816
f 1829 1830 1817
f 1830 1818 1817
f 1830 1831 1818
f 1831 1836 1818
f 1497 1828 1494
f 1497 1832 1828
f 1832 1829 1828
f 1833 1830 1829
f 1832 1833 1829
f 1833 1834 1830
f 1834 1831 1830
f 1834 1835 1831
f 1835 1839 1831
f 2356 1832 1497
f 1839 1837 1836
f 1837 1838 1827
f 1831 1839 1836
f 1839 1840 1837
f 3211 1840 1839
f 1840 1838 1837
f 1840 1841 1838
f 1841 1893 1838
f 1835 3211 1839
f 3211 3213 1840
f 3213 1841 1840
f 3214 1894 1841
f 1803 1842 1786
f 1842 1845 1787
f 1805 1843 1842
f 1843 1845 1842
f 1843 1848 1845
f 1845 1844 1787
f 1846 1853 1844
f 1845 1846 1844
f 1848 1846 1845
f 1850 1855 1846
f 1768 1770 1870
f 1848 1850 1846
f 1809 1849 1843
f 1849 1848 1843
f 1849 1851 1848
f 1875 1851 1849
f 1851 1850 1848
f 1851 1852 1850
f 1852 1864 1850
f 1853 1789 1788
f 1844 1853 1788
f 1853 1854 1789
f 1854 1857 1789
f 1854 1859 1857
f 1846 1855 1853
f 1855 1854 1853
f 1855 1856 1854
f 1856 1859 1854
f 1856 1863 1859
f 1859 1858 1857
f 1857 1858 1790
f 1863 1860 1859
f 1859 1860 1858
f 1779 1878 1877
f 1780 1881 1878
f 1780 1861 1881
f 1864 1856 1855
f 1865 1863 1856
f 1861 1862 1882
f 1863 1866 1860
f 1850 1864 1855
f 1864 1865 1856
f 1865 1867 1863
f 1887 1865 1864
f 1852 1887 1864
f 1888 1867 1865
f 1887 1888 1865
f 1867 1866 1863
f 1867 1868 1866
f 1889 1868 1867
f 1768 1870 1869
f 1820 1869 1872
f 1869 1870 1873
f 1869 1873 1872
f 1770 1847 1871
f 1770 1871 1870
f 1847 1879 1871
f 1870 1871 1874
f 1822 1872 3228
f 1872 1873 3230
f 1872 3230 3228
f 1870 1874 1873
f 1871 1883 1874
f 1873 1874 3231
f 1827 1875 1849
f 1875 1876 1851
f 1876 1852 1851
f 1876 1892 1852
f 1892 1887 1852
f 1873 3231 3230
f 1847 1877 1879
f 1877 1878 1880
f 1878 1881 1885
f 1877 1880 1879
f 1878 1885 1880
f 1861 1882 1881
f 1881 1886 1885
f 1881 1882 1886
f 1871 1879 1883
f 1879 1880 1884
f 1879 1884 1883
f 1880 1891 1884
f 1880 1885 1891
f 1885 1886 3236
f 1885 3236 1891
f 1898 1888 1887
f 1888 1889 1867
f 1899 1889 1888
f 1892 1898 1887
f 1889 1890 1868
f 1900 1890 1889
f 1874 1883 3234
f 1883 1884 3235
f 1838 1893 1875
f 1893 1876 1875
f 1893 1895 1876
f 1895 1892 1876
f 1896 1898 1892
f 1841 1894 1893
f 1894 1895 1893
f 1894 1897 1895
f 1895 1896 1892
f 1897 1896 1895
f 1897 3244 1896
f 3244 1901 1896
f 1898 1899 1888
f 1899 1900 1889
f 1900 1903 1890
f 1896 1901 1898
f 1901 1899 1898
f 1902 1900 1899
f 1901 1902 1899
f 1902 1904 1900
f 3248 1902 1901
f 3249 1904 1902
f 1904 1903 1900
f 1904 1905 1903
f 3244 3248 1901
f 3248 3249 1902
f 3252 1905 1904
f 1723 1906 1720
f 1724 1907 1723
f 1723 1907 1906
f 1725 1908 1724
f 1720 1906 1909
f 1724 1908 1907
f 1907 1916 1906
f 1908 1917 1907
f 1740 1912 1725
f 1725 1912 1908
f 1907 1917 1916
f 1720 1909 1734
f 1906 1916 1915
f 1906 1915 1909
f 1734 1910 1735
f 1734 1909 1910
f 1735 1911 1737
f 1735 1910 1911
f 1737 1934 1738
f 1737 1911 1934
f 1909 1937 1910
f 1910 1940 1911
f 1909 1915 1937
f 1910 1937 1940
f 1740 1913 1912
f 1741 1913 1740
f 1741 1914 1913
f 1912 1918 1908
f 1908 1918 1917
f 1912 1922 1918
f 1913 1922 1912
f 1913 1927 1922
f 1790 1914 1741
f 1914 1927 1913
f 1914 1960 1927
f 1916 1938 1915
f 1917 1919 1916
f 1918 1920 1917
f 1922 1921 1918
f 1917 1920 1919
f 1918 1921 1920
f 1916 1919 1938
f 1922 1923 1921
f 1927 1923 1922
f 1920 1924 1919
f 1921 1925 1920
f 1920 1925 1924
f 1923 1926 1921
f 1921 1926 1925
f 1923 1929 1926
f 1960 1928 1927
f 1927 1928 1923
f 1919 1924 1944
f 1919 1944 1938
f 1928 1929 1923
f 1928 1962 1929
f 1925 1930 1924
f 1926 1931 1925
f 1925 1931 1930
f 1929 1932 1926
f 1926 1932 1931
f 1929 1963 1932
f 1962 1963 1929
f 1924 1930 1953
f 1931 1933 1930
f 1932 1964 1931
f 1931 1964 1933
f 1738 1935 1776
f 1738 1934 1935
f 1911 1942 1934
f 1911 1940 1942
f 1934 1947 1935
f 1934 1942 1947
f 1776 1936 1778
f 1776 1935 1936
f 1935 1951 1936
f 1935 1947 1951
f 1915 1939 1937
f 1915 1938 1939
f 1937 1939 1941
f 1937 1941 1940
f 1940 1943 1942
f 1940 1941 1943
f 1938 1945 1939
f 1939 1946 1941
f 1938 1944 1945
f 1939 1945 1946
f 1941 1949 1943
f 1941 1946 1949
f 1942 1948 1947
f 1942 1943 1948
f 1947 1948 1952
f 1943 1949 1950
f 1943 1950 1948
f 1778 1976 1782
f 1778 1936 1976
f 1936 1978 1976
f 1936 1951 1978
f 1947 1952 1951
f 1948 1950 1977
f 1948 1977 1952
f 1924 1953 1944
f 1944 1954 1945
f 1945 1955 1946
f 1944 1953 1954
f 1930 1957 1953
f 1945 1954 1955
f 1946 1956 1949
f 1946 1955 1956
f 1949 1995 1950
f 1949 1956 1995
f 1953 1958 1954
f 1954 1959 1955
f 1955 1998 1956
f 1930 1933 1957
f 1953 1957 1958
f 1954 1958 1959
f 1955 1959 1998
f 1933 2064 1957
f 1957 2065 1958
f 1958 2068 1959
f 1957 2064 2065
f 1790 1966 1914
f 1966 1960 1914
f 1960 1961 1928
f 1961 1962 1928
f 1961 1971 1962
f 1962 1988 1963
f 1963 1965 1932
f 1932 1965 1964
f 1963 1991 1965
f 1964 2043 1933
f 1965 2044 1964
f 1964 2044 2043
f 1858 1966 1790
f 1858 1967 1966
f 1966 1969 1960
f 1967 1969 1966
f 1967 1973 1969
f 1860 1967 1858
f 1860 1968 1967
f 1866 1968 1860
f 1968 1973 1967
f 1968 1981 1973
f 1969 1961 1960
f 1969 1970 1961
f 1973 1970 1969
f 1970 1971 1961
f 1970 1972 1971
f 1974 1972 1970
f 1973 1974 1970
f 1981 1974 1973
f 1974 1975 1972
f 1982 1975 1974
f 1782 2004 1862
f 1782 1976 2004
f 1976 2006 2004
f 1976 1978 2006
f 1983 1981 1968
f 1951 1952 1979
f 1951 1979 1978
f 1978 1979 2007
f 1952 1977 1980
f 1952 1980 1979
f 1981 1982 1974
f 1982 1984 1975
f 1866 1983 1968
f 1983 1985 1981
f 1868 1983 1866
f 1868 2013 1983
f 2013 1985 1983
f 2013 2014 1985
f 1985 1982 1981
f 1986 1984 1982
f 1985 1986 1982
f 2014 1986 1985
f 1986 1987 1984
f 2015 1987 1986
f 1971 1988 1962
f 1971 1989 1988
f 1972 1989 1971
f 1988 1991 1963
f 1989 1992 1988
f 1972 1990 1989
f 1975 1990 1972
f 1975 1997 1990
f 1990 1993 1989
f 1997 1994 1990
f 1988 1992 1991
f 1989 1993 1992
f 1991 2046 1965
f 1965 2046 2044
f 1991 2049 2046
f 1933 2043 2064
f 1992 2049 1991
f 1992 2054 2049
f 1993 2054 1992
f 1990 1994 1993
f 1993 2057 2054
f 1994 2057 1993
f 1950 1996 1977
f 1950 1995 1996
f 1956 1999 1995
f 1977 1996 2020
f 1977 2020 1980
f 1995 2000 1996
f 1984 1997 1975
f 1956 1998 1999
f 1959 2070 1998
f 1958 2065 2068
f 1959 2068 2070
f 1998 2075 1999
f 1998 2070 2075
f 1995 1999 2000
f 1996 2000 2022
f 1999 2120 2000
f 1999 2075 2120
f 1997 2002 1994
f 2002 2079 1994
f 1994 2079 2057
f 1984 2001 1997
f 2001 2002 1997
f 1987 2001 1984
f 1987 2025 2001
f 2025 2003 2001
f 2002 2089 2079
f 2001 2003 2002
f 2003 2089 2002
f 2003 2129 2089
f 1862 2004 2005
f 1862 2005 1882
f 2004 2006 2009
f 1882 2005 2011
f 2004 2009 2005
f 1978 2007 2006
f 1979 1980 2008
f 1979 2008 2007
f 2006 2010 2009
f 2006 2007 2010
f 2007 2008 2012
f 2007 2012 2010
f 1882 2011 1886
f 2005 2009 2017
f 2005 2017 2011
f 2009 2010 2018
f 2009 2018 2017
f 2010 2012 2019
f 1890 2013 1868
f 1890 2029 2013
f 2029 2014 2013
f 2029 2030 2014
f 2014 2015 1986
f 2030 2015 2014
f 2015 2016 1987
f 2031 2016 2015
f 1886 2011 3287
f 1886 3287 3236
f 2011 2017 3288
f 2010 2019 2018
f 2017 2018 3289
f 1980 2020 2021
f 1996 2022 2020
f 1980 2021 2008
f 2008 2024 2012
f 2008 2021 2024
f 2020 2023 2021
f 2020 2022 2023
f 2000 2120 2123
f 2000 2123 2022
f 2022 2123 2128
f 2022 2128 2023
f 2021 2028 2024
f 2021 2023 2028
f 2016 2025 1987
f 2016 2026 2025
f 2026 2027 2025
f 2025 2027 2003
f 2027 2129 2003
f 2027 2131 2129
f 2026 2038 2027
f 2038 2131 2027
f 2012 2024 3295
f 2012 3295 2019
f 2024 3297 3295
f 2023 2139 2028
f 2023 2128 2139
f 2024 2028 3297
f 2028 2139 3327
f 1903 2029 1890
f 2032 2030 2029
f 2030 2031 2015
f 2031 2033 2016
f 1903 2032 2029
f 2032 2034 2030
f 1905 2032 1903
f 1905 2037 2032
f 2037 2034 2032
f 2037 3301 2034
f 2034 2031 2030
f 2034 2035 2031
f 2035 2033 2031
f 2035 2036 2033
f 3301 2035 2034
f 3301 3302 2035
f 3302 2036 2035
f 3302 3303 2036
f 2033 2026 2016
f 2033 2039 2026
f 2039 2038 2026
f 2038 2181 2131
f 2036 2039 2033
f 2040 2041 2039
f 2036 2040 2039
f 3303 2040 2036
f 2039 2041 2038
f 2041 2181 2038
f 2041 2184 2181
f 2040 2042 2041
f 2042 2184 2041
f 2042 3344 2184
f 2044 2045 2043
f 2044 2047 2045
f 2046 2047 2044
f 2046 2048 2047
f 2047 2051 2045
f 2043 2045 2066
f 2048 2052 2047
f 2049 2048 2046
f 2049 2050 2048
f 2054 2050 2049
f 2050 2053 2048
f 2047 2052 2051
f 2048 2053 2052
f 2050 2055 2053
f 2043 2066 2064
f 2045 2072 2066
f 2054 2056 2050
f 2056 2055 2050
f 2045 2051 2072
f 2057 2056 2054
f 2057 2058 2056
f 2058 2059 2056
f 2079 2058 2057
f 2056 2059 2055
f 2058 2081 2059
f 2052 2060 2051
f 2053 2061 2052
f 2055 2062 2053
f 2052 2061 2060
f 2053 2062 2061
f 2051 2060 2082
f 2061 2093 2060
f 2055 2063 2062
f 2059 2063 2055
f 2081 2085 2059
f 2059 2085 2063
f 2062 2094 2061
f 2063 2095 2062
f 2085 2097 2063
f 2061 2094 2093
f 2062 2095 2094
f 2063 2097 2095
f 2064 2067 2065
f 2064 2066 2067
f 2065 2069 2068
f 2065 2067 2069
f 2066 2073 2067
f 2068 2071 2070
f 2068 2069 2071
f 2067 2074 2069
f 2069 2077 2071
f 2066 2072 2073
f 2067 2073 2074
f 2069 2074 2077
f 2070 2071 2076
f 2070 2076 2075
f 2071 2078 2076
f 2075 2076 2121
f 2071 2077 2078
f 2079 2080 2058
f 2080 2081 2058
f 2089 2080 2079
f 2080 2088 2081
f 2072 2083 2073
f 2051 2082 2072
f 2073 2084 2074
f 2072 2082 2083
f 2060 2096 2082
f 2073 2083 2084
f 2074 2087 2077
f 2074 2084 2087
f 2077 2126 2078
f 2077 2087 2126
f 2082 2103 2083
f 2083 2104 2084
f 2082 2096 2103
f 2083 2103 2104
f 2081 2086 2085
f 2088 2086 2081
f 2060 2093 2096
f 2086 2098 2085
f 2085 2098 2097
f 2086 2112 2098
f 2084 2144 2087
f 2084 2104 2144
f 2089 2090 2080
f 2090 2088 2080
f 2129 2090 2089
f 2129 2130 2090
f 2130 2091 2090
f 2090 2091 2088
f 2088 2092 2086
f 2091 2092 2088
f 2091 2135 2092
f 2092 2112 2086
f 2092 2113 2112
f 2135 2113 2092
f 2094 2099 2093
f 2095 2100 2094
f 2097 2101 2095
f 2098 2102 2097
f 2094 2100 2099
f 2093 2099 2146
f 2095 2101 2100
f 2097 2102 2101
f 2100 2105 2099
f 2101 2106 2100
f 2102 2107 2101
f 2098 2114 2102
f 2114 2108 2102
f 2093 2146 2096
f 2096 2147 2103
f 2103 2148 2104
f 2099 2152 2146
f 2096 2146 2147
f 2099 2105 2152
f 2100 2106 2105
f 2101 2107 2106
f 2106 2109 2105
f 2107 2110 2106
f 2102 2108 2107
f 2108 2111 2107
f 2106 2110 2109
f 2107 2111 2110
f 2110 7475 2109
f 2111 7476 2110
f 2105 2156 2152
f 2105 2109 2156
f 2112 2114 2098
f 2113 2115 2112
f 2112 2115 2114
f 2115 2116 2114
f 2113 2161 2115
f 2161 2117 2115
f 2114 2116 2108
f 2108 2118 2111
f 2116 2118 2108
f 2115 2117 2116
f 2117 2119 2116
f 2116 2119 2118
f 2117 2165 2119
f 2118 7477 2111
f 2119 7478 2118
f 2165 7484 2119
f 2075 2121 2120
f 2076 2122 2121
f 2120 2121 2124
f 2120 2124 2123
f 2076 2078 2122
f 2121 2122 2125
f 2121 2125 2124
f 2123 2124 2137
f 2123 2137 2128
f 2124 2125 2138
f 2078 2127 2122
f 2078 2126 2127
f 2087 2145 2126
f 2087 2144 2145
f 2126 2145 2150
f 2122 2142 2125
f 2122 2127 2142
f 2126 2150 2127
f 2127 2150 2171
f 2124 2138 2137
f 2130 2132 2091
f 2131 2130 2129
f 2131 2133 2130
f 2133 2132 2130
f 2133 2134 2132
f 2181 2133 2131
f 2132 2135 2091
f 2135 2162 2113
f 2127 2171 2142
f 2132 2136 2135
f 2134 2136 2132
f 2136 2162 2135
f 2136 2164 2162
f 2134 2180 2136
f 2180 2164 2136
f 2128 2137 2140
f 2137 2138 2141
f 2128 2140 2139
f 2137 2141 2140
f 2139 2140 3328
f 2125 2143 2138
f 2125 2142 2143
f 2142 2174 2143
f 2142 2171 2174
f 2138 2143 3330
f 2138 3330 2141
f 2143 2174 3334
f 2104 2149 2144
f 2144 2151 2145
f 2103 2147 2148
f 2104 2148 2149
f 2146 2153 2147
f 2147 2154 2148
f 2144 2149 2151
f 2148 2155 2149
f 2145 2172 2150
f 2145 2151 2172
f 2149 2159 2151
f 2146 2152 2153
f 2147 2153 2154
f 2152 2157 2153
f 2152 2156 2157
f 2148 2154 2155
f 2153 2158 2154
f 2154 2160 2155
f 2153 2157 2158
f 2154 2158 2160
f 2109 7482 2156
f 2156 7483 2157
f 2157 7485 2158
f 2149 2155 2159
f 2155 2166 2159
f 2155 2160 2166
f 2158 7486 2160
f 2162 2161 2113
f 2151 2176 2172
f 2164 2163 2162
f 2162 2163 2161
f 2163 2167 2161
f 2164 2189 2163
f 2189 2169 2163
f 2161 2167 2117
f 2167 2165 2117
f 2151 2159 2176
f 2159 2166 2177
f 2160 7503 2166
f 2167 2168 2165
f 2169 2168 2167
f 2163 2169 2167
f 2168 7487 2165
f 2190 2170 2169
f 2169 2170 2168
f 2189 2190 2169
f 2170 7488 2168
f 2150 2173 2171
f 2150 2172 2173
f 2172 2178 2173
f 2171 2175 2174
f 2171 2173 2175
f 2173 3336 2175
f 2159 2177 2176
f 2172 2176 2178
f 2176 2179 2178
f 2176 2177 2179
f 2166 7504 2177
f 2173 2178 3336
f 2177 7505 2179
f 2178 3337 3336
f 2178 2179 3337
f 2181 2182 2133
f 2182 2134 2133
f 2182 2183 2134
f 2183 2180 2134
f 2180 2191 2164
f 2184 2182 2181
f 2185 2183 2182
f 2184 2185 2182
f 3344 2185 2184
f 3344 3345 2185
f 3345 2186 2185
f 2185 2186 2183
f 2183 2187 2180
f 2187 2191 2180
f 2187 2193 2191
f 2186 2187 2183
f 2186 2188 2187
f 2188 2193 2187
f 2188 3360 2193
f 2191 2189 2164
f 2190 2196 2170
f 2196 7542 2170
f 2193 2192 2191
f 2191 2192 2189
f 2192 2190 2189
f 3360 2194 2193
f 2193 2194 2192
f 2194 2195 2192
f 2195 2196 2190
f 2192 2195 2190
f 2195 2198 2196
f 2198 7543 2196
f 2197 2198 2195
f 2194 2197 2195
f 2197 3353 2198
f 3353 7544 2198
f 2199 2200 2222
f 2200 2201 2223
f 2201 2202 2224
f 2202 2203 2225
f 1083 2208 2207
f 1084 2209 2208
f 1085 2210 2209
f 1086 2211 2210
f 1087 2212 2211
f 1095 1096 2213
f 1096 1097 2214
f 1097 1098 2217
f 1095 2213 2212
f 1096 2214 2213
f 1097 2217 2214
f 1098 2218 2217
f 1098 1099 2218
f 1099 2215 2219
f 2215 2216 2220
f 1099 2219 2218
f 2215 2220 2219
f 2216 2267 2220
f 2203 2204 2226
f 2199 2222 2221
f 2200 2223 2222
f 2204 2205 2227
f 2205 2206 2228
f 2206 2207 2229
f 359 2511 2538
f 2207 2208 2230
f 2208 2209 2231
f 2201 2224 2223
f 2202 2225 2224
f 2203 2226 2225
f 2204 2227 2226
f 2205 2228 2227
f 2206 2229 2228
f 2221 2222 2236
f 2222 2223 2237
f 2223 2224 2238
f 2224 2225 2239
f 2225 2226 2240
f 2226 2227 2241
f 2207 2230 2229
f 2208 2231 2230
f 2209 2232 2231
f 2209 2210 2232
f 2210 2211 2233
f 2211 2212 2234
f 2210 2233 2232
f 2211 2234 2233
f 444 2538 2555
f 2212 2213 2248
f 2213 2214 2249
f 2214 2217 2250
f 2212 2248 2234
f 2213 2249 2248
f 2214 2250 2249
f 2217 2251 2250
f 2217 2218 2251
f 2218 2219 2252
f 2218 2252 2251
f 2219 2220 2253
f 2227 2228 2242
f 2228 2229 2243
f 2229 2230 2244
f 2230 2231 2245
f 2231 2232 2246
f 2232 2233 2247
f 2233 2234 2254
f 2221 2236 2235
f 2222 2237 2236
f 2223 2238 2237
f 2224 2239 2238
f 2225 2240 2239
f 2226 2241 2240
f 2227 2242 2241
f 2228 2243 2242
f 2229 2244 2243
f 2230 2245 2244
f 2231 2246 2245
f 2232 2247 2246
f 2233 2254 2247
f 2235 2236 2414
f 2236 2237 2415
f 2237 2238 2416
f 2238 2239 2417
f 2239 2240 2418
f 2235 2414 2413
f 2236 2415 2414
f 2237 2416 2415
f 2240 2241 2504
f 2241 2242 2505
f 2242 2243 2506
f 2238 2417 2416
f 2239 2418 2417
f 2240 2504 2418
f 2241 2505 2504
f 2242 2506 2505
f 2243 2244 2507
f 2244 2245 2508
f 2245 2246 2509
f 2243 2507 2506
f 2244 2508 2507
f 2245 2509 2508
f 2246 2247 2510
f 2247 2254 2524
f 2246 2510 2509
f 2247 2524 2510
f 2234 2248 2255
f 2248 2249 2256
f 2249 2250 2257
f 2219 2253 2252
f 2220 2278 2253
f 2250 2251 2258
f 2251 2252 2259
f 2252 2253 2260
f 2234 2255 2254
f 2248 2256 2255
f 2249 2257 2256
f 2250 2258 2257
f 2254 2255 2525
f 2255 2256 2526
f 2256 2257 2527
f 2251 2259 2258
f 2252 2260 2259
f 2253 2284 2260
f 2257 2258 2528
f 2258 2259 2529
f 2216 2261 2267
f 2261 2262 2268
f 2262 2263 2269
f 2263 2264 2274
f 1164 2265 2264
f 1165 2266 2265
f 1166 2270 2266
f 2264 2265 2275
f 2261 2268 2267
f 2262 2269 2268
f 2263 2274 2269
f 2264 2275 2274
f 2265 2266 2276
f 2265 2276 2275
f 2266 2277 2276
f 1171 1172 2271
f 1171 2271 2270
f 1172 1173 2272
f 1172 2272 2271
f 1173 1174 2273
f 1174 2301 2306
f 1173 2273 2272
f 1174 2306 2273
f 2266 2270 2277
f 2270 2271 2288
f 2271 2272 2289
f 2270 2288 2277
f 2271 2289 2288
f 2272 2273 2290
f 2272 2290 2289
f 2273 2306 2324
f 2220 2267 2278
f 2267 2268 2279
f 2268 2269 2280
f 2269 2274 2281
f 2273 2324 2290
f 2267 2279 2278
f 2268 2280 2279
f 2269 2281 2280
f 2253 2278 2284
f 2274 2275 2282
f 2275 2276 2283
f 2274 2282 2281
f 2275 2283 2282
f 2276 2291 2283
f 2278 2279 2285
f 2279 2280 2286
f 2278 2285 2284
f 2279 2286 2285
f 2280 2281 2287
f 2280 2287 2286
f 2281 2282 2295
f 2282 2283 2296
f 2281 2295 2287
f 2282 2296 2295
f 2283 2297 2296
f 2276 2277 2291
f 2277 2288 2292
f 2288 2289 2293
f 2277 2292 2291
f 2288 2293 2292
f 2289 2290 2294
f 2289 2294 2293
f 2290 2324 2329
f 2290 2329 2294
f 2283 2291 2297
f 2291 2292 2298
f 2291 2298 2297
f 2292 2293 2299
f 2293 2294 2300
f 2294 2329 2370
f 2254 2525 2524
f 2255 2526 2525
f 2256 2527 2526
f 2257 2528 2527
f 2258 2529 2528
f 2259 2260 2530
f 2260 2284 2577
f 2284 2285 2578
f 2285 2286 2579
f 2286 2287 2580
f 2287 2295 2581
f 2295 2296 2582
f 2292 2299 2298
f 2296 2297 2583
f 2297 2298 2584
f 2298 2299 2585
f 2293 2300 2299
f 2294 2370 2300
f 1422 2305 2304
f 1423 2311 2305
f 2301 2302 2307
f 2302 2303 2308
f 2301 2307 2306
f 2302 2308 2307
f 2303 2304 2309
f 2304 2305 2310
f 2305 2311 2314
f 2303 2309 2308
f 2306 2307 2325
f 2307 2308 2326
f 2308 2309 2327
f 2304 2310 2309
f 2305 2314 2310
f 2309 2310 2328
f 1427 2312 2311
f 1428 1429 2313
f 1429 1430 2316
f 1428 2313 2312
f 1429 2316 2313
f 1430 2343 2316
f 2311 2312 2315
f 2312 2313 2317
f 2311 2315 2314
f 2312 2317 2315
f 2313 2316 2318
f 2313 2318 2317
f 2316 2357 2318
f 2310 2314 2334
f 2727 1442 1441
f 2728 1443 1442
f 2729 1444 1443
f 2730 2319 1444
f 2321 2322 1451
f 2322 2323 1452
f 2306 2325 2324
f 2307 2326 2325
f 2308 2327 2326
f 2324 2325 2330
f 2325 2326 2331
f 2326 2327 2332
f 2309 2328 2327
f 2310 2334 2328
f 2324 2330 2329
f 2325 2331 2330
f 2326 2332 2331
f 2327 2328 2333
f 2327 2333 2332
f 2328 2334 2338
f 2328 2338 2333
f 2329 2330 2371
f 2314 2315 2335
f 2315 2317 2336
f 2314 2335 2334
f 2315 2336 2335
f 2317 2318 2337
f 2317 2337 2336
f 2318 2361 2337
f 2334 2335 2375
f 2335 2336 2376
f 2334 2375 2338
f 2336 2337 2377
f 2335 2376 2375
f 2336 2377 2376
f 2337 2379 2377
f 1430 2339 2343
f 1472 2342 2341
f 2339 2344 2343
f 2339 2340 2344
f 2340 2345 2344
f 2340 2341 2345
f 2341 2342 2346
f 2316 2343 2357
f 2343 2358 2357
f 2343 2344 2358
f 2341 2346 2345
f 2344 2345 2359
f 2345 2346 2360
f 1473 2347 2342
f 1480 1481 2348
f 1480 2348 2347
f 1481 1482 2349
f 2342 2347 2350
f 1481 2349 2348
f 2342 2350 2346
f 2347 2348 2351
f 2347 2351 2350
f 2346 2350 2365
f 2348 2349 2352
f 2348 2352 2351
f 2344 2359 2358
f 2345 2360 2359
f 2350 2351 2366
f 2765 1490 1489
f 2323 2765 1489
f 2766 1491 1490
f 2765 2766 1490
f 2766 2767 1491
f 2767 2353 1491
f 2767 2768 2353
f 2354 2355 1496
f 2768 2354 2353
f 2773 2355 2354
f 2768 2773 2354
f 2355 2356 1497
f 2774 2356 2355
f 2318 2357 2361
f 2357 2358 2362
f 2358 2359 2363
f 2359 2360 2364
f 2357 2362 2361
f 2358 2363 2362
f 2337 2361 2379
f 2359 2364 2363
f 2361 2362 2380
f 2362 2363 2381
f 2346 2365 2360
f 2350 2366 2365
f 2351 2352 2367
f 2351 2367 2366
f 2360 2365 2368
f 2360 2368 2364
f 2365 2366 2369
f 2365 2369 2368
f 2366 2367 2384
f 2366 2384 2369
f 2330 2331 2372
f 2331 2332 2373
f 2329 2371 2370
f 2330 2372 2371
f 2331 2373 2372
f 2332 2333 2374
f 2333 2338 2378
f 2332 2374 2373
f 2333 2378 2374
f 2338 2375 2802
f 2338 2802 2378
f 2375 2376 2803
f 2375 2803 2802
f 2376 2377 2804
f 2376 2804 2803
f 2377 2822 2804
f 2361 2380 2379
f 2362 2381 2380
f 2377 2379 2822
f 2379 2380 2823
f 2363 2364 2382
f 2363 2382 2381
f 2380 2381 2824
f 2379 2823 2822
f 2381 2382 2825
f 2364 2368 2383
f 2364 2383 2382
f 2368 2369 2385
f 2368 2385 2383
f 2369 2384 2386
f 2369 2386 2385
f 2382 2383 2826
f 2383 2385 2835
f 990 4292 1000
f 2390 2391 1515
f 2391 2392 1516
f 2392 2393 1517
f 2393 2394 1518
f 2394 2395 1519
f 2396 1521 1520
f 2397 1522 1521
f 2398 1523 1522
f 2399 1528 1523
f 2395 2396 1520
f 2396 2397 1521
f 2397 2398 1522
f 2398 2399 1523
f 2399 2404 1528
f 1000 4305 1016
f 2403 2407 1530
f 2407 2408 1531
f 2404 2400 1528
f 2405 2401 2400
f 2406 2402 2401
f 2409 2403 2402
f 2404 2405 2400
f 2405 2406 2401
f 2406 2409 2402
f 2410 2407 2403
f 2411 2408 2407
f 2412 2460 2408
f 2409 2410 2403
f 2410 2411 2407
f 2411 2412 2408
f 444 2555 2921
f 457 2921 2959
f 457 2959 2979
f 2419 2388 2387
f 2420 2389 2388
f 2421 2390 2389
f 2422 2391 2390
f 2423 2392 2391
f 2419 2420 2388
f 2420 2421 2389
f 2421 2422 2390
f 2422 2423 2391
f 2423 2424 2392
f 2424 2393 2392
f 2425 2394 2393
f 2426 2395 2394
f 2424 2425 2393
f 2425 2426 2394
f 2427 2396 2395
f 2428 2397 2396
f 2429 2398 2397
f 2430 2399 2398
f 2426 2427 2395
f 2427 2428 2396
f 2428 2429 2397
f 2431 2404 2399
f 2429 2430 2398
f 2430 2431 2399
f 2431 2438 2404
f 2432 2420 2419
f 2433 2421 2420
f 2434 2422 2421
f 2435 2423 2422
f 2436 2424 2423
f 2437 2425 2424
f 2444 2426 2425
f 2432 2433 2420
f 2433 2434 2421
f 2434 2435 2422
f 2435 2436 2423
f 2436 2437 2424
f 2445 2427 2426
f 2437 2444 2425
f 2444 2445 2426
f 2445 2446 2427
f 2446 2428 2427
f 2447 2429 2428
f 2448 2430 2429
f 2446 2447 2428
f 2447 2448 2429
f 2449 2431 2430
f 2450 2438 2431
f 2448 2449 2430
f 2438 2405 2404
f 2439 2406 2405
f 2440 2409 2406
f 2441 2410 2409
f 2438 2439 2405
f 2439 2440 2406
f 2440 2441 2409
f 2442 2411 2410
f 2443 2412 2411
f 2451 2466 2412
f 2441 2442 2410
f 2442 2443 2411
f 2443 2451 2412
f 2452 2439 2438
f 2453 2440 2439
f 1016 4428 1100
f 1100 4441 1113
f 2449 2450 2431
f 2450 2452 2438
f 2452 2453 2439
f 2454 2441 2440
f 2455 2442 2441
f 2453 2454 2440
f 2454 2455 2441
f 2456 2443 2442
f 2455 2456 2442
f 2456 2457 2443
f 2457 2451 2443
f 2458 2483 2451
f 2457 2458 2451
f 2461 1534 1533
f 2462 1535 1534
f 2408 2460 1532
f 2460 2461 1533
f 2461 2462 1534
f 2462 2463 1535
f 2463 1536 1535
f 2464 2459 1536
f 2465 2471 2459
f 2463 2464 1536
f 2464 2465 2459
f 2466 2461 2460
f 2467 2462 2461
f 2468 2463 2462
f 2412 2466 2460
f 2466 2467 2461
f 2467 2468 2462
f 2468 2469 2463
f 2469 2464 2463
f 2470 2465 2464
f 2479 2475 2465
f 2469 2470 2464
f 2470 2479 2465
f 2472 2473 1195
f 2475 2472 2471
f 2465 2475 2471
f 2475 2476 2472
f 2476 2473 2472
f 2476 2477 2473
f 2473 2474 1196
f 2474 2727 1441
f 2477 2474 2473
f 2477 2478 2474
f 2478 2727 2474
f 2478 2732 2727
f 2480 2476 2475
f 2481 2477 2476
f 2479 2480 2475
f 2480 2481 2476
f 2481 2482 2477
f 2482 2478 2477
f 2482 2497 2478
f 2497 2732 2478
f 2497 2745 2732
f 2483 2467 2466
f 2484 2468 2467
f 2485 2469 2468
f 2451 2483 2466
f 2483 2484 2467
f 2484 2485 2468
f 2486 2470 2469
f 2487 2479 2470
f 2488 2480 2479
f 2485 2486 2469
f 2486 2487 2470
f 2487 2488 2479
f 2489 2484 2483
f 2490 2485 2484
f 2491 2486 2485
f 2458 2489 2483
f 2489 2490 2484
f 2490 2491 2485
f 2491 2492 2486
f 2492 2487 2486
f 2493 2488 2487
f 2494 2495 2488
f 2492 2493 2487
f 2493 2494 2488
f 2495 2481 2480
f 2496 2482 2481
f 2488 2495 2480
f 2495 2496 2481
f 2496 2498 2482
f 2498 2497 2482
f 2499 2745 2497
f 2498 2499 2497
f 2499 2750 2745
f 2500 2496 2495
f 2501 2498 2496
f 2494 2500 2495
f 2500 2501 2496
f 2501 2502 2498
f 2502 2499 2498
f 2503 2750 2499
f 2502 2503 2499
f 2503 2754 2750
f 2413 2414 2512
f 2414 2415 2513
f 2415 2416 2514
f 2416 2417 2515
f 2417 2418 2516
f 2418 2504 2517
f 2504 2505 2518
f 2505 2506 2519
f 2413 2512 2511
f 2414 2513 2512
f 2415 2514 2513
f 2416 2515 2514
f 2417 2516 2515
f 2418 2517 2516
f 2504 2518 2517
f 2505 2519 2518
f 2506 2507 2520
f 2507 2508 2521
f 2508 2509 2522
f 2509 2510 2523
f 2510 2524 2531
f 2506 2520 2519
f 2507 2521 2520
f 2508 2522 2521
f 2509 2523 2522
f 2510 2531 2523
f 2511 2512 2539
f 2512 2513 2540
f 2513 2514 2541
f 2514 2515 2542
f 2515 2516 2543
f 2516 2517 2544
f 2517 2518 2545
f 2518 2519 2546
f 2511 2539 2538
f 2512 2540 2539
f 2513 2541 2540
f 2514 2542 2541
f 2515 2543 2542
f 2516 2544 2543
f 2517 2545 2544
f 2518 2546 2545
f 2519 2520 2547
f 2520 2521 2548
f 2521 2522 2549
f 2522 2523 2550
f 2523 2531 2551
f 2524 2525 2532
f 2525 2526 2533
f 2526 2527 2534
f 2259 2530 2529
f 2260 2577 2530
f 2524 2532 2531
f 2525 2533 2532
f 2526 2534 2533
f 2527 2535 2534
f 2527 2528 2535
f 2528 2529 2536
f 2528 2536 2535
f 2529 2530 2537
f 2529 2537 2536
f 2530 2587 2537
f 2531 2532 2552
f 2532 2533 2553
f 2519 2547 2546
f 2520 2548 2547
f 2521 2549 2548
f 2522 2550 2549
f 2523 2551 2550
f 2533 2534 2554
f 2531 2552 2551
f 2532 2553 2552
f 2533 2554 2553
f 2534 2568 2554
f 2534 2535 2568
f 2535 2536 2569
f 2536 2537 2574
f 2535 2569 2568
f 2536 2574 2569
f 2537 2597 2574
f 806 2979 2999
f 806 2999 3012
f 2538 2539 2556
f 2539 2540 2557
f 2540 2541 2558
f 2541 2542 2559
f 2542 2543 2560
f 2538 2556 2555
f 2539 2557 2556
f 2543 2544 2561
f 2544 2545 2562
f 2545 2546 2563
f 2540 2558 2557
f 2541 2559 2558
f 2542 2560 2559
f 2543 2561 2560
f 2546 2547 2564
f 2547 2548 2565
f 2548 2549 2566
f 2549 2550 2567
f 2550 2551 2570
f 2544 2562 2561
f 2545 2563 2562
f 2546 2564 2563
f 2547 2565 2564
f 2548 2566 2565
f 2549 2567 2566
f 2550 2570 2567
f 2555 2556 2922
f 2556 2557 2923
f 2557 2558 2924
f 2558 2559 2925
f 2559 2560 2926
f 2555 2922 2921
f 2556 2923 2922
f 2557 2924 2923
f 2558 2925 2924
f 2560 2561 2927
f 2561 2562 2928
f 2562 2563 2929
f 2563 2564 2930
f 2564 2565 2931
f 2565 2566 2932
f 2566 2567 2933
f 2567 2570 2935
f 2551 2552 2571
f 2552 2553 2572
f 2553 2554 2573
f 2551 2571 2570
f 2552 2572 2571
f 2553 2573 2572
f 2554 2575 2573
f 2554 2568 2575
f 2568 2569 2576
f 2569 2574 2934
f 2568 2576 2575
f 2569 2934 2576
f 2574 2942 2934
f 2284 2578 2577
f 2285 2579 2578
f 2286 2580 2579
f 2287 2581 2580
f 2295 2582 2581
f 2296 2583 2582
f 2530 2577 2587
f 2577 2578 2588
f 2578 2579 2589
f 2579 2580 2590
f 2577 2588 2587
f 2578 2589 2588
f 2579 2590 2589
f 2580 2581 2591
f 2580 2591 2590
f 2581 2582 2592
f 2581 2592 2591
f 2299 2300 2586
f 2300 2370 2798
f 2297 2584 2583
f 2298 2585 2584
f 2582 2583 2593
f 2583 2584 2594
f 2584 2585 2595
f 2299 2586 2585
f 2300 2798 2586
f 2585 2586 2596
f 2582 2593 2592
f 2537 2587 2597
f 2587 2588 2598
f 2588 2589 2599
f 2587 2598 2597
f 2588 2599 2598
f 2589 2590 2600
f 2589 2600 2599
f 2590 2591 2601
f 2590 2601 2600
f 2591 2592 2602
f 2591 2602 2601
f 2592 2603 2602
f 2586 2798 2806
f 2583 2594 2593
f 2584 2595 2594
f 2592 2593 2603
f 2593 2594 2604
f 2594 2595 2605
f 2585 2596 2595
f 2586 2806 2596
f 2593 2604 2603
f 2594 2605 2604
f 2595 2596 2606
f 2595 2606 2605
f 2596 2806 2819
f 2596 2819 2606
f 2574 2597 2942
f 2597 2598 2943
f 2598 2599 2944
f 2599 2600 2945
f 2597 2943 2942
f 2598 2944 2943
f 2599 2945 2944
f 2600 2601 2946
f 2601 2602 2947
f 2600 2946 2945
f 2602 2603 2954
f 2603 2604 2955
f 2604 2605 2956
f 2607 2433 2432
f 2608 2434 2433
f 2609 2435 2434
f 2610 2436 2435
f 2611 2437 2436
f 2607 2608 2433
f 2608 2609 2434
f 2609 2610 2435
f 2610 2611 2436
f 2611 2612 2437
f 2612 2444 2437
f 2613 2445 2444
f 2614 2446 2445
f 2612 2613 2444
f 2613 2614 2445
f 2614 2615 2446
f 2615 2447 2446
f 2616 2448 2447
f 2617 2449 2448
f 2615 2616 2447
f 2616 2617 2448
f 2618 2450 2449
f 2619 2452 2450
f 2617 2618 2449
f 2618 2619 2450
f 2619 2633 2452
f 1113 4468 1498
f 2620 2608 2607
f 2621 2609 2608
f 2622 2610 2609
f 2623 2611 2610
f 2624 2612 2611
f 2625 2613 2612
f 2626 2614 2613
f 2620 2621 2608
f 2621 2622 2609
f 2622 2623 2610
f 2623 2624 2611
f 2624 2625 2612
f 2627 2615 2614
f 2625 2626 2613
f 2626 2627 2614
f 2627 2628 2615
f 2628 2616 2615
f 2629 2617 2616
f 2630 2618 2617
f 2628 2629 2616
f 2629 2630 2617
f 2631 2619 2618
f 2632 2633 2619
f 2630 2631 2618
f 2631 2632 2619
f 2632 2640 2633
f 2633 2453 2452
f 2634 2454 2453
f 2633 2634 2453
f 2635 2455 2454
f 2636 2456 2455
f 2634 2635 2454
f 2637 2457 2456
f 2638 2458 2457
f 2635 2636 2455
f 2636 2637 2456
f 2637 2638 2457
f 2639 2489 2458
f 2638 2639 2458
f 2640 2634 2633
f 2641 2635 2634
f 2642 2636 2635
f 2640 2641 2634
f 2643 2637 2636
f 2641 2642 2635
f 2642 2643 2636
f 2655 2638 2637
f 2643 2655 2637
f 2655 2656 2638
f 2656 2639 2638
f 2657 2648 2639
f 2656 2657 2639
f 2644 2621 2620
f 2645 2622 2621
f 2646 2623 2622
f 2647 2624 2623
f 2658 2625 2624
f 2644 2645 2621
f 2645 2646 2622
f 2646 2647 2623
f 2647 2658 2624
f 2658 2659 2625
f 2659 2626 2625
f 2660 2627 2626
f 2661 2628 2627
f 2659 2660 2626
f 2660 2661 2627
f 2661 2662 2628
f 2662 2629 2628
f 2663 2630 2629
f 2664 2631 2630
f 2662 2663 2629
f 2665 2632 2631
f 2666 2640 2632
f 2680 2641 2640
f 2648 2490 2489
f 2649 2491 2490
f 2639 2648 2489
f 2648 2649 2490
f 2650 2492 2491
f 2649 2650 2491
f 2650 2651 2492
f 2651 2493 2492
f 2652 2494 2493
f 2653 2500 2494
f 2651 2652 2493
f 2652 2653 2494
f 2694 2649 2648
f 2695 2650 2649
f 2657 2694 2648
f 2696 2651 2650
f 2697 2652 2651
f 2654 2501 2500
f 2700 2502 2501
f 2653 2654 2500
f 2654 2700 2501
f 2700 2701 2502
f 2701 2503 2502
f 2702 2754 2503
f 2701 2702 2503
f 990 3012 4292
f 1498 4911 1511
f 1000 4292 4305
f 1016 4305 4332
f 1511 4924 2387
f 2663 2664 2630
f 2664 2665 2631
f 2665 2666 2632
f 2666 2680 2640
f 2667 2645 2644
f 2668 2646 2645
f 2669 2647 2646
f 2670 2658 2647
f 2671 2659 2658
f 2667 2668 2645
f 2668 2669 2646
f 2669 2670 2647
f 2670 2671 2658
f 2671 2672 2659
f 2672 2660 2659
f 2673 2661 2660
f 2674 2662 2661
f 2672 2673 2660
f 2673 2674 2661
f 2674 2675 2662
f 2675 2663 2662
f 2676 2664 2663
f 2677 2665 2664
f 2678 2666 2665
f 2675 2676 2663
f 2676 2677 2664
f 2679 2680 2666
f 2677 2678 2665
f 2678 2679 2666
f 2679 2687 2680
f 2387 4971 2419
f 2681 2642 2641
f 2680 2681 2641
f 2682 2643 2642
f 2683 2655 2643
f 2681 2682 2642
f 2682 2683 2643
f 2684 2656 2655
f 2683 2684 2655
f 2684 2685 2656
f 2685 2657 2656
f 2686 2694 2657
f 2685 2686 2657
f 2687 2681 2680
f 2688 2682 2681
f 2687 2688 2681
f 2689 2683 2682
f 2690 2684 2683
f 2688 2689 2682
f 2689 2690 2683
f 2691 2685 2684
f 2690 2691 2684
f 2692 2686 2685
f 2693 2707 2686
f 2691 2692 2685
f 2692 2693 2686
f 1016 4332 4345
f 2694 2695 2649
f 2695 2696 2650
f 2696 2697 2651
f 2697 2698 2652
f 2698 2653 2652
f 2699 2654 2653
f 2698 2699 2653
f 2702 2847 2754
f 2703 2700 2654
f 2704 2701 2700
f 2699 2703 2654
f 2703 2704 2700
f 2704 2705 2701
f 2705 2702 2701
f 2706 2847 2702
f 2705 2706 2702
f 2706 2852 2847
f 2707 2695 2694
f 2708 2696 2695
f 2686 2707 2694
f 2707 2708 2695
f 2709 2697 2696
f 2708 2709 2696
f 2709 2710 2697
f 2710 2698 2697
f 2710 2711 2698
f 2711 2699 2698
f 2712 2703 2699
f 2711 2712 2699
f 2713 2708 2707
f 2714 2709 2708
f 2693 2713 2707
f 2713 2714 2708
f 2715 2710 2709
f 2714 2715 2709
f 2715 2716 2710
f 2716 2711 2710
f 2716 2717 2711
f 2717 2712 2711
f 2718 2719 2712
f 2717 2718 2712
f 2719 2704 2703
f 2712 2719 2703
f 2720 2705 2704
f 2721 2706 2705
f 2719 2720 2704
f 2720 2721 2705
f 2722 2852 2706
f 2721 2722 2706
f 2722 2867 2852
f 2723 2720 2719
f 2724 2721 2720
f 2718 2723 2719
f 2723 2724 2720
f 2724 2725 2721
f 2725 2722 2721
f 2726 2867 2722
f 2725 2726 2722
f 2726 2876 2867
f 2727 2728 1442
f 2728 2729 1443
f 2729 2730 1444
f 2732 2728 2727
f 2733 2729 2728
f 2734 2730 2729
f 2731 2320 2319
f 2730 2731 2319
f 2731 2737 2320
f 2732 2733 2728
f 2735 2731 2730
f 2736 2737 2731
f 2733 2734 2729
f 2734 2735 2730
f 2745 2733 2732
f 2746 2734 2733
f 2745 2746 2733
f 2746 2747 2734
f 2747 2735 2734
f 2735 2736 2731
f 2736 2741 2737
f 2748 2736 2735
f 2749 2741 2736
f 2737 2321 2320
f 2737 2738 2321
f 2738 2322 2321
f 2738 2739 2322
f 2739 2323 2322
f 2739 2740 2323
f 2740 2765 2323
f 2741 2738 2737
f 2742 2739 2738
f 2743 2740 2739
f 2741 2742 2738
f 2742 2743 2739
f 2743 2744 2740
f 2744 2769 2740
f 2747 2748 2735
f 2748 2749 2736
f 2749 2757 2741
f 2757 2742 2741
f 2758 2743 2742
f 2759 2744 2743
f 2760 2779 2744
f 2750 2746 2745
f 2751 2747 2746
f 2752 2748 2747
f 2750 2751 2746
f 2751 2752 2747
f 2752 2753 2748
f 2753 2749 2748
f 2753 2756 2749
f 2756 2757 2749
f 2756 2761 2757
f 2754 2751 2750
f 2755 2752 2751
f 2843 2753 2752
f 2754 2755 2751
f 2755 2843 2752
f 2843 2844 2753
f 2844 2756 2753
f 2845 2761 2756
f 2844 2845 2756
f 2845 2846 2761
f 2757 2758 2742
f 2758 2759 2743
f 2761 2758 2757
f 2762 2759 2758
f 2759 2760 2744
f 2763 2760 2759
f 2761 2762 2758
f 2762 2763 2759
f 2763 2764 2760
f 2764 2786 2760
f 2846 2762 2761
f 2846 2857 2762
f 2857 2763 2762
f 2857 2858 2763
f 2858 2764 2763
f 2858 2859 2764
f 2859 2790 2764
f 2769 2766 2765
f 2770 2767 2766
f 2740 2769 2765
f 2769 2770 2766
f 2771 2768 2767
f 2770 2771 2767
f 2771 2772 2768
f 2779 2770 2769
f 2744 2779 2769
f 2780 2771 2770
f 2779 2780 2770
f 2781 2772 2771
f 2773 2774 2355
f 2774 2775 2356
f 2772 2773 2768
f 2772 2776 2773
f 2776 2774 2773
f 2776 2777 2774
f 2777 2775 2774
f 2777 2778 2775
f 2782 2776 2772
f 2786 2780 2779
f 2787 2781 2780
f 2780 2781 2771
f 2781 2782 2772
f 2783 2777 2776
f 2782 2783 2776
f 2783 2784 2777
f 2784 2778 2777
f 2784 2785 2778
f 2760 2786 2779
f 2786 2787 2780
f 2787 2788 2781
f 2788 2782 2781
f 2788 2789 2782
f 2790 2787 2786
f 2791 2788 2787
f 2792 2789 2788
f 2764 2790 2786
f 2790 2791 2787
f 2886 2791 2790
f 2887 2792 2791
f 2791 2792 2788
f 2792 2793 2789
f 2789 2783 2782
f 2789 2794 2783
f 2794 2784 2783
f 2795 2785 2784
f 2794 2795 2784
f 2793 2794 2789
f 2797 2795 2794
f 2795 2796 2785
f 2841 2796 2795
f 2793 2797 2794
f 2797 2841 2795
f 2841 2842 2796
f 2370 2371 2799
f 2371 2372 2800
f 2370 2799 2798
f 2371 2800 2799
f 2372 2373 2801
f 2372 2801 2800
f 2373 2374 2805
f 2374 2378 2811
f 2373 2805 2801
f 2374 2811 2805
f 2378 2802 2812
f 2802 2803 2813
f 2378 2812 2811
f 2802 2813 2812
f 2803 2804 2814
f 2798 2799 2807
f 2799 2800 2808
f 2800 2801 2809
f 2801 2805 2810
f 2798 2807 2806
f 2799 2808 2807
f 2800 2809 2808
f 2805 2811 2815
f 2801 2810 2809
f 2805 2815 2810
f 2806 2807 2820
f 2807 2808 2821
f 2808 2809 3082
f 2809 2810 3083
f 2810 2815 3089
f 2803 2814 2813
f 2804 2827 2814
f 2811 2812 2816
f 2811 2816 2815
f 2812 2813 2817
f 2812 2817 2816
f 2813 2814 2818
f 2815 2816 3090
f 2816 2817 3091
f 2813 2818 2817
f 2814 2831 2818
f 2817 2818 3092
f 2806 2820 2819
f 2807 2821 2820
f 2808 3082 2821
f 2809 3083 3082
f 2810 3089 3083
f 2815 3090 3089
f 2380 2824 2823
f 2804 2822 2827
f 2822 2823 2828
f 2381 2825 2824
f 2382 2826 2825
f 2383 2835 2826
f 2385 2386 2836
f 2385 2836 2835
f 2822 2828 2827
f 2823 2829 2828
f 2823 2824 2829
f 2824 2825 2830
f 2824 2830 2829
f 2814 2827 2831
f 2827 2828 2832
f 2827 2832 2831
f 2828 2833 2832
f 2828 2829 2833
f 2829 2830 2834
f 2829 2834 2833
f 2825 2826 2837
f 2826 2835 2839
f 2825 2837 2830
f 2826 2839 2837
f 2835 2836 2840
f 2835 2840 2839
f 2830 2837 2838
f 2837 2839 3106
f 2830 2838 2834
f 2837 3106 2838
f 2839 2840 3107
f 2839 3107 3106
f 2859 2886 2790
f 2886 2887 2791
f 2887 2888 2792
f 2888 2793 2792
f 2889 2797 2793
f 2894 2841 2797
f 2895 2842 2841
f 2818 2831 3097
f 2831 2832 3098
f 2847 2755 2754
f 2848 2843 2755
f 2849 2844 2843
f 2847 2848 2755
f 2848 2849 2843
f 2849 2850 2844
f 2850 2845 2844
f 2851 2846 2845
f 2850 2851 2845
f 2851 2860 2846
f 2852 2848 2847
f 2853 2849 2848
f 2854 2850 2849
f 2852 2853 2848
f 2853 2854 2849
f 2854 2855 2850
f 2855 2851 2850
f 2856 2860 2851
f 2855 2856 2851
f 2856 2864 2860
f 2860 2857 2846
f 2861 2858 2857
f 2860 2861 2857
f 2861 2862 2858
f 2862 2859 2858
f 2863 2886 2859
f 2862 2863 2859
f 2864 2861 2860
f 2865 2862 2861
f 2864 2865 2861
f 2865 2866 2862
f 2866 2863 2862
f 2874 2890 2863
f 2866 2874 2863
f 2867 2853 2852
f 2868 2854 2853
f 2869 2855 2854
f 2867 2868 2853
f 2868 2869 2854
f 2869 2870 2855
f 2870 2856 2855
f 2871 2864 2856
f 2870 2871 2856
f 2871 2872 2864
f 2876 2868 2867
f 2877 2869 2868
f 2878 2870 2869
f 2876 2877 2868
f 2877 2878 2869
f 2878 2879 2870
f 2879 2871 2870
f 2880 2872 2871
f 2872 2865 2864
f 2873 2866 2865
f 2872 2873 2865
f 2873 2875 2866
f 2875 2874 2866
f 2881 2900 2874
f 2875 2881 2874
f 2882 2873 2872
f 2879 2880 2871
f 2880 2882 2872
f 2883 2875 2873
f 2882 2883 2873
f 2883 2884 2875
f 2884 2881 2875
f 2885 2907 2881
f 2884 2885 2881
f 2890 2887 2886
f 2863 2890 2886
f 2891 2888 2887
f 2890 2891 2887
f 2888 2889 2793
f 2891 2892 2888
f 2892 2889 2888
f 2892 2893 2889
f 2900 2891 2890
f 2901 2892 2891
f 2874 2900 2890
f 2900 2901 2891
f 2902 2893 2892
f 2901 2902 2892
f 2902 2903 2893
f 2889 2894 2797
f 2894 2895 2841
f 2893 2894 2889
f 2897 2895 2894
f 2895 2896 2842
f 2898 2896 2895
f 2893 2897 2894
f 2897 2898 2895
f 2903 2897 2893
f 2904 2898 2897
f 2903 2904 2897
f 2904 2905 2898
f 2898 2899 2896
f 2905 2899 2898
f 2905 2906 2899
f 2907 2901 2900
f 2908 2902 2901
f 2881 2907 2900
f 2907 2908 2901
f 2911 2903 2902
f 2912 2904 2903
f 2908 2911 2902
f 2911 2912 2903
f 2909 2908 2907
f 2910 2911 2908
f 2885 2909 2907
f 2909 2910 2908
f 2913 2912 2911
f 2910 2913 2911
f 2913 2914 2912
f 2915 2905 2904
f 2912 2915 2904
f 2915 2917 2905
f 2917 2906 2905
f 2917 2918 2906
f 2914 2915 2912
f 2916 2917 2915
f 2914 2916 2915
f 2916 2919 2917
f 2919 2918 2917
f 2919 2920 2918
f 2559 2926 2925
f 2560 2927 2926
f 2561 2928 2927
f 2562 2929 2928
f 2563 2930 2929
f 2564 2931 2930
f 2565 2932 2931
f 2566 2933 2932
f 2567 2935 2933
f 2570 2571 2936
f 2571 2572 2937
f 2572 2573 2938
f 2570 2936 2935
f 2571 2937 2936
f 2572 2938 2937
f 2573 2939 2938
f 2573 2575 2939
f 2575 2576 2940
f 2576 2934 2941
f 2575 2940 2939
f 2576 2941 2940
f 2934 2948 2941
f 2601 2947 2946
f 2602 2954 2947
f 2934 2942 2948
f 2942 2943 2949
f 2943 2944 2950
f 2944 2945 2951
f 2942 2949 2948
f 2943 2950 2949
f 2944 2951 2950
f 2945 2946 2952
f 2946 2947 2953
f 2945 2952 2951
f 2946 2953 2952
f 2947 2958 2953
f 2603 2955 2954
f 2604 2956 2955
f 2605 2606 2957
f 2605 2957 2956
f 2606 2819 3084
f 2606 3084 2957
f 2947 2954 2958
f 2954 2955 3027
f 2955 2956 3028
f 2954 3027 2958
f 2955 3028 3027
f 2956 2957 3029
f 2957 3084 3113
f 2956 3029 3028
f 2957 3113 3029
f 2921 2922 2960
f 2922 2923 2961
f 2923 2924 2962
f 2924 2925 2963
f 2925 2926 2964
f 2921 2960 2959
f 2922 2961 2960
f 2923 2962 2961
f 2924 2963 2962
f 2926 2927 2965
f 2927 2928 2966
f 2928 2929 2967
f 2929 2930 2968
f 2930 2931 2969
f 2931 2932 2970
f 2932 2933 2971
f 2933 2935 2972
f 2925 2964 2963
f 2926 2965 2964
f 2927 2966 2965
f 2928 2967 2966
f 2929 2968 2967
f 2930 2969 2968
f 2931 2970 2969
f 2932 2971 2970
f 2933 2972 2971
f 2959 2960 2980
f 2960 2961 2981
f 2961 2962 2982
f 2962 2963 2983
f 2963 2964 2984
f 2959 2980 2979
f 2960 2981 2980
f 2961 2982 2981
f 2962 2983 2982
f 2963 2984 2983
f 2964 2965 2985
f 2965 2966 2986
f 2966 2967 2987
f 2967 2968 2988
f 2968 2969 2989
f 2969 2970 2990
f 2970 2971 2991
f 2971 2972 2992
f 2935 2936 2973
f 2935 2973 2972
f 2936 2974 2973
f 2936 2937 2974
f 2937 2938 2975
f 2937 2975 2974
f 2938 2976 2975
f 2938 2939 2976
f 2939 2940 2977
f 2940 2941 2978
f 2939 2977 2976
f 2940 2978 2977
f 2941 3030 2978
f 2972 2973 2993
f 2964 2985 2984
f 2965 2986 2985
f 2966 2987 2986
f 2967 2988 2987
f 2968 2989 2988
f 2969 2990 2989
f 2970 2991 2990
f 2971 2992 2991
f 2972 2993 2992
f 2973 2994 2993
f 2973 2974 2994
f 2974 2975 2995
f 2974 2995 2994
f 2975 2996 2995
f 2975 2976 2996
f 2976 2977 2997
f 2976 2997 2996
f 2977 2978 2998
f 2977 2998 2997
f 2978 3036 2998
f 1016 4345 4428
f 2979 2980 3000
f 2980 2981 3001
f 2981 2982 3002
f 2982 2983 3003
f 2983 2984 3004
f 2979 3000 2999
f 2980 3001 3000
f 2981 3002 3001
f 2982 3003 3002
f 2983 3004 3003
f 2984 2985 3005
f 2985 2986 3006
f 2986 2987 3007
f 2984 3005 3004
f 2985 3006 3005
f 2986 3007 3006
f 2987 2988 3008
f 2988 2989 3009
f 2987 3008 3007
f 2988 3009 3008
f 2989 2990 3010
f 2990 2991 3011
f 2991 2992 3020
f 2999 3000 3013
f 3000 3001 3014
f 2989 3010 3009
f 2990 3011 3010
f 2991 3020 3011
f 3001 3002 3015
f 3002 3003 3016
f 3003 3004 3017
f 3004 3005 3018
f 3005 3006 3019
f 3006 3007 3056
f 2999 3013 3012
f 3000 3014 3013
f 3001 3015 3014
f 3002 3016 3015
f 3003 3017 3016
f 3004 3018 3017
f 3005 3019 3018
f 3006 3056 3019
f 3007 3008 3057
f 3008 3009 3058
f 3007 3057 3056
f 3008 3058 3057
f 3009 3059 3058
f 3009 3010 3059
f 3010 3011 3060
f 3011 3020 3061
f 3010 3060 3059
f 3011 3061 3060
f 2992 2993 3021
f 2993 2994 3022
f 2994 2995 3023
f 2992 3021 3020
f 2993 3022 3021
f 2994 3023 3022
f 2995 3024 3023
f 2995 2996 3024
f 2996 2997 3025
f 2996 3025 3024
f 2997 2998 3026
f 2997 3026 3025
f 2998 3050 3026
f 3020 3021 3062
f 3020 3062 3061
f 3021 3063 3062
f 3021 3022 3063
f 3022 3023 3064
f 3022 3064 3063
f 3023 3024 3065
f 3024 3025 3066
f 3025 3026 3067
f 2941 2948 3030
f 2948 2949 3031
f 2949 2950 3032
f 2950 2951 3033
f 2948 3031 3030
f 2949 3032 3031
f 2950 3033 3032
f 2951 2952 3034
f 2952 2953 3035
f 2951 3034 3033
f 2952 3035 3034
f 2953 2958 3042
f 2958 3027 3043
f 3027 3028 3044
f 3028 3029 3045
f 2953 3042 3035
f 2978 3030 3036
f 3030 3031 3037
f 3031 3032 3038
f 3032 3033 3039
f 3030 3037 3036
f 3031 3038 3037
f 3032 3039 3038
f 3033 3034 3040
f 3034 3035 3041
f 3033 3040 3039
f 3034 3041 3040
f 3035 3046 3041
f 2958 3043 3042
f 3027 3044 3043
f 3029 3113 3117
f 3028 3045 3044
f 3029 3117 3045
f 3035 3042 3046
f 3042 3043 3047
f 3043 3044 3048
f 3042 3047 3046
f 3044 3045 3049
f 3045 3117 3123
f 3043 3048 3047
f 3044 3049 3048
f 3045 3123 3049
f 2998 3036 3050
f 3036 3037 3051
f 3036 3051 3050
f 3037 3052 3051
f 3037 3038 3052
f 3038 3039 3053
f 3038 3053 3052
f 3039 3040 3054
f 3040 3041 3055
f 3039 3054 3053
f 3040 3055 3054
f 3041 3074 3055
f 3026 3050 3068
f 3050 3051 3069
f 3041 3046 3074
f 3046 3047 3075
f 3046 3075 3074
f 3047 3048 3076
f 3047 3076 3075
f 3048 3049 3077
f 3049 3123 3153
f 3048 3077 3076
f 3049 3153 3077
f 3012 3013 4293
f 3013 3014 4294
f 3014 3015 4295
f 3015 3016 4296
f 3023 3065 3064
f 3024 3066 3065
f 3025 3067 3066
f 3026 3068 3067
f 3050 3069 3068
f 3051 3070 3069
f 3051 3052 3070
f 3052 3053 3071
f 3052 3071 3070
f 3053 3054 3072
f 3053 3072 3071
f 3054 3055 3073
f 3054 3073 3072
f 3055 3078 3073
f 3055 3074 3078
f 3074 3075 3079
f 3075 3076 3080
f 3074 3079 3078
f 3075 3080 3079
f 3076 3077 3081
f 3077 3153 3158
f 3076 3081 3080
f 3077 3158 3081
f 2819 2820 3085
f 2820 2821 3086
f 2821 3082 3087
f 2819 3085 3084
f 2820 3086 3085
f 2821 3087 3086
f 3082 3083 3088
f 3082 3088 3087
f 3083 3089 3093
f 3083 3093 3088
f 3084 3085 3114
f 3085 3086 3115
f 3084 3114 3113
f 3086 3087 3116
f 3085 3115 3114
f 3086 3116 3115
f 3087 3088 3118
f 3088 3093 3128
f 3087 3118 3116
f 3088 3128 3118
f 2816 3091 3090
f 3089 3090 3094
f 3090 3091 3095
f 2817 3092 3091
f 2818 3097 3092
f 3091 3092 3096
f 3089 3094 3093
f 3090 3095 3094
f 3093 3094 3129
f 3093 3129 3128
f 3094 3095 3130
f 3094 3130 3129
f 3091 3096 3095
f 3092 3101 3096
f 3095 3096 3131
f 3095 3131 3130
f 3096 3139 3131
f 2831 3098 3097
f 2832 3099 3098
f 3092 3097 3101
f 3097 3098 3102
f 2832 2833 3099
f 2833 2834 3100
f 2833 3100 3099
f 3098 3099 3103
f 3099 3100 3104
f 3097 3102 3101
f 3098 3103 3102
f 3096 3101 3139
f 3101 3102 3140
f 3099 3104 3103
f 3102 3103 3141
f 2834 2838 3105
f 2838 3106 3108
f 2834 3105 3100
f 2838 3108 3105
f 3106 3107 3109
f 3106 3109 3108
f 3100 3105 3110
f 3100 3110 3104
f 3105 3108 3111
f 3105 3111 3110
f 3108 3109 3112
f 3108 3112 3111
f 3103 3104 3142
f 3104 3110 3147
f 3110 3111 3148
f 3111 3112 3149
f 3113 3114 3119
f 3114 3115 3120
f 3115 3116 3121
f 3113 3119 3117
f 3114 3120 3119
f 3115 3121 3120
f 3116 3118 3122
f 3118 3128 3132
f 3116 3122 3121
f 3118 3132 3122
f 3117 3119 3124
f 3119 3120 3125
f 3120 3121 3126
f 3117 3124 3123
f 3119 3125 3124
f 3120 3126 3125
f 3121 3122 3127
f 3122 3132 3136
f 3121 3127 3126
f 3122 3136 3127
f 3128 3129 3133
f 3128 3133 3132
f 3129 3130 3134
f 3129 3134 3133
f 3130 3131 3135
f 3130 3135 3134
f 3131 3143 3135
f 3132 3133 3137
f 3133 3134 3138
f 3132 3137 3136
f 3133 3138 3137
f 3134 3135 3165
f 3134 3165 3138
f 3135 3172 3165
f 3123 3124 3154
f 3124 3125 3155
f 3125 3126 3156
f 3126 3127 3157
f 3101 3140 3139
f 3102 3141 3140
f 3131 3139 3143
f 3139 3140 3144
f 3103 3142 3141
f 3140 3141 3145
f 3141 3142 3146
f 3139 3144 3143
f 3140 3145 3144
f 3141 3146 3145
f 3135 3143 3172
f 3143 3173 3172
f 3143 3144 3173
f 3144 3174 3173
f 3144 3145 3174
f 3145 3146 3175
f 3145 3175 3174
f 3104 3147 3142
f 3110 3148 3147
f 3142 3147 3150
f 3111 3149 3148
f 3147 3148 3151
f 3148 3149 3152
f 3142 3150 3146
f 3147 3151 3150
f 3146 3150 3184
f 3150 3151 3185
f 3148 3152 3151
f 3151 3152 3186
f 3123 3154 3153
f 3124 3155 3154
f 3125 3156 3155
f 3127 3136 3163
f 3126 3157 3156
f 3127 3163 3157
f 3153 3154 3159
f 3154 3155 3160
f 3155 3156 3161
f 3153 3159 3158
f 3154 3160 3159
f 3155 3161 3160
f 3156 3157 3162
f 3157 3163 3168
f 3156 3162 3161
f 3157 3168 3162
f 3136 3137 3164
f 3137 3138 3166
f 3136 3164 3163
f 3137 3166 3164
f 3138 3165 3167
f 3138 3167 3166
f 3165 3176 3167
f 3163 3164 3169
f 3164 3166 3170
f 3166 3167 3171
f 3163 3169 3168
f 3164 3170 3169
f 3166 3171 3170
f 3167 3179 3171
f 3146 3184 3175
f 3150 3185 3184
f 3151 3186 3185
f 3165 3172 3176
f 3172 3173 3177
f 3172 3177 3176
f 3173 3178 3177
f 3173 3174 3178
f 3174 3175 3181
f 3174 3181 3178
f 3167 3176 3179
f 3176 3177 3180
f 3176 3180 3179
f 3177 3182 3180
f 3177 3178 3182
f 3178 3181 3183
f 3178 3183 3182
f 3175 3184 3187
f 3175 3187 3181
f 3184 3185 3189
f 3184 3189 3187
f 3185 3190 3189
f 3185 3186 3190
f 3181 3187 3188
f 3187 3189 3191
f 3181 3188 3183
f 3187 3191 3188
f 3189 3190 4597
f 3189 4597 3191
f 1814 3200 3195
f 1482 3192 3196
f 3192 3193 3197
f 1482 3196 2349
f 3192 3197 3196
f 3193 3194 3198
f 3193 3198 3197
f 3194 3195 3199
f 3194 3199 3198
f 2349 3196 3206
f 3196 3197 3215
f 2349 3206 2352
f 3197 3198 3216
f 3196 3215 3206
f 3197 3216 3215
f 3195 3203 3199
f 3198 3199 3217
f 3198 3217 3216
f 1823 3201 3200
f 3195 3200 3203
f 3200 3201 3204
f 1824 1825 3202
f 1824 3202 3201
f 1825 3229 3202
f 3200 3204 3203
f 3199 3203 3222
f 3203 3204 3223
f 3201 3202 3205
f 3201 3205 3204
f 3202 3242 3205
f 2356 3207 1832
f 3207 1833 1832
f 3208 1834 1833
f 3207 3208 1833
f 3208 3209 1834
f 2775 3207 2356
f 3209 1835 1834
f 3210 3211 1835
f 3209 3210 1835
f 3212 3213 3211
f 3210 3212 3211
f 3212 3405 3213
f 3213 3214 1841
f 3405 3214 3213
f 3405 3407 3214
f 3407 3243 3214
f 2352 3206 3218
f 3206 3215 3219
f 2352 3218 2367
f 3215 3216 3220
f 3206 3219 3218
f 3215 3220 3219
f 3199 3222 3217
f 3216 3217 3221
f 3216 3221 3220
f 2367 3218 3270
f 2367 3270 2384
f 3218 3219 3271
f 3219 3220 3272
f 3217 3225 3221
f 3220 3221 3273
f 3218 3271 3270
f 3219 3272 3271
f 3220 3273 3272
f 3203 3223 3222
f 3217 3222 3225
f 3222 3223 3226
f 3204 3205 3224
f 3204 3224 3223
f 3205 3255 3224
f 3222 3226 3225
f 3223 3224 3227
f 3223 3227 3226
f 3224 3260 3227
f 3221 3225 3276
f 3225 3226 3277
f 1825 3228 3229
f 3228 3230 3232
f 3228 3232 3229
f 1874 3234 3231
f 3230 3231 3233
f 3230 3233 3232
f 3202 3229 3242
f 3229 3232 3256
f 3229 3256 3242
f 3231 3239 3233
f 3232 3233 3257
f 3232 3257 3256
f 1883 3235 3234
f 1884 1891 3237
f 1884 3237 3235
f 3231 3234 3239
f 3234 3235 3240
f 3235 3237 3241
f 1891 3238 3237
f 1891 3236 3238
f 3234 3240 3239
f 3235 3241 3240
f 3233 3239 3262
f 3237 3247 3241
f 3237 3238 3247
f 3233 3262 3257
f 3214 3243 1894
f 3243 1897 1894
f 3243 3245 1897
f 3431 3245 3243
f 3245 3244 1897
f 3246 3248 3244
f 3245 3246 3244
f 3433 3246 3245
f 3239 3240 3263
f 3240 3241 3264
f 3241 3247 3265
f 3250 3249 3248
f 3249 3252 1904
f 3251 3252 3249
f 3246 3250 3248
f 3250 3251 3249
f 3251 3254 3252
f 3252 3253 1905
f 3254 3253 3252
f 3254 3437 3253
f 3205 3242 3255
f 3242 3256 3258
f 3242 3258 3255
f 3256 3257 3259
f 3256 3259 3258
f 3257 3266 3259
f 3224 3255 3260
f 3255 3258 3261
f 3255 3261 3260
f 3258 3259 3280
f 3258 3280 3261
f 3259 3283 3280
f 3239 3263 3262
f 3240 3264 3263
f 3257 3262 3266
f 3262 3263 3267
f 3262 3267 3266
f 3263 3264 3268
f 3241 3265 3264
f 3264 3265 3269
f 3263 3268 3267
f 3264 3269 3268
f 3259 3266 3283
f 3266 3267 3284
f 3266 3284 3283
f 3267 3268 3285
f 3267 3285 3284
f 3268 3269 3286
f 2384 3270 3274
f 3270 3271 3275
f 2384 3274 2386
f 3271 3272 3460
f 3270 3275 3274
f 3271 3460 3275
f 3221 3276 3273
f 3272 3273 3461
f 3272 3461 3460
f 3273 3462 3461
f 3225 3277 3276
f 3273 3276 3462
f 3276 3277 3463
f 3226 3227 3278
f 3226 3278 3277
f 3227 3279 3278
f 3276 3463 3462
f 3277 3278 3464
f 3227 3260 3279
f 3260 3261 3281
f 3260 3281 3279
f 3261 3280 3282
f 3261 3282 3281
f 3280 3488 3282
f 3278 3279 3486
f 3280 3283 3488
f 3283 3284 3489
f 3283 3489 3488
f 3284 3285 3490
f 3284 3490 3489
f 3268 3286 3285
f 3285 3286 3491
f 3285 3491 3490
f 3236 3287 3291
f 2011 3288 3287
f 3236 3291 3238
f 3287 3288 3292
f 3287 3292 3291
f 2017 3289 3288
f 2018 2019 3290
f 2018 3290 3289
f 3288 3289 3293
f 3288 3293 3292
f 3289 3290 3294
f 3238 3299 3247
f 3238 3291 3299
f 3291 3292 3313
f 3289 3294 3293
f 2019 3295 3296
f 2019 3296 3290
f 3290 3296 3307
f 3295 3298 3296
f 2028 3327 3297
f 3295 3297 3298
f 3297 3327 3332
f 3297 3332 3298
f 3290 3307 3294
f 3296 3298 3308
f 3291 3313 3299
f 3292 3293 3314
f 3292 3314 3313
f 3293 3294 3315
f 3293 3315 3314
f 3253 2037 1905
f 3253 3300 2037
f 3300 3301 2037
f 3300 3304 3301
f 3437 3300 3253
f 3577 3304 3300
f 3304 3302 3301
f 3305 3303 3302
f 3304 3305 3302
f 3579 3305 3304
f 3305 3306 3303
f 3437 3577 3300
f 3580 3306 3305
f 3296 3308 3307
f 3294 3307 3323
f 3294 3323 3315
f 3298 3341 3308
f 3298 3332 3341
f 3307 3308 3324
f 3303 3309 2040
f 3309 2042 2040
f 3306 3309 3303
f 3306 3311 3309
f 3311 3310 3309
f 3309 3310 2042
f 3310 3344 2042
f 3310 3347 3344
f 3311 3583 3310
f 3583 3347 3310
f 3583 3603 3347
f 3247 3299 3312
f 3247 3312 3265
f 3299 3313 3316
f 3299 3316 3312
f 3313 3314 3317
f 3314 3315 3318
f 3313 3317 3316
f 3314 3318 3317
f 3265 3312 3319
f 3265 3319 3269
f 3312 3316 3320
f 3316 3317 3321
f 3312 3320 3319
f 3269 3319 3389
f 3317 3318 3322
f 3316 3321 3320
f 3317 3322 3321
f 3307 3324 3323
f 3315 3323 3325
f 3315 3325 3318
f 3323 3326 3325
f 3308 3341 3370
f 3308 3370 3324
f 3323 3324 3326
f 3324 3370 3375
f 3318 3325 3393
f 3318 3393 3322
f 3325 3394 3393
f 3324 3375 3326
f 3325 3326 3394
f 3326 3375 3395
f 3326 3395 3394
f 2140 2141 3329
f 2139 3328 3327
f 2140 3329 3328
f 3327 3328 3333
f 3327 3333 3332
f 3328 3340 3333
f 3328 3329 3340
f 2141 3330 3331
f 2141 3331 3329
f 2143 3334 3330
f 3330 3334 3352
f 3329 3331 3343
f 3330 3352 3331
f 2174 3335 3334
f 2174 2175 3335
f 2175 3338 3335
f 3334 3354 3352
f 3334 3335 3354
f 2175 3336 3338
f 3336 3339 3338
f 3336 3337 3339
f 2179 7593 3337
f 3335 3338 3357
f 3337 7600 3339
f 3346 2188 2186
f 3332 3333 3342
f 3333 3340 3369
f 3332 3342 3341
f 3333 3369 3342
f 3329 3343 3340
f 3331 3352 3355
f 3331 3355 3343
f 3340 3343 3373
f 3340 3373 3369
f 3343 3355 3379
f 3347 3345 3344
f 3348 3346 3345
f 3345 3346 2186
f 3347 3348 3345
f 3603 3348 3347
f 3348 3349 3346
f 3346 3350 2188
f 3350 3360 2188
f 3350 3362 3360
f 3349 3350 3346
f 3349 3351 3350
f 3351 3362 3350
f 3603 3604 3348
f 3604 3349 3348
f 3605 3351 3349
f 3351 3367 3362
f 3335 3357 3354
f 3360 3361 2194
f 3361 2197 2194
f 3338 3339 3358
f 3364 3353 2197
f 3352 3354 3356
f 3352 3356 3355
f 3354 3359 3356
f 3338 3358 3357
f 3354 3357 3359
f 3339 7603 3358
f 3357 3381 3359
f 3357 3358 3381
f 3358 7637 3381
f 3362 3361 3360
f 3362 3363 3361
f 3363 3364 3361
f 3367 3363 3362
f 3361 3364 2197
f 3364 3365 3353
f 3365 7608 3353
f 3366 3365 3364
f 3363 3366 3364
f 3368 7609 3365
f 3366 3368 3365
f 3367 3608 3363
f 3608 3366 3363
f 3610 3368 3366
f 3608 3610 3366
f 3610 3611 3368
f 3611 7613 3368
f 3341 3342 3371
f 3341 3371 3370
f 3342 3372 3371
f 3342 3369 3372
f 3370 3371 3376
f 3369 3373 3374
f 3343 3379 3373
f 3369 3374 3372
f 3373 3379 3384
f 3373 3384 3374
f 3370 3376 3375
f 3371 3377 3376
f 3371 3372 3377
f 3375 3376 3396
f 3376 3377 3397
f 3372 3374 3378
f 3372 3378 3377
f 3374 3384 3386
f 3374 3386 3378
f 3355 3380 3379
f 3355 3356 3380
f 3356 3382 3380
f 3379 3380 3385
f 3356 3359 3382
f 3359 3381 3383
f 3359 3383 3382
f 3381 7639 3383
f 3379 3385 3384
f 3380 3382 3387
f 3382 3383 3388
f 3380 3387 3385
f 3384 3385 3398
f 3384 3398 3386
f 3385 3399 3398
f 3382 3388 3387
f 3383 7641 3388
f 3385 3387 3399
f 3387 3388 3400
f 3387 3400 3399
f 3319 3320 3390
f 3269 3389 3286
f 3319 3390 3389
f 3286 3389 3640
f 3320 3321 3391
f 3320 3391 3390
f 3321 3322 3392
f 3321 3392 3391
f 3322 3393 3644
f 3322 3644 3392
f 3393 3646 3644
f 3393 3394 3646
f 3394 3395 3672
f 3375 3396 3395
f 3376 3397 3396
f 3395 3396 3673
f 3377 3378 3671
f 3377 3671 3397
f 3378 3386 3676
f 3378 3676 3671
f 3386 3398 3677
f 3386 3677 3676
f 3398 3399 3678
f 3399 3400 3681
f 3388 7732 3400
f 3401 3208 3207
f 3402 3209 3208
f 3403 3210 3209
f 2775 3401 3207
f 3401 3402 3208
f 3402 3403 3209
f 2778 3401 2775
f 2778 3410 3401
f 3410 3402 3401
f 3411 3403 3402
f 3410 3411 3402
f 3403 3404 3210
f 3404 3212 3210
f 3413 3404 3403
f 3414 3406 3404
f 3411 3413 3403
f 3413 3414 3404
f 3404 3406 3212
f 3406 3405 3212
f 3406 3408 3405
f 3415 3408 3406
f 3408 3407 3405
f 3409 3431 3407
f 3408 3409 3407
f 3416 3409 3408
f 2785 3410 2778
f 3412 3411 3410
f 3418 3413 3411
f 2785 3412 3410
f 3412 3418 3411
f 3418 3419 3413
f 3419 3414 3413
f 3419 3420 3414
f 3420 3415 3414
f 3414 3415 3406
f 3415 3416 3408
f 3420 3425 3415
f 3425 3416 3415
f 3425 3427 3416
f 3416 3417 3409
f 3417 3432 3409
f 3427 3417 3416
f 3428 3440 3417
f 2796 3412 2785
f 3421 3418 3412
f 3422 3419 3418
f 2796 3421 3412
f 3421 3422 3418
f 3422 3423 3419
f 3423 3420 3419
f 3424 3425 3420
f 3423 3424 3420
f 2842 3421 2796
f 2842 3479 3421
f 3479 3422 3421
f 3480 3423 3422
f 3479 3480 3422
f 3481 3424 3423
f 3482 3426 3424
f 3427 3428 3417
f 3426 3427 3425
f 3424 3426 3425
f 3426 3429 3427
f 3429 3428 3427
f 3429 3430 3428
f 3430 3452 3428
f 3407 3431 3243
f 3431 3433 3245
f 3432 3433 3431
f 3409 3432 3431
f 3432 3441 3433
f 3433 3434 3246
f 3434 3250 3246
f 3441 3434 3433
f 3441 3442 3434
f 3442 3435 3434
f 3435 3251 3250
f 3434 3435 3250
f 3435 3436 3251
f 3436 3254 3251
f 3436 3438 3254
f 3442 3445 3435
f 3445 3436 3435
f 3446 3438 3436
f 3438 3437 3254
f 3438 3439 3437
f 3449 3439 3438
f 3417 3440 3432
f 3440 3441 3432
f 3440 3443 3441
f 3452 3443 3440
f 3443 3442 3441
f 3444 3445 3442
f 3443 3444 3442
f 3445 3446 3436
f 3446 3449 3438
f 3447 3446 3445
f 3448 3449 3446
f 3444 3447 3445
f 3447 3448 3446
f 3448 3451 3449
f 3449 3450 3439
f 3451 3450 3449
f 3451 3457 3450
f 3428 3452 3440
f 3452 3453 3443
f 3430 3507 3452
f 3507 3453 3452
f 3507 3509 3453
f 3453 3444 3443
f 3453 3454 3444
f 3454 3447 3444
f 3509 3454 3453
f 3510 3455 3454
f 3509 3510 3454
f 3455 3448 3447
f 3454 3455 3447
f 3455 3456 3448
f 3456 3451 3448
f 3456 3458 3451
f 3511 3456 3455
f 3512 3458 3456
f 3458 3457 3451
f 3513 3459 3458
f 3458 3459 3457
f 2386 3274 3465
f 2386 3465 2836
f 3274 3275 3466
f 3275 3460 3467
f 3274 3466 3465
f 3275 3467 3466
f 3460 3461 3468
f 3461 3462 3473
f 3462 3463 3474
f 3277 3464 3463
f 3278 3486 3464
f 2836 3465 3469
f 3465 3466 3470
f 3466 3467 3471
f 3460 3468 3467
f 3461 3473 3468
f 2836 3469 2840
f 3465 3470 3469
f 3466 3471 3470
f 3467 3468 3472
f 2840 3469 3793
f 2840 3793 3107
f 3469 3470 3794
f 3470 3471 3795
f 3469 3794 3793
f 3470 3795 3794
f 3467 3472 3471
f 3468 3476 3472
f 3471 3472 3796
f 3462 3474 3473
f 3463 3464 3475
f 3463 3475 3474
f 3464 3493 3475
f 3468 3473 3476
f 3473 3474 3477
f 3473 3477 3476
f 3472 3476 3801
f 3476 3477 3802
f 3474 3475 3478
f 3474 3478 3477
f 3475 3495 3478
f 3480 3481 3423
f 2896 3479 2842
f 3515 3480 3479
f 3516 3481 3480
f 3481 3482 3424
f 3517 3482 3481
f 3483 3429 3426
f 3482 3483 3426
f 3483 3484 3429
f 3484 3430 3429
f 3485 3507 3430
f 3484 3485 3430
f 3279 3281 3487
f 3279 3487 3486
f 3281 3282 3492
f 3281 3492 3487
f 3282 3499 3492
f 3282 3488 3499
f 3488 3489 3500
f 3488 3500 3499
f 3489 3490 3501
f 3489 3501 3500
f 3490 3491 3502
f 3490 3502 3501
f 3464 3486 3493
f 3486 3487 3494
f 3486 3494 3493
f 3487 3492 3496
f 3487 3496 3494
f 3492 3503 3496
f 3475 3493 3495
f 3493 3494 3497
f 3493 3497 3495
f 3494 3496 3498
f 3494 3498 3497
f 3496 3819 3498
f 3492 3499 3503
f 3499 3500 3504
f 3500 3501 3505
f 3499 3504 3503
f 3500 3505 3504
f 3501 3506 3505
f 3501 3502 3506
f 3496 3503 3819
f 3503 3504 3820
f 3503 3820 3819
f 3504 3505 3822
f 3504 3822 3820
f 3505 3823 3822
f 3505 3506 3823
f 3508 3509 3507
f 3485 3508 3507
f 3508 3543 3509
f 3543 3510 3509
f 3544 3511 3510
f 3543 3544 3510
f 3510 3511 3455
f 3511 3512 3456
f 3512 3513 3458
f 3550 3512 3511
f 3544 3550 3511
f 3550 3551 3512
f 3551 3513 3512
f 3551 3554 3513
f 3513 3514 3459
f 3554 3514 3513
f 3554 3555 3514
f 2896 3515 3479
f 3515 3516 3480
f 3516 3517 3481
f 2899 3515 2896
f 3517 3518 3482
f 3518 3483 3482
f 3519 3516 3515
f 3520 3517 3516
f 3521 3518 3517
f 3522 3523 3518
f 2899 3519 3515
f 3519 3520 3516
f 3520 3521 3517
f 2906 3519 2899
f 2906 3529 3519
f 3529 3520 3519
f 3530 3521 3520
f 3529 3530 3520
f 3530 3531 3521
f 3521 3522 3518
f 3531 3522 3521
f 3531 3532 3522
f 3532 3526 3522
f 3518 3523 3483
f 3523 3484 3483
f 3523 3524 3484
f 3524 3485 3484
f 3524 3525 3485
f 3525 3508 3485
f 3526 3524 3523
f 3527 3525 3524
f 3522 3526 3523
f 3526 3527 3524
f 3537 3527 3526
f 3528 3545 3525
f 3527 3528 3525
f 3538 3528 3527
f 3539 3548 3528
f 2918 3529 2906
f 2918 3533 3529
f 3533 3530 3529
f 3534 3531 3530
f 3533 3534 3530
f 3534 3535 3531
f 3535 3532 3531
f 3536 3537 3532
f 3535 3536 3532
f 2920 3533 2918
f 6131 3534 3533
f 6132 3535 3534
f 2920 6131 3533
f 6131 6132 3534
f 6132 6135 3535
f 6135 3536 3535
f 6136 3540 3536
f 6135 6136 3536
f 3532 3537 3526
f 3537 3538 3527
f 3540 3538 3537
f 3536 3540 3537
f 3540 3541 3538
f 3538 3539 3528
f 3541 3539 3538
f 3541 3542 3539
f 3542 3563 3539
f 6141 3541 3540
f 6136 6141 3540
f 6141 6143 3541
f 6143 3542 3541
f 6143 6144 3542
f 6144 3566 3542
f 3545 3543 3508
f 3546 3544 3543
f 3525 3545 3508
f 3545 3546 3543
f 3547 3550 3544
f 3546 3547 3544
f 3528 3548 3545
f 3548 3546 3545
f 3548 3549 3546
f 3549 3547 3546
f 3549 3558 3547
f 3558 3552 3547
f 3552 3551 3550
f 3553 3554 3551
f 3547 3552 3550
f 3552 3553 3551
f 3553 3556 3554
f 3556 3555 3554
f 3556 3557 3555
f 3559 3553 3552
f 3558 3559 3552
f 3559 3560 3553
f 3560 3556 3553
f 3560 3561 3556
f 3561 3557 3556
f 3563 3549 3548
f 3564 3558 3549
f 3565 3559 3558
f 3569 3560 3559
f 3570 3561 3560
f 3561 3562 3557
f 3539 3563 3548
f 3563 3564 3549
f 3542 3566 3563
f 3566 3564 3563
f 3566 3567 3564
f 3564 3565 3558
f 3567 3565 3564
f 3568 3569 3565
f 3567 3568 3565
f 6144 6147 3566
f 6147 3567 3566
f 6147 6149 3567
f 6149 3568 3567
f 6149 6150 3568
f 6150 3573 3568
f 3565 3569 3559
f 3569 3570 3560
f 3570 3571 3561
f 3573 3570 3569
f 3574 3571 3570
f 3571 3562 3561
f 3571 3572 3562
f 3575 3572 3571
f 3568 3573 3569
f 3573 3574 3570
f 3574 3575 3571
f 6152 3574 3573
f 6150 6152 3573
f 6152 6153 3574
f 6153 3575 3574
f 6153 6154 3575
f 3575 3576 3572
f 6154 3576 3575
f 6154 6155 3576
f 3439 3577 3437
f 3577 3579 3304
f 3578 3579 3577
f 3439 3578 3577
f 3578 3585 3579
f 3579 3580 3305
f 3580 3581 3306
f 3585 3580 3579
f 3585 3586 3580
f 3586 3581 3580
f 3586 3587 3581
f 3581 3311 3306
f 3581 3582 3311
f 3582 3583 3311
f 3587 3582 3581
f 3592 3584 3582
f 3584 3603 3583
f 3582 3584 3583
f 3584 3606 3603
f 3450 3578 3439
f 3450 3588 3578
f 3588 3585 3578
f 3588 3589 3585
f 3457 3588 3450
f 3596 3589 3588
f 3589 3586 3585
f 3590 3587 3586
f 3589 3590 3586
f 3590 3591 3587
f 3598 3590 3589
f 3457 3596 3588
f 3596 3598 3589
f 3599 3591 3590
f 3587 3592 3582
f 3592 3594 3584
f 3594 3606 3584
f 3591 3592 3587
f 3591 3593 3592
f 3593 3594 3592
f 3594 3615 3606
f 3595 3615 3594
f 3593 3595 3594
f 3600 3593 3591
f 3601 3595 3593
f 3595 3619 3615
f 3459 3596 3457
f 3597 3598 3596
f 3459 3597 3596
f 3597 3660 3598
f 3598 3599 3590
f 3599 3600 3591
f 3660 3599 3598
f 3661 3600 3599
f 3660 3661 3599
f 3661 3662 3600
f 3600 3601 3593
f 3662 3601 3600
f 3667 3602 3601
f 3602 3619 3595
f 3601 3602 3595
f 3602 3633 3619
f 3604 3605 3349
f 3606 3604 3603
f 3612 3605 3604
f 3606 3612 3604
f 3612 3613 3605
f 3605 3607 3351
f 3607 3367 3351
f 3613 3607 3605
f 3607 3609 3367
f 3614 3609 3607
f 3609 3608 3367
f 3623 3610 3608
f 3609 3623 3608
f 3624 3611 3610
f 3623 3624 3610
f 3624 3625 3611
f 3625 7913 3611
f 3615 3612 3606
f 3616 3613 3612
f 3613 3614 3607
f 3614 3622 3609
f 3615 3616 3612
f 3619 3616 3615
f 3616 3617 3613
f 3620 3617 3616
f 3617 3614 3613
f 3617 3618 3614
f 3618 3622 3614
f 3618 3629 3622
f 3619 3620 3616
f 3620 3621 3617
f 3621 3618 3617
f 3621 3635 3618
f 3635 3629 3618
f 3635 3636 3629
f 3622 3623 3609
f 3626 3624 3623
f 3622 3626 3623
f 3627 3625 3624
f 3626 3627 3624
f 3628 7919 3625
f 3627 3628 3625
f 3629 3626 3622
f 3629 3630 3626
f 3630 3627 3626
f 3631 3628 3627
f 3636 3630 3629
f 3637 3631 3630
f 3630 3631 3627
f 3632 7923 3628
f 3631 3632 3628
f 3638 3632 3631
f 3639 7924 3632
f 3633 3620 3619
f 3634 3621 3620
f 3633 3634 3620
f 3634 3700 3621
f 3700 3635 3621
f 3700 3701 3635
f 3701 3636 3635
f 3709 3637 3636
f 3636 3637 3630
f 3637 3638 3631
f 3638 3639 3632
f 3286 3640 3491
f 3389 3390 3641
f 3389 3641 3640
f 3491 3640 3648
f 3640 3641 3649
f 3390 3391 3642
f 3390 3642 3641
f 3391 3392 3643
f 3391 3643 3642
f 3641 3642 3650
f 3394 3672 3646
f 3392 3644 3645
f 3392 3645 3643
f 3644 3647 3645
f 3644 3646 3647
f 3646 3672 3684
f 3646 3684 3647
f 3491 3648 3502
f 3640 3649 3648
f 3641 3650 3649
f 3642 3643 3651
f 3642 3651 3650
f 3502 3648 3652
f 3648 3649 3653
f 3649 3650 3654
f 3650 3651 3655
f 3502 3652 3506
f 3648 3653 3652
f 3506 3652 3895
f 3652 3653 3896
f 3649 3654 3653
f 3650 3655 3654
f 3653 3654 3897
f 3654 3655 3898
f 3643 3645 3656
f 3643 3656 3651
f 3645 3647 3657
f 3645 3657 3656
f 3647 3684 3687
f 3647 3687 3657
f 3651 3656 3658
f 3651 3658 3655
f 3656 3659 3658
f 3656 3657 3659
f 3657 3687 3717
f 3657 3717 3659
f 3514 3597 3459
f 3514 3663 3597
f 3663 3660 3597
f 3663 3664 3660
f 3555 3663 3514
f 3720 3664 3663
f 3664 3661 3660
f 3664 3665 3661
f 3665 3662 3661
f 3665 3666 3662
f 3721 3665 3664
f 3722 3666 3665
f 3662 3667 3601
f 3667 3669 3602
f 3669 3633 3602
f 3669 3702 3633
f 3666 3667 3662
f 3668 3669 3667
f 3666 3668 3667
f 3670 3702 3669
f 3668 3670 3669
f 3670 3706 3702
f 3723 3668 3666
f 3506 3895 3823
f 3655 3658 3903
f 3395 3673 3672
f 3396 3397 3674
f 3397 3671 3675
f 3396 3674 3673
f 3672 3673 3685
f 3672 3685 3684
f 3673 3686 3685
f 3673 3674 3686
f 3397 3675 3674
f 3671 3676 3679
f 3671 3679 3675
f 3674 3675 3688
f 3674 3688 3686
f 3675 3679 3692
f 3398 3678 3677
f 3399 3681 3678
f 3400 7968 3681
f 3676 3680 3679
f 3676 3677 3680
f 3677 3682 3680
f 3679 3680 3693
f 3677 3678 3682
f 3678 3681 3683
f 3678 3683 3682
f 3681 7969 3683
f 3675 3692 3688
f 3684 3685 3689
f 3685 3686 3690
f 3684 3689 3687
f 3685 3690 3689
f 3686 3688 3691
f 3686 3691 3690
f 3688 3692 3696
f 3688 3696 3691
f 3687 3689 3718
f 3689 3690 3719
f 3687 3718 3717
f 3689 3719 3718
f 3690 3691 3916
f 3690 3916 3719
f 3691 3696 3922
f 3680 3682 3694
f 3682 3683 3695
f 3679 3693 3692
f 3680 3694 3693
f 3692 3693 3697
f 3682 3695 3694
f 3683 7980 3695
f 3693 3694 3698
f 3694 3695 3699
f 3692 3697 3696
f 3693 3698 3697
f 3696 3697 3923
f 3694 3699 3698
f 3695 8011 3699
f 3702 3634 3633
f 3703 3700 3634
f 3702 3703 3634
f 3704 3701 3700
f 3701 3709 3636
f 3705 3709 3701
f 3703 3704 3700
f 3706 3703 3702
f 3707 3704 3703
f 3706 3707 3703
f 3707 3708 3704
f 3704 3705 3701
f 3705 3713 3709
f 3708 3705 3704
f 3753 3713 3705
f 3708 3753 3705
f 3753 3755 3713
f 3710 3638 3637
f 3709 3710 3637
f 3711 3639 3638
f 3710 3711 3638
f 3711 3712 3639
f 3712 7991 3639
f 3713 3710 3709
f 3714 3711 3710
f 3713 3714 3710
f 3715 3712 3711
f 3714 3715 3711
f 3715 3716 3712
f 3716 7994 3712
f 3755 3714 3713
f 3756 3715 3714
f 3755 3756 3714
f 3758 3716 3715
f 3756 3758 3715
f 3758 3759 3716
f 3759 7997 3716
f 3691 3922 3916
f 3696 3923 3922
f 3697 3925 3923
f 3697 3698 3925
f 3698 3699 3926
f 3698 3926 3925
f 3555 3720 3663
f 3720 3721 3664
f 3557 3720 3555
f 3724 3721 3720
f 3557 3724 3720
f 3724 3725 3721
f 3721 3722 3665
f 3722 3723 3666
f 3725 3722 3721
f 3725 3726 3722
f 3726 3723 3722
f 3726 3727 3723
f 3562 3724 3557
f 3730 3725 3724
f 3723 3728 3668
f 3728 3670 3668
f 3727 3728 3723
f 3727 3734 3728
f 3734 3729 3728
f 3728 3729 3670
f 3729 3706 3670
f 3729 3750 3706
f 3734 3736 3729
f 3736 3750 3729
f 3562 3730 3724
f 3730 3731 3725
f 3731 3726 3725
f 3732 3727 3726
f 3731 3732 3726
f 3732 3733 3727
f 3733 3734 3727
f 3735 3736 3734
f 3733 3735 3734
f 3736 3760 3750
f 3735 3737 3736
f 3737 3760 3736
f 3737 3771 3760
f 3572 3730 3562
f 3572 3738 3730
f 3738 3731 3730
f 3738 3739 3731
f 3576 3738 3572
f 3739 3732 3731
f 3739 3740 3732
f 3740 3733 3732
f 3740 3741 3733
f 3742 3739 3738
f 3743 3740 3739
f 3744 3741 3740
f 3576 3742 3738
f 3742 3743 3739
f 6155 3742 3576
f 6155 6156 3742
f 6156 3743 3742
f 6156 6157 3743
f 3743 3744 3740
f 3744 3745 3741
f 6157 3744 3743
f 6157 6158 3744
f 6158 3745 3744
f 6158 6159 3745
f 3741 3735 3733
f 3741 3746 3735
f 3746 3737 3735
f 3746 3747 3737
f 3747 3771 3737
f 3745 3746 3741
f 3748 3747 3746
f 3747 3775 3771
f 3745 3748 3746
f 6159 3748 3745
f 6159 6432 3748
f 6432 3749 3748
f 3748 3749 3747
f 3749 3775 3747
f 3749 3779 3775
f 6433 3779 3749
f 3750 3707 3706
f 3751 3708 3707
f 3750 3751 3707
f 3751 3752 3708
f 3760 3751 3750
f 3761 3752 3751
f 3752 3753 3708
f 3752 3754 3753
f 3754 3755 3753
f 3762 3754 3752
f 3754 3757 3755
f 3757 3756 3755
f 3764 3758 3756
f 3757 3764 3756
f 3765 3759 3758
f 3766 8064 3759
f 3764 3765 3758
f 3765 3766 3759
f 3763 3757 3754
f 3760 3761 3751
f 3761 3762 3752
f 3771 3761 3760
f 3772 3762 3761
f 3771 3772 3761
f 3772 3773 3762
f 3762 3763 3754
f 3763 3767 3757
f 3773 3763 3762
f 3773 3774 3763
f 3774 3767 3763
f 3774 3783 3767
f 3767 3764 3757
f 3768 3765 3764
f 3767 3768 3764
f 3783 3768 3767
f 3784 3769 3768
f 3783 3784 3768
f 3769 3766 3765
f 3768 3769 3765
f 3769 3770 3766
f 3770 8067 3766
f 3787 3770 3769
f 3784 3787 3769
f 3787 3788 3770
f 3788 8069 3770
f 3775 3772 3771
f 3776 3773 3772
f 3775 3776 3772
f 3776 3777 3773
f 3777 3774 3773
f 3778 3783 3774
f 3777 3778 3774
f 3778 3785 3783
f 3779 3776 3775
f 3780 3777 3776
f 3779 3780 3776
f 3780 3781 3777
f 6450 3780 3779
f 6451 3781 3780
f 3781 3778 3777
f 3781 3782 3778
f 3782 3785 3778
f 3782 3791 3785
f 6452 3782 3781
f 3785 3784 3783
f 3786 3787 3784
f 3785 3786 3784
f 3789 3788 3787
f 3790 8082 3788
f 3786 3789 3787
f 3789 3790 3788
f 3791 3786 3785
f 3792 3789 3786
f 3791 3792 3786
f 3970 3790 3789
f 3792 3970 3789
f 3970 3971 3790
f 3971 8083 3790
f 3471 3796 3795
f 3477 3478 3803
f 3107 3793 3797
f 3793 3794 3798
f 3794 3795 3799
f 3107 3797 3109
f 3793 3798 3797
f 3794 3799 3798
f 3472 3801 3796
f 3795 3796 3800
f 3795 3800 3799
f 3796 3804 3800
f 3109 3797 3807
f 3109 3807 3112
f 3797 3798 3808
f 3798 3799 3809
f 3797 3808 3807
f 3798 3809 3808
f 3799 3800 3810
f 3799 3810 3809
f 3800 3811 3810
f 3476 3802 3801
f 3796 3801 3804
f 3801 3802 3805
f 3477 3803 3802
f 3478 3813 3803
f 3802 3803 3806
f 3801 3805 3804
f 3802 3806 3805
f 3800 3804 3811
f 3804 3805 3812
f 3803 3816 3806
f 3805 3806 3839
f 3804 3812 3811
f 3805 3839 3812
f 3806 3844 3839
f 3478 3495 3813
f 3495 3497 3814
f 3495 3814 3813
f 3497 3498 3815
f 3497 3815 3814
f 3498 3821 3815
f 3803 3813 3816
f 3813 3814 3817
f 3814 3815 3818
f 3813 3817 3816
f 3806 3816 3844
f 3816 3817 3845
f 3814 3818 3817
f 3815 3827 3818
f 3498 3819 3821
f 3819 3820 3824
f 3820 3822 3825
f 3819 3824 3821
f 3820 3825 3824
f 3822 3823 3826
f 3822 3826 3825
f 3815 3821 3827
f 3821 3824 3828
f 3824 3825 3829
f 3821 3828 3827
f 3824 3829 3828
f 3825 3826 3830
f 3825 3830 3829
f 3816 3845 3844
f 3817 3818 3846
f 3817 3846 3845
f 3818 3850 3846
f 3818 3827 3850
f 3827 3828 3851
f 3827 3851 3850
f 3828 3829 3852
f 3829 3830 3853
f 3112 3807 3831
f 3807 3808 3832
f 3808 3809 3833
f 3112 3831 3149
f 3807 3832 3831
f 3808 3833 3832
f 3809 3810 3834
f 3809 3834 3833
f 3810 3840 3834
f 3149 3831 3835
f 3831 3832 3836
f 3832 3833 3837
f 3833 3834 3838
f 3149 3835 3152
f 3831 3836 3835
f 3832 3837 3836
f 3833 3838 3837
f 3834 3843 3838
f 3810 3811 3840
f 3811 3812 3841
f 3811 3841 3840
f 3812 3839 3842
f 3812 3842 3841
f 3834 3840 3843
f 3839 3847 3842
f 3840 3841 3858
f 3840 3858 3843
f 3841 3842 3859
f 3841 3859 3858
f 3842 3874 3859
f 3839 3844 3847
f 3844 3845 3848
f 3845 3846 3849
f 3844 3848 3847
f 3845 3849 3848
f 3846 3854 3849
f 3842 3847 3874
f 3847 3848 3875
f 3847 3875 3874
f 3848 3849 3876
f 3848 3876 3875
f 3849 3877 3876
f 3828 3852 3851
f 3846 3850 3854
f 3850 3851 3855
f 3829 3853 3852
f 3850 3855 3854
f 3851 3852 3856
f 3851 3856 3855
f 3852 3857 3856
f 3852 3853 3857
f 3849 3854 3877
f 3854 3855 3878
f 3855 3856 3879
f 3856 3857 3880
f 3152 3835 3860
f 3152 3860 3186
f 3835 3836 3861
f 3836 3837 3862
f 3837 3838 3863
f 3838 3843 3868
f 3843 3858 3869
f 3858 3859 3870
f 3835 3861 3860
f 3836 3862 3861
f 3186 3860 3864
f 3186 3864 3190
f 3860 3861 3865
f 3861 3862 3866
f 3837 3863 3862
f 3838 3868 3863
f 3862 3863 3867
f 3860 3865 3864
f 3861 3866 3865
f 3862 3867 3866
f 3863 3871 3867
f 3190 3864 6205
f 3864 3865 6206
f 3865 3866 6207
f 3190 6205 4597
f 3864 6206 6205
f 3865 6207 6206
f 3866 3867 6208
f 3866 6208 6207
f 3867 6217 6208
f 3843 3869 3868
f 3863 3868 3871
f 3868 3869 3872
f 3858 3870 3869
f 3859 3881 3870
f 3868 3872 3871
f 3869 3870 3873
f 3869 3873 3872
f 3867 3871 6217
f 3871 3872 6219
f 3871 6219 6217
f 3870 3884 3873
f 3872 3873 6220
f 3872 6220 6219
f 3873 6240 6220
f 3859 3874 3881
f 3874 3875 3882
f 3854 3878 3877
f 3855 3879 3878
f 3856 3880 3879
f 3874 3882 3881
f 3875 3876 3883
f 3875 3883 3882
f 3876 3887 3883
f 3870 3881 3884
f 3881 3882 3885
f 3882 3883 3886
f 3881 3885 3884
f 3873 3884 6240
f 3884 3885 6242
f 3884 6242 6240
f 3882 3886 3885
f 3883 3891 3886
f 3885 3886 6243
f 3885 6243 6242
f 3876 3877 3887
f 3877 3878 3888
f 3877 3888 3887
f 3878 3879 3889
f 3878 3889 3888
f 3879 3890 3889
f 3879 3880 3890
f 3883 3887 3891
f 3887 3888 3892
f 3888 3889 3893
f 3889 3890 3894
f 3887 3892 3891
f 3888 3893 3892
f 3886 3891 6249
f 3891 3892 6250
f 3892 3893 6253
f 3889 3894 3893
f 3893 3894 6254
f 3886 6249 6243
f 3891 6250 6249
f 3892 6253 6250
f 3893 6254 6253
f 3652 3896 3895
f 3823 3895 3899
f 3823 3899 3826
f 3895 3896 3900
f 3895 3900 3899
f 3653 3897 3896
f 3654 3898 3897
f 3896 3897 3901
f 3896 3901 3900
f 3897 3898 3902
f 3897 3902 3901
f 3826 3899 3907
f 3826 3907 3830
f 3899 3900 3908
f 3899 3908 3907
f 3900 3901 3909
f 3901 3902 3910
f 3900 3909 3908
f 3901 3910 3909
f 3655 3903 3898
f 3658 3904 3903
f 3898 3903 3905
f 3658 3659 3904
f 3659 3717 3913
f 3659 3913 3904
f 3903 3904 3906
f 3904 3913 3918
f 3898 3905 3902
f 3903 3906 3905
f 3902 3905 3911
f 3902 3911 3910
f 3905 3912 3911
f 3904 3918 3906
f 3905 3906 3912
f 3906 3918 3946
f 3830 3907 3934
f 3907 3908 3935
f 3906 3946 3912
f 3717 3718 3914
f 3717 3914 3913
f 3718 3719 3915
f 3718 3915 3914
f 3913 3914 3919
f 3719 3916 3917
f 3916 3922 3924
f 3719 3917 3915
f 3916 3924 3917
f 3914 3915 3920
f 3913 3919 3918
f 3914 3920 3919
f 3918 3919 3947
f 3919 3920 3948
f 3915 3917 3921
f 3915 3921 3920
f 3917 3924 3928
f 3917 3928 3921
f 3920 3921 3949
f 3921 3928 3958
f 3922 3923 3927
f 3922 3927 3924
f 3923 3930 3927
f 3699 8482 3926
f 3923 3925 3930
f 3925 3926 3931
f 3925 3931 3930
f 3926 8485 3931
f 3924 3929 3928
f 3924 3927 3929
f 3927 3932 3929
f 3927 3930 3932
f 3930 3931 3933
f 3930 3933 3932
f 3931 8486 3933
f 3918 3947 3946
f 3919 3948 3947
f 3920 3949 3948
f 3921 3958 3949
f 3928 3929 3959
f 3929 3932 3960
f 3932 3933 3961
f 3830 3934 3853
f 3907 3935 3934
f 3908 3909 3936
f 3909 3910 3937
f 3908 3936 3935
f 3909 3937 3936
f 3853 3934 3938
f 3853 3938 3857
f 3934 3935 3939
f 3934 3939 3938
f 3935 3936 3940
f 3935 3940 3939
f 3936 3937 3941
f 3936 3941 3940
f 3857 3938 3972
f 3938 3939 3973
f 3939 3940 3974
f 3940 3941 3975
f 3910 3911 3942
f 3910 3942 3937
f 3911 3943 3942
f 3911 3912 3943
f 3912 3946 3950
f 3912 3950 3943
f 3937 3942 3944
f 3942 3943 3945
f 3943 3950 3954
f 3937 3944 3941
f 3942 3945 3944
f 3941 3944 3984
f 3943 3954 3945
f 3946 3947 3951
f 3946 3951 3950
f 3947 3948 3952
f 3947 3952 3951
f 3948 3949 3953
f 3949 3958 3962
f 3948 3953 3952
f 3949 3962 3953
f 3950 3951 3955
f 3951 3952 3956
f 3950 3955 3954
f 3951 3956 3955
f 3952 3953 3957
f 3953 3962 3965
f 3952 3957 3956
f 3953 3965 3957
f 3928 3959 3958
f 3929 3960 3959
f 3958 3959 3963
f 3958 3963 3962
f 3932 3961 3960
f 3933 8512 3961
f 3959 3960 3964
f 3960 3961 3967
f 3959 3964 3963
f 3960 3967 3964
f 3961 8515 3967
f 3962 3963 3966
f 3962 3966 3965
f 3963 3968 3966
f 3963 3964 3968
f 3964 3967 3969
f 3964 3969 3968
f 3967 8516 3969
f 6453 3791 3782
f 6462 3792 3791
f 6463 3970 3792
f 6464 3971 3970
f 6465 8529 3971
f 3857 3972 3880
f 3938 3973 3972
f 3939 3974 3973
f 3940 3975 3974
f 3941 3984 3975
f 3944 3985 3984
f 3944 3945 3985
f 3945 3954 3990
f 3945 3990 3985
f 3880 3972 3976
f 3880 3976 3890
f 3972 3973 3977
f 3972 3977 3976
f 3973 3974 3978
f 3973 3978 3977
f 3974 3975 3979
f 3974 3979 3978
f 3890 3976 3980
f 3976 3977 3981
f 3977 3978 3982
f 3890 3980 3894
f 3976 3981 3980
f 3894 3980 6498
f 3980 3981 6499
f 3978 3979 3983
f 3977 3982 3981
f 3978 3983 3982
f 3981 3982 6500
f 3982 3983 6501
f 3975 3984 3986
f 3975 3986 3979
f 3984 3987 3986
f 3984 3985 3987
f 3985 3990 3994
f 3985 3994 3987
f 3979 3986 3988
f 3979 3988 3983
f 3986 3989 3988
f 3983 3988 6510
f 3986 3987 3989
f 3987 3994 3998
f 3987 3998 3989
f 3988 3989 6511
f 3989 3998 6528
f 3894 6498 6254
f 3980 6499 6498
f 3954 3955 3991
f 3954 3991 3990
f 3955 3992 3991
f 3955 3956 3992
f 3956 3957 3993
f 3956 3993 3992
f 3957 3965 4002
f 3965 3966 4003
f 3966 3968 4004
f 3968 3969 4005
f 3990 3991 3995
f 3991 3992 3996
f 3990 3995 3994
f 3991 3996 3995
f 3957 4002 3993
f 3992 3993 3997
f 3993 4002 4006
f 3992 3997 3996
f 3993 4006 3997
f 3994 3995 3999
f 3995 3996 4000
f 3994 3999 3998
f 3995 4000 3999
f 3998 3999 6529
f 3999 4000 6530
f 3996 3997 4001
f 3997 4006 4008
f 3996 4001 4000
f 3997 4008 4001
f 4000 4001 6531
f 4001 4008 6540
f 3965 4003 4002
f 3966 4004 4003
f 4002 4007 4006
f 4002 4003 4007
f 4003 4010 4007
f 3968 4005 4004
f 3969 8565 4005
f 4003 4004 4010
f 4004 4005 4011
f 4004 4011 4010
f 4005 8568 4011
f 4006 4007 4009
f 4006 4009 4008
f 4007 4012 4009
f 4008 4009 6541
f 4007 4010 4012
f 4010 4011 4013
f 4010 4013 4012
f 4011 8569 4013
f 4009 4012 6542
f 4012 4013 6543
f 4014 2668 2667
f 4015 2669 2668
f 4016 2670 2669
f 4017 2671 2670
f 4018 2672 2671
f 4019 2673 2672
f 4020 2674 2673
f 4021 2675 2674
f 4014 4015 2668
f 4015 4016 2669
f 4016 4017 2670
f 4017 4018 2671
f 4018 4019 2672
f 4022 2676 2675
f 4023 2677 2676
f 4019 4020 2673
f 4020 4021 2674
f 4021 4022 2675
f 2419 4984 2432
f 4024 2678 2677
f 4023 4024 2677
f 4025 2679 2678
f 4026 2687 2679
f 4024 4025 2678
f 4025 4026 2679
f 4026 4040 2687
f 4022 4023 2676
f 4027 4015 4014
f 4028 4016 4015
f 4029 4017 4016
f 4030 4018 4017
f 4031 4019 4018
f 4032 4020 4019
f 4033 4021 4020
f 4034 4022 4021
f 4027 4028 4015
f 4028 4029 4016
f 4029 4030 4017
f 4030 4031 4018
f 4031 4032 4019
f 4032 4033 4020
f 4033 4034 4021
f 4034 4035 4022
f 4035 4023 4022
f 4036 4024 4023
f 4037 4025 4024
f 4038 4026 4025
f 4039 4040 4026
f 4035 4036 4023
f 4036 4037 4024
f 4037 4038 4025
f 4038 4039 4026
f 4039 4047 4040
f 4040 2688 2687
f 4041 2689 2688
f 4040 4041 2688
f 4042 2690 2689
f 4043 2691 2690
f 4041 4042 2689
f 4042 4043 2690
f 4044 2692 2691
f 4045 2693 2692
f 4043 4044 2691
f 4044 4045 2692
f 4046 2713 2693
f 4045 4046 2693
f 4047 4041 4040
f 4048 4042 4041
f 4049 4043 4042
f 4050 4044 4043
f 4047 4048 4041
f 4048 4049 4042
f 4049 4050 4043
f 4051 4045 4044
f 4052 4046 4045
f 4053 4094 4046
f 4050 4051 4044
f 2432 5563 2607
f 4051 4052 4045
f 4052 4053 4046
f 4055 4028 4027
f 4054 4029 4028
f 4056 4030 4029
f 4057 4031 4030
f 4058 4032 4031
f 4059 4033 4032
f 4060 4034 4033
f 4061 4035 4034
f 4055 4054 4028
f 4054 4056 4029
f 4056 4057 4030
f 4057 4058 4031
f 4058 4059 4032
f 4059 4060 4033
f 4060 4061 4034
f 4062 4036 4035
f 4063 4037 4036
f 4064 4038 4037
f 2607 5568 2620
f 4061 4062 4035
f 4065 4039 4038
f 4066 4047 4039
f 4062 4063 4036
f 4063 4064 4037
f 4064 4065 4038
f 4065 4066 4039
f 4066 4080 4047
f 4067 4054 4055
f 4068 4056 4054
f 4069 4057 4056
f 4070 4058 4057
f 4071 4059 4058
f 4072 4060 4059
f 4073 4061 4060
f 4074 4062 4061
f 2620 5536 2644
f 4067 4068 4054
f 4068 4069 4056
f 4069 4070 4057
f 4070 4071 4058
f 4071 4072 4059
f 4072 4073 4060
f 4073 4074 4061
f 4074 4075 4062
f 4076 4064 4063
f 4077 4065 4064
f 4075 4063 4062
f 4078 4066 4065
f 4079 4080 4066
f 4075 4076 4063
f 4076 4077 4064
f 4077 4078 4065
f 4078 4079 4066
f 4079 4087 4080
f 4080 4048 4047
f 4081 4049 4048
f 4082 4050 4049
f 4083 4051 4050
f 4080 4081 4048
f 4081 4082 4049
f 4082 4083 4050
f 4084 4052 4051
f 4085 4053 4052
f 4086 4100 4053
f 4083 4084 4051
f 4084 4085 4052
f 4085 4086 4053
f 4087 4081 4080
f 4088 4082 4081
f 4089 4083 4082
f 4090 4084 4083
f 4087 4088 4081
f 4088 4089 4082
f 4089 4090 4083
f 4091 4085 4084
f 4092 4086 4085
f 4093 4114 4086
f 4090 4091 4084
f 4091 4092 4085
f 4092 4093 4086
f 4094 2714 2713
f 4095 2715 2714
f 4046 4094 2713
f 4094 4095 2714
f 4096 2716 2715
f 4095 4096 2715
f 4096 4097 2716
f 4097 2717 2716
f 4097 4098 2717
f 4098 2718 2717
f 4099 2723 2718
f 4098 4099 2718
f 4106 2724 2723
f 4107 2725 2724
f 4100 4095 4094
f 4101 4096 4095
f 4053 4100 4094
f 4100 4101 4095
f 4102 4097 4096
f 4101 4102 4096
f 4102 4103 4097
f 4103 4098 4097
f 4103 4104 4098
f 4104 4099 4098
f 4105 4106 4099
f 4104 4105 4099
f 4099 4106 2723
f 4106 4107 2724
f 4107 4108 2725
f 4108 2726 2725
f 4108 4109 2726
f 4109 2876 2726
f 4109 4238 2876
f 4110 4107 4106
f 4105 4110 4106
f 4111 4108 4107
f 4110 4111 4107
f 4111 4112 4108
f 4112 4109 4108
f 4112 4113 4109
f 4113 4238 4109
f 4113 4243 4238
f 4114 4101 4100
f 4115 4102 4101
f 4116 4103 4102
f 4086 4114 4100
f 4114 4115 4101
f 4115 4116 4102
f 4116 4117 4103
f 4117 4104 4103
f 4117 4118 4104
f 4118 4105 4104
f 4119 4110 4105
f 4118 4119 4105
f 4120 4115 4114
f 4121 4116 4115
f 4122 4117 4116
f 4093 4120 4114
f 4120 4121 4115
f 4123 4118 4117
f 4122 4123 4117
f 4121 4122 4116
f 4123 4124 4118
f 4124 4119 4118
f 4125 4126 4119
f 4124 4125 4119
f 4126 4111 4110
f 4119 4126 4110
f 4126 4127 4111
f 4127 4112 4111
f 4128 4113 4112
f 4127 4128 4112
f 4128 4129 4113
f 4129 4243 4113
f 4129 4256 4243
f 4130 4127 4126
f 4125 4130 4126
f 4130 4131 4127
f 4131 4128 4127
f 4131 4132 4128
f 4132 4129 4128
f 4132 4133 4129
f 4133 4256 4129
f 4133 4263 4256
f 4134 4068 4067
f 4135 4069 4068
f 4136 4070 4069
f 4137 4071 4070
f 4138 4072 4071
f 4139 4073 4072
f 4140 4074 4073
f 4141 4075 4074
f 4134 4135 4068
f 4135 4136 4069
f 4138 4139 4072
f 4136 4137 4070
f 4137 4138 4071
f 4139 4140 4073
f 4140 4141 4074
f 4141 4142 4075
f 4142 4076 4075
f 4143 4077 4076
f 4144 4078 4077
f 4145 4079 4078
f 4146 4087 4079
f 4142 4143 4076
f 4143 4144 4077
f 4144 4145 4078
f 4145 4146 4079
f 4146 4160 4087
f 2644 5610 2667
f 4147 4135 4134
f 4148 4136 4135
f 4149 4137 4136
f 4150 4138 4137
f 4151 4139 4138
f 4152 4140 4139
f 4153 4141 4140
f 4154 4142 4141
f 4147 4148 4135
f 4148 4149 4136
f 4151 4152 4139
f 4149 4150 4137
f 4150 4151 4138
f 4152 4153 4140
f 4155 4143 4142
f 2667 5599 4014
f 4014 5315 4027
f 4153 4154 4141
f 4154 4155 4142
f 4156 4144 4143
f 4157 4145 4144
f 4158 4146 4145
f 4159 4160 4146
f 4155 4156 4143
f 4156 4157 4144
f 4157 4158 4145
f 4158 4159 4146
f 4159 4167 4160
f 4160 4088 4087
f 4161 4089 4088
f 4162 4090 4089
f 4160 4161 4088
f 4163 4091 4090
f 4161 4162 4089
f 4162 4163 4090
f 4164 4092 4091
f 4165 4093 4092
f 4166 4120 4093
f 4163 4164 4091
f 4164 4165 4092
f 4165 4166 4093
f 4167 4161 4160
f 4168 4162 4161
f 4169 4163 4162
f 4170 4164 4163
f 4167 4168 4161
f 4168 4169 4162
f 4169 4170 4163
f 4171 4165 4164
f 4172 4166 4165
f 4173 4214 4166
f 4172 4173 4166
f 4170 4171 4164
f 4171 4172 4165
f 4174 4148 4147
f 4175 4149 4148
f 4176 4150 4149
f 4177 4151 4150
f 4178 4152 4151
f 4179 4153 4152
f 4180 4154 4153
f 4181 4155 4154
f 4174 4175 4148
f 4175 4176 4149
f 4176 4177 4150
f 4177 4178 4151
f 4178 4179 4152
f 4179 4180 4153
f 4180 4181 4154
f 4181 4182 4155
f 4027 5315 4055
f 4183 4157 4156
f 4184 4158 4157
f 4182 4156 4155
f 4185 4159 4158
f 4186 4167 4159
f 4182 4183 4156
f 4183 4184 4157
f 4184 4185 4158
f 4185 4186 4159
f 4186 4200 4167
f 4189 4177 4176
f 4190 4178 4177
f 4191 4179 4178
f 4187 4175 4174
f 4188 4176 4175
f 4192 4180 4179
f 4193 4181 4180
f 4194 4182 4181
f 4055 5341 4067
f 4187 4188 4175
f 4188 4189 4176
f 4189 4190 4177
f 4190 4191 4178
f 4191 4192 4179
f 4192 4193 4180
f 4193 4194 4181
f 4194 4195 4182
f 4195 4183 4182
f 4196 4184 4183
f 4197 4185 4184
f 4198 4186 4185
f 4199 4200 4186
f 4198 4199 4186
f 4199 4207 4200
f 4195 4196 4183
f 4196 4197 4184
f 4197 4198 4185
f 4200 4168 4167
f 4201 4169 4168
f 4202 4170 4169
f 4203 4171 4170
f 4202 4203 4170
f 4200 4201 4168
f 4201 4202 4169
f 4204 4172 4171
f 4203 4204 4171
f 4204 4205 4172
f 4205 4173 4172
f 4206 4220 4173
f 4205 4206 4173
f 4207 4201 4200
f 4208 4202 4201
f 4207 4208 4201
f 4210 4203 4202
f 4209 4204 4203
f 4208 4210 4202
f 4210 4209 4203
f 4211 4205 4204
f 4209 4211 4204
f 4211 4212 4205
f 4212 4206 4205
f 4213 4234 4206
f 4212 4213 4206
f 4214 4121 4120
f 4215 4122 4121
f 4216 4123 4122
f 4215 4216 4122
f 4216 4217 4123
f 4166 4214 4120
f 4214 4215 4121
f 4217 4124 4123
f 4217 4218 4124
f 4218 4125 4124
f 4219 4130 4125
f 4218 4219 4125
f 4220 4215 4214
f 4221 4216 4215
f 4173 4220 4214
f 4220 4221 4215
f 4222 4217 4216
f 4221 4222 4216
f 4222 4223 4217
f 4223 4218 4217
f 4223 4224 4218
f 4224 4219 4218
f 4225 4226 4219
f 4224 4225 4219
f 4226 4131 4130
f 4219 4226 4130
f 4226 4227 4131
f 4227 4132 4131
f 4227 4228 4132
f 4228 4133 4132
f 4228 4229 4133
f 4229 4263 4133
f 4229 4289 4263
f 4230 4227 4226
f 4225 4230 4226
f 4230 4231 4227
f 4231 4228 4227
f 4231 4232 4228
f 4232 4229 4228
f 4232 4412 4229
f 4412 4289 4229
f 4234 4221 4220
f 4233 4222 4221
f 4206 4234 4220
f 4234 4233 4221
f 4235 4223 4222
f 4233 4235 4222
f 4235 4236 4223
f 4236 4224 4223
f 4236 4237 4224
f 4237 4225 4224
f 4413 4230 4225
f 4237 4413 4225
f 4414 4233 4234
f 4415 4235 4233
f 4213 4414 4234
f 4414 4415 4233
f 4416 4236 4235
f 4415 4416 4235
f 4417 4237 4236
f 4420 4231 4230
f 4413 4420 4230
f 4238 2877 2876
f 4239 2878 2877
f 4238 4239 2877
f 4239 4240 2878
f 4240 2879 2878
f 4240 4241 2879
f 4241 2880 2879
f 4242 2882 2880
f 4241 4242 2880
f 4242 4248 2882
f 4243 4239 4238
f 4244 4240 4239
f 4243 4244 4239
f 4244 4245 4240
f 4245 4241 4240
f 4245 4246 4241
f 4246 4242 4241
f 4246 4247 4242
f 4247 4248 4242
f 4247 4252 4248
f 4248 2883 2882
f 4249 2884 2883
f 4248 4249 2883
f 4249 4250 2884
f 4250 2885 2884
f 4251 2909 2885
f 4250 4251 2885
f 4252 4249 4248
f 4252 4253 4249
f 4253 4250 4249
f 4253 4254 4250
f 4254 4251 4250
f 4254 4255 4251
f 4255 4272 4251
f 4256 4244 4243
f 4257 4245 4244
f 4256 4257 4244
f 4257 4258 4245
f 4258 4246 4245
f 4258 4259 4246
f 4259 4247 4246
f 4259 4260 4247
f 4260 4252 4247
f 4260 4266 4252
f 4263 4257 4256
f 4261 4258 4257
f 4263 4261 4257
f 4261 4262 4258
f 4262 4259 4258
f 4262 4264 4259
f 4264 4260 4259
f 4264 4265 4260
f 4265 4266 4260
f 4265 4270 4266
f 4266 4253 4252
f 4266 4267 4253
f 4267 4254 4253
f 4267 4268 4254
f 4268 4255 4254
f 4268 4269 4255
f 4269 4276 4255
f 4270 4267 4266
f 4270 4271 4267
f 4271 4268 4267
f 4271 4548 4268
f 4548 4269 4268
f 4548 4549 4269
f 4549 4286 4269
f 4272 2910 2909
f 4273 2913 2910
f 4251 4272 2909
f 4272 4273 2910
f 4274 2914 2913
f 4273 4274 2913
f 4274 4275 2914
f 4276 4273 4272
f 4255 4276 4272
f 4277 4274 4273
f 4276 4277 4273
f 4277 4278 4274
f 4278 4275 4274
f 4278 4279 4275
f 4275 2916 2914
f 4280 2919 2916
f 4275 4280 2916
f 4280 4281 2919
f 4281 2920 2919
f 4281 4282 2920
f 4279 4280 4275
f 4283 4281 4280
f 4279 4283 4280
f 4283 4284 4281
f 4284 4282 4281
f 4284 4285 4282
f 4286 4277 4276
f 4269 4286 4276
f 4287 4278 4277
f 4286 4287 4277
f 4287 4288 4278
f 4288 4279 4278
f 4288 4550 4279
f 4551 4287 4286
f 4550 4283 4279
f 4550 4555 4283
f 4555 4284 4283
f 4556 4285 4284
f 4289 4261 4263
f 4290 4262 4261
f 4289 4290 4261
f 4290 4291 4262
f 4291 4264 4262
f 4291 4626 4264
f 4626 4265 4264
f 4626 4627 4265
f 4627 4270 4265
f 4628 4290 4289
f 1100 4428 4441
f 1113 4441 4468
f 1498 4468 4481
f 1498 4481 4911
f 1511 4911 4924
f 3016 3017 4297
f 3012 4293 4292
f 3013 4294 4293
f 3014 4295 4294
f 3015 4296 4295
f 3016 4297 4296
f 3017 3018 4298
f 3018 3019 4299
f 3019 3056 4300
f 3017 4298 4297
f 3018 4299 4298
f 3019 4300 4299
f 4292 4293 4306
f 4293 4294 4307
f 4294 4295 4308
f 4295 4296 4309
f 4296 4297 4310
f 4297 4298 4311
f 3056 3057 4301
f 3057 3058 4302
f 3056 4301 4300
f 3058 3059 4303
f 3059 3060 4304
f 3060 3061 4318
f 3057 4302 4301
f 3058 4303 4302
f 3059 4304 4303
f 3060 4318 4304
f 4298 4299 4312
f 4299 4300 4313
f 4300 4301 4314
f 4301 4302 4315
f 4302 4303 4316
f 4292 4306 4305
f 4293 4307 4306
f 4294 4308 4307
f 4295 4309 4308
f 4296 4310 4309
f 4297 4311 4310
f 4298 4312 4311
f 4299 4313 4312
f 4305 4306 4333
f 4306 4307 4334
f 4307 4308 4335
f 4308 4309 4336
f 4309 4310 4337
f 4310 4311 4338
f 4311 4312 4339
f 4312 4313 4340
f 4300 4314 4313
f 4301 4315 4314
f 4302 4316 4315
f 4303 4304 4317
f 4304 4318 4325
f 4303 4317 4316
f 4304 4325 4317
f 4313 4314 4341
f 3061 3062 4319
f 3062 3063 4320
f 3063 3064 4321
f 3061 4319 4318
f 3062 4320 4319
f 3063 4321 4320
f 3064 4322 4321
f 3064 3065 4322
f 3065 3066 4323
f 3065 4323 4322
f 3066 3067 4324
f 3066 4324 4323
f 3067 4372 4324
f 4318 4319 4326
f 4318 4326 4325
f 4319 4327 4326
f 4319 4320 4327
f 4320 4321 4328
f 4320 4328 4327
f 4321 4329 4328
f 4321 4322 4329
f 4322 4323 4330
f 4322 4330 4329
f 4323 4324 4331
f 4323 4331 4330
f 4324 4378 4331
f 4305 4333 4332
f 4306 4334 4333
f 4307 4335 4334
f 4308 4336 4335
f 4309 4337 4336
f 4310 4338 4337
f 4311 4339 4338
f 4312 4340 4339
f 4332 4333 4346
f 4314 4315 4342
f 4313 4341 4340
f 4314 4342 4341
f 4315 4343 4342
f 4315 4316 4343
f 4316 4317 4344
f 4317 4325 4358
f 4316 4344 4343
f 4317 4358 4344
f 4325 4326 4359
f 4325 4359 4358
f 4326 4360 4359
f 4326 4327 4360
f 4327 4328 4361
f 4327 4361 4360
f 4328 4362 4361
f 4328 4329 4362
f 4329 4330 4363
f 4329 4363 4362
f 4330 4331 4364
f 4333 4334 4347
f 4334 4335 4348
f 4335 4336 4349
f 4336 4337 4350
f 4337 4338 4351
f 4338 4339 4352
f 4339 4340 4353
f 4340 4341 4354
f 4341 4342 4355
f 4342 4343 4356
f 4343 4344 4357
f 4344 4358 4365
f 4332 4346 4345
f 4333 4347 4346
f 4334 4348 4347
f 4335 4349 4348
f 4336 4350 4349
f 4337 4351 4350
f 4338 4352 4351
f 4339 4353 4352
f 4345 4346 4429
f 4346 4347 4430
f 4347 4348 4431
f 4348 4349 4432
f 4349 4350 4433
f 4350 4351 4434
f 4351 4352 4435
f 4352 4353 4436
f 4340 4354 4353
f 4341 4355 4354
f 4342 4356 4355
f 4343 4357 4356
f 4344 4365 4357
f 4353 4354 4437
f 4354 4355 4438
f 4355 4356 4439
f 4356 4357 4440
f 4357 4365 4454
f 4358 4359 4366
f 4359 4360 4367
f 4360 4361 4368
f 4330 4364 4363
f 4331 4392 4364
f 4361 4362 4369
f 4362 4363 4370
f 4363 4364 4371
f 4358 4366 4365
f 4359 4367 4366
f 4360 4368 4367
f 4361 4369 4368
f 4365 4366 4455
f 4366 4367 4456
f 4367 4368 4457
f 4362 4370 4369
f 4363 4371 4370
f 4364 4398 4371
f 4368 4369 4458
f 4369 4370 4459
f 4370 4371 4460
f 3067 3068 4372
f 3068 3069 4373
f 3068 4373 4372
f 3069 4374 4373
f 3069 3070 4374
f 3070 3071 4375
f 3070 4375 4374
f 3071 3072 4376
f 3072 3073 4377
f 3071 4376 4375
f 3072 4377 4376
f 3073 4384 4377
f 4324 4372 4378
f 4372 4373 4379
f 4373 4374 4380
f 4374 4375 4381
f 4372 4379 4378
f 4373 4380 4379
f 4374 4381 4380
f 4375 4376 4382
f 4375 4382 4381
f 4376 4377 4383
f 4376 4383 4382
f 4377 4388 4383
f 3073 3078 4384
f 3078 3079 4385
f 3078 4385 4384
f 3079 3080 4386
f 3079 4386 4385
f 3080 3081 4387
f 3080 4387 4386
f 3081 3158 4561
f 3081 4561 4387
f 4377 4384 4388
f 4384 4385 4389
f 4384 4389 4388
f 4385 4386 4390
f 4385 4390 4389
f 4386 4387 4391
f 4386 4391 4390
f 4387 4561 4569
f 4387 4569 4391
f 4331 4378 4392
f 4378 4379 4393
f 4379 4380 4394
f 4380 4381 4395
f 4378 4393 4392
f 4379 4394 4393
f 4380 4395 4394
f 4364 4392 4398
f 4392 4393 4399
f 4393 4394 4400
f 4394 4395 4401
f 4381 4382 4396
f 4381 4396 4395
f 4382 4383 4397
f 4382 4397 4396
f 4383 4404 4397
f 4395 4396 4402
f 4396 4397 4403
f 4392 4399 4398
f 4393 4400 4399
f 4394 4401 4400
f 4371 4398 4508
f 4398 4399 4509
f 4399 4400 4510
f 4400 4401 4511
f 4395 4402 4401
f 4396 4403 4402
f 4397 4408 4403
f 4401 4402 4512
f 4402 4403 4513
f 4383 4388 4404
f 4388 4389 4405
f 4388 4405 4404
f 4389 4390 4406
f 4389 4406 4405
f 4397 4404 4408
f 4404 4405 4409
f 4405 4406 4410
f 4390 4391 4407
f 4390 4407 4406
f 4391 4569 4579
f 4391 4579 4407
f 4406 4407 4411
f 4407 4579 4584
f 4404 4409 4408
f 4405 4410 4409
f 4403 4408 4520
f 4408 4409 4521
f 4406 4411 4410
f 4407 4584 4411
f 4409 4410 4522
f 4410 4411 4523
f 4411 4584 4692
f 2387 4924 4969
f 2387 4969 4971
f 2419 4971 4984
f 4816 4414 4213
f 2432 4984 5563
f 2607 5563 5568
f 4412 4628 4289
f 4422 4412 4232
f 4423 4628 4412
f 4419 4420 4413
f 4416 4417 4236
f 4861 4415 4414
f 4862 4416 4415
f 4863 4417 4416
f 4417 4418 4237
f 4418 4413 4237
f 4418 4419 4413
f 4864 4418 4417
f 4865 4419 4418
f 4866 4424 4419
f 4420 4421 4231
f 4421 4232 4231
f 4421 4422 4232
f 4424 4421 4420
f 4425 4422 4421
f 4422 4423 4412
f 4423 4641 4628
f 4427 4423 4422
f 4426 4641 4423
f 4419 4424 4420
f 4424 4425 4421
f 4425 4427 4422
f 4873 4425 4424
f 4874 4427 4425
f 4427 4426 4423
f 4426 4646 4641
f 4875 4426 4427
f 4876 4646 4426
f 4345 4429 4428
f 4346 4430 4429
f 4347 4431 4430
f 4348 4432 4431
f 4349 4433 4432
f 4350 4434 4433
f 4351 4435 4434
f 4352 4436 4435
f 4428 4429 4442
f 4429 4430 4443
f 4430 4431 4444
f 4431 4432 4445
f 4432 4433 4446
f 4433 4434 4447
f 4434 4435 4448
f 4435 4436 4449
f 4353 4437 4436
f 4354 4438 4437
f 4355 4439 4438
f 4356 4440 4439
f 4357 4454 4440
f 4436 4437 4450
f 4437 4438 4451
f 4438 4439 4452
f 4439 4440 4453
f 4440 4454 4461
f 4428 4442 4441
f 4429 4443 4442
f 4430 4444 4443
f 4431 4445 4444
f 4432 4446 4445
f 4433 4447 4446
f 4434 4448 4447
f 4435 4449 4448
f 4436 4450 4449
f 4441 4442 4469
f 4442 4443 4470
f 4443 4444 4471
f 4444 4445 4472
f 4445 4446 4473
f 4446 4447 4474
f 4447 4448 4475
f 4448 4449 4476
f 4437 4451 4450
f 4438 4452 4451
f 4439 4453 4452
f 4440 4461 4453
f 4449 4450 4477
f 4450 4451 4478
f 4451 4452 4479
f 4452 4453 4480
f 4453 4461 4494
f 4365 4455 4454
f 4366 4456 4455
f 4367 4457 4456
f 4368 4458 4457
f 4454 4455 4462
f 4455 4456 4463
f 4369 4459 4458
f 4370 4460 4459
f 4371 4508 4460
f 4456 4457 4464
f 4457 4458 4465
f 4458 4459 4466
f 4459 4460 4467
f 4454 4462 4461
f 4455 4463 4462
f 4456 4464 4463
f 4457 4465 4464
f 4461 4462 4495
f 4462 4463 4496
f 4463 4464 4497
f 4458 4466 4465
f 4459 4467 4466
f 4460 4514 4467
f 4464 4465 4498
f 4465 4466 4499
f 4466 4467 4500
f 4441 4469 4468
f 4442 4470 4469
f 4443 4471 4470
f 4444 4472 4471
f 4445 4473 4472
f 4446 4474 4473
f 4447 4475 4474
f 4448 4476 4475
f 4468 4469 4482
f 4469 4470 4483
f 4471 4472 4485
f 4470 4471 4484
f 4472 4473 4486
f 4473 4474 4487
f 4474 4475 4488
f 4475 4476 4489
f 4449 4477 4476
f 4450 4478 4477
f 4451 4479 4478
f 4452 4480 4479
f 4453 4494 4480
f 4476 4477 4490
f 4477 4478 4491
f 4478 4479 4492
f 4479 4480 4493
f 4480 4494 4501
f 4468 4482 4481
f 4469 4483 4482
f 4470 4484 4483
f 4471 4485 4484
f 4472 4486 4485
f 4473 4487 4486
f 4474 4488 4487
f 4475 4489 4488
f 4481 4482 4912
f 4482 4483 4913
f 4483 4484 4914
f 4484 4485 4915
f 4485 4486 4916
f 4486 4487 4917
f 4487 4488 4918
f 4488 4489 4919
f 4476 4490 4489
f 4477 4491 4490
f 4478 4492 4491
f 4479 4493 4492
f 4480 4501 4493
f 4489 4490 4920
f 4490 4491 4921
f 4490 4921 4920
f 4491 4922 4921
f 4491 4492 4922
f 4492 4493 4923
f 4493 4501 4948
f 4492 4923 4922
f 4493 4948 4923
f 4461 4495 4494
f 4462 4496 4495
f 4463 4497 4496
f 4464 4498 4497
f 4494 4495 4502
f 4495 4496 4503
f 4496 4497 4504
f 4465 4499 4498
f 4466 4500 4499
f 4467 4528 4500
f 4497 4498 4505
f 4498 4499 4506
f 4499 4500 4507
f 4494 4502 4501
f 4495 4503 4502
f 4496 4504 4503
f 4497 4505 4504
f 4501 4502 4949
f 4501 4949 4948
f 4502 4950 4949
f 4502 4503 4950
f 4503 4504 4951
f 4503 4951 4950
f 4504 4952 4951
f 4498 4506 4505
f 4499 4507 4506
f 4500 4534 4507
f 4504 4505 4952
f 4505 4506 4953
f 4505 4953 4952
f 4506 4507 4954
f 4506 4954 4953
f 4507 5011 4954
f 4398 4509 4508
f 4399 4510 4509
f 4400 4511 4510
f 4401 4512 4511
f 4460 4508 4514
f 4508 4509 4515
f 4509 4510 4516
f 4510 4511 4517
f 4402 4513 4512
f 4403 4520 4513
f 4511 4512 4519
f 4512 4513 4518
f 4508 4515 4514
f 4509 4516 4515
f 4510 4517 4516
f 4467 4514 4528
f 4514 4515 4529
f 4515 4516 4530
f 4516 4517 4531
f 4511 4519 4517
f 4512 4518 4519
f 4513 4524 4518
f 4517 4519 4532
f 4519 4518 4533
f 4408 4521 4520
f 4409 4522 4521
f 4513 4520 4524
f 4520 4521 4525
f 4521 4522 4526
f 4410 4523 4522
f 4411 4692 4523
f 4522 4523 4527
f 4523 4692 4697
f 4520 4525 4524
f 4521 4526 4525
f 4518 4524 4540
f 4524 4525 4541
f 4525 4526 4542
f 4522 4527 4526
f 4523 4697 4527
f 4526 4527 4543
f 4527 4697 4710
f 4514 4529 4528
f 4515 4530 4529
f 4516 4531 4530
f 4500 4528 4534
f 4528 4529 4535
f 4529 4530 4536
f 4530 4531 4537
f 4517 4532 4531
f 4519 4533 4532
f 4518 4540 4533
f 4531 4532 4538
f 4532 4533 4539
f 4533 4544 4539
f 4528 4535 4534
f 4529 4536 4535
f 4530 4537 4536
f 4507 4534 5011
f 4534 4535 5012
f 4534 5012 5011
f 4535 5013 5012
f 4535 4536 5013
f 4536 4537 5014
f 4536 5014 5013
f 4531 4538 4537
f 4532 4539 4538
f 4537 4538 5015
f 4537 5015 5014
f 4538 4539 5016
f 4538 5016 5015
f 4539 5029 5016
f 4524 4541 4540
f 4525 4542 4541
f 4533 4540 4544
f 4540 4541 4545
f 4540 4545 4544
f 4541 4542 4546
f 4541 4546 4545
f 4526 4543 4542
f 4527 4710 4543
f 4542 4543 4547
f 4542 4547 4546
f 4543 4710 4715
f 4543 4715 4547
f 4539 4544 5029
f 4544 4545 5030
f 4544 5030 5029
f 4545 4546 5033
f 4545 5033 5030
f 4546 4547 5034
f 4546 5034 5033
f 4547 4715 5759
f 4547 5759 5034
f 4635 4549 4548
f 4636 4551 4549
f 4549 4551 4286
f 4552 4288 4287
f 4551 4552 4287
f 4659 4552 4551
f 4660 4553 4552
f 4552 4553 4288
f 4553 4550 4288
f 4553 4554 4550
f 4661 4554 4553
f 4555 4556 4284
f 4556 4557 4285
f 4559 4557 4556
f 4554 4555 4550
f 4554 4558 4555
f 4558 4556 4555
f 4558 4559 4556
f 4662 4558 4554
f 4667 4559 4558
f 4559 4560 4557
f 4668 4560 4559
f 3158 3159 4562
f 3159 3160 4563
f 3158 4562 4561
f 3159 4563 4562
f 3160 3161 4564
f 3160 4564 4563
f 3161 3162 4565
f 3162 3168 4566
f 3161 4565 4564
f 3162 4566 4565
f 4561 4562 4570
f 4562 4563 4571
f 4561 4570 4569
f 4563 4564 4572
f 4564 4565 4573
f 4565 4566 4575
f 3168 3169 4567
f 3168 4567 4566
f 3169 3170 4568
f 3169 4568 4567
f 3170 3171 4574
f 3170 4574 4568
f 3171 4598 4574
f 4562 4571 4570
f 4563 4572 4571
f 4564 4573 4572
f 4565 4575 4573
f 4566 4567 4576
f 4566 4576 4575
f 4567 4568 4577
f 4567 4577 4576
f 4568 4574 4578
f 4568 4578 4577
f 4574 4602 4578
f 4569 4570 4580
f 4570 4571 4581
f 4569 4580 4579
f 4571 4572 4582
f 4570 4581 4580
f 4571 4582 4581
f 4579 4580 4585
f 4580 4581 4586
f 4581 4582 4587
f 4572 4573 4583
f 4572 4583 4582
f 4573 4575 4589
f 4573 4589 4583
f 4582 4583 4588
f 4583 4589 4593
f 4579 4585 4584
f 4580 4586 4585
f 4581 4587 4586
f 4584 4585 4693
f 4585 4586 4694
f 4586 4587 4695
f 4582 4588 4587
f 4583 4593 4588
f 4587 4588 4696
f 4588 4593 4702
f 4575 4576 4590
f 4575 4590 4589
f 4576 4577 4591
f 4576 4591 4590
f 4589 4590 4594
f 4577 4578 4592
f 4577 4592 4591
f 4578 4612 4592
f 4590 4591 4595
f 4591 4592 4596
f 4589 4594 4593
f 4590 4595 4594
f 4593 4594 4703
f 4594 4595 4704
f 4591 4596 4595
f 4592 4616 4596
f 4595 4596 4705
f 3171 3179 4598
f 3179 3180 4599
f 3179 4599 4598
f 3180 4600 4599
f 3180 3182 4600
f 3182 3183 4601
f 3183 3188 4606
f 3188 3191 4607
f 3191 4597 4608
f 3182 4601 4600
f 4574 4598 4602
f 4598 4603 4602
f 4598 4599 4603
f 4599 4604 4603
f 4599 4600 4604
f 4600 4601 4605
f 4600 4605 4604
f 3183 4606 4601
f 3188 4607 4606
f 3191 4608 4607
f 4601 4606 4609
f 4606 4607 4610
f 4601 4609 4605
f 4606 4610 4609
f 4607 4611 4610
f 4607 4608 4611
f 4578 4602 4612
f 4602 4613 4612
f 4602 4603 4613
f 4603 4614 4613
f 4603 4604 4614
f 4604 4605 4615
f 4592 4612 4616
f 4612 4613 4617
f 4604 4615 4614
f 4613 4614 4618
f 4614 4615 4619
f 4612 4617 4616
f 4613 4618 4617
f 4596 4616 4733
f 4616 4617 4734
f 4614 4619 4618
f 4617 4618 4735
f 4618 4619 4736
f 4605 4609 4620
f 4609 4610 4621
f 4605 4620 4615
f 4609 4621 4620
f 4615 4620 4623
f 4620 4621 4624
f 4610 4622 4621
f 4610 4611 4622
f 4621 4622 4625
f 4615 4623 4619
f 4620 4624 4623
f 4619 4623 4741
f 4623 4624 4742
f 4621 4625 4624
f 4624 4625 4743
f 4627 4633 4270
f 4631 4627 4626
f 4632 4633 4627
f 4629 4291 4290
f 4628 4629 4290
f 4629 4630 4291
f 4630 4626 4291
f 4630 4631 4626
f 4641 4629 4628
f 4642 4630 4629
f 4643 4631 4630
f 4631 4632 4627
f 4632 4637 4633
f 4644 4632 4631
f 4645 4637 4632
f 4633 4271 4270
f 4633 4634 4271
f 4634 4548 4271
f 4634 4635 4548
f 4637 4634 4633
f 4638 4635 4634
f 4635 4636 4549
f 4639 4636 4635
f 4640 4659 4636
f 4637 4638 4634
f 4638 4639 4635
f 4651 4638 4637
f 4652 4639 4638
f 4639 4640 4636
f 4653 4640 4639
f 4654 4663 4640
f 4641 4642 4629
f 4642 4643 4630
f 4643 4644 4631
f 4646 4642 4641
f 4647 4643 4642
f 4648 4644 4643
f 4644 4645 4632
f 4645 4651 4637
f 4649 4645 4644
f 4650 4651 4645
f 4646 4647 4642
f 4647 4648 4643
f 4648 4649 4644
f 5669 4648 4647
f 5668 4647 4646
f 5670 4649 4648
f 5670 5671 4649
f 4649 4650 4645
f 4650 4655 4651
f 5671 4650 4649
f 5671 5672 4650
f 5672 4655 4650
f 5672 5683 4655
f 4651 4652 4638
f 4652 4653 4639
f 4655 4652 4651
f 4656 4653 4652
f 4653 4654 4640
f 4657 4654 4653
f 4657 4658 4654
f 4658 4673 4654
f 4655 4656 4652
f 4656 4657 4653
f 5683 4656 4655
f 5683 5684 4656
f 5684 4657 4656
f 5684 5686 4657
f 5686 4658 4657
f 5686 5687 4658
f 5687 4677 4658
f 4636 4659 4551
f 4659 4660 4552
f 4663 4660 4659
f 4664 4661 4660
f 4660 4661 4553
f 4661 4662 4554
f 4665 4662 4661
f 4640 4663 4659
f 4663 4664 4660
f 4673 4664 4663
f 4674 4665 4664
f 4664 4665 4661
f 4665 4666 4662
f 4675 4666 4665
f 4675 4676 4666
f 4662 4667 4558
f 4667 4668 4559
f 4666 4667 4662
f 4670 4668 4667
f 4668 4669 4560
f 4671 4669 4668
f 4666 4670 4667
f 4670 4671 4668
f 4676 4670 4666
f 4676 4683 4670
f 4683 4671 4670
f 4683 4684 4671
f 4671 4672 4669
f 4684 4672 4671
f 4684 4685 4672
f 4654 4673 4663
f 4673 4674 4664
f 4677 4674 4673
f 4658 4677 4673
f 4678 4675 4674
f 4677 4678 4674
f 4674 4675 4665
f 4678 4679 4675
f 4679 4676 4675
f 4679 4680 4676
f 5719 4678 4677
f 5720 4679 4678
f 5687 5719 4677
f 5719 5720 4678
f 4681 4680 4679
f 5720 4681 4679
f 4681 4682 4680
f 4680 4683 4676
f 4680 4686 4683
f 4686 4684 4683
f 4686 4688 4684
f 4688 4685 4684
f 4688 4689 4685
f 4682 4686 4680
f 4687 4688 4686
f 4682 4687 4686
f 4687 4690 4688
f 4690 4689 4688
f 4690 4691 4689
f 4584 4693 4692
f 4585 4694 4693
f 4586 4695 4694
f 4692 4693 4698
f 4693 4694 4699
f 4694 4695 4700
f 4587 4696 4695
f 4588 4702 4696
f 4695 4696 4701
f 4696 4702 4706
f 4692 4698 4697
f 4693 4699 4698
f 4694 4700 4699
f 4697 4698 4711
f 4698 4699 4712
f 4699 4700 4713
f 4695 4701 4700
f 4696 4706 4701
f 4700 4701 4714
f 4701 4706 4721
f 4701 4721 4714
f 4593 4703 4702
f 4594 4704 4703
f 4702 4703 4707
f 4703 4704 4708
f 4595 4705 4704
f 4596 4733 4705
f 4704 4705 4709
f 4702 4707 4706
f 4703 4708 4707
f 4706 4707 4722
f 4706 4722 4721
f 4707 4708 4723
f 4707 4723 4722
f 4704 4709 4708
f 4705 4737 4709
f 4708 4709 4724
f 4708 4724 4723
f 4709 4747 4724
f 4697 4711 4710
f 4698 4712 4711
f 4699 4713 4712
f 4710 4711 4716
f 4711 4712 4717
f 4710 4716 4715
f 4711 4717 4716
f 4712 4713 4718
f 4712 4718 4717
f 4700 4714 4713
f 4713 4714 4719
f 4713 4719 4718
f 4714 4721 4725
f 4714 4725 4719
f 4715 4716 5760
f 4716 4717 5761
f 4717 4718 5762
f 4715 5760 5759
f 4716 5761 5760
f 4717 5762 5761
f 4718 4719 4720
f 4719 4725 4727
f 4718 4720 5762
f 4719 4727 4720
f 4721 4722 4726
f 4721 4726 4725
f 4722 4723 4729
f 4722 4729 4726
f 4723 4724 4730
f 4723 4730 4729
f 4724 4753 4730
f 4725 4726 4728
f 4726 4729 4731
f 4725 4728 4727
f 4726 4731 4728
f 4729 4730 4732
f 4729 4732 4731
f 4730 4755 4732
f 4616 4734 4733
f 4617 4735 4734
f 4705 4733 4737
f 4733 4734 4738
f 4618 4736 4735
f 4734 4735 4739
f 4735 4736 4740
f 4733 4738 4737
f 4734 4739 4738
f 4709 4737 4747
f 4737 4748 4747
f 4737 4738 4748
f 4738 4749 4748
f 4735 4740 4739
f 4738 4739 4749
f 4739 4740 4750
f 4739 4750 4749
f 4619 4741 4736
f 4623 4742 4741
f 4736 4741 4744
f 4736 4744 4740
f 4741 4742 4745
f 4741 4745 4744
f 4624 4743 4742
f 4742 4746 4745
f 4742 4743 4746
f 4740 4744 4759
f 4740 4759 4750
f 4744 4745 4761
f 4744 4761 4759
f 4745 4762 4761
f 4745 4746 4762
f 4724 4747 4753
f 4747 4748 4754
f 4747 4754 4753
f 4748 4751 4754
f 4748 4749 4751
f 4749 4750 4752
f 4749 4752 4751
f 4730 4753 4755
f 4753 4754 4756
f 4753 4756 4755
f 4754 4757 4756
f 4754 4751 4757
f 4751 4752 4758
f 4751 4758 4757
f 4750 4759 4760
f 4759 4761 4763
f 4750 4760 4752
f 4759 4763 4760
f 4761 4762 4764
f 4761 4764 4763
f 4752 4760 4765
f 4752 4765 4758
f 4760 4763 4766
f 4760 4766 4765
f 4758 4765 5817
f 4765 4766 5818
f 4763 4767 4766
f 4763 4764 4767
f 4766 4767 5819
f 4769 4189 4188
f 4768 4188 4187
f 4770 4190 4189
f 4771 4191 4190
f 4772 4192 4191
f 4067 5328 4134
f 4768 4769 4188
f 4769 4770 4189
f 4770 4771 4190
f 4771 4772 4191
f 4772 4774 4192
f 4774 4193 4192
f 4775 4194 4193
f 4776 4195 4194
f 4774 4775 4193
f 4775 4776 4194
f 4776 4773 4195
f 4773 4196 4195
f 4777 4197 4196
f 4778 4198 4197
f 4773 4777 4196
f 4777 4778 4197
f 4779 4199 4198
f 4780 4207 4199
f 4778 4779 4198
f 4779 4780 4199
f 4780 4794 4207
f 4793 4794 4780
f 4781 4769 4768
f 4782 4770 4769
f 4783 4771 4770
f 4784 4772 4771
f 4785 4774 4772
f 4781 4782 4769
f 4782 4783 4770
f 4783 4784 4771
f 4784 4785 4772
f 4785 4786 4774
f 4786 4775 4774
f 4787 4776 4775
f 4789 4773 4776
f 4786 4787 4775
f 4787 4789 4776
f 4789 4788 4773
f 4147 5229 4174
f 4805 4782 4781
f 4806 4783 4782
f 4807 4784 4783
f 4799 4785 4784
f 4800 4786 4785
f 4801 4787 4786
f 4802 4789 4787
f 4803 4788 4789
f 4788 4777 4773
f 4790 4778 4777
f 4791 4779 4778
f 4788 4790 4777
f 4790 4791 4778
f 4792 4780 4779
f 4791 4792 4779
f 4792 4793 4780
f 4793 4798 4794
f 4804 4790 4788
f 4808 4791 4790
f 4823 4792 4791
f 4824 4793 4792
f 4794 4208 4207
f 4795 4210 4208
f 4794 4795 4208
f 4796 4209 4210
f 4797 4211 4209
f 4795 4796 4210
f 4796 4797 4209
f 4798 4795 4794
f 4817 4796 4795
f 4818 4797 4796
f 4814 4212 4211
f 4797 4814 4211
f 4814 4815 4212
f 4815 4213 4212
f 4798 4817 4795
f 4805 4806 4782
f 4806 4807 4783
f 4807 4799 4784
f 4799 4800 4785
f 4800 4801 4786
f 4801 4802 4787
f 4802 4803 4789
f 4803 4804 4788
f 4809 4806 4805
f 4810 4807 4806
f 4811 4799 4807
f 4812 4800 4799
f 4813 4801 4800
f 4827 4802 4801
f 4828 4803 4802
f 4829 4804 4803
f 4804 4808 4790
f 4808 4823 4791
f 4823 4824 4792
f 4809 4810 4806
f 4810 4811 4807
f 4811 4812 4799
f 4812 4813 4800
f 4813 4827 4801
f 4827 4828 4802
f 5068 4810 4809
f 5069 4811 4810
f 4134 5328 4147
f 4825 4798 4793
f 2667 5610 5599
f 4819 4814 4797
f 4815 4816 4213
f 4820 4815 4814
f 4821 4816 4815
f 4822 4861 4816
f 4817 4818 4796
f 4818 4819 4797
f 4840 4817 4798
f 4841 4818 4817
f 4842 4819 4818
f 4843 4820 4819
f 4819 4820 4814
f 4820 4821 4815
f 4821 4822 4816
f 4844 4821 4820
f 4845 4822 4821
f 4846 4867 4822
f 4845 4846 4822
f 2620 5568 5536
f 2644 5536 5610
f 4174 5229 4187
f 4187 5183 4768
f 4828 4829 4803
f 4829 4826 4804
f 4824 4825 4793
f 4825 4840 4798
f 4826 4808 4804
f 4832 4823 4808
f 4833 4824 4823
f 4826 4832 4808
f 4832 4833 4823
f 4834 4825 4824
f 4835 4840 4825
f 4833 4834 4824
f 4834 4835 4825
f 4835 4847 4840
f 4014 5599 5315
f 4768 5181 4781
f 4830 4826 4829
f 5070 4812 4811
f 5071 4813 4812
f 5072 4827 4813
f 5068 5069 4810
f 5069 5070 4811
f 4781 5173 4805
f 5070 5071 4812
f 5071 5072 4813
f 5072 5073 4827
f 5073 4828 4827
f 5074 4829 4828
f 5074 4830 4829
f 4830 4831 4826
f 5073 5074 4828
f 4831 4832 4826
f 4836 4833 4832
f 4837 4834 4833
f 4838 4835 4834
f 4839 4847 4835
f 4831 4836 4832
f 4836 4837 4833
f 4837 4838 4834
f 4838 4839 4835
f 4839 4851 4847
f 4055 5315 5341
f 4067 5341 5328
f 4840 4841 4817
f 4841 4842 4818
f 4842 4843 4819
f 4847 4841 4840
f 4848 4842 4841
f 4847 4848 4841
f 4849 4843 4842
f 4850 4844 4843
f 4848 4849 4842
f 4849 4850 4843
f 4843 4844 4820
f 4844 4845 4821
f 4855 4845 4844
f 4850 4855 4844
f 4855 4856 4845
f 4856 4846 4845
f 4857 4882 4846
f 4856 4857 4846
f 4851 4848 4847
f 4852 4849 4848
f 4853 4850 4849
f 4854 4855 4850
f 4851 4852 4848
f 4852 4853 4849
f 4853 4854 4850
f 4858 4856 4855
f 4859 4857 4856
f 4860 4892 4857
f 4854 4858 4855
f 4858 4859 4856
f 4859 4860 4857
f 5120 4894 4860
f 4816 4861 4414
f 4861 4862 4415
f 4863 4864 4417
f 4862 4863 4416
f 4867 4862 4861
f 4868 4863 4862
f 4869 4864 4863
f 4864 4865 4418
f 4865 4866 4419
f 4870 4865 4864
f 4872 4873 4866
f 4871 4866 4865
f 4822 4867 4861
f 4867 4868 4862
f 4868 4869 4863
f 4869 4870 4864
f 4882 4868 4867
f 4883 4869 4868
f 4846 4882 4867
f 4882 4883 4868
f 4884 4870 4869
f 4883 4884 4869
f 4884 4885 4870
f 4870 4871 4865
f 4871 4872 4866
f 4885 4871 4870
f 4885 4888 4871
f 4888 4872 4871
f 4889 4877 4872
f 4888 4889 4872
f 4866 4873 4424
f 4873 4874 4425
f 4874 4875 4427
f 4877 4874 4873
f 4877 4878 4874
f 4878 4875 4874
f 4878 4879 4875
f 4875 4876 4426
f 4876 5668 4646
f 4879 4876 4875
f 4879 4880 4876
f 4880 5668 4876
f 4880 5673 5668
f 4872 4877 4873
f 4900 4878 4877
f 4889 4900 4877
f 4900 4901 4878
f 4901 4879 4878
f 4901 4904 4879
f 4904 4880 4879
f 4881 5673 4880
f 4904 4881 4880
f 4881 5677 5673
f 4892 4883 4882
f 4893 4884 4883
f 4886 4885 4884
f 4892 4893 4883
f 4857 4892 4882
f 4893 4886 4884
f 4886 4887 4885
f 4887 4888 4885
f 4890 4889 4888
f 4891 4900 4889
f 4887 4890 4888
f 4890 4891 4889
f 4894 4893 4892
f 4895 4886 4893
f 4860 4894 4892
f 4894 4895 4893
f 4896 4887 4886
f 4895 4896 4886
f 4896 4897 4887
f 5375 4895 4894
f 5376 4896 4895
f 5377 4897 4896
f 4897 4890 4887
f 4897 4898 4890
f 4898 4891 4890
f 4899 4902 4891
f 4898 4899 4891
f 5378 4898 4897
f 5381 4899 4898
f 5382 4907 4899
f 4902 4901 4900
f 4903 4904 4901
f 4891 4902 4900
f 4902 4903 4901
f 4903 4905 4904
f 4905 4881 4904
f 4906 5677 4881
f 4906 5695 5677
f 4905 4906 4881
f 4910 5695 4906
f 4899 4907 4902
f 4907 4903 4902
f 4907 4908 4903
f 4908 4905 4903
f 4908 4909 4905
f 5395 4908 4907
f 5395 5396 4908
f 5396 4909 4908
f 5396 5399 4909
f 4909 4906 4905
f 4909 4910 4906
f 4910 5700 5695
f 5399 4910 4909
f 5399 5400 4910
f 5400 5700 4910
f 5400 5850 5700
f 4481 4912 4911
f 4482 4913 4912
f 4483 4914 4913
f 4484 4915 4914
f 4485 4916 4915
f 4486 4917 4916
f 4487 4918 4917
f 4488 4919 4918
f 4911 4912 4925
f 4912 4913 4926
f 4913 4914 4927
f 4914 4915 4928
f 4915 4916 4929
f 4911 4925 4924
f 4912 4926 4925
f 4913 4927 4926
f 4914 4928 4927
f 4915 4929 4928
f 4916 4917 4930
f 4917 4918 4931
f 4918 4919 4932
f 4916 4930 4929
f 4917 4931 4930
f 4918 4932 4931
f 4489 4920 4919
f 4919 4920 4940
f 4920 4921 4941
f 4919 4940 4932
f 4920 4941 4940
f 4921 4942 4941
f 4921 4922 4942
f 4922 4923 4943
f 4923 4948 4955
f 4922 4943 4942
f 4923 4955 4943
f 4924 4925 4970
f 4925 4926 4933
f 4926 4927 4934
f 4927 4928 4935
f 4928 4929 4936
f 4929 4930 4937
f 4930 4931 4938
f 4931 4932 4939
f 4924 4970 4969
f 4925 4933 4970
f 4926 4934 4933
f 4927 4935 4934
f 4928 4936 4935
f 4929 4937 4936
f 4930 4938 4937
f 4931 4939 4938
f 4932 4940 4944
f 4940 4941 4945
f 4941 4942 4946
f 4942 4943 4947
f 4943 4955 4959
f 4932 4944 4939
f 4940 4945 4944
f 4941 4946 4945
f 4942 4947 4946
f 4943 4959 4947
f 4948 4956 4955
f 4949 4957 4956
f 4950 4958 4957
f 4951 4963 4958
f 4948 4949 4956
f 4949 4950 4957
f 4950 4951 4958
f 4951 4952 4963
f 4952 4953 4964
f 4952 4964 4963
f 4953 4954 4965
f 4953 4965 4964
f 4954 5018 4965
f 4955 4956 4960
f 4956 4957 4961
f 4957 4958 4962
f 4955 4960 4959
f 4956 4961 4960
f 4957 4962 4961
f 4958 4966 4962
f 4958 4963 4966
f 4963 4964 4967
f 4964 4965 4968
f 4963 4967 4966
f 4964 4968 4967
f 4965 5022 4968
f 4969 4970 4972
f 4970 4933 4973
f 4933 4934 4974
f 4934 4935 4975
f 4935 4936 4976
f 4936 4937 4977
f 4937 4938 4978
f 4938 4939 4979
f 4969 4972 4971
f 4970 4973 4972
f 4933 4974 4973
f 4934 4975 4974
f 4935 4976 4975
f 4936 4977 4976
f 4937 4978 4977
f 4938 4979 4978
f 4939 4944 4981
f 4944 4945 4980
f 4939 4981 4979
f 4944 4980 4981
f 4945 4982 4980
f 4945 4946 4982
f 4946 4947 4983
f 4947 4959 4997
f 4946 4983 4982
f 4947 4997 4983
f 4981 4980 4994
f 4980 4982 4995
f 4982 4983 4996
f 4983 4997 5004
f 4971 4985 4984
f 4972 4986 4985
f 4973 4987 4986
f 4974 4988 4987
f 4975 4989 4988
f 4976 4990 4989
f 4977 4991 4990
f 4978 4992 4991
f 4986 5566 5565
f 4987 5567 5566
f 4988 5559 5567
f 4984 4985 5564
f 4985 4986 5565
f 4986 4987 5566
f 4987 4988 5567
f 4988 4989 5559
f 4989 4990 5560
f 4990 4991 5561
f 4991 4992 5562
f 4989 5560 5559
f 4990 5561 5560
f 4991 5562 5561
f 4981 4994 4993
f 4980 4995 4994
f 4979 4993 4992
f 4982 4996 4995
f 4983 5004 4996
f 4992 4993 5577
f 4993 4994 5578
f 4992 5577 5562
f 4993 5578 5577
f 4994 5579 5578
f 4994 4995 5579
f 4995 4996 5580
f 4996 5004 5585
f 4995 5580 5579
f 4996 5585 5580
f 4971 4972 4985
f 4972 4973 4986
f 4973 4974 4987
f 4974 4975 4988
f 4975 4976 4989
f 4976 4977 4990
f 4977 4978 4991
f 4978 4979 4992
f 4979 4981 4993
f 4959 4960 4998
f 4959 4998 4997
f 4960 4999 4998
f 4960 4961 4999
f 4961 4962 5000
f 4961 5000 4999
f 4962 5001 5000
f 4997 4998 5005
f 4998 4999 5006
f 4999 5000 5007
f 4962 4966 5001
f 4966 4967 5002
f 4966 5002 5001
f 4967 4968 5003
f 4967 5003 5002
f 4968 5041 5003
f 5000 5001 5008
f 5001 5002 5009
f 5002 5003 5010
f 4997 5005 5004
f 4998 5006 5005
f 4999 5007 5006
f 5000 5008 5007
f 5004 5005 5586
f 5004 5586 5585
f 5005 5587 5586
f 5005 5006 5587
f 5006 5007 5588
f 5006 5588 5587
f 5007 5593 5588
f 5001 5009 5008
f 5002 5010 5009
f 5003 5047 5010
f 5007 5008 5593
f 5008 5009 5594
f 5008 5594 5593
f 5009 5010 5595
f 5009 5595 5594
f 5010 5657 5595
f 4954 5011 5018
f 5011 5012 5019
f 5012 5013 5020
f 5013 5014 5021
f 5011 5019 5018
f 5012 5020 5019
f 5013 5021 5020
f 5014 5015 5026
f 5015 5016 5017
f 5014 5026 5021
f 5015 5017 5026
f 5016 5031 5017
f 4965 5018 5022
f 5018 5019 5023
f 5019 5020 5024
f 5020 5021 5025
f 5018 5023 5022
f 5019 5024 5023
f 5020 5025 5024
f 5021 5026 5027
f 5026 5017 5028
f 5021 5027 5025
f 5026 5028 5027
f 5017 5037 5028
f 5016 5029 5031
f 5029 5030 5032
f 5030 5033 5035
f 5029 5032 5031
f 5030 5035 5032
f 5033 5034 5036
f 5034 5759 5763
f 5033 5036 5035
f 5034 5763 5036
f 5017 5031 5037
f 5031 5032 5038
f 5031 5038 5037
f 5032 5035 5039
f 5032 5039 5038
f 5037 5038 5056
f 5038 5039 5058
f 5035 5036 5040
f 5035 5040 5039
f 5036 5763 5768
f 5036 5768 5040
f 5039 5040 5059
f 5040 5768 5782
f 4968 5022 5041
f 5022 5023 5042
f 5022 5042 5041
f 5023 5043 5042
f 5023 5024 5043
f 5024 5025 5044
f 5024 5044 5043
f 5003 5041 5047
f 5041 5042 5048
f 5042 5043 5049
f 5043 5044 5050
f 5025 5027 5045
f 5025 5045 5044
f 5027 5028 5046
f 5027 5046 5045
f 5028 5057 5046
f 5044 5045 5052
f 5045 5046 5053
f 5041 5048 5047
f 5042 5049 5048
f 5043 5050 5049
f 5010 5047 5657
f 5047 5048 5658
f 5047 5658 5657
f 5048 5659 5658
f 5048 5049 5659
f 5049 5050 5051
f 5049 5051 5659
f 5044 5052 5050
f 5045 5053 5052
f 5046 5060 5053
f 5052 5053 5055
f 5050 5052 5054
f 5050 5054 5051
f 5052 5055 5054
f 5053 5062 5055
f 5057 5061 5060
f 5056 5064 5061
f 5058 5065 5064
f 5059 5787 5065
f 5028 5037 5057
f 5037 5056 5057
f 5038 5058 5056
f 5057 5056 5061
f 5046 5057 5060
f 5056 5058 5064
f 5039 5059 5058
f 5040 5782 5059
f 5058 5059 5065
f 5059 5782 5787
f 5053 5060 5062
f 5060 5061 5063
f 5061 5064 5066
f 5060 5063 5062
f 5061 5066 5063
f 5064 5065 5067
f 5065 5787 5793
f 5067 5793 6074
f 5064 5067 5066
f 5065 5793 5067
f 5079 5073 5072
f 5075 5069 5068
f 5076 5070 5069
f 4805 5165 4809
f 5077 5071 5070
f 5076 5077 5070
f 5078 5072 5071
f 5077 5078 5071
f 5078 5079 5072
f 5079 5080 5073
f 5080 5074 5073
f 5081 4830 5074
f 5082 4831 4830
f 5080 5081 5074
f 5081 5082 4830
f 5082 5083 4831
f 5075 5076 5069
f 5068 5088 5075
f 4809 5145 5068
f 5088 5076 5075
f 5089 5077 5076
f 5090 5078 5077
f 5091 5079 5078
f 5092 5080 5079
f 5093 5081 5080
f 5094 5082 5081
f 5095 5083 5082
f 5083 4836 4831
f 5084 4837 4836
f 5085 4838 4837
f 5083 5084 4836
f 5084 5085 4837
f 5086 4839 4838
f 5087 4851 4839
f 5085 5086 4838
f 5086 5087 4839
f 5087 5114 4851
f 5096 5084 5083
f 5106 5085 5084
f 5107 5086 5085
f 5108 5087 5086
f 5109 5114 5087
f 4147 5328 5229
f 5068 5098 5088
f 5088 5089 5076
f 5089 5090 5077
f 5092 5093 5080
f 5090 5091 5078
f 5091 5092 5079
f 5068 5135 5098
f 4768 5183 5181
f 5093 5094 5081
f 5094 5095 5082
f 5095 5096 5083
f 5104 5096 5095
f 4187 5211 5183
f 4187 5213 5211
f 4187 5229 5213
f 5098 5089 5088
f 5097 5090 5089
f 5099 5091 5090
f 5098 5097 5089
f 5097 5099 5090
f 5100 5092 5091
f 5101 5093 5092
f 5099 5100 5091
f 5100 5101 5092
f 5101 5102 5093
f 4781 5181 5173
f 5068 5145 5135
f 4809 5165 5145
f 4805 5173 5165
f 5102 5094 5093
f 5103 5095 5094
f 5102 5103 5094
f 5103 5104 5095
f 5104 5105 5096
f 5096 5106 5084
f 5106 5107 5085
f 5105 5106 5096
f 5110 5107 5106
f 5111 5108 5107
f 5107 5108 5086
f 5108 5109 5087
f 5109 5121 5114
f 5112 5109 5108
f 5113 5121 5109
f 5105 5110 5106
f 5110 5111 5107
f 5154 5112 5111
f 5112 5113 5109
f 5111 5112 5108
f 5113 5126 5121
f 5155 5113 5112
f 5156 5126 5113
f 5114 4852 4851
f 5115 4853 4852
f 5114 5115 4852
f 5116 4854 4853
f 5117 4858 4854
f 5115 5116 4853
f 5116 5117 4854
f 5121 5115 5114
f 5121 5122 5115
f 5122 5116 5115
f 5123 5117 5116
f 5124 5118 5117
f 5122 5123 5116
f 5123 5124 5117
f 5118 4859 4858
f 5118 5119 4859
f 5117 5118 4858
f 5119 4860 4859
f 5119 5120 4860
f 5129 5119 5118
f 5124 5129 5118
f 5129 5130 5119
f 5130 5120 5119
f 5131 5375 5120
f 5130 5131 5120
f 5126 5122 5121
f 5125 5123 5122
f 5127 5124 5123
f 5128 5129 5124
f 5126 5125 5122
f 5253 5125 5126
f 5252 5127 5125
f 5125 5127 5123
f 5127 5128 5124
f 5254 5128 5127
f 5255 5132 5128
f 5128 5132 5129
f 5132 5130 5129
f 5132 5133 5130
f 5134 5385 5131
f 5133 5131 5130
f 5133 5134 5131
f 5261 5133 5132
f 5261 5262 5133
f 5262 5134 5133
f 5263 5387 5134
f 5262 5263 5134
f 5135 5097 5098
f 5136 5099 5097
f 5137 5100 5099
f 5138 5101 5100
f 5139 5102 5101
f 5138 5139 5101
f 5139 5140 5102
f 5135 5136 5097
f 5136 5137 5099
f 5137 5138 5100
f 5140 5103 5102
f 5141 5104 5103
f 5140 5141 5103
f 5143 5105 5104
f 5141 5143 5104
f 5143 5142 5105
f 5145 5136 5135
f 5146 5137 5136
f 5144 5138 5137
f 5145 5146 5136
f 5146 5144 5137
f 5147 5139 5138
f 5148 5140 5139
f 5144 5147 5138
f 5147 5148 5139
f 5148 5149 5140
f 5161 5144 5146
f 5162 5147 5144
f 5163 5148 5147
f 5164 5149 5148
f 5149 5141 5140
f 5150 5143 5141
f 5149 5150 5141
f 5151 5142 5143
f 5150 5151 5143
f 5151 5152 5142
f 5166 5150 5149
f 5167 5151 5150
f 5168 5152 5151
f 5142 5110 5105
f 5153 5111 5110
f 5142 5153 5110
f 5153 5154 5111
f 5157 5154 5153
f 5158 5155 5154
f 5154 5155 5112
f 5155 5156 5113
f 5156 5253 5126
f 5159 5156 5155
f 5160 5253 5156
f 5152 5153 5142
f 5152 5157 5153
f 5157 5158 5154
f 5169 5157 5152
f 5197 5158 5157
f 5198 5159 5158
f 5158 5159 5155
f 5159 5160 5156
f 5160 5256 5253
f 5201 5160 5159
f 5201 5202 5160
f 5202 5256 5160
f 5202 5270 5256
f 5165 5146 5145
f 5165 5161 5146
f 5161 5162 5144
f 5162 5163 5147
f 5163 5164 5148
f 5164 5166 5149
f 5173 5161 5165
f 5174 5162 5161
f 5175 5163 5162
f 5166 5167 5150
f 5167 5168 5151
f 5168 5169 5152
f 5173 5174 5161
f 5174 5175 5162
f 5177 5164 5163
f 5178 5166 5164
f 5175 5177 5163
f 5177 5178 5164
f 5178 5188 5166
f 5188 5167 5166
f 5170 5168 5167
f 5188 5170 5167
f 5171 5169 5168
f 5171 5172 5169
f 5170 5171 5168
f 5181 5174 5173
f 5182 5175 5174
f 5176 5177 5175
f 5181 5182 5174
f 5182 5176 5175
f 5179 5178 5177
f 5180 5188 5178
f 5176 5179 5177
f 5179 5180 5178
f 5180 5189 5188
f 5183 5182 5181
f 5184 5176 5182
f 5185 5179 5176
f 5183 5184 5182
f 5184 5185 5176
f 5187 5180 5179
f 5186 5189 5180
f 5185 5187 5179
f 5187 5186 5180
f 5186 5193 5189
f 5189 5170 5188
f 5190 5171 5170
f 5189 5190 5170
f 5191 5172 5171
f 5191 5192 5172
f 5190 5191 5171
f 5195 5192 5191
f 5193 5190 5189
f 5194 5191 5190
f 5193 5194 5190
f 5194 5195 5191
f 5195 5196 5192
f 5169 5197 5157
f 5197 5198 5158
f 5198 5201 5159
f 5199 5198 5197
f 5200 5201 5198
f 5172 5197 5169
f 5172 5199 5197
f 5199 5200 5198
f 5206 5203 5200
f 5203 5202 5201
f 5204 5270 5202
f 5200 5203 5201
f 5203 5204 5202
f 5209 5204 5203
f 5204 5272 5270
f 5210 5272 5204
f 5192 5199 5172
f 5192 5205 5199
f 5205 5200 5199
f 5205 5206 5200
f 5196 5205 5192
f 5207 5206 5205
f 5208 5209 5206
f 5207 5208 5206
f 5196 5207 5205
f 5206 5209 5203
f 5209 5210 5204
f 5210 5277 5272
f 5243 5210 5209
f 5208 5243 5209
f 5243 5242 5210
f 5242 5277 5210
f 5242 5287 5277
f 5211 5184 5183
f 5212 5185 5184
f 5211 5212 5184
f 5215 5187 5185
f 5212 5215 5185
f 5213 5212 5211
f 5213 5214 5212
f 5214 5215 5212
f 5214 5216 5215
f 5216 5217 5215
f 5217 5186 5187
f 5215 5217 5187
f 5217 5219 5186
f 5219 5193 5186
f 5219 5221 5193
f 5216 5218 5217
f 5218 5219 5217
f 5218 5220 5219
f 5220 5221 5219
f 5220 5222 5221
f 5229 5214 5213
f 5230 5216 5214
f 5231 5218 5216
f 5232 5220 5218
f 5233 5222 5220
f 5223 5195 5194
f 5221 5194 5193
f 5221 5223 5194
f 5222 5223 5221
f 5222 5224 5223
f 5224 5225 5223
f 5225 5196 5195
f 5225 5227 5196
f 5223 5225 5195
f 5224 5226 5225
f 5226 5227 5225
f 5226 5228 5227
f 5234 5224 5222
f 5235 5226 5224
f 5236 5228 5226
f 5229 5230 5214
f 5230 5231 5216
f 5231 5232 5218
f 5232 5233 5220
f 5233 5234 5222
f 5328 5230 5229
f 5329 5231 5230
f 5330 5232 5231
f 5331 5233 5232
f 5332 5234 5233
f 5334 5236 5235
f 5335 5237 5236
f 5234 5235 5224
f 5235 5236 5226
f 5236 5237 5228
f 5333 5235 5234
f 5227 5207 5196
f 5238 5208 5207
f 5227 5238 5207
f 5228 5238 5227
f 5228 5239 5238
f 5239 5240 5238
f 5240 5243 5208
f 5238 5240 5208
f 5241 5244 5240
f 5239 5241 5240
f 5237 5239 5228
f 5248 5241 5239
f 5249 5246 5241
f 5244 5242 5243
f 5240 5244 5243
f 5241 5246 5244
f 5244 5245 5242
f 5246 5245 5244
f 5246 5247 5245
f 5245 5287 5242
f 5245 5289 5287
f 5247 5289 5245
f 5247 5291 5289
f 5250 5247 5246
f 5251 5291 5247
f 5336 5248 5237
f 5338 5249 5248
f 5339 5250 5249
f 5237 5248 5239
f 5248 5249 5241
f 5251 5299 5291
f 5340 5251 5250
f 5337 5299 5251
f 5249 5250 5246
f 5250 5251 5247
f 5253 5252 5125
f 5256 5252 5253
f 5257 5254 5252
f 5252 5254 5127
f 5254 5255 5128
f 5258 5255 5254
f 5259 5261 5255
f 5258 5259 5255
f 5256 5257 5252
f 5270 5257 5256
f 5270 5271 5257
f 5271 5258 5257
f 5257 5258 5254
f 5260 5264 5259
f 5274 5259 5258
f 5271 5274 5258
f 5274 5260 5259
f 5255 5261 5132
f 5259 5264 5261
f 5264 5262 5261
f 5264 5265 5262
f 5266 5411 5263
f 5265 5263 5262
f 5265 5266 5263
f 5267 5265 5264
f 5260 5267 5264
f 5267 5268 5265
f 5268 5266 5265
f 5269 5418 5266
f 5268 5269 5266
f 5284 5419 5269
f 5272 5271 5270
f 5272 5273 5271
f 5273 5274 5271
f 5277 5273 5272
f 5277 5278 5273
f 5278 5275 5273
f 5275 5260 5274
f 5273 5275 5274
f 5276 5267 5260
f 5275 5276 5260
f 5279 5276 5275
f 5280 5281 5276
f 5278 5279 5275
f 5279 5280 5276
f 5287 5278 5277
f 5287 5288 5278
f 5288 5279 5278
f 5293 5280 5279
f 5288 5293 5279
f 5293 5295 5280
f 5295 5282 5280
f 5276 5281 5267
f 5281 5268 5267
f 5281 5283 5268
f 5282 5283 5281
f 5280 5282 5281
f 5282 5285 5283
f 5283 5269 5268
f 5283 5284 5269
f 5286 5428 5284
f 5285 5284 5283
f 5306 5286 5285
f 5285 5286 5284
f 5308 5430 5286
f 5295 5303 5282
f 5303 5285 5282
f 5303 5306 5285
f 5306 5308 5286
f 5289 5288 5287
f 5290 5293 5288
f 5300 5298 5292
f 5289 5290 5288
f 5291 5290 5289
f 5292 5294 5290
f 5291 5292 5290
f 5299 5292 5291
f 5294 5295 5293
f 5290 5294 5293
f 5298 5296 5294
f 5296 5303 5295
f 5294 5296 5295
f 5301 5297 5298
f 5298 5297 5296
f 5297 5304 5296
f 5302 5305 5297
f 5292 5298 5294
f 5299 5300 5292
f 5361 5300 5299
f 5362 5301 5300
f 5300 5301 5298
f 5301 5302 5297
f 5363 5302 5301
f 5364 5312 5302
f 5296 5304 5303
f 5304 5306 5303
f 5304 5307 5306
f 5297 5305 5304
f 5305 5307 5304
f 5305 5309 5307
f 5312 5309 5305
f 5307 5308 5306
f 5310 5447 5308
f 5307 5310 5308
f 5313 5311 5309
f 5309 5310 5307
f 5311 5448 5310
f 5314 5449 5311
f 5309 5311 5310
f 5302 5312 5305
f 5312 5313 5309
f 5313 5314 5311
f 5608 5327 5326
f 5609 5354 5327
f 5325 5326 5352
f 5326 5327 5353
f 5327 5354 5368
f 5341 5342 5329
f 5342 5343 5330
f 5343 5344 5331
f 5344 5345 5332
f 5345 5346 5333
f 5346 5334 5333
f 5347 5335 5334
f 5348 5336 5335
f 5346 5347 5334
f 5348 5349 5336
f 5347 5348 5335
f 5328 5329 5230
f 5329 5330 5231
f 5330 5331 5232
f 5331 5332 5233
f 5332 5333 5234
f 5333 5334 5235
f 5334 5335 5236
f 5335 5336 5237
f 5341 5329 5328
f 5342 5330 5329
f 5343 5331 5330
f 5344 5332 5331
f 5345 5333 5332
f 5349 5338 5336
f 5351 5339 5338
f 5350 5340 5339
f 5349 5351 5338
f 5351 5350 5339
f 5352 5337 5340
f 5353 5361 5337
f 5350 5352 5340
f 5352 5353 5337
f 5353 5368 5361
f 5336 5338 5248
f 5338 5339 5249
f 5339 5340 5250
f 5340 5337 5251
f 5337 5361 5299
f 5315 5342 5341
f 5316 5343 5342
f 5317 5344 5343
f 5318 5345 5344
f 5319 5346 5345
f 5320 5347 5346
f 5321 5348 5347
f 5322 5349 5348
f 5315 5316 5342
f 5316 5317 5343
f 5317 5318 5344
f 5318 5319 5345
f 5319 5320 5346
f 5320 5321 5347
f 5321 5322 5348
f 5322 5323 5349
f 5323 5351 5349
f 5324 5350 5351
f 5325 5352 5350
f 5326 5353 5352
f 5327 5368 5353
f 5323 5324 5351
f 5324 5325 5350
f 5357 5372 5371
f 5618 5355 5354
f 5619 5356 5355
f 5354 5355 5369
f 5620 5357 5356
f 5621 5358 5357
f 5355 5356 5370
f 5356 5357 5371
f 5358 5373 5372
f 5359 5374 5373
f 5360 5495 5374
f 5622 5359 5358
f 5357 5358 5372
f 5358 5359 5373
f 5623 5360 5359
f 5624 5499 5360
f 5359 5360 5374
f 5363 5364 5302
f 5368 5362 5361
f 5369 5363 5362
f 5368 5369 5362
f 5369 5370 5363
f 5370 5371 5364
f 5370 5364 5363
f 5371 5365 5364
f 5361 5362 5300
f 5362 5363 5301
f 5364 5365 5312
f 5365 5366 5313
f 5366 5314 5313
f 5367 5443 5314
f 5366 5367 5314
f 5371 5372 5365
f 5372 5373 5366
f 5372 5366 5365
f 5373 5367 5366
f 5374 5507 5367
f 5373 5374 5367
f 5365 5313 5312
f 5354 5369 5368
f 5355 5370 5369
f 5356 5371 5370
f 5120 5375 4894
f 5375 5376 4895
f 5376 5377 4896
f 5377 5378 4897
f 5385 5376 5375
f 5386 5377 5376
f 5131 5385 5375
f 5385 5386 5376
f 5379 5378 5377
f 5386 5379 5377
f 5379 5380 5378
f 5378 5381 4898
f 5381 5382 4899
f 5383 5382 5381
f 5384 5395 5382
f 5380 5381 5378
f 5380 5383 5381
f 5383 5384 5382
f 5387 5386 5385
f 5388 5379 5386
f 5134 5387 5385
f 5387 5388 5386
f 5389 5380 5379
f 5388 5389 5379
f 5389 5390 5380
f 5411 5388 5387
f 5412 5389 5388
f 5263 5411 5387
f 5411 5412 5388
f 5413 5390 5389
f 5412 5413 5389
f 5413 5414 5390
f 5390 5383 5380
f 5390 5391 5383
f 5391 5384 5383
f 5392 5397 5384
f 5391 5392 5384
f 5414 5391 5390
f 5414 5393 5391
f 5393 5392 5391
f 5394 5403 5392
f 5393 5394 5392
f 5382 5395 4907
f 5397 5396 5395
f 5398 5399 5396
f 5384 5397 5395
f 5397 5398 5396
f 5398 5401 5399
f 5404 5401 5398
f 5401 5400 5399
f 5402 5850 5400
f 5402 5853 5850
f 5401 5402 5400
f 5407 5402 5401
f 5408 5853 5402
f 5392 5403 5397
f 5403 5398 5397
f 5403 5404 5398
f 5404 5407 5401
f 5406 5407 5404
f 5394 5405 5403
f 5405 5404 5403
f 5405 5406 5404
f 5406 5409 5407
f 5464 5409 5406
f 5407 5408 5402
f 5409 5408 5407
f 5408 5858 5853
f 5410 5858 5408
f 5409 5410 5408
f 5469 5410 5409
f 5410 5862 5858
f 5470 5862 5410
f 5470 5889 5862
f 5418 5412 5411
f 5415 5413 5412
f 5266 5418 5411
f 5418 5415 5412
f 5416 5414 5413
f 5415 5416 5413
f 5416 5417 5414
f 5419 5415 5418
f 5420 5416 5415
f 5419 5420 5415
f 5269 5419 5418
f 5428 5420 5419
f 5429 5421 5420
f 5421 5417 5416
f 5420 5421 5416
f 5421 5422 5417
f 5432 5422 5421
f 5432 5433 5422
f 5417 5393 5414
f 5417 5423 5393
f 5423 5394 5393
f 5423 5424 5394
f 5424 5405 5394
f 5425 5424 5423
f 5426 5463 5424
f 5422 5423 5417
f 5422 5425 5423
f 5433 5425 5422
f 5433 5436 5425
f 5425 5426 5424
f 5436 5426 5425
f 5436 5427 5426
f 5427 5465 5426
f 5284 5428 5419
f 5428 5429 5420
f 5430 5429 5428
f 5431 5432 5429
f 5286 5430 5428
f 5308 5447 5430
f 5430 5431 5429
f 5447 5431 5430
f 5447 5439 5431
f 5439 5434 5431
f 5429 5432 5421
f 5434 5433 5432
f 5434 5435 5433
f 5431 5434 5432
f 5440 5435 5434
f 5439 5440 5434
f 5440 5441 5435
f 5435 5436 5433
f 5435 5437 5436
f 5441 5437 5435
f 5437 5427 5436
f 5437 5438 5427
f 5438 5466 5427
f 5458 5475 5438
f 5455 5438 5437
f 5452 5441 5440
f 5452 5442 5441
f 5444 5445 5453
f 5445 5446 5454
f 5310 5448 5447
f 5448 5439 5447
f 5448 5450 5439
f 5450 5440 5439
f 5311 5449 5448
f 5449 5450 5448
f 5449 5451 5450
f 5451 5452 5450
f 5443 5451 5449
f 5450 5452 5440
f 5451 5453 5452
f 5453 5442 5452
f 5453 5454 5442
f 5314 5443 5449
f 5444 5453 5451
f 5443 5444 5451
f 5445 5454 5453
f 5441 5455 5437
f 5442 5455 5441
f 5442 5456 5455
f 5454 5456 5442
f 5454 5457 5456
f 5455 5458 5438
f 5456 5458 5455
f 5456 5459 5458
f 5459 5479 5458
f 5457 5459 5456
f 5457 5460 5459
f 5460 5480 5459
f 5446 5457 5454
f 5446 5461 5457
f 5461 5462 5460
f 5461 5460 5457
f 5462 5481 5460
f 5424 5463 5405
f 5463 5406 5405
f 5463 5464 5406
f 5465 5464 5463
f 5464 5469 5409
f 5467 5469 5464
f 5467 5471 5469
f 5426 5465 5463
f 5465 5467 5464
f 5466 5467 5465
f 5427 5466 5465
f 5466 5468 5467
f 5475 5468 5466
f 5468 5471 5467
f 5468 5472 5471
f 5476 5472 5468
f 5469 5470 5410
f 5471 5470 5469
f 5471 5473 5470
f 5473 5889 5470
f 5473 5892 5889
f 5472 5473 5471
f 5472 5474 5473
f 5477 5474 5472
f 5477 5478 5474
f 5474 5892 5473
f 5474 5896 5892
f 5478 5896 5474
f 5478 5899 5896
f 5438 5475 5466
f 5475 5476 5468
f 5479 5476 5475
f 5476 5477 5472
f 5482 5477 5476
f 5487 5478 5477
f 5479 5482 5476
f 5458 5479 5475
f 5459 5480 5479
f 5480 5482 5479
f 5460 5481 5480
f 5481 5483 5480
f 5480 5483 5482
f 5481 5484 5483
f 5482 5487 5477
f 5483 5487 5482
f 5483 5488 5487
f 5484 5488 5483
f 5484 5489 5488
f 5462 5485 5481
f 5485 5484 5481
f 5485 5486 5484
f 5486 5492 5489
f 5486 5489 5484
f 5488 5490 5487
f 5487 5490 5478
f 5489 5491 5488
f 5488 5491 5490
f 5489 5493 5491
f 5490 5899 5478
f 5491 5913 5490
f 5490 5913 5899
f 5493 5916 5491
f 5491 5916 5913
f 5493 5920 5916
f 5492 5493 5489
f 5492 5494 5493
f 5494 5920 5493
f 5494 5923 5920
f 5498 5503 5511
f 5503 5504 5512
f 5661 5501 5500
f 5662 5502 5501
f 5500 5497 5496
f 5499 5496 5495
f 5501 5498 5497
f 5660 5500 5499
f 5360 5499 5495
f 5499 5500 5496
f 5500 5501 5497
f 5501 5502 5498
f 5663 5505 5502
f 5664 5506 5505
f 5665 5515 5506
f 5502 5503 5498
f 5506 5517 5504
f 5505 5504 5503
f 5502 5505 5503
f 5505 5506 5504
f 5367 5507 5443
f 5507 5508 5444
f 5507 5444 5443
f 5508 5445 5444
f 5509 5446 5445
f 5508 5509 5445
f 5509 5510 5446
f 5495 5508 5507
f 5496 5509 5508
f 5374 5495 5507
f 5495 5496 5508
f 5497 5510 5509
f 5496 5497 5509
f 5497 5498 5510
f 5510 5511 5461
f 5510 5461 5446
f 5512 5485 5462
f 5511 5512 5462
f 5511 5462 5461
f 5498 5511 5510
f 5503 5512 5511
f 5504 5523 5512
f 5517 5524 5523
f 5504 5517 5523
f 5517 5518 5524
f 5518 5513 5524
f 5518 5521 5513
f 5514 5951 5923
f 5521 5514 5513
f 5521 5522 5514
f 5522 5961 5951
f 5522 5951 5514
f 5666 5516 5515
f 5667 5519 5516
f 5515 5518 5517
f 5516 5521 5518
f 5506 5515 5517
f 5515 5516 5518
f 5516 5519 5521
f 5651 5520 5519
f 5519 5520 5522
f 5652 5958 5520
f 5520 5958 5961
f 5519 5522 5521
f 5520 5961 5522
f 5523 5486 5485
f 5512 5523 5485
f 5523 5524 5486
f 5524 5492 5486
f 5524 5513 5492
f 5513 5494 5492
f 5513 5514 5494
f 5514 5923 5494
f 5584 5589 5552
f 5568 5569 5537
f 5569 5570 5528
f 5570 5571 5529
f 5571 5572 5530
f 5572 5574 5531
f 5568 5537 5536
f 5569 5528 5537
f 5570 5529 5528
f 5571 5530 5529
f 5572 5531 5530
f 5574 5573 5532
f 5573 5575 5533
f 5575 5576 5534
f 5574 5532 5531
f 5573 5533 5532
f 5575 5534 5533
f 5536 5537 5611
f 5537 5528 5612
f 5528 5529 5613
f 5529 5530 5614
f 5530 5531 5615
f 5536 5611 5610
f 5537 5612 5611
f 5528 5613 5612
f 5529 5614 5613
f 5530 5615 5614
f 5531 5532 5616
f 5532 5533 5617
f 5533 5534 5535
f 5531 5616 5615
f 5532 5617 5616
f 5533 5535 5617
f 5581 5539 5538
f 5582 5540 5539
f 5576 5581 5538
f 5581 5582 5539
f 5576 5538 5534
f 5583 5541 5540
f 5584 5552 5541
f 5582 5583 5540
f 5583 5584 5541
f 5534 5538 5542
f 5538 5539 5525
f 5534 5542 5535
f 5538 5525 5542
f 5539 5526 5525
f 5539 5540 5526
f 5540 5541 5527
f 5541 5552 5545
f 5540 5527 5526
f 5541 5545 5527
f 5589 5590 5553
f 5590 5592 5554
f 5592 5591 5555
f 5591 5596 5558
f 5596 5543 5556
f 5543 5544 5557
f 5549 5550 5623
f 5550 5551 5624
f 5589 5553 5552
f 5590 5554 5553
f 5592 5555 5554
f 5591 5558 5555
f 5552 5546 5545
f 5553 5547 5546
f 5552 5553 5546
f 5554 5548 5547
f 5555 5549 5548
f 5553 5554 5547
f 5554 5555 5548
f 5558 5556 5550
f 5556 5557 5551
f 5596 5556 5558
f 5543 5557 5556
f 5544 5637 5557
f 5558 5550 5549
f 5555 5558 5549
f 5556 5551 5550
f 5557 5631 5551
f 5563 5564 5569
f 5564 5565 5570
f 5565 5566 5571
f 5566 5567 5572
f 5567 5559 5574
f 5559 5560 5573
f 5560 5561 5575
f 5561 5562 5576
f 4984 5564 5563
f 4985 5565 5564
f 5563 5569 5568
f 5564 5570 5569
f 5565 5571 5570
f 5566 5572 5571
f 5567 5574 5572
f 5559 5573 5574
f 5560 5575 5573
f 5561 5576 5575
f 5562 5577 5581
f 5577 5578 5582
f 5578 5579 5583
f 5579 5580 5584
f 5580 5585 5589
f 5562 5581 5576
f 5577 5582 5581
f 5578 5583 5582
f 5579 5584 5583
f 5580 5589 5584
f 5585 5586 5590
f 5586 5587 5592
f 5587 5588 5591
f 5585 5590 5589
f 5586 5592 5590
f 5587 5591 5592
f 5588 5596 5591
f 5588 5593 5596
f 5593 5594 5543
f 5594 5544 5543
f 5595 5625 5544
f 5594 5595 5544
f 5593 5543 5596
f 5610 5611 5600
f 5611 5612 5601
f 5612 5613 5602
f 5613 5614 5603
f 5614 5615 5604
f 5611 5601 5600
f 5612 5602 5601
f 5610 5600 5599
f 5613 5603 5602
f 5614 5604 5603
f 5615 5616 5605
f 5616 5617 5597
f 5617 5535 5598
f 5615 5605 5604
f 5616 5597 5605
f 5617 5598 5597
f 5599 5600 5316
f 5600 5601 5317
f 5601 5602 5318
f 5602 5603 5319
f 5603 5604 5320
f 5599 5316 5315
f 5600 5317 5316
f 5601 5318 5317
f 5602 5319 5318
f 5603 5320 5319
f 5604 5605 5321
f 5605 5597 5322
f 5597 5598 5323
f 5604 5321 5320
f 5605 5322 5321
f 5597 5323 5322
f 5535 5542 5606
f 5542 5525 5607
f 5535 5606 5598
f 5542 5607 5606
f 5525 5608 5607
f 5526 5527 5609
f 5525 5526 5608
f 5527 5545 5618
f 5526 5609 5608
f 5527 5618 5609
f 5598 5606 5324
f 5606 5325 5324
f 5606 5607 5325
f 5607 5326 5325
f 5598 5324 5323
f 5607 5608 5326
f 5608 5609 5327
f 5609 5618 5354
f 5620 5621 5357
f 5545 5619 5618
f 5546 5620 5619
f 5545 5546 5619
f 5547 5621 5620
f 5548 5622 5621
f 5546 5547 5620
f 5547 5548 5621
f 5618 5619 5355
f 5619 5620 5356
f 5621 5622 5358
f 5622 5623 5359
f 5623 5624 5360
f 5549 5623 5622
f 5548 5549 5622
f 5550 5624 5623
f 5551 5660 5624
f 5544 5625 5637
f 5625 5626 5638
f 5626 5627 5639
f 5627 5628 5640
f 5628 5641 5640
f 5628 5629 5641
f 5629 5642 5641
f 5630 5654 5642
f 5629 5630 5642
f 5551 5631 5660
f 5631 5632 5661
f 5633 5634 5663
f 5632 5633 5662
f 5634 5635 5664
f 5635 5636 5665
f 5635 5665 5664
f 5636 5666 5665
f 5557 5637 5631
f 5637 5638 5632
f 5638 5639 5633
f 5639 5640 5634
f 5625 5638 5637
f 5626 5639 5638
f 5627 5640 5639
f 5637 5632 5631
f 5638 5633 5632
f 5639 5634 5633
f 5640 5641 5635
f 5641 5636 5635
f 5642 5648 5636
f 5641 5642 5636
f 5640 5635 5634
f 5630 5644 5654
f 5644 5643 5655
f 5644 5655 5654
f 5643 5645 5656
f 5643 5656 5655
f 5645 5646 5647
f 5645 5647 5656
f 5646 6074 6078
f 5646 6078 5647
f 5648 5649 5667
f 5636 5648 5666
f 5648 5667 5666
f 5649 5653 5651
f 5649 5651 5667
f 5653 5650 5652
f 5653 5652 5651
f 5650 6084 6088
f 5650 6088 5652
f 5654 5655 5649
f 5654 5649 5648
f 5642 5654 5648
f 5655 5656 5653
f 5655 5653 5649
f 5656 5647 5650
f 5656 5650 5653
f 5647 6078 6084
f 5647 6084 5650
f 5595 5657 5625
f 5657 5658 5626
f 5657 5626 5625
f 5658 5627 5626
f 5658 5659 5627
f 5659 5051 5628
f 5659 5628 5627
f 5051 5054 5629
f 5051 5629 5628
f 5054 5055 5630
f 5054 5630 5629
f 5055 5644 5630
f 5055 5062 5644
f 5062 5063 5643
f 5062 5643 5644
f 5063 5066 5645
f 5063 5645 5643
f 5066 5646 5645
f 5066 5067 5646
f 5067 6074 5646
f 5624 5660 5499
f 5660 5661 5500
f 5661 5662 5501
f 5662 5663 5502
f 5631 5661 5660
f 5632 5662 5661
f 5633 5663 5662
f 5663 5664 5505
f 5664 5665 5506
f 5634 5664 5663
f 5665 5666 5515
f 5666 5667 5516
f 5667 5651 5519
f 5651 5652 5520
f 5652 6088 5958
f 5668 5669 4647
f 5669 5670 4648
f 5673 5669 5668
f 5674 5670 5669
f 5673 5674 5669
f 5674 5675 5670
f 5675 5671 5670
f 5675 5676 5671
f 5676 5672 5671
f 5676 5681 5672
f 5681 5683 5672
f 5681 5690 5683
f 5677 5674 5673
f 5678 5675 5674
f 5679 5676 5675
f 5677 5678 5674
f 5678 5679 5675
f 5679 5680 5676
f 5680 5681 5676
f 5682 5690 5681
f 5680 5682 5681
f 5682 5691 5690
f 5690 5684 5683
f 5685 5686 5684
f 5690 5685 5684
f 5685 5688 5686
f 5688 5687 5686
f 5689 5719 5687
f 5688 5689 5687
f 5691 5685 5690
f 5692 5688 5685
f 5692 5693 5688
f 5691 5692 5685
f 5707 5693 5692
f 5693 5689 5688
f 5693 5694 5689
f 5694 5721 5689
f 5709 5694 5693
f 5710 5725 5694
f 5695 5678 5677
f 5696 5679 5678
f 5695 5696 5678
f 5696 5697 5679
f 5697 5680 5679
f 5697 5698 5680
f 5700 5696 5695
f 5702 5697 5696
f 5701 5698 5697
f 5698 5682 5680
f 5698 5699 5682
f 5699 5691 5682
f 5699 5708 5691
f 5703 5699 5698
f 5705 5708 5699
f 5700 5702 5696
f 5702 5701 5697
f 5701 5703 5698
f 5850 5702 5700
f 5851 5701 5702
f 5850 5851 5702
f 5851 5852 5701
f 5852 5703 5701
f 5852 5704 5703
f 5703 5705 5699
f 5705 5711 5708
f 5706 5711 5705
f 5704 5705 5703
f 5704 5706 5705
f 5706 5713 5711
f 5708 5692 5691
f 5708 5707 5692
f 5707 5709 5693
f 5711 5707 5708
f 5711 5712 5707
f 5712 5709 5707
f 5712 5715 5709
f 5709 5710 5694
f 5715 5710 5709
f 5715 5716 5710
f 5716 5736 5710
f 5713 5712 5711
f 5714 5715 5712
f 5713 5714 5712
f 5714 5717 5715
f 5871 5717 5714
f 5717 5716 5715
f 5718 5743 5716
f 5717 5718 5716
f 5874 5718 5717
f 5875 5744 5718
f 5721 5720 5719
f 5722 4681 5720
f 5689 5721 5719
f 5721 5722 5720
f 5722 5723 4681
f 5723 4682 4681
f 5723 5724 4682
f 5725 5722 5721
f 5694 5725 5721
f 5726 5723 5722
f 5725 5726 5722
f 5736 5726 5725
f 5737 5727 5726
f 5726 5727 5723
f 5739 5728 5727
f 5727 5724 5723
f 5727 5728 5724
f 5739 5742 5728
f 5724 4687 4682
f 5724 5729 4687
f 5729 4690 4687
f 5729 5730 4690
f 5728 5729 5724
f 5732 5730 5729
f 5730 4691 4690
f 5730 5731 4691
f 5733 5731 5730
f 5728 5732 5729
f 5732 5733 5730
f 5742 5732 5728
f 5742 5749 5732
f 5749 5733 5732
f 5749 5750 5733
f 5733 5734 5731
f 5750 5734 5733
f 5750 5735 5734
f 5710 5736 5725
f 5736 5737 5726
f 5738 5739 5737
f 5743 5737 5736
f 5716 5743 5736
f 5743 5738 5737
f 5737 5739 5727
f 5740 5742 5739
f 5738 5740 5739
f 5740 5741 5742
f 5744 5738 5743
f 5718 5744 5743
f 5745 5740 5738
f 5744 5745 5738
f 5979 5745 5744
f 5980 5747 5745
f 5979 5980 5745
f 5745 5747 5740
f 5747 5741 5740
f 5747 5746 5741
f 5980 5983 5747
f 5983 5746 5747
f 5983 5984 5746
f 5741 5748 5749
f 5753 5751 5748
f 5741 5749 5742
f 5748 5750 5749
f 5748 5751 5750
f 5751 5735 5750
f 5751 5752 5735
f 5755 5752 5751
f 5746 5748 5741
f 5746 5753 5748
f 5753 5755 5751
f 5984 5753 5746
f 5984 5754 5753
f 5754 5755 5753
f 5754 5757 5755
f 5757 5756 5755
f 5757 5758 5756
f 5755 5756 5752
f 5759 5760 5764
f 5760 5761 5765
f 5761 5762 5766
f 5759 5764 5763
f 5760 5765 5764
f 5761 5766 5765
f 5762 4720 5767
f 4720 4727 5773
f 5762 5767 5766
f 4720 5773 5767
f 5763 5764 5769
f 5764 5765 5770
f 5763 5769 5768
f 5764 5770 5769
f 5765 5766 5771
f 5765 5771 5770
f 5768 5769 5784
f 5769 5770 5783
f 5770 5771 5785
f 5766 5767 5772
f 5766 5772 5771
f 5767 5773 5777
f 5767 5777 5772
f 5771 5772 5786
f 5772 5777 5800
f 4727 4728 5774
f 4727 5774 5773
f 4728 4731 5775
f 4728 5775 5774
f 5774 5775 5779
f 4731 4732 5776
f 4731 5776 5775
f 4732 5808 5776
f 5775 5776 5780
f 5773 5778 5777
f 5774 5779 5778
f 5773 5774 5778
f 5777 5778 5801
f 5778 5779 5802
f 5778 5802 5801
f 5775 5780 5779
f 5776 5812 5780
f 5779 5780 5803
f 5779 5803 5802
f 5780 5837 5803
f 5805 6098 6095
f 5807 6099 6098
f 5806 5826 6099
f 5782 5788 5787
f 5784 5789 5788
f 5783 5785 5790
f 5783 5790 5789
f 5785 5786 5781
f 5785 5781 5790
f 5786 5796 5781
f 5786 5800 5796
f 5768 5784 5782
f 5769 5783 5784
f 5770 5785 5783
f 5782 5784 5788
f 5784 5783 5789
f 5771 5786 5785
f 5772 5800 5786
f 5789 5794 5792
f 5787 5788 5791
f 5788 5789 5792
f 5789 5790 5794
f 5793 5791 6075
f 5791 5792 6076
f 5792 5794 6077
f 5787 5791 5793
f 5788 5792 5791
f 5790 5795 5794
f 5781 5804 5795
f 5790 5781 5795
f 5781 5796 5804
f 5794 5795 6082
f 5795 5804 6094
f 5800 5801 5797
f 5801 5802 5798
f 5800 5797 5796
f 5801 5798 5797
f 5802 5803 5799
f 5802 5799 5798
f 5803 5833 5799
f 5777 5801 5800
f 5796 5805 5804
f 5797 5807 5805
f 5796 5797 5805
f 5797 5798 5807
f 5804 6095 6094
f 5804 5805 6095
f 5805 5807 6098
f 5798 5806 5807
f 5799 5840 5806
f 5798 5799 5806
f 5807 5806 6099
f 4732 4755 5808
f 4755 5809 5808
f 4755 4756 5809
f 4756 5810 5809
f 5776 5808 5812
f 5808 5809 5813
f 4756 4757 5810
f 4757 4758 5811
f 4757 5811 5810
f 5809 5810 5814
f 5810 5811 5815
f 5808 5813 5812
f 5809 5814 5813
f 5780 5812 5837
f 5812 5838 5837
f 5812 5813 5838
f 5813 5839 5838
f 5810 5815 5814
f 5813 5814 5839
f 5814 5815 5816
f 5814 5816 5839
f 4758 5817 5811
f 4765 5818 5817
f 5811 5817 5822
f 5817 5818 5824
f 5817 5824 5822
f 4766 5819 5818
f 5818 5825 5824
f 5818 5819 5825
f 5811 5822 5815
f 5815 5822 5823
f 5822 5824 5820
f 5815 5823 5816
f 5822 5820 5823
f 5824 5825 5821
f 5824 5821 5820
f 5840 5827 5826
f 5841 5828 5827
f 5842 5829 5828
f 5843 5830 5829
f 5829 5830 6126
f 5847 5831 5830
f 5830 5831 6127
f 5848 5832 5831
f 5848 5849 5832
f 5831 5832 6128
f 5803 5837 5833
f 5837 5838 5834
f 5838 5835 5834
f 5837 5834 5833
f 5833 5834 5841
f 5838 5839 5835
f 5839 5816 5836
f 5839 5836 5835
f 5834 5835 5842
f 5835 5836 5843
f 5833 5841 5840
f 5834 5842 5841
f 5799 5833 5840
f 5806 5840 5826
f 5840 5841 5827
f 5835 5843 5842
f 5842 5843 5829
f 5841 5842 5828
f 5816 5823 5844
f 5816 5844 5836
f 5823 5820 5846
f 5823 5846 5844
f 5836 5844 5847
f 5844 5846 5848
f 5844 5848 5847
f 5820 5845 5846
f 5820 5821 5845
f 5846 5849 5848
f 5846 5845 5849
f 5836 5847 5843
f 5843 5847 5830
f 5847 5848 5831
f 5855 5852 5851
f 5853 5851 5850
f 5853 5855 5851
f 5855 5854 5852
f 5854 5704 5852
f 5854 5856 5704
f 5858 5855 5853
f 5859 5854 5855
f 5859 5860 5854
f 5860 5856 5854
f 5860 5861 5856
f 5856 5706 5704
f 5856 5857 5706
f 5857 5713 5706
f 5857 5870 5713
f 5861 5857 5856
f 5861 5867 5857
f 5867 5870 5857
f 5867 5872 5870
f 5858 5859 5855
f 5862 5859 5858
f 5863 5860 5859
f 5863 5864 5860
f 5864 5861 5860
f 5864 5865 5861
f 5862 5863 5859
f 5889 5863 5862
f 5889 5890 5863
f 5890 5864 5863
f 5890 5891 5864
f 5891 5865 5864
f 5891 5866 5865
f 5865 5867 5861
f 5865 5868 5867
f 5868 5872 5867
f 5868 5878 5872
f 5866 5868 5865
f 5866 5869 5868
f 5869 5878 5868
f 5869 5880 5878
f 5870 5714 5713
f 5870 5871 5714
f 5871 5874 5717
f 5872 5871 5870
f 5872 5873 5871
f 5873 5874 5871
f 5873 5876 5874
f 5874 5875 5718
f 5876 5875 5874
f 5877 5979 5875
f 5876 5877 5875
f 5883 5981 5877
f 5878 5873 5872
f 5878 5879 5873
f 5879 5876 5873
f 5879 5882 5876
f 5880 5879 5878
f 5880 5881 5879
f 5927 5881 5880
f 5881 5882 5879
f 5881 5884 5882
f 5929 5884 5881
f 5929 5931 5884
f 5882 5877 5876
f 5882 5883 5877
f 5884 5883 5882
f 5885 5988 5883
f 5884 5885 5883
f 5931 5885 5884
f 5931 5933 5885
f 5933 5990 5885
f 6093 5976 5965
f 6104 5886 5976
f 6105 5887 5886
f 5887 5888 5978
f 6109 5888 5887
f 6106 6017 5888
f 5892 5890 5889
f 5893 5891 5890
f 5892 5893 5890
f 5893 5894 5891
f 5894 5866 5891
f 5894 5895 5866
f 5898 5895 5894
f 5896 5893 5892
f 5896 5897 5893
f 5897 5894 5893
f 5897 5898 5894
f 5899 5897 5896
f 5899 5900 5897
f 5900 5898 5897
f 5900 5901 5898
f 5901 5902 5898
f 5898 5902 5895
f 5901 5903 5902
f 5895 5869 5866
f 5895 5904 5869
f 5902 5904 5895
f 5902 5905 5904
f 5904 5880 5869
f 5904 5927 5880
f 5905 5927 5904
f 5905 5928 5927
f 5903 5905 5902
f 5903 5906 5905
f 5906 5928 5905
f 5906 5935 5928
f 5913 5900 5899
f 5914 5901 5900
f 5914 5915 5901
f 5915 5903 5901
f 5915 5907 5903
f 5925 5908 5926
f 5907 5906 5903
f 5907 5909 5906
f 5919 5909 5907
f 5919 5910 5909
f 5909 5935 5906
f 5909 5936 5935
f 5910 5936 5909
f 5910 5937 5936
f 5926 5910 5919
f 5908 5911 5926
f 5926 5911 5910
f 5908 5912 5911
f 5911 5937 5910
f 5911 5940 5937
f 5912 5940 5911
f 5912 5966 5940
f 5913 5914 5900
f 5916 5914 5913
f 5917 5915 5914
f 5916 5917 5914
f 5920 5917 5916
f 5917 5918 5915
f 5921 5918 5917
f 5918 5907 5915
f 5922 5919 5918
f 5918 5919 5907
f 5923 5921 5920
f 5920 5921 5917
f 5921 5922 5918
f 5924 5922 5921
f 5923 5924 5921
f 5924 5925 5922
f 5925 5926 5922
f 5922 5926 5919
f 5927 5929 5881
f 5928 5929 5927
f 5928 5930 5929
f 5930 5931 5929
f 5938 5932 5930
f 5930 5932 5931
f 5935 5930 5928
f 5935 5938 5930
f 5938 5944 5932
f 5932 5933 5931
f 5932 5934 5933
f 5944 5934 5932
f 5934 5991 5933
f 5943 6032 5934
f 5936 5938 5935
f 5936 5939 5938
f 5937 5939 5936
f 5937 5941 5939
f 5939 5944 5938
f 5939 5945 5944
f 5941 5947 5945
f 5941 5945 5939
f 5940 5941 5937
f 5940 5942 5941
f 5966 5942 5940
f 5966 5967 5942
f 5967 5972 5948
f 5942 5947 5941
f 5942 5948 5947
f 5967 5948 5942
f 5944 5943 5934
f 5946 6035 5943
f 5945 5943 5944
f 5945 5946 5943
f 5947 5946 5945
f 5947 5949 5946
f 5949 6039 5946
f 5948 5949 5947
f 5948 5950 5949
f 5972 5950 5948
f 5972 5973 5950
f 5950 6040 5949
f 5973 6041 5950
f 5951 5924 5923
f 5952 5925 5924
f 5951 5952 5924
f 5952 5953 5925
f 5953 5908 5925
f 5953 5954 5908
f 5962 5953 5952
f 5961 5962 5952
f 5962 5963 5953
f 5961 5952 5951
f 5963 5954 5953
f 5963 5956 5954
f 5964 5974 5968
f 5954 5912 5908
f 5954 5955 5912
f 5955 5968 5966
f 5955 5966 5912
f 5956 5955 5954
f 5956 5964 5955
f 5964 5968 5955
f 5958 5962 5961
f 5959 5963 5962
f 5957 5956 5963
f 6088 5959 5958
f 6089 5957 5959
f 5958 5959 5962
f 5959 5957 5963
f 6090 5960 5957
f 5957 5960 5956
f 5960 5964 5956
f 5965 5974 5964
f 5960 5965 5964
f 6091 5965 5960
f 5965 5976 5974
f 5974 5975 5969
f 5975 5970 5969
f 5975 5977 5970
f 5968 5967 5966
f 5968 5969 5967
f 5969 5972 5967
f 5969 5970 5972
f 5974 5969 5968
f 5970 5971 5973
f 5977 5971 5970
f 5977 5978 5971
f 5978 6059 5971
f 5970 5973 5972
f 5971 6061 5973
f 5976 5975 5974
f 5886 5977 5975
f 5976 5886 5975
f 5886 5887 5977
f 5887 5978 5977
f 5888 6066 5978
f 5875 5979 5744
f 5981 5980 5979
f 5982 5983 5980
f 5877 5981 5979
f 5988 5982 5981
f 5981 5982 5980
f 5988 5989 5982
f 5989 5985 5982
f 5982 5985 5983
f 5985 5984 5983
f 5985 5986 5984
f 5989 5994 5985
f 5994 5986 5985
f 5994 5987 5986
f 5883 5988 5981
f 5885 5990 5988
f 5990 5989 5988
f 5992 5994 5989
f 5990 5992 5989
f 5991 5992 5990
f 5933 5991 5990
f 6032 5993 5991
f 5993 5995 5992
f 5991 5993 5992
f 6033 5997 5993
f 5992 5995 5994
f 5995 5987 5994
f 5995 5996 5987
f 5993 5997 5995
f 6033 6034 5997
f 5997 5996 5995
f 5997 5998 5996
f 6034 5998 5997
f 6034 5999 5998
f 5986 5754 5984
f 5986 6000 5754
f 6000 5757 5754
f 6000 6002 5757
f 5987 6000 5986
f 5987 6001 6000
f 6001 6002 6000
f 6001 6004 6002
f 6002 5758 5757
f 6004 6003 6002
f 6002 6003 5758
f 6008 6005 6004
f 6004 6005 6003
f 5996 6001 5987
f 5996 6006 6001
f 5998 6006 5996
f 6006 6004 6001
f 6006 6008 6004
f 6007 6008 6006
f 6007 6011 6008
f 5998 6007 6006
f 5999 6007 5998
f 5999 6012 6007
f 6012 6011 6007
f 6012 6013 6011
f 6011 6009 6008
f 6008 6009 6005
f 6011 6010 6009
f 6013 6010 6011
f 6051 6013 6012
f 6051 6014 6013
f 6014 6015 6013
f 6054 6016 6014
f 6013 6015 6010
f 6014 6016 6015
f 6019 6020 6065
f 6017 6067 6066
f 6017 6018 6067
f 6018 6019 6067
f 6117 6018 6017
f 5888 6017 6066
f 6118 6021 6018
f 6018 6021 6019
f 6021 6022 6020
f 6021 6020 6019
f 6120 6022 6021
f 6020 6026 6070
f 6026 6030 6024
f 6026 6024 6070
f 6024 6025 6023
f 6030 6025 6024
f 6030 6031 6025
f 6121 6027 6022
f 6129 6028 6027
f 6022 6027 6026
f 6022 6026 6020
f 6027 6028 6030
f 6027 6030 6026
f 6028 6029 6031
f 6130 6029 6028
f 6028 6031 6030
f 5934 6032 5991
f 6035 6033 6032
f 6032 6033 5993
f 5943 6035 6032
f 6039 6036 6035
f 6036 6034 6033
f 6035 6036 6033
f 6039 6037 6036
f 6037 6043 6036
f 6042 6044 6037
f 6038 6047 6042
f 6058 6048 6038
f 5946 6039 6035
f 5949 6040 6039
f 6040 6037 6039
f 6040 6042 6037
f 6041 6042 6040
f 5950 6041 6040
f 6061 6038 6041
f 6041 6038 6042
f 6036 6043 6034
f 6037 6044 6043
f 6043 5999 6034
f 6043 6045 5999
f 6044 6045 6043
f 6047 6046 6044
f 6044 6046 6045
f 6042 6047 6044
f 6038 6048 6047
f 6048 6049 6047
f 6047 6049 6046
f 6048 6050 6049
f 6045 6012 5999
f 6046 6051 6045
f 6045 6051 6012
f 6046 6052 6051
f 6049 6052 6046
f 6052 6014 6051
f 6052 6054 6014
f 6053 6054 6052
f 6049 6053 6052
f 6050 6053 6049
f 6050 6068 6053
f 6053 6056 6054
f 6068 6056 6053
f 6068 6072 6056
f 6056 6055 6054
f 6054 6055 6016
f 6072 6057 6056
f 6056 6057 6055
f 6072 6073 6057
f 5971 6059 6061
f 6059 6058 6061
f 6061 6058 6038
f 6059 6060 6058
f 6060 6062 6058
f 5978 6066 6059
f 6066 6060 6059
f 6066 6067 6060
f 6067 6064 6060
f 5973 6061 6041
f 6058 6062 6048
f 6060 6064 6062
f 6064 6065 6063
f 6062 6050 6048
f 6062 6063 6050
f 6064 6063 6062
f 6067 6019 6064
f 6019 6065 6064
f 6063 6069 6068
f 6065 6069 6063
f 6065 6070 6069
f 6063 6068 6050
f 6069 6072 6068
f 6069 6071 6072
f 6070 6071 6069
f 6070 6024 6071
f 6020 6070 6065
f 6071 6073 6072
f 6024 6023 6071
f 6071 6023 6073
f 6076 6077 6081
f 6074 6075 6079
f 6074 6079 6078
f 6075 6076 6080
f 6075 6080 6079
f 6076 6081 6080
f 6077 6082 6083
f 6082 6094 6096
f 6081 6083 6092
f 6083 6096 6102
f 6077 6083 6081
f 6082 6096 6083
f 6089 6090 5957
f 6086 6091 6090
f 6090 6091 5960
f 6084 6085 6089
f 6084 6089 6088
f 6085 6086 6090
f 6085 6090 6089
f 6086 6087 6091
f 6087 6092 6093
f 6092 6102 6104
f 6087 6093 6091
f 6091 6093 5965
f 6092 6104 6093
f 6093 6104 5976
f 6078 6079 6085
f 6079 6080 6086
f 6079 6086 6085
f 6078 6085 6084
f 6080 6087 6086
f 6080 6081 6087
f 6081 6092 6087
f 6083 6102 6092
f 6100 6108 6107
f 6101 6119 6108
f 6094 6095 6097
f 6095 6098 6100
f 6096 6097 6103
f 6097 6100 6107
f 6094 6097 6096
f 6095 6100 6097
f 6098 6101 6100
f 6099 6114 6101
f 6098 6099 6101
f 6100 6101 6108
f 6103 6109 6105
f 6096 6103 6102
f 6102 6103 6105
f 6097 6107 6103
f 6103 6107 6109
f 6102 6105 6104
f 6104 6105 5886
f 6105 6109 5887
f 6107 6106 6109
f 6108 6117 6106
f 6107 6108 6106
f 6109 6106 5888
f 5793 6075 6074
f 5791 6076 6075
f 5792 6077 6076
f 5794 6082 6077
f 5795 6094 6082
f 6088 6089 5959
f 6114 6110 6119
f 6113 6111 6110
f 6115 6112 6111
f 6111 6112 6121
f 5826 6113 6114
f 5827 6115 6113
f 6099 5826 6114
f 5826 5827 6113
f 6101 6114 6119
f 6114 6113 6110
f 5828 6116 6115
f 5827 5828 6115
f 5828 5829 6116
f 6113 6115 6111
f 6115 6116 6112
f 6119 6118 6117
f 6110 6120 6118
f 6108 6119 6117
f 6119 6110 6118
f 6106 6117 6017
f 6117 6118 6018
f 6118 6120 6021
f 6111 6121 6120
f 6120 6121 6022
f 6110 6111 6120
f 6122 6130 6129
f 6116 6122 6112
f 6112 6122 6129
f 6126 6124 6122
f 6122 6124 6130
f 6127 6125 6124
f 6124 6123 6130
f 6124 6125 6123
f 5829 6126 6116
f 6116 6126 6122
f 5830 6127 6126
f 6126 6127 6124
f 5831 6128 6127
f 6127 6128 6125
f 6112 6129 6121
f 6121 6129 6027
f 6129 6130 6028
f 6130 6123 6029
f 4282 6131 2920
f 6133 6132 6131
f 6134 6135 6132
f 4282 6133 6131
f 6133 6134 6132
f 6134 6137 6135
f 6137 6136 6135
f 6138 6141 6136
f 6137 6138 6136
f 4285 6133 4282
f 6139 6134 6133
f 6140 6137 6134
f 4285 6139 6133
f 6139 6140 6134
f 6140 6160 6137
f 6160 6138 6137
f 6161 6142 6138
f 6160 6161 6138
f 6142 6143 6141
f 6138 6142 6141
f 6142 6145 6143
f 6145 6144 6143
f 6146 6147 6144
f 6145 6146 6144
f 6162 6145 6142
f 6161 6162 6142
f 6163 6146 6145
f 6164 6148 6146
f 6148 6149 6147
f 6146 6148 6147
f 6148 6151 6149
f 6151 6150 6149
f 6179 6152 6150
f 6151 6179 6150
f 6183 6153 6152
f 6184 6154 6153
f 6179 6183 6152
f 6183 6184 6153
f 6184 6185 6154
f 6185 6155 6154
f 6186 6156 6155
f 6424 6157 6156
f 6432 6433 3749
f 6433 6450 3779
f 6162 6163 6145
f 6163 6164 6146
f 4557 6139 4285
f 4557 6165 6139
f 6165 6140 6139
f 6166 6160 6140
f 6165 6166 6140
f 6166 6167 6160
f 4560 6165 4557
f 6169 6166 6165
f 6170 6167 6166
f 6167 6161 6160
f 6167 6168 6161
f 6168 6162 6161
f 6171 6168 6167
f 6172 6173 6168
f 4560 6169 6165
f 6169 6170 6166
f 6170 6171 6167
f 4669 6169 4560
f 6275 6170 6169
f 6276 6171 6170
f 6171 6172 6168
f 6277 6172 6171
f 6278 6176 6172
f 6168 6173 6162
f 6173 6163 6162
f 6173 6174 6163
f 6176 6174 6173
f 6174 6164 6163
f 6174 6175 6164
f 6175 6180 6164
f 6178 6175 6174
f 6177 6191 6175
f 6172 6176 6173
f 6176 6178 6174
f 6283 6178 6176
f 6178 6177 6175
f 6284 6177 6178
f 6285 6194 6177
f 6180 6151 6148
f 6164 6180 6148
f 6180 6181 6151
f 6181 6179 6151
f 6182 6183 6179
f 6181 6182 6179
f 6185 6186 6155
f 6187 6184 6183
f 6188 6185 6184
f 6182 6187 6183
f 6187 6188 6184
f 6188 6189 6185
f 6189 6186 6185
f 6189 6190 6186
f 6191 6181 6180
f 6175 6191 6180
f 6191 6192 6181
f 6194 6192 6191
f 6192 6182 6181
f 6192 6193 6182
f 6193 6187 6182
f 6195 6193 6192
f 6196 6197 6193
f 6177 6194 6191
f 6194 6195 6192
f 6195 6196 6193
f 6310 6195 6194
f 6311 6196 6195
f 6311 6312 6196
f 6312 6201 6196
f 6197 6188 6187
f 6193 6197 6187
f 6197 6198 6188
f 6198 6189 6188
f 6198 6199 6189
f 6201 6198 6197
f 6202 6199 6198
f 6199 6190 6189
f 6199 6200 6190
f 6203 6200 6199
f 6196 6201 6197
f 6201 6202 6198
f 6202 6203 6199
f 6319 6202 6201
f 6312 6319 6201
f 6319 6320 6202
f 6320 6203 6202
f 6320 6321 6203
f 6203 6204 6200
f 6321 6204 6203
f 6321 6322 6204
f 4597 6205 6209
f 6205 6206 6210
f 6206 6207 6211
f 4597 6209 4608
f 6205 6210 6209
f 6206 6211 6210
f 6207 6208 6212
f 6207 6212 6211
f 6208 6218 6212
f 4608 6209 6213
f 4608 6213 4611
f 6209 6210 6214
f 6210 6211 6215
f 6209 6214 6213
f 6210 6215 6214
f 6211 6212 6216
f 6211 6216 6215
f 6212 6223 6216
f 6208 6217 6218
f 6217 6219 6221
f 6217 6221 6218
f 6219 6220 6222
f 6219 6222 6221
f 6220 6241 6222
f 6212 6218 6223
f 6218 6221 6224
f 6218 6224 6223
f 6221 6222 6225
f 6221 6225 6224
f 6222 6246 6225
f 4611 6213 6226
f 4611 6226 4622
f 6213 6214 6227
f 6214 6215 6228
f 6213 6227 6226
f 6214 6228 6227
f 4622 6226 6230
f 6226 6227 6231
f 6227 6228 6232
f 6215 6216 6229
f 6215 6229 6228
f 6216 6234 6229
f 6228 6229 6233
f 4622 6230 4625
f 6226 6231 6230
f 6227 6232 6231
f 4625 6230 6349
f 6230 6231 6350
f 6231 6232 6351
f 6228 6233 6232
f 6229 6237 6233
f 6232 6233 6352
f 6216 6223 6234
f 6223 6224 6235
f 6223 6235 6234
f 6229 6234 6237
f 6234 6235 6238
f 6224 6225 6236
f 6224 6236 6235
f 6225 6261 6236
f 6235 6236 6239
f 6234 6238 6237
f 6233 6237 6359
f 6237 6238 6360
f 6235 6239 6238
f 6236 6264 6239
f 6238 6239 6361
f 6239 6384 6361
f 6220 6240 6241
f 6240 6242 6244
f 6240 6244 6241
f 6242 6243 6245
f 6242 6245 6244
f 6243 6251 6245
f 6222 6241 6246
f 6241 6244 6247
f 6241 6247 6246
f 6244 6245 6248
f 6244 6248 6247
f 6245 6257 6248
f 6243 6249 6251
f 6249 6250 6252
f 6250 6253 6255
f 6249 6252 6251
f 6250 6255 6252
f 6253 6254 6256
f 6253 6256 6255
f 6245 6251 6257
f 6251 6252 6258
f 6252 6255 6259
f 6255 6256 6260
f 6251 6258 6257
f 6252 6259 6258
f 6255 6260 6259
f 6225 6246 6261
f 6246 6247 6262
f 6246 6262 6261
f 6236 6261 6264
f 6261 6262 6265
f 6247 6248 6263
f 6247 6263 6262
f 6248 6267 6263
f 6262 6263 6266
f 6261 6265 6264
f 6239 6264 6384
f 6264 6265 6385
f 6264 6385 6384
f 6262 6266 6265
f 6263 6271 6266
f 6265 6266 6386
f 6265 6386 6385
f 6266 6393 6386
f 6248 6257 6267
f 6257 6258 6268
f 6257 6268 6267
f 6258 6259 6269
f 6258 6269 6268
f 6263 6267 6271
f 6267 6268 6272
f 6268 6269 6273
f 6259 6270 6269
f 6259 6260 6270
f 6269 6270 6274
f 6267 6272 6271
f 6268 6273 6272
f 6266 6271 6393
f 6271 6272 6394
f 6271 6394 6393
f 6272 6273 6397
f 6272 6397 6394
f 6269 6274 6273
f 6273 6398 6397
f 6273 6274 6398
f 4669 6275 6169
f 6275 6276 6170
f 6276 6277 6171
f 4672 6275 4669
f 6279 6276 6275
f 6280 6277 6276
f 6280 6281 6277
f 6277 6278 6172
f 6281 6278 6277
f 6281 6282 6278
f 6282 6283 6278
f 4672 6279 6275
f 6279 6280 6276
f 4685 6279 4672
f 4685 6290 6279
f 6290 6280 6279
f 6291 6281 6280
f 6290 6291 6280
f 6291 6294 6281
f 6294 6282 6281
f 6294 6295 6282
f 6295 6286 6282
f 6278 6283 6176
f 6283 6284 6178
f 6282 6286 6283
f 6286 6284 6283
f 6286 6287 6284
f 6284 6285 6177
f 6287 6285 6284
f 6287 6288 6285
f 6288 6310 6285
f 6302 6287 6286
f 6295 6302 6286
f 6302 6304 6287
f 6304 6288 6287
f 6289 6313 6288
f 6304 6289 6288
f 4689 6290 4685
f 6292 6291 6290
f 6293 6294 6291
f 4689 6292 6290
f 6292 6293 6291
f 6293 6296 6294
f 6296 6295 6294
f 6297 6302 6295
f 6296 6297 6295
f 4691 6292 4689
f 6298 6293 6292
f 6299 6296 6293
f 6298 6299 6293
f 6299 6300 6296
f 4691 6298 6292
f 6741 6300 6299
f 6300 6297 6296
f 6300 6301 6297
f 6301 6303 6297
f 6743 6301 6300
f 6744 6307 6301
f 6303 6304 6302
f 6297 6303 6302
f 6303 6305 6304
f 6305 6289 6304
f 6306 6314 6289
f 6305 6306 6289
f 6309 6331 6306
f 6301 6307 6303
f 6307 6305 6303
f 6307 6308 6305
f 6753 6308 6307
f 6308 6306 6305
f 6308 6309 6306
f 6754 6309 6308
f 6755 6334 6309
f 6285 6310 6194
f 6310 6311 6195
f 6288 6313 6310
f 6313 6311 6310
f 6313 6315 6311
f 6315 6312 6311
f 6315 6316 6312
f 6316 6319 6312
f 6314 6315 6313
f 6289 6314 6313
f 6314 6317 6315
f 6317 6316 6315
f 6318 6325 6316
f 6317 6318 6316
f 6325 6320 6319
f 6326 6321 6320
f 6316 6325 6319
f 6325 6326 6320
f 6326 6323 6321
f 6323 6322 6321
f 6323 6324 6322
f 6327 6326 6325
f 6328 6323 6326
f 6318 6327 6325
f 6327 6328 6326
f 6328 6329 6323
f 6329 6324 6323
f 6329 6330 6324
f 6340 6330 6329
f 6306 6331 6314
f 6331 6317 6314
f 6331 6332 6317
f 6334 6332 6331
f 6332 6318 6317
f 6332 6333 6318
f 6333 6327 6318
f 6335 6333 6332
f 6336 6337 6333
f 6309 6334 6331
f 6334 6335 6332
f 6755 6786 6334
f 6786 6335 6334
f 6786 6788 6335
f 6335 6336 6333
f 6788 6336 6335
f 6788 6789 6336
f 6789 6341 6336
f 6337 6328 6327
f 6333 6337 6327
f 6337 6338 6328
f 6338 6329 6328
f 6338 6340 6329
f 6341 6338 6337
f 6342 6340 6338
f 6340 6339 6330
f 6345 6339 6340
f 6345 6346 6339
f 6336 6341 6337
f 6341 6342 6338
f 6342 6345 6340
f 6344 6345 6342
f 6343 6342 6341
f 6343 6344 6342
f 6789 6343 6341
f 6344 6347 6345
f 6347 6346 6345
f 6347 6348 6346
f 4625 6349 4743
f 6230 6350 6349
f 6231 6351 6350
f 4743 6349 6353
f 4743 6353 4746
f 6349 6350 6354
f 6350 6351 6355
f 6349 6354 6353
f 6350 6355 6354
f 6232 6352 6351
f 6233 6359 6352
f 6351 6352 6356
f 6351 6356 6355
f 6352 6362 6356
f 4746 6353 6368
f 6353 6354 6369
f 6354 6355 6357
f 4746 6368 4762
f 6353 6369 6368
f 6354 6357 6369
f 6355 6356 6358
f 6355 6358 6357
f 6356 6363 6358
f 6237 6360 6359
f 6352 6359 6362
f 6359 6360 6364
f 6359 6364 6362
f 6238 6361 6360
f 6360 6361 6365
f 6360 6365 6364
f 6361 6388 6365
f 6356 6362 6363
f 6362 6364 6366
f 6362 6366 6363
f 6364 6365 6367
f 6364 6367 6366
f 6365 6389 6367
f 4762 6368 6370
f 6368 6369 6371
f 6369 6357 6372
f 4762 6370 4764
f 6368 6371 6370
f 6369 6372 6371
f 6357 6358 6373
f 6358 6378 6373
f 6357 6373 6372
f 4764 6370 6374
f 4764 6374 4767
f 6370 6371 6375
f 6371 6372 6376
f 6370 6375 6374
f 6371 6376 6375
f 4767 6374 6839
f 6374 6375 6840
f 6375 6376 6841
f 6372 6373 6377
f 6372 6377 6376
f 6373 6381 6377
f 6376 6377 6842
f 6358 6363 6378
f 6363 6366 6379
f 6363 6379 6378
f 6373 6378 6381
f 6378 6379 6382
f 6366 6367 6380
f 6366 6380 6379
f 6367 6405 6380
f 6379 6380 6383
f 6378 6382 6381
f 6377 6381 6851
f 6381 6382 6853
f 6381 6853 6851
f 6379 6383 6382
f 6380 6408 6383
f 6382 6383 6854
f 6382 6854 6853
f 6383 6886 6854
f 6384 6385 6390
f 6361 6384 6388
f 6384 6390 6388
f 6385 6386 6387
f 6385 6387 6390
f 6386 6395 6387
f 6365 6388 6389
f 6388 6390 6391
f 6388 6391 6389
f 6390 6387 6392
f 6387 6401 6392
f 6390 6392 6391
f 6386 6393 6395
f 6393 6394 6396
f 6394 6397 6399
f 6393 6396 6395
f 6394 6399 6396
f 6397 6398 6400
f 6397 6400 6399
f 6387 6395 6401
f 6395 6396 6402
f 6395 6402 6401
f 6396 6399 6403
f 6396 6403 6402
f 6392 6401 6412
f 6401 6402 6413
f 6402 6403 6414
f 6399 6404 6403
f 6399 6400 6404
f 6403 6404 6415
f 6367 6389 6405
f 6389 6391 6406
f 6389 6406 6405
f 6380 6405 6408
f 6405 6406 6409
f 6391 6392 6407
f 6391 6407 6406
f 6392 6412 6407
f 6406 6407 6410
f 6407 6416 6410
f 6405 6409 6408
f 6383 6408 6886
f 6408 6409 6888
f 6408 6888 6886
f 6406 6410 6409
f 6410 6418 6411
f 6409 6410 6411
f 6409 6411 6888
f 6401 6413 6412
f 6402 6414 6413
f 6407 6412 6416
f 6412 6413 6417
f 6412 6417 6416
f 6413 6414 6420
f 6413 6420 6417
f 6403 6415 6414
f 6414 6421 6420
f 6414 6415 6421
f 6410 6416 6418
f 6416 6417 6419
f 6417 6420 6422
f 6416 6419 6418
f 6417 6422 6419
f 6420 6421 6423
f 6420 6423 6422
f 6186 6424 6156
f 6424 6426 6157
f 6426 6158 6157
f 6427 6159 6158
f 6426 6427 6158
f 6427 6428 6159
f 6190 6424 6186
f 6425 6426 6424
f 6190 6425 6424
f 6425 6429 6426
f 6429 6427 6426
f 6430 6428 6427
f 6429 6430 6427
f 6430 6431 6428
f 6428 6432 6159
f 6428 6434 6432
f 6434 6433 6432
f 6434 6436 6433
f 6436 6450 6433
f 6436 6454 6450
f 6431 6434 6428
f 6435 6436 6434
f 6431 6435 6434
f 6437 6454 6436
f 6435 6437 6436
f 6437 6457 6454
f 6200 6425 6190
f 6200 6438 6425
f 6438 6429 6425
f 6438 6439 6429
f 6439 6430 6429
f 6439 6440 6430
f 6440 6431 6430
f 6440 6441 6431
f 6204 6438 6200
f 6442 6439 6438
f 6443 6440 6439
f 6444 6441 6440
f 6204 6442 6438
f 6442 6443 6439
f 6322 6442 6204
f 6322 6576 6442
f 6576 6443 6442
f 6576 6578 6443
f 6443 6444 6440
f 6444 6445 6441
f 6578 6444 6443
f 6578 6579 6444
f 6579 6445 6444
f 6579 6580 6445
f 6441 6435 6431
f 6446 6437 6435
f 6447 6457 6437
f 6441 6446 6435
f 6445 6446 6441
f 6448 6447 6446
f 6446 6447 6437
f 6447 6474 6457
f 6449 6474 6447
f 6445 6448 6446
f 6580 6448 6445
f 6588 6449 6448
f 6580 6588 6448
f 6448 6449 6447
f 6449 6478 6474
f 6588 6590 6449
f 6590 6478 6449
f 6590 6481 6478
f 6450 6451 3780
f 6451 6452 3781
f 6454 6451 6450
f 6455 6452 6451
f 6454 6455 6451
f 6455 6456 6452
f 6452 6453 3782
f 6453 6462 3791
f 6456 6453 6452
f 6460 6462 6453
f 6456 6460 6453
f 6460 6466 6462
f 6457 6455 6454
f 6458 6456 6455
f 6457 6458 6455
f 6458 6459 6456
f 6459 6460 6456
f 6461 6466 6460
f 6459 6461 6460
f 6461 6470 6466
f 6462 6463 3792
f 6466 6463 6462
f 6467 6464 6463
f 6466 6467 6463
f 6463 6464 3970
f 6464 6465 3971
f 6468 6465 6464
f 6467 6468 6464
f 6468 6469 6465
f 6469 11995 6465
f 6470 6467 6466
f 6471 6468 6467
f 6470 6471 6467
f 6472 6469 6468
f 6473 11998 6469
f 6486 6471 6470
f 6487 6472 6471
f 6471 6472 6468
f 6472 6473 6469
f 6488 6473 6472
f 6489 12001 6473
f 6474 6458 6457
f 6475 6459 6458
f 6474 6475 6458
f 6475 6476 6459
f 6478 6475 6474
f 6479 6476 6475
f 6479 6480 6476
f 6476 6461 6459
f 6476 6477 6461
f 6477 6470 6461
f 6477 6486 6470
f 6480 6477 6476
f 6480 6484 6477
f 6484 6486 6477
f 6484 6490 6486
f 6478 6479 6475
f 6482 6480 6479
f 6481 6479 6478
f 6481 6482 6479
f 6482 6483 6480
f 6483 6484 6480
f 6485 6490 6484
f 6483 6485 6484
f 6485 6492 6490
f 6486 6487 6471
f 6490 6487 6486
f 6491 6488 6487
f 6490 6491 6487
f 6487 6488 6472
f 6488 6489 6473
f 6494 6489 6488
f 6491 6494 6488
f 6494 6495 6489
f 6495 12013 6489
f 6492 6491 6490
f 6493 6494 6491
f 6492 6493 6491
f 6496 6495 6494
f 6497 12016 6495
f 6493 6496 6494
f 6496 6497 6495
f 6254 6498 6502
f 6498 6499 6503
f 6254 6502 6256
f 6498 6503 6502
f 3981 6500 6499
f 3982 6501 6500
f 6499 6500 6504
f 6500 6501 6505
f 6499 6504 6503
f 6500 6505 6504
f 6256 6502 6506
f 6502 6503 6507
f 6503 6504 6508
f 6504 6505 6509
f 6256 6506 6260
f 6502 6507 6506
f 6503 6508 6507
f 6504 6509 6508
f 3983 6510 6501
f 3988 6511 6510
f 6501 6510 6512
f 6501 6512 6505
f 6510 6513 6512
f 3989 6528 6511
f 6510 6511 6513
f 6511 6528 6532
f 6511 6532 6513
f 6505 6512 6514
f 6512 6513 6515
f 6513 6532 6536
f 6505 6514 6509
f 6512 6515 6514
f 6513 6536 6515
f 6260 6506 6516
f 6260 6516 6270
f 6506 6507 6517
f 6506 6517 6516
f 6270 6516 6520
f 6516 6517 6521
f 6507 6508 6518
f 6507 6518 6517
f 6508 6509 6519
f 6508 6519 6518
f 6517 6518 6522
f 6518 6519 6523
f 6270 6520 6274
f 6516 6521 6520
f 6274 6520 6658
f 6274 6658 6398
f 6520 6521 6660
f 6520 6660 6658
f 6517 6522 6521
f 6518 6523 6522
f 6521 6522 6661
f 6521 6661 6660
f 6522 6523 6662
f 6522 6662 6661
f 6509 6514 6524
f 6509 6524 6519
f 6514 6525 6524
f 6519 6524 6526
f 6514 6515 6525
f 6515 6536 6552
f 6515 6552 6525
f 6524 6525 6527
f 6525 6552 6556
f 6519 6526 6523
f 6524 6527 6526
f 6523 6526 6670
f 6523 6670 6662
f 6526 6672 6670
f 6525 6556 6527
f 6526 6527 6672
f 6527 6556 6560
f 6527 6560 6672
f 3998 6529 6528
f 3999 6530 6529
f 6528 6529 6533
f 6529 6530 6534
f 6528 6533 6532
f 6529 6534 6533
f 4000 6531 6530
f 4001 6540 6531
f 6530 6531 6535
f 6531 6540 6544
f 6530 6535 6534
f 6531 6544 6535
f 6532 6533 6537
f 6533 6534 6538
f 6534 6535 6539
f 6535 6544 6549
f 6534 6539 6538
f 6535 6549 6539
f 6532 6537 6536
f 6533 6538 6537
f 4008 6541 6540
f 4009 6542 6541
f 6540 6541 6545
f 6540 6545 6544
f 6541 6546 6545
f 4012 6543 6542
f 4013 12062 6543
f 6541 6542 6546
f 6542 6543 6547
f 6543 12065 6547
f 6542 6547 6546
f 6544 6545 6550
f 6544 6550 6549
f 6545 6551 6550
f 6545 6546 6551
f 6546 6547 6548
f 6546 6548 6551
f 6547 12066 6548
f 6536 6537 6553
f 6536 6553 6552
f 6537 6554 6553
f 6537 6538 6554
f 6552 6553 6557
f 6553 6554 6558
f 6538 6539 6555
f 6538 6555 6554
f 6539 6549 6565
f 6539 6565 6555
f 6554 6555 6562
f 6555 6565 6569
f 6555 6569 6562
f 6552 6557 6556
f 6553 6558 6557
f 6557 6558 6561
f 6556 6557 6559
f 6557 6561 6559
f 6556 6559 6560
f 6554 6562 6558
f 6558 6562 6563
f 6562 6569 6570
f 6558 6563 6561
f 6562 6570 6563
f 6549 6564 6565
f 6549 6550 6564
f 6550 6566 6564
f 6565 6568 6569
f 6565 6564 6568
f 6564 6572 6568
f 6550 6551 6566
f 6551 6548 6567
f 6551 6567 6566
f 6548 12080 6567
f 6564 6566 6572
f 6566 6567 6573
f 6566 6573 6572
f 6567 12083 6573
f 6569 6568 6571
f 6569 6571 6570
f 6568 6574 6571
f 6572 6573 6575
f 6568 6572 6574
f 6573 12084 6575
f 6572 6575 6574
f 6324 6576 6322
f 6577 6578 6576
f 6324 6577 6576
f 6577 6581 6578
f 6581 6579 6578
f 6582 6580 6579
f 6581 6582 6579
f 6582 6583 6580
f 6330 6577 6324
f 6330 6584 6577
f 6584 6581 6577
f 6584 6585 6581
f 6339 6584 6330
f 6594 6585 6584
f 6585 6582 6581
f 6585 6586 6582
f 6586 6583 6582
f 6586 6587 6583
f 6595 6586 6585
f 6596 6587 6586
f 6583 6588 6580
f 6589 6590 6588
f 6583 6589 6588
f 6591 6481 6590
f 6591 6612 6481
f 6589 6591 6590
f 6593 6612 6591
f 6587 6589 6583
f 6587 6592 6589
f 6592 6591 6589
f 6597 6592 6587
f 6606 6593 6592
f 6592 6593 6591
f 6593 6616 6612
f 6606 6608 6593
f 6608 6616 6593
f 6608 6633 6616
f 6339 6594 6584
f 6594 6595 6585
f 6346 6594 6339
f 6346 6599 6594
f 6599 6595 6594
f 6599 6601 6595
f 6595 6596 6586
f 6596 6597 6587
f 6601 6596 6595
f 6601 6602 6596
f 6602 6597 6596
f 6602 6598 6597
f 6348 6599 6346
f 6600 6601 6599
f 6348 6600 6599
f 6600 6603 6601
f 7124 6603 6600
f 6603 6602 6601
f 6603 6604 6602
f 6604 6598 6602
f 6604 6605 6598
f 7125 6604 6603
f 7126 6605 6604
f 6597 6606 6592
f 6598 6606 6597
f 6607 6608 6606
f 6598 6607 6606
f 6609 6633 6608
f 6607 6609 6608
f 6609 6636 6633
f 6605 6607 6598
f 6605 6610 6607
f 6610 6609 6607
f 7127 6610 6605
f 7137 6611 6610
f 6610 6611 6609
f 6611 6636 6609
f 6611 6640 6636
f 7137 7139 6611
f 7139 6640 6611
f 7139 7193 6640
f 6612 6482 6481
f 6613 6483 6482
f 6612 6613 6482
f 6613 6614 6483
f 6616 6613 6612
f 6617 6614 6613
f 6614 6485 6483
f 6614 6615 6485
f 6615 6492 6485
f 6615 6621 6492
f 6618 6615 6614
f 6619 6621 6615
f 6616 6617 6613
f 6617 6618 6614
f 6633 6617 6616
f 6634 6618 6617
f 6633 6634 6617
f 6634 6635 6618
f 6618 6619 6615
f 6619 6625 6621
f 6635 6619 6618
f 6635 6620 6619
f 6620 6625 6619
f 6620 6627 6625
f 6621 6493 6492
f 6622 6496 6493
f 6621 6622 6493
f 6625 6622 6621
f 6626 6623 6622
f 6623 6497 6496
f 6622 6623 6496
f 6623 6624 6497
f 6624 12017 6497
f 6629 6624 6623
f 6626 6629 6623
f 6629 6630 6624
f 6630 12128 6624
f 6627 6626 6625
f 6625 6626 6622
f 6628 6629 6626
f 6627 6628 6626
f 6631 6630 6629
f 6632 12131 6630
f 6628 6631 6629
f 6631 6632 6630
f 6636 6634 6633
f 6637 6635 6634
f 6636 6637 6634
f 6640 6637 6636
f 6641 6638 6637
f 6637 6638 6635
f 6638 6620 6635
f 6638 6639 6620
f 6639 6627 6620
f 6639 6646 6627
f 6642 6639 6638
f 6644 6646 6639
f 6640 6641 6637
f 6641 6642 6638
f 7193 6641 6640
f 7194 6642 6641
f 7193 7194 6641
f 7194 6643 6642
f 6642 6644 6639
f 6644 6650 6646
f 6645 6650 6644
f 6643 6644 6642
f 6643 6645 6644
f 6645 6652 6650
f 6646 6628 6627
f 6647 6631 6628
f 6646 6647 6628
f 6650 6647 6646
f 6651 6648 6647
f 6650 6651 6647
f 6648 6632 6631
f 6647 6648 6631
f 6648 6649 6632
f 6649 12132 6632
f 6654 6649 6648
f 6651 6654 6648
f 6654 6655 6649
f 6655 12147 6649
f 6652 6651 6650
f 6653 6654 6651
f 7208 6653 6652
f 6652 6653 6651
f 7209 6656 6653
f 6656 6655 6654
f 6656 6657 6655
f 6657 12148 6655
f 6653 6656 6654
f 7212 6657 6656
f 7213 12152 6657
f 6398 6658 6659
f 6658 6660 6663
f 6398 6659 6400
f 6658 6663 6659
f 6660 6661 6664
f 6661 6662 6665
f 6660 6664 6663
f 6661 6665 6664
f 6400 6659 6666
f 6400 6666 6404
f 6659 6663 6667
f 6659 6667 6666
f 6404 6666 6676
f 6666 6667 6677
f 6663 6664 6668
f 6663 6668 6667
f 6664 6665 6669
f 6664 6669 6668
f 6667 6668 6678
f 6668 6669 6679
f 6662 6670 6671
f 6662 6671 6665
f 6670 6673 6671
f 6670 6672 6673
f 6672 6560 6694
f 6672 6694 6673
f 6671 6673 6675
f 6673 6694 6698
f 6665 6671 6674
f 6665 6674 6669
f 6671 6675 6674
f 6669 6674 6688
f 6669 6688 6679
f 6674 6690 6688
f 6673 6698 6675
f 6674 6675 6690
f 6675 6698 6715
f 6675 6715 6690
f 6404 6676 6415
f 6666 6677 6676
f 6415 6676 6683
f 6415 6683 6421
f 6676 6677 6681
f 6676 6681 6683
f 6667 6678 6677
f 6668 6679 6678
f 6678 6679 6680
f 6677 6678 6682
f 6677 6682 6681
f 6678 6680 6682
f 6421 6683 6684
f 6683 6681 6685
f 6683 6685 6684
f 6421 6684 6423
f 6423 6684 7343
f 6684 6685 7345
f 6681 6682 6686
f 6681 6686 6685
f 6682 6680 6687
f 6682 6687 6686
f 6685 6686 7346
f 6686 6687 7347
f 6679 6688 6689
f 6688 6691 6689
f 6679 6689 6680
f 6688 6690 6691
f 6690 6715 6719
f 6690 6719 6691
f 6691 6719 6726
f 6687 7355 7347
f 6692 7357 7355
f 6693 6726 7404
f 6693 7404 7357
f 6680 6689 6692
f 6680 6692 6687
f 6689 6693 6692
f 6687 6692 7355
f 6689 6691 6693
f 6691 6726 6693
f 6692 6693 7357
f 6560 6559 6695
f 6559 6696 6695
f 6560 6695 6694
f 6559 6561 6696
f 6694 6695 6699
f 6695 6696 6700
f 6561 6563 6697
f 6561 6697 6696
f 6563 6570 6703
f 6563 6703 6697
f 6696 6697 6701
f 6697 6703 6708
f 6694 6699 6698
f 6695 6700 6699
f 6698 6699 6716
f 6698 6716 6715
f 6699 6717 6716
f 6699 6700 6717
f 6696 6701 6700
f 6697 6708 6701
f 6701 6709 6702
f 6700 6701 6702
f 6700 6702 6717
f 6701 6708 6709
f 6570 6704 6703
f 6570 6571 6704
f 6571 6705 6704
f 6703 6704 6707
f 6575 12209 6706
f 6571 6574 6705
f 6574 6575 6706
f 6574 6706 6705
f 6705 6712 6711
f 6705 6706 6712
f 6706 12212 6712
f 6704 6705 6711
f 6708 6707 6710
f 6703 6707 6708
f 6704 6711 6707
f 6708 6710 6709
f 6707 6713 6710
f 6707 6711 6713
f 6711 6712 6714
f 6711 6714 6713
f 6712 12213 6714
f 6715 6716 6718
f 6716 6717 6720
f 6715 6718 6719
f 6716 6720 6718
f 6719 6718 6727
f 6718 6720 6728
f 6717 6702 6721
f 6717 6721 6720
f 6702 6709 6729
f 6702 6729 6721
f 6720 6721 6724
f 6721 6729 6733
f 6726 6727 6722
f 6726 6722 7404
f 6727 6723 6722
f 6727 6728 6723
f 6728 6724 6725
f 6724 6733 6735
f 6725 6735 7408
f 6728 6725 6723
f 6724 6735 6725
f 6719 6727 6726
f 6718 6728 6727
f 6720 6724 6728
f 6721 6733 6724
f 6729 6734 6733
f 6730 6737 6734
f 6731 6732 6738
f 6731 6738 6737
f 6732 12233 6738
f 6709 6730 6729
f 6709 6710 6730
f 6710 6731 6730
f 6729 6730 6734
f 6713 6714 6732
f 6710 6713 6731
f 6713 6732 6731
f 6714 12232 6732
f 6730 6731 6737
f 6733 6734 6736
f 6734 6740 6736
f 6735 6736 7409
f 6733 6736 6735
f 6737 6738 6739
f 6734 6737 6740
f 6737 6739 6740
f 6738 12238 6739
f 6736 6740 7410
f 6740 6739 7411
f 6739 12991 7411
f 5731 6298 4691
f 5731 6742 6298
f 6742 6299 6298
f 6742 6741 6299
f 6741 6743 6300
f 5734 6742 5731
f 6746 6743 6741
f 6745 6741 6742
f 6745 6746 6741
f 6746 6749 6743
f 6743 6744 6301
f 6749 6744 6743
f 6749 6750 6744
f 6750 6753 6744
f 5734 6745 6742
f 6747 6746 6745
f 6748 6749 6746
f 5735 6745 5734
f 5735 6747 6745
f 6747 6748 6746
f 6748 6751 6749
f 6751 6750 6749
f 6752 6758 6750
f 6751 6752 6750
f 6764 6759 6752
f 6744 6753 6307
f 6753 6754 6308
f 6750 6758 6753
f 6758 6754 6753
f 6758 6756 6754
f 6754 6755 6309
f 6757 6786 6755
f 6756 6755 6754
f 6756 6757 6755
f 6759 6756 6758
f 6759 6760 6756
f 6752 6759 6758
f 6774 6760 6759
f 6760 6757 6756
f 6760 6761 6757
f 6761 6787 6757
f 6776 6761 6760
f 6777 6792 6761
f 5752 6747 5735
f 5752 6762 6747
f 6762 6748 6747
f 6763 6751 6748
f 6762 6763 6748
f 6763 6765 6751
f 5756 6762 5752
f 5756 6768 6762
f 6769 6765 6763
f 6768 6763 6762
f 6768 6769 6763
f 6769 6770 6765
f 6765 6752 6751
f 6765 6764 6752
f 6770 6764 6765
f 6770 6771 6764
f 6771 6774 6764
f 5758 6768 5756
f 5758 6766 6768
f 6003 6766 5758
f 6936 6767 6766
f 6937 6772 6767
f 6937 6941 6772
f 6941 6773 6772
f 6941 6942 6773
f 6766 6769 6768
f 6767 6770 6769
f 6767 6772 6770
f 6766 6767 6769
f 6772 6771 6770
f 6772 6773 6771
f 6773 6775 6771
f 6942 6780 6773
f 6764 6774 6759
f 6774 6776 6760
f 6771 6775 6774
f 6775 6776 6774
f 6775 6778 6776
f 6776 6777 6761
f 6778 6777 6776
f 6779 6808 6777
f 6778 6779 6777
f 6783 6809 6779
f 6773 6780 6775
f 6780 6778 6775
f 6780 6782 6778
f 6942 6781 6780
f 6781 6782 6780
f 6781 6784 6782
f 6782 6779 6778
f 6782 6783 6779
f 6785 6813 6783
f 6784 6783 6782
f 6784 6785 6783
f 6970 6785 6784
f 6971 6814 6785
f 6787 6788 6786
f 6757 6787 6786
f 6787 6790 6788
f 6790 6789 6788
f 6791 6343 6789
f 6790 6791 6789
f 6793 6791 6790
f 6794 6796 6791
f 6761 6792 6787
f 6792 6790 6787
f 6792 6793 6790
f 6777 6808 6792
f 6808 6793 6792
f 6808 6810 6793
f 6793 6794 6791
f 6810 6794 6793
f 6810 6795 6794
f 6795 6800 6794
f 6796 6344 6343
f 6791 6796 6343
f 6796 6797 6344
f 6797 6347 6344
f 6797 6798 6347
f 6800 6797 6796
f 6801 6798 6797
f 6798 6348 6347
f 6798 6799 6348
f 6804 6805 6799
f 6804 6799 6798
f 6794 6800 6796
f 6800 6801 6797
f 6803 6801 6800
f 6801 6804 6798
f 6802 6804 6801
f 6795 6803 6800
f 6803 6802 6801
f 6802 6806 6804
f 6806 6805 6804
f 6824 6807 6806
f 6806 6807 6805
f 6809 6810 6808
f 6809 6811 6810
f 6779 6809 6808
f 6813 6811 6809
f 6813 6815 6811
f 6811 6795 6810
f 6811 6812 6795
f 6812 6803 6795
f 6815 6812 6811
f 6815 6816 6812
f 6816 6820 6812
f 6783 6813 6809
f 6814 6815 6813
f 6814 6818 6815
f 6785 6814 6813
f 7024 6818 6814
f 7024 7027 6818
f 6818 6816 6815
f 6818 6817 6816
f 6817 6823 6816
f 7027 6817 6818
f 7027 6819 6817
f 6819 6828 6817
f 7029 6830 6819
f 6820 6802 6803
f 6820 6821 6802
f 6812 6820 6803
f 6821 6806 6802
f 6821 6824 6806
f 6823 6821 6820
f 6816 6823 6820
f 6823 6822 6821
f 6822 6824 6821
f 6822 6826 6824
f 6826 6825 6824
f 6824 6825 6807
f 6832 6827 6826
f 6826 6827 6825
f 6828 6822 6823
f 6828 6829 6822
f 6817 6828 6823
f 6829 6826 6822
f 6829 6832 6826
f 6831 6832 6829
f 6819 6830 6828
f 6830 6829 6828
f 6830 6831 6829
f 7044 6831 6830
f 6831 6834 6832
f 7045 6834 6831
f 7045 7055 6834
f 6834 6833 6832
f 6832 6833 6827
f 6834 6835 6833
f 7055 6835 6834
f 7055 6836 6835
f 4767 6839 5819
f 6374 6840 6839
f 6375 6841 6840
f 5819 6839 6848
f 5819 6848 5825
f 6839 6840 6849
f 6840 6841 6850
f 6839 6849 6848
f 6840 6850 6849
f 6376 6842 6841
f 6377 6851 6842
f 6841 6842 6843
f 6841 6843 6850
f 6842 6852 6843
f 5821 6844 6873
f 6844 6845 6874
f 6845 6846 6876
f 6846 6847 6877
f 5825 6848 6844
f 6848 6849 6845
f 6849 6850 6846
f 6849 6846 6845
f 5825 6844 5821
f 6848 6845 6844
f 6850 6843 6847
f 6850 6847 6846
f 6843 6857 6847
f 6842 6851 6852
f 6851 6853 6855
f 6851 6855 6852
f 6853 6854 6856
f 6853 6856 6855
f 6854 6887 6856
f 6852 6859 6857
f 6847 6857 6881
f 6857 6883 6881
f 6857 6859 6883
f 6855 6858 6859
f 6856 6891 6858
f 6859 6858 6884
f 6859 6884 6883
f 6858 6935 6884
f 6843 6852 6857
f 6852 6855 6859
f 6855 6856 6858
f 5849 6880 6860
f 5849 6860 5832
f 6880 6875 6861
f 6875 6878 6862
f 6880 6861 6860
f 6875 6862 6861
f 5832 6860 7112
f 5832 7112 6128
f 6860 6861 7113
f 6861 6862 6864
f 6860 7113 7112
f 6861 6864 7113
f 6878 6879 6863
f 6878 6863 6862
f 6879 6867 6863
f 6862 6863 6865
f 6862 6865 6864
f 6863 6868 6865
f 6882 6885 6869
f 6885 6866 6870
f 6866 6916 6870
f 6868 6871 7117
f 6871 6872 7118
f 6872 7121 7118
f 6867 6869 6871
f 6879 6882 6867
f 6882 6869 6867
f 6863 6867 6868
f 6867 6871 6868
f 6869 6870 6872
f 6870 6917 6872
f 6885 6870 6869
f 6869 6872 6871
f 5821 6873 5845
f 6844 6874 6873
f 6845 6876 6874
f 5845 6873 6880
f 5845 6880 5849
f 6873 6874 6875
f 6874 6876 6878
f 6873 6875 6880
f 6874 6878 6875
f 6876 6877 6879
f 6846 6877 6876
f 6847 6881 6877
f 6876 6879 6878
f 6877 6882 6879
f 6877 6881 6882
f 6881 6883 6885
f 6881 6885 6882
f 6883 6884 6866
f 6884 6908 6866
f 6883 6866 6885
f 6889 6890 6893
f 6854 6886 6887
f 6886 6889 6887
f 6886 6888 6889
f 6856 6887 6891
f 6887 6889 6892
f 6888 6411 6890
f 6888 6890 6889
f 6411 6898 6890
f 6887 6892 6891
f 6858 6891 6935
f 6891 6892 6894
f 6891 6894 6935
f 6889 6893 6892
f 6892 6893 6895
f 6890 6901 6893
f 6892 6895 6894
f 6893 6902 6895
f 6890 6898 6901
f 6898 6897 6900
f 6898 6900 6901
f 6897 6899 6904
f 6897 6904 6900
f 6899 6905 6904
f 6899 6896 6905
f 6411 6418 6898
f 6418 6419 6897
f 6418 6897 6898
f 6419 6422 6899
f 6419 6899 6897
f 6422 6896 6899
f 6422 6423 6896
f 6893 6901 6902
f 6901 6900 6903
f 6900 6904 6906
f 6901 6903 6902
f 6895 6902 6919
f 6902 6903 6920
f 6900 6906 6903
f 6903 6906 6923
f 6904 6907 6906
f 6904 6905 6907
f 6906 6907 6924
f 6866 6908 6916
f 6908 6909 6918
f 6908 6918 6916
f 6909 6910 6911
f 6909 6911 6918
f 6910 6921 6911
f 6872 6917 7121
f 6917 6912 6915
f 6917 6915 7121
f 6915 6914 7123
f 6912 6914 6915
f 6912 6913 6914
f 6913 6929 6914
f 6870 6916 6917
f 6916 6918 6912
f 6916 6912 6917
f 6918 6911 6913
f 6918 6913 6912
f 6911 6927 6913
f 6903 6923 6920
f 6920 6923 6925
f 6921 6922 6928
f 6922 6925 6931
f 6910 6919 6921
f 6919 6920 6922
f 6919 6922 6921
f 6920 6925 6922
f 6906 6924 6923
f 6923 6924 6926
f 6925 6926 6932
f 6923 6926 6925
f 6913 6927 6929
f 6927 6928 6930
f 6928 6931 6933
f 6929 7095 7094
f 6914 6929 7094
f 6929 6930 7095
f 6930 6837 7095
f 6930 6933 6837
f 6927 6930 6929
f 6928 6933 6930
f 6931 6934 6933
f 6931 6932 6934
f 6933 6838 6837
f 6933 6934 6838
f 6911 6921 6927
f 6921 6928 6927
f 6922 6931 6928
f 6925 6932 6931
f 6884 6935 6908
f 6935 6894 6909
f 6935 6909 6908
f 6894 6895 6910
f 6894 6910 6909
f 6895 6919 6910
f 6902 6920 6919
f 6003 6936 6766
f 6005 6936 6003
f 6936 6937 6767
f 6938 6937 6936
f 6938 6939 6937
f 6939 6941 6937
f 6939 6944 6941
f 6005 6938 6936
f 6009 6938 6005
f 6009 6947 6938
f 6940 6944 6939
f 6947 6939 6938
f 6947 6940 6939
f 6940 6945 6944
f 6944 6942 6941
f 6944 6943 6942
f 6943 6781 6942
f 6945 6943 6944
f 6945 6946 6943
f 6946 6968 6943
f 6959 6969 6946
f 6010 6947 6009
f 6010 6948 6947
f 6948 6940 6947
f 6948 6949 6940
f 6949 6945 6940
f 6949 6950 6945
f 6015 6948 6010
f 6950 6946 6945
f 6950 6959 6946
f 6951 6949 6948
f 6951 6954 6949
f 6954 6950 6949
f 6954 6961 6950
f 6015 6951 6948
f 6016 6951 6015
f 6016 6952 6951
f 6055 6952 6016
f 6055 6953 6952
f 6952 6954 6951
f 6952 6955 6954
f 6955 6961 6954
f 6955 6962 6961
f 6953 6955 6952
f 6953 6956 6955
f 6956 6962 6955
f 6956 6963 6962
f 6057 6957 6953
f 6957 6956 6953
f 6957 6958 6956
f 6958 6963 6956
f 6958 6966 6963
f 6989 6958 6957
f 6991 6966 6958
f 6961 6959 6950
f 6961 6960 6959
f 6960 6976 6959
f 6964 6977 6960
f 6962 6960 6961
f 6962 6964 6960
f 6963 6964 6962
f 6963 6965 6964
f 6965 6978 6964
f 6966 6965 6963
f 6966 6967 6965
f 6995 6967 6966
f 6967 6979 6965
f 6997 6980 6967
f 6943 6968 6781
f 6969 6970 6968
f 6946 6969 6968
f 6968 6784 6781
f 6968 6970 6784
f 6969 6972 6970
f 6976 6972 6969
f 6976 6973 6972
f 6970 6971 6785
f 6972 6971 6970
f 6972 6974 6971
f 6974 7024 6971
f 6973 6974 6972
f 6973 6975 6974
f 6975 7025 6974
f 6983 7026 6975
f 6959 6976 6969
f 6960 6977 6976
f 6964 6978 6977
f 6977 6973 6976
f 6977 6981 6973
f 6978 6981 6977
f 6978 6982 6981
f 6965 6979 6978
f 6979 6982 6978
f 6979 6987 6982
f 6967 6980 6979
f 6980 6987 6979
f 6980 6988 6987
f 6981 6975 6973
f 6981 6983 6975
f 6982 6983 6981
f 6982 6984 6983
f 6987 6984 6982
f 6987 6985 6984
f 6984 7035 6983
f 6985 7036 6984
f 6988 6986 6985
f 6986 7037 6985
f 6988 6985 6987
f 7105 7106 7003
f 7106 7110 7007
f 7110 7111 7008
f 7111 7009 7008
f 6073 6989 6957
f 6023 6989 6073
f 6023 6990 6989
f 6025 6990 6023
f 6989 6991 6958
f 6990 6991 6989
f 6991 6995 6966
f 6992 6995 6991
f 6993 6992 6990
f 6990 6992 6991
f 6992 6996 6995
f 6994 6996 6992
f 6031 6993 6025
f 6031 7004 6993
f 6025 6993 6990
f 6994 6999 6996
f 7004 7001 6994
f 7004 6994 6993
f 7001 6999 6994
f 7001 7005 6999
f 6993 6994 6992
f 7005 7006 7000
f 7006 7012 7000
f 6996 6998 6997
f 6999 6998 6996
f 6995 6997 6967
f 6996 6997 6995
f 7000 7013 6998
f 6998 7014 6997
f 6999 7000 6998
f 7005 7000 6999
f 6029 7002 7004
f 7002 7003 7001
f 7002 7001 7004
f 7003 7007 7005
f 7003 7005 7001
f 6123 7105 7002
f 6123 7002 6029
f 7105 7003 7002
f 7106 7007 7003
f 6029 7004 6031
f 7007 7008 7006
f 7007 7006 7005
f 7008 7021 7006
f 7110 7008 7007
f 7111 7115 7009
f 7115 7119 7010
f 7115 7010 7009
f 7010 7011 7023
f 7011 7067 7023
f 7119 7116 7011
f 7119 7011 7010
f 7116 7068 7011
f 7006 7021 7012
f 7012 7018 7015
f 7021 7018 7012
f 7021 7022 7018
f 6997 7014 6980
f 6998 7013 7014
f 7014 6988 6980
f 7014 7020 6988
f 7013 7020 7014
f 7012 7015 7013
f 7013 7015 7020
f 7000 7012 7013
f 7020 7016 6986
f 7015 7016 7020
f 7018 7017 7015
f 7015 7017 7016
f 7016 7038 6986
f 7019 7073 7017
f 7017 7074 7016
f 7022 7023 7019
f 7018 7019 7017
f 7022 7019 7018
f 7023 7075 7019
f 7020 6986 6988
f 7008 7009 7021
f 7009 7022 7021
f 7009 7010 7022
f 7010 7023 7022
f 6057 6953 6055
f 6073 6957 6057
f 6971 7024 6814
f 6974 7025 7024
f 7025 7027 7024
f 7025 7028 7027
f 6975 7026 7025
f 6983 7035 7026
f 7026 7028 7025
f 7026 7030 7028
f 7035 7030 7026
f 7035 7031 7030
f 7028 6819 7027
f 7028 7029 6819
f 7030 7029 7028
f 7030 7032 7029
f 7032 7044 7029
f 7031 7032 7030
f 7031 7033 7032
f 7039 7033 7031
f 7039 7034 7033
f 7033 7047 7032
f 7034 7048 7033
f 7042 7050 7034
f 6984 7036 7035
f 6985 7037 7036
f 7036 7031 7035
f 7037 7039 7036
f 7036 7039 7031
f 7037 7040 7039
f 6986 7038 7037
f 7038 7040 7037
f 7038 7041 7040
f 7040 7034 7039
f 7040 7042 7034
f 7041 7042 7040
f 7041 7043 7042
f 7043 7052 7042
f 7029 7044 6830
f 7044 7045 6831
f 7047 7045 7044
f 7032 7047 7044
f 7047 7046 7045
f 7046 7055 7045
f 7049 7056 7046
f 7046 7056 7055
f 7033 7048 7047
f 7048 7046 7047
f 7048 7049 7046
f 7050 7049 7048
f 7034 7050 7048
f 7042 7052 7050
f 7050 7051 7049
f 7052 7051 7050
f 7052 7053 7051
f 7049 7059 7056
f 7051 7059 7049
f 7051 7060 7059
f 7053 7060 7051
f 7053 7062 7060
f 7065 7053 7052
f 7065 7054 7053
f 7054 7062 7053
f 7054 7063 7062
f 7056 6836 7055
f 7059 7057 7056
f 7056 7057 6836
f 7059 7058 7057
f 7060 7058 7059
f 7062 7061 7060
f 7060 7061 7058
f 7063 7064 7062
f 7062 7064 7061
f 7063 7089 7064
f 7043 7065 7052
f 7067 7070 7080
f 7070 7071 7066
f 7070 7066 7080
f 7066 7081 7078
f 7071 7084 7066
f 7120 7122 7072
f 7011 7068 7067
f 7068 7072 7070
f 7068 7070 7067
f 7116 7120 7068
f 7120 7072 7068
f 7122 7069 7072
f 7122 7123 7069
f 7123 7097 7069
f 7072 7069 7071
f 7072 7071 7070
f 7069 7099 7071
f 7016 7074 7038
f 7017 7073 7074
f 7074 7077 7041
f 7073 7076 7077
f 7074 7041 7038
f 7073 7077 7074
f 7019 7075 7073
f 7023 7067 7075
f 7075 7076 7073
f 7075 7080 7076
f 7067 7080 7075
f 7077 7043 7041
f 7076 7078 7079
f 7077 7079 7043
f 7076 7079 7077
f 7079 7065 7043
f 7078 7085 7079
f 7080 7078 7076
f 7080 7066 7078
f 7085 7054 7065
f 7078 7081 7085
f 7085 7086 7054
f 7081 7082 7086
f 7081 7086 7085
f 7086 7063 7054
f 7082 7087 7091
f 7086 7091 7063
f 7071 7099 7084
f 7099 7098 7083
f 7066 7084 7081
f 7084 7083 7082
f 7084 7082 7081
f 7099 7083 7084
f 7098 7090 7083
f 7098 7103 7090
f 7083 7087 7082
f 7082 7091 7086
f 7083 7090 7087
f 7091 7089 7063
f 7091 7093 7089
f 7090 7088 7087
f 7103 7092 7090
f 7087 7093 7091
f 7087 7088 7093
f 7090 7092 7088
f 7103 7100 7092
f 7097 7096 7098
f 7096 7101 7103
f 7123 7094 7097
f 7094 7095 7096
f 7094 7096 7097
f 7095 7101 7096
f 7095 6837 7101
f 7097 7098 7099
f 7069 7097 7099
f 7096 7103 7098
f 7101 7100 7103
f 7101 7102 7100
f 6837 7102 7101
f 6837 6838 7102
f 7079 7085 7065
f 6128 7107 6125
f 7112 7113 7104
f 7113 6864 7108
f 7112 7104 7107
f 7113 7108 7104
f 6125 7105 6123
f 7107 7104 7106
f 7104 7108 7110
f 7104 7110 7106
f 7107 7106 7105
f 6125 7107 7105
f 6864 6865 7109
f 6864 7109 7108
f 6865 7114 7109
f 7108 7109 7111
f 7108 7111 7110
f 7109 7115 7111
f 6128 7112 7107
f 7109 7114 7115
f 7114 7119 7115
f 7114 7117 7119
f 6865 6868 7114
f 6868 7117 7114
f 7117 7116 7119
f 7117 7118 7116
f 7118 7120 7116
f 6871 7118 7117
f 7118 7121 7120
f 7121 7122 7120
f 7121 6915 7122
f 6915 7123 7122
f 6914 7094 7123
f 6799 6600 6348
f 6799 7124 6600
f 7124 7125 6603
f 6805 7124 6799
f 6805 7131 7124
f 7131 7125 7124
f 7131 7128 7125
f 7125 7126 6604
f 7126 7127 6605
f 7128 7126 7125
f 7128 7129 7126
f 7129 7127 7126
f 7129 7130 7127
f 6807 7131 6805
f 6807 7132 7131
f 7132 7128 7131
f 7132 7134 7128
f 6825 7132 6807
f 7145 7134 7132
f 7145 7147 7134
f 7134 7135 7129
f 7135 7133 7130
f 7134 7129 7128
f 7135 7130 7129
f 7147 7135 7134
f 7147 7148 7135
f 7148 7133 7135
f 7148 7136 7133
f 7127 7137 6610
f 7130 7137 7127
f 7138 7139 7137
f 7130 7138 7137
f 7141 7140 7138
f 7140 7193 7139
f 7140 7195 7193
f 7138 7140 7139
f 7143 7195 7140
f 7142 7143 7141
f 7133 7138 7130
f 7133 7141 7138
f 7136 7141 7133
f 7136 7142 7141
f 7167 7144 7142
f 7144 7200 7143
f 7141 7143 7140
f 7143 7200 7195
f 7142 7144 7143
f 7144 7203 7200
f 7169 7203 7144
f 6825 7145 7132
f 6827 7145 6825
f 7146 7147 7145
f 7146 7150 7147
f 6827 7146 7145
f 6833 7146 6827
f 6833 7155 7146
f 7155 7150 7146
f 7155 7152 7150
f 7150 7148 7147
f 7150 7151 7148
f 7151 7136 7148
f 7151 7149 7136
f 7152 7151 7150
f 7152 7153 7151
f 7153 7149 7151
f 7153 7154 7149
f 6835 7155 6833
f 6835 7156 7155
f 7156 7152 7155
f 7156 7158 7152
f 6836 7156 6835
f 6836 7157 7156
f 7057 7157 6836
f 7157 7158 7156
f 7157 7161 7158
f 7429 7161 7157
f 7429 7163 7161
f 7158 7153 7152
f 7158 7159 7153
f 7161 7159 7158
f 7159 7154 7153
f 7159 7160 7154
f 7162 7160 7159
f 7161 7162 7159
f 7163 7162 7161
f 7163 7164 7162
f 7162 7165 7160
f 7164 7165 7162
f 7164 7166 7165
f 7149 7142 7136
f 7149 7167 7142
f 7168 7169 7167
f 7154 7167 7149
f 7154 7168 7167
f 7160 7168 7154
f 7171 7170 7168
f 7167 7169 7144
f 7169 7226 7203
f 7170 7226 7169
f 7170 7229 7226
f 7168 7170 7169
f 7171 7175 7170
f 7175 7229 7170
f 7175 7231 7229
f 7160 7171 7168
f 7165 7171 7160
f 7165 7172 7171
f 7172 7175 7171
f 7166 7172 7165
f 7166 7173 7172
f 7437 7173 7166
f 7437 7174 7173
f 7173 7176 7172
f 7174 7177 7173
f 7442 7178 7174
f 7172 7176 7175
f 7176 7231 7175
f 7176 7237 7231
f 7177 7237 7176
f 7177 7242 7237
f 7173 7177 7176
f 7174 7178 7177
f 7442 7444 7178
f 7178 7242 7177
f 7178 7243 7242
f 7444 7243 7178
f 7444 7246 7243
f 7445 7246 7444
f 7445 7249 7246
f 6838 7179 7462
f 7179 7180 7462
f 7179 7183 7180
f 7181 7182 7466
f 7183 7184 7181
f 7183 7181 7180
f 7184 7185 7182
f 7184 7182 7181
f 7189 7192 7186
f 7186 7286 7288
f 7472 7288 7290
f 7192 7286 7186
f 7192 7307 7286
f 7379 7190 7187
f 7182 7189 7466
f 7182 7188 7189
f 7188 7192 7189
f 7185 7188 7182
f 7185 7187 7188
f 7187 7191 7188
f 7187 7190 7191
f 7375 7304 7190
f 7190 7301 7191
f 7190 7304 7301
f 7188 7191 7192
f 7191 7307 7192
f 7191 7301 7307
f 7195 7194 7193
f 7196 6643 7194
f 7195 7196 7194
f 7196 7197 6643
f 7200 7196 7195
f 7200 7201 7196
f 7201 7197 7196
f 7201 7202 7197
f 7197 6645 6643
f 7197 7198 6645
f 7198 6652 6645
f 7198 7208 6652
f 7202 7198 7197
f 7202 7199 7198
f 7199 7208 7198
f 7199 7210 7208
f 7203 7201 7200
f 7203 7204 7201
f 7204 7205 7202
f 7204 7202 7201
f 7226 7204 7203
f 7226 7225 7204
f 7225 7205 7204
f 7225 7227 7205
f 7205 7206 7199
f 7205 7199 7202
f 7206 7210 7199
f 7206 7216 7210
f 7227 7206 7205
f 7227 7207 7206
f 7207 7216 7206
f 7207 7218 7216
f 7210 7209 7208
f 7208 7209 6653
f 7211 7212 7209
f 7216 7211 7210
f 7210 7211 7209
f 7217 7214 7211
f 7209 7212 6656
f 7212 7213 6657
f 7214 7213 7212
f 7215 12775 7213
f 7211 7214 7212
f 7214 7215 7213
f 7220 7215 7214
f 7221 12776 7215
f 7218 7217 7216
f 7219 7220 7217
f 7216 7217 7211
f 7256 7219 7218
f 7218 7219 7217
f 7256 7257 7219
f 7257 7222 7219
f 7222 7221 7220
f 7222 7223 7221
f 7223 12782 7221
f 7217 7220 7214
f 7220 7221 7215
f 7219 7222 7220
f 7263 7223 7222
f 7257 7263 7222
f 7263 7224 7223
f 7224 12781 7223
f 7230 7227 7225
f 7229 7225 7226
f 7229 7230 7225
f 7230 7228 7227
f 7231 7230 7229
f 7232 7228 7230
f 7238 7233 7232
f 7231 7232 7230
f 7232 7233 7228
f 7228 7207 7227
f 7228 7234 7207
f 7234 7218 7207
f 7234 7256 7218
f 7235 7256 7234
f 7235 7259 7256
f 7233 7234 7228
f 7233 7235 7234
f 7240 7235 7233
f 7240 7236 7235
f 7236 7259 7235
f 7236 7260 7259
f 7237 7232 7231
f 7237 7238 7232
f 7242 7238 7237
f 7239 7240 7238
f 7242 7239 7238
f 7238 7240 7233
f 7239 7241 7240
f 7243 7239 7242
f 7243 7244 7239
f 7244 7241 7239
f 7245 7247 7244
f 7246 7244 7243
f 7246 7245 7244
f 7244 7247 7241
f 7245 7248 7247
f 7249 7245 7246
f 7249 7250 7245
f 7250 7248 7245
f 7474 7250 7249
f 7474 7284 7250
f 7284 7251 7250
f 7250 7251 7248
f 7284 7285 7251
f 7241 7236 7240
f 7241 7252 7236
f 7247 7252 7241
f 7247 7253 7252
f 7252 7260 7236
f 7252 7270 7260
f 7253 7270 7252
f 7254 7271 7253
f 7253 7271 7270
f 7254 7272 7271
f 7248 7253 7247
f 7248 7254 7253
f 7251 7254 7248
f 7251 7255 7254
f 7285 7255 7251
f 7285 7297 7255
f 7255 7272 7254
f 7255 7276 7272
f 7297 7276 7255
f 7297 7324 7276
f 7259 7257 7256
f 7258 7263 7257
f 7259 7258 7257
f 7260 7258 7259
f 7270 7261 7260
f 7260 7261 7258
f 7261 7264 7258
f 7270 7262 7261
f 7262 7266 7261
f 7264 7224 7263
f 7264 7265 7224
f 7258 7264 7263
f 7266 7265 7264
f 7265 12783 7224
f 7268 12812 7265
f 7261 7266 7264
f 7266 7268 7265
f 7267 7268 7266
f 7262 7267 7266
f 7267 7269 7268
f 7269 12813 7268
f 7279 12814 7269
f 7271 7262 7270
f 7272 7273 7271
f 7271 7273 7262
f 7273 7267 7262
f 7274 7277 7273
f 7272 7274 7273
f 7276 7274 7272
f 7276 7275 7274
f 7275 7278 7274
f 7317 7281 7275
f 7324 7275 7276
f 7324 7317 7275
f 7273 7277 7267
f 7277 7269 7267
f 7278 7279 7277
f 7277 7279 7269
f 7278 7280 7279
f 7274 7278 7277
f 7280 12815 7279
f 7281 7280 7278
f 7275 7281 7278
f 7281 7282 7280
f 7327 7282 7281
f 7317 7327 7281
f 7327 7329 7282
f 7282 12826 7280
f 7329 12827 7282
f 7416 7283 7306
f 7419 7425 7311
f 7283 7311 7337
f 7419 7311 7283
f 7290 7284 7474
f 7290 7291 7284
f 7291 7285 7284
f 7291 7295 7285
f 7307 7308 7287
f 7308 7292 7287
f 7286 7287 7289
f 7286 7289 7288
f 7288 7291 7290
f 7288 7289 7291
f 7287 7294 7289
f 7289 7295 7291
f 7307 7287 7286
f 7308 7293 7292
f 7287 7292 7294
f 7289 7294 7295
f 7296 7320 7319
f 7295 7297 7285
f 7295 7300 7297
f 7300 7324 7297
f 7300 7326 7324
f 7292 7299 7294
f 7292 7298 7299
f 7294 7299 7300
f 7293 7296 7298
f 7293 7298 7292
f 7294 7300 7295
f 7298 7325 7299
f 7296 7319 7298
f 7299 7326 7300
f 7298 7319 7325
f 7299 7325 7326
f 7302 7303 7293
f 7414 7305 7304
f 7415 7306 7305
f 7304 7302 7301
f 7304 7305 7302
f 7305 7303 7302
f 7305 7306 7303
f 7301 7308 7307
f 7302 7293 7308
f 7301 7302 7308
f 7306 7309 7303
f 7303 7309 7296
f 7303 7296 7293
f 7309 7337 7320
f 7283 7337 7309
f 7309 7320 7296
f 7306 7283 7309
f 7311 7310 7337
f 7312 7313 7310
f 7425 7312 7311
f 7425 7422 7312
f 7422 7315 7312
f 7311 7312 7310
f 7422 7427 7315
f 7427 7428 7316
f 7428 12850 7316
f 7313 7314 7335
f 7315 7314 7313
f 7316 12851 7314
f 7314 12842 7335
f 7315 7316 7314
f 7427 7316 7315
f 7312 7315 7313
f 7323 7327 7317
f 7326 7323 7317
f 7320 7322 7319
f 7319 7318 7325
f 7319 7322 7318
f 7325 7318 7323
f 7321 7332 7322
f 7322 7328 7318
f 7318 7333 7323
f 7320 7321 7322
f 7326 7317 7324
f 7325 7323 7326
f 7333 7329 7327
f 7323 7333 7327
f 7333 7336 7329
f 7336 12857 7329
f 7331 7334 7332
f 7321 7331 7332
f 7331 7335 7334
f 7322 7332 7328
f 7332 7330 7328
f 7328 7336 7333
f 7318 7328 7333
f 7332 7334 7330
f 7328 7330 7336
f 7335 12859 7334
f 7334 12858 7330
f 7330 12860 7336
f 7337 7321 7320
f 7337 7310 7321
f 7310 7331 7321
f 7313 7335 7331
f 7310 7313 7331
f 6907 7364 6924
f 7351 7338 7364
f 7352 7353 7339
f 7352 7339 7338
f 7353 7354 7340
f 7353 7340 7339
f 7354 7359 7341
f 7340 7341 7377
f 7354 7341 7340
f 7359 7342 7341
f 7359 7360 7342
f 7360 7381 7386
f 7341 7342 7378
f 7342 7420 7378
f 7342 7386 7420
f 7360 7386 7342
f 6896 7343 7344
f 6896 7344 6905
f 7343 7349 7344
f 7343 7345 7349
f 7345 7346 7350
f 6686 7347 7346
f 7346 7347 7348
f 7345 7350 7349
f 7346 7348 7350
f 6423 7343 6896
f 6684 7345 7343
f 6685 7346 7345
f 6905 7344 7351
f 6905 7351 6907
f 7344 7349 7352
f 7344 7352 7351
f 6907 7351 7364
f 7351 7352 7338
f 7349 7350 7353
f 7349 7353 7352
f 7350 7348 7354
f 7350 7354 7353
f 7347 7355 7356
f 7348 7356 7359
f 7347 7356 7348
f 7355 7358 7356
f 7355 7357 7358
f 7357 7404 7405
f 7357 7405 7358
f 7356 7358 7360
f 7358 7381 7360
f 7358 7405 7381
f 7348 7359 7354
f 7356 7360 7359
f 7365 7361 7370
f 7366 7362 7361
f 7367 7363 7362
f 7362 7363 7373
f 6924 7365 6926
f 7364 7366 7365
f 6924 7364 7365
f 7364 7338 7366
f 6926 7370 6932
f 6926 7365 7370
f 7365 7366 7361
f 7338 7367 7366
f 7339 7368 7367
f 7338 7339 7367
f 7339 7340 7368
f 7366 7367 7362
f 7367 7368 7363
f 7369 7371 7183
f 6932 7370 7369
f 6932 7369 6934
f 7370 7361 7371
f 7370 7371 7369
f 6934 7179 6838
f 6934 7369 7179
f 7369 7183 7179
f 7361 7372 7371
f 7371 7372 7184
f 7362 7373 7372
f 7372 7373 7185
f 7372 7185 7184
f 7361 7362 7372
f 7371 7184 7183
f 7374 7375 7379
f 7368 7374 7363
f 7363 7374 7379
f 7377 7376 7374
f 7377 7378 7376
f 7378 7417 7376
f 7378 7420 7417
f 7376 7414 7375
f 7374 7376 7375
f 7376 7417 7414
f 7340 7377 7368
f 7368 7377 7374
f 7341 7378 7377
f 7373 7379 7187
f 7363 7379 7373
f 7373 7187 7185
f 7379 7375 7190
f 7375 7414 7304
f 7407 7390 7380
f 7389 7394 7423
f 7381 7387 7386
f 7382 7384 7387
f 7381 7382 7387
f 7382 7383 7384
f 7386 7421 7420
f 7387 7385 7421
f 7386 7387 7421
f 7387 7384 7385
f 7383 7380 7388
f 7383 7388 7384
f 7380 7399 7388
f 7380 7390 7399
f 7384 7388 7389
f 7384 7389 7385
f 7388 7394 7389
f 7388 7399 7394
f 7408 7391 7390
f 7409 7392 7391
f 7390 7391 7400
f 7410 7411 7393
f 7411 12967 7393
f 7393 12978 7402
f 7410 7393 7392
f 7391 7392 7401
f 7392 7393 7402
f 7394 7424 7423
f 7395 7426 7424
f 7394 7395 7424
f 7397 7398 7396
f 7397 7396 7426
f 7395 7397 7426
f 7398 12973 7396
f 7391 7401 7400
f 7399 7400 7395
f 7390 7400 7399
f 7399 7395 7394
f 7400 7397 7395
f 7392 7402 7401
f 7400 7401 7397
f 7401 7398 7397
f 7401 7402 7398
f 7402 12972 7398
f 7404 7406 7405
f 6722 7403 7406
f 7404 6722 7406
f 6722 6723 7403
f 7405 7406 7382
f 7405 7382 7381
f 7406 7383 7382
f 7406 7403 7383
f 6723 7407 7403
f 6725 7408 7407
f 6723 6725 7407
f 7403 7407 7380
f 7403 7380 7383
f 7407 7408 7390
f 6735 7409 7408
f 6736 7410 7409
f 7408 7409 7391
f 6740 7411 7410
f 7409 7410 7392
f 7420 7421 7412
f 7420 7412 7417
f 7421 7413 7412
f 7421 7385 7413
f 7417 7415 7414
f 7412 7416 7415
f 7414 7415 7305
f 7412 7413 7416
f 7415 7416 7306
f 7417 7412 7415
f 7413 7418 7419
f 7418 7425 7419
f 7418 7423 7425
f 7385 7418 7413
f 7385 7389 7418
f 7389 7423 7418
f 7413 7419 7416
f 7416 7419 7283
f 7423 7422 7425
f 7423 7424 7422
f 7424 7427 7422
f 7426 7428 7427
f 7424 7426 7427
f 7426 7396 7428
f 7396 12992 7428
f 7057 7429 7157
f 7058 7429 7057
f 7058 7430 7429
f 7061 7430 7058
f 7061 7431 7430
f 7430 7163 7429
f 7430 7433 7163
f 7431 7433 7430
f 7431 7435 7433
f 7432 7439 7435
f 7064 7431 7061
f 7432 7435 7431
f 7089 7432 7064
f 7064 7432 7431
f 7089 7447 7432
f 7447 7439 7432
f 7447 7461 7439
f 7433 7164 7163
f 7433 7434 7164
f 7435 7434 7433
f 7439 7436 7435
f 7435 7436 7434
f 7434 7166 7164
f 7434 7437 7166
f 7436 7437 7434
f 7436 7438 7437
f 7440 7438 7436
f 7461 7440 7439
f 7439 7440 7436
f 7461 7450 7440
f 7440 7441 7438
f 7450 7441 7440
f 7450 7451 7441
f 7438 7174 7437
f 7438 7442 7174
f 7441 7442 7438
f 7443 7444 7442
f 7441 7443 7442
f 7451 7443 7441
f 7451 7467 7443
f 7467 7445 7443
f 7443 7445 7444
f 7467 7471 7445
f 7471 7249 7445
f 7471 7474 7249
f 7100 7446 7092
f 7100 7463 7446
f 7446 7452 7453
f 7463 7452 7446
f 7463 7464 7452
f 7093 7447 7089
f 7093 7449 7447
f 7449 7461 7447
f 7449 7454 7461
f 7092 7448 7088
f 7088 7449 7093
f 7088 7448 7449
f 7092 7446 7448
f 7446 7453 7448
f 7448 7454 7449
f 7448 7453 7454
f 7454 7450 7461
f 7454 7457 7450
f 7457 7451 7450
f 7457 7460 7451
f 7464 7465 7455
f 7452 7456 7453
f 7453 7457 7454
f 7452 7455 7456
f 7453 7456 7457
f 7464 7455 7452
f 7465 7458 7455
f 7465 7466 7458
f 7455 7459 7456
f 7456 7459 7460
f 7455 7458 7459
f 7456 7460 7457
f 7102 7462 7463
f 7102 7463 7100
f 7462 7464 7463
f 7462 7180 7464
f 6838 7462 7102
f 7180 7465 7464
f 7180 7181 7465
f 7181 7466 7465
f 7460 7467 7451
f 7460 7470 7467
f 7470 7471 7467
f 7458 7468 7469
f 7466 7468 7458
f 7466 7189 7468
f 7458 7469 7459
f 7459 7470 7460
f 7459 7469 7470
f 7468 7472 7469
f 7469 7473 7470
f 7189 7186 7468
f 7470 7473 7471
f 7473 7474 7471
f 7473 7290 7474
f 7468 7186 7472
f 7469 7472 7473
f 7186 7288 7472
f 7472 7290 7473
f 2109 7475 7482
f 2110 7476 7475
f 2111 7477 7476
f 2118 7478 7477
f 2119 7484 7478
f 7476 7479 7475
f 7477 7480 7476
f 7476 7480 7479
f 7478 7481 7477
f 7477 7481 7480
f 7484 7489 7478
f 7478 7489 7481
f 7480 7490 7479
f 7481 7491 7480
f 7480 7491 7490
f 2156 7482 7483
f 2157 7483 7485
f 2158 7485 7486
f 2165 7487 7484
f 7475 7479 7493
f 7475 7493 7482
f 7487 7497 7484
f 7484 7497 7489
f 2160 7486 7503
f 7482 7494 7483
f 7483 7495 7485
f 7482 7493 7494
f 7483 7494 7495
f 7485 7506 7486
f 7485 7495 7506
f 2168 7488 7487
f 7488 7498 7487
f 7487 7498 7497
f 2170 7542 7488
f 7488 7501 7498
f 7542 7501 7488
f 7489 7492 7481
f 7497 7499 7489
f 7481 7492 7491
f 7489 7499 7492
f 7479 7490 7496
f 7479 7496 7493
f 7493 7508 7494
f 7494 7509 7495
f 7493 7496 7508
f 7494 7508 7509
f 7498 7500 7497
f 7497 7500 7499
f 7501 7502 7498
f 7498 7502 7500
f 7501 7546 7502
f 2166 7503 7504
f 7486 7507 7503
f 7486 7506 7507
f 7503 7511 7504
f 7503 7507 7511
f 2177 7504 7505
f 7504 7594 7505
f 7504 7511 7594
f 7495 7510 7506
f 7506 7512 7507
f 7495 7509 7510
f 7506 7510 7512
f 7507 7513 7511
f 7507 7512 7513
f 7491 7514 7490
f 7492 7515 7491
f 7491 7515 7514
f 7490 7514 7529
f 7490 7529 7496
f 7514 7534 7529
f 7499 7516 7492
f 7500 7517 7499
f 7492 7516 7515
f 7499 7517 7516
f 7515 7520 7514
f 7516 7521 7515
f 7517 7522 7516
f 7500 7518 7517
f 7502 7518 7500
f 7546 7519 7502
f 7502 7519 7518
f 7518 7523 7517
f 7519 7524 7518
f 7515 7521 7520
f 7516 7522 7521
f 7514 7520 7534
f 7517 7523 7522
f 7518 7524 7523
f 7521 7525 7520
f 7520 7525 7538
f 7522 7526 7521
f 7523 7527 7522
f 7521 7526 7525
f 7522 7527 7526
f 7524 7528 7523
f 7523 7528 7527
f 7496 7530 7508
f 7508 7531 7509
f 7496 7529 7530
f 7508 7530 7531
f 7509 7532 7510
f 7509 7531 7532
f 7529 7535 7530
f 7530 7536 7531
f 7510 7533 7512
f 7510 7532 7533
f 7512 7597 7513
f 7512 7533 7597
f 7531 7537 7532
f 7532 7598 7533
f 7529 7534 7535
f 7530 7535 7536
f 7520 7538 7534
f 7531 7536 7537
f 7532 7537 7598
f 7534 7539 7535
f 7535 7540 7536
f 7534 7538 7539
f 7535 7539 7540
f 7536 7541 7537
f 7536 7540 7541
f 7542 7545 7501
f 7545 7546 7501
f 2196 7543 7542
f 7543 7545 7542
f 7543 7548 7545
f 2198 7544 7543
f 7544 7548 7543
f 7544 7549 7548
f 7608 7549 7544
f 7548 7547 7545
f 7545 7547 7546
f 7548 7550 7547
f 7549 7550 7548
f 7549 7602 7550
f 7524 7556 7528
f 7547 7551 7546
f 7546 7551 7519
f 7547 7552 7551
f 7551 7554 7519
f 7552 7555 7551
f 7550 7552 7547
f 7602 7553 7550
f 7550 7553 7552
f 7553 7559 7552
f 7519 7554 7524
f 7551 7555 7554
f 7554 7556 7524
f 7554 7557 7556
f 7555 7557 7554
f 7555 7558 7557
f 7552 7559 7555
f 7559 7558 7555
f 7553 7621 7559
f 7559 7560 7558
f 7621 7560 7559
f 7526 7561 7525
f 7527 7562 7526
f 7528 7565 7527
f 7526 7562 7561
f 7527 7565 7562
f 7525 7561 7563
f 7525 7563 7538
f 7538 7564 7539
f 7539 7655 7540
f 7540 7656 7541
f 7538 7563 7564
f 7539 7564 7655
f 7561 7660 7563
f 7563 7661 7564
f 7556 7566 7528
f 7528 7566 7565
f 7556 7567 7566
f 7557 7567 7556
f 7557 7568 7567
f 7562 7570 7561
f 7565 7571 7562
f 7566 7572 7565
f 7567 7573 7566
f 7568 7574 7567
f 7558 7568 7557
f 7558 7569 7568
f 7560 7569 7558
f 7569 7575 7568
f 7562 7571 7570
f 7565 7572 7571
f 7561 7570 7660
f 7566 7573 7572
f 7567 7574 7573
f 7571 7576 7570
f 7572 7577 7571
f 7571 7577 7576
f 7573 7578 7572
f 7572 7578 7577
f 7573 7579 7578
f 7568 7575 7574
f 7570 7576 7678
f 7570 7678 7660
f 7574 7579 7573
f 7574 7583 7579
f 7569 7666 7575
f 7575 7583 7574
f 7666 7584 7575
f 7575 7584 7583
f 7577 7581 7576
f 7578 7580 7577
f 7579 7582 7578
f 7577 7580 7581
f 7578 7582 7580
f 7579 7585 7582
f 7576 7581 7683
f 7583 7585 7579
f 7584 7586 7583
f 7583 7586 7585
f 7580 7587 7581
f 7582 7588 7580
f 7580 7588 7587
f 7585 7589 7582
f 7586 7590 7585
f 7582 7589 7588
f 7585 7590 7589
f 7588 7591 7587
f 7589 7592 7588
f 7590 7734 7589
f 7588 7592 7591
f 7589 7734 7592
f 2179 7505 7593
f 7505 7594 7596
f 7505 7596 7593
f 3337 7593 7600
f 7511 7595 7594
f 7511 7513 7595
f 7594 7595 7601
f 7594 7601 7596
f 7513 7597 7616
f 7513 7616 7595
f 7533 7617 7597
f 7533 7598 7617
f 7537 7599 7598
f 7537 7541 7599
f 7598 7619 7617
f 7598 7599 7619
f 7593 7596 7604
f 7593 7604 7600
f 3353 7608 7544
f 7608 7610 7549
f 7596 7601 7605
f 7610 7602 7549
f 3339 7600 7603
f 7600 7606 7603
f 7600 7604 7606
f 3358 7603 7637
f 7603 7606 7638
f 7596 7605 7604
f 7604 7605 7607
f 7604 7607 7606
f 7609 7610 7608
f 3365 7609 7608
f 7609 7612 7610
f 7613 7612 7609
f 7610 7611 7602
f 7612 7611 7610
f 7612 7615 7611
f 3368 7613 7609
f 7613 7614 7612
f 7614 7615 7612
f 7614 7915 7615
f 7597 7618 7616
f 7595 7623 7601
f 7595 7616 7623
f 7616 7625 7623
f 7602 7629 7553
f 7629 7621 7553
f 7597 7617 7618
f 7616 7618 7625
f 7617 7620 7618
f 7617 7619 7620
f 7621 7622 7560
f 7601 7624 7605
f 7601 7623 7624
f 7623 7627 7624
f 7605 7624 7646
f 7605 7646 7607
f 7624 7647 7646
f 7623 7625 7627
f 7618 7620 7626
f 7618 7626 7625
f 7624 7627 7647
f 7625 7626 7628
f 7625 7628 7627
f 7611 7629 7602
f 7611 7630 7629
f 7615 7630 7611
f 7630 7631 7629
f 7629 7631 7621
f 7631 7622 7621
f 7630 7633 7631
f 7631 7632 7622
f 7633 7632 7631
f 7633 7636 7632
f 7615 7634 7630
f 7915 7634 7615
f 7634 7633 7630
f 7916 7635 7634
f 7634 7635 7633
f 7635 7636 7633
f 7635 7918 7636
f 3381 7637 7639
f 7603 7638 7637
f 7637 7638 7642
f 7606 7640 7638
f 7606 7607 7640
f 7637 7642 7639
f 7638 7643 7642
f 7638 7640 7643
f 3383 7639 7641
f 7639 7644 7641
f 7639 7642 7644
f 3388 7641 7732
f 7641 7644 7966
f 7642 7643 7645
f 7642 7645 7644
f 7607 7648 7640
f 7607 7646 7648
f 7627 7628 7649
f 7627 7649 7647
f 7640 7648 7651
f 7646 7650 7648
f 7646 7647 7650
f 7647 7649 7652
f 7647 7652 7650
f 7640 7651 7643
f 7648 7653 7651
f 7643 7651 7733
f 7643 7733 7645
f 7651 7973 7733
f 7648 7650 7653
f 7650 7652 7654
f 7650 7654 7653
f 7651 7653 7973
f 7653 7654 7974
f 7540 7655 7656
f 7564 7662 7655
f 7563 7660 7661
f 7564 7661 7662
f 7541 7657 7599
f 7541 7656 7657
f 7599 7657 7658
f 7655 7663 7656
f 7656 7664 7657
f 7599 7658 7619
f 7619 7668 7620
f 7619 7658 7668
f 7657 7665 7658
f 7560 7659 7569
f 7622 7659 7560
f 7622 7672 7659
f 7659 7666 7569
f 7672 7667 7659
f 7655 7662 7663
f 7656 7663 7664
f 7660 7679 7661
f 7660 7678 7679
f 7661 7680 7662
f 7662 7681 7663
f 7661 7679 7680
f 7662 7680 7681
f 7657 7664 7665
f 7663 7682 7664
f 7663 7681 7682
f 7664 7694 7665
f 7664 7682 7694
f 7659 7667 7666
f 7667 7687 7666
f 7666 7687 7584
f 7658 7670 7668
f 7620 7668 7669
f 7620 7669 7626
f 7626 7669 7715
f 7626 7715 7628
f 7668 7671 7669
f 7669 7717 7715
f 7658 7665 7670
f 7668 7670 7671
f 7665 7694 7697
f 7665 7697 7670
f 7669 7671 7717
f 7670 7698 7671
f 7670 7697 7698
f 7632 7672 7622
f 7632 7673 7672
f 7636 7673 7632
f 7673 7674 7672
f 7667 7704 7687
f 7672 7674 7667
f 7673 7676 7674
f 7674 7704 7667
f 7674 7705 7704
f 7676 7705 7674
f 7636 7675 7673
f 7918 7675 7636
f 7675 7676 7673
f 7918 7940 7675
f 7940 7677 7675
f 7675 7677 7676
f 7676 7709 7705
f 7677 7709 7676
f 7677 7942 7709
f 7576 7683 7678
f 7678 7684 7679
f 7679 7685 7680
f 7678 7683 7684
f 7680 7686 7681
f 7681 7695 7682
f 7679 7684 7685
f 7680 7685 7686
f 7681 7686 7695
f 7687 7688 7584
f 7584 7688 7586
f 7687 7703 7688
f 7581 7587 7689
f 7581 7689 7683
f 7683 7690 7684
f 7684 7693 7685
f 7683 7689 7690
f 7684 7690 7693
f 7685 7700 7686
f 7586 7691 7590
f 7688 7691 7586
f 7688 7692 7691
f 7703 7692 7688
f 7587 7741 7689
f 7691 7735 7590
f 7692 7736 7691
f 7685 7693 7700
f 7689 7742 7690
f 7690 7745 7693
f 7682 7696 7694
f 7694 7699 7697
f 7682 7695 7696
f 7694 7696 7699
f 7697 7723 7698
f 7697 7699 7723
f 7686 7701 7695
f 7686 7700 7701
f 7695 7702 7696
f 7695 7701 7702
f 7693 7746 7700
f 7700 7747 7701
f 7696 7712 7699
f 7696 7702 7712
f 7701 7752 7702
f 7704 7703 7687
f 7705 7706 7704
f 7704 7706 7703
f 7705 7710 7706
f 7703 7707 7692
f 7706 7707 7703
f 7710 7708 7706
f 7706 7708 7707
f 7707 7757 7692
f 7708 7758 7707
f 7709 7710 7705
f 7942 7711 7709
f 7709 7711 7710
f 7942 7943 7711
f 7699 7712 7726
f 7702 7821 7712
f 7710 7713 7708
f 7711 7713 7710
f 7711 7714 7713
f 7713 7767 7708
f 7714 7768 7713
f 7943 7714 7711
f 7628 7715 7716
f 7628 7716 7649
f 7649 7719 7652
f 7649 7716 7719
f 7715 7718 7716
f 7715 7717 7718
f 7671 7722 7717
f 7671 7698 7722
f 7716 7718 7721
f 7717 7725 7718
f 7717 7722 7725
f 7716 7721 7719
f 7652 7719 7720
f 7652 7720 7654
f 7719 8018 7720
f 7718 7725 7729
f 7718 7729 7721
f 7719 7721 8018
f 7721 7729 8023
f 7721 8023 8018
f 7698 7724 7722
f 7698 7723 7724
f 7722 7728 7725
f 7722 7724 7728
f 7699 7726 7723
f 7723 7726 7727
f 7712 7822 7726
f 7723 7727 7724
f 7726 7824 7727
f 7724 7727 7731
f 7725 7730 7729
f 7725 7728 7730
f 7724 7731 7728
f 7728 7731 7959
f 7727 7829 7731
f 7728 7959 7730
f 7641 7966 7732
f 7644 7645 7967
f 7653 7974 7973
f 7654 7720 8017
f 7587 7591 7741
f 7592 7737 7591
f 7590 7735 7734
f 7691 7736 7735
f 7734 7738 7592
f 7735 7739 7734
f 7736 7740 7735
f 7592 7738 7737
f 7734 7739 7738
f 7591 7737 7748
f 7735 7740 7739
f 7591 7748 7741
f 7689 7741 7742
f 7690 7742 7745
f 7741 7749 7742
f 7738 7744 7737
f 7739 7743 7738
f 7740 7761 7739
f 7738 7743 7744
f 7739 7761 7743
f 7737 7744 7754
f 7737 7754 7748
f 7693 7745 7746
f 7700 7746 7747
f 7742 7750 7745
f 7745 7751 7746
f 7701 7747 7752
f 7746 7753 7747
f 7741 7748 7749
f 7742 7749 7750
f 7745 7750 7751
f 7746 7751 7753
f 7747 7766 7752
f 7747 7753 7766
f 7748 7755 7749
f 7748 7754 7755
f 7749 7756 7750
f 7750 7771 7751
f 7749 7755 7756
f 7750 7756 7771
f 7744 7792 7754
f 7754 7793 7755
f 7755 7794 7756
f 7751 7772 7753
f 7692 7757 7736
f 7757 7759 7736
f 7736 7759 7740
f 7707 7758 7757
f 7758 7760 7757
f 7708 7767 7758
f 7767 7765 7758
f 7757 7760 7759
f 7758 7765 7760
f 7759 7762 7740
f 7740 7762 7761
f 7743 7776 7744
f 7761 7775 7743
f 7760 7763 7759
f 7759 7763 7762
f 7765 7764 7760
f 7760 7764 7763
f 7762 7779 7761
f 7763 7781 7762
f 7764 7783 7763
f 7702 7752 7821
f 7752 7766 7823
f 7713 7768 7767
f 7768 7769 7767
f 7767 7769 7765
f 7768 7770 7769
f 7714 8118 7768
f 8118 7770 7768
f 7765 7773 7764
f 7773 7801 7764
f 7751 7771 7772
f 7753 7826 7766
f 7753 7772 7826
f 7756 7798 7771
f 7771 7800 7772
f 7769 7773 7765
f 7769 7774 7773
f 7770 7774 7769
f 7774 7803 7773
f 7770 8120 7774
f 8120 7805 7774
f 7754 7792 7793
f 7755 7793 7794
f 7743 7775 7776
f 7761 7779 7775
f 7762 7781 7779
f 7775 7778 7776
f 7779 7777 7775
f 7775 7777 7778
f 7781 7780 7779
f 7779 7780 7777
f 7781 7782 7780
f 7744 7776 7792
f 7776 7778 7795
f 7763 7783 7781
f 7764 7801 7783
f 7783 7782 7781
f 7783 7784 7782
f 7801 7784 7783
f 7777 7785 7778
f 7780 7786 7777
f 7777 7786 7785
f 7780 7787 7786
f 7778 7785 7808
f 7782 7787 7780
f 7784 7788 7782
f 7782 7788 7787
f 7784 7807 7788
f 7786 7789 7785
f 7787 7790 7786
f 7788 7791 7787
f 7786 7790 7789
f 7787 7791 7790
f 7790 7850 7789
f 7791 7849 7790
f 7776 7795 7792
f 7801 7802 7784
f 7778 7808 7795
f 7802 7807 7784
f 7756 7794 7798
f 7792 7796 7793
f 7793 7797 7794
f 7792 7795 7796
f 7793 7796 7797
f 7794 7797 7799
f 7794 7799 7798
f 7771 7798 7800
f 7798 7799 7832
f 7798 7832 7800
f 7795 7809 7796
f 7796 7810 7797
f 7795 7808 7809
f 7796 7809 7810
f 7797 7811 7799
f 7797 7810 7811
f 7799 7838 7832
f 7799 7811 7838
f 7773 7803 7801
f 7803 7802 7801
f 7803 7804 7802
f 7774 7805 7803
f 7805 7804 7803
f 7802 7815 7807
f 7804 7815 7802
f 7804 7819 7815
f 7805 7806 7804
f 8121 7806 7805
f 7806 7819 7804
f 7806 8123 7819
f 7785 7812 7808
f 7807 7816 7788
f 7785 7789 7812
f 7788 7816 7791
f 7816 7852 7791
f 7808 7813 7809
f 7809 7814 7810
f 7808 7812 7813
f 7810 7839 7811
f 7809 7813 7814
f 7810 7814 7839
f 7789 7851 7812
f 7812 7878 7813
f 7813 7879 7814
f 7815 7817 7807
f 7807 7817 7816
f 7819 7818 7815
f 7815 7818 7817
f 7817 7853 7816
f 7818 7854 7817
f 8123 7820 7819
f 7819 7820 7818
f 7820 7855 7818
f 7712 7821 7822
f 7752 7823 7821
f 7821 7825 7822
f 7821 7823 7825
f 7726 7822 7824
f 7822 7830 7824
f 7822 7825 7830
f 7766 7827 7823
f 7766 7826 7827
f 7772 7833 7826
f 7826 7835 7827
f 7823 7828 7825
f 7823 7827 7828
f 7825 7828 7831
f 7827 7837 7828
f 7727 7824 7829
f 7824 8133 7829
f 7824 7830 8133
f 7731 7829 8132
f 7825 7831 7830
f 7830 8134 8133
f 7830 7831 8134
f 7828 7846 7831
f 7772 7800 7833
f 7800 7832 7834
f 7800 7834 7833
f 7826 7833 7835
f 7833 7834 7836
f 7832 7840 7834
f 7832 7838 7840
f 7833 7836 7835
f 7834 7840 7842
f 7827 7835 7837
f 7835 7836 7845
f 7835 7845 7837
f 7834 7842 7836
f 7836 7847 7845
f 7836 7842 7847
f 7811 7841 7838
f 7811 7839 7841
f 7814 7880 7839
f 7838 7843 7840
f 7838 7841 7843
f 7839 7881 7841
f 7840 7844 7842
f 7840 7843 7844
f 7842 7844 7848
f 7841 7882 7843
f 7843 7900 7844
f 7828 7837 7846
f 7837 7845 8152
f 7837 8152 7846
f 7845 7847 8155
f 7845 8155 8152
f 7842 7848 7847
f 7844 8190 7848
f 7790 7849 7850
f 7791 7852 7849
f 7789 7850 7851
f 7812 7851 7878
f 7850 7883 7851
f 7816 7853 7852
f 7817 7854 7853
f 7818 7855 7854
f 7849 7856 7850
f 7852 7857 7849
f 7853 7858 7852
f 7849 7857 7856
f 7852 7858 7857
f 7854 7859 7853
f 7850 7856 7883
f 7853 7859 7858
f 7854 7866 7859
f 7820 8167 7855
f 7855 7866 7854
f 8167 7869 7855
f 7855 7869 7866
f 7857 7860 7856
f 7858 7861 7857
f 7857 7861 7860
f 7858 7862 7861
f 7859 7862 7858
f 7861 7863 7860
f 7862 7864 7861
f 7859 7867 7862
f 7867 7865 7862
f 7861 7864 7863
f 7862 7865 7864
f 7864 7872 7863
f 7865 7873 7864
f 7856 7860 7885
f 7856 7885 7883
f 7860 7890 7885
f 7866 7867 7859
f 7866 7868 7867
f 7869 7868 7866
f 7868 7870 7867
f 8168 7871 7868
f 7869 8168 7868
f 7860 7863 7890
f 7867 7870 7865
f 7868 7871 7870
f 7870 7874 7865
f 7871 7875 7870
f 7864 7873 7872
f 7865 7874 7873
f 7870 7875 7874
f 7863 7872 7902
f 7873 7876 7872
f 7874 7877 7873
f 7875 8171 7874
f 7873 7877 7876
f 7874 8171 7877
f 7872 7876 7907
f 7877 8173 7876
f 7813 7878 7879
f 7814 7879 7880
f 7851 7884 7878
f 7878 7886 7879
f 7851 7883 7884
f 7839 7880 7881
f 7878 7884 7886
f 7879 7887 7880
f 7880 7893 7881
f 7879 7886 7887
f 7880 7887 7893
f 7841 7881 7882
f 7843 7882 7900
f 7881 7896 7882
f 7881 7893 7896
f 7882 7896 8192
f 7883 7888 7884
f 7883 7885 7888
f 7884 7889 7886
f 7884 7888 7889
f 7886 7894 7887
f 7886 7889 7894
f 7885 7891 7888
f 7888 7892 7889
f 7889 7898 7894
f 7863 7902 7890
f 7885 7890 7891
f 7888 7891 7892
f 7889 7892 7898
f 7890 7903 7891
f 7891 7904 7892
f 7887 7895 7893
f 7887 7894 7895
f 7894 7899 7895
f 7893 7897 7896
f 7893 7895 7897
f 7895 7901 7897
f 7894 7898 7899
f 7892 7905 7898
f 7895 7899 7901
f 7898 7906 7899
f 7844 7900 8190
f 7882 8192 7900
f 7896 7897 8193
f 7899 8224 7901
f 7890 7902 7903
f 7891 7903 7904
f 7872 7907 7902
f 7892 7904 7905
f 7898 7905 7906
f 7899 7906 8224
f 7902 7908 7903
f 7903 7909 7904
f 7904 7910 7905
f 7902 7907 7908
f 7903 7908 7909
f 7904 7909 7910
f 7905 8226 7906
f 7905 7910 8226
f 7876 8173 7911
f 7876 7911 7907
f 7907 7912 7908
f 7907 7911 7912
f 7908 8221 7909
f 7909 8231 7910
f 7908 7912 8221
f 3611 7913 7613
f 7913 7614 7613
f 7913 7914 7614
f 7914 7915 7614
f 7914 7920 7915
f 7915 7916 7634
f 7920 7916 7915
f 7916 7917 7635
f 7917 7918 7635
f 7917 7929 7918
f 7919 7914 7913
f 3625 7919 7913
f 7919 7921 7914
f 7923 7921 7919
f 7921 7920 7914
f 7921 7922 7920
f 3628 7923 7919
f 7923 7925 7921
f 7925 7922 7921
f 3632 7924 7923
f 7924 7925 7923
f 7924 7927 7925
f 7925 7926 7922
f 7927 7926 7925
f 7927 7938 7926
f 7920 7928 7916
f 7928 7917 7916
f 7922 7928 7920
f 7922 7932 7928
f 7932 7930 7928
f 7930 7929 7917
f 7928 7930 7917
f 7930 7931 7929
f 7934 7931 7930
f 7926 7932 7922
f 7932 7934 7930
f 7934 7935 7931
f 7926 7933 7932
f 7933 7934 7932
f 7938 7933 7926
f 7938 7939 7933
f 7939 7936 7933
f 7933 7936 7934
f 7936 7935 7934
f 7936 7937 7935
f 8001 7937 7936
f 3639 7991 7924
f 7991 7927 7924
f 7991 7992 7927
f 7992 7938 7927
f 7939 8001 7936
f 8001 8002 7937
f 7929 7940 7918
f 7940 7941 7677
f 7941 7942 7677
f 7941 7952 7942
f 7952 7943 7942
f 7943 7956 7714
f 7956 8118 7714
f 7929 7944 7940
f 7944 7941 7940
f 7931 7944 7929
f 7931 7945 7944
f 7945 7946 7944
f 7944 7946 7941
f 7946 7952 7941
f 7946 7954 7952
f 7945 7947 7946
f 7947 7954 7946
f 7947 7960 7954
f 7935 7945 7931
f 7935 7948 7945
f 7948 7947 7945
f 7937 7948 7935
f 7937 7949 7948
f 8002 7949 7937
f 7949 7950 7948
f 7948 7950 7947
f 7950 7960 7947
f 7950 7962 7960
f 7949 7951 7950
f 7951 7962 7950
f 7951 8047 7962
f 7952 7953 7943
f 7954 7953 7952
f 7960 7955 7954
f 7954 7955 7953
f 7953 7956 7943
f 7953 7957 7956
f 7957 8125 7956
f 7955 7957 7953
f 7955 7958 7957
f 7958 8127 7957
f 7729 7730 8024
f 7730 7959 8027
f 7731 8132 7959
f 7961 7958 7955
f 7962 7961 7960
f 7960 7961 7955
f 8047 7963 7962
f 7962 7963 7961
f 7961 7964 7958
f 7963 7964 7961
f 7964 8135 7958
f 7963 7965 7964
f 8048 7965 7963
f 7965 8137 7964
f 3400 7732 7968
f 7732 7966 7970
f 7732 7970 7968
f 7644 7967 7966
f 7966 7967 7971
f 3681 7968 7969
f 7968 7970 7981
f 7968 7981 7969
f 7966 7971 7970
f 7970 7982 7981
f 7970 7971 7982
f 7645 7972 7967
f 7645 7733 7972
f 7733 7975 7972
f 7733 7973 7975
f 7973 7974 7977
f 7973 7977 7975
f 7967 7972 7976
f 7967 7976 7971
f 7972 7978 7976
f 7971 7976 7985
f 7972 7975 7978
f 7975 7977 7979
f 7975 7979 7978
f 7971 7985 7982
f 7976 7978 7986
f 3683 7969 7980
f 7969 7981 7983
f 7969 7983 7980
f 3695 7980 8011
f 7981 7982 7984
f 7981 7984 7983
f 7980 7983 8012
f 7980 8012 8011
f 7983 8013 8012
f 7983 7984 8013
f 7976 7986 7985
f 7982 7985 7988
f 7982 7988 7984
f 7985 7989 7988
f 7978 7979 7987
f 7978 7987 7986
f 7985 7986 7989
f 7986 7987 7990
f 7986 7990 7989
f 7984 7988 8014
f 3712 7994 7991
f 7994 7992 7991
f 7994 7995 7992
f 7992 7993 7938
f 7995 7993 7992
f 7995 7996 7993
f 3716 7997 7994
f 7997 7995 7994
f 7997 7998 7995
f 8064 7998 7997
f 7998 7996 7995
f 7998 7999 7996
f 8065 7999 7998
f 7993 7939 7938
f 7993 8000 7939
f 8000 8001 7939
f 7996 8000 7993
f 8005 8003 8000
f 8003 8002 8001
f 8000 8003 8001
f 8003 8004 8002
f 8007 8004 8003
f 7996 8005 8000
f 8005 8007 8003
f 7999 8005 7996
f 8006 8007 8005
f 7999 8006 8005
f 8007 8008 8004
f 8006 8009 8007
f 8009 8008 8007
f 8009 8010 8008
f 3699 8011 8482
f 8011 8012 8483
f 8012 8013 8484
f 7984 8014 8013
f 7988 8015 8014
f 7988 7989 8015
f 7989 7990 8016
f 7989 8016 8015
f 7654 8017 7974
f 7720 8019 8017
f 7974 8017 8020
f 7974 8020 7977
f 7720 8018 8019
f 8018 8023 8025
f 8018 8025 8019
f 8017 8019 8021
f 8019 8025 8028
f 7977 8020 8022
f 8017 8021 8020
f 7977 8022 7979
f 8019 8028 8021
f 8020 8021 8033
f 8020 8033 8022
f 8021 8028 8035
f 8021 8035 8033
f 7729 8024 8023
f 8023 8024 8026
f 8023 8026 8025
f 7730 8027 8024
f 7959 8245 8027
f 8024 8027 8029
f 8024 8029 8026
f 8027 8249 8029
f 8025 8030 8028
f 8025 8026 8030
f 8026 8029 8031
f 8026 8031 8030
f 8047 8048 7963
f 8051 8138 7965
f 8028 8036 8035
f 8028 8030 8036
f 8030 8031 8039
f 8029 8252 8031
f 7979 8022 8032
f 7979 8032 7987
f 8022 8034 8032
f 7987 8032 8059
f 8022 8033 8034
f 8033 8035 8037
f 8032 8034 8060
f 8033 8037 8034
f 7987 8059 7990
f 8032 8060 8059
f 8034 8037 8061
f 8035 8036 8038
f 8035 8038 8037
f 8030 8039 8036
f 8031 8271 8039
f 8036 8039 8040
f 8036 8040 8038
f 8039 8309 8040
f 8002 8041 7949
f 8041 7951 7949
f 8004 8041 8002
f 8004 8042 8041
f 8042 8043 8041
f 8041 8043 7951
f 8043 8047 7951
f 8043 8049 8047
f 8042 8044 8043
f 8044 8049 8043
f 8044 8053 8049
f 8008 8042 8004
f 8008 8045 8042
f 8045 8044 8042
f 8010 8045 8008
f 8010 8093 8045
f 8093 8046 8045
f 8045 8046 8044
f 8046 8053 8044
f 8046 8055 8053
f 8093 8094 8046
f 8094 8055 8046
f 8094 8101 8055
f 8049 8048 8047
f 8049 8050 8048
f 8053 8050 8049
f 8048 8051 7965
f 8050 8051 8048
f 8052 8281 8051
f 8050 8052 8051
f 8054 8052 8050
f 8053 8054 8050
f 8057 8283 8052
f 8055 8054 8053
f 8055 8056 8054
f 8101 8056 8055
f 8054 8057 8052
f 8056 8057 8054
f 8058 8288 8057
f 8056 8058 8057
f 8102 8058 8056
f 8105 8290 8058
f 7990 8059 8497
f 7990 8497 8016
f 8059 8498 8497
f 8034 8061 8060
f 8059 8060 8498
f 8060 8061 8503
f 8060 8503 8498
f 8037 8062 8061
f 8037 8038 8062
f 8061 8062 8504
f 8038 8040 8063
f 8038 8063 8062
f 8040 8311 8063
f 8062 8063 8505
f 3759 8064 7997
f 8064 8065 7998
f 8067 8065 8064
f 8065 8066 7999
f 8066 8006 7999
f 8066 8073 8006
f 8073 8009 8006
f 8073 8074 8009
f 8074 8010 8009
f 3766 8067 8064
f 8067 8068 8065
f 8068 8066 8065
f 8068 8070 8066
f 8069 8068 8067
f 3770 8069 8067
f 8069 8071 8068
f 8082 8071 8069
f 8071 8070 8068
f 8071 8072 8070
f 8084 8072 8071
f 8070 8073 8066
f 8070 8076 8073
f 8076 8074 8073
f 8074 8075 8010
f 8076 8077 8074
f 8077 8075 8074
f 8077 8078 8075
f 8072 8076 8070
f 8072 8079 8076
f 8079 8077 8076
f 8080 8078 8077
f 8079 8080 8077
f 8085 8079 8072
f 8088 8080 8079
f 8080 8081 8078
f 8089 8081 8080
f 3788 8082 8069
f 8082 8084 8071
f 8083 8084 8082
f 3790 8083 8082
f 8083 8086 8084
f 8084 8085 8072
f 8086 8085 8084
f 8086 8087 8085
f 3971 8529 8083
f 8529 8086 8083
f 8530 8087 8086
f 8085 8088 8079
f 8087 8088 8085
f 8087 8091 8088
f 8091 8089 8088
f 8088 8089 8080
f 8089 8090 8081
f 8091 8092 8089
f 8092 8090 8089
f 8092 8533 8090
f 8075 8093 8010
f 8101 8102 8056
f 8075 8095 8093
f 8095 8094 8093
f 8078 8095 8075
f 8097 8096 8095
f 8095 8096 8094
f 8096 8101 8094
f 8096 8103 8101
f 8098 8103 8096
f 8078 8097 8095
f 8081 8097 8078
f 8097 8098 8096
f 8098 8107 8103
f 8099 8098 8097
f 8081 8099 8097
f 8100 8107 8098
f 8099 8100 8098
f 8100 8109 8107
f 8103 8102 8101
f 8103 8104 8102
f 8107 8104 8103
f 8102 8105 8058
f 8104 8105 8102
f 8106 8421 8105
f 8104 8106 8105
f 8107 8108 8104
f 8108 8106 8104
f 8108 8111 8106
f 8111 8423 8106
f 8109 8108 8107
f 8109 8110 8108
f 8110 8111 8108
f 8110 8112 8111
f 8112 8427 8111
f 8090 8099 8081
f 8113 8100 8099
f 8090 8113 8099
f 8533 8113 8090
f 8533 8551 8113
f 8551 8114 8113
f 8113 8114 8100
f 8114 8109 8100
f 8114 8115 8109
f 8553 8115 8114
f 8115 8110 8109
f 8115 8116 8110
f 8555 8116 8115
f 8116 8112 8110
f 8116 8117 8112
f 8117 8446 8112
f 8118 8119 7770
f 8119 8120 7770
f 8119 8129 8120
f 8129 8121 8120
f 8120 8121 7805
f 8121 8122 7806
f 8122 8123 7806
f 8122 8146 8123
f 8146 8124 8123
f 8123 8124 7820
f 8124 8167 7820
f 7956 8125 8118
f 8125 8119 8118
f 8125 8126 8119
f 7957 8127 8125
f 8127 8126 8125
f 7958 8135 8127
f 8135 8128 8127
f 8127 8128 8126
f 8126 8129 8119
f 8126 8130 8129
f 8130 8142 8129
f 8128 8130 8126
f 8128 8131 8130
f 8136 8131 8128
f 8131 8144 8130
f 7829 8244 8132
f 7829 8133 8244
f 8133 8134 8247
f 7831 8153 8134
f 7964 8137 8135
f 8137 8136 8135
f 8135 8136 8128
f 8137 8139 8136
f 8138 8139 8137
f 7965 8138 8137
f 8138 8251 8139
f 8136 8140 8131
f 8139 8140 8136
f 8140 8157 8131
f 8141 8159 8140
f 8139 8141 8140
f 8251 8141 8139
f 8284 8161 8141
f 8142 8122 8121
f 8129 8142 8121
f 8142 8143 8122
f 8143 8146 8122
f 8143 8148 8146
f 8130 8144 8142
f 8144 8143 8142
f 8145 8148 8143
f 8144 8145 8143
f 8131 8157 8144
f 8157 8145 8144
f 8157 8158 8145
f 8145 8149 8148
f 8158 8149 8145
f 8146 8147 8124
f 8148 8147 8146
f 8147 8176 8124
f 8150 8177 8147
f 8148 8150 8147
f 8149 8150 8148
f 8163 8151 8149
f 8149 8151 8150
f 8151 8178 8150
f 7831 7846 8153
f 7846 8152 8154
f 7846 8154 8153
f 8152 8155 8259
f 8152 8259 8154
f 7847 8156 8155
f 7847 7848 8156
f 8155 8260 8259
f 8155 8156 8260
f 7848 8191 8156
f 8159 8158 8157
f 8140 8159 8157
f 8159 8160 8158
f 8158 8163 8149
f 8160 8163 8158
f 8160 8165 8163
f 8141 8161 8159
f 8161 8160 8159
f 8161 8162 8160
f 8162 8165 8160
f 8162 8264 8165
f 8163 8164 8151
f 8165 8164 8163
f 8164 8200 8151
f 8165 8166 8164
f 8166 8201 8164
f 8264 8166 8165
f 8264 8265 8166
f 8265 8202 8166
f 8124 8176 8167
f 8176 8179 8167
f 8167 8179 7869
f 8179 8168 7869
f 8179 8180 8168
f 8180 8169 8168
f 8168 8169 7871
f 8169 8170 7871
f 7871 8170 7875
f 8169 8209 8170
f 8170 8172 7875
f 7875 8172 8171
f 8170 8211 8172
f 8171 8174 7877
f 8172 8175 8171
f 8211 8218 8172
f 7877 8174 8173
f 8171 8175 8174
f 8172 8218 8175
f 8174 8800 8173
f 8175 8801 8174
f 8174 8801 8800
f 8147 8177 8176
f 8176 8181 8179
f 8177 8181 8176
f 8177 8185 8181
f 8150 8178 8177
f 8151 8200 8178
f 8178 8185 8177
f 8178 8187 8185
f 8200 8187 8178
f 8181 8180 8179
f 8181 8182 8180
f 8182 8183 8180
f 8185 8182 8181
f 8180 8183 8169
f 8183 8209 8169
f 8182 8184 8183
f 8184 8210 8183
f 8186 8184 8182
f 8185 8186 8182
f 8187 8186 8185
f 8188 8189 8186
f 8187 8188 8186
f 8186 8189 8184
f 8189 8214 8184
f 8188 8199 8189
f 8199 8215 8189
f 7900 8195 8190
f 7900 8192 8195
f 7848 8190 8191
f 8156 8191 8324
f 8190 8197 8191
f 8190 8195 8197
f 8200 8203 8187
f 7896 8193 8192
f 7897 8194 8193
f 8192 8193 8196
f 8192 8196 8195
f 7897 7901 8194
f 8193 8194 8198
f 7901 8225 8194
f 8193 8198 8196
f 8195 8196 8326
f 8195 8326 8197
f 8196 8329 8326
f 8194 8228 8198
f 8196 8198 8329
f 8203 8188 8187
f 8204 8199 8188
f 8164 8201 8200
f 8201 8203 8200
f 8201 8206 8203
f 8202 8206 8201
f 8166 8202 8201
f 8202 8333 8206
f 8203 8204 8188
f 8206 8204 8203
f 8207 8205 8204
f 8204 8205 8199
f 8205 8236 8199
f 8206 8207 8204
f 8207 8208 8205
f 8208 8237 8205
f 8333 8207 8206
f 8333 8334 8207
f 8334 8208 8207
f 8334 8335 8208
f 8335 8240 8208
f 8183 8210 8209
f 8184 8214 8210
f 8209 8211 8170
f 8209 8212 8211
f 8210 8212 8209
f 8214 8213 8210
f 8210 8213 8212
f 8189 8215 8214
f 8215 8216 8214
f 8214 8216 8213
f 8236 8217 8215
f 8215 8217 8216
f 8211 8219 8218
f 8212 8219 8211
f 8213 8220 8212
f 8212 8220 8219
f 8213 8222 8220
f 8218 8804 8175
f 8175 8804 8801
f 8218 8806 8804
f 8173 8800 8815
f 8219 8806 8218
f 8219 8808 8806
f 8220 8808 8219
f 8220 8819 8808
f 7909 8221 8231
f 8173 8815 7911
f 7911 8817 7912
f 7912 8834 8221
f 7911 8815 8817
f 7912 8817 8834
f 8222 8819 8220
f 8216 8222 8213
f 8216 8223 8222
f 8217 8223 8216
f 8217 8235 8223
f 8222 8821 8819
f 8223 8821 8222
f 8223 8823 8821
f 8235 8823 8223
f 7901 8224 8225
f 7906 8227 8224
f 7906 8226 8227
f 8224 8229 8225
f 8224 8227 8229
f 8194 8225 8228
f 8198 8228 8344
f 8225 8229 8230
f 8225 8230 8228
f 8199 8236 8215
f 7910 8232 8226
f 7910 8231 8232
f 8226 8233 8227
f 8226 8232 8233
f 8221 8836 8231
f 8221 8834 8836
f 8231 8838 8232
f 8231 8836 8838
f 8232 8845 8233
f 8232 8838 8845
f 8227 8234 8229
f 8227 8233 8234
f 8229 8234 8348
f 8233 8848 8234
f 8233 8845 8848
f 8235 8857 8823
f 8229 8348 8230
f 8234 8848 9003
f 8205 8237 8236
f 8236 8238 8217
f 8237 8238 8236
f 8237 8239 8238
f 8208 8240 8237
f 8240 8239 8237
f 8240 8241 8239
f 8238 8235 8217
f 8238 8242 8235
f 8239 8242 8238
f 8242 8857 8235
f 8242 8860 8857
f 8239 8243 8242
f 8243 8860 8242
f 8243 8863 8860
f 8241 8243 8239
f 8241 8352 8243
f 8352 8863 8243
f 7959 8132 8245
f 8132 8246 8245
f 8132 8244 8246
f 8027 8245 8249
f 8245 8246 8250
f 8133 8247 8244
f 8244 8247 8248
f 8134 8255 8247
f 8244 8248 8246
f 8246 8248 8254
f 8247 8257 8248
f 8245 8250 8249
f 8029 8249 8252
f 8246 8254 8250
f 8248 8266 8254
f 8251 8284 8141
f 8249 8250 8253
f 8249 8253 8252
f 8031 8252 8271
f 8250 8273 8253
f 8250 8254 8273
f 8254 8275 8273
f 8134 8153 8255
f 8153 8154 8256
f 8153 8256 8255
f 8154 8259 8261
f 8154 8261 8256
f 8247 8255 8257
f 8255 8256 8258
f 8255 8258 8257
f 8256 8261 8263
f 8256 8263 8258
f 8156 8324 8260
f 8259 8262 8261
f 8259 8260 8262
f 8261 8268 8263
f 8261 8262 8268
f 8260 8325 8262
f 8248 8257 8266
f 8257 8258 8267
f 8262 8336 8268
f 8293 8162 8161
f 8294 8264 8162
f 8257 8267 8266
f 8258 8263 8269
f 8258 8269 8267
f 8254 8266 8275
f 8266 8267 8276
f 8266 8276 8275
f 8267 8279 8276
f 8267 8269 8279
f 8263 8270 8269
f 8263 8268 8270
f 8269 8270 8280
f 8268 8337 8270
f 8252 8253 8272
f 8252 8272 8271
f 8039 8271 8309
f 8271 8310 8309
f 8271 8272 8310
f 8253 8273 8274
f 8253 8274 8272
f 8273 8277 8274
f 8272 8274 8313
f 8273 8275 8277
f 8275 8276 8278
f 8276 8279 8316
f 8275 8278 8277
f 8276 8316 8278
f 8269 8280 8279
f 8279 8280 8317
f 8270 8359 8280
f 8279 8317 8316
f 8281 8251 8138
f 8051 8281 8138
f 8281 8282 8251
f 8052 8283 8281
f 8283 8282 8281
f 8283 8286 8282
f 8282 8284 8251
f 8285 8293 8284
f 8282 8285 8284
f 8286 8285 8282
f 8286 8287 8285
f 8287 8295 8285
f 8057 8288 8283
f 8288 8286 8283
f 8288 8289 8286
f 8058 8290 8288
f 8290 8289 8288
f 8290 8291 8289
f 8289 8287 8286
f 8289 8292 8287
f 8292 8301 8287
f 8291 8292 8289
f 8291 8315 8292
f 8315 8303 8292
f 8284 8293 8161
f 8293 8294 8162
f 8294 8297 8264
f 8285 8295 8293
f 8295 8294 8293
f 8295 8296 8294
f 8296 8297 8294
f 8301 8296 8295
f 8296 8299 8297
f 8297 8265 8264
f 8297 8298 8265
f 8298 8367 8265
f 8299 8298 8297
f 8299 8300 8298
f 8300 8368 8298
f 8287 8301 8295
f 8301 8302 8296
f 8302 8299 8296
f 8302 8305 8299
f 8305 8300 8299
f 8306 8375 8300
f 8303 8302 8301
f 8304 8305 8302
f 8292 8303 8301
f 8303 8304 8302
f 8304 8307 8305
f 8430 8304 8303
f 8315 8430 8303
f 8431 8307 8304
f 8305 8306 8300
f 8307 8306 8305
f 8307 8308 8306
f 8308 8379 8306
f 8434 8308 8307
f 8040 8309 8311
f 8309 8310 8312
f 8309 8312 8311
f 8063 8311 8603
f 8272 8313 8310
f 8310 8313 8314
f 8274 8318 8313
f 8310 8314 8312
f 8313 8320 8314
f 8274 8277 8318
f 8277 8278 8319
f 8278 8316 8322
f 8280 8396 8317
f 8277 8319 8318
f 8278 8322 8319
f 8313 8318 8320
f 8318 8319 8321
f 8318 8321 8320
f 8319 8322 8610
f 8319 8610 8321
f 8316 8317 8323
f 8316 8323 8322
f 8317 8397 8323
f 8322 8323 8611
f 8322 8611 8610
f 8323 8620 8611
f 8430 8431 8304
f 8431 8434 8307
f 8434 8435 8308
f 8435 8404 8308
f 8191 8197 8327
f 8260 8324 8325
f 8191 8327 8324
f 8262 8325 8336
f 8324 8327 8330
f 8324 8330 8325
f 8197 8326 8328
f 8197 8328 8327
f 8326 8332 8328
f 8326 8329 8332
f 8198 8344 8329
f 8329 8346 8332
f 8327 8328 8331
f 8327 8331 8330
f 8328 8340 8331
f 8328 8332 8340
f 8332 8353 8340
f 8265 8367 8202
f 8367 8333 8202
f 8367 8369 8333
f 8369 8334 8333
f 8370 8335 8334
f 8371 8350 8335
f 8268 8336 8337
f 8325 8338 8336
f 8325 8330 8338
f 8336 8342 8337
f 8336 8338 8342
f 8270 8337 8359
f 8330 8331 8339
f 8330 8339 8338
f 8331 8341 8339
f 8331 8340 8341
f 8340 8355 8341
f 8338 8339 8343
f 8338 8343 8342
f 8339 8341 8361
f 8339 8361 8343
f 8341 8364 8361
f 8329 8344 8346
f 8228 8345 8344
f 8228 8230 8345
f 8344 8345 8347
f 8332 8346 8353
f 8344 8347 8346
f 8230 8348 8349
f 8230 8349 8345
f 8234 9003 8348
f 8348 9003 9007
f 8348 9007 8349
f 8345 8351 8347
f 8345 8349 8351
f 8349 9007 9011
f 8346 8347 8354
f 8335 8350 8240
f 8350 8241 8240
f 8350 8383 8241
f 8349 9011 8351
f 8383 8352 8241
f 8383 8386 8352
f 8352 9013 8863
f 8386 9013 8352
f 8340 8353 8355
f 8346 8354 8353
f 8353 8356 8355
f 8353 8354 8356
f 8341 8355 8364
f 8355 8365 8364
f 8355 8356 8365
f 8347 8357 8354
f 8347 8351 8357
f 8354 8357 8358
f 8351 9011 9019
f 8351 9019 8357
f 8354 8358 8356
f 8357 9019 9022
f 8356 8358 8366
f 8357 9022 8358
f 8337 8360 8359
f 8337 8342 8360
f 8280 8359 8396
f 8342 8343 8362
f 8342 8362 8360
f 8343 8363 8362
f 8343 8361 8363
f 8361 8408 8363
f 8361 8364 8408
f 8364 8365 8409
f 8364 8409 8408
f 8356 8366 8365
f 8365 8366 8410
f 8358 9022 9066
f 8358 9066 8366
f 8368 8369 8367
f 8298 8368 8367
f 8368 8372 8369
f 8300 8375 8368
f 8375 8372 8368
f 8369 8370 8334
f 8370 8371 8335
f 8372 8370 8369
f 8372 8373 8370
f 8373 8371 8370
f 8374 8384 8371
f 8373 8374 8371
f 8376 8373 8372
f 8375 8376 8372
f 8377 8374 8373
f 8376 8377 8373
f 8378 8388 8374
f 8377 8378 8374
f 8306 8379 8375
f 8379 8376 8375
f 8379 8380 8376
f 8404 8380 8379
f 8308 8404 8379
f 8404 8405 8380
f 8380 8377 8376
f 8381 8378 8377
f 8380 8381 8377
f 8405 8381 8380
f 8381 8382 8378
f 8382 8391 8378
f 8405 8406 8381
f 8406 8382 8381
f 8407 8392 8382
f 8371 8384 8350
f 8384 8383 8350
f 8384 8385 8383
f 8388 8385 8384
f 8374 8388 8384
f 8388 8389 8385
f 8386 9071 9013
f 8385 8386 8383
f 8385 8387 8386
f 8387 9071 8386
f 8387 9073 9071
f 8389 8387 8385
f 8390 9073 8387
f 8378 8391 8388
f 8391 8389 8388
f 8391 8393 8389
f 8389 8390 8387
f 8393 8390 8389
f 8390 9078 9073
f 8395 9078 8390
f 8382 8392 8391
f 8392 8393 8391
f 8392 8394 8393
f 8393 8395 8390
f 8394 8395 8393
f 8394 8419 8395
f 8395 9084 9078
f 8419 9084 8395
f 8419 9120 9084
f 8359 8360 8398
f 8359 8398 8396
f 8360 8362 8399
f 8360 8399 8398
f 8362 8400 8399
f 8362 8363 8400
f 8363 8411 8400
f 8317 8396 8397
f 8396 8398 8401
f 8396 8401 8397
f 8323 8397 8620
f 8397 8622 8620
f 8397 8401 8622
f 8398 8399 8402
f 8399 8400 8403
f 8398 8402 8401
f 8399 8403 8402
f 8401 8402 8623
f 8400 8413 8403
f 8402 8403 8624
f 8453 8405 8404
f 8455 8406 8405
f 8456 8407 8406
f 8406 8407 8382
f 8363 8408 8411
f 8408 8409 8412
f 8365 8410 8409
f 8409 8410 8415
f 8366 9066 9111
f 8366 9111 8410
f 8408 8412 8411
f 8400 8411 8413
f 8411 8412 8414
f 8403 8413 8631
f 8411 8414 8413
f 8409 8415 8412
f 8410 9111 9115
f 8410 9115 8415
f 8412 8415 8416
f 8412 8416 8414
f 8415 9115 9124
f 8415 9124 8416
f 8407 8417 8392
f 8417 8394 8392
f 8417 8418 8394
f 8418 8419 8394
f 8418 8420 8419
f 8420 9120 8419
f 8420 9338 9120
f 8105 8421 8290
f 8421 8291 8290
f 8421 8422 8291
f 8106 8423 8421
f 8423 8422 8421
f 8423 8424 8422
f 8422 8315 8291
f 8422 8425 8315
f 8425 8430 8315
f 8424 8425 8422
f 8424 8426 8425
f 8426 8432 8425
f 8427 8424 8423
f 8111 8427 8423
f 8427 8428 8424
f 8446 8428 8427
f 8112 8446 8427
f 8446 8447 8428
f 8428 8426 8424
f 8428 8429 8426
f 8429 8438 8426
f 8447 8429 8428
f 8447 8448 8429
f 8448 8440 8429
f 8432 8431 8430
f 8425 8432 8430
f 8432 8433 8431
f 8433 8434 8431
f 8433 8436 8434
f 8438 8433 8432
f 8426 8438 8432
f 8438 8439 8433
f 8439 8436 8433
f 8439 8442 8436
f 8436 8435 8434
f 8436 8437 8435
f 8437 8453 8435
f 8442 8437 8436
f 8443 8454 8437
f 8442 8443 8437
f 8440 8439 8438
f 8429 8440 8438
f 8440 8441 8439
f 8441 8442 8439
f 8441 8444 8442
f 8448 8449 8440
f 8449 8441 8440
f 8449 8450 8441
f 8450 8444 8441
f 8450 8451 8444
f 8444 8443 8442
f 8444 8445 8443
f 8445 8461 8443
f 8451 8445 8444
f 8451 8452 8445
f 8452 8462 8445
f 8664 8447 8446
f 8117 8664 8446
f 8664 8665 8447
f 8665 8448 8447
f 8665 8666 8448
f 8666 8449 8448
f 8673 8450 8449
f 8674 8451 8450
f 8435 8453 8404
f 8453 8455 8405
f 8437 8454 8453
f 8454 8455 8453
f 8454 8458 8455
f 8461 8458 8454
f 8455 8456 8406
f 8456 8457 8407
f 8457 8417 8407
f 8458 8456 8455
f 8459 8457 8456
f 8460 8469 8457
f 8458 8459 8456
f 8459 8460 8457
f 8443 8461 8454
f 8463 8459 8458
f 8464 8460 8459
f 8465 8472 8460
f 8445 8462 8461
f 8461 8463 8458
f 8462 8463 8461
f 8462 8466 8463
f 8481 8466 8462
f 8463 8464 8459
f 8466 8464 8463
f 8467 8465 8464
f 8464 8465 8460
f 8468 8475 8465
f 8466 8467 8464
f 8719 8467 8466
f 8720 8468 8467
f 8467 8468 8465
f 8721 8477 8468
f 8457 8469 8417
f 8469 8418 8417
f 8469 8470 8418
f 8460 8472 8469
f 8472 8470 8469
f 8472 8473 8470
f 8470 8420 8418
f 8470 8471 8420
f 8471 9338 8420
f 8471 9340 9338
f 8473 8471 8470
f 8474 9340 8471
f 8475 8473 8472
f 8473 8474 8471
f 8474 9346 9340
f 8465 8475 8472
f 8475 8476 8473
f 8477 8476 8475
f 8468 8477 8475
f 8477 8478 8476
f 8733 8478 8477
f 8476 8474 8473
f 8476 8479 8474
f 8479 9346 8474
f 8479 9350 9346
f 8478 8479 8476
f 8478 8480 8479
f 8734 8480 8478
f 8480 9350 8479
f 8480 9353 9350
f 8452 8481 8462
f 8481 8719 8466
f 8719 8720 8467
f 8720 8721 8468
f 8011 8483 8482
f 3926 8482 8485
f 8482 8483 8487
f 8012 8484 8483
f 8483 8484 8488
f 8482 8487 8485
f 8483 8488 8487
f 3931 8485 8486
f 8485 8487 8489
f 8485 8489 8486
f 8487 8488 8490
f 8487 8490 8489
f 8013 8014 8491
f 8013 8491 8484
f 8014 8492 8491
f 8014 8015 8492
f 8015 8016 8493
f 8015 8493 8492
f 8484 8491 8494
f 8491 8492 8495
f 8492 8493 8496
f 8484 8494 8488
f 8491 8495 8494
f 8488 8494 8520
f 8488 8520 8490
f 8494 8522 8520
f 8492 8496 8495
f 8494 8495 8522
f 8495 8496 8523
f 8495 8523 8522
f 3933 8486 8512
f 8016 8497 8499
f 8016 8499 8493
f 8497 8500 8499
f 8497 8498 8500
f 8498 8503 8506
f 8493 8499 8501
f 8498 8506 8500
f 8493 8501 8496
f 8499 8502 8501
f 8496 8501 8536
f 8496 8536 8523
f 8499 8500 8502
f 8500 8506 8508
f 8500 8508 8502
f 8501 8502 8538
f 8502 8508 8542
f 8061 8504 8503
f 8503 8504 8507
f 8062 8505 8504
f 8063 8603 8505
f 8503 8507 8506
f 8504 8505 8510
f 8504 8510 8507
f 8505 8606 8510
f 8506 8507 8509
f 8506 8509 8508
f 8507 8510 8511
f 8507 8511 8509
f 8510 8608 8511
f 8486 8489 8513
f 8486 8513 8512
f 3961 8512 8515
f 8512 8513 8517
f 8489 8514 8513
f 8489 8490 8514
f 8513 8514 8518
f 8512 8517 8515
f 8513 8518 8517
f 3967 8515 8516
f 8515 8517 8519
f 8515 8519 8516
f 8517 8518 8561
f 8517 8561 8519
f 8490 8520 8521
f 8490 8521 8514
f 8520 8524 8521
f 8514 8521 8526
f 8520 8522 8524
f 8522 8523 8525
f 8522 8525 8524
f 8521 8524 8527
f 8524 8525 8528
f 8514 8526 8518
f 8521 8527 8526
f 8518 8526 8562
f 8518 8562 8561
f 8526 8563 8562
f 8524 8528 8527
f 8526 8527 8563
f 8527 8528 8564
f 8527 8564 8563
f 8529 8530 8086
f 11995 8530 8529
f 8530 8531 8087
f 11996 8531 8530
f 8531 8091 8087
f 8531 8532 8091
f 8532 8092 8091
f 11997 8532 8531
f 12004 8534 8532
f 8532 8534 8092
f 8534 8533 8092
f 8534 8535 8533
f 12005 8535 8534
f 8501 8538 8536
f 8502 8542 8538
f 8508 8509 8543
f 8509 8511 8546
f 8523 8536 8537
f 8523 8537 8525
f 8536 8539 8537
f 8536 8538 8539
f 8538 8542 8544
f 8538 8544 8539
f 8525 8537 8540
f 8525 8540 8528
f 8537 8541 8540
f 8528 8540 8583
f 8528 8583 8564
f 8540 8585 8583
f 8537 8539 8541
f 8539 8544 8548
f 8539 8548 8541
f 8540 8541 8585
f 8541 8548 8591
f 8541 8591 8585
f 8508 8543 8542
f 8542 8543 8545
f 8542 8545 8544
f 8509 8546 8543
f 8511 8643 8546
f 8543 8546 8547
f 8543 8547 8545
f 8546 8646 8547
f 8544 8549 8548
f 8544 8545 8549
f 8548 8592 8591
f 8548 8549 8592
f 8545 8547 8550
f 8545 8550 8549
f 8547 8649 8550
f 8549 8550 8595
f 8549 8595 8592
f 8550 8752 8595
f 8551 8553 8114
f 8553 8555 8115
f 8535 8551 8533
f 8552 8553 8551
f 8535 8552 8551
f 12006 8552 8535
f 12031 8554 8552
f 8554 8555 8553
f 8552 8554 8553
f 8554 8557 8555
f 12032 8557 8554
f 8555 8556 8116
f 8556 8117 8116
f 8556 8559 8117
f 8559 8664 8117
f 8557 8556 8555
f 12037 8558 8557
f 8557 8558 8556
f 8558 8559 8556
f 8560 8667 8559
f 8558 8560 8559
f 12038 8560 8558
f 12039 8669 8560
f 3969 8516 8565
f 8516 8519 8566
f 8516 8566 8565
f 4005 8565 8568
f 8565 8566 8570
f 8565 8570 8568
f 8519 8567 8566
f 8519 8561 8567
f 8566 8571 8570
f 8566 8567 8571
f 4011 8568 8569
f 8568 8570 8572
f 4013 8569 12062
f 8568 8572 8569
f 8569 8572 12063
f 8570 8571 8573
f 8570 8573 8572
f 8572 8573 12064
f 8561 8562 8574
f 8561 8574 8567
f 8562 8575 8574
f 8567 8574 8577
f 8567 8577 8571
f 8574 8579 8577
f 8562 8563 8575
f 8563 8564 8576
f 8563 8576 8575
f 8574 8575 8579
f 8575 8576 8580
f 8575 8580 8579
f 8571 8577 8578
f 8571 8578 8573
f 8577 8581 8578
f 8577 8579 8581
f 8579 8580 8582
f 8579 8582 8581
f 8564 8583 8584
f 8564 8584 8576
f 8583 8586 8584
f 8576 8587 8580
f 8576 8584 8587
f 8583 8585 8586
f 8585 8591 8593
f 8585 8593 8586
f 8584 8586 8589
f 8586 8593 8597
f 8584 8589 8587
f 8586 8597 8589
f 8580 8587 8588
f 8580 8588 8582
f 8587 8590 8588
f 8587 8589 8590
f 8589 8597 8600
f 8589 8600 8590
f 8591 8594 8593
f 8591 8592 8594
f 8593 8594 8598
f 8592 8595 8596
f 8592 8596 8594
f 8595 8754 8596
f 8594 8596 8601
f 8593 8598 8597
f 8594 8601 8598
f 8596 8760 8601
f 8597 8598 8599
f 8597 8599 8600
f 8598 8601 8602
f 8598 8602 8599
f 8601 8761 8602
f 8311 8604 8603
f 8311 8312 8604
f 8312 8314 8605
f 8312 8605 8604
f 8505 8603 8606
f 8603 8607 8606
f 8603 8604 8607
f 8314 8612 8605
f 8604 8605 8609
f 8604 8609 8607
f 8605 8616 8609
f 8510 8606 8608
f 8606 8607 8637
f 8606 8637 8608
f 8607 8609 8638
f 8607 8638 8637
f 8609 8639 8638
f 8314 8320 8612
f 8320 8321 8613
f 8321 8610 8614
f 8320 8613 8612
f 8321 8614 8613
f 8605 8612 8616
f 8612 8613 8617
f 8613 8614 8618
f 8610 8615 8614
f 8610 8611 8615
f 8614 8615 8619
f 8611 8621 8615
f 8612 8617 8616
f 8609 8616 8639
f 8616 8617 8640
f 8613 8618 8617
f 8617 8618 8641
f 8614 8619 8618
f 8618 8619 8642
f 8615 8628 8619
f 8401 8623 8622
f 8402 8624 8623
f 8611 8620 8621
f 8620 8622 8625
f 8620 8625 8621
f 8615 8621 8628
f 8621 8625 8629
f 8622 8623 8626
f 8403 8631 8624
f 8623 8624 8627
f 8622 8626 8625
f 8623 8627 8626
f 8624 8633 8627
f 8621 8629 8628
f 8625 8626 8630
f 8625 8630 8629
f 8626 8687 8630
f 8626 8627 8687
f 8627 8691 8687
f 8413 8414 8632
f 8413 8632 8631
f 8624 8631 8633
f 8631 8632 8634
f 8631 8634 8633
f 8414 8635 8632
f 8414 8416 8635
f 8416 9124 10185
f 8416 10185 8635
f 8632 8635 8636
f 8632 8636 8634
f 8635 10185 10191
f 8635 10191 8636
f 8627 8633 8691
f 8633 8634 8692
f 8633 8692 8691
f 8634 8636 8694
f 8634 8694 8692
f 8636 10191 10225
f 8511 8608 8643
f 8608 8637 8644
f 8637 8638 8645
f 8616 8640 8639
f 8617 8641 8640
f 8618 8642 8641
f 8619 8686 8642
f 8608 8644 8643
f 8546 8643 8646
f 8643 8647 8646
f 8643 8644 8647
f 8637 8645 8644
f 8638 8652 8645
f 8644 8648 8647
f 8644 8645 8648
f 8645 8656 8648
f 8547 8646 8649
f 8646 8650 8649
f 8646 8647 8650
f 8550 8649 8752
f 8649 8650 8753
f 8647 8648 8651
f 8647 8651 8650
f 8648 8660 8651
f 8650 8651 8756
f 8638 8639 8652
f 8639 8640 8653
f 8640 8641 8654
f 8639 8653 8652
f 8640 8654 8653
f 8645 8652 8656
f 8652 8653 8657
f 8653 8654 8658
f 8641 8642 8655
f 8641 8655 8654
f 8642 8695 8655
f 8654 8655 8659
f 8652 8657 8656
f 8653 8658 8657
f 8654 8659 8658
f 8655 8699 8659
f 8648 8656 8660
f 8656 8657 8661
f 8657 8658 8662
f 8656 8661 8660
f 8657 8662 8661
f 8651 8660 8764
f 8660 8661 8765
f 8661 8662 8768
f 8658 8659 8663
f 8658 8663 8662
f 8659 8700 8663
f 8662 8663 8685
f 8559 8667 8664
f 8667 8665 8664
f 8668 8666 8665
f 8671 8673 8666
f 8667 8668 8665
f 8669 8668 8667
f 8560 8669 8667
f 12291 8670 8669
f 8669 8670 8668
f 8668 8671 8666
f 8670 8671 8668
f 8672 8677 8671
f 8670 8672 8671
f 12292 8672 8670
f 12295 8679 8672
f 8666 8673 8449
f 8673 8674 8450
f 8677 8674 8673
f 8674 8675 8451
f 8678 8675 8674
f 8675 8452 8451
f 8676 8481 8452
f 8675 8676 8452
f 8681 8676 8675
f 8682 8718 8676
f 8671 8677 8673
f 8677 8678 8674
f 8678 8681 8675
f 8679 8678 8677
f 8680 8681 8678
f 8672 8679 8677
f 8679 8680 8678
f 12300 8680 8679
f 8680 8683 8681
f 12301 8683 8680
f 8681 8682 8676
f 8683 8682 8681
f 8684 8725 8682
f 8683 8684 8682
f 12304 8684 8683
f 12305 8726 8684
f 8649 8753 8752
f 8650 8756 8753
f 8651 8764 8756
f 8660 8765 8764
f 8661 8768 8765
f 8662 8685 8768
f 8663 8745 8685
f 8619 8628 8686
f 8628 8688 8686
f 8628 8629 8688
f 8629 8630 8689
f 8629 8689 8688
f 8630 8690 8689
f 8630 8687 8690
f 8687 8693 8690
f 8687 8691 8693
f 8691 8692 8707
f 8691 8707 8693
f 8636 10225 8694
f 8692 8694 8709
f 8692 8709 8707
f 8694 10225 10243
f 8694 10243 8709
f 8737 9353 8480
f 8642 8686 8695
f 8686 8688 8696
f 8686 8696 8695
f 8655 8695 8699
f 8688 8689 8697
f 8688 8697 8696
f 8689 8698 8697
f 8689 8690 8698
f 8690 8708 8698
f 8695 8696 8701
f 8695 8701 8699
f 8696 8697 8702
f 8696 8702 8701
f 8697 8703 8702
f 8697 8698 8703
f 8698 8712 8703
f 8659 8699 8700
f 8699 8701 8704
f 8699 8704 8700
f 8701 8702 8705
f 8701 8705 8704
f 8702 8706 8705
f 8702 8703 8706
f 8703 8714 8706
f 8690 8693 8708
f 8693 8707 8710
f 8693 8710 8708
f 8707 8709 8711
f 8707 8711 8710
f 8709 10243 10247
f 8709 10247 8711
f 8698 8708 8712
f 8708 8710 8713
f 8708 8713 8712
f 8710 8711 8716
f 8710 8716 8713
f 8711 10247 10251
f 8711 10251 8716
f 8703 8712 8714
f 8712 8713 8715
f 8712 8715 8714
f 8713 8716 8717
f 8713 8717 8715
f 8716 10251 10306
f 8716 10306 8717
f 8718 8719 8481
f 8676 8718 8481
f 8718 8722 8719
f 8725 8722 8718
f 8722 8720 8719
f 8723 8721 8720
f 8724 8733 8721
f 8722 8723 8720
f 8727 8723 8722
f 8723 8724 8721
f 8728 8724 8723
f 8729 8735 8724
f 8682 8725 8718
f 8725 8727 8722
f 8726 8727 8725
f 8684 8726 8725
f 8726 8730 8727
f 8727 8728 8723
f 8730 8728 8727
f 8731 8729 8728
f 8728 8729 8724
f 8732 8739 8729
f 8730 8731 8728
f 8731 8732 8729
f 12340 8730 8726
f 12342 8731 8730
f 12343 8732 8731
f 12344 8742 8732
f 8721 8733 8477
f 8733 8734 8478
f 8735 8734 8733
f 8724 8735 8733
f 8735 8736 8734
f 8739 8736 8735
f 8734 8737 8480
f 8736 8737 8734
f 8737 10270 9353
f 8738 10270 8737
f 8736 8738 8737
f 8738 10273 10270
f 8740 8738 8736
f 8741 10273 8738
f 8729 8739 8735
f 8739 8740 8736
f 8742 8740 8739
f 8732 8742 8739
f 8742 8743 8740
f 8740 8741 8738
f 8743 8741 8740
f 8741 10278 10273
f 8744 10278 8741
f 12356 8743 8742
f 8743 8744 8741
f 12357 8744 8743
f 8744 10282 10278
f 12360 10282 8744
f 8663 8700 8745
f 8700 8704 8746
f 8700 8746 8745
f 8704 8705 8747
f 8704 8747 8746
f 8705 8748 8747
f 8705 8706 8748
f 8706 8749 8748
f 8706 8714 8749
f 8714 8715 8750
f 8714 8750 8749
f 8715 8717 8751
f 8715 8751 8750
f 8717 10306 10309
f 8717 10309 8751
f 8595 8752 8754
f 8752 8753 8755
f 8752 8755 8754
f 8596 8754 8760
f 8754 8755 8758
f 8753 8756 8757
f 8753 8757 8755
f 8756 8766 8757
f 8755 8757 8759
f 8754 8758 8760
f 8755 8759 8758
f 8757 8771 8759
f 8601 8760 8761
f 8760 8762 8761
f 8760 8758 8762
f 8758 8763 8762
f 8758 8759 8763
f 8759 8775 8763
f 8756 8764 8766
f 8764 8765 8767
f 8765 8768 8769
f 8764 8767 8766
f 8765 8769 8767
f 8768 8685 8770
f 8768 8770 8769
f 8685 8779 8770
f 8757 8766 8771
f 8766 8767 8772
f 8766 8772 8771
f 8767 8769 8773
f 8767 8773 8772
f 8769 8774 8773
f 8769 8770 8774
f 8770 8783 8774
f 8759 8771 8775
f 8771 8772 8776
f 8771 8776 8775
f 8772 8773 8777
f 8772 8777 8776
f 8773 8774 8778
f 8773 8778 8777
f 8774 8787 8778
f 8685 8745 8779
f 8745 8746 8780
f 8745 8780 8779
f 8746 8747 8781
f 8746 8781 8780
f 8747 8782 8781
f 8747 8748 8782
f 8748 8791 8782
f 8770 8779 8783
f 8779 8784 8783
f 8779 8780 8784
f 8774 8783 8787
f 8783 8784 8788
f 8780 8781 8785
f 8780 8785 8784
f 8781 8786 8785
f 8781 8782 8786
f 8782 8794 8786
f 8784 8785 8789
f 8785 8786 8790
f 8783 8788 8787
f 8784 8789 8788
f 8785 8790 8789
f 8786 8797 8790
f 8748 8749 8791
f 8749 8750 8792
f 8749 8792 8791
f 8750 8751 8793
f 8750 8793 8792
f 8751 10309 10427
f 8751 10427 8793
f 8791 8792 8795
f 8782 8791 8794
f 8791 8795 8794
f 8786 8794 8797
f 8794 8795 8798
f 8794 8798 8797
f 8792 8793 8796
f 8793 10427 10431
f 8792 8796 8795
f 8793 10431 8796
f 8795 8796 8799
f 8795 8799 8798
f 8796 10431 10436
f 8796 10436 8799
f 8801 8802 8800
f 8804 8803 8801
f 8801 8803 8802
f 8806 8805 8804
f 8804 8805 8803
f 8803 8811 8802
f 8805 8810 8803
f 8800 8802 8816
f 8806 8807 8805
f 8808 8807 8806
f 8807 8812 8805
f 8808 8809 8807
f 8819 8809 8808
f 8819 8820 8809
f 8809 8813 8807
f 8820 8814 8809
f 8803 8810 8811
f 8802 8811 8840
f 8805 8812 8810
f 8807 8813 8812
f 8809 8814 8813
f 8800 8816 8815
f 8802 8840 8816
f 8815 8818 8817
f 8815 8816 8818
f 8817 8818 8835
f 8816 8841 8818
f 8821 8820 8819
f 8821 8822 8820
f 8822 8825 8820
f 8823 8822 8821
f 8823 8824 8822
f 8824 8826 8822
f 8820 8825 8814
f 8822 8826 8825
f 8824 8847 8826
f 8810 8827 8811
f 8812 8828 8810
f 8813 8829 8812
f 8814 8830 8813
f 8810 8828 8827
f 8812 8829 8828
f 8813 8830 8829
f 8828 8870 8827
f 8829 8869 8828
f 8830 8871 8829
f 8828 8869 8870
f 8829 8871 8869
f 8811 8851 8840
f 8811 8827 8851
f 8827 8870 8894
f 8827 8894 8851
f 8825 8831 8814
f 8814 8831 8830
f 8825 8832 8831
f 8826 8832 8825
f 8847 8833 8826
f 8826 8833 8832
f 8831 8872 8830
f 8832 8873 8831
f 8830 8872 8871
f 8831 8873 8872
f 8832 8874 8873
f 8833 8874 8832
f 8817 8835 8834
f 8834 8837 8836
f 8834 8835 8837
f 8836 8837 8839
f 8818 8842 8835
f 8835 8843 8837
f 8836 8839 8838
f 8838 8839 8846
f 8837 8844 8839
f 8816 8840 8841
f 8818 8841 8842
f 8835 8842 8843
f 8837 8843 8844
f 8838 8846 8845
f 8845 8846 8849
f 8839 8850 8846
f 8839 8844 8850
f 8857 8824 8823
f 8858 8847 8824
f 8845 8849 8848
f 8848 8849 9004
f 8846 9005 8849
f 8846 8850 9005
f 8840 8852 8841
f 8841 8853 8842
f 8840 8851 8852
f 8841 8852 8853
f 8842 8854 8843
f 8843 8855 8844
f 8842 8853 8854
f 8843 8854 8855
f 8851 8895 8852
f 8852 8896 8853
f 8853 8899 8854
f 8851 8894 8895
f 8852 8895 8896
f 8853 8896 8899
f 8844 8855 8856
f 8854 8903 8855
f 8854 8899 8903
f 8847 8866 8833
f 8866 8900 8833
f 8833 8900 8874
f 8844 8856 8850
f 8850 9009 9005
f 8850 8856 9009
f 8855 8904 8856
f 8855 8903 8904
f 8857 8858 8824
f 8860 8858 8857
f 8860 8861 8858
f 8861 8859 8858
f 8858 8859 8847
f 8863 8861 8860
f 8863 8864 8861
f 8864 8862 8861
f 8861 8862 8859
f 9013 8864 8863
f 8864 8865 8862
f 8859 8866 8847
f 8859 8867 8866
f 8862 8867 8859
f 8866 8924 8900
f 8867 8924 8866
f 8867 8928 8924
f 8862 8868 8867
f 8868 8928 8867
f 8868 8932 8928
f 8865 8868 8862
f 8865 9017 8868
f 9017 8932 8868
f 8869 8875 8870
f 8870 8875 8897
f 8871 8876 8869
f 8872 8877 8871
f 8869 8876 8875
f 8871 8877 8876
f 8872 8878 8877
f 8873 8878 8872
f 8874 8883 8873
f 8873 8883 8878
f 8874 8901 8883
f 8876 8879 8875
f 8877 8880 8876
f 8876 8880 8879
f 8877 8881 8880
f 8878 8881 8877
f 8875 8879 8907
f 8878 8882 8881
f 8883 8882 8878
f 8883 8884 8882
f 8901 8884 8883
f 8880 8885 8879
f 8881 8886 8880
f 8880 8886 8885
f 8881 8887 8886
f 8879 8885 8915
f 8882 8887 8881
f 8882 8888 8887
f 8886 8890 8885
f 8887 8891 8886
f 8888 8892 8887
f 8884 8888 8882
f 8884 8889 8888
f 8889 8893 8888
f 8886 8891 8890
f 8887 8892 8891
f 8888 8893 8892
f 8870 8897 8894
f 8894 8898 8895
f 8895 8905 8896
f 8894 8897 8898
f 8895 8898 8905
f 8897 8908 8898
f 8896 8906 8899
f 8900 8901 8874
f 8900 8925 8901
f 8875 8907 8897
f 8897 8907 8908
f 8901 8902 8884
f 8925 8902 8901
f 8896 8905 8906
f 8899 8911 8903
f 8899 8906 8911
f 8903 9029 8904
f 8903 8911 9029
f 8898 8909 8905
f 8898 8908 8909
f 8905 8910 8906
f 8905 8909 8910
f 8906 8912 8911
f 8906 8910 8912
f 8911 8912 9030
f 8879 8915 8907
f 8885 8920 8915
f 8902 8889 8884
f 8902 8913 8889
f 8927 8913 8902
f 8913 8914 8889
f 8885 8890 8920
f 8889 8914 8893
f 8913 8934 8914
f 8907 8916 8908
f 8908 8917 8909
f 8907 8915 8916
f 8908 8916 8917
f 8909 8918 8910
f 8909 8917 8918
f 8915 8921 8916
f 8916 8922 8917
f 8910 8919 8912
f 8910 8918 8919
f 8917 8923 8918
f 8918 9034 8919
f 8915 8920 8921
f 8916 8921 8922
f 8917 8922 8923
f 8918 8923 9034
f 8924 8925 8900
f 8924 8926 8925
f 8928 8926 8924
f 8925 8927 8902
f 8926 8927 8925
f 8926 8930 8927
f 8928 8929 8926
f 8932 8929 8928
f 8929 8930 8926
f 8929 8931 8930
f 9041 8931 8929
f 8932 9041 8929
f 9041 9042 8931
f 8927 8933 8913
f 8930 8933 8927
f 8930 8936 8933
f 8933 8934 8913
f 8936 8935 8933
f 8933 8935 8934
f 8931 8936 8930
f 8931 8937 8936
f 8937 8938 8936
f 8936 8938 8935
f 8937 8939 8938
f 9042 8937 8931
f 9049 8939 8937
f 8891 8941 8890
f 8892 8940 8891
f 8893 8942 8892
f 8891 8940 8941
f 8892 8942 8940
f 8940 8945 8941
f 8890 8941 8949
f 8890 8949 8920
f 8893 8943 8942
f 8914 8943 8893
f 8934 8944 8914
f 8914 8944 8943
f 8942 8946 8940
f 8940 8946 8945
f 8943 8947 8942
f 8942 8947 8946
f 8944 8948 8943
f 8943 8948 8947
f 8941 8945 8952
f 8920 8950 8921
f 8921 8951 8922
f 8920 8949 8950
f 8921 8950 8951
f 8922 9153 8923
f 8922 8951 9153
f 8949 8953 8950
f 8941 8952 8949
f 8949 8952 8953
f 8950 8954 8951
f 8951 9155 9153
f 8950 8953 8954
f 8951 8954 9155
f 8946 8955 8945
f 8947 8956 8946
f 8948 8957 8947
f 8946 8956 8955
f 8947 8957 8956
f 8945 8955 8960
f 8956 8959 8955
f 8957 8958 8956
f 8956 8958 8959
f 8955 8959 9160
f 8958 8978 8959
f 8945 8960 8952
f 8952 9157 8953
f 8953 9158 8954
f 8952 8960 9157
f 8955 9160 8960
f 8959 8978 9196
f 8959 9196 9160
f 8934 8961 8944
f 8935 8961 8934
f 8935 8963 8961
f 8961 8962 8944
f 8944 8962 8948
f 8961 8965 8962
f 8963 8965 8961
f 8938 8963 8935
f 8938 8964 8963
f 8939 8964 8938
f 8963 8966 8965
f 8964 8966 8963
f 8964 8967 8966
f 8939 9168 8964
f 9168 8967 8964
f 8962 8968 8948
f 8965 8969 8962
f 8948 8968 8957
f 8962 8969 8968
f 8968 8970 8957
f 8957 8970 8958
f 8968 8971 8970
f 8969 8971 8968
f 8969 8974 8971
f 8970 8977 8958
f 8958 8977 8978
f 8970 8979 8977
f 8971 8979 8970
f 8971 8980 8979
f 8974 8980 8971
f 8965 8972 8969
f 8966 8972 8965
f 8966 8973 8972
f 8967 8973 8966
f 8967 9179 8973
f 8972 8974 8969
f 8972 8975 8974
f 8974 8984 8980
f 8975 8984 8974
f 8973 8975 8972
f 8975 8985 8984
f 8976 8985 8975
f 8973 8976 8975
f 9179 8976 8973
f 8976 8986 8985
f 9182 8986 8976
f 9179 9182 8976
f 8978 9199 9196
f 8977 8982 8978
f 8979 8981 8977
f 8980 8983 8979
f 8977 8981 8982
f 8979 8983 8981
f 8980 8987 8983
f 8981 8991 8982
f 8983 8992 8981
f 8981 8992 8991
f 8984 8987 8980
f 8978 8982 9199
f 8984 8988 8987
f 8985 8988 8984
f 8985 8989 8988
f 8986 8989 8985
f 8986 8990 8989
f 8987 8993 8983
f 8988 8994 8987
f 8982 8991 9214
f 8983 8993 8992
f 8987 8994 8993
f 8982 9214 9199
f 8989 8995 8988
f 8988 8995 8994
f 8990 8996 8989
f 8989 8996 8995
f 9210 8990 8986
f 8990 9226 8996
f 8992 8997 8991
f 8993 8998 8992
f 8994 8999 8993
f 8992 8998 8997
f 8993 8999 8998
f 8991 8997 9218
f 8995 9000 8994
f 8994 9000 8999
f 8996 9001 8995
f 9226 9002 8996
f 8995 9001 9000
f 8996 9002 9001
f 8998 9409 8997
f 8999 9410 8998
f 8998 9410 9409
f 8997 9409 9427
f 9000 9411 8999
f 8999 9411 9410
f 9001 9412 9000
f 9002 9413 9001
f 9000 9412 9411
f 9001 9413 9412
f 9002 9450 9413
f 8848 9004 9003
f 8849 9006 9004
f 9003 9004 9008
f 9003 9008 9007
f 8849 9005 9006
f 9004 9006 9012
f 9004 9012 9008
f 9005 9009 9010
f 9005 9010 9006
f 8856 9028 9009
f 8856 8904 9028
f 9009 9036 9010
f 9009 9028 9036
f 9006 9016 9012
f 9006 9010 9016
f 9007 9008 9018
f 9007 9018 9011
f 9008 9021 9018
f 9008 9012 9021
f 9014 8865 8864
f 9013 9014 8864
f 9071 9014 9013
f 9072 9015 9014
f 9014 9015 8865
f 9012 9026 9021
f 9012 9016 9026
f 9010 9037 9016
f 9010 9036 9037
f 9016 9037 9052
f 9015 9017 8865
f 9015 9076 9017
f 9017 9040 8932
f 9076 9040 9017
f 9076 9088 9040
f 9011 9018 9020
f 9011 9020 9019
f 9018 9024 9020
f 9018 9021 9024
f 9019 9020 9023
f 9019 9023 9022
f 9020 9025 9023
f 9020 9024 9025
f 9021 9027 9024
f 9021 9026 9027
f 9016 9052 9026
f 9026 9052 9057
f 9024 9027 9068
f 9024 9068 9025
f 9026 9057 9027
f 9027 9057 9069
f 9027 9069 9068
f 8904 9031 9028
f 8904 9029 9031
f 9028 9038 9036
f 9028 9031 9038
f 8911 9030 9029
f 9029 9030 9032
f 9029 9032 9031
f 8912 9033 9030
f 8912 8919 9033
f 8919 9035 9033
f 9030 9045 9032
f 9030 9033 9045
f 9033 9047 9045
f 8919 9034 9035
f 9033 9035 9047
f 9031 9032 9039
f 9036 9038 9053
f 9036 9053 9037
f 9031 9039 9038
f 9038 9039 9054
f 9038 9054 9053
f 9040 9041 8932
f 9040 9043 9041
f 9088 9043 9040
f 9043 9042 9041
f 9043 9044 9042
f 9090 9044 9043
f 9032 9046 9039
f 9032 9045 9046
f 9045 9048 9046
f 9039 9046 9060
f 9039 9060 9054
f 9045 9047 9048
f 9046 9048 9061
f 9042 9049 8937
f 9044 9049 9042
f 9050 9051 9049
f 9044 9050 9049
f 9049 9051 8939
f 9050 9094 9051
f 9037 9053 9055
f 9037 9055 9052
f 9053 9054 9056
f 9053 9056 9055
f 9052 9055 9058
f 9052 9058 9057
f 9057 9058 9070
f 9055 9056 9059
f 9055 9059 9058
f 9058 9059 9126
f 9054 9060 9062
f 9046 9061 9060
f 9054 9062 9056
f 9060 9061 9064
f 9060 9064 9062
f 9056 9062 9063
f 9056 9063 9059
f 9062 9065 9063
f 9062 9064 9065
f 9022 9023 9067
f 9022 9067 9066
f 9023 9110 9067
f 9023 9025 9110
f 9025 9068 9114
f 9025 9114 9110
f 9068 9069 9127
f 9057 9070 9069
f 9058 9126 9070
f 9059 9063 9130
f 9059 9130 9126
f 9063 9131 9130
f 9063 9065 9131
f 9071 9072 9014
f 9073 9072 9071
f 9075 9074 9072
f 9073 9075 9072
f 9072 9074 9015
f 9075 9080 9074
f 9074 9076 9015
f 9074 9077 9076
f 9080 9077 9074
f 9077 9088 9076
f 9077 9089 9088
f 9082 9089 9077
f 9080 9082 9077
f 9078 9075 9073
f 9078 9079 9075
f 9079 9080 9075
f 9084 9079 9078
f 9079 9081 9080
f 9081 9082 9080
f 9081 9083 9082
f 9082 9097 9089
f 9083 9097 9082
f 9083 9104 9097
f 9085 9081 9079
f 9084 9085 9079
f 9120 9085 9084
f 9120 9121 9085
f 9121 9086 9085
f 9085 9086 9081
f 9086 9083 9081
f 9086 9087 9083
f 9122 9087 9086
f 9087 9104 9083
f 9087 9105 9104
f 9088 9090 9043
f 9089 9090 9088
f 9089 9092 9090
f 9090 9091 9044
f 9092 9091 9090
f 9092 9096 9091
f 9091 9050 9044
f 9091 9093 9050
f 9093 9094 9050
f 9096 9093 9091
f 9096 9100 9093
f 9100 9095 9093
f 9093 9095 9094
f 9097 9092 9089
f 9097 9098 9092
f 9104 9098 9097
f 9098 9096 9092
f 9098 9099 9096
f 9106 9099 9098
f 9104 9106 9098
f 9100 9102 9095
f 9099 9100 9096
f 9101 9102 9100
f 9099 9101 9100
f 9107 9101 9099
f 9101 9103 9102
f 9108 9103 9101
f 9105 9106 9104
f 9105 9143 9106
f 9106 9107 9099
f 9143 9107 9106
f 9143 9144 9107
f 9107 9108 9101
f 9144 9108 9107
f 9144 9148 9108
f 9148 9109 9108
f 9108 9109 9103
f 9066 9067 9112
f 9066 9112 9111
f 9067 9113 9112
f 9067 9110 9113
f 9068 9127 9114
f 9110 9114 9118
f 9110 9118 9113
f 9114 9134 9118
f 9114 9127 9134
f 9111 9112 9116
f 9112 9113 9117
f 9111 9116 9115
f 9112 9117 9116
f 9115 9116 9125
f 9115 9125 9124
f 9116 10187 9125
f 9116 9117 10187
f 9113 9118 9119
f 9113 9119 9117
f 9118 9137 9119
f 9118 9134 9137
f 9117 9119 10189
f 9117 10189 10187
f 9119 9137 10195
f 9338 9121 9120
f 9338 9339 9121
f 9339 9122 9121
f 9121 9122 9086
f 9339 9342 9122
f 9123 9105 9087
f 9122 9123 9087
f 9342 9123 9122
f 9342 9344 9123
f 9123 9145 9105
f 9344 9145 9123
f 9119 10195 10189
f 9069 9070 9128
f 9069 9128 9127
f 9070 9126 9129
f 9127 9128 9135
f 9127 9135 9134
f 9070 9129 9128
f 9128 9129 9136
f 9126 9130 9132
f 9126 9132 9129
f 9130 9133 9132
f 9129 9132 9140
f 9130 9131 9133
f 9132 9133 9141
f 9128 9136 9135
f 9134 9135 9138
f 9134 9138 9137
f 9135 9136 9139
f 9137 9138 10196
f 9135 9139 9138
f 9129 9140 9136
f 9132 9141 9140
f 9136 9140 9142
f 9140 9141 9152
f 9136 9142 9139
f 9140 9152 9142
f 9145 9143 9105
f 9145 9146 9143
f 9357 9146 9145
f 9146 9144 9143
f 9146 9147 9144
f 9358 9147 9146
f 9148 9150 9109
f 9147 9148 9144
f 9147 9149 9148
f 9149 9150 9148
f 9149 9151 9150
f 9359 9149 9147
f 9137 10196 10195
f 9138 9139 10197
f 9139 9142 10201
f 9142 9152 10202
f 8923 9154 9034
f 8923 9153 9154
f 9034 9163 9035
f 9034 9154 9163
f 9153 9155 9156
f 9153 9156 9154
f 9154 9156 9164
f 8954 9159 9155
f 9155 9172 9156
f 8953 9157 9158
f 8954 9158 9159
f 9155 9159 9172
f 8960 9161 9157
f 9157 9162 9158
f 8960 9160 9161
f 9157 9161 9162
f 9158 9173 9159
f 9158 9162 9173
f 9160 9197 9161
f 9160 9196 9197
f 9161 9197 9198
f 9161 9198 9162
f 9162 9198 9200
f 9035 9165 9047
f 9035 9163 9165
f 9154 9164 9163
f 9047 9165 9166
f 9047 9166 9048
f 9163 9164 9167
f 9163 9167 9165
f 9165 9186 9166
f 9165 9167 9186
f 9051 9168 8939
f 9051 9169 9168
f 9094 9169 9051
f 9094 9247 9169
f 9168 9170 8967
f 9169 9170 9168
f 9169 9171 9170
f 9247 9171 9169
f 9156 9175 9164
f 9156 9172 9175
f 9162 9200 9173
f 9159 9174 9172
f 9159 9173 9174
f 9172 9174 9177
f 9173 9200 9201
f 9173 9201 9174
f 9164 9176 9167
f 9164 9175 9176
f 9167 9190 9186
f 9167 9176 9190
f 9172 9177 9175
f 9175 9177 9178
f 9174 9201 9205
f 9174 9205 9177
f 9177 9205 9206
f 9175 9178 9176
f 9176 9178 9191
f 9177 9206 9178
f 9178 9206 9232
f 9170 9179 8967
f 9170 9180 9179
f 9171 9180 9170
f 9171 9181 9180
f 9180 9182 9179
f 9180 9183 9182
f 9182 9210 8986
f 9183 9210 9182
f 9183 9211 9210
f 9181 9183 9180
f 9181 9184 9183
f 9184 9211 9183
f 9184 9265 9211
f 9249 9181 9171
f 9048 9166 9185
f 9048 9185 9061
f 9166 9186 9187
f 9166 9187 9185
f 9061 9185 9188
f 9061 9188 9064
f 9185 9187 9189
f 9064 9188 9245
f 9064 9245 9065
f 9185 9189 9188
f 9188 9189 9246
f 9188 9246 9245
f 9186 9190 9192
f 9176 9191 9190
f 9178 9232 9191
f 9186 9192 9187
f 9190 9193 9192
f 9190 9191 9193
f 9191 9232 9234
f 9191 9234 9193
f 9187 9194 9189
f 9187 9192 9194
f 9189 9289 9246
f 9189 9194 9289
f 9192 9193 9195
f 9192 9195 9194
f 9193 9234 9235
f 9193 9235 9195
f 9194 9195 9290
f 9195 9235 9311
f 9196 9202 9197
f 9197 9203 9198
f 9196 9199 9202
f 9197 9202 9203
f 9198 9204 9200
f 9200 9207 9201
f 9198 9203 9204
f 9200 9204 9207
f 9199 9215 9202
f 9199 9214 9215
f 9202 9216 9203
f 9203 9217 9204
f 9202 9215 9216
f 9203 9216 9217
f 9204 9217 9221
f 9201 9208 9205
f 9201 9207 9208
f 9205 9209 9206
f 9205 9208 9209
f 9204 9221 9207
f 9207 9222 9208
f 9207 9221 9222
f 9208 9238 9209
f 9208 9222 9238
f 9211 9212 9210
f 9210 9212 8990
f 9265 9213 9211
f 9211 9213 9212
f 9212 9226 8990
f 9212 9227 9226
f 9213 9227 9212
f 9213 9230 9227
f 9265 9267 9213
f 9267 9230 9213
f 8991 9218 9214
f 9214 9219 9215
f 9215 9220 9216
f 9216 9223 9217
f 9214 9218 9219
f 9215 9219 9220
f 9216 9220 9223
f 8997 9427 9218
f 9218 9428 9219
f 9219 9431 9220
f 9218 9427 9428
f 9219 9428 9431
f 9217 9224 9221
f 9217 9223 9224
f 9221 9224 9225
f 9221 9225 9222
f 9222 9225 9240
f 9220 9434 9223
f 9220 9431 9434
f 9223 9437 9224
f 9223 9434 9437
f 9224 9438 9225
f 9224 9437 9438
f 9227 9228 9226
f 9226 9228 9002
f 9227 9229 9228
f 9230 9229 9227
f 9230 9231 9229
f 9228 9450 9002
f 9228 9451 9450
f 9229 9451 9228
f 9231 9454 9229
f 9229 9454 9451
f 9269 9231 9230
f 9231 9461 9454
f 9206 9233 9232
f 9206 9209 9233
f 9232 9236 9234
f 9232 9233 9236
f 9209 9239 9233
f 9209 9238 9239
f 9233 9239 9242
f 9234 9236 9237
f 9234 9237 9235
f 9233 9242 9236
f 9236 9242 9243
f 9236 9243 9237
f 9222 9240 9238
f 9225 9438 9487
f 9238 9240 9241
f 9238 9241 9239
f 9239 9241 9244
f 9225 9487 9240
f 9240 9489 9241
f 9240 9487 9489
f 9239 9244 9242
f 9242 9316 9243
f 9242 9244 9316
f 9241 9496 9244
f 9241 9489 9496
f 9244 9655 9316
f 9244 9496 9655
f 9065 9245 9285
f 9194 9290 9289
f 9235 9237 9312
f 9095 9247 9094
f 9095 9248 9247
f 9102 9248 9095
f 9247 9249 9171
f 9248 9249 9247
f 9248 9250 9249
f 9249 9251 9181
f 9250 9251 9249
f 9250 9257 9251
f 9251 9184 9181
f 9251 9252 9184
f 9252 9265 9184
f 9252 9266 9265
f 9257 9252 9251
f 9258 9266 9252
f 9102 9253 9248
f 9253 9250 9248
f 9103 9253 9102
f 9103 9255 9253
f 9253 9254 9250
f 9255 9254 9253
f 9109 9255 9103
f 9255 9256 9254
f 9254 9257 9250
f 9257 9258 9252
f 9258 9271 9266
f 9254 9259 9257
f 9256 9259 9254
f 9259 9258 9257
f 9260 9271 9258
f 9259 9260 9258
f 9260 9272 9271
f 9256 9263 9259
f 9263 9260 9259
f 9263 9264 9260
f 9264 9272 9260
f 9264 9281 9272
f 9109 9261 9255
f 9150 9261 9109
f 9261 9256 9255
f 9261 9262 9256
f 9262 9263 9256
f 9262 9303 9263
f 9303 9264 9263
f 9303 9304 9264
f 9304 9281 9264
f 9304 9327 9281
f 9266 9267 9265
f 9266 9268 9267
f 9271 9268 9266
f 9267 9269 9230
f 9268 9269 9267
f 9268 9275 9269
f 9269 9270 9231
f 9275 9270 9269
f 9275 9276 9270
f 9270 9461 9231
f 9276 9598 9270
f 9270 9598 9461
f 9271 9273 9268
f 9273 9275 9268
f 9273 9277 9275
f 9272 9273 9271
f 9272 9274 9273
f 9274 9277 9273
f 9274 9279 9277
f 9281 9274 9272
f 9281 9282 9274
f 9282 9279 9274
f 9277 9276 9275
f 9278 9604 9276
f 9276 9604 9598
f 9279 9278 9277
f 9277 9278 9276
f 9278 9610 9604
f 9283 9280 9279
f 9279 9280 9278
f 9280 9610 9278
f 9280 9612 9610
f 9284 9612 9280
f 9327 9282 9281
f 9328 9283 9282
f 9282 9283 9279
f 9283 9284 9280
f 9284 9680 9612
f 9065 9285 9131
f 9245 9246 9287
f 9245 9287 9285
f 9131 9285 9286
f 9131 9286 9133
f 9285 9287 9288
f 9285 9288 9286
f 9246 9291 9287
f 9246 9289 9291
f 9195 9311 9290
f 9289 9290 9292
f 9289 9292 9291
f 9290 9311 9313
f 9290 9313 9292
f 9287 9291 9295
f 9287 9295 9288
f 9291 9292 9297
f 9291 9297 9295
f 9292 9313 9320
f 9292 9320 9297
f 9133 9286 9293
f 9133 9293 9141
f 9141 9293 9307
f 9286 9288 9294
f 9286 9294 9293
f 9141 9307 9152
f 9293 9294 9308
f 9293 9308 9307
f 9288 9295 9296
f 9288 9296 9294
f 9295 9297 9298
f 9297 9320 9321
f 9295 9298 9296
f 9297 9321 9298
f 9294 9296 9309
f 9296 9298 9310
f 9298 9321 9335
f 9150 9299 9261
f 9299 9262 9261
f 9299 9300 9262
f 9151 9299 9150
f 9151 9301 9299
f 9301 9300 9299
f 9301 9302 9300
f 9300 9303 9262
f 9305 9304 9303
f 9306 9327 9304
f 9302 9305 9300
f 9300 9305 9303
f 9305 9306 9304
f 9306 9329 9327
f 9302 9379 9305
f 9379 9306 9305
f 9379 9380 9306
f 9380 9329 9306
f 9380 9393 9329
f 9152 9307 10207
f 9307 9308 10208
f 9294 9309 9308
f 9296 9310 9309
f 9298 9335 9310
f 9235 9312 9311
f 9311 9312 9314
f 9237 9315 9312
f 9237 9243 9315
f 9312 9315 9318
f 9311 9314 9313
f 9313 9314 9322
f 9312 9318 9314
f 9313 9322 9320
f 9314 9324 9322
f 9314 9318 9324
f 9243 9316 9317
f 9243 9317 9315
f 9316 9655 9657
f 9316 9657 9317
f 9315 9319 9318
f 9315 9317 9319
f 9317 9663 9319
f 9317 9657 9663
f 9318 9319 9325
f 9319 9663 9672
f 9320 9322 9323
f 9320 9323 9321
f 9322 9326 9323
f 9322 9324 9326
f 9318 9325 9324
f 9324 9337 9326
f 9324 9325 9337
f 9319 9672 9325
f 9325 9699 9337
f 9325 9672 9699
f 9329 9328 9327
f 9327 9328 9282
f 9328 9331 9283
f 9329 9330 9328
f 9330 9331 9328
f 9330 9333 9331
f 9393 9330 9329
f 9393 9394 9330
f 9394 9333 9330
f 9394 9395 9333
f 9331 9284 9283
f 9331 9332 9284
f 9332 9680 9284
f 9332 9682 9680
f 9333 9332 9331
f 9333 9334 9332
f 9334 9682 9332
f 9395 9334 9333
f 9395 9396 9334
f 9334 9688 9682
f 9396 9688 9334
f 9321 9323 9336
f 9321 9336 9335
f 9323 9326 10219
f 9323 10219 9336
f 9326 10220 10219
f 9326 9337 10220
f 9337 10477 10220
f 9337 9699 10477
f 9340 9339 9338
f 9341 9342 9339
f 9340 9341 9339
f 9341 9343 9342
f 9346 9341 9340
f 9343 9344 9342
f 9343 9345 9344
f 9344 9357 9145
f 9345 9357 9344
f 9345 9362 9357
f 9347 9343 9341
f 9346 9347 9341
f 9347 9348 9343
f 9348 9345 9343
f 9348 9349 9345
f 9349 9362 9345
f 9349 9367 9362
f 9350 9347 9346
f 9350 9351 9347
f 9351 9348 9347
f 9351 9352 9348
f 9353 9351 9350
f 9354 9352 9351
f 9353 9354 9351
f 9354 9355 9352
f 9352 9349 9348
f 9356 9367 9349
f 9352 9356 9349
f 9356 9370 9367
f 9355 9356 9352
f 9355 10229 9356
f 10229 9370 9356
f 10229 10238 9370
f 9357 9358 9146
f 9362 9358 9357
f 9362 9363 9358
f 9358 9359 9147
f 9363 9359 9358
f 9359 9360 9149
f 9360 9151 9149
f 9364 9360 9359
f 9365 9361 9360
f 9360 9361 9151
f 9363 9364 9359
f 9367 9363 9362
f 9367 9368 9363
f 9368 9364 9363
f 9368 9369 9364
f 9364 9365 9360
f 9369 9365 9364
f 9369 9373 9365
f 9373 9366 9365
f 9365 9366 9361
f 9373 9375 9366
f 9370 9368 9367
f 9370 9371 9368
f 9371 9369 9368
f 9371 9372 9369
f 10238 9371 9370
f 10239 9372 9371
f 9372 9373 9369
f 9374 9375 9373
f 9372 9374 9373
f 9374 9376 9375
f 10240 9374 9372
f 10241 9376 9374
f 9361 9301 9151
f 9361 9377 9301
f 9377 9302 9301
f 9377 9378 9302
f 9378 9379 9302
f 9378 9383 9379
f 9383 9380 9379
f 9384 9393 9380
f 9383 9384 9380
f 9384 9397 9393
f 9366 9377 9361
f 9381 9378 9377
f 9366 9381 9377
f 9375 9381 9366
f 9375 9387 9381
f 9381 9382 9378
f 9387 9382 9381
f 9387 9388 9382
f 9382 9383 9378
f 9382 9385 9383
f 9388 9385 9382
f 9385 9384 9383
f 9386 9397 9384
f 9385 9386 9384
f 9386 9399 9397
f 9391 9386 9385
f 9392 9399 9386
f 9376 9387 9375
f 9376 9389 9387
f 9389 9388 9387
f 9389 9390 9388
f 9388 9391 9385
f 9390 9391 9388
f 9390 10334 9391
f 9391 9392 9386
f 9392 9405 9399
f 10334 9392 9391
f 10334 10336 9392
f 10336 9405 9392
f 10336 10346 9405
f 9397 9394 9393
f 9398 9395 9394
f 9396 10140 9688
f 9397 9398 9394
f 9398 9401 9395
f 9399 9398 9397
f 9399 9400 9398
f 9400 9401 9398
f 9400 9403 9401
f 9405 9400 9399
f 9406 9403 9400
f 9401 9396 9395
f 9401 9402 9396
f 9402 10140 9396
f 9402 10142 10140
f 9403 9402 9401
f 9403 9404 9402
f 9404 10142 9402
f 9404 10148 10142
f 9407 9404 9403
f 9408 10148 9404
f 9405 9406 9400
f 10346 9406 9405
f 10346 10348 9406
f 9406 9407 9403
f 10348 9407 9406
f 9407 9408 9404
f 10350 9408 9407
f 9408 10158 10148
f 10352 10158 9408
f 9409 9415 9432
f 9410 9415 9409
f 9411 9414 9410
f 9410 9414 9415
f 9412 9416 9411
f 9413 9417 9412
f 9411 9416 9414
f 9412 9417 9416
f 9413 9429 9417
f 9414 9418 9415
f 9416 9419 9414
f 9414 9419 9418
f 9417 9420 9416
f 9416 9420 9419
f 9417 9421 9420
f 9429 9421 9417
f 9419 9422 9418
f 9420 9423 9419
f 9419 9423 9422
f 9420 9424 9423
f 9421 9424 9420
f 9421 9430 9424
f 9455 9430 9421
f 9423 9425 9422
f 9424 9426 9423
f 9423 9426 9425
f 9430 9465 9424
f 9424 9465 9426
f 9426 9468 9425
f 9409 9432 9427
f 9427 9433 9428
f 9427 9432 9433
f 9450 9429 9413
f 9415 9418 9440
f 9429 9455 9421
f 9418 9422 9444
f 9455 9457 9430
f 9415 9440 9432
f 9418 9444 9440
f 9428 9435 9431
f 9428 9433 9435
f 9431 9436 9434
f 9431 9435 9436
f 9434 9436 9439
f 9434 9439 9437
f 9437 9488 9438
f 9437 9439 9488
f 9432 9441 9433
f 9432 9440 9441
f 9433 9442 9435
f 9433 9441 9442
f 9435 9443 9436
f 9435 9442 9443
f 9440 9445 9441
f 9440 9444 9445
f 9441 9446 9442
f 9441 9445 9446
f 9442 9448 9443
f 9442 9446 9448
f 9436 9443 9447
f 9436 9447 9439
f 9439 9447 9491
f 9443 9449 9447
f 9443 9448 9449
f 9447 9449 9492
f 9451 9452 9450
f 9450 9452 9429
f 9451 9453 9452
f 9454 9453 9451
f 9454 9462 9453
f 9452 9455 9429
f 9452 9456 9455
f 9453 9456 9452
f 9456 9457 9455
f 9456 9458 9457
f 9453 9459 9456
f 9459 9458 9456
f 9459 9460 9458
f 9462 9459 9453
f 9462 9463 9459
f 9463 9460 9459
f 9461 9462 9454
f 9461 9597 9462
f 9597 9463 9462
f 9597 9600 9463
f 9463 9464 9460
f 9600 9464 9463
f 9422 9425 9470
f 9457 9466 9430
f 9430 9466 9465
f 9422 9470 9444
f 9465 9467 9426
f 9466 9469 9465
f 9426 9467 9468
f 9465 9469 9467
f 9466 9480 9469
f 9467 9511 9468
f 9469 9510 9467
f 9480 9512 9469
f 9425 9474 9470
f 9425 9468 9474
f 9444 9471 9445
f 9445 9472 9446
f 9444 9470 9471
f 9445 9471 9472
f 9446 9473 9448
f 9446 9472 9473
f 9448 9502 9449
f 9448 9473 9502
f 9470 9475 9471
f 9470 9474 9475
f 9468 9514 9474
f 9471 9476 9472
f 9471 9475 9476
f 9472 9477 9473
f 9472 9476 9477
f 9473 9477 9505
f 9474 9515 9475
f 9475 9516 9476
f 9476 9556 9477
f 9458 9478 9457
f 9457 9478 9466
f 9458 9479 9478
f 9460 9479 9458
f 9460 9483 9479
f 9478 9480 9466
f 9478 9481 9480
f 9479 9481 9478
f 9479 9482 9481
f 9483 9482 9479
f 9481 9519 9480
f 9482 9520 9481
f 9464 9483 9460
f 9464 9484 9483
f 9601 9484 9464
f 9484 9485 9483
f 9483 9485 9482
f 9484 9486 9485
f 9485 9525 9482
f 9486 9526 9485
f 9439 9491 9488
f 9447 9492 9491
f 9438 9490 9487
f 9438 9488 9490
f 9487 9495 9489
f 9487 9490 9495
f 9488 9491 9493
f 9488 9493 9490
f 9491 9492 9494
f 9490 9493 9498
f 9490 9498 9495
f 9491 9494 9493
f 9493 9494 9499
f 9489 9497 9496
f 9489 9495 9497
f 9496 9497 9656
f 9495 9498 9500
f 9493 9499 9498
f 9498 9499 9501
f 9495 9500 9497
f 9498 9501 9500
f 9473 9505 9502
f 9449 9503 9492
f 9449 9502 9503
f 9492 9503 9504
f 9492 9504 9494
f 9494 9504 9507
f 9502 9506 9503
f 9502 9505 9506
f 9477 9558 9505
f 9503 9506 9508
f 9503 9508 9504
f 9505 9559 9506
f 9506 9563 9508
f 9494 9507 9499
f 9499 9620 9501
f 9499 9507 9620
f 9504 9508 9509
f 9504 9509 9507
f 9508 9564 9509
f 9507 9509 9668
f 9507 9668 9620
f 9509 9705 9668
f 9467 9510 9511
f 9469 9512 9510
f 9510 9513 9511
f 9512 9521 9510
f 9468 9511 9514
f 9510 9521 9513
f 9511 9513 9517
f 9511 9517 9514
f 9474 9514 9515
f 9475 9515 9516
f 9476 9516 9556
f 9514 9518 9515
f 9515 9557 9516
f 9513 9529 9567
f 9513 9567 9517
f 9514 9517 9518
f 9515 9518 9557
f 9517 9568 9518
f 9517 9567 9568
f 9480 9519 9512
f 9481 9520 9519
f 9482 9525 9520
f 9519 9522 9512
f 9520 9523 9519
f 9525 9524 9520
f 9512 9522 9521
f 9519 9523 9522
f 9520 9524 9523
f 9522 9530 9521
f 9521 9529 9513
f 9523 9531 9522
f 9521 9530 9529
f 9522 9531 9530
f 9523 9532 9531
f 9524 9532 9523
f 9524 9539 9532
f 9485 9526 9525
f 9526 9527 9525
f 9486 9626 9526
f 9626 9528 9526
f 9525 9527 9524
f 9527 9539 9524
f 9526 9528 9527
f 9527 9542 9539
f 9528 9542 9527
f 9528 9544 9542
f 9626 9627 9528
f 9627 9544 9528
f 9529 9571 9567
f 9530 9533 9529
f 9531 9534 9530
f 9532 9535 9531
f 9539 9540 9532
f 9530 9534 9533
f 9531 9535 9534
f 9534 9536 9533
f 9535 9537 9534
f 9534 9537 9536
f 9535 9538 9537
f 9532 9540 9535
f 9540 9538 9535
f 9537 9548 9536
f 9538 9549 9537
f 9542 9541 9539
f 9529 9533 9571
f 9533 9536 9578
f 9539 9541 9540
f 9540 9546 9538
f 9541 9546 9540
f 9541 9547 9546
f 9533 9578 9571
f 9544 9543 9542
f 9542 9543 9541
f 9543 9547 9541
f 9543 9552 9547
f 9636 9545 9544
f 9545 9552 9543
f 9544 9545 9543
f 9545 9553 9552
f 9638 9553 9545
f 9537 9549 9548
f 9538 9550 9549
f 9536 9548 9581
f 9546 9550 9538
f 9547 9551 9546
f 9546 9551 9550
f 9547 9554 9551
f 9549 9769 9548
f 9550 9768 9549
f 9551 9770 9550
f 9536 9581 9578
f 9554 9771 9551
f 9552 9554 9547
f 9552 9555 9554
f 9553 9555 9552
f 9553 9587 9555
f 9555 9775 9554
f 9477 9556 9558
f 9516 9560 9556
f 9516 9557 9560
f 9518 9569 9557
f 9518 9568 9569
f 9505 9558 9559
f 9556 9561 9558
f 9506 9559 9563
f 9558 9562 9559
f 9556 9560 9561
f 9557 9570 9560
f 9557 9569 9570
f 9560 9574 9561
f 9560 9570 9574
f 9558 9561 9562
f 9559 9562 9565
f 9561 9574 9575
f 9561 9575 9562
f 9559 9565 9563
f 9508 9563 9564
f 9509 9564 9705
f 9563 9566 9564
f 9563 9565 9566
f 9562 9588 9565
f 9562 9575 9588
f 9564 9566 9707
f 9565 9590 9566
f 9565 9588 9590
f 9567 9572 9568
f 9567 9571 9572
f 9568 9573 9569
f 9569 9576 9570
f 9568 9572 9573
f 9571 9579 9572
f 9571 9578 9579
f 9572 9579 9580
f 9569 9573 9576
f 9572 9580 9573
f 9573 9580 9583
f 9573 9583 9576
f 9570 9577 9574
f 9574 9589 9575
f 9570 9576 9577
f 9576 9583 9584
f 9576 9584 9577
f 9574 9577 9589
f 9577 9584 9593
f 9578 9582 9579
f 9579 9585 9580
f 9578 9581 9582
f 9579 9582 9585
f 9548 9777 9581
f 9580 9586 9583
f 9580 9585 9586
f 9583 9592 9584
f 9583 9586 9592
f 9581 9778 9582
f 9582 9779 9585
f 9585 9791 9586
f 9587 9780 9555
f 9577 9593 9589
f 9575 9591 9588
f 9575 9589 9591
f 9589 9593 9595
f 9589 9595 9591
f 9588 9712 9590
f 9588 9591 9712
f 9591 9595 9714
f 9591 9714 9712
f 9584 9594 9593
f 9584 9592 9594
f 9586 9792 9592
f 9593 9594 9596
f 9592 9798 9594
f 9593 9596 9595
f 9595 9715 9714
f 9595 9596 9715
f 9594 9838 9596
f 9596 9984 9715
f 9598 9597 9461
f 9598 9599 9597
f 9600 9601 9464
f 9599 9600 9597
f 9599 9606 9600
f 9606 9601 9600
f 9606 9607 9601
f 9601 9602 9484
f 9607 9602 9601
f 9602 9486 9484
f 9602 9603 9486
f 9603 9626 9486
f 9604 9599 9598
f 9604 9605 9599
f 9605 9606 9599
f 9605 9608 9606
f 9608 9607 9606
f 9608 9609 9607
f 9497 9500 9658
f 9610 9605 9604
f 9610 9611 9605
f 9611 9608 9605
f 9611 9614 9608
f 9614 9609 9608
f 9614 9615 9609
f 9612 9611 9610
f 9612 9613 9611
f 9613 9614 9611
f 9613 9616 9614
f 9616 9615 9614
f 9616 9617 9615
f 9607 9618 9602
f 9609 9618 9607
f 9609 9621 9618
f 9618 9603 9602
f 9619 9628 9603
f 9618 9619 9603
f 9621 9619 9618
f 9621 9622 9619
f 9622 9629 9619
f 9615 9621 9609
f 9615 9623 9621
f 9617 9623 9615
f 9617 9624 9623
f 9623 9622 9621
f 9623 9625 9622
f 9625 9632 9622
f 9624 9625 9623
f 9624 9693 9625
f 9693 9633 9625
f 9680 9613 9612
f 9680 9681 9613
f 9681 9616 9613
f 9683 9617 9616
f 9684 9624 9617
f 9603 9628 9626
f 9628 9627 9626
f 9627 9636 9544
f 9636 9638 9545
f 9629 9630 9628
f 9619 9629 9628
f 9622 9632 9629
f 9632 9631 9629
f 9628 9630 9627
f 9630 9636 9627
f 9630 9637 9636
f 9631 9637 9630
f 9629 9631 9630
f 9631 9640 9637
f 9634 9640 9631
f 9632 9634 9631
f 9625 9633 9632
f 9633 9634 9632
f 9693 9739 9633
f 9739 9635 9633
f 9634 9648 9640
f 9635 9648 9634
f 9633 9635 9634
f 9635 9650 9648
f 9741 9650 9635
f 9637 9638 9636
f 9638 9642 9553
f 9637 9639 9638
f 9639 9642 9638
f 9639 9644 9642
f 9640 9639 9637
f 9641 9644 9639
f 9640 9641 9639
f 9641 9646 9644
f 9642 9587 9553
f 9642 9643 9587
f 9644 9643 9642
f 9643 9781 9587
f 9644 9645 9643
f 9645 9970 9643
f 9646 9645 9644
f 9648 9641 9640
f 9649 9646 9641
f 9646 9647 9645
f 9652 9647 9646
f 9647 9972 9645
f 9653 9974 9647
f 9648 9649 9641
f 9649 9652 9646
f 9650 9649 9648
f 9651 9652 9649
f 9650 9651 9649
f 9651 9654 9652
f 9652 9653 9647
f 9654 9653 9652
f 9723 9978 9653
f 9654 9723 9653
f 9496 9656 9655
f 9655 9660 9657
f 9655 9656 9660
f 9497 9658 9656
f 9500 9501 9659
f 9500 9659 9658
f 9656 9658 9661
f 9658 9659 9662
f 9656 9661 9660
f 9658 9662 9661
f 9657 9664 9663
f 9657 9660 9664
f 9660 9661 9665
f 9661 9662 9666
f 9660 9665 9664
f 9661 9666 9665
f 9501 9620 9667
f 9501 9667 9659
f 9659 9670 9662
f 9659 9667 9670
f 9620 9668 9669
f 9620 9669 9667
f 9668 9706 9669
f 9667 9669 9671
f 9662 9670 9676
f 9667 9671 9670
f 9669 9709 9671
f 9670 9671 9678
f 9662 9676 9666
f 9670 9678 9676
f 9671 9727 9678
f 9663 9673 9672
f 9663 9664 9673
f 9672 9673 9700
f 9664 9665 9674
f 9664 9674 9673
f 9665 9666 9675
f 9665 9675 9674
f 9673 9674 9701
f 9674 9675 9702
f 9672 9700 9699
f 9673 9701 9700
f 9666 9676 9677
f 9666 9677 9675
f 9676 9678 9679
f 9676 9679 9677
f 9678 9728 9679
f 9675 9677 9703
f 9677 9679 9704
f 9682 9681 9680
f 9682 9685 9681
f 9681 9683 9616
f 9683 9684 9617
f 9685 9683 9681
f 9686 9684 9683
f 9685 9686 9683
f 9686 9687 9684
f 9688 9685 9682
f 9688 9689 9685
f 10140 9689 9688
f 9689 9686 9685
f 9689 9690 9686
f 9690 9687 9686
f 9690 9691 9687
f 10141 9690 9689
f 10144 9691 9690
f 9684 9692 9624
f 9687 9692 9684
f 9687 9695 9692
f 9692 9693 9624
f 9692 9694 9693
f 9694 9739 9693
f 9695 9694 9692
f 9695 9697 9694
f 9697 9740 9694
f 9691 9695 9687
f 9691 9696 9695
f 10145 9696 9691
f 9696 9697 9695
f 9698 9743 9697
f 9696 9698 9697
f 10152 9698 9696
f 10154 9744 9698
f 9699 10478 10477
f 9699 9700 10478
f 9674 9702 9701
f 9700 9701 10479
f 9701 9702 10480
f 9700 10479 10478
f 9675 9703 9702
f 9702 9703 10489
f 9677 9704 9703
f 9679 9759 9704
f 9703 9704 10490
f 9668 9705 9706
f 9564 9707 9705
f 9705 9708 9706
f 9705 9707 9708
f 9566 9711 9707
f 9566 9590 9711
f 9707 9711 9718
f 9707 9718 9708
f 9669 9706 9709
f 9706 9710 9709
f 9706 9708 9710
f 9708 9718 9720
f 9708 9720 9710
f 9739 9741 9635
f 9741 9747 9650
f 9671 9709 9727
f 9709 9710 9729
f 9710 9720 9731
f 9590 9713 9711
f 9590 9712 9713
f 9712 9714 9716
f 9712 9716 9713
f 9711 9713 9719
f 9713 9716 9721
f 9711 9719 9718
f 9713 9721 9719
f 9714 9717 9716
f 9714 9715 9717
f 9716 9717 9722
f 9715 9988 9717
f 9718 9719 9724
f 9719 9721 9725
f 9718 9724 9720
f 9719 9725 9724
f 9716 9722 9721
f 9721 9722 9726
f 9717 9990 9722
f 9721 9726 9725
f 9722 10029 9726
f 9747 9651 9650
f 9748 9654 9651
f 9747 9748 9651
f 9748 9750 9654
f 9750 9723 9654
f 9750 9751 9723
f 9751 9995 9723
f 9720 9724 9732
f 9678 9727 9728
f 9709 9729 9727
f 9727 9730 9728
f 9710 9731 9729
f 9727 9729 9730
f 9729 9731 9735
f 9729 9735 9730
f 9679 9728 9759
f 9728 9730 9760
f 9720 9732 9731
f 9724 9725 9733
f 9724 9733 9732
f 9731 9736 9735
f 9731 9732 9736
f 9732 9733 9737
f 9732 9737 9736
f 9725 9726 9734
f 9725 9734 9733
f 9726 10030 9734
f 9733 9734 9738
f 9733 9738 9737
f 9734 10032 9738
f 9694 9740 9739
f 9740 9741 9739
f 9743 9742 9740
f 9742 9747 9741
f 9740 9742 9741
f 9742 9749 9747
f 9697 9743 9740
f 9743 9745 9742
f 9745 9749 9742
f 9745 9755 9749
f 9744 9745 9743
f 9698 9744 9743
f 9746 9755 9745
f 9744 9746 9745
f 9746 9764 9755
f 9749 9748 9747
f 9752 9750 9748
f 9749 9752 9748
f 9752 9753 9750
f 9753 9751 9750
f 9753 9754 9751
f 9754 10053 9751
f 9755 9752 9749
f 9756 9753 9752
f 9755 9756 9752
f 9757 9754 9753
f 9758 10056 9754
f 9757 9758 9754
f 9756 9757 9753
f 9764 9756 9755
f 9765 9757 9756
f 9764 9765 9756
f 9765 9766 9757
f 9766 9758 9757
f 9767 10058 9758
f 9728 9760 9759
f 9704 9759 10495
f 9730 9735 9761
f 9730 9761 9760
f 10162 9746 9744
f 10163 9764 9746
f 9735 9736 9762
f 9736 9737 9763
f 9735 9762 9761
f 9736 9763 9762
f 9737 10501 9763
f 9737 9738 10501
f 9738 10623 10501
f 10168 9765 9764
f 10169 9766 9765
f 9766 9767 9758
f 10170 9767 9766
f 10171 10062 9767
f 9549 9768 9769
f 9550 9770 9768
f 9548 9769 9777
f 9551 9771 9770
f 9554 9775 9771
f 9768 9772 9769
f 9770 9773 9768
f 9771 9774 9770
f 9768 9773 9772
f 9775 9776 9771
f 9770 9774 9773
f 9771 9776 9774
f 9555 9780 9775
f 9773 9785 9772
f 9774 9786 9773
f 9769 9772 9793
f 9769 9793 9777
f 9581 9777 9778
f 9582 9778 9779
f 9585 9779 9791
f 9777 9794 9778
f 9778 9795 9779
f 9777 9793 9794
f 9587 9781 9780
f 9780 9782 9775
f 9775 9782 9776
f 9780 9783 9782
f 9781 9783 9780
f 9781 9784 9783
f 9772 9785 9800
f 9776 9787 9774
f 9782 9788 9776
f 9773 9786 9785
f 9774 9787 9786
f 9776 9788 9787
f 9786 9806 9785
f 9787 9807 9786
f 9788 9808 9787
f 9772 9800 9793
f 9783 9789 9782
f 9782 9789 9788
f 9783 9790 9789
f 9784 9790 9783
f 9784 9805 9790
f 9789 9812 9788
f 9790 9813 9789
f 9805 9820 9790
f 9586 9791 9792
f 9592 9792 9798
f 9778 9794 9795
f 9779 9795 9796
f 9779 9796 9791
f 9791 9797 9792
f 9791 9796 9797
f 9792 9797 9799
f 9594 9798 9838
f 9792 9799 9798
f 9798 9799 9839
f 9793 9801 9794
f 9794 9802 9795
f 9793 9800 9801
f 9794 9801 9802
f 9795 9803 9796
f 9795 9802 9803
f 9785 9815 9800
f 9800 9815 9801
f 9796 9804 9797
f 9796 9803 9804
f 9801 9816 9802
f 9802 9817 9803
f 9803 9843 9804
f 9797 9840 9799
f 9797 9804 9840
f 9786 9807 9806
f 9787 9808 9807
f 9785 9806 9815
f 9788 9812 9808
f 9807 9809 9806
f 9808 9810 9807
f 9812 9811 9808
f 9807 9810 9809
f 9808 9811 9810
f 9812 9814 9811
f 9789 9813 9812
f 9790 9820 9813
f 9813 9814 9812
f 9820 9822 9813
f 9813 9822 9814
f 9811 9824 9810
f 9810 9825 9809
f 9814 9826 9811
f 9810 9824 9825
f 9811 9826 9824
f 9806 9818 9815
f 9806 9809 9818
f 9801 9815 9816
f 9802 9816 9817
f 9803 9817 9843
f 9815 9819 9816
f 9816 9842 9817
f 9815 9818 9819
f 9816 9819 9842
f 9805 9821 9820
f 9821 9823 9820
f 9820 9823 9822
f 9821 9980 9823
f 9809 9825 9849
f 9824 9828 9825
f 9826 9827 9824
f 9824 9827 9828
f 9826 9831 9827
f 9809 9849 9818
f 9825 9828 9853
f 9825 9853 9849
f 9822 9829 9814
f 9814 9829 9826
f 9822 9830 9829
f 9823 9830 9822
f 9823 9833 9830
f 9980 9833 9823
f 9829 9831 9826
f 9830 9832 9829
f 9829 9832 9831
f 9830 9834 9832
f 9980 9983 9833
f 9833 9834 9830
f 9833 9835 9834
f 9983 9835 9833
f 9983 10004 9835
f 9827 9837 9828
f 9831 9836 9827
f 9827 9836 9837
f 9831 9867 9836
f 9832 9867 9831
f 9834 9868 9832
f 9832 9868 9867
f 9835 9869 9834
f 9596 9838 9984
f 9798 9839 9838
f 9838 9985 9984
f 9838 9839 9985
f 9799 9840 9841
f 9799 9841 9839
f 9804 9844 9840
f 9839 9986 9985
f 9839 9841 9986
f 9840 9846 9841
f 9817 9845 9843
f 9817 9842 9845
f 9804 9843 9844
f 9840 9844 9846
f 9843 9847 9844
f 9843 9845 9847
f 9844 9848 9846
f 9841 9846 10010
f 9844 9847 9848
f 9818 9851 9819
f 9818 9849 9850
f 9818 9850 9851
f 9819 9852 9842
f 9819 9851 9852
f 9842 9852 9857
f 9849 9854 9850
f 9850 9855 9851
f 9849 9853 9854
f 9850 9854 9855
f 9851 9856 9852
f 9851 9855 9856
f 9842 9857 9845
f 9845 9857 9858
f 9845 9858 9847
f 9847 9860 9848
f 9847 9858 9860
f 9852 9859 9857
f 9852 9856 9859
f 9857 9861 9858
f 9857 9859 9861
f 9846 9848 10011
f 9848 9860 10014
f 9858 9861 9862
f 9858 9862 9860
f 9860 9862 10015
f 9828 9837 9863
f 9828 9863 9853
f 9836 9866 9837
f 9867 9865 9836
f 9836 9865 9866
f 9853 9864 9854
f 9853 9863 9864
f 9854 9874 9855
f 9855 9877 9856
f 9854 9864 9874
f 9855 9874 9877
f 9837 9866 9875
f 9837 9875 9863
f 9834 9869 9868
f 9835 9870 9869
f 10004 9870 9835
f 10004 10082 9870
f 9868 9871 9867
f 9867 9871 9865
f 9869 9872 9868
f 9856 9878 9859
f 9868 9872 9871
f 9870 9873 9869
f 9869 9873 9872
f 10082 9879 9870
f 9870 9879 9873
f 10082 9880 9879
f 9865 9885 9866
f 9871 9887 9865
f 9872 9888 9871
f 9863 9875 9864
f 9864 9876 9874
f 9874 9883 9877
f 9864 9875 9876
f 9874 9876 9883
f 9856 9877 9878
f 9859 9881 9861
f 9859 9878 9881
f 9861 9882 9862
f 9877 9884 9878
f 9861 9881 9882
f 9862 9882 10090
f 9877 9883 9884
f 9878 9898 9881
f 9878 9884 9898
f 9881 9899 9882
f 9865 9887 9885
f 9866 9886 9875
f 9866 9885 9886
f 9875 9901 9876
f 9875 9886 9900
f 9875 9900 9901
f 9876 9901 9905
f 9885 9902 9886
f 9885 9893 9902
f 9871 9888 9887
f 9872 9889 9888
f 9873 9889 9872
f 9879 9890 9873
f 9873 9890 9889
f 9888 9895 9887
f 9887 9893 9885
f 9889 9894 9888
f 9880 9891 9879
f 9879 9891 9890
f 9890 9896 9889
f 9891 9897 9890
f 9876 9905 9883
f 9883 9906 9884
f 9880 9892 9891
f 9892 9907 9891
f 9888 9894 9895
f 9887 9895 9893
f 9889 9896 9894
f 9890 9897 9896
f 9894 9919 9895
f 9895 9918 9893
f 9896 9920 9894
f 9891 9907 9897
f 9881 9898 9899
f 9882 9899 10092
f 9886 9903 9900
f 9900 9904 9901
f 9886 9902 9903
f 9900 9903 9904
f 9893 9916 9902
f 9893 9918 9916
f 9902 9917 9903
f 9903 9926 9904
f 9902 9916 9917
f 9903 9917 9926
f 9883 9905 9906
f 9884 9909 9898
f 9884 9906 9909
f 9901 9911 9905
f 9905 9912 9906
f 10089 9908 9892
f 9898 9910 9899
f 9898 9909 9910
f 9894 9920 9919
f 9895 9919 9918
f 9896 9921 9920
f 9897 9921 9896
f 9907 9922 9897
f 9901 9904 9911
f 9897 9922 9921
f 9892 9908 9907
f 9908 9929 9907
f 9907 9929 9922
f 10096 9930 9908
f 9906 9913 9909
f 9899 10106 10092
f 9899 9910 10106
f 9909 9914 9910
f 9905 9911 9912
f 9906 9912 9913
f 9904 9932 9911
f 9904 9926 9932
f 9911 9933 9912
f 9911 9932 9933
f 9908 9930 9929
f 10096 10125 9930
f 9909 9913 9914
f 9910 9915 10106
f 9912 9934 9913
f 9912 9933 9934
f 9910 9914 9915
f 9913 9952 9914
f 9913 9934 9952
f 9914 9953 9915
f 9914 9952 9953
f 9918 9931 9916
f 9920 9923 9919
f 9919 9924 9918
f 9921 9925 9920
f 9922 9927 9921
f 9929 9928 9922
f 9919 9923 9924
f 9920 9925 9923
f 9918 9924 9931
f 9921 9927 9925
f 9922 9928 9927
f 9929 9937 9928
f 9930 9937 9929
f 10125 9938 9930
f 9930 9938 9937
f 9925 9940 9923
f 9923 9941 9924
f 9927 9942 9925
f 9923 9940 9941
f 9928 9943 9927
f 9916 9931 9917
f 9917 9931 9935
f 9931 9955 9956
f 9917 9935 9926
f 9926 9936 9932
f 9932 9950 9933
f 9933 9951 9934
f 9926 9935 9936
f 9932 9936 9950
f 9933 9950 9951
f 10125 9939 9938
f 9927 9943 9942
f 9925 9942 9940
f 9924 9955 9931
f 9924 9941 9955
f 9937 9944 9928
f 9928 9944 9943
f 9937 9949 9944
f 9940 9945 9941
f 9942 9946 9940
f 9931 9957 9935
f 9940 9946 9945
f 9943 9947 9942
f 9942 9947 9946
f 9943 9948 9947
f 9941 9945 9961
f 9944 9948 9943
f 9944 9958 9948
f 9949 9958 9944
f 9938 9949 9937
f 9938 9965 9949
f 9939 9965 9938
f 9939 9966 9965
f 9934 9951 9954
f 9934 9954 9952
f 9952 10510 9953
f 9952 9954 10510
f 9935 9959 9936
f 9931 9956 9957
f 9935 9957 9959
f 9936 9960 9950
f 9936 9959 9960
f 9941 9961 9955
f 9955 9962 9956
f 9949 9967 9958
f 9950 10511 9951
f 9950 9960 10511
f 9951 10511 10514
f 9955 9961 9962
f 9956 9963 9957
f 9956 9962 9963
f 9957 9963 9964
f 9957 9964 9959
f 9959 10512 9960
f 9959 9964 10512
f 9965 9967 9949
f 9965 9968 9967
f 9966 9968 9965
f 9966 9969 9968
f 9951 10514 9954
f 10131 9969 9966
f 9946 10519 9945
f 9948 10520 9947
f 9947 10519 9946
f 9958 10521 9948
f 9945 10525 9961
f 9947 10520 10519
f 9948 10521 10520
f 9967 10522 9958
f 9958 10522 10521
f 9968 10523 9967
f 9969 10524 9968
f 9643 9970 9781
f 9645 9972 9970
f 9970 9784 9781
f 9970 9971 9784
f 9972 9971 9970
f 9971 9805 9784
f 9972 9973 9971
f 9647 9974 9972
f 9974 9973 9972
f 9974 9975 9973
f 9978 9975 9974
f 9971 9976 9805
f 9973 9976 9971
f 9973 9977 9976
f 9976 9821 9805
f 9977 9979 9976
f 9975 9977 9973
f 9975 9987 9977
f 9987 9982 9977
f 9653 9978 9974
f 9978 9994 9975
f 9976 9979 9821
f 9979 9980 9821
f 9977 9982 9979
f 9982 9981 9979
f 9979 9981 9980
f 9982 10001 9981
f 9981 9983 9980
f 9981 10003 9983
f 10003 10004 9983
f 9715 9984 9988
f 9984 9989 9988
f 9984 9985 9989
f 9841 10010 9986
f 9994 9987 9975
f 9997 10000 9987
f 9717 9988 9990
f 9988 9989 9991
f 9988 9991 9990
f 9722 9990 10029
f 9990 9991 10027
f 9985 9986 9992
f 9985 9992 9989
f 9986 10012 9992
f 9989 9992 9993
f 9989 9993 9991
f 9992 10036 9993
f 9723 9995 9978
f 9995 9994 9978
f 9995 9996 9994
f 9751 10053 9995
f 10053 9996 9995
f 10053 10054 9996
f 9994 9997 9987
f 9996 9997 9994
f 9996 9998 9997
f 9998 10016 9997
f 10054 9998 9996
f 10054 9999 9998
f 9999 10019 9998
f 9987 10000 9982
f 10000 10001 9982
f 10000 10002 10001
f 10016 10002 10000
f 10001 10003 9981
f 10001 10007 10003
f 10003 10005 10004
f 10007 10005 10003
f 10007 10006 10005
f 10002 10007 10001
f 10002 10008 10007
f 10017 10008 10002
f 10008 10006 10007
f 10008 10009 10006
f 10022 10009 10008
f 9846 10011 10010
f 9986 10010 10012
f 10010 10011 10013
f 9992 10012 10036
f 10010 10013 10012
f 10012 10013 10037
f 9848 10014 10011
f 10011 10014 10040
f 10011 10040 10013
f 9860 10015 10014
f 10014 10015 10041
f 10014 10041 10040
f 10022 10023 10009
f 9997 10016 10000
f 9998 10019 10016
f 10019 10017 10016
f 10016 10017 10002
f 10017 10022 10008
f 10019 10018 10017
f 10020 10018 10019
f 9999 10020 10019
f 10020 10021 10018
f 10018 10022 10017
f 10018 10024 10022
f 10024 10023 10022
f 10024 10025 10023
f 10021 10024 10018
f 10021 10026 10024
f 10067 10026 10021
f 10026 10025 10024
f 10026 10046 10025
f 9990 10027 10029
f 9991 10028 10027
f 9991 9993 10028
f 9993 10038 10028
f 9726 10029 10030
f 10029 10027 10031
f 10029 10031 10030
f 9734 10030 10032
f 10027 10028 10034
f 10027 10034 10031
f 10028 10047 10034
f 10030 10031 10033
f 10030 10033 10032
f 9738 10032 10623
f 10032 10033 10624
f 10031 10034 10035
f 10031 10035 10033
f 10033 10035 10627
f 10034 10049 10035
f 10012 10037 10036
f 9993 10036 10038
f 10036 10037 10039
f 10036 10039 10038
f 10013 10040 10042
f 10040 10041 10044
f 10013 10042 10037
f 10040 10044 10042
f 10037 10042 10043
f 10037 10043 10039
f 10042 10044 10045
f 10042 10045 10043
f 10028 10038 10047
f 10038 10039 10048
f 10070 10046 10026
f 10038 10048 10047
f 10034 10047 10049
f 10047 10048 10050
f 10047 10050 10049
f 10039 10043 10051
f 10039 10051 10048
f 10043 10045 10052
f 10043 10052 10051
f 10048 10051 10620
f 10051 10052 10621
f 10051 10621 10620
f 10048 10620 10050
f 9754 10056 10053
f 10056 10054 10053
f 10056 10055 10054
f 9758 10058 10056
f 10058 10055 10056
f 10058 10059 10055
f 10055 9999 10054
f 10055 10057 9999
f 10057 10020 9999
f 10059 10057 10055
f 10057 10066 10020
f 10066 10021 10020
f 10066 10067 10021
f 10059 10060 10057
f 10060 10066 10057
f 10032 10624 10623
f 9767 10062 10058
f 10062 10059 10058
f 10062 10061 10059
f 10171 10180 10062
f 10180 10061 10062
f 10180 10064 10061
f 10061 10060 10059
f 10061 10063 10060
f 10063 10068 10060
f 10064 10063 10061
f 10065 10074 10063
f 10064 10065 10063
f 10068 10067 10066
f 10060 10068 10066
f 10068 10069 10067
f 10074 10069 10068
f 10067 10070 10026
f 10069 10070 10067
f 10070 10071 10046
f 10072 10071 10070
f 10072 10073 10071
f 10069 10072 10070
f 10075 10072 10069
f 10078 10073 10072
f 10075 10078 10072
f 10078 10079 10073
f 10063 10074 10068
f 10074 10075 10069
f 10076 10075 10074
f 10065 10076 10074
f 10076 10077 10075
f 10184 10077 10076
f 10077 10078 10075
f 10081 10079 10078
f 10077 10081 10078
f 10081 10080 10079
f 11337 10081 10077
f 11337 11340 10081
f 11340 10080 10081
f 10005 10082 10004
f 10005 10083 10082
f 10006 10083 10005
f 10006 10084 10083
f 10083 9880 10082
f 10009 10084 10006
f 10083 10085 9880
f 10084 10085 10083
f 10084 10086 10085
f 10087 10086 10084
f 9862 10090 10015
f 10009 10087 10084
f 10023 10087 10009
f 10023 10088 10087
f 10087 10093 10086
f 10088 10093 10087
f 10085 9892 9880
f 10086 10089 10085
f 10085 10089 9892
f 10086 10095 10089
f 10093 10095 10086
f 10025 10088 10023
f 10025 10113 10088
f 10046 10113 10025
f 10015 10090 10091
f 10015 10091 10041
f 9882 10092 10090
f 10041 10091 10103
f 10090 10101 10091
f 10090 10092 10101
f 10088 10094 10093
f 10041 10103 10044
f 10095 10096 10089
f 10093 10099 10095
f 10099 10097 10095
f 10089 10096 9908
f 10095 10097 10096
f 10097 10125 10096
f 10097 10126 10125
f 10099 10098 10097
f 10098 10126 10097
f 10094 10099 10093
f 10094 10100 10099
f 10100 10098 10099
f 10114 10100 10094
f 10114 10110 10100
f 10110 10111 10100
f 10100 10111 10098
f 10091 10101 10102
f 10091 10102 10103
f 10044 10103 10104
f 10044 10104 10045
f 10103 10102 10105
f 10103 10105 10104
f 10045 10104 10118
f 10104 10105 10654
f 10104 10654 10118
f 10092 10106 10107
f 10092 10107 10101
f 10106 10109 10107
f 10101 10108 10102
f 10101 10107 10108
f 10106 9915 10109
f 10098 10128 10126
f 10111 10128 10098
f 10102 10108 10656
f 10107 10655 10108
f 10107 10109 10655
f 9915 10673 10109
f 9915 9953 10673
f 10111 10134 10128
f 10112 10134 10111
f 10110 10112 10111
f 10102 10656 10105
f 10112 10135 10134
f 10121 10135 10112
f 10121 10136 10135
f 10113 10094 10088
f 10113 10114 10094
f 10116 10114 10113
f 10116 10115 10114
f 10046 10116 10113
f 10071 10116 10046
f 10071 10117 10116
f 10117 10115 10116
f 10115 10110 10114
f 10045 10118 10052
f 10117 10119 10115
f 10137 10119 10117
f 10115 10120 10110
f 10120 10112 10110
f 10119 10120 10115
f 10120 10121 10112
f 10123 10121 10120
f 10122 10136 10121
f 10123 10122 10121
f 10119 10123 10120
f 10124 10122 10123
f 10138 10123 10119
f 10138 10124 10123
f 10126 9939 10125
f 10128 10127 10126
f 10126 10127 9939
f 10134 10129 10128
f 10128 10129 10127
f 10127 9966 9939
f 10134 10130 10129
f 10127 10131 9966
f 10129 10131 10127
f 10129 10132 10131
f 10131 10133 9969
f 10132 10133 10131
f 10130 10132 10129
f 10130 10677 10132
f 10135 10130 10134
f 10135 10686 10130
f 10136 10686 10135
f 10073 10117 10071
f 10073 10137 10117
f 10137 10138 10119
f 10139 10138 10137
f 10139 10904 10138
f 10079 10137 10073
f 10079 10139 10137
f 10913 10904 10139
f 10904 10124 10138
f 10080 10139 10079
f 10080 10913 10139
f 10140 10141 9689
f 10141 10144 9690
f 10144 10145 9691
f 10142 10141 10140
f 10142 10143 10141
f 10143 10144 10141
f 10143 10146 10144
f 10146 10145 10144
f 10146 10147 10145
f 10148 10143 10142
f 10149 10146 10143
f 10150 10147 10146
f 10148 10149 10143
f 10158 10149 10148
f 10149 10150 10146
f 10150 10151 10147
f 10159 10150 10149
f 10160 10151 10150
f 10145 10152 9696
f 10147 10152 10145
f 10147 10153 10152
f 10152 10154 9698
f 10153 10154 10152
f 10153 10155 10154
f 10155 10162 10154
f 10151 10153 10147
f 10151 10156 10153
f 10161 10156 10151
f 10156 10155 10153
f 10156 10157 10155
f 10157 10164 10155
f 11160 10157 10156
f 11161 10166 10157
f 10158 10159 10149
f 10159 10160 10150
f 10160 10161 10151
f 10161 11160 10156
f 11160 11161 10157
f 10154 10162 9744
f 10155 10164 10162
f 10164 10163 10162
f 10162 10163 9746
f 10163 10168 9764
f 10164 10165 10163
f 10165 10168 10163
f 10165 10172 10168
f 10157 10166 10164
f 10166 10165 10164
f 11182 10167 10166
f 10166 10167 10165
f 10167 10172 10165
f 10167 10176 10172
f 11183 10176 10167
f 10168 10169 9765
f 10169 10170 9766
f 10172 10169 10168
f 10173 10170 10169
f 10170 10171 9767
f 10174 10171 10170
f 10172 10173 10169
f 10173 10174 10170
f 10175 10180 10171
f 10174 10175 10171
f 10176 10173 10172
f 10177 10174 10173
f 10176 10177 10173
f 10177 10179 10174
f 11188 10177 10176
f 11189 10179 10177
f 10179 10175 10174
f 10179 10178 10175
f 10178 10181 10175
f 11161 11182 10166
f 10181 10064 10180
f 10181 10182 10064
f 10175 10181 10180
f 11332 10182 10181
f 11332 11333 10182
f 10182 10065 10064
f 10182 10183 10065
f 10183 10076 10065
f 11333 10183 10182
f 11331 10184 10183
f 10178 11332 10181
f 10183 10184 10076
f 10184 11337 10077
f 9124 9125 10186
f 9124 10186 10185
f 9125 10188 10186
f 9125 10187 10188
f 10185 10186 10192
f 10185 10192 10191
f 10186 10193 10192
f 10186 10188 10193
f 10187 10189 10190
f 10187 10190 10188
f 10189 10198 10190
f 10189 10195 10198
f 10188 10190 10194
f 10188 10194 10193
f 10190 10198 10205
f 10190 10205 10194
f 10191 10192 10226
f 10192 10193 10227
f 10195 10196 10199
f 10195 10199 10198
f 9138 10197 10196
f 10196 10197 10200
f 10196 10200 10199
f 10198 10199 10206
f 10198 10206 10205
f 10199 10200 10230
f 10199 10230 10206
f 9139 10201 10197
f 9142 10202 10201
f 10197 10201 10203
f 10201 10202 10204
f 10197 10203 10200
f 10201 10204 10203
f 10200 10203 10234
f 10203 10204 10235
f 10200 10234 10230
f 10203 10235 10234
f 9152 10207 10202
f 10202 10207 10209
f 9307 10208 10207
f 10207 10208 10210
f 10202 10209 10204
f 10204 10209 10324
f 10207 10210 10209
f 10209 10210 10325
f 9308 9309 10211
f 9308 10211 10208
f 9309 9310 10212
f 9309 10212 10211
f 9310 9335 10215
f 9310 10215 10212
f 10208 10213 10210
f 10208 10211 10213
f 10210 10213 10328
f 10211 10212 10214
f 10211 10214 10213
f 10212 10215 10217
f 10212 10217 10214
f 10213 10214 10329
f 10214 10217 10338
f 10204 10324 10235
f 10209 10325 10324
f 9335 9336 10216
f 9335 10216 10215
f 9336 10219 10221
f 9336 10221 10216
f 10215 10218 10217
f 10215 10216 10218
f 10216 10221 10223
f 10216 10223 10218
f 10219 10220 10222
f 10219 10222 10221
f 10220 10477 10481
f 10220 10481 10222
f 10221 10222 10224
f 10221 10224 10223
f 10222 10481 10483
f 10222 10483 10224
f 10217 10218 10339
f 10218 10223 10342
f 10191 10226 10225
f 10192 10227 10226
f 10225 10226 10244
f 10225 10244 10243
f 10226 10227 10245
f 10226 10245 10244
f 10193 10194 10228
f 10193 10228 10227
f 10194 10231 10228
f 10194 10205 10231
f 10227 10228 10246
f 10228 10231 10255
f 10227 10246 10245
f 10228 10255 10246
f 10270 9354 9353
f 10205 10206 10232
f 10205 10232 10231
f 10206 10230 10233
f 10206 10233 10232
f 10231 10232 10256
f 10231 10256 10255
f 10232 10233 10257
f 10232 10257 10256
f 10230 10234 10236
f 10230 10236 10233
f 10234 10235 10237
f 10234 10237 10236
f 10233 10236 10258
f 10233 10258 10257
f 10236 10259 10258
f 10236 10237 10259
f 10238 10239 9371
f 10239 10240 9372
f 10240 10241 9374
f 10241 10242 9376
f 10243 10244 10248
f 10243 10248 10247
f 10244 10249 10248
f 10244 10245 10249
f 10245 10246 10250
f 10245 10250 10249
f 10246 10255 10260
f 10247 10248 10252
f 10247 10252 10251
f 10248 10253 10252
f 10248 10249 10253
f 10246 10260 10250
f 10249 10250 10254
f 10249 10254 10253
f 10250 10260 10265
f 10250 10265 10254
f 10251 10252 10307
f 10251 10307 10306
f 10252 10308 10307
f 10252 10253 10308
f 10253 10254 10312
f 10253 10312 10308
f 10254 10265 10314
f 10254 10314 10312
f 10255 10256 10261
f 10256 10257 10262
f 10257 10258 10263
f 10258 10259 10264
f 10255 10261 10260
f 10256 10262 10261
f 10260 10261 10266
f 10260 10266 10265
f 10261 10262 10267
f 10261 10267 10266
f 10257 10263 10262
f 10258 10264 10263
f 10262 10263 10268
f 10263 10264 10269
f 10262 10268 10267
f 10263 10269 10268
f 10265 10266 10315
f 10265 10315 10314
f 10266 10267 10316
f 10266 10316 10315
f 10267 10268 10320
f 10267 10320 10316
f 10268 10321 10320
f 10268 10269 10321
f 10270 10271 9354
f 10271 9355 9354
f 10273 10271 10270
f 10274 10272 10271
f 10271 10272 9355
f 10273 10274 10271
f 10278 10274 10273
f 10279 10275 10274
f 10274 10275 10272
f 10272 10229 9355
f 10272 10276 10229
f 10275 10276 10272
f 10276 10238 10229
f 10276 10286 10238
f 10277 10286 10276
f 10275 10277 10276
f 10280 10277 10275
f 10277 10289 10286
f 10281 10289 10277
f 10278 10279 10274
f 10282 10279 10278
f 10283 10280 10279
f 10279 10280 10275
f 10280 10281 10277
f 10281 10296 10289
f 10282 10283 10279
f 13195 10283 10282
f 13196 10284 10283
f 10283 10284 10280
f 10284 10281 10280
f 10285 10296 10281
f 10284 10285 10281
f 13197 10285 10284
f 10285 10299 10296
f 13201 10299 10285
f 10286 10239 10238
f 10286 10287 10239
f 10287 10240 10239
f 10287 10288 10240
f 10289 10287 10286
f 10289 10290 10287
f 10296 10290 10289
f 10290 10288 10287
f 10290 10291 10288
f 10297 10291 10290
f 10288 10241 10240
f 10288 10292 10241
f 10292 10242 10241
f 10292 10293 10242
f 10291 10292 10288
f 10291 10294 10292
f 10294 10293 10292
f 10298 10294 10291
f 10302 10295 10294
f 10294 10295 10293
f 10296 10297 10290
f 10297 10298 10291
f 10298 10302 10294
f 10302 10303 10295
f 10299 10297 10296
f 10301 10298 10297
f 10299 10301 10297
f 13207 10301 10299
f 10301 10300 10298
f 13208 10300 10301
f 10300 10302 10298
f 10304 10303 10302
f 10300 10304 10302
f 13209 10304 10300
f 13213 10305 10304
f 10304 10305 10303
f 10306 10307 10310
f 10306 10310 10309
f 10307 10311 10310
f 10307 10308 10311
f 10308 10312 10313
f 10308 10313 10311
f 10312 10314 10317
f 10312 10317 10313
f 10313 10317 10438
f 10314 10315 10318
f 10314 10318 10317
f 10315 10316 10319
f 10315 10319 10318
f 10317 10318 10439
f 10318 10319 10440
f 10316 10320 10322
f 10316 10322 10319
f 10320 10323 10322
f 10320 10321 10323
f 10319 10322 10441
f 10322 10323 10442
f 10235 10324 10326
f 10324 10325 10327
f 10235 10326 10237
f 10324 10327 10326
f 10237 10326 10354
f 10237 10354 10259
f 10326 10327 10355
f 10210 10328 10325
f 10325 10328 10330
f 10213 10329 10328
f 10214 10338 10329
f 10328 10329 10331
f 10329 10338 10340
f 10325 10330 10327
f 10328 10331 10330
f 10329 10340 10331
f 10327 10330 10356
f 10330 10331 10357
f 10331 10340 10366
f 10242 9389 9376
f 10242 10332 9389
f 10332 9390 9389
f 10332 10333 9390
f 10333 10334 9390
f 10333 10335 10334
f 10335 10336 10334
f 10337 10346 10336
f 10335 10337 10336
f 10337 10347 10346
f 10217 10339 10338
f 10338 10339 10341
f 10218 10342 10339
f 10339 10342 10344
f 10338 10341 10340
f 10339 10344 10341
f 10340 10341 10367
f 10341 10344 10368
f 10223 10343 10342
f 10223 10224 10343
f 10342 10343 10345
f 10224 11140 10343
f 10224 10483 11140
f 10342 10345 10344
f 10343 11144 10345
f 10343 11140 11144
f 10344 10345 10369
f 10345 11144 11200
f 10348 10350 9407
f 10347 10348 10346
f 10347 10349 10348
f 10349 10350 10348
f 10349 10351 10350
f 10350 10352 9408
f 10352 11152 10158
f 10351 10352 10350
f 10351 10353 10352
f 10353 11152 10352
f 10353 11154 11152
f 10259 10354 10358
f 10326 10355 10354
f 10327 10356 10355
f 10330 10357 10356
f 10331 10366 10357
f 10259 10358 10264
f 10354 10355 10359
f 10354 10359 10358
f 10264 10358 10362
f 10358 10359 10363
f 10264 10362 10269
f 10358 10363 10362
f 10355 10360 10359
f 10355 10356 10360
f 10356 10357 10361
f 10356 10361 10360
f 10357 10366 10370
f 10357 10370 10361
f 10359 10360 10364
f 10360 10361 10365
f 10361 10370 10374
f 10359 10364 10363
f 10360 10365 10364
f 10361 10374 10365
f 10269 10362 10410
f 10269 10410 10321
f 10362 10363 10411
f 10362 10411 10410
f 10363 10364 10414
f 10363 10414 10411
f 10364 10365 10415
f 10365 10374 10418
f 10364 10415 10414
f 10365 10418 10415
f 10340 10367 10366
f 10341 10368 10367
f 10344 10369 10368
f 10345 11200 10369
f 10366 10371 10370
f 10366 10367 10371
f 10367 10372 10371
f 10367 10368 10372
f 10370 10371 10375
f 10371 10372 10376
f 10370 10375 10374
f 10371 10376 10375
f 10368 10373 10372
f 10368 10369 10373
f 10369 11206 10373
f 10369 11200 11206
f 10372 10373 10377
f 10373 11206 11210
f 10372 10377 10376
f 10373 11210 10377
f 10374 10375 10419
f 10374 10419 10418
f 10375 10376 10422
f 10375 10422 10419
f 10376 10377 10423
f 10376 10423 10422
f 10377 11301 10423
f 10377 11210 11301
f 10293 10332 10242
f 10293 10378 10332
f 10378 10333 10332
f 10378 10379 10333
f 10295 10378 10293
f 10295 10380 10378
f 10303 10380 10295
f 10380 10379 10378
f 10380 10381 10379
f 10386 10381 10380
f 10379 10335 10333
f 10379 10382 10335
f 10382 10337 10335
f 10383 10347 10337
f 10382 10383 10337
f 10383 10394 10347
f 10381 10382 10379
f 10381 10384 10382
f 10387 10384 10381
f 10384 10383 10382
f 10385 10394 10383
f 10384 10385 10383
f 10385 10396 10394
f 10390 10385 10384
f 10391 10396 10385
f 10303 10386 10380
f 10305 10386 10303
f 10386 10387 10381
f 10388 10387 10386
f 10305 10388 10386
f 13214 10388 10305
f 10388 10389 10387
f 13272 10389 10388
f 13272 13273 10389
f 10387 10390 10384
f 10389 10390 10387
f 10390 10391 10385
f 10391 10402 10396
f 10392 10391 10390
f 10393 10402 10391
f 10389 10392 10390
f 13273 10392 10389
f 13273 13276 10392
f 10392 10393 10391
f 10393 10404 10402
f 13276 10393 10392
f 13276 13277 10393
f 13277 10404 10393
f 13277 13284 10404
f 10394 10349 10347
f 10395 10351 10349
f 10394 10395 10349
f 10395 10398 10351
f 10396 10395 10394
f 10396 10397 10395
f 10402 10397 10396
f 10397 10398 10395
f 10397 10400 10398
f 10398 10353 10351
f 10398 10399 10353
f 10399 11154 10353
f 10399 11240 11154
f 10401 11240 10399
f 10400 10399 10398
f 10400 10401 10399
f 10401 11244 11240
f 10403 10400 10397
f 10406 10401 10400
f 10407 11244 10401
f 10402 10403 10397
f 10404 10403 10402
f 10403 10406 10400
f 10405 10406 10403
f 10405 10408 10406
f 10404 10405 10403
f 13284 10405 10404
f 13285 10408 10405
f 13284 13285 10405
f 13285 13290 10408
f 10406 10407 10401
f 10408 10407 10406
f 10408 10409 10407
f 10407 11252 11244
f 10409 11252 10407
f 10409 11256 11252
f 13290 10409 10408
f 13292 11256 10409
f 13290 13292 10409
f 13292 11260 11256
f 10321 10410 10412
f 10321 10412 10323
f 10410 10411 10413
f 10410 10413 10412
f 10323 10412 10453
f 10412 10413 10454
f 10411 10416 10413
f 10411 10414 10416
f 10414 10415 10417
f 10414 10417 10416
f 10415 10418 10420
f 10415 10420 10417
f 10413 10416 10455
f 10416 10417 10456
f 10417 10420 10465
f 10417 10465 10456
f 10418 10421 10420
f 10418 10419 10421
f 10419 10424 10421
f 10419 10422 10424
f 10420 10421 10466
f 10420 10466 10465
f 10421 10424 10467
f 10421 10467 10466
f 10422 10423 10425
f 10423 11301 11306
f 10422 10425 10424
f 10423 11306 10425
f 10424 10425 10468
f 10424 10468 10467
f 10425 11306 11936
f 10425 11936 10468
f 10309 10310 10426
f 10309 10426 10427
f 10310 10428 10426
f 10310 10311 10428
f 10311 10313 10429
f 10311 10429 10428
f 10313 10438 10429
f 10427 10426 10430
f 10426 10428 10432
f 10427 10430 10431
f 10426 10432 10430
f 10431 10430 10437
f 10431 10437 10436
f 10430 10433 10437
f 10430 10432 10433
f 10428 10429 10434
f 10429 10438 10443
f 10429 10443 10434
f 10428 10434 10432
f 10432 10434 10435
f 10432 10435 10433
f 10434 10443 10446
f 10434 10446 10435
f 10317 10439 10438
f 10318 10440 10439
f 10319 10441 10440
f 10322 10442 10441
f 10438 10439 10444
f 10438 10444 10443
f 10439 10440 10445
f 10439 10445 10444
f 10443 10444 10447
f 10443 10447 10446
f 10444 10445 10448
f 10444 10448 10447
f 10440 10441 10449
f 10440 10449 10445
f 10441 10450 10449
f 10441 10442 10450
f 10445 10449 10451
f 10449 10452 10451
f 10445 10451 10448
f 10449 10450 10452
f 10323 10453 10442
f 10412 10454 10453
f 10413 10455 10454
f 10416 10456 10455
f 10442 10453 10457
f 10442 10457 10450
f 10453 10454 10458
f 10453 10458 10457
f 10450 10457 10459
f 10450 10459 10452
f 10457 10458 10460
f 10457 10460 10459
f 10459 10460 13431
f 10454 10455 10461
f 10454 10461 10458
f 10455 10456 10462
f 10456 10465 10469
f 10455 10462 10461
f 10456 10469 10462
f 10458 10463 10460
f 10458 10461 10463
f 10460 10463 13428
f 10461 10462 10464
f 10461 10464 10463
f 10462 10469 10471
f 10462 10471 10464
f 10463 10464 13429
f 10464 10471 13446
f 10465 10466 10470
f 10465 10470 10469
f 10466 10467 10473
f 10466 10473 10470
f 10470 10473 10475
f 10469 10470 10472
f 10469 10472 10471
f 10471 10472 13447
f 10470 10475 10472
f 10472 10475 13448
f 10467 10468 10474
f 10467 10474 10473
f 10473 10474 10476
f 10468 11938 10474
f 10468 11936 11938
f 10474 11938 11942
f 10473 10476 10475
f 10475 10476 13449
f 10474 11942 10476
f 10476 11942 14423
f 10477 10478 10482
f 9701 10480 10479
f 10478 10479 10485
f 10479 10480 10486
f 10477 10482 10481
f 10478 10485 10482
f 10479 10486 10485
f 10481 10482 10484
f 10481 10484 10483
f 10482 10485 10487
f 10485 10486 10488
f 10482 10487 10484
f 10485 10488 10487
f 9702 10489 10480
f 10480 10489 10491
f 9703 10490 10489
f 9704 10495 10490
f 10489 10490 10492
f 10480 10491 10486
f 10489 10492 10491
f 10486 10491 10493
f 10486 10493 10488
f 10490 10497 10492
f 10491 10492 10494
f 10491 10494 10493
f 10492 10508 10494
f 9759 10496 10495
f 9759 9760 10496
f 9760 9761 10499
f 9760 10499 10496
f 10490 10495 10497
f 10495 10496 10498
f 10496 10499 10504
f 10495 10498 10497
f 10492 10497 10508
f 10497 11167 10508
f 10496 10504 10498
f 10497 10498 11167
f 10498 10504 11171
f 10498 11171 11167
f 9761 10500 10499
f 9761 9762 10500
f 9762 9763 10502
f 9762 10502 10500
f 9763 10501 10503
f 9763 10503 10502
f 10501 10625 10503
f 10499 10500 10505
f 10500 10502 10506
f 10502 10503 10507
f 10499 10505 10504
f 10500 10506 10505
f 10504 11172 11171
f 10504 10505 11172
f 10505 10506 11175
f 10505 11175 11172
f 10502 10507 10506
f 10503 10629 10507
f 10506 10507 10509
f 10506 10509 11175
f 10507 10644 10509
f 9953 10510 10674
f 9960 10513 10511
f 9960 10512 10513
f 10511 10513 10516
f 9954 10514 10515
f 9954 10515 10510
f 10511 10516 10514
f 10510 10682 10674
f 10510 10515 10682
f 10514 10517 10515
f 10514 10516 10517
f 10515 10517 10518
f 10515 10518 10682
f 9961 10525 9962
f 9962 10526 9963
f 9945 10519 10525
f 9963 10528 9964
f 9967 10523 10522
f 9964 10529 10512
f 9962 10525 10526
f 9963 10526 10528
f 9964 10528 10529
f 10512 10536 10513
f 10513 10538 10516
f 10521 10531 10520
f 10520 10527 10519
f 10520 10531 10527
f 10522 10530 10521
f 10523 10532 10522
f 9968 10524 10523
f 10133 10539 9969
f 9969 10539 10524
f 10133 10540 10539
f 10512 10529 10536
f 10513 10536 10538
f 10519 10533 10525
f 10519 10527 10533
f 10521 10530 10531
f 10525 10535 10526
f 10526 10543 10528
f 10524 10537 10523
f 10522 10532 10530
f 10523 10537 10532
f 10524 10541 10537
f 10528 10544 10529
f 10525 10533 10534
f 10525 10534 10535
f 10526 10535 10543
f 10528 10543 10544
f 10529 10545 10536
f 10529 10544 10545
f 10516 10547 10517
f 10539 10541 10524
f 10540 10542 10539
f 10516 10538 10547
f 10517 10547 10549
f 10517 10549 10518
f 10539 10542 10541
f 10694 10548 10540
f 10540 10548 10542
f 10694 10550 10548
f 10530 10552 10531
f 10531 10553 10527
f 10532 10554 10530
f 10527 10558 10533
f 10527 10553 10558
f 10531 10552 10553
f 10530 10554 10552
f 10537 10555 10532
f 10532 10555 10554
f 10541 10556 10537
f 10536 10546 10538
f 10536 10545 10546
f 10538 10546 10551
f 10518 10549 10709
f 10538 10551 10547
f 10547 10571 10549
f 10547 10551 10571
f 10549 10572 10709
f 10549 10571 10572
f 10533 10558 10534
f 10534 10559 10535
f 10534 10558 10559
f 10535 10560 10543
f 10543 10561 10544
f 10535 10559 10560
f 10554 10565 10552
f 10552 10563 10553
f 10555 10564 10554
f 10537 10556 10555
f 10541 10557 10556
f 10556 10567 10555
f 10543 10560 10561
f 10544 10561 10562
f 10553 10575 10558
f 10558 10576 10559
f 10559 10577 10560
f 10560 10578 10561
f 10544 10562 10545
f 10545 10573 10546
f 10557 10566 10556
f 10568 10579 10557
f 10545 10562 10573
f 10546 10574 10551
f 10553 10563 10575
f 10554 10564 10565
f 10552 10565 10563
f 10555 10567 10564
f 10556 10566 10567
f 10557 10579 10566
f 10568 10580 10579
f 10542 10557 10541
f 10548 10568 10542
f 10542 10568 10557
f 10548 10569 10568
f 10550 10569 10548
f 10569 10580 10568
f 10550 10570 10569
f 10708 10570 10550
f 10708 10591 10570
f 10709 10572 10714
f 10546 10573 10574
f 10561 10585 10562
f 10562 10586 10573
f 10573 10587 10574
f 10558 10575 10576
f 10559 10576 10577
f 10564 10583 10565
f 10565 10581 10563
f 10560 10577 10578
f 10561 10578 10585
f 10567 10582 10564
f 10563 10584 10575
f 10575 10584 10576
f 10565 10583 10581
f 10564 10582 10583
f 10563 10581 10584
f 10566 10582 10567
f 10579 10589 10566
f 10562 10585 10586
f 10580 10588 10579
f 10592 10590 10580
f 10566 10589 10582
f 10576 10599 10577
f 10577 10600 10578
f 10578 10601 10585
f 10584 10581 10583
f 10576 10584 10599
f 10577 10599 10600
f 10584 10583 10582
f 10584 10582 10589
f 10584 10589 10588
f 10578 10600 10601
f 10573 10586 10587
f 10574 10587 10596
f 10579 10588 10589
f 10580 10590 10588
f 10585 10603 10586
f 10586 10604 10587
f 10585 10601 10603
f 10584 10588 10590
f 10584 10590 10602
f 10592 10602 10590
f 10551 10574 10594
f 10551 10594 10571
f 10570 10592 10569
f 10571 10594 10595
f 10591 10593 10570
f 10571 10595 10572
f 10720 10597 10591
f 10569 10592 10580
f 10570 10593 10592
f 10591 10597 10593
f 10574 10596 10594
f 10594 10607 10595
f 10572 10595 10606
f 10572 10606 10714
f 10593 10602 10592
f 10597 10608 10593
f 10594 10596 10607
f 10593 10608 10602
f 10720 10598 10597
f 10598 10609 10597
f 10584 10601 10600
f 10584 10600 10599
f 10584 10603 10601
f 10587 10605 10596
f 10586 10603 10604
f 10584 10604 10603
f 10584 10602 10608
f 10584 10608 10609
f 10587 10604 10605
f 10584 10605 10604
f 10584 10612 10605
f 10596 10605 10612
f 10584 10613 10612
f 10584 10614 10613
f 10595 10610 10606
f 10606 10615 10755
f 10595 10607 10610
f 10584 10609 10611
f 10597 10609 10608
f 10596 10612 10607
f 10607 10613 10610
f 10584 10611 10616
f 10584 10616 10617
f 10584 10617 10761
f 10722 10611 10598
f 10598 10611 10609
f 10606 10610 10615
f 10722 10616 10611
f 10607 10612 10613
f 10584 10618 10614
f 10610 10613 10614
f 10584 10619 10618
f 10584 10769 10619
f 10610 10614 10615
f 10584 10761 10762
f 10584 10762 10767
f 10615 10618 10760
f 10615 10614 10618
f 10584 10770 10769
f 10760 10618 10619
f 10584 10771 10770
f 10584 10802 10771
f 10035 10049 10632
f 10049 10633 10632
f 10049 10050 10633
f 10050 10620 10634
f 10050 10634 10633
f 10620 10621 10622
f 10620 10622 10634
f 10501 10623 10625
f 10623 10624 10626
f 10623 10626 10625
f 10033 10627 10624
f 10035 10632 10627
f 10624 10627 10628
f 10627 10636 10628
f 10624 10628 10626
f 10503 10625 10629
f 10625 10626 10630
f 10626 10628 10631
f 10626 10631 10630
f 10628 10643 10631
f 10625 10630 10629
f 10507 10629 10644
f 10629 10630 10645
f 10630 10631 10646
f 10627 10632 10636
f 10632 10635 10636
f 10632 10633 10635
f 10633 10634 10638
f 10634 10622 10639
f 10628 10636 10643
f 10636 10635 10637
f 10636 10637 10643
f 10633 10638 10635
f 10634 10639 10638
f 10635 10638 10640
f 10638 10639 10641
f 10635 10640 10637
f 10638 10641 10640
f 11340 10642 10080
f 10631 10643 10648
f 10629 10645 10644
f 10644 10645 11352
f 10631 10648 10646
f 10630 10646 10645
f 10645 10646 11355
f 10646 11357 11355
f 10640 10641 10650
f 10643 10647 10648
f 10643 10637 10647
f 10646 10648 11357
f 10648 10651 11357
f 10648 10647 10651
f 10637 10640 10649
f 10637 10649 10647
f 10640 10650 10649
f 10649 10650 10653
f 10647 10649 10652
f 10647 10652 10651
f 10649 10653 10652
f 10651 10652 11360
f 10652 10653 11361
f 10109 10675 10655
f 10109 10673 10675
f 10108 10655 10658
f 10655 10675 10680
f 10655 10680 10658
f 10105 10656 10657
f 10108 10658 10656
f 10656 10659 10657
f 10105 10657 10654
f 10656 10658 10659
f 10654 10657 10664
f 10657 10660 10664
f 10658 10680 10689
f 10658 10689 10659
f 10657 10659 10660
f 10659 10689 10702
f 10659 10702 10660
f 10660 10702 10739
f 10052 10118 10661
f 10052 10661 10621
f 10118 10654 10662
f 10118 10662 10661
f 10661 10662 10667
f 10621 10661 10663
f 10621 10663 10622
f 10661 10667 10663
f 10122 10730 10136
f 10665 10730 10122
f 10665 10732 10730
f 10654 10664 10662
f 10662 10664 10669
f 10906 10665 10124
f 10124 10665 10122
f 10666 10732 10665
f 10906 10666 10665
f 10666 10735 10732
f 10907 10735 10666
f 10622 10663 10910
f 10663 10667 10668
f 10663 10668 10910
f 10662 10669 10667
f 10664 10670 10669
f 10664 10660 10670
f 10660 10739 10670
f 10670 10739 10740
f 10669 10670 10672
f 10670 10740 10672
f 10667 10669 10671
f 10667 10671 10668
f 10669 10672 10671
f 10668 10671 10933
f 10671 10672 10750
f 9953 10674 10673
f 10673 10679 10675
f 10673 10674 10679
f 10132 10676 10133
f 10686 10677 10130
f 10677 10676 10132
f 10677 10678 10676
f 10688 10678 10677
f 10688 10685 10678
f 10675 10681 10680
f 10675 10679 10681
f 10680 10681 10700
f 10674 10682 10683
f 10674 10683 10679
f 10679 10683 10696
f 10682 10518 10684
f 10682 10684 10683
f 10683 10684 10697
f 10679 10696 10681
f 10136 10687 10686
f 10686 10688 10677
f 10687 10688 10686
f 10687 10690 10688
f 10690 10685 10688
f 10731 10690 10687
f 10680 10700 10689
f 10690 10691 10685
f 10731 10692 10690
f 10692 10691 10690
f 10692 10693 10691
f 10734 10693 10692
f 10676 10540 10133
f 10678 10694 10676
f 10676 10694 10540
f 10678 10695 10694
f 10695 10550 10694
f 10685 10695 10678
f 10685 10711 10695
f 10691 10711 10685
f 10691 10712 10711
f 10693 10712 10691
f 10683 10697 10696
f 10681 10698 10700
f 10681 10696 10698
f 10696 10697 10699
f 10696 10699 10698
f 10698 10699 10705
f 10689 10700 10701
f 10689 10701 10702
f 10702 10701 10703
f 10700 10698 10704
f 10700 10704 10701
f 10702 10703 10739
f 10701 10704 10706
f 10698 10705 10704
f 10704 10705 10707
f 10704 10707 10706
f 10701 10706 10703
f 10703 10706 10824
f 10518 10709 10684
f 10684 10713 10697
f 10695 10708 10550
f 10711 10708 10695
f 10711 10710 10708
f 10684 10709 10713
f 10712 10710 10711
f 10697 10715 10699
f 10712 10717 10710
f 10725 10717 10712
f 10725 10718 10717
f 10710 10591 10708
f 10697 10713 10715
f 10709 10714 10713
f 10713 10714 10716
f 10713 10716 10715
f 10715 10716 10752
f 10699 10715 10719
f 10699 10719 10705
f 10705 10719 10779
f 10715 10752 10719
f 10710 10720 10591
f 10717 10720 10710
f 10717 10721 10720
f 10721 10598 10720
f 10714 10606 10755
f 10714 10755 10716
f 10723 10722 10721
f 10721 10722 10598
f 10723 10756 10722
f 10718 10721 10717
f 10718 10723 10721
f 10724 10756 10723
f 10727 10723 10718
f 10727 10724 10723
f 10693 10725 10712
f 10726 10718 10725
f 10736 10725 10693
f 10736 10726 10725
f 10738 10729 10726
f 10726 10727 10718
f 10729 10727 10726
f 10705 10779 10707
f 10729 10728 10727
f 10748 10781 10728
f 10748 10728 10729
f 10728 10724 10727
f 10728 10763 10724
f 10730 10687 10136
f 10732 10731 10730
f 10730 10731 10687
f 10732 10733 10731
f 10733 10692 10731
f 10733 10734 10692
f 10734 10736 10693
f 10742 10734 10733
f 10735 10733 10732
f 10735 10742 10733
f 10921 10742 10735
f 10737 10736 10734
f 10737 10738 10736
f 10742 10737 10734
f 10744 10738 10737
f 10744 10741 10738
f 10739 10822 10740
f 10739 10703 10822
f 10921 10743 10742
f 10743 10737 10742
f 10743 10744 10737
f 10922 10744 10743
f 10746 10741 10744
f 10746 10745 10741
f 10922 10746 10744
f 10925 10745 10746
f 10925 10747 10745
f 10738 10726 10736
f 10741 10729 10738
f 10741 10748 10729
f 10749 10781 10748
f 10745 10748 10741
f 10745 10749 10748
f 10747 10749 10745
f 10672 10740 10829
f 10671 10750 10933
f 10672 10829 10750
f 10933 10750 10935
f 10750 10829 10831
f 10750 10831 10935
f 10706 10707 10751
f 10706 10751 10824
f 10719 10752 10753
f 10719 10753 10779
f 10779 10753 10754
f 10716 10755 10758
f 10716 10758 10752
f 10756 10616 10722
f 10756 10617 10616
f 10757 10617 10756
f 10755 10760 10758
f 10752 10758 10759
f 10758 10766 10759
f 10755 10615 10760
f 10584 10767 10774
f 10757 10761 10617
f 10758 10760 10766
f 10764 10761 10757
f 10764 10762 10761
f 10763 10757 10724
f 10783 10764 10763
f 10724 10757 10756
f 10763 10764 10757
f 10752 10759 10753
f 10753 10759 10772
f 10753 10772 10754
f 10765 10762 10764
f 10765 10767 10762
f 10783 10765 10764
f 10785 10767 10765
f 10759 10768 10772
f 10760 10619 10766
f 10766 10769 10768
f 10766 10619 10769
f 10584 10803 10802
f 10759 10766 10768
f 10768 10769 10770
f 10584 10805 10803
f 10768 10770 10777
f 10777 10770 10771
f 10584 10806 10805
f 10584 10810 10806
f 10772 10777 10773
f 10754 10772 10773
f 10785 10774 10767
f 10772 10768 10777
f 10791 10774 10785
f 10791 10775 10774
f 10773 10778 10792
f 10777 10771 10778
f 10773 10777 10778
f 10778 10802 10804
f 10584 10812 10810
f 10778 10771 10802
f 10584 10817 10812
f 10792 10778 10804
f 10707 10779 10780
f 10779 10754 10780
f 10707 10780 10751
f 10751 10780 10789
f 10751 10789 10826
f 10781 10763 10728
f 10781 10783 10763
f 10784 10765 10783
f 10786 10785 10784
f 10784 10785 10765
f 10786 10791 10785
f 10782 10783 10781
f 10782 10784 10783
f 10796 10791 10786
f 10832 10786 10784
f 10832 10784 10782
f 10780 10754 10787
f 10780 10787 10789
f 10789 10787 10788
f 10826 10789 10790
f 10789 10788 10790
f 10790 10788 10807
f 10754 10773 10787
f 10797 10775 10791
f 10797 10776 10775
f 10798 10793 10776
f 10798 10776 10797
f 10787 10773 10792
f 10792 10804 10808
f 10787 10792 10788
f 10788 10792 10808
f 10584 10774 10899
f 10801 10794 10793
f 10836 10797 10796
f 10796 10797 10791
f 10801 10793 10798
f 10836 10798 10797
f 10788 10808 10807
f 10837 10795 10794
f 10837 10794 10801
f 10838 10799 10795
f 10841 10800 10799
f 10804 10802 10803
f 10584 10818 10817
f 10804 10803 10809
f 10584 10820 10818
f 10584 10821 10820
f 10809 10803 10805
f 10808 10809 10813
f 10808 10804 10809
f 10809 10805 10811
f 10584 10869 10821
f 10584 10871 10869
f 10813 10809 10811
f 10584 10875 10871
f 10584 10876 10875
f 10811 10805 10806
f 10816 10806 10810
f 10811 10806 10816
f 10819 10810 10812
f 10807 10808 10813
f 10807 10813 10854
f 10854 10813 10815
f 10774 10775 10899
f 10775 10776 10903
f 10584 10877 10876
f 10584 10896 10877
f 10776 10793 10903
f 10793 10794 10900
f 10584 10897 10896
f 10584 10899 10897
f 10813 10811 10815
f 10815 10816 10861
f 10815 10811 10816
f 10816 10810 10819
f 10861 10816 10819
f 10819 10812 10868
f 10868 10812 10817
f 10868 10817 10870
f 10870 10817 10818
f 10874 10818 10820
f 10740 10822 10823
f 10740 10823 10829
f 10703 10824 10822
f 10822 10824 10825
f 10824 10751 10826
f 10824 10826 10825
f 10822 10825 10823
f 10823 10825 10827
f 10825 10826 10828
f 10825 10828 10827
f 10827 10828 10851
f 10829 10830 10831
f 10829 10823 10830
f 10831 10849 10959
f 10831 10830 10849
f 10823 10827 10830
f 10830 10827 10850
f 10827 10851 10850
f 10830 10850 10849
f 10749 10782 10781
f 10833 10782 10749
f 10833 10832 10782
f 10842 10832 10833
f 10842 10834 10832
f 10834 10796 10786
f 10834 10786 10832
f 10835 10796 10834
f 10826 10790 10828
f 10828 10790 10855
f 10790 10807 10855
f 10828 10855 10851
f 10839 10798 10836
f 10835 10836 10796
f 10839 10801 10798
f 10840 10801 10839
f 10838 10795 10837
f 10841 10799 10838
f 10840 10837 10801
f 10844 10839 10836
f 10844 10836 10835
f 10847 10837 10840
f 10845 10840 10839
f 10848 10838 10847
f 10847 10838 10837
f 10848 10841 10838
f 10747 10833 10749
f 10843 10834 10842
f 10843 10835 10834
f 10946 10833 10747
f 10946 10842 10833
f 10948 10843 10842
f 10954 10844 10835
f 10954 10835 10843
f 10955 10844 10954
f 10955 10845 10844
f 10845 10839 10844
f 10846 10847 10840
f 10846 10840 10845
f 10956 10848 10847
f 10956 10847 10846
f 10850 10851 10853
f 10849 10850 10852
f 10850 10853 10852
f 10852 10853 10964
f 10855 10807 10854
f 10855 10854 10857
f 10857 10854 10856
f 10851 10855 10857
f 10857 10856 10879
f 10879 10856 10866
f 10863 10814 10800
f 10795 10799 10901
f 10794 10795 10901
f 10863 10800 10841
f 10880 10858 10814
f 10799 10800 10902
f 10854 10815 10856
f 10856 10815 10861
f 10856 10861 10866
f 10880 10814 10863
f 10882 10859 10858
f 10800 10814 10998
f 10814 10858 10998
f 10882 10858 10880
f 10886 10860 10859
f 10858 10859 10999
f 10888 10862 10860
f 10775 10903 10899
f 10793 10900 10903
f 10794 10901 10900
f 10861 10819 10867
f 10866 10861 10867
f 10867 10868 10872
f 10867 10819 10868
f 10870 10818 10874
f 10878 10820 10821
f 10872 10868 10870
f 10874 10820 10878
f 10898 10821 10869
f 10866 10867 10891
f 10891 10867 10872
f 10872 10870 10873
f 10873 10874 10895
f 10873 10870 10874
f 10878 10821 10898
f 11072 10869 10871
f 10895 10874 10878
f 10898 10869 11072
f 11075 10871 10875
f 11076 10875 10876
f 10851 10857 10853
f 10853 10857 10879
f 10853 10879 10964
f 10885 10841 10848
f 10885 10863 10841
f 10886 10859 10882
f 10859 10860 10977
f 10975 10864 10862
f 10969 10880 10863
f 10888 10860 10886
f 10976 10865 10864
f 10864 10865 10994
f 10860 10862 10977
f 10799 10902 10901
f 10862 10864 10978
f 10800 10998 10902
f 10858 10999 10998
f 10969 10863 10885
f 10968 10885 10848
f 10970 10880 10969
f 10975 10862 10888
f 10970 10882 10880
f 10993 10881 10865
f 10865 10881 10991
f 10881 10883 10989
f 10976 10864 10975
f 10979 10886 10882
f 10997 10883 10881
f 10884 10887 10988
f 10883 10884 10987
f 11007 10884 10883
f 10859 10977 10999
f 10862 10978 10977
f 10864 10994 10996
f 10864 10996 10978
f 10879 10866 10892
f 10892 10866 10891
f 10892 10891 10894
f 10894 10891 10893
f 10964 10879 10892
f 10966 10892 10894
f 10894 10893 11085
f 11085 10893 11071
f 10891 10872 10893
f 10893 10872 10873
f 10895 10878 11073
f 10893 10873 11071
f 11071 10873 10895
f 11073 10878 10898
f 11072 10871 11075
f 11091 10876 10877
f 11092 10877 10896
f 11093 10896 10897
f 11095 10897 10899
f 11096 10899 10903
f 10913 10905 10904
f 10904 10906 10124
f 10908 10666 10906
f 10905 10906 10904
f 10907 10921 10735
f 10908 10907 10666
f 10905 10908 10906
f 10909 10907 10908
f 10914 10908 10905
f 10914 10909 10908
f 10909 10911 10907
f 10622 10910 10639
f 10639 10910 10930
f 10910 10668 10929
f 10910 10929 10930
f 10639 10930 10641
f 10911 10921 10907
f 10911 10923 10921
f 10668 10933 10929
f 10917 10911 10909
f 10912 10923 10911
f 10912 10926 10923
f 10917 10912 10911
f 10918 10926 10912
f 10918 10928 10926
f 10915 10905 10913
f 10915 10914 10905
f 10642 10913 10080
f 10642 10915 10913
f 11341 10915 10642
f 11385 10914 10915
f 11385 10916 10914
f 10916 10909 10914
f 10916 10917 10909
f 10919 10912 10917
f 10919 10918 10912
f 10920 10928 10918
f 10920 11016 10928
f 11387 10917 10916
f 11387 10919 10917
f 11390 10918 10919
f 11390 10920 10918
f 10923 10743 10921
f 10923 10922 10743
f 10926 10922 10923
f 10926 10924 10922
f 10924 10746 10922
f 10924 10925 10746
f 10947 10747 10925
f 10927 10925 10924
f 10927 10947 10925
f 10928 10924 10926
f 10928 10927 10924
f 11016 10927 10928
f 10930 10929 10932
f 10641 10930 10931
f 10641 10931 10650
f 10930 10932 10931
f 10931 10932 10940
f 10929 10933 10934
f 10929 10934 10932
f 10933 10935 10934
f 10934 10936 10937
f 10935 10831 10959
f 10935 10959 10936
f 10934 10935 10936
f 10932 10934 10937
f 10932 10937 10940
f 10936 10959 10961
f 10940 10937 10943
f 10937 10938 10943
f 10937 10936 10938
f 10936 10961 10938
f 10938 10961 10967
f 10943 10938 10945
f 10938 10967 10945
f 10945 10967 11110
f 10650 10931 10939
f 10650 10939 10653
f 10931 10940 10939
f 11394 11016 10920
f 11394 11020 11016
f 11395 11022 11020
f 10939 10940 10941
f 10653 10939 10942
f 10653 10942 11361
f 10939 10941 10942
f 10942 10941 11077
f 10942 11077 11586
f 10940 10943 10941
f 10943 10945 10944
f 10941 10943 10944
f 10941 10944 11077
f 10947 10946 10747
f 10950 10946 10947
f 10950 10948 10946
f 11016 10949 10927
f 10949 10947 10927
f 10949 10950 10947
f 10952 10948 10950
f 10952 10951 10948
f 11015 10950 10949
f 11015 10952 10950
f 11017 10951 10952
f 11017 10953 10951
f 10948 10842 10946
f 10951 10843 10948
f 10951 10954 10843
f 10957 10846 10845
f 10957 10845 10955
f 10953 10955 10954
f 10958 10846 10957
f 10958 10956 10846
f 10953 10954 10951
f 11018 10957 10955
f 11018 10955 10953
f 11024 10958 10957
f 10959 10849 10960
f 10959 10960 10961
f 10849 10852 10960
f 10960 10852 10963
f 10961 10960 10962
f 10852 10964 10963
f 10963 10964 10966
f 10960 10963 10962
f 10962 10963 10965
f 10963 10966 10965
f 10965 10966 11083
f 10961 10962 10967
f 10967 10962 11081
f 10967 11081 11110
f 10962 10965 11081
f 11002 10968 10956
f 10968 10848 10956
f 11000 10969 10885
f 10979 10882 10970
f 11000 10885 10968
f 10992 10886 10979
f 10887 10889 10984
f 10890 10971 10982
f 10889 10890 10985
f 10993 10865 10976
f 10992 10888 10886
f 10997 10881 10993
f 11004 10887 10884
f 10881 10989 10991
f 10865 10991 10995
f 10972 10973 10981
f 10971 10972 10983
f 10973 10974 10981
f 10972 10981 10980
f 10972 10980 10983
f 10971 10983 10982
f 10890 10982 10986
f 10889 10985 10984
f 10887 10984 10988
f 11007 10883 10997
f 11008 10889 10887
f 10883 10987 10990
f 10883 10990 10989
f 11009 10890 10889
f 10884 10988 10987
f 10865 10995 10994
f 11005 10975 10888
f 11001 10970 10969
f 11001 10969 11000
f 11003 10979 10970
f 10890 10986 10985
f 11004 10884 11007
f 11010 10971 10890
f 11032 10972 10971
f 11033 10973 10972
f 11008 10887 11004
f 11009 10889 11008
f 11005 10888 10992
f 11006 10975 11005
f 11006 10976 10975
f 11011 10993 10976
f 10964 10892 10966
f 10966 10894 11083
f 11101 10903 10900
f 11102 10900 10901
f 11012 10901 10902
f 11014 10902 10998
f 11054 10999 10977
f 11013 10998 10999
f 11096 10903 11101
f 11101 10900 11102
f 11102 10901 11012
f 11002 10956 10958
f 11027 11000 10968
f 11027 10968 11002
f 11030 11001 11000
f 11030 11000 11027
f 11003 10970 11001
f 11034 10974 10973
f 11039 10980 10981
f 11037 10981 10974
f 11010 10890 11009
f 11033 10972 11032
f 11038 10983 10980
f 11043 10986 10982
f 11040 10982 10983
f 11032 10971 11010
f 11050 10991 10989
f 11028 10992 10979
f 11011 10976 11006
f 11028 10979 11003
f 11029 11005 10992
f 11035 10993 11011
f 11035 10997 10993
f 11055 10996 10994
f 11052 10978 10996
f 11036 11007 10997
f 11049 10994 10995
f 11051 10995 10991
f 11034 10973 11033
f 11041 10984 10985
f 11042 10985 10986
f 11044 10988 10984
f 11046 10989 10990
f 11045 10990 10987
f 11045 10987 10988
f 11037 10974 11034
f 11038 10980 11039
f 11039 10981 11037
f 11048 11008 11004
f 11036 10997 11035
f 11031 11006 11005
f 11029 10992 11028
f 11047 11007 11036
f 11047 11004 11007
f 11052 10996 11055
f 11055 10994 11049
f 11053 10977 10978
f 11013 10999 11054
f 11012 10902 11014
f 11014 10998 11013
f 11053 10978 11052
f 11054 10977 11053
f 11020 10949 11016
f 11020 11015 10949
f 11021 10952 11015
f 11021 11017 10952
f 11019 10953 11017
f 11019 11018 10953
f 11025 11018 11019
f 11022 11015 11020
f 11022 11021 11015
f 11407 11021 11022
f 11407 11023 11021
f 11023 11017 11021
f 11023 11019 11017
f 11025 11024 11018
f 11406 11019 11023
f 11406 11025 11019
f 11409 11024 11025
f 11024 10957 11018
f 11409 11026 11024
f 11026 11002 10958
f 11056 11003 11001
f 11056 11001 11030
f 11058 11028 11003
f 11026 10958 11024
f 11410 11027 11002
f 11058 11003 11056
f 11061 11029 11028
f 11062 11008 11048
f 11040 10983 11038
f 11042 10986 11043
f 11043 10982 11040
f 11062 11009 11008
f 11050 10989 11046
f 11046 10990 11045
f 11044 10984 11041
f 11041 10985 11042
f 11045 10988 11044
f 11063 11010 11009
f 11064 11032 11010
f 11057 11011 11006
f 11031 11005 11029
f 11048 11004 11047
f 11059 11035 11011
f 11057 11006 11031
f 11051 10991 11050
f 11049 10995 11051
f 11063 11009 11062
f 11064 11010 11063
f 11065 11033 11032
f 11066 11034 11033
f 11425 11037 11034
f 11060 11036 11035
f 11059 11011 11057
f 11419 11047 11036
f 11067 11013 11054
f 11131 11014 11013
f 11068 11052 11055
f 11069 11053 11052
f 11131 11013 11067
f 11067 11054 11070
f 11070 11054 11053
f 11410 11002 11026
f 11412 11030 11027
f 11061 11028 11058
f 11421 11031 11029
f 11412 11027 11410
f 11416 11056 11030
f 11421 11029 11061
f 11424 11057 11031
f 11424 11031 11421
f 11442 11059 11057
f 11065 11032 11064
f 11066 11033 11065
f 11425 11034 11066
f 11426 11039 11037
f 11427 11038 11039
f 11429 11040 11038
f 11434 11042 11043
f 11428 11043 11040
f 11430 11046 11045
f 11060 11035 11059
f 11420 11048 11047
f 11419 11036 11060
f 11439 11049 11051
f 11432 11051 11050
f 11431 11050 11046
f 11426 11037 11425
f 11427 11039 11426
f 11423 11062 11048
f 11429 11038 11427
f 11434 11043 11428
f 11428 11040 11429
f 11422 11063 11062
f 11440 11064 11063
f 11433 11041 11042
f 11435 11044 11041
f 11437 11045 11044
f 11420 11047 11419
f 11423 11048 11420
f 11432 11050 11431
f 11431 11046 11430
f 11439 11051 11432
f 11069 11052 11068
f 11438 11055 11049
f 11070 11053 11069
f 11068 11055 11438
f 11438 11049 11439
f 11073 10898 11074
f 11075 10875 11076
f 11074 10898 11072
f 11076 10876 11091
f 11086 10895 11073
f 11071 10895 11086
f 11074 11072 11090
f 11087 11073 11074
f 11091 10877 11092
f 11090 11072 11075
f 11092 10896 11093
f 11094 11075 11076
f 10945 11110 11078
f 10944 10945 11078
f 11078 11110 11112
f 11077 10944 11079
f 10944 11078 11079
f 11077 11079 11587
f 11079 11078 11080
f 11078 11112 11080
f 11079 11080 11590
f 11080 11112 11119
f 11080 11119 11591
f 11110 11081 11111
f 11081 10965 11082
f 10965 11083 11082
f 11082 11083 11084
f 11081 11082 11111
f 11111 11082 11113
f 11082 11084 11113
f 11113 11084 11115
f 11083 10894 11085
f 11085 11071 11088
f 11088 11071 11086
f 11084 11085 11088
f 11088 11086 11099
f 11099 11086 11087
f 11107 11087 11089
f 11086 11073 11087
f 11090 11075 11094
f 11093 10897 11095
f 11097 11076 11091
f 11095 10899 11096
f 11098 11091 11092
f 11089 11074 11090
f 11087 11074 11089
f 11094 11076 11097
f 11103 11092 11093
f 11104 11093 11095
f 11100 11090 11094
f 11089 11090 11100
f 11097 11091 11098
f 11098 11092 11103
f 11106 11094 11097
f 11083 11085 11084
f 11084 11088 11115
f 11115 11088 11099
f 11099 11087 11107
f 11105 11095 11096
f 11122 11096 11101
f 11103 11093 11104
f 11100 11094 11106
f 11109 11097 11098
f 11104 11095 11105
f 11126 11098 11103
f 11122 11101 11123
f 11123 11101 11102
f 11124 11102 11012
f 11105 11096 11122
f 11128 11103 11104
f 11107 11089 11108
f 11108 11089 11100
f 11115 11099 11117
f 11117 11099 11107
f 11127 11100 11106
f 11108 11100 11127
f 11106 11097 11109
f 11109 11098 11126
f 11110 11111 11112
f 11112 11111 11114
f 11111 11113 11114
f 11114 11113 11116
f 11113 11115 11116
f 11116 11115 11117
f 11114 11116 11118
f 11116 11117 11120
f 11112 11114 11119
f 11119 11114 11118
f 11119 11118 11609
f 11609 11118 11136
f 11118 11116 11120
f 11120 11117 11121
f 11120 11121 11137
f 11118 11120 11136
f 11123 11102 11124
f 11124 11012 11125
f 11125 11012 11014
f 11129 11104 11105
f 11132 11105 11122
f 11125 11014 11131
f 11134 11122 11123
f 11135 11123 11124
f 11121 11107 11108
f 11127 11106 11130
f 11130 11106 11109
f 11117 11107 11121
f 11133 11109 11126
f 11138 11108 11127
f 11121 11108 11138
f 11130 11109 11133
f 11139 11126 11128
f 11126 11103 11128
f 11128 11104 11129
f 11129 11105 11132
f 11132 11122 11134
f 11603 11125 11131
f 11602 11124 11125
f 11134 11123 11135
f 11604 11131 11067
f 11605 11067 11070
f 11135 11124 11602
f 11602 11125 11603
f 11613 11127 11130
f 11622 11128 11129
f 11133 11126 11139
f 11139 11128 11622
f 11623 11129 11132
f 11624 11132 11134
f 11622 11129 11623
f 11136 11120 11137
f 11137 11121 11138
f 11137 11138 11612
f 11138 11127 11613
f 11615 11130 11133
f 11613 11130 11615
f 10483 11141 11140
f 10483 10484 11141
f 10484 10487 11142
f 10487 10488 11143
f 10484 11142 11141
f 10487 11143 11142
f 11140 11141 11145
f 11141 11142 11146
f 11142 11143 11147
f 11140 11145 11144
f 11144 11145 11201
f 11141 11146 11145
f 11142 11147 11146
f 11145 11146 11202
f 11146 11147 11203
f 10488 10493 11148
f 10488 11148 11143
f 10493 10494 11149
f 10493 11149 11148
f 10494 11166 11149
f 11143 11148 11150
f 11148 11149 11151
f 11143 11150 11147
f 11147 11150 11204
f 11148 11151 11150
f 11149 11169 11151
f 11150 11151 11205
f 11152 10159 10158
f 11152 11153 10159
f 11153 10160 10159
f 11153 11156 10160
f 11156 10161 10160
f 11156 11157 10161
f 11154 11153 11152
f 11154 11155 11153
f 11155 11156 11153
f 11158 11157 11156
f 11155 11158 11156
f 11158 11159 11157
f 11157 11160 10161
f 11157 11162 11160
f 11162 11161 11160
f 11162 11163 11161
f 11163 11182 11161
f 11159 11162 11157
f 11159 11164 11162
f 11164 11163 11162
f 11165 11184 11163
f 11164 11165 11163
f 11192 10178 10179
f 11192 11193 10178
f 11193 11332 10178
f 10494 10508 11166
f 10508 11168 11166
f 10508 11167 11168
f 11167 11171 11173
f 11167 11173 11168
f 11149 11166 11169
f 11166 11168 11170
f 11168 11173 11178
f 11166 11170 11169
f 11151 11169 11218
f 11168 11178 11170
f 11169 11170 11219
f 11170 11178 11220
f 11171 11172 11174
f 11172 11175 11176
f 11171 11174 11173
f 11172 11176 11174
f 11175 10509 11177
f 11175 11177 11176
f 10509 11351 11177
f 11173 11174 11179
f 11174 11176 11180
f 11176 11177 11181
f 11177 11353 11181
f 11173 11179 11178
f 11174 11180 11179
f 11178 11179 11221
f 11179 11180 11222
f 11176 11181 11180
f 11180 11181 11223
f 11163 11184 11182
f 11184 11183 11182
f 11182 11183 10167
f 11183 11188 10176
f 11185 11188 11183
f 11184 11185 11183
f 11185 11190 11188
f 11186 11185 11184
f 11187 11190 11185
f 11165 11186 11184
f 11187 11196 11190
f 11186 11187 11185
f 11271 11196 11187
f 11188 11189 10177
f 11189 11192 10179
f 11191 11192 11189
f 11190 11189 11188
f 11190 11191 11189
f 11191 11194 11192
f 11194 11193 11192
f 11195 11334 11193
f 11194 11195 11193
f 11198 11363 11195
f 11196 11191 11190
f 11197 11194 11191
f 11196 11197 11191
f 11197 11199 11194
f 11272 11197 11196
f 11273 11199 11197
f 11199 11195 11194
f 11199 11198 11195
f 11274 11198 11199
f 11274 11275 11198
f 11275 11366 11198
f 11144 11201 11200
f 11145 11202 11201
f 11146 11203 11202
f 11147 11204 11203
f 11150 11205 11204
f 11151 11218 11205
f 11200 11207 11206
f 11200 11201 11207
f 11201 11202 11208
f 11201 11208 11207
f 11202 11203 11209
f 11202 11209 11208
f 11206 11207 11211
f 11207 11208 11212
f 11208 11209 11213
f 11206 11211 11210
f 11207 11212 11211
f 11208 11213 11212
f 11203 11204 11214
f 11203 11214 11209
f 11204 11205 11215
f 11204 11215 11214
f 11205 11224 11215
f 11209 11214 11216
f 11214 11215 11217
f 11209 11216 11213
f 11214 11217 11216
f 11215 11226 11217
f 11210 11302 11301
f 11210 11211 11302
f 11211 11212 11303
f 11211 11303 11302
f 11212 11213 11304
f 11212 11304 11303
f 11213 11216 11311
f 11213 11311 11304
f 11216 11217 11312
f 11216 11312 11311
f 11217 11317 11312
f 11169 11219 11218
f 11170 11220 11219
f 11178 11221 11220
f 11179 11222 11221
f 11181 11549 11223
f 11180 11223 11222
f 11205 11218 11224
f 11218 11225 11224
f 11218 11219 11225
f 11219 11220 11228
f 11219 11228 11225
f 11215 11224 11226
f 11224 11225 11227
f 11225 11228 11232
f 11224 11227 11226
f 11225 11232 11227
f 11220 11229 11228
f 11220 11221 11229
f 11221 11222 11231
f 11221 11231 11229
f 11222 11223 11230
f 11222 11230 11231
f 11223 11562 11230
f 11228 11229 11233
f 11229 11231 11234
f 11231 11230 11235
f 11231 11235 11234
f 11230 11564 11235
f 11228 11233 11232
f 11229 11234 11233
f 11217 11226 11317
f 11226 11318 11317
f 11226 11227 11318
f 11227 11232 11237
f 11227 11237 11318
f 11232 11233 11236
f 11233 11234 11238
f 11232 11236 11237
f 11233 11238 11236
f 11234 11235 11239
f 11235 11573 11239
f 11234 11239 11238
f 11240 11155 11154
f 11240 11241 11155
f 11244 11241 11240
f 11241 11158 11155
f 11241 11242 11158
f 11242 11159 11158
f 11242 11243 11159
f 11247 11242 11241
f 11249 11243 11242
f 11244 11247 11241
f 11247 11249 11242
f 11249 11248 11243
f 11243 11164 11159
f 11243 11245 11164
f 11248 11245 11243
f 11245 11165 11164
f 11245 11246 11165
f 11246 11186 11165
f 11250 11246 11245
f 11251 11270 11246
f 11248 11250 11245
f 11250 11251 11246
f 11252 11247 11244
f 11253 11249 11247
f 11254 11248 11249
f 11255 11250 11248
f 11255 11264 11250
f 11264 11251 11250
f 11264 11266 11251
f 11266 11276 11251
f 11252 11253 11247
f 11256 11253 11252
f 11256 11257 11253
f 11253 11254 11249
f 11254 11255 11248
f 11257 11254 11253
f 11257 11258 11254
f 11258 11255 11254
f 11258 11259 11255
f 11260 11257 11256
f 11260 11261 11257
f 11261 11258 11257
f 11262 11259 11258
f 11261 11262 11258
f 11262 11263 11259
f 11259 11264 11255
f 11259 11265 11264
f 11265 11266 11264
f 11267 11287 11266
f 11265 11267 11266
f 11263 11265 11259
f 11263 11268 11265
f 11268 11267 11265
f 11268 11269 11267
f 11269 11288 11267
f 14012 11290 11269
f 11270 11187 11186
f 11246 11270 11186
f 11276 11271 11270
f 11270 11271 11187
f 11271 11272 11196
f 11277 11272 11271
f 11251 11276 11270
f 11272 11273 11197
f 11273 11274 11199
f 11280 11273 11272
f 11281 11274 11273
f 11284 11275 11274
f 11276 11277 11271
f 11277 11280 11272
f 11266 11287 11276
f 11287 11277 11276
f 11278 11280 11277
f 11287 11278 11277
f 11278 11282 11280
f 11280 11281 11273
f 11281 11284 11274
f 11279 11368 11275
f 11284 11279 11275
f 11282 11281 11280
f 11283 11284 11281
f 11282 11283 11281
f 11283 11285 11284
f 11285 11279 11284
f 11286 11697 11279
f 11285 11286 11279
f 11295 11286 11285
f 11294 11701 11286
f 11288 11278 11287
f 11267 11288 11287
f 11289 11282 11278
f 11289 11292 11282
f 11288 11289 11278
f 11291 11292 11289
f 11269 11290 11288
f 11290 11289 11288
f 14015 11291 11290
f 11290 11291 11289
f 11291 11296 11292
f 14016 11296 11291
f 14016 14019 11296
f 11292 11283 11282
f 11293 11285 11283
f 11292 11293 11283
f 11293 11295 11285
f 11295 11294 11286
f 11296 11293 11292
f 11297 11295 11293
f 11299 11702 11294
f 11298 11294 11295
f 11298 11299 11294
f 11296 11297 11293
f 11297 11298 11295
f 14019 11297 11296
f 14020 11298 11297
f 14019 14020 11297
f 14020 14023 11298
f 14023 11299 11298
f 11300 11718 11299
f 14023 11300 11299
f 14024 11721 11300
f 11301 11302 11307
f 11302 11303 11308
f 11303 11304 11305
f 11301 11307 11306
f 11302 11308 11307
f 11303 11305 11308
f 11306 11307 11937
f 11306 11937 11936
f 11307 11308 11309
f 11308 11305 11310
f 11307 11309 11937
f 11308 11310 11309
f 11304 11311 11313
f 11311 11312 11314
f 11304 11313 11305
f 11311 11314 11313
f 11312 11319 11314
f 11305 11313 11315
f 11305 11315 11310
f 11313 11314 11316
f 11313 11316 11315
f 11314 11321 11316
f 11312 11317 11319
f 11317 11320 11319
f 11317 11318 11320
f 11318 11237 11324
f 11318 11324 11320
f 11320 11324 11327
f 11314 11319 11321
f 11319 11322 11321
f 11319 11320 11322
f 11320 11327 11322
f 11321 11322 11953
f 11322 11327 11958
f 11237 11325 11324
f 11237 11236 11325
f 11236 11238 11326
f 11236 11326 11325
f 11238 11239 11323
f 11238 11323 11326
f 11239 11837 11323
f 11324 11325 11328
f 11325 11326 11329
f 11326 11323 11330
f 11323 11838 11330
f 11325 11329 11328
f 11324 11328 11327
f 11327 11328 11959
f 11328 11329 11962
f 11326 11330 11329
f 11329 11330 11951
f 11329 11951 11962
f 11330 11843 11951
f 11333 11331 10183
f 11334 11333 11332
f 11193 11334 11332
f 11334 11335 11333
f 11335 11331 11333
f 11336 11338 11331
f 11335 11336 11331
f 11362 11336 11335
f 11364 11344 11336
f 11338 11337 10184
f 11331 11338 10184
f 11338 11339 11337
f 11344 11339 11338
f 11339 11340 11337
f 11339 11342 11340
f 11342 10642 11340
f 11342 11341 10642
f 11345 11342 11339
f 11345 11346 11342
f 11346 11341 11342
f 11346 11343 11341
f 11336 11344 11338
f 11344 11345 11339
f 11347 11345 11344
f 11364 11347 11344
f 11347 11348 11345
f 11348 11346 11345
f 11350 11343 11346
f 11350 11349 11343
f 11348 11350 11346
f 11370 11350 11348
f 11372 11349 11350
f 11372 11373 11349
f 10509 10644 11351
f 10644 11352 11351
f 10645 11355 11352
f 11351 11352 11354
f 11177 11351 11353
f 11351 11354 11353
f 11352 11355 11356
f 11355 11359 11356
f 11352 11356 11354
f 11354 11356 11550
f 11181 11353 11549
f 11353 11354 11548
f 11355 11357 11359
f 11357 11358 11359
f 11357 10651 11358
f 11356 11359 11555
f 11359 11358 11552
f 10651 11360 11358
f 10652 11361 11360
f 11360 11361 11554
f 11358 11360 11553
f 11195 11363 11334
f 11363 11335 11334
f 11363 11362 11335
f 11366 11362 11363
f 11366 11367 11362
f 11362 11364 11336
f 11365 11347 11364
f 11367 11364 11362
f 11367 11365 11364
f 11374 11371 11365
f 11198 11366 11363
f 11368 11367 11366
f 11275 11368 11366
f 11368 11369 11367
f 11369 11365 11367
f 11369 11374 11365
f 11371 11348 11347
f 11365 11371 11347
f 11371 11370 11348
f 11378 11370 11371
f 11378 11375 11370
f 11370 11372 11350
f 11376 11373 11372
f 11375 11372 11370
f 11374 11378 11371
f 11696 11374 11369
f 11696 11699 11374
f 11699 11378 11374
f 11376 11377 11373
f 11375 11376 11372
f 11381 11377 11376
f 11379 11375 11378
f 11379 11380 11375
f 11699 11379 11378
f 11705 11380 11379
f 11380 11376 11375
f 11380 11381 11376
f 11381 11382 11377
f 11383 11382 11381
f 11706 11381 11380
f 11706 11383 11381
f 11383 11384 11382
f 11341 11385 10915
f 11343 11385 11341
f 11343 11386 11385
f 11386 10916 11385
f 11386 11387 10916
f 11349 11386 11343
f 11349 11389 11386
f 11389 11387 11386
f 11389 11388 11387
f 11391 11388 11389
f 11391 11392 11388
f 11388 10919 11387
f 11388 11390 10919
f 11393 10920 11390
f 11392 11390 11388
f 11373 11389 11349
f 11373 11391 11389
f 11392 11393 11390
f 11396 11394 11393
f 11393 11394 10920
f 11395 11020 11394
f 11396 11395 11394
f 11397 11407 11022
f 11397 11022 11395
f 11398 11393 11392
f 11398 11396 11393
f 11401 11395 11396
f 11402 11408 11407
f 11401 11397 11395
f 11402 11407 11397
f 11361 10942 11586
f 11361 11586 11554
f 11399 11392 11391
f 11399 11398 11392
f 11482 11398 11399
f 11482 11400 11398
f 11400 11396 11398
f 11400 11401 11396
f 11403 11397 11401
f 11403 11402 11397
f 11404 11408 11402
f 11486 11402 11403
f 11483 11401 11400
f 11483 11403 11401
f 11404 11450 11408
f 11405 11452 11450
f 11486 11404 11402
f 11405 11450 11404
f 11487 11458 11452
f 11487 11452 11405
f 11408 11406 11023
f 11408 11023 11407
f 11413 11025 11406
f 11450 11406 11408
f 11413 11409 11025
f 11411 11026 11409
f 11411 11410 11026
f 11414 11409 11413
f 11414 11411 11409
f 11415 11410 11411
f 11415 11412 11410
f 11450 11413 11406
f 11452 11413 11450
f 11452 11414 11413
f 11451 11415 11411
f 11417 11416 11412
f 11417 11412 11415
f 11451 11411 11414
f 11454 11416 11417
f 11454 11418 11416
f 11416 11030 11412
f 11418 11058 11056
f 11445 11060 11059
f 11442 11057 11424
f 11418 11056 11416
f 11455 11061 11058
f 11446 11419 11060
f 11445 11059 11442
f 11468 11420 11419
f 11433 11042 11434
f 11435 11041 11433
f 11441 11065 11064
f 11422 11062 11423
f 11437 11044 11435
f 11430 11045 11436
f 11436 11045 11437
f 11443 11066 11065
f 11440 11063 11422
f 11444 11425 11066
f 11463 11426 11425
f 11441 11064 11440
f 11464 11427 11426
f 11465 11429 11427
f 11443 11065 11441
f 11477 11432 11431
f 11606 11070 11069
f 11447 11069 11068
f 11448 11068 11438
f 11449 11438 11439
f 11478 11439 11432
f 11606 11069 11447
f 11455 11058 11418
f 11475 11423 11420
f 11446 11060 11445
f 11468 11419 11446
f 11476 11422 11423
f 11479 11440 11422
f 11475 11420 11468
f 11467 11428 11429
f 11444 11066 11443
f 11472 11433 11434
f 11466 11434 11428
f 11473 11435 11433
f 11469 11436 11437
f 11474 11437 11435
f 11463 11425 11444
f 11464 11426 11463
f 11471 11431 11430
f 11470 11430 11436
f 11465 11427 11464
f 11467 11429 11465
f 11472 11434 11466
f 11466 11428 11467
f 11473 11433 11472
f 11469 11437 11474
f 11474 11435 11473
f 11471 11430 11470
f 11477 11431 11471
f 11470 11436 11469
f 11457 11421 11061
f 11460 11424 11421
f 11457 11061 11455
f 11462 11442 11424
f 11448 11438 11449
f 11449 11439 11478
f 11447 11068 11448
f 11478 11432 11477
f 11458 11451 11414
f 11458 11414 11452
f 11453 11415 11451
f 11453 11417 11415
f 11456 11455 11418
f 11456 11418 11454
f 11459 11454 11417
f 11459 11417 11453
f 11461 11455 11456
f 11461 11457 11455
f 11499 11451 11458
f 11499 11453 11451
f 11501 11453 11499
f 11501 11459 11453
f 11500 11456 11454
f 11500 11454 11459
f 11503 11460 11457
f 11502 11461 11456
f 11503 11457 11461
f 11505 11462 11460
f 11480 11441 11440
f 11481 11443 11441
f 11479 11422 11476
f 11504 11445 11442
f 11476 11423 11475
f 11513 11444 11443
f 11514 11463 11444
f 11480 11440 11479
f 11515 11464 11463
f 11481 11441 11480
f 11506 11446 11445
f 11460 11421 11457
f 11631 11448 11449
f 11462 11424 11460
f 11525 11477 11471
f 11527 11478 11477
f 11526 11449 11478
f 11513 11443 11481
f 11516 11465 11464
f 11519 11466 11467
f 11517 11467 11465
f 11514 11444 11513
f 11518 11472 11466
f 11520 11473 11472
f 11507 11468 11446
f 11521 11470 11469
f 11528 11471 11470
f 11523 11469 11474
f 11524 11474 11473
f 11515 11463 11514
f 11516 11464 11515
f 11517 11465 11516
f 11519 11467 11517
f 11508 11475 11468
f 11530 11476 11475
f 11528 11470 11521
f 11504 11442 11462
f 11526 11478 11527
f 11631 11449 11526
f 11506 11445 11504
f 11527 11477 11525
f 11525 11471 11528
f 11377 11391 11373
f 11377 11399 11391
f 11484 11400 11482
f 11484 11483 11400
f 11382 11399 11377
f 11382 11482 11399
f 11491 11483 11484
f 11485 11403 11483
f 11491 11485 11483
f 11485 11486 11403
f 11488 11404 11486
f 11488 11405 11404
f 11493 11487 11405
f 11489 11458 11487
f 11489 11499 11458
f 11490 11488 11486
f 11493 11405 11488
f 11490 11486 11485
f 11494 11487 11493
f 11495 11501 11499
f 11495 11499 11489
f 11494 11489 11487
f 11497 11510 11501
f 11384 11482 11382
f 11384 11484 11482
f 11708 11484 11384
f 11731 11485 11491
f 11731 11490 11485
f 11708 11491 11484
f 11733 11490 11731
f 11733 11492 11490
f 11492 11488 11490
f 11492 11493 11488
f 11496 11489 11494
f 11497 11501 11495
f 11496 11495 11489
f 11498 11535 11510
f 11498 11510 11497
f 11732 11494 11493
f 11732 11493 11492
f 11735 11495 11496
f 11735 11497 11495
f 11736 11537 11535
f 11736 11535 11498
f 11738 11546 11537
f 11510 11500 11459
f 11510 11459 11501
f 11502 11456 11500
f 11509 11503 11461
f 11505 11460 11503
f 11511 11504 11462
f 11509 11461 11502
f 11534 11505 11503
f 11511 11462 11505
f 11512 11506 11504
f 11529 11507 11506
f 11532 11508 11507
f 11535 11500 11510
f 11535 11502 11500
f 11537 11509 11502
f 11534 11503 11509
f 11512 11504 11511
f 11536 11511 11505
f 11536 11505 11534
f 11529 11506 11512
f 11533 11479 11476
f 11518 11466 11519
f 11520 11472 11518
f 11524 11473 11520
f 11507 11446 11506
f 11508 11468 11507
f 11523 11474 11522
f 11522 11474 11524
f 11521 11469 11523
f 11531 11480 11479
f 11538 11481 11480
f 11530 11475 11508
f 11541 11513 11481
f 11542 11514 11513
f 11533 11476 11530
f 11752 11515 11514
f 11753 11516 11515
f 11531 11479 11533
f 11757 11519 11517
f 11754 11517 11516
f 11538 11480 11531
f 11765 11521 11523
f 11661 11526 11527
f 11767 11525 11528
f 11766 11528 11521
f 11547 11527 11525
f 11532 11507 11529
f 11539 11530 11508
f 11539 11508 11532
f 11543 11533 11530
f 11543 11530 11539
f 11537 11502 11535
f 11546 11534 11509
f 11546 11509 11537
f 11763 11536 11534
f 11544 11512 11511
f 11544 11511 11536
f 11545 11529 11512
f 11545 11512 11544
f 11540 11531 11533
f 11751 11538 11531
f 11749 11532 11529
f 11749 11529 11545
f 11540 11533 11543
f 11751 11531 11540
f 11755 11541 11538
f 11750 11539 11532
f 11768 11543 11539
f 11750 11532 11749
f 11763 11534 11546
f 11764 11536 11763
f 11764 11544 11536
f 11541 11481 11538
f 11758 11518 11519
f 11759 11520 11518
f 11542 11513 11541
f 11761 11523 11522
f 11760 11522 11524
f 11762 11524 11520
f 11752 11514 11542
f 11753 11515 11752
f 11661 11527 11547
f 11547 11525 11767
f 11754 11516 11753
f 11757 11517 11754
f 11758 11519 11757
f 11759 11518 11758
f 11761 11522 11760
f 11762 11520 11759
f 11765 11523 11761
f 11760 11524 11762
f 11766 11521 11765
f 11767 11528 11766
f 11353 11548 11549
f 11223 11549 11562
f 11549 11548 11563
f 11549 11563 11562
f 11354 11550 11548
f 11356 11555 11550
f 11548 11550 11551
f 11548 11551 11563
f 11550 11557 11551
f 11359 11552 11555
f 11358 11553 11552
f 11360 11554 11553
f 11553 11554 11559
f 11555 11552 11556
f 11550 11555 11557
f 11555 11556 11557
f 11552 11553 11558
f 11552 11558 11556
f 11553 11559 11558
f 11558 11559 11561
f 11551 11557 11567
f 11557 11568 11567
f 11557 11556 11568
f 11556 11558 11560
f 11556 11560 11568
f 11558 11561 11560
f 11560 11561 11571
f 11230 11562 11564
f 11562 11563 11565
f 11562 11565 11564
f 11564 11565 11572
f 11563 11551 11566
f 11563 11566 11565
f 11551 11567 11566
f 11565 11566 11575
f 11565 11575 11572
f 11566 11577 11575
f 11235 11564 11573
f 11567 11568 11569
f 11566 11567 11577
f 11567 11569 11577
f 11568 11560 11570
f 11568 11570 11569
f 11560 11571 11570
f 11570 11571 11578
f 11564 11572 11573
f 11573 11572 11574
f 11239 11573 11837
f 11573 11574 11837
f 11572 11575 11576
f 11575 11580 11576
f 11572 11576 11574
f 11574 11576 11840
f 11577 11569 11579
f 11569 11570 11582
f 11569 11582 11579
f 11570 11578 11582
f 11575 11577 11580
f 11577 11579 11580
f 11580 11579 11581
f 11576 11580 11845
f 11580 11581 11845
f 11582 11578 11583
f 11579 11582 11584
f 11582 11583 11584
f 11579 11584 11581
f 11581 11584 11848
f 11584 11583 11585
f 11584 11585 11848
f 11586 11077 11587
f 11586 11587 11588
f 11554 11586 11588
f 11554 11588 11559
f 11588 11587 11589
f 11588 11589 11595
f 11587 11079 11590
f 11587 11590 11589
f 11590 11591 11592
f 11590 11080 11591
f 11591 11119 11609
f 11589 11590 11592
f 11592 11591 11593
f 11591 11609 11593
f 11593 11609 11610
f 11589 11592 11596
f 11596 11592 11599
f 11592 11593 11599
f 11593 11610 11594
f 11594 11610 11618
f 11599 11593 11594
f 11559 11588 11595
f 11559 11595 11561
f 11595 11589 11596
f 11595 11596 11597
f 11597 11596 11598
f 11561 11595 11597
f 11561 11597 11571
f 11597 11598 11647
f 11647 11598 11671
f 11596 11599 11598
f 11599 11594 11600
f 11598 11599 11600
f 11594 11618 11601
f 11601 11618 11632
f 11600 11594 11601
f 11601 11632 11644
f 11644 11632 11637
f 11598 11600 11671
f 11600 11601 11643
f 11671 11600 11643
f 11643 11601 11644
f 11604 11067 11605
f 11603 11131 11604
f 11605 11070 11606
f 11607 11134 11135
f 11623 11132 11624
f 11608 11135 11602
f 11626 11602 11603
f 11624 11134 11607
f 11607 11135 11608
f 11625 11603 11604
f 11627 11604 11605
f 11628 11605 11606
f 11608 11602 11626
f 11626 11603 11625
f 11625 11604 11627
f 11609 11136 11610
f 11610 11136 11611
f 11136 11137 11611
f 11611 11137 11612
f 11612 11138 11613
f 11611 11612 11616
f 11616 11612 11614
f 11612 11613 11614
f 11614 11613 11615
f 11610 11611 11618
f 11618 11611 11616
f 11614 11615 11620
f 11620 11615 11617
f 11618 11616 11632
f 11632 11616 11619
f 11616 11614 11619
f 11619 11614 11620
f 11619 11620 11633
f 11620 11617 11634
f 11634 11617 11621
f 11617 11133 11139
f 11621 11139 11622
f 11635 11622 11623
f 11615 11133 11617
f 11639 11623 11624
f 11617 11139 11621
f 11621 11622 11635
f 11641 11624 11607
f 11635 11623 11639
f 11629 11606 11447
f 11630 11447 11448
f 11627 11605 11628
f 11629 11447 11630
f 11628 11606 11629
f 11630 11448 11631
f 11653 11626 11625
f 11654 11627 11628
f 11652 11625 11627
f 11632 11619 11637
f 11637 11619 11633
f 11633 11620 11634
f 11634 11621 11636
f 11636 11621 11635
f 11636 11635 11640
f 11640 11635 11639
f 11633 11634 11638
f 11638 11634 11636
f 11637 11633 11645
f 11645 11633 11638
f 11640 11639 11642
f 11642 11639 11641
f 11646 11636 11640
f 11638 11636 11646
f 11650 11641 11648
f 11642 11641 11650
f 11689 11640 11642
f 11646 11640 11689
f 11648 11607 11608
f 11639 11624 11641
f 11649 11608 11626
f 11641 11607 11648
f 11648 11608 11649
f 11649 11626 11653
f 11643 11644 11674
f 11644 11637 11675
f 11675 11637 11645
f 11645 11638 11688
f 11688 11638 11646
f 11571 11597 11647
f 11571 11647 11578
f 11662 11630 11631
f 11659 11629 11630
f 11658 11628 11629
f 11652 11627 11654
f 11660 11631 11526
f 11659 11630 11662
f 11658 11629 11659
f 11654 11628 11658
f 11657 11649 11653
f 11651 11648 11649
f 11650 11648 11651
f 11690 11642 11650
f 11689 11642 11690
f 11651 11649 11657
f 11656 11650 11651
f 11655 11653 11652
f 11657 11653 11655
f 11665 11652 11654
f 11655 11652 11665
f 11667 11651 11657
f 11690 11650 11656
f 11656 11651 11667
f 11653 11625 11652
f 11666 11654 11658
f 11663 11658 11659
f 11666 11658 11663
f 11869 11662 11660
f 11866 11660 11661
f 11869 11660 11866
f 11664 11659 11662
f 11663 11659 11664
f 11664 11662 11869
f 11873 11663 11664
f 11660 11526 11661
f 11662 11631 11660
f 11665 11654 11666
f 11669 11655 11665
f 11695 11667 11668
f 11668 11657 11655
f 11667 11657 11668
f 11668 11655 11669
f 11872 11666 11663
f 11670 11665 11666
f 11670 11666 11872
f 11902 11668 11669
f 11669 11665 11670
f 11647 11671 11672
f 11672 11671 11673
f 11578 11647 11672
f 11578 11672 11583
f 11672 11673 11679
f 11679 11673 11680
f 11671 11643 11673
f 11673 11643 11674
f 11674 11675 11677
f 11674 11644 11675
f 11675 11645 11676
f 11676 11645 11688
f 11677 11675 11676
f 11673 11674 11680
f 11676 11688 11678
f 11678 11688 11691
f 11683 11691 11692
f 11680 11674 11677
f 11677 11676 11682
f 11682 11676 11678
f 11678 11691 11683
f 11583 11672 11679
f 11679 11680 11686
f 11686 11680 11681
f 11583 11679 11585
f 11585 11679 11686
f 11685 11692 11693
f 11680 11677 11681
f 11681 11677 11682
f 11682 11678 11684
f 11684 11678 11683
f 11683 11692 11685
f 11883 11693 11694
f 11884 11694 11695
f 11681 11682 11687
f 11687 11682 11684
f 11684 11683 11890
f 11685 11693 11883
f 11890 11683 11685
f 11686 11681 11886
f 11886 11681 11687
f 11688 11646 11691
f 11691 11646 11689
f 11691 11689 11692
f 11692 11689 11690
f 11693 11690 11656
f 11692 11690 11693
f 11693 11656 11694
f 11694 11656 11667
f 11694 11667 11695
f 11695 11668 11902
f 11279 11697 11368
f 11697 11369 11368
f 11697 11696 11369
f 11701 11696 11697
f 11701 11698 11696
f 11698 11699 11696
f 11700 11379 11699
f 11698 11700 11699
f 11704 11705 11700
f 11286 11701 11697
f 11702 11698 11701
f 11294 11702 11701
f 11702 11703 11698
f 11703 11700 11698
f 11703 11704 11700
f 11719 11711 11704
f 11717 11704 11703
f 11717 11719 11704
f 11700 11705 11379
f 11705 11706 11380
f 11711 11706 11705
f 11704 11711 11705
f 11707 11383 11706
f 11709 11384 11383
f 11711 11707 11706
f 11707 11709 11383
f 11709 11708 11384
f 11712 11709 11707
f 11714 11708 11709
f 11714 11710 11708
f 11713 11707 11711
f 11713 11712 11707
f 11719 11713 11711
f 11725 11712 11713
f 11725 11726 11712
f 11712 11714 11709
f 11716 11710 11714
f 11716 11715 11710
f 11726 11714 11712
f 11726 11716 11714
f 11729 11715 11716
f 11729 11730 11715
f 11718 11703 11702
f 11718 11717 11703
f 11299 11718 11702
f 11721 11717 11718
f 11721 11722 11717
f 11722 11719 11717
f 11720 11713 11719
f 11722 11720 11719
f 11724 11725 11720
f 11300 11721 11718
f 14140 11722 11721
f 14024 14140 11721
f 14140 11723 11722
f 11723 11720 11722
f 11723 11724 11720
f 11856 11727 11724
f 14198 11724 11723
f 11720 11725 11713
f 11727 11726 11725
f 11724 11727 11725
f 11727 11728 11726
f 11728 11716 11726
f 11728 11729 11716
f 11857 11730 11729
f 11859 11729 11728
f 11859 11857 11729
f 11857 11858 11730
f 11860 11728 11727
f 11710 11491 11708
f 11710 11731 11491
f 11739 11732 11492
f 11739 11492 11733
f 11715 11731 11710
f 11715 11733 11731
f 11741 11734 11732
f 11741 11732 11739
f 11734 11494 11732
f 11734 11496 11494
f 11737 11497 11735
f 11740 11735 11496
f 11737 11498 11497
f 11738 11537 11736
f 11742 11736 11498
f 11743 11763 11546
f 11743 11546 11738
f 11740 11496 11734
f 11742 11498 11737
f 11865 11737 11735
f 11744 11764 11763
f 11744 11763 11743
f 11747 11779 11764
f 11745 11738 11736
f 11730 11739 11733
f 11730 11733 11715
f 11903 11740 11734
f 11903 11734 11741
f 11858 11741 11739
f 11858 11739 11730
f 11865 11735 11740
f 11745 11736 11742
f 11904 11742 11737
f 11746 11738 11745
f 11747 11764 11744
f 11746 11743 11738
f 11748 11788 11779
f 11748 11779 11747
f 11803 11787 11788
f 11805 11791 11787
f 11904 11737 11865
f 11906 11745 11742
f 11906 11742 11904
f 11804 11743 11746
f 11804 11744 11743
f 11807 11747 11744
f 11803 11788 11748
f 11769 11540 11543
f 11756 11542 11541
f 11755 11538 11751
f 11770 11752 11542
f 11756 11541 11755
f 11768 11539 11750
f 11783 11751 11540
f 11771 11753 11752
f 11770 11542 11756
f 11772 11754 11753
f 11773 11757 11754
f 11771 11752 11770
f 11774 11758 11757
f 11775 11759 11758
f 11769 11543 11768
f 11778 11762 11759
f 11777 11761 11760
f 11776 11760 11762
f 11779 11545 11544
f 11779 11544 11764
f 11788 11749 11545
f 11868 11547 11767
f 11780 11766 11765
f 11782 11765 11761
f 11781 11767 11766
f 11868 11767 11781
f 11781 11766 11780
f 11787 11750 11749
f 11787 11749 11788
f 11791 11768 11750
f 11784 11755 11751
f 11783 11540 11769
f 11785 11756 11755
f 11772 11753 11771
f 11773 11754 11772
f 11774 11757 11773
f 11775 11758 11774
f 11782 11761 11777
f 11778 11759 11775
f 11777 11760 11776
f 11776 11762 11778
f 11786 11770 11756
f 11784 11751 11783
f 11785 11755 11784
f 11789 11771 11770
f 11788 11545 11779
f 11780 11765 11782
f 11799 11781 11780
f 11791 11750 11787
f 11794 11769 11768
f 11824 11783 11769
f 11825 11784 11783
f 11794 11768 11791
f 11786 11756 11785
f 11790 11772 11771
f 11792 11773 11772
f 11789 11770 11786
f 11793 11774 11773
f 11795 11775 11774
f 11797 11776 11778
f 11801 11778 11775
f 11796 11777 11776
f 11790 11771 11789
f 11792 11772 11790
f 11793 11773 11792
f 11796 11776 11797
f 11797 11778 11801
f 11798 11782 11777
f 11800 11780 11782
f 11800 11782 11798
f 11798 11777 11796
f 11799 11780 11800
f 11824 11769 11794
f 11825 11783 11824
f 11826 11785 11784
f 11826 11784 11825
f 11827 11786 11785
f 11823 11789 11786
f 11795 11774 11793
f 11801 11775 11795
f 11922 11799 11800
f 11806 11794 11791
f 11805 11787 11803
f 11811 11824 11794
f 11812 11825 11824
f 11806 11791 11805
f 11802 11746 11745
f 11807 11744 11804
f 11814 11747 11807
f 11802 11745 11906
f 11814 11748 11747
f 11811 11794 11806
f 11813 11826 11825
f 11818 11827 11826
f 11812 11824 11811
f 11813 11825 11812
f 11808 11823 11827
f 11816 11805 11803
f 11809 11804 11746
f 11815 11748 11814
f 11809 11746 11802
f 11810 11807 11804
f 11815 11803 11748
f 14248 11802 11906
f 14153 11809 11802
f 14153 11802 14248
f 11816 11803 11815
f 11817 11805 11816
f 11819 11828 11823
f 11818 11826 11813
f 11820 11829 11828
f 11817 11806 11805
f 14156 11811 11806
f 11808 11827 11818
f 14158 11830 11829
f 14159 11831 11830
f 11819 11823 11808
f 14162 11836 11831
f 11810 11804 11809
f 14151 11814 11807
f 14161 11834 11832
f 11822 11835 11834
f 11821 11833 11835
f 14160 11832 11836
f 14156 11806 11817
f 14157 11811 14156
f 14152 11816 11815
f 14157 11812 11811
f 11820 11828 11819
f 14158 11829 11820
f 14159 11830 14158
f 14162 11831 14159
f 14163 11813 11812
f 14151 11807 11810
f 14155 11815 11814
f 14155 11814 14151
f 11822 11834 14161
f 14161 11832 14160
f 14160 11836 14162
f 11821 11835 11822
f 11827 11785 11826
f 11823 11786 11827
f 11828 11790 11789
f 11829 11792 11790
f 11830 11793 11792
f 11831 11795 11793
f 11834 11796 11797
f 11832 11797 11801
f 11836 11801 11795
f 11828 11789 11823
f 11829 11790 11828
f 11830 11792 11829
f 11835 11798 11796
f 11833 11800 11798
f 11835 11796 11834
f 11833 11798 11835
f 11922 11800 11833
f 11831 11793 11830
f 11836 11795 11831
f 11834 11797 11832
f 11832 11801 11836
f 11837 11574 11839
f 11576 11845 11840
f 11323 11837 11838
f 11837 11839 11838
f 11838 11839 11842
f 11574 11840 11839
f 11839 11840 11841
f 11840 11847 11841
f 11839 11841 11842
f 11330 11838 11843
f 11838 11842 11843
f 11843 11842 11969
f 11842 11841 11844
f 11841 11851 11844
f 11842 11844 11969
f 11840 11845 11847
f 11845 11846 11847
f 11845 11581 11846
f 11847 11846 11852
f 11841 11847 11851
f 11581 11848 11846
f 11846 11848 11850
f 11848 11585 11849
f 11848 11849 11850
f 11846 11850 11852
f 11850 11849 11854
f 11847 11852 11851
f 11851 11852 11971
f 11844 11851 11970
f 11852 11850 11853
f 11852 11853 11971
f 11850 11854 11853
f 11853 11854 11855
f 11853 11855 11972
f 14198 11856 11724
f 11862 11858 11857
f 11860 11859 11728
f 11856 11860 11727
f 14206 11859 11860
f 14206 11861 11859
f 11861 11857 11859
f 11861 11862 11857
f 11862 11863 11858
f 14207 11862 11861
f 14207 14209 11862
f 14209 11863 11862
f 14209 11864 11863
f 11905 11865 11740
f 11905 11740 11903
f 11895 11875 11881
f 11908 11880 11882
f 11907 11881 11880
f 11895 11881 11907
f 11907 11880 11908
f 11867 11661 11547
f 11867 11547 11868
f 11866 11661 11867
f 11870 11664 11869
f 11871 11869 11866
f 11873 11664 11870
f 11876 11867 11868
f 11878 11866 11867
f 11877 11868 11781
f 11878 11867 11876
f 11871 11866 11878
f 11870 11869 11871
f 11872 11663 11873
f 11874 11669 11670
f 11902 11669 11874
f 11875 11670 11872
f 11874 11670 11875
f 11881 11872 11873
f 11880 11873 11870
f 11881 11873 11880
f 11875 11872 11881
f 11876 11868 11877
f 11877 11781 11799
f 11882 11870 11871
f 11921 11878 11876
f 11882 11871 11879
f 11879 11871 11878
f 11919 11876 11877
f 11920 11877 11799
f 11879 11878 11921
f 11921 11876 11919
f 11880 11870 11882
f 11885 11695 11902
f 11884 11695 11885
f 11890 11685 11891
f 11891 11883 11892
f 11883 11694 11884
f 11891 11685 11883
f 11892 11883 11884
f 11893 11902 11874
f 11885 11902 11893
f 11894 11874 11875
f 11892 11884 11901
f 11901 11884 11885
f 11585 11686 11849
f 11849 11686 11886
f 11886 11687 11889
f 11889 11687 11887
f 11849 11886 11854
f 11854 11886 11889
f 11889 11887 11898
f 11898 11887 11888
f 11887 11684 11890
f 11687 11684 11887
f 11888 11890 11891
f 11887 11890 11888
f 11897 11891 11892
f 11888 11891 11897
f 11893 11874 11894
f 11894 11875 11895
f 11901 11885 11896
f 11896 11885 11893
f 11924 11894 11895
f 11896 11893 11923
f 11923 11894 11924
f 11923 11893 11894
f 11854 11889 11855
f 11855 11889 11898
f 11900 11888 11897
f 11898 11888 11900
f 11855 11898 11985
f 11985 11898 11900
f 11927 11897 11899
f 11900 11897 11927
f 11899 11892 11901
f 11897 11892 11899
f 11926 11901 11896
f 11899 11901 11926
f 11863 11903 11741
f 11863 11741 11858
f 11911 11904 11865
f 11911 11865 11905
f 11864 11905 11903
f 11864 11903 11863
f 11912 11906 11904
f 11912 11904 11911
f 11913 11921 11919
f 11910 11879 11921
f 11914 11919 11920
f 11915 11922 11833
f 11916 11920 11922
f 11910 11921 11913
f 11913 11919 11914
f 11909 11882 11879
f 11908 11882 11909
f 11909 11879 11910
f 11932 11907 11908
f 11917 11908 11909
f 14210 11911 11905
f 14248 11906 11912
f 14210 11905 11864
f 14212 11912 11911
f 11914 11920 11916
f 11916 11922 11915
f 11915 11833 11821
f 14250 11916 11915
f 14254 11913 11914
f 14251 11914 11916
f 11918 11909 11910
f 14253 11910 11913
f 11932 11908 11917
f 11917 11909 11918
f 11918 11910 14253
f 14253 11913 14254
f 14260 11917 11918
f 11920 11799 11922
f 11919 11877 11920
f 11924 11895 11925
f 11925 11895 11907
f 11925 11907 11932
f 11933 11923 11924
f 11930 11924 11925
f 11929 11899 11926
f 11927 11899 11929
f 11934 11926 11928
f 11929 11926 11934
f 11928 11896 11923
f 11926 11896 11928
f 11928 11923 11933
f 11931 11925 11932
f 11933 11924 11930
f 11930 11925 11931
f 14259 11932 11917
f 11931 11932 14259
f 11935 11928 11933
f 11934 11928 11935
f 14261 11933 11930
f 11935 11933 14261
f 14569 11934 11935
f 11310 11315 11946
f 11315 11316 11947
f 11936 11939 11938
f 11936 11937 11939
f 11938 11939 11943
f 11937 11309 11940
f 11937 11940 11939
f 11309 11310 11941
f 11309 11941 11940
f 11939 11940 11944
f 11940 11941 11945
f 11938 11943 11942
f 11939 11944 11943
f 11940 11945 11944
f 11942 14424 14423
f 11942 11943 14424
f 11943 11944 14426
f 11943 14426 14424
f 11944 11945 14425
f 11944 14425 14426
f 11310 11946 11941
f 11941 11946 11948
f 11315 11947 11946
f 11316 11952 11947
f 11946 11947 11949
f 11946 11949 11948
f 11947 11954 11949
f 11941 11948 11945
f 11945 11948 14430
f 11945 14430 14425
f 11948 11949 11950
f 11948 11950 14430
f 11949 11956 11950
f 11316 11321 11952
f 11322 11958 11953
f 11327 11959 11958
f 11328 11962 11959
f 11321 11953 11952
f 11947 11952 11954
f 11952 11955 11954
f 11953 11958 11960
f 11952 11953 11955
f 11953 11960 11955
f 11954 11955 11957
f 11955 11960 11966
f 11949 11954 11956
f 11954 11957 11956
f 11955 11966 11957
f 11957 11966 14458
f 11958 11959 11961
f 11959 11962 11964
f 11959 11964 11961
f 11958 11961 11960
f 11962 11951 11963
f 11951 11973 11963
f 11962 11963 11964
f 11964 11963 11965
f 11963 11974 11965
f 11960 11967 11966
f 11960 11961 11967
f 11961 11964 11968
f 11961 11968 11967
f 11964 11965 11968
f 11966 11967 14459
f 11967 11968 14460
f 11968 11965 14461
f 11968 14461 14460
f 11965 11980 14461
f 11951 11843 11973
f 11843 11969 11973
f 11969 11844 11976
f 11844 11970 11976
f 11851 11971 11970
f 11970 11971 11982
f 11971 11853 11972
f 11971 11972 11982
f 11972 11855 11985
f 11973 11969 11975
f 11963 11973 11974
f 11973 11975 11974
f 11974 11975 11978
f 11969 11976 11975
f 11976 11983 11977
f 11975 11976 11977
f 11975 11977 11978
f 11965 11974 11980
f 11974 11978 11980
f 11980 11978 11981
f 11978 11977 11979
f 11977 11988 11979
f 11978 11979 11981
f 11979 11990 14560
f 14461 11980 14557
f 11980 11981 14557
f 11981 11979 14560
f 11976 11970 11983
f 11970 11982 11983
f 11983 11982 11984
f 11977 11983 11988
f 11983 11984 11988
f 11982 11972 11986
f 11972 11985 11986
f 11982 11986 11984
f 11984 11986 11992
f 11986 11985 11987
f 11986 11987 11992
f 11988 11989 11990
f 11988 11984 11989
f 11979 11988 11990
f 11990 11989 14567
f 11992 11987 11991
f 11984 11992 11989
f 11989 11992 11994
f 11992 11991 11994
f 11994 11991 11993
f 11989 11994 14567
f 14567 11994 14570
f 11994 11993 14570
f 11987 11900 11927
f 11985 11900 11987
f 11991 11927 11929
f 11987 11927 11991
f 11993 11929 11934
f 11991 11929 11993
f 11993 11934 14569
f 6465 11995 8529
f 11995 11996 8530
f 6469 11998 11995
f 11998 11996 11995
f 11998 11999 11996
f 11996 11997 8531
f 11999 11997 11996
f 11999 12000 11997
f 12001 11999 11998
f 12001 12002 11999
f 6473 12001 11998
f 12013 12002 12001
f 12002 12000 11999
f 12002 12003 12000
f 12014 12003 12002
f 11997 12004 8532
f 12000 12004 11997
f 12000 12007 12004
f 12007 12005 12004
f 12004 12005 8534
f 12005 12006 8535
f 12007 12009 12005
f 12009 12006 12005
f 12009 12010 12006
f 12003 12007 12000
f 12003 12008 12007
f 12008 12009 12007
f 12015 12008 12003
f 12022 12011 12008
f 12008 12011 12009
f 12011 12010 12009
f 12011 12012 12010
f 12023 12012 12011
f 6489 12013 12001
f 12013 12014 12002
f 6495 12016 12013
f 12016 12014 12013
f 12016 12018 12014
f 12014 12015 12003
f 12018 12015 12014
f 12018 12019 12015
f 12017 12018 12016
f 6497 12017 12016
f 12017 12020 12018
f 12128 12020 12017
f 12020 12019 12018
f 12129 12021 12020
f 12020 12021 12019
f 12015 12022 12008
f 12019 12022 12015
f 12019 12027 12022
f 12027 12023 12022
f 12022 12023 12011
f 12023 12024 12012
f 12027 12025 12023
f 12025 12024 12023
f 12025 12026 12024
f 12021 12027 12019
f 12021 12028 12027
f 12028 12025 12027
f 12130 12028 12021
f 12137 12029 12028
f 12028 12029 12025
f 12029 12026 12025
f 12029 12030 12026
f 12139 12030 12029
f 12006 12031 8552
f 12010 12031 12006
f 12033 12032 12031
f 12031 12032 8554
f 12032 12037 8557
f 12035 12037 12032
f 12010 12033 12031
f 12033 12035 12032
f 12035 12041 12037
f 12012 12033 12010
f 12012 12034 12033
f 12034 12035 12033
f 12024 12034 12012
f 12046 12036 12034
f 12034 12036 12035
f 12036 12041 12035
f 12036 12043 12041
f 12048 12043 12036
f 12037 12038 8558
f 12038 12039 8560
f 12041 12038 12037
f 12041 12042 12038
f 12042 12039 12038
f 12042 12040 12039
f 12040 12291 12039
f 12043 12042 12041
f 12043 12044 12042
f 12050 12044 12043
f 12044 12040 12042
f 12044 12045 12040
f 12045 12293 12040
f 12051 12045 12044
f 12054 12297 12045
f 12024 12046 12034
f 12047 12048 12046
f 12026 12046 12024
f 12026 12047 12046
f 12046 12048 12036
f 12048 12050 12043
f 12049 12050 12048
f 12047 12049 12048
f 12049 12052 12050
f 12030 12047 12026
f 12030 12056 12047
f 12056 12049 12047
f 12056 12057 12049
f 12057 12052 12049
f 12052 12051 12050
f 12050 12051 12044
f 12052 12053 12051
f 12051 12054 12045
f 12053 12054 12051
f 12055 12312 12054
f 12053 12055 12054
f 12058 12053 12052
f 12140 12056 12030
f 12140 12169 12056
f 12169 12057 12056
f 12057 12058 12052
f 12169 12171 12057
f 12171 12058 12057
f 12171 12177 12058
f 12060 12314 12055
f 12058 12059 12053
f 12177 12059 12058
f 12177 12178 12059
f 12059 12055 12053
f 12059 12060 12055
f 12178 12060 12059
f 12178 12061 12060
f 12061 12322 12060
f 8572 12064 12063
f 8573 12071 12064
f 8573 8578 12071
f 8578 12072 12071
f 8578 8581 12072
f 8581 8582 12073
f 8581 12073 12072
f 8569 12063 12062
f 6543 12062 12065
f 12062 12063 12067
f 12062 12067 12065
f 12063 12068 12067
f 12063 12064 12068
f 6547 12065 12066
f 12065 12067 12069
f 12065 12069 12066
f 12067 12068 12070
f 12067 12070 12069
f 12064 12071 12074
f 12064 12074 12068
f 12071 12076 12074
f 12071 12072 12076
f 12072 12073 12077
f 12072 12077 12076
f 12068 12074 12075
f 12068 12075 12070
f 12070 12075 12090
f 12074 12078 12075
f 12074 12076 12078
f 12076 12077 12079
f 12075 12078 12091
f 12076 12079 12078
f 12078 12079 12089
f 12069 12070 12082
f 6548 12066 12080
f 12066 12081 12080
f 12066 12069 12081
f 6567 12080 12083
f 12080 12081 12085
f 12080 12085 12083
f 12069 12082 12081
f 12081 12086 12085
f 12081 12082 12086
f 6573 12083 12084
f 12083 12085 12087
f 12083 12087 12084
f 12085 12086 12088
f 12085 12088 12087
f 12087 12088 12211
f 12075 12091 12090
f 12078 12089 12091
f 12070 12090 12082
f 12082 12090 12092
f 12082 12092 12086
f 12090 12094 12092
f 12090 12091 12094
f 12091 12089 12095
f 12091 12095 12094
f 12086 12092 12093
f 12092 12096 12093
f 12086 12093 12088
f 12088 12093 12218
f 12092 12094 12096
f 12094 12095 12097
f 12094 12097 12096
f 12093 12096 12220
f 12096 12097 12221
f 8582 8588 12098
f 8582 12098 12073
f 8588 12099 12098
f 8588 8590 12099
f 8590 8600 12100
f 8590 12100 12099
f 8600 12101 12100
f 8600 8599 12101
f 8599 8602 12102
f 8599 12102 12101
f 8602 12394 12102
f 12101 12102 12111
f 12073 12098 12103
f 12073 12103 12077
f 12098 12105 12103
f 12098 12099 12105
f 12099 12100 12107
f 12099 12107 12105
f 12077 12103 12104
f 12077 12104 12079
f 12079 12104 12113
f 12103 12106 12104
f 12103 12105 12106
f 12105 12107 12109
f 12104 12106 12114
f 12105 12109 12106
f 12106 12109 12119
f 12100 12108 12107
f 12100 12101 12108
f 12101 12111 12108
f 12102 12405 12111
f 12107 12108 12110
f 12107 12110 12109
f 12109 12110 12120
f 12108 12111 12112
f 12111 12407 12112
f 12108 12112 12110
f 12110 12112 12123
f 12079 12113 12089
f 12104 12114 12113
f 12089 12113 12116
f 12113 12115 12116
f 12106 12119 12114
f 12113 12114 12115
f 12114 12119 12121
f 12114 12121 12115
f 12089 12116 12095
f 12115 12121 12125
f 12115 12125 12118
f 12118 12125 12258
f 12118 12258 12253
f 12095 12116 12117
f 12095 12117 12097
f 12116 12118 12117
f 12097 12117 12252
f 12116 12115 12118
f 12117 12118 12253
f 12109 12120 12119
f 12119 12122 12121
f 12119 12120 12122
f 12110 12123 12120
f 12120 12123 12124
f 12112 12415 12123
f 12120 12124 12122
f 12123 12417 12124
f 12121 12126 12125
f 12121 12122 12126
f 12125 12259 12258
f 12125 12126 12259
f 12122 12124 12127
f 12122 12127 12126
f 12124 12421 12127
f 12126 12127 12262
f 12126 12262 12259
f 12127 12423 12262
f 6624 12128 12017
f 12128 12129 12020
f 6630 12131 12128
f 12131 12129 12128
f 12129 12130 12021
f 12130 12137 12028
f 12131 12133 12129
f 12133 12130 12129
f 12133 12134 12130
f 12132 12133 12131
f 12132 12135 12133
f 6632 12132 12131
f 12147 12135 12132
f 12135 12134 12133
f 12135 12136 12134
f 12149 12136 12135
f 12134 12137 12130
f 12134 12138 12137
f 12138 12139 12137
f 12137 12139 12029
f 12139 12140 12030
f 12141 12140 12139
f 12138 12141 12139
f 12141 12142 12140
f 12136 12138 12134
f 12136 12143 12138
f 12143 12141 12138
f 12166 12143 12136
f 12166 12167 12143
f 12167 12144 12143
f 12143 12144 12141
f 12144 12142 12141
f 12144 12145 12142
f 12167 12168 12144
f 12168 12145 12144
f 12168 12146 12145
f 6649 12147 12132
f 12147 12149 12135
f 6655 12148 12147
f 12148 12149 12147
f 12148 12150 12149
f 12150 12166 12149
f 12150 12151 12166
f 6657 12152 12148
f 12152 12150 12148
f 12152 12153 12150
f 7213 12775 12152
f 12775 12153 12152
f 12775 12155 12153
f 12153 12151 12150
f 12153 12154 12151
f 12155 12154 12153
f 12155 12156 12154
f 12151 12167 12166
f 12151 12157 12167
f 12154 12157 12151
f 12160 12158 12157
f 12157 12158 12168
f 12158 12159 12146
f 12162 12159 12158
f 12162 12163 12159
f 12154 12160 12157
f 12156 12160 12154
f 12161 12162 12160
f 12156 12161 12160
f 12789 12164 12161
f 12160 12162 12158
f 12164 12163 12162
f 12164 12165 12163
f 12161 12164 12162
f 12791 12165 12164
f 12791 12792 12165
f 12149 12166 12136
f 12157 12168 12167
f 12158 12146 12168
f 12142 12169 12140
f 12170 12171 12169
f 12142 12170 12169
f 12173 12172 12170
f 12172 12177 12171
f 12172 12179 12177
f 12170 12172 12171
f 12175 12179 12172
f 12145 12170 12142
f 12145 12173 12170
f 12146 12173 12145
f 12146 12174 12173
f 12174 12175 12173
f 12173 12175 12172
f 12175 12182 12179
f 12176 12182 12175
f 12174 12176 12175
f 12176 12184 12182
f 12179 12178 12177
f 12179 12180 12178
f 12182 12180 12179
f 12182 12183 12180
f 12180 12061 12178
f 12180 12181 12061
f 12181 12324 12061
f 12183 12181 12180
f 12183 12186 12181
f 12186 12495 12181
f 12184 12183 12182
f 12206 12185 12184
f 12184 12185 12183
f 12185 12186 12183
f 12185 12187 12186
f 12187 12500 12186
f 12207 12187 12185
f 12207 12208 12187
f 12208 12502 12187
f 12163 12188 12159
f 12163 12189 12188
f 12189 12205 12188
f 12189 12190 12205
f 12190 12206 12205
f 12190 12195 12206
f 12165 12189 12163
f 12165 12191 12189
f 12191 12190 12189
f 12792 12191 12165
f 12792 12192 12191
f 12192 12193 12191
f 12191 12193 12190
f 12193 12195 12190
f 12193 12198 12195
f 12194 12198 12193
f 12192 12194 12193
f 12194 12200 12198
f 12885 12200 12194
f 12195 12207 12206
f 12198 12196 12195
f 12195 12196 12207
f 12196 12208 12207
f 12196 12197 12208
f 12199 12197 12196
f 12199 12202 12197
f 12202 12523 12197
f 12200 12199 12198
f 12198 12199 12196
f 12896 12201 12200
f 12200 12201 12199
f 12896 12897 12201
f 12201 12202 12199
f 12201 12203 12202
f 12203 12524 12202
f 12897 12203 12201
f 12897 12204 12203
f 12204 12528 12203
f 12159 12174 12146
f 12159 12188 12174
f 12188 12176 12174
f 12188 12205 12176
f 12205 12184 12176
f 12205 12206 12184
f 12206 12207 12185
f 12197 12556 12208
f 6575 12084 12209
f 12084 12087 12210
f 12084 12210 12209
f 6706 12209 12212
f 12209 12210 12214
f 12209 12214 12212
f 12087 12211 12210
f 12210 12215 12214
f 12210 12211 12215
f 6712 12212 12213
f 12212 12214 12216
f 6714 12213 12232
f 12212 12216 12213
f 12213 12216 12234
f 12214 12217 12216
f 12214 12215 12217
f 12216 12217 12235
f 12088 12218 12211
f 12093 12220 12218
f 12211 12218 12219
f 12211 12219 12215
f 12218 12222 12219
f 12096 12221 12220
f 12220 12221 12223
f 12218 12220 12222
f 12220 12223 12222
f 12217 12226 12241
f 12226 12243 12241
f 12222 12224 12225
f 12226 12225 12243
f 12225 12224 12244
f 12225 12244 12243
f 12215 12219 12226
f 12215 12226 12217
f 12219 12225 12226
f 12219 12222 12225
f 12222 12223 12224
f 12228 12229 12981
f 12247 12230 12229
f 12248 12231 12230
f 12229 12230 12983
f 12230 12231 12984
f 12230 12984 12983
f 6732 12232 12233
f 12232 12236 12233
f 12232 12234 12236
f 12216 12235 12234
f 12234 12235 12237
f 12234 12237 12236
f 12213 12234 12232
f 12233 12239 12238
f 6738 12233 12238
f 12233 12236 12239
f 6739 12238 12991
f 12238 12239 12227
f 12238 12227 12991
f 12236 12240 12239
f 12236 12237 12240
f 12239 12228 12227
f 12239 12240 12228
f 12217 12241 12235
f 12235 12241 12242
f 12237 12242 12247
f 12235 12242 12237
f 12241 12245 12242
f 12241 12243 12245
f 12243 12244 12246
f 12243 12246 12245
f 12242 12245 12248
f 12245 12249 12248
f 12245 12246 12249
f 12237 12247 12240
f 12240 12247 12229
f 12242 12248 12247
f 12240 12229 12228
f 12247 12248 12230
f 12248 12249 12231
f 12252 12251 12250
f 12252 12253 12251
f 12253 12258 12260
f 12250 12251 12256
f 12253 12260 12251
f 12251 12260 12264
f 12097 12252 12221
f 12221 12252 12250
f 12117 12253 12252
f 12221 12250 12223
f 12223 12254 12224
f 12223 12250 12254
f 12250 12256 12254
f 12224 12254 12255
f 12224 12255 12244
f 12254 12257 12255
f 12251 12264 12256
f 12256 12264 12266
f 12254 12256 12257
f 12256 12266 12257
f 12258 12261 12260
f 12258 12259 12261
f 12260 12261 12265
f 12259 12262 12263
f 12259 12263 12261
f 12262 12663 12263
f 12261 12268 12265
f 12261 12263 12268
f 12263 12667 12268
f 12260 12265 12264
f 12264 12265 12267
f 12266 12267 12289
f 12264 12267 12266
f 12268 12668 12269
f 12265 12268 12269
f 12265 12269 12267
f 12267 12269 12290
f 12269 12716 12290
f 12249 12287 12271
f 12249 12271 12231
f 12287 12273 12271
f 12271 12274 12272
f 12231 12271 12272
f 12231 12272 12984
f 12287 12270 12273
f 12270 12279 12273
f 12270 12275 12279
f 12273 12279 12281
f 12273 12281 12274
f 12274 12281 13000
f 12271 12273 12274
f 12275 12276 12280
f 12290 12685 12277
f 12289 12277 12276
f 12276 12277 12283
f 12277 12693 12283
f 12281 13001 13000
f 12282 12278 13001
f 12284 12688 12278
f 12279 12280 12282
f 12275 12280 12279
f 12279 12282 12281
f 12281 12282 13001
f 12280 12284 12282
f 12280 12283 12284
f 12283 12694 12284
f 12276 12283 12280
f 12282 12284 12278
f 12244 12285 12246
f 12255 12286 12285
f 12244 12255 12285
f 12246 12285 12287
f 12246 12287 12249
f 12285 12270 12287
f 12255 12257 12286
f 12257 12288 12286
f 12257 12266 12288
f 12285 12286 12270
f 12286 12275 12270
f 12286 12288 12275
f 12266 12289 12288
f 12288 12289 12276
f 12288 12276 12275
f 12267 12290 12289
f 12289 12290 12277
f 12039 12291 8669
f 12291 12292 8670
f 12293 12292 12291
f 12040 12293 12291
f 12293 12294 12292
f 12292 12295 8672
f 12294 12295 12292
f 12294 12296 12295
f 12296 12300 12295
f 12297 12294 12293
f 12045 12297 12293
f 12297 12298 12294
f 12054 12312 12297
f 12312 12298 12297
f 12312 12313 12298
f 12298 12296 12294
f 12299 12302 12296
f 12298 12299 12296
f 12313 12299 12298
f 12313 12315 12299
f 12315 12308 12299
f 12295 12300 8679
f 12300 12301 8680
f 12301 12304 8683
f 12302 12301 12300
f 12296 12302 12300
f 12302 12303 12301
f 12303 12304 12301
f 12303 12306 12304
f 12304 12305 8684
f 12306 12305 12304
f 12306 12307 12305
f 12307 12340 12305
f 12308 12303 12302
f 12299 12308 12302
f 12308 12309 12303
f 12309 12306 12303
f 12309 12310 12306
f 12316 12309 12308
f 12315 12316 12308
f 12316 12317 12309
f 12317 12310 12309
f 12317 12318 12310
f 12310 12307 12306
f 12310 12311 12307
f 12311 12341 12307
f 12318 12311 12310
f 12318 12319 12311
f 12319 12348 12311
f 12314 12313 12312
f 12055 12314 12312
f 12314 12320 12313
f 12320 12315 12313
f 12321 12316 12315
f 12320 12321 12315
f 12321 12328 12316
f 12328 12317 12316
f 12328 12329 12317
f 12329 12318 12317
f 12330 12319 12318
f 12331 12349 12319
f 12322 12320 12314
f 12323 12321 12320
f 12326 12328 12321
f 12060 12322 12314
f 12322 12323 12320
f 12061 12324 12322
f 12324 12323 12322
f 12324 12325 12323
f 12323 12326 12321
f 12325 12326 12323
f 12327 12332 12326
f 12325 12327 12326
f 12498 12334 12327
f 12329 12330 12318
f 12332 12329 12328
f 12333 12330 12329
f 12333 12336 12330
f 12330 12331 12319
f 12336 12331 12330
f 12336 12337 12331
f 12337 12368 12331
f 12326 12332 12328
f 12332 12333 12329
f 12334 12333 12332
f 12335 12336 12333
f 12327 12334 12332
f 12334 12335 12333
f 12506 12335 12334
f 12335 12338 12336
f 12507 12338 12335
f 12338 12337 12336
f 12338 12339 12337
f 12339 12374 12337
f 12510 12339 12338
f 12510 12511 12339
f 12511 12375 12339
f 12305 12340 8726
f 12340 12342 8730
f 12307 12341 12340
f 12341 12342 12340
f 12341 12345 12342
f 12342 12343 8731
f 12343 12344 8732
f 12345 12343 12342
f 12345 12346 12343
f 12346 12344 12343
f 12346 12347 12344
f 12347 12356 12344
f 12311 12348 12341
f 12348 12345 12341
f 12348 12350 12345
f 12319 12349 12348
f 12349 12350 12348
f 12349 12353 12350
f 12350 12346 12345
f 12350 12351 12346
f 12351 12347 12346
f 12351 12352 12347
f 12352 12358 12347
f 12353 12351 12350
f 12354 12352 12351
f 12353 12354 12351
f 12355 12362 12352
f 12354 12355 12352
f 12344 12356 8742
f 12356 12357 8743
f 12358 12357 12356
f 12347 12358 12356
f 12358 12359 12357
f 12357 12360 8744
f 12359 12360 12357
f 12360 13195 10282
f 12361 13195 12360
f 12359 12361 12360
f 12363 12361 12359
f 12361 13198 13195
f 12366 13198 12361
f 12352 12362 12358
f 12362 12359 12358
f 12362 12363 12359
f 12355 12364 12362
f 12364 12363 12362
f 12364 12365 12363
f 12363 12366 12361
f 12366 13203 13198
f 12367 13203 12366
f 12365 12366 12363
f 12365 12367 12366
f 12367 13222 13203
f 12386 13222 12367
f 12368 12353 12349
f 12331 12368 12349
f 12368 12369 12353
f 12337 12374 12368
f 12374 12369 12368
f 12374 12376 12369
f 12369 12354 12353
f 12370 12355 12354
f 12369 12370 12354
f 12371 12364 12355
f 12370 12371 12355
f 12376 12370 12369
f 12372 12371 12370
f 12376 12372 12370
f 12373 12382 12371
f 12372 12373 12371
f 12339 12375 12374
f 12375 12376 12374
f 12375 12379 12376
f 12511 12565 12375
f 12565 12379 12375
f 12565 12567 12379
f 12379 12372 12376
f 12377 12373 12372
f 12379 12377 12372
f 12378 12384 12373
f 12377 12378 12373
f 12567 12377 12379
f 12380 12378 12377
f 12567 12380 12377
f 12381 12388 12378
f 12380 12381 12378
f 12371 12382 12364
f 12382 12365 12364
f 12382 12383 12365
f 12373 12384 12382
f 12384 12383 12382
f 12384 12385 12383
f 12383 12367 12365
f 12383 12386 12367
f 12386 13232 13222
f 12387 13232 12386
f 12385 12386 12383
f 12385 12387 12386
f 12389 12387 12385
f 12387 13235 13232
f 12392 13235 12387
f 12378 12388 12384
f 12388 12385 12384
f 12388 12389 12385
f 12381 12390 12388
f 12390 12389 12388
f 12390 12391 12389
f 12389 12392 12387
f 12391 12392 12389
f 12392 13240 13235
f 12393 13240 12392
f 12391 12393 12392
f 12580 12393 12391
f 12393 13243 13240
f 12583 13243 12393
f 8602 8761 12394
f 8761 12395 12394
f 8761 8762 12395
f 12102 12394 12405
f 12394 12395 12406
f 8762 8763 12396
f 8762 12396 12395
f 8763 12397 12396
f 12395 12396 12409
f 12395 12409 12406
f 12396 12401 12409
f 8763 8775 12397
f 8775 8776 12398
f 8776 8777 12400
f 8775 12398 12397
f 8776 12400 12398
f 12396 12397 12401
f 12397 12398 12402
f 12397 12402 12401
f 12398 12400 12403
f 12398 12403 12402
f 8777 8778 12399
f 8778 12443 12399
f 8777 12399 12400
f 12400 12399 12404
f 12400 12404 12403
f 12399 12448 12404
f 12403 12404 12414
f 12394 12406 12405
f 12111 12405 12407
f 12405 12408 12407
f 12405 12406 12408
f 12407 12408 12416
f 12112 12407 12415
f 12406 12409 12410
f 12406 12410 12408
f 12409 12412 12410
f 12408 12410 12419
f 12409 12401 12412
f 12401 12402 12411
f 12401 12411 12412
f 12402 12403 12413
f 12402 12413 12411
f 12410 12412 12427
f 12412 12411 12428
f 12412 12428 12427
f 12411 12431 12428
f 12411 12413 12431
f 12403 12414 12413
f 12404 12462 12414
f 12413 12414 12432
f 12413 12432 12431
f 12414 12468 12432
f 12407 12416 12415
f 12123 12415 12417
f 12415 12416 12418
f 12415 12418 12417
f 12408 12419 12416
f 12410 12427 12419
f 12416 12419 12420
f 12416 12420 12418
f 12418 12420 12425
f 12419 12429 12420
f 12417 12422 12421
f 12124 12417 12421
f 12417 12418 12422
f 12127 12421 12423
f 12421 12424 12423
f 12421 12422 12424
f 12418 12425 12422
f 12420 12435 12425
f 12422 12426 12424
f 12422 12425 12426
f 12425 12437 12426
f 12419 12427 12429
f 12427 12428 12430
f 12428 12431 12433
f 12428 12433 12430
f 12427 12430 12429
f 12420 12429 12435
f 12429 12430 12436
f 12430 12433 12440
f 12431 12432 12434
f 12432 12469 12434
f 12431 12434 12433
f 12433 12434 12439
f 12429 12436 12435
f 12425 12435 12437
f 12435 12436 12438
f 12430 12440 12436
f 12436 12440 12441
f 12437 12438 12672
f 12438 12441 12675
f 12435 12438 12437
f 12436 12441 12438
f 12433 12439 12440
f 12440 12439 12442
f 12434 12476 12439
f 12440 12442 12441
f 12441 12442 12676
f 12439 12477 12442
f 8778 8787 12443
f 8787 8788 12446
f 8787 12446 12443
f 12399 12443 12448
f 12443 12446 12449
f 12443 12449 12448
f 8788 8789 12444
f 8788 12444 12446
f 8789 12445 12444
f 8789 8790 12445
f 8790 12452 12445
f 12446 12444 12450
f 12446 12450 12449
f 12444 12447 12450
f 12444 12445 12447
f 12445 12454 12447
f 12404 12448 12462
f 12448 12449 12463
f 12448 12463 12462
f 12449 12450 12464
f 12449 12464 12463
f 12450 12451 12464
f 12450 12447 12451
f 12447 12458 12451
f 8790 8797 12452
f 8797 8798 12453
f 8797 12453 12452
f 12452 12453 12455
f 12445 12452 12454
f 12452 12455 12454
f 8798 8799 12456
f 8798 12456 12453
f 8799 10436 13353
f 8799 13353 12456
f 12453 12456 12457
f 12456 13353 13355
f 12453 12457 12455
f 12456 13355 12457
f 12447 12454 12458
f 12454 12455 12459
f 12454 12459 12458
f 12458 12459 12466
f 12455 12457 12460
f 12455 12460 12459
f 12457 13355 13360
f 12457 13360 12460
f 12459 12460 12461
f 12459 12461 12466
f 12460 13360 13364
f 12460 13364 12461
f 12414 12462 12468
f 12462 12463 12470
f 12462 12470 12468
f 12463 12464 12471
f 12463 12471 12470
f 12464 12472 12471
f 12464 12451 12472
f 12451 12465 12472
f 12451 12458 12465
f 12458 12466 12465
f 12461 13364 13424
f 12494 13392 13395
f 12494 13395 12467
f 12467 13395 13911
f 12432 12468 12469
f 12468 12470 12473
f 12468 12473 12469
f 12434 12469 12476
f 12469 12478 12476
f 12469 12473 12478
f 12470 12471 12474
f 12471 12475 12474
f 12470 12474 12473
f 12471 12472 12475
f 12472 12485 12475
f 12473 12474 12479
f 12473 12479 12478
f 12474 12480 12479
f 12474 12475 12480
f 12475 12489 12480
f 12439 12476 12477
f 12476 12481 12477
f 12476 12478 12481
f 12442 12477 12742
f 12477 12744 12742
f 12477 12481 12744
f 12478 12479 12482
f 12478 12482 12481
f 12479 12483 12482
f 12479 12480 12483
f 12480 12490 12483
f 12481 12482 12745
f 12481 12745 12744
f 12482 12746 12745
f 12482 12483 12746
f 12483 12492 12746
f 12472 12465 12485
f 12465 12466 12484
f 12465 12484 12485
f 12475 12485 12489
f 12485 12484 12486
f 12485 12486 12489
f 12466 12461 12487
f 12466 12487 12484
f 12461 13424 12487
f 12484 12487 12488
f 12484 12488 12486
f 12487 13424 13426
f 12487 13426 12488
f 12480 12489 12490
f 12489 12486 12491
f 12489 12491 12490
f 12483 12490 12492
f 12490 12491 12493
f 12490 12493 12492
f 12486 12488 12494
f 12486 12494 12491
f 12488 13426 13392
f 12488 13392 12494
f 12491 12467 12493
f 12491 12494 12467
f 12495 12325 12324
f 12181 12495 12324
f 12495 12496 12325
f 12500 12496 12495
f 12186 12500 12495
f 12500 12497 12496
f 12496 12327 12325
f 12496 12498 12327
f 12499 12506 12498
f 12497 12498 12496
f 12497 12499 12498
f 12502 12497 12500
f 12187 12502 12500
f 12502 12501 12497
f 12556 12501 12502
f 12208 12556 12502
f 12556 12503 12501
f 12501 12499 12497
f 12501 12504 12499
f 12504 12508 12499
f 12503 12504 12501
f 12503 12505 12504
f 12505 12514 12504
f 12526 12516 12505
f 12498 12506 12334
f 12506 12507 12335
f 12508 12507 12506
f 12507 12510 12338
f 12509 12510 12507
f 12499 12508 12506
f 12508 12509 12507
f 12514 12509 12508
f 12509 12512 12510
f 12515 12512 12509
f 12512 12511 12510
f 12513 12565 12511
f 12512 12513 12511
f 12518 12513 12512
f 12519 12566 12513
f 12504 12514 12508
f 12514 12515 12509
f 12516 12515 12514
f 12515 12518 12512
f 12517 12518 12515
f 12505 12516 12514
f 12516 12517 12515
f 12535 12517 12516
f 12517 12520 12518
f 12536 12520 12517
f 12518 12519 12513
f 12520 12519 12518
f 12520 12521 12519
f 12521 12574 12519
f 12539 12521 12520
f 12539 12540 12521
f 12540 12575 12521
f 12197 12523 12556
f 12523 12522 12503
f 12524 12522 12523
f 12202 12524 12523
f 12524 12525 12522
f 12522 12526 12505
f 12527 12535 12526
f 12525 12526 12522
f 12525 12527 12526
f 12529 12527 12525
f 12532 12537 12527
f 12528 12525 12524
f 12203 12528 12524
f 12528 12529 12525
f 12204 12530 12528
f 12530 12529 12528
f 13009 12531 12530
f 12530 12531 12529
f 13009 13010 12531
f 12529 12532 12527
f 12531 12532 12529
f 12531 12533 12532
f 12533 12545 12532
f 13010 12533 12531
f 13010 12534 12533
f 12534 12547 12533
f 12526 12535 12516
f 12537 12536 12535
f 12538 12539 12536
f 12538 12542 12539
f 12527 12537 12535
f 12537 12538 12536
f 12532 12545 12537
f 12545 12538 12537
f 12545 12546 12538
f 12546 12542 12538
f 12546 12543 12542
f 12542 12540 12539
f 12542 12541 12540
f 12541 12558 12540
f 12543 12541 12542
f 12543 12544 12541
f 12544 12590 12541
f 12552 12591 12544
f 12547 12546 12545
f 12533 12547 12545
f 12547 12548 12546
f 12548 12543 12546
f 12548 12551 12543
f 12534 12549 12547
f 12549 12548 12547
f 12549 12550 12548
f 13034 12550 12549
f 12550 12551 12548
f 12550 12553 12551
f 13033 12553 12550
f 13033 13045 12553
f 12551 12544 12543
f 12551 12552 12544
f 12553 12552 12551
f 12554 12600 12552
f 13043 12602 12555
f 12553 12554 12552
f 13045 12554 12553
f 13045 12555 12554
f 12555 12601 12554
f 12523 12503 12556
f 12522 12505 12503
f 12535 12536 12517
f 12536 12539 12520
f 12709 13104 13097
f 12714 12557 13104
f 12715 12635 12557
f 12593 12560 12559
f 12592 12561 12560
f 12594 12562 12561
f 12594 12613 12562
f 12613 12587 12562
f 12613 12563 12587
f 12563 12589 12587
f 12563 12564 12589
f 12564 13535 12589
f 12564 13506 13535
f 12618 13506 12564
f 12513 12566 12565
f 12566 12567 12565
f 12566 12570 12567
f 12519 12574 12566
f 12574 12570 12566
f 12574 12571 12570
f 12570 12380 12567
f 12568 12381 12380
f 12570 12568 12380
f 12569 12390 12381
f 12568 12569 12381
f 12571 12568 12570
f 12572 12569 12568
f 12571 12572 12568
f 12573 12579 12569
f 12572 12573 12569
f 12521 12575 12574
f 12575 12571 12574
f 12575 12576 12571
f 12540 12558 12575
f 12558 12576 12575
f 12558 12559 12576
f 12576 12572 12571
f 12577 12573 12572
f 12576 12577 12572
f 12577 12578 12573
f 12578 12581 12573
f 12561 12585 12578
f 12559 12577 12576
f 12559 12560 12577
f 12560 12578 12577
f 12560 12561 12578
f 12569 12579 12390
f 12579 12391 12390
f 12579 12580 12391
f 12581 12580 12579
f 12573 12581 12579
f 12581 12582 12580
f 12585 12582 12581
f 12580 12583 12393
f 12582 12583 12580
f 12583 13523 13243
f 12584 13523 12583
f 12584 13526 13523
f 12582 12584 12583
f 12586 12584 12582
f 12586 12588 12584
f 12588 13526 12584
f 12588 13533 13526
f 12578 12585 12581
f 12585 12586 12582
f 12562 12586 12585
f 12562 12587 12586
f 12561 12562 12585
f 12587 12588 12586
f 12587 12589 12588
f 12589 13533 12588
f 12589 13535 13533
f 12541 12590 12558
f 12590 12559 12558
f 12590 12593 12559
f 12591 12593 12590
f 12544 12591 12590
f 12591 12595 12593
f 12600 12603 12595
f 12600 12595 12591
f 12593 12592 12560
f 12595 12592 12593
f 12596 12594 12592
f 12592 12594 12561
f 12596 12598 12594
f 12598 12613 12594
f 12595 12596 12592
f 12597 12598 12596
f 12603 12597 12596
f 12603 12596 12595
f 12599 12614 12598
f 12597 12599 12598
f 12606 12616 12599
f 12552 12600 12591
f 12554 12601 12600
f 12601 12603 12600
f 12601 12604 12603
f 13043 13118 12602
f 13118 12610 12602
f 13118 12607 12610
f 12555 12602 12601
f 12602 12604 12601
f 12602 12610 12604
f 12604 12597 12603
f 12604 12605 12597
f 12605 12599 12597
f 12610 12605 12604
f 12611 12606 12605
f 12605 12606 12599
f 12611 12612 12606
f 12612 12621 12606
f 12607 12608 12611
f 13125 12608 12607
f 13126 12609 12608
f 12608 12609 12612
f 13126 13131 12609
f 13131 12625 12609
f 12610 12611 12605
f 12607 12611 12610
f 12608 12612 12611
f 12609 12622 12612
f 12598 12614 12613
f 12614 12563 12613
f 12614 12615 12563
f 12599 12616 12614
f 12616 12617 12615
f 12616 12615 12614
f 12621 12617 12616
f 12621 12623 12617
f 12615 12564 12563
f 12615 12618 12564
f 12617 12618 12615
f 12618 13555 13506
f 12619 13557 13555
f 12619 13555 12618
f 12617 12619 12618
f 12623 12619 12617
f 12623 12620 12619
f 12620 13557 12619
f 12620 13561 13557
f 12631 13561 12620
f 12625 12627 12624
f 12606 12621 12616
f 12612 12622 12621
f 12622 12623 12621
f 12622 12624 12623
f 12625 12624 12622
f 12609 12625 12622
f 13131 12626 12625
f 12626 12627 12625
f 12626 12628 12627
f 13143 12628 12626
f 13143 12629 12628
f 12632 13569 12630
f 12632 13574 13569
f 12624 12620 12623
f 12624 12631 12620
f 12627 12631 12624
f 12627 12630 12631
f 12631 13573 13561
f 12630 13573 12631
f 12630 13569 13573
f 12628 12630 12627
f 12628 12632 12630
f 12629 12632 12628
f 13145 12633 12629
f 12629 12633 12632
f 13145 12634 12633
f 12633 13574 12632
f 12633 13577 13574
f 12634 13577 12633
f 12634 13578 13577
f 13152 13578 12634
f 13152 13582 13578
f 12557 12635 13175
f 12760 12640 12635
f 12760 12763 12640
f 12635 12636 13175
f 12635 12640 12636
f 12763 12764 12639
f 12764 12765 12641
f 12765 12646 12641
f 12637 13179 13178
f 12636 12637 13178
f 12638 12650 13179
f 12637 12638 13179
f 12640 12639 12637
f 12763 12639 12640
f 12764 12641 12639
f 12640 12637 12636
f 12639 12638 12637
f 12639 12641 12638
f 12641 12649 12638
f 12642 13642 13669
f 12650 12643 13187
f 12650 12652 12643
f 12644 13649 13651
f 12643 12645 12644
f 12652 12645 12643
f 12652 12655 12645
f 12655 13657 12645
f 12655 13671 13657
f 12645 13657 13649
f 12645 13649 12644
f 12765 12774 12646
f 12774 12647 12648
f 12646 12648 12651
f 12774 12648 12646
f 12638 12649 12650
f 12646 12651 12649
f 12649 12651 12652
f 12649 12652 12650
f 12641 12646 12649
f 12648 12653 12651
f 12653 13666 13671
f 12654 13666 12653
f 12647 12654 12648
f 12647 12642 12654
f 12648 12654 12653
f 12642 13669 12654
f 12654 13669 13666
f 12651 12655 12652
f 12651 12653 12655
f 12653 13671 12655
f 12670 12657 12656
f 12680 12681 12660
f 12679 12658 12657
f 12657 12658 12698
f 12680 12660 12658
f 12658 12660 12702
f 12681 12659 12661
f 12659 12720 12661
f 12681 12661 12660
f 12660 12661 12701
f 12661 12754 12701
f 12262 12423 12663
f 12423 12662 12663
f 12423 12424 12662
f 12263 12663 12667
f 12663 12666 12667
f 12663 12662 12666
f 12424 12426 12664
f 12424 12664 12662
f 12426 12671 12664
f 12662 12664 12665
f 12662 12665 12666
f 12664 12673 12665
f 12268 12667 12668
f 12667 12669 12668
f 12667 12666 12669
f 12269 12668 12716
f 12668 12682 12716
f 12668 12669 12682
f 12666 12665 12670
f 12666 12670 12669
f 12665 12679 12670
f 12669 12670 12656
f 12669 12656 12682
f 12437 12672 12671
f 12438 12675 12672
f 12672 12675 12677
f 12426 12437 12671
f 12664 12671 12673
f 12671 12672 12674
f 12671 12674 12673
f 12672 12677 12674
f 12674 12677 12681
f 12441 12676 12675
f 12675 12676 12678
f 12442 12742 12676
f 12675 12678 12677
f 12677 12678 12659
f 12676 12743 12678
f 12673 12674 12680
f 12673 12680 12679
f 12665 12673 12679
f 12674 12681 12680
f 12670 12679 12657
f 12679 12680 12658
f 12677 12659 12681
f 12678 12719 12659
f 12290 12716 12685
f 12716 12683 12685
f 12716 12682 12683
f 12277 12685 12693
f 12685 12684 12693
f 12685 12683 12684
f 12682 12656 12686
f 12682 12686 12683
f 12656 12697 12686
f 12683 12687 12684
f 12684 12687 12690
f 12686 12699 12687
f 12683 12686 12687
f 12694 12695 12689
f 12284 12694 12688
f 12694 12689 12688
f 12278 12688 13192
f 12688 12689 13193
f 12695 12690 12692
f 12690 12710 12692
f 12689 12691 13193
f 12692 12708 12691
f 12695 12692 12689
f 12689 12692 12691
f 12283 12693 12694
f 12693 12695 12694
f 12693 12684 12695
f 12684 12690 12695
f 12687 12706 12690
f 12703 12696 12711
f 12704 12749 12696
f 12686 12697 12699
f 12697 12698 12700
f 12698 12702 12703
f 12657 12698 12697
f 12656 12657 12697
f 12658 12702 12698
f 12697 12700 12699
f 12687 12699 12706
f 12699 12700 12705
f 12699 12705 12706
f 12698 12703 12700
f 12700 12711 12705
f 12700 12703 12711
f 12702 12704 12703
f 12702 12701 12704
f 12701 12755 12704
f 12660 12701 12702
f 12703 12704 12696
f 12706 12705 12707
f 12706 12707 12710
f 12690 12706 12710
f 12705 12711 12712
f 12705 12712 12707
f 12692 12710 12708
f 12710 12707 12709
f 12710 12709 12708
f 12691 12708 13096
f 12708 12709 13097
f 12707 12714 12709
f 12707 12712 12714
f 12709 12714 13104
f 12712 12713 12715
f 12713 12760 12715
f 12711 12713 12712
f 12711 12696 12713
f 12696 12759 12713
f 12714 12715 12557
f 12712 12715 12714
f 12743 12721 12719
f 12747 12748 12722
f 12747 12722 12721
f 12748 12718 12722
f 12748 12717 12718
f 12717 12731 12718
f 12659 12719 12720
f 12719 12721 12728
f 12719 12728 12720
f 12720 12725 12754
f 12661 12720 12754
f 12720 12728 12725
f 12721 12722 12723
f 12721 12723 12728
f 12722 12724 12723
f 12722 12718 12724
f 12718 12736 12724
f 12723 12727 12726
f 12728 12726 12725
f 12723 12724 12727
f 12724 12738 12727
f 12726 12727 12758
f 12728 12723 12726
f 12492 12493 12730
f 12492 12730 12729
f 12717 12729 12731
f 12729 12732 12731
f 12729 12730 12732
f 12731 12732 12737
f 12493 12733 12730
f 12493 12467 12733
f 12730 12733 12734
f 12467 13911 12733
f 12733 13911 13916
f 12730 12734 12732
f 12732 12734 12740
f 12733 13916 12734
f 12734 13916 13927
f 12739 12735 12767
f 12741 13922 12735
f 12724 12736 12738
f 12736 12737 12739
f 12718 12731 12736
f 12731 12737 12736
f 12727 12738 12766
f 12736 12739 12738
f 12738 12767 12766
f 12738 12739 12767
f 12737 12741 12739
f 12737 12740 12741
f 12734 13927 12740
f 12740 13929 12741
f 12740 13927 13929
f 12732 12740 12737
f 12739 12741 12735
f 12741 13929 13922
f 12676 12742 12743
f 12742 12747 12743
f 12742 12744 12747
f 12678 12743 12719
f 12743 12747 12721
f 12744 12745 12748
f 12744 12748 12747
f 12745 12717 12748
f 12745 12746 12717
f 12746 12729 12717
f 12746 12492 12729
f 12755 12756 12751
f 12696 12749 12759
f 12755 12751 12749
f 12749 12751 12761
f 12756 12757 12752
f 12757 12758 12753
f 12758 12771 12753
f 12753 12769 12750
f 12756 12752 12751
f 12757 12753 12752
f 12751 12752 12762
f 12751 12762 12761
f 12752 12750 12762
f 12752 12753 12750
f 12701 12754 12755
f 12754 12725 12756
f 12754 12756 12755
f 12704 12755 12749
f 12725 12726 12757
f 12725 12757 12756
f 12726 12758 12757
f 12727 12766 12758
f 12713 12759 12760
f 12759 12761 12763
f 12759 12763 12760
f 12749 12761 12759
f 12715 12760 12635
f 12762 12765 12764
f 12761 12762 12764
f 12761 12764 12763
f 12750 12774 12765
f 12762 12750 12765
f 12758 12766 12771
f 12766 12767 12768
f 12766 12768 12771
f 12750 12769 12774
f 12771 12770 12769
f 12769 12770 12647
f 12753 12771 12769
f 12771 12768 12770
f 12768 12772 12773
f 12772 13960 13962
f 12772 13962 12773
f 12767 12772 12768
f 12767 12735 12772
f 12735 13922 13960
f 12735 13960 12772
f 12768 12773 12770
f 12770 12642 12647
f 12770 12773 12642
f 12773 13962 13642
f 12773 13642 12642
f 12769 12647 12774
f 7215 12776 12775
f 12776 12155 12775
f 12776 12777 12155
f 7221 12782 12776
f 12782 12777 12776
f 12782 12779 12777
f 12777 12156 12155
f 12777 12778 12156
f 12779 12778 12777
f 12779 12780 12778
f 7223 12781 12782
f 12781 12779 12782
f 12781 12784 12779
f 7224 12783 12781
f 12783 12784 12781
f 12783 12786 12784
f 12812 12786 12783
f 12812 12816 12786
f 12786 12785 12784
f 12784 12785 12780
f 12784 12780 12779
f 12816 12787 12786
f 12786 12787 12785
f 12816 12788 12787
f 12778 12161 12156
f 12778 12789 12161
f 12780 12789 12778
f 12790 12791 12789
f 12780 12790 12789
f 12785 12790 12780
f 12797 12796 12790
f 12789 12791 12164
f 12790 12796 12791
f 12796 12793 12792
f 12796 12792 12791
f 12797 12794 12796
f 12794 12793 12796
f 12794 12795 12793
f 12785 12797 12790
f 12787 12797 12785
f 12787 12798 12797
f 12798 12794 12797
f 12788 12798 12787
f 12788 12799 12798
f 12818 12799 12788
f 12799 12800 12798
f 12829 12802 12799
f 12798 12800 12794
f 12800 12795 12794
f 12800 12801 12795
f 12802 12801 12800
f 12802 12804 12801
f 12799 12802 12800
f 12829 12803 12802
f 12803 12804 12802
f 12803 12805 12804
f 12806 12807 12880
f 12807 12810 12880
f 12810 12808 12882
f 12807 12809 12810
f 12809 12811 12808
f 12809 12808 12810
f 7265 12812 12783
f 7268 12813 12812
f 12813 12816 12812
f 12813 12817 12816
f 7269 12814 12813
f 7279 12815 12814
f 12814 12817 12813
f 12814 12820 12817
f 12815 12820 12814
f 12826 12821 12815
f 12815 12821 12820
f 12826 12822 12821
f 12817 12788 12816
f 12820 12818 12817
f 12817 12818 12788
f 12820 12819 12818
f 12821 12819 12820
f 12822 12823 12821
f 12821 12823 12819
f 12822 12824 12823
f 12828 12824 12822
f 12828 12825 12824
f 12861 12843 12825
f 7280 12826 12815
f 7282 12827 12826
f 7329 12857 12827
f 12827 12822 12826
f 12827 12828 12822
f 12857 12828 12827
f 12857 12861 12828
f 12861 12825 12828
f 12818 12829 12799
f 12819 12829 12818
f 12823 12830 12819
f 12819 12830 12829
f 12830 12803 12829
f 12831 12834 12830
f 12824 12831 12823
f 12823 12831 12830
f 12824 12832 12831
f 12832 12835 12831
f 12825 12832 12824
f 12825 12833 12832
f 12843 12833 12825
f 12843 12865 12833
f 12833 12840 12832
f 12865 12841 12833
f 12830 12834 12803
f 12831 12835 12834
f 12834 12805 12803
f 12834 12836 12805
f 12835 12836 12834
f 12835 12837 12836
f 12840 12837 12835
f 12840 12838 12837
f 12832 12840 12835
f 12833 12841 12840
f 12865 12874 12841
f 12841 12838 12840
f 12841 12839 12838
f 12874 12839 12841
f 12874 12876 12839
f 12842 12845 12859
f 12842 12846 12845
f 12845 12844 12862
f 12862 12844 12849
f 12863 12849 12843
f 12856 12847 12846
f 12846 12848 12845
f 12862 12849 12863
f 12846 12847 12848
f 12845 12848 12844
f 12850 12854 12856
f 7428 12992 12850
f 12992 12853 12854
f 12992 12854 12850
f 7314 12851 12842
f 12851 12856 12846
f 12850 12856 12851
f 12851 12846 12842
f 7316 12850 12851
f 12854 12852 12856
f 12854 12855 12852
f 12853 12855 12854
f 12853 12806 12855
f 12856 12852 12847
f 7336 12860 12857
f 12860 12861 12857
f 12859 12862 12858
f 12860 12863 12861
f 12858 12862 12863
f 7334 12859 12858
f 7330 12858 12860
f 7335 12842 12859
f 12858 12863 12860
f 12859 12845 12862
f 12863 12843 12861
f 12879 12870 12867
f 12849 12865 12843
f 12848 12864 12844
f 12849 12868 12865
f 12844 12864 12868
f 12868 12874 12865
f 12866 12875 12864
f 12864 12878 12868
f 12847 12866 12848
f 12847 12867 12866
f 12848 12866 12864
f 12852 12867 12847
f 12844 12868 12849
f 12867 12877 12866
f 12877 12872 12869
f 12867 12870 12877
f 12870 12871 12872
f 12870 12872 12877
f 12881 12871 12870
f 12866 12877 12875
f 12868 12878 12874
f 12864 12875 12878
f 12878 12876 12874
f 12878 12873 12876
f 12877 12869 12875
f 12875 12873 12878
f 12875 12869 12873
f 12855 12880 12879
f 12852 12879 12867
f 12855 12879 12852
f 12880 12881 12879
f 12806 12880 12855
f 12880 12810 12881
f 12879 12881 12870
f 12881 12882 12871
f 12810 12882 12881
f 12793 12192 12792
f 12793 12883 12192
f 12883 12194 12192
f 12884 12885 12883
f 12801 12884 12795
f 12888 12887 12884
f 12795 12883 12793
f 12795 12884 12883
f 12883 12885 12194
f 12885 12896 12200
f 12887 12896 12885
f 12887 12901 12896
f 12888 12886 12887
f 12886 12901 12887
f 12886 12899 12901
f 12884 12887 12885
f 12801 12888 12884
f 12804 12888 12801
f 12804 12889 12888
f 12889 12886 12888
f 12890 12892 12889
f 12805 12889 12804
f 12805 12890 12889
f 12836 12890 12805
f 12836 12891 12890
f 12891 12893 12890
f 12949 12894 12891
f 12889 12892 12886
f 12892 12899 12886
f 12892 12905 12899
f 12893 12905 12892
f 12893 12906 12905
f 12890 12893 12892
f 12891 12894 12893
f 12949 12895 12894
f 12894 12906 12893
f 12894 12909 12906
f 12895 12909 12894
f 12953 12910 12895
f 12895 12910 12909
f 12953 12911 12910
f 12901 12897 12896
f 12901 12898 12897
f 12899 12898 12901
f 12905 12900 12899
f 12899 12900 12898
f 12905 12907 12900
f 12898 12204 12897
f 12898 12902 12204
f 12900 12902 12898
f 12902 12530 12204
f 12903 13009 12902
f 12900 12903 12902
f 12907 12903 12900
f 12907 12904 12903
f 12904 13007 12903
f 12917 13011 12904
f 12906 12907 12905
f 12909 12908 12906
f 12906 12908 12907
f 12909 12912 12908
f 12910 12912 12909
f 12911 12913 12910
f 12910 12913 12912
f 12911 12914 12913
f 12956 12914 12911
f 12956 12915 12914
f 12957 12916 12915
f 12908 12904 12907
f 12908 12917 12904
f 12912 12917 12908
f 12912 12918 12917
f 12918 13018 12917
f 12919 13019 12918
f 12913 12918 12912
f 12914 12919 12913
f 12913 12919 12918
f 12914 12920 12919
f 12920 13020 12919
f 12915 12920 12914
f 12916 12921 12915
f 12915 12921 12920
f 12916 12922 12921
f 12921 13024 12920
f 12922 13025 12921
f 12926 12929 12923
f 12923 12935 12931
f 12929 12935 12923
f 12929 12945 12935
f 12990 12924 12811
f 12998 12927 12924
f 12808 12926 12882
f 12808 12925 12926
f 12925 12929 12926
f 12811 12925 12808
f 12811 12924 12925
f 12924 12928 12925
f 12924 12927 12928
f 12996 12943 12927
f 12927 12941 12928
f 12927 12943 12941
f 12925 12928 12929
f 12928 12945 12929
f 12928 12941 12945
f 13002 13003 12944
f 13003 12930 12944
f 13003 13006 12930
f 13006 13067 12930
f 12931 12933 12965
f 12966 12934 12916
f 12931 12932 12933
f 12965 12933 12934
f 12945 12936 12935
f 12935 12932 12931
f 12945 12946 12936
f 12935 12936 12932
f 12946 12948 12940
f 12948 13075 12940
f 12934 12922 12916
f 12932 12938 12933
f 12933 12939 12934
f 12934 12939 12922
f 12933 12938 12939
f 12932 12937 12938
f 12937 13080 12938
f 12938 13081 12939
f 12939 13026 12922
f 12936 12937 12932
f 12936 12940 12937
f 12946 12940 12936
f 12940 13079 12937
f 12941 12942 12946
f 13002 12944 12943
f 12943 12942 12941
f 12943 12944 12942
f 12941 12946 12945
f 12944 12947 12942
f 12942 12948 12946
f 12942 12947 12948
f 12930 13086 12947
f 12947 13076 12948
f 12944 12930 12947
f 12837 12891 12836
f 12837 12949 12891
f 12838 12949 12837
f 12838 12950 12949
f 12950 12895 12949
f 12839 12950 12838
f 12839 12951 12950
f 12876 12951 12839
f 12876 12952 12951
f 12951 12953 12950
f 12952 12954 12951
f 12950 12953 12895
f 12951 12954 12953
f 12952 12955 12954
f 12954 12911 12953
f 12955 12956 12954
f 12954 12956 12911
f 12955 12957 12956
f 12957 12915 12956
f 12873 12952 12876
f 12872 12959 12869
f 12869 12960 12873
f 12872 12958 12959
f 12873 12960 12952
f 12869 12959 12960
f 12960 12955 12952
f 12958 12963 12959
f 12959 12964 12960
f 12871 12961 12958
f 12882 12961 12871
f 12871 12958 12872
f 12961 12962 12958
f 12926 12923 12961
f 12958 12962 12963
f 12959 12963 12964
f 12960 12964 12955
f 12964 12957 12955
f 12962 12965 12963
f 12963 12966 12964
f 12964 12966 12957
f 12962 12931 12965
f 12963 12965 12966
f 12961 12923 12962
f 12923 12931 12962
f 12882 12926 12961
f 12966 12916 12957
f 12965 12934 12966
f 7411 12991 12967
f 12991 12227 12968
f 12991 12968 12967
f 12967 12970 12978
f 7393 12967 12978
f 12967 12968 12970
f 12227 12969 12968
f 12227 12228 12969
f 12968 12971 12970
f 12968 12969 12971
f 12970 12971 12975
f 12972 12974 12976
f 12978 12974 12972
f 7396 12973 12992
f 12973 12976 12853
f 7398 12972 12973
f 12972 12976 12973
f 12970 12975 12974
f 12974 12975 12977
f 12976 12806 12853
f 12976 12977 12806
f 12974 12977 12976
f 7402 12978 12972
f 12978 12970 12974
f 12982 12979 12988
f 12982 12986 12979
f 12986 12985 12980
f 12986 12980 12979
f 12969 12981 12982
f 12228 12981 12969
f 12229 12983 12981
f 12969 12982 12971
f 12971 12982 12988
f 12981 12986 12982
f 12981 12983 12986
f 12983 12984 12985
f 12983 12985 12986
f 12975 12987 12977
f 12988 12989 12987
f 12971 12988 12975
f 12975 12988 12987
f 12977 12987 12807
f 12977 12807 12806
f 12987 12809 12807
f 12979 12990 12989
f 12989 12990 12811
f 12988 12979 12989
f 12979 12980 12990
f 12987 12989 12809
f 12989 12811 12809
f 12973 12853 12992
f 12980 12994 12998
f 12994 12996 12998
f 12985 12994 12980
f 12985 12993 12994
f 12993 12997 12994
f 12993 12995 12997
f 12995 13004 12997
f 12995 13000 13004
f 12994 12997 12996
f 12997 13004 13002
f 12997 13002 12996
f 12984 12272 12993
f 12984 12993 12985
f 12272 12995 12993
f 12272 12274 12995
f 12274 13000 12995
f 12980 12998 12990
f 12990 12998 12924
f 12998 12996 12927
f 12996 13002 12943
f 13000 12999 13004
f 13000 13001 12999
f 13004 13003 13002
f 13004 12999 13003
f 12999 13005 13006
f 13005 13194 13006
f 13001 12278 13005
f 13001 13005 12999
f 12278 13192 13005
f 12999 13006 13003
f 12903 13007 13009
f 12902 13009 12530
f 13007 13010 13009
f 13007 13008 13010
f 12904 13011 13007
f 13011 13008 13007
f 13018 13012 13011
f 13011 13012 13008
f 13018 13013 13012
f 13012 13014 13008
f 13012 13015 13014
f 13015 13034 13014
f 13008 12534 13010
f 13008 13014 12534
f 13014 12549 12534
f 13013 13015 13012
f 13013 13016 13015
f 13021 13016 13013
f 13021 13017 13016
f 13016 13035 13015
f 13017 13037 13016
f 13029 13039 13017
f 12917 13018 13011
f 12918 13019 13018
f 13019 13013 13018
f 12919 13020 13019
f 13020 13021 13019
f 13024 13022 13020
f 13019 13021 13013
f 13020 13022 13021
f 13024 13023 13022
f 12920 13024 13020
f 12921 13025 13024
f 13025 13023 13024
f 13026 13027 13025
f 12922 13026 13025
f 13025 13027 13023
f 13026 13028 13027
f 13022 13017 13021
f 13022 13029 13017
f 13023 13029 13022
f 13023 13030 13029
f 13030 13054 13029
f 13027 13030 13023
f 13028 13031 13027
f 13027 13031 13030
f 13028 13032 13031
f 13031 13056 13030
f 13032 13057 13031
f 13035 13033 13034
f 13015 13035 13034
f 13035 13036 13033
f 13037 13036 13035
f 13036 13045 13033
f 13036 13042 13045
f 13038 13042 13036
f 13038 13046 13042
f 13014 13034 12549
f 13034 13033 12550
f 13016 13037 13035
f 13037 13038 13036
f 13039 13038 13037
f 13017 13039 13037
f 13039 13040 13038
f 13054 13040 13039
f 13054 13041 13040
f 13040 13046 13038
f 13040 13047 13046
f 13041 13047 13040
f 13055 13048 13041
f 13041 13048 13047
f 13042 12555 13045
f 13042 13043 12555
f 13046 13043 13042
f 13046 13044 13043
f 13044 13118 13043
f 13049 13119 13044
f 13047 13044 13046
f 13048 13049 13047
f 13047 13049 13044
f 13048 13050 13049
f 13061 13050 13048
f 13061 13051 13050
f 13050 13120 13049
f 13051 13121 13050
f 13062 13051 13061
f 13062 13052 13051
f 13052 13122 13051
f 13053 13123 13052
f 13029 13054 13039
f 13030 13056 13054
f 13056 13041 13054
f 13056 13055 13041
f 13055 13061 13048
f 13031 13057 13056
f 13057 13055 13056
f 13057 13058 13055
f 13059 13058 13057
f 13059 13060 13058
f 13032 13059 13057
f 13058 13061 13055
f 13060 13062 13058
f 13058 13062 13061
f 13060 13063 13062
f 13063 13052 13062
f 13063 13053 13052
f 13067 13066 13086
f 13006 13194 13067
f 13194 13068 13067
f 12930 13067 13086
f 13194 13065 13068
f 13067 13068 13066
f 13065 13069 13071
f 13069 13098 13071
f 13068 13071 13070
f 13066 13070 13064
f 13068 13070 13066
f 13071 13100 13070
f 13070 13087 13064
f 13065 13071 13068
f 13079 13073 13072
f 13075 13073 13079
f 12948 13076 13075
f 13076 13078 13075
f 13076 13077 13078
f 13075 13078 13073
f 13081 13028 13026
f 12938 13080 13081
f 12939 13081 13026
f 12937 13079 13080
f 13079 13072 13080
f 13080 13074 13081
f 13081 13074 13028
f 13080 13072 13074
f 12940 13075 13079
f 13074 13032 13028
f 13078 13083 13073
f 13073 13082 13072
f 13072 13084 13074
f 13073 13083 13082
f 13074 13084 13032
f 13072 13082 13084
f 13085 13108 13083
f 13084 13059 13032
f 13083 13109 13082
f 13082 13111 13084
f 13078 13085 13083
f 13077 13085 13078
f 13077 13064 13085
f 13064 13113 13085
f 12947 13086 13076
f 13086 13077 13076
f 13086 13066 13077
f 13066 13064 13077
f 13087 13114 13113
f 13064 13087 13113
f 13087 13088 13114
f 13088 13093 13114
f 13114 13093 13115
f 13088 13092 13093
f 13103 13155 13094
f 13117 13091 13053
f 13093 13089 13115
f 13116 13090 13091
f 13115 13089 13090
f 13091 13124 13053
f 13089 13157 13090
f 13095 13156 13089
f 13090 13158 13091
f 13106 13094 13092
f 13092 13094 13095
f 13092 13095 13093
f 13093 13095 13089
f 13094 13159 13095
f 13098 13099 13101
f 13099 13105 13106
f 13096 13097 13099
f 13096 13099 13098
f 13069 13096 13098
f 13097 13104 13105
f 13097 13105 13099
f 13100 13101 13088
f 13071 13098 13100
f 13098 13101 13100
f 13070 13100 13087
f 13100 13088 13087
f 13101 13092 13088
f 13101 13106 13092
f 13099 13106 13101
f 13105 13103 13106
f 13105 13102 13103
f 13102 13176 13103
f 13104 13102 13105
f 13104 12557 13102
f 12557 13175 13102
f 13106 13103 13094
f 13111 13060 13059
f 13111 13112 13060
f 13083 13108 13109
f 13113 13107 13108
f 13108 13110 13109
f 13109 13112 13111
f 13108 13107 13110
f 13109 13110 13112
f 13084 13111 13059
f 13082 13109 13111
f 13112 13063 13060
f 13112 13117 13063
f 13114 13115 13107
f 13107 13116 13110
f 13110 13117 13112
f 13110 13116 13117
f 13107 13115 13116
f 13085 13113 13108
f 13113 13114 13107
f 13117 13053 13063
f 13115 13090 13116
f 13116 13091 13117
f 13044 13119 13118
f 13049 13120 13119
f 13119 12607 13118
f 13119 13125 12607
f 13120 13125 13119
f 13121 13127 13120
f 13120 13127 13125
f 13121 13128 13127
f 13050 13121 13120
f 13051 13122 13121
f 13122 13128 13121
f 13122 13135 13128
f 13052 13123 13122
f 13053 13124 13123
f 13123 13135 13122
f 13123 13136 13135
f 13124 13139 13136
f 13124 13136 13123
f 13125 13126 12608
f 13127 13126 13125
f 13127 13129 13126
f 13129 13131 13126
f 13128 13129 13127
f 13135 13130 13128
f 13128 13130 13129
f 13130 13132 13129
f 13137 13133 13130
f 13129 13132 13131
f 13132 12626 13131
f 13133 13143 13132
f 13130 13133 13132
f 13137 13134 13133
f 13134 13144 13133
f 13141 13146 13134
f 13135 13137 13130
f 13136 13137 13135
f 13136 13138 13137
f 13139 13138 13136
f 13138 13134 13137
f 13140 13141 13138
f 13139 13140 13138
f 13138 13141 13134
f 13142 13147 13141
f 13140 13142 13141
f 13132 13143 12626
f 13133 13144 13143
f 13134 13146 13144
f 13144 12629 13143
f 13146 13145 13144
f 13144 13145 12629
f 13141 13147 13146
f 13142 13148 13147
f 13146 13149 13145
f 13147 13149 13146
f 13148 13150 13147
f 13147 13150 13149
f 13148 13151 13150
f 13149 12634 13145
f 13150 13152 13149
f 13151 13153 13150
f 13149 13152 12634
f 13150 13153 13152
f 13151 13154 13153
f 13153 13582 13152
f 13153 14921 13582
f 13154 14921 13153
f 13154 14923 14921
f 13176 13163 13155
f 13155 13163 13161
f 13091 13158 13124
f 13089 13156 13157
f 13090 13157 13158
f 13158 13170 13139
f 13156 13167 13157
f 13159 13169 13156
f 13159 13161 13169
f 13156 13169 13167
f 13157 13167 13170
f 13158 13139 13124
f 13157 13170 13158
f 13095 13159 13156
f 13094 13155 13159
f 13155 13161 13159
f 13161 13162 13171
f 13162 13160 13171
f 13160 13180 13173
f 13162 13166 13160
f 13173 13182 13174
f 13166 13181 13160
f 13178 13165 13164
f 13163 13164 13162
f 13163 13162 13161
f 13164 13166 13162
f 13177 13164 13163
f 13179 13187 13165
f 13164 13165 13166
f 13165 13186 13166
f 13170 13140 13139
f 13170 13172 13140
f 13172 13142 13140
f 13169 13168 13167
f 13169 13171 13168
f 13161 13171 13169
f 13167 13172 13170
f 13167 13168 13172
f 13171 13173 13168
f 13168 13174 13172
f 13172 13174 13142
f 13174 13148 13142
f 13171 13160 13173
f 13168 13173 13174
f 13102 13175 13176
f 13103 13176 13155
f 13175 13177 13176
f 13175 12636 13177
f 13176 13177 13163
f 12636 13178 13177
f 13177 13178 13164
f 13178 13179 13165
f 13174 13182 13148
f 13173 13180 13182
f 13166 13186 13181
f 13160 13181 13180
f 13186 13188 13183
f 13182 13151 13148
f 13181 13184 13180
f 13180 13184 13185
f 13182 13185 13151
f 13186 13183 13181
f 13180 13185 13182
f 13181 13183 13184
f 13165 13187 13186
f 13179 12650 13187
f 13187 13188 13186
f 13187 12643 13188
f 13185 13154 13151
f 13183 13189 13184
f 13183 13190 13189
f 13184 13189 13191
f 13185 13191 13154
f 13188 13190 13183
f 13184 13191 13185
f 13188 12644 13190
f 13191 14923 13154
f 13190 14925 13189
f 13189 14927 13191
f 13190 13651 14925
f 13191 14927 14923
f 13189 14925 14927
f 12644 13651 13190
f 12643 12644 13188
f 12688 13193 13192
f 13192 13065 13194
f 13005 13192 13194
f 13192 13193 13065
f 13193 13069 13065
f 13193 12691 13069
f 12691 13096 13069
f 12708 13097 13096
f 13195 13196 10283
f 13198 13196 13195
f 13199 13197 13196
f 13196 13197 10284
f 13198 13199 13196
f 13203 13199 13198
f 13204 13200 13199
f 13199 13200 13197
f 13197 13201 10285
f 13201 13207 10299
f 13200 13201 13197
f 13202 13207 13201
f 13200 13202 13201
f 13205 13202 13200
f 13202 13210 13207
f 13206 13210 13202
f 13203 13204 13199
f 13222 13204 13203
f 13223 13205 13204
f 13204 13205 13200
f 13222 13223 13204
f 13223 13224 13205
f 13205 13206 13202
f 13224 13206 13205
f 13206 13217 13210
f 13225 13217 13206
f 13224 13225 13206
f 13225 13226 13217
f 13207 13208 10301
f 13208 13209 10300
f 13210 13208 13207
f 13211 13209 13208
f 13210 13211 13208
f 13217 13211 13210
f 13211 13212 13209
f 13218 13212 13211
f 13218 13219 13212
f 13209 13213 10304
f 13213 13214 10305
f 13212 13213 13209
f 13215 13214 13213
f 13215 13216 13214
f 13212 13215 13213
f 13219 13215 13212
f 13219 13220 13215
f 13220 13216 13215
f 13220 13221 13216
f 13217 13218 13211
f 13226 13218 13217
f 13226 13227 13218
f 13227 13219 13218
f 13227 13228 13219
f 13228 13220 13219
f 13228 13229 13220
f 13229 13221 13220
f 13232 13223 13222
f 13233 13224 13223
f 13234 13225 13224
f 13238 13226 13225
f 13238 13248 13226
f 13248 13227 13226
f 13248 13249 13227
f 13249 13228 13227
f 13249 13250 13228
f 13229 13230 13221
f 13256 13230 13229
f 13250 13229 13228
f 13250 13256 13229
f 13256 13231 13230
f 13232 13233 13223
f 13235 13233 13232
f 13236 13234 13233
f 13233 13234 13224
f 13235 13236 13233
f 13240 13236 13235
f 13241 13237 13236
f 13236 13237 13234
f 13234 13238 13225
f 13237 13238 13234
f 13239 13248 13238
f 13239 13251 13248
f 13237 13239 13238
f 13242 13239 13237
f 13242 13246 13239
f 13246 13251 13239
f 13246 13261 13251
f 13240 13241 13236
f 13243 13241 13240
f 13244 13242 13241
f 13241 13242 13237
f 13244 13245 13242
f 13243 13244 13241
f 13523 13244 13243
f 13524 13245 13244
f 13524 13525 13245
f 13245 13246 13242
f 13245 13247 13246
f 13247 13261 13246
f 13247 13264 13261
f 13525 13530 13247
f 13525 13247 13245
f 13530 13264 13247
f 13530 13265 13264
f 13251 13249 13248
f 13251 13252 13249
f 13252 13250 13249
f 13252 13253 13250
f 13261 13252 13251
f 13261 13254 13252
f 13254 13253 13252
f 13254 13255 13253
f 13253 13256 13250
f 13257 13231 13256
f 13253 13257 13256
f 13257 13258 13231
f 13255 13257 13253
f 13259 13258 13257
f 13255 13259 13257
f 13259 13260 13258
f 13264 13254 13261
f 13264 13262 13254
f 13262 13255 13254
f 13262 13263 13255
f 13265 13266 13262
f 13265 13262 13264
f 13266 13267 13263
f 13266 13263 13262
f 13541 13267 13266
f 13263 13259 13255
f 13263 13268 13259
f 13268 13260 13259
f 13270 13269 13268
f 13268 13269 13260
f 13267 13270 13268
f 13267 13268 13263
f 13540 13270 13267
f 13545 13271 13270
f 13270 13271 13269
f 13214 13272 10388
f 13216 13272 13214
f 13216 13274 13272
f 13274 13273 13272
f 13274 13275 13273
f 13221 13274 13216
f 13221 13282 13274
f 13282 13275 13274
f 13282 13283 13275
f 13275 13276 13273
f 13275 13278 13276
f 13280 13284 13277
f 13278 13277 13276
f 13278 13280 13277
f 13280 13286 13284
f 13283 13278 13275
f 13283 13279 13278
f 13279 13280 13278
f 13281 13286 13280
f 13279 13281 13280
f 13281 13287 13286
f 13230 13282 13221
f 13297 13283 13282
f 13296 13279 13283
f 13300 13281 13279
f 13301 13287 13281
f 13286 13285 13284
f 13286 13288 13285
f 13288 13290 13285
f 13288 13291 13290
f 13287 13288 13286
f 13287 13289 13288
f 13289 13291 13288
f 13289 13294 13291
f 13291 13292 13290
f 13291 13293 13292
f 13293 11260 13292
f 13293 14003 11260
f 13294 13293 13291
f 13294 13295 13293
f 13295 14003 13293
f 13295 14007 14003
f 13304 13289 13287
f 13305 13294 13289
f 13308 13295 13294
f 13230 13297 13282
f 13297 13296 13283
f 13231 13297 13230
f 13231 13298 13297
f 13298 13296 13297
f 13298 13299 13296
f 13296 13300 13279
f 13300 13301 13281
f 13301 13304 13287
f 13299 13300 13296
f 13299 13302 13300
f 13302 13301 13300
f 13302 13303 13301
f 13303 13304 13301
f 13303 13306 13304
f 13316 13303 13302
f 13317 13306 13303
f 13309 14007 13295
f 13304 13305 13289
f 13305 13308 13294
f 13307 13308 13305
f 13306 13305 13304
f 13306 13307 13305
f 13331 13307 13306
f 13307 13310 13308
f 13332 13310 13307
f 13308 13309 13295
f 13310 13309 13308
f 13309 14026 14007
f 13311 14026 13309
f 13310 13311 13309
f 13336 13311 13310
f 13336 13337 13311
f 13311 14030 14026
f 13337 14030 13311
f 13337 14080 14030
f 13258 13298 13231
f 13258 13312 13298
f 13312 13299 13298
f 13312 13313 13299
f 13260 13312 13258
f 13260 13314 13312
f 13314 13313 13312
f 13314 13315 13313
f 13320 13315 13314
f 13313 13302 13299
f 13313 13316 13302
f 13315 13316 13313
f 13316 13317 13303
f 13317 13331 13306
f 13318 13317 13316
f 13319 13331 13317
f 13315 13318 13316
f 13321 13318 13315
f 13318 13319 13317
f 13319 13333 13331
f 13325 13319 13318
f 13325 13326 13319
f 13326 13333 13319
f 13326 13342 13333
f 13269 13314 13260
f 13269 13320 13314
f 13271 13320 13269
f 13320 13321 13315
f 13322 13321 13320
f 13322 13323 13321
f 13271 13322 13320
f 13546 13322 13271
f 13546 13756 13322
f 13756 13323 13322
f 13756 13324 13323
f 13321 13325 13318
f 13323 13325 13321
f 13323 13328 13325
f 13328 13326 13325
f 13327 13342 13326
f 13328 13327 13326
f 13327 13343 13342
f 13324 13328 13323
f 13324 13329 13328
f 13329 13327 13328
f 13329 13330 13327
f 13330 13343 13327
f 13330 13345 13343
f 13762 13345 13330
f 13331 13332 13307
f 13333 13332 13331
f 13333 13334 13332
f 13332 13336 13310
f 13334 13336 13332
f 13334 13339 13336
f 13342 13334 13333
f 13342 13335 13334
f 13335 13339 13334
f 13335 13340 13339
f 13339 13337 13336
f 13339 13338 13337
f 13338 14080 13337
f 13338 14081 14080
f 13340 13338 13339
f 13340 13341 13338
f 13341 14081 13338
f 13341 14085 14081
f 13348 14085 13341
f 13343 13335 13342
f 13343 13344 13335
f 13344 13340 13335
f 13344 13347 13340
f 13346 13347 13344
f 13345 13344 13343
f 13345 13346 13344
f 13772 13346 13345
f 13346 13349 13347
f 13773 13349 13346
f 13773 13776 13349
f 13347 13341 13340
f 13347 13348 13341
f 13349 13348 13347
f 13348 14095 14085
f 13350 14095 13348
f 13350 14102 14095
f 13349 13350 13348
f 13776 13350 13349
f 13776 13351 13350
f 13351 14102 13350
f 13351 14103 14102
f 10436 10437 13352
f 10436 13352 13353
f 10437 13354 13352
f 10437 10433 13354
f 13353 13352 13356
f 13352 13357 13356
f 13353 13356 13355
f 13352 13354 13357
f 10433 13358 13354
f 10433 10435 13358
f 10435 13368 13358
f 10435 10446 13368
f 13354 13359 13357
f 13354 13358 13359
f 13358 13371 13359
f 13358 13368 13371
f 13355 13356 13361
f 13355 13361 13360
f 13356 13362 13361
f 13356 13357 13362
f 13360 13361 13363
f 13360 13363 13364
f 13361 13365 13363
f 13361 13362 13365
f 13357 13366 13362
f 13357 13359 13366
f 13359 13378 13366
f 13359 13371 13378
f 13366 13378 13381
f 13362 13366 13367
f 13362 13367 13365
f 13365 13367 13390
f 13366 13381 13367
f 13367 13381 13400
f 10446 10447 13369
f 10447 10448 13370
f 10448 10451 13374
f 10451 10452 13375
f 10446 13369 13368
f 10447 13370 13369
f 13368 13369 13372
f 13368 13372 13371
f 13371 13372 13379
f 13369 13370 13373
f 13369 13373 13372
f 13372 13373 13380
f 10448 13374 13370
f 10451 13375 13374
f 13370 13374 13376
f 13374 13375 13377
f 13370 13376 13373
f 13374 13377 13376
f 13373 13376 13385
f 13376 13377 13384
f 13371 13379 13378
f 13378 13379 13382
f 13372 13380 13379
f 13379 13380 13383
f 13378 13382 13381
f 13381 13382 13401
f 13379 13383 13382
f 13382 13383 13402
f 13373 13385 13380
f 13376 13384 13385
f 13380 13385 13386
f 13385 13384 13387
f 13380 13386 13383
f 13385 13387 13386
f 13383 13386 13406
f 13386 13407 13406
f 13386 13387 13407
f 13364 13363 13425
f 13364 13425 13424
f 13363 13388 13425
f 13363 13365 13388
f 13425 13389 13427
f 13425 13388 13389
f 13427 13389 13394
f 13365 13390 13388
f 13388 13390 13391
f 13367 13400 13390
f 13390 13400 13403
f 13388 13391 13389
f 13389 13391 13398
f 13390 13403 13391
f 13391 13403 13411
f 13426 13393 13392
f 13427 13394 13393
f 13392 13393 13396
f 13393 13394 13397
f 13392 13396 13395
f 13393 13397 13396
f 13395 13396 13912
f 13396 13397 13913
f 13389 13398 13394
f 13394 13398 13399
f 13391 13411 13398
f 13398 13414 13399
f 13398 13411 13414
f 13394 13399 13397
f 13397 13918 13913
f 13397 13399 13918
f 13399 13936 13918
f 13399 13414 13936
f 13381 13401 13400
f 13400 13401 13404
f 13382 13402 13401
f 13401 13402 13405
f 13401 13405 13404
f 13400 13404 13403
f 13403 13404 13413
f 13403 13413 13411
f 13404 13405 13412
f 13404 13412 13413
f 13383 13406 13402
f 13406 13409 13408
f 13402 13406 13408
f 13402 13408 13405
f 13406 13407 13409
f 13405 13408 13419
f 13405 13419 13412
f 13408 13410 13419
f 13408 13409 13410
f 13411 13413 13415
f 13411 13415 13414
f 13413 13412 13416
f 13413 13416 13415
f 13414 13415 13417
f 13414 13417 13936
f 13415 13416 13418
f 13415 13418 13417
f 13412 13419 13420
f 13412 13420 13416
f 13419 13421 13420
f 13419 13410 13421
f 13422 13423 13941
f 13416 13420 13422
f 13420 13423 13422
f 13416 13422 13418
f 13420 13421 13423
f 13424 13425 13427
f 13424 13427 13426
f 13426 13427 13393
f 10452 10459 13430
f 10452 13430 13375
f 10459 13431 13430
f 10460 13428 13431
f 10463 13429 13428
f 10464 13446 13429
f 13375 13430 13432
f 13430 13431 13433
f 13375 13432 13377
f 13377 13432 13436
f 13430 13433 13432
f 13432 13433 13437
f 13431 13428 13434
f 13428 13429 13435
f 13429 13446 13450
f 13431 13434 13433
f 13433 13440 13437
f 13433 13434 13440
f 13428 13435 13434
f 13429 13450 13435
f 13434 13435 13441
f 13435 13450 13455
f 13434 13441 13440
f 13435 13455 13441
f 13377 13436 13384
f 13432 13437 13436
f 13436 13437 13439
f 13384 13436 13438
f 13436 13439 13438
f 13384 13438 13387
f 13387 13438 13466
f 13387 13466 13407
f 13438 13439 13467
f 13438 13467 13466
f 13437 13442 13439
f 13437 13440 13442
f 13440 13441 13443
f 13441 13455 13458
f 13440 13443 13442
f 13441 13458 13443
f 13442 13443 13445
f 13443 13458 13460
f 13439 13442 13444
f 13439 13444 13467
f 13442 13445 13444
f 13443 13460 13445
f 10471 13447 13446
f 13446 13447 13451
f 10472 13448 13447
f 13447 13448 13452
f 10475 13449 13448
f 13448 13449 13453
f 10476 14423 13449
f 13449 14433 13453
f 13449 14423 14433
f 13447 13452 13451
f 13446 13451 13450
f 13450 13451 13456
f 13450 13456 13455
f 13451 13452 13461
f 13451 13461 13456
f 13448 13453 13452
f 13452 13453 13454
f 13452 13454 13461
f 13453 14433 14434
f 13453 14434 13454
f 13455 13456 13457
f 13455 13457 13458
f 13456 13461 13462
f 13456 13462 13457
f 13458 13457 13459
f 13458 13459 13460
f 13457 13464 13459
f 13457 13462 13464
f 13459 13464 13490
f 13461 13454 13463
f 13461 13463 13462
f 13454 14434 14440
f 13454 14440 13463
f 13462 13465 13464
f 13462 13463 13465
f 13464 13465 13491
f 13463 14445 13465
f 13463 14440 14445
f 13465 14445 14488
f 13407 13466 13469
f 13407 13469 13409
f 13466 13467 13468
f 13466 13468 13469
f 13409 13469 13470
f 13409 13470 13410
f 13469 13468 13471
f 13469 13471 13470
f 13467 13444 13472
f 13467 13472 13468
f 13444 13445 13473
f 13444 13473 13472
f 13445 13460 13487
f 13445 13487 13473
f 13473 13487 13488
f 13473 13488 13474
f 13475 13474 13481
f 13474 13488 13497
f 13468 13475 13471
f 13468 13472 13475
f 13471 13475 13480
f 13472 13473 13474
f 13472 13474 13475
f 13421 13477 13478
f 13477 13476 13479
f 13410 13470 13477
f 13410 13477 13421
f 13470 13471 13476
f 13470 13476 13477
f 13421 13478 13423
f 13423 13478 13977
f 13477 13479 13478
f 13478 13479 13978
f 13478 13978 13977
f 13471 13480 13476
f 13476 13480 13482
f 13475 13481 13480
f 13474 13497 13481
f 13480 13481 13484
f 13480 13484 13482
f 13481 13497 13500
f 13481 13500 13484
f 13476 13482 13479
f 13479 13483 13978
f 13479 13482 13483
f 13482 13484 13485
f 13484 13500 13501
f 13482 13485 13483
f 13484 13501 13485
f 13460 13486 13487
f 13460 13459 13486
f 13487 13486 13489
f 13459 13490 13486
f 13486 13490 13492
f 13487 13489 13488
f 13488 13489 13498
f 13486 13492 13489
f 13489 13503 13498
f 13489 13492 13503
f 13464 13491 13490
f 13490 13493 13492
f 13490 13491 13493
f 13465 14488 13491
f 13491 14495 13493
f 13491 14488 14495
f 13492 13493 13494
f 13492 13494 13503
f 13493 14495 14496
f 13493 14496 13494
f 13501 13502 13988
f 13502 13495 13993
f 13495 13995 13993
f 13495 13496 13995
f 13496 14507 13995
f 13496 14505 14507
f 13488 13498 13497
f 13497 13498 13499
f 13497 13499 13500
f 13498 13503 13504
f 13498 13504 13499
f 13500 13499 13502
f 13500 13502 13501
f 13499 13495 13502
f 13499 13504 13495
f 13503 13494 13505
f 13503 13505 13504
f 13504 13505 13496
f 13494 14519 13505
f 13494 14496 14519
f 13505 14519 14505
f 13504 13496 13495
f 13505 14505 13496
f 13506 13536 13535
f 13506 13507 13536
f 13507 13537 13536
f 13555 13507 13506
f 13556 13508 13507
f 13507 13508 13537
f 13556 13559 13508
f 13508 13538 13537
f 13509 13551 13538
f 13509 13513 13551
f 13508 13509 13538
f 13559 13509 13508
f 13559 13510 13509
f 13510 13513 13509
f 13510 13514 13513
f 13513 13552 13551
f 13513 13511 13552
f 13511 13553 13552
f 13511 13512 13553
f 13514 13511 13513
f 13514 13515 13511
f 13594 13596 13515
f 13594 13515 13514
f 13515 13516 13512
f 13515 13512 13511
f 13596 13516 13515
f 13596 13597 13516
f 13512 13548 13553
f 13512 13517 13548
f 13517 13550 13548
f 13516 13517 13512
f 13519 13518 13517
f 13517 13518 13550
f 13519 13521 13518
f 13516 13519 13517
f 13520 13521 13519
f 13597 13519 13516
f 13597 13520 13519
f 13520 13522 13521
f 13523 13524 13244
f 13526 13524 13523
f 13526 13527 13524
f 13527 13525 13524
f 13527 13528 13525
f 13533 13527 13526
f 13534 13528 13527
f 13533 13534 13527
f 13534 13529 13528
f 13528 13530 13525
f 13528 13531 13530
f 13531 13265 13530
f 13531 13539 13265
f 13529 13531 13528
f 13529 13532 13531
f 13532 13539 13531
f 13532 13542 13539
f 13538 13542 13532
f 13535 13534 13533
f 13536 13529 13534
f 13535 13536 13534
f 13536 13537 13529
f 13537 13532 13529
f 13537 13538 13532
f 13538 13551 13542
f 13539 13266 13265
f 13539 13541 13266
f 13542 13541 13539
f 13541 13540 13267
f 13543 13540 13541
f 13542 13543 13541
f 13551 13543 13542
f 13551 13552 13543
f 13543 13544 13540
f 13552 13544 13543
f 13552 13553 13544
f 13540 13545 13270
f 13544 13545 13540
f 13544 13547 13545
f 13547 13546 13545
f 13545 13546 13271
f 13547 13549 13546
f 13553 13547 13544
f 13548 13549 13547
f 13553 13548 13547
f 13548 13550 13549
f 13555 13556 13507
f 13558 13559 13556
f 13557 13558 13556
f 13557 13556 13555
f 13558 13560 13559
f 13561 13558 13557
f 13561 13562 13558
f 13562 13560 13558
f 13573 13562 13561
f 13573 13572 13562
f 13572 13563 13562
f 13562 13563 13560
f 13572 13564 13563
f 13560 13565 13510
f 13560 13510 13559
f 13563 13565 13560
f 13563 13566 13565
f 13565 13594 13514
f 13565 13514 13510
f 13566 13594 13565
f 13566 13595 13594
f 13564 13566 13563
f 13570 13567 13564
f 13564 13567 13566
f 13567 13595 13566
f 13567 13602 13595
f 13587 13602 13567
f 13587 13600 13602
f 13574 13568 13569
f 13574 13575 13568
f 13575 13570 13568
f 13575 13571 13570
f 13569 13572 13573
f 13569 13568 13572
f 13568 13564 13572
f 13568 13570 13564
f 13577 13575 13574
f 13577 13576 13575
f 13578 13576 13577
f 13576 13571 13575
f 13579 13580 13576
f 13578 13579 13576
f 13582 13579 13578
f 13583 13581 13579
f 13576 13580 13571
f 13579 13581 13580
f 13582 13583 13579
f 14921 13583 13582
f 14921 14922 13583
f 14922 13584 13583
f 14924 13585 14922
f 13583 13584 13581
f 14922 13585 13584
f 14924 13586 13585
f 13571 13587 13570
f 13571 13588 13587
f 13580 13588 13571
f 13580 13589 13588
f 13588 13600 13587
f 13588 13616 13600
f 13589 13616 13588
f 13590 13617 13589
f 13589 13617 13616
f 13590 13618 13617
f 13570 13587 13567
f 13581 13589 13580
f 13584 13590 13581
f 13581 13590 13589
f 13591 13618 13590
f 13584 13591 13590
f 13585 13591 13584
f 13586 13592 13585
f 13585 13592 13591
f 13586 13593 13592
f 13592 13628 13591
f 13593 13629 13592
f 13591 13628 13618
f 13592 13629 13628
f 13593 13630 13629
f 13595 13596 13594
f 13595 13598 13596
f 13598 13597 13596
f 13598 13599 13597
f 13603 13599 13598
f 13603 13604 13599
f 13616 13605 13600
f 13619 13606 13605
f 13619 13601 13606
f 13602 13598 13595
f 13602 13603 13598
f 13600 13603 13602
f 13600 13605 13603
f 13605 13604 13603
f 13605 13606 13604
f 13599 13520 13597
f 13599 13607 13520
f 13607 13522 13520
f 13604 13607 13599
f 13604 13608 13607
f 13608 13609 13607
f 13607 13609 13522
f 13608 13610 13609
f 13601 13614 13606
f 13601 13611 13614
f 13611 13615 13614
f 13633 13612 13611
f 13611 13612 13615
f 13633 13613 13612
f 13606 13608 13604
f 13606 13614 13608
f 13614 13610 13608
f 13614 13615 13610
f 13616 13619 13605
f 13617 13619 13616
f 13617 13620 13619
f 13618 13620 13617
f 13618 13622 13620
f 13628 13622 13618
f 13620 13601 13619
f 13620 13621 13601
f 13622 13621 13620
f 13622 13623 13621
f 13624 13623 13622
f 13628 13624 13622
f 13624 13625 13623
f 13631 13625 13624
f 13631 13626 13625
f 13632 13626 13631
f 13632 13627 13626
f 13629 13624 13628
f 13629 13631 13624
f 13630 13631 13629
f 13630 13632 13631
f 13707 13632 13630
f 13709 13627 13632
f 13621 13611 13601
f 13621 13633 13611
f 13623 13633 13621
f 13623 13634 13633
f 13634 13613 13633
f 13636 13635 13634
f 13625 13634 13623
f 13634 13635 13613
f 13625 13636 13634
f 13626 13636 13625
f 13626 13637 13636
f 13627 13637 13626
f 13637 13639 13636
f 13638 13640 13637
f 13627 13638 13637
f 13697 13638 13627
f 13713 13641 13638
f 13636 13639 13635
f 13637 13640 13639
f 13638 13641 13640
f 13963 13644 13643
f 13643 13645 13670
f 13642 13643 13670
f 13643 13644 13645
f 13964 13678 13646
f 13645 13647 13673
f 13647 13681 13673
f 13647 13686 13681
f 13644 13646 13647
f 13959 13646 13644
f 13644 13647 13645
f 13646 13686 13647
f 13646 13678 13686
f 13651 14926 14925
f 13651 13652 14926
f 14928 13586 14924
f 13652 13655 14926
f 14926 13656 14928
f 13649 13652 13651
f 13649 13650 13652
f 13650 13654 13652
f 14928 13656 13586
f 13652 13654 13655
f 14926 13655 13656
f 13650 13653 13654
f 13671 13672 13658
f 13671 13658 13657
f 13672 13659 13658
f 13657 13650 13649
f 13657 13658 13650
f 13658 13653 13650
f 13658 13659 13653
f 13672 13648 13659
f 13648 13660 13659
f 13648 13661 13660
f 13660 13701 13693
f 13661 13701 13660
f 13661 13700 13701
f 13653 13662 13654
f 13653 13663 13662
f 13656 13593 13586
f 13654 13664 13655
f 13655 13665 13656
f 13656 13665 13593
f 13654 13662 13664
f 13655 13664 13665
f 13665 13630 13593
f 13662 13706 13664
f 13664 13707 13665
f 13665 13707 13630
f 13664 13706 13707
f 13662 13705 13706
f 13663 13705 13662
f 13663 13693 13705
f 13659 13663 13653
f 13659 13660 13663
f 13660 13693 13663
f 13669 13670 13667
f 13670 13668 13667
f 13666 13672 13671
f 13666 13667 13672
f 13667 13648 13672
f 13669 13667 13666
f 13670 13645 13668
f 13667 13668 13648
f 13642 13670 13669
f 13668 13673 13661
f 13645 13673 13668
f 13668 13661 13648
f 13673 13700 13661
f 13673 13681 13700
f 13691 13677 13675
f 13675 13677 13676
f 13965 13966 13679
f 13965 13679 13678
f 13966 13967 13680
f 13679 13680 13683
f 13966 13680 13679
f 13681 13684 13704
f 13686 13684 13681
f 13686 13682 13684
f 13682 13683 13685
f 13684 13685 13674
f 13684 13674 13704
f 13682 13685 13684
f 13678 13679 13682
f 13678 13682 13686
f 13679 13683 13682
f 13967 13968 13688
f 13967 13688 13680
f 13968 13689 13688
f 13680 13690 13683
f 13680 13688 13690
f 13688 13687 13690
f 13968 13554 13689
f 13688 13689 13687
f 13683 13690 13691
f 13683 13691 13685
f 13690 13692 13691
f 13685 13691 13675
f 13685 13675 13674
f 13691 13692 13677
f 13690 13687 13692
f 13693 13694 13705
f 13693 13698 13694
f 13709 13697 13627
f 13694 13696 13695
f 13694 13695 13708
f 13708 13695 13697
f 13708 13697 13709
f 13698 13699 13696
f 13698 13696 13694
f 13700 13702 13701
f 13700 13704 13702
f 13701 13702 13698
f 13701 13698 13693
f 13702 13703 13699
f 13704 13703 13702
f 13704 13674 13703
f 13702 13699 13698
f 13707 13709 13632
f 13705 13708 13706
f 13706 13709 13707
f 13706 13708 13709
f 13705 13694 13708
f 13703 13710 13699
f 13718 13715 13710
f 13696 13711 13712
f 13697 13713 13638
f 13696 13712 13695
f 13695 13713 13697
f 13695 13712 13713
f 13711 13716 13712
f 13712 13717 13713
f 13699 13711 13696
f 13699 13710 13711
f 13710 13714 13711
f 13710 13715 13714
f 13713 13717 13641
f 13711 13714 13716
f 13712 13716 13717
f 13674 13718 13703
f 13703 13718 13710
f 13675 13676 13718
f 13674 13675 13718
f 13718 13676 13715
f 13681 13704 13700
f 13518 13759 13550
f 13721 13760 13759
f 13721 13723 13760
f 13723 13763 13760
f 13723 13719 13763
f 13719 13764 13763
f 13720 13775 13764
f 13719 13720 13764
f 13720 13734 13775
f 13518 13721 13759
f 13521 13721 13518
f 13521 13722 13721
f 13722 13723 13721
f 13722 13724 13723
f 13522 13722 13521
f 13522 13725 13722
f 13609 13725 13522
f 13609 13791 13725
f 13725 13724 13722
f 13725 13726 13724
f 13791 13726 13725
f 13791 13727 13726
f 13724 13719 13723
f 13724 13728 13719
f 13726 13728 13724
f 13728 13720 13719
f 13728 13729 13720
f 13729 13739 13734
f 13729 13734 13720
f 13730 13729 13728
f 13730 13732 13729
f 13732 13739 13729
f 13732 13740 13739
f 13727 13730 13726
f 13726 13730 13728
f 13793 13731 13727
f 13727 13731 13730
f 13731 13732 13730
f 13731 13733 13732
f 13733 13740 13732
f 13733 13743 13740
f 13805 13733 13731
f 13805 13807 13733
f 13807 13743 13733
f 13807 13744 13743
f 13734 13774 13775
f 13734 13735 13774
f 13739 13735 13734
f 13735 13777 13774
f 13735 13736 13777
f 13741 13736 13735
f 13741 13747 13736
f 13736 13778 13777
f 13737 14720 13778
f 13737 14605 14720
f 13736 13737 13778
f 13747 13737 13736
f 13747 13738 13737
f 13738 14605 13737
f 13749 14606 13738
f 13738 14606 14605
f 13739 13741 13735
f 13740 13741 13739
f 13740 13742 13741
f 13742 13747 13741
f 13742 13748 13747
f 13745 13748 13742
f 13745 13751 13748
f 13743 13742 13740
f 13743 13745 13742
f 13744 13745 13743
f 13744 13746 13745
f 13746 13751 13745
f 13746 13752 13751
f 13828 13752 13746
f 13828 13753 13752
f 13748 13738 13747
f 13748 13749 13738
f 13751 13749 13748
f 13751 13750 13749
f 13749 14618 14606
f 13750 14618 13749
f 13750 14620 14618
f 13841 14627 14636
f 13752 13750 13751
f 13752 13754 13750
f 13753 13754 13752
f 13753 13755 13754
f 13754 14620 13750
f 13755 14633 13754
f 13754 14633 14620
f 13841 14636 13755
f 13755 14636 14633
f 13549 13756 13546
f 13549 13757 13756
f 13757 13324 13756
f 13757 13758 13324
f 13550 13757 13549
f 13550 13759 13757
f 13759 13758 13757
f 13759 13760 13758
f 13758 13329 13324
f 13758 13761 13329
f 13760 13761 13758
f 13761 13762 13330
f 13761 13330 13329
f 13762 13772 13345
f 13763 13762 13761
f 13763 13764 13762
f 13764 13772 13762
f 13764 13775 13772
f 13760 13763 13761
f 13554 13765 13871
f 13765 13766 13767
f 13765 13767 13871
f 13986 13781 13770
f 13771 13908 13875
f 13766 13768 13769
f 13766 13769 13767
f 13767 13769 13873
f 13770 13782 13771
f 13985 13770 13768
f 13768 13770 13771
f 13770 13781 13782
f 13768 13771 13769
f 13769 13771 13875
f 13771 13782 13908
f 13772 13773 13346
f 13775 13773 13772
f 13775 13774 13773
f 13774 13776 13773
f 13774 13777 13776
f 13777 13351 13776
f 13777 13778 13351
f 13778 14103 13351
f 13778 14720 14103
f 13788 14736 14869
f 14000 13779 13781
f 13779 13784 13789
f 14001 13784 13779
f 13782 13780 13908
f 13782 13783 13780
f 13783 13789 13786
f 13780 13786 13910
f 13783 13786 13780
f 13781 13783 13782
f 13781 13779 13783
f 13779 13789 13783
f 14002 13785 13784
f 14002 13999 13785
f 13784 13790 13789
f 13784 13785 13790
f 13999 14758 13785
f 13999 14914 14758
f 13785 14759 13790
f 13785 14758 14759
f 13789 13787 13786
f 13789 13790 13787
f 13786 13788 13910
f 13786 13787 13788
f 13787 14761 14736
f 13790 14761 13787
f 13790 14759 14761
f 13787 14736 13788
f 13610 13791 13609
f 13610 13792 13791
f 13615 13792 13610
f 13615 13801 13792
f 13792 13727 13791
f 13792 13793 13727
f 13801 13793 13792
f 13801 13794 13793
f 13612 13801 13615
f 13612 13795 13801
f 13613 13795 13612
f 13613 13796 13795
f 13635 13796 13613
f 13635 13797 13796
f 13795 13794 13801
f 13795 13798 13794
f 13796 13798 13795
f 13796 13799 13798
f 13797 13799 13796
f 13797 13800 13799
f 13819 13800 13797
f 13819 13802 13800
f 13798 13806 13794
f 13798 13803 13806
f 13803 13808 13806
f 13803 13804 13808
f 13804 13824 13827
f 13811 13824 13804
f 13811 13829 13824
f 13794 13805 13793
f 13793 13805 13731
f 13794 13806 13805
f 13806 13807 13805
f 13806 13808 13807
f 13808 13744 13807
f 13808 13827 13744
f 13804 13827 13808
f 13799 13803 13798
f 13800 13809 13799
f 13799 13809 13803
f 13802 13810 13800
f 13800 13810 13809
f 13809 13804 13803
f 13809 13811 13804
f 13810 13811 13809
f 13810 13812 13811
f 13812 13829 13811
f 13812 13830 13829
f 13816 13830 13812
f 13813 13812 13810
f 13822 13813 13802
f 13802 13813 13810
f 13822 13814 13813
f 13823 13815 13814
f 13816 13832 13830
f 13814 13816 13813
f 13813 13816 13812
f 13814 13817 13816
f 13815 13817 13814
f 13817 13832 13816
f 13817 13833 13832
f 13818 13833 13817
f 13815 13818 13817
f 13859 13818 13815
f 13818 13834 13833
f 13864 13834 13818
f 13639 13797 13635
f 13639 13819 13797
f 13640 13819 13639
f 13640 13820 13819
f 13641 13820 13640
f 13641 13821 13820
f 13717 13821 13641
f 13820 13802 13819
f 13820 13822 13802
f 13821 13822 13820
f 13821 13823 13822
f 13879 13823 13821
f 13823 13814 13822
f 13882 13815 13823
f 13824 13825 13828
f 13829 13825 13824
f 13829 13826 13825
f 13825 13838 13753
f 13826 13838 13825
f 13831 13839 13826
f 13826 13839 13838
f 13831 13840 13839
f 13827 13746 13744
f 13824 13828 13827
f 13827 13828 13746
f 13825 13753 13828
f 13830 13826 13829
f 13832 13831 13830
f 13830 13831 13826
f 13835 13840 13831
f 13833 13835 13832
f 13832 13835 13831
f 13833 13836 13835
f 13834 13836 13833
f 13889 13837 13834
f 13834 13837 13836
f 13836 13846 13835
f 13837 13847 13836
f 13835 13846 13840
f 13836 13847 13846
f 13892 13848 13837
f 13837 13848 13847
f 13839 13841 13838
f 13838 13841 13755
f 13839 13842 13841
f 13840 13842 13839
f 13846 13843 13840
f 13840 13843 13842
f 13842 14627 13841
f 13843 14831 13842
f 13842 14831 14627
f 13843 14832 14831
f 13838 13755 13753
f 13846 13844 13843
f 13844 14832 13843
f 13845 14838 13844
f 13849 14839 13845
f 13844 14838 14832
f 13845 14839 14838
f 13898 14841 13849
f 13849 14841 14839
f 13847 13844 13846
f 13848 13845 13847
f 13847 13845 13844
f 13906 13849 13848
f 13848 13849 13845
f 13880 13851 13850
f 13853 13851 13880
f 13692 13852 13677
f 13676 13853 13880
f 13677 13853 13676
f 13677 13852 13853
f 13872 13854 13852
f 13852 13854 13855
f 13853 13855 13851
f 13852 13855 13853
f 13856 13883 13894
f 13874 13876 13856
f 13874 13856 13866
f 13876 13907 13883
f 13876 13883 13856
f 13851 13857 13850
f 13850 13858 13881
f 13881 13859 13882
f 13882 13859 13815
f 13850 13857 13858
f 13881 13858 13859
f 13855 13860 13851
f 13851 13860 13857
f 13865 13861 13860
f 13861 13886 13888
f 13867 13886 13861
f 13858 13862 13864
f 13860 13863 13857
f 13857 13863 13862
f 13857 13862 13858
f 13859 13864 13818
f 13858 13864 13859
f 13863 13887 13862
f 13864 13889 13834
f 13862 13887 13889
f 13863 13888 13887
f 13861 13888 13863
f 13862 13889 13864
f 13860 13861 13863
f 13854 13865 13855
f 13855 13865 13860
f 13870 13866 13854
f 13854 13866 13865
f 13866 13867 13865
f 13866 13856 13867
f 13865 13867 13861
f 13867 13894 13886
f 13856 13894 13867
f 13687 13868 13872
f 13871 13869 13868
f 13868 13870 13872
f 13868 13869 13870
f 13689 13871 13868
f 13554 13871 13689
f 13689 13868 13687
f 13871 13767 13869
f 13687 13872 13692
f 13692 13872 13852
f 13872 13870 13854
f 13767 13873 13869
f 13869 13873 13874
f 13869 13874 13870
f 13870 13874 13866
f 13873 13876 13874
f 13875 13908 13907
f 13875 13907 13876
f 13769 13875 13873
f 13873 13875 13876
f 13717 13879 13821
f 13714 13878 13716
f 13716 13879 13717
f 13714 13877 13878
f 13716 13878 13879
f 13715 13880 13877
f 13676 13880 13715
f 13715 13877 13714
f 13879 13882 13823
f 13877 13881 13878
f 13878 13882 13879
f 13877 13850 13881
f 13878 13881 13882
f 13880 13850 13877
f 13884 13895 13893
f 13884 13901 13895
f 13907 13909 13885
f 13883 13884 13894
f 13883 13885 13884
f 13907 13885 13883
f 13909 13900 13885
f 13909 13910 13900
f 13885 13901 13884
f 13885 13900 13901
f 13886 13891 13888
f 13889 13892 13837
f 13887 13890 13892
f 13888 13891 13890
f 13894 13893 13886
f 13894 13884 13893
f 13886 13893 13891
f 13888 13890 13887
f 13887 13892 13889
f 13893 13905 13891
f 13891 13904 13890
f 13890 13906 13892
f 13891 13905 13904
f 13892 13906 13848
f 13890 13904 13906
f 13893 13895 13905
f 13895 13897 13905
f 13905 13897 13896
f 13901 13899 13895
f 13901 13902 13899
f 13895 13899 13897
f 13902 14867 14858
f 13897 14854 13896
f 13896 14855 13898
f 13899 14853 13897
f 13898 14855 14841
f 13897 14853 14854
f 13896 14854 14855
f 13902 14858 13899
f 13899 14858 14853
f 13900 13903 13902
f 13910 13903 13900
f 13910 13788 13903
f 13900 13902 13901
f 13903 14867 13902
f 13903 14869 14867
f 13788 14869 13903
f 13905 13896 13904
f 13904 13898 13906
f 13906 13898 13849
f 13904 13896 13898
f 13908 13909 13907
f 13908 13780 13909
f 13780 13910 13909
f 13395 13912 13911
f 13396 13913 13912
f 13911 13912 13915
f 13912 13917 13915
f 13912 13913 13917
f 13916 13915 13928
f 13916 13928 13927
f 13915 13914 13928
f 13915 13917 13914
f 13911 13915 13916
f 13913 13919 13917
f 13913 13918 13919
f 13918 13936 13933
f 13918 13933 13919
f 13917 13919 13920
f 13917 13920 13914
f 13919 13933 13937
f 13920 13937 13944
f 13919 13937 13920
f 13929 13930 13921
f 13929 13921 13922
f 13930 13923 13921
f 13922 13921 13961
f 13930 13931 13923
f 13921 13923 13958
f 13931 13924 13926
f 13924 13944 13952
f 13931 13926 13923
f 13923 13925 13958
f 13923 13926 13925
f 13926 13952 13949
f 13924 13952 13926
f 13926 13949 13925
f 13927 13928 13930
f 13927 13930 13929
f 13928 13931 13930
f 13928 13914 13931
f 13914 13924 13931
f 13914 13920 13924
f 13920 13944 13924
f 13939 13946 13945
f 13938 13953 13946
f 13942 13932 13953
f 13942 13943 13932
f 13936 13417 13934
f 13936 13934 13933
f 13417 13418 13935
f 13417 13935 13934
f 13934 13935 13938
f 13933 13939 13937
f 13933 13934 13939
f 13937 13939 13945
f 13934 13938 13939
f 13939 13938 13946
f 13418 13422 13940
f 13418 13940 13935
f 13422 13941 13940
f 13935 13940 13942
f 13940 13941 13943
f 13935 13942 13938
f 13940 13943 13942
f 13938 13942 13953
f 13944 13945 13947
f 13944 13947 13952
f 13945 13946 13948
f 13945 13948 13947
f 13952 13950 13949
f 13949 13950 13966
f 13947 13951 13950
f 13950 13951 13967
f 13950 13967 13966
f 13952 13947 13950
f 13947 13948 13951
f 13954 13955 13957
f 13953 13955 13954
f 13946 13953 13954
f 13946 13954 13948
f 13953 13932 13955
f 13948 13956 13951
f 13954 13957 13956
f 13951 13956 13968
f 13951 13968 13967
f 13956 13554 13968
f 13956 13957 13554
f 13948 13954 13956
f 13937 13945 13944
f 13960 13961 13963
f 13960 13963 13962
f 13961 13959 13963
f 13961 13958 13959
f 13922 13961 13960
f 13921 13958 13961
f 13962 13963 13643
f 13962 13643 13642
f 13963 13959 13644
f 13958 13925 13964
f 13959 13964 13646
f 13958 13964 13959
f 13925 13965 13964
f 13925 13949 13965
f 13964 13965 13678
f 13949 13966 13965
f 13943 13979 13970
f 13943 13970 13932
f 13979 13969 13971
f 13979 13971 13970
f 13970 13971 13980
f 13969 13972 13975
f 13483 13973 13972
f 13485 13987 13973
f 13972 13973 13976
f 13973 13987 13991
f 13976 13989 13974
f 13969 13975 13971
f 13971 13984 13980
f 13971 13975 13984
f 13973 13991 13976
f 13976 13991 13989
f 13972 13976 13975
f 13975 13976 13974
f 13975 13974 13984
f 13423 13977 13941
f 13941 13977 13979
f 13941 13979 13943
f 13977 13978 13969
f 13977 13969 13979
f 13978 13483 13972
f 13978 13972 13969
f 13483 13485 13973
f 13485 13501 13987
f 13955 13982 13983
f 13955 13983 13957
f 13982 13980 13981
f 13982 13981 13983
f 13932 13970 13982
f 13932 13982 13955
f 13970 13980 13982
f 13957 13983 13765
f 13957 13765 13554
f 13983 13981 13766
f 13983 13766 13765
f 13980 13984 13985
f 13981 13985 13768
f 13980 13985 13981
f 13974 14000 13986
f 13984 13974 13986
f 13984 13986 13985
f 13974 13989 14000
f 13985 13986 13770
f 13986 14000 13781
f 13981 13768 13766
f 13501 13988 13987
f 13987 13992 13991
f 13987 13988 13992
f 13502 13993 13988
f 13988 13994 13992
f 13988 13993 13994
f 13991 13990 13989
f 13989 13990 14001
f 13992 13997 13990
f 13990 13997 14002
f 13991 13992 13990
f 13992 13994 13997
f 13996 14911 14913
f 13993 13995 13996
f 13993 13996 13994
f 13995 14507 14911
f 13995 14911 13996
f 13994 13998 13997
f 13994 13996 13998
f 13997 13999 14002
f 13997 13998 13999
f 13998 14913 14914
f 13996 14913 13998
f 13998 14914 13999
f 13989 14001 14000
f 14000 14001 13779
f 13990 14002 14001
f 14001 14002 13784
f 14003 11261 11260
f 14003 14004 11261
f 14004 11262 11261
f 14005 11263 11262
f 14004 14005 11262
f 14005 14006 11263
f 14010 14006 14005
f 14007 14004 14003
f 14007 14008 14004
f 14008 14005 14004
f 14008 14010 14005
f 14010 14009 14006
f 14006 11268 11263
f 14006 14011 11268
f 14009 14011 14006
f 14011 11269 11268
f 14011 14012 11269
f 14013 14012 14011
f 14014 14015 14012
f 14009 14013 14011
f 14013 14014 14012
f 14012 14015 11290
f 14014 14017 14015
f 14017 14016 14015
f 14015 14016 11291
f 14018 14019 14016
f 14017 14018 14016
f 14018 14021 14019
f 14021 14020 14019
f 14022 14023 14020
f 14021 14022 14020
f 14022 14025 14023
f 14025 11300 14023
f 14025 14024 11300
f 14026 14008 14007
f 14027 14010 14008
f 14028 14009 14010
f 14029 14013 14009
f 14029 14037 14013
f 14039 14017 14014
f 14037 14014 14013
f 14037 14039 14014
f 14026 14027 14008
f 14030 14027 14026
f 14030 14031 14027
f 14027 14028 14010
f 14028 14029 14009
f 14031 14028 14027
f 14031 14033 14028
f 14033 14029 14028
f 14033 14034 14029
f 14080 14031 14030
f 14080 14032 14031
f 14032 14033 14031
f 14035 14034 14033
f 14032 14035 14033
f 14035 14036 14034
f 14034 14037 14029
f 14034 14038 14037
f 14038 14039 14037
f 14040 14043 14039
f 14038 14040 14039
f 14036 14038 14034
f 14036 14041 14038
f 14041 14040 14038
f 14041 14042 14040
f 14042 14050 14040
f 14089 14042 14041
f 14090 14052 14042
f 14043 14018 14017
f 14039 14043 14017
f 14044 14021 14018
f 14044 14045 14021
f 14043 14044 14018
f 14051 14045 14044
f 14048 14024 14025
f 14047 14140 14024
f 14045 14022 14021
f 14046 14025 14022
f 14045 14046 14022
f 14046 14048 14025
f 14054 14046 14045
f 14055 14048 14046
f 14048 14047 14024
f 14049 14199 14047
f 14056 14047 14048
f 14056 14049 14047
f 14058 14201 14049
f 14040 14050 14043
f 14050 14044 14043
f 14052 14051 14050
f 14050 14051 14044
f 14051 14054 14045
f 14053 14054 14051
f 14053 14059 14054
f 14042 14052 14050
f 14090 14112 14052
f 14112 14053 14052
f 14052 14053 14051
f 14114 14059 14053
f 14112 14114 14053
f 14114 14061 14059
f 14054 14055 14046
f 14055 14056 14048
f 14059 14055 14054
f 14060 14056 14055
f 14059 14060 14055
f 14060 14057 14056
f 14057 14049 14056
f 14057 14058 14049
f 14063 14221 14058
f 14061 14060 14059
f 14062 14057 14060
f 14062 14064 14057
f 14061 14062 14060
f 14118 14064 14062
f 14064 14058 14057
f 14064 14063 14058
f 14065 14223 14063
f 14120 14063 14064
f 14120 14065 14063
f 14612 14067 14066
f 14612 14654 14067
f 14654 14068 14067
f 14069 14073 14068
f 14654 14069 14068
f 14069 14074 14073
f 14077 14279 14071
f 14076 14071 14072
f 14076 14077 14071
f 14079 14313 14077
f 14074 14070 14073
f 14075 14072 14070
f 14074 14075 14070
f 14075 14076 14072
f 14662 14075 14074
f 14663 14076 14075
f 14662 14663 14075
f 14663 14667 14076
f 14078 14316 14079
f 14666 14321 14078
f 14667 14077 14076
f 14667 14079 14077
f 14081 14032 14080
f 14081 14082 14032
f 14082 14035 14032
f 14082 14083 14035
f 14083 14036 14035
f 14083 14084 14036
f 14087 14084 14083
f 14085 14082 14081
f 14085 14086 14082
f 14095 14086 14085
f 14086 14083 14082
f 14086 14087 14083
f 14087 14088 14084
f 14096 14087 14086
f 14096 14098 14087
f 14098 14088 14087
f 14098 14099 14088
f 14084 14041 14036
f 14084 14089 14041
f 14088 14089 14084
f 14089 14090 14042
f 14091 14090 14089
f 14091 14093 14090
f 14093 14112 14090
f 14088 14091 14089
f 14099 14091 14088
f 14099 14092 14091
f 14092 14093 14091
f 14094 14113 14093
f 14092 14094 14093
f 14108 14116 14094
f 14095 14096 14086
f 14102 14096 14095
f 14102 14097 14096
f 14097 14098 14096
f 14100 14099 14098
f 14097 14100 14098
f 14100 14101 14099
f 14103 14097 14102
f 14103 14104 14097
f 14720 14104 14103
f 14104 14100 14097
f 14104 14106 14100
f 14106 14101 14100
f 14106 14105 14101
f 14721 14106 14104
f 14722 14105 14106
f 14722 14723 14105
f 14101 14092 14099
f 14101 14107 14092
f 14105 14107 14101
f 14107 14094 14092
f 14107 14108 14094
f 14109 14111 14108
f 14109 14108 14107
f 14111 14130 14108
f 14105 14109 14107
f 14723 14109 14105
f 14723 14110 14109
f 14110 14111 14109
f 14066 14131 14111
f 14110 14066 14111
f 14113 14114 14112
f 14093 14113 14112
f 14115 14061 14114
f 14115 14119 14061
f 14113 14115 14114
f 14117 14119 14115
f 14094 14116 14113
f 14116 14115 14113
f 14130 14117 14116
f 14116 14117 14115
f 14117 14122 14119
f 14130 14132 14117
f 14132 14122 14117
f 14132 14124 14122
f 14119 14062 14061
f 14119 14118 14062
f 14118 14120 14064
f 14122 14118 14119
f 14123 14120 14118
f 14122 14123 14118
f 14123 14126 14120
f 14126 14065 14120
f 14121 14226 14065
f 14126 14121 14065
f 14127 14362 14121
f 14124 14123 14122
f 14125 14126 14123
f 14124 14125 14123
f 14125 14128 14126
f 14134 14128 14125
f 14128 14121 14126
f 14128 14127 14121
f 14129 14364 14127
f 14136 14127 14128
f 14136 14129 14127
f 14071 14367 14129
f 14108 14130 14116
f 14131 14132 14130
f 14111 14131 14130
f 14133 14124 14132
f 14133 14135 14124
f 14131 14133 14132
f 14068 14135 14133
f 14066 14067 14131
f 14067 14133 14131
f 14067 14068 14133
f 14068 14073 14135
f 14135 14125 14124
f 14135 14134 14125
f 14134 14136 14128
f 14073 14134 14135
f 14070 14136 14134
f 14070 14072 14136
f 14073 14070 14134
f 14072 14129 14136
f 14072 14071 14129
f 14550 14418 14137
f 14554 14555 14784
f 14555 14139 14787
f 14139 14137 14138
f 14137 14417 14138
f 14787 14138 14780
f 14138 14420 14780
f 14139 14138 14787
f 14142 14141 14219
f 14146 14141 14142
f 14146 14143 14141
f 14283 14144 14236
f 14283 14145 14144
f 14145 14146 14142
f 14145 14142 14144
f 14149 14147 14143
f 14149 14143 14146
f 14284 14149 14146
f 14284 14146 14145
f 14290 14150 14147
f 14290 14147 14149
f 14154 11810 11809
f 14168 14151 11810
f 14154 11809 14153
f 14168 11810 14154
f 14171 14155 14151
f 14163 11812 14157
f 14164 11813 14163
f 14166 11817 11816
f 14164 11818 11813
f 14165 11808 11818
f 14172 11819 11808
f 14173 11820 11819
f 14174 14158 11820
f 14175 14159 14158
f 14152 11815 14155
f 14176 11822 14161
f 14179 14162 14159
f 14178 14161 14160
f 14177 14160 14162
f 14255 11821 11822
f 14167 14156 11817
f 14165 11818 14164
f 14172 11808 14165
f 14166 11816 14152
f 14169 14157 14156
f 14173 11819 14172
f 14174 11820 14173
f 14175 14158 14174
f 14167 11817 14166
f 14179 14159 14175
f 14255 11822 14176
f 14176 14161 14178
f 14178 14160 14177
f 14177 14162 14179
f 14183 14165 14180
f 14181 14152 14155
f 14141 14154 14153
f 14171 14151 14168
f 14184 14166 14152
f 14185 14167 14166
f 14184 14152 14181
f 14141 14153 14219
f 14143 14168 14154
f 14181 14155 14171
f 14170 14163 14157
f 14182 14164 14163
f 14169 14156 14167
f 14170 14157 14169
f 14180 14165 14164
f 14182 14163 14170
f 14183 14172 14165
f 14186 14173 14172
f 14187 14174 14173
f 14180 14164 14182
f 14188 14175 14174
f 14189 14178 14177
f 14192 14176 14178
f 14191 14179 14175
f 14190 14177 14179
f 14194 14169 14167
f 14185 14166 14184
f 14195 14170 14169
f 14194 14167 14185
f 14147 14171 14168
f 14143 14154 14141
f 14147 14168 14143
f 14148 14184 14181
f 14196 14182 14170
f 14195 14169 14194
f 14193 14180 14182
f 14196 14170 14195
f 14197 14183 14180
f 14150 14181 14171
f 14150 14171 14147
f 14186 14172 14183
f 14187 14173 14186
f 14188 14174 14187
f 14191 14175 14188
f 14189 14177 14190
f 14190 14179 14191
f 14267 14176 14192
f 14192 14178 14189
f 14197 14180 14193
f 14289 14185 14184
f 14148 14181 14150
f 14356 14186 14183
f 14193 14182 14196
f 14357 14187 14186
f 14358 14188 14187
f 14356 14183 14197
f 14360 14189 14190
f 14361 14191 14188
f 14359 14190 14191
f 14272 14192 14189
f 14292 14194 14185
f 14289 14184 14148
f 14293 14195 14194
f 14292 14185 14289
f 14357 14186 14356
f 14358 14187 14357
f 14361 14188 14358
f 14360 14190 14359
f 14272 14189 14360
f 14359 14191 14361
f 14199 11723 14140
f 14199 14198 11723
f 14047 14199 14140
f 14201 14198 14199
f 14201 14202 14198
f 14202 11856 14198
f 14200 11860 11856
f 14202 14200 11856
f 14204 14206 14200
f 14049 14201 14199
f 14221 14202 14201
f 14221 14203 14202
f 14203 14200 14202
f 14203 14204 14200
f 14205 14208 14204
f 14222 14204 14203
f 14222 14205 14204
f 14225 14213 14205
f 14200 14206 11860
f 14208 11861 14206
f 14208 14207 11861
f 14204 14208 14206
f 14213 14207 14208
f 14213 14214 14207
f 14214 14209 14207
f 14211 11864 14209
f 14211 14210 11864
f 14214 14211 14209
f 14216 14210 14211
f 14216 14212 14210
f 14205 14213 14208
f 14230 14214 14213
f 14225 14230 14213
f 14230 14215 14214
f 14215 14216 14211
f 14215 14211 14214
f 14218 14212 14216
f 14218 14217 14212
f 14231 14216 14215
f 14231 14218 14216
f 14234 14219 14217
f 14234 14217 14218
f 14579 14578 14220
f 14058 14221 14201
f 14223 14203 14221
f 14223 14222 14203
f 14063 14223 14221
f 14226 14222 14223
f 14226 14224 14222
f 14224 14205 14222
f 14224 14225 14205
f 14227 14225 14224
f 14228 14230 14225
f 14065 14226 14223
f 14362 14224 14226
f 14362 14227 14224
f 14227 14228 14225
f 14229 14232 14228
f 14363 14229 14228
f 14363 14228 14227
f 14366 14235 14229
f 14232 14215 14230
f 14232 14231 14215
f 14235 14231 14232
f 14228 14232 14230
f 14235 14233 14231
f 14233 14234 14218
f 14233 14218 14231
f 14142 14219 14234
f 14144 14234 14233
f 14144 14142 14234
f 14229 14235 14232
f 14236 14233 14235
f 14236 14144 14233
f 14366 14236 14235
f 14579 14220 14237
f 14237 14220 14238
f 14240 14238 14239
f 14592 14237 14240
f 14237 14238 14240
f 14388 14243 14387
f 14242 14241 14243
f 14242 14243 14388
f 14594 14244 14246
f 14246 14245 14391
f 14246 14244 14245
f 14247 14239 14241
f 14240 14239 14247
f 14247 14241 14242
f 14244 14240 14247
f 14592 14240 14244
f 14244 14247 14245
f 14245 14247 14242
f 14245 14242 14390
f 14212 11911 14210
f 14217 14248 11912
f 14217 11912 14212
f 14219 14153 14248
f 14250 11915 14249
f 14249 11915 11821
f 14254 11914 14251
f 14251 11916 14250
f 14249 11821 14255
f 14252 11918 14253
f 14260 11918 14252
f 14256 14253 14254
f 14257 14254 14251
f 14252 14253 14256
f 14219 14248 14217
f 14266 14249 14255
f 14268 14250 14249
f 14258 14251 14250
f 14267 14255 14176
f 14268 14249 14266
f 14266 14255 14267
f 14258 14250 14268
f 14276 14252 14256
f 14269 14256 14257
f 14256 14254 14257
f 14257 14251 14258
f 14265 11931 14259
f 14263 14259 14260
f 14265 14259 14263
f 14259 11917 14260
f 14262 11930 11931
f 14261 11930 14262
f 14572 11935 14261
f 14262 11931 14265
f 14578 14261 14262
f 14572 14261 14578
f 14264 14260 14252
f 14263 14260 14264
f 14264 14252 14276
f 14220 14262 14265
f 14578 14262 14220
f 14238 14265 14263
f 14220 14265 14238
f 14275 14258 14268
f 14273 14267 14192
f 14274 14266 14267
f 14271 14268 14266
f 14275 14268 14271
f 14270 14257 14258
f 14276 14256 14269
f 14269 14257 14270
f 14270 14258 14275
f 14273 14192 14272
f 14274 14267 14273
f 14271 14266 14274
f 14387 14269 14270
f 14369 14275 14271
f 14368 14270 14275
f 14387 14270 14368
f 14239 14263 14264
f 14243 14276 14269
f 14241 14264 14276
f 14239 14264 14241
f 14238 14263 14239
f 14243 14269 14387
f 14241 14276 14243
f 14277 14236 14366
f 14278 14277 14366
f 14281 14283 14277
f 14279 14278 14365
f 14071 14279 14367
f 14313 14278 14279
f 14313 14280 14278
f 14280 14281 14277
f 14280 14277 14278
f 14282 14286 14281
f 14314 14282 14281
f 14314 14281 14280
f 14317 14297 14282
f 14277 14283 14236
f 14286 14145 14283
f 14286 14284 14145
f 14297 14284 14286
f 14281 14286 14283
f 14297 14287 14284
f 14288 14150 14290
f 14288 14148 14150
f 14291 14148 14288
f 14291 14289 14148
f 14287 14290 14149
f 14287 14149 14284
f 14285 14288 14290
f 14296 14288 14285
f 14296 14291 14288
f 14302 14292 14289
f 14302 14289 14291
f 14285 14290 14287
f 14341 14294 14295
f 14299 14285 14298
f 14298 14285 14287
f 14299 14296 14285
f 14282 14297 14286
f 14298 14287 14297
f 14317 14298 14297
f 14330 14296 14299
f 14318 14299 14298
f 14330 14300 14296
f 14300 14302 14291
f 14300 14291 14296
f 14303 14293 14292
f 14303 14292 14302
f 14305 14293 14303
f 14305 14304 14293
f 14295 14294 14304
f 14301 14303 14302
f 14301 14302 14300
f 14331 14305 14303
f 14331 14303 14301
f 14295 14304 14305
f 14341 14306 14294
f 14342 14307 14306
f 14342 14306 14341
f 14343 14308 14307
f 14344 14309 14308
f 14345 14310 14311
f 14347 14312 14309
f 14346 14311 14312
f 14077 14313 14279
f 14316 14280 14313
f 14316 14314 14280
f 14321 14315 14314
f 14079 14316 14313
f 14321 14314 14316
f 14315 14317 14282
f 14318 14298 14317
f 14319 14299 14318
f 14315 14282 14314
f 14322 14317 14315
f 14322 14318 14317
f 14323 14319 14318
f 14326 14330 14319
f 14873 14320 14327
f 14328 14348 14320
f 14324 14322 14315
f 14324 14315 14321
f 14078 14321 14316
f 14666 14324 14321
f 14875 14323 14322
f 14875 14322 14324
f 14876 14325 14323
f 14323 14318 14322
f 14325 14319 14323
f 14325 14326 14319
f 14327 14332 14326
f 14320 14333 14327
f 14877 14326 14325
f 14877 14327 14326
f 14873 14327 14877
f 14883 14349 14328
f 14884 14350 14883
f 14885 14351 14884
f 14898 14355 14885
f 14886 14352 14887
f 14887 14354 14898
f 14349 14329 14348
f 14348 14329 14331
f 14349 14334 14329
f 14329 14295 14305
f 14334 14341 14295
f 14334 14295 14329
f 14332 14300 14330
f 14319 14330 14299
f 14333 14301 14332
f 14332 14301 14300
f 14333 14331 14301
f 14326 14332 14330
f 14348 14331 14333
f 14327 14333 14332
f 14350 14335 14334
f 14329 14305 14331
f 14335 14342 14341
f 14335 14341 14334
f 14336 14343 14342
f 14337 14344 14343
f 14343 14307 14342
f 14344 14308 14343
f 14339 14345 14346
f 14340 14347 14344
f 14338 14346 14347
f 14347 14309 14344
f 14345 14311 14346
f 14346 14312 14347
f 14407 14310 14345
f 14336 14342 14335
f 14337 14343 14336
f 14340 14344 14337
f 14339 14346 14338
f 14338 14347 14340
f 14320 14348 14333
f 14328 14349 14348
f 14350 14334 14349
f 14351 14335 14350
f 14355 14336 14351
f 14351 14336 14335
f 14355 14337 14336
f 14353 14338 14352
f 14354 14337 14355
f 14352 14340 14354
f 14354 14340 14337
f 14353 14339 14338
f 14352 14338 14340
f 14883 14350 14349
f 14884 14351 14350
f 14885 14355 14351
f 14898 14354 14355
f 14886 14353 14352
f 14887 14352 14354
f 14306 14193 14294
f 14304 14196 14195
f 14293 14194 14292
f 14294 14193 14196
f 14304 14195 14293
f 14306 14197 14193
f 14307 14356 14197
f 14294 14196 14304
f 14308 14357 14356
f 14309 14358 14357
f 14312 14361 14358
f 14375 14272 14360
f 14310 14360 14359
f 14311 14359 14361
f 14307 14197 14306
f 14308 14356 14307
f 14309 14357 14308
f 14312 14358 14309
f 14375 14360 14310
f 14310 14359 14311
f 14311 14361 14312
f 14121 14362 14226
f 14364 14363 14227
f 14364 14227 14362
f 14127 14364 14362
f 14367 14363 14364
f 14367 14365 14363
f 14365 14229 14363
f 14365 14366 14229
f 14278 14366 14365
f 14129 14367 14364
f 14279 14365 14367
f 14379 14369 14370
f 14371 14368 14369
f 14389 14368 14371
f 14371 14369 14379
f 14380 14370 14373
f 14376 14373 14372
f 14380 14373 14376
f 14374 14372 14375
f 14407 14375 14310
f 14374 14375 14407
f 14403 14376 14374
f 14376 14372 14374
f 14422 14377 14378
f 14378 14379 14380
f 14379 14370 14380
f 14377 14371 14379
f 14377 14379 14378
f 14408 14380 14376
f 14378 14380 14408
f 14381 14392 14385
f 14598 14391 14381
f 14382 14395 14414
f 14601 14383 14384
f 14385 14394 14382
f 14383 14381 14385
f 14596 14381 14383
f 14384 14385 14382
f 14383 14385 14384
f 14392 14386 14394
f 14394 14386 14393
f 14389 14387 14368
f 14388 14387 14389
f 14390 14242 14388
f 14386 14388 14389
f 14390 14388 14386
f 14393 14389 14371
f 14386 14389 14393
f 14391 14390 14392
f 14391 14245 14390
f 14598 14246 14391
f 14392 14390 14386
f 14381 14391 14392
f 14395 14393 14377
f 14394 14393 14395
f 14395 14377 14422
f 14414 14395 14422
f 14382 14394 14395
f 14393 14371 14377
f 14385 14392 14394
f 14396 14410 14402
f 14415 14409 14396
f 14399 14412 14398
f 14398 14411 14397
f 14397 14353 14886
f 14899 14399 14398
f 14900 14401 14400
f 14402 14405 14399
f 14419 14396 14401
f 14401 14396 14402
f 14400 14402 14399
f 14400 14399 14899
f 14401 14402 14400
f 14411 14404 14339
f 14412 14406 14404
f 14405 14406 14412
f 14405 14403 14406
f 14406 14374 14407
f 14404 14407 14345
f 14406 14407 14404
f 14403 14374 14406
f 14408 14376 14403
f 14404 14345 14339
f 14409 14408 14410
f 14409 14378 14408
f 14410 14408 14403
f 14422 14378 14409
f 14415 14422 14409
f 14410 14403 14405
f 14402 14410 14405
f 14396 14409 14410
f 14411 14339 14353
f 14412 14404 14411
f 14398 14412 14411
f 14399 14405 14412
f 14397 14411 14353
f 14414 14422 14415
f 14416 14382 14414
f 14416 14414 14413
f 14413 14414 14415
f 14419 14415 14396
f 14413 14415 14419
f 14418 14384 14416
f 14601 14384 14418
f 14417 14416 14413
f 14418 14416 14417
f 14137 14418 14417
f 14384 14382 14416
f 14420 14413 14419
f 14417 14413 14420
f 14421 14419 14401
f 14420 14419 14421
f 14421 14401 14900
f 14780 14420 14421
f 14138 14417 14420
f 14372 14273 14272
f 14373 14274 14273
f 14370 14271 14274
f 14372 14272 14375
f 14373 14273 14372
f 14370 14274 14373
f 14368 14275 14369
f 14369 14271 14370
f 14423 14428 14433
f 14423 14424 14428
f 14424 14426 14429
f 14426 14425 14427
f 14424 14429 14428
f 14426 14427 14429
f 14425 14430 14431
f 14425 14431 14427
f 14430 11950 14432
f 11950 14454 14432
f 14430 14432 14431
f 14427 14431 14438
f 14431 14432 14439
f 14431 14439 14438
f 14432 14456 14439
f 14433 14428 14435
f 14433 14435 14434
f 14428 14429 14436
f 14429 14427 14437
f 14428 14436 14435
f 14429 14437 14436
f 14427 14438 14437
f 14437 14438 14448
f 14438 14439 14449
f 14439 14479 14449
f 14434 14441 14440
f 14434 14435 14441
f 14440 14441 14444
f 14435 14436 14442
f 14435 14442 14441
f 14436 14437 14443
f 14436 14443 14442
f 14442 14443 14447
f 14441 14442 14446
f 14440 14444 14445
f 14445 14444 14489
f 14441 14446 14444
f 14442 14447 14446
f 14444 14446 14491
f 14444 14491 14489
f 14446 14447 14492
f 14446 14492 14491
f 14437 14448 14443
f 14443 14448 14450
f 14443 14450 14447
f 14438 14449 14448
f 14448 14449 14452
f 14448 14452 14450
f 14449 14480 14452
f 14447 14450 14451
f 14447 14451 14492
f 14450 14452 14453
f 14452 14483 14453
f 14450 14453 14451
f 11950 11956 14454
f 11956 14455 14454
f 14432 14454 14456
f 11956 11957 14455
f 11957 14458 14455
f 14454 14455 14457
f 14455 14458 14463
f 14455 14463 14457
f 14454 14457 14456
f 14457 14463 14465
f 14456 14457 14481
f 14457 14465 14481
f 11966 14459 14458
f 11967 14460 14459
f 14458 14464 14463
f 14458 14459 14464
f 14459 14460 14467
f 14459 14467 14464
f 14460 14461 14462
f 14461 14557 14462
f 14460 14462 14467
f 14463 14464 14466
f 14464 14467 14469
f 14463 14466 14465
f 14464 14469 14466
f 14467 14462 14468
f 14467 14468 14469
f 14462 14558 14468
f 14469 14468 14472
f 14468 14564 14472
f 14439 14456 14479
f 14456 14481 14479
f 14465 14466 14470
f 14466 14469 14471
f 14466 14471 14470
f 14470 14471 14476
f 14470 14476 14474
f 14469 14472 14471
f 14471 14472 14473
f 14472 14581 14473
f 14471 14473 14476
f 14474 14476 14477
f 14486 14475 14526
f 14486 14474 14475
f 14474 14477 14475
f 14476 14473 14478
f 14473 14587 14478
f 14476 14478 14477
f 14477 14478 14529
f 14478 14589 14529
f 14449 14479 14480
f 14479 14482 14480
f 14479 14481 14482
f 14481 14465 14485
f 14481 14485 14482
f 14482 14485 14486
f 14452 14480 14483
f 14480 14484 14483
f 14453 14483 14538
f 14480 14482 14484
f 14482 14486 14484
f 14483 14484 14539
f 14484 14486 14526
f 14484 14526 14539
f 14465 14470 14485
f 14485 14470 14474
f 14485 14474 14486
f 14502 14487 14512
f 14503 14524 14487
f 14445 14489 14488
f 14488 14489 14490
f 14488 14490 14495
f 14491 14492 14494
f 14489 14491 14493
f 14491 14494 14493
f 14489 14493 14490
f 14495 14490 14497
f 14495 14497 14496
f 14490 14493 14498
f 14490 14498 14497
f 14493 14494 14499
f 14493 14499 14498
f 14497 14498 14520
f 14498 14499 14521
f 14492 14451 14500
f 14492 14500 14494
f 14494 14500 14502
f 14451 14453 14501
f 14451 14501 14500
f 14453 14538 14501
f 14500 14501 14503
f 14501 14523 14503
f 14494 14502 14499
f 14499 14502 14512
f 14500 14503 14502
f 14502 14503 14487
f 14518 14520 14509
f 14518 14509 14506
f 14520 14521 14504
f 14520 14504 14509
f 14519 14506 14505
f 14505 14506 14508
f 14505 14508 14507
f 14506 14509 14510
f 14509 14504 14511
f 14506 14510 14508
f 14509 14511 14510
f 14510 14511 14909
f 14521 14512 14513
f 14521 14513 14504
f 14512 14487 14514
f 14487 14541 14514
f 14513 14514 14517
f 14514 14545 14517
f 14512 14514 14513
f 14516 14515 14916
f 14517 14543 14515
f 14504 14513 14516
f 14504 14516 14511
f 14511 14516 14916
f 14513 14517 14516
f 14516 14517 14515
f 14496 14518 14519
f 14496 14497 14518
f 14519 14518 14506
f 14497 14520 14518
f 14498 14521 14520
f 14499 14512 14521
f 14539 14526 14527
f 14539 14527 14522
f 14503 14523 14524
f 14523 14525 14524
f 14523 14522 14525
f 14522 14527 14533
f 14522 14533 14525
f 14525 14533 14551
f 14525 14551 14542
f 14524 14525 14542
f 14526 14528 14527
f 14526 14475 14528
f 14475 14477 14531
f 14475 14531 14528
f 14527 14528 14532
f 14528 14531 14535
f 14529 14599 14530
f 14477 14529 14531
f 14531 14530 14535
f 14531 14529 14530
f 14537 14536 14549
f 14536 14600 14549
f 14532 14535 14537
f 14527 14532 14533
f 14528 14535 14532
f 14533 14534 14551
f 14533 14532 14534
f 14532 14537 14534
f 14535 14530 14536
f 14530 14597 14536
f 14535 14536 14537
f 14483 14539 14538
f 14501 14538 14523
f 14538 14522 14523
f 14538 14539 14522
f 14540 14546 14553
f 14487 14524 14541
f 14524 14542 14541
f 14514 14541 14545
f 14541 14540 14545
f 14542 14551 14546
f 14541 14542 14540
f 14542 14546 14540
f 14517 14545 14543
f 14545 14544 14543
f 14543 14920 14919
f 14515 14543 14919
f 14545 14540 14544
f 14540 14553 14544
f 14543 14544 14920
f 14544 14553 14554
f 14544 14554 14920
f 14551 14547 14546
f 14534 14548 14547
f 14547 14548 14556
f 14546 14547 14552
f 14547 14556 14552
f 14549 14601 14550
f 14537 14549 14548
f 14548 14549 14550
f 14556 14550 14137
f 14548 14550 14556
f 14551 14534 14547
f 14534 14537 14548
f 14552 14139 14555
f 14553 14552 14555
f 14552 14556 14139
f 14546 14552 14553
f 14553 14555 14554
f 14556 14137 14139
f 14557 11981 14559
f 14462 14557 14558
f 14557 14559 14558
f 14558 14559 14562
f 11981 14560 14559
f 14560 14566 14561
f 14559 14560 14561
f 14559 14561 14562
f 14558 14562 14564
f 14468 14558 14564
f 14564 14562 14563
f 14564 14563 14581
f 14562 14561 14565
f 14561 14573 14565
f 14562 14565 14563
f 14563 14565 14583
f 14565 14575 14583
f 14560 11990 14566
f 11990 14567 14566
f 14566 14567 14568
f 14566 14568 14573
f 14573 14568 14574
f 14570 11993 14569
f 14570 14569 14571
f 14567 14570 14568
f 14571 14569 14572
f 14568 14570 14571
f 14568 14571 14574
f 14561 14566 14573
f 14565 14573 14575
f 14573 14574 14575
f 14575 14576 14591
f 14583 14575 14591
f 14575 14574 14576
f 14571 14572 14577
f 14577 14572 14578
f 14574 14571 14577
f 14574 14577 14576
f 14576 14577 14579
f 14576 14579 14590
f 14577 14578 14579
f 14583 14591 14580
f 14580 14593 14585
f 14581 14563 14582
f 14472 14564 14581
f 14581 14582 14587
f 14587 14582 14588
f 14473 14581 14587
f 14563 14583 14582
f 14582 14583 14580
f 14582 14580 14588
f 14585 14594 14586
f 14588 14580 14585
f 14588 14585 14584
f 14586 14246 14598
f 14584 14585 14586
f 14584 14586 14595
f 14478 14587 14589
f 14587 14588 14589
f 14589 14588 14584
f 14589 14584 14599
f 14591 14590 14593
f 14591 14576 14590
f 14593 14592 14594
f 14593 14590 14592
f 14580 14591 14593
f 14590 14579 14237
f 14590 14237 14592
f 14585 14593 14594
f 14594 14592 14244
f 14586 14594 14246
f 14569 11935 14572
f 14599 14584 14595
f 14599 14595 14597
f 14597 14595 14596
f 14595 14586 14598
f 14596 14598 14381
f 14595 14598 14596
f 14529 14589 14599
f 14530 14599 14597
f 14600 14596 14383
f 14536 14597 14600
f 14597 14596 14600
f 14549 14600 14601
f 14600 14383 14601
f 14550 14601 14418
f 14605 14721 14720
f 14605 14602 14721
f 14603 14723 14722
f 14602 14722 14721
f 14602 14603 14722
f 14603 14604 14723
f 14606 14602 14605
f 14606 14607 14602
f 14618 14607 14606
f 14618 14619 14607
f 14607 14603 14602
f 14607 14608 14603
f 14608 14609 14604
f 14608 14604 14603
f 14619 14608 14607
f 14619 14622 14608
f 14622 14609 14608
f 14622 14610 14609
f 14604 14110 14723
f 14604 14611 14110
f 14609 14614 14611
f 14609 14611 14604
f 14611 14066 14110
f 14611 14612 14066
f 14613 14654 14612
f 14614 14612 14611
f 14614 14613 14612
f 14616 14655 14613
f 14610 14614 14609
f 14623 14615 14610
f 14610 14615 14614
f 14617 14658 14616
f 14615 14613 14614
f 14615 14616 14613
f 14639 14616 14615
f 14639 14617 14616
f 14642 14659 14617
f 14620 14619 14618
f 14620 14621 14619
f 14633 14621 14620
f 14633 14634 14621
f 14621 14622 14619
f 14621 14624 14622
f 14624 14623 14610
f 14624 14610 14622
f 14634 14624 14621
f 14634 14625 14624
f 14625 14626 14623
f 14625 14623 14624
f 14831 14628 14627
f 14833 14629 14628
f 14833 14630 14629
f 14630 14631 14629
f 14630 14632 14631
f 14636 14634 14633
f 14636 14635 14634
f 14627 14635 14636
f 14627 14628 14635
f 14635 14625 14634
f 14635 14637 14625
f 14637 14626 14625
f 14637 14638 14626
f 14629 14638 14637
f 14629 14631 14638
f 14628 14637 14635
f 14628 14629 14637
f 14623 14639 14615
f 14626 14640 14639
f 14626 14639 14623
f 14638 14640 14626
f 14638 14641 14640
f 14640 14642 14617
f 14640 14617 14639
f 14643 14686 14642
f 14641 14642 14640
f 14641 14643 14642
f 14644 14643 14641
f 14644 14647 14643
f 14647 14687 14643
f 14632 14644 14631
f 14632 14645 14644
f 14836 14645 14632
f 14836 14646 14645
f 14645 14647 14644
f 14645 14648 14647
f 14648 14683 14647
f 14649 14689 14648
f 14646 14648 14645
f 14646 14649 14648
f 14631 14641 14638
f 14631 14644 14641
f 14844 14650 14646
f 14650 14651 14649
f 14650 14649 14646
f 14849 14651 14650
f 14849 14652 14651
f 14850 14653 14652
f 14651 14690 14649
f 14652 14692 14651
f 14653 14693 14652
f 14748 14694 14653
f 14655 14069 14654
f 14613 14655 14654
f 14658 14656 14655
f 14655 14656 14069
f 14656 14662 14074
f 14656 14074 14069
f 14658 14657 14656
f 14657 14662 14656
f 14657 14664 14662
f 14659 14657 14658
f 14616 14658 14655
f 14617 14659 14658
f 14686 14660 14659
f 14659 14660 14657
f 14660 14664 14657
f 14660 14673 14664
f 14661 14673 14660
f 14686 14661 14660
f 14661 14676 14673
f 14688 14676 14661
f 14688 14677 14676
f 14664 14663 14662
f 14665 14667 14663
f 14664 14665 14663
f 14665 14668 14667
f 14673 14665 14664
f 14674 14668 14665
f 14673 14674 14665
f 14674 14669 14668
f 14669 14078 14668
f 14669 14666 14078
f 14670 14324 14666
f 14668 14079 14667
f 14668 14078 14079
f 14679 14670 14666
f 14679 14666 14669
f 14680 14875 14670
f 14671 14878 14681
f 14702 14681 14710
f 14702 14671 14681
f 14672 14888 14671
f 14676 14674 14673
f 14675 14679 14669
f 14675 14669 14674
f 14676 14675 14674
f 14677 14675 14676
f 14677 14678 14675
f 14678 14679 14675
f 14678 14682 14679
f 14705 14682 14678
f 14705 14710 14682
f 14682 14680 14670
f 14682 14670 14679
f 14681 14876 14680
f 14710 14680 14682
f 14710 14681 14680
f 14711 14889 14672
f 14712 14890 14711
f 14714 14891 14712
f 14689 14684 14683
f 14689 14685 14684
f 14685 14704 14684
f 14685 14699 14704
f 14691 14699 14685
f 14691 14700 14699
f 14642 14686 14659
f 14643 14687 14686
f 14687 14661 14686
f 14683 14688 14687
f 14647 14683 14687
f 14687 14688 14661
f 14684 14677 14688
f 14684 14704 14677
f 14683 14684 14688
f 14695 14706 14700
f 14648 14689 14683
f 14649 14690 14689
f 14690 14685 14689
f 14690 14691 14685
f 14651 14692 14690
f 14692 14691 14690
f 14693 14695 14692
f 14694 14696 14693
f 14652 14693 14692
f 14653 14694 14693
f 14804 14697 14694
f 14692 14695 14691
f 14693 14696 14695
f 14694 14697 14696
f 14695 14700 14691
f 14696 14706 14695
f 14696 14718 14706
f 14697 14719 14718
f 14697 14718 14696
f 14804 14808 14697
f 14808 14829 14719
f 14808 14719 14697
f 14699 14705 14704
f 14698 14710 14705
f 14698 14702 14710
f 14699 14698 14705
f 14701 14702 14698
f 14701 14703 14702
f 14700 14698 14699
f 14700 14701 14698
f 14703 14671 14702
f 14703 14672 14671
f 14704 14678 14677
f 14704 14705 14678
f 14706 14701 14700
f 14718 14707 14706
f 14707 14703 14701
f 14707 14715 14703
f 14706 14707 14701
f 14718 14708 14707
f 14708 14715 14707
f 14708 14716 14715
f 14719 14709 14708
f 14709 14716 14708
f 14709 14717 14716
f 14829 14815 14709
f 14815 14717 14709
f 14815 14823 14717
f 14715 14672 14703
f 14715 14711 14672
f 14716 14712 14711
f 14717 14714 14712
f 14823 14818 14714
f 14818 14893 14714
f 14716 14711 14715
f 14717 14712 14716
f 14823 14714 14717
f 14719 14708 14718
f 14829 14709 14719
f 14720 14721 14104
f 14721 14722 14106
f 14914 14724 14757
f 14724 14760 14757
f 14724 14727 14760
f 14727 14725 14726
f 14727 14726 14760
f 14918 14773 14731
f 14732 14775 14728
f 14725 14729 14730
f 14726 14730 14764
f 14725 14730 14726
f 14731 14778 14732
f 14729 14732 14730
f 14729 14731 14732
f 14730 14732 14728
f 14730 14728 14764
f 14870 14733 14864
f 14869 14735 14868
f 14736 14735 14869
f 14736 14734 14735
f 14737 14738 14740
f 14735 14870 14868
f 14735 14739 14870
f 14739 14740 14733
f 14739 14733 14870
f 14734 14739 14735
f 14734 14737 14739
f 14737 14740 14739
f 14751 14741 14752
f 14766 14797 14741
f 14741 14796 14752
f 14864 14744 14742
f 14733 14744 14864
f 14733 14743 14744
f 14745 14802 14749
f 14744 14749 14746
f 14742 14747 14871
f 14871 14748 14872
f 14742 14746 14747
f 14872 14748 14653
f 14871 14747 14748
f 14744 14746 14742
f 14746 14803 14747
f 14747 14804 14748
f 14749 14800 14746
f 14743 14749 14744
f 14743 14745 14749
f 14738 14751 14750
f 14738 14750 14740
f 14740 14743 14733
f 14740 14750 14743
f 14750 14745 14743
f 14750 14752 14745
f 14752 14801 14745
f 14751 14752 14750
f 14759 14753 14762
f 14753 14763 14762
f 14753 14756 14763
f 14756 14754 14755
f 14756 14755 14763
f 14758 14757 14753
f 14914 14757 14758
f 14758 14753 14759
f 14757 14756 14753
f 14757 14760 14756
f 14760 14726 14754
f 14760 14754 14756
f 14761 14734 14736
f 14761 14762 14734
f 14759 14762 14761
f 14762 14763 14737
f 14762 14737 14734
f 14763 14755 14738
f 14763 14738 14737
f 14754 14764 14765
f 14755 14765 14751
f 14754 14765 14755
f 14728 14830 14766
f 14764 14728 14766
f 14764 14766 14765
f 14765 14766 14741
f 14765 14741 14751
f 14726 14764 14754
f 14755 14751 14738
f 14781 14902 14770
f 14771 14905 14768
f 14767 14903 14817
f 14817 14892 14713
f 14713 14906 14818
f 14768 14904 14767
f 14791 14769 14826
f 14791 14792 14769
f 14792 14793 14772
f 14792 14772 14769
f 14769 14772 14827
f 14770 14901 14771
f 14793 14781 14770
f 14772 14770 14771
f 14827 14771 14768
f 14772 14771 14827
f 14793 14770 14772
f 14919 14774 14773
f 14920 14554 14783
f 14920 14783 14774
f 14774 14783 14785
f 14774 14785 14779
f 14773 14774 14779
f 14775 14776 14830
f 14728 14775 14830
f 14778 14777 14775
f 14779 14785 14789
f 14779 14789 14777
f 14777 14791 14776
f 14776 14791 14826
f 14775 14777 14776
f 14777 14789 14791
f 14773 14779 14778
f 14731 14773 14778
f 14732 14778 14775
f 14778 14779 14777
f 14785 14786 14790
f 14786 14788 14794
f 14786 14794 14790
f 14788 14780 14782
f 14780 14421 14782
f 14794 14782 14781
f 14782 14900 14781
f 14788 14782 14794
f 14784 14788 14786
f 14783 14784 14786
f 14784 14787 14788
f 14554 14784 14783
f 14555 14787 14784
f 14783 14786 14785
f 14787 14780 14788
f 14790 14794 14793
f 14789 14790 14792
f 14790 14793 14792
f 14785 14790 14789
f 14789 14792 14791
f 14794 14781 14793
f 14806 14811 14810
f 14795 14811 14806
f 14795 14816 14811
f 14830 14798 14797
f 14797 14799 14796
f 14796 14795 14801
f 14741 14797 14796
f 14798 14824 14799
f 14797 14798 14799
f 14798 14826 14824
f 14776 14826 14798
f 14796 14799 14795
f 14799 14816 14795
f 14799 14824 14816
f 14749 14802 14800
f 14800 14807 14803
f 14803 14808 14804
f 14802 14805 14800
f 14745 14801 14802
f 14801 14806 14802
f 14746 14800 14803
f 14748 14804 14694
f 14747 14803 14804
f 14802 14806 14805
f 14800 14805 14807
f 14803 14807 14808
f 14805 14828 14807
f 14807 14829 14808
f 14805 14810 14828
f 14807 14828 14829
f 14806 14810 14805
f 14801 14795 14806
f 14752 14796 14801
f 14824 14809 14816
f 14809 14819 14821
f 14825 14819 14809
f 14811 14814 14810
f 14810 14813 14828
f 14812 14820 14814
f 14811 14812 14814
f 14812 14821 14820
f 14810 14814 14813
f 14828 14813 14815
f 14814 14822 14813
f 14814 14820 14822
f 14813 14822 14823
f 14813 14823 14815
f 14816 14812 14811
f 14816 14809 14812
f 14809 14821 14812
f 14821 14767 14817
f 14821 14817 14820
f 14820 14817 14713
f 14822 14713 14818
f 14819 14768 14767
f 14827 14768 14819
f 14819 14767 14821
f 14820 14713 14822
f 14822 14818 14823
f 14826 14825 14824
f 14825 14827 14819
f 14769 14827 14825
f 14824 14825 14809
f 14826 14769 14825
f 14828 14815 14829
f 14766 14830 14797
f 14830 14776 14798
f 14832 14833 14831
f 14831 14833 14628
f 14832 14834 14833
f 14834 14630 14833
f 14834 14835 14630
f 14835 14632 14630
f 14835 14836 14632
f 14838 14834 14832
f 14838 14837 14834
f 14839 14837 14838
f 14841 14840 14839
f 14839 14840 14837
f 14855 14842 14841
f 14841 14842 14840
f 14837 14835 14834
f 14837 14843 14835
f 14840 14843 14837
f 14840 14847 14843
f 14843 14836 14835
f 14843 14844 14836
f 14847 14845 14844
f 14847 14844 14843
f 14848 14845 14847
f 14848 14846 14845
f 14866 14846 14848
f 14842 14847 14840
f 14842 14848 14847
f 14857 14848 14842
f 14844 14646 14836
f 14845 14650 14844
f 14845 14849 14650
f 14846 14850 14849
f 14846 14849 14845
f 14862 14850 14846
f 14850 14652 14849
f 14872 14653 14850
f 14858 14852 14851
f 14867 14852 14858
f 14867 14868 14852
f 14853 14856 14854
f 14854 14857 14855
f 14858 14851 14853
f 14853 14851 14856
f 14855 14857 14842
f 14854 14856 14857
f 14851 14859 14865
f 14852 14863 14859
f 14852 14859 14851
f 14863 14864 14861
f 14859 14861 14860
f 14866 14862 14846
f 14859 14860 14865
f 14865 14862 14866
f 14865 14860 14862
f 14863 14861 14859
f 14868 14863 14852
f 14868 14870 14863
f 14870 14864 14863
f 14857 14866 14848
f 14851 14865 14856
f 14856 14866 14857
f 14856 14865 14866
f 14869 14868 14867
f 14861 14871 14860
f 14861 14742 14871
f 14862 14872 14850
f 14860 14871 14872
f 14864 14742 14861
f 14860 14872 14862
f 14888 14873 14877
f 14888 14877 14878
f 14889 14874 14873
f 14889 14873 14888
f 14874 14320 14873
f 14874 14328 14320
f 14670 14875 14324
f 14876 14323 14875
f 14878 14877 14325
f 14878 14325 14876
f 14680 14876 14875
f 14681 14878 14876
f 14890 14879 14874
f 14891 14880 14879
f 14903 14895 14882
f 14879 14883 14328
f 14879 14328 14874
f 14880 14883 14879
f 14880 14884 14883
f 14881 14885 14884
f 14897 14898 14885
f 14895 14886 14887
f 14882 14887 14898
f 14881 14884 14880
f 14897 14885 14881
f 14895 14887 14882
f 14882 14898 14897
f 14671 14888 14878
f 14672 14889 14888
f 14890 14874 14889
f 14891 14879 14890
f 14893 14881 14880
f 14893 14880 14891
f 14903 14882 14892
f 14906 14897 14881
f 14892 14882 14897
f 14906 14881 14893
f 14711 14890 14889
f 14712 14891 14890
f 14714 14893 14891
f 14818 14906 14893
f 14901 14899 14894
f 14904 14896 14895
f 14905 14896 14904
f 14905 14894 14896
f 14901 14894 14905
f 14896 14397 14886
f 14896 14886 14895
f 14894 14397 14896
f 14894 14398 14397
f 14899 14398 14894
f 14902 14400 14899
f 14900 14400 14902
f 14770 14902 14901
f 14902 14899 14901
f 14781 14900 14902
f 14904 14895 14903
f 14892 14897 14906
f 14768 14905 14904
f 14817 14903 14892
f 14713 14892 14906
f 14767 14904 14903
f 14771 14901 14905
f 14782 14421 14900
f 14911 14912 14913
f 14911 14907 14912
f 14907 14908 14915
f 14907 14915 14912
f 14908 14909 14910
f 14908 14910 14915
f 14507 14907 14911
f 14507 14508 14907
f 14508 14510 14908
f 14508 14908 14907
f 14510 14909 14908
f 14913 14912 14724
f 14913 14724 14914
f 14912 14915 14727
f 14912 14727 14724
f 14915 14910 14725
f 14915 14725 14727
f 14511 14916 14909
f 14909 14916 14917
f 14910 14917 14729
f 14909 14917 14910
f 14916 14918 14917
f 14515 14919 14918
f 14916 14515 14918
f 14917 14918 14731
f 14917 14731 14729
f 14910 14729 14725
f 14918 14919 14773
f 14919 14920 14774
f 14923 14922 14921
f 14923 14924 14922
f 14927 14924 14923
f 14927 14928 14924
f 14925 14928 14927
f 14925 14926 14928
